unique_id,ds,y
ID100_timevae_0,1978-03-31,1954.6042
ID100_timevae_0,1978-06-30,2197.0295
ID100_timevae_0,1978-09-30,1117.8857
ID100_timevae_0,1978-12-31,1778.3582
ID100_timevae_0,1979-03-31,1450.121
ID100_timevae_0,1979-06-30,1667.5574
ID100_timevae_0,1979-09-30,2263.7136
ID100_timevae_0,1979-12-31,2933.7825
ID100_timevae_0,1980-03-31,2785.7498
ID100_timevae_0,1980-06-30,1688.8025
ID100_timevae_0,1980-09-30,1694.0968
ID100_timevae_0,1980-12-31,2974.8997
ID100_timevae_0,1981-03-31,2147.6929
ID100_timevae_0,1981-06-30,1539.2632
ID106_timevae_0,1978-12-31,-13148.814
ID106_timevae_0,1979-03-31,-7400.971
ID106_timevae_0,1979-06-30,-9654.397
ID106_timevae_0,1979-09-30,-12665.606
ID106_timevae_0,1979-12-31,-14492.275
ID106_timevae_0,1980-03-31,-8940.838
ID106_timevae_0,1980-06-30,-9222.581
ID106_timevae_0,1980-09-30,-9991.706
ID106_timevae_0,1980-12-31,-11399.955
ID106_timevae_0,1981-03-31,-7270.7017
ID106_timevae_0,1981-06-30,-11880.226
ID106_timevae_0,1981-09-30,-10829.587
ID11_timevae_0,1977-12-31,-120.847755
ID11_timevae_0,1978-03-31,807.4752
ID11_timevae_0,1978-06-30,-473.5154
ID11_timevae_0,1978-09-30,-251.59656
ID11_timevae_0,1978-12-31,-791.9332
ID11_timevae_0,1979-03-31,106.559265
ID11_timevae_0,1979-06-30,578.99603
ID11_timevae_0,1979-09-30,1146.6
ID11_timevae_0,1979-12-31,889.2643
ID11_timevae_0,1980-03-31,385.7006
ID11_timevae_0,1980-06-30,-319.78452
ID11_timevae_0,1980-09-30,1032.0371
ID11_timevae_0,1980-12-31,-347.8529
ID11_timevae_0,1981-03-31,539.0378
ID11_timevae_0,1981-06-30,468.84375
ID11_timevae_0,1981-09-30,248.02551
ID113_timevae_0,1977-12-31,957.9443
ID113_timevae_0,1978-03-31,1648.8353
ID113_timevae_0,1978-06-30,208.51657
ID113_timevae_0,1978-09-30,509.05347
ID113_timevae_0,1978-12-31,385.52167
ID113_timevae_0,1979-03-31,1019.4201
ID113_timevae_0,1979-06-30,1307.7716
ID113_timevae_0,1979-09-30,1773.5078
ID113_timevae_0,1979-12-31,1894.801
ID113_timevae_0,1980-03-31,1180.1885
ID113_timevae_0,1980-06-30,578.7717
ID113_timevae_0,1980-09-30,1754.6644
ID113_timevae_0,1980-12-31,963.3857
ID113_timevae_0,1981-03-31,1177.3684
ID113_timevae_0,1981-06-30,1471.0339
ID113_timevae_0,1981-09-30,1138.4396
ID113_timevae_0,1981-12-31,2049.0823
ID113_timevae_0,1982-03-31,1790.4203
ID113_timevae_0,1982-06-30,2760.5923
ID113_timevae_0,1982-09-30,1853.6277
ID113_timevae_0,1982-12-31,850.46625
ID113_timevae_0,1983-03-31,952.31177
ID113_timevae_0,1983-06-30,1922.6973
ID113_timevae_0,1983-09-30,2931.0535
ID113_timevae_0,1983-12-31,2472.7043
ID113_timevae_0,1984-03-31,3174.9072
ID113_timevae_0,1984-06-30,1124.3119
ID113_timevae_0,1984-09-30,1237.396
ID13_timevae_0,1978-06-30,27895.342
ID13_timevae_0,1978-09-30,21489.38
ID13_timevae_0,1978-12-31,23120.207
ID13_timevae_0,1979-03-31,24099.244
ID13_timevae_0,1979-06-30,29839.463
ID13_timevae_0,1979-09-30,24363.168
ID13_timevae_0,1979-12-31,25386.553
ID13_timevae_0,1980-03-31,21928.773
ID13_timevae_0,1980-06-30,23580.264
ID13_timevae_0,1980-09-30,22263.15
ID13_timevae_0,1980-12-31,26345.828
ID13_timevae_0,1981-03-31,27533.55
ID13_timevae_0,1981-06-30,31613.951
ID13_timevae_0,1981-09-30,19652.555
ID13_timevae_0,1981-12-31,30629.467
ID13_timevae_0,1982-03-31,31353.898
ID13_timevae_0,1982-06-30,32755.121
ID13_timevae_0,1982-09-30,25885.932
ID13_timevae_0,1982-12-31,27746.412
ID13_timevae_0,1983-03-31,30147.793
ID13_timevae_0,1983-06-30,22848.783
ID13_timevae_0,1983-09-30,26901.834
ID13_timevae_0,1983-12-31,21809.781
ID13_timevae_0,1984-03-31,29595.35
ID13_timevae_0,1984-06-30,31818.08
ID13_timevae_0,1984-09-30,24394.652
ID13_timevae_0,1984-12-31,17942.703
ID13_timevae_0,1985-03-31,13422.21
ID13_timevae_0,1985-06-30,18410.812
ID14_timevae_0,1978-06-30,78680.07
ID14_timevae_0,1978-09-30,85742.445
ID14_timevae_0,1978-12-31,94289.016
ID14_timevae_0,1979-03-31,101906.45
ID14_timevae_0,1979-06-30,94130.18
ID14_timevae_0,1979-09-30,111443.336
ID14_timevae_0,1979-12-31,110601.14
ID14_timevae_0,1980-03-31,87992.09
ID14_timevae_0,1980-06-30,95940.33
ID14_timevae_0,1980-09-30,121352.31
ID14_timevae_0,1980-12-31,129993.625
ID14_timevae_0,1981-03-31,123465.32
ID14_timevae_0,1981-06-30,112531.0
ID14_timevae_0,1981-09-30,113330.8
ID14_timevae_0,1981-12-31,128481.39
ID14_timevae_0,1982-03-31,128017.51
ID14_timevae_0,1982-06-30,128665.3
ID14_timevae_0,1982-09-30,141889.27
ID14_timevae_0,1982-12-31,121210.22
ID14_timevae_0,1983-03-31,135530.83
ID14_timevae_0,1983-06-30,100036.125
ID14_timevae_0,1983-09-30,135490.75
ID14_timevae_0,1983-12-31,122235.12
ID14_timevae_0,1984-03-31,124802.65
ID14_timevae_0,1984-06-30,125815.79
ID14_timevae_0,1984-09-30,113108.51
ID14_timevae_0,1984-12-31,80733.64
ID14_timevae_0,1985-03-31,81131.266
ID14_timevae_0,1985-06-30,65876.15
ID14_timevae_0,1985-09-30,66288.086
ID15_timevae_0,1978-06-30,19130.094
ID15_timevae_0,1978-09-30,16092.495
ID15_timevae_0,1978-12-31,13870.428
ID15_timevae_0,1979-03-31,15465.385
ID15_timevae_0,1979-06-30,20433.55
ID15_timevae_0,1979-09-30,16916.365
ID15_timevae_0,1979-12-31,14778.809
ID15_timevae_0,1980-03-31,14865.988
ID15_timevae_0,1980-06-30,16740.2
ID15_timevae_0,1980-09-30,14744.455
ID15_timevae_0,1980-12-31,15817.6045
ID15_timevae_0,1981-03-31,16770.299
ID15_timevae_0,1981-06-30,21701.24
ID15_timevae_0,1981-09-30,13263.333
ID15_timevae_0,1981-12-31,18889.7
ID15_timevae_0,1982-03-31,19682.162
ID15_timevae_0,1982-06-30,22345.828
ID15_timevae_0,1982-09-30,17046.316
ID15_timevae_0,1982-12-31,17937.955
ID15_timevae_0,1983-03-31,19362.377
ID15_timevae_0,1983-06-30,15938.396
ID15_timevae_0,1983-09-30,18661.975
ID15_timevae_0,1983-12-31,13813.905
ID15_timevae_0,1984-03-31,19012.854
ID15_timevae_0,1984-06-30,22878.836
ID15_timevae_0,1984-09-30,18518.605
ID15_timevae_0,1984-12-31,12111.542
ID15_timevae_0,1985-03-31,8535.408
ID15_timevae_0,1985-06-30,14020.626
ID15_timevae_0,1985-09-30,12099.251
ID16_timevae_0,1978-06-30,402230.7
ID16_timevae_0,1978-09-30,420667.72
ID16_timevae_0,1978-12-31,431888.03
ID16_timevae_0,1979-03-31,432530.75
ID16_timevae_0,1979-06-30,442044.53
ID16_timevae_0,1979-09-30,459798.9
ID16_timevae_0,1979-12-31,457662.3
ID16_timevae_0,1980-03-31,463614.4
ID16_timevae_0,1980-06-30,477313.4
ID16_timevae_0,1980-09-30,491456.8
ID16_timevae_0,1980-12-31,500369.72
ID16_timevae_0,1981-03-31,493282.16
ID16_timevae_0,1981-06-30,489763.3
ID16_timevae_0,1981-09-30,482790.84
ID16_timevae_0,1981-12-31,490042.84
ID16_timevae_0,1982-03-31,498094.6
ID16_timevae_0,1982-06-30,509690.97
ID16_timevae_0,1982-09-30,518163.12
ID16_timevae_0,1982-12-31,529084.2
ID16_timevae_0,1983-03-31,548082.6
ID16_timevae_0,1983-06-30,543178.06
ID16_timevae_0,1983-09-30,540218.3
ID16_timevae_0,1983-12-31,579295.6
ID16_timevae_0,1984-03-31,567485.06
ID16_timevae_0,1984-06-30,581560.7
ID16_timevae_0,1984-09-30,589716.3
ID16_timevae_0,1984-12-31,552503.2
ID16_timevae_0,1985-03-31,472171.44
ID16_timevae_0,1985-06-30,443142.4
ID16_timevae_0,1985-09-30,172093.44
ID17_timevae_0,1978-06-30,78580.266
ID17_timevae_0,1978-09-30,82869.79
ID17_timevae_0,1978-12-31,90457.46
ID17_timevae_0,1979-03-31,99106.72
ID17_timevae_0,1979-06-30,93105.914
ID17_timevae_0,1979-09-30,106695.05
ID17_timevae_0,1979-12-31,107348.01
ID17_timevae_0,1980-03-31,84619.12
ID17_timevae_0,1980-06-30,93205.85
ID17_timevae_0,1980-09-30,117107.914
ID17_timevae_0,1980-12-31,124400.62
ID17_timevae_0,1981-03-31,119654.74
ID17_timevae_0,1981-06-30,109625.55
ID17_timevae_0,1981-09-30,108860.94
ID17_timevae_0,1981-12-31,124828.9
ID17_timevae_0,1982-03-31,125314.4
ID17_timevae_0,1982-06-30,126244.86
ID17_timevae_0,1982-09-30,137151.39
ID17_timevae_0,1982-12-31,114963.99
ID17_timevae_0,1983-03-31,131089.88
ID17_timevae_0,1983-06-30,95856.4
ID17_timevae_0,1983-09-30,130172.12
ID17_timevae_0,1983-12-31,114050.66
ID17_timevae_0,1984-03-31,120321.69
ID17_timevae_0,1984-06-30,119625.945
ID17_timevae_0,1984-09-30,107089.92
ID17_timevae_0,1984-12-31,73743.805
ID17_timevae_0,1985-03-31,75759.484
ID17_timevae_0,1985-06-30,61775.582
ID17_timevae_0,1985-09-30,64310.74
ID20_timevae_0,1973-12-31,71542.305
ID20_timevae_0,1974-03-31,55769.14
ID20_timevae_0,1974-06-30,74376.16
ID20_timevae_0,1974-09-30,79568.79
ID20_timevae_0,1974-12-31,76951.5
ID20_timevae_0,1975-03-31,65804.16
ID20_timevae_0,1975-06-30,94943.484
ID20_timevae_0,1975-09-30,63287.03
ID20_timevae_0,1975-12-31,66710.14
ID20_timevae_0,1976-03-31,78644.31
ID20_timevae_0,1976-06-30,93157.0
ID20_timevae_0,1976-09-30,89774.5
ID20_timevae_0,1976-12-31,78723.945
ID20_timevae_0,1977-03-31,68940.91
ID20_timevae_0,1977-06-30,108554.984
ID20_timevae_0,1977-09-30,102681.83
ID20_timevae_0,1977-12-31,101466.04
ID20_timevae_0,1978-03-31,92288.24
ID20_timevae_0,1978-06-30,80870.27
ID20_timevae_0,1978-09-30,99653.195
ID26_timevae_0,1977-12-31,5501.1313
ID26_timevae_0,1978-03-31,4719.7324
ID26_timevae_0,1978-06-30,3871.8022
ID26_timevae_0,1978-09-30,5133.974
ID26_timevae_0,1978-12-31,5265.727
ID26_timevae_0,1979-03-31,4591.467
ID26_timevae_0,1979-06-30,5063.662
ID26_timevae_0,1979-09-30,5825.5815
ID26_timevae_0,1979-12-31,5877.093
ID26_timevae_0,1980-03-31,4115.5864
ID26_timevae_0,1980-06-30,5144.297
ID26_timevae_0,1980-09-30,6195.135
ID26_timevae_0,1980-12-31,6356.035
ID26_timevae_0,1981-03-31,3537.3523
ID26_timevae_0,1981-06-30,6527.1313
ID26_timevae_0,1981-09-30,6324.18
ID26_timevae_0,1981-12-31,7358.0728
ID26_timevae_0,1982-03-31,4913.6655
ID26_timevae_0,1982-06-30,7333.4126
ID26_timevae_0,1982-09-30,7104.0576
ID26_timevae_0,1982-12-31,4702.977
ID26_timevae_0,1983-03-31,5257.9478
ID26_timevae_0,1983-06-30,5484.595
ID26_timevae_0,1983-09-30,7774.8975
ID27_timevae_0,1977-12-31,938.57983
ID27_timevae_0,1978-03-31,1569.1724
ID27_timevae_0,1978-06-30,253.18295
ID27_timevae_0,1978-09-30,647.3426
ID27_timevae_0,1978-12-31,355.87286
ID27_timevae_0,1979-03-31,943.7067
ID27_timevae_0,1979-06-30,1349.4927
ID27_timevae_0,1979-09-30,1919.0552
ID27_timevae_0,1979-12-31,1872.4885
ID27_timevae_0,1980-03-31,1105.1311
ID27_timevae_0,1980-06-30,609.84576
ID27_timevae_0,1980-09-30,1889.8984
ID27_timevae_0,1980-12-31,927.91455
ID27_timevae_0,1981-03-31,1106.0792
ID28_timevae_0,1977-12-31,60094.32
ID28_timevae_0,1978-03-31,46868.426
ID28_timevae_0,1978-06-30,57455.547
ID28_timevae_0,1978-09-30,56650.863
ID28_timevae_0,1978-12-31,65040.133
ID28_timevae_0,1979-03-31,56211.062
ID28_timevae_0,1979-06-30,73042.22
ID28_timevae_0,1979-09-30,43091.07
ID28_timevae_0,1979-12-31,52968.836
ID28_timevae_0,1980-03-31,64750.133
ID28_timevae_0,1980-06-30,69356.54
ID28_timevae_0,1980-09-30,67089.5
ID28_timevae_0,1980-12-31,66384.81
ID28_timevae_0,1981-03-31,54699.96
ID28_timevae_0,1981-06-30,83019.97
ID28_timevae_0,1981-09-30,76330.34
ID28_timevae_0,1981-12-31,82649.16
ID28_timevae_0,1982-03-31,74128.984
ID28_timevae_0,1982-06-30,62731.664
ID28_timevae_0,1982-09-30,71760.63
ID28_timevae_0,1982-12-31,46145.414
ID28_timevae_0,1983-03-31,69238.91
ID28_timevae_0,1983-06-30,47319.05
ID28_timevae_0,1983-09-30,65784.29
ID28_timevae_0,1983-12-31,56769.957
ID28_timevae_0,1984-03-31,47828.914
ID29_timevae_0,1977-12-31,-9875.242
ID29_timevae_0,1978-03-31,-5633.111
ID29_timevae_0,1978-06-30,-7753.3193
ID29_timevae_0,1978-09-30,-9689.099
ID29_timevae_0,1978-12-31,-11318.241
ID29_timevae_0,1979-03-31,-6770.2954
ID29_timevae_0,1979-06-30,-7154.9663
ID29_timevae_0,1979-09-30,-7295.053
ID29_timevae_0,1979-12-31,-8339.386
ID29_timevae_0,1980-03-31,-5638.153
ID29_timevae_0,1980-06-30,-9250.333
ID29_timevae_0,1980-09-30,-7995.974
ID29_timevae_0,1980-12-31,-11938.466
ID29_timevae_0,1981-03-31,-3982.1096
ID29_timevae_0,1981-06-30,-9333.992
ID29_timevae_0,1981-09-30,-10202.031
ID29_timevae_0,1981-12-31,-10720.846
ID29_timevae_0,1982-03-31,-5250.748
ID29_timevae_0,1982-06-30,-7481.386
ID29_timevae_0,1982-09-30,-9654.934
ID29_timevae_0,1982-12-31,-8617.819
ID29_timevae_0,1983-03-31,-8986.062
ID29_timevae_0,1983-06-30,-5673.3394
ID29_timevae_0,1983-09-30,-7691.2095
ID29_timevae_0,1983-12-31,-9798.041
ID29_timevae_0,1984-03-31,-4508.0493
ID31_timevae_0,1977-12-31,-1208.5111
ID31_timevae_0,1978-03-31,165.51263
ID31_timevae_0,1978-06-30,-1534.6366
ID31_timevae_0,1978-09-30,-1513.256
ID31_timevae_0,1978-12-31,-1960.6714
ID31_timevae_0,1979-03-31,-614.085
ID31_timevae_0,1979-06-30,-530.71216
ID31_timevae_0,1979-09-30,7.4327993
ID31_timevae_0,1979-12-31,-117.224
ID31_timevae_0,1980-03-31,-209.61191
ID31_timevae_0,1980-06-30,-1565.6382
ID31_timevae_0,1980-09-30,-173.36346
ID31_timevae_0,1980-12-31,-1648.5427
ID31_timevae_0,1981-03-31,111.2301
ID31_timevae_0,1981-06-30,-899.3963
ID31_timevae_0,1981-09-30,-1137.304
ID31_timevae_0,1981-12-31,-533.86554
ID31_timevae_0,1982-03-31,350.16376
ID31_timevae_0,1982-06-30,528.5386
ID31_timevae_0,1982-09-30,-470.53482
ID31_timevae_0,1982-12-31,-1000.71045
ID31_timevae_0,1983-03-31,-1143.4094
ID31_timevae_0,1983-06-30,260.27527
ID31_timevae_0,1983-09-30,797.1346
ID32_timevae_0,1977-12-31,74336.21
ID32_timevae_0,1978-03-31,65063.125
ID32_timevae_0,1978-06-30,68193.11
ID32_timevae_0,1978-09-30,74916.15
ID32_timevae_0,1978-12-31,82678.79
ID32_timevae_0,1979-03-31,77191.266
ID32_timevae_0,1979-06-30,88580.29
ID32_timevae_0,1979-09-30,57334.133
ID32_timevae_0,1979-12-31,73277.336
ID32_timevae_0,1980-03-31,90344.02
ID32_timevae_0,1980-06-30,90379.89
ID32_timevae_0,1980-09-30,87781.766
ID32_timevae_0,1980-12-31,86855.086
ID32_timevae_0,1981-03-31,80232.19
ID32_timevae_0,1981-06-30,102980.62
ID32_timevae_0,1981-09-30,99670.21
ID32_timevae_0,1981-12-31,107995.44
ID32_timevae_0,1982-03-31,106089.63
ID32_timevae_0,1982-06-30,77890.44
ID32_timevae_0,1982-09-30,97273.54
ID32_timevae_0,1982-12-31,66660.93
ID32_timevae_0,1983-03-31,97425.4
ID32_timevae_0,1983-06-30,65095.312
ID32_timevae_0,1983-09-30,84311.21
ID32_timevae_0,1983-12-31,78011.14
ID32_timevae_0,1984-03-31,69398.85
ID33_timevae_0,1978-06-30,5369.0405
ID33_timevae_0,1978-09-30,4644.046
ID33_timevae_0,1978-12-31,3766.5652
ID33_timevae_0,1979-03-31,4948.325
ID33_timevae_0,1979-06-30,5123.029
ID33_timevae_0,1979-09-30,4503.8164
ID33_timevae_0,1979-12-31,4960.778
ID33_timevae_0,1980-03-31,5650.862
ID33_timevae_0,1980-06-30,5768.909
ID33_timevae_0,1980-09-30,4044.6787
ID33_timevae_0,1980-12-31,5034.651
ID33_timevae_0,1981-03-31,6011.1963
ID33_timevae_0,1981-06-30,6212.183
ID33_timevae_0,1981-09-30,3473.92
ID33_timevae_0,1981-12-31,6402.7397
ID33_timevae_0,1982-03-31,6116.552
ID33_timevae_0,1982-06-30,7213.4375
ID33_timevae_0,1982-09-30,4833.9893
ID33_timevae_0,1982-12-31,7221.6353
ID33_timevae_0,1983-03-31,6902.4204
ID33_timevae_0,1983-06-30,4592.3804
ID33_timevae_0,1983-09-30,5163.202
ID33_timevae_0,1983-12-31,5392.377
ID33_timevae_0,1984-03-31,7588.2266
ID33_timevae_0,1984-06-30,7627.0083
ID33_timevae_0,1984-09-30,6520.202
ID33_timevae_0,1984-12-31,4130.774
ID33_timevae_0,1985-03-31,3933.8066
ID33_timevae_0,1985-06-30,3374.8884
ID34_timevae_0,1978-06-30,6312.457
ID34_timevae_0,1978-09-30,5343.093
ID34_timevae_0,1978-12-31,4785.3135
ID34_timevae_0,1979-03-31,5939.1226
ID34_timevae_0,1979-06-30,6174.2783
ID34_timevae_0,1979-09-30,5295.2104
ID34_timevae_0,1979-12-31,5973.6616
ID34_timevae_0,1980-03-31,6550.087
ID34_timevae_0,1980-06-30,6496.836
ID34_timevae_0,1980-09-30,4675.7705
ID34_timevae_0,1980-12-31,6122.1875
ID34_timevae_0,1981-03-31,7008.489
ID34_timevae_0,1981-06-30,7282.5835
ID34_timevae_0,1981-09-30,4042.6821
ID34_timevae_0,1981-12-31,7618.2617
ID34_timevae_0,1982-03-31,7324.785
ID34_timevae_0,1982-06-30,8268.084
ID34_timevae_0,1982-09-30,5556.3633
ID34_timevae_0,1982-12-31,8312.413
ID34_timevae_0,1983-03-31,8037.7314
ID34_timevae_0,1983-06-30,5356.1953
ID34_timevae_0,1983-09-30,6010.1216
ID34_timevae_0,1983-12-31,6321.3223
ID34_timevae_0,1984-03-31,8608.485
ID34_timevae_0,1984-06-30,8690.796
ID34_timevae_0,1984-09-30,7243.7837
ID34_timevae_0,1984-12-31,4999.7085
ID34_timevae_0,1985-03-31,4456.924
ID34_timevae_0,1985-06-30,4080.8499
ID4_timevae_0,1978-06-30,486986.0
ID4_timevae_0,1978-09-30,511161.8
ID4_timevae_0,1978-12-31,531092.44
ID4_timevae_0,1979-03-31,526060.8
ID4_timevae_0,1979-06-30,528942.44
ID4_timevae_0,1979-09-30,542650.1
ID4_timevae_0,1979-12-31,553358.1
ID4_timevae_0,1980-03-31,569022.2
ID4_timevae_0,1980-06-30,575775.44
ID4_timevae_0,1980-09-30,583621.75
ID4_timevae_0,1980-12-31,607853.0
ID4_timevae_0,1981-03-31,590364.25
ID4_timevae_0,1981-06-30,575796.06
ID4_timevae_0,1981-09-30,574025.0
ID4_timevae_0,1981-12-31,596425.9
ID4_timevae_0,1982-03-31,605781.3
ID4_timevae_0,1982-06-30,611751.75
ID4_timevae_0,1982-09-30,610532.8
ID4_timevae_0,1982-12-31,653290.8
ID4_timevae_0,1983-03-31,649199.0
ID4_timevae_0,1983-06-30,653589.3
ID4_timevae_0,1983-09-30,642292.94
ID4_timevae_0,1983-12-31,704131.7
ID4_timevae_0,1984-03-31,690666.06
ID4_timevae_0,1984-06-30,689750.1
ID4_timevae_0,1984-09-30,713552.1
ID4_timevae_0,1984-12-31,684977.6
ID4_timevae_0,1985-03-31,566037.5
ID4_timevae_0,1985-06-30,547051.94
ID47_timevae_0,1964-12-31,-3394.6875
ID47_timevae_0,1965-03-31,-1362.3247
ID47_timevae_0,1965-06-30,-3015.7622
ID47_timevae_0,1965-09-30,-3551.9895
ID47_timevae_0,1965-12-31,-4327.0737
ID47_timevae_0,1966-03-31,-2231.426
ID47_timevae_0,1966-06-30,-2133.0273
ID47_timevae_0,1966-09-30,-1812.8438
ID47_timevae_0,1966-12-31,-2191.7258
ID47_timevae_0,1967-03-31,-1624.3123
ID47_timevae_0,1967-06-30,-3411.8818
ID47_timevae_0,1967-09-30,-2107.1294
ID47_timevae_0,1967-12-31,-4250.179
ID47_timevae_0,1968-03-31,-966.3949
ID47_timevae_0,1968-06-30,-2964.722
ID47_timevae_0,1968-09-30,-3409.3435
ID47_timevae_0,1968-12-31,-3124.8477
ID47_timevae_0,1969-03-31,-1103.687
ID47_timevae_0,1969-06-30,-1407.5786
ID47_timevae_0,1969-09-30,-2794.325
ID47_timevae_0,1969-12-31,-2898.4004
ID47_timevae_0,1970-03-31,-3213.5327
ID47_timevae_0,1970-06-30,-1145.7347
ID47_timevae_0,1970-09-30,-1314.8264
ID47_timevae_0,1970-12-31,-2494.5115
ID47_timevae_0,1971-03-31,-50.85504
ID47_timevae_0,1971-06-30,-1564.4935
ID47_timevae_0,1971-09-30,-1353.0376
ID48_timevae_0,1964-12-31,3635.2163
ID48_timevae_0,1965-03-31,3359.7021
ID48_timevae_0,1965-06-30,2525.0703
ID48_timevae_0,1965-09-30,3414.0544
ID48_timevae_0,1965-12-31,3250.8435
ID48_timevae_0,1966-03-31,3038.2854
ID48_timevae_0,1966-06-30,3715.4392
ID48_timevae_0,1966-09-30,4334.077
ID48_timevae_0,1966-12-31,4272.492
ID48_timevae_0,1967-03-31,2812.8193
ID48_timevae_0,1967-06-30,3512.6455
ID48_timevae_0,1967-09-30,4524.4824
ID48_timevae_0,1967-12-31,4180.7144
ID48_timevae_0,1968-03-31,2425.7642
ID48_timevae_0,1968-06-30,4694.369
ID48_timevae_0,1968-09-30,4357.7363
ID48_timevae_0,1968-12-31,5216.413
ID48_timevae_0,1969-03-31,3505.7205
ID48_timevae_0,1969-06-30,5709.469
ID48_timevae_0,1969-09-30,5151.293
ID48_timevae_0,1969-12-31,3113.2036
ID48_timevae_0,1970-03-31,3473.518
ID48_timevae_0,1970-06-30,4217.1914
ID48_timevae_0,1970-09-30,5976.4683
ID48_timevae_0,1970-12-31,5626.824
ID48_timevae_0,1971-03-31,5120.2075
ID48_timevae_0,1971-06-30,3113.6875
ID48_timevae_0,1971-09-30,3080.884
ID49_timevae_0,1964-12-31,-10133.511
ID49_timevae_0,1965-03-31,-5758.0557
ID49_timevae_0,1965-06-30,-8073.7676
ID49_timevae_0,1965-09-30,-10014.471
ID49_timevae_0,1965-12-31,-11591.902
ID49_timevae_0,1966-03-31,-6911.3286
ID49_timevae_0,1966-06-30,-7489.7793
ID49_timevae_0,1966-09-30,-7596.7646
ID49_timevae_0,1966-12-31,-8577.774
ID49_timevae_0,1967-03-31,-5753.603
ID49_timevae_0,1967-06-30,-9621.243
ID49_timevae_0,1967-09-30,-8310.516
ID49_timevae_0,1967-12-31,-12241.881
ID49_timevae_0,1968-03-31,-4053.514
ID49_timevae_0,1968-06-30,-9727.239
ID49_timevae_0,1968-09-30,-10560.143
ID49_timevae_0,1968-12-31,-11022.179
ID49_timevae_0,1969-03-31,-5369.7324
ID49_timevae_0,1969-06-30,-7864.7637
ID49_timevae_0,1969-09-30,-10018.0
ID49_timevae_0,1969-12-31,-8835.912
ID49_timevae_0,1970-03-31,-9180.5205
ID49_timevae_0,1970-06-30,-5982.4077
ID49_timevae_0,1970-09-30,-8029.5977
ID49_timevae_0,1970-12-31,-10093.779
ID49_timevae_0,1971-03-31,-4642.041
ID49_timevae_0,1971-06-30,-5839.1016
ID49_timevae_0,1971-09-30,-5815.069
ID84_timevae_0,1971-12-31,4198.6304
ID84_timevae_0,1972-03-31,3787.7136
ID84_timevae_0,1972-06-30,2759.0208
ID84_timevae_0,1972-09-30,3820.9924
ID84_timevae_0,1972-12-31,3849.9507
ID84_timevae_0,1973-03-31,3516.533
ID84_timevae_0,1973-06-30,3949.868
ID84_timevae_0,1973-09-30,4667.8477
ID84_timevae_0,1973-12-31,4790.7
ID84_timevae_0,1974-03-31,3233.5205
ID84_timevae_0,1974-06-30,3842.3127
ID84_timevae_0,1974-09-30,4915.0303
ID84_timevae_0,1974-12-31,4843.748
ID84_timevae_0,1975-03-31,2784.4976
ID84_timevae_0,1975-06-30,5072.3594
ID84_timevae_0,1975-09-30,4805.7524
ID84_timevae_0,1975-12-31,5865.418
ID84_timevae_0,1976-03-31,3946.4673
ID84_timevae_0,1976-06-30,6036.5747
ID84_timevae_0,1976-09-30,5610.0684
ID84_timevae_0,1976-12-31,3614.76
ID84_timevae_0,1977-03-31,4031.1792
ID84_timevae_0,1977-06-30,4439.413
ID84_timevae_0,1977-09-30,6411.068
ID84_timevae_0,1977-12-31,6269.3774
ID84_timevae_0,1978-03-31,5589.136
ID84_timevae_0,1978-06-30,3290.662
ID84_timevae_0,1978-09-30,3316.61
ID88_timevae_0,1964-12-31,-3623.149
ID88_timevae_0,1965-03-31,-1500.3949
ID88_timevae_0,1965-06-30,-3001.358
ID88_timevae_0,1965-09-30,-3736.139
ID88_timevae_0,1965-12-31,-4559.2114
ID88_timevae_0,1966-03-31,-2369.2202
ID88_timevae_0,1966-06-30,-2115.026
ID88_timevae_0,1966-09-30,-1985.5544
ID88_timevae_0,1966-12-31,-2417.2751
ID88_timevae_0,1967-03-31,-1758.7479
ID88_timevae_0,1967-06-30,-3392.2551
ID88_timevae_0,1967-09-30,-2295.7976
ID88_timevae_0,1967-12-31,-4489.897
ID88_timevae_0,1968-03-31,-1090.376
ID88_timevae_0,1968-06-30,-2955.7136
ID88_timevae_0,1968-09-30,-3596.404
ID88_timevae_0,1968-12-31,-3361.7544
ID88_timevae_0,1969-03-31,-1238.2664
ID88_timevae_0,1969-06-30,-1401.345
ID88_timevae_0,1969-09-30,-2980.7378
ID88_timevae_0,1969-12-31,-3113.7861
ID88_timevae_0,1970-03-31,-3360.708
ID88_timevae_0,1970-06-30,-1110.8918
ID88_timevae_0,1970-09-30,-1504.1278
ID88_timevae_0,1970-12-31,-2717.4102
ID88_timevae_0,1971-03-31,-189.56297
ID88_timevae_0,1971-06-30,-1535.6593
ID88_timevae_0,1971-09-30,-1520.0596
ID0_timevae_0,1975-12-31,-442.19305
ID0_timevae_0,1976-03-31,47.464233
ID0_timevae_0,1976-06-30,357.21848
ID0_timevae_0,1976-09-30,503.39105
ID0_timevae_0,1976-12-31,-350.96255
ID0_timevae_0,1977-03-31,727.28625
ID0_timevae_0,1977-06-30,667.84204
ID0_timevae_0,1977-09-30,401.72205
ID0_timevae_0,1977-12-31,-358.85388
ID0_timevae_0,1978-03-31,55.90315
ID0_timevae_0,1978-06-30,858.6516
ID0_timevae_0,1978-09-30,-31.086172
ID0_timevae_0,1978-12-31,369.7434
ID0_timevae_0,1979-03-31,-648.07367
ID0_timevae_0,1979-06-30,48.62281
ID0_timevae_0,1979-09-30,81.450775
ID0_timevae_0,1979-12-31,186.49997
ID0_timevae_0,1980-03-31,794.045
ID0_timevae_0,1980-06-30,1023.7254
ID0_timevae_0,1980-09-30,534.0412
ID0_timevae_0,1980-12-31,687.6385
ID0_timevae_0,1981-03-31,851.5921
ID0_timevae_0,1981-06-30,1135.099
ID0_timevae_0,1981-09-30,1308.5223
ID0_timevae_0,1981-12-31,1178.778
ID0_timevae_0,1982-03-31,467.82498
ID0_timevae_0,1982-06-30,1460.4268
ID0_timevae_0,1982-09-30,168.84332
ID0_timevae_0,1982-12-31,-71.15661
ID0_timevae_0,1983-03-31,1145.007
ID0_timevae_0,1983-06-30,655.3498
ID0_timevae_0,1983-09-30,399.8889
ID0_timevae_0,1983-12-31,844.38245
ID0_timevae_0,1984-03-31,-949.3209
ID0_timevae_0,1984-06-30,130.89703
ID0_timevae_0,1984-09-30,133.94522
ID103_timevae_0,1971-12-31,-4965.241
ID103_timevae_0,1972-03-31,-1451.0901
ID103_timevae_0,1972-06-30,-1788.4661
ID103_timevae_0,1972-09-30,-1265.0696
ID103_timevae_0,1972-12-31,-4350.2046
ID103_timevae_0,1973-03-31,-894.4398
ID103_timevae_0,1973-06-30,-2153.986
ID103_timevae_0,1973-09-30,-1353.9329
ID103_timevae_0,1973-12-31,-4060.546
ID103_timevae_0,1974-03-31,-2226.7253
ID103_timevae_0,1974-06-30,-1976.9717
ID103_timevae_0,1974-09-30,-2609.949
ID103_timevae_0,1974-12-31,-3511.3706
ID103_timevae_0,1975-03-31,-3085.87
ID103_timevae_0,1975-06-30,-2809.0388
ID103_timevae_0,1975-09-30,-1666.54
ID103_timevae_0,1975-12-31,-3088.721
ID103_timevae_0,1976-03-31,-982.7663
ID103_timevae_0,1976-06-30,-752.3896
ID103_timevae_0,1976-09-30,-1157.3984
ID103_timevae_0,1976-12-31,-3348.5566
ID103_timevae_0,1977-03-31,-482.69797
ID103_timevae_0,1977-06-30,-1161.0079
ID103_timevae_0,1977-09-30,-652.89856
ID103_timevae_0,1977-12-31,-1445.6993
ID103_timevae_0,1978-03-31,-974.3003
ID103_timevae_0,1978-06-30,-844.2677
ID103_timevae_0,1978-09-30,-1828.935
ID103_timevae_0,1978-12-31,-4680.475
ID103_timevae_0,1979-03-31,-838.9044
ID103_timevae_0,1979-06-30,-1562.4506
ID103_timevae_0,1979-09-30,-1101.1084
ID108_timevae_0,1977-12-31,-1231.0935
ID108_timevae_0,1978-03-31,-689.95764
ID108_timevae_0,1978-06-30,-0.9789281
ID108_timevae_0,1978-09-30,478.00897
ID108_timevae_0,1978-12-31,-1095.706
ID108_timevae_0,1979-03-31,233.43935
ID108_timevae_0,1979-06-30,275.88272
ID108_timevae_0,1979-09-30,233.83597
ID108_timevae_0,1979-12-31,-751.8611
ID108_timevae_0,1980-03-31,-661.6271
ID108_timevae_0,1980-06-30,456.00745
ID108_timevae_0,1980-09-30,-319.64722
ID108_timevae_0,1980-12-31,-220.21634
ID108_timevae_0,1981-03-31,-1333.3716
ID108_timevae_0,1981-06-30,-363.0815
ID108_timevae_0,1981-09-30,-107.30674
ID108_timevae_0,1981-12-31,-195.96626
ID108_timevae_0,1982-03-31,163.37703
ID108_timevae_0,1982-06-30,946.5521
ID108_timevae_0,1982-09-30,415.27997
ID108_timevae_0,1982-12-31,185.20258
ID108_timevae_0,1983-03-31,396.024
ID108_timevae_0,1983-06-30,708.50507
ID108_timevae_0,1983-09-30,924.0965
ID108_timevae_0,1983-12-31,904.0629
ID108_timevae_0,1984-03-31,-74.012665
ID108_timevae_0,1984-06-30,1294.6547
ID108_timevae_0,1984-09-30,174.24202
ID108_timevae_0,1984-12-31,-629.21954
ID108_timevae_0,1985-03-31,693.5542
ID108_timevae_0,1985-06-30,483.05865
ID108_timevae_0,1985-09-30,733.444
ID108_timevae_0,1985-12-31,695.5625
ID108_timevae_0,1986-03-31,-1077.5787
ID108_timevae_0,1986-06-30,-41.18035
ID108_timevae_0,1986-09-30,325.00357
ID109_timevae_0,1977-12-31,3028.9736
ID109_timevae_0,1978-03-31,303.25568
ID109_timevae_0,1978-06-30,2488.7488
ID109_timevae_0,1978-09-30,3252.9302
ID109_timevae_0,1978-12-31,2970.2
ID109_timevae_0,1979-03-31,1367.8398
ID109_timevae_0,1979-06-30,2841.8982
ID109_timevae_0,1979-09-30,3908.2915
ID109_timevae_0,1979-12-31,3129.561
ID109_timevae_0,1980-03-31,893.77
ID109_timevae_0,1980-06-30,3573.6177
ID109_timevae_0,1980-09-30,3212.6792
ID109_timevae_0,1980-12-31,3053.7393
ID109_timevae_0,1981-03-31,1555.9456
ID109_timevae_0,1981-06-30,3398.3748
ID109_timevae_0,1981-09-30,3395.5737
ID109_timevae_0,1981-12-31,4205.7295
ID109_timevae_0,1982-03-31,2055.7417
ID109_timevae_0,1982-06-30,4011.825
ID109_timevae_0,1982-09-30,3222.542
ID109_timevae_0,1982-12-31,3101.0754
ID109_timevae_0,1983-03-31,2301.41
ID109_timevae_0,1983-06-30,3598.9226
ID109_timevae_0,1983-09-30,3088.3442
ID109_timevae_0,1983-12-31,3655.7654
ID109_timevae_0,1984-03-31,1747.9983
ID109_timevae_0,1984-06-30,3648.1482
ID109_timevae_0,1984-09-30,3950.6924
ID109_timevae_0,1984-12-31,3993.6091
ID109_timevae_0,1985-03-31,2613.2578
ID109_timevae_0,1985-06-30,3411.6238
ID109_timevae_0,1985-09-30,3641.991
ID109_timevae_0,1985-12-31,3566.842
ID109_timevae_0,1986-03-31,-176.36163
ID109_timevae_0,1986-06-30,2833.3071
ID109_timevae_0,1986-09-30,2636.2102
ID110_timevae_0,1978-03-31,-2469.0457
ID110_timevae_0,1978-06-30,-695.7441
ID110_timevae_0,1978-09-30,-573.6387
ID110_timevae_0,1978-12-31,-262.3873
ID110_timevae_0,1979-03-31,-2197.1157
ID110_timevae_0,1979-06-30,-93.86052
ID110_timevae_0,1979-09-30,-559.47876
ID110_timevae_0,1979-12-31,-437.37286
ID110_timevae_0,1980-03-31,-1757.8239
ID110_timevae_0,1980-06-30,-1047.2816
ID110_timevae_0,1980-09-30,-371.11548
ID110_timevae_0,1980-12-31,-1207.4736
ID110_timevae_0,1981-03-31,-1196.6193
ID110_timevae_0,1981-06-30,-1693.4813
ID110_timevae_0,1981-09-30,-1135.8004
ID110_timevae_0,1981-12-31,-665.2872
ID110_timevae_0,1982-03-31,-1216.2615
ID110_timevae_0,1982-06-30,-71.52283
ID110_timevae_0,1982-09-30,385.0129
ID110_timevae_0,1982-12-31,-101.06598
ID110_timevae_0,1983-03-31,-828.7648
ID110_timevae_0,1983-06-30,128.87016
ID110_timevae_0,1983-09-30,98.138725
ID110_timevae_0,1983-12-31,343.44684
ID110_timevae_0,1984-03-31,165.50414
ID110_timevae_0,1984-06-30,-291.157
ID110_timevae_0,1984-09-30,581.5888
ID110_timevae_0,1984-12-31,-593.0074
ID110_timevae_0,1985-03-31,-1795.8567
ID110_timevae_0,1985-06-30,324.58575
ID110_timevae_0,1985-09-30,-219.87514
ID110_timevae_0,1985-12-31,-22.147795
ID110_timevae_0,1986-03-31,-476.86392
ID110_timevae_0,1986-06-30,-1193.0217
ID111_timevae_0,1978-03-31,3801.0234
ID111_timevae_0,1978-06-30,2843.0867
ID111_timevae_0,1978-09-30,3181.0825
ID111_timevae_0,1978-12-31,2703.8696
ID111_timevae_0,1979-03-31,3886.876
ID111_timevae_0,1979-06-30,2311.8088
ID111_timevae_0,1979-09-30,2940.3564
ID111_timevae_0,1979-12-31,4107.3813
ID111_timevae_0,1980-03-31,3635.2344
ID111_timevae_0,1980-06-30,2520.219
ID111_timevae_0,1980-09-30,3984.9429
ID111_timevae_0,1980-12-31,3080.3806
ID111_timevae_0,1981-03-31,3623.3464
ID111_timevae_0,1981-06-30,3948.3318
ID111_timevae_0,1981-09-30,4415.604
ID111_timevae_0,1981-12-31,4144.872
ID111_timevae_0,1982-03-31,4693.398
ID111_timevae_0,1982-06-30,4014.3992
ID111_timevae_0,1982-09-30,4567.9062
ID111_timevae_0,1982-12-31,3806.3032
ID111_timevae_0,1983-03-31,3486.6694
ID111_timevae_0,1983-06-30,3689.6843
ID111_timevae_0,1983-09-30,4642.149
ID111_timevae_0,1983-12-31,3302.3289
ID111_timevae_0,1984-03-31,3719.6008
ID111_timevae_0,1984-06-30,3477.8054
ID111_timevae_0,1984-09-30,3617.4575
ID111_timevae_0,1984-12-31,3585.7412
ID111_timevae_0,1985-03-31,5017.5337
ID111_timevae_0,1985-06-30,3997.217
ID111_timevae_0,1985-09-30,3475.5928
ID111_timevae_0,1985-12-31,2142.9275
ID111_timevae_0,1986-03-31,2409.992
ID111_timevae_0,1986-06-30,486.2316
ID114_timevae_0,1978-03-31,-1265.6111
ID114_timevae_0,1978-06-30,-667.7714
ID114_timevae_0,1978-09-30,101.88878
ID114_timevae_0,1978-12-31,524.9506
ID114_timevae_0,1979-03-31,-1125.3506
ID114_timevae_0,1979-06-30,196.89087
ID114_timevae_0,1979-09-30,369.1757
ID114_timevae_0,1979-12-31,299.06888
ID114_timevae_0,1980-03-31,-831.5715
ID114_timevae_0,1980-06-30,-660.7654
ID114_timevae_0,1980-09-30,553.05707
ID114_timevae_0,1980-12-31,-246.85793
ID114_timevae_0,1981-03-31,-274.102
ID114_timevae_0,1981-06-30,-1337.8412
ID114_timevae_0,1981-09-30,-259.6603
ID114_timevae_0,1981-12-31,-24.944437
ID114_timevae_0,1982-03-31,-286.24405
ID114_timevae_0,1982-06-30,158.36816
ID114_timevae_0,1982-09-30,1005.39905
ID114_timevae_0,1982-12-31,497.96887
ID114_timevae_0,1983-03-31,127.68119
ID114_timevae_0,1983-06-30,355.02466
ID114_timevae_0,1983-09-30,823.1747
ID114_timevae_0,1983-12-31,1027.9535
ID114_timevae_0,1984-03-31,811.32794
ID114_timevae_0,1984-06-30,-96.96396
ID114_timevae_0,1984-09-30,1361.9741
ID114_timevae_0,1984-12-31,206.85336
ID114_timevae_0,1985-03-31,-687.56995
ID114_timevae_0,1985-06-30,658.21277
ID114_timevae_0,1985-09-30,544.7064
ID114_timevae_0,1985-12-31,719.1639
ID114_timevae_0,1986-03-31,569.5388
ID121_timevae_0,1969-12-31,-2048.1665
ID121_timevae_0,1970-03-31,-1353.145
ID121_timevae_0,1970-06-30,-683.0757
ID121_timevae_0,1970-09-30,382.12366
ID121_timevae_0,1970-12-31,-1844.493
ID121_timevae_0,1971-03-31,-177.14479
ID121_timevae_0,1971-06-30,-479.41647
ID121_timevae_0,1971-09-30,75.02222
ID121_timevae_0,1971-12-31,-1159.7657
ID121_timevae_0,1972-03-31,-1353.9185
ID121_timevae_0,1972-06-30,-305.3254
ID121_timevae_0,1972-09-30,-651.26624
ID121_timevae_0,1972-12-31,-787.2748
ID121_timevae_0,1973-03-31,-1980.0105
ID121_timevae_0,1973-06-30,-1145.3856
ID121_timevae_0,1973-09-30,-332.47482
ID121_timevae_0,1973-12-31,-536.68195
ID121_timevae_0,1974-03-31,-400.05615
ID121_timevae_0,1974-06-30,532.7002
ID121_timevae_0,1974-09-30,175.89972
ID121_timevae_0,1974-12-31,-390.69928
ID121_timevae_0,1975-03-31,61.57496
ID121_timevae_0,1975-06-30,-59.96448
ID121_timevae_0,1975-09-30,524.0947
ID121_timevae_0,1975-12-31,723.09735
ID121_timevae_0,1976-03-31,-521.8478
ID121_timevae_0,1976-06-30,757.2564
ID121_timevae_0,1976-09-30,168.50941
ID121_timevae_0,1976-12-31,-1281.5026
ID121_timevae_0,1977-03-31,254.6249
ID121_timevae_0,1977-06-30,10.144751
ID121_timevae_0,1977-09-30,1040.4995
ID122_timevae_0,1969-12-31,-2660.4036
ID122_timevae_0,1970-03-31,-358.9279
ID122_timevae_0,1970-06-30,-426.1135
ID122_timevae_0,1970-09-30,-593.37897
ID122_timevae_0,1970-12-31,-2357.588
ID122_timevae_0,1971-03-31,-52.902515
ID122_timevae_0,1971-06-30,-498.6212
ID122_timevae_0,1971-09-30,-708.2727
ID122_timevae_0,1971-12-31,-2070.553
ID122_timevae_0,1972-03-31,-876.7698
ID122_timevae_0,1972-06-30,-300.606
ID122_timevae_0,1972-09-30,-1488.2343
ID122_timevae_0,1972-12-31,-1412.3947
ID122_timevae_0,1973-03-31,-1546.8826
ID122_timevae_0,1973-06-30,-1031.0221
ID122_timevae_0,1973-09-30,-841.2298
ID122_timevae_0,1973-12-31,-1569.3999
ID122_timevae_0,1974-03-31,98.2857
ID122_timevae_0,1974-06-30,389.09372
ID122_timevae_0,1974-09-30,-239.30727
ID122_timevae_0,1974-12-31,-1050.9417
ID122_timevae_0,1975-03-31,154.85576
ID122_timevae_0,1975-06-30,279.81378
ID122_timevae_0,1975-09-30,253.09142
ID122_timevae_0,1975-12-31,-148.2194
ID122_timevae_0,1976-03-31,-176.41965
ID122_timevae_0,1976-06-30,581.8074
ID122_timevae_0,1976-09-30,-1005.74554
ID122_timevae_0,1976-12-31,-2051.343
ID122_timevae_0,1977-03-31,362.22003
ID122_timevae_0,1977-06-30,-257.86328
ID122_timevae_0,1977-09-30,-601.01184
ID123_timevae_0,1969-12-31,-4981.107
ID123_timevae_0,1970-03-31,-1721.0962
ID123_timevae_0,1970-06-30,-1888.0452
ID123_timevae_0,1970-09-30,-1116.7274
ID123_timevae_0,1970-12-31,-4373.7715
ID123_timevae_0,1971-03-31,-983.32465
ID123_timevae_0,1971-06-30,-2215.0654
ID123_timevae_0,1971-09-30,-1242.1586
ID123_timevae_0,1971-12-31,-3995.4138
ID123_timevae_0,1972-03-31,-2411.698
ID123_timevae_0,1972-06-30,-2043.7188
ID123_timevae_0,1972-09-30,-2512.6162
ID123_timevae_0,1972-12-31,-3506.1707
ID123_timevae_0,1973-03-31,-3265.4727
ID123_timevae_0,1973-06-30,-2900.9622
ID123_timevae_0,1973-09-30,-1615.8937
ID123_timevae_0,1973-12-31,-2979.5
ID123_timevae_0,1974-03-31,-1155.5852
ID123_timevae_0,1974-06-30,-761.17456
ID123_timevae_0,1974-09-30,-1133.0222
ID123_timevae_0,1974-12-31,-3348.5303
ID123_timevae_0,1975-03-31,-557.5172
ID123_timevae_0,1975-06-30,-1281.7969
ID123_timevae_0,1975-09-30,-656.64795
ID123_timevae_0,1975-12-31,-1353.9769
ID123_timevae_0,1976-03-31,-1104.6522
ID123_timevae_0,1976-06-30,-861.55
ID123_timevae_0,1976-09-30,-1642.9269
ID123_timevae_0,1976-12-31,-4673.15
ID123_timevae_0,1977-03-31,-940.0828
ID123_timevae_0,1977-06-30,-1551.346
ID123_timevae_0,1977-09-30,-804.1691
ID124_timevae_0,1969-12-31,-2357.4844
ID124_timevae_0,1970-03-31,-1086.1344
ID124_timevae_0,1970-06-30,-695.51373
ID124_timevae_0,1970-09-30,11.536122
ID124_timevae_0,1970-12-31,-2114.3208
ID124_timevae_0,1971-03-31,-178.6972
ID124_timevae_0,1971-06-30,-598.05084
ID124_timevae_0,1971-09-30,-224.61977
ID124_timevae_0,1971-12-31,-1516.9215
ID124_timevae_0,1972-03-31,-1273.9441
ID124_timevae_0,1972-06-30,-416.49167
ID124_timevae_0,1972-09-30,-993.29736
ID124_timevae_0,1972-12-31,-1057.7517
ID124_timevae_0,1973-03-31,-1899.8721
ID124_timevae_0,1973-06-30,-1220.7504
ID124_timevae_0,1973-09-30,-551.3592
ID124_timevae_0,1973-12-31,-926.321
ID124_timevae_0,1974-03-31,-292.45233
ID124_timevae_0,1974-06-30,414.16864
ID124_timevae_0,1974-09-30,-27.128345
ID124_timevae_0,1974-12-31,-688.547
ID124_timevae_0,1975-03-31,61.37135
ID124_timevae_0,1975-06-30,-58.32659
ID124_timevae_0,1975-09-30,367.66827
ID124_timevae_0,1975-12-31,417.0108
ID124_timevae_0,1976-03-31,-451.6632
ID124_timevae_0,1976-06-30,609.689
ID124_timevae_0,1976-09-30,-241.38469
ID124_timevae_0,1976-12-31,-1624.0305
ID124_timevae_0,1977-03-31,237.98402
ID124_timevae_0,1977-06-30,-149.08525
ID124_timevae_0,1977-09-30,504.92538
ID125_timevae_0,1969-12-31,-3462.5374
ID125_timevae_0,1970-03-31,-846.7506
ID125_timevae_0,1970-06-30,-1093.6592
ID125_timevae_0,1970-09-30,-730.27856
ID125_timevae_0,1970-12-31,-3033.8708
ID125_timevae_0,1971-03-31,-344.0785
ID125_timevae_0,1971-06-30,-1258.8127
ID125_timevae_0,1971-09-30,-843.8263
ID125_timevae_0,1971-12-31,-2702.25
ID125_timevae_0,1972-03-31,-1415.0315
ID125_timevae_0,1972-06-30,-1066.7972
ID125_timevae_0,1972-09-30,-1821.7802
ID125_timevae_0,1972-12-31,-2119.7827
ID125_timevae_0,1973-03-31,-2151.5437
ID125_timevae_0,1973-06-30,-1848.9855
ID125_timevae_0,1973-09-30,-1080.3171
ID125_timevae_0,1973-12-31,-1999.1183
ID125_timevae_0,1974-03-31,-332.61536
ID125_timevae_0,1974-06-30,-137.33234
ID125_timevae_0,1974-09-30,-526.59033
ID125_timevae_0,1974-12-31,-1835.8506
ID125_timevae_0,1975-03-31,-48.46903
ID125_timevae_0,1975-06-30,-425.24295
ID125_timevae_0,1975-09-30,-52.273106
ID125_timevae_0,1975-12-31,-496.98972
ID125_timevae_0,1976-03-31,-473.16043
ID125_timevae_0,1976-06-30,-62.3209
ID125_timevae_0,1976-09-30,-1178.1055
ID125_timevae_0,1976-12-31,-2960.145
ID125_timevae_0,1977-03-31,-74.81285
ID125_timevae_0,1977-06-30,-843.3105
ID125_timevae_0,1977-09-30,-591.4781
ID126_timevae_0,1975-12-31,147.71666
ID126_timevae_0,1976-03-31,-121.96939
ID126_timevae_0,1976-06-30,503.26456
ID126_timevae_0,1976-09-30,1000.0985
ID126_timevae_0,1976-12-31,183.62514
ID126_timevae_0,1977-03-31,833.11945
ID126_timevae_0,1977-06-30,938.56354
ID126_timevae_0,1977-09-30,890.1608
ID126_timevae_0,1977-12-31,178.667
ID126_timevae_0,1978-03-31,115.61348
ID126_timevae_0,1978-06-30,1135.443
ID126_timevae_0,1978-09-30,518.94965
ID126_timevae_0,1978-12-31,847.2385
ID126_timevae_0,1979-03-31,-563.0077
ID126_timevae_0,1979-06-30,301.49426
ID126_timevae_0,1979-09-30,453.3451
ID126_timevae_0,1979-12-31,797.28674
ID126_timevae_0,1980-03-31,820.0344
ID126_timevae_0,1980-06-30,1234.3918
ID126_timevae_0,1980-09-30,835.5139
ID126_timevae_0,1980-12-31,1142.7207
ID126_timevae_0,1981-03-31,973.94946
ID126_timevae_0,1981-06-30,1279.0533
ID126_timevae_0,1981-09-30,1631.7163
ID126_timevae_0,1981-12-31,1636.4877
ID126_timevae_0,1982-03-31,522.55707
ID126_timevae_0,1982-06-30,1698.9971
ID126_timevae_0,1982-09-30,749.719
ID126_timevae_0,1982-12-31,486.03354
ID126_timevae_0,1983-03-31,1257.8407
ID126_timevae_0,1983-06-30,944.35
ID126_timevae_0,1983-09-30,1029.5234
ID126_timevae_0,1983-12-31,1523.0126
ID126_timevae_0,1984-03-31,-869.0629
ID126_timevae_0,1984-06-30,561.39435
ID126_timevae_0,1984-09-30,772.3659
ID126_timevae_0,1984-12-31,-462.544
ID126_timevae_0,1985-03-31,-329.62274
ID126_timevae_0,1985-06-30,274.37146
ID126_timevae_0,1985-09-30,441.92328
ID132_timevae_0,1969-12-31,23532.336
ID132_timevae_0,1970-03-31,24011.578
ID132_timevae_0,1970-06-30,21054.16
ID132_timevae_0,1970-09-30,15205.719
ID132_timevae_0,1970-12-31,23703.45
ID132_timevae_0,1971-03-31,15034.312
ID132_timevae_0,1971-06-30,17482.992
ID132_timevae_0,1971-09-30,22636.568
ID132_timevae_0,1971-12-31,22411.576
ID132_timevae_0,1972-03-31,18892.328
ID132_timevae_0,1972-06-30,21877.877
ID132_timevae_0,1972-09-30,18538.484
ID132_timevae_0,1972-12-31,20636.914
ID132_timevae_0,1973-03-31,30453.266
ID132_timevae_0,1973-06-30,28716.875
ID132_timevae_0,1973-09-30,25919.875
ID132_timevae_0,1973-12-31,25913.918
ID132_timevae_0,1974-03-31,24028.72
ID132_timevae_0,1974-06-30,25168.645
ID132_timevae_0,1974-09-30,21666.266
ID132_timevae_0,1974-12-31,18028.34
ID132_timevae_0,1975-03-31,22006.156
ID132_timevae_0,1975-06-30,26563.344
ID132_timevae_0,1975-09-30,14952.519
ID132_timevae_0,1975-12-31,15655.08
ID132_timevae_0,1976-03-31,22553.033
ID132_timevae_0,1976-06-30,18019.107
ID132_timevae_0,1976-09-30,20002.25
ID132_timevae_0,1976-12-31,29310.688
ID132_timevae_0,1977-03-31,22054.291
ID132_timevae_0,1977-06-30,20338.037
ID132_timevae_0,1977-09-30,10123.247
ID133_timevae_0,1969-12-31,22912.969
ID133_timevae_0,1970-03-31,22563.861
ID133_timevae_0,1970-06-30,19529.783
ID133_timevae_0,1970-09-30,14897.442
ID133_timevae_0,1970-12-31,23071.924
ID133_timevae_0,1971-03-31,14706.313
ID133_timevae_0,1971-06-30,16437.605
ID133_timevae_0,1971-09-30,21808.55
ID133_timevae_0,1971-12-31,21826.105
ID133_timevae_0,1972-03-31,18019.047
ID133_timevae_0,1972-06-30,20478.838
ID133_timevae_0,1972-09-30,17943.178
ID133_timevae_0,1972-12-31,20244.428
ID133_timevae_0,1973-03-31,28641.258
ID133_timevae_0,1973-06-30,26637.99
ID133_timevae_0,1973-09-30,24594.643
ID133_timevae_0,1973-12-31,25277.2
ID133_timevae_0,1974-03-31,22774.385
ID133_timevae_0,1974-06-30,23620.008
ID133_timevae_0,1974-09-30,20682.023
ID133_timevae_0,1974-12-31,17837.484
ID133_timevae_0,1975-03-31,21143.738
ID133_timevae_0,1975-06-30,24698.973
ID133_timevae_0,1975-09-30,14590.758
ID133_timevae_0,1975-12-31,15738.049
ID133_timevae_0,1976-03-31,21577.64
ID133_timevae_0,1976-06-30,16976.502
ID133_timevae_0,1976-09-30,19330.457
ID133_timevae_0,1976-12-31,28137.963
ID133_timevae_0,1977-03-31,20964.256
ID133_timevae_0,1977-06-30,19023.238
ID133_timevae_0,1977-09-30,10278.579
ID135_timevae_0,1969-12-31,1253.4558
ID135_timevae_0,1970-03-31,510.93265
ID135_timevae_0,1970-06-30,1217.4703
ID135_timevae_0,1970-09-30,1495.7169
ID135_timevae_0,1970-12-31,1275.3922
ID135_timevae_0,1971-03-31,1187.672
ID135_timevae_0,1971-06-30,1489.2891
ID135_timevae_0,1971-09-30,1754.7157
ID135_timevae_0,1971-12-31,1210.0004
ID135_timevae_0,1972-03-31,775.72314
ID135_timevae_0,1972-06-30,1926.249
ID135_timevae_0,1972-09-30,1295.8403
ID135_timevae_0,1972-12-31,1608.2388
ID135_timevae_0,1973-03-31,541.3459
ID135_timevae_0,1973-06-30,1363.073
ID135_timevae_0,1973-09-30,1405.8965
ID135_timevae_0,1973-12-31,1877.118
ID135_timevae_0,1974-03-31,1663.8641
ID135_timevae_0,1974-06-30,2020.8713
ID135_timevae_0,1974-09-30,1648.691
ID135_timevae_0,1974-12-31,1838.7427
ID135_timevae_0,1975-03-31,1620.6835
ID135_timevae_0,1975-06-30,2070.4692
ID135_timevae_0,1975-09-30,2151.6873
ID135_timevae_0,1975-12-31,2327.4238
ID135_timevae_0,1976-03-31,1262.4902
ID135_timevae_0,1976-06-30,2166.1653
ID135_timevae_0,1976-09-30,1590.0432
ID135_timevae_0,1976-12-31,1742.4338
ID135_timevae_0,1977-03-31,1998.3618
ID135_timevae_0,1977-06-30,1617.8047
ID135_timevae_0,1977-09-30,1481.3685
ID136_timevae_0,1969-12-31,-416.53754
ID136_timevae_0,1970-03-31,38.982925
ID136_timevae_0,1970-06-30,270.9692
ID136_timevae_0,1970-09-30,555.84607
ID136_timevae_0,1970-12-31,-322.0653
ID136_timevae_0,1971-03-31,745.11053
ID136_timevae_0,1971-06-30,583.9942
ID136_timevae_0,1971-09-30,442.39148
ID136_timevae_0,1971-12-31,-310.34714
ID136_timevae_0,1972-03-31,57.642494
ID136_timevae_0,1972-06-30,771.3626
ID136_timevae_0,1972-09-30,5.0184426
ID136_timevae_0,1972-12-31,403.3681
ID136_timevae_0,1973-03-31,-646.5275
ID136_timevae_0,1973-06-30,-39.694645
ID136_timevae_0,1973-09-30,116.91052
ID136_timevae_0,1973-12-31,238.9767
ID136_timevae_0,1974-03-31,798.51324
ID136_timevae_0,1974-06-30,956.5598
ID136_timevae_0,1974-09-30,572.8059
ID136_timevae_0,1974-12-31,728.6368
ID136_timevae_0,1975-03-31,872.9472
ID136_timevae_0,1975-06-30,1043.446
ID136_timevae_0,1975-09-30,1331.2625
ID136_timevae_0,1975-12-31,1233.8717
ID136_timevae_0,1976-03-31,480.54102
ID136_timevae_0,1976-06-30,1389.4993
ID136_timevae_0,1976-09-30,223.91325
ID136_timevae_0,1976-12-31,-34.72313
ID136_timevae_0,1977-03-31,1163.9015
ID136_timevae_0,1977-06-30,583.1082
ID136_timevae_0,1977-09-30,478.2242
ID146_timevae_0,1969-12-31,1704.1189
ID146_timevae_0,1970-03-31,1921.4745
ID146_timevae_0,1970-06-30,1883.2766
ID146_timevae_0,1970-09-30,1171.8677
ID146_timevae_0,1970-12-31,1805.8153
ID146_timevae_0,1971-03-31,1588.7509
ID146_timevae_0,1971-06-30,1717.0426
ID146_timevae_0,1971-09-30,1937.0708
ID146_timevae_0,1971-12-31,1504.3069
ID146_timevae_0,1972-03-31,1736.5035
ID146_timevae_0,1972-06-30,2422.6228
ID146_timevae_0,1972-09-30,1308.8186
ID146_timevae_0,1972-12-31,1789.499
ID146_timevae_0,1973-03-31,1952.673
ID146_timevae_0,1973-06-30,2235.2024
ID146_timevae_0,1973-09-30,1948.8616
ID146_timevae_0,1973-12-31,2070.1973
ID146_timevae_0,1974-03-31,2872.2441
ID146_timevae_0,1974-06-30,2506.5325
ID146_timevae_0,1974-09-30,2145.5925
ID146_timevae_0,1974-12-31,1958.6206
ID146_timevae_0,1975-03-31,2319.7825
ID146_timevae_0,1975-06-30,2856.7935
ID146_timevae_0,1975-09-30,2374.2263
ID146_timevae_0,1975-12-31,2330.7002
ID146_timevae_0,1976-03-31,2251.1128
ID146_timevae_0,1976-06-30,2257.902
ID146_timevae_0,1976-09-30,1481.8693
ID146_timevae_0,1976-12-31,2329.1653
ID146_timevae_0,1977-03-31,2823.4985
ID146_timevae_0,1977-06-30,1848.0435
ID146_timevae_0,1977-09-30,667.9336
ID147_timevae_0,1969-12-31,624.3758
ID147_timevae_0,1970-03-31,309.4577
ID147_timevae_0,1970-06-30,719.98816
ID147_timevae_0,1970-09-30,1106.4014
ID147_timevae_0,1970-12-31,662.40826
ID147_timevae_0,1971-03-31,1069.8837
ID147_timevae_0,1971-06-30,1068.8599
ID147_timevae_0,1971-09-30,1159.3027
ID147_timevae_0,1971-12-31,590.5336
ID147_timevae_0,1972-03-31,508.50882
ID147_timevae_0,1972-06-30,1356.6677
ID147_timevae_0,1972-09-30,757.57
ID147_timevae_0,1972-12-31,1187.0768
ID147_timevae_0,1973-03-31,-6.5527544
ID147_timevae_0,1973-06-30,636.2795
ID147_timevae_0,1973-09-30,783.9569
ID147_timevae_0,1973-12-31,1212.4485
ID147_timevae_0,1974-03-31,1280.0825
ID147_timevae_0,1974-06-30,1432.7812
ID147_timevae_0,1974-09-30,1117.866
ID147_timevae_0,1974-12-31,1452.9076
ID147_timevae_0,1975-03-31,1320.3473
ID147_timevae_0,1975-06-30,1531.8854
ID147_timevae_0,1975-09-30,1827.5028
ID147_timevae_0,1975-12-31,1919.2765
ID147_timevae_0,1976-03-31,928.518
ID147_timevae_0,1976-06-30,1775.7168
ID147_timevae_0,1976-09-30,971.32947
ID147_timevae_0,1976-12-31,998.2846
ID147_timevae_0,1977-03-31,1637.7148
ID147_timevae_0,1977-06-30,1090.9752
ID147_timevae_0,1977-09-30,1048.2908
ID148_timevae_0,1969-12-31,-3198.6624
ID148_timevae_0,1970-03-31,-752.0595
ID148_timevae_0,1970-06-30,-714.0804
ID148_timevae_0,1970-09-30,-669.5162
ID148_timevae_0,1970-12-31,-2826.9082
ID148_timevae_0,1971-03-31,-304.00754
ID148_timevae_0,1971-06-30,-830.4483
ID148_timevae_0,1971-09-30,-786.9713
ID148_timevae_0,1971-12-31,-2498.4797
ID148_timevae_0,1972-03-31,-1281.8059
ID148_timevae_0,1972-06-30,-631.626
ID148_timevae_0,1972-09-30,-1682.0703
ID148_timevae_0,1972-12-31,-1893.046
ID148_timevae_0,1973-03-31,-1985.4199
ID148_timevae_0,1973-06-30,-1396.4117
ID148_timevae_0,1973-09-30,-989.09357
ID148_timevae_0,1973-12-31,-1879.5356
ID148_timevae_0,1974-03-31,-244.73221
ID148_timevae_0,1974-06-30,198.4471
ID148_timevae_0,1974-09-30,-416.9102
ID148_timevae_0,1974-12-31,-1576.078
ID148_timevae_0,1975-03-31,-46.72065
ID148_timevae_0,1975-06-30,-29.64998
ID148_timevae_0,1975-09-30,56.179893
ID148_timevae_0,1975-12-31,-416.84644
ID148_timevae_0,1976-03-31,-439.87033
ID148_timevae_0,1976-06-30,324.33838
ID148_timevae_0,1976-09-30,-1095.1277
ID148_timevae_0,1976-12-31,-2639.5662
ID148_timevae_0,1977-03-31,30.63261
ID148_timevae_0,1977-06-30,-477.75894
ID148_timevae_0,1977-09-30,-569.29535
ID149_timevae_0,1969-12-31,3636.3525
ID149_timevae_0,1970-03-31,2874.7112
ID149_timevae_0,1970-06-30,2805.571
ID149_timevae_0,1970-09-30,2447.6716
ID149_timevae_0,1970-12-31,3726.214
ID149_timevae_0,1971-03-31,2353.7388
ID149_timevae_0,1971-06-30,2568.2712
ID149_timevae_0,1971-09-30,3755.4536
ID149_timevae_0,1971-12-31,3456.2236
ID149_timevae_0,1972-03-31,2565.7317
ID149_timevae_0,1972-06-30,3556.6123
ID149_timevae_0,1972-09-30,2796.792
ID149_timevae_0,1972-12-31,3492.2356
ID149_timevae_0,1973-03-31,3795.2048
ID149_timevae_0,1973-06-30,3891.0051
ID149_timevae_0,1973-09-30,3795.8977
ID149_timevae_0,1973-12-31,4431.3945
ID149_timevae_0,1974-03-31,4002.312
ID149_timevae_0,1974-06-30,4056.6558
ID149_timevae_0,1974-09-30,3544.649
ID149_timevae_0,1974-12-31,3405.1475
ID149_timevae_0,1975-03-31,3632.4312
ID149_timevae_0,1975-06-30,4183.5244
ID149_timevae_0,1975-09-30,3167.582
ID149_timevae_0,1975-12-31,3662.1592
ID149_timevae_0,1976-03-31,3450.65
ID149_timevae_0,1976-06-30,3215.462
ID149_timevae_0,1976-09-30,3238.9958
ID149_timevae_0,1976-12-31,4746.368
ID149_timevae_0,1977-03-31,3967.366
ID149_timevae_0,1977-06-30,3030.8318
ID149_timevae_0,1977-09-30,1881.8325
ID150_timevae_0,1969-12-31,-1326.9691
ID150_timevae_0,1970-03-31,-640.985
ID150_timevae_0,1970-06-30,-289.79327
ID150_timevae_0,1970-09-30,396.3723
ID150_timevae_0,1970-12-31,-1169.0323
ID150_timevae_0,1971-03-31,270.4708
ID150_timevae_0,1971-06-30,-49.9556
ID150_timevae_0,1971-09-30,128.1195
ID150_timevae_0,1971-12-31,-755.4607
ID150_timevae_0,1972-03-31,-657.3896
ID150_timevae_0,1972-06-30,123.06459
ID150_timevae_0,1972-09-30,-460.86288
ID150_timevae_0,1972-12-31,-257.52365
ID150_timevae_0,1973-03-31,-1325.0327
ID150_timevae_0,1973-06-30,-686.8641
ID150_timevae_0,1973-09-30,-191.46936
ID150_timevae_0,1973-12-31,-209.6128
ID150_timevae_0,1974-03-31,193.31906
ID150_timevae_0,1974-06-30,702.8374
ID150_timevae_0,1974-09-30,358.47015
ID150_timevae_0,1974-12-31,171.67834
ID150_timevae_0,1975-03-31,446.87015
ID150_timevae_0,1975-06-30,401.53946
ID150_timevae_0,1975-09-30,808.4853
ID150_timevae_0,1975-12-31,942.5815
ID150_timevae_0,1976-03-31,-27.491608
ID150_timevae_0,1976-06-30,1020.07056
ID150_timevae_0,1976-09-30,87.79178
ID150_timevae_0,1976-12-31,-674.83655
ID150_timevae_0,1977-03-31,738.7035
ID150_timevae_0,1977-06-30,197.15388
ID150_timevae_0,1977-09-30,696.92224
ID151_timevae_0,1969-12-31,-6696.6694
ID151_timevae_0,1970-03-31,-2175.7773
ID151_timevae_0,1970-06-30,-2733.3936
ID151_timevae_0,1970-09-30,-1865.1757
ID151_timevae_0,1970-12-31,-5867.7534
ID151_timevae_0,1971-03-31,-1529.8022
ID151_timevae_0,1971-06-30,-3317.8586
ID151_timevae_0,1971-09-30,-1931.2954
ID151_timevae_0,1971-12-31,-5625.894
ID151_timevae_0,1972-03-31,-3172.036
ID151_timevae_0,1972-06-30,-3179.2847
ID151_timevae_0,1972-09-30,-3491.6128
ID151_timevae_0,1972-12-31,-5108.622
ID151_timevae_0,1973-03-31,-4173.18
ID151_timevae_0,1973-06-30,-4055.5522
ID151_timevae_0,1973-09-30,-2348.7205
ID151_timevae_0,1973-12-31,-4330.4893
ID151_timevae_0,1974-03-31,-1770.961
ID151_timevae_0,1974-06-30,-1597.0314
ID151_timevae_0,1974-09-30,-1887.512
ID151_timevae_0,1974-12-31,-5080.252
ID151_timevae_0,1975-03-31,-985.49066
ID151_timevae_0,1975-06-30,-2169.9543
ID151_timevae_0,1975-09-30,-1344.4562
ID151_timevae_0,1975-12-31,-2525.0854
ID151_timevae_0,1976-03-31,-1570.876
ID151_timevae_0,1976-06-30,-1878.7001
ID151_timevae_0,1976-09-30,-2551.0835
ID151_timevae_0,1976-12-31,-6659.9805
ID151_timevae_0,1977-03-31,-1735.9866
ID151_timevae_0,1977-06-30,-2535.1943
ID151_timevae_0,1977-09-30,-1663.2178
ID152_timevae_0,1969-12-31,-5528.6177
ID152_timevae_0,1970-03-31,-2176.8806
ID152_timevae_0,1970-06-30,-2191.3293
ID152_timevae_0,1970-09-30,-1202.573
ID152_timevae_0,1970-12-31,-4864.0806
ID152_timevae_0,1971-03-31,-1265.6105
ID152_timevae_0,1971-06-30,-2550.7222
ID152_timevae_0,1971-09-30,-1346.7535
ID152_timevae_0,1971-12-31,-4425.698
ID152_timevae_0,1972-03-31,-2863.3618
ID152_timevae_0,1972-06-30,-2388.712
ID152_timevae_0,1972-09-30,-2722.462
ID152_timevae_0,1972-12-31,-3995.687
ID152_timevae_0,1973-03-31,-3751.416
ID152_timevae_0,1973-06-30,-3282.0225
ID152_timevae_0,1973-09-30,-1801.75
ID152_timevae_0,1973-12-31,-3281.9363
ID152_timevae_0,1974-03-31,-1549.1835
ID152_timevae_0,1974-06-30,-957.00793
ID152_timevae_0,1974-09-30,-1353.4652
ID152_timevae_0,1974-12-31,-3882.735
ID152_timevae_0,1975-03-31,-790.3168
ID152_timevae_0,1975-06-30,-1616.7987
ID152_timevae_0,1975-09-30,-892.6249
ID152_timevae_0,1975-12-31,-1622.8583
ID152_timevae_0,1976-03-31,-1411.377
ID152_timevae_0,1976-06-30,-1120.2583
ID152_timevae_0,1976-09-30,-1734.5431
ID152_timevae_0,1976-12-31,-5268.676
ID152_timevae_0,1977-03-31,-1305.3895
ID152_timevae_0,1977-06-30,-1768.54
ID152_timevae_0,1977-09-30,-757.8114
ID153_timevae_0,1969-12-31,-2112.6138
ID153_timevae_0,1970-03-31,-1414.5482
ID153_timevae_0,1970-06-30,-662.30255
ID153_timevae_0,1970-09-30,382.11496
ID153_timevae_0,1970-12-31,-1907.4174
ID153_timevae_0,1971-03-31,-227.71158
ID153_timevae_0,1971-06-30,-460.0863
ID153_timevae_0,1971-09-30,74.44927
ID153_timevae_0,1971-12-31,-1212.5403
ID153_timevae_0,1972-03-31,-1414.6476
ID153_timevae_0,1972-06-30,-284.78128
ID153_timevae_0,1972-09-30,-657.94183
ID153_timevae_0,1972-12-31,-844.2083
ID153_timevae_0,1973-03-31,-2038.6395
ID153_timevae_0,1973-06-30,-1126.6527
ID153_timevae_0,1973-09-30,-337.19354
ID153_timevae_0,1973-12-31,-585.975
ID153_timevae_0,1974-03-31,-455.752
ID153_timevae_0,1974-06-30,561.28894
ID153_timevae_0,1974-09-30,168.13869
ID153_timevae_0,1974-12-31,-450.5771
ID153_timevae_0,1975-03-31,13.187388
ID153_timevae_0,1975-06-30,-41.21805
ID153_timevae_0,1975-09-30,513.44006
ID153_timevae_0,1975-12-31,677.54846
ID153_timevae_0,1976-03-31,-574.63275
ID153_timevae_0,1976-06-30,782.56934
ID153_timevae_0,1976-09-30,172.64792
ID153_timevae_0,1976-12-31,-1342.0377
ID153_timevae_0,1977-03-31,202.70096
ID153_timevae_0,1977-06-30,40.02042
ID153_timevae_0,1977-09-30,1054.9454
ID156_timevae_0,1975-12-31,-2277.1543
ID156_timevae_0,1976-03-31,-1205.9269
ID156_timevae_0,1976-06-30,-772.33057
ID156_timevae_0,1976-09-30,172.44553
ID156_timevae_0,1976-12-31,-2041.5477
ID156_timevae_0,1977-03-31,-188.39459
ID156_timevae_0,1977-06-30,-643.574
ID156_timevae_0,1977-09-30,-88.20921
ID156_timevae_0,1977-12-31,-1397.5703
ID156_timevae_0,1978-03-31,-1330.9491
ID156_timevae_0,1978-06-30,-466.89273
ID156_timevae_0,1978-09-30,-853.627
ID156_timevae_0,1978-12-31,-975.2214
ID156_timevae_0,1979-03-31,-1954.3337
ID156_timevae_0,1979-06-30,-1284.5857
ID156_timevae_0,1979-09-30,-449.9072
ID156_timevae_0,1979-12-31,-787.607
ID156_timevae_0,1980-03-31,-350.2044
ID156_timevae_0,1980-06-30,386.99094
ID156_timevae_0,1980-09-30,61.91129
ID156_timevae_0,1980-12-31,-601.7548
ID156_timevae_0,1981-03-31,58.37145
ID156_timevae_0,1981-06-30,-146.68817
ID156_timevae_0,1981-09-30,438.86554
ID156_timevae_0,1981-12-31,537.97003
ID156_timevae_0,1982-03-31,-487.53485
ID156_timevae_0,1982-06-30,584.4216
ID156_timevae_0,1982-09-30,-57.57818
ID156_timevae_0,1982-12-31,-1529.0657
ID156_timevae_0,1983-03-31,226.88849
ID156_timevae_0,1983-06-30,-162.80544
ID156_timevae_0,1983-09-30,748.9702
ID156_timevae_0,1983-12-31,164.04483
ID156_timevae_0,1984-03-31,-1102.2235
ID156_timevae_0,1984-06-30,-979.9799
ID156_timevae_0,1984-09-30,152.0883
ID156_timevae_0,1984-12-31,-1946.8018
ID156_timevae_0,1985-03-31,-700.254
ID156_timevae_0,1985-06-30,-256.16165
ID156_timevae_0,1985-09-30,-295.0801
ID162_timevae_0,1969-12-31,-2512.8765
ID162_timevae_0,1970-03-31,-1142.0944
ID162_timevae_0,1970-06-30,-807.0351
ID162_timevae_0,1970-09-30,-35.718925
ID162_timevae_0,1970-12-31,-2245.0078
ID162_timevae_0,1971-03-31,-225.42256
ID162_timevae_0,1971-06-30,-733.8973
ID162_timevae_0,1971-09-30,-267.69983
ID162_timevae_0,1971-12-31,-1653.252
ID162_timevae_0,1972-03-31,-1353.5238
ID162_timevae_0,1972-06-30,-553.5035
ID162_timevae_0,1972-09-30,-1072.2638
ID162_timevae_0,1972-12-31,-1199.0139
ID162_timevae_0,1973-03-31,-1994.1796
ID162_timevae_0,1973-06-30,-1363.9114
ID162_timevae_0,1973-09-30,-604.0428
ID162_timevae_0,1973-12-31,-1029.2717
ID162_timevae_0,1974-03-31,-352.75262
ID162_timevae_0,1974-06-30,314.3262
ID162_timevae_0,1974-09-30,-85.57831
ID162_timevae_0,1974-12-31,-844.2007
ID162_timevae_0,1975-03-31,28.69904
ID162_timevae_0,1975-06-30,-173.85754
ID162_timevae_0,1975-09-30,310.63312
ID162_timevae_0,1975-12-31,331.18387
ID162_timevae_0,1976-03-31,-492.181
ID162_timevae_0,1976-06-30,488.52304
ID162_timevae_0,1976-09-30,-302.71848
ID162_timevae_0,1976-12-31,-1805.5853
ID162_timevae_0,1977-03-31,164.24565
ID162_timevae_0,1977-06-30,-262.70938
ID162_timevae_0,1977-09-30,461.9791
ID163_timevae_0,1969-12-31,-901.9013
ID163_timevae_0,1970-03-31,130.81729
ID163_timevae_0,1970-06-30,140.21274
ID163_timevae_0,1970-09-30,204.65903
ID163_timevae_0,1970-12-31,-757.56555
ID163_timevae_0,1971-03-31,630.6737
ID163_timevae_0,1971-06-30,340.35437
ID163_timevae_0,1971-09-30,101.38758
ID163_timevae_0,1971-12-31,-714.0034
ID163_timevae_0,1972-03-31,-27.743858
ID163_timevae_0,1972-06-30,534.5685
ID163_timevae_0,1972-09-30,-402.1334
ID163_timevae_0,1972-12-31,9.200028
ID163_timevae_0,1973-03-31,-724.7814
ID163_timevae_0,1973-06-30,-242.29744
ID163_timevae_0,1973-09-30,-129.30846
ID163_timevae_0,1973-12-31,-218.92451
ID163_timevae_0,1974-03-31,760.4026
ID163_timevae_0,1974-06-30,807.8069
ID163_timevae_0,1974-09-30,383.6483
ID163_timevae_0,1974-12-31,359.50262
ID163_timevae_0,1975-03-31,767.93396
ID163_timevae_0,1975-06-30,909.4109
ID163_timevae_0,1975-09-30,1078.1417
ID163_timevae_0,1975-12-31,888.7847
ID163_timevae_0,1976-03-31,423.10373
ID163_timevae_0,1976-06-30,1191.364
ID163_timevae_0,1976-09-30,-171.1931
ID163_timevae_0,1976-12-31,-461.2251
ID163_timevae_0,1977-03-31,1071.206
ID163_timevae_0,1977-06-30,355.38617
ID163_timevae_0,1977-09-30,59.405987
ID164_timevae_0,1976-12-31,-5382.84
ID164_timevae_0,1977-03-31,-1829.1378
ID164_timevae_0,1977-06-30,-1992.1724
ID164_timevae_0,1977-09-30,-1320.3165
ID164_timevae_0,1977-12-31,-4730.396
ID164_timevae_0,1978-03-31,-1124.0338
ID164_timevae_0,1978-06-30,-2376.8105
ID164_timevae_0,1978-09-30,-1430.788
ID164_timevae_0,1978-12-31,-4385.5293
ID164_timevae_0,1979-03-31,-2591.5115
ID164_timevae_0,1979-06-30,-2207.7092
ID164_timevae_0,1979-09-30,-2764.777
ID164_timevae_0,1979-12-31,-3886.2256
ID164_timevae_0,1980-03-31,-3476.536
ID164_timevae_0,1980-06-30,-3069.987
ID164_timevae_0,1980-09-30,-1808.6084
ID164_timevae_0,1980-12-31,-3313.182
ID164_timevae_0,1981-03-31,-1302.0001
ID164_timevae_0,1981-06-30,-868.7176
ID164_timevae_0,1981-09-30,-1328.4719
ID164_timevae_0,1981-12-31,-3757.8484
ID164_timevae_0,1982-03-31,-676.75446
ID164_timevae_0,1982-06-30,-1390.3551
ID164_timevae_0,1982-09-30,-837.9189
ID164_timevae_0,1982-12-31,-1651.1936
ID164_timevae_0,1983-03-31,-1224.1869
ID164_timevae_0,1983-06-30,-1007.4795
ID164_timevae_0,1983-09-30,-1885.4982
ID164_timevae_0,1983-12-31,-5133.4956
ID164_timevae_0,1984-03-31,-1131.5776
ID164_timevae_0,1984-06-30,-1689.6143
ID164_timevae_0,1984-09-30,-1041.4637
ID164_timevae_0,1984-12-31,-2870.7004
ID164_timevae_0,1985-03-31,-2036.2456
ID164_timevae_0,1985-06-30,-3234.165
ID164_timevae_0,1985-09-30,-1731.7089
ID165_timevae_0,1974-12-31,557.79944
ID165_timevae_0,1975-03-31,6.4370894
ID165_timevae_0,1975-06-30,879.24756
ID165_timevae_0,1975-09-30,1196.713
ID165_timevae_0,1975-12-31,573.86707
ID165_timevae_0,1976-03-31,913.0452
ID165_timevae_0,1976-06-30,1281.8754
ID165_timevae_0,1976-09-30,1215.7212
ID165_timevae_0,1976-12-31,550.70795
ID165_timevae_0,1977-03-31,292.92453
ID165_timevae_0,1977-06-30,1566.6703
ID165_timevae_0,1977-09-30,824.8546
ID165_timevae_0,1977-12-31,1119.177
ID165_timevae_0,1978-03-31,-224.87776
ID165_timevae_0,1978-06-30,819.60583
ID165_timevae_0,1978-09-30,786.91284
ID165_timevae_0,1978-12-31,1198.6748
ID165_timevae_0,1979-03-31,1055.9724
ID165_timevae_0,1979-06-30,1646.1844
ID165_timevae_0,1979-09-30,1105.8036
ID165_timevae_0,1979-12-31,1382.8105
ID165_timevae_0,1980-03-31,1154.4153
ID165_timevae_0,1980-06-30,1683.5212
ID165_timevae_0,1980-09-30,1808.7625
ID165_timevae_0,1980-12-31,1874.1974
ID165_timevae_0,1981-03-31,724.5428
ID165_timevae_0,1981-06-30,2006.725
ID165_timevae_0,1981-09-30,1081.9705
ID165_timevae_0,1981-12-31,944.02234
ID165_timevae_0,1982-03-31,1472.9413
ID165_timevae_0,1982-06-30,1336.1891
ID165_timevae_0,1982-09-30,1234.9626
ID165_timevae_0,1982-12-31,1704.722
ID165_timevae_0,1983-03-31,-811.1809
ID165_timevae_0,1983-06-30,914.91925
ID165_timevae_0,1983-09-30,873.42914
ID165_timevae_0,1983-12-31,-85.05921
ID165_timevae_0,1984-03-31,-231.91435
ID165_timevae_0,1984-06-30,414.31128
ID166_timevae_0,1976-12-31,-2111.669
ID166_timevae_0,1977-03-31,-1157.1415
ID166_timevae_0,1977-06-30,-473.31244
ID166_timevae_0,1977-09-30,190.75087
ID166_timevae_0,1977-12-31,-1904.6259
ID166_timevae_0,1978-03-31,-159.73848
ID166_timevae_0,1978-06-30,-304.67654
ID166_timevae_0,1978-09-30,-83.78875
ID166_timevae_0,1978-12-31,-1310.3625
ID166_timevae_0,1979-03-31,-1240.1074
ID166_timevae_0,1979-06-30,-122.77826
ID166_timevae_0,1979-09-30,-795.619
ID166_timevae_0,1979-12-31,-877.4421
ID166_timevae_0,1980-03-31,-1873.0942
ID166_timevae_0,1980-06-30,-940.52325
ID166_timevae_0,1980-09-30,-430.6262
ID166_timevae_0,1980-12-31,-728.8535
ID166_timevae_0,1981-03-31,-298.58798
ID166_timevae_0,1981-06-30,651.4194
ID166_timevae_0,1981-09-30,104.49658
ID166_timevae_0,1981-12-31,-475.89313
ID166_timevae_0,1982-03-31,60.20009
ID166_timevae_0,1982-06-30,175.05072
ID166_timevae_0,1982-09-30,479.24936
ID166_timevae_0,1982-12-31,539.8754
ID166_timevae_0,1983-03-31,-465.25378
ID166_timevae_0,1983-06-30,887.08014
ID166_timevae_0,1983-09-30,-66.69515
ID166_timevae_0,1983-12-31,-1369.4691
ID166_timevae_0,1984-03-31,285.82645
ID166_timevae_0,1984-06-30,111.763016
ID166_timevae_0,1984-09-30,696.4054
ID166_timevae_0,1984-12-31,232.8188
ID166_timevae_0,1985-03-31,-1160.0059
ID166_timevae_0,1985-06-30,-605.7896
ID166_timevae_0,1985-09-30,144.81422
ID166_timevae_0,1985-12-31,-1925.6008
ID166_timevae_0,1986-03-31,-752.4146
ID166_timevae_0,1986-06-30,14.04768
ID166_timevae_0,1986-09-30,-278.31918
ID167_timevae_0,1976-12-31,-1840.5995
ID167_timevae_0,1977-03-31,-971.5068
ID167_timevae_0,1977-06-30,-399.66266
ID167_timevae_0,1977-09-30,220.78723
ID167_timevae_0,1977-12-31,-1654.0233
ID167_timevae_0,1978-03-31,-5.133413
ID167_timevae_0,1978-06-30,-204.75906
ID167_timevae_0,1978-09-30,-63.948017
ID167_timevae_0,1978-12-31,-1109.5887
ID167_timevae_0,1979-03-31,-1031.2721
ID167_timevae_0,1979-06-30,-27.396753
ID167_timevae_0,1979-09-30,-731.7242
ID167_timevae_0,1979-12-31,-661.1497
ID167_timevae_0,1980-03-31,-1675.6594
ID167_timevae_0,1980-06-30,-840.5463
ID167_timevae_0,1980-09-30,-395.30856
ID167_timevae_0,1980-12-31,-546.86017
ID167_timevae_0,1981-03-31,-122.58543
ID167_timevae_0,1981-06-30,688.8556
ID167_timevae_0,1981-09-30,157.65102
ID167_timevae_0,1981-12-31,-237.74876
ID167_timevae_0,1982-03-31,195.33533
ID167_timevae_0,1982-06-30,263.46997
ID167_timevae_0,1982-09-30,540.76495
ID167_timevae_0,1982-12-31,680.3941
ID167_timevae_0,1983-03-31,-308.90732
ID167_timevae_0,1983-06-30,952.7559
ID167_timevae_0,1983-09-30,-60.477318
ID167_timevae_0,1983-12-31,-1114.2162
ID167_timevae_0,1984-03-31,456.73325
ID167_timevae_0,1984-06-30,152.22556
ID167_timevae_0,1984-09-30,658.47473
ID167_timevae_0,1984-12-31,412.02277
ID167_timevae_0,1985-03-31,-1078.9453
ID167_timevae_0,1985-06-30,-498.1146
ID167_timevae_0,1985-09-30,142.37842
ID167_timevae_0,1985-12-31,-1788.1774
ID167_timevae_0,1986-03-31,-662.21185
ID167_timevae_0,1986-06-30,63.675304
ID167_timevae_0,1986-09-30,-244.73013
ID178_timevae_0,1969-12-31,-769.74585
ID178_timevae_0,1970-03-31,-573.229
ID178_timevae_0,1970-06-30,-93.06242
ID178_timevae_0,1970-09-30,751.2226
ID178_timevae_0,1970-12-31,-657.031
ID178_timevae_0,1971-03-31,451.09586
ID178_timevae_0,1971-06-30,245.32742
ID178_timevae_0,1971-09-30,505.2643
ID178_timevae_0,1971-12-31,-354.11533
ID178_timevae_0,1972-03-31,-447.557
ID178_timevae_0,1972-06-30,415.7478
ID178_timevae_0,1972-09-30,-4.0375485
ID178_timevae_0,1972-12-31,179.33481
ID178_timevae_0,1973-03-31,-1129.682
ID178_timevae_0,1973-06-30,-417.88828
ID178_timevae_0,1973-09-30,115.0996
ID178_timevae_0,1973-12-31,232.11555
ID178_timevae_0,1974-03-31,343.97986
ID178_timevae_0,1974-06-30,848.7774
ID178_timevae_0,1974-09-30,606.42535
ID178_timevae_0,1974-12-31,573.3177
ID178_timevae_0,1975-03-31,610.6487
ID178_timevae_0,1975-06-30,618.13696
ID178_timevae_0,1975-09-30,1160.972
ID178_timevae_0,1975-12-31,1268.1155
ID178_timevae_0,1976-03-31,117.44108
ID178_timevae_0,1976-06-30,1227.397
ID178_timevae_0,1976-09-30,467.6606
ID178_timevae_0,1976-12-31,-216.39088
ID178_timevae_0,1977-03-31,894.5101
ID178_timevae_0,1977-06-30,426.51743
ID178_timevae_0,1977-09-30,1022.62854
ID179_timevae_0,1969-12-31,-1698.6737
ID179_timevae_0,1970-03-31,-642.74725
ID179_timevae_0,1970-06-30,-343.6393
ID179_timevae_0,1970-09-30,159.91866
ID179_timevae_0,1970-12-31,-1508.7744
ID179_timevae_0,1971-03-31,148.40323
ID179_timevae_0,1971-06-30,-176.75095
ID179_timevae_0,1971-09-30,-101.64362
ID179_timevae_0,1971-12-31,-1068.5637
ID179_timevae_0,1972-03-31,-771.0196
ID179_timevae_0,1972-06-30,1.3455263
ID179_timevae_0,1972-09-30,-738.0066
ID179_timevae_0,1972-12-31,-565.0917
ID179_timevae_0,1973-03-31,-1432.7311
ID179_timevae_0,1973-06-30,-788.359
ID179_timevae_0,1973-09-30,-367.60605
ID179_timevae_0,1973-12-31,-550.5626
ID179_timevae_0,1974-03-31,114.442566
ID179_timevae_0,1974-06-30,642.44366
ID179_timevae_0,1974-09-30,214.79663
ID179_timevae_0,1974-12-31,-125.8275
ID179_timevae_0,1975-03-31,332.16718
ID179_timevae_0,1975-06-30,342.94965
ID179_timevae_0,1975-09-30,625.64417
ID179_timevae_0,1975-12-31,675.6813
ID179_timevae_0,1976-03-31,-115.7771
ID179_timevae_0,1976-06-30,925.68866
ID179_timevae_0,1976-09-30,-172.07112
ID179_timevae_0,1976-12-31,-1009.1417
ID179_timevae_0,1977-03-31,626.6961
ID179_timevae_0,1977-06-30,89.780075
ID179_timevae_0,1977-09-30,430.3969
ID18_timevae_0,1978-06-30,23803.984
ID18_timevae_0,1978-09-30,24526.193
ID18_timevae_0,1978-12-31,20312.885
ID18_timevae_0,1979-03-31,14871.848
ID18_timevae_0,1979-06-30,24012.535
ID18_timevae_0,1979-09-30,15335.947
ID18_timevae_0,1979-12-31,16670.28
ID18_timevae_0,1980-03-31,22367.521
ID18_timevae_0,1980-06-30,22650.348
ID18_timevae_0,1980-09-30,19256.385
ID18_timevae_0,1980-12-31,21068.139
ID18_timevae_0,1981-03-31,18245.795
ID18_timevae_0,1981-06-30,20876.162
ID18_timevae_0,1981-09-30,30819.922
ID18_timevae_0,1981-12-31,27923.83
ID18_timevae_0,1982-03-31,25711.855
ID18_timevae_0,1982-06-30,26114.955
ID18_timevae_0,1982-09-30,24406.248
ID18_timevae_0,1982-12-31,24372.553
ID18_timevae_0,1983-03-31,21498.59
ID18_timevae_0,1983-06-30,18303.418
ID18_timevae_0,1983-09-30,22338.848
ID18_timevae_0,1983-12-31,25818.988
ID18_timevae_0,1984-03-31,14781.36
ID18_timevae_0,1984-06-30,15897.86
ID18_timevae_0,1984-09-30,22907.92
ID18_timevae_0,1984-12-31,17164.121
ID18_timevae_0,1985-03-31,19619.645
ID18_timevae_0,1985-06-30,29539.322
ID18_timevae_0,1985-09-30,22346.826
ID180_timevae_0,1969-12-31,-1333.4855
ID180_timevae_0,1970-03-31,-714.9853
ID180_timevae_0,1970-06-30,-154.54616
ID180_timevae_0,1970-09-30,472.13477
ID180_timevae_0,1970-12-31,-1181.8838
ID180_timevae_0,1971-03-31,209.27058
ID180_timevae_0,1971-06-30,100.44911
ID180_timevae_0,1971-09-30,208.98532
ID180_timevae_0,1971-12-31,-791.19965
ID180_timevae_0,1972-03-31,-709.50323
ID180_timevae_0,1972-06-30,276.4508
ID180_timevae_0,1972-09-30,-367.98492
ID180_timevae_0,1972-12-31,-285.4852
ID180_timevae_0,1973-03-31,-1379.0518
ID180_timevae_0,1973-06-30,-537.2335
ID180_timevae_0,1973-09-30,-119.68038
ID180_timevae_0,1973-12-31,-241.53531
ID180_timevae_0,1974-03-31,132.385
ID180_timevae_0,1974-06-30,825.10236
ID180_timevae_0,1974-09-30,421.59787
ID180_timevae_0,1974-12-31,138.3424
ID180_timevae_0,1975-03-31,380.9404
ID180_timevae_0,1975-06-30,543.5602
ID180_timevae_0,1975-09-30,886.641
ID180_timevae_0,1975-12-31,890.41364
ID180_timevae_0,1976-03-31,-94.19963
ID180_timevae_0,1976-06-30,1154.3007
ID180_timevae_0,1976-09-30,164.70638
ID180_timevae_0,1976-12-31,-696.78644
ID180_timevae_0,1977-03-31,676.82715
ID180_timevae_0,1977-06-30,334.73694
ID180_timevae_0,1977-09-30,762.0162
ID181_timevae_0,1969-12-31,2151.9731
ID181_timevae_0,1970-03-31,1204.4637
ID181_timevae_0,1970-06-30,1808.1187
ID181_timevae_0,1970-09-30,1822.1277
ID181_timevae_0,1970-12-31,2177.691
ID181_timevae_0,1971-03-31,1524.0342
ID181_timevae_0,1971-06-30,1878.0941
ID181_timevae_0,1971-09-30,2441.8765
ID181_timevae_0,1971-12-31,2073.8716
ID181_timevae_0,1972-03-31,1403.2139
ID181_timevae_0,1972-06-30,2545.6262
ID181_timevae_0,1972-09-30,1861.0834
ID181_timevae_0,1972-12-31,2226.597
ID181_timevae_0,1973-03-31,1616.4105
ID181_timevae_0,1973-06-30,2263.056
ID181_timevae_0,1973-09-30,2216.456
ID181_timevae_0,1973-12-31,2780.6008
ID181_timevae_0,1974-03-31,2494.0476
ID181_timevae_0,1974-06-30,2692.119
ID181_timevae_0,1974-09-30,2335.7705
ID181_timevae_0,1974-12-31,2392.8499
ID181_timevae_0,1975-03-31,2247.5908
ID181_timevae_0,1975-06-30,2746.4038
ID181_timevae_0,1975-09-30,2528.935
ID181_timevae_0,1975-12-31,2884.6711
ID181_timevae_0,1976-03-31,1992.9061
ID181_timevae_0,1976-06-30,2501.6726
ID181_timevae_0,1976-09-30,2228.8394
ID181_timevae_0,1976-12-31,2818.9797
ID181_timevae_0,1977-03-31,2705.7363
ID181_timevae_0,1977-06-30,2139.6616
ID181_timevae_0,1977-09-30,1733.261
ID182_timevae_0,1969-12-31,4833.839
ID182_timevae_0,1970-03-31,4885.698
ID182_timevae_0,1970-06-30,4300.601
ID182_timevae_0,1970-09-30,2635.4502
ID182_timevae_0,1970-12-31,5009.133
ID182_timevae_0,1971-03-31,3078.469
ID182_timevae_0,1971-06-30,3603.4314
ID182_timevae_0,1971-09-30,4756.108
ID182_timevae_0,1971-12-31,4454.4707
ID182_timevae_0,1972-03-31,3804.6
ID182_timevae_0,1972-06-30,4950.7593
ID182_timevae_0,1972-09-30,3365.0725
ID182_timevae_0,1972-12-31,4435.4023
ID182_timevae_0,1973-03-31,6163.58
ID182_timevae_0,1973-06-30,6021.176
ID182_timevae_0,1973-09-30,5216.1772
ID182_timevae_0,1973-12-31,5666.1743
ID182_timevae_0,1974-03-31,5646.5376
ID182_timevae_0,1974-06-30,5792.0356
ID182_timevae_0,1974-09-30,4572.1685
ID182_timevae_0,1974-12-31,4067.4822
ID182_timevae_0,1975-03-31,4964.515
ID182_timevae_0,1975-06-30,6180.9956
ID182_timevae_0,1975-09-30,3602.2585
ID182_timevae_0,1975-12-31,3987.0457
ID182_timevae_0,1976-03-31,4950.2583
ID182_timevae_0,1976-06-30,4217.387
ID182_timevae_0,1976-09-30,3791.0361
ID182_timevae_0,1976-12-31,6408.2207
ID182_timevae_0,1977-03-31,5216.6167
ID182_timevae_0,1977-06-30,4214.867
ID182_timevae_0,1977-09-30,1307.171
ID183_timevae_0,1969-12-31,974.76697
ID183_timevae_0,1970-03-31,771.7115
ID183_timevae_0,1970-06-30,1080.2992
ID183_timevae_0,1970-09-30,1185.9679
ID183_timevae_0,1970-12-31,1032.0573
ID183_timevae_0,1971-03-31,1222.1747
ID183_timevae_0,1971-06-30,1284.8641
ID183_timevae_0,1971-09-30,1451.2654
ID183_timevae_0,1971-12-31,883.4347
ID183_timevae_0,1972-03-31,871.9882
ID183_timevae_0,1972-06-30,1696.1556
ID183_timevae_0,1972-09-30,988.01135
ID183_timevae_0,1972-12-31,1387.2762
ID183_timevae_0,1973-03-31,572.0815
ID183_timevae_0,1973-06-30,1132.3662
ID183_timevae_0,1973-09-30,1184.501
ID183_timevae_0,1973-12-31,1490.9164
ID183_timevae_0,1974-03-31,1745.8156
ID183_timevae_0,1974-06-30,1764.9227
ID183_timevae_0,1974-09-30,1474.3588
ID183_timevae_0,1974-12-31,1624.8676
ID183_timevae_0,1975-03-31,1615.259
ID183_timevae_0,1975-06-30,1941.4523
ID183_timevae_0,1975-09-30,2045.0953
ID183_timevae_0,1975-12-31,2057.836
ID183_timevae_0,1976-03-31,1314.9695
ID183_timevae_0,1976-06-30,1937.4597
ID183_timevae_0,1976-09-30,1185.1056
ID183_timevae_0,1976-12-31,1417.2982
ID183_timevae_0,1977-03-31,1986.5944
ID183_timevae_0,1977-06-30,1334.0459
ID183_timevae_0,1977-09-30,996.3696
ID184_timevae_0,1969-12-31,-241.22502
ID184_timevae_0,1970-03-31,404.45563
ID184_timevae_0,1970-06-30,415.06317
ID184_timevae_0,1970-09-30,529.2071
ID184_timevae_0,1970-12-31,-136.45502
ID184_timevae_0,1971-03-31,893.68207
ID184_timevae_0,1971-06-30,679.04047
ID184_timevae_0,1971-09-30,505.16373
ID184_timevae_0,1971-12-31,-270.81335
ID184_timevae_0,1972-03-31,340.26663
ID184_timevae_0,1972-06-30,887.57007
ID184_timevae_0,1972-09-30,87.0729
ID184_timevae_0,1972-12-31,508.17007
ID184_timevae_0,1973-03-31,-347.9373
ID184_timevae_0,1973-06-30,117.35022
ID184_timevae_0,1973-09-30,241.73772
ID184_timevae_0,1973-12-31,248.27312
ID184_timevae_0,1974-03-31,1074.4996
ID184_timevae_0,1974-06-30,973.9432
ID184_timevae_0,1974-09-30,687.4222
ID184_timevae_0,1974-12-31,810.787
ID184_timevae_0,1975-03-31,1033.5795
ID184_timevae_0,1975-06-30,1218.8298
ID184_timevae_0,1975-09-30,1505.3403
ID184_timevae_0,1975-12-31,1224.8984
ID184_timevae_0,1976-03-31,704.6223
ID184_timevae_0,1976-06-30,1401.3384
ID184_timevae_0,1976-09-30,186.63599
ID184_timevae_0,1976-12-31,76.604
ID184_timevae_0,1977-03-31,1332.0304
ID184_timevae_0,1977-06-30,593.2742
ID184_timevae_0,1977-09-30,261.02237
ID185_timevae_0,1969-12-31,-2257.8643
ID185_timevae_0,1970-03-31,-1112.6725
ID185_timevae_0,1970-06-30,-592.4271
ID185_timevae_0,1970-09-30,123.49196
ID185_timevae_0,1970-12-31,-2026.847
ID185_timevae_0,1971-03-31,-179.0457
ID185_timevae_0,1971-06-30,-467.20908
ID185_timevae_0,1971-09-30,-125.78372
ID185_timevae_0,1971-12-31,-1439.6405
ID185_timevae_0,1972-03-31,-1259.6829
ID185_timevae_0,1972-06-30,-284.98523
ID185_timevae_0,1972-09-30,-869.0939
ID185_timevae_0,1972-12-31,-988.01385
ID185_timevae_0,1973-03-31,-1888.9061
ID185_timevae_0,1973-06-30,-1092.1086
ID185_timevae_0,1973-09-30,-456.5112
ID185_timevae_0,1973-12-31,-857.4692
ID185_timevae_0,1974-03-31,-296.78333
ID185_timevae_0,1974-06-30,516.37866
ID185_timevae_0,1974-09-30,75.05644
ID185_timevae_0,1974-12-31,-602.6311
ID185_timevae_0,1975-03-31,52.12113
ID185_timevae_0,1975-06-30,51.452637
ID185_timevae_0,1975-09-30,461.1723
ID185_timevae_0,1975-12-31,455.96017
ID185_timevae_0,1976-03-31,-462.8244
ID185_timevae_0,1976-06-30,730.2754
ID185_timevae_0,1976-09-30,-133.66707
ID185_timevae_0,1976-12-31,-1521.724
ID185_timevae_0,1977-03-31,251.94917
ID185_timevae_0,1977-06-30,-38.91757
ID185_timevae_0,1977-09-30,611.42554
ID186_timevae_0,1969-12-31,1121.6068
ID186_timevae_0,1970-03-31,974.76526
ID186_timevae_0,1970-06-30,1278.455
ID186_timevae_0,1970-09-30,1147.7847
ID186_timevae_0,1970-12-31,1180.9218
ID186_timevae_0,1971-03-31,1286.4075
ID186_timevae_0,1971-06-30,1415.7083
ID186_timevae_0,1971-09-30,1512.4479
ID186_timevae_0,1971-12-31,1010.9573
ID186_timevae_0,1972-03-31,1028.516
ID186_timevae_0,1972-06-30,1887.9242
ID186_timevae_0,1972-09-30,1016.9065
ID186_timevae_0,1972-12-31,1467.3717
ID186_timevae_0,1973-03-31,836.2167
ID186_timevae_0,1973-06-30,1396.4664
ID186_timevae_0,1973-09-30,1293.0767
ID186_timevae_0,1973-12-31,1615.3077
ID186_timevae_0,1974-03-31,1955.6211
ID186_timevae_0,1974-06-30,1959.9458
ID186_timevae_0,1974-09-30,1559.3618
ID186_timevae_0,1974-12-31,1686.723
ID186_timevae_0,1975-03-31,1746.7704
ID186_timevae_0,1975-06-30,2161.4226
ID186_timevae_0,1975-09-30,2062.508
ID186_timevae_0,1975-12-31,2113.202
ID186_timevae_0,1976-03-31,1488.8074
ID186_timevae_0,1976-06-30,2047.8369
ID186_timevae_0,1976-09-30,1216.2356
ID186_timevae_0,1976-12-31,1603.6986
ID186_timevae_0,1977-03-31,2145.257
ID186_timevae_0,1977-06-30,1489.036
ID186_timevae_0,1977-09-30,909.8697
ID187_timevae_0,1969-12-31,-2677.5906
ID187_timevae_0,1970-03-31,-1570.5792
ID187_timevae_0,1970-06-30,-868.71655
ID187_timevae_0,1970-09-30,123.84115
ID187_timevae_0,1970-12-31,-2411.5208
ID187_timevae_0,1971-03-31,-431.04123
ID187_timevae_0,1971-06-30,-756.859
ID187_timevae_0,1971-09-30,-150.78741
ID187_timevae_0,1971-12-31,-1712.5509
ID187_timevae_0,1972-03-31,-1686.2911
ID187_timevae_0,1972-06-30,-580.39
ID187_timevae_0,1972-09-30,-985.7723
ID187_timevae_0,1972-12-31,-1333.2882
ID187_timevae_0,1973-03-31,-2324.238
ID187_timevae_0,1973-06-30,-1424.49
ID187_timevae_0,1973-09-30,-564.3002
ID187_timevae_0,1973-12-31,-1025.8793
ID187_timevae_0,1974-03-31,-662.55896
ID187_timevae_0,1974-06-30,367.01523
ID187_timevae_0,1974-09-30,-78.699104
ID187_timevae_0,1974-12-31,-989.90125
ID187_timevae_0,1975-03-31,-156.10796
ID187_timevae_0,1975-06-30,-261.06802
ID187_timevae_0,1975-09-30,281.42874
ID187_timevae_0,1975-12-31,318.55746
ID187_timevae_0,1976-03-31,-746.61597
ID187_timevae_0,1976-06-30,524.4444
ID187_timevae_0,1976-09-30,-102.45579
ID187_timevae_0,1976-12-31,-1948.1262
ID187_timevae_0,1977-03-31,-62.382748
ID187_timevae_0,1977-06-30,-188.87755
ID187_timevae_0,1977-09-30,804.2722
ID188_timevae_0,1969-12-31,-4682.8086
ID188_timevae_0,1970-03-31,-1012.6638
ID188_timevae_0,1970-06-30,-1614.5812
ID188_timevae_0,1970-09-30,-1378.6858
ID188_timevae_0,1970-12-31,-4087.2642
ID188_timevae_0,1971-03-31,-668.82733
ID188_timevae_0,1971-06-30,-1994.2885
ID188_timevae_0,1971-09-30,-1430.1167
ID188_timevae_0,1971-12-31,-3891.8801
ID188_timevae_0,1972-03-31,-1855.2783
ID188_timevae_0,1972-06-30,-1809.8975
ID188_timevae_0,1972-09-30,-2629.095
ID188_timevae_0,1972-12-31,-3269.2266
ID188_timevae_0,1973-03-31,-2703.4531
ID188_timevae_0,1973-06-30,-2606.4263
ID188_timevae_0,1973-09-30,-1662.9447
ID188_timevae_0,1973-12-31,-3006.983
ID188_timevae_0,1974-03-31,-649.85297
ID188_timevae_0,1974-06-30,-692.26715
ID188_timevae_0,1974-09-30,-1118.064
ID188_timevae_0,1974-12-31,-3083.806
ID188_timevae_0,1975-03-31,-290.4013
ID188_timevae_0,1975-06-30,-957.59406
ID188_timevae_0,1975-09-30,-584.4519
ID188_timevae_0,1975-12-31,-1365.5178
ID188_timevae_0,1976-03-31,-709.343
ID188_timevae_0,1976-06-30,-750.7836
ID188_timevae_0,1976-09-30,-1969.1917
ID188_timevae_0,1976-12-31,-4394.2017
ID188_timevae_0,1977-03-31,-570.4254
ID188_timevae_0,1977-06-30,-1510.3494
ID188_timevae_0,1977-09-30,-1388.067
ID189_timevae_0,1969-12-31,485.25177
ID189_timevae_0,1970-03-31,444.4849
ID189_timevae_0,1970-06-30,773.05475
ID189_timevae_0,1970-09-30,966.22473
ID189_timevae_0,1970-12-31,543.0873
ID189_timevae_0,1971-03-31,1052.6129
ID189_timevae_0,1971-06-30,1064.3546
ID189_timevae_0,1971-09-30,1057.755
ID189_timevae_0,1971-12-31,430.7317
ID189_timevae_0,1972-03-31,551.3563
ID189_timevae_0,1972-06-30,1365.3191
ID189_timevae_0,1972-09-30,637.86926
ID189_timevae_0,1972-12-31,1053.2004
ID189_timevae_0,1973-03-31,48.573647
ID189_timevae_0,1973-06-30,672.3143
ID189_timevae_0,1973-09-30,738.5762
ID189_timevae_0,1973-12-31,1022.61707
ID189_timevae_0,1974-03-31,1338.7731
ID189_timevae_0,1974-06-30,1435.3883
ID189_timevae_0,1974-09-30,1087.3575
ID189_timevae_0,1974-12-31,1318.3015
ID189_timevae_0,1975-03-31,1310.6808
ID189_timevae_0,1975-06-30,1597.341
ID189_timevae_0,1975-09-30,1793.5504
ID189_timevae_0,1975-12-31,1758.9347
ID189_timevae_0,1976-03-31,959.994
ID189_timevae_0,1976-06-30,1757.2762
ID189_timevae_0,1976-09-30,813.63
ID189_timevae_0,1976-12-31,859.637
ID189_timevae_0,1977-03-31,1638.1495
ID189_timevae_0,1977-06-30,1063.5986
ID189_timevae_0,1977-09-30,815.79254
ID19_timevae_0,1978-06-30,461852.47
ID19_timevae_0,1978-09-30,427919.2
ID19_timevae_0,1978-12-31,401542.1
ID19_timevae_0,1979-03-31,392066.12
ID19_timevae_0,1979-06-30,420493.12
ID19_timevae_0,1979-09-30,386369.66
ID19_timevae_0,1979-12-31,403612.1
ID19_timevae_0,1980-03-31,403598.66
ID19_timevae_0,1980-06-30,523176.06
ID19_timevae_0,1980-09-30,481425.34
ID19_timevae_0,1980-12-31,480330.56
ID19_timevae_0,1981-03-31,453700.88
ID19_timevae_0,1981-06-30,510773.66
ID19_timevae_0,1981-09-30,454406.4
ID19_timevae_0,1981-12-31,446276.47
ID19_timevae_0,1982-03-31,507039.44
ID19_timevae_0,1982-06-30,548177.56
ID19_timevae_0,1982-09-30,552115.75
ID19_timevae_0,1982-12-31,535459.75
ID19_timevae_0,1983-03-31,615325.44
ID19_timevae_0,1983-06-30,621629.7
ID19_timevae_0,1983-09-30,563576.6
ID19_timevae_0,1983-12-31,601568.9
ID19_timevae_0,1984-03-31,742702.44
ID19_timevae_0,1984-06-30,736673.56
ID19_timevae_0,1984-09-30,659729.7
ID19_timevae_0,1984-12-31,484304.03
ID19_timevae_0,1985-03-31,404607.4
ID19_timevae_0,1985-06-30,389255.66
ID19_timevae_0,1985-09-30,411397.5
ID194_timevae_0,1975-12-31,-350.58905
ID194_timevae_0,1976-03-31,-144.0399
ID194_timevae_0,1976-06-30,189.27992
ID194_timevae_0,1976-09-30,719.98627
ID194_timevae_0,1976-12-31,-266.11893
ID194_timevae_0,1977-03-31,713.8499
ID194_timevae_0,1977-06-30,543.48895
ID194_timevae_0,1977-09-30,565.8027
ID194_timevae_0,1977-12-31,-183.31345
ID194_timevae_0,1978-03-31,-41.865353
ID194_timevae_0,1978-06-30,723.7478
ID194_timevae_0,1978-09-30,128.3462
ID194_timevae_0,1978-12-31,477.4911
ID194_timevae_0,1979-03-31,-742.49
ID194_timevae_0,1979-06-30,-103.9712
ID194_timevae_0,1979-09-30,192.84999
ID194_timevae_0,1979-12-31,393.66898
ID194_timevae_0,1980-03-31,699.2521
ID194_timevae_0,1980-06-30,951.3376
ID194_timevae_0,1980-09-30,641.43915
ID194_timevae_0,1980-12-31,814.111
ID194_timevae_0,1981-03-31,847.8233
ID194_timevae_0,1981-06-30,945.32007
ID194_timevae_0,1981-09-30,1362.8643
ID194_timevae_0,1981-12-31,1365.6849
ID194_timevae_0,1982-03-31,412.33722
ID194_timevae_0,1982-06-30,1384.3563
ID194_timevae_0,1982-09-30,414.4758
ID194_timevae_0,1982-12-31,60.508972
ID194_timevae_0,1983-03-31,1132.7722
ID194_timevae_0,1983-06-30,588.5521
ID194_timevae_0,1983-09-30,760.32513
ID194_timevae_0,1983-12-31,1157.4242
ID194_timevae_0,1984-03-31,-877.4181
ID194_timevae_0,1984-06-30,125.77732
ID194_timevae_0,1984-09-30,469.26202
ID195_timevae_0,1975-12-31,-4088.8486
ID195_timevae_0,1976-03-31,-1728.0977
ID195_timevae_0,1976-06-30,-1665.6869
ID195_timevae_0,1976-09-30,-564.97095
ID195_timevae_0,1976-12-31,-3600.3232
ID195_timevae_0,1977-03-31,-760.7507
ID195_timevae_0,1977-06-30,-1821.7827
ID195_timevae_0,1977-09-30,-759.2471
ID195_timevae_0,1977-12-31,-3069.6987
ID195_timevae_0,1978-03-31,-2175.8284
ID195_timevae_0,1978-06-30,-1651.1943
ID195_timevae_0,1978-09-30,-1888.3794
ID195_timevae_0,1978-12-31,-2648.9468
ID195_timevae_0,1979-03-31,-2951.846
ID195_timevae_0,1979-06-30,-2515.7827
ID195_timevae_0,1979-09-30,-1175.477
ID195_timevae_0,1979-12-31,-2146.513
ID195_timevae_0,1980-03-31,-994.36285
ID195_timevae_0,1980-06-30,-456.1273
ID195_timevae_0,1980-09-30,-705.6279
ID195_timevae_0,1980-12-31,-2427.7532
ID195_timevae_0,1981-03-31,-380.71176
ID195_timevae_0,1981-06-30,-1067.1559
ID195_timevae_0,1981-09-30,-286.6042
ID195_timevae_0,1981-12-31,-627.5955
ID195_timevae_0,1982-03-31,-968.6097
ID195_timevae_0,1982-06-30,-471.74142
ID195_timevae_0,1982-09-30,-969.4504
ID195_timevae_0,1982-12-31,-3623.3115
ID195_timevae_0,1983-03-31,-610.9092
ID195_timevae_0,1983-06-30,-1156.2815
ID195_timevae_0,1983-09-30,-51.77903
ID195_timevae_0,1983-12-31,-1440.5195
ID195_timevae_0,1984-03-31,-1603.8787
ID195_timevae_0,1984-06-30,-2393.1238
ID195_timevae_0,1984-09-30,-730.7209
ID196_timevae_0,1975-12-31,1267.979
ID196_timevae_0,1976-03-31,485.95538
ID196_timevae_0,1976-06-30,1381.999
ID196_timevae_0,1976-09-30,1492.0277
ID196_timevae_0,1976-12-31,1284.2748
ID196_timevae_0,1977-03-31,1145.573
ID196_timevae_0,1977-06-30,1639.5286
ID196_timevae_0,1977-09-30,1785.9489
ID196_timevae_0,1977-12-31,1226.8229
ID196_timevae_0,1978-03-31,756.0466
ID196_timevae_0,1978-06-30,2104.4106
ID196_timevae_0,1978-09-30,1314.1774
ID196_timevae_0,1978-12-31,1594.373
ID196_timevae_0,1979-03-31,570.6587
ID196_timevae_0,1979-06-30,1565.4185
ID196_timevae_0,1979-09-30,1442.0204
ID196_timevae_0,1979-12-31,1899.8793
ID196_timevae_0,1980-03-31,1666.4905
ID196_timevae_0,1980-06-30,2202.5957
ID196_timevae_0,1980-09-30,1669.787
ID196_timevae_0,1980-12-31,1815.7473
ID196_timevae_0,1981-03-31,1605.8546
ID196_timevae_0,1981-06-30,2242.9263
ID196_timevae_0,1981-09-30,2138.1587
ID196_timevae_0,1981-12-31,2310.374
ID196_timevae_0,1982-03-31,1254.7355
ID196_timevae_0,1982-06-30,2314.4485
ID196_timevae_0,1982-09-30,1624.398
ID196_timevae_0,1982-12-31,1781.4419
ID196_timevae_0,1983-03-31,1997.315
ID196_timevae_0,1983-06-30,1791.0608
ID196_timevae_0,1983-09-30,1487.6088
ID196_timevae_0,1983-12-31,1899.09
ID196_timevae_0,1984-03-31,-595.2071
ID196_timevae_0,1984-06-30,1216.1184
ID196_timevae_0,1984-09-30,885.1464
ID198_timevae_0,1975-12-31,-4201.749
ID198_timevae_0,1976-03-31,-1419.3778
ID198_timevae_0,1976-06-30,-1126.7349
ID198_timevae_0,1976-09-30,-920.77997
ID198_timevae_0,1976-12-31,-3722.946
ID198_timevae_0,1977-03-31,-774.1877
ID198_timevae_0,1977-06-30,-1330.9913
ID198_timevae_0,1977-09-30,-1052.4203
ID198_timevae_0,1977-12-31,-3338.6592
ID198_timevae_0,1978-03-31,-1999.9896
ID198_timevae_0,1978-06-30,-1136.9594
ID198_timevae_0,1978-09-30,-2138.5566
ID198_timevae_0,1978-12-31,-2808.0618
ID198_timevae_0,1979-03-31,-2771.254
ID198_timevae_0,1979-06-30,-1959.0621
ID198_timevae_0,1979-09-30,-1356.3793
ID198_timevae_0,1979-12-31,-2516.2422
ID198_timevae_0,1980-03-31,-849.9142
ID198_timevae_0,1980-06-30,-78.70466
ID198_timevae_0,1980-09-30,-834.16223
ID198_timevae_0,1980-12-31,-2572.4363
ID198_timevae_0,1981-03-31,-437.50592
ID198_timevae_0,1981-06-30,-479.18524
ID198_timevae_0,1981-09-30,-375.3066
ID198_timevae_0,1981-12-31,-986.2321
ID198_timevae_0,1982-03-31,-919.17804
ID198_timevae_0,1982-06-30,-63.591534
ID198_timevae_0,1982-09-30,-1387.7626
ID198_timevae_0,1982-12-31,-3749.2336
ID198_timevae_0,1983-03-31,-578.3192
ID198_timevae_0,1983-06-30,-799.7466
ID198_timevae_0,1983-09-30,-672.2989
ID198_timevae_0,1983-12-31,-1943.7039
ID198_timevae_0,1984-03-31,-1785.1337
ID198_timevae_0,1984-06-30,-2055.482
ID198_timevae_0,1984-09-30,-1292.5232
ID199_timevae_0,1975-12-31,-513.1792
ID199_timevae_0,1976-03-31,385.9847
ID199_timevae_0,1976-06-30,511.54904
ID199_timevae_0,1976-09-30,272.25565
ID199_timevae_0,1976-12-31,-401.59048
ID199_timevae_0,1977-03-31,792.5454
ID199_timevae_0,1977-06-30,747.9016
ID199_timevae_0,1977-09-30,250.36235
ID199_timevae_0,1977-12-31,-545.9902
ID199_timevae_0,1978-03-31,252.53949
ID199_timevae_0,1978-06-30,953.78577
ID199_timevae_0,1978-09-30,-178.14093
ID199_timevae_0,1978-12-31,271.97665
ID199_timevae_0,1979-03-31,-452.8383
ID199_timevae_0,1979-06-30,179.7884
ID199_timevae_0,1979-09-30,15.88188
ID199_timevae_0,1979-12-31,-50.137146
ID199_timevae_0,1980-03-31,989.3569
ID199_timevae_0,1980-06-30,1037.2888
ID199_timevae_0,1980-09-30,479.22522
ID199_timevae_0,1980-12-31,570.9599
ID199_timevae_0,1981-03-31,913.2461
ID199_timevae_0,1981-06-30,1318.9259
ID199_timevae_0,1981-09-30,1316.7648
ID199_timevae_0,1981-12-31,974.6513
ID199_timevae_0,1982-03-31,606.34094
ID199_timevae_0,1982-06-30,1471.0549
ID199_timevae_0,1982-09-30,-102.52285
ID199_timevae_0,1982-12-31,-197.49228
ID199_timevae_0,1983-03-31,1216.578
ID199_timevae_0,1983-06-30,648.8571
ID199_timevae_0,1983-09-30,-46.354435
ID199_timevae_0,1983-12-31,440.714
ID199_timevae_0,1984-03-31,-1002.9154
ID199_timevae_0,1984-06-30,33.01422
ID199_timevae_0,1984-09-30,-283.6093
ID200_timevae_0,1975-12-31,598.4778
ID200_timevae_0,1976-03-31,541.4463
ID200_timevae_0,1976-06-30,841.4936
ID200_timevae_0,1976-09-30,961.2636
ID200_timevae_0,1976-12-31,653.34186
ID200_timevae_0,1977-03-31,1108.8612
ID200_timevae_0,1977-06-30,1114.8235
ID200_timevae_0,1977-09-30,1091.7975
ID200_timevae_0,1977-12-31,528.7462
ID200_timevae_0,1978-03-31,641.9398
ID200_timevae_0,1978-06-30,1438.2767
ID200_timevae_0,1978-09-30,665.0232
ID200_timevae_0,1978-12-31,1133.9932
ID200_timevae_0,1979-03-31,179.66454
ID200_timevae_0,1979-06-30,770.68494
ID200_timevae_0,1979-09-30,783.9991
ID200_timevae_0,1979-12-31,1123.3639
ID200_timevae_0,1980-03-31,1445.5763
ID200_timevae_0,1980-06-30,1502.4747
ID200_timevae_0,1980-09-30,1119.0742
ID200_timevae_0,1980-12-31,1389.2273
ID200_timevae_0,1981-03-31,1392.2515
ID200_timevae_0,1981-06-30,1674.1643
ID200_timevae_0,1981-09-30,1806.7188
ID200_timevae_0,1981-12-31,1825.7056
ID200_timevae_0,1982-03-31,1054.601
ID200_timevae_0,1982-06-30,1795.4508
ID200_timevae_0,1982-09-30,838.752
ID200_timevae_0,1982-12-31,982.12463
ID200_timevae_0,1983-03-31,1727.8068
ID200_timevae_0,1983-06-30,1121.0067
ID200_timevae_0,1983-09-30,794.8389
ID200_timevae_0,1983-12-31,1383.2664
ID200_timevae_0,1984-03-31,-686.34515
ID200_timevae_0,1984-06-30,550.7064
ID200_timevae_0,1984-09-30,396.8068
ID201_timevae_0,1975-12-31,-1163.8629
ID201_timevae_0,1976-03-31,-745.1834
ID201_timevae_0,1976-06-30,-124.564514
ID201_timevae_0,1976-09-30,547.05743
ID201_timevae_0,1976-12-31,-1031.5226
ID201_timevae_0,1977-03-31,260.89188
ID201_timevae_0,1977-06-30,170.36568
ID201_timevae_0,1977-09-30,277.93805
ID201_timevae_0,1977-12-31,-638.0497
ID201_timevae_0,1978-03-31,-676.6867
ID201_timevae_0,1978-06-30,344.32104
ID201_timevae_0,1978-09-30,-279.27676
ID201_timevae_0,1978-12-31,-140.01189
ID201_timevae_0,1979-03-31,-1345.7308
ID201_timevae_0,1979-06-30,-482.44382
ID201_timevae_0,1979-09-30,-87.03708
ID201_timevae_0,1979-12-31,-67.93226
ID201_timevae_0,1980-03-31,150.90454
ID201_timevae_0,1980-06-30,872.13104
ID201_timevae_0,1980-09-30,434.50726
ID201_timevae_0,1980-12-31,274.32474
ID201_timevae_0,1981-03-31,429.4951
ID201_timevae_0,1981-06-30,572.05994
ID201_timevae_0,1981-09-30,916.9619
ID201_timevae_0,1981-12-31,1027.3306
ID201_timevae_0,1982-03-31,-65.28571
ID201_timevae_0,1982-06-30,1215.4115
ID201_timevae_0,1982-09-30,259.12527
ID201_timevae_0,1982-12-31,-539.636
ID201_timevae_0,1983-03-31,720.62036
ID201_timevae_0,1983-06-30,408.26266
ID201_timevae_0,1983-09-30,874.7795
ID201_timevae_0,1983-12-31,872.8277
ID201_timevae_0,1984-03-31,-1002.5905
ID201_timevae_0,1984-06-30,-94.23142
ID201_timevae_0,1984-09-30,451.43793
ID202_timevae_0,1975-12-31,-1222.1039
ID202_timevae_0,1976-03-31,-378.7219
ID202_timevae_0,1976-06-30,-43.900726
ID202_timevae_0,1976-09-30,327.2879
ID202_timevae_0,1976-12-31,-1068.4634
ID202_timevae_0,1977-03-31,356.69174
ID202_timevae_0,1977-06-30,177.78117
ID202_timevae_0,1977-09-30,128.18987
ID202_timevae_0,1977-12-31,-811.191
ID202_timevae_0,1978-03-31,-456.47125
ID202_timevae_0,1978-06-30,361.8368
ID202_timevae_0,1978-09-30,-426.75958
ID202_timevae_0,1978-12-31,-218.74696
ID202_timevae_0,1979-03-31,-1136.1251
ID202_timevae_0,1979-06-30,-434.0236
ID202_timevae_0,1979-09-30,-151.9764
ID202_timevae_0,1979-12-31,-288.63486
ID202_timevae_0,1980-03-31,369.3494
ID202_timevae_0,1980-06-30,810.8457
ID202_timevae_0,1980-09-30,383.90384
ID202_timevae_0,1980-12-31,178.48529
ID202_timevae_0,1981-03-31,515.6914
ID202_timevae_0,1981-06-30,682.04486
ID202_timevae_0,1981-09-30,932.9609
ID202_timevae_0,1981-12-31,845.25494
ID202_timevae_0,1982-03-31,96.95252
ID202_timevae_0,1982-06-30,1156.3715
ID202_timevae_0,1982-09-30,-11.833679
ID202_timevae_0,1982-12-31,-656.67834
ID202_timevae_0,1983-03-31,815.9108
ID202_timevae_0,1983-06-30,327.45642
ID202_timevae_0,1983-09-30,438.48993
ID202_timevae_0,1983-12-31,499.66028
ID202_timevae_0,1984-03-31,-1026.463
ID202_timevae_0,1984-06-30,-263.01532
ID202_timevae_0,1984-09-30,48.545155
ID21_timevae_0,1978-06-30,111180.4
ID21_timevae_0,1978-09-30,89779.41
ID21_timevae_0,1978-12-31,112190.02
ID21_timevae_0,1979-03-31,119959.85
ID21_timevae_0,1979-06-30,110973.164
ID21_timevae_0,1979-09-30,112624.08
ID21_timevae_0,1979-12-31,125798.15
ID21_timevae_0,1980-03-31,127049.484
ID21_timevae_0,1980-06-30,130397.03
ID21_timevae_0,1980-09-30,112340.11
ID21_timevae_0,1980-12-31,128853.5
ID21_timevae_0,1981-03-31,139226.03
ID21_timevae_0,1981-06-30,139537.28
ID21_timevae_0,1981-09-30,125572.89
ID21_timevae_0,1981-12-31,146885.5
ID21_timevae_0,1982-03-31,136074.72
ID21_timevae_0,1982-06-30,144408.05
ID21_timevae_0,1982-09-30,119915.89
ID21_timevae_0,1982-12-31,127795.58
ID21_timevae_0,1983-03-31,127247.484
ID21_timevae_0,1983-06-30,128694.266
ID21_timevae_0,1983-09-30,133976.42
ID21_timevae_0,1983-12-31,126549.516
ID21_timevae_0,1984-03-31,115361.41
ID21_timevae_0,1984-06-30,119011.33
ID21_timevae_0,1984-09-30,113142.59
ID21_timevae_0,1984-12-31,123152.06
ID21_timevae_0,1985-03-31,147729.6
ID21_timevae_0,1985-06-30,148888.45
ID21_timevae_0,1985-09-30,145612.34
ID21_timevae_0,1985-12-31,124262.13
ID21_timevae_0,1986-03-31,152327.55
ID21_timevae_0,1986-06-30,140073.98
ID21_timevae_0,1986-09-30,127140.88
ID21_timevae_0,1986-12-31,133859.34
ID21_timevae_0,1987-03-31,151405.77
ID21_timevae_0,1987-06-30,147825.02
ID21_timevae_0,1987-09-30,111356.125
ID23_timevae_0,1977-12-31,656.963
ID23_timevae_0,1978-03-31,1076.5074
ID23_timevae_0,1978-06-30,1492.6134
ID23_timevae_0,1978-09-30,773.882
ID23_timevae_0,1978-12-31,746.13763
ID23_timevae_0,1979-03-31,1123.4052
ID23_timevae_0,1979-06-30,1540.0101
ID23_timevae_0,1979-09-30,1185.5748
ID23_timevae_0,1979-12-31,502.2825
ID23_timevae_0,1980-03-31,956.2572
ID23_timevae_0,1980-06-30,2022.7439
ID23_timevae_0,1980-09-30,665.76953
ID23_timevae_0,1980-12-31,1037.7888
ID23_timevae_0,1981-03-31,753.1436
ID23_timevae_0,1981-06-30,1556.3813
ID23_timevae_0,1981-09-30,1061.295
ID23_timevae_0,1981-12-31,1045.7107
ID23_timevae_0,1982-03-31,1897.6779
ID23_timevae_0,1982-06-30,2067.953
ID23_timevae_0,1982-09-30,1362.0419
ID23_timevae_0,1982-12-31,1252.6602
ID23_timevae_0,1983-03-31,1568.048
ID23_timevae_0,1983-06-30,2396.8374
ID23_timevae_0,1983-09-30,1892.7854
ID23_timevae_0,1983-12-31,1624.7029
ID23_timevae_0,1984-03-31,1382.2257
ID23_timevae_0,1984-06-30,2147.3757
ID23_timevae_0,1984-09-30,782.5565
ID23_timevae_0,1984-12-31,1125.7366
ID23_timevae_0,1985-03-31,1984.1587
ID23_timevae_0,1985-06-30,1560.4271
ID23_timevae_0,1985-09-30,362.43823
ID23_timevae_0,1985-12-31,751.5926
ID23_timevae_0,1986-03-31,-757.4627
ID23_timevae_0,1986-06-30,738.20404
ID23_timevae_0,1986-09-30,-213.39551
ID23_timevae_0,1986-12-31,-917.8881
ID23_timevae_0,1987-03-31,20.934875
ID23_timevae_0,1987-06-30,892.7063
ID24_timevae_0,1977-12-31,2033.9371
ID24_timevae_0,1978-03-31,1051.3235
ID24_timevae_0,1978-06-30,1851.6838
ID24_timevae_0,1978-09-30,1743.3986
ID24_timevae_0,1978-12-31,2047.978
ID24_timevae_0,1979-03-31,1435.0767
ID24_timevae_0,1979-06-30,1946.9796
ID24_timevae_0,1979-09-30,2329.6667
ID24_timevae_0,1979-12-31,1965.8799
ID24_timevae_0,1980-03-31,1283.4396
ID24_timevae_0,1980-06-30,2601.9768
ID24_timevae_0,1980-09-30,1764.1873
ID24_timevae_0,1980-12-31,2123.485
ID24_timevae_0,1981-03-31,1458.4775
ID24_timevae_0,1981-06-30,2287.0298
ID24_timevae_0,1981-09-30,2080.1465
ID24_timevae_0,1981-12-31,2669.7686
ID24_timevae_0,1982-03-31,2359.586
ID24_timevae_0,1982-06-30,2735.8235
ID24_timevae_0,1982-09-30,2207.69
ID24_timevae_0,1982-12-31,2292.9832
ID24_timevae_0,1983-03-31,2131.6746
ID24_timevae_0,1983-06-30,2773.117
ID24_timevae_0,1983-09-30,2426.998
ID24_timevae_0,1983-12-31,2800.9783
ID24_timevae_0,1984-03-31,1865.2168
ID24_timevae_0,1984-06-30,2575.357
ID24_timevae_0,1984-09-30,2139.1646
ID24_timevae_0,1984-12-31,2688.4595
ID24_timevae_0,1985-03-31,2593.929
ID24_timevae_0,1985-06-30,2211.4797
ID24_timevae_0,1985-09-30,1694.8734
ID24_timevae_0,1985-12-31,2121.446
ID24_timevae_0,1986-03-31,-311.6699
ID24_timevae_0,1986-06-30,1451.0624
ID24_timevae_0,1986-09-30,831.8108
ID24_timevae_0,1986-12-31,1002.39465
ID24_timevae_0,1987-03-31,461.76123
ID24_timevae_0,1987-06-30,646.7203
ID25_timevae_0,1977-12-31,760.56104
ID25_timevae_0,1978-03-31,626.26733
ID25_timevae_0,1978-06-30,1218.8834
ID25_timevae_0,1978-09-30,1016.1866
ID25_timevae_0,1978-12-31,809.15497
ID25_timevae_0,1979-03-31,1091.6238
ID25_timevae_0,1979-06-30,1434.7687
ID25_timevae_0,1979-09-30,1264.2719
ID25_timevae_0,1979-12-31,673.46594
ID25_timevae_0,1980-03-31,720.365
ID25_timevae_0,1980-06-30,1839.1688
ID25_timevae_0,1980-09-30,803.1123
ID25_timevae_0,1980-12-31,1199.3005
ID25_timevae_0,1981-03-31,400.3463
ID25_timevae_0,1981-06-30,1254.7115
ID25_timevae_0,1981-09-30,989.3063
ID25_timevae_0,1981-12-31,1277.4327
ID25_timevae_0,1982-03-31,1587.0363
ID25_timevae_0,1982-06-30,1901.8815
ID25_timevae_0,1982-09-30,1283.3751
ID25_timevae_0,1982-12-31,1430.687
ID25_timevae_0,1983-03-31,1461.3037
ID25_timevae_0,1983-06-30,2078.6853
ID25_timevae_0,1983-09-30,1876.7225
ID25_timevae_0,1983-12-31,1865.961
ID25_timevae_0,1984-03-31,1157.7217
ID25_timevae_0,1984-06-30,2093.7776
ID25_timevae_0,1984-09-30,998.3387
ID25_timevae_0,1984-12-31,1200.6611
ID25_timevae_0,1985-03-31,1834.09
ID25_timevae_0,1985-06-30,1485.6232
ID25_timevae_0,1985-09-30,833.82635
ID25_timevae_0,1985-12-31,1327.2672
ID25_timevae_0,1986-03-31,-713.24805
ID25_timevae_0,1986-06-30,850.1401
ID25_timevae_0,1986-09-30,337.39233
ID25_timevae_0,1986-12-31,-353.30023
ID25_timevae_0,1987-03-31,-24.262388
ID25_timevae_0,1987-06-30,628.6745
ID37_timevae_0,1978-06-30,14322.775
ID37_timevae_0,1978-09-30,16130.888
ID37_timevae_0,1978-12-31,13385.309
ID37_timevae_0,1979-03-31,7485.3613
ID37_timevae_0,1979-06-30,14869.196
ID37_timevae_0,1979-09-30,8935.3125
ID37_timevae_0,1979-12-31,10655.774
ID37_timevae_0,1980-03-31,13510.903
ID37_timevae_0,1980-06-30,13139.499
ID37_timevae_0,1980-09-30,11875.71
ID37_timevae_0,1980-12-31,13997.456
ID37_timevae_0,1981-03-31,9986.6045
ID37_timevae_0,1981-06-30,12513.014
ID37_timevae_0,1981-09-30,20090.863
ID37_timevae_0,1981-12-31,18773.812
ID37_timevae_0,1982-03-31,15809.057
ID37_timevae_0,1982-06-30,15797.366
ID37_timevae_0,1982-09-30,15729.509
ID37_timevae_0,1982-12-31,16383.856
ID37_timevae_0,1983-03-31,12987.657
ID37_timevae_0,1983-06-30,10673.586
ID37_timevae_0,1983-09-30,13927.28
ID37_timevae_0,1983-12-31,17853.79
ID37_timevae_0,1984-03-31,8551.408
ID37_timevae_0,1984-06-30,8972.892
ID37_timevae_0,1984-09-30,14422.99
ID37_timevae_0,1984-12-31,11171.806
ID37_timevae_0,1985-03-31,10642.519
ID37_timevae_0,1985-06-30,18436.023
ID37_timevae_0,1985-09-30,13879.73
ID38_timevae_0,1978-06-30,9429.238
ID38_timevae_0,1978-09-30,9013.053
ID38_timevae_0,1978-12-31,7466.5
ID38_timevae_0,1979-03-31,5526.2715
ID38_timevae_0,1979-06-30,9732.68
ID38_timevae_0,1979-09-30,5638.6597
ID38_timevae_0,1979-12-31,6173.402
ID38_timevae_0,1980-03-31,9166.021
ID38_timevae_0,1980-06-30,8847.217
ID38_timevae_0,1980-09-30,6971.039
ID38_timevae_0,1980-12-31,8262.068
ID38_timevae_0,1981-03-31,6865.964
ID38_timevae_0,1981-06-30,8488.27
ID38_timevae_0,1981-09-30,11785.617
ID38_timevae_0,1981-12-31,10803.39
ID38_timevae_0,1982-03-31,10102.775
ID38_timevae_0,1982-06-30,10874.111
ID38_timevae_0,1982-09-30,9597.851
ID38_timevae_0,1982-12-31,9970.014
ID38_timevae_0,1983-03-31,8499.779
ID38_timevae_0,1983-06-30,7507.6133
ID38_timevae_0,1983-09-30,8826.961
ID38_timevae_0,1983-12-31,10406.757
ID38_timevae_0,1984-03-31,6059.098
ID38_timevae_0,1984-06-30,6908.8105
ID38_timevae_0,1984-09-30,8851.629
ID38_timevae_0,1984-12-31,6881.0654
ID38_timevae_0,1985-03-31,7619.521
ID38_timevae_0,1985-06-30,12099.581
ID38_timevae_0,1985-09-30,8788.688
ID39_timevae_0,1978-06-30,56747.45
ID39_timevae_0,1978-09-30,96100.66
ID39_timevae_0,1978-12-31,74959.016
ID39_timevae_0,1979-03-31,51785.555
ID39_timevae_0,1979-06-30,81180.305
ID39_timevae_0,1979-09-30,92223.32
ID39_timevae_0,1979-12-31,81486.586
ID39_timevae_0,1980-03-31,92764.15
ID39_timevae_0,1980-06-30,95547.82
ID39_timevae_0,1980-09-30,127265.12
ID39_timevae_0,1980-12-31,120991.516
ID39_timevae_0,1981-03-31,94426.07
ID39_timevae_0,1981-06-30,108195.86
ID39_timevae_0,1981-09-30,163208.02
ID39_timevae_0,1981-12-31,122277.14
ID39_timevae_0,1982-03-31,108942.35
ID39_timevae_0,1982-06-30,84345.48
ID39_timevae_0,1982-09-30,129928.26
ID39_timevae_0,1982-12-31,109218.19
ID39_timevae_0,1983-03-31,117980.04
ID39_timevae_0,1983-06-30,109821.11
ID39_timevae_0,1983-09-30,110502.45
ID39_timevae_0,1983-12-31,122352.414
ID39_timevae_0,1984-03-31,105917.36
ID39_timevae_0,1984-06-30,104542.53
ID39_timevae_0,1984-09-30,115928.77
ID39_timevae_0,1984-12-31,102709.12
ID39_timevae_0,1985-03-31,91377.766
ID39_timevae_0,1985-06-30,125297.62
ID39_timevae_0,1985-09-30,144846.39
ID40_timevae_0,1978-06-30,11945.968
ID40_timevae_0,1978-09-30,11527.141
ID40_timevae_0,1978-12-31,9867.166
ID40_timevae_0,1979-03-31,7080.727
ID40_timevae_0,1979-06-30,12284.767
ID40_timevae_0,1979-09-30,7411.792
ID40_timevae_0,1979-12-31,8289.578
ID40_timevae_0,1980-03-31,11408.759
ID40_timevae_0,1980-06-30,11262.016
ID40_timevae_0,1980-09-30,9021.561
ID40_timevae_0,1980-12-31,10744.84
ID40_timevae_0,1981-03-31,8723.448
ID40_timevae_0,1981-06-30,10774.491
ID40_timevae_0,1981-09-30,14902.724
ID40_timevae_0,1981-12-31,13910.597
ID40_timevae_0,1982-03-31,12578.71
ID40_timevae_0,1982-06-30,13618.655
ID40_timevae_0,1982-09-30,11993.062
ID40_timevae_0,1982-12-31,12757.217
ID40_timevae_0,1983-03-31,10540.445
ID40_timevae_0,1983-06-30,9483.118
ID40_timevae_0,1983-09-30,11157.324
ID40_timevae_0,1983-12-31,13275.111
ID40_timevae_0,1984-03-31,7482.269
ID40_timevae_0,1984-06-30,8668.226
ID40_timevae_0,1984-09-30,11199.848
ID40_timevae_0,1984-12-31,9018.534
ID40_timevae_0,1985-03-31,9572.315
ID40_timevae_0,1985-06-30,15086.615
ID40_timevae_0,1985-09-30,11015.088
ID44_timevae_0,1970-12-31,-946.86334
ID44_timevae_0,1971-03-31,-439.2543
ID44_timevae_0,1971-06-30,-84.98816
ID44_timevae_0,1971-09-30,562.6525
ID44_timevae_0,1971-12-31,-814.10956
ID44_timevae_0,1972-03-31,435.82254
ID44_timevae_0,1972-06-30,196.93326
ID44_timevae_0,1972-09-30,344.27362
ID44_timevae_0,1972-12-31,-544.2741
ID44_timevae_0,1973-03-31,-413.7569
ID44_timevae_0,1973-06-30,373.62515
ID44_timevae_0,1973-09-30,-183.58359
ID44_timevae_0,1973-12-31,23.345846
ID44_timevae_0,1974-03-31,-1095.5524
ID44_timevae_0,1974-06-30,-440.5015
ID44_timevae_0,1974-09-30,9.263438
ID44_timevae_0,1974-12-31,9.53393
ID44_timevae_0,1975-03-31,391.4029
ID44_timevae_0,1975-06-30,806.0085
ID44_timevae_0,1975-09-30,520.6038
ID44_timevae_0,1975-12-31,417.49826
ID44_timevae_0,1976-03-31,594.77844
ID44_timevae_0,1976-06-30,635.1003
ID44_timevae_0,1976-09-30,1079.7189
ID44_timevae_0,1976-12-31,1091.4851
ID44_timevae_0,1977-03-31,140.29092
ID44_timevae_0,1977-06-30,1170.7664
ID44_timevae_0,1977-09-30,251.50703
ID44_timevae_0,1977-12-31,-394.015
ID44_timevae_0,1978-03-31,885.7668
ID44_timevae_0,1978-06-30,355.4263
ID44_timevae_0,1978-09-30,744.9203
ID45_timevae_0,1970-12-31,240.2251
ID45_timevae_0,1971-03-31,128.27394
ID45_timevae_0,1971-06-30,410.15332
ID45_timevae_0,1971-09-30,969.6784
ID45_timevae_0,1971-12-31,293.3137
ID45_timevae_0,1972-03-31,961.3911
ID45_timevae_0,1972-06-30,798.6946
ID45_timevae_0,1972-09-30,899.3169
ID45_timevae_0,1972-12-31,246.41739
ID45_timevae_0,1973-03-31,301.3676
ID45_timevae_0,1973-06-30,1006.6141
ID45_timevae_0,1973-09-30,517.3215
ID45_timevae_0,1973-12-31,926.3436
ID45_timevae_0,1974-03-31,-359.31113
ID45_timevae_0,1974-06-30,203.4273
ID45_timevae_0,1974-09-30,506.86172
ID45_timevae_0,1974-12-31,846.627
ID45_timevae_0,1975-03-31,1018.4094
ID45_timevae_0,1975-06-30,1101.1672
ID45_timevae_0,1975-09-30,895.50433
ID45_timevae_0,1975-12-31,1221.9948
ID45_timevae_0,1976-03-31,1120.2233
ID45_timevae_0,1976-06-30,1194.9977
ID45_timevae_0,1976-09-30,1685.75
ID45_timevae_0,1976-12-31,1694.6074
ID45_timevae_0,1977-03-31,701.2996
ID45_timevae_0,1977-06-30,1541.2319
ID45_timevae_0,1977-09-30,715.996
ID45_timevae_0,1977-12-31,573.6089
ID45_timevae_0,1978-03-31,1406.8503
ID45_timevae_0,1978-06-30,782.7104
ID45_timevae_0,1978-09-30,922.2838
ID5_timevae_0,1978-06-30,1874.0054
ID5_timevae_0,1978-09-30,899.94214
ID5_timevae_0,1978-12-31,1538.6372
ID5_timevae_0,1979-03-31,1783.4655
ID5_timevae_0,1979-06-30,1895.0548
ID5_timevae_0,1979-09-30,1404.8247
ID5_timevae_0,1979-12-31,1698.5459
ID5_timevae_0,1980-03-31,2253.0293
ID5_timevae_0,1980-06-30,1818.181
ID5_timevae_0,1980-09-30,1163.6888
ID5_timevae_0,1980-12-31,2276.6182
ID5_timevae_0,1981-03-31,1728.2373
ID5_timevae_0,1981-06-30,2043.3699
ID5_timevae_0,1981-09-30,1196.0797
ID5_timevae_0,1981-12-31,1878.4827
ID5_timevae_0,1982-03-31,1964.9508
ID5_timevae_0,1982-06-30,2511.5793
ID5_timevae_0,1982-09-30,2172.8572
ID5_timevae_0,1982-12-31,2399.6926
ID5_timevae_0,1983-03-31,2133.869
ID5_timevae_0,1983-06-30,2242.8586
ID5_timevae_0,1983-09-30,2016.9144
ID5_timevae_0,1983-12-31,2431.5515
ID5_timevae_0,1984-03-31,2440.8088
ID5_timevae_0,1984-06-30,2747.3354
ID5_timevae_0,1984-09-30,1714.0856
ID5_timevae_0,1984-12-31,2343.2905
ID5_timevae_0,1985-03-31,2081.114
ID5_timevae_0,1985-06-30,2470.0596
ID5_timevae_0,1985-09-30,2449.5889
ID50_timevae_0,1962-12-31,967.46094
ID50_timevae_0,1963-03-31,578.7706
ID50_timevae_0,1963-06-30,1105.0354
ID50_timevae_0,1963-09-30,1221.993
ID50_timevae_0,1963-12-31,1005.85406
ID50_timevae_0,1964-03-31,1161.0516
ID50_timevae_0,1964-06-30,1360.4038
ID50_timevae_0,1964-09-30,1446.6677
ID50_timevae_0,1964-12-31,899.8395
ID50_timevae_0,1965-03-31,750.2028
ID50_timevae_0,1965-06-30,1758.1719
ID50_timevae_0,1965-09-30,996.9226
ID50_timevae_0,1965-12-31,1390.7062
ID50_timevae_0,1966-03-31,431.58502
ID50_timevae_0,1966-06-30,1162.7405
ID50_timevae_0,1966-09-30,1131.0182
ID50_timevae_0,1966-12-31,1529.62
ID50_timevae_0,1967-03-31,1609.2224
ID50_timevae_0,1967-06-30,1832.8322
ID50_timevae_0,1967-09-30,1412.0243
ID50_timevae_0,1967-12-31,1627.3096
ID50_timevae_0,1968-03-31,1537.418
ID50_timevae_0,1968-06-30,1955.1699
ID50_timevae_0,1968-09-30,1991.9976
ID50_timevae_0,1968-12-31,2084.4788
ID50_timevae_0,1969-03-31,1201.7161
ID50_timevae_0,1969-06-30,2030.172
ID50_timevae_0,1969-09-30,1227.3278
ID50_timevae_0,1969-12-31,1411.7864
ID50_timevae_0,1970-03-31,1901.8584
ID50_timevae_0,1970-06-30,1431.4724
ID50_timevae_0,1970-09-30,1114.0668
ID50_timevae_0,1970-12-31,1633.0995
ID50_timevae_0,1971-03-31,-619.0385
ID50_timevae_0,1971-06-30,847.4444
ID50_timevae_0,1971-09-30,612.1521
ID51_timevae_0,1968-12-31,-2543.4749
ID51_timevae_0,1969-03-31,-1273.7627
ID51_timevae_0,1969-06-30,-858.94446
ID51_timevae_0,1969-09-30,19.609
ID51_timevae_0,1969-12-31,-2276.6116
ID51_timevae_0,1970-03-31,-274.22083
ID51_timevae_0,1970-06-30,-771.27167
ID51_timevae_0,1970-09-30,-228.35957
ID51_timevae_0,1970-12-31,-1644.8999
ID51_timevae_0,1971-03-31,-1449.668
ID51_timevae_0,1971-06-30,-593.29767
ID51_timevae_0,1971-09-30,-1043.4617
ID51_timevae_0,1971-12-31,-1218.5425
ID51_timevae_0,1972-03-31,-2089.676
ID51_timevae_0,1972-06-30,-1416.13
ID51_timevae_0,1972-09-30,-593.43475
ID51_timevae_0,1972-12-31,-997.254
ID51_timevae_0,1973-03-31,-440.8894
ID51_timevae_0,1973-06-30,304.97974
ID51_timevae_0,1973-09-30,-87.4813
ID51_timevae_0,1973-12-31,-868.0324
ID51_timevae_0,1974-03-31,-11.954245
ID51_timevae_0,1974-06-30,-235.94672
ID51_timevae_0,1974-09-30,296.46646
ID51_timevae_0,1974-12-31,357.34702
ID51_timevae_0,1975-03-31,-558.832
ID51_timevae_0,1975-06-30,472.73447
ID51_timevae_0,1975-09-30,-231.88725
ID51_timevae_0,1975-12-31,-1828.8303
ID51_timevae_0,1976-03-31,106.81704
ID51_timevae_0,1976-06-30,-264.5139
ID51_timevae_0,1976-09-30,585.14514
ID52_timevae_0,1968-12-31,-3254.6655
ID52_timevae_0,1969-03-31,-1054.56
ID52_timevae_0,1969-06-30,-1002.81635
ID52_timevae_0,1969-09-30,-524.9645
ID52_timevae_0,1969-12-31,-2873.651
ID52_timevae_0,1970-03-31,-375.19318
ID52_timevae_0,1970-06-30,-1089.8933
ID52_timevae_0,1970-09-30,-683.74695
ID52_timevae_0,1970-12-31,-2439.1858
ID52_timevae_0,1971-03-31,-1496.8602
ID52_timevae_0,1971-06-30,-901.3033
ID52_timevae_0,1971-09-30,-1621.5803
ID52_timevae_0,1971-12-31,-1912.53
ID52_timevae_0,1972-03-31,-2205.7654
ID52_timevae_0,1972-06-30,-1701.5615
ID52_timevae_0,1972-09-30,-969.00964
ID52_timevae_0,1972-12-31,-1740.4985
ID52_timevae_0,1973-03-31,-431.32755
ID52_timevae_0,1973-06-30,31.501762
ID52_timevae_0,1973-09-30,-434.2774
ID52_timevae_0,1973-12-31,-1612.764
ID52_timevae_0,1974-03-31,-87.36247
ID52_timevae_0,1974-06-30,-350.11322
ID52_timevae_0,1974-09-30,8.271636
ID52_timevae_0,1974-12-31,-284.6541
ID52_timevae_0,1975-03-31,-556.35675
ID52_timevae_0,1975-06-30,129.76555
ID52_timevae_0,1975-09-30,-912.3013
ID52_timevae_0,1975-12-31,-2688.799
ID52_timevae_0,1976-03-31,-78.16507
ID52_timevae_0,1976-06-30,-631.9288
ID52_timevae_0,1976-09-30,-236.84991
ID53_timevae_0,1968-12-31,-593.18787
ID53_timevae_0,1969-03-31,-454.15652
ID53_timevae_0,1969-06-30,75.07503
ID53_timevae_0,1969-09-30,736.2248
ID53_timevae_0,1969-12-31,-500.13834
ID53_timevae_0,1970-03-31,535.62366
ID53_timevae_0,1970-06-30,433.99756
ID53_timevae_0,1970-09-30,524.08344
ID53_timevae_0,1970-12-31,-278.2186
ID53_timevae_0,1971-03-31,-315.856
ID53_timevae_0,1971-06-30,609.39716
ID53_timevae_0,1971-09-30,48.431538
ID53_timevae_0,1971-12-31,302.0448
ID53_timevae_0,1972-03-31,-1003.4539
ID53_timevae_0,1972-06-30,-227.73468
ID53_timevae_0,1972-09-30,126.840355
ID53_timevae_0,1972-12-31,311.66818
ID53_timevae_0,1973-03-31,452.59338
ID53_timevae_0,1973-06-30,954.858
ID53_timevae_0,1973-09-30,593.9237
ID53_timevae_0,1973-12-31,668.5404
ID53_timevae_0,1974-03-31,683.20636
ID53_timevae_0,1974-06-30,803.675
ID53_timevae_0,1974-09-30,1219.1908
ID53_timevae_0,1974-12-31,1309.5853
ID53_timevae_0,1975-03-31,205.29643
ID53_timevae_0,1975-06-30,1359.3909
ID53_timevae_0,1975-09-30,451.8943
ID53_timevae_0,1975-12-31,-97.13352
ID53_timevae_0,1976-03-31,967.60046
ID53_timevae_0,1976-06-30,566.7222
ID53_timevae_0,1976-09-30,934.04315
ID54_timevae_0,1968-12-31,-882.8429
ID54_timevae_0,1969-03-31,-438.9541
ID54_timevae_0,1969-06-30,42.58496
ID54_timevae_0,1969-09-30,557.902
ID54_timevae_0,1969-12-31,-763.614
ID54_timevae_0,1970-03-31,442.10623
ID54_timevae_0,1970-06-30,342.569
ID54_timevae_0,1970-09-30,351.74576
ID54_timevae_0,1970-12-31,-524.43634
ID54_timevae_0,1971-03-31,-393.3941
ID54_timevae_0,1971-06-30,522.5423
ID54_timevae_0,1971-09-30,-159.09187
ID54_timevae_0,1971-12-31,60.464153
ID54_timevae_0,1972-03-31,-1076.3807
ID54_timevae_0,1972-06-30,-296.83353
ID54_timevae_0,1972-09-30,5.165415
ID54_timevae_0,1972-12-31,35.618896
ID54_timevae_0,1973-03-31,399.78552
ID54_timevae_0,1973-06-30,913.4787
ID54_timevae_0,1973-09-30,502.0643
ID54_timevae_0,1973-12-31,440.54095
ID54_timevae_0,1974-03-31,593.9911
ID54_timevae_0,1974-06-30,770.6215
ID54_timevae_0,1974-09-30,1092.3861
ID54_timevae_0,1974-12-31,1092.4177
ID54_timevae_0,1975-03-31,141.8218
ID54_timevae_0,1975-06-30,1292.1349
ID54_timevae_0,1975-09-30,250.53052
ID54_timevae_0,1975-12-31,-354.30228
ID54_timevae_0,1976-03-31,886.4624
ID54_timevae_0,1976-06-30,483.8955
ID54_timevae_0,1976-09-30,720.1586
ID57_timevae_0,1978-06-30,-946.7383
ID57_timevae_0,1978-09-30,427.89996
ID57_timevae_0,1978-12-31,263.47433
ID57_timevae_0,1979-03-31,-39.72366
ID57_timevae_0,1979-06-30,-790.9988
ID57_timevae_0,1979-09-30,707.75525
ID57_timevae_0,1979-12-31,407.71317
ID57_timevae_0,1980-03-31,-81.13405
ID57_timevae_0,1980-06-30,-862.29944
ID57_timevae_0,1980-09-30,153.16333
ID57_timevae_0,1980-12-31,611.4257
ID57_timevae_0,1981-03-31,-577.856
ID57_timevae_0,1981-06-30,-56.016033
ID57_timevae_0,1981-09-30,-551.2985
ID57_timevae_0,1981-12-31,-141.33829
ID57_timevae_0,1982-03-31,-246.6022
ID57_timevae_0,1982-06-30,-404.3305
ID57_timevae_0,1982-09-30,936.7957
ID57_timevae_0,1982-12-31,811.13965
ID57_timevae_0,1983-03-31,274.0638
ID57_timevae_0,1983-06-30,273.7153
ID57_timevae_0,1983-09-30,835.07837
ID57_timevae_0,1983-12-31,1056.5353
ID57_timevae_0,1984-03-31,1033.1583
ID57_timevae_0,1984-06-30,730.5731
ID57_timevae_0,1984-09-30,553.18146
ID57_timevae_0,1984-12-31,1198.7882
ID57_timevae_0,1985-03-31,-453.0221
ID57_timevae_0,1985-06-30,-558.774
ID57_timevae_0,1985-09-30,1145.0598
ID58_timevae_0,1977-03-31,872.48926
ID58_timevae_0,1977-06-30,546.97595
ID58_timevae_0,1977-09-30,1115.335
ID58_timevae_0,1977-12-31,1212.7633
ID58_timevae_0,1978-03-31,916.94104
ID58_timevae_0,1978-06-30,1111.8691
ID58_timevae_0,1978-09-30,1366.676
ID58_timevae_0,1978-12-31,1430.2631
ID58_timevae_0,1979-03-31,802.4167
ID58_timevae_0,1979-06-30,702.38293
ID58_timevae_0,1979-09-30,1758.2577
ID58_timevae_0,1979-12-31,980.9669
ID58_timevae_0,1980-03-31,1307.9305
ID58_timevae_0,1980-06-30,368.38837
ID58_timevae_0,1980-09-30,1157.9928
ID58_timevae_0,1980-12-31,1122.4062
ID58_timevae_0,1981-03-31,1423.6012
ID58_timevae_0,1981-06-30,1556.719
ID58_timevae_0,1981-09-30,1829.0548
ID58_timevae_0,1981-12-31,1412.232
ID58_timevae_0,1982-03-31,1548.7368
ID58_timevae_0,1982-06-30,1478.4255
ID58_timevae_0,1982-09-30,1965.9352
ID58_timevae_0,1982-12-31,2000.8193
ID58_timevae_0,1983-03-31,1997.9086
ID58_timevae_0,1983-06-30,1146.8082
ID58_timevae_0,1983-09-30,2036.028
ID58_timevae_0,1983-12-31,1200.4259
ID58_timevae_0,1984-03-31,1310.7272
ID58_timevae_0,1984-06-30,1842.7047
ID58_timevae_0,1984-09-30,1426.6956
ID58_timevae_0,1984-12-31,1087.4745
ID58_timevae_0,1985-03-31,1537.0944
ID59_timevae_0,1977-09-30,114911.125
ID59_timevae_0,1977-12-31,93867.15
ID59_timevae_0,1978-03-31,117419.57
ID59_timevae_0,1978-06-30,123593.79
ID59_timevae_0,1978-09-30,115133.87
ID59_timevae_0,1978-12-31,119094.89
ID59_timevae_0,1979-03-31,131009.59
ID59_timevae_0,1979-06-30,131923.5
ID59_timevae_0,1979-09-30,135564.89
ID59_timevae_0,1979-12-31,118684.77
ID59_timevae_0,1980-03-31,135460.05
ID59_timevae_0,1980-06-30,144936.67
ID59_timevae_0,1980-09-30,145867.19
ID59_timevae_0,1980-12-31,131777.33
ID59_timevae_0,1981-03-31,152984.27
ID59_timevae_0,1981-06-30,141373.05
ID59_timevae_0,1981-09-30,149854.12
ID59_timevae_0,1981-12-31,126623.45
ID59_timevae_0,1982-03-31,134683.97
ID59_timevae_0,1982-06-30,134304.1
ID59_timevae_0,1982-09-30,136016.28
ID59_timevae_0,1982-12-31,140482.77
ID59_timevae_0,1983-03-31,133103.27
ID59_timevae_0,1983-06-30,122422.58
ID59_timevae_0,1983-09-30,126313.76
ID59_timevae_0,1983-12-31,120281.87
ID59_timevae_0,1984-03-31,129324.99
ID59_timevae_0,1984-06-30,153113.11
ID59_timevae_0,1984-09-30,154590.9
ID59_timevae_0,1984-12-31,153559.3
ID59_timevae_0,1985-03-31,126046.234
ID59_timevae_0,1985-06-30,154964.97
ID59_timevae_0,1985-09-30,142042.17
ID59_timevae_0,1985-12-31,129880.88
ID59_timevae_0,1986-03-31,136985.92
ID59_timevae_0,1986-06-30,154406.45
ID59_timevae_0,1986-09-30,149106.98
ID59_timevae_0,1986-12-31,114265.03
ID63_timevae_0,1976-12-31,1194.7817
ID63_timevae_0,1977-03-31,494.3974
ID63_timevae_0,1977-06-30,1110.5298
ID63_timevae_0,1977-09-30,1465.4677
ID63_timevae_0,1977-12-31,1219.1166
ID63_timevae_0,1978-03-31,1192.32
ID63_timevae_0,1978-06-30,1398.104
ID63_timevae_0,1978-09-30,1690.3806
ID63_timevae_0,1978-12-31,1150.975
ID63_timevae_0,1979-03-31,755.4778
ID63_timevae_0,1979-06-30,1809.8649
ID63_timevae_0,1979-09-30,1243.1045
ID63_timevae_0,1979-12-31,1579.1211
ID63_timevae_0,1980-03-31,475.3063
ID63_timevae_0,1980-06-30,1221.2161
ID63_timevae_0,1980-09-30,1334.4149
ID63_timevae_0,1980-12-31,1812.9928
ID63_timevae_0,1981-03-31,1623.0642
ID63_timevae_0,1981-06-30,1900.3809
ID63_timevae_0,1981-09-30,1590.4712
ID63_timevae_0,1981-12-31,1816.013
ID63_timevae_0,1982-03-31,1597.0901
ID63_timevae_0,1982-06-30,1956.3196
ID63_timevae_0,1982-09-30,2127.3535
ID63_timevae_0,1982-12-31,2300.8035
ID63_timevae_0,1983-03-31,1231.3182
ID63_timevae_0,1983-06-30,2078.4583
ID63_timevae_0,1983-09-30,1524.4781
ID63_timevae_0,1983-12-31,1662.8198
ID63_timevae_0,1984-03-31,1963.4178
ID63_timevae_0,1984-06-30,1508.297
ID63_timevae_0,1984-09-30,1446.6263
ID63_timevae_0,1984-12-31,1931.4518
ID63_timevae_0,1985-03-31,-556.4415
ID63_timevae_0,1985-06-30,969.0816
ID63_timevae_0,1985-09-30,912.18427
ID63_timevae_0,1985-12-31,364.1663
ID63_timevae_0,1986-03-31,97.15196
ID63_timevae_0,1986-06-30,390.1531
ID63_timevae_0,1986-09-30,450.65353
ID8_timevae_0,1977-12-31,-390.49393
ID8_timevae_0,1978-03-31,-10.477573
ID8_timevae_0,1978-06-30,309.13605
ID8_timevae_0,1978-09-30,532.7812
ID8_timevae_0,1978-12-31,-307.45877
ID8_timevae_0,1979-03-31,739.7365
ID8_timevae_0,1979-06-30,639.5297
ID8_timevae_0,1979-09-30,413.28436
ID8_timevae_0,1979-12-31,-279.80786
ID8_timevae_0,1980-03-31,35.044907
ID8_timevae_0,1980-06-30,827.4023
ID8_timevae_0,1980-09-30,-19.810831
ID8_timevae_0,1980-12-31,426.32355
ID8_timevae_0,1981-03-31,-666.0383
ID8_timevae_0,1981-06-30,8.446926
ID8_timevae_0,1981-09-30,69.20083
ID8_timevae_0,1981-12-31,280.20917
ID8_timevae_0,1982-03-31,773.94214
ID8_timevae_0,1982-06-30,1012.3476
ID8_timevae_0,1982-09-30,516.5281
ID8_timevae_0,1982-12-31,745.84503
ID8_timevae_0,1983-03-31,865.8126
ID8_timevae_0,1983-06-30,1079.1735
ID8_timevae_0,1983-09-30,1277.7852
ID8_timevae_0,1983-12-31,1261.008
ID8_timevae_0,1984-03-31,462.4353
ID8_timevae_0,1984-06-30,1448.5284
ID8_timevae_0,1984-09-30,211.95222
ID8_timevae_0,1984-12-31,-6.083347
ID8_timevae_0,1985-03-31,1155.8743
ID8_timevae_0,1985-06-30,650.58844
ID86_timevae_0,1971-12-31,-1937.9528
ID86_timevae_0,1972-03-31,-355.84634
ID86_timevae_0,1972-06-30,-250.20718
ID86_timevae_0,1972-09-30,-131.80507
ID86_timevae_0,1972-12-31,-1716.4847
ID86_timevae_0,1973-03-31,149.08632
ID86_timevae_0,1973-06-30,-177.17484
ID86_timevae_0,1973-09-30,-328.2472
ID86_timevae_0,1973-12-31,-1388.8937
ID86_timevae_0,1974-03-31,-657.5042
ID86_timevae_0,1974-06-30,11.61925
ID86_timevae_0,1974-09-30,-983.4796
ID86_timevae_0,1974-12-31,-795.00494
ID86_timevae_0,1975-03-31,-1324.9625
ID86_timevae_0,1975-06-30,-740.6441
ID86_timevae_0,1975-09-30,-500.8367
ID86_timevae_0,1975-12-31,-920.54144
ID86_timevae_0,1976-03-31,239.7859
ID86_timevae_0,1976-06-30,607.12897
ID86_timevae_0,1976-09-30,108.2614
ID86_timevae_0,1976-12-31,-368.58325
ID86_timevae_0,1977-03-31,324.4037
ID86_timevae_0,1977-06-30,460.51892
ID86_timevae_0,1977-09-30,562.20135
ID86_timevae_0,1977-12-31,368.56903
ID86_timevae_0,1978-03-31,-43.67384
ID86_timevae_0,1978-06-30,878.7849
ID86_timevae_0,1978-09-30,-517.6867
ID86_timevae_0,1978-12-31,-1285.1855
ID86_timevae_0,1979-03-31,628.7513
ID86_timevae_0,1979-06-30,18.621367
ID86_timevae_0,1979-09-30,-63.50189
ID86_timevae_0,1979-12-31,-192.65018
ID86_timevae_0,1980-03-31,-1119.4363
ID86_timevae_0,1980-06-30,-738.591
ID86_timevae_0,1980-09-30,-520.79645
ID89_timevae_0,1976-12-31,1027.8678
ID89_timevae_0,1977-03-31,361.17245
ID89_timevae_0,1977-06-30,988.92755
ID89_timevae_0,1977-09-30,1384.817
ID89_timevae_0,1977-12-31,1048.3585
ID89_timevae_0,1978-03-31,1136.4913
ID89_timevae_0,1978-06-30,1320.2098
ID89_timevae_0,1978-09-30,1536.8645
ID89_timevae_0,1978-12-31,991.9323
ID89_timevae_0,1979-03-31,635.3852
ID89_timevae_0,1979-06-30,1685.0065
ID89_timevae_0,1979-09-30,1113.0359
ID89_timevae_0,1979-12-31,1470.9895
ID89_timevae_0,1980-03-31,269.1887
ID89_timevae_0,1980-06-30,1039.7257
ID89_timevae_0,1980-09-30,1152.8678
ID89_timevae_0,1980-12-31,1650.8557
ID89_timevae_0,1981-03-31,1463.2126
ID89_timevae_0,1981-06-30,1768.7178
ID89_timevae_0,1981-09-30,1429.5056
ID89_timevae_0,1981-12-31,1716.7396
ID89_timevae_0,1982-03-31,1483.6338
ID89_timevae_0,1982-06-30,1819.4132
ID89_timevae_0,1982-09-30,2030.0703
ID89_timevae_0,1982-12-31,2202.5076
ID89_timevae_0,1983-03-31,1094.1351
ID89_timevae_0,1983-06-30,2013.2281
ID89_timevae_0,1983-09-30,1382.8491
ID89_timevae_0,1983-12-31,1461.9078
ID89_timevae_0,1984-03-31,1830.3447
ID89_timevae_0,1984-06-30,1407.3279
ID89_timevae_0,1984-09-30,1384.6329
ID89_timevae_0,1984-12-31,1906.3206
ID89_timevae_0,1985-03-31,-607.63995
ID89_timevae_0,1985-06-30,912.2383
ID89_timevae_0,1985-09-30,913.7798
ID89_timevae_0,1985-12-31,261.67975
ID89_timevae_0,1986-03-31,20.176735
ID89_timevae_0,1986-06-30,352.8449
ID89_timevae_0,1986-09-30,450.2286
ID1_timevae_0,1974-12-31,928.0963
ID1_timevae_0,1975-03-31,323.55142
ID1_timevae_0,1975-06-30,628.3876
ID1_timevae_0,1975-09-30,778.7393
ID1_timevae_0,1975-12-31,1127.0353
ID1_timevae_0,1976-03-31,445.4828
ID1_timevae_0,1976-06-30,426.06094
ID1_timevae_0,1976-09-30,752.70953
ID1_timevae_0,1976-12-31,1224.9397
ID1_timevae_0,1977-03-31,505.36703
ID1_timevae_0,1977-06-30,738.30804
ID1_timevae_0,1977-09-30,570.5392
ID1_timevae_0,1977-12-31,1216.4818
ID1_timevae_0,1978-03-31,991.4197
ID1_timevae_0,1978-06-30,948.5895
ID1_timevae_0,1978-09-30,638.7936
ID1_timevae_0,1978-12-31,928.93475
ID1_timevae_0,1979-03-31,628.3633
ID1_timevae_0,1979-06-30,433.2469
ID1_timevae_0,1979-09-30,562.0102
ID1_timevae_0,1979-12-31,1323.0034
ID1_timevae_0,1980-03-31,601.6232
ID1_timevae_0,1980-06-30,909.32104
ID1_timevae_0,1980-09-30,600.9264
ID1_timevae_0,1980-12-31,1275.3124
ID1_timevae_0,1981-03-31,764.2781
ID1_timevae_0,1981-06-30,706.5685
ID1_timevae_0,1981-09-30,683.5358
ID1_timevae_0,1981-12-31,1174.6777
ID1_timevae_0,1982-03-31,1079.9165
ID1_timevae_0,1982-06-30,502.11417
ID1_timevae_0,1982-09-30,635.6574
ID1_timevae_0,1982-12-31,1423.4678
ID1_timevae_0,1983-03-31,658.6712
ID1_timevae_0,1983-06-30,675.20416
ID1_timevae_0,1983-09-30,981.687
ID1_timevae_0,1983-12-31,1042.1595
ID1_timevae_0,1984-03-31,698.20917
ID1_timevae_0,1984-06-30,726.19617
ID1_timevae_0,1984-09-30,660.8579
ID1_timevae_0,1984-12-31,1516.866
ID1_timevae_0,1985-03-31,512.7758
ID1_timevae_0,1985-06-30,689.7241
ID1_timevae_0,1985-09-30,505.31314
ID1_timevae_0,1985-12-31,1290.885
ID1_timevae_0,1986-03-31,769.92993
ID1_timevae_0,1986-06-30,646.8286
ID1_timevae_0,1986-09-30,840.7132
ID1_timevae_0,1986-12-31,891.4094
ID1_timevae_0,1987-03-31,516.6948
ID1_timevae_0,1987-06-30,567.18774
ID1_timevae_0,1987-09-30,755.30865
ID1_timevae_0,1987-12-31,880.79596
ID1_timevae_0,1988-03-31,423.48532
ID1_timevae_0,1988-06-30,522.6754
ID1_timevae_0,1988-09-30,532.95605
ID10_timevae_0,1977-12-31,502.96722
ID10_timevae_0,1978-03-31,153.0477
ID10_timevae_0,1978-06-30,494.21082
ID10_timevae_0,1978-09-30,368.02945
ID10_timevae_0,1978-12-31,682.77313
ID10_timevae_0,1979-03-31,217.98743
ID10_timevae_0,1979-06-30,282.08734
ID10_timevae_0,1979-09-30,340.0041
ID10_timevae_0,1979-12-31,779.0497
ID10_timevae_0,1980-03-31,302.01675
ID10_timevae_0,1980-06-30,556.252
ID10_timevae_0,1980-09-30,169.67532
ID10_timevae_0,1980-12-31,783.34485
ID10_timevae_0,1981-03-31,768.8192
ID10_timevae_0,1981-06-30,776.42175
ID10_timevae_0,1981-09-30,235.07469
ID10_timevae_0,1981-12-31,489.9526
ID10_timevae_0,1982-03-31,421.87857
ID10_timevae_0,1982-06-30,281.25714
ID10_timevae_0,1982-09-30,145.58028
ID10_timevae_0,1982-12-31,874.7188
ID10_timevae_0,1983-03-31,389.63388
ID10_timevae_0,1983-06-30,747.82587
ID10_timevae_0,1983-09-30,204.42155
ID10_timevae_0,1983-12-31,804.89276
ID10_timevae_0,1984-03-31,566.0303
ID10_timevae_0,1984-06-30,532.93964
ID10_timevae_0,1984-09-30,284.36697
ID10_timevae_0,1984-12-31,707.4982
ID10_timevae_0,1985-03-31,846.97736
ID10_timevae_0,1985-06-30,340.78214
ID10_timevae_0,1985-09-30,206.15323
ID10_timevae_0,1985-12-31,963.4104
ID10_timevae_0,1986-03-31,427.24002
ID10_timevae_0,1986-06-30,530.96326
ID10_timevae_0,1986-09-30,563.5936
ID10_timevae_0,1986-12-31,625.55206
ID10_timevae_0,1987-03-31,491.6901
ID10_timevae_0,1987-06-30,556.8311
ID10_timevae_0,1987-09-30,236.9484
ID10_timevae_0,1987-12-31,1039.0222
ID10_timevae_0,1988-03-31,286.92374
ID10_timevae_0,1988-06-30,496.57654
ID10_timevae_0,1988-09-30,104.71345
ID10_timevae_0,1988-12-31,804.37146
ID10_timevae_0,1989-03-31,544.3023
ID101_timevae_0,1976-12-31,300.9585
ID101_timevae_0,1977-03-31,27.590885
ID101_timevae_0,1977-06-30,-21.03775
ID101_timevae_0,1977-09-30,204.85013
ID101_timevae_0,1977-12-31,493.07285
ID101_timevae_0,1978-03-31,49.649887
ID101_timevae_0,1978-06-30,-154.58975
ID101_timevae_0,1978-09-30,210.66385
ID101_timevae_0,1978-12-31,521.3943
ID101_timevae_0,1979-03-31,32.19503
ID101_timevae_0,1979-06-30,195.78592
ID101_timevae_0,1979-09-30,57.32247
ID101_timevae_0,1979-12-31,438.64682
ID101_timevae_0,1980-03-31,507.62256
ID101_timevae_0,1980-06-30,260.01163
ID101_timevae_0,1980-09-30,83.1791
ID101_timevae_0,1980-12-31,237.1007
ID101_timevae_0,1981-03-31,131.30637
ID101_timevae_0,1981-06-30,-179.8444
ID101_timevae_0,1981-09-30,97.45735
ID101_timevae_0,1981-12-31,466.1628
ID101_timevae_0,1982-03-31,135.51195
ID101_timevae_0,1982-06-30,150.4344
ID101_timevae_0,1982-09-30,14.055899
ID101_timevae_0,1982-12-31,452.7625
ID101_timevae_0,1983-03-31,333.75742
ID101_timevae_0,1983-06-30,-64.16613
ID101_timevae_0,1983-09-30,185.89793
ID101_timevae_0,1983-12-31,622.52716
ID101_timevae_0,1984-03-31,485.79913
ID101_timevae_0,1984-06-30,-195.35385
ID101_timevae_0,1984-09-30,69.868324
ID101_timevae_0,1984-12-31,704.782
ID101_timevae_0,1985-03-31,243.23235
ID101_timevae_0,1985-06-30,-100.66868
ID101_timevae_0,1985-09-30,431.9718
ID101_timevae_0,1985-12-31,430.5788
ID101_timevae_0,1986-03-31,237.51923
ID101_timevae_0,1986-06-30,130.94508
ID101_timevae_0,1986-09-30,50.804436
ID101_timevae_0,1986-12-31,782.35754
ID101_timevae_0,1987-03-31,132.7373
ID101_timevae_0,1987-06-30,32.22158
ID101_timevae_0,1987-09-30,111.36187
ID101_timevae_0,1987-12-31,555.81415
ID101_timevae_0,1988-03-31,227.48126
ID101_timevae_0,1988-06-30,-46.762573
ID101_timevae_0,1988-09-30,258.98483
ID101_timevae_0,1988-12-31,304.06754
ID101_timevae_0,1989-03-31,329.53647
ID101_timevae_0,1989-06-30,-75.77018
ID101_timevae_0,1989-09-30,228.17325
ID101_timevae_0,1989-12-31,207.52328
ID101_timevae_0,1990-03-31,121.64603
ID101_timevae_0,1990-06-30,-251.90494
ID101_timevae_0,1990-09-30,134.18272
ID101_timevae_0,1990-12-31,442.7531
ID101_timevae_0,1991-03-31,325.39148
ID101_timevae_0,1991-06-30,-99.50361
ID101_timevae_0,1991-09-30,218.09085
ID101_timevae_0,1991-12-31,349.7939
ID101_timevae_0,1992-03-31,-44.566185
ID101_timevae_0,1992-06-30,146.22974
ID101_timevae_0,1992-09-30,63.677578
ID101_timevae_0,1992-12-31,331.51358
ID101_timevae_0,1993-03-31,134.3838
ID101_timevae_0,1993-06-30,-157.62946
ID101_timevae_0,1993-09-30,179.67366
ID101_timevae_0,1993-12-31,351.00687
ID101_timevae_0,1994-03-31,37.143726
ID101_timevae_0,1994-06-30,-231.34831
ID101_timevae_0,1994-09-30,236.72809
ID102_timevae_0,1971-12-31,4807.958
ID102_timevae_0,1972-03-31,3561.8389
ID102_timevae_0,1972-06-30,4764.477
ID102_timevae_0,1972-09-30,4940.329
ID102_timevae_0,1972-12-31,4507.868
ID102_timevae_0,1973-03-31,6177.7095
ID102_timevae_0,1973-06-30,5320.291
ID102_timevae_0,1973-09-30,5981.407
ID102_timevae_0,1973-12-31,5503.4927
ID102_timevae_0,1974-03-31,6335.981
ID102_timevae_0,1974-06-30,6272.888
ID102_timevae_0,1974-09-30,5931.2974
ID102_timevae_0,1974-12-31,5616.8984
ID102_timevae_0,1975-03-31,6188.424
ID102_timevae_0,1975-06-30,6152.376
ID102_timevae_0,1975-09-30,6252.507
ID102_timevae_0,1975-12-31,5859.8306
ID102_timevae_0,1976-03-31,6869.896
ID102_timevae_0,1976-06-30,6644.4897
ID102_timevae_0,1976-09-30,7145.8965
ID102_timevae_0,1976-12-31,6626.4287
ID102_timevae_0,1977-03-31,7173.7876
ID102_timevae_0,1977-06-30,8301.309
ID102_timevae_0,1977-09-30,7495.89
ID102_timevae_0,1977-12-31,7271.371
ID102_timevae_0,1978-03-31,7750.039
ID102_timevae_0,1978-06-30,7675.653
ID102_timevae_0,1978-09-30,8539.184
ID102_timevae_0,1978-12-31,7557.363
ID102_timevae_0,1979-03-31,8094.5796
ID102_timevae_0,1979-06-30,8590.756
ID102_timevae_0,1979-09-30,8411.123
ID102_timevae_0,1979-12-31,8695.837
ID102_timevae_0,1980-03-31,8996.314
ID102_timevae_0,1980-06-30,9576.374
ID102_timevae_0,1980-09-30,9069.448
ID102_timevae_0,1980-12-31,10293.247
ID102_timevae_0,1981-03-31,10161.8
ID102_timevae_0,1981-06-30,9466.649
ID102_timevae_0,1981-09-30,10068.586
ID102_timevae_0,1981-12-31,10782.312
ID102_timevae_0,1982-03-31,11323.318
ID102_timevae_0,1982-06-30,10583.45
ID102_timevae_0,1982-09-30,11032.859
ID102_timevae_0,1982-12-31,10685.641
ID102_timevae_0,1983-03-31,12866.141
ID102_timevae_0,1983-06-30,11465.369
ID102_timevae_0,1983-09-30,13272.911
ID102_timevae_0,1983-12-31,12203.308
ID102_timevae_0,1984-03-31,11741.142
ID102_timevae_0,1984-06-30,10926.809
ID102_timevae_0,1984-09-30,12277.753
ID102_timevae_0,1984-12-31,13307.133
ID102_timevae_0,1985-03-31,13556.634
ID102_timevae_0,1985-06-30,13728.31
ID102_timevae_0,1985-09-30,12438.59
ID104_timevae_0,1971-12-31,234.0144
ID104_timevae_0,1972-03-31,121.74159
ID104_timevae_0,1972-06-30,-120.23522
ID104_timevae_0,1972-09-30,156.61636
ID104_timevae_0,1972-12-31,296.1233
ID104_timevae_0,1973-03-31,21.177792
ID104_timevae_0,1973-06-30,-317.01813
ID104_timevae_0,1973-09-30,202.43591
ID104_timevae_0,1973-12-31,289.48404
ID104_timevae_0,1974-03-31,46.67311
ID104_timevae_0,1974-06-30,-17.242691
ID104_timevae_0,1974-09-30,82.54408
ID104_timevae_0,1974-12-31,335.15955
ID104_timevae_0,1975-03-31,505.42712
ID104_timevae_0,1975-06-30,72.77017
ID104_timevae_0,1975-09-30,80.48744
ID104_timevae_0,1975-12-31,24.273079
ID104_timevae_0,1976-03-31,178.37914
ID104_timevae_0,1976-06-30,-443.36603
ID104_timevae_0,1976-09-30,-26.025185
ID104_timevae_0,1976-12-31,188.58408
ID104_timevae_0,1977-03-31,22.670921
ID104_timevae_0,1977-06-30,-112.55749
ID104_timevae_0,1977-09-30,42.72168
ID104_timevae_0,1977-12-31,188.16162
ID104_timevae_0,1978-03-31,296.42932
ID104_timevae_0,1978-06-30,-319.75864
ID104_timevae_0,1978-09-30,246.23482
ID104_timevae_0,1978-12-31,402.8079
ID104_timevae_0,1979-03-31,389.46106
ID104_timevae_0,1979-06-30,-479.67105
ID104_timevae_0,1979-09-30,-78.51191
ID104_timevae_0,1979-12-31,393.17435
ID104_timevae_0,1980-03-31,206.53719
ID104_timevae_0,1980-06-30,-384.16937
ID104_timevae_0,1980-09-30,311.92877
ID104_timevae_0,1980-12-31,364.16705
ID104_timevae_0,1981-03-31,321.64523
ID104_timevae_0,1981-06-30,-143.61607
ID104_timevae_0,1981-09-30,-102.29159
ID104_timevae_0,1981-12-31,475.77997
ID104_timevae_0,1982-03-31,55.810307
ID104_timevae_0,1982-06-30,-322.6815
ID104_timevae_0,1982-09-30,110.6337
ID104_timevae_0,1982-12-31,177.06522
ID104_timevae_0,1983-03-31,44.085392
ID104_timevae_0,1983-06-30,-233.93513
ID104_timevae_0,1983-09-30,151.52791
ID104_timevae_0,1983-12-31,-23.995369
ID104_timevae_0,1984-03-31,241.6956
ID104_timevae_0,1984-06-30,-457.38437
ID104_timevae_0,1984-09-30,-154.85992
ID104_timevae_0,1984-12-31,-255.53384
ID104_timevae_0,1985-03-31,-53.261116
ID104_timevae_0,1985-06-30,-716.2349
ID104_timevae_0,1985-09-30,-192.78859
ID105_timevae_0,1971-12-31,450.41937
ID105_timevae_0,1972-03-31,87.09406
ID105_timevae_0,1972-06-30,93.34489
ID105_timevae_0,1972-09-30,369.57825
ID105_timevae_0,1972-12-31,667.75446
ID105_timevae_0,1973-03-31,136.75134
ID105_timevae_0,1973-06-30,-32.818893
ID105_timevae_0,1973-09-30,369.77887
ID105_timevae_0,1973-12-31,707.4465
ID105_timevae_0,1974-03-31,107.39144
ID105_timevae_0,1974-06-30,330.27335
ID105_timevae_0,1974-09-30,210.69759
ID105_timevae_0,1974-12-31,604.54083
ID105_timevae_0,1975-03-31,591.5245
ID105_timevae_0,1975-06-30,385.42316
ID105_timevae_0,1975-09-30,236.17444
ID105_timevae_0,1975-12-31,416.1581
ID105_timevae_0,1976-03-31,203.75435
ID105_timevae_0,1976-06-30,-38.003124
ID105_timevae_0,1976-09-30,271.34418
ID105_timevae_0,1976-12-31,652.41516
ID105_timevae_0,1977-03-31,235.86467
ID105_timevae_0,1977-06-30,292.06384
ID105_timevae_0,1977-09-30,166.02312
ID105_timevae_0,1977-12-31,642.46967
ID105_timevae_0,1978-03-31,425.3035
ID105_timevae_0,1978-06-30,75.817444
ID105_timevae_0,1978-09-30,332.0481
ID105_timevae_0,1978-12-31,796.7845
ID105_timevae_0,1979-03-31,587.3246
ID105_timevae_0,1979-06-30,-51.024033
ID105_timevae_0,1979-09-30,246.42464
ID105_timevae_0,1979-12-31,899.0752
ID105_timevae_0,1980-03-31,327.51212
ID105_timevae_0,1980-06-30,41.676212
ID105_timevae_0,1980-09-30,604.9739
ID105_timevae_0,1980-12-31,579.4143
ID105_timevae_0,1981-03-31,301.80154
ID105_timevae_0,1981-06-30,270.06406
ID105_timevae_0,1981-09-30,228.92769
ID105_timevae_0,1981-12-31,982.2121
ID105_timevae_0,1982-03-31,221.61667
ID105_timevae_0,1982-06-30,182.22488
ID105_timevae_0,1982-09-30,265.33884
ID105_timevae_0,1982-12-31,763.5732
ID105_timevae_0,1983-03-31,340.09607
ID105_timevae_0,1983-06-30,78.00563
ID105_timevae_0,1983-09-30,428.58655
ID105_timevae_0,1983-12-31,494.2274
ID105_timevae_0,1984-03-31,417.93765
ID105_timevae_0,1984-06-30,77.93072
ID105_timevae_0,1984-09-30,445.95413
ID105_timevae_0,1984-12-31,433.57574
ID105_timevae_0,1985-03-31,232.39973
ID105_timevae_0,1985-06-30,-78.15794
ID105_timevae_0,1985-09-30,340.1217
ID107_timevae_0,1971-12-31,23.522724
ID107_timevae_0,1972-03-31,158.19739
ID107_timevae_0,1972-06-30,-147.51758
ID107_timevae_0,1972-09-30,9.5693655
ID107_timevae_0,1972-12-31,30.42178
ID107_timevae_0,1973-03-31,0.1022954
ID107_timevae_0,1973-06-30,-389.96948
ID107_timevae_0,1973-09-30,65.43336
ID107_timevae_0,1973-12-31,8.113903
ID107_timevae_0,1974-03-31,47.100258
ID107_timevae_0,1974-06-30,-112.9748
ID107_timevae_0,1974-09-30,-37.253227
ID107_timevae_0,1974-12-31,116.84855
ID107_timevae_0,1975-03-31,473.45917
ID107_timevae_0,1975-06-30,1.5185075
ID107_timevae_0,1975-09-30,-62.67013
ID107_timevae_0,1975-12-31,-224.22037
ID107_timevae_0,1976-03-31,191.8902
ID107_timevae_0,1976-06-30,-539.22363
ID107_timevae_0,1976-09-30,-201.76584
ID107_timevae_0,1976-12-31,-111.96368
ID107_timevae_0,1977-03-31,-21.981003
ID107_timevae_0,1977-06-30,-224.85823
ID107_timevae_0,1977-09-30,-72.148865
ID107_timevae_0,1977-12-31,-92.720985
ID107_timevae_0,1978-03-31,241.92932
ID107_timevae_0,1978-06-30,-424.17307
ID107_timevae_0,1978-09-30,120.81008
ID107_timevae_0,1978-12-31,107.682556
ID107_timevae_0,1979-03-31,325.18747
ID107_timevae_0,1979-06-30,-593.2018
ID107_timevae_0,1979-09-30,-286.37894
ID107_timevae_0,1979-12-31,62.829086
ID107_timevae_0,1980-03-31,161.21176
ID107_timevae_0,1980-06-30,-480.8088
ID107_timevae_0,1980-09-30,110.13792
ID107_timevae_0,1980-12-31,147.71785
ID107_timevae_0,1981-03-31,362.0221
ID107_timevae_0,1981-06-30,-262.90366
ID107_timevae_0,1981-09-30,-290.58334
ID107_timevae_0,1981-12-31,122.347176
ID107_timevae_0,1982-03-31,21.412067
ID107_timevae_0,1982-06-30,-479.63727
ID107_timevae_0,1982-09-30,-18.220459
ID107_timevae_0,1982-12-31,-172.03032
ID107_timevae_0,1983-03-31,-47.912174
ID107_timevae_0,1983-06-30,-287.63553
ID107_timevae_0,1983-09-30,-40.66602
ID107_timevae_0,1983-12-31,-369.2677
ID107_timevae_0,1984-03-31,162.03122
ID107_timevae_0,1984-06-30,-608.4153
ID107_timevae_0,1984-09-30,-478.45517
ID107_timevae_0,1984-12-31,-633.1457
ID107_timevae_0,1985-03-31,-157.50235
ID107_timevae_0,1985-06-30,-929.5977
ID107_timevae_0,1985-09-30,-488.89597
ID112_timevae_0,1971-12-31,902.0837
ID112_timevae_0,1972-03-31,294.8237
ID112_timevae_0,1972-06-30,724.2882
ID112_timevae_0,1972-09-30,795.3309
ID112_timevae_0,1972-12-31,1145.9442
ID112_timevae_0,1973-03-31,501.32077
ID112_timevae_0,1973-06-30,499.03937
ID112_timevae_0,1973-09-30,736.737
ID112_timevae_0,1973-12-31,1192.5919
ID112_timevae_0,1974-03-31,545.6932
ID112_timevae_0,1974-06-30,810.25507
ID112_timevae_0,1974-09-30,555.6703
ID112_timevae_0,1974-12-31,1190.8069
ID112_timevae_0,1975-03-31,1051.9283
ID112_timevae_0,1975-06-30,1064.6714
ID112_timevae_0,1975-09-30,653.5207
ID112_timevae_0,1975-12-31,973.9788
ID112_timevae_0,1976-03-31,662.4366
ID112_timevae_0,1976-06-30,537.74036
ID112_timevae_0,1976-09-30,603.75195
ID112_timevae_0,1976-12-31,1360.0082
ID112_timevae_0,1977-03-31,668.29364
ID112_timevae_0,1977-06-30,1018.30927
ID112_timevae_0,1977-09-30,596.67535
ID112_timevae_0,1977-12-31,1291.0425
ID112_timevae_0,1978-03-31,793.15936
ID112_timevae_0,1978-06-30,828.7059
ID112_timevae_0,1978-09-30,654.0278
ID112_timevae_0,1978-12-31,1141.7434
ID112_timevae_0,1979-03-31,1135.8851
ID112_timevae_0,1979-06-30,617.2456
ID112_timevae_0,1979-09-30,656.77704
ID112_timevae_0,1979-12-31,1463.7146
ID112_timevae_0,1980-03-31,716.8355
ID112_timevae_0,1980-06-30,797.50415
ID112_timevae_0,1980-09-30,994.3985
ID112_timevae_0,1980-12-31,1039.838
ID112_timevae_0,1981-03-31,712.1492
ID112_timevae_0,1981-06-30,827.56805
ID112_timevae_0,1981-09-30,700.22064
ID112_timevae_0,1981-12-31,1553.8403
ID112_timevae_0,1982-03-31,574.29504
ID112_timevae_0,1982-06-30,816.9176
ID112_timevae_0,1982-09-30,476.29758
ID112_timevae_0,1982-12-31,1372.7034
ID112_timevae_0,1983-03-31,860.093
ID112_timevae_0,1983-06-30,751.85785
ID112_timevae_0,1983-09-30,887.81195
ID112_timevae_0,1983-12-31,939.5875
ID112_timevae_0,1984-03-31,559.71313
ID112_timevae_0,1984-06-30,699.9109
ID112_timevae_0,1984-09-30,806.49304
ID112_timevae_0,1984-12-31,936.1377
ID112_timevae_0,1985-03-31,483.52756
ID112_timevae_0,1985-06-30,726.78546
ID112_timevae_0,1985-09-30,589.0025
ID115_timevae_0,1971-12-31,346.3186
ID115_timevae_0,1972-03-31,34.092052
ID115_timevae_0,1972-06-30,-212.01157
ID115_timevae_0,1972-09-30,271.5709
ID115_timevae_0,1972-12-31,466.6538
ID115_timevae_0,1973-03-31,-1.7498975
ID115_timevae_0,1973-06-30,-371.65894
ID115_timevae_0,1973-09-30,313.96362
ID115_timevae_0,1973-12-31,465.44586
ID115_timevae_0,1974-03-31,-24.421288
ID115_timevae_0,1974-06-30,-20.982826
ID115_timevae_0,1974-09-30,178.34985
ID115_timevae_0,1974-12-31,445.16113
ID115_timevae_0,1975-03-31,456.3224
ID115_timevae_0,1975-06-30,25.125477
ID115_timevae_0,1975-09-30,173.83765
ID115_timevae_0,1975-12-31,185.70094
ID115_timevae_0,1976-03-31,95.0857
ID115_timevae_0,1976-06-30,-460.41858
ID115_timevae_0,1976-09-30,136.8004
ID115_timevae_0,1976-12-31,347.02332
ID115_timevae_0,1977-03-31,7.425686
ID115_timevae_0,1977-06-30,-151.82632
ID115_timevae_0,1977-09-30,120.66894
ID115_timevae_0,1977-12-31,365.16602
ID115_timevae_0,1978-03-31,255.84404
ID115_timevae_0,1978-06-30,-357.67606
ID115_timevae_0,1978-09-30,332.9427
ID115_timevae_0,1978-12-31,611.32214
ID115_timevae_0,1979-03-31,356.53595
ID115_timevae_0,1979-06-30,-502.65802
ID115_timevae_0,1979-09-30,83.03266
ID115_timevae_0,1979-12-31,597.5803
ID115_timevae_0,1980-03-31,179.48781
ID115_timevae_0,1980-06-30,-431.31775
ID115_timevae_0,1980-09-30,458.96616
ID115_timevae_0,1980-12-31,476.53564
ID115_timevae_0,1981-03-31,229.22112
ID115_timevae_0,1981-06-30,-146.1624
ID115_timevae_0,1981-09-30,48.552494
ID115_timevae_0,1981-12-31,691.88434
ID115_timevae_0,1982-03-31,44.604572
ID115_timevae_0,1982-06-30,-296.58774
ID115_timevae_0,1982-09-30,233.8202
ID115_timevae_0,1982-12-31,420.78662
ID115_timevae_0,1983-03-31,47.794846
ID115_timevae_0,1983-06-30,-296.31412
ID115_timevae_0,1983-09-30,287.99637
ID115_timevae_0,1983-12-31,219.15544
ID115_timevae_0,1984-03-31,289.91177
ID115_timevae_0,1984-06-30,-422.5412
ID115_timevae_0,1984-09-30,124.62422
ID115_timevae_0,1984-12-31,21.849735
ID115_timevae_0,1985-03-31,2.1267974
ID115_timevae_0,1985-06-30,-661.28455
ID115_timevae_0,1985-09-30,83.644135
ID116_timevae_0,1975-12-31,849.0319
ID116_timevae_0,1976-03-31,278.59634
ID116_timevae_0,1976-06-30,623.8144
ID116_timevae_0,1976-09-30,711.45605
ID116_timevae_0,1976-12-31,1013.58295
ID116_timevae_0,1977-03-31,395.12225
ID116_timevae_0,1977-06-30,373.18295
ID116_timevae_0,1977-09-30,693.75214
ID116_timevae_0,1977-12-31,1122.1423
ID116_timevae_0,1978-03-31,469.78433
ID116_timevae_0,1978-06-30,677.619
ID116_timevae_0,1978-09-30,515.31604
ID116_timevae_0,1978-12-31,1188.0345
ID116_timevae_0,1979-03-31,955.0878
ID116_timevae_0,1979-06-30,913.3172
ID116_timevae_0,1979-09-30,556.86444
ID116_timevae_0,1979-12-31,848.8851
ID116_timevae_0,1980-03-31,616.81006
ID116_timevae_0,1980-06-30,384.6736
ID116_timevae_0,1980-09-30,439.58963
ID116_timevae_0,1980-12-31,1248.599
ID116_timevae_0,1981-03-31,548.9508
ID116_timevae_0,1981-06-30,869.3577
ID116_timevae_0,1981-09-30,532.4749
ID116_timevae_0,1981-12-31,1200.6556
ID116_timevae_0,1982-03-31,705.6917
ID116_timevae_0,1982-06-30,672.89557
ID116_timevae_0,1982-09-30,618.382
ID116_timevae_0,1982-12-31,1040.5845
ID116_timevae_0,1983-03-31,1021.2254
ID116_timevae_0,1983-06-30,451.13824
ID116_timevae_0,1983-09-30,513.0663
ID116_timevae_0,1983-12-31,1290.7026
ID116_timevae_0,1984-03-31,594.5184
ID116_timevae_0,1984-06-30,642.62177
ID116_timevae_0,1984-09-30,878.73364
ID116_timevae_0,1984-12-31,977.6964
ID116_timevae_0,1985-03-31,699.9037
ID116_timevae_0,1985-06-30,645.93536
ID116_timevae_0,1985-09-30,566.4721
ID116_timevae_0,1985-12-31,1390.6196
ID116_timevae_0,1986-03-31,441.15643
ID116_timevae_0,1986-06-30,607.5015
ID116_timevae_0,1986-09-30,406.6532
ID116_timevae_0,1986-12-31,1150.1432
ID116_timevae_0,1987-03-31,707.2534
ID116_timevae_0,1987-06-30,633.5775
ID116_timevae_0,1987-09-30,739.0411
ID116_timevae_0,1987-12-31,723.80884
ID116_timevae_0,1988-03-31,389.60672
ID116_timevae_0,1988-06-30,480.63687
ID116_timevae_0,1988-09-30,564.62695
ID117_timevae_0,1975-12-31,361.6747
ID117_timevae_0,1976-03-31,50.95827
ID117_timevae_0,1976-06-30,46.815266
ID117_timevae_0,1976-09-30,279.1448
ID117_timevae_0,1976-12-31,590.7109
ID117_timevae_0,1977-03-31,112.50213
ID117_timevae_0,1977-06-30,-71.015114
ID117_timevae_0,1977-09-30,273.77292
ID117_timevae_0,1977-12-31,630.98926
ID117_timevae_0,1978-03-31,74.351425
ID117_timevae_0,1978-06-30,299.7009
ID117_timevae_0,1978-09-30,112.96664
ID117_timevae_0,1978-12-31,513.7041
ID117_timevae_0,1979-03-31,556.19006
ID117_timevae_0,1979-06-30,347.20956
ID117_timevae_0,1979-09-30,135.89511
ID117_timevae_0,1979-12-31,345.55563
ID117_timevae_0,1980-03-31,164.83841
ID117_timevae_0,1980-06-30,-61.26724
ID117_timevae_0,1980-09-30,191.97174
ID117_timevae_0,1980-12-31,580.38727
ID117_timevae_0,1981-03-31,221.35318
ID117_timevae_0,1981-06-30,257.35123
ID117_timevae_0,1981-09-30,61.827854
ID117_timevae_0,1981-12-31,571.89813
ID117_timevae_0,1982-03-31,393.28726
ID117_timevae_0,1982-06-30,42.53431
ID117_timevae_0,1982-09-30,224.94397
ID117_timevae_0,1982-12-31,726.7061
ID117_timevae_0,1983-03-31,559.3874
ID117_timevae_0,1983-06-30,-75.10237
ID117_timevae_0,1983-09-30,167.23071
ID117_timevae_0,1983-12-31,831.0466
ID117_timevae_0,1984-03-31,302.72928
ID117_timevae_0,1984-06-30,14.688749
ID117_timevae_0,1984-09-30,519.20105
ID117_timevae_0,1984-12-31,491.65512
ID117_timevae_0,1985-03-31,266.24585
ID117_timevae_0,1985-06-30,245.31232
ID117_timevae_0,1985-09-30,151.45863
ID117_timevae_0,1985-12-31,907.46185
ID117_timevae_0,1986-03-31,205.84834
ID117_timevae_0,1986-06-30,170.46149
ID117_timevae_0,1986-09-30,172.64
ID117_timevae_0,1986-12-31,710.21234
ID117_timevae_0,1987-03-31,326.82443
ID117_timevae_0,1987-06-30,44.474644
ID117_timevae_0,1987-09-30,343.6036
ID117_timevae_0,1987-12-31,436.36353
ID117_timevae_0,1988-03-31,404.98923
ID117_timevae_0,1988-06-30,71.55922
ID117_timevae_0,1988-09-30,392.54703
ID118_timevae_0,1975-12-31,721.0198
ID118_timevae_0,1976-03-31,213.36388
ID118_timevae_0,1976-06-30,678.6336
ID118_timevae_0,1976-09-30,653.0094
ID118_timevae_0,1976-12-31,1049.161
ID118_timevae_0,1977-03-31,500.1941
ID118_timevae_0,1977-06-30,477.46353
ID118_timevae_0,1977-09-30,565.83136
ID118_timevae_0,1977-12-31,1052.9791
ID118_timevae_0,1978-03-31,503.48526
ID118_timevae_0,1978-06-30,804.32587
ID118_timevae_0,1978-09-30,385.0944
ID118_timevae_0,1978-12-31,967.3495
ID118_timevae_0,1979-03-31,1016.3949
ID118_timevae_0,1979-06-30,1036.1805
ID118_timevae_0,1979-09-30,492.05258
ID118_timevae_0,1979-12-31,894.0004
ID118_timevae_0,1980-03-31,570.2266
ID118_timevae_0,1980-06-30,574.0997
ID118_timevae_0,1980-09-30,561.1629
ID118_timevae_0,1980-12-31,1235.2462
ID118_timevae_0,1981-03-31,700.67596
ID118_timevae_0,1981-06-30,997.50696
ID118_timevae_0,1981-09-30,425.60358
ID118_timevae_0,1981-12-31,1160.4677
ID118_timevae_0,1982-03-31,783.1264
ID118_timevae_0,1982-06-30,811.4323
ID118_timevae_0,1982-09-30,451.26498
ID118_timevae_0,1982-12-31,1024.8755
ID118_timevae_0,1983-03-31,1117.9142
ID118_timevae_0,1983-06-30,643.03955
ID118_timevae_0,1983-09-30,570.01465
ID118_timevae_0,1983-12-31,1411.443
ID118_timevae_0,1984-03-31,706.1009
ID118_timevae_0,1984-06-30,800.79565
ID118_timevae_0,1984-09-30,876.3421
ID118_timevae_0,1984-12-31,877.9395
ID118_timevae_0,1985-03-31,601.44977
ID118_timevae_0,1985-06-30,860.78357
ID118_timevae_0,1985-09-30,618.5417
ID118_timevae_0,1985-12-31,1467.0668
ID118_timevae_0,1986-03-31,604.34174
ID118_timevae_0,1986-06-30,872.408
ID118_timevae_0,1986-09-30,338.90564
ID118_timevae_0,1986-12-31,1387.3796
ID118_timevae_0,1987-03-31,917.8443
ID118_timevae_0,1987-06-30,711.8714
ID118_timevae_0,1987-09-30,787.97327
ID118_timevae_0,1987-12-31,935.51434
ID118_timevae_0,1988-03-31,614.8813
ID118_timevae_0,1988-06-30,798.6837
ID118_timevae_0,1988-09-30,825.4181
ID119_timevae_0,1975-12-31,335.7445
ID119_timevae_0,1976-03-31,26.317833
ID119_timevae_0,1976-06-30,-41.039246
ID119_timevae_0,1976-09-30,252.7177
ID119_timevae_0,1976-12-31,501.25922
ID119_timevae_0,1977-03-31,23.549976
ID119_timevae_0,1977-06-30,-187.25166
ID119_timevae_0,1977-09-30,270.96057
ID119_timevae_0,1977-12-31,521.7331
ID119_timevae_0,1978-03-31,13.3946705
ID119_timevae_0,1978-06-30,156.1265
ID119_timevae_0,1978-09-30,123.4988
ID119_timevae_0,1978-12-31,464.98816
ID119_timevae_0,1979-03-31,489.95364
ID119_timevae_0,1979-06-30,223.10944
ID119_timevae_0,1979-09-30,144.83884
ID119_timevae_0,1979-12-31,235.53792
ID119_timevae_0,1980-03-31,121.636314
ID119_timevae_0,1980-06-30,-238.8524
ID119_timevae_0,1980-09-30,130.77075
ID119_timevae_0,1980-12-31,450.44766
ID119_timevae_0,1981-03-31,85.2159
ID119_timevae_0,1981-06-30,95.29444
ID119_timevae_0,1981-09-30,81.76151
ID119_timevae_0,1981-12-31,442.07956
ID119_timevae_0,1982-03-31,307.38602
ID119_timevae_0,1982-06-30,-118.46991
ID119_timevae_0,1982-09-30,264.63837
ID119_timevae_0,1982-12-31,628.1158
ID119_timevae_0,1983-03-31,444.94006
ID119_timevae_0,1983-06-30,-259.57565
ID119_timevae_0,1983-09-30,96.32352
ID119_timevae_0,1983-12-31,687.3731
ID119_timevae_0,1984-03-31,215.5604
ID119_timevae_0,1984-06-30,-167.33495
ID119_timevae_0,1984-09-30,467.2297
ID119_timevae_0,1984-12-31,464.4137
ID119_timevae_0,1985-03-31,231.96426
ID119_timevae_0,1985-06-30,73.46662
ID119_timevae_0,1985-09-30,73.387535
ID119_timevae_0,1985-12-31,772.1192
ID119_timevae_0,1986-03-31,92.9574
ID119_timevae_0,1986-06-30,-47.024925
ID119_timevae_0,1986-09-30,174.20969
ID119_timevae_0,1986-12-31,519.6001
ID119_timevae_0,1987-03-31,164.11797
ID119_timevae_0,1987-06-30,-89.81069
ID119_timevae_0,1987-09-30,294.09305
ID119_timevae_0,1987-12-31,283.62085
ID119_timevae_0,1988-03-31,296.91687
ID119_timevae_0,1988-06-30,-162.67229
ID119_timevae_0,1988-09-30,206.6789
ID12_timevae_0,1977-12-31,124.17899
ID12_timevae_0,1978-03-31,92.2247
ID12_timevae_0,1978-06-30,-249.24768
ID12_timevae_0,1978-09-30,79.59484
ID12_timevae_0,1978-12-31,177.96054
ID12_timevae_0,1979-03-31,-19.371063
ID12_timevae_0,1979-06-30,-439.5347
ID12_timevae_0,1979-09-30,130.65712
ID12_timevae_0,1979-12-31,150.57819
ID12_timevae_0,1980-03-31,-6.219805
ID12_timevae_0,1980-06-30,-126.45849
ID12_timevae_0,1980-09-30,14.847442
ID12_timevae_0,1980-12-31,193.13538
ID12_timevae_0,1981-03-31,442.88516
ID12_timevae_0,1981-06-30,-49.938667
ID12_timevae_0,1981-09-30,6.5526867
ID12_timevae_0,1981-12-31,-104.65698
ID12_timevae_0,1982-03-31,120.98638
ID12_timevae_0,1982-06-30,-573.6275
ID12_timevae_0,1982-09-30,-87.90505
ID12_timevae_0,1982-12-31,27.653008
ID12_timevae_0,1983-03-31,-39.85194
ID12_timevae_0,1983-06-30,-265.26904
ID12_timevae_0,1983-09-30,-32.979908
ID12_timevae_0,1983-12-31,43.637905
ID12_timevae_0,1984-03-31,221.33806
ID12_timevae_0,1984-06-30,-466.85428
ID12_timevae_0,1984-09-30,179.20471
ID12_timevae_0,1984-12-31,302.0074
ID12_timevae_0,1985-03-31,305.4266
ID12_timevae_0,1985-06-30,-623.61633
ID12_timevae_0,1985-09-30,-154.07271
ID12_timevae_0,1985-12-31,247.98778
ID12_timevae_0,1986-03-31,160.45929
ID12_timevae_0,1986-06-30,-538.8825
ID12_timevae_0,1986-09-30,229.46613
ID12_timevae_0,1986-12-31,251.30116
ID12_timevae_0,1987-03-31,281.05945
ID12_timevae_0,1987-06-30,-265.9936
ID12_timevae_0,1987-09-30,-183.1757
ID12_timevae_0,1987-12-31,322.1814
ID12_timevae_0,1988-03-31,20.448372
ID12_timevae_0,1988-06-30,-448.59802
ID12_timevae_0,1988-09-30,61.947445
ID12_timevae_0,1988-12-31,38.79579
ID12_timevae_0,1989-03-31,-38.38886
ID12_timevae_0,1989-06-30,-361.1195
ID12_timevae_0,1989-09-30,70.961006
ID12_timevae_0,1989-12-31,-135.89601
ID12_timevae_0,1990-03-31,238.3352
ID12_timevae_0,1990-06-30,-582.93854
ID12_timevae_0,1990-09-30,-235.54669
ID12_timevae_0,1990-12-31,-406.19458
ID12_timevae_0,1991-03-31,-93.87759
ID12_timevae_0,1991-06-30,-872.1797
ID12_timevae_0,1991-09-30,-251.52344
ID120_timevae_0,1975-12-31,4.337279
ID120_timevae_0,1976-03-31,-168.44145
ID120_timevae_0,1976-06-30,-357.65875
ID120_timevae_0,1976-09-30,58.645756
ID120_timevae_0,1976-12-31,275.13492
ID120_timevae_0,1977-03-31,-23.597797
ID120_timevae_0,1977-06-30,-427.64468
ID120_timevae_0,1977-09-30,91.531
ID120_timevae_0,1977-12-31,290.9481
ID120_timevae_0,1978-03-31,-208.79942
ID120_timevae_0,1978-06-30,80.25389
ID120_timevae_0,1978-09-30,-71.50789
ID120_timevae_0,1978-12-31,86.75664
ID120_timevae_0,1979-03-31,306.07538
ID120_timevae_0,1979-06-30,-36.290024
ID120_timevae_0,1979-09-30,-145.99187
ID120_timevae_0,1979-12-31,28.339535
ID120_timevae_0,1980-03-31,-119.25848
ID120_timevae_0,1980-06-30,-359.31998
ID120_timevae_0,1980-09-30,64.77968
ID120_timevae_0,1980-12-31,119.8094
ID120_timevae_0,1981-03-31,35.814846
ID120_timevae_0,1981-06-30,-214.60828
ID120_timevae_0,1981-09-30,-240.0816
ID120_timevae_0,1981-12-31,232.26375
ID120_timevae_0,1982-03-31,140.8245
ID120_timevae_0,1982-06-30,-390.69693
ID120_timevae_0,1982-09-30,-9.00543
ID120_timevae_0,1982-12-31,531.45856
ID120_timevae_0,1983-03-31,251.6137
ID120_timevae_0,1983-06-30,-456.03622
ID120_timevae_0,1983-09-30,-33.287613
ID120_timevae_0,1983-12-31,499.21228
ID120_timevae_0,1984-03-31,126.31004
ID120_timevae_0,1984-06-30,-453.67517
ID120_timevae_0,1984-09-30,292.48233
ID120_timevae_0,1984-12-31,134.33923
ID120_timevae_0,1985-03-31,30.144402
ID120_timevae_0,1985-06-30,-61.43427
ID120_timevae_0,1985-09-30,-51.506886
ID120_timevae_0,1985-12-31,558.29614
ID120_timevae_0,1986-03-31,69.36501
ID120_timevae_0,1986-06-30,-105.658714
ID120_timevae_0,1986-09-30,54.039043
ID120_timevae_0,1986-12-31,459.22253
ID120_timevae_0,1987-03-31,75.69045
ID120_timevae_0,1987-06-30,-339.5726
ID120_timevae_0,1987-09-30,97.78434
ID120_timevae_0,1987-12-31,236.86917
ID120_timevae_0,1988-03-31,442.1967
ID120_timevae_0,1988-06-30,-175.70674
ID120_timevae_0,1988-09-30,329.3678
ID120_timevae_0,1988-12-31,185.82393
ID120_timevae_0,1989-03-31,197.72389
ID120_timevae_0,1989-06-30,-450.07205
ID120_timevae_0,1989-09-30,358.0631
ID120_timevae_0,1989-12-31,421.8413
ID120_timevae_0,1990-03-31,344.01602
ID120_timevae_0,1990-06-30,-71.85791
ID120_timevae_0,1990-09-30,416.66354
ID120_timevae_0,1990-12-31,331.61127
ID120_timevae_0,1991-03-31,17.666037
ID120_timevae_0,1991-06-30,53.44423
ID120_timevae_0,1991-09-30,119.56185
ID120_timevae_0,1991-12-31,328.34207
ID120_timevae_0,1992-03-31,243.54338
ID120_timevae_0,1992-06-30,-72.921776
ID120_timevae_0,1992-09-30,167.17746
ID120_timevae_0,1992-12-31,445.8824
ID120_timevae_0,1993-03-31,101.33128
ID120_timevae_0,1993-06-30,-323.41705
ID120_timevae_0,1993-09-30,375.52628
ID127_timevae_0,1975-12-31,1336.1692
ID127_timevae_0,1976-03-31,270.6467
ID127_timevae_0,1976-06-30,1547.4816
ID127_timevae_0,1976-09-30,1155.5588
ID127_timevae_0,1976-12-31,1644.7749
ID127_timevae_0,1977-03-31,1349.3811
ID127_timevae_0,1977-06-30,1027.5181
ID127_timevae_0,1977-09-30,1540.5477
ID127_timevae_0,1977-12-31,1430.2235
ID127_timevae_0,1978-03-31,1111.8798
ID127_timevae_0,1978-06-30,1245.3235
ID127_timevae_0,1978-09-30,1176.9475
ID127_timevae_0,1978-12-31,1187.8107
ID127_timevae_0,1979-03-31,1681.9203
ID127_timevae_0,1979-06-30,1979.732
ID127_timevae_0,1979-09-30,1199.6842
ID127_timevae_0,1979-12-31,1847.3254
ID127_timevae_0,1980-03-31,1430.1646
ID127_timevae_0,1980-06-30,1414.7079
ID127_timevae_0,1980-09-30,1607.8259
ID127_timevae_0,1980-12-31,2056.015
ID127_timevae_0,1981-03-31,1649.5111
ID127_timevae_0,1981-06-30,1851.0404
ID127_timevae_0,1981-09-30,1400.1418
ID127_timevae_0,1981-12-31,1583.366
ID127_timevae_0,1982-03-31,1699.0408
ID127_timevae_0,1982-06-30,1807.5825
ID127_timevae_0,1982-09-30,1129.8651
ID127_timevae_0,1982-12-31,1090.9308
ID127_timevae_0,1983-03-31,1897.001
ID127_timevae_0,1983-06-30,1731.1012
ID127_timevae_0,1983-09-30,1283.8555
ID127_timevae_0,1983-12-31,2123.3428
ID127_timevae_0,1984-03-31,1792.4103
ID127_timevae_0,1984-06-30,1997.9615
ID127_timevae_0,1984-09-30,1776.7725
ID127_timevae_0,1984-12-31,1805.8026
ID127_timevae_0,1985-03-31,1399.0138
ID127_timevae_0,1985-06-30,1841.5282
ID127_timevae_0,1985-09-30,1624.3406
ID127_timevae_0,1985-12-31,2508.0444
ID127_timevae_0,1986-03-31,1411.204
ID127_timevae_0,1986-06-30,2011.0336
ID127_timevae_0,1986-09-30,801.5775
ID127_timevae_0,1986-12-31,2175.7566
ID127_timevae_0,1987-03-31,2090.5198
ID127_timevae_0,1987-06-30,1967.7253
ID127_timevae_0,1987-09-30,1925.5272
ID128_timevae_0,1975-12-31,5702.227
ID128_timevae_0,1976-03-31,2287.192
ID128_timevae_0,1976-06-30,4549.2964
ID128_timevae_0,1976-09-30,3359.607
ID128_timevae_0,1976-12-31,4435.915
ID128_timevae_0,1977-03-31,4212.3086
ID128_timevae_0,1977-06-30,3122.9875
ID128_timevae_0,1977-09-30,5361.433
ID128_timevae_0,1977-12-31,4333.996
ID128_timevae_0,1978-03-31,4369.134
ID128_timevae_0,1978-06-30,4078.145
ID128_timevae_0,1978-09-30,4204.3955
ID128_timevae_0,1978-12-31,6489.714
ID128_timevae_0,1979-03-31,4750.591
ID128_timevae_0,1979-06-30,4778.629
ID128_timevae_0,1979-09-30,4297.804
ID128_timevae_0,1979-12-31,4592.7974
ID128_timevae_0,1980-03-31,4790.81
ID128_timevae_0,1980-06-30,4505.347
ID128_timevae_0,1980-09-30,5245.431
ID128_timevae_0,1980-12-31,4648.934
ID128_timevae_0,1981-03-31,4821.1543
ID128_timevae_0,1981-06-30,5270.3105
ID128_timevae_0,1981-09-30,5700.968
ID128_timevae_0,1981-12-31,5515.164
ID128_timevae_0,1982-03-31,5361.7515
ID128_timevae_0,1982-06-30,5489.1294
ID128_timevae_0,1982-09-30,5320.2046
ID128_timevae_0,1982-12-31,4679.458
ID128_timevae_0,1983-03-31,4867.5137
ID128_timevae_0,1983-06-30,4973.5444
ID128_timevae_0,1983-09-30,4850.4487
ID128_timevae_0,1983-12-31,5492.409
ID128_timevae_0,1984-03-31,5426.5854
ID128_timevae_0,1984-06-30,5850.111
ID128_timevae_0,1984-09-30,5328.3765
ID128_timevae_0,1984-12-31,7332.674
ID128_timevae_0,1985-03-31,7689.2285
ID128_timevae_0,1985-06-30,5713.5864
ID128_timevae_0,1985-09-30,6071.6055
ID128_timevae_0,1985-12-31,6381.222
ID128_timevae_0,1986-03-31,5783.2075
ID128_timevae_0,1986-06-30,5759.716
ID128_timevae_0,1986-09-30,6124.058
ID128_timevae_0,1986-12-31,6124.971
ID128_timevae_0,1987-03-31,6618.683
ID128_timevae_0,1987-06-30,7340.71
ID128_timevae_0,1987-09-30,8229.339
ID129_timevae_0,1975-12-31,530.6264
ID129_timevae_0,1976-03-31,157.96625
ID129_timevae_0,1976-06-30,219.86888
ID129_timevae_0,1976-09-30,503.04303
ID129_timevae_0,1976-12-31,861.23035
ID129_timevae_0,1977-03-31,331.3104
ID129_timevae_0,1977-06-30,152.58435
ID129_timevae_0,1977-09-30,470.90427
ID129_timevae_0,1977-12-31,933.4001
ID129_timevae_0,1978-03-31,221.50801
ID129_timevae_0,1978-06-30,588.6054
ID129_timevae_0,1978-09-30,288.81464
ID129_timevae_0,1978-12-31,709.0735
ID129_timevae_0,1979-03-31,721.5897
ID129_timevae_0,1979-06-30,569.20514
ID129_timevae_0,1979-09-30,294.62003
ID129_timevae_0,1979-12-31,648.89435
ID129_timevae_0,1980-03-31,285.60156
ID129_timevae_0,1980-06-30,260.15445
ID129_timevae_0,1980-09-30,473.16592
ID129_timevae_0,1980-12-31,871.5982
ID129_timevae_0,1981-03-31,492.397
ID129_timevae_0,1981-06-30,522.31665
ID129_timevae_0,1981-09-30,202.51173
ID129_timevae_0,1981-12-31,895.79816
ID129_timevae_0,1982-03-31,590.6403
ID129_timevae_0,1982-06-30,309.57104
ID129_timevae_0,1982-09-30,348.6491
ID129_timevae_0,1982-12-31,1023.8993
ID129_timevae_0,1983-03-31,787.02795
ID129_timevae_0,1983-06-30,237.60988
ID129_timevae_0,1983-09-30,444.34528
ID129_timevae_0,1983-12-31,1175.8552
ID129_timevae_0,1984-03-31,505.15808
ID129_timevae_0,1984-06-30,305.50674
ID129_timevae_0,1984-09-30,765.9366
ID129_timevae_0,1984-12-31,658.7977
ID129_timevae_0,1985-03-31,383.80225
ID129_timevae_0,1985-06-30,552.2695
ID129_timevae_0,1985-09-30,437.42328
ID129_timevae_0,1985-12-31,1241.782
ID129_timevae_0,1986-03-31,453.64343
ID129_timevae_0,1986-06-30,541.5254
ID129_timevae_0,1986-09-30,375.2096
ID129_timevae_0,1986-12-31,1132.4204
ID129_timevae_0,1987-03-31,619.6877
ID129_timevae_0,1987-06-30,277.83707
ID129_timevae_0,1987-09-30,583.4441
ID130_timevae_0,1975-12-31,156.74806
ID130_timevae_0,1976-03-31,41.266655
ID130_timevae_0,1976-06-30,-178.4217
ID130_timevae_0,1976-09-30,107.57636
ID130_timevae_0,1976-12-31,256.03366
ID130_timevae_0,1977-03-31,-24.163158
ID130_timevae_0,1977-06-30,-343.14215
ID130_timevae_0,1977-09-30,147.70535
ID130_timevae_0,1977-12-31,242.7804
ID130_timevae_0,1978-03-31,-29.097355
ID130_timevae_0,1978-06-30,-8.889719
ID130_timevae_0,1978-09-30,19.859348
ID130_timevae_0,1978-12-31,238.64117
ID130_timevae_0,1979-03-31,436.05225
ID130_timevae_0,1979-06-30,51.944008
ID130_timevae_0,1979-09-30,19.81941
ID130_timevae_0,1979-12-31,-24.342415
ID130_timevae_0,1980-03-31,89.246956
ID130_timevae_0,1980-06-30,-444.18912
ID130_timevae_0,1980-09-30,-33.72643
ID130_timevae_0,1980-12-31,139.11678
ID130_timevae_0,1981-03-31,-14.601718
ID130_timevae_0,1981-06-30,-133.74593
ID130_timevae_0,1981-09-30,-35.631542
ID130_timevae_0,1981-12-31,145.07361
ID130_timevae_0,1982-03-31,229.35753
ID130_timevae_0,1982-06-30,-338.93283
ID130_timevae_0,1982-09-30,174.44261
ID130_timevae_0,1982-12-31,396.045
ID130_timevae_0,1983-03-31,329.31177
ID130_timevae_0,1983-06-30,-483.8216
ID130_timevae_0,1983-09-30,-85.37296
ID130_timevae_0,1983-12-31,373.2231
ID130_timevae_0,1984-03-31,165.2743
ID130_timevae_0,1984-06-30,-405.3608
ID130_timevae_0,1984-09-30,291.63165
ID130_timevae_0,1984-12-31,287.17938
ID130_timevae_0,1985-03-31,232.68303
ID130_timevae_0,1985-06-30,-129.5611
ID130_timevae_0,1985-09-30,-117.381935
ID130_timevae_0,1985-12-31,453.3311
ID130_timevae_0,1986-03-31,29.842026
ID130_timevae_0,1986-06-30,-280.53635
ID130_timevae_0,1986-09-30,72.312706
ID130_timevae_0,1986-12-31,188.36732
ID130_timevae_0,1987-03-31,16.447187
ID130_timevae_0,1987-06-30,-262.32687
ID130_timevae_0,1987-09-30,126.12746
ID131_timevae_0,1975-12-31,14254.253
ID131_timevae_0,1976-03-31,6894.229
ID131_timevae_0,1976-06-30,9591.865
ID131_timevae_0,1976-09-30,6827.014
ID131_timevae_0,1976-12-31,6986.949
ID131_timevae_0,1977-03-31,6132.326
ID131_timevae_0,1977-06-30,5656.688
ID131_timevae_0,1977-09-30,9506.37
ID131_timevae_0,1977-12-31,6978.7607
ID131_timevae_0,1978-03-31,7832.568
ID131_timevae_0,1978-06-30,8273.873
ID131_timevae_0,1978-09-30,7128.423
ID131_timevae_0,1978-12-31,16226.166
ID131_timevae_0,1979-03-31,8308.374
ID131_timevae_0,1979-06-30,9370.63
ID131_timevae_0,1979-09-30,9274.098
ID131_timevae_0,1979-12-31,7665.211
ID131_timevae_0,1980-03-31,8666.767
ID131_timevae_0,1980-06-30,7030.733
ID131_timevae_0,1980-09-30,9477.143
ID131_timevae_0,1980-12-31,7018.246
ID131_timevae_0,1981-03-31,7605.0513
ID131_timevae_0,1981-06-30,8802.697
ID131_timevae_0,1981-09-30,10309.738
ID131_timevae_0,1981-12-31,10845.398
ID131_timevae_0,1982-03-31,9516.147
ID131_timevae_0,1982-06-30,10170.164
ID131_timevae_0,1982-09-30,9693.694
ID131_timevae_0,1982-12-31,8239.651
ID131_timevae_0,1983-03-31,7526.2485
ID131_timevae_0,1983-06-30,7657.024
ID131_timevae_0,1983-09-30,7908.811
ID131_timevae_0,1983-12-31,9088.903
ID131_timevae_0,1984-03-31,9168.068
ID131_timevae_0,1984-06-30,8487.021
ID131_timevae_0,1984-09-30,8125.9595
ID131_timevae_0,1984-12-31,15121.615
ID131_timevae_0,1985-03-31,17235.617
ID131_timevae_0,1985-06-30,10112.764
ID131_timevae_0,1985-09-30,9808.509
ID131_timevae_0,1985-12-31,9461.127
ID131_timevae_0,1986-03-31,9006.591
ID131_timevae_0,1986-06-30,8260.811
ID131_timevae_0,1986-09-30,11198.293
ID131_timevae_0,1986-12-31,9193.059
ID131_timevae_0,1987-03-31,8497.725
ID131_timevae_0,1987-06-30,13932.648
ID131_timevae_0,1987-09-30,14108.304
ID134_timevae_0,1975-12-31,507.22406
ID134_timevae_0,1976-03-31,141.9767
ID134_timevae_0,1976-06-30,387.994
ID134_timevae_0,1976-09-30,485.21542
ID134_timevae_0,1976-12-31,883.0821
ID134_timevae_0,1977-03-31,362.94772
ID134_timevae_0,1977-06-30,309.06622
ID134_timevae_0,1977-09-30,433.20532
ID134_timevae_0,1977-12-31,956.77075
ID134_timevae_0,1978-03-31,291.20297
ID134_timevae_0,1978-06-30,724.5303
ID134_timevae_0,1978-09-30,246.53445
ID134_timevae_0,1978-12-31,702.1359
ID134_timevae_0,1979-03-31,788.34906
ID134_timevae_0,1979-06-30,754.1886
ID134_timevae_0,1979-09-30,284.511
ID134_timevae_0,1979-12-31,690.9106
ID134_timevae_0,1980-03-31,330.69778
ID134_timevae_0,1980-06-30,451.03995
ID134_timevae_0,1980-09-30,466.0253
ID134_timevae_0,1980-12-31,954.2035
ID134_timevae_0,1981-03-31,574.8331
ID134_timevae_0,1981-06-30,739.2625
ID134_timevae_0,1981-09-30,193.84335
ID134_timevae_0,1981-12-31,951.6324
ID134_timevae_0,1982-03-31,657.5483
ID134_timevae_0,1982-06-30,529.82526
ID134_timevae_0,1982-09-30,284.6517
ID134_timevae_0,1982-12-31,986.1611
ID134_timevae_0,1983-03-31,902.7914
ID134_timevae_0,1983-06-30,439.8349
ID134_timevae_0,1983-09-30,450.4813
ID134_timevae_0,1983-12-31,1254.0614
ID134_timevae_0,1984-03-31,545.14325
ID134_timevae_0,1984-06-30,546.10504
ID134_timevae_0,1984-09-30,751.49963
ID134_timevae_0,1984-12-31,634.3925
ID134_timevae_0,1985-03-31,393.86227
ID134_timevae_0,1985-06-30,727.06964
ID134_timevae_0,1985-09-30,470.9621
ID134_timevae_0,1985-12-31,1292.0487
ID134_timevae_0,1986-03-31,512.0356
ID134_timevae_0,1986-06-30,741.6089
ID134_timevae_0,1986-09-30,309.01254
ID134_timevae_0,1986-12-31,1214.5515
ID134_timevae_0,1987-03-31,752.05347
ID134_timevae_0,1987-06-30,455.60608
ID134_timevae_0,1987-09-30,588.2717
ID134_timevae_0,1987-12-31,836.68726
ID134_timevae_0,1988-03-31,657.28125
ID134_timevae_0,1988-06-30,674.63696
ID134_timevae_0,1988-09-30,892.42755
ID134_timevae_0,1988-12-31,982.57104
ID134_timevae_0,1989-03-31,622.80853
ID134_timevae_0,1989-06-30,645.124
ID134_timevae_0,1989-09-30,740.5774
ID134_timevae_0,1989-12-31,1061.2662
ID134_timevae_0,1990-03-31,648.76196
ID134_timevae_0,1990-06-30,690.49066
ID134_timevae_0,1990-09-30,735.7522
ID137_timevae_0,1975-12-31,318.8933
ID137_timevae_0,1976-03-31,179.30919
ID137_timevae_0,1976-06-30,89.96063
ID137_timevae_0,1976-09-30,227.11134
ID137_timevae_0,1976-12-31,377.1646
ID137_timevae_0,1977-03-31,76.86497
ID137_timevae_0,1977-06-30,-138.95279
ID137_timevae_0,1977-09-30,264.27594
ID137_timevae_0,1977-12-31,399.16895
ID137_timevae_0,1978-03-31,134.52176
ID137_timevae_0,1978-06-30,127.16599
ID137_timevae_0,1978-09-30,143.04933
ID137_timevae_0,1978-12-31,474.16364
ID137_timevae_0,1979-03-31,589.52686
ID137_timevae_0,1979-06-30,257.30972
ID137_timevae_0,1979-09-30,146.35455
ID137_timevae_0,1979-12-31,130.74188
ID137_timevae_0,1980-03-31,276.17545
ID137_timevae_0,1980-06-30,-257.06998
ID137_timevae_0,1980-09-30,7.166061
ID137_timevae_0,1980-12-31,327.174
ID137_timevae_0,1981-03-31,106.289
ID137_timevae_0,1981-06-30,105.5577
ID137_timevae_0,1981-09-30,126.25485
ID137_timevae_0,1981-12-31,311.34183
ID137_timevae_0,1982-03-31,390.51004
ID137_timevae_0,1982-06-30,-107.64483
ID137_timevae_0,1982-09-30,302.2218
ID137_timevae_0,1982-12-31,436.84485
ID137_timevae_0,1983-03-31,500.73322
ID137_timevae_0,1983-06-30,-280.25076
ID137_timevae_0,1983-09-30,-37.176975
ID137_timevae_0,1983-12-31,492.61456
ID137_timevae_0,1984-03-31,255.07608
ID137_timevae_0,1984-06-30,-152.45068
ID137_timevae_0,1984-09-30,364.41965
ID137_timevae_0,1984-12-31,448.6133
ID137_timevae_0,1985-03-31,401.72348
ID137_timevae_0,1985-06-30,17.870754
ID137_timevae_0,1985-09-30,-40.767094
ID137_timevae_0,1985-12-31,574.61664
ID137_timevae_0,1986-03-31,99.22313
ID137_timevae_0,1986-06-30,-171.95523
ID137_timevae_0,1986-09-30,138.21365
ID137_timevae_0,1986-12-31,254.94106
ID137_timevae_0,1987-03-31,142.5967
ID137_timevae_0,1987-06-30,-33.607883
ID137_timevae_0,1987-09-30,205.7989
ID138_timevae_0,1975-12-31,-82.31733
ID138_timevae_0,1976-03-31,-44.58304
ID138_timevae_0,1976-06-30,-696.746
ID138_timevae_0,1976-09-30,-5.7576275
ID138_timevae_0,1976-12-31,-22.54617
ID138_timevae_0,1977-03-31,-138.8408
ID138_timevae_0,1977-06-30,-874.3139
ID138_timevae_0,1977-09-30,64.556786
ID138_timevae_0,1977-12-31,-92.79276
ID138_timevae_0,1978-03-31,-200.11671
ID138_timevae_0,1978-06-30,-485.00174
ID138_timevae_0,1978-09-30,-36.105595
ID138_timevae_0,1978-12-31,-71.52071
ID138_timevae_0,1979-03-31,236.73929
ID138_timevae_0,1979-06-30,-481.87943
ID138_timevae_0,1979-09-30,-100.40265
ID138_timevae_0,1979-12-31,-317.96683
ID138_timevae_0,1980-03-31,-75.3269
ID138_timevae_0,1980-06-30,-990.4261
ID138_timevae_0,1980-09-30,-104.616234
ID138_timevae_0,1980-12-31,-300.76443
ID138_timevae_0,1981-03-31,-212.79282
ID138_timevae_0,1981-06-30,-783.75037
ID138_timevae_0,1981-09-30,-128.12625
ID138_timevae_0,1981-12-31,-201.53416
ID138_timevae_0,1982-03-31,-12.019929
ID138_timevae_0,1982-06-30,-949.6451
ID138_timevae_0,1982-09-30,103.62183
ID138_timevae_0,1982-12-31,159.2011
ID138_timevae_0,1983-03-31,48.296448
ID138_timevae_0,1983-06-30,-1092.6708
ID138_timevae_0,1983-09-30,-230.86627
ID138_timevae_0,1983-12-31,-19.258747
ID138_timevae_0,1984-03-31,2.9552507
ID138_timevae_0,1984-06-30,-1055.519
ID138_timevae_0,1984-09-30,123.45524
ID138_timevae_0,1984-12-31,32.297794
ID138_timevae_0,1985-03-31,132.22345
ID138_timevae_0,1985-06-30,-681.4278
ID138_timevae_0,1985-09-30,-258.85223
ID138_timevae_0,1985-12-31,41.73325
ID138_timevae_0,1986-03-31,-90.87974
ID138_timevae_0,1986-06-30,-867.3359
ID138_timevae_0,1986-09-30,61.697376
ID138_timevae_0,1986-12-31,-169.88704
ID138_timevae_0,1987-03-31,-263.44833
ID138_timevae_0,1987-06-30,-791.7778
ID138_timevae_0,1987-09-30,-41.75223
ID139_timevae_0,1975-12-31,410.21497
ID139_timevae_0,1976-03-31,280.0387
ID139_timevae_0,1976-06-30,69.03151
ID139_timevae_0,1976-09-30,334.59073
ID139_timevae_0,1976-12-31,396.79428
ID139_timevae_0,1977-03-31,120.38749
ID139_timevae_0,1977-06-30,-244.7148
ID139_timevae_0,1977-09-30,390.10074
ID139_timevae_0,1977-12-31,419.22595
ID139_timevae_0,1978-03-31,201.63452
ID139_timevae_0,1978-06-30,-9.938142
ID139_timevae_0,1978-09-30,300.95044
ID139_timevae_0,1978-12-31,594.08716
ID139_timevae_0,1979-03-31,650.0753
ID139_timevae_0,1979-06-30,151.3349
ID139_timevae_0,1979-09-30,261.52435
ID139_timevae_0,1979-12-31,154.24255
ID139_timevae_0,1980-03-31,377.59653
ID139_timevae_0,1980-06-30,-403.6855
ID139_timevae_0,1980-09-30,30.256332
ID139_timevae_0,1980-12-31,282.45135
ID139_timevae_0,1981-03-31,105.14772
ID139_timevae_0,1981-06-30,-52.390755
ID139_timevae_0,1981-09-30,299.7429
ID139_timevae_0,1981-12-31,318.4486
ID139_timevae_0,1982-03-31,418.028
ID139_timevae_0,1982-06-30,-247.61281
ID139_timevae_0,1982-09-30,453.63107
ID139_timevae_0,1982-12-31,387.2211
ID139_timevae_0,1983-03-31,522.08466
ID139_timevae_0,1983-06-30,-456.94345
ID139_timevae_0,1983-09-30,-41.852146
ID139_timevae_0,1983-12-31,415.1326
ID139_timevae_0,1984-03-31,249.86877
ID139_timevae_0,1984-06-30,-292.93146
ID139_timevae_0,1984-09-30,369.5636
ID139_timevae_0,1984-12-31,524.29346
ID139_timevae_0,1985-03-31,532.8477
ID139_timevae_0,1985-06-30,-169.60905
ID139_timevae_0,1985-09-30,-19.115467
ID139_timevae_0,1985-12-31,495.46588
ID139_timevae_0,1986-03-31,92.76028
ID139_timevae_0,1986-06-30,-429.80692
ID139_timevae_0,1986-09-30,245.76862
ID139_timevae_0,1986-12-31,141.63052
ID139_timevae_0,1987-03-31,73.14067
ID139_timevae_0,1987-06-30,-114.77714
ID139_timevae_0,1987-09-30,220.67365
ID139_timevae_0,1987-12-31,-138.79863
ID139_timevae_0,1988-03-31,117.130516
ID139_timevae_0,1988-06-30,-583.84576
ID139_timevae_0,1988-09-30,-353.2865
ID139_timevae_0,1988-12-31,-326.30127
ID139_timevae_0,1989-03-31,-142.76335
ID139_timevae_0,1989-06-30,-853.3591
ID139_timevae_0,1989-09-30,-398.69373
ID139_timevae_0,1989-12-31,103.11064
ID139_timevae_0,1990-03-31,227.29482
ID139_timevae_0,1990-06-30,-506.69476
ID139_timevae_0,1990-09-30,-112.989334
ID139_timevae_0,1990-12-31,128.85098
ID139_timevae_0,1991-03-31,-100.18373
ID139_timevae_0,1991-06-30,-233.50516
ID139_timevae_0,1991-09-30,-127.20777
ID139_timevae_0,1991-12-31,149.80763
ID139_timevae_0,1992-03-31,72.68859
ID139_timevae_0,1992-06-30,-585.83075
ID139_timevae_0,1992-09-30,-38.249413
ID140_timevae_0,1975-12-31,93.38384
ID140_timevae_0,1976-03-31,7.0261936
ID140_timevae_0,1976-06-30,-120.34149
ID140_timevae_0,1976-09-30,37.23486
ID140_timevae_0,1976-12-31,252.27144
ID140_timevae_0,1977-03-31,-0.5249777
ID140_timevae_0,1977-06-30,-256.52557
ID140_timevae_0,1977-09-30,56.548786
ID140_timevae_0,1977-12-31,255.48793
ID140_timevae_0,1978-03-31,-28.67826
ID140_timevae_0,1978-06-30,102.15839
ID140_timevae_0,1978-09-30,-85.80249
ID140_timevae_0,1978-12-31,190.7007
ID140_timevae_0,1979-03-31,438.69766
ID140_timevae_0,1979-06-30,148.22342
ID140_timevae_0,1979-09-30,-80.802
ID140_timevae_0,1979-12-31,-8.842041
ID140_timevae_0,1980-03-31,73.0578
ID140_timevae_0,1980-06-30,-300.32977
ID140_timevae_0,1980-09-30,-65.49172
ID140_timevae_0,1980-12-31,179.94067
ID140_timevae_0,1981-03-31,56.743034
ID140_timevae_0,1981-06-30,-3.669139
ID140_timevae_0,1981-09-30,-151.5213
ID140_timevae_0,1981-12-31,180.66791
ID140_timevae_0,1982-03-31,250.0207
ID140_timevae_0,1982-06-30,-209.56573
ID140_timevae_0,1982-09-30,42.09356
ID140_timevae_0,1982-12-31,406.62115
ID140_timevae_0,1983-03-31,377.02838
ID140_timevae_0,1983-06-30,-332.67944
ID140_timevae_0,1983-09-30,-109.31832
ID140_timevae_0,1983-12-31,425.46545
ID140_timevae_0,1984-03-31,190.81342
ID140_timevae_0,1984-06-30,-254.64716
ID140_timevae_0,1984-09-30,251.75508
ID140_timevae_0,1984-12-31,225.71927
ID140_timevae_0,1985-03-31,205.45569
ID140_timevae_0,1985-06-30,12.762559
ID140_timevae_0,1985-09-30,-133.14037
ID140_timevae_0,1985-12-31,492.7295
ID140_timevae_0,1986-03-31,80.98048
ID140_timevae_0,1986-06-30,-93.47208
ID140_timevae_0,1986-09-30,-21.506088
ID140_timevae_0,1986-12-31,280.7403
ID140_timevae_0,1987-03-31,115.43269
ID140_timevae_0,1987-06-30,-156.69385
ID140_timevae_0,1987-09-30,81.86365
ID140_timevae_0,1987-12-31,64.56312
ID140_timevae_0,1988-03-31,312.85968
ID140_timevae_0,1988-06-30,-200.17096
ID140_timevae_0,1988-09-30,11.121381
ID141_timevae_0,1975-12-31,334.28122
ID141_timevae_0,1976-03-31,83.15582
ID141_timevae_0,1976-06-30,13.248523
ID141_timevae_0,1976-09-30,213.26843
ID141_timevae_0,1976-12-31,493.89774
ID141_timevae_0,1977-03-31,66.81956
ID141_timevae_0,1977-06-30,-139.0113
ID141_timevae_0,1977-09-30,224.36786
ID141_timevae_0,1977-12-31,517.3376
ID141_timevae_0,1978-03-31,80.29152
ID141_timevae_0,1978-06-30,182.08408
ID141_timevae_0,1978-09-30,77.57183
ID141_timevae_0,1978-12-31,469.8897
ID141_timevae_0,1979-03-31,547.7599
ID141_timevae_0,1979-06-30,274.5619
ID141_timevae_0,1979-09-30,114.19869
ID141_timevae_0,1979-12-31,231.11142
ID141_timevae_0,1980-03-31,187.73169
ID141_timevae_0,1980-06-30,-196.05316
ID141_timevae_0,1980-09-30,78.76489
ID141_timevae_0,1980-12-31,468.45776
ID141_timevae_0,1981-03-31,140.43109
ID141_timevae_0,1981-06-30,158.4797
ID141_timevae_0,1981-09-30,51.300266
ID141_timevae_0,1981-12-31,441.92142
ID141_timevae_0,1982-03-31,366.7479
ID141_timevae_0,1982-06-30,-58.664967
ID141_timevae_0,1982-09-30,222.07915
ID141_timevae_0,1982-12-31,603.587
ID141_timevae_0,1983-03-31,513.71533
ID141_timevae_0,1983-06-30,-206.65149
ID141_timevae_0,1983-09-30,54.99837
ID141_timevae_0,1983-12-31,686.28754
ID141_timevae_0,1984-03-31,265.90958
ID141_timevae_0,1984-06-30,-97.78146
ID141_timevae_0,1984-09-30,428.18286
ID141_timevae_0,1984-12-31,462.35648
ID141_timevae_0,1985-03-31,292.12292
ID141_timevae_0,1985-06-30,115.818634
ID141_timevae_0,1985-09-30,35.871284
ID141_timevae_0,1985-12-31,764.68787
ID141_timevae_0,1986-03-31,141.42131
ID141_timevae_0,1986-06-30,-5.381218
ID141_timevae_0,1986-09-30,119.48263
ID141_timevae_0,1986-12-31,504.2796
ID141_timevae_0,1987-03-31,227.35266
ID141_timevae_0,1987-06-30,-33.803875
ID141_timevae_0,1987-09-30,258.9926
ID141_timevae_0,1987-12-31,262.75174
ID141_timevae_0,1988-03-31,315.52625
ID141_timevae_0,1988-06-30,-123.80393
ID141_timevae_0,1988-09-30,146.03621
ID142_timevae_0,1975-12-31,-308.9552
ID142_timevae_0,1976-03-31,-141.18292
ID142_timevae_0,1976-06-30,-500.07358
ID142_timevae_0,1976-09-30,-219.71725
ID142_timevae_0,1976-12-31,-177.30685
ID142_timevae_0,1977-03-31,-144.61298
ID142_timevae_0,1977-06-30,-622.0382
ID142_timevae_0,1977-09-30,-167.99948
ID142_timevae_0,1977-12-31,-218.33167
ID142_timevae_0,1978-03-31,-258.33414
ID142_timevae_0,1978-06-30,-192.98633
ID142_timevae_0,1978-09-30,-291.8839
ID142_timevae_0,1978-12-31,-285.28134
ID142_timevae_0,1979-03-31,216.39018
ID142_timevae_0,1979-06-30,-244.22978
ID142_timevae_0,1979-09-30,-366.48526
ID142_timevae_0,1979-12-31,-448.73083
ID142_timevae_0,1980-03-31,-156.24065
ID142_timevae_0,1980-06-30,-664.02985
ID142_timevae_0,1980-09-30,-280.01367
ID142_timevae_0,1980-12-31,-378.99088
ID142_timevae_0,1981-03-31,-152.77122
ID142_timevae_0,1981-06-30,-488.3142
ID142_timevae_0,1981-09-30,-437.11438
ID142_timevae_0,1981-12-31,-300.52414
ID142_timevae_0,1982-03-31,4.9639187
ID142_timevae_0,1982-06-30,-664.6774
ID142_timevae_0,1982-09-30,-187.3801
ID142_timevae_0,1982-12-31,60.748848
ID142_timevae_0,1983-03-31,73.55705
ID142_timevae_0,1983-06-30,-752.3566
ID142_timevae_0,1983-09-30,-375.04337
ID142_timevae_0,1983-12-31,-73.888214
ID142_timevae_0,1984-03-31,19.539341
ID142_timevae_0,1984-06-30,-741.26086
ID142_timevae_0,1984-09-30,-30.760048
ID142_timevae_0,1984-12-31,-171.47853
ID142_timevae_0,1985-03-31,40.54788
ID142_timevae_0,1985-06-30,-353.83438
ID142_timevae_0,1985-09-30,-407.80008
ID142_timevae_0,1985-12-31,-15.580329
ID142_timevae_0,1986-03-31,-75.125946
ID142_timevae_0,1986-06-30,-457.5508
ID142_timevae_0,1986-09-30,-194.7166
ID142_timevae_0,1986-12-31,-159.70477
ID142_timevae_0,1987-03-31,-167.04413
ID142_timevae_0,1987-06-30,-542.65454
ID142_timevae_0,1987-09-30,-205.80136
ID142_timevae_0,1987-12-31,-322.3531
ID142_timevae_0,1988-03-31,276.53223
ID142_timevae_0,1988-06-30,-552.6048
ID142_timevae_0,1988-09-30,-254.84363
ID143_timevae_0,1975-12-31,191.61974
ID143_timevae_0,1976-03-31,303.8697
ID143_timevae_0,1976-06-30,0.23862648
ID143_timevae_0,1976-09-30,187.7189
ID143_timevae_0,1976-12-31,134.48645
ID143_timevae_0,1977-03-31,87.211655
ID143_timevae_0,1977-06-30,-363.17203
ID143_timevae_0,1977-09-30,252.12926
ID143_timevae_0,1977-12-31,135.10475
ID143_timevae_0,1978-03-31,187.60942
ID143_timevae_0,1978-06-30,-139.2005
ID143_timevae_0,1978-09-30,187.44783
ID143_timevae_0,1978-12-31,358.21814
ID143_timevae_0,1979-03-31,607.2387
ID143_timevae_0,1979-06-30,48.364113
ID143_timevae_0,1979-09-30,125.28759
ID143_timevae_0,1979-12-31,-106.3281
ID143_timevae_0,1980-03-31,381.36008
ID143_timevae_0,1980-06-30,-544.89374
ID143_timevae_0,1980-09-30,-140.39087
ID143_timevae_0,1980-12-31,-38.664566
ID143_timevae_0,1981-03-31,51.15266
ID143_timevae_0,1981-06-30,-212.86787
ID143_timevae_0,1981-09-30,194.291
ID143_timevae_0,1981-12-31,30.218472
ID143_timevae_0,1982-03-31,338.60544
ID143_timevae_0,1982-06-30,-391.08786
ID143_timevae_0,1982-09-30,324.4479
ID143_timevae_0,1982-12-31,84.22844
ID143_timevae_0,1983-03-31,455.3975
ID143_timevae_0,1983-06-30,-621.0794
ID143_timevae_0,1983-09-30,-248.1073
ID143_timevae_0,1983-12-31,71.79043
ID143_timevae_0,1984-03-31,188.30717
ID143_timevae_0,1984-06-30,-426.47278
ID143_timevae_0,1984-09-30,162.32819
ID143_timevae_0,1984-12-31,287.05865
ID143_timevae_0,1985-03-31,566.1145
ID143_timevae_0,1985-06-30,-326.6181
ID143_timevae_0,1985-09-30,-199.95248
ID143_timevae_0,1985-12-31,123.770546
ID143_timevae_0,1986-03-31,56.0621
ID143_timevae_0,1986-06-30,-627.1298
ID143_timevae_0,1986-09-30,120.844635
ID143_timevae_0,1986-12-31,-216.67253
ID143_timevae_0,1987-03-31,-39.93373
ID143_timevae_0,1987-06-30,-198.56306
ID143_timevae_0,1987-09-30,20.606308
ID143_timevae_0,1987-12-31,-492.9017
ID143_timevae_0,1988-03-31,34.77786
ID143_timevae_0,1988-06-30,-781.2211
ID143_timevae_0,1988-09-30,-674.63153
ID144_timevae_0,1975-12-31,218.16208
ID144_timevae_0,1976-03-31,66.51836
ID144_timevae_0,1976-06-30,-208.68297
ID144_timevae_0,1976-09-30,176.6287
ID144_timevae_0,1976-12-31,282.44086
ID144_timevae_0,1977-03-31,-32.686325
ID144_timevae_0,1977-06-30,-394.7681
ID144_timevae_0,1977-09-30,228.82675
ID144_timevae_0,1977-12-31,263.21866
ID144_timevae_0,1978-03-31,-22.593513
ID144_timevae_0,1978-06-30,-77.53588
ID144_timevae_0,1978-09-30,109.11902
ID144_timevae_0,1978-12-31,297.84583
ID144_timevae_0,1979-03-31,439.47726
ID144_timevae_0,1979-06-30,-5.4311476
ID144_timevae_0,1979-09-30,104.360016
ID144_timevae_0,1979-12-31,-4.9453955
ID144_timevae_0,1980-03-31,106.66381
ID144_timevae_0,1980-06-30,-527.69135
ID144_timevae_0,1980-09-30,8.268196
ID144_timevae_0,1980-12-31,139.98949
ID144_timevae_0,1981-03-31,-50.06094
ID144_timevae_0,1981-06-30,-208.48453
ID144_timevae_0,1981-09-30,61.97778
ID144_timevae_0,1981-12-31,152.81883
ID144_timevae_0,1982-03-31,223.16751
ID144_timevae_0,1982-06-30,-414.01736
ID144_timevae_0,1982-09-30,277.46188
ID144_timevae_0,1982-12-31,406.03375
ID144_timevae_0,1983-03-31,309.27014
ID144_timevae_0,1983-06-30,-572.66846
ID144_timevae_0,1983-09-30,-51.946365
ID144_timevae_0,1983-12-31,365.47134
ID144_timevae_0,1984-03-31,151.22566
ID144_timevae_0,1984-06-30,-490.5576
ID144_timevae_0,1984-09-30,335.74844
ID144_timevae_0,1984-12-31,345.9482
ID144_timevae_0,1985-03-31,256.2569
ID144_timevae_0,1985-06-30,-217.12363
ID144_timevae_0,1985-09-30,-84.57653
ID144_timevae_0,1985-12-31,451.80896
ID144_timevae_0,1986-03-31,2.3085017
ID144_timevae_0,1986-06-30,-398.32083
ID144_timevae_0,1986-09-30,152.39987
ID144_timevae_0,1986-12-31,154.47598
ID144_timevae_0,1987-03-31,-37.325516
ID144_timevae_0,1987-06-30,-322.98373
ID144_timevae_0,1987-09-30,172.90724
ID144_timevae_0,1987-12-31,-26.016106
ID144_timevae_0,1988-03-31,225.90176
ID144_timevae_0,1988-06-30,-536.05005
ID144_timevae_0,1988-09-30,-115.566864
ID145_timevae_0,1975-12-31,518.98694
ID145_timevae_0,1976-03-31,286.00336
ID145_timevae_0,1976-06-30,355.87726
ID145_timevae_0,1976-09-30,398.62933
ID145_timevae_0,1976-12-31,569.3747
ID145_timevae_0,1977-03-31,190.47191
ID145_timevae_0,1977-06-30,60.765877
ID145_timevae_0,1977-09-30,425.19437
ID145_timevae_0,1977-12-31,635.5054
ID145_timevae_0,1978-03-31,289.47348
ID145_timevae_0,1978-06-30,278.1736
ID145_timevae_0,1978-09-30,308.62778
ID145_timevae_0,1978-12-31,769.908
ID145_timevae_0,1979-03-31,749.9109
ID145_timevae_0,1979-06-30,470.93494
ID145_timevae_0,1979-09-30,307.15582
ID145_timevae_0,1979-12-31,345.3863
ID145_timevae_0,1980-03-31,450.22235
ID145_timevae_0,1980-06-30,-45.82154
ID145_timevae_0,1980-09-30,99.71375
ID145_timevae_0,1980-12-31,588.2893
ID145_timevae_0,1981-03-31,250.21873
ID145_timevae_0,1981-06-30,362.10333
ID145_timevae_0,1981-09-30,327.04086
ID145_timevae_0,1981-12-31,570.9915
ID145_timevae_0,1982-03-31,554.786
ID145_timevae_0,1982-06-30,142.03386
ID145_timevae_0,1982-09-30,457.5935
ID145_timevae_0,1982-12-31,546.93195
ID145_timevae_0,1983-03-31,695.2707
ID145_timevae_0,1983-06-30,-59.818844
ID145_timevae_0,1983-09-30,69.41883
ID145_timevae_0,1983-12-31,693.64185
ID145_timevae_0,1984-03-31,341.46997
ID145_timevae_0,1984-06-30,126.26346
ID145_timevae_0,1984-09-30,489.75092
ID145_timevae_0,1984-12-31,644.70953
ID145_timevae_0,1985-03-31,555.84045
ID145_timevae_0,1985-06-30,183.47472
ID145_timevae_0,1985-09-30,101.68195
ID145_timevae_0,1985-12-31,780.6172
ID145_timevae_0,1986-03-31,172.32622
ID145_timevae_0,1986-06-30,-30.613705
ID145_timevae_0,1986-09-30,232.03702
ID145_timevae_0,1986-12-31,423.85532
ID145_timevae_0,1987-03-31,296.46146
ID145_timevae_0,1987-06-30,209.69606
ID145_timevae_0,1987-09-30,330.01404
ID154_timevae_0,1975-12-31,535.48065
ID154_timevae_0,1976-03-31,164.1742
ID154_timevae_0,1976-06-30,337.5321
ID154_timevae_0,1976-09-30,516.9971
ID154_timevae_0,1976-12-31,894.1537
ID154_timevae_0,1977-03-31,360.36017
ID154_timevae_0,1977-06-30,273.36945
ID154_timevae_0,1977-09-30,469.2261
ID154_timevae_0,1977-12-31,986.79944
ID154_timevae_0,1978-03-31,267.01526
ID154_timevae_0,1978-06-30,695.5463
ID154_timevae_0,1978-09-30,278.7852
ID154_timevae_0,1978-12-31,738.07196
ID154_timevae_0,1979-03-31,764.8992
ID154_timevae_0,1979-06-30,698.9473
ID154_timevae_0,1979-09-30,305.0745
ID154_timevae_0,1979-12-31,696.26685
ID154_timevae_0,1980-03-31,325.2254
ID154_timevae_0,1980-06-30,402.32333
ID154_timevae_0,1980-09-30,483.32648
ID154_timevae_0,1980-12-31,951.1478
ID154_timevae_0,1981-03-31,557.7487
ID154_timevae_0,1981-06-30,683.30096
ID154_timevae_0,1981-09-30,210.31798
ID154_timevae_0,1981-12-31,963.381
ID154_timevae_0,1982-03-31,644.7579
ID154_timevae_0,1982-06-30,469.57083
ID154_timevae_0,1982-09-30,327.60205
ID154_timevae_0,1982-12-31,1031.371
ID154_timevae_0,1983-03-31,873.563
ID154_timevae_0,1983-06-30,391.9342
ID154_timevae_0,1983-09-30,468.76227
ID154_timevae_0,1983-12-31,1247.4143
ID154_timevae_0,1984-03-31,538.20074
ID154_timevae_0,1984-06-30,484.7758
ID154_timevae_0,1984-09-30,782.7863
ID154_timevae_0,1984-12-31,657.71027
ID154_timevae_0,1985-03-31,405.65277
ID154_timevae_0,1985-06-30,689.79333
ID154_timevae_0,1985-09-30,474.36282
ID154_timevae_0,1985-12-31,1302.2157
ID154_timevae_0,1986-03-31,498.95258
ID154_timevae_0,1986-06-30,694.03064
ID154_timevae_0,1986-09-30,356.559
ID154_timevae_0,1986-12-31,1200.5781
ID154_timevae_0,1987-03-31,708.30005
ID154_timevae_0,1987-06-30,414.33975
ID154_timevae_0,1987-09-30,603.6673
ID154_timevae_0,1987-12-31,837.02826
ID154_timevae_0,1988-03-31,671.65985
ID154_timevae_0,1988-06-30,614.8993
ID154_timevae_0,1988-09-30,916.065
ID155_timevae_0,1975-12-31,164.76813
ID155_timevae_0,1976-03-31,97.962105
ID155_timevae_0,1976-06-30,-299.55087
ID155_timevae_0,1976-09-30,120.68701
ID155_timevae_0,1976-12-31,211.87004
ID155_timevae_0,1977-03-31,-19.50808
ID155_timevae_0,1977-06-30,-496.03378
ID155_timevae_0,1977-09-30,175.66252
ID155_timevae_0,1977-12-31,180.86612
ID155_timevae_0,1978-03-31,-7.405403
ID155_timevae_0,1978-06-30,-181.34566
ID155_timevae_0,1978-09-30,61.880383
ID155_timevae_0,1978-12-31,231.6092
ID155_timevae_0,1979-03-31,438.8467
ID155_timevae_0,1979-06-30,-105.006424
ID155_timevae_0,1979-09-30,50.185833
ID155_timevae_0,1979-12-31,-73.33775
ID155_timevae_0,1980-03-31,122.62971
ID155_timevae_0,1980-06-30,-636.466
ID155_timevae_0,1980-09-30,-48.931534
ID155_timevae_0,1980-12-31,43.2296
ID155_timevae_0,1981-03-31,-52.556732
ID155_timevae_0,1981-06-30,-331.86002
ID155_timevae_0,1981-09-30,17.365242
ID155_timevae_0,1981-12-31,69.44622
ID155_timevae_0,1982-03-31,212.19444
ID155_timevae_0,1982-06-30,-530.6319
ID155_timevae_0,1982-09-30,229.33304
ID155_timevae_0,1982-12-31,333.14087
ID155_timevae_0,1983-03-31,292.40408
ID155_timevae_0,1983-06-30,-692.8555
ID155_timevae_0,1983-09-30,-122.79871
ID155_timevae_0,1983-12-31,267.2586
ID155_timevae_0,1984-03-31,152.67424
ID155_timevae_0,1984-06-30,-608.66943
ID155_timevae_0,1984-09-30,259.98944
ID155_timevae_0,1984-12-31,288.90823
ID155_timevae_0,1985-03-31,286.07657
ID155_timevae_0,1985-06-30,-330.19547
ID155_timevae_0,1985-09-30,-152.18607
ID155_timevae_0,1985-12-31,342.77307
ID155_timevae_0,1986-03-31,15.734692
ID155_timevae_0,1986-06-30,-523.729
ID155_timevae_0,1986-09-30,112.65765
ID155_timevae_0,1986-12-31,53.864708
ID155_timevae_0,1987-03-31,-58.929417
ID155_timevae_0,1987-06-30,-418.82733
ID155_timevae_0,1987-09-30,102.5463
ID155_timevae_0,1987-12-31,-116.91684
ID155_timevae_0,1988-03-31,235.30035
ID155_timevae_0,1988-06-30,-659.6945
ID155_timevae_0,1988-09-30,-221.00111
ID157_timevae_0,1975-12-31,395.45703
ID157_timevae_0,1976-03-31,238.13939
ID157_timevae_0,1976-06-30,264.2999
ID157_timevae_0,1976-09-30,259.96146
ID157_timevae_0,1976-12-31,478.3541
ID157_timevae_0,1977-03-31,159.24086
ID157_timevae_0,1977-06-30,23.87716
ID157_timevae_0,1977-09-30,277.91956
ID157_timevae_0,1977-12-31,529.23737
ID157_timevae_0,1978-03-31,240.22276
ID157_timevae_0,1978-06-30,266.92175
ID157_timevae_0,1978-09-30,147.0903
ID157_timevae_0,1978-12-31,602.52686
ID157_timevae_0,1979-03-31,693.9273
ID157_timevae_0,1979-06-30,433.3048
ID157_timevae_0,1979-09-30,168.40657
ID157_timevae_0,1979-12-31,250.6748
ID157_timevae_0,1980-03-31,379.59625
ID157_timevae_0,1980-06-30,-66.34651
ID157_timevae_0,1980-09-30,22.231758
ID157_timevae_0,1980-12-31,504.2765
ID157_timevae_0,1981-03-31,232.79027
ID157_timevae_0,1981-06-30,331.58997
ID157_timevae_0,1981-09-30,152.42809
ID157_timevae_0,1981-12-31,463.5614
ID157_timevae_0,1982-03-31,510.3071
ID157_timevae_0,1982-06-30,106.933044
ID157_timevae_0,1982-09-30,298.90735
ID157_timevae_0,1982-12-31,504.8663
ID157_timevae_0,1983-03-31,648.9134
ID157_timevae_0,1983-06-30,-70.51071
ID157_timevae_0,1983-09-30,-1.4446177
ID157_timevae_0,1983-12-31,638.61816
ID157_timevae_0,1984-03-31,338.33252
ID157_timevae_0,1984-06-30,87.51551
ID157_timevae_0,1984-09-30,405.07437
ID157_timevae_0,1984-12-31,527.3794
ID157_timevae_0,1985-03-31,480.24036
ID157_timevae_0,1985-06-30,192.20328
ID157_timevae_0,1985-09-30,10.72282
ID157_timevae_0,1985-12-31,717.184
ID157_timevae_0,1986-03-31,181.48257
ID157_timevae_0,1986-06-30,16.488901
ID157_timevae_0,1986-09-30,117.22659
ID157_timevae_0,1986-12-31,394.08722
ID157_timevae_0,1987-03-31,301.98782
ID157_timevae_0,1987-06-30,154.58443
ID157_timevae_0,1987-09-30,245.88326
ID158_timevae_0,1975-12-31,-30.467224
ID158_timevae_0,1976-03-31,19.335945
ID158_timevae_0,1976-06-30,-303.8744
ID158_timevae_0,1976-09-30,-81.39797
ID158_timevae_0,1976-12-31,95.28248
ID158_timevae_0,1977-03-31,-9.157965
ID158_timevae_0,1977-06-30,-444.1872
ID158_timevae_0,1977-09-30,-46.833298
ID158_timevae_0,1977-12-31,74.546394
ID158_timevae_0,1978-03-31,-58.101276
ID158_timevae_0,1978-06-30,-71.54056
ID158_timevae_0,1978-09-30,-177.07668
ID158_timevae_0,1978-12-31,31.619114
ID158_timevae_0,1979-03-31,406.90283
ID158_timevae_0,1979-06-30,-51.858734
ID158_timevae_0,1979-09-30,-201.33586
ID158_timevae_0,1979-12-31,-172.94913
ID158_timevae_0,1980-03-31,46.718697
ID158_timevae_0,1980-06-30,-505.09857
ID158_timevae_0,1980-09-30,-182.22533
ID158_timevae_0,1980-12-31,-34.33428
ID158_timevae_0,1981-03-31,10.819462
ID158_timevae_0,1981-06-30,-249.84782
ID158_timevae_0,1981-09-30,-267.2261
ID158_timevae_0,1981-12-31,-8.687043
ID158_timevae_0,1982-03-31,203.33836
ID158_timevae_0,1982-06-30,-444.0229
ID158_timevae_0,1982-09-30,-49.397495
ID158_timevae_0,1982-12-31,277.75342
ID158_timevae_0,1983-03-31,299.1236
ID158_timevae_0,1983-06-30,-559.2874
ID158_timevae_0,1983-09-30,-242.54485
ID158_timevae_0,1983-12-31,224.19896
ID158_timevae_0,1984-03-31,172.60971
ID158_timevae_0,1984-06-30,-504.0041
ID158_timevae_0,1984-09-30,113.69149
ID158_timevae_0,1984-12-31,105.65728
ID158_timevae_0,1985-03-31,209.47852
ID158_timevae_0,1985-06-30,-192.75473
ID158_timevae_0,1985-09-30,-274.07495
ID158_timevae_0,1985-12-31,288.44058
ID158_timevae_0,1986-03-31,62.50936
ID158_timevae_0,1986-06-30,-308.66614
ID158_timevae_0,1986-09-30,-104.2782
ID158_timevae_0,1986-12-31,91.20821
ID158_timevae_0,1987-03-31,32.907032
ID158_timevae_0,1987-06-30,-355.08676
ID158_timevae_0,1987-09-30,-52.256943
ID159_timevae_0,1975-12-31,389.88382
ID159_timevae_0,1976-03-31,43.436516
ID159_timevae_0,1976-06-30,-242.95107
ID159_timevae_0,1976-09-30,304.59305
ID159_timevae_0,1976-12-31,550.14905
ID159_timevae_0,1977-03-31,57.01689
ID159_timevae_0,1977-06-30,-380.13904
ID159_timevae_0,1977-09-30,341.1304
ID159_timevae_0,1977-12-31,555.27924
ID159_timevae_0,1978-03-31,-5.083292
ID159_timevae_0,1978-06-30,7.560205
ID159_timevae_0,1978-09-30,196.54727
ID159_timevae_0,1978-12-31,491.85663
ID159_timevae_0,1979-03-31,485.67978
ID159_timevae_0,1979-06-30,18.13395
ID159_timevae_0,1979-09-30,177.44278
ID159_timevae_0,1979-12-31,278.49475
ID159_timevae_0,1980-03-31,104.10363
ID159_timevae_0,1980-06-30,-428.03683
ID159_timevae_0,1980-09-30,203.70612
ID159_timevae_0,1980-12-31,430.54663
ID159_timevae_0,1981-03-31,80.81249
ID159_timevae_0,1981-06-30,-151.57024
ID159_timevae_0,1981-09-30,116.121346
ID159_timevae_0,1981-12-31,465.5179
ID159_timevae_0,1982-03-31,294.22876
ID159_timevae_0,1982-06-30,-354.10645
ID159_timevae_0,1982-09-30,331.36942
ID159_timevae_0,1982-12-31,722.5711
ID159_timevae_0,1983-03-31,399.15866
ID159_timevae_0,1983-06-30,-477.7659
ID159_timevae_0,1983-09-30,144.74896
ID159_timevae_0,1983-12-31,706.8919
ID159_timevae_0,1984-03-31,230.19778
ID159_timevae_0,1984-06-30,-424.49026
ID159_timevae_0,1984-09-30,507.5413
ID159_timevae_0,1984-12-31,523.0657
ID159_timevae_0,1985-03-31,240.23155
ID159_timevae_0,1985-06-30,-116.08833
ID159_timevae_0,1985-09-30,110.610016
ID159_timevae_0,1985-12-31,799.6363
ID159_timevae_0,1986-03-31,112.79925
ID159_timevae_0,1986-06-30,-238.12827
ID159_timevae_0,1986-09-30,267.32483
ID159_timevae_0,1986-12-31,570.68585
ID159_timevae_0,1987-03-31,128.13718
ID159_timevae_0,1987-06-30,-301.08923
ID159_timevae_0,1987-09-30,331.1456
ID160_timevae_0,1975-12-31,1072.548
ID160_timevae_0,1976-03-31,264.86285
ID160_timevae_0,1976-06-30,945.4659
ID160_timevae_0,1976-09-30,992.1997
ID160_timevae_0,1976-12-31,1185.5082
ID160_timevae_0,1977-03-31,575.96094
ID160_timevae_0,1977-06-30,524.5343
ID160_timevae_0,1977-09-30,1020.0667
ID160_timevae_0,1977-12-31,1232.6436
ID160_timevae_0,1978-03-31,591.49365
ID160_timevae_0,1978-06-30,771.0109
ID160_timevae_0,1978-09-30,788.74005
ID160_timevae_0,1978-12-31,1564.5427
ID160_timevae_0,1979-03-31,1121.7969
ID160_timevae_0,1979-06-30,1186.318
ID160_timevae_0,1979-09-30,752.0712
ID160_timevae_0,1979-12-31,1118.3849
ID160_timevae_0,1980-03-31,960.2316
ID160_timevae_0,1980-06-30,643.68854
ID160_timevae_0,1980-09-30,648.19366
ID160_timevae_0,1980-12-31,1521.243
ID160_timevae_0,1981-03-31,780.5548
ID160_timevae_0,1981-06-30,1096.657
ID160_timevae_0,1981-09-30,846.9256
ID160_timevae_0,1981-12-31,1459.6947
ID160_timevae_0,1982-03-31,798.1275
ID160_timevae_0,1982-06-30,992.4994
ID160_timevae_0,1982-09-30,918.01135
ID160_timevae_0,1982-12-31,953.0872
ID160_timevae_0,1983-03-31,1200.8602
ID160_timevae_0,1983-06-30,700.0661
ID160_timevae_0,1983-09-30,636.9376
ID160_timevae_0,1983-12-31,1361.2207
ID160_timevae_0,1984-03-31,772.95593
ID160_timevae_0,1984-06-30,936.11847
ID160_timevae_0,1984-09-30,1016.2091
ID160_timevae_0,1984-12-31,1214.8691
ID160_timevae_0,1985-03-31,1094.2972
ID160_timevae_0,1985-06-30,806.0431
ID160_timevae_0,1985-09-30,787.8974
ID160_timevae_0,1985-12-31,1533.7959
ID160_timevae_0,1986-03-31,589.39954
ID160_timevae_0,1986-06-30,760.16077
ID160_timevae_0,1986-09-30,564.5617
ID160_timevae_0,1986-12-31,1161.9724
ID160_timevae_0,1987-03-31,882.2057
ID160_timevae_0,1987-06-30,1035.4952
ID160_timevae_0,1987-09-30,985.4333
ID161_timevae_0,1975-12-31,270.5964
ID161_timevae_0,1976-03-31,246.66432
ID161_timevae_0,1976-06-30,205.44374
ID161_timevae_0,1976-09-30,151.80359
ID161_timevae_0,1976-12-31,325.0274
ID161_timevae_0,1977-03-31,140.04578
ID161_timevae_0,1977-06-30,-41.15462
ID161_timevae_0,1977-09-30,178.37117
ID161_timevae_0,1977-12-31,361.01904
ID161_timevae_0,1978-03-31,219.91626
ID161_timevae_0,1978-06-30,200.40868
ID161_timevae_0,1978-09-30,57.06466
ID161_timevae_0,1978-12-31,453.21152
ID161_timevae_0,1979-03-31,664.2618
ID161_timevae_0,1979-06-30,359.14996
ID161_timevae_0,1979-09-30,64.06259
ID161_timevae_0,1979-12-31,99.85601
ID161_timevae_0,1980-03-31,363.01782
ID161_timevae_0,1980-06-30,-147.18295
ID161_timevae_0,1980-09-30,-88.38753
ID161_timevae_0,1980-12-31,321.46313
ID161_timevae_0,1981-03-31,195.24078
ID161_timevae_0,1981-06-30,229.1531
ID161_timevae_0,1981-09-30,50.88816
ID161_timevae_0,1981-12-31,289.57977
ID161_timevae_0,1982-03-31,471.95438
ID161_timevae_0,1982-06-30,11.936551
ID161_timevae_0,1982-09-30,207.58418
ID161_timevae_0,1982-12-31,359.68927
ID161_timevae_0,1983-03-31,593.87335
ID161_timevae_0,1983-06-30,-161.65395
ID161_timevae_0,1983-09-30,-124.71395
ID161_timevae_0,1983-12-31,455.69653
ID161_timevae_0,1984-03-31,316.91486
ID161_timevae_0,1984-06-30,-11.670735
ID161_timevae_0,1984-09-30,280.77493
ID161_timevae_0,1984-12-31,402.99875
ID161_timevae_0,1985-03-31,482.6479
ID161_timevae_0,1985-06-30,109.4851
ID161_timevae_0,1985-09-30,-113.16984
ID161_timevae_0,1985-12-31,525.44025
ID161_timevae_0,1986-03-31,161.96092
ID161_timevae_0,1986-06-30,-76.22307
ID161_timevae_0,1986-09-30,32.095997
ID161_timevae_0,1986-12-31,210.19737
ID161_timevae_0,1987-03-31,239.16124
ID161_timevae_0,1987-06-30,84.97387
ID161_timevae_0,1987-09-30,126.40849
ID168_timevae_0,1976-12-31,307.7556
ID168_timevae_0,1977-03-31,31.341892
ID168_timevae_0,1977-06-30,205.86465
ID168_timevae_0,1977-09-30,279.79767
ID168_timevae_0,1977-12-31,607.0831
ID168_timevae_0,1978-03-31,156.33966
ID168_timevae_0,1978-06-30,117.778465
ID168_timevae_0,1978-09-30,240.73558
ID168_timevae_0,1978-12-31,674.27765
ID168_timevae_0,1979-03-31,101.60829
ID168_timevae_0,1979-06-30,502.8839
ID168_timevae_0,1979-09-30,64.51796
ID168_timevae_0,1979-12-31,490.9357
ID168_timevae_0,1980-03-31,582.42316
ID168_timevae_0,1980-06-30,543.43365
ID168_timevae_0,1980-09-30,99.47228
ID168_timevae_0,1980-12-31,390.42697
ID168_timevae_0,1981-03-31,168.0493
ID168_timevae_0,1981-06-30,193.25018
ID168_timevae_0,1981-09-30,218.98352
ID168_timevae_0,1981-12-31,653.77783
ID168_timevae_0,1982-03-31,327.75793
ID168_timevae_0,1982-06-30,508.54172
ID168_timevae_0,1982-09-30,14.515138
ID168_timevae_0,1982-12-31,636.9861
ID168_timevae_0,1983-03-31,443.22668
ID168_timevae_0,1983-06-30,286.86197
ID168_timevae_0,1983-09-30,142.8805
ID168_timevae_0,1983-12-31,732.8366
ID168_timevae_0,1984-03-31,653.10095
ID168_timevae_0,1984-06-30,194.97708
ID168_timevae_0,1984-09-30,209.66118
ID168_timevae_0,1984-12-31,908.8753
ID168_timevae_0,1985-03-31,346.4201
ID168_timevae_0,1985-06-30,295.0415
ID168_timevae_0,1985-09-30,541.51056
ID168_timevae_0,1985-12-31,436.42905
ID168_timevae_0,1986-03-31,259.16013
ID168_timevae_0,1986-06-30,492.8286
ID168_timevae_0,1986-09-30,205.70036
ID168_timevae_0,1986-12-31,971.0004
ID168_timevae_0,1987-03-31,280.11075
ID168_timevae_0,1987-06-30,466.5298
ID168_timevae_0,1987-09-30,128.46735
ID168_timevae_0,1987-12-31,833.66504
ID168_timevae_0,1988-03-31,462.96967
ID168_timevae_0,1988-06-30,256.11844
ID168_timevae_0,1988-09-30,367.1693
ID168_timevae_0,1988-12-31,503.84872
ID168_timevae_0,1989-03-31,447.00827
ID168_timevae_0,1989-06-30,380.18268
ID168_timevae_0,1989-09-30,553.0079
ID173_timevae_0,1975-09-30,29.184402
ID173_timevae_0,1975-12-31,-56.751724
ID173_timevae_0,1976-03-31,-559.13385
ID173_timevae_0,1976-06-30,71.937126
ID173_timevae_0,1976-09-30,118.57587
ID173_timevae_0,1976-12-31,-109.21269
ID173_timevae_0,1977-03-31,-717.175
ID173_timevae_0,1977-06-30,132.76442
ID173_timevae_0,1977-09-30,73.020485
ID173_timevae_0,1977-12-31,-184.13548
ID173_timevae_0,1978-03-31,-320.99905
ID173_timevae_0,1978-06-30,17.478493
ID173_timevae_0,1978-09-30,65.54838
ID173_timevae_0,1978-12-31,279.62146
ID173_timevae_0,1979-03-31,-332.9218
ID173_timevae_0,1979-06-30,-41.569668
ID173_timevae_0,1979-09-30,-168.30293
ID173_timevae_0,1979-12-31,-66.911255
ID173_timevae_0,1980-03-31,-809.4319
ID173_timevae_0,1980-06-30,-31.058784
ID173_timevae_0,1980-09-30,-114.85828
ID173_timevae_0,1980-12-31,-157.87767
ID173_timevae_0,1981-03-31,-593.0234
ID173_timevae_0,1981-06-30,-83.96351
ID173_timevae_0,1981-09-30,-33.504574
ID173_timevae_0,1981-12-31,52.859882
ID173_timevae_0,1982-03-31,-772.2537
ID173_timevae_0,1982-06-30,155.0566
ID173_timevae_0,1982-09-30,311.79358
ID173_timevae_0,1982-12-31,114.525665
ID173_timevae_0,1983-03-31,-898.20526
ID173_timevae_0,1983-06-30,-130.15813
ID173_timevae_0,1983-09-30,173.25024
ID173_timevae_0,1983-12-31,43.35268
ID173_timevae_0,1984-03-31,-868.92694
ID173_timevae_0,1984-06-30,224.97638
ID173_timevae_0,1984-09-30,156.44612
ID173_timevae_0,1984-12-31,124.314995
ID173_timevae_0,1985-03-31,-501.4626
ID173_timevae_0,1985-06-30,-168.67094
ID173_timevae_0,1985-09-30,249.99968
ID173_timevae_0,1985-12-31,-64.807304
ID173_timevae_0,1986-03-31,-659.5314
ID173_timevae_0,1986-06-30,106.22108
ID173_timevae_0,1986-09-30,37.352715
ID173_timevae_0,1986-12-31,-181.73425
ID173_timevae_0,1987-03-31,-647.23645
ID174_timevae_0,1976-09-30,57.168106
ID174_timevae_0,1976-12-31,-57.038883
ID174_timevae_0,1977-03-31,-285.08875
ID174_timevae_0,1977-06-30,35.878834
ID174_timevae_0,1977-09-30,224.56747
ID174_timevae_0,1977-12-31,-38.389053
ID174_timevae_0,1978-03-31,-409.11893
ID174_timevae_0,1978-06-30,67.18518
ID174_timevae_0,1978-09-30,218.6913
ID174_timevae_0,1978-12-31,-115.92586
ID174_timevae_0,1979-03-31,-6.4766855
ID174_timevae_0,1979-06-30,-74.68273
ID174_timevae_0,1979-09-30,136.461
ID174_timevae_0,1979-12-31,366.2061
ID174_timevae_0,1980-03-31,-11.999097
ID174_timevae_0,1980-06-30,-104.00378
ID174_timevae_0,1980-09-30,-39.581566
ID174_timevae_0,1980-12-31,-14.985322
ID174_timevae_0,1981-03-31,-438.37057
ID174_timevae_0,1981-06-30,-42.045216
ID174_timevae_0,1981-09-30,101.60282
ID174_timevae_0,1981-12-31,-3.5957565
ID174_timevae_0,1982-03-31,-192.0726
ID174_timevae_0,1982-06-30,-175.5666
ID174_timevae_0,1982-09-30,139.19151
ID174_timevae_0,1982-12-31,173.21266
ID174_timevae_0,1983-03-31,-388.62595
ID174_timevae_0,1983-06-30,42.022045
ID174_timevae_0,1983-09-30,418.29407
ID174_timevae_0,1983-12-31,279.25717
ID174_timevae_0,1984-03-31,-493.8168
ID174_timevae_0,1984-06-30,-105.24449
ID174_timevae_0,1984-09-30,383.23514
ID174_timevae_0,1984-12-31,137.59471
ID174_timevae_0,1985-03-31,-448.82355
ID174_timevae_0,1985-06-30,246.80556
ID174_timevae_0,1985-09-30,192.9252
ID174_timevae_0,1985-12-31,136.03171
ID174_timevae_0,1986-03-31,-126.70191
ID174_timevae_0,1986-06-30,-136.2286
ID174_timevae_0,1986-09-30,456.3724
ID174_timevae_0,1986-12-31,35.431274
ID175_timevae_0,1960-12-31,319.1539
ID175_timevae_0,1961-03-31,138.78055
ID175_timevae_0,1961-06-30,191.85036
ID175_timevae_0,1961-09-30,188.60664
ID175_timevae_0,1961-12-31,470.2447
ID175_timevae_0,1962-03-31,105.44025
ID175_timevae_0,1962-06-30,17.780464
ID175_timevae_0,1962-09-30,187.83598
ID175_timevae_0,1962-12-31,508.77087
ID175_timevae_0,1963-03-31,160.33867
ID175_timevae_0,1963-06-30,297.72525
ID175_timevae_0,1963-09-30,40.952316
ID175_timevae_0,1963-12-31,486.56287
ID175_timevae_0,1964-03-31,616.4213
ID175_timevae_0,1964-06-30,438.75952
ID175_timevae_0,1964-09-30,97.54331
ID175_timevae_0,1964-12-31,219.17068
ID175_timevae_0,1965-03-31,270.59534
ID175_timevae_0,1965-06-30,-42.912865
ID175_timevae_0,1965-09-30,21.259037
ID175_timevae_0,1965-12-31,498.64935
ID175_timevae_0,1966-03-31,205.02676
ID175_timevae_0,1966-06-30,352.935
ID175_timevae_0,1966-09-30,43.120785
ID175_timevae_0,1966-12-31,443.8909
ID175_timevae_0,1967-03-31,440.0249
ID175_timevae_0,1967-06-30,126.10477
ID175_timevae_0,1967-09-30,188.26024
ID175_timevae_0,1967-12-31,537.2058
ID175_timevae_0,1968-03-31,606.9032
ID175_timevae_0,1968-06-30,-34.88748
ID175_timevae_0,1968-09-30,13.619742
ID175_timevae_0,1968-12-31,675.3114
ID175_timevae_0,1969-03-31,309.8223
ID175_timevae_0,1969-06-30,108.089134
ID175_timevae_0,1969-09-30,396.50565
ID175_timevae_0,1969-12-31,446.8654
ID175_timevae_0,1970-03-31,360.8071
ID175_timevae_0,1970-06-30,257.9772
ID175_timevae_0,1970-09-30,7.966488
ID175_timevae_0,1970-12-31,747.0654
ID175_timevae_0,1971-03-31,177.5266
ID175_timevae_0,1971-06-30,131.1011
ID175_timevae_0,1971-09-30,55.528706
ID175_timevae_0,1971-12-31,467.92096
ID175_timevae_0,1972-03-31,306.33752
ID175_timevae_0,1972-06-30,141.99045
ID175_timevae_0,1972-09-30,231.97577
ID176_timevae_0,1976-12-31,356.8329
ID176_timevae_0,1977-03-31,214.51521
ID176_timevae_0,1977-06-30,270.0646
ID176_timevae_0,1977-09-30,242.58934
ID176_timevae_0,1977-12-31,440.38397
ID176_timevae_0,1978-03-31,134.54965
ID176_timevae_0,1978-06-30,32.680027
ID176_timevae_0,1978-09-30,260.85974
ID176_timevae_0,1978-12-31,488.54874
ID176_timevae_0,1979-03-31,213.77971
ID176_timevae_0,1979-06-30,278.3092
ID176_timevae_0,1979-09-30,130.34633
ID176_timevae_0,1979-12-31,558.56287
ID176_timevae_0,1980-03-31,666.9473
ID176_timevae_0,1980-06-30,441.90192
ID176_timevae_0,1980-09-30,151.81912
ID176_timevae_0,1980-12-31,211.10205
ID176_timevae_0,1981-03-31,352.18164
ID176_timevae_0,1981-06-30,-58.12179
ID176_timevae_0,1981-09-30,8.8584
ID176_timevae_0,1981-12-31,462.31418
ID176_timevae_0,1982-03-31,207.33449
ID176_timevae_0,1982-06-30,337.87018
ID176_timevae_0,1982-09-30,133.79062
ID176_timevae_0,1982-12-31,421.7745
ID176_timevae_0,1983-03-31,482.31067
ID176_timevae_0,1983-06-30,113.42633
ID176_timevae_0,1983-09-30,281.8139
ID176_timevae_0,1983-12-31,469.83435
ID176_timevae_0,1984-03-31,620.9729
ID176_timevae_0,1984-06-30,-62.494686
ID176_timevae_0,1984-09-30,-15.870866
ID176_timevae_0,1984-12-31,599.0682
ID176_timevae_0,1985-03-31,315.20007
ID176_timevae_0,1985-06-30,93.42645
ID176_timevae_0,1985-09-30,389.94113
ID176_timevae_0,1985-12-31,488.3999
ID176_timevae_0,1986-03-31,454.29135
ID176_timevae_0,1986-06-30,202.93297
ID176_timevae_0,1986-09-30,-4.7642717
ID176_timevae_0,1986-12-31,676.7445
ID176_timevae_0,1987-03-31,159.26558
ID176_timevae_0,1987-06-30,28.540699
ID176_timevae_0,1987-09-30,103.41481
ID177_timevae_0,1976-09-30,469.2495
ID177_timevae_0,1976-12-31,165.91833
ID177_timevae_0,1977-03-31,238.02579
ID177_timevae_0,1977-06-30,334.18808
ID177_timevae_0,1977-09-30,603.63983
ID177_timevae_0,1977-12-31,127.218796
ID177_timevae_0,1978-03-31,36.975304
ID177_timevae_0,1978-06-30,341.3251
ID177_timevae_0,1978-09-30,656.1898
ID177_timevae_0,1978-12-31,191.21098
ID177_timevae_0,1979-03-31,303.9592
ID177_timevae_0,1979-06-30,196.34808
ID177_timevae_0,1979-09-30,667.74896
ID177_timevae_0,1979-12-31,656.54767
ID177_timevae_0,1980-03-31,456.86182
ID177_timevae_0,1980-06-30,242.49341
ID177_timevae_0,1980-09-30,358.71832
ID177_timevae_0,1980-12-31,315.70847
ID177_timevae_0,1981-03-31,-33.337017
ID177_timevae_0,1981-06-30,136.15884
ID177_timevae_0,1981-09-30,638.495
ID177_timevae_0,1981-12-31,219.63826
ID177_timevae_0,1982-03-31,375.8849
ID177_timevae_0,1982-06-30,205.84569
ID177_timevae_0,1982-09-30,588.5089
ID177_timevae_0,1982-12-31,480.77435
ID177_timevae_0,1983-03-31,146.87773
ID177_timevae_0,1983-06-30,349.7182
ID177_timevae_0,1983-09-30,648.9588
ID177_timevae_0,1983-12-31,640.837
ID177_timevae_0,1984-03-31,-25.925571
ID177_timevae_0,1984-06-30,126.36534
ID177_timevae_0,1984-09-30,800.3602
ID177_timevae_0,1984-12-31,320.6273
ID177_timevae_0,1985-03-31,124.946556
ID177_timevae_0,1985-06-30,521.1598
ID177_timevae_0,1985-09-30,598.533
ID177_timevae_0,1985-12-31,399.48962
ID177_timevae_0,1986-03-31,252.0892
ID177_timevae_0,1986-06-30,126.4707
ID177_timevae_0,1986-09-30,886.08185
ID177_timevae_0,1986-12-31,173.24811
ID177_timevae_0,1987-03-31,103.61131
ID192_timevae_0,1975-12-31,3.5568378
ID192_timevae_0,1976-03-31,-114.37256
ID192_timevae_0,1976-06-30,-288.55792
ID192_timevae_0,1976-09-30,3.7432923
ID192_timevae_0,1976-12-31,216.95322
ID192_timevae_0,1977-03-31,-44.947556
ID192_timevae_0,1977-06-30,-390.00873
ID192_timevae_0,1977-09-30,25.964256
ID192_timevae_0,1977-12-31,222.51588
ID192_timevae_0,1978-03-31,-156.53113
ID192_timevae_0,1978-06-30,44.623627
ID192_timevae_0,1978-09-30,-126.17451
ID192_timevae_0,1978-12-31,91.59041
ID192_timevae_0,1979-03-31,333.1657
ID192_timevae_0,1979-06-30,9.7074375
ID192_timevae_0,1979-09-30,-165.13223
ID192_timevae_0,1979-12-31,-34.11925
ID192_timevae_0,1980-03-31,-65.59921
ID192_timevae_0,1980-06-30,-373.71838
ID192_timevae_0,1980-09-30,-41.033825
ID192_timevae_0,1980-12-31,105.5362
ID192_timevae_0,1981-03-31,14.8192215
ID192_timevae_0,1981-06-30,-154.39697
ID192_timevae_0,1981-09-30,-246.19658
ID192_timevae_0,1981-12-31,156.79282
ID192_timevae_0,1982-03-31,153.1658
ID192_timevae_0,1982-06-30,-348.79636
ID192_timevae_0,1982-09-30,-33.006474
ID192_timevae_0,1982-12-31,429.15564
ID192_timevae_0,1983-03-31,271.42953
ID192_timevae_0,1983-06-30,-433.80972
ID192_timevae_0,1983-09-30,-109.30935
ID192_timevae_0,1983-12-31,410.2044
ID192_timevae_0,1984-03-31,125.131676
ID192_timevae_0,1984-06-30,-399.83945
ID192_timevae_0,1984-09-30,230.60147
ID192_timevae_0,1984-12-31,139.90344
ID192_timevae_0,1985-03-31,82.632225
ID192_timevae_0,1985-06-30,-67.10675
ID192_timevae_0,1985-09-30,-134.12738
ID192_timevae_0,1985-12-31,476.183
ID192_timevae_0,1986-03-31,42.66802
ID192_timevae_0,1986-06-30,-135.35713
ID192_timevae_0,1986-09-30,-31.65636
ID192_timevae_0,1986-12-31,336.05057
ID192_timevae_0,1987-03-31,62.742386
ID192_timevae_0,1987-06-30,-293.325
ID192_timevae_0,1987-09-30,50.11958
ID192_timevae_0,1987-12-31,113.65761
ID192_timevae_0,1988-03-31,349.33344
ID192_timevae_0,1988-06-30,-219.40869
ID192_timevae_0,1988-09-30,136.006
ID193_timevae_0,1975-12-31,1813.8751
ID193_timevae_0,1976-03-31,549.83185
ID193_timevae_0,1976-06-30,1661.4976
ID193_timevae_0,1976-09-30,1730.2878
ID193_timevae_0,1976-12-31,2118.2256
ID193_timevae_0,1977-03-31,1485.377
ID193_timevae_0,1977-06-30,1127.9775
ID193_timevae_0,1977-09-30,1871.3702
ID193_timevae_0,1977-12-31,1907.8782
ID193_timevae_0,1978-03-31,1219.1111
ID193_timevae_0,1978-06-30,1399.0238
ID193_timevae_0,1978-09-30,1599.1034
ID193_timevae_0,1978-12-31,1937.4829
ID193_timevae_0,1979-03-31,1876.8723
ID193_timevae_0,1979-06-30,2063.2405
ID193_timevae_0,1979-09-30,1653.5493
ID193_timevae_0,1979-12-31,2225.2449
ID193_timevae_0,1980-03-31,1605.6738
ID193_timevae_0,1980-06-30,1459.751
ID193_timevae_0,1980-09-30,1882.6882
ID193_timevae_0,1980-12-31,2425.8074
ID193_timevae_0,1981-03-31,1695.5518
ID193_timevae_0,1981-06-30,1883.7262
ID193_timevae_0,1981-09-30,1755.2195
ID193_timevae_0,1981-12-31,2205.218
ID193_timevae_0,1982-03-31,1654.3519
ID193_timevae_0,1982-06-30,1889.0184
ID193_timevae_0,1982-09-30,1636.4792
ID193_timevae_0,1982-12-31,1659.4314
ID193_timevae_0,1983-03-31,2029.6852
ID193_timevae_0,1983-06-30,1712.0472
ID193_timevae_0,1983-09-30,1696.6769
ID193_timevae_0,1983-12-31,2461.148
ID193_timevae_0,1984-03-31,1824.7981
ID193_timevae_0,1984-06-30,1946.413
ID193_timevae_0,1984-09-30,2117.296
ID193_timevae_0,1984-12-31,2171.7454
ID193_timevae_0,1985-03-31,1556.6736
ID193_timevae_0,1985-06-30,1862.2783
ID193_timevae_0,1985-09-30,1913.59
ID193_timevae_0,1985-12-31,2857.5205
ID193_timevae_0,1986-03-31,1480.6958
ID193_timevae_0,1986-06-30,1897.693
ID193_timevae_0,1986-09-30,1293.3796
ID197_timevae_0,1975-12-31,1020.3619
ID197_timevae_0,1976-03-31,288.29776
ID197_timevae_0,1976-06-30,956.23016
ID197_timevae_0,1976-09-30,976.2156
ID197_timevae_0,1976-12-31,1181.9054
ID197_timevae_0,1977-03-31,608.0426
ID197_timevae_0,1977-06-30,525.7118
ID197_timevae_0,1977-09-30,957.0405
ID197_timevae_0,1977-12-31,1212.4232
ID197_timevae_0,1978-03-31,609.64557
ID197_timevae_0,1978-06-30,801.20245
ID197_timevae_0,1978-09-30,770.3265
ID197_timevae_0,1978-12-31,1467.082
ID197_timevae_0,1979-03-31,1147.842
ID197_timevae_0,1979-06-30,1216.3512
ID197_timevae_0,1979-09-30,770.1786
ID197_timevae_0,1979-12-31,1165.0026
ID197_timevae_0,1980-03-31,910.32874
ID197_timevae_0,1980-06-30,639.94824
ID197_timevae_0,1980-09-30,641.7831
ID197_timevae_0,1980-12-31,1528.0372
ID197_timevae_0,1981-03-31,806.30786
ID197_timevae_0,1981-06-30,1115.484
ID197_timevae_0,1981-09-30,778.5982
ID197_timevae_0,1981-12-31,1426.449
ID197_timevae_0,1982-03-31,838.9387
ID197_timevae_0,1982-06-30,979.3554
ID197_timevae_0,1982-09-30,864.1745
ID197_timevae_0,1982-12-31,978.81573
ID197_timevae_0,1983-03-31,1203.6423
ID197_timevae_0,1983-06-30,737.9435
ID197_timevae_0,1983-09-30,654.6337
ID197_timevae_0,1983-12-31,1423.7621
ID197_timevae_0,1984-03-31,834.65735
ID197_timevae_0,1984-06-30,962.70154
ID197_timevae_0,1984-09-30,1056.2382
ID197_timevae_0,1984-12-31,1222.4309
ID197_timevae_0,1985-03-31,988.8365
ID197_timevae_0,1985-06-30,861.03033
ID197_timevae_0,1985-09-30,825.2218
ID197_timevae_0,1985-12-31,1596.8289
ID197_timevae_0,1986-03-31,605.99304
ID197_timevae_0,1986-06-30,837.9389
ID197_timevae_0,1986-09-30,521.8021
ID2_timevae_0,1975-12-31,493.07172
ID2_timevae_0,1976-03-31,135.51709
ID2_timevae_0,1976-06-30,325.57047
ID2_timevae_0,1976-09-30,360.07727
ID2_timevae_0,1976-12-31,666.6814
ID2_timevae_0,1977-03-31,135.40749
ID2_timevae_0,1977-06-30,139.1303
ID2_timevae_0,1977-09-30,348.91415
ID2_timevae_0,1977-12-31,734.29407
ID2_timevae_0,1978-03-31,205.04549
ID2_timevae_0,1978-06-30,409.58875
ID2_timevae_0,1978-09-30,192.68181
ID2_timevae_0,1978-12-31,712.76904
ID2_timevae_0,1979-03-31,673.60364
ID2_timevae_0,1979-06-30,579.78827
ID2_timevae_0,1979-09-30,260.08755
ID2_timevae_0,1979-12-31,426.26846
ID2_timevae_0,1980-03-31,319.62778
ID2_timevae_0,1980-06-30,98.48173
ID2_timevae_0,1980-09-30,173.86128
ID2_timevae_0,1980-12-31,750.71735
ID2_timevae_0,1981-03-31,266.41608
ID2_timevae_0,1981-06-30,531.356
ID2_timevae_0,1981-09-30,218.29471
ID2_timevae_0,1981-12-31,685.4874
ID2_timevae_0,1982-03-31,501.99332
ID2_timevae_0,1982-06-30,300.23764
ID2_timevae_0,1982-09-30,338.05655
ID2_timevae_0,1982-12-31,704.67615
ID2_timevae_0,1983-03-31,702.908
ID2_timevae_0,1983-06-30,124.44413
ID2_timevae_0,1983-09-30,191.37753
ID2_timevae_0,1983-12-31,905.1978
ID2_timevae_0,1984-03-31,339.9828
ID2_timevae_0,1984-06-30,289.90182
ID2_timevae_0,1984-09-30,569.8657
ID2_timevae_0,1984-12-31,618.5441
ID2_timevae_0,1985-03-31,385.35052
ID2_timevae_0,1985-06-30,387.8832
ID2_timevae_0,1985-09-30,194.18721
ID2_timevae_0,1985-12-31,989.9861
ID2_timevae_0,1986-03-31,199.96632
ID2_timevae_0,1986-06-30,272.93542
ID2_timevae_0,1986-09-30,179.18672
ID22_timevae_0,1977-09-30,-371.95786
ID22_timevae_0,1977-12-31,-104.57369
ID22_timevae_0,1978-03-31,-846.7342
ID22_timevae_0,1978-06-30,-228.76701
ID22_timevae_0,1978-09-30,-306.8664
ID22_timevae_0,1978-12-31,-190.57489
ID22_timevae_0,1979-03-31,-1018.16565
ID22_timevae_0,1979-06-30,-150.95363
ID22_timevae_0,1979-09-30,-396.17474
ID22_timevae_0,1979-12-31,-282.21793
ID22_timevae_0,1980-03-31,-597.63214
ID22_timevae_0,1980-06-30,-244.74088
ID22_timevae_0,1980-09-30,-388.72052
ID22_timevae_0,1980-12-31,147.03494
ID22_timevae_0,1981-03-31,-622.5689
ID22_timevae_0,1981-06-30,-337.14957
ID22_timevae_0,1981-09-30,-601.56036
ID22_timevae_0,1981-12-31,-159.22412
ID22_timevae_0,1982-03-31,-1117.8403
ID22_timevae_0,1982-06-30,-290.2326
ID22_timevae_0,1982-09-30,-618.9902
ID22_timevae_0,1982-12-31,-269.28677
ID22_timevae_0,1983-03-31,-957.3299
ID22_timevae_0,1983-06-30,-365.7077
ID22_timevae_0,1983-09-30,-493.06027
ID22_timevae_0,1983-12-31,-113.40095
ID22_timevae_0,1984-03-31,-1107.4816
ID22_timevae_0,1984-06-30,-125.67867
ID22_timevae_0,1984-09-30,-95.37364
ID22_timevae_0,1984-12-31,-56.357918
ID22_timevae_0,1985-03-31,-1237.3378
ID22_timevae_0,1985-06-30,-443.3809
ID22_timevae_0,1985-09-30,-323.21182
ID22_timevae_0,1985-12-31,-58.832985
ID22_timevae_0,1986-03-31,-1216.4188
ID22_timevae_0,1986-06-30,-98.13815
ID22_timevae_0,1986-09-30,-259.93298
ID22_timevae_0,1986-12-31,69.78785
ID22_timevae_0,1987-03-31,-807.25946
ID22_timevae_0,1987-06-30,-461.4157
ID22_timevae_0,1987-09-30,-277.90607
ID22_timevae_0,1987-12-31,-132.02298
ID22_timevae_0,1988-03-31,-983.6583
ID22_timevae_0,1988-06-30,-131.9393
ID22_timevae_0,1988-09-30,-440.49298
ID22_timevae_0,1988-12-31,-340.66348
ID22_timevae_0,1989-03-31,-921.26917
ID22_timevae_0,1989-06-30,-271.47815
ID22_timevae_0,1989-09-30,-557.0355
ID22_timevae_0,1989-12-31,210.31789
ID22_timevae_0,1990-03-31,-1078.3615
ID22_timevae_0,1990-06-30,-473.51874
ID22_timevae_0,1990-09-30,-876.71155
ID22_timevae_0,1990-12-31,-224.81096
ID22_timevae_0,1991-03-31,-1507.3683
ID22_timevae_0,1991-06-30,-374.64865
ID22_timevae_0,1991-09-30,-479.72348
ID22_timevae_0,1991-12-31,109.7426
ID22_timevae_0,1992-03-31,-1035.9219
ID22_timevae_0,1992-06-30,-203.99037
ID22_timevae_0,1992-09-30,-358.36115
ID22_timevae_0,1992-12-31,-135.31117
ID22_timevae_0,1993-03-31,-788.8146
ID22_timevae_0,1993-06-30,-368.0413
ID22_timevae_0,1993-09-30,-377.01178
ID22_timevae_0,1993-12-31,-29.896427
ID22_timevae_0,1994-03-31,-846.9315
ID22_timevae_0,1994-06-30,-379.63354
ID22_timevae_0,1994-09-30,-606.6961
ID22_timevae_0,1994-12-31,-48.735703
ID22_timevae_0,1995-03-31,-885.86584
ID22_timevae_0,1995-06-30,-54.00586
ID22_timevae_0,1995-09-30,-391.29944
ID22_timevae_0,1995-12-31,-99.26743
ID22_timevae_0,1996-03-31,-555.93207
ID22_timevae_0,1996-06-30,-141.64081
ID22_timevae_0,1996-09-30,-648.6152
ID22_timevae_0,1996-12-31,-9.501018
ID22_timevae_0,1997-03-31,-804.1245
ID22_timevae_0,1997-06-30,-314.87366
ID22_timevae_0,1997-09-30,-413.21497
ID22_timevae_0,1997-12-31,-16.299793
ID22_timevae_0,1998-03-31,-720.992
ID22_timevae_0,1998-06-30,-169.90265
ID22_timevae_0,1998-09-30,-392.80795
ID22_timevae_0,1998-12-31,98.318146
ID22_timevae_0,1999-03-31,-1259.3541
ID22_timevae_0,1999-06-30,-58.77035
ID22_timevae_0,1999-09-30,-356.98422
ID22_timevae_0,1999-12-31,-44.066288
ID22_timevae_0,2000-03-31,-639.2564
ID22_timevae_0,2000-06-30,-74.0226
ID22_timevae_0,2000-09-30,-333.1386
ID22_timevae_0,2000-12-31,-201.52504
ID22_timevae_0,2001-03-31,-1115.8522
ID22_timevae_0,2001-06-30,12.078459
ID22_timevae_0,2001-09-30,-396.91495
ID22_timevae_0,2001-12-31,-405.7508
ID22_timevae_0,2002-03-31,-1117.9377
ID22_timevae_0,2002-06-30,-266.84396
ID22_timevae_0,2002-09-30,-949.13904
ID22_timevae_0,2002-12-31,-374.74286
ID3_timevae_0,1977-06-30,4864.943
ID3_timevae_0,1977-09-30,8184.5503
ID3_timevae_0,1977-12-31,6442.4136
ID3_timevae_0,1978-03-31,8428.038
ID3_timevae_0,1978-06-30,8898.878
ID3_timevae_0,1978-09-30,10210.91
ID3_timevae_0,1978-12-31,7439.7446
ID3_timevae_0,1979-03-31,10639.977
ID3_timevae_0,1979-06-30,8423.238
ID3_timevae_0,1979-09-30,7514.922
ID3_timevae_0,1979-12-31,5631.443
ID3_timevae_0,1980-03-31,7414.5796
ID3_timevae_0,1980-06-30,6944.2886
ID3_timevae_0,1980-09-30,9375.168
ID3_timevae_0,1980-12-31,6410.819
ID3_timevae_0,1981-03-31,9009.862
ID3_timevae_0,1981-06-30,9819.423
ID3_timevae_0,1981-09-30,10528.368
ID3_timevae_0,1981-12-31,7785.1084
ID3_timevae_0,1982-03-31,10006.526
ID3_timevae_0,1982-06-30,11539.31
ID3_timevae_0,1982-09-30,11419.352
ID3_timevae_0,1982-12-31,10394.136
ID3_timevae_0,1983-03-31,12435.3545
ID3_timevae_0,1983-06-30,13216.749
ID3_timevae_0,1983-09-30,15013.317
ID3_timevae_0,1983-12-31,10157.851
ID3_timevae_0,1984-03-31,13586.229
ID3_timevae_0,1984-06-30,13219.088
ID3_timevae_0,1984-09-30,15626.546
ID3_timevae_0,1984-12-31,10645.377
ID3_timevae_0,1985-03-31,14470.783
ID3_timevae_0,1985-06-30,13956.852
ID3_timevae_0,1985-09-30,14266.97
ID3_timevae_0,1985-12-31,12418.915
ID3_timevae_0,1986-03-31,14311.081
ID3_timevae_0,1986-06-30,14573.935
ID3_timevae_0,1986-09-30,14058.649
ID3_timevae_0,1986-12-31,11614.567
ID3_timevae_0,1987-03-31,16558.627
ID3_timevae_0,1987-06-30,16117.807
ID3_timevae_0,1987-09-30,19977.258
ID3_timevae_0,1987-12-31,13680.923
ID3_timevae_0,1988-03-31,18414.297
ID3_timevae_0,1988-06-30,18645.172
ID3_timevae_0,1988-09-30,21376.049
ID3_timevae_0,1988-12-31,16882.426
ID3_timevae_0,1989-03-31,16982.902
ID3_timevae_0,1989-06-30,19737.65
ID3_timevae_0,1989-09-30,22042.986
ID3_timevae_0,1989-12-31,16362.139
ID3_timevae_0,1990-03-31,20812.723
ID3_timevae_0,1990-06-30,21153.617
ID3_timevae_0,1990-09-30,23466.834
ID3_timevae_0,1990-12-31,18890.162
ID3_timevae_0,1991-03-31,23967.854
ID3_timevae_0,1991-06-30,21603.955
ID3_timevae_0,1991-09-30,24660.818
ID3_timevae_0,1991-12-31,18083.38
ID3_timevae_0,1992-03-31,21140.22
ID3_timevae_0,1992-06-30,23007.281
ID3_timevae_0,1992-09-30,24484.934
ID3_timevae_0,1992-12-31,19013.932
ID3_timevae_0,1993-03-31,23637.182
ID3_timevae_0,1993-06-30,27241.643
ID3_timevae_0,1993-09-30,27453.502
ID3_timevae_0,1993-12-31,20376.512
ID3_timevae_0,1994-03-31,27044.682
ID3_timevae_0,1994-06-30,26251.404
ID3_timevae_0,1994-09-30,27387.242
ID3_timevae_0,1994-12-31,20957.148
ID3_timevae_0,1995-03-31,28160.648
ID3_timevae_0,1995-06-30,27756.523
ID3_timevae_0,1995-09-30,28706.625
ID3_timevae_0,1995-12-31,24087.328
ID3_timevae_0,1996-03-31,31966.004
ID3_timevae_0,1996-06-30,34341.17
ID3_timevae_0,1996-09-30,35071.44
ID3_timevae_0,1996-12-31,27781.322
ID3_timevae_0,1997-03-31,37561.887
ID3_timevae_0,1997-06-30,36978.164
ID3_timevae_0,1997-09-30,42095.305
ID3_timevae_0,1997-12-31,31248.316
ID3_timevae_0,1998-03-31,36519.445
ID3_timevae_0,1998-06-30,36942.273
ID3_timevae_0,1998-09-30,39397.344
ID3_timevae_0,1998-12-31,31265.27
ID3_timevae_0,1999-03-31,40258.234
ID3_timevae_0,1999-06-30,40362.883
ID3_timevae_0,1999-09-30,40099.285
ID3_timevae_0,1999-12-31,31242.873
ID3_timevae_0,2000-03-31,41322.945
ID3_timevae_0,2000-06-30,42794.39
ID3_timevae_0,2000-09-30,44567.73
ID3_timevae_0,2000-12-31,30315.584
ID3_timevae_0,2001-03-31,44602.746
ID3_timevae_0,2001-06-30,46885.707
ID30_timevae_0,1977-12-31,-318.64734
ID30_timevae_0,1978-03-31,-288.12613
ID30_timevae_0,1978-06-30,-1037.4038
ID30_timevae_0,1978-09-30,-117.88526
ID30_timevae_0,1978-12-31,-171.65875
ID30_timevae_0,1979-03-31,-245.81262
ID30_timevae_0,1979-06-30,-1156.1005
ID30_timevae_0,1979-09-30,-38.608494
ID30_timevae_0,1979-12-31,-241.87418
ID30_timevae_0,1980-03-31,-460.4249
ID30_timevae_0,1980-06-30,-624.51447
ID30_timevae_0,1980-09-30,-146.99055
ID30_timevae_0,1980-12-31,-329.13586
ID30_timevae_0,1981-03-31,26.482204
ID30_timevae_0,1981-06-30,-778.9199
ID30_timevae_0,1981-09-30,-299.57614
ID30_timevae_0,1981-12-31,-458.52722
ID30_timevae_0,1982-03-31,-349.46518
ID30_timevae_0,1982-06-30,-1167.8866
ID30_timevae_0,1982-09-30,-119.92458
ID30_timevae_0,1982-12-31,-521.58405
ID30_timevae_0,1983-03-31,-324.4715
ID30_timevae_0,1983-06-30,-1112.2028
ID30_timevae_0,1983-09-30,-351.51944
ID30_timevae_0,1983-12-31,-330.00693
ID30_timevae_0,1984-03-31,-208.00693
ID30_timevae_0,1984-06-30,-1250.7135
ID30_timevae_0,1984-09-30,-71.64649
ID30_timevae_0,1984-12-31,128.51329
ID30_timevae_0,1985-03-31,-175.68144
ID30_timevae_0,1985-06-30,-1326.4963
ID30_timevae_0,1985-09-30,-281.2272
ID30_timevae_0,1985-12-31,-131.66548
ID30_timevae_0,1986-03-31,-136.74953
ID30_timevae_0,1986-06-30,-1376.3665
ID30_timevae_0,1986-09-30,38.105396
ID30_timevae_0,1986-12-31,-194.8522
ID30_timevae_0,1987-03-31,-110.46261
ID30_timevae_0,1987-06-30,-876.02484
ID30_timevae_0,1987-09-30,-314.2823
ID30_timevae_0,1987-12-31,-69.08594
ID30_timevae_0,1988-03-31,-192.82619
ID30_timevae_0,1988-06-30,-987.96075
ID30_timevae_0,1988-09-30,-5.416457
ID30_timevae_0,1988-12-31,-158.79442
ID30_timevae_0,1989-03-31,-393.61218
ID30_timevae_0,1989-06-30,-1082.351
ID30_timevae_0,1989-09-30,-149.70998
ID30_timevae_0,1989-12-31,-292.38968
ID30_timevae_0,1990-03-31,267.8093
ID30_timevae_0,1990-06-30,-1065.9244
ID30_timevae_0,1990-09-30,-122.390076
ID30_timevae_0,1990-12-31,-530.90796
ID30_timevae_0,1991-03-31,-144.89333
ID30_timevae_0,1991-06-30,-1501.4651
ID30_timevae_0,1991-09-30,31.514484
ID30_timevae_0,1991-12-31,-177.0103
ID30_timevae_0,1992-03-31,113.81961
ID30_timevae_0,1992-06-30,-942.0238
ID30_timevae_0,1992-09-30,160.30753
ID30_timevae_0,1992-12-31,-79.291626
ID30_timevae_0,1993-03-31,-129.29811
ID35_timevae_0,1900-03-31,1837.463
ID35_timevae_0,1900-06-30,914.69794
ID35_timevae_0,1900-09-30,2547.6597
ID35_timevae_0,1900-12-31,2539.8647
ID35_timevae_0,1901-03-31,3001.7786
ID35_timevae_0,1901-06-30,2048.4243
ID35_timevae_0,1901-09-30,3911.1218
ID35_timevae_0,1901-12-31,3987.8813
ID35_timevae_0,1902-03-31,3050.3767
ID35_timevae_0,1902-06-30,2188.196
ID35_timevae_0,1902-09-30,2878.0098
ID35_timevae_0,1902-12-31,2770.634
ID35_timevae_0,1903-03-31,1451.559
ID35_timevae_0,1903-06-30,2529.372
ID35_timevae_0,1903-09-30,3816.863
ID35_timevae_0,1903-12-31,3262.9211
ID35_timevae_0,1904-03-31,2346.3442
ID35_timevae_0,1904-06-30,2721.2388
ID35_timevae_0,1904-09-30,3744.3228
ID35_timevae_0,1904-12-31,4042.1877
ID35_timevae_0,1905-03-31,2793.702
ID35_timevae_0,1905-06-30,3887.9622
ID35_timevae_0,1905-09-30,4733.303
ID35_timevae_0,1905-12-31,4046.523
ID35_timevae_0,1906-03-31,2797.5786
ID35_timevae_0,1906-06-30,4470.1733
ID35_timevae_0,1906-09-30,5337.9526
ID35_timevae_0,1906-12-31,4484.555
ID35_timevae_0,1907-03-31,3745.2922
ID35_timevae_0,1907-06-30,4103.6416
ID35_timevae_0,1907-09-30,4420.0796
ID35_timevae_0,1907-12-31,5029.278
ID35_timevae_0,1908-03-31,4415.156
ID35_timevae_0,1908-06-30,4456.412
ID35_timevae_0,1908-09-30,5002.274
ID35_timevae_0,1908-12-31,4732.948
ID35_timevae_0,1909-03-31,3890.5554
ID35_timevae_0,1909-06-30,2902.3157
ID35_timevae_0,1909-09-30,5443.925
ID35_timevae_0,1909-12-31,5484.3013
ID35_timevae_0,1910-03-31,4897.4204
ID35_timevae_0,1910-06-30,5174.324
ID35_timevae_0,1910-09-30,5750.0864
ID35_timevae_0,1910-12-31,4766.207
ID35_timevae_0,1911-03-31,5885.172
ID35_timevae_0,1911-06-30,5296.0923
ID35_timevae_0,1911-09-30,5903.572
ID35_timevae_0,1911-12-31,5863.168
ID35_timevae_0,1912-03-31,5466.38
ID35_timevae_0,1912-06-30,5345.6465
ID35_timevae_0,1912-09-30,5901.289
ID35_timevae_0,1912-12-31,6686.606
ID35_timevae_0,1913-03-31,7231.1733
ID35_timevae_0,1913-06-30,5661.6597
ID35_timevae_0,1913-09-30,8000.3413
ID35_timevae_0,1913-12-31,7596.6855
ID35_timevae_0,1914-03-31,5440.5723
ID35_timevae_0,1914-06-30,5808.725
ID35_timevae_0,1914-09-30,7124.4893
ID35_timevae_0,1914-12-31,6650.289
ID35_timevae_0,1915-03-31,5528.7046
ID35_timevae_0,1915-06-30,6004.5967
ID35_timevae_0,1915-09-30,6687.2075
ID35_timevae_0,1915-12-31,8081.5425
ID35_timevae_0,1916-03-31,6346.649
ID35_timevae_0,1916-06-30,7508.8813
ID35_timevae_0,1916-09-30,6197.662
ID35_timevae_0,1916-12-31,8688.217
ID35_timevae_0,1917-03-31,8215.03
ID35_timevae_0,1917-06-30,6473.5874
ID35_timevae_0,1917-09-30,6862.8516
ID35_timevae_0,1917-12-31,7633.094
ID35_timevae_0,1918-03-31,8158.0723
ID35_timevae_0,1918-06-30,8143.931
ID35_timevae_0,1918-09-30,8137.8516
ID35_timevae_0,1918-12-31,9174.866
ID35_timevae_0,1919-03-31,8923.221
ID35_timevae_0,1919-06-30,9357.025
ID35_timevae_0,1919-09-30,8272.837
ID35_timevae_0,1919-12-31,10310.44
ID35_timevae_0,1920-03-31,9885.826
ID35_timevae_0,1920-06-30,10684.897
ID35_timevae_0,1920-09-30,9443.274
ID35_timevae_0,1920-12-31,10700.685
ID35_timevae_0,1921-03-31,10209.21
ID35_timevae_0,1921-06-30,11267.155
ID35_timevae_0,1921-09-30,11350.12
ID35_timevae_0,1921-12-31,12364.497
ID36_timevae_0,1900-03-31,57.29429
ID36_timevae_0,1900-06-30,150.06557
ID36_timevae_0,1900-09-30,-26.145557
ID36_timevae_0,1900-12-31,1.8241391
ID36_timevae_0,1901-03-31,100.553375
ID36_timevae_0,1901-06-30,28.356758
ID36_timevae_0,1901-09-30,-240.76396
ID36_timevae_0,1901-12-31,42.646484
ID36_timevae_0,1902-03-31,95.67313
ID36_timevae_0,1902-06-30,72.5306
ID36_timevae_0,1902-09-30,38.332947
ID36_timevae_0,1902-12-31,-70.996506
ID36_timevae_0,1903-03-31,165.10916
ID36_timevae_0,1903-06-30,515.9816
ID36_timevae_0,1903-09-30,148.65375
ID36_timevae_0,1903-12-31,-78.2083
ID36_timevae_0,1904-03-31,-151.2677
ID36_timevae_0,1904-06-30,207.28572
ID36_timevae_0,1904-09-30,-364.9024
ID36_timevae_0,1904-12-31,-196.82431
ID36_timevae_0,1905-03-31,16.721836
ID36_timevae_0,1905-06-30,44.742626
ID36_timevae_0,1905-09-30,-34.671154
ID36_timevae_0,1905-12-31,-109.57745
ID36_timevae_0,1906-03-31,5.2804585
ID36_timevae_0,1906-06-30,306.34662
ID36_timevae_0,1906-09-30,-241.06386
ID36_timevae_0,1906-12-31,82.48965
ID36_timevae_0,1907-03-31,190.54317
ID36_timevae_0,1907-06-30,402.68704
ID36_timevae_0,1907-09-30,-397.9729
ID36_timevae_0,1907-12-31,-249.54591
ID36_timevae_0,1908-03-31,192.5771
ID36_timevae_0,1908-06-30,213.27995
ID36_timevae_0,1908-09-30,-287.60696
ID36_timevae_0,1908-12-31,143.15175
ID36_timevae_0,1909-03-31,189.98279
ID36_timevae_0,1909-06-30,357.3855
ID36_timevae_0,1909-09-30,-80.37897
ID36_timevae_0,1909-12-31,-260.14117
ID36_timevae_0,1910-03-31,258.06277
ID36_timevae_0,1910-06-30,65.44463
ID36_timevae_0,1910-09-30,-259.34943
ID36_timevae_0,1910-12-31,-57.45866
ID36_timevae_0,1911-03-31,-27.288773
ID36_timevae_0,1911-06-30,57.169323
ID36_timevae_0,1911-09-30,-140.16862
ID36_timevae_0,1911-12-31,-10.77446
ID36_timevae_0,1912-03-31,-239.46191
ID36_timevae_0,1912-06-30,210.12965
ID36_timevae_0,1912-09-30,-386.97562
ID36_timevae_0,1912-12-31,-364.1443
ID36_timevae_0,1913-03-31,-465.2143
ID36_timevae_0,1913-06-30,-72.02366
ID36_timevae_0,1913-09-30,-663.7528
ID36_timevae_0,1913-12-31,-397.7666
ID36_timevae_0,1914-03-31,-111.158325
ID36_timevae_0,1914-06-30,235.0241
ID36_timevae_0,1914-09-30,-413.94516
ID36_timevae_0,1914-12-31,-229.33401
ID36_timevae_0,1915-03-31,-91.940544
ID36_timevae_0,1915-06-30,-86.16081
ID36_timevae_0,1915-09-30,-132.08983
ID36_timevae_0,1915-12-31,-296.58188
ID36_timevae_0,1916-03-31,-96.38097
ID36_timevae_0,1916-06-30,52.33724
ID36_timevae_0,1916-09-30,-400.726
ID36_timevae_0,1916-12-31,-222.25726
ID36_timevae_0,1917-03-31,-311.8344
ID36_timevae_0,1917-06-30,7.9114037
ID36_timevae_0,1917-09-30,-348.2931
ID36_timevae_0,1917-12-31,-144.96417
ID36_timevae_0,1918-03-31,-146.894
ID36_timevae_0,1918-06-30,-43.74473
ID36_timevae_0,1918-09-30,-105.58601
ID36_timevae_0,1918-12-31,-226.21603
ID36_timevae_0,1919-03-31,-292.62283
ID36_timevae_0,1919-06-30,-25.1604
ID36_timevae_0,1919-09-30,-378.81766
ID36_timevae_0,1919-12-31,-407.76138
ID36_timevae_0,1920-03-31,21.550648
ID36_timevae_0,1920-06-30,-26.023056
ID36_timevae_0,1920-09-30,-179.38167
ID36_timevae_0,1920-12-31,-320.18118
ID41_timevae_0,1900-03-31,40177.656
ID41_timevae_0,1900-06-30,18818.45
ID41_timevae_0,1900-09-30,24429.855
ID41_timevae_0,1900-12-31,15139.454
ID41_timevae_0,1901-03-31,11086.212
ID41_timevae_0,1901-06-30,7983.6636
ID41_timevae_0,1901-09-30,9038.751
ID41_timevae_0,1901-12-31,18434.49
ID41_timevae_0,1902-03-31,11892.609
ID41_timevae_0,1902-06-30,13297.069
ID41_timevae_0,1902-09-30,17931.143
ID41_timevae_0,1902-12-31,12796.292
ID41_timevae_0,1903-03-31,45457.844
ID41_timevae_0,1903-06-30,18600.893
ID41_timevae_0,1903-09-30,20569.535
ID41_timevae_0,1903-12-31,21228.062
ID41_timevae_0,1904-03-31,12869.634
ID41_timevae_0,1904-06-30,18598.135
ID41_timevae_0,1904-09-30,10732.847
ID41_timevae_0,1904-12-31,18052.818
ID41_timevae_0,1905-03-31,10041.528
ID41_timevae_0,1905-06-30,12254.674
ID41_timevae_0,1905-09-30,14809.232
ID41_timevae_0,1905-12-31,20291.85
ID41_timevae_0,1906-03-31,24801.76
ID41_timevae_0,1906-06-30,18102.479
ID41_timevae_0,1906-09-30,22003.244
ID41_timevae_0,1906-12-31,16988.715
ID41_timevae_0,1907-03-31,14493.474
ID41_timevae_0,1907-06-30,13294.508
ID41_timevae_0,1907-09-30,11540.005
ID41_timevae_0,1907-12-31,12216.456
ID41_timevae_0,1908-03-31,15411.891
ID41_timevae_0,1908-06-30,15214.359
ID41_timevae_0,1908-09-30,9289.119
ID41_timevae_0,1908-12-31,10673.19
ID41_timevae_0,1909-03-31,32490.438
ID41_timevae_0,1909-06-30,44882.383
ID41_timevae_0,1909-09-30,17010.719
ID41_timevae_0,1909-12-31,12908.867
ID41_timevae_0,1910-03-31,13203.273
ID41_timevae_0,1910-06-30,11021.942
ID41_timevae_0,1910-09-30,9173.574
ID41_timevae_0,1910-12-31,20103.89
ID41_timevae_0,1911-03-31,12483.666
ID41_timevae_0,1911-06-30,4888.0894
ID41_timevae_0,1911-09-30,27567.092
ID41_timevae_0,1911-12-31,24067.781
ID42_timevae_0,1975-12-31,1051.2771
ID42_timevae_0,1976-03-31,368.87082
ID42_timevae_0,1976-06-30,810.6987
ID42_timevae_0,1976-09-30,915.1707
ID42_timevae_0,1976-12-31,1230.8501
ID42_timevae_0,1977-03-31,632.13464
ID42_timevae_0,1977-06-30,452.4959
ID42_timevae_0,1977-09-30,875.83545
ID42_timevae_0,1977-12-31,1269.7203
ID42_timevae_0,1978-03-31,664.169
ID42_timevae_0,1978-06-30,747.2116
ID42_timevae_0,1978-09-30,697.6626
ID42_timevae_0,1978-12-31,1447.6483
ID42_timevae_0,1979-03-31,1191.4923
ID42_timevae_0,1979-06-30,1098.4349
ID42_timevae_0,1979-09-30,739.39496
ID42_timevae_0,1979-12-31,1154.9851
ID42_timevae_0,1980-03-31,885.2739
ID42_timevae_0,1980-06-30,529.23834
ID42_timevae_0,1980-09-30,609.37286
ID42_timevae_0,1980-12-31,1532.9099
ID42_timevae_0,1981-03-31,800.6431
ID42_timevae_0,1981-06-30,1017.61285
ID42_timevae_0,1981-09-30,707.3441
ID42_timevae_0,1981-12-31,1453.5304
ID42_timevae_0,1982-03-31,885.26013
ID42_timevae_0,1982-06-30,857.3707
ID42_timevae_0,1982-09-30,783.9939
ID42_timevae_0,1982-12-31,1129.2207
ID42_timevae_0,1983-03-31,1244.7346
ID42_timevae_0,1983-06-30,621.90826
ID42_timevae_0,1983-09-30,652.6012
ID42_timevae_0,1983-12-31,1499.9397
ID42_timevae_0,1984-03-31,845.72
ID42_timevae_0,1984-06-30,834.0508
ID42_timevae_0,1984-09-30,1032.9824
ID42_timevae_0,1984-12-31,1233.6476
ID42_timevae_0,1985-03-31,948.465
ID42_timevae_0,1985-06-30,770.7821
ID42_timevae_0,1985-09-30,770.97205
ID42_timevae_0,1985-12-31,1648.8236
ID42_timevae_0,1986-03-31,648.7012
ID42_timevae_0,1986-06-30,755.8804
ID42_timevae_0,1986-09-30,506.63818
ID42_timevae_0,1986-12-31,1389.5724
ID42_timevae_0,1987-03-31,968.249
ID42_timevae_0,1987-06-30,847.22644
ID42_timevae_0,1987-09-30,961.52246
ID42_timevae_0,1987-12-31,910.41016
ID42_timevae_0,1988-03-31,499.20444
ID42_timevae_0,1988-06-30,571.47906
ID42_timevae_0,1988-09-30,666.40375
ID43_timevae_0,1975-12-31,93.28211
ID43_timevae_0,1976-03-31,212.1435
ID43_timevae_0,1976-06-30,-279.13913
ID43_timevae_0,1976-09-30,111.39493
ID43_timevae_0,1976-12-31,51.621063
ID43_timevae_0,1977-03-31,-1.3000884
ID43_timevae_0,1977-06-30,-587.2536
ID43_timevae_0,1977-09-30,186.8846
ID43_timevae_0,1977-12-31,15.830135
ID43_timevae_0,1978-03-31,65.51444
ID43_timevae_0,1978-06-30,-321.11496
ID43_timevae_0,1978-09-30,110.918396
ID43_timevae_0,1978-12-31,191.69891
ID43_timevae_0,1979-03-31,473.99527
ID43_timevae_0,1979-06-30,-178.83754
ID43_timevae_0,1979-09-30,57.41526
ID43_timevae_0,1979-12-31,-207.89085
ID43_timevae_0,1980-03-31,240.92885
ID43_timevae_0,1980-06-30,-772.8587
ID43_timevae_0,1980-09-30,-135.91234
ID43_timevae_0,1980-12-31,-166.01733
ID43_timevae_0,1981-03-31,-62.127377
ID43_timevae_0,1981-06-30,-465.3402
ID43_timevae_0,1981-09-30,95.40303
ID43_timevae_0,1981-12-31,-98.62299
ID43_timevae_0,1982-03-31,203.50238
ID43_timevae_0,1982-06-30,-644.224
ID43_timevae_0,1982-09-30,264.06198
ID43_timevae_0,1982-12-31,72.49522
ID43_timevae_0,1983-03-31,295.90283
ID43_timevae_0,1983-06-30,-852.2392
ID43_timevae_0,1983-09-30,-264.53305
ID43_timevae_0,1983-12-31,-10.397328
ID43_timevae_0,1984-03-31,119.81224
ID43_timevae_0,1984-06-30,-709.26996
ID43_timevae_0,1984-09-30,138.51245
ID43_timevae_0,1984-12-31,193.32516
ID43_timevae_0,1985-03-31,431.50992
ID43_timevae_0,1985-06-30,-515.1783
ID43_timevae_0,1985-09-30,-242.07124
ID43_timevae_0,1985-12-31,42.405525
ID43_timevae_0,1986-03-31,-3.9585314
ID43_timevae_0,1986-06-30,-798.5116
ID43_timevae_0,1986-09-30,110.41554
ID43_timevae_0,1986-12-31,-273.5049
ID43_timevae_0,1987-03-31,-144.74252
ID43_timevae_0,1987-06-30,-455.99243
ID43_timevae_0,1987-09-30,-11.209966
ID43_timevae_0,1987-12-31,-477.11923
ID43_timevae_0,1988-03-31,83.45002
ID43_timevae_0,1988-06-30,-934.53076
ID43_timevae_0,1988-09-30,-598.9867
ID46_timevae_0,1975-12-31,436.25296
ID46_timevae_0,1976-03-31,199.69159
ID46_timevae_0,1976-06-30,494.69815
ID46_timevae_0,1976-09-30,294.38232
ID46_timevae_0,1976-12-31,586.7556
ID46_timevae_0,1977-03-31,204.00848
ID46_timevae_0,1977-06-30,270.04825
ID46_timevae_0,1977-09-30,277.49277
ID46_timevae_0,1977-12-31,675.68115
ID46_timevae_0,1978-03-31,301.30182
ID46_timevae_0,1978-06-30,512.0586
ID46_timevae_0,1978-09-30,121.909
ID46_timevae_0,1978-12-31,699.0386
ID46_timevae_0,1979-03-31,761.0769
ID46_timevae_0,1979-06-30,728.6875
ID46_timevae_0,1979-09-30,177.70607
ID46_timevae_0,1979-12-31,381.64203
ID46_timevae_0,1980-03-31,425.21664
ID46_timevae_0,1980-06-30,240.36415
ID46_timevae_0,1980-09-30,67.8909
ID46_timevae_0,1980-12-31,735.564
ID46_timevae_0,1981-03-31,363.30972
ID46_timevae_0,1981-06-30,694.2074
ID46_timevae_0,1981-09-30,161.66794
ID46_timevae_0,1981-12-31,662.89294
ID46_timevae_0,1982-03-31,580.006
ID46_timevae_0,1982-06-30,468.16245
ID46_timevae_0,1982-09-30,251.84998
ID46_timevae_0,1982-12-31,593.5053
ID46_timevae_0,1983-03-31,813.04486
ID46_timevae_0,1983-06-30,283.50345
ID46_timevae_0,1983-09-30,103.42287
ID46_timevae_0,1983-12-31,834.0045
ID46_timevae_0,1984-03-31,404.8396
ID46_timevae_0,1984-06-30,475.6753
ID46_timevae_0,1984-09-30,476.12888
ID46_timevae_0,1984-12-31,561.43823
ID46_timevae_0,1985-03-31,492.92917
ID46_timevae_0,1985-06-30,503.70743
ID46_timevae_0,1985-09-30,129.12245
ID46_timevae_0,1985-12-31,906.87787
ID46_timevae_0,1986-03-31,255.13971
ID46_timevae_0,1986-06-30,397.93887
ID46_timevae_0,1986-09-30,62.212894
ID46_timevae_0,1986-12-31,640.8986
ID46_timevae_0,1987-03-31,494.87146
ID46_timevae_0,1987-06-30,453.93124
ID46_timevae_0,1987-09-30,329.41266
ID46_timevae_0,1987-12-31,270.18304
ID46_timevae_0,1988-03-31,221.78665
ID46_timevae_0,1988-06-30,289.65576
ID46_timevae_0,1988-09-30,105.61794
ID55_timevae_0,1971-12-31,616.7365
ID55_timevae_0,1972-03-31,242.54657
ID55_timevae_0,1972-06-30,454.7483
ID55_timevae_0,1972-09-30,448.0208
ID55_timevae_0,1972-12-31,733.0863
ID55_timevae_0,1973-03-31,238.00279
ID55_timevae_0,1973-06-30,198.66457
ID55_timevae_0,1973-09-30,452.12164
ID55_timevae_0,1973-12-31,826.4794
ID55_timevae_0,1974-03-31,333.3357
ID55_timevae_0,1974-06-30,439.518
ID55_timevae_0,1974-09-30,300.87708
ID55_timevae_0,1974-12-31,895.95953
ID55_timevae_0,1975-03-31,804.56683
ID55_timevae_0,1975-06-30,655.24164
ID55_timevae_0,1975-09-30,333.0082
ID55_timevae_0,1975-12-31,529.43524
ID55_timevae_0,1976-03-31,476.7883
ID55_timevae_0,1976-06-30,145.81091
ID55_timevae_0,1976-09-30,190.9558
ID55_timevae_0,1976-12-31,861.0535
ID55_timevae_0,1977-03-31,363.49634
ID55_timevae_0,1977-06-30,598.1492
ID55_timevae_0,1977-09-30,336.43707
ID55_timevae_0,1977-12-31,810.5274
ID55_timevae_0,1978-03-31,611.96326
ID55_timevae_0,1978-06-30,378.2961
ID55_timevae_0,1978-09-30,440.0005
ID55_timevae_0,1978-12-31,736.4306
ID55_timevae_0,1979-03-31,826.17377
ID55_timevae_0,1979-06-30,178.88528
ID55_timevae_0,1979-09-30,213.06516
ID55_timevae_0,1979-12-31,953.19086
ID55_timevae_0,1980-03-31,421.95337
ID55_timevae_0,1980-06-30,365.3802
ID55_timevae_0,1980-09-30,599.3963
ID55_timevae_0,1980-12-31,742.1652
ID55_timevae_0,1981-03-31,549.6679
ID55_timevae_0,1981-06-30,398.94104
ID55_timevae_0,1981-09-30,241.44266
ID55_timevae_0,1981-12-31,1043.1962
ID55_timevae_0,1982-03-31,254.57191
ID55_timevae_0,1982-06-30,261.4117
ID55_timevae_0,1982-09-30,224.02046
ID55_timevae_0,1982-12-31,742.8163
ID55_timevae_0,1983-03-31,478.10242
ID55_timevae_0,1983-06-30,377.0228
ID55_timevae_0,1983-09-30,449.67084
ID55_timevae_0,1983-12-31,369.72922
ID55_timevae_0,1984-03-31,219.8596
ID55_timevae_0,1984-06-30,147.82974
ID55_timevae_0,1984-09-30,147.84625
ID55_timevae_0,1984-12-31,337.89944
ID55_timevae_0,1985-03-31,117.88905
ID55_timevae_0,1985-06-30,21.672958
ID55_timevae_0,1985-09-30,-20.774776
ID56_timevae_0,1978-03-31,439.7022
ID56_timevae_0,1978-06-30,193.38232
ID56_timevae_0,1978-09-30,337.40344
ID56_timevae_0,1978-12-31,312.47064
ID56_timevae_0,1979-03-31,566.4189
ID56_timevae_0,1979-06-30,149.49286
ID56_timevae_0,1979-09-30,117.6792
ID56_timevae_0,1979-12-31,314.1664
ID56_timevae_0,1980-03-31,631.01794
ID56_timevae_0,1980-06-30,230.21066
ID56_timevae_0,1980-09-30,364.9516
ID56_timevae_0,1980-12-31,170.29599
ID56_timevae_0,1981-03-31,662.82336
ID56_timevae_0,1981-06-30,690.504
ID56_timevae_0,1981-09-30,539.8214
ID56_timevae_0,1981-12-31,215.46565
ID56_timevae_0,1982-03-31,337.55396
ID56_timevae_0,1982-06-30,358.8824
ID56_timevae_0,1982-09-30,52.468147
ID56_timevae_0,1982-12-31,92.805855
ID56_timevae_0,1983-03-31,631.694
ID56_timevae_0,1983-06-30,257.23053
ID56_timevae_0,1983-09-30,473.02264
ID56_timevae_0,1983-12-31,188.65807
ID56_timevae_0,1984-03-31,572.59314
ID56_timevae_0,1984-06-30,518.33276
ID56_timevae_0,1984-09-30,241.44572
ID56_timevae_0,1984-12-31,318.72336
ID56_timevae_0,1985-03-31,589.2805
ID56_timevae_0,1985-06-30,684.9577
ID56_timevae_0,1985-09-30,65.57773
ID56_timevae_0,1985-12-31,88.09089
ID56_timevae_0,1986-03-31,768.5818
ID56_timevae_0,1986-06-30,338.78607
ID56_timevae_0,1986-09-30,233.49008
ID56_timevae_0,1986-12-31,487.09982
ID56_timevae_0,1987-03-31,571.2053
ID56_timevae_0,1987-06-30,439.07227
ID56_timevae_0,1987-09-30,322.51904
ID56_timevae_0,1987-12-31,99.35765
ID56_timevae_0,1988-03-31,849.3178
ID56_timevae_0,1988-06-30,189.33554
ID56_timevae_0,1988-09-30,171.2757
ID56_timevae_0,1988-12-31,143.3448
ID56_timevae_0,1989-03-31,537.30396
ID56_timevae_0,1989-06-30,357.97403
ID56_timevae_0,1989-09-30,257.43167
ID56_timevae_0,1989-12-31,325.30237
ID56_timevae_0,1990-03-31,224.39278
ID56_timevae_0,1990-06-30,220.51128
ID56_timevae_0,1990-09-30,50.43334
ID56_timevae_0,1990-12-31,61.323666
ID56_timevae_0,1991-03-31,157.3898
ID60_timevae_0,1976-12-31,-59.38756
ID60_timevae_0,1977-03-31,53.27456
ID60_timevae_0,1977-06-30,-407.51605
ID60_timevae_0,1977-09-30,-43.619766
ID60_timevae_0,1977-12-31,-19.999779
ID60_timevae_0,1978-03-31,-81.231155
ID60_timevae_0,1978-06-30,-598.1754
ID60_timevae_0,1978-09-30,13.443598
ID60_timevae_0,1978-12-31,-75.60758
ID60_timevae_0,1979-03-31,-75.157684
ID60_timevae_0,1979-06-30,-273.7065
ID60_timevae_0,1979-09-30,-91.56445
ID60_timevae_0,1979-12-31,-28.396313
ID60_timevae_0,1980-03-31,351.14246
ID60_timevae_0,1980-06-30,-204.26788
ID60_timevae_0,1980-09-30,-108.96498
ID60_timevae_0,1980-12-31,-311.73868
ID60_timevae_0,1981-03-31,50.123203
ID60_timevae_0,1981-06-30,-742.14996
ID60_timevae_0,1981-09-30,-188.78127
ID60_timevae_0,1981-12-31,-223.30171
ID60_timevae_0,1982-03-31,-126.01661
ID60_timevae_0,1982-06-30,-462.48367
ID60_timevae_0,1982-09-30,-143.39334
ID60_timevae_0,1982-12-31,-184.25073
ID60_timevae_0,1983-03-31,111.071594
ID60_timevae_0,1983-06-30,-649.8541
ID60_timevae_0,1983-09-30,69.0451
ID60_timevae_0,1983-12-31,115.03566
ID60_timevae_0,1984-03-31,190.2319
ID60_timevae_0,1984-06-30,-809.5239
ID60_timevae_0,1984-09-30,-279.96848
ID60_timevae_0,1984-12-31,8.068724
ID60_timevae_0,1985-03-31,88.9026
ID60_timevae_0,1985-06-30,-731.3972
ID60_timevae_0,1985-09-30,93.332184
ID60_timevae_0,1985-12-31,58.438206
ID60_timevae_0,1986-03-31,232.61745
ID60_timevae_0,1986-06-30,-428.5035
ID60_timevae_0,1986-09-30,-306.11633
ID60_timevae_0,1986-12-31,65.17963
ID60_timevae_0,1987-03-31,-29.748749
ID60_timevae_0,1987-06-30,-621.56836
ID60_timevae_0,1987-09-30,-22.156654
ID60_timevae_0,1987-12-31,-194.53075
ID60_timevae_0,1988-03-31,-150.83998
ID60_timevae_0,1988-06-30,-513.40765
ID60_timevae_0,1988-09-30,-63.516758
ID61_timevae_0,1976-12-31,742.3139
ID61_timevae_0,1977-03-31,210.449
ID61_timevae_0,1977-06-30,489.2732
ID61_timevae_0,1977-09-30,608.19366
ID61_timevae_0,1977-12-31,879.691
ID61_timevae_0,1978-03-31,238.84668
ID61_timevae_0,1978-06-30,254.15773
ID61_timevae_0,1978-09-30,615.2755
ID61_timevae_0,1978-12-31,970.9767
ID61_timevae_0,1979-03-31,316.28024
ID61_timevae_0,1979-06-30,523.69763
ID61_timevae_0,1979-09-30,457.0675
ID61_timevae_0,1979-12-31,1009.8459
ID61_timevae_0,1980-03-31,800.36334
ID61_timevae_0,1980-06-30,723.77313
ID61_timevae_0,1980-09-30,494.0904
ID61_timevae_0,1980-12-31,659.9277
ID61_timevae_0,1981-03-31,454.56482
ID61_timevae_0,1981-06-30,204.71982
ID61_timevae_0,1981-09-30,375.42648
ID61_timevae_0,1981-12-31,998.8106
ID61_timevae_0,1982-03-31,359.043
ID61_timevae_0,1982-06-30,662.4317
ID61_timevae_0,1982-09-30,491.4913
ID61_timevae_0,1982-12-31,960.04205
ID61_timevae_0,1983-03-31,598.55566
ID61_timevae_0,1983-06-30,447.34213
ID61_timevae_0,1983-09-30,597.2274
ID61_timevae_0,1983-12-31,905.0604
ID61_timevae_0,1984-03-31,834.9394
ID61_timevae_0,1984-06-30,245.55046
ID61_timevae_0,1984-09-30,406.265
ID61_timevae_0,1984-12-31,1112.9359
ID61_timevae_0,1985-03-31,432.44455
ID61_timevae_0,1985-06-30,414.78616
ID61_timevae_0,1985-09-30,779.86017
ID61_timevae_0,1985-12-31,857.8078
ID61_timevae_0,1986-03-31,523.0734
ID61_timevae_0,1986-06-30,478.3893
ID61_timevae_0,1986-09-30,424.0059
ID61_timevae_0,1986-12-31,1213.5603
ID61_timevae_0,1987-03-31,260.31006
ID61_timevae_0,1987-06-30,357.28717
ID61_timevae_0,1987-09-30,389.62137
ID61_timevae_0,1987-12-31,925.31067
ID61_timevae_0,1988-03-31,486.1512
ID61_timevae_0,1988-06-30,425.85648
ID61_timevae_0,1988-09-30,627.9069
ID62_timevae_0,1976-12-31,503.23343
ID62_timevae_0,1977-03-31,212.52188
ID62_timevae_0,1977-06-30,304.9848
ID62_timevae_0,1977-09-30,374.24097
ID62_timevae_0,1977-12-31,603.7722
ID62_timevae_0,1978-03-31,151.48528
ID62_timevae_0,1978-06-30,67.00057
ID62_timevae_0,1978-09-30,389.67154
ID62_timevae_0,1978-12-31,665.8807
ID62_timevae_0,1979-03-31,232.37584
ID62_timevae_0,1979-06-30,311.7047
ID62_timevae_0,1979-09-30,252.38075
ID62_timevae_0,1979-12-31,728.08966
ID62_timevae_0,1980-03-31,695.9289
ID62_timevae_0,1980-06-30,482.1607
ID62_timevae_0,1980-09-30,281.88303
ID62_timevae_0,1980-12-31,373.027
ID62_timevae_0,1981-03-31,372.19366
ID62_timevae_0,1981-06-30,-16.909332
ID62_timevae_0,1981-09-30,136.74232
ID62_timevae_0,1981-12-31,644.1846
ID62_timevae_0,1982-03-31,234.03102
ID62_timevae_0,1982-06-30,397.32986
ID62_timevae_0,1982-09-30,266.34378
ID62_timevae_0,1982-12-31,599.96216
ID62_timevae_0,1983-03-31,517.43884
ID62_timevae_0,1983-06-30,168.53996
ID62_timevae_0,1983-09-30,407.41156
ID62_timevae_0,1983-12-31,623.26337
ID62_timevae_0,1984-03-31,666.05133
ID62_timevae_0,1984-06-30,-14.243236
ID62_timevae_0,1984-09-30,119.53604
ID62_timevae_0,1984-12-31,780.5049
ID62_timevae_0,1985-03-31,330.94232
ID62_timevae_0,1985-06-30,148.43883
ID62_timevae_0,1985-09-30,527.8405
ID62_timevae_0,1985-12-31,634.1375
ID62_timevae_0,1986-03-31,458.92648
ID62_timevae_0,1986-06-30,244.70212
ID62_timevae_0,1986-09-30,131.31819
ID62_timevae_0,1986-12-31,869.4646
ID62_timevae_0,1987-03-31,171.05971
ID62_timevae_0,1987-06-30,70.27769
ID62_timevae_0,1987-09-30,218.64648
ID62_timevae_0,1987-12-31,534.8354
ID62_timevae_0,1988-03-31,318.74484
ID62_timevae_0,1988-06-30,198.22397
ID62_timevae_0,1988-09-30,364.5913
ID64_timevae_0,1976-12-31,560.7112
ID64_timevae_0,1977-03-31,175.20168
ID64_timevae_0,1977-06-30,346.34467
ID64_timevae_0,1977-09-30,558.95496
ID64_timevae_0,1977-12-31,951.5028
ID64_timevae_0,1978-03-31,400.28552
ID64_timevae_0,1978-06-30,294.3037
ID64_timevae_0,1978-09-30,519.5185
ID64_timevae_0,1978-12-31,1051.4602
ID64_timevae_0,1979-03-31,282.7109
ID64_timevae_0,1979-06-30,739.8989
ID64_timevae_0,1979-09-30,325.44223
ID64_timevae_0,1979-12-31,755.9515
ID64_timevae_0,1980-03-31,792.6912
ID64_timevae_0,1980-06-30,710.164
ID64_timevae_0,1980-09-30,345.9921
ID64_timevae_0,1980-12-31,753.29736
ID64_timevae_0,1981-03-31,343.70172
ID64_timevae_0,1981-06-30,440.188
ID64_timevae_0,1981-09-30,549.012
ID64_timevae_0,1981-12-31,983.80365
ID64_timevae_0,1982-03-31,596.9689
ID64_timevae_0,1982-06-30,688.04443
ID64_timevae_0,1982-09-30,238.24646
ID64_timevae_0,1982-12-31,1025.6697
ID64_timevae_0,1983-03-31,686.1899
ID64_timevae_0,1983-06-30,484.66388
ID64_timevae_0,1983-09-30,357.45593
ID64_timevae_0,1983-12-31,1092.836
ID64_timevae_0,1984-03-31,911.07416
ID64_timevae_0,1984-06-30,407.32788
ID64_timevae_0,1984-09-30,505.6175
ID64_timevae_0,1984-12-31,1328.3162
ID64_timevae_0,1985-03-31,568.84076
ID64_timevae_0,1985-06-30,494.5429
ID64_timevae_0,1985-09-30,821.7808
ID64_timevae_0,1985-12-31,673.116
ID64_timevae_0,1986-03-31,413.14633
ID64_timevae_0,1986-06-30,723.0797
ID64_timevae_0,1986-09-30,524.2571
ID64_timevae_0,1986-12-31,1370.0553
ID64_timevae_0,1987-03-31,548.64
ID64_timevae_0,1987-06-30,724.025
ID64_timevae_0,1987-09-30,421.65457
ID7_timevae_0,1977-06-30,-54.504913
ID7_timevae_0,1977-09-30,20.035843
ID7_timevae_0,1977-12-31,-193.65523
ID7_timevae_0,1978-03-31,-104.83343
ID7_timevae_0,1978-06-30,83.901695
ID7_timevae_0,1978-09-30,-6.11252
ID7_timevae_0,1978-12-31,-331.26215
ID7_timevae_0,1979-03-31,-81.33805
ID7_timevae_0,1979-06-30,71.77741
ID7_timevae_0,1979-09-30,-38.107628
ID7_timevae_0,1979-12-31,28.564133
ID7_timevae_0,1980-03-31,-215.64668
ID7_timevae_0,1980-06-30,18.676598
ID7_timevae_0,1980-09-30,421.0017
ID7_timevae_0,1980-12-31,67.57338
ID7_timevae_0,1981-03-31,-222.02632
ID7_timevae_0,1981-06-30,-177.44556
ID7_timevae_0,1981-09-30,63.46299
ID7_timevae_0,1981-12-31,-383.3913
ID7_timevae_0,1982-03-31,-205.58672
ID7_timevae_0,1982-06-30,-9.876354
ID7_timevae_0,1982-09-30,38.53038
ID7_timevae_0,1982-12-31,-108.40078
ID7_timevae_0,1983-03-31,-293.11377
ID7_timevae_0,1983-06-30,-3.9471836
ID7_timevae_0,1983-09-30,224.44016
ID7_timevae_0,1983-12-31,-307.15576
ID7_timevae_0,1984-03-31,-90.61432
ID7_timevae_0,1984-06-30,251.99997
ID7_timevae_0,1984-09-30,338.00037
ID7_timevae_0,1984-12-31,-424.5692
ID7_timevae_0,1985-03-31,-254.92697
ID7_timevae_0,1985-06-30,235.60487
ID7_timevae_0,1985-09-30,184.90096
ID7_timevae_0,1985-12-31,-354.04828
ID7_timevae_0,1986-03-31,101.46566
ID7_timevae_0,1986-06-30,80.27296
ID7_timevae_0,1986-09-30,213.69606
ID7_timevae_0,1986-12-31,-70.502975
ID7_timevae_0,1987-03-31,-280.92358
ID7_timevae_0,1987-06-30,292.80002
ID7_timevae_0,1987-09-30,78.27504
ID7_timevae_0,1987-12-31,-176.84914
ID7_timevae_0,1988-03-31,-146.8115
ID7_timevae_0,1988-06-30,96.760956
ID7_timevae_0,1988-09-30,77.78436
ID71_timevae_0,1976-03-31,162.24564
ID71_timevae_0,1976-06-30,81.58291
ID71_timevae_0,1976-09-30,-128.36003
ID71_timevae_0,1976-12-31,82.7014
ID71_timevae_0,1977-03-31,260.82407
ID71_timevae_0,1977-06-30,8.97851
ID71_timevae_0,1977-09-30,-295.6447
ID71_timevae_0,1977-12-31,116.24858
ID71_timevae_0,1978-03-31,251.52344
ID71_timevae_0,1978-06-30,21.382034
ID71_timevae_0,1978-09-30,22.829617
ID71_timevae_0,1978-12-31,-12.054059
ID71_timevae_0,1979-03-31,250.13342
ID71_timevae_0,1979-06-30,479.62598
ID71_timevae_0,1979-09-30,102.31982
ID71_timevae_0,1979-12-31,0.755167
ID71_timevae_0,1980-03-31,-15.4334955
ID71_timevae_0,1980-06-30,138.90575
ID71_timevae_0,1980-09-30,-397.61835
ID71_timevae_0,1980-12-31,-65.11888
ID71_timevae_0,1981-03-31,166.64523
ID71_timevae_0,1981-06-30,30.799316
ID71_timevae_0,1981-09-30,-72.33768
ID71_timevae_0,1981-12-31,-55.69989
ID71_timevae_0,1982-03-31,157.94646
ID71_timevae_0,1982-06-30,276.22156
ID71_timevae_0,1982-09-30,-279.28397
ID71_timevae_0,1982-12-31,143.8234
ID71_timevae_0,1983-03-31,388.45334
ID71_timevae_0,1983-06-30,384.643
ID71_timevae_0,1983-09-30,-429.0008
ID71_timevae_0,1983-12-31,-108.19949
ID71_timevae_0,1984-03-31,387.65158
ID71_timevae_0,1984-06-30,204.55788
ID71_timevae_0,1984-09-30,-337.97043
ID71_timevae_0,1984-12-31,269.17816
ID71_timevae_0,1985-03-31,291.97266
ID71_timevae_0,1985-06-30,275.90796
ID71_timevae_0,1985-09-30,-83.47554
ID71_timevae_0,1985-12-31,-136.90773
ID71_timevae_0,1986-03-31,462.13654
ID71_timevae_0,1986-06-30,69.76763
ID71_timevae_0,1986-09-30,-232.65265
ID71_timevae_0,1986-12-31,35.44676
ID71_timevae_0,1987-03-31,192.9677
ID77_timevae_0,1971-12-31,5664.7095
ID77_timevae_0,1972-03-31,3705.8796
ID77_timevae_0,1972-06-30,4929.074
ID77_timevae_0,1972-09-30,5371.4775
ID77_timevae_0,1972-12-31,5083.936
ID77_timevae_0,1973-03-31,6243.348
ID77_timevae_0,1973-06-30,5229.189
ID77_timevae_0,1973-09-30,6452.0337
ID77_timevae_0,1973-12-31,5916.171
ID77_timevae_0,1974-03-31,6289.288
ID77_timevae_0,1974-06-30,6180.7812
ID77_timevae_0,1974-09-30,6260.4355
ID77_timevae_0,1974-12-31,6578.838
ID77_timevae_0,1975-03-31,6389.865
ID77_timevae_0,1975-06-30,6124.074
ID77_timevae_0,1975-09-30,6499.843
ID77_timevae_0,1975-12-31,6385.4463
ID77_timevae_0,1976-03-31,6990.6323
ID77_timevae_0,1976-06-30,6536.2563
ID77_timevae_0,1976-09-30,7464.08
ID77_timevae_0,1976-12-31,6989.5845
ID77_timevae_0,1977-03-31,7133.211
ID77_timevae_0,1977-06-30,7971.93
ID77_timevae_0,1977-09-30,7813.1885
ID77_timevae_0,1977-12-31,7698.4873
ID77_timevae_0,1978-03-31,7623.3594
ID77_timevae_0,1978-06-30,7603.3477
ID77_timevae_0,1978-09-30,8628.315
ID77_timevae_0,1978-12-31,7715.6284
ID77_timevae_0,1979-03-31,7986.165
ID77_timevae_0,1979-06-30,8375.03
ID77_timevae_0,1979-09-30,8454.324
ID77_timevae_0,1979-12-31,8833.635
ID77_timevae_0,1980-03-31,8646.502
ID77_timevae_0,1980-06-30,9222.447
ID77_timevae_0,1980-09-30,9003.934
ID77_timevae_0,1980-12-31,10526.852
ID77_timevae_0,1981-03-31,10291.19
ID77_timevae_0,1981-06-30,9060.538
ID77_timevae_0,1981-09-30,9989.151
ID77_timevae_0,1981-12-31,10719.069
ID77_timevae_0,1982-03-31,10721.487
ID77_timevae_0,1982-06-30,10005.814
ID77_timevae_0,1982-09-30,10770.394
ID77_timevae_0,1982-12-31,10725.579
ID77_timevae_0,1983-03-31,12143.343
ID77_timevae_0,1983-06-30,10922.643
ID77_timevae_0,1983-09-30,13160.548
ID77_timevae_0,1983-12-31,11646.577
ID77_timevae_0,1984-03-31,10731.481
ID77_timevae_0,1984-06-30,9837.181
ID77_timevae_0,1984-09-30,11534.6
ID77_timevae_0,1984-12-31,12456.338
ID77_timevae_0,1985-03-31,12256.491
ID77_timevae_0,1985-06-30,12350.59
ID77_timevae_0,1985-09-30,11568.974
ID78_timevae_0,1971-12-31,4625.744
ID78_timevae_0,1972-03-31,2865.5413
ID78_timevae_0,1972-06-30,4422.875
ID78_timevae_0,1972-09-30,4388.758
ID78_timevae_0,1972-12-31,4346.7925
ID78_timevae_0,1973-03-31,5503.2305
ID78_timevae_0,1973-06-30,4526.791
ID78_timevae_0,1973-09-30,5576.3335
ID78_timevae_0,1973-12-31,4917.606
ID78_timevae_0,1974-03-31,5381.3516
ID78_timevae_0,1974-06-30,5379.578
ID78_timevae_0,1974-09-30,5289.4194
ID78_timevae_0,1974-12-31,5397.195
ID78_timevae_0,1975-03-31,5490.3057
ID78_timevae_0,1975-06-30,5303.8423
ID78_timevae_0,1975-09-30,5358.5205
ID78_timevae_0,1975-12-31,5443.8555
ID78_timevae_0,1976-03-31,6020.4795
ID78_timevae_0,1976-06-30,5750.793
ID78_timevae_0,1976-09-30,6414.065
ID78_timevae_0,1976-12-31,5962.9795
ID78_timevae_0,1977-03-31,6208.588
ID78_timevae_0,1977-06-30,7203.4326
ID78_timevae_0,1977-09-30,6554.77
ID78_timevae_0,1977-12-31,6414.5864
ID78_timevae_0,1978-03-31,6594.6094
ID78_timevae_0,1978-06-30,6695.855
ID78_timevae_0,1978-09-30,7363.2393
ID78_timevae_0,1978-12-31,6308.305
ID78_timevae_0,1979-03-31,6946.7344
ID78_timevae_0,1979-06-30,7506.3813
ID78_timevae_0,1979-09-30,7205.15
ID78_timevae_0,1979-12-31,7573.6
ID78_timevae_0,1980-03-31,7511.543
ID78_timevae_0,1980-06-30,8332.944
ID78_timevae_0,1980-09-30,7761.013
ID78_timevae_0,1980-12-31,8991.648
ID78_timevae_0,1981-03-31,8749.763
ID78_timevae_0,1981-06-30,7865.266
ID78_timevae_0,1981-09-30,8542.586
ID78_timevae_0,1981-12-31,9249.824
ID78_timevae_0,1982-03-31,9207.767
ID78_timevae_0,1982-06-30,8718.6045
ID78_timevae_0,1982-09-30,9105.321
ID78_timevae_0,1982-12-31,9191.107
ID78_timevae_0,1983-03-31,10806.41
ID78_timevae_0,1983-06-30,9544.733
ID78_timevae_0,1983-09-30,11326.902
ID78_timevae_0,1983-12-31,9983.841
ID78_timevae_0,1984-03-31,9096.649
ID78_timevae_0,1984-06-30,8557.704
ID78_timevae_0,1984-09-30,9710.368
ID78_timevae_0,1984-12-31,10678.829
ID78_timevae_0,1985-03-31,10493.945
ID78_timevae_0,1985-06-30,10770.12
ID78_timevae_0,1985-09-30,9617.805
ID79_timevae_0,1971-12-31,22706.55
ID79_timevae_0,1972-03-31,25703.332
ID79_timevae_0,1972-06-30,27995.62
ID79_timevae_0,1972-09-30,28800.832
ID79_timevae_0,1972-12-31,29167.264
ID79_timevae_0,1973-03-31,29261.646
ID79_timevae_0,1973-06-30,31775.63
ID79_timevae_0,1973-09-30,31274.082
ID79_timevae_0,1973-12-31,30914.379
ID79_timevae_0,1974-03-31,32299.75
ID79_timevae_0,1974-06-30,32057.998
ID79_timevae_0,1974-09-30,32410.87
ID79_timevae_0,1974-12-31,29457.941
ID79_timevae_0,1975-03-31,33953.66
ID79_timevae_0,1975-06-30,33996.09
ID79_timevae_0,1975-09-30,34911.207
ID79_timevae_0,1975-12-31,34806.613
ID79_timevae_0,1976-03-31,33803.652
ID79_timevae_0,1976-06-30,35444.184
ID79_timevae_0,1976-09-30,36855.953
ID79_timevae_0,1976-12-31,39024.297
ID79_timevae_0,1977-03-31,36961.316
ID79_timevae_0,1977-06-30,38750.96
ID79_timevae_0,1977-09-30,36753.625
ID79_timevae_0,1977-12-31,36880.07
ID79_timevae_0,1978-03-31,40747.613
ID79_timevae_0,1978-06-30,40617.59
ID79_timevae_0,1978-09-30,40061.684
ID79_timevae_0,1978-12-31,41097.16
ID79_timevae_0,1979-03-31,43694.62
ID79_timevae_0,1979-06-30,43545.934
ID79_timevae_0,1979-09-30,44016.754
ID79_timevae_0,1979-12-31,47453.395
ID79_timevae_0,1980-03-31,48021.93
ID79_timevae_0,1980-06-30,46045.227
ID79_timevae_0,1980-09-30,50982.74
ID79_timevae_0,1980-12-31,47117.81
ID79_timevae_0,1981-03-31,49722.668
ID79_timevae_0,1981-06-30,52318.32
ID79_timevae_0,1981-09-30,53313.363
ID79_timevae_0,1981-12-31,56161.773
ID79_timevae_0,1982-03-31,56778.742
ID79_timevae_0,1982-06-30,58647.74
ID79_timevae_0,1982-09-30,59521.21
ID79_timevae_0,1982-12-31,60021.45
ID79_timevae_0,1983-03-31,64579.61
ID79_timevae_0,1983-06-30,63635.406
ID79_timevae_0,1983-09-30,65013.254
ID79_timevae_0,1983-12-31,69056.31
ID79_timevae_0,1984-03-31,69785.2
ID79_timevae_0,1984-06-30,71151.84
ID79_timevae_0,1984-09-30,73056.516
ID79_timevae_0,1984-12-31,77335.695
ID79_timevae_0,1985-03-31,77979.83
ID79_timevae_0,1985-06-30,79528.62
ID79_timevae_0,1985-09-30,81149.74
ID80_timevae_0,1971-12-31,6792.773
ID80_timevae_0,1972-03-31,7845.4673
ID80_timevae_0,1972-06-30,8149.711
ID80_timevae_0,1972-09-30,9366.901
ID80_timevae_0,1972-12-31,8700.569
ID80_timevae_0,1973-03-31,9954.652
ID80_timevae_0,1973-06-30,9962.26
ID80_timevae_0,1973-09-30,10097.084
ID80_timevae_0,1973-12-31,9600.216
ID80_timevae_0,1974-03-31,11309.897
ID80_timevae_0,1974-06-30,10590.359
ID80_timevae_0,1974-09-30,10845.553
ID80_timevae_0,1974-12-31,8897.999
ID80_timevae_0,1975-03-31,11234.905
ID80_timevae_0,1975-06-30,11247.466
ID80_timevae_0,1975-09-30,11817.643
ID80_timevae_0,1975-12-31,10729.583
ID80_timevae_0,1976-03-31,12323.531
ID80_timevae_0,1976-06-30,12156.411
ID80_timevae_0,1976-09-30,12804.958
ID80_timevae_0,1976-12-31,12471.68
ID80_timevae_0,1977-03-31,13276.65
ID80_timevae_0,1977-06-30,13448.389
ID80_timevae_0,1977-09-30,13673.372
ID80_timevae_0,1977-12-31,12629.701
ID80_timevae_0,1978-03-31,15038.282
ID80_timevae_0,1978-06-30,14057.25
ID80_timevae_0,1978-09-30,14909.657
ID80_timevae_0,1978-12-31,14563.84
ID80_timevae_0,1979-03-31,15856.2705
ID80_timevae_0,1979-06-30,15175.657
ID80_timevae_0,1979-09-30,15886.272
ID80_timevae_0,1979-12-31,16145.028
ID80_timevae_0,1980-03-31,17022.457
ID80_timevae_0,1980-06-30,16651.49
ID80_timevae_0,1980-09-30,17831.111
ID80_timevae_0,1980-12-31,17583.346
ID80_timevae_0,1981-03-31,17918.553
ID80_timevae_0,1981-06-30,18824.234
ID80_timevae_0,1981-09-30,19523.822
ID80_timevae_0,1981-12-31,20282.86
ID80_timevae_0,1982-03-31,21627.047
ID80_timevae_0,1982-06-30,20971.79
ID80_timevae_0,1982-09-30,21458.924
ID80_timevae_0,1982-12-31,20746.24
ID80_timevae_0,1983-03-31,24090.936
ID80_timevae_0,1983-06-30,22580.064
ID80_timevae_0,1983-09-30,24088.92
ID80_timevae_0,1983-12-31,24515.936
ID80_timevae_0,1984-03-31,25517.22
ID80_timevae_0,1984-06-30,24918.6
ID80_timevae_0,1984-09-30,25955.568
ID80_timevae_0,1984-12-31,28039.438
ID80_timevae_0,1985-03-31,29082.424
ID80_timevae_0,1985-06-30,29669.316
ID80_timevae_0,1985-09-30,28876.666
ID81_timevae_0,1971-12-31,3387.4895
ID81_timevae_0,1972-03-31,1540.176
ID81_timevae_0,1972-06-30,3693.4824
ID81_timevae_0,1972-09-30,2545.966
ID81_timevae_0,1972-12-31,3218.3982
ID81_timevae_0,1973-03-31,4084.398
ID81_timevae_0,1973-06-30,3101.1948
ID81_timevae_0,1973-09-30,4179.2446
ID81_timevae_0,1973-12-31,3281.6467
ID81_timevae_0,1974-03-31,3811.2605
ID81_timevae_0,1974-06-30,3784.9675
ID81_timevae_0,1974-09-30,3539.0132
ID81_timevae_0,1974-12-31,3780.207
ID81_timevae_0,1975-03-31,4055.3372
ID81_timevae_0,1975-06-30,3978.1516
ID81_timevae_0,1975-09-30,3434.7917
ID81_timevae_0,1975-12-31,3660.7786
ID81_timevae_0,1976-03-31,4391.598
ID81_timevae_0,1976-06-30,4439.1504
ID81_timevae_0,1976-09-30,4532.868
ID81_timevae_0,1976-12-31,4053.9727
ID81_timevae_0,1977-03-31,4635.9614
ID81_timevae_0,1977-06-30,5687.478
ID81_timevae_0,1977-09-30,4449.975
ID81_timevae_0,1977-12-31,4205.018
ID81_timevae_0,1978-03-31,4763.8003
ID81_timevae_0,1978-06-30,5096.187
ID81_timevae_0,1978-09-30,4897.041
ID81_timevae_0,1978-12-31,3956.1033
ID81_timevae_0,1979-03-31,4977.4907
ID81_timevae_0,1979-06-30,5529.798
ID81_timevae_0,1979-09-30,4776.0596
ID81_timevae_0,1979-12-31,5138.8247
ID81_timevae_0,1980-03-31,5401.4126
ID81_timevae_0,1980-06-30,6348.1953
ID81_timevae_0,1980-09-30,5334.684
ID81_timevae_0,1980-12-31,6343.436
ID81_timevae_0,1981-03-31,6299.745
ID81_timevae_0,1981-06-30,5611.3745
ID81_timevae_0,1981-09-30,5912.3584
ID81_timevae_0,1981-12-31,6429.4033
ID81_timevae_0,1982-03-31,6248.128
ID81_timevae_0,1982-06-30,6286.381
ID81_timevae_0,1982-09-30,5917.0557
ID81_timevae_0,1982-12-31,6246.142
ID81_timevae_0,1983-03-31,7817.3345
ID81_timevae_0,1983-06-30,7094.2373
ID81_timevae_0,1983-09-30,8051.4854
ID81_timevae_0,1983-12-31,6638.1226
ID81_timevae_0,1984-03-31,5704.288
ID81_timevae_0,1984-06-30,5919.1816
ID81_timevae_0,1984-09-30,6020.761
ID81_timevae_0,1984-12-31,6772.9907
ID81_timevae_0,1985-03-31,6674.217
ID81_timevae_0,1985-06-30,7146.677
ID81_timevae_0,1985-09-30,5593.35
ID82_timevae_0,1971-12-31,6499.816
ID82_timevae_0,1972-03-31,12047.532
ID82_timevae_0,1972-06-30,13872.754
ID82_timevae_0,1972-09-30,13961.734
ID82_timevae_0,1972-12-31,12589.059
ID82_timevae_0,1973-03-31,15572.109
ID82_timevae_0,1973-06-30,17111.71
ID82_timevae_0,1973-09-30,14435.3955
ID82_timevae_0,1973-12-31,14836.54
ID82_timevae_0,1974-03-31,17379.248
ID82_timevae_0,1974-06-30,17406.643
ID82_timevae_0,1974-09-30,16439.082
ID82_timevae_0,1974-12-31,9551.156
ID82_timevae_0,1975-03-31,17674.896
ID82_timevae_0,1975-06-30,18159.742
ID82_timevae_0,1975-09-30,17335.709
ID82_timevae_0,1975-12-31,16167.932
ID82_timevae_0,1976-03-31,18689.89
ID82_timevae_0,1976-06-30,20011.754
ID82_timevae_0,1976-09-30,18278.863
ID82_timevae_0,1976-12-31,20116.879
ID82_timevae_0,1977-03-31,21274.516
ID82_timevae_0,1977-06-30,23055.342
ID82_timevae_0,1977-09-30,18969.824
ID82_timevae_0,1977-12-31,18033.139
ID82_timevae_0,1978-03-31,23636.11
ID82_timevae_0,1978-06-30,22622.533
ID82_timevae_0,1978-09-30,21910.973
ID82_timevae_0,1978-12-31,21743.576
ID82_timevae_0,1979-03-31,26104.89
ID82_timevae_0,1979-06-30,26179.236
ID82_timevae_0,1979-09-30,24883.61
ID82_timevae_0,1979-12-31,25984.768
ID82_timevae_0,1980-03-31,27935.596
ID82_timevae_0,1980-06-30,28321.668
ID82_timevae_0,1980-09-30,28666.354
ID82_timevae_0,1980-12-31,24709.959
ID82_timevae_0,1981-03-31,26011.018
ID82_timevae_0,1981-06-30,30584.168
ID82_timevae_0,1981-09-30,30723.736
ID82_timevae_0,1981-12-31,32217.855
ID82_timevae_0,1982-03-31,35382.1
ID82_timevae_0,1982-06-30,35729.184
ID82_timevae_0,1982-09-30,34512.305
ID82_timevae_0,1982-12-31,33573.2
ID82_timevae_0,1983-03-31,40504.62
ID82_timevae_0,1983-06-30,37727.367
ID82_timevae_0,1983-09-30,37071.883
ID82_timevae_0,1983-12-31,42275.043
ID82_timevae_0,1984-03-31,43822.598
ID82_timevae_0,1984-06-30,45262.293
ID82_timevae_0,1984-09-30,44397.668
ID82_timevae_0,1984-12-31,48862.49
ID82_timevae_0,1985-03-31,51379.5
ID82_timevae_0,1985-06-30,52862.89
ID82_timevae_0,1985-09-30,49308.953
ID83_timevae_0,1971-12-31,858.4931
ID83_timevae_0,1972-03-31,592.6155
ID83_timevae_0,1972-06-30,2831.806
ID83_timevae_0,1972-09-30,2521.8955
ID83_timevae_0,1972-12-31,2113.6252
ID83_timevae_0,1973-03-31,4139.2295
ID83_timevae_0,1973-06-30,3208.7637
ID83_timevae_0,1973-09-30,3421.9055
ID83_timevae_0,1973-12-31,3081.2354
ID83_timevae_0,1974-03-31,3180.2705
ID83_timevae_0,1974-06-30,3358.3738
ID83_timevae_0,1974-09-30,3765.7246
ID83_timevae_0,1974-12-31,812.05255
ID83_timevae_0,1975-03-31,3624.5798
ID83_timevae_0,1975-06-30,3297.1677
ID83_timevae_0,1975-09-30,3122.2334
ID83_timevae_0,1975-12-31,3255.5908
ID83_timevae_0,1976-03-31,4326.507
ID83_timevae_0,1976-06-30,4421.333
ID83_timevae_0,1976-09-30,4039.6963
ID83_timevae_0,1976-12-31,4000.5303
ID83_timevae_0,1977-03-31,4650.8027
ID83_timevae_0,1977-06-30,5763.5117
ID83_timevae_0,1977-09-30,3825.8325
ID83_timevae_0,1977-12-31,3512.408
ID83_timevae_0,1978-03-31,4634.8823
ID83_timevae_0,1978-06-30,4720.0386
ID83_timevae_0,1978-09-30,4991.903
ID83_timevae_0,1978-12-31,3794.4954
ID83_timevae_0,1979-03-31,5895.243
ID83_timevae_0,1979-06-30,6337.795
ID83_timevae_0,1979-09-30,5131.2617
ID83_timevae_0,1979-12-31,5410.5684
ID83_timevae_0,1980-03-31,5439.6436
ID83_timevae_0,1980-06-30,6926.739
ID83_timevae_0,1980-09-30,5738.2075
ID83_timevae_0,1980-12-31,5250.984
ID83_timevae_0,1981-03-31,4679.289
ID83_timevae_0,1981-06-30,5485.5337
ID83_timevae_0,1981-09-30,6115.242
ID83_timevae_0,1981-12-31,7255.9033
ID83_timevae_0,1982-03-31,7148.518
ID83_timevae_0,1982-06-30,6922.8315
ID83_timevae_0,1982-09-30,6354.108
ID83_timevae_0,1982-12-31,6953.0386
ID83_timevae_0,1983-03-31,9123.598
ID83_timevae_0,1983-06-30,6754.541
ID83_timevae_0,1983-09-30,7748.8384
ID83_timevae_0,1983-12-31,8560.374
ID83_timevae_0,1984-03-31,7572.827
ID83_timevae_0,1984-06-30,7964.0625
ID83_timevae_0,1984-09-30,8304.499
ID83_timevae_0,1984-12-31,10021.314
ID83_timevae_0,1985-03-31,9869.719
ID83_timevae_0,1985-06-30,10729.813
ID83_timevae_0,1985-09-30,7681.409
ID85_timevae_0,1971-12-31,437.96454
ID85_timevae_0,1972-03-31,91.83269
ID85_timevae_0,1972-06-30,-29.099606
ID85_timevae_0,1972-09-30,325.79388
ID85_timevae_0,1972-12-31,558.30115
ID85_timevae_0,1973-03-31,39.944427
ID85_timevae_0,1973-06-30,-201.48853
ID85_timevae_0,1973-09-30,355.68546
ID85_timevae_0,1973-12-31,572.6816
ID85_timevae_0,1974-03-31,64.91018
ID85_timevae_0,1974-06-30,107.84005
ID85_timevae_0,1974-09-30,217.33885
ID85_timevae_0,1974-12-31,565.1965
ID85_timevae_0,1975-03-31,536.3183
ID85_timevae_0,1975-06-30,205.00366
ID85_timevae_0,1975-09-30,248.4551
ID85_timevae_0,1975-12-31,279.65536
ID85_timevae_0,1976-03-31,186.92905
ID85_timevae_0,1976-06-30,-299.85336
ID85_timevae_0,1976-09-30,165.33804
ID85_timevae_0,1976-12-31,495.07352
ID85_timevae_0,1977-03-31,74.759315
ID85_timevae_0,1977-06-30,63.160122
ID85_timevae_0,1977-09-30,196.74211
ID85_timevae_0,1977-12-31,478.2558
ID85_timevae_0,1978-03-31,343.286
ID85_timevae_0,1978-06-30,-152.76222
ID85_timevae_0,1978-09-30,382.77917
ID85_timevae_0,1978-12-31,660.3288
ID85_timevae_0,1979-03-31,468.44174
ID85_timevae_0,1979-06-30,-318.59955
ID85_timevae_0,1979-09-30,132.3487
ID85_timevae_0,1979-12-31,712.34796
ID85_timevae_0,1980-03-31,234.91963
ID85_timevae_0,1980-06-30,-212.4962
ID85_timevae_0,1980-09-30,518.6644
ID85_timevae_0,1980-12-31,563.5465
ID85_timevae_0,1981-03-31,295.68784
ID85_timevae_0,1981-06-30,13.699053
ID85_timevae_0,1981-09-30,106.429695
ID85_timevae_0,1981-12-31,804.9028
ID85_timevae_0,1982-03-31,91.27167
ID85_timevae_0,1982-06-30,-143.46626
ID85_timevae_0,1982-09-30,253.17532
ID85_timevae_0,1982-12-31,498.92505
ID85_timevae_0,1983-03-31,143.15366
ID85_timevae_0,1983-06-30,-114.16404
ID85_timevae_0,1983-09-30,349.64447
ID85_timevae_0,1983-12-31,277.71625
ID85_timevae_0,1984-03-31,273.72507
ID85_timevae_0,1984-06-30,-276.82883
ID85_timevae_0,1984-09-30,148.60423
ID85_timevae_0,1984-12-31,102.46138
ID85_timevae_0,1985-03-31,18.789795
ID85_timevae_0,1985-06-30,-469.34183
ID85_timevae_0,1985-09-30,61.11146
ID87_timevae_0,1971-12-31,16606.455
ID87_timevae_0,1972-03-31,15094.562
ID87_timevae_0,1972-06-30,15166.831
ID87_timevae_0,1972-09-30,16460.639
ID87_timevae_0,1972-12-31,16647.715
ID87_timevae_0,1973-03-31,15985.255
ID87_timevae_0,1973-06-30,16688.629
ID87_timevae_0,1973-09-30,18610.084
ID87_timevae_0,1973-12-31,17013.629
ID87_timevae_0,1974-03-31,18562.557
ID87_timevae_0,1974-06-30,17180.924
ID87_timevae_0,1974-09-30,18277.324
ID87_timevae_0,1974-12-31,20702.912
ID87_timevae_0,1975-03-31,18843.596
ID87_timevae_0,1975-06-30,19082.674
ID87_timevae_0,1975-09-30,20485.03
ID87_timevae_0,1975-12-31,19553.076
ID87_timevae_0,1976-03-31,19375.02
ID87_timevae_0,1976-06-30,18781.516
ID87_timevae_0,1976-09-30,22134.652
ID87_timevae_0,1976-12-31,21322.379
ID87_timevae_0,1977-03-31,20244.734
ID87_timevae_0,1977-06-30,20356.889
ID87_timevae_0,1977-09-30,21898.312
ID87_timevae_0,1977-12-31,22030.438
ID87_timevae_0,1978-03-31,23080.504
ID87_timevae_0,1978-06-30,22429.053
ID87_timevae_0,1978-09-30,23375.842
ID87_timevae_0,1978-12-31,23593.094
ID87_timevae_0,1979-03-31,23411.846
ID87_timevae_0,1979-06-30,22322.65
ID87_timevae_0,1979-09-30,24287.469
ID87_timevae_0,1979-12-31,25758.617
ID87_timevae_0,1980-03-31,26235.08
ID87_timevae_0,1980-06-30,23702.795
ID87_timevae_0,1980-09-30,28147.85
ID87_timevae_0,1980-12-31,28936.717
ID87_timevae_0,1981-03-31,30386.777
ID87_timevae_0,1981-06-30,28745.139
ID87_timevae_0,1981-09-30,29826.154
ID87_timevae_0,1981-12-31,30615.182
ID87_timevae_0,1982-03-31,31064.281
ID87_timevae_0,1982-06-30,30828.182
ID87_timevae_0,1982-09-30,32538.564
ID87_timevae_0,1982-12-31,32667.89
ID87_timevae_0,1983-03-31,33958.133
ID87_timevae_0,1983-06-30,34631.062
ID87_timevae_0,1983-09-30,37158.08
ID87_timevae_0,1983-12-31,35285.34
ID87_timevae_0,1984-03-31,36216.35
ID87_timevae_0,1984-06-30,35291.637
ID87_timevae_0,1984-09-30,37680.5
ID87_timevae_0,1984-12-31,39215.14
ID87_timevae_0,1985-03-31,39136.547
ID87_timevae_0,1985-06-30,39752.242
ID87_timevae_0,1985-09-30,42605.453
ID9_timevae_0,1975-12-31,6801.583
ID9_timevae_0,1976-03-31,2658.1003
ID9_timevae_0,1976-06-30,4974.168
ID9_timevae_0,1976-09-30,3820.7427
ID9_timevae_0,1976-12-31,4824.9033
ID9_timevae_0,1977-03-31,3878.2659
ID9_timevae_0,1977-06-30,2969.8936
ID9_timevae_0,1977-09-30,5642.9443
ID9_timevae_0,1977-12-31,4479.9883
ID9_timevae_0,1978-03-31,4363.988
ID9_timevae_0,1978-06-30,4094.565
ID9_timevae_0,1978-09-30,4376.9688
ID9_timevae_0,1978-12-31,8029.0596
ID9_timevae_0,1979-03-31,4972.023
ID9_timevae_0,1979-06-30,5182.8647
ID9_timevae_0,1979-09-30,4666.5903
ID9_timevae_0,1979-12-31,4808.268
ID9_timevae_0,1980-03-31,4908.1655
ID9_timevae_0,1980-06-30,4330.6313
ID9_timevae_0,1980-09-30,5345.3022
ID9_timevae_0,1980-12-31,4711.1055
ID9_timevae_0,1981-03-31,4706.9165
ID9_timevae_0,1981-06-30,4794.464
ID9_timevae_0,1981-09-30,6315.0264
ID9_timevae_0,1981-12-31,6125.8647
ID9_timevae_0,1982-03-31,5494.4683
ID9_timevae_0,1982-06-30,5594.144
ID9_timevae_0,1982-09-30,5394.0063
ID9_timevae_0,1982-12-31,4642.9023
ID9_timevae_0,1983-03-31,4699.3755
ID9_timevae_0,1983-06-30,4724.13
ID9_timevae_0,1983-09-30,4650.399
ID9_timevae_0,1983-12-31,5341.82
ID9_timevae_0,1984-03-31,5135.792
ID9_timevae_0,1984-06-30,5402.1206
ID9_timevae_0,1984-09-30,4941.331
ID9_timevae_0,1984-12-31,7580.5444
ID9_timevae_0,1985-03-31,8549.891
ID9_timevae_0,1985-06-30,5626.023
ID9_timevae_0,1985-09-30,5600.1143
ID9_timevae_0,1985-12-31,5874.5713
ID9_timevae_0,1986-03-31,5190.713
ID9_timevae_0,1986-06-30,5244.27
ID9_timevae_0,1986-09-30,5961.9595
ID9_timevae_0,1986-12-31,5715.1
ID9_timevae_0,1987-03-31,5441.991
ID9_timevae_0,1987-06-30,7363.557
ID9_timevae_0,1987-09-30,7921.156
ID90_timevae_0,1976-12-31,383.1739
ID90_timevae_0,1977-03-31,62.64736
ID90_timevae_0,1977-06-30,64.25791
ID90_timevae_0,1977-09-30,367.35486
ID90_timevae_0,1977-12-31,675.83575
ID90_timevae_0,1978-03-31,203.98698
ID90_timevae_0,1978-06-30,-14.652633
ID90_timevae_0,1978-09-30,355.90338
ID90_timevae_0,1978-12-31,724.8598
ID90_timevae_0,1979-03-31,89.66689
ID90_timevae_0,1979-06-30,426.53833
ID90_timevae_0,1979-09-30,183.99416
ID90_timevae_0,1979-12-31,532.55115
ID90_timevae_0,1980-03-31,588.8376
ID90_timevae_0,1980-06-30,397.61002
ID90_timevae_0,1980-09-30,172.09065
ID90_timevae_0,1980-12-31,448.02298
ID90_timevae_0,1981-03-31,164.61575
ID90_timevae_0,1981-06-30,62.90326
ID90_timevae_0,1981-09-30,336.44144
ID90_timevae_0,1981-12-31,641.81525
ID90_timevae_0,1982-03-31,327.74515
ID90_timevae_0,1982-06-30,309.96698
ID90_timevae_0,1982-09-30,84.28843
ID90_timevae_0,1982-12-31,677.55994
ID90_timevae_0,1983-03-31,441.0
ID90_timevae_0,1983-06-30,103.61378
ID90_timevae_0,1983-09-30,256.3013
ID90_timevae_0,1983-12-31,858.58527
ID90_timevae_0,1984-03-31,608.7276
ID90_timevae_0,1984-06-30,26.550838
ID90_timevae_0,1984-09-30,292.01917
ID90_timevae_0,1984-12-31,949.0243
ID90_timevae_0,1985-03-31,376.0911
ID90_timevae_0,1985-06-30,78.587425
ID90_timevae_0,1985-09-30,621.2395
ID90_timevae_0,1985-12-31,514.1939
ID90_timevae_0,1986-03-31,277.9208
ID90_timevae_0,1986-06-30,359.5292
ID90_timevae_0,1986-09-30,278.24005
ID90_timevae_0,1986-12-31,1019.08014
ID90_timevae_0,1987-03-31,311.8105
ID90_timevae_0,1987-06-30,328.72177
ID90_timevae_0,1987-09-30,274.25024
ID99_timevae_0,1977-12-31,374.13544
ID99_timevae_0,1978-03-31,27.247799
ID99_timevae_0,1978-06-30,-200.96034
ID99_timevae_0,1978-09-30,365.63165
ID99_timevae_0,1978-12-31,594.5278
ID99_timevae_0,1979-03-31,116.19633
ID99_timevae_0,1979-06-30,-303.70578
ID99_timevae_0,1979-09-30,397.36322
ID99_timevae_0,1979-12-31,606.4282
ID99_timevae_0,1980-03-31,-15.83999
ID99_timevae_0,1980-06-30,149.90547
ID99_timevae_0,1980-09-30,241.61003
ID99_timevae_0,1980-12-31,474.4059
ID99_timevae_0,1981-03-31,492.4142
ID99_timevae_0,1981-06-30,94.18585
ID99_timevae_0,1981-09-30,190.40831
ID99_timevae_0,1981-12-31,336.49008
ID99_timevae_0,1982-03-31,80.20466
ID99_timevae_0,1982-06-30,-287.48083
ID99_timevae_0,1982-09-30,319.977
ID99_timevae_0,1982-12-31,459.69952
ID99_timevae_0,1983-03-31,157.82639
ID99_timevae_0,1983-06-30,-73.09491
ID99_timevae_0,1983-09-30,116.00544
ID99_timevae_0,1983-12-31,530.9006
ID99_timevae_0,1984-03-31,312.67645
ID99_timevae_0,1984-06-30,-268.40616
ID99_timevae_0,1984-09-30,340.53177
ID99_timevae_0,1984-12-31,813.30707
ID99_timevae_0,1985-03-31,420.96173
ID99_timevae_0,1985-06-30,-355.60266
ID99_timevae_0,1985-09-30,244.66544
ID99_timevae_0,1985-12-31,783.3728
ID99_timevae_0,1986-03-31,274.49777
ID99_timevae_0,1986-06-30,-335.49564
ID99_timevae_0,1986-09-30,587.8099
ID99_timevae_0,1986-12-31,510.48438
ID99_timevae_0,1987-03-31,224.85242
ID99_timevae_0,1987-06-30,17.704039
ID99_timevae_0,1987-09-30,213.1782
ID99_timevae_0,1987-12-31,870.69147
ID99_timevae_0,1988-03-31,184.91856
ID99_timevae_0,1988-06-30,-60.935833
ID99_timevae_0,1988-09-30,337.73917
ID99_timevae_0,1988-12-31,713.089
ID99_timevae_0,1989-03-31,205.0865
ID99_timevae_0,1989-06-30,-220.49188
ID99_timevae_0,1989-09-30,401.6127
