unique_id,ds,y
ID0,1975-12-31,1.1492999768257142
ID0,1976-03-31,272276.0473726833
ID0,1976-06-30,280250.3849216353
ID0,1976-09-30,1.1492999768257142
ID0,1976-12-31,1.1492999768257142
ID0,1977-03-31,108594.89709835875
ID0,1977-06-30,1.1492999768257142
ID0,1977-09-30,398615.0937179707
ID0,1977-12-31,1.1492999768257142
ID0,1978-03-31,82102.91453971923
ID0,1978-06-30,431180.77999999817
ID0,1978-09-30,1.1492999768257142
ID0,1978-12-31,1.1492999768257142
ID0,1979-03-31,1.1492999768257142
ID0,1979-06-30,431180.77999999817
ID0,1979-09-30,1.1492999768257142
ID0,1979-12-31,431180.77999999817
ID0,1980-03-31,1.1492999768257142
ID0,1980-06-30,1.1492999768257142
ID0,1980-09-30,1.1492999768257142
ID0,1980-12-31,1.1492999768257142
ID0,1981-03-31,431180.77999999817
ID0,1981-06-30,431180.77999999817
ID0,1981-09-30,1.1492999768257142
ID0,1981-12-31,431180.77999999817
ID0,1982-03-31,431180.77999999817
ID0,1982-06-30,431180.77999999817
ID0,1982-09-30,431180.77999999817
ID0,1982-12-31,1.1492999768257142
ID0,1983-03-31,431180.77999999817
ID0,1983-06-30,431180.77999999817
ID0,1983-09-30,334323.79979824024
ID0,1983-12-31,431180.77999999817
ID0,1984-03-31,1.1492999768257142
ID0,1984-06-30,1.1492999768257142
ID0,1984-09-30,431180.77999999817
ID1,1974-12-31,1.1492999768257142
ID1,1975-03-31,1.1492999768257142
ID1,1975-06-30,431180.77999999817
ID1,1975-09-30,431180.77999999817
ID1,1975-12-31,1.1492999768257142
ID1,1976-03-31,1.1492999768257142
ID1,1976-06-30,1.1492999768257142
ID1,1976-09-30,1.1492999768257142
ID1,1976-12-31,431180.77999999817
ID1,1977-03-31,431180.77999999817
ID1,1977-06-30,431180.77999999817
ID1,1977-09-30,431180.77999999817
ID1,1977-12-31,431180.77999999817
ID1,1978-03-31,354863.4217395462
ID1,1978-06-30,1.1492999768257142
ID1,1978-09-30,431180.77999999817
ID1,1978-12-31,1.1492999768257142
ID1,1979-03-31,385415.4578724789
ID1,1979-06-30,431180.77999999817
ID1,1979-09-30,1.1492999768257142
ID1,1979-12-31,288377.16015862575
ID1,1980-03-31,431180.77999999817
ID1,1980-06-30,431180.77999999817
ID1,1980-09-30,1.1492999768257142
ID1,1980-12-31,1.1492999768257142
ID1,1981-03-31,1.1492999768257142
ID1,1981-06-30,1.1492999768257142
ID1,1981-09-30,431180.77999999817
ID1,1981-12-31,431180.77999999817
ID1,1982-03-31,1.1492999768257142
ID1,1982-06-30,431180.77999999817
ID1,1982-09-30,1.1492999768257142
ID1,1982-12-31,431180.77999999817
ID1,1983-03-31,1.1492999768257142
ID1,1983-06-30,431180.77999999817
ID1,1983-09-30,431180.77999999817
ID1,1983-12-31,1.1492999768257142
ID1,1984-03-31,1.1492999768257142
ID1,1984-06-30,431180.77999999817
ID1,1984-09-30,1.1492999768257142
ID1,1984-12-31,366052.32831746555
ID1,1985-03-31,1.1492999768257142
ID1,1985-06-30,431180.77999999817
ID1,1985-09-30,1.1492999768257142
ID1,1985-12-31,347285.9604520404
ID1,1986-03-31,199133.50572229773
ID1,1986-06-30,1.1492999768257142
ID1,1986-09-30,70949.51549607789
ID1,1986-12-31,431180.77999999817
ID1,1987-03-31,1.1492999768257142
ID1,1987-06-30,431180.77999999817
ID1,1987-09-30,431180.77999999817
ID1,1987-12-31,431180.77999999817
ID1,1988-03-31,1.1492999768257142
ID1,1988-06-30,431180.77999999817
ID1,1988-09-30,431180.77999999817
ID10,1977-12-31,1.1492999768257142
ID10,1978-03-31,431180.77999999817
ID10,1978-06-30,431180.77999999817
ID10,1978-09-30,431180.77999999817
ID10,1978-12-31,431180.77999999817
ID10,1979-03-31,431180.77999999817
ID10,1979-06-30,1.1492999768257142
ID10,1979-09-30,431180.77999999817
ID10,1979-12-31,1.1492999768257142
ID10,1980-03-31,431180.77999999817
ID10,1980-06-30,1.1492999768257142
ID10,1980-09-30,431180.77999999817
ID10,1980-12-31,431180.77999999817
ID10,1981-03-31,1.1492999768257142
ID10,1981-06-30,1.1492999768257142
ID10,1981-09-30,1.1492999768257142
ID10,1981-12-31,431180.77999999817
ID10,1982-03-31,431180.77999999817
ID10,1982-06-30,1.1492999768257142
ID10,1982-09-30,1.1492999768257142
ID10,1982-12-31,1.1492999768257142
ID10,1983-03-31,1.1492999768257142
ID10,1983-06-30,431180.77999999817
ID10,1983-09-30,431180.77999999817
ID10,1983-12-31,240162.37986574706
ID10,1984-03-31,53775.763013465126
ID10,1984-06-30,1.1492999768257142
ID10,1984-09-30,1.1492999768257142
ID10,1984-12-31,130829.21664650549
ID10,1985-03-31,431180.77999999817
ID10,1985-06-30,431180.77999999817
ID10,1985-09-30,431180.77999999817
ID10,1985-12-31,1.1492999768257142
ID10,1986-03-31,431180.77999999817
ID10,1986-06-30,1.1492999768257142
ID10,1986-09-30,1.1492999768257142
ID10,1986-12-31,431180.77999999817
ID10,1987-03-31,1.1492999768257142
ID10,1987-06-30,1.1492999768257142
ID10,1987-09-30,431180.77999999817
ID10,1987-12-31,258663.3667823925
ID10,1988-03-31,1.1492999768257142
ID10,1988-06-30,87786.1008575341
ID10,1988-09-30,431180.77999999817
ID10,1988-12-31,349138.5613542985
ID10,1989-03-31,1.1492999768257142
ID100,1978-03-31,1.1492999768257142
ID100,1978-06-30,431180.77999999817
ID100,1978-09-30,1.1492999768257142
ID100,1978-12-31,397715.954926688
ID100,1979-03-31,1.1492999768257142
ID100,1979-06-30,1.1492999768257142
ID100,1979-09-30,1.1492999768257142
ID100,1979-12-31,431180.77999999817
ID100,1980-03-31,431180.77999999817
ID100,1980-06-30,431180.77999999817
ID100,1980-09-30,1.1492999768257142
ID100,1980-12-31,431180.77999999817
ID100,1981-03-31,1.1492999768257142
ID100,1981-06-30,1.1492999768257142
ID101,1976-12-31,1.1492999768257142
ID101,1977-03-31,1.1492999768257142
ID101,1977-06-30,1.1492999768257142
ID101,1977-09-30,1.1492999768257142
ID101,1977-12-31,431180.77999999817
ID101,1978-03-31,431180.77999999817
ID101,1978-06-30,431180.77999999817
ID101,1978-09-30,431180.77999999817
ID101,1978-12-31,1.1492999768257142
ID101,1979-03-31,1.1492999768257142
ID101,1979-06-30,431180.77999999817
ID101,1979-09-30,1.1492999768257142
ID101,1979-12-31,1.1492999768257142
ID101,1980-03-31,1.1492999768257142
ID101,1980-06-30,1.1492999768257142
ID101,1980-09-30,1.1492999768257142
ID101,1980-12-31,1.1492999768257142
ID101,1981-03-31,431180.77999999817
ID101,1981-06-30,431180.77999999817
ID101,1981-09-30,1.1492999768257142
ID101,1981-12-31,1.1492999768257142
ID101,1982-03-31,431180.77999999817
ID101,1982-06-30,1.1492999768257142
ID101,1982-09-30,431180.77999999817
ID101,1982-12-31,431180.77999999817
ID101,1983-03-31,362966.82540255715
ID101,1983-06-30,124172.21299305015
ID101,1983-09-30,1.1492999768257142
ID101,1983-12-31,1.1492999768257142
ID101,1984-03-31,255057.08426456206
ID101,1984-06-30,1.1492999768257142
ID101,1984-09-30,431180.77999999817
ID101,1984-12-31,349114.0575006929
ID101,1985-03-31,1.1492999768257142
ID101,1985-06-30,431180.77999999817
ID101,1985-09-30,431180.77999999817
ID101,1985-12-31,431180.77999999817
ID101,1986-03-31,1.1492999768257142
ID101,1986-06-30,431180.77999999817
ID101,1986-09-30,431180.77999999817
ID101,1986-12-31,1.1492999768257142
ID101,1987-03-31,431180.77999999817
ID101,1987-06-30,431180.77999999817
ID101,1987-09-30,431180.77999999817
ID101,1987-12-31,1.1492999768257142
ID101,1988-03-31,1.1492999768257142
ID101,1988-06-30,431180.77999999817
ID101,1988-09-30,1.1492999768257142
ID101,1988-12-31,1.1492999768257142
ID101,1989-03-31,431180.77999999817
ID101,1989-06-30,1.1492999768257142
ID101,1989-09-30,1.1492999768257142
ID101,1989-12-31,1.1492999768257142
ID101,1990-03-31,431180.77999999817
ID101,1990-06-30,431180.77999999817
ID101,1990-09-30,1.1492999768257142
ID101,1990-12-31,1.1492999768257142
ID101,1991-03-31,1.1492999768257142
ID101,1991-06-30,1.1492999768257142
ID101,1991-09-30,1.1492999768257142
ID101,1991-12-31,431180.77999999817
ID101,1992-03-31,431180.77999999817
ID101,1992-06-30,1.1492999768257142
ID101,1992-09-30,1.1492999768257142
ID101,1992-12-31,1.1492999768257142
ID101,1993-03-31,431180.77999999817
ID101,1993-06-30,431180.77999999817
ID101,1993-09-30,158609.78842805343
ID101,1993-12-31,431180.77999999817
ID101,1994-03-31,1.1492999768257142
ID101,1994-06-30,1.1492999768257142
ID101,1994-09-30,1.1492999768257142
ID102,1971-12-31,1.1492999768257142
ID102,1972-03-31,431180.77999999817
ID102,1972-06-30,431180.77999999817
ID102,1972-09-30,1.1492999768257142
ID102,1972-12-31,431180.77999999817
ID102,1973-03-31,1.1492999768257142
ID102,1973-06-30,431180.77999999817
ID102,1973-09-30,431180.77999999817
ID102,1973-12-31,431180.77999999817
ID102,1974-03-31,1.1492999768257142
ID102,1974-06-30,1.1492999768257142
ID102,1974-09-30,431180.77999999817
ID102,1974-12-31,431180.77999999817
ID102,1975-03-31,431180.77999999817
ID102,1975-06-30,1.1492999768257142
ID102,1975-09-30,431180.77999999817
ID102,1975-12-31,1.1492999768257142
ID102,1976-03-31,431180.77999999817
ID102,1976-06-30,203260.7688041371
ID102,1976-09-30,1.1492999768257142
ID102,1976-12-31,431180.77999999817
ID102,1977-03-31,1.1492999768257142
ID102,1977-06-30,1.1492999768257142
ID102,1977-09-30,1.1492999768257142
ID102,1977-12-31,117766.46995776516
ID102,1978-03-31,1.1492999768257142
ID102,1978-06-30,1.1492999768257142
ID102,1978-09-30,1.1492999768257142
ID102,1978-12-31,1.1492999768257142
ID102,1979-03-31,431180.77999999817
ID102,1979-06-30,431180.77999999817
ID102,1979-09-30,1.1492999768257142
ID102,1979-12-31,431180.77999999817
ID102,1980-03-31,431180.77999999817
ID102,1980-06-30,431180.77999999817
ID102,1980-09-30,431180.77999999817
ID102,1980-12-31,1.1492999768257142
ID102,1981-03-31,1.1492999768257142
ID102,1981-06-30,354225.69512143335
ID102,1981-09-30,1.1492999768257142
ID102,1981-12-31,1.1492999768257142
ID102,1982-03-31,1.1492999768257142
ID102,1982-06-30,431180.77999999817
ID102,1982-09-30,1.1492999768257142
ID102,1982-12-31,1.1492999768257142
ID102,1983-03-31,22276.15994080272
ID102,1983-06-30,1.1492999768257142
ID102,1983-09-30,1.1492999768257142
ID102,1983-12-31,431180.77999999817
ID102,1984-03-31,1.1492999768257142
ID102,1984-06-30,341221.99338022294
ID102,1984-09-30,1.1492999768257142
ID102,1984-12-31,431180.77999999817
ID102,1985-03-31,1.1492999768257142
ID102,1985-06-30,431180.77999999817
ID102,1985-09-30,130688.77560624553
ID103,1971-12-31,1.1492999768257142
ID103,1972-03-31,431180.77999999817
ID103,1972-06-30,1.1492999768257142
ID103,1972-09-30,1.1492999768257142
ID103,1972-12-31,1.1492999768257142
ID103,1973-03-31,202355.81202720766
ID103,1973-06-30,88295.285133524
ID103,1973-09-30,1.1492999768257142
ID103,1973-12-31,78250.48455984799
ID103,1974-03-31,1.1492999768257142
ID103,1974-06-30,148638.67296589696
ID103,1974-09-30,1.1492999768257142
ID103,1974-12-31,431180.77999999817
ID103,1975-03-31,431180.77999999817
ID103,1975-06-30,1.1492999768257142
ID103,1975-09-30,1.1492999768257142
ID103,1975-12-31,1.1492999768257142
ID103,1976-03-31,431180.77999999817
ID103,1976-06-30,100686.89087535418
ID103,1976-09-30,431180.77999999817
ID103,1976-12-31,431180.77999999817
ID103,1977-03-31,431180.77999999817
ID103,1977-06-30,1.1492999768257142
ID103,1977-09-30,1.1492999768257142
ID103,1977-12-31,431180.77999999817
ID103,1978-03-31,387619.76290761656
ID103,1978-06-30,21341.742178676217
ID103,1978-09-30,1.1492999768257142
ID103,1978-12-31,431180.77999999817
ID103,1979-03-31,1.1492999768257142
ID103,1979-06-30,139715.60378813714
ID103,1979-09-30,372640.93688845803
ID104,1971-12-31,1.1492999768257142
ID104,1972-03-31,1.1492999768257142
ID104,1972-06-30,1.1492999768257142
ID104,1972-09-30,212231.16142607835
ID104,1972-12-31,1.1492999768257142
ID104,1973-03-31,431180.77999999817
ID104,1973-06-30,431180.77999999817
ID104,1973-09-30,431180.77999999817
ID104,1973-12-31,431180.77999999817
ID104,1974-03-31,431180.77999999817
ID104,1974-06-30,431180.77999999817
ID104,1974-09-30,431180.77999999817
ID104,1974-12-31,431180.77999999817
ID104,1975-03-31,1.1492999768257142
ID104,1975-06-30,431180.77999999817
ID104,1975-09-30,1.1492999768257142
ID104,1975-12-31,431180.77999999817
ID104,1976-03-31,1.1492999768257142
ID104,1976-06-30,1.1492999768257142
ID104,1976-09-30,431180.77999999817
ID104,1976-12-31,250044.53745307834
ID104,1977-03-31,431180.77999999817
ID104,1977-06-30,1.1492999768257142
ID104,1977-09-30,146547.95886182907
ID104,1977-12-31,1.1492999768257142
ID104,1978-03-31,431180.77999999817
ID104,1978-06-30,1.1492999768257142
ID104,1978-09-30,431180.77999999817
ID104,1978-12-31,431180.77999999817
ID104,1979-03-31,1.1492999768257142
ID104,1979-06-30,431180.77999999817
ID104,1979-09-30,290833.8686344979
ID104,1979-12-31,1.1492999768257142
ID104,1980-03-31,431180.77999999817
ID104,1980-06-30,250213.5232063226
ID104,1980-09-30,1.1492999768257142
ID104,1980-12-31,1.1492999768257142
ID104,1981-03-31,1.1492999768257142
ID104,1981-06-30,1.1492999768257142
ID104,1981-09-30,1.1492999768257142
ID104,1981-12-31,1.1492999768257142
ID104,1982-03-31,431180.77999999817
ID104,1982-06-30,431180.77999999817
ID104,1982-09-30,1.1492999768257142
ID104,1982-12-31,431180.77999999817
ID104,1983-03-31,431180.77999999817
ID104,1983-06-30,431180.77999999817
ID104,1983-09-30,431180.77999999817
ID104,1983-12-31,431180.77999999817
ID104,1984-03-31,431180.77999999817
ID104,1984-06-30,431180.77999999817
ID104,1984-09-30,431180.77999999817
ID104,1984-12-31,1.1492999768257142
ID104,1985-03-31,1.1492999768257142
ID104,1985-06-30,1.1492999768257142
ID104,1985-09-30,1.1492999768257142
ID105,1971-12-31,431180.77999999817
ID105,1972-03-31,431180.77999999817
ID105,1972-06-30,1.1492999768257142
ID105,1972-09-30,1.1492999768257142
ID105,1972-12-31,431180.77999999817
ID105,1973-03-31,1.1492999768257142
ID105,1973-06-30,1.1492999768257142
ID105,1973-09-30,1.1492999768257142
ID105,1973-12-31,431180.77999999817
ID105,1974-03-31,431180.77999999817
ID105,1974-06-30,1.1492999768257142
ID105,1974-09-30,1.1492999768257142
ID105,1974-12-31,1.1492999768257142
ID105,1975-03-31,431180.77999999817
ID105,1975-06-30,1.1492999768257142
ID105,1975-09-30,431180.77999999817
ID105,1975-12-31,1.1492999768257142
ID105,1976-03-31,1.1492999768257142
ID105,1976-06-30,1.1492999768257142
ID105,1976-09-30,1.1492999768257142
ID105,1976-12-31,431180.77999999817
ID105,1977-03-31,1.1492999768257142
ID105,1977-06-30,1.1492999768257142
ID105,1977-09-30,1.1492999768257142
ID105,1977-12-31,1.1492999768257142
ID105,1978-03-31,431180.77999999817
ID105,1978-06-30,431180.77999999817
ID105,1978-09-30,1.1492999768257142
ID105,1978-12-31,1.1492999768257142
ID105,1979-03-31,1.1492999768257142
ID105,1979-06-30,431180.77999999817
ID105,1979-09-30,1.1492999768257142
ID105,1979-12-31,1.1492999768257142
ID105,1980-03-31,1.1492999768257142
ID105,1980-06-30,431180.77999999817
ID105,1980-09-30,431180.77999999817
ID105,1980-12-31,1.1492999768257142
ID105,1981-03-31,431180.77999999817
ID105,1981-06-30,1.1492999768257142
ID105,1981-09-30,1.1492999768257142
ID105,1981-12-31,1.1492999768257142
ID105,1982-03-31,17875.70956660657
ID105,1982-06-30,1.1492999768257142
ID105,1982-09-30,431180.77999999817
ID105,1982-12-31,1.1492999768257142
ID105,1983-03-31,135709.8085717394
ID105,1983-06-30,1.1492999768257142
ID105,1983-09-30,1.1492999768257142
ID105,1983-12-31,431180.77999999817
ID105,1984-03-31,1.1492999768257142
ID105,1984-06-30,1.1492999768257142
ID105,1984-09-30,431180.77999999817
ID105,1984-12-31,1.1492999768257142
ID105,1985-03-31,1.1492999768257142
ID105,1985-06-30,431180.77999999817
ID105,1985-09-30,1.1492999768257142
ID106,1978-12-31,1.1492999768257142
ID106,1979-03-31,431180.77999999817
ID106,1979-06-30,431180.77999999817
ID106,1979-09-30,431180.77999999817
ID106,1979-12-31,234974.18258800943
ID106,1980-03-31,1.1492999768257142
ID106,1980-06-30,1.1492999768257142
ID106,1980-09-30,1.1492999768257142
ID106,1980-12-31,431180.77999999817
ID106,1981-03-31,238396.30621059262
ID106,1981-06-30,1.1492999768257142
ID106,1981-09-30,239033.745654975
ID107,1971-12-31,1.1492999768257142
ID107,1972-03-31,1.1492999768257142
ID107,1972-06-30,1.1492999768257142
ID107,1972-09-30,1.1492999768257142
ID107,1972-12-31,1.1492999768257142
ID107,1973-03-31,1.1492999768257142
ID107,1973-06-30,431180.77999999817
ID107,1973-09-30,1.1492999768257142
ID107,1973-12-31,431180.77999999817
ID107,1974-03-31,1.1492999768257142
ID107,1974-06-30,1.1492999768257142
ID107,1974-09-30,1.1492999768257142
ID107,1974-12-31,1.1492999768257142
ID107,1975-03-31,1.1492999768257142
ID107,1975-06-30,431180.77999999817
ID107,1975-09-30,1.1492999768257142
ID107,1975-12-31,1.1492999768257142
ID107,1976-03-31,1.1492999768257142
ID107,1976-06-30,48045.60170329792
ID107,1976-09-30,1.1492999768257142
ID107,1976-12-31,431180.77999999817
ID107,1977-03-31,431180.77999999817
ID107,1977-06-30,431180.77999999817
ID107,1977-09-30,431180.77999999817
ID107,1977-12-31,1.1492999768257142
ID107,1978-03-31,431180.77999999817
ID107,1978-06-30,431180.77999999817
ID107,1978-09-30,431180.77999999817
ID107,1978-12-31,1.1492999768257142
ID107,1979-03-31,431180.77999999817
ID107,1979-06-30,431180.77999999817
ID107,1979-09-30,1.1492999768257142
ID107,1979-12-31,431180.77999999817
ID107,1980-03-31,1.1492999768257142
ID107,1980-06-30,1.1492999768257142
ID107,1980-09-30,431180.77999999817
ID107,1980-12-31,313601.5350714113
ID107,1981-03-31,431180.77999999817
ID107,1981-06-30,431180.77999999817
ID107,1981-09-30,431180.77999999817
ID107,1981-12-31,1.1492999768257142
ID107,1982-03-31,1.1492999768257142
ID107,1982-06-30,1.1492999768257142
ID107,1982-09-30,1.1492999768257142
ID107,1982-12-31,431180.77999999817
ID107,1983-03-31,431180.77999999817
ID107,1983-06-30,431180.77999999817
ID107,1983-09-30,431180.77999999817
ID107,1983-12-31,431180.77999999817
ID107,1984-03-31,1.1492999768257142
ID107,1984-06-30,1.1492999768257142
ID107,1984-09-30,431180.77999999817
ID107,1984-12-31,1.1492999768257142
ID107,1985-03-31,1.1492999768257142
ID107,1985-06-30,1.1492999768257142
ID107,1985-09-30,1.1492999768257142
ID108,1977-12-31,431180.77999999817
ID108,1978-03-31,268653.63632328075
ID108,1978-06-30,431180.77999999817
ID108,1978-09-30,1.1492999768257142
ID108,1978-12-31,431180.77999999817
ID108,1979-03-31,1.1492999768257142
ID108,1979-06-30,1.1492999768257142
ID108,1979-09-30,431180.77999999817
ID108,1979-12-31,1.1492999768257142
ID108,1980-03-31,431180.77999999817
ID108,1980-06-30,1.1492999768257142
ID108,1980-09-30,431180.77999999817
ID108,1980-12-31,431180.77999999817
ID108,1981-03-31,431180.77999999817
ID108,1981-06-30,1.1492999768257142
ID108,1981-09-30,1.1492999768257142
ID108,1981-12-31,431180.77999999817
ID108,1982-03-31,1.1492999768257142
ID108,1982-06-30,1.1492999768257142
ID108,1982-09-30,1.1492999768257142
ID108,1982-12-31,431180.77999999817
ID108,1983-03-31,1.1492999768257142
ID108,1983-06-30,1.1492999768257142
ID108,1983-09-30,431180.77999999817
ID108,1983-12-31,431180.77999999817
ID108,1984-03-31,132167.55300141196
ID108,1984-06-30,1.1492999768257142
ID108,1984-09-30,431180.77999999817
ID108,1984-12-31,1.1492999768257142
ID108,1985-03-31,1.1492999768257142
ID108,1985-06-30,1.1492999768257142
ID108,1985-09-30,1.1492999768257142
ID108,1985-12-31,408022.3760717342
ID108,1986-03-31,431180.77999999817
ID108,1986-06-30,1.1492999768257142
ID108,1986-09-30,1.1492999768257142
ID109,1977-12-31,1.1492999768257142
ID109,1978-03-31,1.1492999768257142
ID109,1978-06-30,431180.77999999817
ID109,1978-09-30,431180.77999999817
ID109,1978-12-31,1.1492999768257142
ID109,1979-03-31,8225.663178657802
ID109,1979-06-30,431180.77999999817
ID109,1979-09-30,1.1492999768257142
ID109,1979-12-31,431180.77999999817
ID109,1980-03-31,1.1492999768257142
ID109,1980-06-30,1.1492999768257142
ID109,1980-09-30,431180.77999999817
ID109,1980-12-31,1.1492999768257142
ID109,1981-03-31,1.1492999768257142
ID109,1981-06-30,1.1492999768257142
ID109,1981-09-30,431180.77999999817
ID109,1981-12-31,1.1492999768257142
ID109,1982-03-31,1.1492999768257142
ID109,1982-06-30,1.1492999768257142
ID109,1982-09-30,301428.8455578737
ID109,1982-12-31,1.1492999768257142
ID109,1983-03-31,431180.77999999817
ID109,1983-06-30,1.1492999768257142
ID109,1983-09-30,431180.77999999817
ID109,1983-12-31,343215.6256107177
ID109,1984-03-31,169222.57960391176
ID109,1984-06-30,1.1492999768257142
ID109,1984-09-30,1.1492999768257142
ID109,1984-12-31,431180.77999999817
ID109,1985-03-31,1.1492999768257142
ID109,1985-06-30,152306.9696111586
ID109,1985-09-30,1.1492999768257142
ID109,1985-12-31,431180.77999999817
ID109,1986-03-31,1.1492999768257142
ID109,1986-06-30,173829.8115688025
ID109,1986-09-30,1.1492999768257142
ID11,1977-12-31,1.1492999768257142
ID11,1978-03-31,1.1492999768257142
ID11,1978-06-30,431180.77999999817
ID11,1978-09-30,1.1492999768257142
ID11,1978-12-31,88297.55989966023
ID11,1979-03-31,213074.94028632343
ID11,1979-06-30,1.1492999768257142
ID11,1979-09-30,431180.77999999817
ID11,1979-12-31,1.1492999768257142
ID11,1980-03-31,1.1492999768257142
ID11,1980-06-30,147381.5799017863
ID11,1980-09-30,1.1492999768257142
ID11,1980-12-31,431180.77999999817
ID11,1981-03-31,285109.22834037937
ID11,1981-06-30,1.1492999768257142
ID11,1981-09-30,81576.45842944866
ID110,1978-03-31,1.1492999768257142
ID110,1978-06-30,1.1492999768257142
ID110,1978-09-30,431180.77999999817
ID110,1978-12-31,1.1492999768257142
ID110,1979-03-31,1.1492999768257142
ID110,1979-06-30,431180.77999999817
ID110,1979-09-30,431180.77999999817
ID110,1979-12-31,431180.77999999817
ID110,1980-03-31,431180.77999999817
ID110,1980-06-30,431180.77999999817
ID110,1980-09-30,1.1492999768257142
ID110,1980-12-31,431180.77999999817
ID110,1981-03-31,431180.77999999817
ID110,1981-06-30,328272.9639104702
ID110,1981-09-30,1.1492999768257142
ID110,1981-12-31,1.1492999768257142
ID110,1982-03-31,1.1492999768257142
ID110,1982-06-30,1.1492999768257142
ID110,1982-09-30,1.1492999768257142
ID110,1982-12-31,431180.77999999817
ID110,1983-03-31,1.1492999768257142
ID110,1983-06-30,1.1492999768257142
ID110,1983-09-30,128239.96901141114
ID110,1983-12-31,431180.77999999817
ID110,1984-03-31,431180.77999999817
ID110,1984-06-30,1.1492999768257142
ID110,1984-09-30,431180.77999999817
ID110,1984-12-31,431180.77999999817
ID110,1985-03-31,1.1492999768257142
ID110,1985-06-30,431180.77999999817
ID110,1985-09-30,1.1492999768257142
ID110,1985-12-31,1.1492999768257142
ID110,1986-03-31,1.1492999768257142
ID110,1986-06-30,54843.4150341931
ID111,1978-03-31,431180.77999999817
ID111,1978-06-30,1.1492999768257142
ID111,1978-09-30,388260.53049985203
ID111,1978-12-31,431180.77999999817
ID111,1979-03-31,1.1492999768257142
ID111,1979-06-30,1.1492999768257142
ID111,1979-09-30,431180.77999999817
ID111,1979-12-31,1.1492999768257142
ID111,1980-03-31,1.1492999768257142
ID111,1980-06-30,1.1492999768257142
ID111,1980-09-30,1.1492999768257142
ID111,1980-12-31,1.1492999768257142
ID111,1981-03-31,431180.77999999817
ID111,1981-06-30,431180.77999999817
ID111,1981-09-30,431180.77999999817
ID111,1981-12-31,1.1492999768257142
ID111,1982-03-31,431180.77999999817
ID111,1982-06-30,93483.4519944553
ID111,1982-09-30,1.1492999768257142
ID111,1982-12-31,431180.77999999817
ID111,1983-03-31,1.1492999768257142
ID111,1983-06-30,1.1492999768257142
ID111,1983-09-30,1.1492999768257142
ID111,1983-12-31,1.1492999768257142
ID111,1984-03-31,1.1492999768257142
ID111,1984-06-30,357842.89592152653
ID111,1984-09-30,199844.53781161306
ID111,1984-12-31,1.1492999768257142
ID111,1985-03-31,431180.77999999817
ID111,1985-06-30,311926.4816036372
ID111,1985-09-30,78542.49373370831
ID111,1985-12-31,431180.77999999817
ID111,1986-03-31,1.1492999768257142
ID111,1986-06-30,95276.74757010755
ID112,1971-12-31,431180.77999999817
ID112,1972-03-31,1.1492999768257142
ID112,1972-06-30,431180.77999999817
ID112,1972-09-30,431180.77999999817
ID112,1972-12-31,431180.77999999817
ID112,1973-03-31,249079.97350408026
ID112,1973-06-30,1.1492999768257142
ID112,1973-09-30,1.1492999768257142
ID112,1973-12-31,1.1492999768257142
ID112,1974-03-31,1.1492999768257142
ID112,1974-06-30,431180.77999999817
ID112,1974-09-30,431180.77999999817
ID112,1974-12-31,1.1492999768257142
ID112,1975-03-31,1.1492999768257142
ID112,1975-06-30,1.1492999768257142
ID112,1975-09-30,1.1492999768257142
ID112,1975-12-31,431180.77999999817
ID112,1976-03-31,1.1492999768257142
ID112,1976-06-30,1.1492999768257142
ID112,1976-09-30,1.1492999768257142
ID112,1976-12-31,201597.70214450956
ID112,1977-03-31,1.1492999768257142
ID112,1977-06-30,1.1492999768257142
ID112,1977-09-30,431180.77999999817
ID112,1977-12-31,1.1492999768257142
ID112,1978-03-31,431180.77999999817
ID112,1978-06-30,369878.55589164235
ID112,1978-09-30,1.1492999768257142
ID112,1978-12-31,431180.77999999817
ID112,1979-03-31,431180.77999999817
ID112,1979-06-30,1.1492999768257142
ID112,1979-09-30,1.1492999768257142
ID112,1979-12-31,431180.77999999817
ID112,1980-03-31,431180.77999999817
ID112,1980-06-30,431180.77999999817
ID112,1980-09-30,431180.77999999817
ID112,1980-12-31,1.1492999768257142
ID112,1981-03-31,1.1492999768257142
ID112,1981-06-30,431180.77999999817
ID112,1981-09-30,431180.77999999817
ID112,1981-12-31,1.1492999768257142
ID112,1982-03-31,1.1492999768257142
ID112,1982-06-30,1.1492999768257142
ID112,1982-09-30,431180.77999999817
ID112,1982-12-31,1.1492999768257142
ID112,1983-03-31,431180.77999999817
ID112,1983-06-30,431180.77999999817
ID112,1983-09-30,1.1492999768257142
ID112,1983-12-31,1.1492999768257142
ID112,1984-03-31,431180.77999999817
ID112,1984-06-30,1.1492999768257142
ID112,1984-09-30,315451.13817862
ID112,1984-12-31,431180.77999999817
ID112,1985-03-31,1.1492999768257142
ID112,1985-06-30,431180.77999999817
ID112,1985-09-30,431180.77999999817
ID113,1977-12-31,431180.77999999817
ID113,1978-03-31,1.1492999768257142
ID113,1978-06-30,1.1492999768257142
ID113,1978-09-30,1.1492999768257142
ID113,1978-12-31,280401.87265327683
ID113,1979-03-31,1.1492999768257142
ID113,1979-06-30,1.1492999768257142
ID113,1979-09-30,431180.77999999817
ID113,1979-12-31,1.1492999768257142
ID113,1980-03-31,1.1492999768257142
ID113,1980-06-30,1.1492999768257142
ID113,1980-09-30,209876.0853012246
ID113,1980-12-31,169985.7931489464
ID113,1981-03-31,1.1492999768257142
ID113,1981-06-30,431180.77999999817
ID113,1981-09-30,39032.446073940795
ID113,1981-12-31,1.1492999768257142
ID113,1982-03-31,431180.77999999817
ID113,1982-06-30,431180.77999999817
ID113,1982-09-30,431180.77999999817
ID113,1982-12-31,431180.77999999817
ID113,1983-03-31,403151.3144931306
ID113,1983-06-30,1.1492999768257142
ID113,1983-09-30,1.1492999768257142
ID113,1983-12-31,400888.4283651034
ID113,1984-03-31,1.1492999768257142
ID113,1984-06-30,1.1492999768257142
ID113,1984-09-30,1.1492999768257142
ID114,1978-03-31,431180.77999999817
ID114,1978-06-30,431180.77999999817
ID114,1978-09-30,1.1492999768257142
ID114,1978-12-31,431180.77999999817
ID114,1979-03-31,1.1492999768257142
ID114,1979-06-30,1.1492999768257142
ID114,1979-09-30,1.1492999768257142
ID114,1979-12-31,408105.1809506266
ID114,1980-03-31,431180.77999999817
ID114,1980-06-30,1.1492999768257142
ID114,1980-09-30,431180.77999999817
ID114,1980-12-31,1.1492999768257142
ID114,1981-03-31,1.1492999768257142
ID114,1981-06-30,431180.77999999817
ID114,1981-09-30,1.1492999768257142
ID114,1981-12-31,431180.77999999817
ID114,1982-03-31,255651.6947809218
ID114,1982-06-30,1.1492999768257142
ID114,1982-09-30,431180.77999999817
ID114,1982-12-31,1.1492999768257142
ID114,1983-03-31,431180.77999999817
ID114,1983-06-30,1.1492999768257142
ID114,1983-09-30,1.1492999768257142
ID114,1983-12-31,431180.77999999817
ID114,1984-03-31,1.1492999768257142
ID114,1984-06-30,234067.19782639627
ID114,1984-09-30,1.1492999768257142
ID114,1984-12-31,431180.77999999817
ID114,1985-03-31,431180.77999999817
ID114,1985-06-30,1.1492999768257142
ID114,1985-09-30,1.1492999768257142
ID114,1985-12-31,1.1492999768257142
ID114,1986-03-31,254551.32169400403
ID115,1971-12-31,1.1492999768257142
ID115,1972-03-31,431180.77999999817
ID115,1972-06-30,168088.50913084802
ID115,1972-09-30,1.1492999768257142
ID115,1972-12-31,1.1492999768257142
ID115,1973-03-31,431180.77999999817
ID115,1973-06-30,1.1492999768257142
ID115,1973-09-30,1.1492999768257142
ID115,1973-12-31,1.1492999768257142
ID115,1974-03-31,1.1492999768257142
ID115,1974-06-30,431180.77999999817
ID115,1974-09-30,1.1492999768257142
ID115,1974-12-31,431180.77999999817
ID115,1975-03-31,431180.77999999817
ID115,1975-06-30,431180.77999999817
ID115,1975-09-30,1.1492999768257142
ID115,1975-12-31,431180.77999999817
ID115,1976-03-31,421481.9422194763
ID115,1976-06-30,1.1492999768257142
ID115,1976-09-30,1.1492999768257142
ID115,1976-12-31,1.1492999768257142
ID115,1977-03-31,431180.77999999817
ID115,1977-06-30,60770.66089809834
ID115,1977-09-30,431180.77999999817
ID115,1977-12-31,431180.77999999817
ID115,1978-03-31,1.1492999768257142
ID115,1978-06-30,431180.77999999817
ID115,1978-09-30,1.1492999768257142
ID115,1978-12-31,424350.1194324319
ID115,1979-03-31,1.1492999768257142
ID115,1979-06-30,1.1492999768257142
ID115,1979-09-30,1.1492999768257142
ID115,1979-12-31,1.1492999768257142
ID115,1980-03-31,431180.77999999817
ID115,1980-06-30,431180.77999999817
ID115,1980-09-30,1.1492999768257142
ID115,1980-12-31,1.1492999768257142
ID115,1981-03-31,1.1492999768257142
ID115,1981-06-30,1.1492999768257142
ID115,1981-09-30,1.1492999768257142
ID115,1981-12-31,1.1492999768257142
ID115,1982-03-31,431180.77999999817
ID115,1982-06-30,431180.77999999817
ID115,1982-09-30,431180.77999999817
ID115,1982-12-31,1.1492999768257142
ID115,1983-03-31,431180.77999999817
ID115,1983-06-30,1.1492999768257142
ID115,1983-09-30,1.1492999768257142
ID115,1983-12-31,431180.77999999817
ID115,1984-03-31,62247.075907627914
ID115,1984-06-30,431180.77999999817
ID115,1984-09-30,431180.77999999817
ID115,1984-12-31,431180.77999999817
ID115,1985-03-31,431180.77999999817
ID115,1985-06-30,1.1492999768257142
ID115,1985-09-30,431180.77999999817
ID116,1975-12-31,1.1492999768257142
ID116,1976-03-31,431180.77999999817
ID116,1976-06-30,1.1492999768257142
ID116,1976-09-30,431180.77999999817
ID116,1976-12-31,1.1492999768257142
ID116,1977-03-31,431180.77999999817
ID116,1977-06-30,431180.77999999817
ID116,1977-09-30,431180.77999999817
ID116,1977-12-31,431180.77999999817
ID116,1978-03-31,431180.77999999817
ID116,1978-06-30,431180.77999999817
ID116,1978-09-30,431180.77999999817
ID116,1978-12-31,431180.77999999817
ID116,1979-03-31,1.1492999768257142
ID116,1979-06-30,1.1492999768257142
ID116,1979-09-30,431180.77999999817
ID116,1979-12-31,431180.77999999817
ID116,1980-03-31,1.1492999768257142
ID116,1980-06-30,317061.78146216326
ID116,1980-09-30,431180.77999999817
ID116,1980-12-31,1.1492999768257142
ID116,1981-03-31,283536.84443475096
ID116,1981-06-30,1.1492999768257142
ID116,1981-09-30,1.1492999768257142
ID116,1981-12-31,1.1492999768257142
ID116,1982-03-31,431180.77999999817
ID116,1982-06-30,1.1492999768257142
ID116,1982-09-30,431180.77999999817
ID116,1982-12-31,431180.77999999817
ID116,1983-03-31,100599.09825878215
ID116,1983-06-30,1.1492999768257142
ID116,1983-09-30,117345.09084444048
ID116,1983-12-31,1.1492999768257142
ID116,1984-03-31,1.1492999768257142
ID116,1984-06-30,234912.29565910244
ID116,1984-09-30,431180.77999999817
ID116,1984-12-31,1.1492999768257142
ID116,1985-03-31,1.1492999768257142
ID116,1985-06-30,1.1492999768257142
ID116,1985-09-30,431180.77999999817
ID116,1985-12-31,431180.77999999817
ID116,1986-03-31,431180.77999999817
ID116,1986-06-30,1.1492999768257142
ID116,1986-09-30,431180.77999999817
ID116,1986-12-31,431180.77999999817
ID116,1987-03-31,1.1492999768257142
ID116,1987-06-30,1.1492999768257142
ID116,1987-09-30,319159.0122269229
ID116,1987-12-31,431180.77999999817
ID116,1988-03-31,69886.33979096371
ID116,1988-06-30,1.1492999768257142
ID116,1988-09-30,102362.72078804811
ID117,1975-12-31,431180.77999999817
ID117,1976-03-31,1.1492999768257142
ID117,1976-06-30,1.1492999768257142
ID117,1976-09-30,214844.5070831281
ID117,1976-12-31,431180.77999999817
ID117,1977-03-31,431180.77999999817
ID117,1977-06-30,1.1492999768257142
ID117,1977-09-30,1.1492999768257142
ID117,1977-12-31,1.1492999768257142
ID117,1978-03-31,431180.77999999817
ID117,1978-06-30,431180.77999999817
ID117,1978-09-30,136975.46411348265
ID117,1978-12-31,431180.77999999817
ID117,1979-03-31,1.1492999768257142
ID117,1979-06-30,1.1492999768257142
ID117,1979-09-30,1.1492999768257142
ID117,1979-12-31,431180.77999999817
ID117,1980-03-31,1.1492999768257142
ID117,1980-06-30,431180.77999999817
ID117,1980-09-30,431180.77999999817
ID117,1980-12-31,431180.77999999817
ID117,1981-03-31,1.1492999768257142
ID117,1981-06-30,1.1492999768257142
ID117,1981-09-30,1.1492999768257142
ID117,1981-12-31,1.1492999768257142
ID117,1982-03-31,431180.77999999817
ID117,1982-06-30,431180.77999999817
ID117,1982-09-30,161523.96580844492
ID117,1982-12-31,1.1492999768257142
ID117,1983-03-31,431180.77999999817
ID117,1983-06-30,1.1492999768257142
ID117,1983-09-30,1.1492999768257142
ID117,1983-12-31,151381.32657521672
ID117,1984-03-31,19660.334960592783
ID117,1984-06-30,1.1492999768257142
ID117,1984-09-30,1.1492999768257142
ID117,1984-12-31,431180.77999999817
ID117,1985-03-31,211117.62915557058
ID117,1985-06-30,1.1492999768257142
ID117,1985-09-30,431180.77999999817
ID117,1985-12-31,431180.77999999817
ID117,1986-03-31,1.1492999768257142
ID117,1986-06-30,431180.77999999817
ID117,1986-09-30,431180.77999999817
ID117,1986-12-31,1.1492999768257142
ID117,1987-03-31,1.1492999768257142
ID117,1987-06-30,1.1492999768257142
ID117,1987-09-30,431180.77999999817
ID117,1987-12-31,1.1492999768257142
ID117,1988-03-31,1.1492999768257142
ID117,1988-06-30,431180.77999999817
ID117,1988-09-30,84265.47933056566
ID118,1975-12-31,1.1492999768257142
ID118,1976-03-31,431180.77999999817
ID118,1976-06-30,431180.77999999817
ID118,1976-09-30,431180.77999999817
ID118,1976-12-31,1.1492999768257142
ID118,1977-03-31,1.1492999768257142
ID118,1977-06-30,269445.3363002626
ID118,1977-09-30,1.1492999768257142
ID118,1977-12-31,1.1492999768257142
ID118,1978-03-31,431180.77999999817
ID118,1978-06-30,1.1492999768257142
ID118,1978-09-30,431180.77999999817
ID118,1978-12-31,431180.77999999817
ID118,1979-03-31,431180.77999999817
ID118,1979-06-30,431180.77999999817
ID118,1979-09-30,1.1492999768257142
ID118,1979-12-31,431180.77999999817
ID118,1980-03-31,1.1492999768257142
ID118,1980-06-30,1.1492999768257142
ID118,1980-09-30,431180.77999999817
ID118,1980-12-31,1.1492999768257142
ID118,1981-03-31,1.1492999768257142
ID118,1981-06-30,1.1492999768257142
ID118,1981-09-30,431180.77999999817
ID118,1981-12-31,431180.77999999817
ID118,1982-03-31,431180.77999999817
ID118,1982-06-30,279359.8797498071
ID118,1982-09-30,431180.77999999817
ID118,1982-12-31,431180.77999999817
ID118,1983-03-31,431180.77999999817
ID118,1983-06-30,1.1492999768257142
ID118,1983-09-30,431180.77999999817
ID118,1983-12-31,1.1492999768257142
ID118,1984-03-31,1.1492999768257142
ID118,1984-06-30,431180.77999999817
ID118,1984-09-30,1.1492999768257142
ID118,1984-12-31,431180.77999999817
ID118,1985-03-31,1.1492999768257142
ID118,1985-06-30,1.1492999768257142
ID118,1985-09-30,431180.77999999817
ID118,1985-12-31,175212.06830918437
ID118,1986-03-31,431180.77999999817
ID118,1986-06-30,254661.37099515108
ID118,1986-09-30,1.1492999768257142
ID118,1986-12-31,431180.77999999817
ID118,1987-03-31,1.1492999768257142
ID118,1987-06-30,431180.77999999817
ID118,1987-09-30,1.1492999768257142
ID118,1987-12-31,431180.77999999817
ID118,1988-03-31,431180.77999999817
ID118,1988-06-30,1.1492999768257142
ID118,1988-09-30,431180.77999999817
ID119,1975-12-31,1.1492999768257142
ID119,1976-03-31,1.1492999768257142
ID119,1976-06-30,422925.3085453529
ID119,1976-09-30,431180.77999999817
ID119,1976-12-31,1.1492999768257142
ID119,1977-03-31,431180.77999999817
ID119,1977-06-30,339615.9510098418
ID119,1977-09-30,1.1492999768257142
ID119,1977-12-31,1.1492999768257142
ID119,1978-03-31,431180.77999999817
ID119,1978-06-30,1.1492999768257142
ID119,1978-09-30,1.1492999768257142
ID119,1978-12-31,1.1492999768257142
ID119,1979-03-31,394808.98755043023
ID119,1979-06-30,1.1492999768257142
ID119,1979-09-30,1.1492999768257142
ID119,1979-12-31,431180.77999999817
ID119,1980-03-31,1.1492999768257142
ID119,1980-06-30,431180.77999999817
ID119,1980-09-30,1.1492999768257142
ID119,1980-12-31,1.1492999768257142
ID119,1981-03-31,431180.77999999817
ID119,1981-06-30,1.1492999768257142
ID119,1981-09-30,431180.77999999817
ID119,1981-12-31,166411.91063623867
ID119,1982-03-31,1.1492999768257142
ID119,1982-06-30,1.1492999768257142
ID119,1982-09-30,1.1492999768257142
ID119,1982-12-31,132747.1539781921
ID119,1983-03-31,431180.77999999817
ID119,1983-06-30,431180.77999999817
ID119,1983-09-30,1.1492999768257142
ID119,1983-12-31,1.1492999768257142
ID119,1984-03-31,1.1492999768257142
ID119,1984-06-30,431180.77999999817
ID119,1984-09-30,1.1492999768257142
ID119,1984-12-31,1.1492999768257142
ID119,1985-03-31,184158.82447330802
ID119,1985-06-30,1.1492999768257142
ID119,1985-09-30,1.1492999768257142
ID119,1985-12-31,431180.77999999817
ID119,1986-03-31,1.1492999768257142
ID119,1986-06-30,1.1492999768257142
ID119,1986-09-30,431180.77999999817
ID119,1986-12-31,1.1492999768257142
ID119,1987-03-31,431180.77999999817
ID119,1987-06-30,1.1492999768257142
ID119,1987-09-30,312003.17616570496
ID119,1987-12-31,1.1492999768257142
ID119,1988-03-31,1.1492999768257142
ID119,1988-06-30,431180.77999999817
ID119,1988-09-30,1.1492999768257142
ID12,1977-12-31,1.1492999768257142
ID12,1978-03-31,431180.77999999817
ID12,1978-06-30,431180.77999999817
ID12,1978-09-30,431180.77999999817
ID12,1978-12-31,431180.77999999817
ID12,1979-03-31,1.1492999768257142
ID12,1979-06-30,1.1492999768257142
ID12,1979-09-30,431180.77999999817
ID12,1979-12-31,431180.77999999817
ID12,1980-03-31,431180.77999999817
ID12,1980-06-30,431180.77999999817
ID12,1980-09-30,344905.76116992556
ID12,1980-12-31,431180.77999999817
ID12,1981-03-31,431180.77999999817
ID12,1981-06-30,1.1492999768257142
ID12,1981-09-30,431180.77999999817
ID12,1981-12-31,431180.77999999817
ID12,1982-03-31,1.1492999768257142
ID12,1982-06-30,1.1492999768257142
ID12,1982-09-30,246000.60834827143
ID12,1982-12-31,431180.77999999817
ID12,1983-03-31,1.1492999768257142
ID12,1983-06-30,1.1492999768257142
ID12,1983-09-30,1.1492999768257142
ID12,1983-12-31,1.1492999768257142
ID12,1984-03-31,1.1492999768257142
ID12,1984-06-30,431180.77999999817
ID12,1984-09-30,431180.77999999817
ID12,1984-12-31,431180.77999999817
ID12,1985-03-31,431180.77999999817
ID12,1985-06-30,1.1492999768257142
ID12,1985-09-30,1.1492999768257142
ID12,1985-12-31,431180.77999999817
ID12,1986-03-31,431180.77999999817
ID12,1986-06-30,431180.77999999817
ID12,1986-09-30,431180.77999999817
ID12,1986-12-31,1.1492999768257142
ID12,1987-03-31,1.1492999768257142
ID12,1987-06-30,1.1492999768257142
ID12,1987-09-30,1.1492999768257142
ID12,1987-12-31,431180.77999999817
ID12,1988-03-31,431180.77999999817
ID12,1988-06-30,431180.77999999817
ID12,1988-09-30,431180.77999999817
ID12,1988-12-31,1.1492999768257142
ID12,1989-03-31,1.1492999768257142
ID12,1989-06-30,1.1492999768257142
ID12,1989-09-30,431180.77999999817
ID12,1989-12-31,1.1492999768257142
ID12,1990-03-31,1.1492999768257142
ID12,1990-06-30,1.1492999768257142
ID12,1990-09-30,1.1492999768257142
ID12,1990-12-31,1.1492999768257142
ID12,1991-03-31,1.1492999768257142
ID12,1991-06-30,257196.29744288974
ID12,1991-09-30,282538.82630475576
ID120,1975-12-31,431180.77999999817
ID120,1976-03-31,1.1492999768257142
ID120,1976-06-30,1.1492999768257142
ID120,1976-09-30,431180.77999999817
ID120,1976-12-31,431180.77999999817
ID120,1977-03-31,1.1492999768257142
ID120,1977-06-30,1.1492999768257142
ID120,1977-09-30,431180.77999999817
ID120,1977-12-31,431180.77999999817
ID120,1978-03-31,431180.77999999817
ID120,1978-06-30,431180.77999999817
ID120,1978-09-30,1.1492999768257142
ID120,1978-12-31,431180.77999999817
ID120,1979-03-31,431180.77999999817
ID120,1979-06-30,1.1492999768257142
ID120,1979-09-30,1.1492999768257142
ID120,1979-12-31,1.1492999768257142
ID120,1980-03-31,1.1492999768257142
ID120,1980-06-30,1.1492999768257142
ID120,1980-09-30,1.1492999768257142
ID120,1980-12-31,431180.77999999817
ID120,1981-03-31,1.1492999768257142
ID120,1981-06-30,1.1492999768257142
ID120,1981-09-30,431180.77999999817
ID120,1981-12-31,431180.77999999817
ID120,1982-03-31,45154.04408679029
ID120,1982-06-30,431180.77999999817
ID120,1982-09-30,1.1492999768257142
ID120,1982-12-31,1.1492999768257142
ID120,1983-03-31,431180.77999999817
ID120,1983-06-30,375958.47336712043
ID120,1983-09-30,1.1492999768257142
ID120,1983-12-31,431180.77999999817
ID120,1984-03-31,1.1492999768257142
ID120,1984-06-30,1.1492999768257142
ID120,1984-09-30,1.1492999768257142
ID120,1984-12-31,1.1492999768257142
ID120,1985-03-31,1.1492999768257142
ID120,1985-06-30,1.1492999768257142
ID120,1985-09-30,1.1492999768257142
ID120,1985-12-31,431180.77999999817
ID120,1986-03-31,431180.77999999817
ID120,1986-06-30,1.1492999768257142
ID120,1986-09-30,1.1492999768257142
ID120,1986-12-31,1.1492999768257142
ID120,1987-03-31,1.1492999768257142
ID120,1987-06-30,1.1492999768257142
ID120,1987-09-30,1.1492999768257142
ID120,1987-12-31,1.1492999768257142
ID120,1988-03-31,431180.77999999817
ID120,1988-06-30,431180.77999999817
ID120,1988-09-30,431180.77999999817
ID120,1988-12-31,431180.77999999817
ID120,1989-03-31,431180.77999999817
ID120,1989-06-30,431180.77999999817
ID120,1989-09-30,431180.77999999817
ID120,1989-12-31,431180.77999999817
ID120,1990-03-31,1.1492999768257142
ID120,1990-06-30,1.1492999768257142
ID120,1990-09-30,431180.77999999817
ID120,1990-12-31,431180.77999999817
ID120,1991-03-31,431180.77999999817
ID120,1991-06-30,431180.77999999817
ID120,1991-09-30,1.1492999768257142
ID120,1991-12-31,1.1492999768257142
ID120,1992-03-31,431180.77999999817
ID120,1992-06-30,431180.77999999817
ID120,1992-09-30,1.1492999768257142
ID120,1992-12-31,1.1492999768257142
ID120,1993-03-31,431180.77999999817
ID120,1993-06-30,1.1492999768257142
ID120,1993-09-30,1.1492999768257142
ID121,1969-12-31,431180.77999999817
ID121,1970-03-31,431180.77999999817
ID121,1970-06-30,1.1492999768257142
ID121,1970-09-30,339477.41102249
ID121,1970-12-31,1.1492999768257142
ID121,1971-03-31,241069.8329550993
ID121,1971-06-30,213806.4626025089
ID121,1971-09-30,1.1492999768257142
ID121,1971-12-31,431180.77999999817
ID121,1972-03-31,1.1492999768257142
ID121,1972-06-30,1.1492999768257142
ID121,1972-09-30,1.1492999768257142
ID121,1972-12-31,431180.77999999817
ID121,1973-03-31,431180.77999999817
ID121,1973-06-30,1.1492999768257142
ID121,1973-09-30,58497.54187875863
ID121,1973-12-31,1.1492999768257142
ID121,1974-03-31,431180.77999999817
ID121,1974-06-30,431180.77999999817
ID121,1974-09-30,431180.77999999817
ID121,1974-12-31,431180.77999999817
ID121,1975-03-31,282666.3727104087
ID121,1975-06-30,1.1492999768257142
ID121,1975-09-30,1.1492999768257142
ID121,1975-12-31,7806.5360640079225
ID121,1976-03-31,1.1492999768257142
ID121,1976-06-30,431180.77999999817
ID121,1976-09-30,1.1492999768257142
ID121,1976-12-31,1.1492999768257142
ID121,1977-03-31,431180.77999999817
ID121,1977-06-30,67048.92144067686
ID121,1977-09-30,114963.51738978674
ID122,1969-12-31,409759.95625275583
ID122,1970-03-31,431180.77999999817
ID122,1970-06-30,431180.77999999817
ID122,1970-09-30,1.1492999768257142
ID122,1970-12-31,1.1492999768257142
ID122,1971-03-31,27652.39991872162
ID122,1971-06-30,431180.77999999817
ID122,1971-09-30,1.1492999768257142
ID122,1971-12-31,1.1492999768257142
ID122,1972-03-31,1.1492999768257142
ID122,1972-06-30,431180.77999999817
ID122,1972-09-30,1.1492999768257142
ID122,1972-12-31,1.1492999768257142
ID122,1973-03-31,1.1492999768257142
ID122,1973-06-30,431180.77999999817
ID122,1973-09-30,1.1492999768257142
ID122,1973-12-31,1.1492999768257142
ID122,1974-03-31,37122.2331718864
ID122,1974-06-30,431180.77999999817
ID122,1974-09-30,1.1492999768257142
ID122,1974-12-31,313919.3740876455
ID122,1975-03-31,1.1492999768257142
ID122,1975-06-30,1.1492999768257142
ID122,1975-09-30,1.1492999768257142
ID122,1975-12-31,431180.77999999817
ID122,1976-03-31,431180.77999999817
ID122,1976-06-30,1.1492999768257142
ID122,1976-09-30,431180.77999999817
ID122,1976-12-31,431180.77999999817
ID122,1977-03-31,431180.77999999817
ID122,1977-06-30,1.1492999768257142
ID122,1977-09-30,1.1492999768257142
ID123,1969-12-31,1.1492999768257142
ID123,1970-03-31,431180.77999999817
ID123,1970-06-30,1.1492999768257142
ID123,1970-09-30,1.1492999768257142
ID123,1970-12-31,431180.77999999817
ID123,1971-03-31,1.1492999768257142
ID123,1971-06-30,431180.77999999817
ID123,1971-09-30,1.1492999768257142
ID123,1971-12-31,1.1492999768257142
ID123,1972-03-31,431180.77999999817
ID123,1972-06-30,431180.77999999817
ID123,1972-09-30,1.1492999768257142
ID123,1972-12-31,1.1492999768257142
ID123,1973-03-31,1.1492999768257142
ID123,1973-06-30,431180.77999999817
ID123,1973-09-30,431180.77999999817
ID123,1973-12-31,1.1492999768257142
ID123,1974-03-31,1.1492999768257142
ID123,1974-06-30,1.1492999768257142
ID123,1974-09-30,347931.9350005486
ID123,1974-12-31,1.1492999768257142
ID123,1975-03-31,265954.4631399195
ID123,1975-06-30,1.1492999768257142
ID123,1975-09-30,431180.77999999817
ID123,1975-12-31,431180.77999999817
ID123,1976-03-31,303335.1941306421
ID123,1976-06-30,431180.77999999817
ID123,1976-09-30,431180.77999999817
ID123,1976-12-31,431180.77999999817
ID123,1977-03-31,1.1492999768257142
ID123,1977-06-30,422849.49265723705
ID123,1977-09-30,1.1492999768257142
ID124,1969-12-31,1.1492999768257142
ID124,1970-03-31,327666.3137157573
ID124,1970-06-30,1.1492999768257142
ID124,1970-09-30,431180.77999999817
ID124,1970-12-31,431180.77999999817
ID124,1971-03-31,1.1492999768257142
ID124,1971-06-30,1.1492999768257142
ID124,1971-09-30,1.1492999768257142
ID124,1971-12-31,311376.25871375704
ID124,1972-03-31,431180.77999999817
ID124,1972-06-30,1.1492999768257142
ID124,1972-09-30,1.1492999768257142
ID124,1972-12-31,1.1492999768257142
ID124,1973-03-31,1.1492999768257142
ID124,1973-06-30,431180.77999999817
ID124,1973-09-30,431180.77999999817
ID124,1973-12-31,431180.77999999817
ID124,1974-03-31,1.1492999768257142
ID124,1974-06-30,1.1492999768257142
ID124,1974-09-30,431180.77999999817
ID124,1974-12-31,431180.77999999817
ID124,1975-03-31,1.1492999768257142
ID124,1975-06-30,431180.77999999817
ID124,1975-09-30,431180.77999999817
ID124,1975-12-31,1.1492999768257142
ID124,1976-03-31,431180.77999999817
ID124,1976-06-30,1.1492999768257142
ID124,1976-09-30,431180.77999999817
ID124,1976-12-31,1.1492999768257142
ID124,1977-03-31,1.1492999768257142
ID124,1977-06-30,101716.5261327305
ID124,1977-09-30,1.1492999768257142
ID125,1969-12-31,62902.10698457689
ID125,1970-03-31,1.1492999768257142
ID125,1970-06-30,1.1492999768257142
ID125,1970-09-30,1.1492999768257142
ID125,1970-12-31,1.1492999768257142
ID125,1971-03-31,1.1492999768257142
ID125,1971-06-30,1.1492999768257142
ID125,1971-09-30,1.1492999768257142
ID125,1971-12-31,431180.77999999817
ID125,1972-03-31,431180.77999999817
ID125,1972-06-30,431180.77999999817
ID125,1972-09-30,1.1492999768257142
ID125,1972-12-31,431180.77999999817
ID125,1973-03-31,282106.8915249746
ID125,1973-06-30,431180.77999999817
ID125,1973-09-30,1.1492999768257142
ID125,1973-12-31,1.1492999768257142
ID125,1974-03-31,1.1492999768257142
ID125,1974-06-30,1.1492999768257142
ID125,1974-09-30,1.1492999768257142
ID125,1974-12-31,323775.27883923525
ID125,1975-03-31,431180.77999999817
ID125,1975-06-30,431180.77999999817
ID125,1975-09-30,431180.77999999817
ID125,1975-12-31,431180.77999999817
ID125,1976-03-31,431180.77999999817
ID125,1976-06-30,86735.21963732186
ID125,1976-09-30,431180.77999999817
ID125,1976-12-31,338348.4875183978
ID125,1977-03-31,1.1492999768257142
ID125,1977-06-30,1.1492999768257142
ID125,1977-09-30,1.1492999768257142
ID126,1975-12-31,1.1492999768257142
ID126,1976-03-31,1.1492999768257142
ID126,1976-06-30,1.1492999768257142
ID126,1976-09-30,431180.77999999817
ID126,1976-12-31,1.1492999768257142
ID126,1977-03-31,431180.77999999817
ID126,1977-06-30,431180.77999999817
ID126,1977-09-30,431180.77999999817
ID126,1977-12-31,1.1492999768257142
ID126,1978-03-31,431180.77999999817
ID126,1978-06-30,431180.77999999817
ID126,1978-09-30,1.1492999768257142
ID126,1978-12-31,431180.77999999817
ID126,1979-03-31,431180.77999999817
ID126,1979-06-30,1.1492999768257142
ID126,1979-09-30,431180.77999999817
ID126,1979-12-31,1.1492999768257142
ID126,1980-03-31,1.1492999768257142
ID126,1980-06-30,1.1492999768257142
ID126,1980-09-30,376625.89625577326
ID126,1980-12-31,431180.77999999817
ID126,1981-03-31,1.1492999768257142
ID126,1981-06-30,1.1492999768257142
ID126,1981-09-30,1.1492999768257142
ID126,1981-12-31,431180.77999999817
ID126,1982-03-31,431180.77999999817
ID126,1982-06-30,1.1492999768257142
ID126,1982-09-30,1.1492999768257142
ID126,1982-12-31,431180.77999999817
ID126,1983-03-31,1.1492999768257142
ID126,1983-06-30,1.1492999768257142
ID126,1983-09-30,1.1492999768257142
ID126,1983-12-31,375586.205109517
ID126,1984-03-31,431180.77999999817
ID126,1984-06-30,431180.77999999817
ID126,1984-09-30,398161.00778315624
ID126,1984-12-31,129211.63232063013
ID126,1985-03-31,431180.77999999817
ID126,1985-06-30,1.1492999768257142
ID126,1985-09-30,1.1492999768257142
ID127,1975-12-31,431180.77999999817
ID127,1976-03-31,1.1492999768257142
ID127,1976-06-30,364948.6967252156
ID127,1976-09-30,1.1492999768257142
ID127,1976-12-31,313969.33199227176
ID127,1977-03-31,1.1492999768257142
ID127,1977-06-30,431180.77999999817
ID127,1977-09-30,1.1492999768257142
ID127,1977-12-31,431180.77999999817
ID127,1978-03-31,1.1492999768257142
ID127,1978-06-30,431180.77999999817
ID127,1978-09-30,1.1492999768257142
ID127,1978-12-31,431180.77999999817
ID127,1979-03-31,431180.77999999817
ID127,1979-06-30,266031.0152644644
ID127,1979-09-30,431180.77999999817
ID127,1979-12-31,431180.77999999817
ID127,1980-03-31,431180.77999999817
ID127,1980-06-30,1.1492999768257142
ID127,1980-09-30,1.1492999768257142
ID127,1980-12-31,1.1492999768257142
ID127,1981-03-31,1.1492999768257142
ID127,1981-06-30,1.1492999768257142
ID127,1981-09-30,1.1492999768257142
ID127,1981-12-31,1.1492999768257142
ID127,1982-03-31,431180.77999999817
ID127,1982-06-30,431180.77999999817
ID127,1982-09-30,1.1492999768257142
ID127,1982-12-31,1.1492999768257142
ID127,1983-03-31,1.1492999768257142
ID127,1983-06-30,431180.77999999817
ID127,1983-09-30,170985.8123760528
ID127,1983-12-31,1.1492999768257142
ID127,1984-03-31,1.1492999768257142
ID127,1984-06-30,148029.129705627
ID127,1984-09-30,1.1492999768257142
ID127,1984-12-31,268539.5437087543
ID127,1985-03-31,431180.77999999817
ID127,1985-06-30,431180.77999999817
ID127,1985-09-30,431180.77999999817
ID127,1985-12-31,1.1492999768257142
ID127,1986-03-31,431180.77999999817
ID127,1986-06-30,431180.77999999817
ID127,1986-09-30,431180.77999999817
ID127,1986-12-31,1.1492999768257142
ID127,1987-03-31,1.1492999768257142
ID127,1987-06-30,498.8460803755301
ID127,1987-09-30,1.1492999768257142
ID128,1975-12-31,114427.59091240689
ID128,1976-03-31,1.1492999768257142
ID128,1976-06-30,366138.67786457256
ID128,1976-09-30,402956.3922221047
ID128,1976-12-31,431180.77999999817
ID128,1977-03-31,1.1492999768257142
ID128,1977-06-30,1.1492999768257142
ID128,1977-09-30,1.1492999768257142
ID128,1977-12-31,1.1492999768257142
ID128,1978-03-31,217132.50409749552
ID128,1978-06-30,1.1492999768257142
ID128,1978-09-30,431180.77999999817
ID128,1978-12-31,1.1492999768257142
ID128,1979-03-31,1.1492999768257142
ID128,1979-06-30,431180.77999999817
ID128,1979-09-30,1.1492999768257142
ID128,1979-12-31,431180.77999999817
ID128,1980-03-31,431180.77999999817
ID128,1980-06-30,1.1492999768257142
ID128,1980-09-30,1.1492999768257142
ID128,1980-12-31,431180.77999999817
ID128,1981-03-31,431180.77999999817
ID128,1981-06-30,1.1492999768257142
ID128,1981-09-30,431180.77999999817
ID128,1981-12-31,431180.77999999817
ID128,1982-03-31,431180.77999999817
ID128,1982-06-30,431180.77999999817
ID128,1982-09-30,1.1492999768257142
ID128,1982-12-31,299166.69903503393
ID128,1983-03-31,431180.77999999817
ID128,1983-06-30,1.1492999768257142
ID128,1983-09-30,1.1492999768257142
ID128,1983-12-31,431180.77999999817
ID128,1984-03-31,431180.77999999817
ID128,1984-06-30,431180.77999999817
ID128,1984-09-30,396056.4028094319
ID128,1984-12-31,1.1492999768257142
ID128,1985-03-31,431180.77999999817
ID128,1985-06-30,431180.77999999817
ID128,1985-09-30,431180.77999999817
ID128,1985-12-31,1.1492999768257142
ID128,1986-03-31,126745.25271975812
ID128,1986-06-30,1.1492999768257142
ID128,1986-09-30,431180.77999999817
ID128,1986-12-31,431180.77999999817
ID128,1987-03-31,1.1492999768257142
ID128,1987-06-30,1.1492999768257142
ID128,1987-09-30,1.1492999768257142
ID129,1975-12-31,1.1492999768257142
ID129,1976-03-31,1.1492999768257142
ID129,1976-06-30,431180.77999999817
ID129,1976-09-30,431180.77999999817
ID129,1976-12-31,19380.597297930082
ID129,1977-03-31,1.1492999768257142
ID129,1977-06-30,1.1492999768257142
ID129,1977-09-30,431180.77999999817
ID129,1977-12-31,431180.77999999817
ID129,1978-03-31,431180.77999999817
ID129,1978-06-30,431180.77999999817
ID129,1978-09-30,1.1492999768257142
ID129,1978-12-31,42326.82286500232
ID129,1979-03-31,431180.77999999817
ID129,1979-06-30,431180.77999999817
ID129,1979-09-30,1.1492999768257142
ID129,1979-12-31,431180.77999999817
ID129,1980-03-31,219581.93722918982
ID129,1980-06-30,1.1492999768257142
ID129,1980-09-30,1.1492999768257142
ID129,1980-12-31,431180.77999999817
ID129,1981-03-31,1.1492999768257142
ID129,1981-06-30,152963.53666421754
ID129,1981-09-30,431180.77999999817
ID129,1981-12-31,1.1492999768257142
ID129,1982-03-31,1.1492999768257142
ID129,1982-06-30,1.1492999768257142
ID129,1982-09-30,148804.53379692457
ID129,1982-12-31,169971.51143808634
ID129,1983-03-31,1.1492999768257142
ID129,1983-06-30,408737.71432297124
ID129,1983-09-30,1.1492999768257142
ID129,1983-12-31,1.1492999768257142
ID129,1984-03-31,1.1492999768257142
ID129,1984-06-30,1.1492999768257142
ID129,1984-09-30,431180.77999999817
ID129,1984-12-31,1.1492999768257142
ID129,1985-03-31,431180.77999999817
ID129,1985-06-30,1.1492999768257142
ID129,1985-09-30,1.1492999768257142
ID129,1985-12-31,1.1492999768257142
ID129,1986-03-31,431180.77999999817
ID129,1986-06-30,1.1492999768257142
ID129,1986-09-30,1.1492999768257142
ID129,1986-12-31,298824.64265944244
ID129,1987-03-31,1.1492999768257142
ID129,1987-06-30,1.1492999768257142
ID129,1987-09-30,1.1492999768257142
ID13,1978-06-30,1.1492999768257142
ID13,1978-09-30,1.1492999768257142
ID13,1978-12-31,431180.77999999817
ID13,1979-03-31,431180.77999999817
ID13,1979-06-30,1.1492999768257142
ID13,1979-09-30,1.1492999768257142
ID13,1979-12-31,1.1492999768257142
ID13,1980-03-31,372050.45693003404
ID13,1980-06-30,1.1492999768257142
ID13,1980-09-30,1.1492999768257142
ID13,1980-12-31,431180.77999999817
ID13,1981-03-31,313450.4120101843
ID13,1981-06-30,430967.003235143
ID13,1981-09-30,1.1492999768257142
ID13,1981-12-31,431180.77999999817
ID13,1982-03-31,1.1492999768257142
ID13,1982-06-30,1.1492999768257142
ID13,1982-09-30,1.1492999768257142
ID13,1982-12-31,1.1492999768257142
ID13,1983-03-31,1.1492999768257142
ID13,1983-06-30,431180.77999999817
ID13,1983-09-30,184669.4745330461
ID13,1983-12-31,106706.74375043003
ID13,1984-03-31,1.1492999768257142
ID13,1984-06-30,431180.77999999817
ID13,1984-09-30,431180.77999999817
ID13,1984-12-31,1.1492999768257142
ID13,1985-03-31,1.1492999768257142
ID13,1985-06-30,431180.77999999817
ID130,1975-12-31,431180.77999999817
ID130,1976-03-31,108144.02722941217
ID130,1976-06-30,1.1492999768257142
ID130,1976-09-30,431180.77999999817
ID130,1976-12-31,1.1492999768257142
ID130,1977-03-31,431180.77999999817
ID130,1977-06-30,1.1492999768257142
ID130,1977-09-30,1.1492999768257142
ID130,1977-12-31,431180.77999999817
ID130,1978-03-31,431180.77999999817
ID130,1978-06-30,431180.77999999817
ID130,1978-09-30,431180.77999999817
ID130,1978-12-31,1.1492999768257142
ID130,1979-03-31,143145.93561460945
ID130,1979-06-30,86337.12715617528
ID130,1979-09-30,379957.9798408628
ID130,1979-12-31,1.1492999768257142
ID130,1980-03-31,1.1492999768257142
ID130,1980-06-30,431180.77999999817
ID130,1980-09-30,431180.77999999817
ID130,1980-12-31,431180.77999999817
ID130,1981-03-31,431180.77999999817
ID130,1981-06-30,1.1492999768257142
ID130,1981-09-30,1.1492999768257142
ID130,1981-12-31,1.1492999768257142
ID130,1982-03-31,211726.69495549714
ID130,1982-06-30,1.1492999768257142
ID130,1982-09-30,1.1492999768257142
ID130,1982-12-31,1.1492999768257142
ID130,1983-03-31,431180.77999999817
ID130,1983-06-30,1.1492999768257142
ID130,1983-09-30,431180.77999999817
ID130,1983-12-31,431180.77999999817
ID130,1984-03-31,1.1492999768257142
ID130,1984-06-30,1.1492999768257142
ID130,1984-09-30,1.1492999768257142
ID130,1984-12-31,1.1492999768257142
ID130,1985-03-31,1.1492999768257142
ID130,1985-06-30,1.1492999768257142
ID130,1985-09-30,1.1492999768257142
ID130,1985-12-31,363798.59887952975
ID130,1986-03-31,431180.77999999817
ID130,1986-06-30,1.1492999768257142
ID130,1986-09-30,180162.88240296752
ID130,1986-12-31,431180.77999999817
ID130,1987-03-31,431180.77999999817
ID130,1987-06-30,1.1492999768257142
ID130,1987-09-30,431180.77999999817
ID131,1975-12-31,431180.77999999817
ID131,1976-03-31,431180.77999999817
ID131,1976-06-30,170536.5723374053
ID131,1976-09-30,1.1492999768257142
ID131,1976-12-31,431180.77999999817
ID131,1977-03-31,1.1492999768257142
ID131,1977-06-30,1.1492999768257142
ID131,1977-09-30,1.1492999768257142
ID131,1977-12-31,431180.77999999817
ID131,1978-03-31,431180.77999999817
ID131,1978-06-30,1.1492999768257142
ID131,1978-09-30,431180.77999999817
ID131,1978-12-31,1.1492999768257142
ID131,1979-03-31,431180.77999999817
ID131,1979-06-30,1.1492999768257142
ID131,1979-09-30,1.1492999768257142
ID131,1979-12-31,1.1492999768257142
ID131,1980-03-31,431180.77999999817
ID131,1980-06-30,431180.77999999817
ID131,1980-09-30,1.1492999768257142
ID131,1980-12-31,1.1492999768257142
ID131,1981-03-31,1.1492999768257142
ID131,1981-06-30,431180.77999999817
ID131,1981-09-30,1.1492999768257142
ID131,1981-12-31,1.1492999768257142
ID131,1982-03-31,431180.77999999817
ID131,1982-06-30,1.1492999768257142
ID131,1982-09-30,431180.77999999817
ID131,1982-12-31,431180.77999999817
ID131,1983-03-31,431180.77999999817
ID131,1983-06-30,1.1492999768257142
ID131,1983-09-30,431180.77999999817
ID131,1983-12-31,1.1492999768257142
ID131,1984-03-31,1.1492999768257142
ID131,1984-06-30,1.1492999768257142
ID131,1984-09-30,9095.909003018234
ID131,1984-12-31,431180.77999999817
ID131,1985-03-31,1.1492999768257142
ID131,1985-06-30,431180.77999999817
ID131,1985-09-30,1.1492999768257142
ID131,1985-12-31,1.1492999768257142
ID131,1986-03-31,1.1492999768257142
ID131,1986-06-30,431180.77999999817
ID131,1986-09-30,431180.77999999817
ID131,1986-12-31,1.1492999768257142
ID131,1987-03-31,431180.77999999817
ID131,1987-06-30,1.1492999768257142
ID131,1987-09-30,431180.77999999817
ID132,1969-12-31,431180.77999999817
ID132,1970-03-31,1.1492999768257142
ID132,1970-06-30,431180.77999999817
ID132,1970-09-30,1.1492999768257142
ID132,1970-12-31,1.1492999768257142
ID132,1971-03-31,419431.9839201912
ID132,1971-06-30,1.1492999768257142
ID132,1971-09-30,431180.77999999817
ID132,1971-12-31,431180.77999999817
ID132,1972-03-31,1.1492999768257142
ID132,1972-06-30,1.1492999768257142
ID132,1972-09-30,431180.77999999817
ID132,1972-12-31,431180.77999999817
ID132,1973-03-31,431180.77999999817
ID132,1973-06-30,431180.77999999817
ID132,1973-09-30,431180.77999999817
ID132,1973-12-31,1.1492999768257142
ID132,1974-03-31,1.1492999768257142
ID132,1974-06-30,1.1492999768257142
ID132,1974-09-30,1.1492999768257142
ID132,1974-12-31,1.1492999768257142
ID132,1975-03-31,283333.6305604943
ID132,1975-06-30,1.1492999768257142
ID132,1975-09-30,1.1492999768257142
ID132,1975-12-31,1.1492999768257142
ID132,1976-03-31,431180.77999999817
ID132,1976-06-30,431180.77999999817
ID132,1976-09-30,1.1492999768257142
ID132,1976-12-31,431180.77999999817
ID132,1977-03-31,431180.77999999817
ID132,1977-06-30,431180.77999999817
ID132,1977-09-30,431180.77999999817
ID133,1969-12-31,1.1492999768257142
ID133,1970-03-31,431180.77999999817
ID133,1970-06-30,431180.77999999817
ID133,1970-09-30,1.1492999768257142
ID133,1970-12-31,1.1492999768257142
ID133,1971-03-31,1.1492999768257142
ID133,1971-06-30,431180.77999999817
ID133,1971-09-30,12666.176591493764
ID133,1971-12-31,431180.77999999817
ID133,1972-03-31,431180.77999999817
ID133,1972-06-30,1.1492999768257142
ID133,1972-09-30,1.1492999768257142
ID133,1972-12-31,206614.2422662832
ID133,1973-03-31,1.1492999768257142
ID133,1973-06-30,431180.77999999817
ID133,1973-09-30,1.1492999768257142
ID133,1973-12-31,431180.77999999817
ID133,1974-03-31,1.1492999768257142
ID133,1974-06-30,1.1492999768257142
ID133,1974-09-30,1.1492999768257142
ID133,1974-12-31,1.1492999768257142
ID133,1975-03-31,347777.4593105037
ID133,1975-06-30,1.1492999768257142
ID133,1975-09-30,431180.77999999817
ID133,1975-12-31,1.1492999768257142
ID133,1976-03-31,431180.77999999817
ID133,1976-06-30,1.1492999768257142
ID133,1976-09-30,431180.77999999817
ID133,1976-12-31,1.1492999768257142
ID133,1977-03-31,1.1492999768257142
ID133,1977-06-30,1.1492999768257142
ID133,1977-09-30,1.1492999768257142
ID134,1975-12-31,1.1492999768257142
ID134,1976-03-31,431180.77999999817
ID134,1976-06-30,202616.07125263143
ID134,1976-09-30,431180.77999999817
ID134,1976-12-31,431180.77999999817
ID134,1977-03-31,1.1492999768257142
ID134,1977-06-30,431180.77999999817
ID134,1977-09-30,431180.77999999817
ID134,1977-12-31,1.1492999768257142
ID134,1978-03-31,431180.77999999817
ID134,1978-06-30,431180.77999999817
ID134,1978-09-30,431180.77999999817
ID134,1978-12-31,431180.77999999817
ID134,1979-03-31,1.1492999768257142
ID134,1979-06-30,1.1492999768257142
ID134,1979-09-30,1.1492999768257142
ID134,1979-12-31,431180.77999999817
ID134,1980-03-31,431180.77999999817
ID134,1980-06-30,431180.77999999817
ID134,1980-09-30,431180.77999999817
ID134,1980-12-31,1.1492999768257142
ID134,1981-03-31,431180.77999999817
ID134,1981-06-30,431180.77999999817
ID134,1981-09-30,365372.6391001877
ID134,1981-12-31,431180.77999999817
ID134,1982-03-31,1.1492999768257142
ID134,1982-06-30,1.1492999768257142
ID134,1982-09-30,1.1492999768257142
ID134,1982-12-31,1.1492999768257142
ID134,1983-03-31,1.1492999768257142
ID134,1983-06-30,431180.77999999817
ID134,1983-09-30,1.1492999768257142
ID134,1983-12-31,1.1492999768257142
ID134,1984-03-31,1.1492999768257142
ID134,1984-06-30,1.1492999768257142
ID134,1984-09-30,255505.3527293732
ID134,1984-12-31,1.1492999768257142
ID134,1985-03-31,1.1492999768257142
ID134,1985-06-30,431180.77999999817
ID134,1985-09-30,431180.77999999817
ID134,1985-12-31,1.1492999768257142
ID134,1986-03-31,431180.77999999817
ID134,1986-06-30,431180.77999999817
ID134,1986-09-30,1.1492999768257142
ID134,1986-12-31,1.1492999768257142
ID134,1987-03-31,431180.77999999817
ID134,1987-06-30,431180.77999999817
ID134,1987-09-30,431180.77999999817
ID134,1987-12-31,431180.77999999817
ID134,1988-03-31,1.1492999768257142
ID134,1988-06-30,431180.77999999817
ID134,1988-09-30,431180.77999999817
ID134,1988-12-31,1.1492999768257142
ID134,1989-03-31,1.1492999768257142
ID134,1989-06-30,1.1492999768257142
ID134,1989-09-30,1.1492999768257142
ID134,1989-12-31,1.1492999768257142
ID134,1990-03-31,1.1492999768257142
ID134,1990-06-30,1.1492999768257142
ID134,1990-09-30,1.1492999768257142
ID135,1969-12-31,1.1492999768257142
ID135,1970-03-31,1.1492999768257142
ID135,1970-06-30,431180.77999999817
ID135,1970-09-30,431180.77999999817
ID135,1970-12-31,431180.77999999817
ID135,1971-03-31,1.1492999768257142
ID135,1971-06-30,1.1492999768257142
ID135,1971-09-30,1.1492999768257142
ID135,1971-12-31,431180.77999999817
ID135,1972-03-31,431180.77999999817
ID135,1972-06-30,178098.1329937752
ID135,1972-09-30,431180.77999999817
ID135,1972-12-31,1.1492999768257142
ID135,1973-03-31,1.1492999768257142
ID135,1973-06-30,1.1492999768257142
ID135,1973-09-30,1.1492999768257142
ID135,1973-12-31,1.1492999768257142
ID135,1974-03-31,1.1492999768257142
ID135,1974-06-30,431180.77999999817
ID135,1974-09-30,431180.77999999817
ID135,1974-12-31,1.1492999768257142
ID135,1975-03-31,19392.929878628383
ID135,1975-06-30,1.1492999768257142
ID135,1975-09-30,431180.77999999817
ID135,1975-12-31,431180.77999999817
ID135,1976-03-31,30277.950617842147
ID135,1976-06-30,397520.3794908058
ID135,1976-09-30,431180.77999999817
ID135,1976-12-31,1.1492999768257142
ID135,1977-03-31,1.1492999768257142
ID135,1977-06-30,31587.787026203412
ID135,1977-09-30,242307.77118016634
ID136,1969-12-31,1.1492999768257142
ID136,1970-03-31,49713.224872404164
ID136,1970-06-30,1.1492999768257142
ID136,1970-09-30,431180.77999999817
ID136,1970-12-31,431180.77999999817
ID136,1971-03-31,431180.77999999817
ID136,1971-06-30,55257.17674791358
ID136,1971-09-30,431180.77999999817
ID136,1971-12-31,377451.11792018596
ID136,1972-03-31,159406.37426943614
ID136,1972-06-30,431180.77999999817
ID136,1972-09-30,431180.77999999817
ID136,1972-12-31,431180.77999999817
ID136,1973-03-31,1.1492999768257142
ID136,1973-06-30,431180.77999999817
ID136,1973-09-30,431180.77999999817
ID136,1973-12-31,1.1492999768257142
ID136,1974-03-31,431180.77999999817
ID136,1974-06-30,247234.27432174288
ID136,1974-09-30,1.1492999768257142
ID136,1974-12-31,1.1492999768257142
ID136,1975-03-31,183645.54405070786
ID136,1975-06-30,431180.77999999817
ID136,1975-09-30,1.1492999768257142
ID136,1975-12-31,1.1492999768257142
ID136,1976-03-31,1.1492999768257142
ID136,1976-06-30,227676.6480267152
ID136,1976-09-30,1.1492999768257142
ID136,1976-12-31,431180.77999999817
ID136,1977-03-31,1.1492999768257142
ID136,1977-06-30,1.1492999768257142
ID136,1977-09-30,51474.24562344394
ID137,1975-12-31,1.1492999768257142
ID137,1976-03-31,431180.77999999817
ID137,1976-06-30,1.1492999768257142
ID137,1976-09-30,431180.77999999817
ID137,1976-12-31,1.1492999768257142
ID137,1977-03-31,431180.77999999817
ID137,1977-06-30,1.1492999768257142
ID137,1977-09-30,1.1492999768257142
ID137,1977-12-31,278277.9129110387
ID137,1978-03-31,431180.77999999817
ID137,1978-06-30,1.1492999768257142
ID137,1978-09-30,1.1492999768257142
ID137,1978-12-31,1.1492999768257142
ID137,1979-03-31,1.1492999768257142
ID137,1979-06-30,431180.77999999817
ID137,1979-09-30,92576.42891018865
ID137,1979-12-31,431180.77999999817
ID137,1980-03-31,1.1492999768257142
ID137,1980-06-30,1.1492999768257142
ID137,1980-09-30,1.1492999768257142
ID137,1980-12-31,431180.77999999817
ID137,1981-03-31,1.1492999768257142
ID137,1981-06-30,1.1492999768257142
ID137,1981-09-30,1.1492999768257142
ID137,1981-12-31,431180.77999999817
ID137,1982-03-31,431180.77999999817
ID137,1982-06-30,47003.60203541772
ID137,1982-09-30,431180.77999999817
ID137,1982-12-31,431180.77999999817
ID137,1983-03-31,1.1492999768257142
ID137,1983-06-30,339641.7539988664
ID137,1983-09-30,431180.77999999817
ID137,1983-12-31,207192.34627030598
ID137,1984-03-31,1.1492999768257142
ID137,1984-06-30,1.1492999768257142
ID137,1984-09-30,431180.77999999817
ID137,1984-12-31,66442.94449725811
ID137,1985-03-31,1.1492999768257142
ID137,1985-06-30,1.1492999768257142
ID137,1985-09-30,135772.55120738308
ID137,1985-12-31,431180.77999999817
ID137,1986-03-31,1.1492999768257142
ID137,1986-06-30,431180.77999999817
ID137,1986-09-30,1.1492999768257142
ID137,1986-12-31,1.1492999768257142
ID137,1987-03-31,1.1492999768257142
ID137,1987-06-30,431180.77999999817
ID137,1987-09-30,1.1492999768257142
ID138,1975-12-31,1.1492999768257142
ID138,1976-03-31,1.1492999768257142
ID138,1976-06-30,1.1492999768257142
ID138,1976-09-30,1.1492999768257142
ID138,1976-12-31,1.1492999768257142
ID138,1977-03-31,1.1492999768257142
ID138,1977-06-30,431180.77999999817
ID138,1977-09-30,431180.77999999817
ID138,1977-12-31,423653.8097524152
ID138,1978-03-31,1.1492999768257142
ID138,1978-06-30,431180.77999999817
ID138,1978-09-30,1.1492999768257142
ID138,1978-12-31,401018.92427215446
ID138,1979-03-31,1.1492999768257142
ID138,1979-06-30,264066.5634435634
ID138,1979-09-30,1.1492999768257142
ID138,1979-12-31,1.1492999768257142
ID138,1980-03-31,1.1492999768257142
ID138,1980-06-30,1.1492999768257142
ID138,1980-09-30,431180.77999999817
ID138,1980-12-31,431180.77999999817
ID138,1981-03-31,1.1492999768257142
ID138,1981-06-30,1.1492999768257142
ID138,1981-09-30,1.1492999768257142
ID138,1981-12-31,431180.77999999817
ID138,1982-03-31,1.1492999768257142
ID138,1982-06-30,431180.77999999817
ID138,1982-09-30,431180.77999999817
ID138,1982-12-31,1.1492999768257142
ID138,1983-03-31,431180.77999999817
ID138,1983-06-30,32615.516581103522
ID138,1983-09-30,431180.77999999817
ID138,1983-12-31,431180.77999999817
ID138,1984-03-31,1.1492999768257142
ID138,1984-06-30,431180.77999999817
ID138,1984-09-30,1.1492999768257142
ID138,1984-12-31,431180.77999999817
ID138,1985-03-31,1.1492999768257142
ID138,1985-06-30,1.1492999768257142
ID138,1985-09-30,11791.376553079177
ID138,1985-12-31,1.1492999768257142
ID138,1986-03-31,1.1492999768257142
ID138,1986-06-30,1.1492999768257142
ID138,1986-09-30,431180.77999999817
ID138,1986-12-31,1.1492999768257142
ID138,1987-03-31,1.1492999768257142
ID138,1987-06-30,1.1492999768257142
ID138,1987-09-30,1.1492999768257142
ID139,1975-12-31,1.1492999768257142
ID139,1976-03-31,1.1492999768257142
ID139,1976-06-30,1.1492999768257142
ID139,1976-09-30,431180.77999999817
ID139,1976-12-31,431180.77999999817
ID139,1977-03-31,1.1492999768257142
ID139,1977-06-30,431180.77999999817
ID139,1977-09-30,431180.77999999817
ID139,1977-12-31,1.1492999768257142
ID139,1978-03-31,431180.77999999817
ID139,1978-06-30,431180.77999999817
ID139,1978-09-30,1.1492999768257142
ID139,1978-12-31,1.1492999768257142
ID139,1979-03-31,1.1492999768257142
ID139,1979-06-30,1.1492999768257142
ID139,1979-09-30,1.1492999768257142
ID139,1979-12-31,361602.130329128
ID139,1980-03-31,1.1492999768257142
ID139,1980-06-30,1.1492999768257142
ID139,1980-09-30,431180.77999999817
ID139,1980-12-31,431180.77999999817
ID139,1981-03-31,1.1492999768257142
ID139,1981-06-30,193176.10055341353
ID139,1981-09-30,431180.77999999817
ID139,1981-12-31,1.1492999768257142
ID139,1982-03-31,41070.894990590736
ID139,1982-06-30,1.1492999768257142
ID139,1982-09-30,1.1492999768257142
ID139,1982-12-31,1.1492999768257142
ID139,1983-03-31,1.1492999768257142
ID139,1983-06-30,431180.77999999817
ID139,1983-09-30,431180.77999999817
ID139,1983-12-31,431180.77999999817
ID139,1984-03-31,431180.77999999817
ID139,1984-06-30,1.1492999768257142
ID139,1984-09-30,1.1492999768257142
ID139,1984-12-31,431180.77999999817
ID139,1985-03-31,431180.77999999817
ID139,1985-06-30,1.1492999768257142
ID139,1985-09-30,1.1492999768257142
ID139,1985-12-31,1.1492999768257142
ID139,1986-03-31,1.1492999768257142
ID139,1986-06-30,431180.77999999817
ID139,1986-09-30,1.1492999768257142
ID139,1986-12-31,1.1492999768257142
ID139,1987-03-31,431180.77999999817
ID139,1987-06-30,1.1492999768257142
ID139,1987-09-30,9759.404594067022
ID139,1987-12-31,1.1492999768257142
ID139,1988-03-31,1.1492999768257142
ID139,1988-06-30,431180.77999999817
ID139,1988-09-30,431180.77999999817
ID139,1988-12-31,1.1492999768257142
ID139,1989-03-31,1.1492999768257142
ID139,1989-06-30,431180.77999999817
ID139,1989-09-30,1.1492999768257142
ID139,1989-12-31,1.1492999768257142
ID139,1990-03-31,151152.72740290323
ID139,1990-06-30,1.1492999768257142
ID139,1990-09-30,431180.77999999817
ID139,1990-12-31,1.1492999768257142
ID139,1991-03-31,1.1492999768257142
ID139,1991-06-30,1.1492999768257142
ID139,1991-09-30,1.1492999768257142
ID139,1991-12-31,431180.77999999817
ID139,1992-03-31,1.1492999768257142
ID139,1992-06-30,1.1492999768257142
ID139,1992-09-30,1.1492999768257142
ID14,1978-06-30,1.1492999768257142
ID14,1978-09-30,431180.77999999817
ID14,1978-12-31,431180.77999999817
ID14,1979-03-31,322927.4943278068
ID14,1979-06-30,1.1492999768257142
ID14,1979-09-30,1.1492999768257142
ID14,1979-12-31,1.1492999768257142
ID14,1980-03-31,1.1492999768257142
ID14,1980-06-30,1.1492999768257142
ID14,1980-09-30,431180.77999999817
ID14,1980-12-31,431180.77999999817
ID14,1981-03-31,431180.77999999817
ID14,1981-06-30,431180.77999999817
ID14,1981-09-30,431180.77999999817
ID14,1981-12-31,431180.77999999817
ID14,1982-03-31,1.1492999768257142
ID14,1982-06-30,1.1492999768257142
ID14,1982-09-30,1.1492999768257142
ID14,1982-12-31,57545.0094881736
ID14,1983-03-31,1.1492999768257142
ID14,1983-06-30,1.1492999768257142
ID14,1983-09-30,1.1492999768257142
ID14,1983-12-31,431180.77999999817
ID14,1984-03-31,1.1492999768257142
ID14,1984-06-30,431180.77999999817
ID14,1984-09-30,431180.77999999817
ID14,1984-12-31,431180.77999999817
ID14,1985-03-31,431180.77999999817
ID14,1985-06-30,1.1492999768257142
ID14,1985-09-30,1.1492999768257142
ID140,1975-12-31,431180.77999999817
ID140,1976-03-31,431180.77999999817
ID140,1976-06-30,321841.9351019395
ID140,1976-09-30,431180.77999999817
ID140,1976-12-31,1.1492999768257142
ID140,1977-03-31,1.1492999768257142
ID140,1977-06-30,431180.77999999817
ID140,1977-09-30,431180.77999999817
ID140,1977-12-31,1.1492999768257142
ID140,1978-03-31,1.1492999768257142
ID140,1978-06-30,125531.87791984115
ID140,1978-09-30,1.1492999768257142
ID140,1978-12-31,431180.77999999817
ID140,1979-03-31,431180.77999999817
ID140,1979-06-30,1.1492999768257142
ID140,1979-09-30,431180.77999999817
ID140,1979-12-31,431180.77999999817
ID140,1980-03-31,431180.77999999817
ID140,1980-06-30,1.1492999768257142
ID140,1980-09-30,431180.77999999817
ID140,1980-12-31,431180.77999999817
ID140,1981-03-31,1.1492999768257142
ID140,1981-06-30,431180.77999999817
ID140,1981-09-30,431180.77999999817
ID140,1981-12-31,431180.77999999817
ID140,1982-03-31,431180.77999999817
ID140,1982-06-30,431180.77999999817
ID140,1982-09-30,1.1492999768257142
ID140,1982-12-31,1.1492999768257142
ID140,1983-03-31,1.1492999768257142
ID140,1983-06-30,431180.77999999817
ID140,1983-09-30,431180.77999999817
ID140,1983-12-31,1.1492999768257142
ID140,1984-03-31,431180.77999999817
ID140,1984-06-30,431180.77999999817
ID140,1984-09-30,1.1492999768257142
ID140,1984-12-31,431180.77999999817
ID140,1985-03-31,1.1492999768257142
ID140,1985-06-30,1.1492999768257142
ID140,1985-09-30,1.1492999768257142
ID140,1985-12-31,1.1492999768257142
ID140,1986-03-31,1.1492999768257142
ID140,1986-06-30,1.1492999768257142
ID140,1986-09-30,1.1492999768257142
ID140,1986-12-31,431180.77999999817
ID140,1987-03-31,77778.32735490875
ID140,1987-06-30,1.1492999768257142
ID140,1987-09-30,339989.99783867016
ID140,1987-12-31,431180.77999999817
ID140,1988-03-31,1.1492999768257142
ID140,1988-06-30,284624.4696396955
ID140,1988-09-30,1.1492999768257142
ID141,1975-12-31,431180.77999999817
ID141,1976-03-31,431180.77999999817
ID141,1976-06-30,1.1492999768257142
ID141,1976-09-30,1.1492999768257142
ID141,1976-12-31,431180.77999999817
ID141,1977-03-31,97109.10926472947
ID141,1977-06-30,431180.77999999817
ID141,1977-09-30,431180.77999999817
ID141,1977-12-31,1.1492999768257142
ID141,1978-03-31,1.1492999768257142
ID141,1978-06-30,1.1492999768257142
ID141,1978-09-30,431180.77999999817
ID141,1978-12-31,431180.77999999817
ID141,1979-03-31,431180.77999999817
ID141,1979-06-30,1.1492999768257142
ID141,1979-09-30,1.1492999768257142
ID141,1979-12-31,1.1492999768257142
ID141,1980-03-31,1.1492999768257142
ID141,1980-06-30,1.1492999768257142
ID141,1980-09-30,159752.15383797526
ID141,1980-12-31,431180.77999999817
ID141,1981-03-31,431180.77999999817
ID141,1981-06-30,431180.77999999817
ID141,1981-09-30,431180.77999999817
ID141,1981-12-31,1.1492999768257142
ID141,1982-03-31,1.1492999768257142
ID141,1982-06-30,431180.77999999817
ID141,1982-09-30,233742.96241519065
ID141,1982-12-31,1.1492999768257142
ID141,1983-03-31,431180.77999999817
ID141,1983-06-30,431180.77999999817
ID141,1983-09-30,431180.77999999817
ID141,1983-12-31,1.1492999768257142
ID141,1984-03-31,431180.77999999817
ID141,1984-06-30,431180.77999999817
ID141,1984-09-30,1.1492999768257142
ID141,1984-12-31,1.1492999768257142
ID141,1985-03-31,431180.77999999817
ID141,1985-06-30,431180.77999999817
ID141,1985-09-30,431180.77999999817
ID141,1985-12-31,245593.7565120161
ID141,1986-03-31,1.1492999768257142
ID141,1986-06-30,1.1492999768257142
ID141,1986-09-30,431180.77999999817
ID141,1986-12-31,1.1492999768257142
ID141,1987-03-31,1.1492999768257142
ID141,1987-06-30,431180.77999999817
ID141,1987-09-30,431180.77999999817
ID141,1987-12-31,1.1492999768257142
ID141,1988-03-31,1.1492999768257142
ID141,1988-06-30,382367.5733540588
ID141,1988-09-30,1.1492999768257142
ID142,1975-12-31,1.1492999768257142
ID142,1976-03-31,431180.77999999817
ID142,1976-06-30,129913.21538332106
ID142,1976-09-30,431180.77999999817
ID142,1976-12-31,1.1492999768257142
ID142,1977-03-31,1.1492999768257142
ID142,1977-06-30,1.1492999768257142
ID142,1977-09-30,28701.723772689737
ID142,1977-12-31,1.1492999768257142
ID142,1978-03-31,1.1492999768257142
ID142,1978-06-30,1.1492999768257142
ID142,1978-09-30,1.1492999768257142
ID142,1978-12-31,431180.77999999817
ID142,1979-03-31,1.1492999768257142
ID142,1979-06-30,431180.77999999817
ID142,1979-09-30,1.1492999768257142
ID142,1979-12-31,1.1492999768257142
ID142,1980-03-31,431180.77999999817
ID142,1980-06-30,431180.77999999817
ID142,1980-09-30,1.1492999768257142
ID142,1980-12-31,431180.77999999817
ID142,1981-03-31,431180.77999999817
ID142,1981-06-30,431180.77999999817
ID142,1981-09-30,431180.77999999817
ID142,1981-12-31,1.1492999768257142
ID142,1982-03-31,431180.77999999817
ID142,1982-06-30,431180.77999999817
ID142,1982-09-30,1.1492999768257142
ID142,1982-12-31,1.1492999768257142
ID142,1983-03-31,431180.77999999817
ID142,1983-06-30,431180.77999999817
ID142,1983-09-30,1.1492999768257142
ID142,1983-12-31,431180.77999999817
ID142,1984-03-31,1.1492999768257142
ID142,1984-06-30,1.1492999768257142
ID142,1984-09-30,431180.77999999817
ID142,1984-12-31,431180.77999999817
ID142,1985-03-31,1.1492999768257142
ID142,1985-06-30,1.1492999768257142
ID142,1985-09-30,1.1492999768257142
ID142,1985-12-31,431180.77999999817
ID142,1986-03-31,431180.77999999817
ID142,1986-06-30,1.1492999768257142
ID142,1986-09-30,1.1492999768257142
ID142,1986-12-31,431180.77999999817
ID142,1987-03-31,1.1492999768257142
ID142,1987-06-30,352352.62164937716
ID142,1987-09-30,1.1492999768257142
ID142,1987-12-31,1.1492999768257142
ID142,1988-03-31,431180.77999999817
ID142,1988-06-30,1.1492999768257142
ID142,1988-09-30,1.1492999768257142
ID143,1975-12-31,255554.94285258933
ID143,1976-03-31,1.1492999768257142
ID143,1976-06-30,1.1492999768257142
ID143,1976-09-30,1.1492999768257142
ID143,1976-12-31,1.1492999768257142
ID143,1977-03-31,431180.77999999817
ID143,1977-06-30,1.1492999768257142
ID143,1977-09-30,1.1492999768257142
ID143,1977-12-31,1.1492999768257142
ID143,1978-03-31,333364.3663243332
ID143,1978-06-30,1.1492999768257142
ID143,1978-09-30,1.1492999768257142
ID143,1978-12-31,431180.77999999817
ID143,1979-03-31,431180.77999999817
ID143,1979-06-30,431180.77999999817
ID143,1979-09-30,1.1492999768257142
ID143,1979-12-31,1.1492999768257142
ID143,1980-03-31,431180.77999999817
ID143,1980-06-30,1.1492999768257142
ID143,1980-09-30,1.1492999768257142
ID143,1980-12-31,431180.77999999817
ID143,1981-03-31,431180.77999999817
ID143,1981-06-30,431180.77999999817
ID143,1981-09-30,1.1492999768257142
ID143,1981-12-31,1.1492999768257142
ID143,1982-03-31,1.1492999768257142
ID143,1982-06-30,431180.77999999817
ID143,1982-09-30,431180.77999999817
ID143,1982-12-31,1.1492999768257142
ID143,1983-03-31,413588.3771604301
ID143,1983-06-30,1.1492999768257142
ID143,1983-09-30,431180.77999999817
ID143,1983-12-31,1.1492999768257142
ID143,1984-03-31,1.1492999768257142
ID143,1984-06-30,431180.77999999817
ID143,1984-09-30,431180.77999999817
ID143,1984-12-31,1.1492999768257142
ID143,1985-03-31,1.1492999768257142
ID143,1985-06-30,1.1492999768257142
ID143,1985-09-30,431180.77999999817
ID143,1985-12-31,1.1492999768257142
ID143,1986-03-31,1.1492999768257142
ID143,1986-06-30,1.1492999768257142
ID143,1986-09-30,431180.77999999817
ID143,1986-12-31,431180.77999999817
ID143,1987-03-31,1.1492999768257142
ID143,1987-06-30,431180.77999999817
ID143,1987-09-30,431180.77999999817
ID143,1987-12-31,431180.77999999817
ID143,1988-03-31,288046.04151140933
ID143,1988-06-30,1.1492999768257142
ID143,1988-09-30,1.1492999768257142
ID144,1975-12-31,1.1492999768257142
ID144,1976-03-31,1.1492999768257142
ID144,1976-06-30,210351.953872826
ID144,1976-09-30,431180.77999999817
ID144,1976-12-31,431180.77999999817
ID144,1977-03-31,431180.77999999817
ID144,1977-06-30,178136.79338183225
ID144,1977-09-30,431180.77999999817
ID144,1977-12-31,1.1492999768257142
ID144,1978-03-31,431180.77999999817
ID144,1978-06-30,1.1492999768257142
ID144,1978-09-30,431180.77999999817
ID144,1978-12-31,1.1492999768257142
ID144,1979-03-31,1.1492999768257142
ID144,1979-06-30,431180.77999999817
ID144,1979-09-30,1.1492999768257142
ID144,1979-12-31,431180.77999999817
ID144,1980-03-31,1.1492999768257142
ID144,1980-06-30,299245.73414966
ID144,1980-09-30,1.1492999768257142
ID144,1980-12-31,1.1492999768257142
ID144,1981-03-31,1.1492999768257142
ID144,1981-06-30,1.1492999768257142
ID144,1981-09-30,1.1492999768257142
ID144,1981-12-31,1.1492999768257142
ID144,1982-03-31,1.1492999768257142
ID144,1982-06-30,431180.77999999817
ID144,1982-09-30,1.1492999768257142
ID144,1982-12-31,431180.77999999817
ID144,1983-03-31,1.1492999768257142
ID144,1983-06-30,1.1492999768257142
ID144,1983-09-30,431180.77999999817
ID144,1983-12-31,1.1492999768257142
ID144,1984-03-31,1.1492999768257142
ID144,1984-06-30,1.1492999768257142
ID144,1984-09-30,1.1492999768257142
ID144,1984-12-31,431180.77999999817
ID144,1985-03-31,1.1492999768257142
ID144,1985-06-30,431180.77999999817
ID144,1985-09-30,1.1492999768257142
ID144,1985-12-31,1.1492999768257142
ID144,1986-03-31,431180.77999999817
ID144,1986-06-30,1.1492999768257142
ID144,1986-09-30,431180.77999999817
ID144,1986-12-31,431180.77999999817
ID144,1987-03-31,1.1492999768257142
ID144,1987-06-30,431180.77999999817
ID144,1987-09-30,431180.77999999817
ID144,1987-12-31,431180.77999999817
ID144,1988-03-31,431180.77999999817
ID144,1988-06-30,431180.77999999817
ID144,1988-09-30,431180.77999999817
ID145,1975-12-31,1.1492999768257142
ID145,1976-03-31,431180.77999999817
ID145,1976-06-30,431180.77999999817
ID145,1976-09-30,431180.77999999817
ID145,1976-12-31,1.1492999768257142
ID145,1977-03-31,1.1492999768257142
ID145,1977-06-30,431180.77999999817
ID145,1977-09-30,431180.77999999817
ID145,1977-12-31,431180.77999999817
ID145,1978-03-31,1.1492999768257142
ID145,1978-06-30,431180.77999999817
ID145,1978-09-30,1.1492999768257142
ID145,1978-12-31,244495.02797375064
ID145,1979-03-31,1.1492999768257142
ID145,1979-06-30,431180.77999999817
ID145,1979-09-30,1.1492999768257142
ID145,1979-12-31,1.1492999768257142
ID145,1980-03-31,431180.77999999817
ID145,1980-06-30,1.1492999768257142
ID145,1980-09-30,366847.7254391937
ID145,1980-12-31,1.1492999768257142
ID145,1981-03-31,1.1492999768257142
ID145,1981-06-30,200707.28470619014
ID145,1981-09-30,1.1492999768257142
ID145,1981-12-31,431180.77999999817
ID145,1982-03-31,1.1492999768257142
ID145,1982-06-30,431180.77999999817
ID145,1982-09-30,1.1492999768257142
ID145,1982-12-31,1.1492999768257142
ID145,1983-03-31,431180.77999999817
ID145,1983-06-30,1.1492999768257142
ID145,1983-09-30,431180.77999999817
ID145,1983-12-31,431180.77999999817
ID145,1984-03-31,1.1492999768257142
ID145,1984-06-30,1.1492999768257142
ID145,1984-09-30,1.1492999768257142
ID145,1984-12-31,431180.77999999817
ID145,1985-03-31,431180.77999999817
ID145,1985-06-30,356720.2022203073
ID145,1985-09-30,1.1492999768257142
ID145,1985-12-31,431180.77999999817
ID145,1986-03-31,1.1492999768257142
ID145,1986-06-30,1.1492999768257142
ID145,1986-09-30,431180.77999999817
ID145,1986-12-31,431180.77999999817
ID145,1987-03-31,1.1492999768257142
ID145,1987-06-30,1.1492999768257142
ID145,1987-09-30,431180.77999999817
ID146,1969-12-31,1.1492999768257142
ID146,1970-03-31,431180.77999999817
ID146,1970-06-30,431180.77999999817
ID146,1970-09-30,1.1492999768257142
ID146,1970-12-31,1.1492999768257142
ID146,1971-03-31,431180.77999999817
ID146,1971-06-30,1.1492999768257142
ID146,1971-09-30,1.1492999768257142
ID146,1971-12-31,1.1492999768257142
ID146,1972-03-31,431180.77999999817
ID146,1972-06-30,1.1492999768257142
ID146,1972-09-30,1.1492999768257142
ID146,1972-12-31,1.1492999768257142
ID146,1973-03-31,431180.77999999817
ID146,1973-06-30,431180.77999999817
ID146,1973-09-30,1.1492999768257142
ID146,1973-12-31,431180.77999999817
ID146,1974-03-31,431180.77999999817
ID146,1974-06-30,431180.77999999817
ID146,1974-09-30,1.1492999768257142
ID146,1974-12-31,431180.77999999817
ID146,1975-03-31,1.1492999768257142
ID146,1975-06-30,1.1492999768257142
ID146,1975-09-30,1.1492999768257142
ID146,1975-12-31,1.1492999768257142
ID146,1976-03-31,192047.4449202702
ID146,1976-06-30,424964.5543383031
ID146,1976-09-30,1.1492999768257142
ID146,1976-12-31,431180.77999999817
ID146,1977-03-31,1.1492999768257142
ID146,1977-06-30,431180.77999999817
ID146,1977-09-30,431180.77999999817
ID147,1969-12-31,1.1492999768257142
ID147,1970-03-31,1.1492999768257142
ID147,1970-06-30,271179.50835422234
ID147,1970-09-30,431180.77999999817
ID147,1970-12-31,431180.77999999817
ID147,1971-03-31,270542.7365175849
ID147,1971-06-30,431180.77999999817
ID147,1971-09-30,1.1492999768257142
ID147,1971-12-31,1.1492999768257142
ID147,1972-03-31,1.1492999768257142
ID147,1972-06-30,431180.77999999817
ID147,1972-09-30,431180.77999999817
ID147,1972-12-31,1.1492999768257142
ID147,1973-03-31,431180.77999999817
ID147,1973-06-30,1.1492999768257142
ID147,1973-09-30,431180.77999999817
ID147,1973-12-31,1.1492999768257142
ID147,1974-03-31,1.1492999768257142
ID147,1974-06-30,1.1492999768257142
ID147,1974-09-30,431180.77999999817
ID147,1974-12-31,431180.77999999817
ID147,1975-03-31,1.1492999768257142
ID147,1975-06-30,107006.05484468806
ID147,1975-09-30,431180.77999999817
ID147,1975-12-31,1.1492999768257142
ID147,1976-03-31,1.1492999768257142
ID147,1976-06-30,372934.0992780065
ID147,1976-09-30,10221.90792117315
ID147,1976-12-31,431180.77999999817
ID147,1977-03-31,1.1492999768257142
ID147,1977-06-30,1.1492999768257142
ID147,1977-09-30,94196.07472122609
ID148,1969-12-31,1.1492999768257142
ID148,1970-03-31,1.1492999768257142
ID148,1970-06-30,1.1492999768257142
ID148,1970-09-30,10577.0492630568
ID148,1970-12-31,388834.00761651894
ID148,1971-03-31,1.1492999768257142
ID148,1971-06-30,1.1492999768257142
ID148,1971-09-30,426381.7449439344
ID148,1971-12-31,431180.77999999817
ID148,1972-03-31,1.1492999768257142
ID148,1972-06-30,1.1492999768257142
ID148,1972-09-30,431180.77999999817
ID148,1972-12-31,1.1492999768257142
ID148,1973-03-31,1.1492999768257142
ID148,1973-06-30,431180.77999999817
ID148,1973-09-30,431180.77999999817
ID148,1973-12-31,1.1492999768257142
ID148,1974-03-31,114666.9594638278
ID148,1974-06-30,431180.77999999817
ID148,1974-09-30,263346.5696192545
ID148,1974-12-31,1.1492999768257142
ID148,1975-03-31,1.1492999768257142
ID148,1975-06-30,1.1492999768257142
ID148,1975-09-30,151229.36560150588
ID148,1975-12-31,431180.77999999817
ID148,1976-03-31,153528.30733699302
ID148,1976-06-30,431180.77999999817
ID148,1976-09-30,1.1492999768257142
ID148,1976-12-31,1.1492999768257142
ID148,1977-03-31,1.1492999768257142
ID148,1977-06-30,1.1492999768257142
ID148,1977-09-30,430411.4745198077
ID149,1969-12-31,431180.77999999817
ID149,1970-03-31,1.1492999768257142
ID149,1970-06-30,1.1492999768257142
ID149,1970-09-30,42209.26602015345
ID149,1970-12-31,1.1492999768257142
ID149,1971-03-31,1.1492999768257142
ID149,1971-06-30,431180.77999999817
ID149,1971-09-30,1.1492999768257142
ID149,1971-12-31,431180.77999999817
ID149,1972-03-31,1.1492999768257142
ID149,1972-06-30,431180.77999999817
ID149,1972-09-30,177239.91289756156
ID149,1972-12-31,1.1492999768257142
ID149,1973-03-31,431180.77999999817
ID149,1973-06-30,1.1492999768257142
ID149,1973-09-30,258855.9123908783
ID149,1973-12-31,431180.77999999817
ID149,1974-03-31,431180.77999999817
ID149,1974-06-30,1.1492999768257142
ID149,1974-09-30,102286.80327622284
ID149,1974-12-31,97472.90282743919
ID149,1975-03-31,1.1492999768257142
ID149,1975-06-30,293601.82916510693
ID149,1975-09-30,431180.77999999817
ID149,1975-12-31,431180.77999999817
ID149,1976-03-31,1.1492999768257142
ID149,1976-06-30,113485.05870796928
ID149,1976-09-30,1.1492999768257142
ID149,1976-12-31,1.1492999768257142
ID149,1977-03-31,1.1492999768257142
ID149,1977-06-30,1.1492999768257142
ID149,1977-09-30,431180.77999999817
ID15,1978-06-30,1.1492999768257142
ID15,1978-09-30,1.1492999768257142
ID15,1978-12-31,245852.91343365549
ID15,1979-03-31,1.1492999768257142
ID15,1979-06-30,431180.77999999817
ID15,1979-09-30,1.1492999768257142
ID15,1979-12-31,431180.77999999817
ID15,1980-03-31,1.1492999768257142
ID15,1980-06-30,1.1492999768257142
ID15,1980-09-30,298289.63921023696
ID15,1980-12-31,431180.77999999817
ID15,1981-03-31,431180.77999999817
ID15,1981-06-30,431180.77999999817
ID15,1981-09-30,1.1492999768257142
ID15,1981-12-31,1.1492999768257142
ID15,1982-03-31,372126.5465674339
ID15,1982-06-30,431180.77999999817
ID15,1982-09-30,431180.77999999817
ID15,1982-12-31,1.1492999768257142
ID15,1983-03-31,431180.77999999817
ID15,1983-06-30,1.1492999768257142
ID15,1983-09-30,1.1492999768257142
ID15,1983-12-31,431180.77999999817
ID15,1984-03-31,1.1492999768257142
ID15,1984-06-30,1.1492999768257142
ID15,1984-09-30,431180.77999999817
ID15,1984-12-31,1.1492999768257142
ID15,1985-03-31,431180.77999999817
ID15,1985-06-30,1.1492999768257142
ID15,1985-09-30,431180.77999999817
ID150,1969-12-31,1.1492999768257142
ID150,1970-03-31,431180.77999999817
ID150,1970-06-30,431180.77999999817
ID150,1970-09-30,1.1492999768257142
ID150,1970-12-31,431180.77999999817
ID150,1971-03-31,1.1492999768257142
ID150,1971-06-30,1.1492999768257142
ID150,1971-09-30,431180.77999999817
ID150,1971-12-31,1.1492999768257142
ID150,1972-03-31,1.1492999768257142
ID150,1972-06-30,431180.77999999817
ID150,1972-09-30,431180.77999999817
ID150,1972-12-31,1.1492999768257142
ID150,1973-03-31,1.1492999768257142
ID150,1973-06-30,431180.77999999817
ID150,1973-09-30,431180.77999999817
ID150,1973-12-31,1.1492999768257142
ID150,1974-03-31,431180.77999999817
ID150,1974-06-30,1.1492999768257142
ID150,1974-09-30,64959.674888706424
ID150,1974-12-31,53374.436843613235
ID150,1975-03-31,1.1492999768257142
ID150,1975-06-30,431180.77999999817
ID150,1975-09-30,2339.670489099248
ID150,1975-12-31,224174.0828957985
ID150,1976-03-31,1.1492999768257142
ID150,1976-06-30,431180.77999999817
ID150,1976-09-30,431180.77999999817
ID150,1976-12-31,1.1492999768257142
ID150,1977-03-31,1.1492999768257142
ID150,1977-06-30,72977.58642982606
ID150,1977-09-30,431180.77999999817
ID151,1969-12-31,1.1492999768257142
ID151,1970-03-31,1.1492999768257142
ID151,1970-06-30,1.1492999768257142
ID151,1970-09-30,431180.77999999817
ID151,1970-12-31,1.1492999768257142
ID151,1971-03-31,1.1492999768257142
ID151,1971-06-30,1.1492999768257142
ID151,1971-09-30,1.1492999768257142
ID151,1971-12-31,431180.77999999817
ID151,1972-03-31,277993.4265766962
ID151,1972-06-30,1.1492999768257142
ID151,1972-09-30,1.1492999768257142
ID151,1972-12-31,1.1492999768257142
ID151,1973-03-31,431180.77999999817
ID151,1973-06-30,1.1492999768257142
ID151,1973-09-30,1.1492999768257142
ID151,1973-12-31,431180.77999999817
ID151,1974-03-31,1.1492999768257142
ID151,1974-06-30,431180.77999999817
ID151,1974-09-30,1.1492999768257142
ID151,1974-12-31,1.1492999768257142
ID151,1975-03-31,309054.30481240177
ID151,1975-06-30,1.1492999768257142
ID151,1975-09-30,1.1492999768257142
ID151,1975-12-31,1.1492999768257142
ID151,1976-03-31,1.1492999768257142
ID151,1976-06-30,431180.77999999817
ID151,1976-09-30,1.1492999768257142
ID151,1976-12-31,431180.77999999817
ID151,1977-03-31,1.1492999768257142
ID151,1977-06-30,431180.77999999817
ID151,1977-09-30,1.1492999768257142
ID152,1969-12-31,431180.77999999817
ID152,1970-03-31,1.1492999768257142
ID152,1970-06-30,431180.77999999817
ID152,1970-09-30,1.1492999768257142
ID152,1970-12-31,431180.77999999817
ID152,1971-03-31,1.1492999768257142
ID152,1971-06-30,203311.40024811297
ID152,1971-09-30,14836.341045920912
ID152,1971-12-31,1.1492999768257142
ID152,1972-03-31,431180.77999999817
ID152,1972-06-30,1.1492999768257142
ID152,1972-09-30,1.1492999768257142
ID152,1972-12-31,431180.77999999817
ID152,1973-03-31,1.1492999768257142
ID152,1973-06-30,1.1492999768257142
ID152,1973-09-30,1.1492999768257142
ID152,1973-12-31,431180.77999999817
ID152,1974-03-31,1.1492999768257142
ID152,1974-06-30,431180.77999999817
ID152,1974-09-30,22988.491137974317
ID152,1974-12-31,431180.77999999817
ID152,1975-03-31,1.1492999768257142
ID152,1975-06-30,1.1492999768257142
ID152,1975-09-30,1.1492999768257142
ID152,1975-12-31,431180.77999999817
ID152,1976-03-31,1.1492999768257142
ID152,1976-06-30,1.1492999768257142
ID152,1976-09-30,1.1492999768257142
ID152,1976-12-31,431180.77999999817
ID152,1977-03-31,1.1492999768257142
ID152,1977-06-30,1.1492999768257142
ID152,1977-09-30,379050.4611031853
ID153,1969-12-31,431180.77999999817
ID153,1970-03-31,431180.77999999817
ID153,1970-06-30,431180.77999999817
ID153,1970-09-30,155767.70840777658
ID153,1970-12-31,431180.77999999817
ID153,1971-03-31,1.1492999768257142
ID153,1971-06-30,263205.89609677834
ID153,1971-09-30,1.1492999768257142
ID153,1971-12-31,1.1492999768257142
ID153,1972-03-31,1.1492999768257142
ID153,1972-06-30,24716.03245821056
ID153,1972-09-30,431180.77999999817
ID153,1972-12-31,350388.5053466522
ID153,1973-03-31,1.1492999768257142
ID153,1973-06-30,1.1492999768257142
ID153,1973-09-30,193184.20074720395
ID153,1973-12-31,1.1492999768257142
ID153,1974-03-31,83079.48693794577
ID153,1974-06-30,1.1492999768257142
ID153,1974-09-30,431180.77999999817
ID153,1974-12-31,431180.77999999817
ID153,1975-03-31,8692.966935044691
ID153,1975-06-30,431180.77999999817
ID153,1975-09-30,431180.77999999817
ID153,1975-12-31,431180.77999999817
ID153,1976-03-31,431180.77999999817
ID153,1976-06-30,1.1492999768257142
ID153,1976-09-30,1.1492999768257142
ID153,1976-12-31,431180.77999999817
ID153,1977-03-31,1.1492999768257142
ID153,1977-06-30,1.1492999768257142
ID153,1977-09-30,1.1492999768257142
ID154,1975-12-31,1.1492999768257142
ID154,1976-03-31,431180.77999999817
ID154,1976-06-30,431180.77999999817
ID154,1976-09-30,1.1492999768257142
ID154,1976-12-31,1.1492999768257142
ID154,1977-03-31,1.1492999768257142
ID154,1977-06-30,431180.77999999817
ID154,1977-09-30,1.1492999768257142
ID154,1977-12-31,431180.77999999817
ID154,1978-03-31,1.1492999768257142
ID154,1978-06-30,1.1492999768257142
ID154,1978-09-30,431180.77999999817
ID154,1978-12-31,431180.77999999817
ID154,1979-03-31,431180.77999999817
ID154,1979-06-30,1.1492999768257142
ID154,1979-09-30,1.1492999768257142
ID154,1979-12-31,431180.77999999817
ID154,1980-03-31,431180.77999999817
ID154,1980-06-30,1.1492999768257142
ID154,1980-09-30,1.1492999768257142
ID154,1980-12-31,1.1492999768257142
ID154,1981-03-31,431180.77999999817
ID154,1981-06-30,431180.77999999817
ID154,1981-09-30,1.1492999768257142
ID154,1981-12-31,1.1492999768257142
ID154,1982-03-31,1.1492999768257142
ID154,1982-06-30,431180.77999999817
ID154,1982-09-30,431180.77999999817
ID154,1982-12-31,1.1492999768257142
ID154,1983-03-31,1.1492999768257142
ID154,1983-06-30,431180.77999999817
ID154,1983-09-30,431180.77999999817
ID154,1983-12-31,431180.77999999817
ID154,1984-03-31,1.1492999768257142
ID154,1984-06-30,1.1492999768257142
ID154,1984-09-30,431180.77999999817
ID154,1984-12-31,431180.77999999817
ID154,1985-03-31,1.1492999768257142
ID154,1985-06-30,1.1492999768257142
ID154,1985-09-30,431180.77999999817
ID154,1985-12-31,431180.77999999817
ID154,1986-03-31,1.1492999768257142
ID154,1986-06-30,431180.77999999817
ID154,1986-09-30,431180.77999999817
ID154,1986-12-31,1.1492999768257142
ID154,1987-03-31,431180.77999999817
ID154,1987-06-30,431180.77999999817
ID154,1987-09-30,1.1492999768257142
ID154,1987-12-31,1.1492999768257142
ID154,1988-03-31,431180.77999999817
ID154,1988-06-30,431180.77999999817
ID154,1988-09-30,1.1492999768257142
ID155,1975-12-31,1.1492999768257142
ID155,1976-03-31,1.1492999768257142
ID155,1976-06-30,431180.77999999817
ID155,1976-09-30,1.1492999768257142
ID155,1976-12-31,1.1492999768257142
ID155,1977-03-31,431180.77999999817
ID155,1977-06-30,431180.77999999817
ID155,1977-09-30,1.1492999768257142
ID155,1977-12-31,431180.77999999817
ID155,1978-03-31,431180.77999999817
ID155,1978-06-30,74854.73050485998
ID155,1978-09-30,1.1492999768257142
ID155,1978-12-31,1.1492999768257142
ID155,1979-03-31,431180.77999999817
ID155,1979-06-30,431180.77999999817
ID155,1979-09-30,1.1492999768257142
ID155,1979-12-31,1.1492999768257142
ID155,1980-03-31,1.1492999768257142
ID155,1980-06-30,46020.711153625154
ID155,1980-09-30,1.1492999768257142
ID155,1980-12-31,1.1492999768257142
ID155,1981-03-31,401040.02194509434
ID155,1981-06-30,1.1492999768257142
ID155,1981-09-30,431180.77999999817
ID155,1981-12-31,431180.77999999817
ID155,1982-03-31,1.1492999768257142
ID155,1982-06-30,1.1492999768257142
ID155,1982-09-30,431180.77999999817
ID155,1982-12-31,1.1492999768257142
ID155,1983-03-31,1.1492999768257142
ID155,1983-06-30,431180.77999999817
ID155,1983-09-30,1.1492999768257142
ID155,1983-12-31,1.1492999768257142
ID155,1984-03-31,431180.77999999817
ID155,1984-06-30,1.1492999768257142
ID155,1984-09-30,431180.77999999817
ID155,1984-12-31,431180.77999999817
ID155,1985-03-31,1.1492999768257142
ID155,1985-06-30,1.1492999768257142
ID155,1985-09-30,431180.77999999817
ID155,1985-12-31,1.1492999768257142
ID155,1986-03-31,431180.77999999817
ID155,1986-06-30,431180.77999999817
ID155,1986-09-30,1.1492999768257142
ID155,1986-12-31,1.1492999768257142
ID155,1987-03-31,1.1492999768257142
ID155,1987-06-30,1.1492999768257142
ID155,1987-09-30,1.1492999768257142
ID155,1987-12-31,431180.77999999817
ID155,1988-03-31,431180.77999999817
ID155,1988-06-30,1.1492999768257142
ID155,1988-09-30,431180.77999999817
ID156,1975-12-31,240549.48155149462
ID156,1976-03-31,431180.77999999817
ID156,1976-06-30,136365.55867306833
ID156,1976-09-30,1.1492999768257142
ID156,1976-12-31,1.1492999768257142
ID156,1977-03-31,431180.77999999817
ID156,1977-06-30,431180.77999999817
ID156,1977-09-30,1.1492999768257142
ID156,1977-12-31,1.1492999768257142
ID156,1978-03-31,66714.76685220093
ID156,1978-06-30,1.1492999768257142
ID156,1978-09-30,1.1492999768257142
ID156,1978-12-31,1.1492999768257142
ID156,1979-03-31,431180.77999999817
ID156,1979-06-30,1.1492999768257142
ID156,1979-09-30,1.1492999768257142
ID156,1979-12-31,431180.77999999817
ID156,1980-03-31,431180.77999999817
ID156,1980-06-30,1.1492999768257142
ID156,1980-09-30,431180.77999999817
ID156,1980-12-31,431180.77999999817
ID156,1981-03-31,431180.77999999817
ID156,1981-06-30,431180.77999999817
ID156,1981-09-30,431180.77999999817
ID156,1981-12-31,290460.39369380684
ID156,1982-03-31,1.1492999768257142
ID156,1982-06-30,1.1492999768257142
ID156,1982-09-30,431180.77999999817
ID156,1982-12-31,1.1492999768257142
ID156,1983-03-31,1.1492999768257142
ID156,1983-06-30,1.1492999768257142
ID156,1983-09-30,431180.77999999817
ID156,1983-12-31,1.1492999768257142
ID156,1984-03-31,1.1492999768257142
ID156,1984-06-30,1.1492999768257142
ID156,1984-09-30,1.1492999768257142
ID156,1984-12-31,431180.77999999817
ID156,1985-03-31,431180.77999999817
ID156,1985-06-30,431180.77999999817
ID156,1985-09-30,1.1492999768257142
ID157,1975-12-31,1.1492999768257142
ID157,1976-03-31,1.1492999768257142
ID157,1976-06-30,431180.77999999817
ID157,1976-09-30,1.1492999768257142
ID157,1976-12-31,431180.77999999817
ID157,1977-03-31,350642.84222180775
ID157,1977-06-30,1.1492999768257142
ID157,1977-09-30,431180.77999999817
ID157,1977-12-31,1.1492999768257142
ID157,1978-03-31,431180.77999999817
ID157,1978-06-30,1.1492999768257142
ID157,1978-09-30,431180.77999999817
ID157,1978-12-31,1.1492999768257142
ID157,1979-03-31,1.1492999768257142
ID157,1979-06-30,431180.77999999817
ID157,1979-09-30,1.1492999768257142
ID157,1979-12-31,431180.77999999817
ID157,1980-03-31,1.1492999768257142
ID157,1980-06-30,1.1492999768257142
ID157,1980-09-30,197196.32115050845
ID157,1980-12-31,87047.90883419086
ID157,1981-03-31,431180.77999999817
ID157,1981-06-30,222373.9076945733
ID157,1981-09-30,431180.77999999817
ID157,1981-12-31,1.1492999768257142
ID157,1982-03-31,431180.77999999817
ID157,1982-06-30,431180.77999999817
ID157,1982-09-30,1.1492999768257142
ID157,1982-12-31,431180.77999999817
ID157,1983-03-31,431180.77999999817
ID157,1983-06-30,431180.77999999817
ID157,1983-09-30,431180.77999999817
ID157,1983-12-31,1.1492999768257142
ID157,1984-03-31,1.1492999768257142
ID157,1984-06-30,1.1492999768257142
ID157,1984-09-30,1.1492999768257142
ID157,1984-12-31,431180.77999999817
ID157,1985-03-31,431180.77999999817
ID157,1985-06-30,1.1492999768257142
ID157,1985-09-30,431180.77999999817
ID157,1985-12-31,431180.77999999817
ID157,1986-03-31,431180.77999999817
ID157,1986-06-30,1.1492999768257142
ID157,1986-09-30,431180.77999999817
ID157,1986-12-31,1.1492999768257142
ID157,1987-03-31,431180.77999999817
ID157,1987-06-30,431180.77999999817
ID157,1987-09-30,431180.77999999817
ID158,1975-12-31,1.1492999768257142
ID158,1976-03-31,1.1492999768257142
ID158,1976-06-30,1.1492999768257142
ID158,1976-09-30,1.1492999768257142
ID158,1976-12-31,1.1492999768257142
ID158,1977-03-31,431180.77999999817
ID158,1977-06-30,431180.77999999817
ID158,1977-09-30,1.1492999768257142
ID158,1977-12-31,1.1492999768257142
ID158,1978-03-31,1.1492999768257142
ID158,1978-06-30,431180.77999999817
ID158,1978-09-30,431180.77999999817
ID158,1978-12-31,431180.77999999817
ID158,1979-03-31,1.1492999768257142
ID158,1979-06-30,431180.77999999817
ID158,1979-09-30,431180.77999999817
ID158,1979-12-31,431180.77999999817
ID158,1980-03-31,431180.77999999817
ID158,1980-06-30,139970.63298777153
ID158,1980-09-30,1.1492999768257142
ID158,1980-12-31,202395.2096646411
ID158,1981-03-31,1.1492999768257142
ID158,1981-06-30,431180.77999999817
ID158,1981-09-30,1.1492999768257142
ID158,1981-12-31,431180.77999999817
ID158,1982-03-31,431180.77999999817
ID158,1982-06-30,431180.77999999817
ID158,1982-09-30,1.1492999768257142
ID158,1982-12-31,431180.77999999817
ID158,1983-03-31,431180.77999999817
ID158,1983-06-30,1.1492999768257142
ID158,1983-09-30,431180.77999999817
ID158,1983-12-31,431180.77999999817
ID158,1984-03-31,344261.5810482573
ID158,1984-06-30,431180.77999999817
ID158,1984-09-30,431180.77999999817
ID158,1984-12-31,1.1492999768257142
ID158,1985-03-31,1.1492999768257142
ID158,1985-06-30,1.1492999768257142
ID158,1985-09-30,57067.08652561476
ID158,1985-12-31,1.1492999768257142
ID158,1986-03-31,431180.77999999817
ID158,1986-06-30,1.1492999768257142
ID158,1986-09-30,1.1492999768257142
ID158,1986-12-31,1.1492999768257142
ID158,1987-03-31,431180.77999999817
ID158,1987-06-30,1.1492999768257142
ID158,1987-09-30,431180.77999999817
ID159,1975-12-31,126895.71125306036
ID159,1976-03-31,1.1492999768257142
ID159,1976-06-30,1.1492999768257142
ID159,1976-09-30,1.1492999768257142
ID159,1976-12-31,89347.89692853577
ID159,1977-03-31,431180.77999999817
ID159,1977-06-30,1.1492999768257142
ID159,1977-09-30,1.1492999768257142
ID159,1977-12-31,431180.77999999817
ID159,1978-03-31,1.1492999768257142
ID159,1978-06-30,1.1492999768257142
ID159,1978-09-30,1.1492999768257142
ID159,1978-12-31,153638.93287156397
ID159,1979-03-31,431180.77999999817
ID159,1979-06-30,1.1492999768257142
ID159,1979-09-30,426461.80747546226
ID159,1979-12-31,1.1492999768257142
ID159,1980-03-31,168873.0777459269
ID159,1980-06-30,431180.77999999817
ID159,1980-09-30,431180.77999999817
ID159,1980-12-31,1.1492999768257142
ID159,1981-03-31,1.1492999768257142
ID159,1981-06-30,1.1492999768257142
ID159,1981-09-30,431180.77999999817
ID159,1981-12-31,1.1492999768257142
ID159,1982-03-31,1.1492999768257142
ID159,1982-06-30,431180.77999999817
ID159,1982-09-30,141520.5387171539
ID159,1982-12-31,431180.77999999817
ID159,1983-03-31,431180.77999999817
ID159,1983-06-30,431180.77999999817
ID159,1983-09-30,1.1492999768257142
ID159,1983-12-31,1.1492999768257142
ID159,1984-03-31,431180.77999999817
ID159,1984-06-30,1.1492999768257142
ID159,1984-09-30,431180.77999999817
ID159,1984-12-31,431180.77999999817
ID159,1985-03-31,112898.02273988495
ID159,1985-06-30,431180.77999999817
ID159,1985-09-30,1.1492999768257142
ID159,1985-12-31,1.1492999768257142
ID159,1986-03-31,1.1492999768257142
ID159,1986-06-30,1.1492999768257142
ID159,1986-09-30,431180.77999999817
ID159,1986-12-31,1.1492999768257142
ID159,1987-03-31,1.1492999768257142
ID159,1987-06-30,431180.77999999817
ID159,1987-09-30,1.1492999768257142
ID16,1978-06-30,431180.77999999817
ID16,1978-09-30,431180.77999999817
ID16,1978-12-31,431180.77999999817
ID16,1979-03-31,1.1492999768257142
ID16,1979-06-30,1.1492999768257142
ID16,1979-09-30,431180.77999999817
ID16,1979-12-31,1.1492999768257142
ID16,1980-03-31,431180.77999999817
ID16,1980-06-30,431180.77999999817
ID16,1980-09-30,1.1492999768257142
ID16,1980-12-31,1.1492999768257142
ID16,1981-03-31,1.1492999768257142
ID16,1981-06-30,66894.73435678834
ID16,1981-09-30,431180.77999999817
ID16,1981-12-31,1.1492999768257142
ID16,1982-03-31,1.1492999768257142
ID16,1982-06-30,431180.77999999817
ID16,1982-09-30,1.1492999768257142
ID16,1982-12-31,1.1492999768257142
ID16,1983-03-31,431180.77999999817
ID16,1983-06-30,1.1492999768257142
ID16,1983-09-30,1.1492999768257142
ID16,1983-12-31,1.1492999768257142
ID16,1984-03-31,431180.77999999817
ID16,1984-06-30,431180.77999999817
ID16,1984-09-30,1.1492999768257142
ID16,1984-12-31,431180.77999999817
ID16,1985-03-31,431180.77999999817
ID16,1985-06-30,1.1492999768257142
ID16,1985-09-30,251877.5524829339
ID160,1975-12-31,315618.84311805246
ID160,1976-03-31,1.1492999768257142
ID160,1976-06-30,431180.77999999817
ID160,1976-09-30,1.1492999768257142
ID160,1976-12-31,312308.5822618941
ID160,1977-03-31,1.1492999768257142
ID160,1977-06-30,431180.77999999817
ID160,1977-09-30,92852.40793661309
ID160,1977-12-31,1.1492999768257142
ID160,1978-03-31,431180.77999999817
ID160,1978-06-30,1.1492999768257142
ID160,1978-09-30,431180.77999999817
ID160,1978-12-31,1.1492999768257142
ID160,1979-03-31,431180.77999999817
ID160,1979-06-30,1.1492999768257142
ID160,1979-09-30,1.1492999768257142
ID160,1979-12-31,1.1492999768257142
ID160,1980-03-31,431180.77999999817
ID160,1980-06-30,1.1492999768257142
ID160,1980-09-30,322961.030147245
ID160,1980-12-31,1.1492999768257142
ID160,1981-03-31,431180.77999999817
ID160,1981-06-30,431180.77999999817
ID160,1981-09-30,431180.77999999817
ID160,1981-12-31,431180.77999999817
ID160,1982-03-31,1.1492999768257142
ID160,1982-06-30,431180.77999999817
ID160,1982-09-30,1.1492999768257142
ID160,1982-12-31,1.1492999768257142
ID160,1983-03-31,431180.77999999817
ID160,1983-06-30,1.1492999768257142
ID160,1983-09-30,1.1492999768257142
ID160,1983-12-31,1.1492999768257142
ID160,1984-03-31,1.1492999768257142
ID160,1984-06-30,431180.77999999817
ID160,1984-09-30,431180.77999999817
ID160,1984-12-31,431180.77999999817
ID160,1985-03-31,431180.77999999817
ID160,1985-06-30,1.1492999768257142
ID160,1985-09-30,1.1492999768257142
ID160,1985-12-31,1.1492999768257142
ID160,1986-03-31,1.1492999768257142
ID160,1986-06-30,431180.77999999817
ID160,1986-09-30,1.1492999768257142
ID160,1986-12-31,431180.77999999817
ID160,1987-03-31,1.1492999768257142
ID160,1987-06-30,1.1492999768257142
ID160,1987-09-30,431180.77999999817
ID161,1975-12-31,1.1492999768257142
ID161,1976-03-31,431180.77999999817
ID161,1976-06-30,1.1492999768257142
ID161,1976-09-30,1.1492999768257142
ID161,1976-12-31,1.1492999768257142
ID161,1977-03-31,431180.77999999817
ID161,1977-06-30,1.1492999768257142
ID161,1977-09-30,431180.77999999817
ID161,1977-12-31,1.1492999768257142
ID161,1978-03-31,1.1492999768257142
ID161,1978-06-30,431180.77999999817
ID161,1978-09-30,1.1492999768257142
ID161,1978-12-31,1.1492999768257142
ID161,1979-03-31,1.1492999768257142
ID161,1979-06-30,1.1492999768257142
ID161,1979-09-30,431180.77999999817
ID161,1979-12-31,431180.77999999817
ID161,1980-03-31,1.1492999768257142
ID161,1980-06-30,431180.77999999817
ID161,1980-09-30,1.1492999768257142
ID161,1980-12-31,1.1492999768257142
ID161,1981-03-31,431180.77999999817
ID161,1981-06-30,431180.77999999817
ID161,1981-09-30,1.1492999768257142
ID161,1981-12-31,287223.67528293503
ID161,1982-03-31,431180.77999999817
ID161,1982-06-30,1.1492999768257142
ID161,1982-09-30,1.1492999768257142
ID161,1982-12-31,1.1492999768257142
ID161,1983-03-31,1.1492999768257142
ID161,1983-06-30,1.1492999768257142
ID161,1983-09-30,431180.77999999817
ID161,1983-12-31,1.1492999768257142
ID161,1984-03-31,1.1492999768257142
ID161,1984-06-30,431180.77999999817
ID161,1984-09-30,322458.25552065624
ID161,1984-12-31,1.1492999768257142
ID161,1985-03-31,1.1492999768257142
ID161,1985-06-30,1.1492999768257142
ID161,1985-09-30,431180.77999999817
ID161,1985-12-31,431180.77999999817
ID161,1986-03-31,1.1492999768257142
ID161,1986-06-30,1.1492999768257142
ID161,1986-09-30,431180.77999999817
ID161,1986-12-31,1.1492999768257142
ID161,1987-03-31,431180.77999999817
ID161,1987-06-30,1.1492999768257142
ID161,1987-09-30,1.1492999768257142
ID162,1969-12-31,221158.51508188975
ID162,1970-03-31,1.1492999768257142
ID162,1970-06-30,1.1492999768257142
ID162,1970-09-30,87841.65445818739
ID162,1970-12-31,431180.77999999817
ID162,1971-03-31,1.1492999768257142
ID162,1971-06-30,431180.77999999817
ID162,1971-09-30,431180.77999999817
ID162,1971-12-31,431180.77999999817
ID162,1972-03-31,1.1492999768257142
ID162,1972-06-30,1.1492999768257142
ID162,1972-09-30,1.1492999768257142
ID162,1972-12-31,238152.37029072543
ID162,1973-03-31,185758.71019318746
ID162,1973-06-30,1.1492999768257142
ID162,1973-09-30,149344.22141365043
ID162,1973-12-31,1.1492999768257142
ID162,1974-03-31,1.1492999768257142
ID162,1974-06-30,1.1492999768257142
ID162,1974-09-30,1.1492999768257142
ID162,1974-12-31,431180.77999999817
ID162,1975-03-31,431180.77999999817
ID162,1975-06-30,1.1492999768257142
ID162,1975-09-30,207091.12029319286
ID162,1975-12-31,1.1492999768257142
ID162,1976-03-31,1.1492999768257142
ID162,1976-06-30,39050.37826115406
ID162,1976-09-30,431180.77999999817
ID162,1976-12-31,431180.77999999817
ID162,1977-03-31,431180.77999999817
ID162,1977-06-30,1.1492999768257142
ID162,1977-09-30,191785.35109960363
ID163,1969-12-31,414690.6002088303
ID163,1970-03-31,327632.5330572798
ID163,1970-06-30,1.1492999768257142
ID163,1970-09-30,1.1492999768257142
ID163,1970-12-31,1.1492999768257142
ID163,1971-03-31,1.1492999768257142
ID163,1971-06-30,1.1492999768257142
ID163,1971-09-30,65025.46098826173
ID163,1971-12-31,1.1492999768257142
ID163,1972-03-31,431180.77999999817
ID163,1972-06-30,431180.77999999817
ID163,1972-09-30,1.1492999768257142
ID163,1972-12-31,431180.77999999817
ID163,1973-03-31,1.1492999768257142
ID163,1973-06-30,431180.77999999817
ID163,1973-09-30,1.1492999768257142
ID163,1973-12-31,431180.77999999817
ID163,1974-03-31,1.1492999768257142
ID163,1974-06-30,342066.32013931934
ID163,1974-09-30,431180.77999999817
ID163,1974-12-31,72204.65135807285
ID163,1975-03-31,1.1492999768257142
ID163,1975-06-30,431180.77999999817
ID163,1975-09-30,431180.77999999817
ID163,1975-12-31,1.1492999768257142
ID163,1976-03-31,431180.77999999817
ID163,1976-06-30,1.1492999768257142
ID163,1976-09-30,1.1492999768257142
ID163,1976-12-31,1.1492999768257142
ID163,1977-03-31,431180.77999999817
ID163,1977-06-30,1.1492999768257142
ID163,1977-09-30,431180.77999999817
ID164,1976-12-31,1.1492999768257142
ID164,1977-03-31,431180.77999999817
ID164,1977-06-30,1.1492999768257142
ID164,1977-09-30,431180.77999999817
ID164,1977-12-31,431180.77999999817
ID164,1978-03-31,431180.77999999817
ID164,1978-06-30,431180.77999999817
ID164,1978-09-30,1.1492999768257142
ID164,1978-12-31,1.1492999768257142
ID164,1979-03-31,1.1492999768257142
ID164,1979-06-30,1.1492999768257142
ID164,1979-09-30,1.1492999768257142
ID164,1979-12-31,431180.77999999817
ID164,1980-03-31,431180.77999999817
ID164,1980-06-30,431180.77999999817
ID164,1980-09-30,431180.77999999817
ID164,1980-12-31,241440.14345644624
ID164,1981-03-31,431180.77999999817
ID164,1981-06-30,431180.77999999817
ID164,1981-09-30,1.1492999768257142
ID164,1981-12-31,1.1492999768257142
ID164,1982-03-31,1.1492999768257142
ID164,1982-06-30,1.1492999768257142
ID164,1982-09-30,1.1492999768257142
ID164,1982-12-31,1.1492999768257142
ID164,1983-03-31,261760.94397350092
ID164,1983-06-30,431180.77999999817
ID164,1983-09-30,431180.77999999817
ID164,1983-12-31,431180.77999999817
ID164,1984-03-31,1.1492999768257142
ID164,1984-06-30,1.1492999768257142
ID164,1984-09-30,1.1492999768257142
ID164,1984-12-31,1.1492999768257142
ID164,1985-03-31,1.1492999768257142
ID164,1985-06-30,1.1492999768257142
ID164,1985-09-30,431180.77999999817
ID165,1974-12-31,188356.7187384206
ID165,1975-03-31,431180.77999999817
ID165,1975-06-30,1.1492999768257142
ID165,1975-09-30,1.1492999768257142
ID165,1975-12-31,1.1492999768257142
ID165,1976-03-31,1.1492999768257142
ID165,1976-06-30,1.1492999768257142
ID165,1976-09-30,1.1492999768257142
ID165,1976-12-31,1.1492999768257142
ID165,1977-03-31,431180.77999999817
ID165,1977-06-30,431180.77999999817
ID165,1977-09-30,1.1492999768257142
ID165,1977-12-31,137215.42089624176
ID165,1978-03-31,301016.25073383417
ID165,1978-06-30,1.1492999768257142
ID165,1978-09-30,1.1492999768257142
ID165,1978-12-31,1.1492999768257142
ID165,1979-03-31,1.1492999768257142
ID165,1979-06-30,431180.77999999817
ID165,1979-09-30,431180.77999999817
ID165,1979-12-31,1.1492999768257142
ID165,1980-03-31,338568.4018150124
ID165,1980-06-30,1.1492999768257142
ID165,1980-09-30,1.1492999768257142
ID165,1980-12-31,1.1492999768257142
ID165,1981-03-31,288727.1327516561
ID165,1981-06-30,1.1492999768257142
ID165,1981-09-30,1.1492999768257142
ID165,1981-12-31,1.1492999768257142
ID165,1982-03-31,82230.32091848362
ID165,1982-06-30,431180.77999999817
ID165,1982-09-30,1.1492999768257142
ID165,1982-12-31,186904.09517759722
ID165,1983-03-31,1.1492999768257142
ID165,1983-06-30,1.1492999768257142
ID165,1983-09-30,1.1492999768257142
ID165,1983-12-31,1.1492999768257142
ID165,1984-03-31,431180.77999999817
ID165,1984-06-30,1.1492999768257142
ID166,1976-12-31,1.1492999768257142
ID166,1977-03-31,431180.77999999817
ID166,1977-06-30,1.1492999768257142
ID166,1977-09-30,1.1492999768257142
ID166,1977-12-31,1.1492999768257142
ID166,1978-03-31,1.1492999768257142
ID166,1978-06-30,1.1492999768257142
ID166,1978-09-30,1.1492999768257142
ID166,1978-12-31,1.1492999768257142
ID166,1979-03-31,418481.2361295277
ID166,1979-06-30,1.1492999768257142
ID166,1979-09-30,1.1492999768257142
ID166,1979-12-31,431180.77999999817
ID166,1980-03-31,1.1492999768257142
ID166,1980-06-30,431180.77999999817
ID166,1980-09-30,303804.8266756059
ID166,1980-12-31,431180.77999999817
ID166,1981-03-31,431180.77999999817
ID166,1981-06-30,431180.77999999817
ID166,1981-09-30,1.1492999768257142
ID166,1981-12-31,431180.77999999817
ID166,1982-03-31,431180.77999999817
ID166,1982-06-30,431180.77999999817
ID166,1982-09-30,431180.77999999817
ID166,1982-12-31,431180.77999999817
ID166,1983-03-31,431180.77999999817
ID166,1983-06-30,108022.0033003366
ID166,1983-09-30,1.1492999768257142
ID166,1983-12-31,1.1492999768257142
ID166,1984-03-31,431180.77999999817
ID166,1984-06-30,431180.77999999817
ID166,1984-09-30,431180.77999999817
ID166,1984-12-31,1.1492999768257142
ID166,1985-03-31,431180.77999999817
ID166,1985-06-30,431180.77999999817
ID166,1985-09-30,1.1492999768257142
ID166,1985-12-31,1.1492999768257142
ID166,1986-03-31,1.1492999768257142
ID166,1986-06-30,1.1492999768257142
ID166,1986-09-30,1.1492999768257142
ID167,1976-12-31,1.1492999768257142
ID167,1977-03-31,1.1492999768257142
ID167,1977-06-30,431180.77999999817
ID167,1977-09-30,1.1492999768257142
ID167,1977-12-31,1.1492999768257142
ID167,1978-03-31,1.1492999768257142
ID167,1978-06-30,431180.77999999817
ID167,1978-09-30,1.1492999768257142
ID167,1978-12-31,1.1492999768257142
ID167,1979-03-31,431180.77999999817
ID167,1979-06-30,1.1492999768257142
ID167,1979-09-30,431180.77999999817
ID167,1979-12-31,1.1492999768257142
ID167,1980-03-31,1.1492999768257142
ID167,1980-06-30,1.1492999768257142
ID167,1980-09-30,431180.77999999817
ID167,1980-12-31,431180.77999999817
ID167,1981-03-31,431180.77999999817
ID167,1981-06-30,1.1492999768257142
ID167,1981-09-30,431180.77999999817
ID167,1981-12-31,431180.77999999817
ID167,1982-03-31,431180.77999999817
ID167,1982-06-30,1.1492999768257142
ID167,1982-09-30,1.1492999768257142
ID167,1982-12-31,431180.77999999817
ID167,1983-03-31,431180.77999999817
ID167,1983-06-30,1.1492999768257142
ID167,1983-09-30,1.1492999768257142
ID167,1983-12-31,431180.77999999817
ID167,1984-03-31,431180.77999999817
ID167,1984-06-30,431180.77999999817
ID167,1984-09-30,1.1492999768257142
ID167,1984-12-31,1.1492999768257142
ID167,1985-03-31,1.1492999768257142
ID167,1985-06-30,431180.77999999817
ID167,1985-09-30,1.1492999768257142
ID167,1985-12-31,1.1492999768257142
ID167,1986-03-31,1.1492999768257142
ID167,1986-06-30,431180.77999999817
ID167,1986-09-30,1.1492999768257142
ID168,1976-12-31,431180.77999999817
ID168,1977-03-31,1.1492999768257142
ID168,1977-06-30,431180.77999999817
ID168,1977-09-30,431180.77999999817
ID168,1977-12-31,1.1492999768257142
ID168,1978-03-31,231280.43597595306
ID168,1978-06-30,1.1492999768257142
ID168,1978-09-30,1.1492999768257142
ID168,1978-12-31,1.1492999768257142
ID168,1979-03-31,1.1492999768257142
ID168,1979-06-30,1.1492999768257142
ID168,1979-09-30,1.1492999768257142
ID168,1979-12-31,1.1492999768257142
ID168,1980-03-31,431180.77999999817
ID168,1980-06-30,431180.77999999817
ID168,1980-09-30,1.1492999768257142
ID168,1980-12-31,291565.6238236832
ID168,1981-03-31,431180.77999999817
ID168,1981-06-30,1.1492999768257142
ID168,1981-09-30,1.1492999768257142
ID168,1981-12-31,431180.77999999817
ID168,1982-03-31,317505.0816025409
ID168,1982-06-30,431180.77999999817
ID168,1982-09-30,431180.77999999817
ID168,1982-12-31,431180.77999999817
ID168,1983-03-31,1.1492999768257142
ID168,1983-06-30,431180.77999999817
ID168,1983-09-30,431180.77999999817
ID168,1983-12-31,1.1492999768257142
ID168,1984-03-31,1.1492999768257142
ID168,1984-06-30,1.1492999768257142
ID168,1984-09-30,1.1492999768257142
ID168,1984-12-31,1.1492999768257142
ID168,1985-03-31,431180.77999999817
ID168,1985-06-30,1.1492999768257142
ID168,1985-09-30,1.1492999768257142
ID168,1985-12-31,1.1492999768257142
ID168,1986-03-31,81197.2658643709
ID168,1986-06-30,1.1492999768257142
ID168,1986-09-30,1.1492999768257142
ID168,1986-12-31,84975.0188968378
ID168,1987-03-31,431180.77999999817
ID168,1987-06-30,431180.77999999817
ID168,1987-09-30,431180.77999999817
ID168,1987-12-31,1.1492999768257142
ID168,1988-03-31,431180.77999999817
ID168,1988-06-30,431180.77999999817
ID168,1988-09-30,431180.77999999817
ID168,1988-12-31,53835.59164060758
ID168,1989-03-31,1.1492999768257142
ID168,1989-06-30,1.1492999768257142
ID168,1989-09-30,431180.77999999817
ID17,1978-06-30,431180.77999999817
ID17,1978-09-30,160824.80728699686
ID17,1978-12-31,431180.77999999817
ID17,1979-03-31,431180.77999999817
ID17,1979-06-30,431180.77999999817
ID17,1979-09-30,431180.77999999817
ID17,1979-12-31,193122.7299549772
ID17,1980-03-31,1.1492999768257142
ID17,1980-06-30,1.1492999768257142
ID17,1980-09-30,389022.210338482
ID17,1980-12-31,1.1492999768257142
ID17,1981-03-31,107892.34386045458
ID17,1981-06-30,431180.77999999817
ID17,1981-09-30,431180.77999999817
ID17,1981-12-31,431180.77999999817
ID17,1982-03-31,431180.77999999817
ID17,1982-06-30,1.1492999768257142
ID17,1982-09-30,1.1492999768257142
ID17,1982-12-31,1.1492999768257142
ID17,1983-03-31,1.1492999768257142
ID17,1983-06-30,1.1492999768257142
ID17,1983-09-30,1.1492999768257142
ID17,1983-12-31,431180.77999999817
ID17,1984-03-31,431180.77999999817
ID17,1984-06-30,431180.77999999817
ID17,1984-09-30,1.1492999768257142
ID17,1984-12-31,1.1492999768257142
ID17,1985-03-31,1.1492999768257142
ID17,1985-06-30,1.1492999768257142
ID17,1985-09-30,255054.7186151049
ID173,1975-09-30,1.1492999768257142
ID173,1975-12-31,1.1492999768257142
ID173,1976-03-31,1.1492999768257142
ID173,1976-06-30,431180.77999999817
ID173,1976-09-30,431180.77999999817
ID173,1976-12-31,431180.77999999817
ID173,1977-03-31,279973.8269624049
ID173,1977-06-30,431180.77999999817
ID173,1977-09-30,1.1492999768257142
ID173,1977-12-31,431180.77999999817
ID173,1978-03-31,1.1492999768257142
ID173,1978-06-30,431180.77999999817
ID173,1978-09-30,1.1492999768257142
ID173,1978-12-31,431180.77999999817
ID173,1979-03-31,431180.77999999817
ID173,1979-06-30,431180.77999999817
ID173,1979-09-30,1.1492999768257142
ID173,1979-12-31,431180.77999999817
ID173,1980-03-31,1.1492999768257142
ID173,1980-06-30,431180.77999999817
ID173,1980-09-30,1.1492999768257142
ID173,1980-12-31,1.1492999768257142
ID173,1981-03-31,1.1492999768257142
ID173,1981-06-30,69805.6978107252
ID173,1981-09-30,1.1492999768257142
ID173,1981-12-31,431180.77999999817
ID173,1982-03-31,1.1492999768257142
ID173,1982-06-30,1.1492999768257142
ID173,1982-09-30,1.1492999768257142
ID173,1982-12-31,431180.77999999817
ID173,1983-03-31,431180.77999999817
ID173,1983-06-30,1.1492999768257142
ID173,1983-09-30,431180.77999999817
ID173,1983-12-31,1.1492999768257142
ID173,1984-03-31,431180.77999999817
ID173,1984-06-30,1.1492999768257142
ID173,1984-09-30,1.1492999768257142
ID173,1984-12-31,431180.77999999817
ID173,1985-03-31,1.1492999768257142
ID173,1985-06-30,1.1492999768257142
ID173,1985-09-30,431180.77999999817
ID173,1985-12-31,431180.77999999817
ID173,1986-03-31,1.1492999768257142
ID173,1986-06-30,1.1492999768257142
ID173,1986-09-30,80981.02984399868
ID173,1986-12-31,71158.8947886978
ID173,1987-03-31,431180.77999999817
ID174,1976-09-30,418665.5909299023
ID174,1976-12-31,1.1492999768257142
ID174,1977-03-31,54788.87904442118
ID174,1977-06-30,1.1492999768257142
ID174,1977-09-30,127553.98743797092
ID174,1977-12-31,1.1492999768257142
ID174,1978-03-31,1.1492999768257142
ID174,1978-06-30,1.1492999768257142
ID174,1978-09-30,431180.77999999817
ID174,1978-12-31,1.1492999768257142
ID174,1979-03-31,409612.0929960404
ID174,1979-06-30,431180.77999999817
ID174,1979-09-30,431180.77999999817
ID174,1979-12-31,1.1492999768257142
ID174,1980-03-31,431180.77999999817
ID174,1980-06-30,1.1492999768257142
ID174,1980-09-30,1.1492999768257142
ID174,1980-12-31,1.1492999768257142
ID174,1981-03-31,1.1492999768257142
ID174,1981-06-30,431180.77999999817
ID174,1981-09-30,179143.07653990292
ID174,1981-12-31,431180.77999999817
ID174,1982-03-31,431180.77999999817
ID174,1982-06-30,1.1492999768257142
ID174,1982-09-30,1.1492999768257142
ID174,1982-12-31,1.1492999768257142
ID174,1983-03-31,431180.77999999817
ID174,1983-06-30,1.1492999768257142
ID174,1983-09-30,1.1492999768257142
ID174,1983-12-31,210343.41668159902
ID174,1984-03-31,218743.78008229844
ID174,1984-06-30,1.1492999768257142
ID174,1984-09-30,431180.77999999817
ID174,1984-12-31,1.1492999768257142
ID174,1985-03-31,1.1492999768257142
ID174,1985-06-30,431180.77999999817
ID174,1985-09-30,1.1492999768257142
ID174,1985-12-31,1.1492999768257142
ID174,1986-03-31,431180.77999999817
ID174,1986-06-30,303765.448491175
ID174,1986-09-30,431180.77999999817
ID174,1986-12-31,431180.77999999817
ID175,1960-12-31,431180.77999999817
ID175,1961-03-31,431180.77999999817
ID175,1961-06-30,50150.158791761234
ID175,1961-09-30,1.1492999768257142
ID175,1961-12-31,1.1492999768257142
ID175,1962-03-31,431180.77999999817
ID175,1962-06-30,431180.77999999817
ID175,1962-09-30,1.1492999768257142
ID175,1962-12-31,1.1492999768257142
ID175,1963-03-31,431180.77999999817
ID175,1963-06-30,431180.77999999817
ID175,1963-09-30,1.1492999768257142
ID175,1963-12-31,431180.77999999817
ID175,1964-03-31,431180.77999999817
ID175,1964-06-30,431180.77999999817
ID175,1964-09-30,431180.77999999817
ID175,1964-12-31,331952.76396289276
ID175,1965-03-31,431180.77999999817
ID175,1965-06-30,431180.77999999817
ID175,1965-09-30,1.1492999768257142
ID175,1965-12-31,431180.77999999817
ID175,1966-03-31,431180.77999999817
ID175,1966-06-30,431180.77999999817
ID175,1966-09-30,147575.26348760305
ID175,1966-12-31,1.1492999768257142
ID175,1967-03-31,1.1492999768257142
ID175,1967-06-30,1.1492999768257142
ID175,1967-09-30,1.1492999768257142
ID175,1967-12-31,55847.421570676444
ID175,1968-03-31,431180.77999999817
ID175,1968-06-30,431180.77999999817
ID175,1968-09-30,1.1492999768257142
ID175,1968-12-31,431180.77999999817
ID175,1969-03-31,1.1492999768257142
ID175,1969-06-30,1.1492999768257142
ID175,1969-09-30,1.1492999768257142
ID175,1969-12-31,425285.992254254
ID175,1970-03-31,431180.77999999817
ID175,1970-06-30,431180.77999999817
ID175,1970-09-30,431180.77999999817
ID175,1970-12-31,1.1492999768257142
ID175,1971-03-31,301918.3163664328
ID175,1971-06-30,1.1492999768257142
ID175,1971-09-30,1.1492999768257142
ID175,1971-12-31,1.1492999768257142
ID175,1972-03-31,431180.77999999817
ID175,1972-06-30,431180.77999999817
ID175,1972-09-30,431180.77999999817
ID176,1976-12-31,1.1492999768257142
ID176,1977-03-31,1.1492999768257142
ID176,1977-06-30,431180.77999999817
ID176,1977-09-30,431180.77999999817
ID176,1977-12-31,1.1492999768257142
ID176,1978-03-31,431180.77999999817
ID176,1978-06-30,1.1492999768257142
ID176,1978-09-30,1.1492999768257142
ID176,1978-12-31,431180.77999999817
ID176,1979-03-31,1.1492999768257142
ID176,1979-06-30,431180.77999999817
ID176,1979-09-30,431180.77999999817
ID176,1979-12-31,1.1492999768257142
ID176,1980-03-31,391003.14569170936
ID176,1980-06-30,431180.77999999817
ID176,1980-09-30,431180.77999999817
ID176,1980-12-31,1.1492999768257142
ID176,1981-03-31,1.1492999768257142
ID176,1981-06-30,431180.77999999817
ID176,1981-09-30,431180.77999999817
ID176,1981-12-31,431180.77999999817
ID176,1982-03-31,431180.77999999817
ID176,1982-06-30,431180.77999999817
ID176,1982-09-30,1.1492999768257142
ID176,1982-12-31,1.1492999768257142
ID176,1983-03-31,431180.77999999817
ID176,1983-06-30,1.1492999768257142
ID176,1983-09-30,219516.05751185177
ID176,1983-12-31,1.1492999768257142
ID176,1984-03-31,1.1492999768257142
ID176,1984-06-30,395973.35026759055
ID176,1984-09-30,431180.77999999817
ID176,1984-12-31,1.1492999768257142
ID176,1985-03-31,1.1492999768257142
ID176,1985-06-30,1.1492999768257142
ID176,1985-09-30,431180.77999999817
ID176,1985-12-31,431180.77999999817
ID176,1986-03-31,431180.77999999817
ID176,1986-06-30,1.1492999768257142
ID176,1986-09-30,431180.77999999817
ID176,1986-12-31,1.1492999768257142
ID176,1987-03-31,1.1492999768257142
ID176,1987-06-30,431180.77999999817
ID176,1987-09-30,109318.63117889079
ID177,1976-09-30,1.1492999768257142
ID177,1976-12-31,1.1492999768257142
ID177,1977-03-31,431180.77999999817
ID177,1977-06-30,220402.20928705382
ID177,1977-09-30,431180.77999999817
ID177,1977-12-31,1.1492999768257142
ID177,1978-03-31,431180.77999999817
ID177,1978-06-30,1.1492999768257142
ID177,1978-09-30,1.1492999768257142
ID177,1978-12-31,431180.77999999817
ID177,1979-03-31,431180.77999999817
ID177,1979-06-30,431180.77999999817
ID177,1979-09-30,431180.77999999817
ID177,1979-12-31,431180.77999999817
ID177,1980-03-31,431180.77999999817
ID177,1980-06-30,431180.77999999817
ID177,1980-09-30,1.1492999768257142
ID177,1980-12-31,1.1492999768257142
ID177,1981-03-31,1.1492999768257142
ID177,1981-06-30,1.1492999768257142
ID177,1981-09-30,1.1492999768257142
ID177,1981-12-31,431180.77999999817
ID177,1982-03-31,390707.3198800636
ID177,1982-06-30,431180.77999999817
ID177,1982-09-30,1.1492999768257142
ID177,1982-12-31,1.1492999768257142
ID177,1983-03-31,1.1492999768257142
ID177,1983-06-30,1.1492999768257142
ID177,1983-09-30,1.1492999768257142
ID177,1983-12-31,431180.77999999817
ID177,1984-03-31,431180.77999999817
ID177,1984-06-30,431180.77999999817
ID177,1984-09-30,1.1492999768257142
ID177,1984-12-31,1.1492999768257142
ID177,1985-03-31,431180.77999999817
ID177,1985-06-30,1.1492999768257142
ID177,1985-09-30,1.1492999768257142
ID177,1985-12-31,431180.77999999817
ID177,1986-03-31,431180.77999999817
ID177,1986-06-30,431180.77999999817
ID177,1986-09-30,1.1492999768257142
ID177,1986-12-31,1.1492999768257142
ID177,1987-03-31,1.1492999768257142
ID178,1969-12-31,431180.77999999817
ID178,1970-03-31,431180.77999999817
ID178,1970-06-30,431180.77999999817
ID178,1970-09-30,431180.77999999817
ID178,1970-12-31,332631.8284446825
ID178,1971-03-31,1.1492999768257142
ID178,1971-06-30,1.1492999768257142
ID178,1971-09-30,159045.83771413058
ID178,1971-12-31,1.1492999768257142
ID178,1972-03-31,1.1492999768257142
ID178,1972-06-30,1.1492999768257142
ID178,1972-09-30,417684.8032405761
ID178,1972-12-31,431180.77999999817
ID178,1973-03-31,1.1492999768257142
ID178,1973-06-30,20518.269960982034
ID178,1973-09-30,431180.77999999817
ID178,1973-12-31,431180.77999999817
ID178,1974-03-31,1.1492999768257142
ID178,1974-06-30,431180.77999999817
ID178,1974-09-30,431180.77999999817
ID178,1974-12-31,1.1492999768257142
ID178,1975-03-31,115363.04212786743
ID178,1975-06-30,1.1492999768257142
ID178,1975-09-30,1.1492999768257142
ID178,1975-12-31,431180.77999999817
ID178,1976-03-31,1.1492999768257142
ID178,1976-06-30,1.1492999768257142
ID178,1976-09-30,1.1492999768257142
ID178,1976-12-31,1.1492999768257142
ID178,1977-03-31,1.1492999768257142
ID178,1977-06-30,431180.77999999817
ID178,1977-09-30,1.1492999768257142
ID179,1969-12-31,1.1492999768257142
ID179,1970-03-31,1.1492999768257142
ID179,1970-06-30,303557.58035120147
ID179,1970-09-30,431180.77999999817
ID179,1970-12-31,431180.77999999817
ID179,1971-03-31,431180.77999999817
ID179,1971-06-30,431180.77999999817
ID179,1971-09-30,1.1492999768257142
ID179,1971-12-31,431180.77999999817
ID179,1972-03-31,1.1492999768257142
ID179,1972-06-30,1.1492999768257142
ID179,1972-09-30,431180.77999999817
ID179,1972-12-31,431180.77999999817
ID179,1973-03-31,1.1492999768257142
ID179,1973-06-30,431180.77999999817
ID179,1973-09-30,1.1492999768257142
ID179,1973-12-31,431180.77999999817
ID179,1974-03-31,201740.1617071431
ID179,1974-06-30,1.1492999768257142
ID179,1974-09-30,1.1492999768257142
ID179,1974-12-31,1.1492999768257142
ID179,1975-03-31,1.1492999768257142
ID179,1975-06-30,1.1492999768257142
ID179,1975-09-30,1.1492999768257142
ID179,1975-12-31,431180.77999999817
ID179,1976-03-31,431180.77999999817
ID179,1976-06-30,431180.77999999817
ID179,1976-09-30,431180.77999999817
ID179,1976-12-31,431180.77999999817
ID179,1977-03-31,29547.38437211931
ID179,1977-06-30,1.1492999768257142
ID179,1977-09-30,1.1492999768257142
ID18,1978-06-30,431180.77999999817
ID18,1978-09-30,1.1492999768257142
ID18,1978-12-31,1.1492999768257142
ID18,1979-03-31,1.1492999768257142
ID18,1979-06-30,431180.77999999817
ID18,1979-09-30,153062.3382676761
ID18,1979-12-31,1.1492999768257142
ID18,1980-03-31,1.1492999768257142
ID18,1980-06-30,431180.77999999817
ID18,1980-09-30,431180.77999999817
ID18,1980-12-31,318831.8128292069
ID18,1981-03-31,431180.77999999817
ID18,1981-06-30,1.1492999768257142
ID18,1981-09-30,431180.77999999817
ID18,1981-12-31,1.1492999768257142
ID18,1982-03-31,1.1492999768257142
ID18,1982-06-30,1.1492999768257142
ID18,1982-09-30,431180.77999999817
ID18,1982-12-31,1.1492999768257142
ID18,1983-03-31,431180.77999999817
ID18,1983-06-30,431180.77999999817
ID18,1983-09-30,1.1492999768257142
ID18,1983-12-31,1.1492999768257142
ID18,1984-03-31,1.1492999768257142
ID18,1984-06-30,431180.77999999817
ID18,1984-09-30,431180.77999999817
ID18,1984-12-31,431180.77999999817
ID18,1985-03-31,1.1492999768257142
ID18,1985-06-30,431180.77999999817
ID18,1985-09-30,1.1492999768257142
ID180,1969-12-31,1.1492999768257142
ID180,1970-03-31,431180.77999999817
ID180,1970-06-30,431180.77999999817
ID180,1970-09-30,1.1492999768257142
ID180,1970-12-31,222080.66974432697
ID180,1971-03-31,1.1492999768257142
ID180,1971-06-30,1.1492999768257142
ID180,1971-09-30,1.1492999768257142
ID180,1971-12-31,431180.77999999817
ID180,1972-03-31,1.1492999768257142
ID180,1972-06-30,1.1492999768257142
ID180,1972-09-30,1.1492999768257142
ID180,1972-12-31,303134.95035443903
ID180,1973-03-31,1.1492999768257142
ID180,1973-06-30,1.1492999768257142
ID180,1973-09-30,1.1492999768257142
ID180,1973-12-31,1.1492999768257142
ID180,1974-03-31,431180.77999999817
ID180,1974-06-30,1.1492999768257142
ID180,1974-09-30,1.1492999768257142
ID180,1974-12-31,1.1492999768257142
ID180,1975-03-31,1.1492999768257142
ID180,1975-06-30,129469.6059077155
ID180,1975-09-30,252349.31017834877
ID180,1975-12-31,1.1492999768257142
ID180,1976-03-31,431180.77999999817
ID180,1976-06-30,1.1492999768257142
ID180,1976-09-30,1.1492999768257142
ID180,1976-12-31,1.1492999768257142
ID180,1977-03-31,431180.77999999817
ID180,1977-06-30,1.1492999768257142
ID180,1977-09-30,1.1492999768257142
ID181,1969-12-31,1.1492999768257142
ID181,1970-03-31,1.1492999768257142
ID181,1970-06-30,431180.77999999817
ID181,1970-09-30,1.1492999768257142
ID181,1970-12-31,1.1492999768257142
ID181,1971-03-31,431180.77999999817
ID181,1971-06-30,1.1492999768257142
ID181,1971-09-30,431180.77999999817
ID181,1971-12-31,1.1492999768257142
ID181,1972-03-31,431180.77999999817
ID181,1972-06-30,147462.29391822946
ID181,1972-09-30,295681.7001685569
ID181,1972-12-31,431180.77999999817
ID181,1973-03-31,1.1492999768257142
ID181,1973-06-30,371644.29529300256
ID181,1973-09-30,1.1492999768257142
ID181,1973-12-31,431180.77999999817
ID181,1974-03-31,1.1492999768257142
ID181,1974-06-30,431180.77999999817
ID181,1974-09-30,431180.77999999817
ID181,1974-12-31,1.1492999768257142
ID181,1975-03-31,134470.2500852033
ID181,1975-06-30,109218.8487356004
ID181,1975-09-30,431180.77999999817
ID181,1975-12-31,1.1492999768257142
ID181,1976-03-31,431180.77999999817
ID181,1976-06-30,1.1492999768257142
ID181,1976-09-30,431180.77999999817
ID181,1976-12-31,1.1492999768257142
ID181,1977-03-31,1.1492999768257142
ID181,1977-06-30,431180.77999999817
ID181,1977-09-30,337806.15978897427
ID182,1969-12-31,1.1492999768257142
ID182,1970-03-31,1.1492999768257142
ID182,1970-06-30,431180.77999999817
ID182,1970-09-30,1.1492999768257142
ID182,1970-12-31,431180.77999999817
ID182,1971-03-31,431180.77999999817
ID182,1971-06-30,431180.77999999817
ID182,1971-09-30,431180.77999999817
ID182,1971-12-31,1.1492999768257142
ID182,1972-03-31,320428.59949185164
ID182,1972-06-30,431180.77999999817
ID182,1972-09-30,289687.53657914983
ID182,1972-12-31,1.1492999768257142
ID182,1973-03-31,1.1492999768257142
ID182,1973-06-30,1.1492999768257142
ID182,1973-09-30,431180.77999999817
ID182,1973-12-31,431180.77999999817
ID182,1974-03-31,1.1492999768257142
ID182,1974-06-30,1.1492999768257142
ID182,1974-09-30,431180.77999999817
ID182,1974-12-31,1.1492999768257142
ID182,1975-03-31,1.1492999768257142
ID182,1975-06-30,431180.77999999817
ID182,1975-09-30,431180.77999999817
ID182,1975-12-31,1.1492999768257142
ID182,1976-03-31,44170.289985623895
ID182,1976-06-30,197404.6556846522
ID182,1976-09-30,431180.77999999817
ID182,1976-12-31,1.1492999768257142
ID182,1977-03-31,1.1492999768257142
ID182,1977-06-30,316469.37678448076
ID182,1977-09-30,1.1492999768257142
ID183,1969-12-31,431180.77999999817
ID183,1970-03-31,1.1492999768257142
ID183,1970-06-30,431180.77999999817
ID183,1970-09-30,431180.77999999817
ID183,1970-12-31,1.1492999768257142
ID183,1971-03-31,431180.77999999817
ID183,1971-06-30,1.1492999768257142
ID183,1971-09-30,176104.25897236486
ID183,1971-12-31,431180.77999999817
ID183,1972-03-31,1.1492999768257142
ID183,1972-06-30,431180.77999999817
ID183,1972-09-30,431180.77999999817
ID183,1972-12-31,34431.393154602156
ID183,1973-03-31,431180.77999999817
ID183,1973-06-30,75456.21571112116
ID183,1973-09-30,1.1492999768257142
ID183,1973-12-31,431180.77999999817
ID183,1974-03-31,431180.77999999817
ID183,1974-06-30,1.1492999768257142
ID183,1974-09-30,431180.77999999817
ID183,1974-12-31,1.1492999768257142
ID183,1975-03-31,309255.61357608886
ID183,1975-06-30,431180.77999999817
ID183,1975-09-30,1.1492999768257142
ID183,1975-12-31,1.1492999768257142
ID183,1976-03-31,1.1492999768257142
ID183,1976-06-30,1.1492999768257142
ID183,1976-09-30,1.1492999768257142
ID183,1976-12-31,48117.700151421355
ID183,1977-03-31,397287.7602439383
ID183,1977-06-30,431180.77999999817
ID183,1977-09-30,1.1492999768257142
ID184,1969-12-31,1.1492999768257142
ID184,1970-03-31,1.1492999768257142
ID184,1970-06-30,431180.77999999817
ID184,1970-09-30,1.1492999768257142
ID184,1970-12-31,431180.77999999817
ID184,1971-03-31,431180.77999999817
ID184,1971-06-30,431180.77999999817
ID184,1971-09-30,100819.58789619549
ID184,1971-12-31,1.1492999768257142
ID184,1972-03-31,1.1492999768257142
ID184,1972-06-30,431180.77999999817
ID184,1972-09-30,431180.77999999817
ID184,1972-12-31,1.1492999768257142
ID184,1973-03-31,431180.77999999817
ID184,1973-06-30,1.1492999768257142
ID184,1973-09-30,1.1492999768257142
ID184,1973-12-31,431180.77999999817
ID184,1974-03-31,1.1492999768257142
ID184,1974-06-30,1.1492999768257142
ID184,1974-09-30,1.1492999768257142
ID184,1974-12-31,1.1492999768257142
ID184,1975-03-31,249819.96191763767
ID184,1975-06-30,431180.77999999817
ID184,1975-09-30,431180.77999999817
ID184,1975-12-31,1.1492999768257142
ID184,1976-03-31,1.1492999768257142
ID184,1976-06-30,1.1492999768257142
ID184,1976-09-30,1.1492999768257142
ID184,1976-12-31,1.1492999768257142
ID184,1977-03-31,57412.40525867967
ID184,1977-06-30,1.1492999768257142
ID184,1977-09-30,1.1492999768257142
ID185,1969-12-31,263097.0989458014
ID185,1970-03-31,1.1492999768257142
ID185,1970-06-30,1.1492999768257142
ID185,1970-09-30,1.1492999768257142
ID185,1970-12-31,1.1492999768257142
ID185,1971-03-31,431180.77999999817
ID185,1971-06-30,25168.649939696188
ID185,1971-09-30,1.1492999768257142
ID185,1971-12-31,431180.77999999817
ID185,1972-03-31,1.1492999768257142
ID185,1972-06-30,1.1492999768257142
ID185,1972-09-30,1.1492999768257142
ID185,1972-12-31,146884.99158862425
ID185,1973-03-31,1.1492999768257142
ID185,1973-06-30,1.1492999768257142
ID185,1973-09-30,1.1492999768257142
ID185,1973-12-31,1.1492999768257142
ID185,1974-03-31,431180.77999999817
ID185,1974-06-30,1.1492999768257142
ID185,1974-09-30,1.1492999768257142
ID185,1974-12-31,431180.77999999817
ID185,1975-03-31,1.1492999768257142
ID185,1975-06-30,1.1492999768257142
ID185,1975-09-30,1.1492999768257142
ID185,1975-12-31,431180.77999999817
ID185,1976-03-31,431180.77999999817
ID185,1976-06-30,1.1492999768257142
ID185,1976-09-30,431180.77999999817
ID185,1976-12-31,1.1492999768257142
ID185,1977-03-31,1.1492999768257142
ID185,1977-06-30,1.1492999768257142
ID185,1977-09-30,431180.77999999817
ID186,1969-12-31,431180.77999999817
ID186,1970-03-31,1.1492999768257142
ID186,1970-06-30,1.1492999768257142
ID186,1970-09-30,431180.77999999817
ID186,1970-12-31,111821.55106316335
ID186,1971-03-31,431180.77999999817
ID186,1971-06-30,1.1492999768257142
ID186,1971-09-30,1.1492999768257142
ID186,1971-12-31,1.1492999768257142
ID186,1972-03-31,431180.77999999817
ID186,1972-06-30,411661.9779048474
ID186,1972-09-30,431180.77999999817
ID186,1972-12-31,431180.77999999817
ID186,1973-03-31,1.1492999768257142
ID186,1973-06-30,431180.77999999817
ID186,1973-09-30,1.1492999768257142
ID186,1973-12-31,1.1492999768257142
ID186,1974-03-31,431180.77999999817
ID186,1974-06-30,1.1492999768257142
ID186,1974-09-30,1.1492999768257142
ID186,1974-12-31,1.1492999768257142
ID186,1975-03-31,431180.77999999817
ID186,1975-06-30,1.1492999768257142
ID186,1975-09-30,316410.287494729
ID186,1975-12-31,1.1492999768257142
ID186,1976-03-31,431180.77999999817
ID186,1976-06-30,215567.9127713486
ID186,1976-09-30,1.1492999768257142
ID186,1976-12-31,1.1492999768257142
ID186,1977-03-31,1.1492999768257142
ID186,1977-06-30,431180.77999999817
ID186,1977-09-30,1.1492999768257142
ID187,1969-12-31,431180.77999999817
ID187,1970-03-31,431180.77999999817
ID187,1970-06-30,431180.77999999817
ID187,1970-09-30,431180.77999999817
ID187,1970-12-31,278382.31525492284
ID187,1971-03-31,1.1492999768257142
ID187,1971-06-30,1.1492999768257142
ID187,1971-09-30,431180.77999999817
ID187,1971-12-31,1.1492999768257142
ID187,1972-03-31,1.1492999768257142
ID187,1972-06-30,1.1492999768257142
ID187,1972-09-30,1.1492999768257142
ID187,1972-12-31,1.1492999768257142
ID187,1973-03-31,1.1492999768257142
ID187,1973-06-30,1.1492999768257142
ID187,1973-09-30,1.1492999768257142
ID187,1973-12-31,1.1492999768257142
ID187,1974-03-31,431180.77999999817
ID187,1974-06-30,1.1492999768257142
ID187,1974-09-30,1.1492999768257142
ID187,1974-12-31,431180.77999999817
ID187,1975-03-31,1.1492999768257142
ID187,1975-06-30,431180.77999999817
ID187,1975-09-30,431180.77999999817
ID187,1975-12-31,1.1492999768257142
ID187,1976-03-31,431180.77999999817
ID187,1976-06-30,1.1492999768257142
ID187,1976-09-30,431180.77999999817
ID187,1976-12-31,1.1492999768257142
ID187,1977-03-31,431180.77999999817
ID187,1977-06-30,431180.77999999817
ID187,1977-09-30,1.1492999768257142
ID188,1969-12-31,431180.77999999817
ID188,1970-03-31,431180.77999999817
ID188,1970-06-30,431180.77999999817
ID188,1970-09-30,431180.77999999817
ID188,1970-12-31,1.1492999768257142
ID188,1971-03-31,1.1492999768257142
ID188,1971-06-30,431180.77999999817
ID188,1971-09-30,1.1492999768257142
ID188,1971-12-31,1.1492999768257142
ID188,1972-03-31,431180.77999999817
ID188,1972-06-30,1.1492999768257142
ID188,1972-09-30,377231.58951746114
ID188,1972-12-31,1.1492999768257142
ID188,1973-03-31,103235.77437859778
ID188,1973-06-30,1.1492999768257142
ID188,1973-09-30,1.1492999768257142
ID188,1973-12-31,1.1492999768257142
ID188,1974-03-31,1.1492999768257142
ID188,1974-06-30,431180.77999999817
ID188,1974-09-30,431180.77999999817
ID188,1974-12-31,1.1492999768257142
ID188,1975-03-31,1.1492999768257142
ID188,1975-06-30,1.1492999768257142
ID188,1975-09-30,1.1492999768257142
ID188,1975-12-31,1.1492999768257142
ID188,1976-03-31,1.1492999768257142
ID188,1976-06-30,1.1492999768257142
ID188,1976-09-30,1.1492999768257142
ID188,1976-12-31,299470.0515021515
ID188,1977-03-31,431180.77999999817
ID188,1977-06-30,431180.77999999817
ID188,1977-09-30,431180.77999999817
ID189,1969-12-31,1.1492999768257142
ID189,1970-03-31,1.1492999768257142
ID189,1970-06-30,56970.787604948026
ID189,1970-09-30,431180.77999999817
ID189,1970-12-31,1.1492999768257142
ID189,1971-03-31,325505.9661919326
ID189,1971-06-30,1.1492999768257142
ID189,1971-09-30,431180.77999999817
ID189,1971-12-31,431180.77999999817
ID189,1972-03-31,431180.77999999817
ID189,1972-06-30,431180.77999999817
ID189,1972-09-30,1.1492999768257142
ID189,1972-12-31,431180.77999999817
ID189,1973-03-31,1.1492999768257142
ID189,1973-06-30,1.1492999768257142
ID189,1973-09-30,1.1492999768257142
ID189,1973-12-31,1.1492999768257142
ID189,1974-03-31,1.1492999768257142
ID189,1974-06-30,1.1492999768257142
ID189,1974-09-30,1.1492999768257142
ID189,1974-12-31,431180.77999999817
ID189,1975-03-31,431180.77999999817
ID189,1975-06-30,431180.77999999817
ID189,1975-09-30,1.1492999768257142
ID189,1975-12-31,431180.77999999817
ID189,1976-03-31,431180.77999999817
ID189,1976-06-30,431180.77999999817
ID189,1976-09-30,1.1492999768257142
ID189,1976-12-31,1.1492999768257142
ID189,1977-03-31,1.1492999768257142
ID189,1977-06-30,1.1492999768257142
ID189,1977-09-30,1.1492999768257142
ID19,1978-06-30,431180.77999999817
ID19,1978-09-30,1.1492999768257142
ID19,1978-12-31,431180.77999999817
ID19,1979-03-31,1.1492999768257142
ID19,1979-06-30,50935.14540376724
ID19,1979-09-30,237385.28636289414
ID19,1979-12-31,1.1492999768257142
ID19,1980-03-31,431180.77999999817
ID19,1980-06-30,1.1492999768257142
ID19,1980-09-30,195979.1847226972
ID19,1980-12-31,1.1492999768257142
ID19,1981-03-31,1.1492999768257142
ID19,1981-06-30,1.1492999768257142
ID19,1981-09-30,1.1492999768257142
ID19,1981-12-31,289262.3668844384
ID19,1982-03-31,1.1492999768257142
ID19,1982-06-30,431180.77999999817
ID19,1982-09-30,1.1492999768257142
ID19,1982-12-31,431180.77999999817
ID19,1983-03-31,431180.77999999817
ID19,1983-06-30,431180.77999999817
ID19,1983-09-30,431180.77999999817
ID19,1983-12-31,1.1492999768257142
ID19,1984-03-31,431180.77999999817
ID19,1984-06-30,313500.4329204185
ID19,1984-09-30,431180.77999999817
ID19,1984-12-31,431180.77999999817
ID19,1985-03-31,135658.2447449126
ID19,1985-06-30,431180.77999999817
ID19,1985-09-30,221494.71002732872
ID192,1975-12-31,1.1492999768257142
ID192,1976-03-31,431180.77999999817
ID192,1976-06-30,1.1492999768257142
ID192,1976-09-30,1.1492999768257142
ID192,1976-12-31,1.1492999768257142
ID192,1977-03-31,1.1492999768257142
ID192,1977-06-30,308221.16582225077
ID192,1977-09-30,1.1492999768257142
ID192,1977-12-31,431180.77999999817
ID192,1978-03-31,1.1492999768257142
ID192,1978-06-30,431180.77999999817
ID192,1978-09-30,431180.77999999817
ID192,1978-12-31,431180.77999999817
ID192,1979-03-31,431180.77999999817
ID192,1979-06-30,1.1492999768257142
ID192,1979-09-30,1.1492999768257142
ID192,1979-12-31,431180.77999999817
ID192,1980-03-31,1.1492999768257142
ID192,1980-06-30,1.1492999768257142
ID192,1980-09-30,1.1492999768257142
ID192,1980-12-31,1.1492999768257142
ID192,1981-03-31,431180.77999999817
ID192,1981-06-30,1.1492999768257142
ID192,1981-09-30,431180.77999999817
ID192,1981-12-31,1.1492999768257142
ID192,1982-03-31,1.1492999768257142
ID192,1982-06-30,431180.77999999817
ID192,1982-09-30,1.1492999768257142
ID192,1982-12-31,431180.77999999817
ID192,1983-03-31,431180.77999999817
ID192,1983-06-30,1.1492999768257142
ID192,1983-09-30,431180.77999999817
ID192,1983-12-31,340892.80304752116
ID192,1984-03-31,1.1492999768257142
ID192,1984-06-30,431180.77999999817
ID192,1984-09-30,431180.77999999817
ID192,1984-12-31,1.1492999768257142
ID192,1985-03-31,431180.77999999817
ID192,1985-06-30,1.1492999768257142
ID192,1985-09-30,431180.77999999817
ID192,1985-12-31,1.1492999768257142
ID192,1986-03-31,285257.47810559365
ID192,1986-06-30,431180.77999999817
ID192,1986-09-30,1.1492999768257142
ID192,1986-12-31,431180.77999999817
ID192,1987-03-31,431180.77999999817
ID192,1987-06-30,431180.77999999817
ID192,1987-09-30,431180.77999999817
ID192,1987-12-31,1.1492999768257142
ID192,1988-03-31,1.1492999768257142
ID192,1988-06-30,431180.77999999817
ID192,1988-09-30,404064.52084609785
ID193,1975-12-31,1.1492999768257142
ID193,1976-03-31,431180.77999999817
ID193,1976-06-30,196800.62375631803
ID193,1976-09-30,1.1492999768257142
ID193,1976-12-31,282963.2603738152
ID193,1977-03-31,1.1492999768257142
ID193,1977-06-30,431180.77999999817
ID193,1977-09-30,431180.77999999817
ID193,1977-12-31,1.1492999768257142
ID193,1978-03-31,431180.77999999817
ID193,1978-06-30,1.1492999768257142
ID193,1978-09-30,1.1492999768257142
ID193,1978-12-31,431180.77999999817
ID193,1979-03-31,1.1492999768257142
ID193,1979-06-30,1.1492999768257142
ID193,1979-09-30,1.1492999768257142
ID193,1979-12-31,1.1492999768257142
ID193,1980-03-31,431180.77999999817
ID193,1980-06-30,1.1492999768257142
ID193,1980-09-30,431180.77999999817
ID193,1980-12-31,1.1492999768257142
ID193,1981-03-31,431180.77999999817
ID193,1981-06-30,431180.77999999817
ID193,1981-09-30,1.1492999768257142
ID193,1981-12-31,431180.77999999817
ID193,1982-03-31,431180.77999999817
ID193,1982-06-30,431180.77999999817
ID193,1982-09-30,1.1492999768257142
ID193,1982-12-31,1.1492999768257142
ID193,1983-03-31,1.1492999768257142
ID193,1983-06-30,431180.77999999817
ID193,1983-09-30,1.1492999768257142
ID193,1983-12-31,1.1492999768257142
ID193,1984-03-31,431180.77999999817
ID193,1984-06-30,431180.77999999817
ID193,1984-09-30,1.1492999768257142
ID193,1984-12-31,431180.77999999817
ID193,1985-03-31,1.1492999768257142
ID193,1985-06-30,1.1492999768257142
ID193,1985-09-30,1.1492999768257142
ID193,1985-12-31,431180.77999999817
ID193,1986-03-31,1.1492999768257142
ID193,1986-06-30,431180.77999999817
ID193,1986-09-30,263943.8908041405
ID194,1975-12-31,431180.77999999817
ID194,1976-03-31,255635.29010072874
ID194,1976-06-30,1.1492999768257142
ID194,1976-09-30,431180.77999999817
ID194,1976-12-31,1.1492999768257142
ID194,1977-03-31,1.1492999768257142
ID194,1977-06-30,431180.77999999817
ID194,1977-09-30,1.1492999768257142
ID194,1977-12-31,1.1492999768257142
ID194,1978-03-31,431180.77999999817
ID194,1978-06-30,1.1492999768257142
ID194,1978-09-30,431180.77999999817
ID194,1978-12-31,431180.77999999817
ID194,1979-03-31,1.1492999768257142
ID194,1979-06-30,1.1492999768257142
ID194,1979-09-30,1.1492999768257142
ID194,1979-12-31,1.1492999768257142
ID194,1980-03-31,431180.77999999817
ID194,1980-06-30,1.1492999768257142
ID194,1980-09-30,431180.77999999817
ID194,1980-12-31,431180.77999999817
ID194,1981-03-31,1.1492999768257142
ID194,1981-06-30,1.1492999768257142
ID194,1981-09-30,431180.77999999817
ID194,1981-12-31,1.1492999768257142
ID194,1982-03-31,431180.77999999817
ID194,1982-06-30,431180.77999999817
ID194,1982-09-30,1.1492999768257142
ID194,1982-12-31,431180.77999999817
ID194,1983-03-31,319495.145495618
ID194,1983-06-30,1.1492999768257142
ID194,1983-09-30,1.1492999768257142
ID194,1983-12-31,1.1492999768257142
ID194,1984-03-31,1.1492999768257142
ID194,1984-06-30,431180.77999999817
ID194,1984-09-30,431180.77999999817
ID195,1975-12-31,431180.77999999817
ID195,1976-03-31,1.1492999768257142
ID195,1976-06-30,431180.77999999817
ID195,1976-09-30,431180.77999999817
ID195,1976-12-31,1.1492999768257142
ID195,1977-03-31,431180.77999999817
ID195,1977-06-30,1.1492999768257142
ID195,1977-09-30,431180.77999999817
ID195,1977-12-31,431180.77999999817
ID195,1978-03-31,1.1492999768257142
ID195,1978-06-30,1.1492999768257142
ID195,1978-09-30,1.1492999768257142
ID195,1978-12-31,431180.77999999817
ID195,1979-03-31,66336.75250329901
ID195,1979-06-30,1.1492999768257142
ID195,1979-09-30,1.1492999768257142
ID195,1979-12-31,234882.41981807086
ID195,1980-03-31,1.1492999768257142
ID195,1980-06-30,431180.77999999817
ID195,1980-09-30,1.1492999768257142
ID195,1980-12-31,431180.77999999817
ID195,1981-03-31,165738.25153627575
ID195,1981-06-30,1.1492999768257142
ID195,1981-09-30,431180.77999999817
ID195,1981-12-31,1.1492999768257142
ID195,1982-03-31,227534.17380528385
ID195,1982-06-30,1.1492999768257142
ID195,1982-09-30,431180.77999999817
ID195,1982-12-31,431180.77999999817
ID195,1983-03-31,1.1492999768257142
ID195,1983-06-30,110435.03184118246
ID195,1983-09-30,431180.77999999817
ID195,1983-12-31,431180.77999999817
ID195,1984-03-31,431180.77999999817
ID195,1984-06-30,431180.77999999817
ID195,1984-09-30,1.1492999768257142
ID196,1975-12-31,154043.53614002396
ID196,1976-03-31,1.1492999768257142
ID196,1976-06-30,431180.77999999817
ID196,1976-09-30,431180.77999999817
ID196,1976-12-31,1.1492999768257142
ID196,1977-03-31,431180.77999999817
ID196,1977-06-30,1.1492999768257142
ID196,1977-09-30,1.1492999768257142
ID196,1977-12-31,1.1492999768257142
ID196,1978-03-31,1.1492999768257142
ID196,1978-06-30,49231.257087206155
ID196,1978-09-30,1.1492999768257142
ID196,1978-12-31,431180.77999999817
ID196,1979-03-31,1.1492999768257142
ID196,1979-06-30,1.1492999768257142
ID196,1979-09-30,431180.77999999817
ID196,1979-12-31,1.1492999768257142
ID196,1980-03-31,237160.01511154103
ID196,1980-06-30,431180.77999999817
ID196,1980-09-30,106392.77555605155
ID196,1980-12-31,1.1492999768257142
ID196,1981-03-31,1.1492999768257142
ID196,1981-06-30,1.1492999768257142
ID196,1981-09-30,1.1492999768257142
ID196,1981-12-31,431180.77999999817
ID196,1982-03-31,431180.77999999817
ID196,1982-06-30,431180.77999999817
ID196,1982-09-30,431180.77999999817
ID196,1982-12-31,431180.77999999817
ID196,1983-03-31,431180.77999999817
ID196,1983-06-30,1.1492999768257142
ID196,1983-09-30,431180.77999999817
ID196,1983-12-31,1.1492999768257142
ID196,1984-03-31,1.1492999768257142
ID196,1984-06-30,431180.77999999817
ID196,1984-09-30,431180.77999999817
ID197,1975-12-31,1.1492999768257142
ID197,1976-03-31,385409.8025664873
ID197,1976-06-30,1.1492999768257142
ID197,1976-09-30,431180.77999999817
ID197,1976-12-31,431180.77999999817
ID197,1977-03-31,1.1492999768257142
ID197,1977-06-30,1.1492999768257142
ID197,1977-09-30,431180.77999999817
ID197,1977-12-31,1.1492999768257142
ID197,1978-03-31,1.1492999768257142
ID197,1978-06-30,1.1492999768257142
ID197,1978-09-30,324830.9862669601
ID197,1978-12-31,1.1492999768257142
ID197,1979-03-31,1.1492999768257142
ID197,1979-06-30,431180.77999999817
ID197,1979-09-30,1.1492999768257142
ID197,1979-12-31,1.1492999768257142
ID197,1980-03-31,1.1492999768257142
ID197,1980-06-30,1.1492999768257142
ID197,1980-09-30,431180.77999999817
ID197,1980-12-31,251019.49723126667
ID197,1981-03-31,1.1492999768257142
ID197,1981-06-30,431180.77999999817
ID197,1981-09-30,1.1492999768257142
ID197,1981-12-31,431180.77999999817
ID197,1982-03-31,431180.77999999817
ID197,1982-06-30,1.1492999768257142
ID197,1982-09-30,431180.77999999817
ID197,1982-12-31,431180.77999999817
ID197,1983-03-31,1.1492999768257142
ID197,1983-06-30,431180.77999999817
ID197,1983-09-30,1.1492999768257142
ID197,1983-12-31,431180.77999999817
ID197,1984-03-31,1.1492999768257142
ID197,1984-06-30,431180.77999999817
ID197,1984-09-30,431180.77999999817
ID197,1984-12-31,431180.77999999817
ID197,1985-03-31,431180.77999999817
ID197,1985-06-30,431180.77999999817
ID197,1985-09-30,1.1492999768257142
ID197,1985-12-31,431180.77999999817
ID197,1986-03-31,431180.77999999817
ID197,1986-06-30,1.1492999768257142
ID197,1986-09-30,431180.77999999817
ID198,1975-12-31,1.1492999768257142
ID198,1976-03-31,201218.2722994648
ID198,1976-06-30,181618.41994394478
ID198,1976-09-30,1.1492999768257142
ID198,1976-12-31,431180.77999999817
ID198,1977-03-31,1.1492999768257142
ID198,1977-06-30,1.1492999768257142
ID198,1977-09-30,1.1492999768257142
ID198,1977-12-31,1.1492999768257142
ID198,1978-03-31,431180.77999999817
ID198,1978-06-30,431180.77999999817
ID198,1978-09-30,1.1492999768257142
ID198,1978-12-31,1.1492999768257142
ID198,1979-03-31,431180.77999999817
ID198,1979-06-30,1.1492999768257142
ID198,1979-09-30,431180.77999999817
ID198,1979-12-31,431180.77999999817
ID198,1980-03-31,1.1492999768257142
ID198,1980-06-30,1.1492999768257142
ID198,1980-09-30,1.1492999768257142
ID198,1980-12-31,348549.3572465476
ID198,1981-03-31,431180.77999999817
ID198,1981-06-30,1.1492999768257142
ID198,1981-09-30,431180.77999999817
ID198,1981-12-31,252807.41701000166
ID198,1982-03-31,1.1492999768257142
ID198,1982-06-30,1.1492999768257142
ID198,1982-09-30,431180.77999999817
ID198,1982-12-31,1.1492999768257142
ID198,1983-03-31,1.1492999768257142
ID198,1983-06-30,1.1492999768257142
ID198,1983-09-30,269593.84070526436
ID198,1983-12-31,431180.77999999817
ID198,1984-03-31,1.1492999768257142
ID198,1984-06-30,431180.77999999817
ID198,1984-09-30,165337.20466951444
ID199,1975-12-31,431180.77999999817
ID199,1976-03-31,431180.77999999817
ID199,1976-06-30,431180.77999999817
ID199,1976-09-30,431180.77999999817
ID199,1976-12-31,431180.77999999817
ID199,1977-03-31,431180.77999999817
ID199,1977-06-30,431180.77999999817
ID199,1977-09-30,1.1492999768257142
ID199,1977-12-31,431180.77999999817
ID199,1978-03-31,1.1492999768257142
ID199,1978-06-30,1.1492999768257142
ID199,1978-09-30,296329.778614693
ID199,1978-12-31,431180.77999999817
ID199,1979-03-31,431180.77999999817
ID199,1979-06-30,431180.77999999817
ID199,1979-09-30,1.1492999768257142
ID199,1979-12-31,1.1492999768257142
ID199,1980-03-31,431180.77999999817
ID199,1980-06-30,431180.77999999817
ID199,1980-09-30,1.1492999768257142
ID199,1980-12-31,1.1492999768257142
ID199,1981-03-31,1.1492999768257142
ID199,1981-06-30,1.1492999768257142
ID199,1981-09-30,1.1492999768257142
ID199,1981-12-31,431180.77999999817
ID199,1982-03-31,185223.4741656562
ID199,1982-06-30,431180.77999999817
ID199,1982-09-30,431180.77999999817
ID199,1982-12-31,431180.77999999817
ID199,1983-03-31,431180.77999999817
ID199,1983-06-30,431180.77999999817
ID199,1983-09-30,1.1492999768257142
ID199,1983-12-31,246329.9216371163
ID199,1984-03-31,1.1492999768257142
ID199,1984-06-30,1.1492999768257142
ID199,1984-09-30,1.1492999768257142
ID2,1975-12-31,431180.77999999817
ID2,1976-03-31,326287.1573993612
ID2,1976-06-30,1.1492999768257142
ID2,1976-09-30,403348.97198625776
ID2,1976-12-31,1.1492999768257142
ID2,1977-03-31,1.1492999768257142
ID2,1977-06-30,431180.77999999817
ID2,1977-09-30,431180.77999999817
ID2,1977-12-31,431180.77999999817
ID2,1978-03-31,431180.77999999817
ID2,1978-06-30,431180.77999999817
ID2,1978-09-30,431180.77999999817
ID2,1978-12-31,418750.22294553794
ID2,1979-03-31,431180.77999999817
ID2,1979-06-30,1.1492999768257142
ID2,1979-09-30,431180.77999999817
ID2,1979-12-31,431180.77999999817
ID2,1980-03-31,1.1492999768257142
ID2,1980-06-30,95768.56608542647
ID2,1980-09-30,431180.77999999817
ID2,1980-12-31,431180.77999999817
ID2,1981-03-31,431180.77999999817
ID2,1981-06-30,431180.77999999817
ID2,1981-09-30,1.1492999768257142
ID2,1981-12-31,1.1492999768257142
ID2,1982-03-31,431180.77999999817
ID2,1982-06-30,1.1492999768257142
ID2,1982-09-30,1.1492999768257142
ID2,1982-12-31,139501.66395030444
ID2,1983-03-31,1.1492999768257142
ID2,1983-06-30,1.1492999768257142
ID2,1983-09-30,431180.77999999817
ID2,1983-12-31,431180.77999999817
ID2,1984-03-31,1.1492999768257142
ID2,1984-06-30,346605.27991058014
ID2,1984-09-30,1.1492999768257142
ID2,1984-12-31,1.1492999768257142
ID2,1985-03-31,1.1492999768257142
ID2,1985-06-30,1.1492999768257142
ID2,1985-09-30,1.1492999768257142
ID2,1985-12-31,1.1492999768257142
ID2,1986-03-31,431180.77999999817
ID2,1986-06-30,431180.77999999817
ID2,1986-09-30,431180.77999999817
ID20,1973-12-31,1.1492999768257142
ID20,1974-03-31,431180.77999999817
ID20,1974-06-30,107325.71709555078
ID20,1974-09-30,1.1492999768257142
ID20,1974-12-31,431180.77999999817
ID20,1975-03-31,1.1492999768257142
ID20,1975-06-30,431180.77999999817
ID20,1975-09-30,1.1492999768257142
ID20,1975-12-31,1.1492999768257142
ID20,1976-03-31,431180.77999999817
ID20,1976-06-30,1.1492999768257142
ID20,1976-09-30,431180.77999999817
ID20,1976-12-31,1.1492999768257142
ID20,1977-03-31,1.1492999768257142
ID20,1977-06-30,431180.77999999817
ID20,1977-09-30,1.1492999768257142
ID20,1977-12-31,431180.77999999817
ID20,1978-03-31,431180.77999999817
ID20,1978-06-30,127173.86160171824
ID20,1978-09-30,431180.77999999817
ID200,1975-12-31,1.1492999768257142
ID200,1976-03-31,178530.61934789002
ID200,1976-06-30,431180.77999999817
ID200,1976-09-30,1.1492999768257142
ID200,1976-12-31,431180.77999999817
ID200,1977-03-31,431180.77999999817
ID200,1977-06-30,1.1492999768257142
ID200,1977-09-30,431180.77999999817
ID200,1977-12-31,431180.77999999817
ID200,1978-03-31,269110.51120468596
ID200,1978-06-30,1.1492999768257142
ID200,1978-09-30,431180.77999999817
ID200,1978-12-31,1.1492999768257142
ID200,1979-03-31,242649.5652254501
ID200,1979-06-30,1.1492999768257142
ID200,1979-09-30,1.1492999768257142
ID200,1979-12-31,86216.95921255213
ID200,1980-03-31,277537.40823933925
ID200,1980-06-30,1.1492999768257142
ID200,1980-09-30,1.1492999768257142
ID200,1980-12-31,1.1492999768257142
ID200,1981-03-31,431180.77999999817
ID200,1981-06-30,431180.77999999817
ID200,1981-09-30,431180.77999999817
ID200,1981-12-31,431180.77999999817
ID200,1982-03-31,1.1492999768257142
ID200,1982-06-30,431180.77999999817
ID200,1982-09-30,1.1492999768257142
ID200,1982-12-31,431180.77999999817
ID200,1983-03-31,431180.77999999817
ID200,1983-06-30,1.1492999768257142
ID200,1983-09-30,431180.77999999817
ID200,1983-12-31,1.1492999768257142
ID200,1984-03-31,1.1492999768257142
ID200,1984-06-30,289781.4000926629
ID200,1984-09-30,1.1492999768257142
ID201,1975-12-31,1.1492999768257142
ID201,1976-03-31,1.1492999768257142
ID201,1976-06-30,431180.77999999817
ID201,1976-09-30,1.1492999768257142
ID201,1976-12-31,1.1492999768257142
ID201,1977-03-31,1.1492999768257142
ID201,1977-06-30,1.1492999768257142
ID201,1977-09-30,431180.77999999817
ID201,1977-12-31,431180.77999999817
ID201,1978-03-31,1.1492999768257142
ID201,1978-06-30,1.1492999768257142
ID201,1978-09-30,431180.77999999817
ID201,1978-12-31,431180.77999999817
ID201,1979-03-31,302301.29033692257
ID201,1979-06-30,1.1492999768257142
ID201,1979-09-30,1.1492999768257142
ID201,1979-12-31,431180.77999999817
ID201,1980-03-31,431180.77999999817
ID201,1980-06-30,431180.77999999817
ID201,1980-09-30,208969.64155461537
ID201,1980-12-31,1.1492999768257142
ID201,1981-03-31,193949.30585157886
ID201,1981-06-30,431180.77999999817
ID201,1981-09-30,1.1492999768257142
ID201,1981-12-31,1.1492999768257142
ID201,1982-03-31,431180.77999999817
ID201,1982-06-30,431180.77999999817
ID201,1982-09-30,1.1492999768257142
ID201,1982-12-31,431180.77999999817
ID201,1983-03-31,1.1492999768257142
ID201,1983-06-30,1.1492999768257142
ID201,1983-09-30,1.1492999768257142
ID201,1983-12-31,431180.77999999817
ID201,1984-03-31,431180.77999999817
ID201,1984-06-30,132754.64829003607
ID201,1984-09-30,1.1492999768257142
ID202,1975-12-31,431180.77999999817
ID202,1976-03-31,1.1492999768257142
ID202,1976-06-30,431180.77999999817
ID202,1976-09-30,431180.77999999817
ID202,1976-12-31,131005.80646445889
ID202,1977-03-31,431180.77999999817
ID202,1977-06-30,1.1492999768257142
ID202,1977-09-30,431180.77999999817
ID202,1977-12-31,431180.77999999817
ID202,1978-03-31,1.1492999768257142
ID202,1978-06-30,431180.77999999817
ID202,1978-09-30,1.1492999768257142
ID202,1978-12-31,1.1492999768257142
ID202,1979-03-31,1.1492999768257142
ID202,1979-06-30,423221.27728485066
ID202,1979-09-30,1.1492999768257142
ID202,1979-12-31,1.1492999768257142
ID202,1980-03-31,1.1492999768257142
ID202,1980-06-30,431180.77999999817
ID202,1980-09-30,1.1492999768257142
ID202,1980-12-31,1.1492999768257142
ID202,1981-03-31,431180.77999999817
ID202,1981-06-30,431180.77999999817
ID202,1981-09-30,431180.77999999817
ID202,1981-12-31,431180.77999999817
ID202,1982-03-31,1.1492999768257142
ID202,1982-06-30,300951.97660189774
ID202,1982-09-30,423142.4679416558
ID202,1982-12-31,259581.70617271043
ID202,1983-03-31,431180.77999999817
ID202,1983-06-30,1.1492999768257142
ID202,1983-09-30,1.1492999768257142
ID202,1983-12-31,1.1492999768257142
ID202,1984-03-31,1.1492999768257142
ID202,1984-06-30,1.1492999768257142
ID202,1984-09-30,431180.77999999817
ID21,1978-06-30,21572.270371676383
ID21,1978-09-30,1.1492999768257142
ID21,1978-12-31,431180.77999999817
ID21,1979-03-31,1.1492999768257142
ID21,1979-06-30,431180.77999999817
ID21,1979-09-30,1.1492999768257142
ID21,1979-12-31,431180.77999999817
ID21,1980-03-31,1.1492999768257142
ID21,1980-06-30,431180.77999999817
ID21,1980-09-30,1.1492999768257142
ID21,1980-12-31,431180.77999999817
ID21,1981-03-31,431180.77999999817
ID21,1981-06-30,373292.1564649629
ID21,1981-09-30,371811.34859313926
ID21,1981-12-31,1.1492999768257142
ID21,1982-03-31,431180.77999999817
ID21,1982-06-30,1.1492999768257142
ID21,1982-09-30,205603.9060551077
ID21,1982-12-31,431180.77999999817
ID21,1983-03-31,41161.93483776928
ID21,1983-06-30,1.1492999768257142
ID21,1983-09-30,431180.77999999817
ID21,1983-12-31,270781.98992297146
ID21,1984-03-31,1.1492999768257142
ID21,1984-06-30,1.1492999768257142
ID21,1984-09-30,1.1492999768257142
ID21,1984-12-31,431180.77999999817
ID21,1985-03-31,1.1492999768257142
ID21,1985-06-30,1.1492999768257142
ID21,1985-09-30,431180.77999999817
ID21,1985-12-31,121434.87140141755
ID21,1986-03-31,431180.77999999817
ID21,1986-06-30,431180.77999999817
ID21,1986-09-30,431180.77999999817
ID21,1986-12-31,431180.77999999817
ID21,1987-03-31,1.1492999768257142
ID21,1987-06-30,136439.2154791291
ID21,1987-09-30,1.1492999768257142
ID22,1977-09-30,1.1492999768257142
ID22,1977-12-31,291469.2931509373
ID22,1978-03-31,1.1492999768257142
ID22,1978-06-30,1.1492999768257142
ID22,1978-09-30,1.1492999768257142
ID22,1978-12-31,1.1492999768257142
ID22,1979-03-31,1.1492999768257142
ID22,1979-06-30,168067.16199702804
ID22,1979-09-30,1.1492999768257142
ID22,1979-12-31,238783.8075482154
ID22,1980-03-31,431180.77999999817
ID22,1980-06-30,431180.77999999817
ID22,1980-09-30,1.1492999768257142
ID22,1980-12-31,1.1492999768257142
ID22,1981-03-31,1.1492999768257142
ID22,1981-06-30,1.1492999768257142
ID22,1981-09-30,1.1492999768257142
ID22,1981-12-31,1.1492999768257142
ID22,1982-03-31,1.1492999768257142
ID22,1982-06-30,154236.9079629203
ID22,1982-09-30,431180.77999999817
ID22,1982-12-31,431180.77999999817
ID22,1983-03-31,431180.77999999817
ID22,1983-06-30,1.1492999768257142
ID22,1983-09-30,1.1492999768257142
ID22,1983-12-31,100046.138732776
ID22,1984-03-31,431180.77999999817
ID22,1984-06-30,431180.77999999817
ID22,1984-09-30,431180.77999999817
ID22,1984-12-31,1.1492999768257142
ID22,1985-03-31,1.1492999768257142
ID22,1985-06-30,1.1492999768257142
ID22,1985-09-30,71644.15801559045
ID22,1985-12-31,431180.77999999817
ID22,1986-03-31,431180.77999999817
ID22,1986-06-30,431180.77999999817
ID22,1986-09-30,1.1492999768257142
ID22,1986-12-31,1.1492999768257142
ID22,1987-03-31,431180.77999999817
ID22,1987-06-30,132727.5371985736
ID22,1987-09-30,1.1492999768257142
ID22,1987-12-31,1.1492999768257142
ID22,1988-03-31,1.1492999768257142
ID22,1988-06-30,1.1492999768257142
ID22,1988-09-30,1.1492999768257142
ID22,1988-12-31,1.1492999768257142
ID22,1989-03-31,431180.77999999817
ID22,1989-06-30,431180.77999999817
ID22,1989-09-30,1.1492999768257142
ID22,1989-12-31,1.1492999768257142
ID22,1990-03-31,1.1492999768257142
ID22,1990-06-30,136093.79071433833
ID22,1990-09-30,422901.9573104061
ID22,1990-12-31,1.1492999768257142
ID22,1991-03-31,1.1492999768257142
ID22,1991-06-30,1.1492999768257142
ID22,1991-09-30,431180.77999999817
ID22,1991-12-31,431180.77999999817
ID22,1992-03-31,431180.77999999817
ID22,1992-06-30,431180.77999999817
ID22,1992-09-30,431180.77999999817
ID22,1992-12-31,431180.77999999817
ID22,1993-03-31,431180.77999999817
ID22,1993-06-30,431180.77999999817
ID22,1993-09-30,1.1492999768257142
ID22,1993-12-31,238964.69613246908
ID22,1994-03-31,431180.77999999817
ID22,1994-06-30,431180.77999999817
ID22,1994-09-30,1.1492999768257142
ID22,1994-12-31,1.1492999768257142
ID22,1995-03-31,431180.77999999817
ID22,1995-06-30,431180.77999999817
ID22,1995-09-30,431180.77999999817
ID22,1995-12-31,431180.77999999817
ID22,1996-03-31,431180.77999999817
ID22,1996-06-30,1.1492999768257142
ID22,1996-09-30,1.1492999768257142
ID22,1996-12-31,431180.77999999817
ID22,1997-03-31,12420.813938025482
ID22,1997-06-30,1.1492999768257142
ID22,1997-09-30,1.1492999768257142
ID22,1997-12-31,1.1492999768257142
ID22,1998-03-31,1.1492999768257142
ID22,1998-06-30,431180.77999999817
ID22,1998-09-30,431180.77999999817
ID22,1998-12-31,431180.77999999817
ID22,1999-03-31,431180.77999999817
ID22,1999-06-30,431180.77999999817
ID22,1999-09-30,431180.77999999817
ID22,1999-12-31,431180.77999999817
ID22,2000-03-31,431180.77999999817
ID22,2000-06-30,431180.77999999817
ID22,2000-09-30,431180.77999999817
ID22,2000-12-31,1.1492999768257142
ID22,2001-03-31,334795.1961895957
ID22,2001-06-30,301408.7204638169
ID22,2001-09-30,1.1492999768257142
ID22,2001-12-31,431180.77999999817
ID22,2002-03-31,431180.77999999817
ID22,2002-06-30,431180.77999999817
ID22,2002-09-30,1.1492999768257142
ID22,2002-12-31,1.1492999768257142
ID23,1977-12-31,1.1492999768257142
ID23,1978-03-31,1.1492999768257142
ID23,1978-06-30,1.1492999768257142
ID23,1978-09-30,431180.77999999817
ID23,1978-12-31,1.1492999768257142
ID23,1979-03-31,431180.77999999817
ID23,1979-06-30,431180.77999999817
ID23,1979-09-30,1.1492999768257142
ID23,1979-12-31,431180.77999999817
ID23,1980-03-31,431180.77999999817
ID23,1980-06-30,431180.77999999817
ID23,1980-09-30,431180.77999999817
ID23,1980-12-31,1.1492999768257142
ID23,1981-03-31,1.1492999768257142
ID23,1981-06-30,431180.77999999817
ID23,1981-09-30,431180.77999999817
ID23,1981-12-31,277327.94419369125
ID23,1982-03-31,1.1492999768257142
ID23,1982-06-30,431180.77999999817
ID23,1982-09-30,408129.8592770994
ID23,1982-12-31,1.1492999768257142
ID23,1983-03-31,431180.77999999817
ID23,1983-06-30,1.1492999768257142
ID23,1983-09-30,431180.77999999817
ID23,1983-12-31,337204.2754972382
ID23,1984-03-31,1.1492999768257142
ID23,1984-06-30,431180.77999999817
ID23,1984-09-30,1.1492999768257142
ID23,1984-12-31,1.1492999768257142
ID23,1985-03-31,1.1492999768257142
ID23,1985-06-30,1.1492999768257142
ID23,1985-09-30,1.1492999768257142
ID23,1985-12-31,267337.9184015268
ID23,1986-03-31,1.1492999768257142
ID23,1986-06-30,1.1492999768257142
ID23,1986-09-30,1.1492999768257142
ID23,1986-12-31,431180.77999999817
ID23,1987-03-31,431180.77999999817
ID23,1987-06-30,1.1492999768257142
ID24,1977-12-31,17615.501812954124
ID24,1978-03-31,1.1492999768257142
ID24,1978-06-30,1.1492999768257142
ID24,1978-09-30,357743.98481660866
ID24,1978-12-31,431180.77999999817
ID24,1979-03-31,431180.77999999817
ID24,1979-06-30,431180.77999999817
ID24,1979-09-30,431180.77999999817
ID24,1979-12-31,431180.77999999817
ID24,1980-03-31,1.1492999768257142
ID24,1980-06-30,77334.59546817445
ID24,1980-09-30,1.1492999768257142
ID24,1980-12-31,431180.77999999817
ID24,1981-03-31,1.1492999768257142
ID24,1981-06-30,1.1492999768257142
ID24,1981-09-30,1.1492999768257142
ID24,1981-12-31,431180.77999999817
ID24,1982-03-31,10256.694517840184
ID24,1982-06-30,1.1492999768257142
ID24,1982-09-30,431180.77999999817
ID24,1982-12-31,1.1492999768257142
ID24,1983-03-31,1.1492999768257142
ID24,1983-06-30,1.1492999768257142
ID24,1983-09-30,341079.6659088371
ID24,1983-12-31,1.1492999768257142
ID24,1984-03-31,1.1492999768257142
ID24,1984-06-30,1.1492999768257142
ID24,1984-09-30,1.1492999768257142
ID24,1984-12-31,1.1492999768257142
ID24,1985-03-31,1.1492999768257142
ID24,1985-06-30,1.1492999768257142
ID24,1985-09-30,431180.77999999817
ID24,1985-12-31,431180.77999999817
ID24,1986-03-31,431180.77999999817
ID24,1986-06-30,1.1492999768257142
ID24,1986-09-30,431180.77999999817
ID24,1986-12-31,1.1492999768257142
ID24,1987-03-31,431180.77999999817
ID24,1987-06-30,1.1492999768257142
ID25,1977-12-31,431180.77999999817
ID25,1978-03-31,411046.44989849714
ID25,1978-06-30,1.1492999768257142
ID25,1978-09-30,1.1492999768257142
ID25,1978-12-31,1.1492999768257142
ID25,1979-03-31,431180.77999999817
ID25,1979-06-30,1.1492999768257142
ID25,1979-09-30,1.1492999768257142
ID25,1979-12-31,87628.98836884319
ID25,1980-03-31,174659.07591726995
ID25,1980-06-30,431180.77999999817
ID25,1980-09-30,1.1492999768257142
ID25,1980-12-31,431180.77999999817
ID25,1981-03-31,1.1492999768257142
ID25,1981-06-30,431180.77999999817
ID25,1981-09-30,1.1492999768257142
ID25,1981-12-31,431180.77999999817
ID25,1982-03-31,1.1492999768257142
ID25,1982-06-30,431180.77999999817
ID25,1982-09-30,1.1492999768257142
ID25,1982-12-31,431180.77999999817
ID25,1983-03-31,1.1492999768257142
ID25,1983-06-30,431180.77999999817
ID25,1983-09-30,431180.77999999817
ID25,1983-12-31,1.1492999768257142
ID25,1984-03-31,1.1492999768257142
ID25,1984-06-30,431180.77999999817
ID25,1984-09-30,1.1492999768257142
ID25,1984-12-31,431180.77999999817
ID25,1985-03-31,1.1492999768257142
ID25,1985-06-30,1.1492999768257142
ID25,1985-09-30,298190.9574787421
ID25,1985-12-31,211547.23700418728
ID25,1986-03-31,1.1492999768257142
ID25,1986-06-30,1.1492999768257142
ID25,1986-09-30,431180.77999999817
ID25,1986-12-31,431180.77999999817
ID25,1987-03-31,1.1492999768257142
ID25,1987-06-30,1.1492999768257142
ID26,1977-12-31,1.1492999768257142
ID26,1978-03-31,1.1492999768257142
ID26,1978-06-30,1.1492999768257142
ID26,1978-09-30,431180.77999999817
ID26,1978-12-31,1.1492999768257142
ID26,1979-03-31,431180.77999999817
ID26,1979-06-30,431180.77999999817
ID26,1979-09-30,1.1492999768257142
ID26,1979-12-31,182767.70393584497
ID26,1980-03-31,431180.77999999817
ID26,1980-06-30,431180.77999999817
ID26,1980-09-30,1.1492999768257142
ID26,1980-12-31,431180.77999999817
ID26,1981-03-31,431180.77999999817
ID26,1981-06-30,1.1492999768257142
ID26,1981-09-30,431180.77999999817
ID26,1981-12-31,431180.77999999817
ID26,1982-03-31,1.1492999768257142
ID26,1982-06-30,1.1492999768257142
ID26,1982-09-30,1.1492999768257142
ID26,1982-12-31,1.1492999768257142
ID26,1983-03-31,1.1492999768257142
ID26,1983-06-30,1.1492999768257142
ID26,1983-09-30,431180.77999999817
ID27,1977-12-31,339881.68337815395
ID27,1978-03-31,1.1492999768257142
ID27,1978-06-30,431180.77999999817
ID27,1978-09-30,431180.77999999817
ID27,1978-12-31,431180.77999999817
ID27,1979-03-31,234554.16596402455
ID27,1979-06-30,1.1492999768257142
ID27,1979-09-30,1.1492999768257142
ID27,1979-12-31,1.1492999768257142
ID27,1980-03-31,73985.88238966576
ID27,1980-06-30,1.1492999768257142
ID27,1980-09-30,1.1492999768257142
ID27,1980-12-31,66700.31609376834
ID27,1981-03-31,435.12775273440076
ID28,1977-12-31,1.1492999768257142
ID28,1978-03-31,419540.454926972
ID28,1978-06-30,431180.77999999817
ID28,1978-09-30,431180.77999999817
ID28,1978-12-31,1.1492999768257142
ID28,1979-03-31,1.1492999768257142
ID28,1979-06-30,431180.77999999817
ID28,1979-09-30,431180.77999999817
ID28,1979-12-31,1.1492999768257142
ID28,1980-03-31,431180.77999999817
ID28,1980-06-30,384735.3128485997
ID28,1980-09-30,1.1492999768257142
ID28,1980-12-31,375384.6282467095
ID28,1981-03-31,1.1492999768257142
ID28,1981-06-30,431180.77999999817
ID28,1981-09-30,31344.383726572836
ID28,1981-12-31,431180.77999999817
ID28,1982-03-31,86064.33561475719
ID28,1982-06-30,1.1492999768257142
ID28,1982-09-30,1.1492999768257142
ID28,1982-12-31,431180.77999999817
ID28,1983-03-31,1.1492999768257142
ID28,1983-06-30,431180.77999999817
ID28,1983-09-30,1.1492999768257142
ID28,1983-12-31,1.1492999768257142
ID28,1984-03-31,277484.42461781285
ID29,1977-12-31,431180.77999999817
ID29,1978-03-31,431180.77999999817
ID29,1978-06-30,1.1492999768257142
ID29,1978-09-30,1.1492999768257142
ID29,1978-12-31,1.1492999768257142
ID29,1979-03-31,431180.77999999817
ID29,1979-06-30,1.1492999768257142
ID29,1979-09-30,431180.77999999817
ID29,1979-12-31,1.1492999768257142
ID29,1980-03-31,72425.58475712485
ID29,1980-06-30,1.1492999768257142
ID29,1980-09-30,431180.77999999817
ID29,1980-12-31,1.1492999768257142
ID29,1981-03-31,431180.77999999817
ID29,1981-06-30,1.1492999768257142
ID29,1981-09-30,431180.77999999817
ID29,1981-12-31,1.1492999768257142
ID29,1982-03-31,274366.07480185194
ID29,1982-06-30,1.1492999768257142
ID29,1982-09-30,431180.77999999817
ID29,1982-12-31,431180.77999999817
ID29,1983-03-31,299585.99867554306
ID29,1983-06-30,1.1492999768257142
ID29,1983-09-30,179600.16651381692
ID29,1983-12-31,1.1492999768257142
ID29,1984-03-31,431180.77999999817
ID3,1977-06-30,1.1492999768257142
ID3,1977-09-30,1.1492999768257142
ID3,1977-12-31,1.1492999768257142
ID3,1978-03-31,310612.5665543411
ID3,1978-06-30,343594.383073054
ID3,1978-09-30,431180.77999999817
ID3,1978-12-31,431180.77999999817
ID3,1979-03-31,1.1492999768257142
ID3,1979-06-30,1.1492999768257142
ID3,1979-09-30,314835.9487905685
ID3,1979-12-31,431180.77999999817
ID3,1980-03-31,1.1492999768257142
ID3,1980-06-30,1.1492999768257142
ID3,1980-09-30,1.1492999768257142
ID3,1980-12-31,1.1492999768257142
ID3,1981-03-31,1.1492999768257142
ID3,1981-06-30,1.1492999768257142
ID3,1981-09-30,1.1492999768257142
ID3,1981-12-31,431180.77999999817
ID3,1982-03-31,349328.33236139023
ID3,1982-06-30,1.1492999768257142
ID3,1982-09-30,44406.463409052376
ID3,1982-12-31,1.1492999768257142
ID3,1983-03-31,431180.77999999817
ID3,1983-06-30,431180.77999999817
ID3,1983-09-30,431180.77999999817
ID3,1983-12-31,1.1492999768257142
ID3,1984-03-31,1.1492999768257142
ID3,1984-06-30,1.1492999768257142
ID3,1984-09-30,1.1492999768257142
ID3,1984-12-31,1.1492999768257142
ID3,1985-03-31,1.1492999768257142
ID3,1985-06-30,1.1492999768257142
ID3,1985-09-30,431180.77999999817
ID3,1985-12-31,431180.77999999817
ID3,1986-03-31,1.1492999768257142
ID3,1986-06-30,1.1492999768257142
ID3,1986-09-30,1.1492999768257142
ID3,1986-12-31,1.1492999768257142
ID3,1987-03-31,431180.77999999817
ID3,1987-06-30,431180.77999999817
ID3,1987-09-30,431180.77999999817
ID3,1987-12-31,1.1492999768257142
ID3,1988-03-31,1.1492999768257142
ID3,1988-06-30,1.1492999768257142
ID3,1988-09-30,1.1492999768257142
ID3,1988-12-31,1.1492999768257142
ID3,1989-03-31,431180.77999999817
ID3,1989-06-30,431180.77999999817
ID3,1989-09-30,431180.77999999817
ID3,1989-12-31,1.1492999768257142
ID3,1990-03-31,1.1492999768257142
ID3,1990-06-30,52498.0000358614
ID3,1990-09-30,196298.84196140757
ID3,1990-12-31,431180.77999999817
ID3,1991-03-31,431180.77999999817
ID3,1991-06-30,431180.77999999817
ID3,1991-09-30,431180.77999999817
ID3,1991-12-31,1.1492999768257142
ID3,1992-03-31,1.1492999768257142
ID3,1992-06-30,1.1492999768257142
ID3,1992-09-30,431180.77999999817
ID3,1992-12-31,431180.77999999817
ID3,1993-03-31,431180.77999999817
ID3,1993-06-30,431180.77999999817
ID3,1993-09-30,431180.77999999817
ID3,1993-12-31,1.1492999768257142
ID3,1994-03-31,1.1492999768257142
ID3,1994-06-30,1.1492999768257142
ID3,1994-09-30,431180.77999999817
ID3,1994-12-31,431180.77999999817
ID3,1995-03-31,1.1492999768257142
ID3,1995-06-30,1.1492999768257142
ID3,1995-09-30,277596.1103614336
ID3,1995-12-31,431180.77999999817
ID3,1996-03-31,1.1492999768257142
ID3,1996-06-30,15525.981225724343
ID3,1996-09-30,431180.77999999817
ID3,1996-12-31,431180.77999999817
ID3,1997-03-31,431180.77999999817
ID3,1997-06-30,431180.77999999817
ID3,1997-09-30,431180.77999999817
ID3,1997-12-31,1.1492999768257142
ID3,1998-03-31,1.1492999768257142
ID3,1998-06-30,431180.77999999817
ID3,1998-09-30,431180.77999999817
ID3,1998-12-31,431180.77999999817
ID3,1999-03-31,431180.77999999817
ID3,1999-06-30,431180.77999999817
ID3,1999-09-30,431180.77999999817
ID3,1999-12-31,431180.77999999817
ID3,2000-03-31,37862.34935294167
ID3,2000-06-30,1.1492999768257142
ID3,2000-09-30,1.1492999768257142
ID3,2000-12-31,1.1492999768257142
ID3,2001-03-31,1.1492999768257142
ID3,2001-06-30,1.1492999768257142
ID30,1977-12-31,431180.77999999817
ID30,1978-03-31,1.1492999768257142
ID30,1978-06-30,431180.77999999817
ID30,1978-09-30,1.1492999768257142
ID30,1978-12-31,1.1492999768257142
ID30,1979-03-31,1.1492999768257142
ID30,1979-06-30,1.1492999768257142
ID30,1979-09-30,1.1492999768257142
ID30,1979-12-31,1.1492999768257142
ID30,1980-03-31,431180.77999999817
ID30,1980-06-30,431180.77999999817
ID30,1980-09-30,431180.77999999817
ID30,1980-12-31,431180.77999999817
ID30,1981-03-31,1.1492999768257142
ID30,1981-06-30,431180.77999999817
ID30,1981-09-30,1.1492999768257142
ID30,1981-12-31,431180.77999999817
ID30,1982-03-31,185706.24130434263
ID30,1982-06-30,431180.77999999817
ID30,1982-09-30,431180.77999999817
ID30,1982-12-31,1.1492999768257142
ID30,1983-03-31,30498.155760390797
ID30,1983-06-30,1.1492999768257142
ID30,1983-09-30,1.1492999768257142
ID30,1983-12-31,431180.77999999817
ID30,1984-03-31,338803.7778185916
ID30,1984-06-30,245726.3049404243
ID30,1984-09-30,1.1492999768257142
ID30,1984-12-31,1.1492999768257142
ID30,1985-03-31,1.1492999768257142
ID30,1985-06-30,212.18225121516303
ID30,1985-09-30,1.1492999768257142
ID30,1985-12-31,1.1492999768257142
ID30,1986-03-31,431180.77999999817
ID30,1986-06-30,431180.77999999817
ID30,1986-09-30,431180.77999999817
ID30,1986-12-31,1.1492999768257142
ID30,1987-03-31,1.1492999768257142
ID30,1987-06-30,1.1492999768257142
ID30,1987-09-30,431180.77999999817
ID30,1987-12-31,431180.77999999817
ID30,1988-03-31,142308.73842337888
ID30,1988-06-30,431180.77999999817
ID30,1988-09-30,1.1492999768257142
ID30,1988-12-31,1.1492999768257142
ID30,1989-03-31,1.1492999768257142
ID30,1989-06-30,1.1492999768257142
ID30,1989-09-30,431180.77999999817
ID30,1989-12-31,431180.77999999817
ID30,1990-03-31,431180.77999999817
ID30,1990-06-30,431180.77999999817
ID30,1990-09-30,1.1492999768257142
ID30,1990-12-31,1.1492999768257142
ID30,1991-03-31,1.1492999768257142
ID30,1991-06-30,431180.77999999817
ID30,1991-09-30,431180.77999999817
ID30,1991-12-31,431180.77999999817
ID30,1992-03-31,431180.77999999817
ID30,1992-06-30,1.1492999768257142
ID30,1992-09-30,431180.77999999817
ID30,1992-12-31,1.1492999768257142
ID30,1993-03-31,181054.683545085
ID31,1977-12-31,288710.4249614918
ID31,1978-03-31,1.1492999768257142
ID31,1978-06-30,431180.77999999817
ID31,1978-09-30,1.1492999768257142
ID31,1978-12-31,338494.9371295689
ID31,1979-03-31,1.1492999768257142
ID31,1979-06-30,431180.77999999817
ID31,1979-09-30,431180.77999999817
ID31,1979-12-31,1.1492999768257142
ID31,1980-03-31,1.1492999768257142
ID31,1980-06-30,431180.77999999817
ID31,1980-09-30,1.1492999768257142
ID31,1980-12-31,390121.4489874135
ID31,1981-03-31,431180.77999999817
ID31,1981-06-30,1.1492999768257142
ID31,1981-09-30,1.1492999768257142
ID31,1981-12-31,431180.77999999817
ID31,1982-03-31,1.1492999768257142
ID31,1982-06-30,1.1492999768257142
ID31,1982-09-30,11388.195844951624
ID31,1982-12-31,308803.5701387424
ID31,1983-03-31,1.1492999768257142
ID31,1983-06-30,124063.44376351516
ID31,1983-09-30,1.1492999768257142
ID32,1977-12-31,431180.77999999817
ID32,1978-03-31,431180.77999999817
ID32,1978-06-30,431180.77999999817
ID32,1978-09-30,1.1492999768257142
ID32,1978-12-31,1.1492999768257142
ID32,1979-03-31,82060.86242644106
ID32,1979-06-30,431180.77999999817
ID32,1979-09-30,275776.1210601775
ID32,1979-12-31,431180.77999999817
ID32,1980-03-31,328573.5520401675
ID32,1980-06-30,431180.77999999817
ID32,1980-09-30,1.1492999768257142
ID32,1980-12-31,289615.03701720777
ID32,1981-03-31,78364.2316302619
ID32,1981-06-30,1.1492999768257142
ID32,1981-09-30,1.1492999768257142
ID32,1981-12-31,1.1492999768257142
ID32,1982-03-31,431180.77999999817
ID32,1982-06-30,1.1492999768257142
ID32,1982-09-30,1.1492999768257142
ID32,1982-12-31,1.1492999768257142
ID32,1983-03-31,234612.70836778847
ID32,1983-06-30,431180.77999999817
ID32,1983-09-30,1.1492999768257142
ID32,1983-12-31,1.1492999768257142
ID32,1984-03-31,216514.26841037365
ID33,1978-06-30,431180.77999999817
ID33,1978-09-30,431180.77999999817
ID33,1978-12-31,431180.77999999817
ID33,1979-03-31,1.1492999768257142
ID33,1979-06-30,1.1492999768257142
ID33,1979-09-30,431180.77999999817
ID33,1979-12-31,1.1492999768257142
ID33,1980-03-31,1.1492999768257142
ID33,1980-06-30,431180.77999999817
ID33,1980-09-30,1.1492999768257142
ID33,1980-12-31,1.1492999768257142
ID33,1981-03-31,431180.77999999817
ID33,1981-06-30,1.1492999768257142
ID33,1981-09-30,239460.12615122067
ID33,1981-12-31,1.1492999768257142
ID33,1982-03-31,1.1492999768257142
ID33,1982-06-30,1.1492999768257142
ID33,1982-09-30,1.1492999768257142
ID33,1982-12-31,1.1492999768257142
ID33,1983-03-31,123110.2897538739
ID33,1983-06-30,1.1492999768257142
ID33,1983-09-30,431180.77999999817
ID33,1983-12-31,1.1492999768257142
ID33,1984-03-31,1.1492999768257142
ID33,1984-06-30,431180.77999999817
ID33,1984-09-30,1.1492999768257142
ID33,1984-12-31,1.1492999768257142
ID33,1985-03-31,431180.77999999817
ID33,1985-06-30,246192.67320686058
ID34,1978-06-30,1.1492999768257142
ID34,1978-09-30,1.1492999768257142
ID34,1978-12-31,1.1492999768257142
ID34,1979-03-31,431180.77999999817
ID34,1979-06-30,1.1492999768257142
ID34,1979-09-30,431180.77999999817
ID34,1979-12-31,1.1492999768257142
ID34,1980-03-31,431180.77999999817
ID34,1980-06-30,320189.189220804
ID34,1980-09-30,431180.77999999817
ID34,1980-12-31,1.1492999768257142
ID34,1981-03-31,431180.77999999817
ID34,1981-06-30,1.1492999768257142
ID34,1981-09-30,431180.77999999817
ID34,1981-12-31,1.1492999768257142
ID34,1982-03-31,431180.77999999817
ID34,1982-06-30,1.1492999768257142
ID34,1982-09-30,431180.77999999817
ID34,1982-12-31,1.1492999768257142
ID34,1983-03-31,431180.77999999817
ID34,1983-06-30,1.1492999768257142
ID34,1983-09-30,431180.77999999817
ID34,1983-12-31,1.1492999768257142
ID34,1984-03-31,1270.5838821616942
ID34,1984-06-30,1.1492999768257142
ID34,1984-09-30,1.1492999768257142
ID34,1984-12-31,1.1492999768257142
ID34,1985-03-31,431180.77999999817
ID34,1985-06-30,1.1492999768257142
ID35,1900-03-31,431180.77999999817
ID35,1900-06-30,431180.77999999817
ID35,1900-09-30,1.1492999768257142
ID35,1900-12-31,1.1492999768257142
ID35,1901-03-31,274599.87404171657
ID35,1901-06-30,431180.77999999817
ID35,1901-09-30,1.1492999768257142
ID35,1901-12-31,431180.77999999817
ID35,1902-03-31,431180.77999999817
ID35,1902-06-30,431180.77999999817
ID35,1902-09-30,431180.77999999817
ID35,1902-12-31,431180.77999999817
ID35,1903-03-31,1.1492999768257142
ID35,1903-06-30,1.1492999768257142
ID35,1903-09-30,431180.77999999817
ID35,1903-12-31,431180.77999999817
ID35,1904-03-31,1.1492999768257142
ID35,1904-06-30,1.1492999768257142
ID35,1904-09-30,431180.77999999817
ID35,1904-12-31,431180.77999999817
ID35,1905-03-31,431180.77999999817
ID35,1905-06-30,284181.7337457592
ID35,1905-09-30,1.1492999768257142
ID35,1905-12-31,407793.10861294414
ID35,1906-03-31,1.1492999768257142
ID35,1906-06-30,1.1492999768257142
ID35,1906-09-30,1.1492999768257142
ID35,1906-12-31,1.1492999768257142
ID35,1907-03-31,431180.77999999817
ID35,1907-06-30,431180.77999999817
ID35,1907-09-30,431180.77999999817
ID35,1907-12-31,1.1492999768257142
ID35,1908-03-31,1.1492999768257142
ID35,1908-06-30,431180.77999999817
ID35,1908-09-30,431180.77999999817
ID35,1908-12-31,431180.77999999817
ID35,1909-03-31,431180.77999999817
ID35,1909-06-30,431180.77999999817
ID35,1909-09-30,431180.77999999817
ID35,1909-12-31,431180.77999999817
ID35,1910-03-31,1.1492999768257142
ID35,1910-06-30,1.1492999768257142
ID35,1910-09-30,431180.77999999817
ID35,1910-12-31,1.1492999768257142
ID35,1911-03-31,1.1492999768257142
ID35,1911-06-30,431180.77999999817
ID35,1911-09-30,431180.77999999817
ID35,1911-12-31,1.1492999768257142
ID35,1912-03-31,431180.77999999817
ID35,1912-06-30,431180.77999999817
ID35,1912-09-30,1.1492999768257142
ID35,1912-12-31,1.1492999768257142
ID35,1913-03-31,313924.51398962195
ID35,1913-06-30,275443.90651734406
ID35,1913-09-30,1041.3097270131454
ID35,1913-12-31,431180.77999999817
ID35,1914-03-31,1.1492999768257142
ID35,1914-06-30,1.1492999768257142
ID35,1914-09-30,431180.77999999817
ID35,1914-12-31,431180.77999999817
ID35,1915-03-31,57096.596594422306
ID35,1915-06-30,1.1492999768257142
ID35,1915-09-30,1.1492999768257142
ID35,1915-12-31,1.1492999768257142
ID35,1916-03-31,431180.77999999817
ID35,1916-06-30,431180.77999999817
ID35,1916-09-30,431180.77999999817
ID35,1916-12-31,431180.77999999817
ID35,1917-03-31,431180.77999999817
ID35,1917-06-30,431180.77999999817
ID35,1917-09-30,431180.77999999817
ID35,1917-12-31,1.1492999768257142
ID35,1918-03-31,1.1492999768257142
ID35,1918-06-30,405256.50807403267
ID35,1918-09-30,1.1492999768257142
ID35,1918-12-31,1.1492999768257142
ID35,1919-03-31,1.1492999768257142
ID35,1919-06-30,431180.77999999817
ID35,1919-09-30,431180.77999999817
ID35,1919-12-31,431180.77999999817
ID35,1920-03-31,1.1492999768257142
ID35,1920-06-30,1.1492999768257142
ID35,1920-09-30,251426.4563182746
ID35,1920-12-31,431180.77999999817
ID35,1921-03-31,1.1492999768257142
ID35,1921-06-30,1.1492999768257142
ID35,1921-09-30,1.1492999768257142
ID35,1921-12-31,431180.77999999817
ID36,1900-03-31,431180.77999999817
ID36,1900-06-30,431180.77999999817
ID36,1900-09-30,1.1492999768257142
ID36,1900-12-31,1.1492999768257142
ID36,1901-03-31,1.1492999768257142
ID36,1901-06-30,1.1492999768257142
ID36,1901-09-30,1.1492999768257142
ID36,1901-12-31,431180.77999999817
ID36,1902-03-31,431180.77999999817
ID36,1902-06-30,1.1492999768257142
ID36,1902-09-30,1.1492999768257142
ID36,1902-12-31,1.1492999768257142
ID36,1903-03-31,431180.77999999817
ID36,1903-06-30,431180.77999999817
ID36,1903-09-30,431180.77999999817
ID36,1903-12-31,431180.77999999817
ID36,1904-03-31,431180.77999999817
ID36,1904-06-30,300074.6893410551
ID36,1904-09-30,431180.77999999817
ID36,1904-12-31,431180.77999999817
ID36,1905-03-31,1.1492999768257142
ID36,1905-06-30,1.1492999768257142
ID36,1905-09-30,431180.77999999817
ID36,1905-12-31,431180.77999999817
ID36,1906-03-31,1.1492999768257142
ID36,1906-06-30,1.1492999768257142
ID36,1906-09-30,431180.77999999817
ID36,1906-12-31,431180.77999999817
ID36,1907-03-31,431180.77999999817
ID36,1907-06-30,431180.77999999817
ID36,1907-09-30,431180.77999999817
ID36,1907-12-31,1.1492999768257142
ID36,1908-03-31,1.1492999768257142
ID36,1908-06-30,1.1492999768257142
ID36,1908-09-30,1.1492999768257142
ID36,1908-12-31,1.1492999768257142
ID36,1909-03-31,431180.77999999817
ID36,1909-06-30,431180.77999999817
ID36,1909-09-30,1.1492999768257142
ID36,1909-12-31,1.1492999768257142
ID36,1910-03-31,1.1492999768257142
ID36,1910-06-30,1.1492999768257142
ID36,1910-09-30,431180.77999999817
ID36,1910-12-31,431180.77999999817
ID36,1911-03-31,1.1492999768257142
ID36,1911-06-30,1.1492999768257142
ID36,1911-09-30,1.1492999768257142
ID36,1911-12-31,1.1492999768257142
ID36,1912-03-31,1.1492999768257142
ID36,1912-06-30,431180.77999999817
ID36,1912-09-30,1.1492999768257142
ID36,1912-12-31,1.1492999768257142
ID36,1913-03-31,306532.8925606964
ID36,1913-06-30,1.1492999768257142
ID36,1913-09-30,1.1492999768257142
ID36,1913-12-31,431180.77999999817
ID36,1914-03-31,431180.77999999817
ID36,1914-06-30,431180.77999999817
ID36,1914-09-30,207880.91038413256
ID36,1914-12-31,1.1492999768257142
ID36,1915-03-31,1.1492999768257142
ID36,1915-06-30,431180.77999999817
ID36,1915-09-30,431180.77999999817
ID36,1915-12-31,431180.77999999817
ID36,1916-03-31,431180.77999999817
ID36,1916-06-30,24998.915577216027
ID36,1916-09-30,431180.77999999817
ID36,1916-12-31,431180.77999999817
ID36,1917-03-31,431180.77999999817
ID36,1917-06-30,1.1492999768257142
ID36,1917-09-30,431180.77999999817
ID36,1917-12-31,431180.77999999817
ID36,1918-03-31,1.1492999768257142
ID36,1918-06-30,1.1492999768257142
ID36,1918-09-30,431180.77999999817
ID36,1918-12-31,431180.77999999817
ID36,1919-03-31,1.1492999768257142
ID36,1919-06-30,431180.77999999817
ID36,1919-09-30,431180.77999999817
ID36,1919-12-31,431180.77999999817
ID36,1920-03-31,431180.77999999817
ID36,1920-06-30,431180.77999999817
ID36,1920-09-30,1.1492999768257142
ID36,1920-12-31,1.1492999768257142
ID37,1978-06-30,1.1492999768257142
ID37,1978-09-30,431180.77999999817
ID37,1978-12-31,431180.77999999817
ID37,1979-03-31,1.1492999768257142
ID37,1979-06-30,1.1492999768257142
ID37,1979-09-30,1.1492999768257142
ID37,1979-12-31,431180.77999999817
ID37,1980-03-31,1.1492999768257142
ID37,1980-06-30,431180.77999999817
ID37,1980-09-30,431180.77999999817
ID37,1980-12-31,1.1492999768257142
ID37,1981-03-31,1.1492999768257142
ID37,1981-06-30,431180.77999999817
ID37,1981-09-30,1.1492999768257142
ID37,1981-12-31,1.1492999768257142
ID37,1982-03-31,431180.77999999817
ID37,1982-06-30,431180.77999999817
ID37,1982-09-30,1.1492999768257142
ID37,1982-12-31,431180.77999999817
ID37,1983-03-31,431180.77999999817
ID37,1983-06-30,1.1492999768257142
ID37,1983-09-30,69448.39795100114
ID37,1983-12-31,431180.77999999817
ID37,1984-03-31,1.1492999768257142
ID37,1984-06-30,1.1492999768257142
ID37,1984-09-30,431180.77999999817
ID37,1984-12-31,1.1492999768257142
ID37,1985-03-31,162995.12919684785
ID37,1985-06-30,431180.77999999817
ID37,1985-09-30,431180.77999999817
ID38,1978-06-30,1.1492999768257142
ID38,1978-09-30,1.1492999768257142
ID38,1978-12-31,431180.77999999817
ID38,1979-03-31,1.1492999768257142
ID38,1979-06-30,1.1492999768257142
ID38,1979-09-30,431180.77999999817
ID38,1979-12-31,431180.77999999817
ID38,1980-03-31,1.1492999768257142
ID38,1980-06-30,1.1492999768257142
ID38,1980-09-30,1.1492999768257142
ID38,1980-12-31,280792.9932037929
ID38,1981-03-31,1.1492999768257142
ID38,1981-06-30,132552.34888669467
ID38,1981-09-30,431180.77999999817
ID38,1981-12-31,1.1492999768257142
ID38,1982-03-31,1.1492999768257142
ID38,1982-06-30,1.1492999768257142
ID38,1982-09-30,431180.77999999817
ID38,1982-12-31,1.1492999768257142
ID38,1983-03-31,1.1492999768257142
ID38,1983-06-30,431180.77999999817
ID38,1983-09-30,431180.77999999817
ID38,1983-12-31,1.1492999768257142
ID38,1984-03-31,1.1492999768257142
ID38,1984-06-30,431180.77999999817
ID38,1984-09-30,1.1492999768257142
ID38,1984-12-31,1.1492999768257142
ID38,1985-03-31,1.1492999768257142
ID38,1985-06-30,431180.77999999817
ID38,1985-09-30,1.1492999768257142
ID39,1978-06-30,1.1492999768257142
ID39,1978-09-30,1.1492999768257142
ID39,1978-12-31,431180.77999999817
ID39,1979-03-31,1.1492999768257142
ID39,1979-06-30,431180.77999999817
ID39,1979-09-30,431180.77999999817
ID39,1979-12-31,1.1492999768257142
ID39,1980-03-31,431180.77999999817
ID39,1980-06-30,1.1492999768257142
ID39,1980-09-30,1.1492999768257142
ID39,1980-12-31,1.1492999768257142
ID39,1981-03-31,1.1492999768257142
ID39,1981-06-30,322567.5536280373
ID39,1981-09-30,1.1492999768257142
ID39,1981-12-31,431180.77999999817
ID39,1982-03-31,431180.77999999817
ID39,1982-06-30,1.1492999768257142
ID39,1982-09-30,431180.77999999817
ID39,1982-12-31,1.1492999768257142
ID39,1983-03-31,130715.42504920484
ID39,1983-06-30,431180.77999999817
ID39,1983-09-30,1.1492999768257142
ID39,1983-12-31,1.1492999768257142
ID39,1984-03-31,431180.77999999817
ID39,1984-06-30,431180.77999999817
ID39,1984-09-30,1.1492999768257142
ID39,1984-12-31,397655.6018587692
ID39,1985-03-31,1.1492999768257142
ID39,1985-06-30,1.1492999768257142
ID39,1985-09-30,431180.77999999817
ID4,1978-06-30,431180.77999999817
ID4,1978-09-30,30385.5586318146
ID4,1978-12-31,431180.77999999817
ID4,1979-03-31,1.1492999768257142
ID4,1979-06-30,431180.77999999817
ID4,1979-09-30,1.1492999768257142
ID4,1979-12-31,417021.0184950619
ID4,1980-03-31,1.1492999768257142
ID4,1980-06-30,1.1492999768257142
ID4,1980-09-30,431180.77999999817
ID4,1980-12-31,431180.77999999817
ID4,1981-03-31,431180.77999999817
ID4,1981-06-30,1.1492999768257142
ID4,1981-09-30,431180.77999999817
ID4,1981-12-31,1.1492999768257142
ID4,1982-03-31,431180.77999999817
ID4,1982-06-30,1.1492999768257142
ID4,1982-09-30,431180.77999999817
ID4,1982-12-31,1.1492999768257142
ID4,1983-03-31,431180.77999999817
ID4,1983-06-30,84506.81101144839
ID4,1983-09-30,161730.56883205142
ID4,1983-12-31,201278.59156668145
ID4,1984-03-31,1.1492999768257142
ID4,1984-06-30,431180.77999999817
ID4,1984-09-30,1.1492999768257142
ID4,1984-12-31,431180.77999999817
ID4,1985-03-31,431180.77999999817
ID4,1985-06-30,431180.77999999817
ID40,1978-06-30,431180.77999999817
ID40,1978-09-30,431180.77999999817
ID40,1978-12-31,67586.10098677133
ID40,1979-03-31,1.1492999768257142
ID40,1979-06-30,1.1492999768257142
ID40,1979-09-30,431180.77999999817
ID40,1979-12-31,431180.77999999817
ID40,1980-03-31,1.1492999768257142
ID40,1980-06-30,1.1492999768257142
ID40,1980-09-30,1.1492999768257142
ID40,1980-12-31,190406.89038074118
ID40,1981-03-31,431180.77999999817
ID40,1981-06-30,431180.77999999817
ID40,1981-09-30,1.1492999768257142
ID40,1981-12-31,1.1492999768257142
ID40,1982-03-31,1.1492999768257142
ID40,1982-06-30,431180.77999999817
ID40,1982-09-30,431180.77999999817
ID40,1982-12-31,1.1492999768257142
ID40,1983-03-31,1.1492999768257142
ID40,1983-06-30,1.1492999768257142
ID40,1983-09-30,431180.77999999817
ID40,1983-12-31,1.1492999768257142
ID40,1984-03-31,1.1492999768257142
ID40,1984-06-30,1.1492999768257142
ID40,1984-09-30,328359.3889821303
ID40,1984-12-31,431180.77999999817
ID40,1985-03-31,431180.77999999817
ID40,1985-06-30,1.1492999768257142
ID40,1985-09-30,1.1492999768257142
ID41,1900-03-31,1.1492999768257142
ID41,1900-06-30,1.1492999768257142
ID41,1900-09-30,1.1492999768257142
ID41,1900-12-31,1.1492999768257142
ID41,1901-03-31,1.1492999768257142
ID41,1901-06-30,1.1492999768257142
ID41,1901-09-30,431180.77999999817
ID41,1901-12-31,1.1492999768257142
ID41,1902-03-31,431180.77999999817
ID41,1902-06-30,431180.77999999817
ID41,1902-09-30,1.1492999768257142
ID41,1902-12-31,431180.77999999817
ID41,1903-03-31,431180.77999999817
ID41,1903-06-30,1.1492999768257142
ID41,1903-09-30,1.1492999768257142
ID41,1903-12-31,1.1492999768257142
ID41,1904-03-31,431180.77999999817
ID41,1904-06-30,1.1492999768257142
ID41,1904-09-30,431180.77999999817
ID41,1904-12-31,28984.2495611928
ID41,1905-03-31,1.1492999768257142
ID41,1905-06-30,1.1492999768257142
ID41,1905-09-30,1.1492999768257142
ID41,1905-12-31,1.1492999768257142
ID41,1906-03-31,1.1492999768257142
ID41,1906-06-30,1.1492999768257142
ID41,1906-09-30,1.1492999768257142
ID41,1906-12-31,400047.2719398921
ID41,1907-03-31,1.1492999768257142
ID41,1907-06-30,431180.77999999817
ID41,1907-09-30,431180.77999999817
ID41,1907-12-31,431180.77999999817
ID41,1908-03-31,97366.11834370562
ID41,1908-06-30,431180.77999999817
ID41,1908-09-30,1.1492999768257142
ID41,1908-12-31,1.1492999768257142
ID41,1909-03-31,1.1492999768257142
ID41,1909-06-30,424087.9319094157
ID41,1909-09-30,1.1492999768257142
ID41,1909-12-31,431180.77999999817
ID41,1910-03-31,431180.77999999817
ID41,1910-06-30,32996.11601560651
ID41,1910-09-30,1.1492999768257142
ID41,1910-12-31,1.1492999768257142
ID41,1911-03-31,1.1492999768257142
ID41,1911-06-30,1.1492999768257142
ID41,1911-09-30,431180.77999999817
ID41,1911-12-31,1.1492999768257142
ID42,1975-12-31,1.1492999768257142
ID42,1976-03-31,1.1492999768257142
ID42,1976-06-30,431180.77999999817
ID42,1976-09-30,431180.77999999817
ID42,1976-12-31,431180.77999999817
ID42,1977-03-31,1.1492999768257142
ID42,1977-06-30,431180.77999999817
ID42,1977-09-30,431180.77999999817
ID42,1977-12-31,1.1492999768257142
ID42,1978-03-31,1.1492999768257142
ID42,1978-06-30,216342.30605608254
ID42,1978-09-30,1.1492999768257142
ID42,1978-12-31,1.1492999768257142
ID42,1979-03-31,1.1492999768257142
ID42,1979-06-30,1.1492999768257142
ID42,1979-09-30,1.1492999768257142
ID42,1979-12-31,431180.77999999817
ID42,1980-03-31,431180.77999999817
ID42,1980-06-30,431180.77999999817
ID42,1980-09-30,1.1492999768257142
ID42,1980-12-31,431180.77999999817
ID42,1981-03-31,1.1492999768257142
ID42,1981-06-30,171650.39628589267
ID42,1981-09-30,171741.3588537369
ID42,1981-12-31,1.1492999768257142
ID42,1982-03-31,431180.77999999817
ID42,1982-06-30,1.1492999768257142
ID42,1982-09-30,431180.77999999817
ID42,1982-12-31,1.1492999768257142
ID42,1983-03-31,431180.77999999817
ID42,1983-06-30,431180.77999999817
ID42,1983-09-30,1.1492999768257142
ID42,1983-12-31,431180.77999999817
ID42,1984-03-31,313848.6926375594
ID42,1984-06-30,431180.77999999817
ID42,1984-09-30,1.1492999768257142
ID42,1984-12-31,431180.77999999817
ID42,1985-03-31,431180.77999999817
ID42,1985-06-30,1.1492999768257142
ID42,1985-09-30,1.1492999768257142
ID42,1985-12-31,431180.77999999817
ID42,1986-03-31,431180.77999999817
ID42,1986-06-30,1.1492999768257142
ID42,1986-09-30,1.1492999768257142
ID42,1986-12-31,431180.77999999817
ID42,1987-03-31,431180.77999999817
ID42,1987-06-30,1.1492999768257142
ID42,1987-09-30,1.1492999768257142
ID42,1987-12-31,431180.77999999817
ID42,1988-03-31,1.1492999768257142
ID42,1988-06-30,1.1492999768257142
ID42,1988-09-30,431180.77999999817
ID43,1975-12-31,431180.77999999817
ID43,1976-03-31,1.1492999768257142
ID43,1976-06-30,431180.77999999817
ID43,1976-09-30,431180.77999999817
ID43,1976-12-31,1.1492999768257142
ID43,1977-03-31,1.1492999768257142
ID43,1977-06-30,250652.89281226287
ID43,1977-09-30,431180.77999999817
ID43,1977-12-31,431180.77999999817
ID43,1978-03-31,1.1492999768257142
ID43,1978-06-30,1.1492999768257142
ID43,1978-09-30,1.1492999768257142
ID43,1978-12-31,1.1492999768257142
ID43,1979-03-31,431180.77999999817
ID43,1979-06-30,431180.77999999817
ID43,1979-09-30,431180.77999999817
ID43,1979-12-31,1.1492999768257142
ID43,1980-03-31,1.1492999768257142
ID43,1980-06-30,1.1492999768257142
ID43,1980-09-30,431180.77999999817
ID43,1980-12-31,431180.77999999817
ID43,1981-03-31,431180.77999999817
ID43,1981-06-30,1.1492999768257142
ID43,1981-09-30,1.1492999768257142
ID43,1981-12-31,1.1492999768257142
ID43,1982-03-31,431180.77999999817
ID43,1982-06-30,431180.77999999817
ID43,1982-09-30,431180.77999999817
ID43,1982-12-31,1.1492999768257142
ID43,1983-03-31,1.1492999768257142
ID43,1983-06-30,1.1492999768257142
ID43,1983-09-30,431180.77999999817
ID43,1983-12-31,1.1492999768257142
ID43,1984-03-31,1.1492999768257142
ID43,1984-06-30,1.1492999768257142
ID43,1984-09-30,1.1492999768257142
ID43,1984-12-31,1.1492999768257142
ID43,1985-03-31,431180.77999999817
ID43,1985-06-30,1.1492999768257142
ID43,1985-09-30,1.1492999768257142
ID43,1985-12-31,431180.77999999817
ID43,1986-03-31,431180.77999999817
ID43,1986-06-30,431180.77999999817
ID43,1986-09-30,87454.45255095897
ID43,1986-12-31,431180.77999999817
ID43,1987-03-31,431180.77999999817
ID43,1987-06-30,1.1492999768257142
ID43,1987-09-30,1.1492999768257142
ID43,1987-12-31,1.1492999768257142
ID43,1988-03-31,431180.77999999817
ID43,1988-06-30,431180.77999999817
ID43,1988-09-30,1.1492999768257142
ID44,1970-12-31,431180.77999999817
ID44,1971-03-31,192957.79374517623
ID44,1971-06-30,10263.701219869985
ID44,1971-09-30,1.1492999768257142
ID44,1971-12-31,1.1492999768257142
ID44,1972-03-31,431180.77999999817
ID44,1972-06-30,1.1492999768257142
ID44,1972-09-30,431180.77999999817
ID44,1972-12-31,24698.87182950284
ID44,1973-03-31,1.1492999768257142
ID44,1973-06-30,1.1492999768257142
ID44,1973-09-30,431180.77999999817
ID44,1973-12-31,431180.77999999817
ID44,1974-03-31,1.1492999768257142
ID44,1974-06-30,431180.77999999817
ID44,1974-09-30,1.1492999768257142
ID44,1974-12-31,431180.77999999817
ID44,1975-03-31,431180.77999999817
ID44,1975-06-30,1.1492999768257142
ID44,1975-09-30,1.1492999768257142
ID44,1975-12-31,1.1492999768257142
ID44,1976-03-31,1.1492999768257142
ID44,1976-06-30,431180.77999999817
ID44,1976-09-30,431180.77999999817
ID44,1976-12-31,431180.77999999817
ID44,1977-03-31,1.1492999768257142
ID44,1977-06-30,1.1492999768257142
ID44,1977-09-30,431180.77999999817
ID44,1977-12-31,1.1492999768257142
ID44,1978-03-31,431180.77999999817
ID44,1978-06-30,1.1492999768257142
ID44,1978-09-30,1.1492999768257142
ID45,1970-12-31,1.1492999768257142
ID45,1971-03-31,1.1492999768257142
ID45,1971-06-30,431180.77999999817
ID45,1971-09-30,431180.77999999817
ID45,1971-12-31,431180.77999999817
ID45,1972-03-31,1.1492999768257142
ID45,1972-06-30,1.1492999768257142
ID45,1972-09-30,431180.77999999817
ID45,1972-12-31,1.1492999768257142
ID45,1973-03-31,1.1492999768257142
ID45,1973-06-30,401486.9067418317
ID45,1973-09-30,1.1492999768257142
ID45,1973-12-31,1.1492999768257142
ID45,1974-03-31,431180.77999999817
ID45,1974-06-30,431180.77999999817
ID45,1974-09-30,1.1492999768257142
ID45,1974-12-31,431180.77999999817
ID45,1975-03-31,431180.77999999817
ID45,1975-06-30,1.1492999768257142
ID45,1975-09-30,1.1492999768257142
ID45,1975-12-31,1.1492999768257142
ID45,1976-03-31,94467.21637444997
ID45,1976-06-30,51410.6058930765
ID45,1976-09-30,431180.77999999817
ID45,1976-12-31,431180.77999999817
ID45,1977-03-31,431180.77999999817
ID45,1977-06-30,1.1492999768257142
ID45,1977-09-30,1.1492999768257142
ID45,1977-12-31,431180.77999999817
ID45,1978-03-31,1.1492999768257142
ID45,1978-06-30,1.1492999768257142
ID45,1978-09-30,431180.77999999817
ID46,1975-12-31,431180.77999999817
ID46,1976-03-31,431180.77999999817
ID46,1976-06-30,1.1492999768257142
ID46,1976-09-30,283282.7227312805
ID46,1976-12-31,1.1492999768257142
ID46,1977-03-31,431180.77999999817
ID46,1977-06-30,1.1492999768257142
ID46,1977-09-30,1.1492999768257142
ID46,1977-12-31,1.1492999768257142
ID46,1978-03-31,1.1492999768257142
ID46,1978-06-30,1.1492999768257142
ID46,1978-09-30,1.1492999768257142
ID46,1978-12-31,192174.23626286507
ID46,1979-03-31,1.1492999768257142
ID46,1979-06-30,1.1492999768257142
ID46,1979-09-30,1.1492999768257142
ID46,1979-12-31,431180.77999999817
ID46,1980-03-31,1.1492999768257142
ID46,1980-06-30,1.1492999768257142
ID46,1980-09-30,431180.77999999817
ID46,1980-12-31,431180.77999999817
ID46,1981-03-31,431180.77999999817
ID46,1981-06-30,431180.77999999817
ID46,1981-09-30,431180.77999999817
ID46,1981-12-31,1.1492999768257142
ID46,1982-03-31,1.1492999768257142
ID46,1982-06-30,1.1492999768257142
ID46,1982-09-30,34300.74151651933
ID46,1982-12-31,1.1492999768257142
ID46,1983-03-31,1.1492999768257142
ID46,1983-06-30,431180.77999999817
ID46,1983-09-30,1.1492999768257142
ID46,1983-12-31,1.1492999768257142
ID46,1984-03-31,1.1492999768257142
ID46,1984-06-30,1.1492999768257142
ID46,1984-09-30,1.1492999768257142
ID46,1984-12-31,1.1492999768257142
ID46,1985-03-31,1.1492999768257142
ID46,1985-06-30,1.1492999768257142
ID46,1985-09-30,431180.77999999817
ID46,1985-12-31,431180.77999999817
ID46,1986-03-31,431180.77999999817
ID46,1986-06-30,431180.77999999817
ID46,1986-09-30,431180.77999999817
ID46,1986-12-31,431180.77999999817
ID46,1987-03-31,1.1492999768257142
ID46,1987-06-30,1.1492999768257142
ID46,1987-09-30,431180.77999999817
ID46,1987-12-31,1.1492999768257142
ID46,1988-03-31,241216.02028307202
ID46,1988-06-30,431180.77999999817
ID46,1988-09-30,1.1492999768257142
ID47,1964-12-31,1.1492999768257142
ID47,1965-03-31,335382.7101998523
ID47,1965-06-30,111960.22144132234
ID47,1965-09-30,1.1492999768257142
ID47,1965-12-31,406676.5407798043
ID47,1966-03-31,431180.77999999817
ID47,1966-06-30,1.1492999768257142
ID47,1966-09-30,431180.77999999817
ID47,1966-12-31,431180.77999999817
ID47,1967-03-31,431180.77999999817
ID47,1967-06-30,276290.15534327127
ID47,1967-09-30,162017.07388415473
ID47,1967-12-31,105145.98345000957
ID47,1968-03-31,1.1492999768257142
ID47,1968-06-30,431180.77999999817
ID47,1968-09-30,1.1492999768257142
ID47,1968-12-31,166323.20830507085
ID47,1969-03-31,1.1492999768257142
ID47,1969-06-30,1.1492999768257142
ID47,1969-09-30,1.1492999768257142
ID47,1969-12-31,431180.77999999817
ID47,1970-03-31,431180.77999999817
ID47,1970-06-30,1.1492999768257142
ID47,1970-09-30,1.1492999768257142
ID47,1970-12-31,1.1492999768257142
ID47,1971-03-31,1.1492999768257142
ID47,1971-06-30,1.1492999768257142
ID47,1971-09-30,386329.2139960529
ID48,1964-12-31,168880.09750531914
ID48,1965-03-31,1.1492999768257142
ID48,1965-06-30,431180.77999999817
ID48,1965-09-30,302358.7312055644
ID48,1965-12-31,68937.32003186496
ID48,1966-03-31,1.1492999768257142
ID48,1966-06-30,1.1492999768257142
ID48,1966-09-30,1.1492999768257142
ID48,1966-12-31,431180.77999999817
ID48,1967-03-31,326827.1584002573
ID48,1967-06-30,1.1492999768257142
ID48,1967-09-30,431180.77999999817
ID48,1967-12-31,1.1492999768257142
ID48,1968-03-31,1.1492999768257142
ID48,1968-06-30,215335.3718117694
ID48,1968-09-30,123439.10086214106
ID48,1968-12-31,431180.77999999817
ID48,1969-03-31,164676.10212180528
ID48,1969-06-30,431180.77999999817
ID48,1969-09-30,431180.77999999817
ID48,1969-12-31,1.1492999768257142
ID48,1970-03-31,1.1492999768257142
ID48,1970-06-30,1.1492999768257142
ID48,1970-09-30,1.1492999768257142
ID48,1970-12-31,1.1492999768257142
ID48,1971-03-31,205552.55629120296
ID48,1971-06-30,1.1492999768257142
ID48,1971-09-30,48688.32606011594
ID49,1964-12-31,1.1492999768257142
ID49,1965-03-31,431180.77999999817
ID49,1965-06-30,431180.77999999817
ID49,1965-09-30,431180.77999999817
ID49,1965-12-31,1.1492999768257142
ID49,1966-03-31,1.1492999768257142
ID49,1966-06-30,228782.39279566886
ID49,1966-09-30,1.1492999768257142
ID49,1966-12-31,1.1492999768257142
ID49,1967-03-31,431180.77999999817
ID49,1967-06-30,431180.77999999817
ID49,1967-09-30,1.1492999768257142
ID49,1967-12-31,1.1492999768257142
ID49,1968-03-31,1.1492999768257142
ID49,1968-06-30,431180.77999999817
ID49,1968-09-30,1.1492999768257142
ID49,1968-12-31,1.1492999768257142
ID49,1969-03-31,1.1492999768257142
ID49,1969-06-30,431180.77999999817
ID49,1969-09-30,431180.77999999817
ID49,1969-12-31,431180.77999999817
ID49,1970-03-31,1.1492999768257142
ID49,1970-06-30,431180.77999999817
ID49,1970-09-30,1.1492999768257142
ID49,1970-12-31,1.1492999768257142
ID49,1971-03-31,1.1492999768257142
ID49,1971-06-30,431180.77999999817
ID49,1971-09-30,1.1492999768257142
ID5,1978-06-30,431180.77999999817
ID5,1978-09-30,1.1492999768257142
ID5,1978-12-31,431180.77999999817
ID5,1979-03-31,431180.77999999817
ID5,1979-06-30,431180.77999999817
ID5,1979-09-30,283361.9180878375
ID5,1979-12-31,1.1492999768257142
ID5,1980-03-31,309561.4414079984
ID5,1980-06-30,431180.77999999817
ID5,1980-09-30,431180.77999999817
ID5,1980-12-31,1.1492999768257142
ID5,1981-03-31,1.1492999768257142
ID5,1981-06-30,1.1492999768257142
ID5,1981-09-30,431180.77999999817
ID5,1981-12-31,431180.77999999817
ID5,1982-03-31,431180.77999999817
ID5,1982-06-30,1.1492999768257142
ID5,1982-09-30,143642.93618457107
ID5,1982-12-31,431180.77999999817
ID5,1983-03-31,431180.77999999817
ID5,1983-06-30,1.1492999768257142
ID5,1983-09-30,1.1492999768257142
ID5,1983-12-31,1.1492999768257142
ID5,1984-03-31,431180.77999999817
ID5,1984-06-30,167309.19193806552
ID5,1984-09-30,1.1492999768257142
ID5,1984-12-31,1.1492999768257142
ID5,1985-03-31,1.1492999768257142
ID5,1985-06-30,431180.77999999817
ID5,1985-09-30,1.1492999768257142
ID50,1962-12-31,1.1492999768257142
ID50,1963-03-31,431180.77999999817
ID50,1963-06-30,431180.77999999817
ID50,1963-09-30,431180.77999999817
ID50,1963-12-31,1.1492999768257142
ID50,1964-03-31,431180.77999999817
ID50,1964-06-30,431180.77999999817
ID50,1964-09-30,1.1492999768257142
ID50,1964-12-31,1.1492999768257142
ID50,1965-03-31,428907.4127119174
ID50,1965-06-30,431180.77999999817
ID50,1965-09-30,431180.77999999817
ID50,1965-12-31,50847.37975249548
ID50,1966-03-31,1.1492999768257142
ID50,1966-06-30,431180.77999999817
ID50,1966-09-30,1.1492999768257142
ID50,1966-12-31,1.1492999768257142
ID50,1967-03-31,1.1492999768257142
ID50,1967-06-30,1.1492999768257142
ID50,1967-09-30,431180.77999999817
ID50,1967-12-31,1.1492999768257142
ID50,1968-03-31,1.1492999768257142
ID50,1968-06-30,1.1492999768257142
ID50,1968-09-30,1.1492999768257142
ID50,1968-12-31,431180.77999999817
ID50,1969-03-31,431180.77999999817
ID50,1969-06-30,431180.77999999817
ID50,1969-09-30,431180.77999999817
ID50,1969-12-31,431180.77999999817
ID50,1970-03-31,431180.77999999817
ID50,1970-06-30,1.1492999768257142
ID50,1970-09-30,1.1492999768257142
ID50,1970-12-31,1.1492999768257142
ID50,1971-03-31,1.1492999768257142
ID50,1971-06-30,1.1492999768257142
ID50,1971-09-30,1.1492999768257142
ID51,1968-12-31,1.1492999768257142
ID51,1969-03-31,1.1492999768257142
ID51,1969-06-30,42355.89123327471
ID51,1969-09-30,1.1492999768257142
ID51,1969-12-31,1.1492999768257142
ID51,1970-03-31,1.1492999768257142
ID51,1970-06-30,1.1492999768257142
ID51,1970-09-30,431180.77999999817
ID51,1970-12-31,5133.321806855668
ID51,1971-03-31,431180.77999999817
ID51,1971-06-30,431180.77999999817
ID51,1971-09-30,1.1492999768257142
ID51,1971-12-31,431180.77999999817
ID51,1972-03-31,1.1492999768257142
ID51,1972-06-30,431180.77999999817
ID51,1972-09-30,1.1492999768257142
ID51,1972-12-31,431180.77999999817
ID51,1973-03-31,431180.77999999817
ID51,1973-06-30,1.1492999768257142
ID51,1973-09-30,1.1492999768257142
ID51,1973-12-31,1.1492999768257142
ID51,1974-03-31,431180.77999999817
ID51,1974-06-30,1.1492999768257142
ID51,1974-09-30,1.1492999768257142
ID51,1974-12-31,431180.77999999817
ID51,1975-03-31,1.1492999768257142
ID51,1975-06-30,326819.6768180166
ID51,1975-09-30,431180.77999999817
ID51,1975-12-31,259736.95950043562
ID51,1976-03-31,431180.77999999817
ID51,1976-06-30,431180.77999999817
ID51,1976-09-30,431180.77999999817
ID52,1968-12-31,1.1492999768257142
ID52,1969-03-31,431180.77999999817
ID52,1969-06-30,431180.77999999817
ID52,1969-09-30,1.1492999768257142
ID52,1969-12-31,431180.77999999817
ID52,1970-03-31,1.1492999768257142
ID52,1970-06-30,431180.77999999817
ID52,1970-09-30,1.1492999768257142
ID52,1970-12-31,1.1492999768257142
ID52,1971-03-31,431180.77999999817
ID52,1971-06-30,431180.77999999817
ID52,1971-09-30,431180.77999999817
ID52,1971-12-31,431180.77999999817
ID52,1972-03-31,179366.5020365388
ID52,1972-06-30,431180.77999999817
ID52,1972-09-30,40867.36024878915
ID52,1972-12-31,1.1492999768257142
ID52,1973-03-31,1.1492999768257142
ID52,1973-06-30,431180.77999999817
ID52,1973-09-30,1.1492999768257142
ID52,1973-12-31,431180.77999999817
ID52,1974-03-31,1.1492999768257142
ID52,1974-06-30,268603.1354768628
ID52,1974-09-30,1.1492999768257142
ID52,1974-12-31,1.1492999768257142
ID52,1975-03-31,431180.77999999817
ID52,1975-06-30,1.1492999768257142
ID52,1975-09-30,431180.77999999817
ID52,1975-12-31,1.1492999768257142
ID52,1976-03-31,431180.77999999817
ID52,1976-06-30,1.1492999768257142
ID52,1976-09-30,431180.77999999817
ID53,1968-12-31,1.1492999768257142
ID53,1969-03-31,106352.10994597305
ID53,1969-06-30,1.1492999768257142
ID53,1969-09-30,431180.77999999817
ID53,1969-12-31,369456.8084974121
ID53,1970-03-31,431180.77999999817
ID53,1970-06-30,1.1492999768257142
ID53,1970-09-30,1.1492999768257142
ID53,1970-12-31,1.1492999768257142
ID53,1971-03-31,276471.8093165241
ID53,1971-06-30,1.1492999768257142
ID53,1971-09-30,1.1492999768257142
ID53,1971-12-31,431180.77999999817
ID53,1972-03-31,1.1492999768257142
ID53,1972-06-30,1.1492999768257142
ID53,1972-09-30,1.1492999768257142
ID53,1972-12-31,1.1492999768257142
ID53,1973-03-31,142191.9786121502
ID53,1973-06-30,1.1492999768257142
ID53,1973-09-30,431180.77999999817
ID53,1973-12-31,431180.77999999817
ID53,1974-03-31,1.1492999768257142
ID53,1974-06-30,1.1492999768257142
ID53,1974-09-30,1.1492999768257142
ID53,1974-12-31,1.1492999768257142
ID53,1975-03-31,1.1492999768257142
ID53,1975-06-30,385500.0958418409
ID53,1975-09-30,431180.77999999817
ID53,1975-12-31,431180.77999999817
ID53,1976-03-31,431180.77999999817
ID53,1976-06-30,431180.77999999817
ID53,1976-09-30,1.1492999768257142
ID54,1968-12-31,431180.77999999817
ID54,1969-03-31,146677.75922264004
ID54,1969-06-30,1.1492999768257142
ID54,1969-09-30,1.1492999768257142
ID54,1969-12-31,1.1492999768257142
ID54,1970-03-31,431180.77999999817
ID54,1970-06-30,1.1492999768257142
ID54,1970-09-30,1.1492999768257142
ID54,1970-12-31,1.1492999768257142
ID54,1971-03-31,431180.77999999817
ID54,1971-06-30,431180.77999999817
ID54,1971-09-30,19719.698107813503
ID54,1971-12-31,1.1492999768257142
ID54,1972-03-31,431180.77999999817
ID54,1972-06-30,431180.77999999817
ID54,1972-09-30,11650.613918043982
ID54,1972-12-31,42553.150221010714
ID54,1973-03-31,1.1492999768257142
ID54,1973-06-30,1.1492999768257142
ID54,1973-09-30,431180.77999999817
ID54,1973-12-31,1.1492999768257142
ID54,1974-03-31,1.1492999768257142
ID54,1974-06-30,1.1492999768257142
ID54,1974-09-30,431180.77999999817
ID54,1974-12-31,1.1492999768257142
ID54,1975-03-31,431180.77999999817
ID54,1975-06-30,1.1492999768257142
ID54,1975-09-30,431180.77999999817
ID54,1975-12-31,431180.77999999817
ID54,1976-03-31,394016.58558529423
ID54,1976-06-30,1.1492999768257142
ID54,1976-09-30,1.1492999768257142
ID55,1971-12-31,1.1492999768257142
ID55,1972-03-31,1.1492999768257142
ID55,1972-06-30,1.1492999768257142
ID55,1972-09-30,431180.77999999817
ID55,1972-12-31,1.1492999768257142
ID55,1973-03-31,206966.13868269522
ID55,1973-06-30,431180.77999999817
ID55,1973-09-30,431180.77999999817
ID55,1973-12-31,1.1492999768257142
ID55,1974-03-31,1.1492999768257142
ID55,1974-06-30,1.1492999768257142
ID55,1974-09-30,431180.77999999817
ID55,1974-12-31,1.1492999768257142
ID55,1975-03-31,83813.71671780277
ID55,1975-06-30,431180.77999999817
ID55,1975-09-30,1.1492999768257142
ID55,1975-12-31,1.1492999768257142
ID55,1976-03-31,1.1492999768257142
ID55,1976-06-30,1.1492999768257142
ID55,1976-09-30,1.1492999768257142
ID55,1976-12-31,1.1492999768257142
ID55,1977-03-31,1.1492999768257142
ID55,1977-06-30,431180.77999999817
ID55,1977-09-30,431180.77999999817
ID55,1977-12-31,1.1492999768257142
ID55,1978-03-31,1.1492999768257142
ID55,1978-06-30,1.1492999768257142
ID55,1978-09-30,1.1492999768257142
ID55,1978-12-31,431180.77999999817
ID55,1979-03-31,431180.77999999817
ID55,1979-06-30,1.1492999768257142
ID55,1979-09-30,431180.77999999817
ID55,1979-12-31,431180.77999999817
ID55,1980-03-31,431180.77999999817
ID55,1980-06-30,1.1492999768257142
ID55,1980-09-30,1.1492999768257142
ID55,1980-12-31,1.1492999768257142
ID55,1981-03-31,1.1492999768257142
ID55,1981-06-30,1.1492999768257142
ID55,1981-09-30,431180.77999999817
ID55,1981-12-31,431180.77999999817
ID55,1982-03-31,1.1492999768257142
ID55,1982-06-30,431180.77999999817
ID55,1982-09-30,431180.77999999817
ID55,1982-12-31,1.1492999768257142
ID55,1983-03-31,431180.77999999817
ID55,1983-06-30,431180.77999999817
ID55,1983-09-30,235718.175563372
ID55,1983-12-31,431180.77999999817
ID55,1984-03-31,431180.77999999817
ID55,1984-06-30,431180.77999999817
ID55,1984-09-30,431180.77999999817
ID55,1984-12-31,431180.77999999817
ID55,1985-03-31,1.1492999768257142
ID55,1985-06-30,1.1492999768257142
ID55,1985-09-30,431180.77999999817
ID56,1978-03-31,1.1492999768257142
ID56,1978-06-30,431180.77999999817
ID56,1978-09-30,431180.77999999817
ID56,1978-12-31,431180.77999999817
ID56,1979-03-31,431180.77999999817
ID56,1979-06-30,431180.77999999817
ID56,1979-09-30,431180.77999999817
ID56,1979-12-31,109852.72173908069
ID56,1980-03-31,431180.77999999817
ID56,1980-06-30,431180.77999999817
ID56,1980-09-30,1.1492999768257142
ID56,1980-12-31,1.1492999768257142
ID56,1981-03-31,431180.77999999817
ID56,1981-06-30,1.1492999768257142
ID56,1981-09-30,431180.77999999817
ID56,1981-12-31,431180.77999999817
ID56,1982-03-31,1.1492999768257142
ID56,1982-06-30,204144.10256129014
ID56,1982-09-30,1.1492999768257142
ID56,1982-12-31,62124.06467825967
ID56,1983-03-31,1.1492999768257142
ID56,1983-06-30,1.1492999768257142
ID56,1983-09-30,1.1492999768257142
ID56,1983-12-31,431180.77999999817
ID56,1984-03-31,431180.77999999817
ID56,1984-06-30,1.1492999768257142
ID56,1984-09-30,431180.77999999817
ID56,1984-12-31,431180.77999999817
ID56,1985-03-31,1.1492999768257142
ID56,1985-06-30,1.1492999768257142
ID56,1985-09-30,1.1492999768257142
ID56,1985-12-31,1.1492999768257142
ID56,1986-03-31,431180.77999999817
ID56,1986-06-30,1.1492999768257142
ID56,1986-09-30,1.1492999768257142
ID56,1986-12-31,431180.77999999817
ID56,1987-03-31,431180.77999999817
ID56,1987-06-30,406575.9013690014
ID56,1987-09-30,1.1492999768257142
ID56,1987-12-31,431180.77999999817
ID56,1988-03-31,1.1492999768257142
ID56,1988-06-30,431180.77999999817
ID56,1988-09-30,1.1492999768257142
ID56,1988-12-31,1.1492999768257142
ID56,1989-03-31,431180.77999999817
ID56,1989-06-30,431180.77999999817
ID56,1989-09-30,431180.77999999817
ID56,1989-12-31,1.1492999768257142
ID56,1990-03-31,1.1492999768257142
ID56,1990-06-30,1.1492999768257142
ID56,1990-09-30,431180.77999999817
ID56,1990-12-31,1.1492999768257142
ID56,1991-03-31,1.1492999768257142
ID57,1978-06-30,166196.35711096527
ID57,1978-09-30,1.1492999768257142
ID57,1978-12-31,87362.70067591961
ID57,1979-03-31,1.1492999768257142
ID57,1979-06-30,431180.77999999817
ID57,1979-09-30,1.1492999768257142
ID57,1979-12-31,431180.77999999817
ID57,1980-03-31,1.1492999768257142
ID57,1980-06-30,431180.77999999817
ID57,1980-09-30,431180.77999999817
ID57,1980-12-31,1.1492999768257142
ID57,1981-03-31,431180.77999999817
ID57,1981-06-30,1.1492999768257142
ID57,1981-09-30,1.1492999768257142
ID57,1981-12-31,1.1492999768257142
ID57,1982-03-31,1.1492999768257142
ID57,1982-06-30,390649.32708931196
ID57,1982-09-30,431180.77999999817
ID57,1982-12-31,431180.77999999817
ID57,1983-03-31,1.1492999768257142
ID57,1983-06-30,1.1492999768257142
ID57,1983-09-30,1.1492999768257142
ID57,1983-12-31,1.1492999768257142
ID57,1984-03-31,1.1492999768257142
ID57,1984-06-30,238853.38377691293
ID57,1984-09-30,431180.77999999817
ID57,1984-12-31,431180.77999999817
ID57,1985-03-31,431180.77999999817
ID57,1985-06-30,1.1492999768257142
ID57,1985-09-30,431180.77999999817
ID58,1977-03-31,1.1492999768257142
ID58,1977-06-30,1.1492999768257142
ID58,1977-09-30,1.1492999768257142
ID58,1977-12-31,1.1492999768257142
ID58,1978-03-31,431180.77999999817
ID58,1978-06-30,431180.77999999817
ID58,1978-09-30,431180.77999999817
ID58,1978-12-31,43459.14652754635
ID58,1979-03-31,431180.77999999817
ID58,1979-06-30,1.1492999768257142
ID58,1979-09-30,431180.77999999817
ID58,1979-12-31,1.1492999768257142
ID58,1980-03-31,1.1492999768257142
ID58,1980-06-30,157167.86207745635
ID58,1980-09-30,1.1492999768257142
ID58,1980-12-31,1.1492999768257142
ID58,1981-03-31,1.1492999768257142
ID58,1981-06-30,431180.77999999817
ID58,1981-09-30,431180.77999999817
ID58,1981-12-31,1.1492999768257142
ID58,1982-03-31,1.1492999768257142
ID58,1982-06-30,1.1492999768257142
ID58,1982-09-30,428118.73424505454
ID58,1982-12-31,431180.77999999817
ID58,1983-03-31,431180.77999999817
ID58,1983-06-30,1.1492999768257142
ID58,1983-09-30,1.1492999768257142
ID58,1983-12-31,1.1492999768257142
ID58,1984-03-31,431180.77999999817
ID58,1984-06-30,1.1492999768257142
ID58,1984-09-30,1.1492999768257142
ID58,1984-12-31,1.1492999768257142
ID58,1985-03-31,431180.77999999817
ID59,1977-09-30,1.1492999768257142
ID59,1977-12-31,1.1492999768257142
ID59,1978-03-31,431180.77999999817
ID59,1978-06-30,1.1492999768257142
ID59,1978-09-30,431180.77999999817
ID59,1978-12-31,1.1492999768257142
ID59,1979-03-31,431180.77999999817
ID59,1979-06-30,431180.77999999817
ID59,1979-09-30,1.1492999768257142
ID59,1979-12-31,1.1492999768257142
ID59,1980-03-31,431180.77999999817
ID59,1980-06-30,1.1492999768257142
ID59,1980-09-30,1.1492999768257142
ID59,1980-12-31,1.1492999768257142
ID59,1981-03-31,431180.77999999817
ID59,1981-06-30,1.1492999768257142
ID59,1981-09-30,1.1492999768257142
ID59,1981-12-31,1.1492999768257142
ID59,1982-03-31,1.1492999768257142
ID59,1982-06-30,1.1492999768257142
ID59,1982-09-30,1.1492999768257142
ID59,1982-12-31,431180.77999999817
ID59,1983-03-31,431180.77999999817
ID59,1983-06-30,1.1492999768257142
ID59,1983-09-30,431180.77999999817
ID59,1983-12-31,431180.77999999817
ID59,1984-03-31,431180.77999999817
ID59,1984-06-30,1.1492999768257142
ID59,1984-09-30,1.1492999768257142
ID59,1984-12-31,431180.77999999817
ID59,1985-03-31,1.1492999768257142
ID59,1985-06-30,1.1492999768257142
ID59,1985-09-30,1.1492999768257142
ID59,1985-12-31,431180.77999999817
ID59,1986-03-31,1.1492999768257142
ID59,1986-06-30,1.1492999768257142
ID59,1986-09-30,1.1492999768257142
ID59,1986-12-31,289941.80771138397
ID60,1976-12-31,1.1492999768257142
ID60,1977-03-31,431180.77999999817
ID60,1977-06-30,1.1492999768257142
ID60,1977-09-30,431180.77999999817
ID60,1977-12-31,431180.77999999817
ID60,1978-03-31,1.1492999768257142
ID60,1978-06-30,431180.77999999817
ID60,1978-09-30,431180.77999999817
ID60,1978-12-31,1.1492999768257142
ID60,1979-03-31,1.1492999768257142
ID60,1979-06-30,431180.77999999817
ID60,1979-09-30,1.1492999768257142
ID60,1979-12-31,431180.77999999817
ID60,1980-03-31,431180.77999999817
ID60,1980-06-30,218447.432893263
ID60,1980-09-30,1.1492999768257142
ID60,1980-12-31,431180.77999999817
ID60,1981-03-31,431180.77999999817
ID60,1981-06-30,313988.9459283525
ID60,1981-09-30,353751.79356665094
ID60,1981-12-31,431180.77999999817
ID60,1982-03-31,1.1492999768257142
ID60,1982-06-30,1.1492999768257142
ID60,1982-09-30,1.1492999768257142
ID60,1982-12-31,1.1492999768257142
ID60,1983-03-31,282162.8492307892
ID60,1983-06-30,1.1492999768257142
ID60,1983-09-30,1.1492999768257142
ID60,1983-12-31,431180.77999999817
ID60,1984-03-31,1.1492999768257142
ID60,1984-06-30,431180.77999999817
ID60,1984-09-30,431180.77999999817
ID60,1984-12-31,1.1492999768257142
ID60,1985-03-31,145090.1350366153
ID60,1985-06-30,1.1492999768257142
ID60,1985-09-30,1.1492999768257142
ID60,1985-12-31,1.1492999768257142
ID60,1986-03-31,1.1492999768257142
ID60,1986-06-30,1.1492999768257142
ID60,1986-09-30,1.1492999768257142
ID60,1986-12-31,1.1492999768257142
ID60,1987-03-31,431180.77999999817
ID60,1987-06-30,431180.77999999817
ID60,1987-09-30,431180.77999999817
ID60,1987-12-31,1.1492999768257142
ID60,1988-03-31,1.1492999768257142
ID60,1988-06-30,1.1492999768257142
ID60,1988-09-30,1.1492999768257142
ID61,1976-12-31,1.1492999768257142
ID61,1977-03-31,431180.77999999817
ID61,1977-06-30,1.1492999768257142
ID61,1977-09-30,1.1492999768257142
ID61,1977-12-31,1.1492999768257142
ID61,1978-03-31,1.1492999768257142
ID61,1978-06-30,1.1492999768257142
ID61,1978-09-30,1.1492999768257142
ID61,1978-12-31,1.1492999768257142
ID61,1979-03-31,1.1492999768257142
ID61,1979-06-30,1.1492999768257142
ID61,1979-09-30,1.1492999768257142
ID61,1979-12-31,1.1492999768257142
ID61,1980-03-31,205754.43021179203
ID61,1980-06-30,431180.77999999817
ID61,1980-09-30,431180.77999999817
ID61,1980-12-31,1.1492999768257142
ID61,1981-03-31,431180.77999999817
ID61,1981-06-30,431180.77999999817
ID61,1981-09-30,431180.77999999817
ID61,1981-12-31,1.1492999768257142
ID61,1982-03-31,1.1492999768257142
ID61,1982-06-30,431180.77999999817
ID61,1982-09-30,1.1492999768257142
ID61,1982-12-31,431180.77999999817
ID61,1983-03-31,431180.77999999817
ID61,1983-06-30,1.1492999768257142
ID61,1983-09-30,1.1492999768257142
ID61,1983-12-31,431180.77999999817
ID61,1984-03-31,1.1492999768257142
ID61,1984-06-30,1.1492999768257142
ID61,1984-09-30,1.1492999768257142
ID61,1984-12-31,1.1492999768257142
ID61,1985-03-31,1.1492999768257142
ID61,1985-06-30,1.1492999768257142
ID61,1985-09-30,1.1492999768257142
ID61,1985-12-31,431180.77999999817
ID61,1986-03-31,337145.69184782146
ID61,1986-06-30,339071.4585295161
ID61,1986-09-30,1.1492999768257142
ID61,1986-12-31,206446.8760080974
ID61,1987-03-31,431180.77999999817
ID61,1987-06-30,431180.77999999817
ID61,1987-09-30,431180.77999999817
ID61,1987-12-31,1.1492999768257142
ID61,1988-03-31,1.1492999768257142
ID61,1988-06-30,431180.77999999817
ID61,1988-09-30,431180.77999999817
ID62,1976-12-31,431180.77999999817
ID62,1977-03-31,1.1492999768257142
ID62,1977-06-30,1.1492999768257142
ID62,1977-09-30,431180.77999999817
ID62,1977-12-31,431180.77999999817
ID62,1978-03-31,1.1492999768257142
ID62,1978-06-30,431180.77999999817
ID62,1978-09-30,1.1492999768257142
ID62,1978-12-31,431180.77999999817
ID62,1979-03-31,1.1492999768257142
ID62,1979-06-30,1.1492999768257142
ID62,1979-09-30,1.1492999768257142
ID62,1979-12-31,1.1492999768257142
ID62,1980-03-31,1.1492999768257142
ID62,1980-06-30,431180.77999999817
ID62,1980-09-30,1.1492999768257142
ID62,1980-12-31,1.1492999768257142
ID62,1981-03-31,431180.77999999817
ID62,1981-06-30,1.1492999768257142
ID62,1981-09-30,431180.77999999817
ID62,1981-12-31,1.1492999768257142
ID62,1982-03-31,1.1492999768257142
ID62,1982-06-30,1.1492999768257142
ID62,1982-09-30,1.1492999768257142
ID62,1982-12-31,1.1492999768257142
ID62,1983-03-31,431180.77999999817
ID62,1983-06-30,1.1492999768257142
ID62,1983-09-30,431180.77999999817
ID62,1983-12-31,1.1492999768257142
ID62,1984-03-31,1.1492999768257142
ID62,1984-06-30,1.1492999768257142
ID62,1984-09-30,431180.77999999817
ID62,1984-12-31,1.1492999768257142
ID62,1985-03-31,1.1492999768257142
ID62,1985-06-30,431180.77999999817
ID62,1985-09-30,1.1492999768257142
ID62,1985-12-31,1.1492999768257142
ID62,1986-03-31,1.1492999768257142
ID62,1986-06-30,431180.77999999817
ID62,1986-09-30,1.1492999768257142
ID62,1986-12-31,1.1492999768257142
ID62,1987-03-31,237932.10232745064
ID62,1987-06-30,431180.77999999817
ID62,1987-09-30,431180.77999999817
ID62,1987-12-31,1.1492999768257142
ID62,1988-03-31,431180.77999999817
ID62,1988-06-30,1.1492999768257142
ID62,1988-09-30,431180.77999999817
ID63,1976-12-31,431180.77999999817
ID63,1977-03-31,431180.77999999817
ID63,1977-06-30,1.1492999768257142
ID63,1977-09-30,431180.77999999817
ID63,1977-12-31,1.1492999768257142
ID63,1978-03-31,431180.77999999817
ID63,1978-06-30,1.1492999768257142
ID63,1978-09-30,1.1492999768257142
ID63,1978-12-31,431180.77999999817
ID63,1979-03-31,1.1492999768257142
ID63,1979-06-30,1.1492999768257142
ID63,1979-09-30,431180.77999999817
ID63,1979-12-31,1.1492999768257142
ID63,1980-03-31,431180.77999999817
ID63,1980-06-30,431180.77999999817
ID63,1980-09-30,1.1492999768257142
ID63,1980-12-31,1.1492999768257142
ID63,1981-03-31,1.1492999768257142
ID63,1981-06-30,1.1492999768257142
ID63,1981-09-30,216925.70093228426
ID63,1981-12-31,1.1492999768257142
ID63,1982-03-31,347189.646776718
ID63,1982-06-30,1.1492999768257142
ID63,1982-09-30,431180.77999999817
ID63,1982-12-31,118528.01215776478
ID63,1983-03-31,1.1492999768257142
ID63,1983-06-30,250451.41424943338
ID63,1983-09-30,1.1492999768257142
ID63,1983-12-31,1.1492999768257142
ID63,1984-03-31,431180.77999999817
ID63,1984-06-30,431180.77999999817
ID63,1984-09-30,1.1492999768257142
ID63,1984-12-31,431180.77999999817
ID63,1985-03-31,1.1492999768257142
ID63,1985-06-30,244980.09955936956
ID63,1985-09-30,167269.84946256242
ID63,1985-12-31,126761.69428062592
ID63,1986-03-31,431180.77999999817
ID63,1986-06-30,292091.5522856259
ID63,1986-09-30,431180.77999999817
ID64,1976-12-31,431180.77999999817
ID64,1977-03-31,431180.77999999817
ID64,1977-06-30,1.1492999768257142
ID64,1977-09-30,431180.77999999817
ID64,1977-12-31,428570.27144926606
ID64,1978-03-31,1.1492999768257142
ID64,1978-06-30,1.1492999768257142
ID64,1978-09-30,1.1492999768257142
ID64,1978-12-31,431180.77999999817
ID64,1979-03-31,431180.77999999817
ID64,1979-06-30,3501.662859678899
ID64,1979-09-30,1.1492999768257142
ID64,1979-12-31,1.1492999768257142
ID64,1980-03-31,431180.77999999817
ID64,1980-06-30,1.1492999768257142
ID64,1980-09-30,43567.83484793755
ID64,1980-12-31,1.1492999768257142
ID64,1981-03-31,1.1492999768257142
ID64,1981-06-30,431180.77999999817
ID64,1981-09-30,431180.77999999817
ID64,1981-12-31,1.1492999768257142
ID64,1982-03-31,431180.77999999817
ID64,1982-06-30,1.1492999768257142
ID64,1982-09-30,431180.77999999817
ID64,1982-12-31,431180.77999999817
ID64,1983-03-31,1.1492999768257142
ID64,1983-06-30,1.1492999768257142
ID64,1983-09-30,431180.77999999817
ID64,1983-12-31,431180.77999999817
ID64,1984-03-31,1.1492999768257142
ID64,1984-06-30,431180.77999999817
ID64,1984-09-30,431180.77999999817
ID64,1984-12-31,353147.56122747564
ID64,1985-03-31,431180.77999999817
ID64,1985-06-30,1.1492999768257142
ID64,1985-09-30,1.1492999768257142
ID64,1985-12-31,431180.77999999817
ID64,1986-03-31,1.1492999768257142
ID64,1986-06-30,1.1492999768257142
ID64,1986-09-30,383508.2295222651
ID64,1986-12-31,1540.9092093090774
ID64,1987-03-31,380769.95230218786
ID64,1987-06-30,431180.77999999817
ID64,1987-09-30,1.1492999768257142
ID7,1977-06-30,1.1492999768257142
ID7,1977-09-30,1.1492999768257142
ID7,1977-12-31,1.1492999768257142
ID7,1978-03-31,1.1492999768257142
ID7,1978-06-30,431180.77999999817
ID7,1978-09-30,431180.77999999817
ID7,1978-12-31,431180.77999999817
ID7,1979-03-31,431180.77999999817
ID7,1979-06-30,1.1492999768257142
ID7,1979-09-30,1.1492999768257142
ID7,1979-12-31,431180.77999999817
ID7,1980-03-31,1.1492999768257142
ID7,1980-06-30,1.1492999768257142
ID7,1980-09-30,431180.77999999817
ID7,1980-12-31,1.1492999768257142
ID7,1981-03-31,1.1492999768257142
ID7,1981-06-30,431180.77999999817
ID7,1981-09-30,431180.77999999817
ID7,1981-12-31,1.1492999768257142
ID7,1982-03-31,431180.77999999817
ID7,1982-06-30,1.1492999768257142
ID7,1982-09-30,1.1492999768257142
ID7,1982-12-31,1.1492999768257142
ID7,1983-03-31,1.1492999768257142
ID7,1983-06-30,1.1492999768257142
ID7,1983-09-30,431180.77999999817
ID7,1983-12-31,408947.3287952392
ID7,1984-03-31,364077.01543200004
ID7,1984-06-30,1.1492999768257142
ID7,1984-09-30,1.1492999768257142
ID7,1984-12-31,431180.77999999817
ID7,1985-03-31,1.1492999768257142
ID7,1985-06-30,1.1492999768257142
ID7,1985-09-30,291688.88177506457
ID7,1985-12-31,1.1492999768257142
ID7,1986-03-31,431180.77999999817
ID7,1986-06-30,181500.7493413571
ID7,1986-09-30,1.1492999768257142
ID7,1986-12-31,431180.77999999817
ID7,1987-03-31,431180.77999999817
ID7,1987-06-30,1.1492999768257142
ID7,1987-09-30,1.1492999768257142
ID7,1987-12-31,431180.77999999817
ID7,1988-03-31,313535.90298803156
ID7,1988-06-30,431180.77999999817
ID7,1988-09-30,431180.77999999817
ID71,1976-03-31,431180.77999999817
ID71,1976-06-30,431180.77999999817
ID71,1976-09-30,1.1492999768257142
ID71,1976-12-31,1.1492999768257142
ID71,1977-03-31,1.1492999768257142
ID71,1977-06-30,1.1492999768257142
ID71,1977-09-30,431180.77999999817
ID71,1977-12-31,431180.77999999817
ID71,1978-03-31,1.1492999768257142
ID71,1978-06-30,1.1492999768257142
ID71,1978-09-30,333472.2129476237
ID71,1978-12-31,431180.77999999817
ID71,1979-03-31,431180.77999999817
ID71,1979-06-30,431180.77999999817
ID71,1979-09-30,1.1492999768257142
ID71,1979-12-31,1.1492999768257142
ID71,1980-03-31,431180.77999999817
ID71,1980-06-30,1.1492999768257142
ID71,1980-09-30,1.1492999768257142
ID71,1980-12-31,431180.77999999817
ID71,1981-03-31,1.1492999768257142
ID71,1981-06-30,431180.77999999817
ID71,1981-09-30,1.1492999768257142
ID71,1981-12-31,1.1492999768257142
ID71,1982-03-31,246934.37000265645
ID71,1982-06-30,431180.77999999817
ID71,1982-09-30,1.1492999768257142
ID71,1982-12-31,1.1492999768257142
ID71,1983-03-31,1.1492999768257142
ID71,1983-06-30,231586.56208741223
ID71,1983-09-30,1.1492999768257142
ID71,1983-12-31,431180.77999999817
ID71,1984-03-31,332220.1951449746
ID71,1984-06-30,1.1492999768257142
ID71,1984-09-30,431180.77999999817
ID71,1984-12-31,1.1492999768257142
ID71,1985-03-31,1.1492999768257142
ID71,1985-06-30,431180.77999999817
ID71,1985-09-30,1.1492999768257142
ID71,1985-12-31,1.1492999768257142
ID71,1986-03-31,431180.77999999817
ID71,1986-06-30,1.1492999768257142
ID71,1986-09-30,70659.39910268168
ID71,1986-12-31,431180.77999999817
ID71,1987-03-31,431180.77999999817
ID77,1971-12-31,52644.16989087573
ID77,1972-03-31,1.1492999768257142
ID77,1972-06-30,1.1492999768257142
ID77,1972-09-30,1.1492999768257142
ID77,1972-12-31,1.1492999768257142
ID77,1973-03-31,1.1492999768257142
ID77,1973-06-30,1.1492999768257142
ID77,1973-09-30,431180.77999999817
ID77,1973-12-31,431180.77999999817
ID77,1974-03-31,1.1492999768257142
ID77,1974-06-30,431180.77999999817
ID77,1974-09-30,1.1492999768257142
ID77,1974-12-31,431180.77999999817
ID77,1975-03-31,1.1492999768257142
ID77,1975-06-30,431180.77999999817
ID77,1975-09-30,431180.77999999817
ID77,1975-12-31,431180.77999999817
ID77,1976-03-31,431180.77999999817
ID77,1976-06-30,1.1492999768257142
ID77,1976-09-30,431180.77999999817
ID77,1976-12-31,1.1492999768257142
ID77,1977-03-31,431180.77999999817
ID77,1977-06-30,1.1492999768257142
ID77,1977-09-30,1.1492999768257142
ID77,1977-12-31,1.1492999768257142
ID77,1978-03-31,431180.77999999817
ID77,1978-06-30,1.1492999768257142
ID77,1978-09-30,431180.77999999817
ID77,1978-12-31,431180.77999999817
ID77,1979-03-31,431180.77999999817
ID77,1979-06-30,431180.77999999817
ID77,1979-09-30,431180.77999999817
ID77,1979-12-31,431180.77999999817
ID77,1980-03-31,1.1492999768257142
ID77,1980-06-30,324201.05211498454
ID77,1980-09-30,1.1492999768257142
ID77,1980-12-31,1.1492999768257142
ID77,1981-03-31,1.1492999768257142
ID77,1981-06-30,1.1492999768257142
ID77,1981-09-30,431180.77999999817
ID77,1981-12-31,1.1492999768257142
ID77,1982-03-31,431180.77999999817
ID77,1982-06-30,330994.8407654163
ID77,1982-09-30,73712.36995581849
ID77,1982-12-31,1.1492999768257142
ID77,1983-03-31,1.1492999768257142
ID77,1983-06-30,1.1492999768257142
ID77,1983-09-30,1.1492999768257142
ID77,1983-12-31,431180.77999999817
ID77,1984-03-31,1.1492999768257142
ID77,1984-06-30,193567.1155856987
ID77,1984-09-30,1.1492999768257142
ID77,1984-12-31,1.1492999768257142
ID77,1985-03-31,431180.77999999817
ID77,1985-06-30,431180.77999999817
ID77,1985-09-30,183905.43636720118
ID78,1971-12-31,1.1492999768257142
ID78,1972-03-31,431180.77999999817
ID78,1972-06-30,431180.77999999817
ID78,1972-09-30,431180.77999999817
ID78,1972-12-31,1.1492999768257142
ID78,1973-03-31,1.1492999768257142
ID78,1973-06-30,1.1492999768257142
ID78,1973-09-30,1.1492999768257142
ID78,1973-12-31,1.1492999768257142
ID78,1974-03-31,431180.77999999817
ID78,1974-06-30,431180.77999999817
ID78,1974-09-30,431180.77999999817
ID78,1974-12-31,1.1492999768257142
ID78,1975-03-31,154909.7219044046
ID78,1975-06-30,1.1492999768257142
ID78,1975-09-30,1.1492999768257142
ID78,1975-12-31,1.1492999768257142
ID78,1976-03-31,1.1492999768257142
ID78,1976-06-30,431180.77999999817
ID78,1976-09-30,1.1492999768257142
ID78,1976-12-31,1.1492999768257142
ID78,1977-03-31,431180.77999999817
ID78,1977-06-30,431180.77999999817
ID78,1977-09-30,1.1492999768257142
ID78,1977-12-31,425241.6465108698
ID78,1978-03-31,431180.77999999817
ID78,1978-06-30,431180.77999999817
ID78,1978-09-30,1.1492999768257142
ID78,1978-12-31,259337.01690441274
ID78,1979-03-31,431180.77999999817
ID78,1979-06-30,1.1492999768257142
ID78,1979-09-30,1.1492999768257142
ID78,1979-12-31,431180.77999999817
ID78,1980-03-31,431180.77999999817
ID78,1980-06-30,1.1492999768257142
ID78,1980-09-30,431180.77999999817
ID78,1980-12-31,378896.8095452316
ID78,1981-03-31,431180.77999999817
ID78,1981-06-30,212373.18569299908
ID78,1981-09-30,431180.77999999817
ID78,1981-12-31,431180.77999999817
ID78,1982-03-31,1.1492999768257142
ID78,1982-06-30,431180.77999999817
ID78,1982-09-30,1.1492999768257142
ID78,1982-12-31,431180.77999999817
ID78,1983-03-31,1.1492999768257142
ID78,1983-06-30,1.1492999768257142
ID78,1983-09-30,431180.77999999817
ID78,1983-12-31,431180.77999999817
ID78,1984-03-31,1.1492999768257142
ID78,1984-06-30,431180.77999999817
ID78,1984-09-30,431180.77999999817
ID78,1984-12-31,431180.77999999817
ID78,1985-03-31,431180.77999999817
ID78,1985-06-30,1.1492999768257142
ID78,1985-09-30,1.1492999768257142
ID79,1971-12-31,1.1492999768257142
ID79,1972-03-31,1.1492999768257142
ID79,1972-06-30,1.1492999768257142
ID79,1972-09-30,431180.77999999817
ID79,1972-12-31,1.1492999768257142
ID79,1973-03-31,431180.77999999817
ID79,1973-06-30,234089.2226517266
ID79,1973-09-30,1.1492999768257142
ID79,1973-12-31,431180.77999999817
ID79,1974-03-31,75527.89990254548
ID79,1974-06-30,1.1492999768257142
ID79,1974-09-30,431180.77999999817
ID79,1974-12-31,431180.77999999817
ID79,1975-03-31,1.1492999768257142
ID79,1975-06-30,431180.77999999817
ID79,1975-09-30,431180.77999999817
ID79,1975-12-31,1.1492999768257142
ID79,1976-03-31,431180.77999999817
ID79,1976-06-30,191609.78006634084
ID79,1976-09-30,431180.77999999817
ID79,1976-12-31,1.1492999768257142
ID79,1977-03-31,1.1492999768257142
ID79,1977-06-30,431180.77999999817
ID79,1977-09-30,431180.77999999817
ID79,1977-12-31,206612.13592468968
ID79,1978-03-31,1.1492999768257142
ID79,1978-06-30,1.1492999768257142
ID79,1978-09-30,431180.77999999817
ID79,1978-12-31,431180.77999999817
ID79,1979-03-31,1.1492999768257142
ID79,1979-06-30,1.1492999768257142
ID79,1979-09-30,431180.77999999817
ID79,1979-12-31,1.1492999768257142
ID79,1980-03-31,1.1492999768257142
ID79,1980-06-30,1.1492999768257142
ID79,1980-09-30,431180.77999999817
ID79,1980-12-31,1.1492999768257142
ID79,1981-03-31,1.1492999768257142
ID79,1981-06-30,431180.77999999817
ID79,1981-09-30,1.1492999768257142
ID79,1981-12-31,431180.77999999817
ID79,1982-03-31,431180.77999999817
ID79,1982-06-30,1.1492999768257142
ID79,1982-09-30,431180.77999999817
ID79,1982-12-31,431180.77999999817
ID79,1983-03-31,1.1492999768257142
ID79,1983-06-30,1.1492999768257142
ID79,1983-09-30,431180.77999999817
ID79,1983-12-31,137161.86867689207
ID79,1984-03-31,431180.77999999817
ID79,1984-06-30,1.1492999768257142
ID79,1984-09-30,431180.77999999817
ID79,1984-12-31,1.1492999768257142
ID79,1985-03-31,1.1492999768257142
ID79,1985-06-30,431180.77999999817
ID79,1985-09-30,1.1492999768257142
ID8,1977-12-31,431180.77999999817
ID8,1978-03-31,1.1492999768257142
ID8,1978-06-30,307295.9073361746
ID8,1978-09-30,188705.47150784166
ID8,1978-12-31,431180.77999999817
ID8,1979-03-31,431180.77999999817
ID8,1979-06-30,431180.77999999817
ID8,1979-09-30,431180.77999999817
ID8,1979-12-31,1.1492999768257142
ID8,1980-03-31,431180.77999999817
ID8,1980-06-30,297154.657215533
ID8,1980-09-30,382911.727206818
ID8,1980-12-31,1.1492999768257142
ID8,1981-03-31,431180.77999999817
ID8,1981-06-30,1.1492999768257142
ID8,1981-09-30,1.1492999768257142
ID8,1981-12-31,1.1492999768257142
ID8,1982-03-31,1.1492999768257142
ID8,1982-06-30,431180.77999999817
ID8,1982-09-30,1.1492999768257142
ID8,1982-12-31,1.1492999768257142
ID8,1983-03-31,1.1492999768257142
ID8,1983-06-30,1.1492999768257142
ID8,1983-09-30,1.1492999768257142
ID8,1983-12-31,1.1492999768257142
ID8,1984-03-31,431180.77999999817
ID8,1984-06-30,1.1492999768257142
ID8,1984-09-30,1.1492999768257142
ID8,1984-12-31,431180.77999999817
ID8,1985-03-31,431180.77999999817
ID8,1985-06-30,1.1492999768257142
ID80,1971-12-31,1.1492999768257142
ID80,1972-03-31,1.1492999768257142
ID80,1972-06-30,1.1492999768257142
ID80,1972-09-30,431180.77999999817
ID80,1972-12-31,431180.77999999817
ID80,1973-03-31,1.1492999768257142
ID80,1973-06-30,1.1492999768257142
ID80,1973-09-30,431180.77999999817
ID80,1973-12-31,431180.77999999817
ID80,1974-03-31,431180.77999999817
ID80,1974-06-30,431180.77999999817
ID80,1974-09-30,1.1492999768257142
ID80,1974-12-31,1.1492999768257142
ID80,1975-03-31,1.1492999768257142
ID80,1975-06-30,431180.77999999817
ID80,1975-09-30,431180.77999999817
ID80,1975-12-31,431180.77999999817
ID80,1976-03-31,431180.77999999817
ID80,1976-06-30,431180.77999999817
ID80,1976-09-30,1.1492999768257142
ID80,1976-12-31,431180.77999999817
ID80,1977-03-31,1.1492999768257142
ID80,1977-06-30,1.1492999768257142
ID80,1977-09-30,1.1492999768257142
ID80,1977-12-31,19954.13982441883
ID80,1978-03-31,431180.77999999817
ID80,1978-06-30,431180.77999999817
ID80,1978-09-30,9048.81601621062
ID80,1978-12-31,431180.77999999817
ID80,1979-03-31,1.1492999768257142
ID80,1979-06-30,1.1492999768257142
ID80,1979-09-30,1.1492999768257142
ID80,1979-12-31,1.1492999768257142
ID80,1980-03-31,1.1492999768257142
ID80,1980-06-30,1.1492999768257142
ID80,1980-09-30,1.1492999768257142
ID80,1980-12-31,431180.77999999817
ID80,1981-03-31,431180.77999999817
ID80,1981-06-30,199220.22558327895
ID80,1981-09-30,431180.77999999817
ID80,1981-12-31,431180.77999999817
ID80,1982-03-31,1.1492999768257142
ID80,1982-06-30,363375.2932966125
ID80,1982-09-30,431180.77999999817
ID80,1982-12-31,1.1492999768257142
ID80,1983-03-31,1.1492999768257142
ID80,1983-06-30,1.1492999768257142
ID80,1983-09-30,431180.77999999817
ID80,1983-12-31,1.1492999768257142
ID80,1984-03-31,1.1492999768257142
ID80,1984-06-30,431180.77999999817
ID80,1984-09-30,1.1492999768257142
ID80,1984-12-31,424382.0101455761
ID80,1985-03-31,431180.77999999817
ID80,1985-06-30,374323.5588753606
ID80,1985-09-30,1.1492999768257142
ID81,1971-12-31,1.1492999768257142
ID81,1972-03-31,431180.77999999817
ID81,1972-06-30,1.1492999768257142
ID81,1972-09-30,1.1492999768257142
ID81,1972-12-31,1.1492999768257142
ID81,1973-03-31,1.1492999768257142
ID81,1973-06-30,182403.7898088114
ID81,1973-09-30,382723.6759447101
ID81,1973-12-31,431180.77999999817
ID81,1974-03-31,431180.77999999817
ID81,1974-06-30,1.1492999768257142
ID81,1974-09-30,431180.77999999817
ID81,1974-12-31,431180.77999999817
ID81,1975-03-31,1.1492999768257142
ID81,1975-06-30,431180.77999999817
ID81,1975-09-30,1.1492999768257142
ID81,1975-12-31,1.1492999768257142
ID81,1976-03-31,1.1492999768257142
ID81,1976-06-30,1.1492999768257142
ID81,1976-09-30,431180.77999999817
ID81,1976-12-31,431180.77999999817
ID81,1977-03-31,1.1492999768257142
ID81,1977-06-30,431180.77999999817
ID81,1977-09-30,1.1492999768257142
ID81,1977-12-31,431180.77999999817
ID81,1978-03-31,1.1492999768257142
ID81,1978-06-30,431180.77999999817
ID81,1978-09-30,431180.77999999817
ID81,1978-12-31,1.1492999768257142
ID81,1979-03-31,431180.77999999817
ID81,1979-06-30,431180.77999999817
ID81,1979-09-30,387572.30856785574
ID81,1979-12-31,431180.77999999817
ID81,1980-03-31,1.1492999768257142
ID81,1980-06-30,1.1492999768257142
ID81,1980-09-30,1.1492999768257142
ID81,1980-12-31,1.1492999768257142
ID81,1981-03-31,431180.77999999817
ID81,1981-06-30,431180.77999999817
ID81,1981-09-30,1.1492999768257142
ID81,1981-12-31,393632.5415617481
ID81,1982-03-31,1.1492999768257142
ID81,1982-06-30,431180.77999999817
ID81,1982-09-30,1.1492999768257142
ID81,1982-12-31,1.1492999768257142
ID81,1983-03-31,1.1492999768257142
ID81,1983-06-30,1.1492999768257142
ID81,1983-09-30,136953.28752757193
ID81,1983-12-31,1.1492999768257142
ID81,1984-03-31,81953.51891130565
ID81,1984-06-30,1.1492999768257142
ID81,1984-09-30,1.1492999768257142
ID81,1984-12-31,431180.77999999817
ID81,1985-03-31,1.1492999768257142
ID81,1985-06-30,431180.77999999817
ID81,1985-09-30,431180.77999999817
ID82,1971-12-31,241070.68058907593
ID82,1972-03-31,431180.77999999817
ID82,1972-06-30,1.1492999768257142
ID82,1972-09-30,431180.77999999817
ID82,1972-12-31,1.1492999768257142
ID82,1973-03-31,1.1492999768257142
ID82,1973-06-30,431180.77999999817
ID82,1973-09-30,1.1492999768257142
ID82,1973-12-31,1.1492999768257142
ID82,1974-03-31,242259.30796344383
ID82,1974-06-30,431180.77999999817
ID82,1974-09-30,350547.32882115303
ID82,1974-12-31,1.1492999768257142
ID82,1975-03-31,267282.6395059723
ID82,1975-06-30,1.1492999768257142
ID82,1975-09-30,1.1492999768257142
ID82,1975-12-31,1.1492999768257142
ID82,1976-03-31,431180.77999999817
ID82,1976-06-30,1.1492999768257142
ID82,1976-09-30,1.1492999768257142
ID82,1976-12-31,431180.77999999817
ID82,1977-03-31,1.1492999768257142
ID82,1977-06-30,431180.77999999817
ID82,1977-09-30,84453.26107765015
ID82,1977-12-31,1.1492999768257142
ID82,1978-03-31,1.1492999768257142
ID82,1978-06-30,1.1492999768257142
ID82,1978-09-30,431180.77999999817
ID82,1978-12-31,1.1492999768257142
ID82,1979-03-31,431180.77999999817
ID82,1979-06-30,1.1492999768257142
ID82,1979-09-30,431180.77999999817
ID82,1979-12-31,1.1492999768257142
ID82,1980-03-31,1.1492999768257142
ID82,1980-06-30,1.1492999768257142
ID82,1980-09-30,1.1492999768257142
ID82,1980-12-31,431180.77999999817
ID82,1981-03-31,1.1492999768257142
ID82,1981-06-30,431180.77999999817
ID82,1981-09-30,431180.77999999817
ID82,1981-12-31,431180.77999999817
ID82,1982-03-31,1.1492999768257142
ID82,1982-06-30,1.1492999768257142
ID82,1982-09-30,1.1492999768257142
ID82,1982-12-31,1.1492999768257142
ID82,1983-03-31,431180.77999999817
ID82,1983-06-30,431180.77999999817
ID82,1983-09-30,431180.77999999817
ID82,1983-12-31,1.1492999768257142
ID82,1984-03-31,1.1492999768257142
ID82,1984-06-30,431180.77999999817
ID82,1984-09-30,1.1492999768257142
ID82,1984-12-31,1.1492999768257142
ID82,1985-03-31,1.1492999768257142
ID82,1985-06-30,431180.77999999817
ID82,1985-09-30,431180.77999999817
ID83,1971-12-31,431180.77999999817
ID83,1972-03-31,431180.77999999817
ID83,1972-06-30,431180.77999999817
ID83,1972-09-30,431180.77999999817
ID83,1972-12-31,431180.77999999817
ID83,1973-03-31,431180.77999999817
ID83,1973-06-30,431180.77999999817
ID83,1973-09-30,1.1492999768257142
ID83,1973-12-31,431180.77999999817
ID83,1974-03-31,1.1492999768257142
ID83,1974-06-30,431180.77999999817
ID83,1974-09-30,1.1492999768257142
ID83,1974-12-31,1.1492999768257142
ID83,1975-03-31,431180.77999999817
ID83,1975-06-30,1.1492999768257142
ID83,1975-09-30,1.1492999768257142
ID83,1975-12-31,431180.77999999817
ID83,1976-03-31,1.1492999768257142
ID83,1976-06-30,1.1492999768257142
ID83,1976-09-30,431180.77999999817
ID83,1976-12-31,1.1492999768257142
ID83,1977-03-31,1.1492999768257142
ID83,1977-06-30,1.1492999768257142
ID83,1977-09-30,1.1492999768257142
ID83,1977-12-31,431180.77999999817
ID83,1978-03-31,1.1492999768257142
ID83,1978-06-30,431180.77999999817
ID83,1978-09-30,431180.77999999817
ID83,1978-12-31,100631.44178112707
ID83,1979-03-31,431180.77999999817
ID83,1979-06-30,1.1492999768257142
ID83,1979-09-30,275548.95977705176
ID83,1979-12-31,23133.72598704822
ID83,1980-03-31,1.1492999768257142
ID83,1980-06-30,1.1492999768257142
ID83,1980-09-30,1.1492999768257142
ID83,1980-12-31,1.1492999768257142
ID83,1981-03-31,1.1492999768257142
ID83,1981-06-30,1.1492999768257142
ID83,1981-09-30,1.1492999768257142
ID83,1981-12-31,162014.81538989337
ID83,1982-03-31,1.1492999768257142
ID83,1982-06-30,1.1492999768257142
ID83,1982-09-30,1.1492999768257142
ID83,1982-12-31,431180.77999999817
ID83,1983-03-31,1.1492999768257142
ID83,1983-06-30,1.1492999768257142
ID83,1983-09-30,1.1492999768257142
ID83,1983-12-31,431180.77999999817
ID83,1984-03-31,1.1492999768257142
ID83,1984-06-30,1.1492999768257142
ID83,1984-09-30,431180.77999999817
ID83,1984-12-31,1.1492999768257142
ID83,1985-03-31,431180.77999999817
ID83,1985-06-30,361062.2261965286
ID83,1985-09-30,431180.77999999817
ID84,1971-12-31,431180.77999999817
ID84,1972-03-31,1.1492999768257142
ID84,1972-06-30,195741.45375726497
ID84,1972-09-30,1.1492999768257142
ID84,1972-12-31,431180.77999999817
ID84,1973-03-31,1.1492999768257142
ID84,1973-06-30,431180.77999999817
ID84,1973-09-30,431180.77999999817
ID84,1973-12-31,431180.77999999817
ID84,1974-03-31,431180.77999999817
ID84,1974-06-30,1.1492999768257142
ID84,1974-09-30,431180.77999999817
ID84,1974-12-31,1.1492999768257142
ID84,1975-03-31,431180.77999999817
ID84,1975-06-30,431180.77999999817
ID84,1975-09-30,431180.77999999817
ID84,1975-12-31,1.1492999768257142
ID84,1976-03-31,1.1492999768257142
ID84,1976-06-30,123640.09248579419
ID84,1976-09-30,210618.7195549373
ID84,1976-12-31,1.1492999768257142
ID84,1977-03-31,1.1492999768257142
ID84,1977-06-30,431180.77999999817
ID84,1977-09-30,1.1492999768257142
ID84,1977-12-31,431180.77999999817
ID84,1978-03-31,431180.77999999817
ID84,1978-06-30,1.1492999768257142
ID84,1978-09-30,1.1492999768257142
ID85,1971-12-31,85476.11327027295
ID85,1972-03-31,431180.77999999817
ID85,1972-06-30,1.1492999768257142
ID85,1972-09-30,431180.77999999817
ID85,1972-12-31,1.1492999768257142
ID85,1973-03-31,1.1492999768257142
ID85,1973-06-30,1.1492999768257142
ID85,1973-09-30,431180.77999999817
ID85,1973-12-31,1.1492999768257142
ID85,1974-03-31,1.1492999768257142
ID85,1974-06-30,1.1492999768257142
ID85,1974-09-30,1.1492999768257142
ID85,1974-12-31,1.1492999768257142
ID85,1975-03-31,1.1492999768257142
ID85,1975-06-30,431180.77999999817
ID85,1975-09-30,1.1492999768257142
ID85,1975-12-31,1.1492999768257142
ID85,1976-03-31,1.1492999768257142
ID85,1976-06-30,1.1492999768257142
ID85,1976-09-30,431180.77999999817
ID85,1976-12-31,122882.82800899066
ID85,1977-03-31,1.1492999768257142
ID85,1977-06-30,197421.95995115433
ID85,1977-09-30,1.1492999768257142
ID85,1977-12-31,1.1492999768257142
ID85,1978-03-31,431180.77999999817
ID85,1978-06-30,330455.89324994263
ID85,1978-09-30,1.1492999768257142
ID85,1978-12-31,262819.73734571855
ID85,1979-03-31,431180.77999999817
ID85,1979-06-30,1.1492999768257142
ID85,1979-09-30,331356.58290091227
ID85,1979-12-31,1.1492999768257142
ID85,1980-03-31,1.1492999768257142
ID85,1980-06-30,1.1492999768257142
ID85,1980-09-30,431180.77999999817
ID85,1980-12-31,1.1492999768257142
ID85,1981-03-31,1.1492999768257142
ID85,1981-06-30,431180.77999999817
ID85,1981-09-30,1.1492999768257142
ID85,1981-12-31,431180.77999999817
ID85,1982-03-31,1.1492999768257142
ID85,1982-06-30,47241.77895926533
ID85,1982-09-30,1.1492999768257142
ID85,1982-12-31,431180.77999999817
ID85,1983-03-31,189524.6027123137
ID85,1983-06-30,431180.77999999817
ID85,1983-09-30,1.1492999768257142
ID85,1983-12-31,1.1492999768257142
ID85,1984-03-31,1.1492999768257142
ID85,1984-06-30,168520.0716916354
ID85,1984-09-30,135131.21703628195
ID85,1984-12-31,431180.77999999817
ID85,1985-03-31,391997.40098742774
ID85,1985-06-30,1.1492999768257142
ID85,1985-09-30,1.1492999768257142
ID86,1971-12-31,1.1492999768257142
ID86,1972-03-31,431180.77999999817
ID86,1972-06-30,426383.1375923113
ID86,1972-09-30,1.1492999768257142
ID86,1972-12-31,431180.77999999817
ID86,1973-03-31,431180.77999999817
ID86,1973-06-30,431180.77999999817
ID86,1973-09-30,169448.52276326963
ID86,1973-12-31,431180.77999999817
ID86,1974-03-31,429549.16456956236
ID86,1974-06-30,372255.01092793664
ID86,1974-09-30,1.1492999768257142
ID86,1974-12-31,1.1492999768257142
ID86,1975-03-31,431180.77999999817
ID86,1975-06-30,431180.77999999817
ID86,1975-09-30,431180.77999999817
ID86,1975-12-31,1.1492999768257142
ID86,1976-03-31,1.1492999768257142
ID86,1976-06-30,334497.1917594224
ID86,1976-09-30,1.1492999768257142
ID86,1976-12-31,1.1492999768257142
ID86,1977-03-31,1.1492999768257142
ID86,1977-06-30,431180.77999999817
ID86,1977-09-30,1.1492999768257142
ID86,1977-12-31,149181.0685716109
ID86,1978-03-31,11457.34631384459
ID86,1978-06-30,1.1492999768257142
ID86,1978-09-30,75826.57096567284
ID86,1978-12-31,1.1492999768257142
ID86,1979-03-31,431180.77999999817
ID86,1979-06-30,1.1492999768257142
ID86,1979-09-30,1.1492999768257142
ID86,1979-12-31,1.1492999768257142
ID86,1980-03-31,248571.2157126817
ID86,1980-06-30,1.1492999768257142
ID86,1980-09-30,431180.77999999817
ID87,1971-12-31,1.1492999768257142
ID87,1972-03-31,431180.77999999817
ID87,1972-06-30,431180.77999999817
ID87,1972-09-30,431180.77999999817
ID87,1972-12-31,1.1492999768257142
ID87,1973-03-31,1.1492999768257142
ID87,1973-06-30,75937.22836389147
ID87,1973-09-30,1.1492999768257142
ID87,1973-12-31,1.1492999768257142
ID87,1974-03-31,431180.77999999817
ID87,1974-06-30,431180.77999999817
ID87,1974-09-30,1.1492999768257142
ID87,1974-12-31,431180.77999999817
ID87,1975-03-31,1.1492999768257142
ID87,1975-06-30,70104.92879572054
ID87,1975-09-30,1.1492999768257142
ID87,1975-12-31,1.1492999768257142
ID87,1976-03-31,431180.77999999817
ID87,1976-06-30,113268.89165167145
ID87,1976-09-30,431180.77999999817
ID87,1976-12-31,1.1492999768257142
ID87,1977-03-31,157052.29512465026
ID87,1977-06-30,431180.77999999817
ID87,1977-09-30,1.1492999768257142
ID87,1977-12-31,431180.77999999817
ID87,1978-03-31,431180.77999999817
ID87,1978-06-30,1.1492999768257142
ID87,1978-09-30,1.1492999768257142
ID87,1978-12-31,431180.77999999817
ID87,1979-03-31,431180.77999999817
ID87,1979-06-30,1.1492999768257142
ID87,1979-09-30,431180.77999999817
ID87,1979-12-31,1.1492999768257142
ID87,1980-03-31,431180.77999999817
ID87,1980-06-30,431180.77999999817
ID87,1980-09-30,431180.77999999817
ID87,1980-12-31,1.1492999768257142
ID87,1981-03-31,431180.77999999817
ID87,1981-06-30,1.1492999768257142
ID87,1981-09-30,1.1492999768257142
ID87,1981-12-31,412836.4434923037
ID87,1982-03-31,431180.77999999817
ID87,1982-06-30,1.1492999768257142
ID87,1982-09-30,431180.77999999817
ID87,1982-12-31,250461.9503895688
ID87,1983-03-31,1.1492999768257142
ID87,1983-06-30,1.1492999768257142
ID87,1983-09-30,1.1492999768257142
ID87,1983-12-31,1.1492999768257142
ID87,1984-03-31,431180.77999999817
ID87,1984-06-30,431180.77999999817
ID87,1984-09-30,1.1492999768257142
ID87,1984-12-31,431180.77999999817
ID87,1985-03-31,431180.77999999817
ID87,1985-06-30,1.1492999768257142
ID87,1985-09-30,1.1492999768257142
ID88,1964-12-31,202963.57411798337
ID88,1965-03-31,1.1492999768257142
ID88,1965-06-30,431180.77999999817
ID88,1965-09-30,431180.77999999817
ID88,1965-12-31,1.1492999768257142
ID88,1966-03-31,431180.77999999817
ID88,1966-06-30,1.1492999768257142
ID88,1966-09-30,431180.77999999817
ID88,1966-12-31,1.1492999768257142
ID88,1967-03-31,1.1492999768257142
ID88,1967-06-30,431180.77999999817
ID88,1967-09-30,84066.34936157122
ID88,1967-12-31,1.1492999768257142
ID88,1968-03-31,1.1492999768257142
ID88,1968-06-30,431180.77999999817
ID88,1968-09-30,1.1492999768257142
ID88,1968-12-31,431180.77999999817
ID88,1969-03-31,431180.77999999817
ID88,1969-06-30,1.1492999768257142
ID88,1969-09-30,1.1492999768257142
ID88,1969-12-31,431180.77999999817
ID88,1970-03-31,431180.77999999817
ID88,1970-06-30,1.1492999768257142
ID88,1970-09-30,431180.77999999817
ID88,1970-12-31,431180.77999999817
ID88,1971-03-31,1.1492999768257142
ID88,1971-06-30,431180.77999999817
ID88,1971-09-30,431180.77999999817
ID89,1976-12-31,431180.77999999817
ID89,1977-03-31,1.1492999768257142
ID89,1977-06-30,163226.27580830964
ID89,1977-09-30,1.1492999768257142
ID89,1977-12-31,431180.77999999817
ID89,1978-03-31,1.1492999768257142
ID89,1978-06-30,212916.61842813963
ID89,1978-09-30,1.1492999768257142
ID89,1978-12-31,1.1492999768257142
ID89,1979-03-31,1.1492999768257142
ID89,1979-06-30,431180.77999999817
ID89,1979-09-30,1.1492999768257142
ID89,1979-12-31,1.1492999768257142
ID89,1980-03-31,431180.77999999817
ID89,1980-06-30,1.1492999768257142
ID89,1980-09-30,431180.77999999817
ID89,1980-12-31,431180.77999999817
ID89,1981-03-31,431180.77999999817
ID89,1981-06-30,1.1492999768257142
ID89,1981-09-30,1.1492999768257142
ID89,1981-12-31,1.1492999768257142
ID89,1982-03-31,1.1492999768257142
ID89,1982-06-30,1.1492999768257142
ID89,1982-09-30,431180.77999999817
ID89,1982-12-31,1.1492999768257142
ID89,1983-03-31,1.1492999768257142
ID89,1983-06-30,431180.77999999817
ID89,1983-09-30,431180.77999999817
ID89,1983-12-31,431180.77999999817
ID89,1984-03-31,431180.77999999817
ID89,1984-06-30,1.1492999768257142
ID89,1984-09-30,431180.77999999817
ID89,1984-12-31,1.1492999768257142
ID89,1985-03-31,1.1492999768257142
ID89,1985-06-30,431180.77999999817
ID89,1985-09-30,1.1492999768257142
ID89,1985-12-31,1.1492999768257142
ID89,1986-03-31,1.1492999768257142
ID89,1986-06-30,1.1492999768257142
ID89,1986-09-30,431180.77999999817
ID9,1975-12-31,26762.80345668873
ID9,1976-03-31,431180.77999999817
ID9,1976-06-30,1.1492999768257142
ID9,1976-09-30,431180.77999999817
ID9,1976-12-31,1.1492999768257142
ID9,1977-03-31,1.1492999768257142
ID9,1977-06-30,1.1492999768257142
ID9,1977-09-30,1.1492999768257142
ID9,1977-12-31,1.1492999768257142
ID9,1978-03-31,135768.87959292534
ID9,1978-06-30,431180.77999999817
ID9,1978-09-30,1.1492999768257142
ID9,1978-12-31,431180.77999999817
ID9,1979-03-31,29692.076132115508
ID9,1979-06-30,1.1492999768257142
ID9,1979-09-30,431180.77999999817
ID9,1979-12-31,327506.94856031303
ID9,1980-03-31,431180.77999999817
ID9,1980-06-30,1.1492999768257142
ID9,1980-09-30,1.1492999768257142
ID9,1980-12-31,1.1492999768257142
ID9,1981-03-31,1.1492999768257142
ID9,1981-06-30,1.1492999768257142
ID9,1981-09-30,1.1492999768257142
ID9,1981-12-31,1.1492999768257142
ID9,1982-03-31,431180.77999999817
ID9,1982-06-30,1.1492999768257142
ID9,1982-09-30,431180.77999999817
ID9,1982-12-31,1.1492999768257142
ID9,1983-03-31,1.1492999768257142
ID9,1983-06-30,1.1492999768257142
ID9,1983-09-30,1.1492999768257142
ID9,1983-12-31,1.1492999768257142
ID9,1984-03-31,1.1492999768257142
ID9,1984-06-30,1.1492999768257142
ID9,1984-09-30,431180.77999999817
ID9,1984-12-31,1.1492999768257142
ID9,1985-03-31,431180.77999999817
ID9,1985-06-30,1.1492999768257142
ID9,1985-09-30,378480.3583209472
ID9,1985-12-31,45316.276303532664
ID9,1986-03-31,431180.77999999817
ID9,1986-06-30,431180.77999999817
ID9,1986-09-30,1.1492999768257142
ID9,1986-12-31,73869.78188763434
ID9,1987-03-31,22673.36862117462
ID9,1987-06-30,1.1492999768257142
ID9,1987-09-30,1.1492999768257142
ID90,1976-12-31,431180.77999999817
ID90,1977-03-31,431180.77999999817
ID90,1977-06-30,1.1492999768257142
ID90,1977-09-30,431180.77999999817
ID90,1977-12-31,1.1492999768257142
ID90,1978-03-31,431180.77999999817
ID90,1978-06-30,1.1492999768257142
ID90,1978-09-30,431180.77999999817
ID90,1978-12-31,431180.77999999817
ID90,1979-03-31,1.1492999768257142
ID90,1979-06-30,1.1492999768257142
ID90,1979-09-30,78380.50640903914
ID90,1979-12-31,1.1492999768257142
ID90,1980-03-31,1.1492999768257142
ID90,1980-06-30,431180.77999999817
ID90,1980-09-30,1.1492999768257142
ID90,1980-12-31,1.1492999768257142
ID90,1981-03-31,1.1492999768257142
ID90,1981-06-30,431180.77999999817
ID90,1981-09-30,1.1492999768257142
ID90,1981-12-31,1.1492999768257142
ID90,1982-03-31,431180.77999999817
ID90,1982-06-30,431180.77999999817
ID90,1982-09-30,431180.77999999817
ID90,1982-12-31,1.1492999768257142
ID90,1983-03-31,431180.77999999817
ID90,1983-06-30,1.1492999768257142
ID90,1983-09-30,1.1492999768257142
ID90,1983-12-31,431180.77999999817
ID90,1984-03-31,431180.77999999817
ID90,1984-06-30,1.1492999768257142
ID90,1984-09-30,431180.77999999817
ID90,1984-12-31,202348.50189160227
ID90,1985-03-31,1.1492999768257142
ID90,1985-06-30,431180.77999999817
ID90,1985-09-30,1.1492999768257142
ID90,1985-12-31,1.1492999768257142
ID90,1986-03-31,1.1492999768257142
ID90,1986-06-30,431180.77999999817
ID90,1986-09-30,1.1492999768257142
ID90,1986-12-31,1.1492999768257142
ID90,1987-03-31,1.1492999768257142
ID90,1987-06-30,1.1492999768257142
ID90,1987-09-30,1.1492999768257142
ID99,1977-12-31,237937.37850516435
ID99,1978-03-31,52928.678578207226
ID99,1978-06-30,1.1492999768257142
ID99,1978-09-30,1.1492999768257142
ID99,1978-12-31,1.1492999768257142
ID99,1979-03-31,431180.77999999817
ID99,1979-06-30,279614.7120217536
ID99,1979-09-30,1.1492999768257142
ID99,1979-12-31,431180.77999999817
ID99,1980-03-31,431180.77999999817
ID99,1980-06-30,431180.77999999817
ID99,1980-09-30,431180.77999999817
ID99,1980-12-31,431180.77999999817
ID99,1981-03-31,431180.77999999817
ID99,1981-06-30,431180.77999999817
ID99,1981-09-30,1.1492999768257142
ID99,1981-12-31,431180.77999999817
ID99,1982-03-31,431180.77999999817
ID99,1982-06-30,1.1492999768257142
ID99,1982-09-30,1.1492999768257142
ID99,1982-12-31,1.1492999768257142
ID99,1983-03-31,431180.77999999817
ID99,1983-06-30,1.1492999768257142
ID99,1983-09-30,1.1492999768257142
ID99,1983-12-31,1.1492999768257142
ID99,1984-03-31,431180.77999999817
ID99,1984-06-30,1.1492999768257142
ID99,1984-09-30,1.1492999768257142
ID99,1984-12-31,1.1492999768257142
ID99,1985-03-31,275991.94288440346
ID99,1985-06-30,1.1492999768257142
ID99,1985-09-30,1.1492999768257142
ID99,1985-12-31,1.1492999768257142
ID99,1986-03-31,1.1492999768257142
ID99,1986-06-30,1.1492999768257142
ID99,1986-09-30,431180.77999999817
ID99,1986-12-31,1.1492999768257142
ID99,1987-03-31,1.1492999768257142
ID99,1987-06-30,431180.77999999817
ID99,1987-09-30,1.1492999768257142
ID99,1987-12-31,1.1492999768257142
ID99,1988-03-31,431180.77999999817
ID99,1988-06-30,335307.37077239
ID99,1988-09-30,1.1492999768257142
ID99,1988-12-31,431180.77999999817
ID99,1989-03-31,431180.77999999817
ID99,1989-06-30,1.1492999768257142
ID99,1989-09-30,1.1492999768257142
