unique_id,ds,y
TSMixup_0,1969-12-31,3.79
TSMixup_0,1970-03-31,3.68
TSMixup_0,1970-06-30,4.4
TSMixup_0,1970-09-30,3.94
TSMixup_0,1970-12-31,3.5
TSMixup_0,1971-03-31,3.31
TSMixup_0,1971-06-30,3.94
TSMixup_0,1971-09-30,3.59
TSMixup_0,1971-12-31,3.15
TSMixup_0,1972-03-31,2.79
TSMixup_0,1972-06-30,3.11
TSMixup_0,1972-09-30,3.04
TSMixup_1,1969-12-31,99.0
TSMixup_1,1970-03-31,80.0
TSMixup_1,1970-06-30,105.0
TSMixup_1,1970-09-30,101.0
TSMixup_1,1970-12-31,106.0
TSMixup_1,1971-03-31,86.0
TSMixup_1,1971-06-30,111.0
TSMixup_1,1971-09-30,112.0
TSMixup_1,1971-12-31,115.0
TSMixup_1,1972-03-31,94.0
TSMixup_1,1972-06-30,122.0
TSMixup_1,1972-09-30,123.0
TSMixup_1,1972-12-31,125.0
TSMixup_1,1973-03-31,99.0
TSMixup_2,1978-06-30,18198.0
TSMixup_2,1978-09-30,17533.0
TSMixup_2,1978-12-31,16297.0
TSMixup_2,1979-03-31,17888.0
TSMixup_2,1979-06-30,16737.0
TSMixup_2,1979-09-30,24469.0
TSMixup_2,1979-12-31,25004.0
TSMixup_2,1980-03-31,23797.0
TSMixup_2,1980-06-30,19169.0
TSMixup_2,1980-09-30,21841.0
TSMixup_2,1980-12-31,23124.0
TSMixup_2,1981-03-31,26375.0
TSMixup_2,1981-06-30,26513.0
TSMixup_2,1981-09-30,31874.0
TSMixup_2,1981-12-31,36355.0
TSMixup_2,1982-03-31,32115.0
TSMixup_2,1982-06-30,28230.0
TSMixup_2,1982-09-30,18889.0
TSMixup_3,1975-12-31,75.0
TSMixup_3,1976-03-31,80.0
TSMixup_3,1976-06-30,82.0
TSMixup_3,1976-09-30,84.0
TSMixup_3,1976-12-31,80.0
TSMixup_3,1977-03-31,85.0
TSMixup_3,1977-06-30,87.0
TSMixup_3,1977-09-30,87.0
TSMixup_3,1977-12-31,82.0
TSMixup_3,1978-03-31,89.0
TSMixup_3,1978-06-30,93.0
TSMixup_3,1978-09-30,94.0
TSMixup_3,1978-12-31,89.0
TSMixup_3,1979-03-31,95.0
TSMixup_3,1979-06-30,99.0
TSMixup_3,1979-09-30,99.0
TSMixup_3,1979-12-31,94.0
TSMixup_3,1980-03-31,101.0
TSMixup_3,1980-06-30,101.0
TSMixup_3,1980-09-30,103.0
TSMixup_3,1980-12-31,97.0
TSMixup_3,1981-03-31,104.0
TSMixup_3,1981-06-30,107.0
TSMixup_3,1981-09-30,106.0
TSMixup_3,1981-12-31,94.0
TSMixup_3,1982-03-31,105.0
TSMixup_3,1982-06-30,109.0
TSMixup_3,1982-09-30,112.0
TSMixup_4,1969-12-31,313.0
TSMixup_4,1970-03-31,321.0
TSMixup_4,1970-06-30,325.0
TSMixup_4,1970-09-30,324.0
TSMixup_4,1970-12-31,325.0
TSMixup_4,1971-03-31,331.0
TSMixup_4,1971-06-30,335.0
TSMixup_4,1971-09-30,333.0
TSMixup_4,1971-12-31,333.0
TSMixup_4,1972-03-31,339.0
TSMixup_4,1972-06-30,343.0
TSMixup_4,1972-09-30,342.0
TSMixup_4,1972-12-31,340.0
TSMixup_4,1973-03-31,344.0
TSMixup_4,1973-06-30,345.0
TSMixup_4,1973-09-30,343.0
TSMixup_4,1973-12-31,339.0
TSMixup_4,1974-03-31,345.0
TSMixup_4,1974-06-30,346.0
TSMixup_4,1974-09-30,344.0
TSMixup_4,1974-12-31,342.0
TSMixup_4,1975-03-31,349.0
TSMixup_4,1975-06-30,351.0
TSMixup_4,1975-09-30,349.0
TSMixup_4,1975-12-31,348.0
TSMixup_4,1976-03-31,354.0
TSMixup_4,1976-06-30,357.0
TSMixup_4,1976-09-30,355.0
TSMixup_4,1976-12-31,355.0
TSMixup_4,1977-03-31,360.0
TSMixup_5,1977-12-31,173.9
TSMixup_5,1978-03-31,177.6
TSMixup_5,1978-06-30,192.7
TSMixup_5,1978-09-30,203.9
TSMixup_5,1978-12-31,192.3
TSMixup_5,1979-03-31,196.7
TSMixup_5,1979-06-30,207.54
TSMixup_5,1979-09-30,214.65
TSMixup_5,1979-12-31,213.61
TSMixup_5,1980-03-31,232.6
TSMixup_5,1980-06-30,232.5
TSMixup_5,1980-09-30,245.05
TSMixup_5,1980-12-31,242.95
TSMixup_5,1981-03-31,272.6
TSMixup_5,1981-06-30,271.35
TSMixup_5,1981-09-30,275.9
TSMixup_5,1981-12-31,268.95
TSMixup_5,1982-03-31,277.5
TSMixup_5,1982-06-30,279.1
TSMixup_5,1982-09-30,295.3
TSMixup_5,1982-12-31,286.4
TSMixup_6,1969-12-31,16.54
TSMixup_6,1970-03-31,15.93
TSMixup_6,1970-06-30,16.16
TSMixup_6,1970-09-30,16.54
TSMixup_6,1970-12-31,16.68
TSMixup_6,1971-03-31,16.53
TSMixup_6,1971-06-30,16.82
TSMixup_6,1971-09-30,17.05
TSMixup_6,1971-12-31,17.0
TSMixup_6,1972-03-31,16.69
TSMixup_6,1972-06-30,16.94
TSMixup_6,1972-09-30,17.17
TSMixup_6,1972-12-31,17.18
TSMixup_6,1973-03-31,16.91
TSMixup_6,1973-06-30,17.15
TSMixup_6,1973-09-30,17.5
TSMixup_7,1976-12-31,66.0
TSMixup_7,1977-03-31,67.0
TSMixup_7,1977-06-30,68.0
TSMixup_7,1977-09-30,67.0
TSMixup_7,1977-12-31,69.0
TSMixup_7,1978-03-31,71.0
TSMixup_7,1978-06-30,73.0
TSMixup_7,1978-09-30,73.0
TSMixup_7,1978-12-31,75.0
TSMixup_7,1979-03-31,75.0
TSMixup_7,1979-06-30,77.0
TSMixup_7,1979-09-30,77.0
TSMixup_7,1979-12-31,79.0
TSMixup_7,1980-03-31,79.0
TSMixup_7,1980-06-30,80.0
TSMixup_7,1980-09-30,81.0
TSMixup_7,1980-12-31,82.0
TSMixup_7,1981-03-31,83.0
TSMixup_7,1981-06-30,82.0
TSMixup_7,1981-09-30,82.0
TSMixup_7,1981-12-31,83.0
TSMixup_7,1982-03-31,83.0
TSMixup_7,1982-06-30,86.0
TSMixup_7,1982-09-30,87.0
TSMixup_7,1982-12-31,89.0
TSMixup_7,1983-03-31,91.0
TSMixup_7,1983-06-30,93.0
TSMixup_7,1983-09-30,95.0
TSMixup_7,1983-12-31,97.0
TSMixup_7,1984-03-31,97.0
TSMixup_7,1984-06-30,97.0
TSMixup_8,1978-06-30,18198.0
TSMixup_8,1978-09-30,17533.0
TSMixup_8,1978-12-31,16297.0
TSMixup_8,1979-03-31,17888.0
TSMixup_8,1979-06-30,16737.0
TSMixup_8,1979-09-30,24469.0
TSMixup_8,1979-12-31,25004.0
TSMixup_8,1980-03-31,23797.0
TSMixup_8,1980-06-30,19169.0
TSMixup_8,1980-09-30,21841.0
TSMixup_8,1980-12-31,23124.0
TSMixup_8,1981-03-31,26375.0
TSMixup_8,1981-06-30,26513.0
TSMixup_8,1981-09-30,31874.0
TSMixup_8,1981-12-31,36355.0
TSMixup_8,1982-03-31,32115.0
TSMixup_8,1982-06-30,28230.0
TSMixup_8,1982-09-30,18889.0
TSMixup_9,1969-12-31,97.0
TSMixup_9,1970-03-31,97.0
TSMixup_9,1970-06-30,102.0
TSMixup_9,1970-09-30,97.8
TSMixup_9,1970-12-31,103.1
TSMixup_9,1971-03-31,104.0
TSMixup_9,1971-06-30,108.7
TSMixup_9,1971-09-30,106.0
TSMixup_9,1971-12-31,110.4
TSMixup_9,1972-03-31,115.5
TSMixup_9,1972-06-30,120.0
TSMixup_9,1972-09-30,116.9
TSMixup_9,1972-12-31,124.4
TSMixup_9,1973-03-31,128.8
TSMixup_9,1973-06-30,133.8
TSMixup_9,1973-09-30,130.4
TSMixup_10,1969-12-31,84.7
TSMixup_10,1970-03-31,86.0
TSMixup_10,1970-06-30,85.6
TSMixup_10,1970-09-30,88.4
TSMixup_10,1970-12-31,88.5
TSMixup_10,1971-03-31,87.5
TSMixup_10,1971-06-30,87.4
TSMixup_10,1971-09-30,85.0
TSMixup_10,1971-12-31,87.9
TSMixup_10,1972-03-31,89.6
TSMixup_10,1972-06-30,93.7
TSMixup_10,1972-09-30,93.1
TSMixup_10,1972-12-31,95.6
TSMixup_10,1973-03-31,96.7
TSMixup_10,1973-06-30,98.0
TSMixup_10,1973-09-30,97.7
TSMixup_10,1973-12-31,99.4
TSMixup_10,1974-03-31,100.2
TSMixup_10,1974-06-30,102.7
TSMixup_10,1974-09-30,102.5
TSMixup_10,1974-12-31,105.6
TSMixup_10,1975-03-31,105.7
TSMixup_10,1975-06-30,108.3
TSMixup_10,1975-09-30,111.0
TSMixup_10,1975-12-31,112.5
TSMixup_10,1976-03-31,113.5
TSMixup_10,1976-06-30,119.3
TSMixup_10,1976-09-30,121.1
TSMixup_10,1976-12-31,123.7
TSMixup_10,1977-03-31,124.4
TSMixup_10,1977-06-30,128.7
TSMixup_11,1975-12-31,49.8
TSMixup_11,1976-03-31,50.0
TSMixup_11,1976-06-30,50.2
TSMixup_11,1976-09-30,50.7
TSMixup_11,1976-12-31,51.2
TSMixup_11,1977-03-31,51.5
TSMixup_11,1977-06-30,51.9
TSMixup_11,1977-09-30,52.5
TSMixup_11,1977-12-31,53.2
TSMixup_11,1978-03-31,53.5
TSMixup_11,1978-06-30,54.0
TSMixup_11,1978-09-30,54.9
TSMixup_11,1978-12-31,55.8
TSMixup_11,1979-03-31,56.2
TSMixup_11,1979-06-30,56.8
TSMixup_11,1979-09-30,57.8
TSMixup_11,1979-12-31,59.1
TSMixup_11,1980-03-31,59.8
TSMixup_11,1980-06-30,60.8
TSMixup_11,1980-09-30,62.3
TSMixup_11,1980-12-31,64.0
TSMixup_11,1981-03-31,64.8
TSMixup_11,1981-06-30,65.9
TSMixup_11,1981-09-30,67.7
TSMixup_11,1981-12-31,69.7
TSMixup_11,1982-03-31,70.8
TSMixup_11,1982-06-30,72.3
TSMixup_11,1982-09-30,74.7
TSMixup_11,1982-12-31,77.3
TSMixup_11,1983-03-31,79.0
TSMixup_11,1983-06-30,81.0
TSMixup_11,1983-09-30,83.7
TSMixup_11,1983-12-31,86.3
TSMixup_11,1984-03-31,87.7
TSMixup_11,1984-06-30,89.4
TSMixup_11,1984-09-30,91.8
TSMixup_11,1984-12-31,94.3
TSMixup_11,1985-03-31,96.1
TSMixup_11,1985-06-30,97.5
TSMixup_12,1976-03-31,85.0
TSMixup_12,1976-06-30,87.0
TSMixup_12,1976-09-30,88.0
TSMixup_12,1976-12-31,87.0
TSMixup_12,1977-03-31,91.0
TSMixup_12,1977-06-30,93.0
TSMixup_12,1977-09-30,95.0
TSMixup_12,1977-12-31,97.0
TSMixup_12,1978-03-31,99.0
TSMixup_12,1978-06-30,99.0
TSMixup_12,1978-09-30,100.0
TSMixup_12,1978-12-31,101.0
TSMixup_12,1979-03-31,102.0
TSMixup_12,1979-06-30,104.0
TSMixup_12,1979-09-30,106.0
TSMixup_12,1979-12-31,107.0
TSMixup_12,1980-03-31,109.0
TSMixup_12,1980-06-30,110.0
TSMixup_12,1980-09-30,111.0
TSMixup_12,1980-12-31,111.0
TSMixup_12,1981-03-31,114.0
TSMixup_12,1981-06-30,116.0
TSMixup_12,1981-09-30,117.0
TSMixup_12,1981-12-31,120.0
TSMixup_12,1982-03-31,112.0
TSMixup_12,1982-06-30,124.0
TSMixup_12,1982-09-30,127.0
TSMixup_12,1982-12-31,127.0
TSMixup_12,1983-03-31,131.0
TSMixup_12,1983-06-30,132.0
TSMixup_12,1983-09-30,132.0
TSMixup_12,1983-12-31,135.0
TSMixup_12,1984-03-31,138.0
TSMixup_12,1984-06-30,138.0
TSMixup_12,1984-09-30,142.0
TSMixup_12,1984-12-31,142.0
TSMixup_12,1985-03-31,144.0
TSMixup_13,1969-12-31,84.7
TSMixup_13,1970-03-31,91.0
TSMixup_13,1970-06-30,88.8
TSMixup_13,1970-09-30,84.5
TSMixup_13,1970-12-31,83.8
TSMixup_13,1971-03-31,81.7
TSMixup_13,1971-06-30,87.8
TSMixup_13,1971-09-30,88.6
TSMixup_13,1971-12-31,92.4
TSMixup_13,1972-03-31,93.5
TSMixup_13,1972-06-30,95.8
TSMixup_13,1972-09-30,93.5
TSMixup_13,1972-12-31,95.5
TSMixup_13,1973-03-31,96.0
TSMixup_13,1973-06-30,102.3
TSMixup_13,1973-09-30,99.7
TSMixup_13,1973-12-31,102.0
TSMixup_13,1974-03-31,103.4
TSMixup_13,1974-06-30,108.3
TSMixup_13,1974-09-30,107.7
TSMixup_13,1974-12-31,110.0
TSMixup_13,1975-03-31,112.9
TSMixup_14,1975-12-31,659.0
TSMixup_14,1976-03-31,660.0
TSMixup_14,1976-06-30,661.0
TSMixup_14,1976-09-30,673.0
TSMixup_14,1976-12-31,686.0
TSMixup_14,1977-03-31,688.0
TSMixup_14,1977-06-30,688.0
TSMixup_14,1977-09-30,700.0
TSMixup_14,1977-12-31,711.0
TSMixup_14,1978-03-31,713.0
TSMixup_14,1978-06-30,712.0
TSMixup_14,1978-09-30,722.0
TSMixup_14,1978-12-31,733.0
TSMixup_14,1979-03-31,728.0
TSMixup_14,1979-06-30,714.0
TSMixup_14,1979-09-30,717.0
TSMixup_14,1979-12-31,721.0
TSMixup_14,1980-03-31,716.0
TSMixup_14,1980-06-30,712.0
TSMixup_14,1980-09-30,723.0
TSMixup_14,1980-12-31,737.0
TSMixup_15,1970-12-31,39.0
TSMixup_15,1971-03-31,37.0
TSMixup_15,1971-06-30,44.0
TSMixup_15,1971-09-30,38.0
TSMixup_15,1971-12-31,43.0
TSMixup_15,1972-03-31,42.0
TSMixup_15,1972-06-30,50.0
TSMixup_15,1972-09-30,39.0
TSMixup_15,1972-12-31,49.0
TSMixup_15,1973-03-31,52.0
TSMixup_15,1973-06-30,68.0
TSMixup_15,1973-09-30,57.0
TSMixup_15,1973-12-31,68.0
TSMixup_15,1974-03-31,66.0
TSMixup_15,1974-06-30,82.0
TSMixup_16,1971-12-31,9322.0
TSMixup_16,1972-03-31,9550.0
TSMixup_16,1972-06-30,9677.0
TSMixup_16,1972-09-30,10173.0
TSMixup_16,1972-12-31,10413.0
TSMixup_16,1973-03-31,11188.0
TSMixup_16,1973-06-30,11362.0
TSMixup_16,1973-09-30,11302.0
TSMixup_16,1973-12-31,11096.0
TSMixup_16,1974-03-31,11326.0
TSMixup_16,1974-06-30,11641.0
TSMixup_16,1974-09-30,12043.0
TSMixup_16,1974-12-31,12110.0
TSMixup_16,1975-03-31,12662.0
TSMixup_16,1975-06-30,13329.0
TSMixup_16,1975-09-30,13570.0
TSMixup_16,1975-12-31,14818.0
TSMixup_16,1976-03-31,14874.0
TSMixup_16,1976-06-30,15674.0
TSMixup_16,1976-09-30,16494.0
TSMixup_16,1976-12-31,17676.0
TSMixup_16,1977-03-31,18635.0
TSMixup_16,1977-06-30,19199.0
TSMixup_16,1977-09-30,20657.0
TSMixup_16,1977-12-31,20658.0
TSMixup_16,1978-03-31,21088.0
TSMixup_16,1978-06-30,21274.0
TSMixup_16,1978-09-30,21566.0
TSMixup_16,1978-12-31,22617.0
TSMixup_16,1979-03-31,23708.0
TSMixup_16,1979-06-30,24896.0
TSMixup_16,1979-09-30,26254.0
TSMixup_16,1979-12-31,27410.0
TSMixup_16,1980-03-31,28347.0
TSMixup_16,1980-06-30,29420.0
TSMixup_16,1980-09-30,30150.0
TSMixup_16,1980-12-31,30565.0
TSMixup_16,1981-03-31,31567.0
TSMixup_17,1975-12-31,36.0
TSMixup_17,1976-03-31,35.2
TSMixup_17,1976-06-30,33.7
TSMixup_17,1976-09-30,32.5
TSMixup_17,1976-12-31,32.3
TSMixup_17,1977-03-31,31.6
TSMixup_17,1977-06-30,31.1
TSMixup_17,1977-09-30,30.4
TSMixup_17,1977-12-31,29.6
TSMixup_17,1978-03-31,29.3
TSMixup_17,1978-06-30,29.5
TSMixup_17,1978-09-30,28.7
TSMixup_17,1978-12-31,28.7
TSMixup_17,1979-03-31,30.8
TSMixup_17,1979-06-30,34.1
TSMixup_17,1979-09-30,37.9
TSMixup_17,1979-12-31,39.2
TSMixup_17,1980-03-31,38.3
TSMixup_17,1980-06-30,36.9
TSMixup_17,1980-09-30,38.2
TSMixup_17,1980-12-31,34.8
TSMixup_17,1981-03-31,33.5
TSMixup_17,1981-06-30,33.4
TSMixup_17,1981-09-30,33.8
TSMixup_17,1981-12-31,34.0
TSMixup_17,1982-03-31,38.9
TSMixup_17,1982-06-30,38.8
TSMixup_17,1982-09-30,40.2
TSMixup_17,1982-12-31,43.3
TSMixup_17,1983-03-31,43.9
TSMixup_17,1983-06-30,45.6
TSMixup_17,1983-09-30,46.4
TSMixup_17,1983-12-31,44.1
TSMixup_17,1984-03-31,42.8
TSMixup_17,1984-06-30,41.9
TSMixup_17,1984-09-30,43.4
TSMixup_17,1984-12-31,44.1
TSMixup_17,1985-03-31,43.0
TSMixup_17,1985-06-30,42.3
TSMixup_17,1985-09-30,42.7
TSMixup_17,1985-12-31,40.1
TSMixup_17,1986-03-31,38.0
TSMixup_17,1986-06-30,33.3
TSMixup_17,1986-09-30,32.7
TSMixup_17,1986-12-31,36.3
TSMixup_17,1987-03-31,38.4
TSMixup_17,1987-06-30,41.4
TSMixup_18,1975-12-31,626.0
TSMixup_18,1976-03-31,636.1
TSMixup_18,1976-06-30,639.9
TSMixup_18,1976-09-30,654.3
TSMixup_18,1976-12-31,669.7
TSMixup_18,1977-03-31,684.7
TSMixup_18,1977-06-30,705.6
TSMixup_18,1977-09-30,722.2
TSMixup_18,1977-12-31,732.2
TSMixup_18,1978-03-31,746.0
TSMixup_18,1978-06-30,754.2
TSMixup_18,1978-09-30,765.2
TSMixup_18,1978-12-31,779.7
TSMixup_18,1979-03-31,792.9
TSMixup_18,1979-06-30,807.0
TSMixup_18,1979-09-30,832.0
TSMixup_18,1979-12-31,851.4
TSMixup_18,1980-03-31,872.1
TSMixup_18,1980-06-30,887.6
TSMixup_18,1980-09-30,904.3
TSMixup_18,1980-12-31,918.3
TSMixup_18,1981-03-31,935.0
TSMixup_18,1981-06-30,947.1
TSMixup_18,1981-09-30,961.7
TSMixup_18,1981-12-31,972.3
TSMixup_18,1982-03-31,986.8
TSMixup_18,1982-06-30,993.7
TSMixup_18,1982-09-30,1026.5
TSMixup_19,1975-12-31,50.4
TSMixup_19,1976-03-31,52.8
TSMixup_19,1976-06-30,53.9
TSMixup_19,1976-09-30,55.2
TSMixup_19,1976-12-31,55.7
TSMixup_19,1977-03-31,58.1
TSMixup_19,1977-06-30,59.2
TSMixup_19,1977-09-30,60.4
TSMixup_19,1977-12-31,61.1
TSMixup_19,1978-03-31,62.0
TSMixup_19,1978-06-30,64.1
TSMixup_19,1978-09-30,65.6
TSMixup_19,1978-12-31,67.6
TSMixup_19,1979-03-31,65.4
TSMixup_19,1979-06-30,71.4
TSMixup_19,1979-09-30,71.4
TSMixup_19,1979-12-31,73.9
TSMixup_19,1980-03-31,76.9
TSMixup_19,1980-06-30,80.4
TSMixup_19,1980-09-30,76.4
TSMixup_19,1980-12-31,79.4
TSMixup_19,1981-03-31,79.1
TSMixup_19,1981-06-30,77.5
TSMixup_19,1981-09-30,80.9
TSMixup_19,1981-12-31,80.1
TSMixup_19,1982-03-31,80.2
TSMixup_19,1982-06-30,85.2
TSMixup_19,1982-09-30,86.6
TSMixup_19,1982-12-31,90.5
TSMixup_19,1983-03-31,90.7
TSMixup_19,1983-06-30,92.2
TSMixup_19,1983-09-30,92.0
TSMixup_19,1983-12-31,91.6
TSMixup_19,1984-03-31,91.7
TSMixup_19,1984-06-30,89.7
TSMixup_19,1984-09-30,90.7
TSMixup_19,1984-12-31,90.7
TSMixup_19,1985-03-31,84.5
TSMixup_19,1985-06-30,93.6
TSMixup_19,1985-09-30,96.5
TSMixup_19,1985-12-31,98.7
TSMixup_19,1986-03-31,103.7
TSMixup_19,1986-06-30,106.4
TSMixup_19,1986-09-30,109.2
TSMixup_19,1986-12-31,111.8
TSMixup_20,1974-12-31,54.0
TSMixup_20,1975-03-31,65.0
TSMixup_20,1975-06-30,79.0
TSMixup_20,1975-09-30,79.0
TSMixup_20,1975-12-31,71.0
TSMixup_20,1976-03-31,65.0
TSMixup_20,1976-06-30,59.0
TSMixup_20,1976-09-30,52.0
TSMixup_20,1976-12-31,55.0
TSMixup_20,1977-03-31,59.0
TSMixup_20,1977-06-30,66.0
TSMixup_20,1977-09-30,73.0
TSMixup_20,1977-12-31,79.0
TSMixup_20,1978-03-31,81.0
TSMixup_20,1978-06-30,83.0
TSMixup_20,1978-09-30,79.0
TSMixup_20,1978-12-31,79.0
TSMixup_20,1979-03-31,81.0
TSMixup_20,1979-06-30,87.0
TSMixup_20,1979-09-30,95.0
TSMixup_20,1979-12-31,108.0
TSMixup_20,1980-03-31,114.0
TSMixup_20,1980-06-30,127.0
TSMixup_20,1980-09-30,143.0
TSMixup_20,1980-12-31,143.0
TSMixup_20,1981-03-31,154.0
TSMixup_20,1981-06-30,143.0
TSMixup_20,1981-09-30,129.0
TSMixup_20,1981-12-31,119.0
TSMixup_20,1982-03-31,115.0
TSMixup_20,1982-06-30,110.0
TSMixup_20,1982-09-30,114.0
TSMixup_20,1982-12-31,127.0
TSMixup_20,1983-03-31,140.0
TSMixup_20,1983-06-30,153.0
TSMixup_20,1983-09-30,164.0
TSMixup_20,1983-12-31,164.0
TSMixup_20,1984-03-31,168.0
TSMixup_21,1978-06-30,91926.0
TSMixup_21,1978-09-30,99877.0
TSMixup_21,1978-12-31,106505.0
TSMixup_21,1979-03-31,109341.0
TSMixup_21,1979-06-30,108527.0
TSMixup_21,1979-09-30,100791.0
TSMixup_21,1979-12-31,119445.0
TSMixup_21,1980-03-31,112400.0
TSMixup_21,1980-06-30,126043.0
TSMixup_21,1980-09-30,120669.0
TSMixup_21,1980-12-31,130590.0
TSMixup_21,1981-03-31,127057.0
TSMixup_21,1981-06-30,128797.0
TSMixup_22,1962-12-31,142.0
TSMixup_22,1963-03-31,151.0
TSMixup_22,1963-06-30,155.0
TSMixup_22,1963-09-30,135.0
TSMixup_22,1963-12-31,157.0
TSMixup_22,1964-03-31,166.0
TSMixup_22,1964-06-30,164.0
TSMixup_22,1964-09-30,154.0
TSMixup_22,1964-12-31,155.0
TSMixup_22,1965-03-31,155.0
TSMixup_22,1965-06-30,164.0
TSMixup_22,1965-09-30,160.0
TSMixup_22,1965-12-31,164.0
TSMixup_22,1966-03-31,167.0
TSMixup_22,1966-06-30,156.0
TSMixup_22,1966-09-30,129.0
TSMixup_22,1966-12-31,159.0
TSMixup_22,1967-03-31,172.0
TSMixup_22,1967-06-30,180.0
TSMixup_22,1967-09-30,180.0
TSMixup_23,1969-12-31,21040.0
TSMixup_23,1970-03-31,21220.0
TSMixup_23,1970-06-30,21852.0
TSMixup_23,1970-09-30,22320.0
TSMixup_23,1970-12-31,22404.0
TSMixup_23,1971-03-31,22568.0
TSMixup_23,1971-06-30,23052.0
TSMixup_23,1971-09-30,23852.0
TSMixup_23,1971-12-31,23900.0
TSMixup_23,1972-03-31,24520.0
TSMixup_23,1972-06-30,24364.0
TSMixup_23,1972-09-30,24676.0
TSMixup_23,1972-12-31,25252.0
TSMixup_23,1973-03-31,25420.0
TSMixup_23,1973-06-30,25544.0
TSMixup_24,1969-12-31,65.0
TSMixup_24,1970-03-31,84.0
TSMixup_24,1970-06-30,84.0
TSMixup_24,1970-09-30,85.0
TSMixup_24,1970-12-31,70.0
TSMixup_24,1971-03-31,91.0
TSMixup_24,1971-06-30,92.0
TSMixup_24,1971-09-30,92.0
TSMixup_24,1971-12-31,75.0
TSMixup_24,1972-03-31,98.0
TSMixup_24,1972-06-30,97.0
TSMixup_24,1972-09-30,99.0
TSMixup_24,1972-12-31,80.0
TSMixup_24,1973-03-31,105.0
TSMixup_24,1973-06-30,101.0
TSMixup_24,1973-09-30,106.0
TSMixup_24,1973-12-31,86.0
TSMixup_24,1974-03-31,111.0
TSMixup_24,1974-06-30,112.0
TSMixup_24,1974-09-30,115.0
TSMixup_24,1974-12-31,94.0
TSMixup_24,1975-03-31,122.0
TSMixup_24,1975-06-30,123.0
TSMixup_24,1975-09-30,125.0
TSMixup_24,1975-12-31,99.0
TSMixup_24,1976-03-31,129.0
TSMixup_24,1976-06-30,129.0
TSMixup_24,1976-09-30,130.0
TSMixup_24,1976-12-31,101.0
TSMixup_25,1900-03-31,4023.0
TSMixup_25,1900-06-30,4496.0
TSMixup_25,1900-09-30,4545.0
TSMixup_25,1900-12-31,3675.0
TSMixup_25,1901-03-31,4408.0
TSMixup_25,1901-06-30,5124.0
TSMixup_25,1901-09-30,5103.0
TSMixup_25,1901-12-31,4080.0
TSMixup_25,1902-03-31,4529.0
TSMixup_25,1902-06-30,4998.0
TSMixup_25,1902-09-30,5128.0
TSMixup_25,1902-12-31,5004.0
TSMixup_25,1903-03-31,5092.0
TSMixup_25,1903-06-30,4340.0
TSMixup_25,1903-09-30,4801.0
TSMixup_25,1903-12-31,5149.0
TSMixup_25,1904-03-31,5453.0
TSMixup_25,1904-06-30,4922.0
TSMixup_25,1904-09-30,5254.0
TSMixup_25,1904-12-31,5245.0
TSMixup_25,1905-03-31,5667.0
TSMixup_25,1905-06-30,5451.0
TSMixup_25,1905-09-30,5636.0
TSMixup_25,1905-12-31,5298.0
TSMixup_25,1906-03-31,5573.0
TSMixup_25,1906-06-30,5448.0
TSMixup_25,1906-09-30,5476.0
TSMixup_25,1906-12-31,5168.0
TSMixup_25,1907-03-31,5476.0
TSMixup_25,1907-06-30,5409.0
TSMixup_25,1907-09-30,5636.0
TSMixup_25,1907-12-31,5388.0
TSMixup_25,1908-03-31,6130.0
TSMixup_25,1908-06-30,6365.0
TSMixup_25,1908-09-30,6527.0
TSMixup_25,1908-12-31,5757.0
TSMixup_25,1909-03-31,7830.0
TSMixup_25,1909-06-30,7092.0
TSMixup_25,1909-09-30,7376.0
TSMixup_25,1909-12-31,6518.0
TSMixup_25,1910-03-31,7113.0
TSMixup_25,1910-06-30,7265.0
TSMixup_25,1910-09-30,7312.0
TSMixup_25,1910-12-31,6669.0
TSMixup_25,1911-03-31,7350.0
TSMixup_25,1911-06-30,7730.0
TSMixup_25,1911-09-30,8181.0
TSMixup_25,1911-12-31,7295.0
TSMixup_25,1912-03-31,8353.0
TSMixup_25,1912-06-30,8532.0
TSMixup_25,1912-09-30,9124.0
TSMixup_25,1912-12-31,8438.0
TSMixup_25,1913-03-31,9047.0
TSMixup_25,1913-06-30,9831.0
TSMixup_25,1913-09-30,10462.0
TSMixup_25,1913-12-31,9632.0
TSMixup_25,1914-03-31,10446.0
TSMixup_25,1914-06-30,10930.0
TSMixup_25,1914-09-30,11131.0
TSMixup_25,1914-12-31,10012.0
TSMixup_25,1915-03-31,11241.0
TSMixup_25,1915-06-30,11655.0
TSMixup_25,1915-09-30,11841.0
TSMixup_25,1915-12-31,11392.0
TSMixup_25,1916-03-31,13012.0
TSMixup_25,1916-06-30,13424.0
TSMixup_25,1916-09-30,14258.0
TSMixup_25,1916-12-31,13692.0
TSMixup_25,1917-03-31,18577.0
TSMixup_25,1917-06-30,18753.0
TSMixup_25,1917-09-30,18041.0
TSMixup_25,1917-12-31,17580.0
TSMixup_25,1918-03-31,19558.0
TSMixup_25,1918-06-30,19693.0
TSMixup_25,1918-09-30,19846.0
TSMixup_26,1968-12-31,53.0
TSMixup_26,1969-03-31,69.0
TSMixup_26,1969-06-30,63.0
TSMixup_26,1969-09-30,78.0
TSMixup_26,1969-12-31,56.0
TSMixup_26,1970-03-31,70.0
TSMixup_26,1970-06-30,70.0
TSMixup_26,1970-09-30,80.0
TSMixup_26,1970-12-31,62.0
TSMixup_26,1971-03-31,69.0
TSMixup_26,1971-06-30,76.0
TSMixup_26,1971-09-30,80.0
TSMixup_26,1971-12-31,59.0
TSMixup_26,1972-03-31,70.0
TSMixup_26,1972-06-30,76.0
TSMixup_26,1972-09-30,87.0
TSMixup_26,1972-12-31,70.0
TSMixup_26,1973-03-31,84.0
TSMixup_26,1973-06-30,84.0
TSMixup_26,1973-09-30,99.0
TSMixup_26,1973-12-31,79.0
TSMixup_26,1974-03-31,92.0
TSMixup_26,1974-06-30,97.0
TSMixup_27,1975-12-31,201.7
TSMixup_27,1976-03-31,203.6
TSMixup_27,1976-06-30,205.7
TSMixup_27,1976-09-30,212.0
TSMixup_27,1976-12-31,212.1
TSMixup_27,1977-03-31,215.0
TSMixup_27,1977-06-30,217.3
TSMixup_27,1977-09-30,221.6
TSMixup_27,1977-12-31,229.2
TSMixup_27,1978-03-31,231.8
TSMixup_27,1978-06-30,236.4
TSMixup_27,1978-09-30,240.3
TSMixup_27,1978-12-31,245.8
TSMixup_27,1979-03-31,250.3
TSMixup_27,1979-06-30,254.5
TSMixup_27,1979-09-30,258.2
TSMixup_27,1979-12-31,259.4
TSMixup_27,1980-03-31,261.7
TSMixup_27,1980-06-30,264.6
TSMixup_27,1980-09-30,264.5
TSMixup_27,1980-12-31,270.5
TSMixup_27,1981-03-31,276.2
TSMixup_27,1981-06-30,277.9
TSMixup_27,1981-09-30,281.3
TSMixup_27,1981-12-31,284.5
TSMixup_27,1982-03-31,286.0
TSMixup_27,1982-06-30,290.1
TSMixup_27,1982-09-30,296.4
TSMixup_27,1982-12-31,298.3
TSMixup_27,1983-03-31,302.6
TSMixup_27,1983-06-30,304.6
TSMixup_27,1983-09-30,306.3
TSMixup_27,1983-12-31,300.6
TSMixup_27,1984-03-31,318.0
TSMixup_27,1984-06-30,328.6
TSMixup_27,1984-09-30,327.0
TSMixup_27,1984-12-31,333.5
TSMixup_27,1985-03-31,338.6
TSMixup_27,1985-06-30,335.2
TSMixup_27,1985-09-30,339.7
TSMixup_27,1985-12-31,345.1
TSMixup_27,1986-03-31,349.2
TSMixup_28,1964-12-31,82.0
TSMixup_28,1965-03-31,92.0
TSMixup_28,1965-06-30,71.0
TSMixup_28,1965-09-30,96.0
TSMixup_28,1965-12-31,97.0
TSMixup_28,1966-03-31,101.0
TSMixup_28,1966-06-30,80.0
TSMixup_28,1966-09-30,101.0
TSMixup_28,1966-12-31,104.0
TSMixup_28,1967-03-31,101.0
TSMixup_28,1967-06-30,74.0
TSMixup_28,1967-09-30,89.0
TSMixup_28,1967-12-31,83.0
TSMixup_28,1968-03-31,96.0
TSMixup_28,1968-06-30,76.0
TSMixup_28,1968-09-30,105.0
TSMixup_28,1968-12-31,103.0
TSMixup_28,1969-03-31,105.0
TSMixup_28,1969-06-30,83.0
TSMixup_28,1969-09-30,109.0
TSMixup_28,1969-12-31,106.0
TSMixup_28,1970-03-31,110.0
TSMixup_28,1970-06-30,85.0
TSMixup_28,1970-09-30,110.0
TSMixup_29,1973-12-31,101802.0
TSMixup_29,1974-03-31,98612.0
TSMixup_29,1974-06-30,108001.0
TSMixup_29,1974-09-30,105627.0
TSMixup_29,1974-12-31,103518.0
TSMixup_29,1975-03-31,108341.0
TSMixup_29,1975-06-30,110360.0
TSMixup_29,1975-09-30,111116.0
TSMixup_29,1975-12-31,112691.0
TSMixup_29,1976-03-31,110138.0
TSMixup_29,1976-06-30,118389.0
TSMixup_29,1976-09-30,122469.0
TSMixup_29,1976-12-31,121742.0
TSMixup_29,1977-03-31,119507.0
TSMixup_29,1977-06-30,123400.0
TSMixup_29,1977-09-30,122027.0
TSMixup_29,1977-12-31,117781.0
TSMixup_30,1975-12-31,72.0
TSMixup_30,1976-03-31,69.0
TSMixup_30,1976-06-30,76.0
TSMixup_30,1976-09-30,72.0
TSMixup_30,1976-12-31,80.0
TSMixup_30,1977-03-31,78.0
TSMixup_30,1977-06-30,80.0
TSMixup_30,1977-09-30,74.0
TSMixup_30,1977-12-31,83.0
TSMixup_30,1978-03-31,80.0
TSMixup_30,1978-06-30,83.0
TSMixup_30,1978-09-30,75.0
TSMixup_30,1978-12-31,86.0
TSMixup_30,1979-03-31,82.0
TSMixup_30,1979-06-30,84.0
TSMixup_30,1979-09-30,77.0
TSMixup_30,1979-12-31,86.0
TSMixup_30,1980-03-31,83.0
TSMixup_30,1980-06-30,85.0
TSMixup_30,1980-09-30,78.0
TSMixup_30,1980-12-31,89.0
TSMixup_30,1981-03-31,86.0
TSMixup_30,1981-06-30,90.0
TSMixup_31,1978-06-30,63788.0
TSMixup_31,1978-09-30,59714.0
TSMixup_31,1978-12-31,68502.0
TSMixup_31,1979-03-31,71273.0
TSMixup_31,1979-06-30,81679.0
TSMixup_31,1979-09-30,89768.0
TSMixup_31,1979-12-31,107136.0
TSMixup_31,1980-03-31,123269.0
TSMixup_31,1980-06-30,123303.0
TSMixup_31,1980-09-30,122995.0
TSMixup_31,1980-12-31,128762.0
TSMixup_31,1981-03-31,127511.0
TSMixup_31,1981-06-30,147918.0
TSMixup_31,1981-09-30,167297.0
TSMixup_31,1981-12-31,164434.0
TSMixup_31,1982-03-31,145785.0
TSMixup_31,1982-06-30,123176.0
TSMixup_31,1982-09-30,103443.0
TSMixup_31,1982-12-31,101512.0
TSMixup_31,1983-03-31,103444.0
TSMixup_31,1983-06-30,110157.0
TSMixup_31,1983-09-30,108929.0
TSMixup_31,1983-12-31,127569.0
TSMixup_31,1984-03-31,85123.0
TSMixup_31,1984-06-30,79777.0
TSMixup_31,1984-09-30,73372.0
TSMixup_32,1976-03-31,95.0
TSMixup_32,1976-06-30,97.0
TSMixup_32,1976-09-30,99.0
TSMixup_32,1976-12-31,99.0
TSMixup_32,1977-03-31,100.0
TSMixup_32,1977-06-30,101.0
TSMixup_32,1977-09-30,102.0
TSMixup_32,1977-12-31,104.0
TSMixup_32,1978-03-31,106.0
TSMixup_32,1978-06-30,107.0
TSMixup_32,1978-09-30,109.0
TSMixup_32,1978-12-31,110.0
TSMixup_32,1979-03-31,111.0
TSMixup_32,1979-06-30,111.0
TSMixup_32,1979-09-30,114.0
TSMixup_32,1979-12-31,116.0
TSMixup_33,1974-12-31,88.0
TSMixup_33,1975-03-31,88.0
TSMixup_33,1975-06-30,81.0
TSMixup_33,1975-09-30,81.0
TSMixup_33,1975-12-31,76.0
TSMixup_33,1976-03-31,79.0
TSMixup_33,1976-06-30,78.0
TSMixup_33,1976-09-30,78.0
TSMixup_33,1976-12-31,80.0
TSMixup_33,1977-03-31,80.0
TSMixup_33,1977-06-30,86.0
TSMixup_33,1977-09-30,86.0
TSMixup_33,1977-12-31,86.0
TSMixup_33,1978-03-31,86.0
TSMixup_33,1978-06-30,90.0
TSMixup_33,1978-09-30,90.0
TSMixup_33,1978-12-31,90.0
TSMixup_33,1979-03-31,90.0
TSMixup_33,1979-06-30,83.0
TSMixup_33,1979-09-30,83.0
TSMixup_33,1979-12-31,83.0
TSMixup_33,1980-03-31,83.0
TSMixup_33,1980-06-30,81.0
TSMixup_34,1971-12-31,262.0
TSMixup_34,1972-03-31,258.0
TSMixup_34,1972-06-30,270.0
TSMixup_34,1972-09-30,286.0
TSMixup_34,1972-12-31,279.0
TSMixup_34,1973-03-31,291.0
TSMixup_34,1973-06-30,285.0
TSMixup_34,1973-09-30,297.0
TSMixup_34,1973-12-31,292.0
TSMixup_34,1974-03-31,294.0
TSMixup_34,1974-06-30,288.0
TSMixup_34,1974-09-30,290.0
TSMixup_34,1974-12-31,285.0
TSMixup_34,1975-03-31,279.0
TSMixup_34,1975-06-30,276.0
TSMixup_34,1975-09-30,287.0
TSMixup_34,1975-12-31,285.0
TSMixup_34,1976-03-31,305.0
TSMixup_34,1976-06-30,307.0
TSMixup_34,1976-09-30,326.0
TSMixup_34,1976-12-31,342.0
TSMixup_34,1977-03-31,334.0
TSMixup_34,1977-06-30,344.0
TSMixup_34,1977-09-30,341.0
TSMixup_34,1977-12-31,342.0
TSMixup_34,1978-03-31,350.0
TSMixup_34,1978-06-30,352.0
TSMixup_34,1978-09-30,326.0
TSMixup_34,1978-12-31,330.0
TSMixup_34,1979-03-31,332.0
TSMixup_34,1979-06-30,334.0
TSMixup_34,1979-09-30,340.0
TSMixup_34,1979-12-31,328.0
TSMixup_34,1980-03-31,333.0
TSMixup_34,1980-06-30,344.0
TSMixup_34,1980-09-30,339.0
TSMixup_34,1980-12-31,363.0
TSMixup_34,1981-03-31,386.0
TSMixup_34,1981-06-30,384.0
TSMixup_34,1981-09-30,385.0
TSMixup_34,1981-12-31,383.0
TSMixup_34,1982-03-31,387.0
TSMixup_34,1982-06-30,378.0
TSMixup_34,1982-09-30,380.0
TSMixup_34,1982-12-31,368.0
TSMixup_34,1983-03-31,363.0
TSMixup_34,1983-06-30,364.0
TSMixup_34,1983-09-30,369.0
TSMixup_34,1983-12-31,373.0
TSMixup_34,1984-03-31,376.0
TSMixup_34,1984-06-30,371.0
TSMixup_34,1984-09-30,373.0
TSMixup_34,1984-12-31,383.0
TSMixup_34,1985-03-31,394.0
TSMixup_34,1985-06-30,410.0
TSMixup_34,1985-09-30,424.0
TSMixup_35,1964-12-31,80.0
TSMixup_35,1965-03-31,78.0
TSMixup_35,1965-06-30,83.0
TSMixup_35,1965-09-30,72.0
TSMixup_35,1965-12-31,87.0
TSMixup_35,1966-03-31,87.0
TSMixup_35,1966-06-30,89.0
TSMixup_35,1966-09-30,76.0
TSMixup_35,1966-12-31,93.0
TSMixup_35,1967-03-31,95.0
TSMixup_35,1967-06-30,95.0
TSMixup_35,1967-09-30,79.0
TSMixup_35,1967-12-31,93.0
TSMixup_35,1968-03-31,91.0
TSMixup_35,1968-06-30,95.0
TSMixup_35,1968-09-30,80.0
TSMixup_35,1968-12-31,100.0
TSMixup_35,1969-03-31,100.0
TSMixup_35,1969-06-30,104.0
TSMixup_35,1969-09-30,88.0
TSMixup_35,1969-12-31,108.0
TSMixup_35,1970-03-31,107.0
TSMixup_35,1970-06-30,109.0
TSMixup_36,1977-12-31,1299.0
TSMixup_36,1978-03-31,1212.0
TSMixup_36,1978-06-30,1031.0
TSMixup_36,1978-09-30,1118.0
TSMixup_36,1978-12-31,1248.0
TSMixup_36,1979-03-31,1235.0
TSMixup_36,1979-06-30,1045.0
TSMixup_36,1979-09-30,1166.0
TSMixup_36,1979-12-31,1300.0
TSMixup_36,1980-03-31,1247.0
TSMixup_36,1980-06-30,992.0
TSMixup_36,1980-09-30,1199.0
TSMixup_36,1980-12-31,1313.0
TSMixup_36,1981-03-31,1007.0
TSMixup_36,1981-06-30,1252.0
TSMixup_36,1981-09-30,1343.0
TSMixup_36,1981-12-31,1743.0
TSMixup_36,1982-03-31,1769.0
TSMixup_36,1982-06-30,1268.0
TSMixup_36,1982-09-30,1316.0
TSMixup_36,1982-12-31,1717.0
TSMixup_36,1983-03-31,1435.0
TSMixup_36,1983-06-30,1028.0
TSMixup_36,1983-09-30,1114.0
TSMixup_36,1983-12-31,1202.0
TSMixup_36,1984-03-31,1376.0
TSMixup_36,1984-06-30,1121.0
TSMixup_36,1984-09-30,1272.0
TSMixup_36,1984-12-31,1388.0
TSMixup_36,1985-03-31,1482.0
TSMixup_36,1985-06-30,1154.0
TSMixup_36,1985-09-30,1321.0
TSMixup_36,1985-12-31,1736.0
TSMixup_36,1986-03-31,1544.0
TSMixup_36,1986-06-30,1190.0
TSMixup_36,1986-09-30,1540.0
TSMixup_36,1986-12-31,1657.0
TSMixup_36,1987-03-31,1623.0
TSMixup_37,1978-06-30,13313.0
TSMixup_37,1978-09-30,10780.0
TSMixup_37,1978-12-31,10744.0
TSMixup_37,1979-03-31,12584.0
TSMixup_37,1979-06-30,15299.0
TSMixup_37,1979-09-30,17701.0
TSMixup_37,1979-12-31,14416.0
TSMixup_37,1980-03-31,12712.0
TSMixup_37,1980-06-30,9072.0
TSMixup_37,1980-09-30,10710.0
TSMixup_37,1980-12-31,9814.0
TSMixup_37,1981-03-31,11961.0
TSMixup_37,1981-06-30,4870.0
TSMixup_37,1981-09-30,5397.0
TSMixup_37,1981-12-31,4568.0
TSMixup_37,1982-03-31,4263.0
TSMixup_37,1982-06-30,8224.0
TSMixup_37,1982-09-30,13418.0
TSMixup_37,1982-12-31,14866.0
TSMixup_37,1983-03-31,20417.0
TSMixup_37,1983-06-30,23728.0
TSMixup_37,1983-09-30,25261.0
TSMixup_37,1983-12-31,19467.0
TSMixup_37,1984-03-31,17795.0
TSMixup_37,1984-06-30,15252.0
TSMixup_37,1984-09-30,14203.0
TSMixup_37,1984-12-31,14023.0
TSMixup_37,1985-03-31,16119.0
TSMixup_37,1985-06-30,10193.0
TSMixup_37,1985-09-30,11243.0
TSMixup_38,1974-12-31,84.0
TSMixup_38,1975-03-31,84.0
TSMixup_38,1975-06-30,87.0
TSMixup_38,1975-09-30,89.0
TSMixup_38,1975-12-31,88.0
TSMixup_38,1976-03-31,88.0
TSMixup_38,1976-06-30,81.0
TSMixup_38,1976-09-30,81.0
TSMixup_38,1976-12-31,76.0
TSMixup_38,1977-03-31,79.0
TSMixup_38,1977-06-30,78.0
TSMixup_38,1977-09-30,78.0
TSMixup_38,1977-12-31,80.0
TSMixup_38,1978-03-31,80.0
TSMixup_38,1978-06-30,86.0
TSMixup_38,1978-09-30,86.0
TSMixup_38,1978-12-31,86.0
TSMixup_38,1979-03-31,86.0
TSMixup_38,1979-06-30,90.0
TSMixup_38,1979-09-30,90.0
TSMixup_38,1979-12-31,90.0
TSMixup_38,1980-03-31,90.0
TSMixup_38,1980-06-30,83.0
TSMixup_38,1980-09-30,83.0
TSMixup_38,1980-12-31,83.0
TSMixup_38,1981-03-31,83.0
TSMixup_38,1981-06-30,81.0
TSMixup_38,1981-09-30,81.0
TSMixup_38,1981-12-31,81.0
TSMixup_38,1982-03-31,81.0
TSMixup_38,1982-06-30,80.0
TSMixup_38,1982-09-30,80.0
TSMixup_38,1982-12-31,80.0
TSMixup_39,1969-12-31,11.71
TSMixup_39,1970-03-31,11.48
TSMixup_39,1970-06-30,11.55
TSMixup_39,1970-09-30,11.65
TSMixup_39,1970-12-31,11.85
TSMixup_39,1971-03-31,12.07
TSMixup_39,1971-06-30,12.43
TSMixup_39,1971-09-30,12.53
TSMixup_39,1971-12-31,12.66
TSMixup_39,1972-03-31,12.69
TSMixup_39,1972-06-30,12.86
TSMixup_39,1972-09-30,13.0
TSMixup_39,1972-12-31,13.22
TSMixup_40,1975-12-31,37.7
TSMixup_40,1976-03-31,52.8
TSMixup_40,1976-06-30,43.8
TSMixup_40,1976-09-30,32.7
TSMixup_40,1976-12-31,32.1
TSMixup_40,1977-03-31,41.7
TSMixup_40,1977-06-30,40.0
TSMixup_40,1977-09-30,30.3
TSMixup_40,1977-12-31,33.9
TSMixup_40,1978-03-31,44.1
TSMixup_40,1978-06-30,41.9
TSMixup_40,1978-09-30,35.3
TSMixup_40,1978-12-31,42.5
TSMixup_40,1979-03-31,57.3
TSMixup_40,1979-06-30,59.2
TSMixup_40,1979-09-30,44.6
TSMixup_40,1979-12-31,43.3
TSMixup_40,1980-03-31,56.6
TSMixup_40,1980-06-30,51.6
TSMixup_40,1980-09-30,34.2
TSMixup_41,1978-03-31,4137.0
TSMixup_41,1978-06-30,4517.0
TSMixup_41,1978-09-30,4184.0
TSMixup_41,1978-12-31,4700.0
TSMixup_41,1979-03-31,4433.0
TSMixup_41,1979-06-30,4441.0
TSMixup_41,1979-09-30,4161.0
TSMixup_41,1979-12-31,4953.0
TSMixup_41,1980-03-31,4909.0
TSMixup_41,1980-06-30,5373.0
TSMixup_41,1980-09-30,5231.0
TSMixup_41,1980-12-31,6072.0
TSMixup_41,1981-03-31,6300.0
TSMixup_42,1975-12-31,4813.0
TSMixup_42,1976-03-31,4780.0
TSMixup_42,1976-06-30,4611.0
TSMixup_42,1976-09-30,5201.0
TSMixup_42,1976-12-31,5136.0
TSMixup_42,1977-03-31,5124.0
TSMixup_42,1977-06-30,6149.0
TSMixup_42,1977-09-30,6202.0
TSMixup_42,1977-12-31,5808.0
TSMixup_42,1978-03-31,5572.0
TSMixup_42,1978-06-30,7069.0
TSMixup_42,1978-09-30,6839.0
TSMixup_42,1978-12-31,6104.0
TSMixup_42,1979-03-31,6812.0
TSMixup_42,1979-06-30,8367.0
TSMixup_42,1979-09-30,8130.0
TSMixup_43,1969-12-31,61.0
TSMixup_43,1970-03-31,80.0
TSMixup_43,1970-06-30,83.0
TSMixup_43,1970-09-30,81.0
TSMixup_43,1970-12-31,63.0
TSMixup_43,1971-03-31,88.0
TSMixup_43,1971-06-30,93.0
TSMixup_43,1971-09-30,90.0
TSMixup_43,1971-12-31,70.0
TSMixup_43,1972-03-31,98.0
TSMixup_43,1972-06-30,100.0
TSMixup_43,1972-09-30,99.0
TSMixup_43,1972-12-31,79.0
TSMixup_43,1973-03-31,110.0
TSMixup_43,1973-06-30,104.0
TSMixup_43,1973-09-30,104.0
TSMixup_43,1973-12-31,85.0
TSMixup_44,1975-12-31,82.77
TSMixup_44,1976-03-31,82.91
TSMixup_44,1976-06-30,81.74
TSMixup_44,1976-09-30,80.42
TSMixup_44,1976-12-31,78.34
TSMixup_44,1977-03-31,79.7
TSMixup_44,1977-06-30,82.03
TSMixup_44,1977-09-30,83.06
TSMixup_44,1977-12-31,85.51
TSMixup_44,1978-03-31,86.05
TSMixup_44,1978-06-30,85.42
TSMixup_44,1978-09-30,89.88
TSMixup_44,1978-12-31,90.02
TSMixup_44,1979-03-31,89.58
TSMixup_45,1971-12-31,91.0
TSMixup_45,1972-03-31,91.0
TSMixup_45,1972-06-30,91.0
TSMixup_45,1972-09-30,85.0
TSMixup_45,1972-12-31,88.0
TSMixup_45,1973-03-31,88.0
TSMixup_45,1973-06-30,86.0
TSMixup_45,1973-09-30,82.0
TSMixup_45,1973-12-31,86.0
TSMixup_45,1974-03-31,88.0
TSMixup_45,1974-06-30,93.0
TSMixup_45,1974-09-30,90.0
TSMixup_45,1974-12-31,98.0
TSMixup_45,1975-03-31,103.0
TSMixup_45,1975-06-30,103.0
TSMixup_45,1975-09-30,101.0
TSMixup_45,1975-12-31,101.0
TSMixup_46,1975-12-31,84.3
TSMixup_46,1976-03-31,83.3
TSMixup_46,1976-06-30,85.2
TSMixup_46,1976-09-30,90.4
TSMixup_46,1976-12-31,90.2
TSMixup_46,1977-03-31,92.7
TSMixup_46,1977-06-30,95.3
TSMixup_46,1977-09-30,96.9
TSMixup_46,1977-12-31,101.7
TSMixup_46,1978-03-31,106.5
TSMixup_46,1978-06-30,114.1
TSMixup_46,1978-09-30,116.1
TSMixup_46,1978-12-31,116.2
TSMixup_46,1979-03-31,115.1
TSMixup_46,1979-06-30,120.4
TSMixup_46,1979-09-30,124.6
TSMixup_46,1979-12-31,121.9
TSMixup_46,1980-03-31,124.7
TSMixup_46,1980-06-30,117.9
TSMixup_46,1980-09-30,114.8
TSMixup_46,1980-12-31,120.6
TSMixup_46,1981-03-31,128.0
TSMixup_46,1981-06-30,124.8
TSMixup_46,1981-09-30,130.6
TSMixup_46,1981-12-31,132.0
TSMixup_46,1982-03-31,135.9
TSMixup_46,1982-06-30,143.3
TSMixup_46,1982-09-30,147.3
TSMixup_46,1982-12-31,152.4
TSMixup_46,1983-03-31,147.0
TSMixup_46,1983-06-30,143.3
TSMixup_46,1983-09-30,144.3
TSMixup_46,1983-12-31,146.0
TSMixup_46,1984-03-31,140.2
TSMixup_46,1984-06-30,151.7
TSMixup_46,1984-09-30,154.5
TSMixup_47,1975-12-31,103.0
TSMixup_47,1976-03-31,103.0
TSMixup_47,1976-06-30,113.0
TSMixup_47,1976-09-30,86.0
TSMixup_47,1976-12-31,133.0
TSMixup_47,1977-03-31,146.0
TSMixup_47,1977-06-30,156.0
TSMixup_47,1977-09-30,104.0
TSMixup_47,1977-12-31,146.0
TSMixup_47,1978-03-31,150.0
TSMixup_47,1978-06-30,148.0
TSMixup_47,1978-09-30,92.0
TSMixup_47,1978-12-31,150.0
TSMixup_47,1979-03-31,165.0
TSMixup_47,1979-06-30,104.0
TSMixup_47,1979-09-30,113.0
TSMixup_47,1979-12-31,173.0
TSMixup_47,1980-03-31,173.0
TSMixup_47,1980-06-30,199.0
TSMixup_47,1980-09-30,136.0
TSMixup_47,1980-12-31,201.0
TSMixup_47,1981-03-31,214.0
TSMixup_47,1981-06-30,221.0
TSMixup_47,1981-09-30,153.0
TSMixup_47,1981-12-31,232.0
TSMixup_47,1982-03-31,240.0
TSMixup_47,1982-06-30,226.0
TSMixup_47,1982-09-30,176.0
TSMixup_47,1982-12-31,256.0
TSMixup_47,1983-03-31,271.0
TSMixup_47,1983-06-30,265.0
TSMixup_47,1983-09-30,180.0
TSMixup_47,1983-12-31,282.0
TSMixup_47,1984-03-31,294.0
TSMixup_47,1984-06-30,268.0
TSMixup_47,1984-09-30,208.0
TSMixup_48,1970-12-31,0.94
TSMixup_48,1971-03-31,0.92
TSMixup_48,1971-06-30,0.93
TSMixup_48,1971-09-30,0.79
TSMixup_48,1971-12-31,0.78
TSMixup_48,1972-03-31,0.77
TSMixup_48,1972-06-30,0.81
TSMixup_48,1972-09-30,0.84
TSMixup_48,1972-12-31,0.82
TSMixup_48,1973-03-31,0.82
TSMixup_48,1973-06-30,0.77
TSMixup_48,1973-09-30,0.78
TSMixup_48,1973-12-31,0.83
TSMixup_48,1974-03-31,0.84
TSMixup_48,1974-06-30,0.85
TSMixup_48,1974-09-30,0.89
TSMixup_48,1974-12-31,0.92
TSMixup_48,1975-03-31,1.02
TSMixup_48,1975-06-30,1.2
TSMixup_48,1975-09-30,1.29
TSMixup_48,1975-12-31,1.44
TSMixup_48,1976-03-31,1.56
TSMixup_48,1976-06-30,1.62
TSMixup_48,1976-09-30,1.78
TSMixup_48,1976-12-31,1.72
TSMixup_48,1977-03-31,1.69
TSMixup_48,1977-06-30,1.69
TSMixup_48,1977-09-30,1.7
TSMixup_49,1975-12-31,713.0
TSMixup_49,1976-03-31,714.0
TSMixup_49,1976-06-30,716.0
TSMixup_49,1976-09-30,721.0
TSMixup_49,1976-12-31,723.0
TSMixup_49,1977-03-31,725.0
TSMixup_49,1977-06-30,729.0
TSMixup_49,1977-09-30,731.0
TSMixup_49,1977-12-31,737.0
TSMixup_49,1978-03-31,741.0
TSMixup_49,1978-06-30,746.0
TSMixup_49,1978-09-30,749.0
TSMixup_49,1978-12-31,757.0
TSMixup_49,1979-03-31,766.0
TSMixup_49,1979-06-30,770.0
TSMixup_49,1979-09-30,777.0
TSMixup_49,1979-12-31,782.0
TSMixup_49,1980-03-31,785.0
TSMixup_49,1980-06-30,792.0
TSMixup_49,1980-09-30,802.0
TSMixup_49,1980-12-31,812.0
TSMixup_49,1981-03-31,821.0
TSMixup_49,1981-06-30,829.0
TSMixup_49,1981-09-30,840.0
TSMixup_49,1981-12-31,850.0
TSMixup_49,1982-03-31,860.0
TSMixup_49,1982-06-30,874.0
TSMixup_49,1982-09-30,885.0
TSMixup_49,1982-12-31,898.0
TSMixup_49,1983-03-31,909.0
TSMixup_49,1983-06-30,917.0
TSMixup_49,1983-09-30,930.0
TSMixup_49,1983-12-31,944.0
TSMixup_49,1984-03-31,957.0
TSMixup_49,1984-06-30,965.0
TSMixup_49,1984-09-30,974.0
TSMixup_50,1900-03-31,104.0
TSMixup_50,1900-06-30,109.0
TSMixup_50,1900-09-30,156.0
TSMixup_50,1900-12-31,174.0
TSMixup_50,1901-03-31,243.0
TSMixup_50,1901-06-30,208.0
TSMixup_50,1901-09-30,126.0
TSMixup_50,1901-12-31,118.0
TSMixup_50,1902-03-31,130.0
TSMixup_50,1902-06-30,153.0
TSMixup_50,1902-09-30,158.0
TSMixup_50,1902-12-31,142.0
TSMixup_50,1903-03-31,108.0
TSMixup_50,1903-06-30,182.0
TSMixup_50,1903-09-30,206.0
TSMixup_50,1903-12-31,123.0
TSMixup_50,1904-03-31,118.0
TSMixup_50,1904-06-30,147.0
TSMixup_50,1904-09-30,124.0
TSMixup_50,1904-12-31,137.0
TSMixup_50,1905-03-31,129.0
TSMixup_50,1905-06-30,166.0
TSMixup_50,1905-09-30,164.0
TSMixup_50,1905-12-31,144.0
TSMixup_50,1906-03-31,131.0
TSMixup_50,1906-06-30,143.0
TSMixup_50,1906-09-30,188.0
TSMixup_50,1906-12-31,173.0
TSMixup_50,1907-03-31,179.0
TSMixup_50,1907-06-30,207.0
TSMixup_50,1907-09-30,169.0
TSMixup_50,1907-12-31,178.0
TSMixup_50,1908-03-31,186.0
TSMixup_50,1908-06-30,272.0
TSMixup_50,1908-09-30,196.0
TSMixup_50,1908-12-31,208.0
TSMixup_50,1909-03-31,215.0
TSMixup_50,1909-06-30,225.0
TSMixup_50,1909-09-30,214.0
TSMixup_50,1909-12-31,175.0
TSMixup_50,1910-03-31,187.0
TSMixup_50,1910-06-30,212.0
TSMixup_50,1910-09-30,175.0
TSMixup_50,1910-12-31,231.0
TSMixup_50,1911-03-31,219.0
TSMixup_50,1911-06-30,179.0
TSMixup_50,1911-09-30,159.0
TSMixup_50,1911-12-31,204.0
TSMixup_50,1912-03-31,160.0
TSMixup_50,1912-06-30,172.0
TSMixup_50,1912-09-30,220.0
TSMixup_50,1912-12-31,167.0
TSMixup_50,1913-03-31,160.0
TSMixup_50,1913-06-30,210.0
TSMixup_50,1913-09-30,161.0
TSMixup_50,1913-12-31,175.0
TSMixup_50,1914-03-31,214.0
TSMixup_50,1914-06-30,176.0
TSMixup_50,1914-09-30,196.0
TSMixup_50,1914-12-31,227.0
TSMixup_50,1915-03-31,147.0
TSMixup_50,1915-06-30,199.0
TSMixup_50,1915-09-30,267.0
TSMixup_50,1915-12-31,194.0
TSMixup_50,1916-03-31,200.0
TSMixup_50,1916-06-30,179.0
TSMixup_50,1916-09-30,170.0
TSMixup_50,1916-12-31,208.0
TSMixup_50,1917-03-31,183.0
TSMixup_50,1917-06-30,313.0
TSMixup_50,1917-09-30,246.0
TSMixup_50,1917-12-31,190.0
TSMixup_50,1918-03-31,300.0
TSMixup_50,1918-06-30,242.0
TSMixup_50,1918-09-30,268.0
TSMixup_50,1918-12-31,265.0
TSMixup_50,1919-03-31,242.0
TSMixup_50,1919-06-30,230.0
TSMixup_50,1919-09-30,206.0
TSMixup_50,1919-12-31,329.0
TSMixup_50,1920-03-31,160.0
TSMixup_50,1920-06-30,238.0
TSMixup_50,1920-09-30,243.0
TSMixup_50,1920-12-31,189.0
TSMixup_51,1969-12-31,84.7
TSMixup_51,1970-03-31,91.0
TSMixup_51,1970-06-30,88.8
TSMixup_51,1970-09-30,84.5
TSMixup_51,1970-12-31,83.8
TSMixup_51,1971-03-31,81.7
TSMixup_51,1971-06-30,87.8
TSMixup_51,1971-09-30,88.6
TSMixup_51,1971-12-31,92.4
TSMixup_51,1972-03-31,93.5
TSMixup_51,1972-06-30,95.8
TSMixup_51,1972-09-30,93.5
TSMixup_51,1972-12-31,95.5
TSMixup_51,1973-03-31,96.0
TSMixup_51,1973-06-30,102.3
TSMixup_51,1973-09-30,99.7
TSMixup_51,1973-12-31,102.0
TSMixup_51,1974-03-31,103.4
TSMixup_51,1974-06-30,108.3
TSMixup_51,1974-09-30,107.7
TSMixup_51,1974-12-31,110.0
TSMixup_51,1975-03-31,112.9
TSMixup_51,1975-06-30,117.5
TSMixup_51,1975-09-30,116.4
TSMixup_51,1975-12-31,119.4
TSMixup_51,1976-03-31,123.3
TSMixup_51,1976-06-30,128.2
TSMixup_52,1976-09-30,26.0
TSMixup_52,1976-12-31,24.0
TSMixup_52,1977-03-31,25.0
TSMixup_52,1977-06-30,26.0
TSMixup_52,1977-09-30,27.0
TSMixup_52,1977-12-31,27.0
TSMixup_52,1978-03-31,31.0
TSMixup_52,1978-06-30,37.0
TSMixup_52,1978-09-30,43.0
TSMixup_52,1978-12-31,46.0
TSMixup_52,1979-03-31,48.0
TSMixup_52,1979-06-30,49.0
TSMixup_52,1979-09-30,49.0
TSMixup_52,1979-12-31,59.0
TSMixup_52,1980-03-31,54.0
TSMixup_52,1980-06-30,60.0
TSMixup_52,1980-09-30,69.0
TSMixup_52,1980-12-31,79.0
TSMixup_52,1981-03-31,87.0
TSMixup_52,1981-06-30,91.0
TSMixup_52,1981-09-30,105.0
TSMixup_52,1981-12-31,116.0
TSMixup_52,1982-03-31,115.0
TSMixup_52,1982-06-30,99.0
TSMixup_52,1982-09-30,90.0
TSMixup_52,1982-12-31,85.0
TSMixup_52,1983-03-31,84.0
TSMixup_52,1983-06-30,86.0
TSMixup_52,1983-09-30,94.0
TSMixup_52,1983-12-31,102.0
TSMixup_52,1984-03-31,109.0
TSMixup_52,1984-06-30,117.0
TSMixup_52,1984-09-30,121.0
TSMixup_52,1984-12-31,125.0
TSMixup_52,1985-03-31,133.0
TSMixup_52,1985-06-30,140.0
TSMixup_52,1985-09-30,141.0
TSMixup_52,1985-12-31,131.0
TSMixup_52,1986-03-31,129.0
TSMixup_52,1986-06-30,127.0
TSMixup_53,1978-06-30,402723.0
TSMixup_53,1978-09-30,389922.0
TSMixup_53,1978-12-31,421822.0
TSMixup_53,1979-03-31,388312.0
TSMixup_53,1979-06-30,404495.0
TSMixup_53,1979-09-30,402484.0
TSMixup_53,1979-12-31,523829.0
TSMixup_53,1980-03-31,483804.0
TSMixup_53,1980-06-30,482591.0
TSMixup_53,1980-09-30,451865.0
TSMixup_53,1980-12-31,507971.0
TSMixup_53,1981-03-31,457438.0
TSMixup_53,1981-06-30,445532.0
TSMixup_53,1981-09-30,503110.0
TSMixup_53,1981-12-31,547165.0
TSMixup_53,1982-03-31,556894.0
TSMixup_53,1982-06-30,536821.0
TSMixup_53,1982-09-30,619491.0
TSMixup_53,1982-12-31,623090.0
TSMixup_54,1976-12-31,38.0
TSMixup_54,1977-03-31,36.0
TSMixup_54,1977-06-30,27.0
TSMixup_54,1977-09-30,20.0
TSMixup_54,1977-12-31,21.0
TSMixup_54,1978-03-31,23.0
TSMixup_54,1978-06-30,24.0
TSMixup_54,1978-09-30,27.0
TSMixup_54,1978-12-31,30.0
TSMixup_54,1979-03-31,32.0
TSMixup_54,1979-06-30,30.0
TSMixup_54,1979-09-30,26.0
TSMixup_54,1979-12-31,25.0
TSMixup_54,1980-03-31,23.0
TSMixup_54,1980-06-30,22.0
TSMixup_54,1980-09-30,23.0
TSMixup_54,1980-12-31,25.0
TSMixup_54,1981-03-31,25.0
TSMixup_54,1981-06-30,38.0
TSMixup_54,1981-09-30,48.0
TSMixup_54,1981-12-31,62.0
TSMixup_54,1982-03-31,69.0
TSMixup_54,1982-06-30,76.0
TSMixup_54,1982-09-30,77.0
TSMixup_54,1982-12-31,72.0
TSMixup_54,1983-03-31,75.0
TSMixup_54,1983-06-30,77.0
TSMixup_54,1983-09-30,86.0
TSMixup_54,1983-12-31,91.0
TSMixup_54,1984-03-31,94.0
TSMixup_54,1984-06-30,92.0
TSMixup_54,1984-09-30,90.0
TSMixup_54,1984-12-31,98.0
TSMixup_54,1985-03-31,120.0
TSMixup_54,1985-06-30,160.0
TSMixup_54,1985-09-30,172.0
TSMixup_54,1985-12-31,175.0
TSMixup_54,1986-03-31,182.0
TSMixup_54,1986-06-30,193.0
TSMixup_55,1964-12-31,82.0
TSMixup_55,1965-03-31,92.0
TSMixup_55,1965-06-30,71.0
TSMixup_55,1965-09-30,96.0
TSMixup_55,1965-12-31,97.0
TSMixup_55,1966-03-31,101.0
TSMixup_55,1966-06-30,80.0
TSMixup_55,1966-09-30,101.0
TSMixup_55,1966-12-31,104.0
TSMixup_55,1967-03-31,101.0
TSMixup_55,1967-06-30,74.0
TSMixup_55,1967-09-30,89.0
TSMixup_55,1967-12-31,83.0
TSMixup_55,1968-03-31,96.0
TSMixup_55,1968-06-30,76.0
TSMixup_55,1968-09-30,105.0
TSMixup_55,1968-12-31,103.0
TSMixup_55,1969-03-31,105.0
TSMixup_55,1969-06-30,83.0
TSMixup_55,1969-09-30,109.0
TSMixup_56,1976-12-31,16.1
TSMixup_56,1977-03-31,16.1
TSMixup_56,1977-06-30,16.1
TSMixup_56,1977-09-30,17.4
TSMixup_56,1977-12-31,15.2
TSMixup_56,1978-03-31,14.7
TSMixup_56,1978-06-30,14.8
TSMixup_56,1978-09-30,14.7
TSMixup_56,1978-12-31,13.5
TSMixup_56,1979-03-31,16.3
TSMixup_56,1979-06-30,16.7
TSMixup_56,1979-09-30,16.7
TSMixup_56,1979-12-31,17.5
TSMixup_56,1980-03-31,17.3
TSMixup_56,1980-06-30,17.8
TSMixup_56,1980-09-30,16.8
TSMixup_56,1980-12-31,16.9
TSMixup_56,1981-03-31,16.3
TSMixup_56,1981-06-30,16.6
TSMixup_56,1981-09-30,17.1
TSMixup_56,1981-12-31,15.7
TSMixup_56,1982-03-31,17.3
TSMixup_56,1982-06-30,17.9
TSMixup_57,1969-12-31,84.0
TSMixup_57,1970-03-31,85.0
TSMixup_57,1970-06-30,70.0
TSMixup_57,1970-09-30,91.0
TSMixup_57,1970-12-31,92.0
TSMixup_57,1971-03-31,92.0
TSMixup_57,1971-06-30,75.0
TSMixup_57,1971-09-30,98.0
TSMixup_57,1971-12-31,97.0
TSMixup_57,1972-03-31,99.0
TSMixup_57,1972-06-30,80.0
TSMixup_57,1972-09-30,105.0
TSMixup_57,1972-12-31,101.0
TSMixup_57,1973-03-31,106.0
TSMixup_57,1973-06-30,86.0
TSMixup_57,1973-09-30,111.0
TSMixup_57,1973-12-31,112.0
TSMixup_57,1974-03-31,115.0
TSMixup_57,1974-06-30,94.0
TSMixup_57,1974-09-30,122.0
TSMixup_57,1974-12-31,123.0
TSMixup_57,1975-03-31,125.0
TSMixup_58,1969-12-31,12.43
TSMixup_58,1970-03-31,12.53
TSMixup_58,1970-06-30,12.66
TSMixup_58,1970-09-30,12.69
TSMixup_58,1970-12-31,12.86
TSMixup_58,1971-03-31,13.0
TSMixup_58,1971-06-30,13.22
TSMixup_58,1971-09-30,13.6
TSMixup_58,1971-12-31,13.67
TSMixup_58,1972-03-31,14.08
TSMixup_58,1972-06-30,14.31
TSMixup_58,1972-09-30,14.58
TSMixup_58,1972-12-31,14.92
TSMixup_58,1973-03-31,15.14
TSMixup_58,1973-06-30,15.5
TSMixup_58,1973-09-30,15.64
TSMixup_58,1973-12-31,16.03
TSMixup_58,1974-03-31,17.03
TSMixup_59,1977-06-30,38.52
TSMixup_59,1977-09-30,43.72
TSMixup_59,1977-12-31,46.84
TSMixup_59,1978-03-31,36.43
TSMixup_59,1978-06-30,43.72
TSMixup_59,1978-09-30,44.76
TSMixup_59,1978-12-31,46.84
TSMixup_59,1979-03-31,38.52
TSMixup_59,1979-06-30,46.84
TSMixup_59,1979-09-30,55.17
TSMixup_59,1979-12-31,54.13
TSMixup_59,1980-03-31,41.64
TSMixup_59,1980-06-30,58.3
TSMixup_59,1980-09-30,56.21
TSMixup_59,1980-12-31,57.25
TSMixup_59,1981-03-31,47.89
TSMixup_59,1981-06-30,62.46
TSMixup_59,1981-09-30,66.62
TSMixup_59,1981-12-31,62.46
TSMixup_59,1982-03-31,57.25
TSMixup_59,1982-06-30,78.07
TSMixup_59,1982-09-30,82.24
TSMixup_59,1982-12-31,85.36
TSMixup_59,1983-03-31,74.95
TSMixup_59,1983-06-30,92.65
TSMixup_59,1983-09-30,78.07
TSMixup_59,1983-12-31,106.18
TSMixup_59,1984-03-31,80.16
TSMixup_59,1984-06-30,131.16
TSMixup_59,1984-09-30,100.98
TSMixup_59,1984-12-31,120.75
TSMixup_59,1985-03-31,99.94
TSMixup_59,1985-06-30,150.94
TSMixup_59,1985-09-30,116.59
TSMixup_59,1985-12-31,151.99
TSMixup_59,1986-03-31,128.04
TSMixup_59,1986-06-30,167.6
TSMixup_59,1986-09-30,174.89
TSMixup_59,1986-12-31,168.64
TSMixup_59,1987-03-31,143.66
TSMixup_59,1987-06-30,174.89
TSMixup_60,1978-06-30,3645.82
TSMixup_60,1978-09-30,3440.91
TSMixup_60,1978-12-31,3719.15
TSMixup_60,1979-03-31,3689.04
TSMixup_60,1979-06-30,3802.45
TSMixup_60,1979-09-30,3933.66
TSMixup_60,1979-12-31,4189.12
TSMixup_60,1980-03-31,3924.17
TSMixup_60,1980-06-30,4300.45
TSMixup_60,1980-09-30,4323.72
TSMixup_60,1980-12-31,4502.72
TSMixup_60,1981-03-31,4345.38
TSMixup_60,1981-06-30,4759.63
TSMixup_61,1969-12-31,28.0
TSMixup_61,1970-03-31,30.8
TSMixup_61,1970-06-30,27.9
TSMixup_61,1970-09-30,27.0
TSMixup_61,1970-12-31,28.9
TSMixup_61,1971-03-31,27.8
TSMixup_61,1971-06-30,25.5
TSMixup_61,1971-09-30,24.5
TSMixup_61,1971-12-31,24.4
TSMixup_61,1972-03-31,26.4
TSMixup_61,1972-06-30,27.8
TSMixup_61,1972-09-30,30.1
TSMixup_61,1972-12-31,30.7
TSMixup_61,1973-03-31,30.9
TSMixup_61,1973-06-30,31.5
TSMixup_61,1973-09-30,31.8
TSMixup_61,1973-12-31,31.1
TSMixup_61,1974-03-31,32.8
TSMixup_61,1974-06-30,33.5
TSMixup_61,1974-09-30,34.9
TSMixup_61,1974-12-31,37.7
TSMixup_61,1975-03-31,38.2
TSMixup_61,1975-06-30,39.1
TSMixup_61,1975-09-30,38.8
TSMixup_61,1975-12-31,44.5
TSMixup_61,1976-03-31,45.7
TSMixup_61,1976-06-30,46.3
TSMixup_61,1976-09-30,49.3
TSMixup_61,1976-12-31,49.8
TSMixup_61,1977-03-31,50.0
TSMixup_61,1977-06-30,50.7
TSMixup_62,1977-12-31,788.0
TSMixup_62,1978-03-31,1014.0
TSMixup_62,1978-06-30,979.0
TSMixup_62,1978-09-30,997.0
TSMixup_62,1978-12-31,684.0
TSMixup_62,1979-03-31,1008.0
TSMixup_62,1979-06-30,1088.0
TSMixup_62,1979-09-30,797.0
TSMixup_62,1979-12-31,968.0
TSMixup_62,1980-03-31,1194.0
TSMixup_62,1980-06-30,1436.0
TSMixup_62,1980-09-30,1466.0
TSMixup_62,1980-12-31,1060.0
TSMixup_62,1981-03-31,1124.0
TSMixup_62,1981-06-30,1529.0
TSMixup_62,1981-09-30,1328.0
TSMixup_62,1981-12-31,934.0
TSMixup_62,1982-03-31,1018.0
TSMixup_62,1982-06-30,1305.0
TSMixup_62,1982-09-30,1229.0
TSMixup_62,1982-12-31,1073.0
TSMixup_62,1983-03-31,1262.0
TSMixup_62,1983-06-30,1413.0
TSMixup_62,1983-09-30,1346.0
TSMixup_63,1978-06-30,3071.0
TSMixup_63,1978-09-30,2732.0
TSMixup_63,1978-12-31,3836.0
TSMixup_63,1979-03-31,3695.0
TSMixup_63,1979-06-30,4053.0
TSMixup_63,1979-09-30,4531.0
TSMixup_63,1979-12-31,4203.0
TSMixup_63,1980-03-31,2816.0
TSMixup_63,1980-06-30,5820.0
TSMixup_63,1980-09-30,5963.0
TSMixup_63,1980-12-31,6547.0
TSMixup_63,1981-03-31,5778.0
TSMixup_63,1981-06-30,5102.0
TSMixup_63,1981-09-30,5374.0
TSMixup_63,1981-12-31,6742.0
TSMixup_63,1982-03-31,8400.0
TSMixup_63,1982-06-30,12085.0
TSMixup_63,1982-09-30,10568.0
TSMixup_63,1982-12-31,12203.0
TSMixup_63,1983-03-31,10882.0
TSMixup_63,1983-06-30,11246.0
TSMixup_64,1977-12-31,66.5
TSMixup_64,1978-03-31,71.3
TSMixup_64,1978-06-30,71.4
TSMixup_64,1978-09-30,72.8
TSMixup_64,1978-12-31,71.8
TSMixup_64,1979-03-31,70.3
TSMixup_64,1979-06-30,71.2
TSMixup_64,1979-09-30,74.4
TSMixup_64,1979-12-31,76.6
TSMixup_64,1980-03-31,78.2
TSMixup_64,1980-06-30,77.8
TSMixup_64,1980-09-30,77.2
TSMixup_64,1980-12-31,78.9
TSMixup_64,1981-03-31,79.6
TSMixup_64,1981-06-30,80.9
TSMixup_64,1981-09-30,76.5
TSMixup_64,1981-12-31,73.2
TSMixup_64,1982-03-31,71.6
TSMixup_64,1982-06-30,68.3
TSMixup_64,1982-09-30,67.4
TSMixup_64,1982-12-31,66.8
TSMixup_64,1983-03-31,64.8
TSMixup_64,1983-06-30,64.4
TSMixup_65,1976-12-31,82.0
TSMixup_65,1977-03-31,83.0
TSMixup_65,1977-06-30,82.0
TSMixup_65,1977-09-30,82.0
TSMixup_65,1977-12-31,83.0
TSMixup_65,1978-03-31,83.0
TSMixup_65,1978-06-30,86.0
TSMixup_65,1978-09-30,87.0
TSMixup_65,1978-12-31,89.0
TSMixup_65,1979-03-31,91.0
TSMixup_65,1979-06-30,93.0
TSMixup_65,1979-09-30,95.0
TSMixup_65,1979-12-31,97.0
TSMixup_65,1980-03-31,97.0
TSMixup_66,1975-12-31,60.0
TSMixup_66,1976-03-31,62.0
TSMixup_66,1976-06-30,60.0
TSMixup_66,1976-09-30,64.0
TSMixup_66,1976-12-31,60.0
TSMixup_66,1977-03-31,67.0
TSMixup_66,1977-06-30,64.0
TSMixup_66,1977-09-30,69.0
TSMixup_66,1977-12-31,66.0
TSMixup_66,1978-03-31,70.0
TSMixup_66,1978-06-30,67.0
TSMixup_66,1978-09-30,72.0
TSMixup_66,1978-12-31,69.0
TSMixup_66,1979-03-31,76.0
TSMixup_66,1979-06-30,72.0
TSMixup_66,1979-09-30,80.0
TSMixup_66,1979-12-31,78.0
TSMixup_66,1980-03-31,80.0
TSMixup_66,1980-06-30,74.0
TSMixup_66,1980-09-30,83.0
TSMixup_66,1980-12-31,80.0
TSMixup_66,1981-03-31,83.0
TSMixup_66,1981-06-30,75.0
TSMixup_66,1981-09-30,86.0
TSMixup_66,1981-12-31,82.0
TSMixup_66,1982-03-31,84.0
TSMixup_66,1982-06-30,77.0
TSMixup_66,1982-09-30,86.0
TSMixup_66,1982-12-31,83.0
TSMixup_66,1983-03-31,85.0
TSMixup_66,1983-06-30,78.0
TSMixup_66,1983-09-30,89.0
TSMixup_66,1983-12-31,86.0
TSMixup_66,1984-03-31,90.0
TSMixup_66,1984-06-30,83.0
TSMixup_66,1984-09-30,95.0
TSMixup_66,1984-12-31,94.0
TSMixup_66,1985-03-31,101.0
TSMixup_66,1985-06-30,91.0
TSMixup_66,1985-09-30,102.0
TSMixup_66,1985-12-31,99.0
TSMixup_66,1986-03-31,103.0
TSMixup_66,1986-06-30,94.0
TSMixup_66,1986-09-30,105.0
TSMixup_66,1986-12-31,103.0
TSMixup_66,1987-03-31,103.0
TSMixup_66,1987-06-30,94.0
TSMixup_67,1978-06-30,107136.0
TSMixup_67,1978-09-30,123269.0
TSMixup_67,1978-12-31,123303.0
TSMixup_67,1979-03-31,122995.0
TSMixup_67,1979-06-30,128762.0
TSMixup_67,1979-09-30,127511.0
TSMixup_67,1979-12-31,147918.0
TSMixup_67,1980-03-31,167297.0
TSMixup_67,1980-06-30,164434.0
TSMixup_67,1980-09-30,145785.0
TSMixup_67,1980-12-31,123176.0
TSMixup_67,1981-03-31,103443.0
TSMixup_67,1981-06-30,101512.0
TSMixup_67,1981-09-30,103444.0
TSMixup_67,1981-12-31,110157.0
TSMixup_67,1982-03-31,108929.0
TSMixup_67,1982-06-30,127569.0
TSMixup_67,1982-09-30,85123.0
TSMixup_67,1982-12-31,79777.0
TSMixup_68,1976-12-31,49.0
TSMixup_68,1977-03-31,51.0
TSMixup_68,1977-06-30,54.0
TSMixup_68,1977-09-30,56.0
TSMixup_68,1977-12-31,58.0
TSMixup_68,1978-03-31,59.0
TSMixup_68,1978-06-30,59.0
TSMixup_68,1978-09-30,59.0
TSMixup_68,1978-12-31,60.0
TSMixup_68,1979-03-31,63.0
TSMixup_68,1979-06-30,67.0
TSMixup_68,1979-09-30,74.0
TSMixup_68,1979-12-31,79.0
TSMixup_68,1980-03-31,87.0
TSMixup_68,1980-06-30,93.0
TSMixup_68,1980-09-30,100.0
TSMixup_68,1980-12-31,104.0
TSMixup_68,1981-03-31,103.0
TSMixup_68,1981-06-30,100.0
TSMixup_68,1981-09-30,99.0
TSMixup_68,1981-12-31,100.0
TSMixup_68,1982-03-31,97.0
TSMixup_68,1982-06-30,104.0
TSMixup_68,1982-09-30,115.0
TSMixup_68,1982-12-31,122.0
TSMixup_68,1983-03-31,133.0
TSMixup_68,1983-06-30,145.0
TSMixup_68,1983-09-30,152.0
TSMixup_68,1983-12-31,161.0
TSMixup_68,1984-03-31,173.0
TSMixup_68,1984-06-30,180.0
TSMixup_68,1984-09-30,190.0
TSMixup_68,1984-12-31,200.0
TSMixup_68,1985-03-31,202.0
TSMixup_68,1985-06-30,200.0
TSMixup_69,1978-03-31,98.0
TSMixup_69,1978-06-30,142.0
TSMixup_69,1978-09-30,87.0
TSMixup_69,1978-12-31,95.0
TSMixup_69,1979-03-31,128.0
TSMixup_69,1979-06-30,133.0
TSMixup_69,1979-09-30,94.0
TSMixup_69,1979-12-31,108.0
TSMixup_69,1980-03-31,99.0
TSMixup_69,1980-06-30,127.0
TSMixup_69,1980-09-30,100.0
TSMixup_69,1980-12-31,120.0
TSMixup_69,1981-03-31,101.0
TSMixup_69,1981-06-30,139.0
TSMixup_69,1981-09-30,93.0
TSMixup_69,1981-12-31,105.0
TSMixup_69,1982-03-31,82.0
TSMixup_69,1982-06-30,133.0
TSMixup_69,1982-09-30,85.0
TSMixup_70,1969-12-31,74.0
TSMixup_70,1970-03-31,64.0
TSMixup_70,1970-06-30,70.0
TSMixup_70,1970-09-30,95.0
TSMixup_70,1970-12-31,109.0
TSMixup_70,1971-03-31,95.0
TSMixup_70,1971-06-30,98.0
TSMixup_70,1971-09-30,125.0
TSMixup_70,1971-12-31,136.0
TSMixup_70,1972-03-31,114.0
TSMixup_70,1972-06-30,112.0
TSMixup_70,1972-09-30,131.0
TSMixup_71,1976-12-31,37.0
TSMixup_71,1977-03-31,47.0
TSMixup_71,1977-06-30,62.0
TSMixup_71,1977-09-30,68.0
TSMixup_71,1977-12-31,75.0
TSMixup_71,1978-03-31,75.0
TSMixup_71,1978-06-30,73.0
TSMixup_71,1978-09-30,75.0
TSMixup_71,1978-12-31,76.0
TSMixup_71,1979-03-31,86.0
TSMixup_71,1979-06-30,91.0
TSMixup_71,1979-09-30,95.0
TSMixup_71,1979-12-31,90.0
TSMixup_71,1980-03-31,90.0
TSMixup_71,1980-06-30,99.0
TSMixup_71,1980-09-30,115.0
TSMixup_71,1980-12-31,157.0
TSMixup_71,1981-03-31,175.0
TSMixup_71,1981-06-30,177.0
TSMixup_72,1975-12-31,352.6
TSMixup_72,1976-03-31,355.1
TSMixup_72,1976-06-30,351.0
TSMixup_72,1976-09-30,367.2
TSMixup_72,1976-12-31,373.5
TSMixup_72,1977-03-31,382.7
TSMixup_72,1977-06-30,391.7
TSMixup_72,1977-09-30,396.9
TSMixup_72,1977-12-31,397.2
TSMixup_72,1978-03-31,402.5
TSMixup_72,1978-06-30,405.9
TSMixup_72,1978-09-30,413.5
TSMixup_72,1978-12-31,421.5
TSMixup_72,1979-03-31,429.6
TSMixup_72,1979-06-30,434.9
TSMixup_72,1979-09-30,441.1
TSMixup_72,1979-12-31,443.1
TSMixup_72,1980-03-31,449.0
TSMixup_72,1980-06-30,456.8
TSMixup_72,1980-09-30,461.9
TSMixup_72,1980-12-31,469.2
TSMixup_72,1981-03-31,474.3
TSMixup_72,1981-06-30,486.5
TSMixup_72,1981-09-30,451.4
TSMixup_72,1981-12-31,500.0
TSMixup_72,1982-03-31,508.0
TSMixup_72,1982-06-30,511.2
TSMixup_72,1982-09-30,521.8
TSMixup_72,1982-12-31,526.6
TSMixup_72,1983-03-31,531.3
TSMixup_72,1983-06-30,541.9
TSMixup_72,1983-09-30,554.3
TSMixup_72,1983-12-31,557.6
TSMixup_72,1984-03-31,572.0
TSMixup_72,1984-06-30,573.6
TSMixup_72,1984-09-30,581.3
TSMixup_73,1976-12-31,5.16
TSMixup_73,1977-03-31,5.17
TSMixup_73,1977-06-30,5.2
TSMixup_73,1977-09-30,5.22
TSMixup_73,1977-12-31,5.2
TSMixup_73,1978-03-31,5.24
TSMixup_73,1978-06-30,5.26
TSMixup_73,1978-09-30,5.27
TSMixup_73,1978-12-31,5.3
TSMixup_73,1979-03-31,5.32
TSMixup_73,1979-06-30,5.34
TSMixup_73,1979-09-30,5.39
TSMixup_73,1979-12-31,5.43
TSMixup_73,1980-03-31,5.45
TSMixup_73,1980-06-30,5.49
TSMixup_73,1980-09-30,5.54
TSMixup_73,1980-12-31,5.57
TSMixup_73,1981-03-31,5.59
TSMixup_73,1981-06-30,5.59
TSMixup_73,1981-09-30,5.58
TSMixup_73,1981-12-31,5.54
TSMixup_73,1982-03-31,5.53
TSMixup_73,1982-06-30,5.54
TSMixup_73,1982-09-30,5.54
TSMixup_73,1982-12-31,5.56
TSMixup_73,1983-03-31,5.6
TSMixup_73,1983-06-30,5.6
TSMixup_73,1983-09-30,5.6
TSMixup_73,1983-12-31,5.59
TSMixup_73,1984-03-31,5.57
TSMixup_73,1984-06-30,5.53
TSMixup_73,1984-09-30,5.5
TSMixup_73,1984-12-31,5.48
TSMixup_73,1985-03-31,5.44
TSMixup_73,1985-06-30,5.45
TSMixup_73,1985-09-30,5.49
TSMixup_73,1985-12-31,5.54
TSMixup_73,1986-03-31,5.58
TSMixup_73,1986-06-30,5.63
TSMixup_73,1986-09-30,5.68
TSMixup_73,1986-12-31,5.69
TSMixup_73,1987-03-31,5.71
TSMixup_73,1987-06-30,5.72
TSMixup_73,1987-09-30,5.73
TSMixup_74,1978-06-30,507.97
TSMixup_74,1978-09-30,457.44
TSMixup_74,1978-12-31,445.53
TSMixup_74,1979-03-31,503.11
TSMixup_74,1979-06-30,547.16
TSMixup_74,1979-09-30,556.89
TSMixup_74,1979-12-31,536.82
TSMixup_74,1980-03-31,619.49
TSMixup_74,1980-06-30,623.09
TSMixup_74,1980-09-30,565.1
TSMixup_74,1980-12-31,604.28
TSMixup_74,1981-03-31,746.15
TSMixup_74,1981-06-30,743.76
TSMixup_74,1981-09-30,668.46
TSMixup_74,1981-12-31,489.72
TSMixup_74,1982-03-31,406.55
TSMixup_74,1982-06-30,385.89
TSMixup_75,1971-12-31,92.0
TSMixup_75,1972-03-31,87.0
TSMixup_75,1972-06-30,97.0
TSMixup_75,1972-09-30,113.0
TSMixup_75,1972-12-31,104.0
TSMixup_75,1973-03-31,97.0
TSMixup_75,1973-06-30,109.0
TSMixup_75,1973-09-30,126.0
TSMixup_75,1973-12-31,114.0
TSMixup_75,1974-03-31,108.0
TSMixup_75,1974-06-30,123.0
TSMixup_75,1974-09-30,132.0
TSMixup_75,1974-12-31,121.0
TSMixup_75,1975-03-31,121.0
TSMixup_75,1975-06-30,147.0
TSMixup_75,1975-09-30,152.0
TSMixup_75,1975-12-31,139.0
TSMixup_75,1976-03-31,136.0
TSMixup_75,1976-06-30,151.0
TSMixup_75,1976-09-30,153.0
TSMixup_75,1976-12-31,146.0
TSMixup_75,1977-03-31,140.0
TSMixup_75,1977-06-30,161.0
TSMixup_76,1976-09-30,25.0
TSMixup_76,1976-12-31,26.0
TSMixup_76,1977-03-31,27.0
TSMixup_76,1977-06-30,27.0
TSMixup_76,1977-09-30,31.0
TSMixup_76,1977-12-31,37.0
TSMixup_76,1978-03-31,43.0
TSMixup_76,1978-06-30,46.0
TSMixup_76,1978-09-30,48.0
TSMixup_76,1978-12-31,49.0
TSMixup_76,1979-03-31,49.0
TSMixup_76,1979-06-30,59.0
TSMixup_76,1979-09-30,54.0
TSMixup_76,1979-12-31,60.0
TSMixup_76,1980-03-31,69.0
TSMixup_76,1980-06-30,79.0
TSMixup_76,1980-09-30,87.0
TSMixup_76,1980-12-31,91.0
TSMixup_76,1981-03-31,105.0
TSMixup_76,1981-06-30,116.0
TSMixup_76,1981-09-30,115.0
TSMixup_76,1981-12-31,99.0
TSMixup_76,1982-03-31,90.0
TSMixup_76,1982-06-30,85.0
TSMixup_76,1982-09-30,84.0
TSMixup_76,1982-12-31,86.0
TSMixup_76,1983-03-31,94.0
TSMixup_76,1983-06-30,102.0
TSMixup_76,1983-09-30,109.0
TSMixup_76,1983-12-31,117.0
TSMixup_76,1984-03-31,121.0
TSMixup_76,1984-06-30,125.0
TSMixup_76,1984-09-30,133.0
TSMixup_77,1975-12-31,99.0
TSMixup_77,1976-03-31,102.0
TSMixup_77,1976-06-30,103.0
TSMixup_77,1976-09-30,106.0
TSMixup_77,1976-12-31,104.0
TSMixup_77,1977-03-31,105.0
TSMixup_77,1977-06-30,101.0
TSMixup_77,1977-09-30,103.0
TSMixup_77,1977-12-31,99.0
TSMixup_77,1978-03-31,97.0
TSMixup_77,1978-06-30,98.0
TSMixup_77,1978-09-30,102.0
TSMixup_77,1978-12-31,100.0
TSMixup_77,1979-03-31,102.0
TSMixup_77,1979-06-30,103.0
TSMixup_77,1979-09-30,109.0
TSMixup_78,1977-06-30,78.07
TSMixup_78,1977-09-30,82.24
TSMixup_78,1977-12-31,85.36
TSMixup_78,1978-03-31,74.95
TSMixup_78,1978-06-30,92.65
TSMixup_78,1978-09-30,78.07
TSMixup_78,1978-12-31,106.18
TSMixup_78,1979-03-31,80.16
TSMixup_78,1979-06-30,131.16
TSMixup_78,1979-09-30,100.98
TSMixup_78,1979-12-31,120.75
TSMixup_78,1980-03-31,99.94
TSMixup_79,1977-12-31,1972.0
TSMixup_79,1978-03-31,2711.0
TSMixup_79,1978-06-30,2621.0
TSMixup_79,1978-09-30,2736.0
TSMixup_79,1978-12-31,2679.0
TSMixup_79,1979-03-31,2934.0
TSMixup_79,1979-06-30,2987.0
TSMixup_79,1979-09-30,2118.0
TSMixup_79,1979-12-31,2078.0
TSMixup_79,1980-03-31,3693.0
TSMixup_79,1980-06-30,2616.0
TSMixup_79,1980-09-30,3740.0
TSMixup_79,1980-12-31,2382.0
TSMixup_79,1981-03-31,3094.0
TSMixup_79,1981-06-30,1832.0
TSMixup_79,1981-09-30,3188.0
TSMixup_79,1981-12-31,2182.0
TSMixup_79,1982-03-31,4100.0
TSMixup_79,1982-06-30,3812.0
TSMixup_79,1982-09-30,2945.0
TSMixup_79,1982-12-31,2537.0
TSMixup_79,1983-03-31,2904.0
TSMixup_79,1983-06-30,2386.0
TSMixup_79,1983-09-30,3229.0
TSMixup_79,1983-12-31,2091.0
TSMixup_79,1984-03-31,3880.0
TSMixup_79,1984-06-30,2355.0
TSMixup_80,1969-12-31,2.4
TSMixup_80,1970-03-31,1.4
TSMixup_80,1970-06-30,0.9
TSMixup_80,1970-09-30,1.3
TSMixup_80,1970-12-31,1.7
TSMixup_80,1971-03-31,1.2
TSMixup_80,1971-06-30,0.9
TSMixup_80,1971-09-30,1.1
TSMixup_80,1971-12-31,1.7
TSMixup_80,1972-03-31,0.9
TSMixup_80,1972-06-30,0.8
TSMixup_80,1972-09-30,1.5
TSMixup_80,1972-12-31,2.2
TSMixup_80,1973-03-31,1.1
TSMixup_80,1973-06-30,1.0
TSMixup_80,1973-09-30,1.6
TSMixup_80,1973-12-31,2.2
TSMixup_80,1974-03-31,1.3
TSMixup_80,1974-06-30,1.1
TSMixup_80,1974-09-30,1.5
TSMixup_80,1974-12-31,1.8
TSMixup_80,1975-03-31,1.8
TSMixup_81,1978-03-31,4137.0
TSMixup_81,1978-06-30,4517.0
TSMixup_81,1978-09-30,4184.0
TSMixup_81,1978-12-31,4700.0
TSMixup_81,1979-03-31,4433.0
TSMixup_81,1979-06-30,4441.0
TSMixup_81,1979-09-30,4161.0
TSMixup_81,1979-12-31,4953.0
TSMixup_81,1980-03-31,4909.0
TSMixup_81,1980-06-30,5373.0
TSMixup_81,1980-09-30,5231.0
TSMixup_81,1980-12-31,6072.0
TSMixup_81,1981-03-31,6300.0
TSMixup_81,1981-06-30,6653.0
TSMixup_81,1981-09-30,6010.0
TSMixup_81,1981-12-31,8112.0
TSMixup_82,1975-12-31,722.0
TSMixup_82,1976-03-31,733.0
TSMixup_82,1976-06-30,728.0
TSMixup_82,1976-09-30,714.0
TSMixup_82,1976-12-31,717.0
TSMixup_82,1977-03-31,721.0
TSMixup_82,1977-06-30,716.0
TSMixup_82,1977-09-30,712.0
TSMixup_82,1977-12-31,723.0
TSMixup_82,1978-03-31,737.0
TSMixup_82,1978-06-30,736.0
TSMixup_82,1978-09-30,734.0
TSMixup_82,1978-12-31,747.0
TSMixup_82,1979-03-31,761.0
TSMixup_82,1979-06-30,764.0
TSMixup_82,1979-09-30,759.0
TSMixup_82,1979-12-31,773.0
TSMixup_82,1980-03-31,785.0
TSMixup_82,1980-06-30,780.0
TSMixup_83,1971-12-31,187.0
TSMixup_83,1972-03-31,196.0
TSMixup_83,1972-06-30,201.0
TSMixup_83,1972-09-30,197.0
TSMixup_83,1972-12-31,193.0
TSMixup_83,1973-03-31,203.0
TSMixup_83,1973-06-30,190.0
TSMixup_83,1973-09-30,190.0
TSMixup_83,1973-12-31,179.0
TSMixup_83,1974-03-31,158.0
TSMixup_83,1974-06-30,178.0
TSMixup_83,1974-09-30,135.0
TSMixup_83,1974-12-31,134.0
TSMixup_83,1975-03-31,115.0
TSMixup_83,1975-06-30,142.0
TSMixup_83,1975-09-30,131.0
TSMixup_83,1975-12-31,146.0
TSMixup_83,1976-03-31,132.0
TSMixup_83,1976-06-30,141.0
TSMixup_83,1976-09-30,135.0
TSMixup_84,1976-09-30,27.0
TSMixup_84,1976-12-31,31.0
TSMixup_84,1977-03-31,37.0
TSMixup_84,1977-06-30,43.0
TSMixup_84,1977-09-30,46.0
TSMixup_84,1977-12-31,48.0
TSMixup_84,1978-03-31,49.0
TSMixup_84,1978-06-30,49.0
TSMixup_84,1978-09-30,59.0
TSMixup_84,1978-12-31,54.0
TSMixup_84,1979-03-31,60.0
TSMixup_84,1979-06-30,69.0
TSMixup_84,1979-09-30,79.0
TSMixup_84,1979-12-31,87.0
TSMixup_84,1980-03-31,91.0
TSMixup_84,1980-06-30,105.0
TSMixup_84,1980-09-30,116.0
TSMixup_84,1980-12-31,115.0
TSMixup_84,1981-03-31,99.0
TSMixup_84,1981-06-30,90.0
TSMixup_84,1981-09-30,85.0
TSMixup_84,1981-12-31,84.0
TSMixup_84,1982-03-31,86.0
TSMixup_84,1982-06-30,94.0
TSMixup_84,1982-09-30,102.0
TSMixup_84,1982-12-31,109.0
TSMixup_84,1983-03-31,117.0
TSMixup_84,1983-06-30,121.0
TSMixup_84,1983-09-30,125.0
TSMixup_84,1983-12-31,133.0
TSMixup_84,1984-03-31,140.0
TSMixup_84,1984-06-30,141.0
TSMixup_84,1984-09-30,131.0
TSMixup_84,1984-12-31,129.0
TSMixup_84,1985-03-31,127.0
TSMixup_84,1985-06-30,125.0
TSMixup_84,1985-09-30,129.0
TSMixup_85,1971-12-31,27244.0
TSMixup_85,1972-03-31,28140.0
TSMixup_85,1972-06-30,29140.0
TSMixup_85,1972-09-30,29588.0
TSMixup_85,1972-12-31,30936.0
TSMixup_85,1973-03-31,31600.0
TSMixup_85,1973-06-30,32496.0
TSMixup_85,1973-09-30,33200.0
TSMixup_85,1973-12-31,33232.0
TSMixup_85,1974-03-31,33364.0
TSMixup_85,1974-06-30,33992.0
TSMixup_85,1974-09-30,33464.0
TSMixup_85,1974-12-31,33776.0
TSMixup_85,1975-03-31,34804.0
TSMixup_85,1975-06-30,35008.0
TSMixup_85,1975-09-30,35520.0
TSMixup_85,1975-12-31,36140.0
TSMixup_85,1976-03-31,36644.0
TSMixup_85,1976-06-30,37116.0
TSMixup_85,1976-09-30,37484.0
TSMixup_85,1976-12-31,38564.0
TSMixup_85,1977-03-31,37852.0
TSMixup_85,1977-06-30,38437.0
TSMixup_85,1977-09-30,38588.0
TSMixup_85,1977-12-31,38288.0
TSMixup_85,1978-03-31,39444.0
TSMixup_85,1978-06-30,40004.0
TSMixup_85,1978-09-30,40848.0
TSMixup_85,1978-12-31,42280.0
TSMixup_85,1979-03-31,42116.0
TSMixup_85,1979-06-30,43240.0
TSMixup_85,1979-09-30,44072.0
TSMixup_85,1979-12-31,44656.0
TSMixup_85,1980-03-31,45284.0
TSMixup_85,1980-06-30,45992.0
TSMixup_85,1980-09-30,47980.0
TSMixup_85,1980-12-31,49016.0
TSMixup_85,1981-03-31,49604.0
TSMixup_85,1981-06-30,50812.0
TSMixup_85,1981-09-30,51688.0
TSMixup_85,1981-12-31,53404.0
TSMixup_85,1982-03-31,54416.0
TSMixup_85,1982-06-30,56064.0
TSMixup_85,1982-09-30,57572.0
TSMixup_85,1982-12-31,60192.0
TSMixup_85,1983-03-31,61492.0
TSMixup_85,1983-06-30,62308.0
TSMixup_85,1983-09-30,63320.0
TSMixup_85,1983-12-31,64776.0
TSMixup_85,1984-03-31,66432.0
TSMixup_85,1984-06-30,66536.0
TSMixup_85,1984-09-30,67892.0
TSMixup_85,1984-12-31,69596.0
TSMixup_85,1985-03-31,71652.0
TSMixup_86,1968-12-31,36.0
TSMixup_86,1969-03-31,33.0
TSMixup_86,1969-06-30,40.0
TSMixup_86,1969-09-30,40.0
TSMixup_86,1969-12-31,46.0
TSMixup_86,1970-03-31,33.0
TSMixup_86,1970-06-30,42.0
TSMixup_86,1970-09-30,40.0
TSMixup_86,1970-12-31,46.0
TSMixup_86,1971-03-31,37.0
TSMixup_86,1971-06-30,40.0
TSMixup_86,1971-09-30,37.0
TSMixup_86,1971-12-31,43.0
TSMixup_86,1972-03-31,36.0
TSMixup_86,1972-06-30,40.0
TSMixup_86,1972-09-30,39.0
TSMixup_86,1972-12-31,47.0
TSMixup_86,1973-03-31,37.0
TSMixup_86,1973-06-30,47.0
TSMixup_86,1973-09-30,50.0
TSMixup_86,1973-12-31,63.0
TSMixup_86,1974-03-31,55.0
TSMixup_87,1975-12-31,43.0
TSMixup_87,1976-03-31,51.84
TSMixup_87,1976-06-30,41.6
TSMixup_87,1976-09-30,37.7
TSMixup_87,1976-12-31,49.9
TSMixup_87,1977-03-31,67.5
TSMixup_87,1977-06-30,57.4
TSMixup_87,1977-09-30,54.0
TSMixup_87,1977-12-31,61.7
TSMixup_87,1978-03-31,76.5
TSMixup_87,1978-06-30,66.2
TSMixup_87,1978-09-30,59.5
TSMixup_87,1978-12-31,65.1
TSMixup_87,1979-03-31,81.6
TSMixup_87,1979-06-30,66.5
TSMixup_87,1979-09-30,54.4
TSMixup_87,1979-12-31,63.2
TSMixup_87,1980-03-31,74.6
TSMixup_87,1980-06-30,56.7
TSMixup_87,1980-09-30,45.2
TSMixup_87,1980-12-31,58.0
TSMixup_87,1981-03-31,64.2
TSMixup_87,1981-06-30,49.9
TSMixup_87,1981-09-30,48.5
TSMixup_87,1981-12-31,62.8
TSMixup_87,1982-03-31,76.7
TSMixup_87,1982-06-30,64.9
TSMixup_87,1982-09-30,63.3
TSMixup_87,1982-12-31,89.5
TSMixup_87,1983-03-31,114.4
TSMixup_87,1983-06-30,96.4
TSMixup_88,1977-12-31,42.0
TSMixup_88,1978-03-31,45.0
TSMixup_88,1978-06-30,35.0
TSMixup_88,1978-09-30,42.0
TSMixup_88,1978-12-31,43.0
TSMixup_88,1979-03-31,45.0
TSMixup_88,1979-06-30,37.0
TSMixup_88,1979-09-30,45.0
TSMixup_88,1979-12-31,53.0
TSMixup_88,1980-03-31,52.0
TSMixup_88,1980-06-30,40.0
TSMixup_88,1980-09-30,56.0
TSMixup_88,1980-12-31,54.0
TSMixup_88,1981-03-31,55.0
TSMixup_88,1981-06-30,46.0
TSMixup_88,1981-09-30,60.0
TSMixup_88,1981-12-31,64.0
TSMixup_88,1982-03-31,60.0
TSMixup_88,1982-06-30,55.0
TSMixup_88,1982-09-30,75.0
TSMixup_88,1982-12-31,79.0
TSMixup_88,1983-03-31,82.0
TSMixup_88,1983-06-30,72.0
TSMixup_88,1983-09-30,89.0
TSMixup_88,1983-12-31,75.0
TSMixup_88,1984-03-31,102.0
TSMixup_88,1984-06-30,77.0
TSMixup_88,1984-09-30,126.0
TSMixup_88,1984-12-31,97.0
TSMixup_88,1985-03-31,116.0
TSMixup_88,1985-06-30,96.0
TSMixup_88,1985-09-30,145.0
TSMixup_88,1985-12-31,112.0
TSMixup_88,1986-03-31,146.0
TSMixup_88,1986-06-30,123.0
TSMixup_88,1986-09-30,161.0
TSMixup_88,1986-12-31,168.0
TSMixup_88,1987-03-31,162.0
TSMixup_88,1987-06-30,138.0
TSMixup_88,1987-09-30,168.0
TSMixup_88,1987-12-31,169.0
TSMixup_88,1988-03-31,182.0
TSMixup_88,1988-06-30,152.0
TSMixup_88,1988-09-30,132.0
TSMixup_89,1977-12-31,1008.0
TSMixup_89,1978-03-31,1088.0
TSMixup_89,1978-06-30,797.0
TSMixup_89,1978-09-30,968.0
TSMixup_89,1978-12-31,1343.0
TSMixup_89,1979-03-31,1436.0
TSMixup_89,1979-06-30,1466.0
TSMixup_89,1979-09-30,1060.0
TSMixup_89,1979-12-31,1124.0
TSMixup_89,1980-03-31,1529.0
TSMixup_89,1980-06-30,1328.0
TSMixup_89,1980-09-30,934.0
TSMixup_89,1980-12-31,1018.0
TSMixup_89,1981-03-31,1305.0
TSMixup_89,1981-06-30,1229.0
TSMixup_89,1981-09-30,1073.0
TSMixup_89,1981-12-31,1262.0
TSMixup_89,1982-03-31,1413.0
TSMixup_89,1982-06-30,1346.0
TSMixup_90,1975-12-31,80.0
TSMixup_90,1976-03-31,79.0
TSMixup_90,1976-06-30,74.0
TSMixup_90,1976-09-30,80.0
TSMixup_90,1976-12-31,82.0
TSMixup_90,1977-03-31,80.0
TSMixup_90,1977-06-30,75.0
TSMixup_90,1977-09-30,80.0
TSMixup_90,1977-12-31,82.0
TSMixup_90,1978-03-31,84.0
TSMixup_90,1978-06-30,80.0
TSMixup_90,1978-09-30,85.0
TSMixup_90,1978-12-31,87.0
TSMixup_90,1979-03-31,87.0
TSMixup_90,1979-06-30,82.0
TSMixup_90,1979-09-30,89.0
TSMixup_90,1979-12-31,93.0
TSMixup_90,1980-03-31,94.0
TSMixup_90,1980-06-30,89.0
TSMixup_91,1977-12-31,35.0
TSMixup_91,1978-03-31,42.0
TSMixup_91,1978-06-30,43.0
TSMixup_91,1978-09-30,45.0
TSMixup_91,1978-12-31,37.0
TSMixup_91,1979-03-31,45.0
TSMixup_91,1979-06-30,53.0
TSMixup_91,1979-09-30,52.0
TSMixup_91,1979-12-31,40.0
TSMixup_91,1980-03-31,56.0
TSMixup_91,1980-06-30,54.0
TSMixup_91,1980-09-30,55.0
TSMixup_91,1980-12-31,46.0
TSMixup_91,1981-03-31,60.0
TSMixup_91,1981-06-30,64.0
TSMixup_91,1981-09-30,60.0
TSMixup_91,1981-12-31,55.0
TSMixup_91,1982-03-31,75.0
TSMixup_91,1982-06-30,79.0
TSMixup_91,1982-09-30,82.0
TSMixup_91,1982-12-31,72.0
TSMixup_91,1983-03-31,89.0
TSMixup_91,1983-06-30,75.0
TSMixup_91,1983-09-30,102.0
TSMixup_91,1983-12-31,77.0
TSMixup_91,1984-03-31,126.0
TSMixup_91,1984-06-30,97.0
TSMixup_91,1984-09-30,116.0
TSMixup_91,1984-12-31,96.0
TSMixup_91,1985-03-31,145.0
TSMixup_91,1985-06-30,112.0
TSMixup_91,1985-09-30,146.0
TSMixup_91,1985-12-31,123.0
TSMixup_91,1986-03-31,161.0
TSMixup_91,1986-06-30,168.0
TSMixup_91,1986-09-30,162.0
TSMixup_91,1986-12-31,138.0
TSMixup_91,1987-03-31,168.0
TSMixup_91,1987-06-30,169.0
TSMixup_91,1987-09-30,182.0
TSMixup_91,1987-12-31,152.0
TSMixup_91,1988-03-31,132.0
TSMixup_92,1978-06-30,16279.0
TSMixup_92,1978-09-30,12767.0
TSMixup_92,1978-12-31,13116.0
TSMixup_92,1979-03-31,13141.0
TSMixup_92,1979-06-30,15385.0
TSMixup_92,1979-09-30,14279.0
TSMixup_92,1979-12-31,17802.0
TSMixup_92,1980-03-31,19297.0
TSMixup_92,1980-06-30,20983.0
TSMixup_92,1980-09-30,18198.0
TSMixup_92,1980-12-31,17533.0
TSMixup_92,1981-03-31,16297.0
TSMixup_92,1981-06-30,17888.0
TSMixup_92,1981-09-30,16737.0
TSMixup_92,1981-12-31,24469.0
TSMixup_93,1975-12-31,449.0
TSMixup_93,1976-03-31,474.0
TSMixup_93,1976-06-30,453.0
TSMixup_93,1976-09-30,466.0
TSMixup_93,1976-12-31,461.0
TSMixup_93,1977-03-31,466.0
TSMixup_93,1977-06-30,461.0
TSMixup_93,1977-09-30,449.0
TSMixup_93,1977-12-31,427.0
TSMixup_93,1978-03-31,414.0
TSMixup_93,1978-06-30,381.0
TSMixup_93,1978-09-30,371.0
TSMixup_93,1978-12-31,377.0
TSMixup_93,1979-03-31,351.0
TSMixup_93,1979-06-30,404.0
TSMixup_93,1979-09-30,431.0
TSMixup_93,1979-12-31,455.0
TSMixup_93,1980-03-31,481.0
TSMixup_93,1980-06-30,507.0
TSMixup_93,1980-09-30,523.0
TSMixup_93,1980-12-31,550.0
TSMixup_93,1981-03-31,604.0
TSMixup_94,1978-03-31,65.0
TSMixup_94,1978-06-30,67.6
TSMixup_94,1978-09-30,69.3
TSMixup_94,1978-12-31,77.8
TSMixup_94,1979-03-31,69.3
TSMixup_94,1979-06-30,72.3
TSMixup_94,1979-09-30,72.3
TSMixup_94,1979-12-31,83.1
TSMixup_94,1980-03-31,73.9
TSMixup_94,1980-06-30,77.2
TSMixup_94,1980-09-30,77.7
TSMixup_94,1980-12-31,86.8
TSMixup_94,1981-03-31,78.6
TSMixup_94,1981-06-30,79.8
TSMixup_94,1981-09-30,79.9
TSMixup_94,1981-12-31,88.6
TSMixup_94,1982-03-31,78.0
TSMixup_94,1982-06-30,78.0
TSMixup_94,1982-09-30,78.7
TSMixup_94,1982-12-31,91.4
TSMixup_94,1983-03-31,75.1
TSMixup_94,1983-06-30,83.1
TSMixup_94,1983-09-30,83.8
TSMixup_94,1983-12-31,98.8
TSMixup_94,1984-03-31,88.1
TSMixup_94,1984-06-30,91.5
TSMixup_94,1984-09-30,93.4
TSMixup_94,1984-12-31,105.9
TSMixup_94,1985-03-31,93.5
TSMixup_94,1985-06-30,98.8
TSMixup_94,1985-09-30,98.1
TSMixup_94,1985-12-31,109.4
TSMixup_94,1986-03-31,96.2
TSMixup_94,1986-06-30,96.4
TSMixup_94,1986-09-30,95.9
TSMixup_94,1986-12-31,109.6
TSMixup_94,1987-03-31,98.1
TSMixup_94,1987-06-30,100.9
TSMixup_94,1987-09-30,101.6
TSMixup_95,1969-12-31,486.9
TSMixup_95,1970-03-31,484.0
TSMixup_95,1970-06-30,490.5
TSMixup_95,1970-09-30,503.0
TSMixup_95,1970-12-31,504.7
TSMixup_95,1971-03-31,504.2
TSMixup_95,1971-06-30,503.3
TSMixup_95,1971-09-30,503.6
TSMixup_95,1971-12-31,514.9
TSMixup_95,1972-03-31,524.2
TSMixup_95,1972-06-30,537.7
TSMixup_95,1972-09-30,547.8
TSMixup_95,1972-12-31,557.2
TSMixup_95,1973-03-31,564.4
TSMixup_95,1973-06-30,572.0
TSMixup_95,1973-09-30,577.4
TSMixup_95,1973-12-31,584.2
TSMixup_95,1974-03-31,594.7
TSMixup_95,1974-06-30,605.8
TSMixup_95,1974-09-30,617.7
TSMixup_95,1974-12-31,628.0
TSMixup_95,1975-03-31,638.9
TSMixup_95,1975-06-30,645.1
TSMixup_95,1975-09-30,662.8
TSMixup_95,1975-12-31,675.7
TSMixup_95,1976-03-31,691.1
TSMixup_95,1976-06-30,710.0
TSMixup_95,1976-09-30,729.5
TSMixup_95,1976-12-31,743.3
TSMixup_96,1975-12-31,261.7
TSMixup_96,1976-03-31,264.6
TSMixup_96,1976-06-30,264.5
TSMixup_96,1976-09-30,270.5
TSMixup_96,1976-12-31,276.2
TSMixup_96,1977-03-31,277.9
TSMixup_96,1977-06-30,281.3
TSMixup_96,1977-09-30,284.5
TSMixup_96,1977-12-31,286.0
TSMixup_96,1978-03-31,290.1
TSMixup_96,1978-06-30,296.4
TSMixup_96,1978-09-30,298.3
TSMixup_96,1978-12-31,302.6
TSMixup_96,1979-03-31,304.6
TSMixup_96,1979-06-30,306.3
TSMixup_96,1979-09-30,300.6
TSMixup_96,1979-12-31,318.0
TSMixup_96,1980-03-31,328.6
TSMixup_96,1980-06-30,327.0
TSMixup_96,1980-09-30,333.5
TSMixup_96,1980-12-31,338.6
TSMixup_96,1981-03-31,335.2
TSMixup_96,1981-06-30,339.7
TSMixup_96,1981-09-30,345.1
TSMixup_96,1981-12-31,349.2
TSMixup_96,1982-03-31,358.2
TSMixup_96,1982-06-30,361.0
TSMixup_96,1982-09-30,365.5
TSMixup_96,1982-12-31,371.4
TSMixup_97,1978-06-30,4531.0
TSMixup_97,1978-09-30,4203.0
TSMixup_97,1978-12-31,2816.0
TSMixup_97,1979-03-31,5820.0
TSMixup_97,1979-06-30,5963.0
TSMixup_97,1979-09-30,6547.0
TSMixup_97,1979-12-31,5778.0
TSMixup_97,1980-03-31,5102.0
TSMixup_97,1980-06-30,5374.0
TSMixup_97,1980-09-30,6742.0
TSMixup_97,1980-12-31,8400.0
TSMixup_97,1981-03-31,12085.0
TSMixup_97,1981-06-30,10568.0
TSMixup_97,1981-09-30,12203.0
TSMixup_97,1981-12-31,10882.0
TSMixup_97,1982-03-31,11246.0
TSMixup_97,1982-06-30,9756.0
TSMixup_97,1982-09-30,9617.0
TSMixup_97,1982-12-31,7076.0
TSMixup_97,1983-03-31,12625.0
TSMixup_97,1983-06-30,14519.0
TSMixup_98,1975-12-31,568.2
TSMixup_98,1976-03-31,574.3
TSMixup_98,1976-06-30,582.7
TSMixup_98,1976-09-30,593.3
TSMixup_98,1976-12-31,604.8
TSMixup_98,1977-03-31,617.8
TSMixup_98,1977-06-30,626.0
TSMixup_98,1977-09-30,636.1
TSMixup_98,1977-12-31,639.9
TSMixup_98,1978-03-31,654.3
TSMixup_98,1978-06-30,669.7
TSMixup_98,1978-09-30,684.7
TSMixup_98,1978-12-31,705.6
TSMixup_98,1979-03-31,722.2
TSMixup_98,1979-06-30,732.2
TSMixup_98,1979-09-30,746.0
TSMixup_98,1979-12-31,754.2
TSMixup_98,1980-03-31,765.2
TSMixup_98,1980-06-30,779.7
TSMixup_98,1980-09-30,792.9
TSMixup_98,1980-12-31,807.0
TSMixup_98,1981-03-31,832.0
TSMixup_98,1981-06-30,851.4
TSMixup_98,1981-09-30,872.1
TSMixup_98,1981-12-31,887.6
TSMixup_98,1982-03-31,904.3
TSMixup_98,1982-06-30,918.3
TSMixup_98,1982-09-30,935.0
TSMixup_98,1982-12-31,947.1
TSMixup_98,1983-03-31,961.7
TSMixup_98,1983-06-30,972.3
TSMixup_98,1983-09-30,986.8
TSMixup_98,1983-12-31,993.7
TSMixup_98,1984-03-31,1026.5
TSMixup_98,1984-06-30,1046.5
TSMixup_98,1984-09-30,1067.6
TSMixup_98,1984-12-31,1087.7
TSMixup_99,1976-09-30,26.0
TSMixup_99,1976-12-31,24.0
TSMixup_99,1977-03-31,25.0
TSMixup_99,1977-06-30,26.0
TSMixup_99,1977-09-30,27.0
TSMixup_99,1977-12-31,27.0
TSMixup_99,1978-03-31,31.0
TSMixup_99,1978-06-30,37.0
TSMixup_99,1978-09-30,43.0
TSMixup_99,1978-12-31,46.0
TSMixup_99,1979-03-31,48.0
TSMixup_99,1979-06-30,49.0
TSMixup_99,1979-09-30,49.0
TSMixup_99,1979-12-31,59.0
TSMixup_99,1980-03-31,54.0
TSMixup_99,1980-06-30,60.0
TSMixup_99,1980-09-30,69.0
TSMixup_99,1980-12-31,79.0
TSMixup_99,1981-03-31,87.0
TSMixup_99,1981-06-30,91.0
TSMixup_99,1981-09-30,105.0
TSMixup_99,1981-12-31,116.0
TSMixup_99,1982-03-31,115.0
TSMixup_99,1982-06-30,99.0
TSMixup_99,1982-09-30,90.0
TSMixup_99,1982-12-31,85.0
TSMixup_99,1983-03-31,84.0
TSMixup_99,1983-06-30,86.0
TSMixup_99,1983-09-30,94.0
TSMixup_99,1983-12-31,102.0
TSMixup_99,1984-03-31,109.0
TSMixup_99,1984-06-30,117.0
TSMixup_99,1984-09-30,121.0
TSMixup_100,1978-06-30,18408.0
TSMixup_100,1978-09-30,18540.0
TSMixup_100,1978-12-31,20505.0
TSMixup_100,1979-03-31,18523.0
TSMixup_100,1979-06-30,20076.0
TSMixup_100,1979-09-30,21073.0
TSMixup_100,1979-12-31,21822.0
TSMixup_100,1980-03-31,20979.0
TSMixup_100,1980-06-30,21948.0
TSMixup_100,1980-09-30,22755.0
TSMixup_100,1980-12-31,22434.0
TSMixup_100,1981-03-31,20987.0
TSMixup_100,1981-06-30,22298.0
TSMixup_100,1981-09-30,23186.0
TSMixup_100,1981-12-31,23879.0
TSMixup_100,1982-03-31,22701.0
TSMixup_100,1982-06-30,24506.0
TSMixup_100,1982-09-30,25624.0
TSMixup_100,1982-12-31,26115.0
TSMixup_100,1983-03-31,24906.0
TSMixup_100,1983-06-30,26025.0
TSMixup_100,1983-09-30,27309.0
TSMixup_100,1983-12-31,26942.0
TSMixup_100,1984-03-31,25325.0
TSMixup_100,1984-06-30,25237.0
TSMixup_101,1978-03-31,93.4
TSMixup_101,1978-06-30,105.9
TSMixup_101,1978-09-30,93.5
TSMixup_101,1978-12-31,98.8
TSMixup_101,1979-03-31,98.1
TSMixup_101,1979-06-30,109.4
TSMixup_101,1979-09-30,96.2
TSMixup_101,1979-12-31,96.4
TSMixup_101,1980-03-31,95.9
TSMixup_101,1980-06-30,109.6
TSMixup_101,1980-09-30,98.1
TSMixup_101,1980-12-31,100.9
TSMixup_101,1981-03-31,101.6
TSMixup_101,1981-06-30,116.1
TSMixup_101,1981-09-30,105.6
TSMixup_101,1981-12-31,104.6
TSMixup_101,1982-03-31,104.7
TSMixup_101,1982-06-30,115.4
TSMixup_101,1982-09-30,104.5
TSMixup_101,1982-12-31,105.2
TSMixup_101,1983-03-31,101.6
TSMixup_102,1977-12-31,262.37
TSMixup_102,1978-03-31,299.72
TSMixup_102,1978-06-30,286.56
TSMixup_102,1978-09-30,298.18
TSMixup_102,1978-12-31,262.77
TSMixup_102,1979-03-31,335.75
TSMixup_102,1979-06-30,351.17
TSMixup_102,1979-09-30,361.54
TSMixup_102,1979-12-31,324.34
TSMixup_102,1980-03-31,371.55
TSMixup_102,1980-06-30,376.82
TSMixup_102,1980-09-30,391.17
TSMixup_102,1980-12-31,341.01
TSMixup_102,1981-03-31,456.91
TSMixup_102,1981-06-30,496.92
TSMixup_102,1981-09-30,495.99
TSMixup_102,1981-12-31,456.85
TSMixup_102,1982-03-31,504.33
TSMixup_102,1982-06-30,492.02
TSMixup_102,1982-09-30,469.83
TSMixup_102,1982-12-31,328.54
TSMixup_103,1964-12-31,87.0
TSMixup_103,1965-03-31,87.0
TSMixup_103,1965-06-30,89.0
TSMixup_103,1965-09-30,76.0
TSMixup_103,1965-12-31,93.0
TSMixup_103,1966-03-31,95.0
TSMixup_103,1966-06-30,95.0
TSMixup_103,1966-09-30,79.0
TSMixup_103,1966-12-31,93.0
TSMixup_103,1967-03-31,91.0
TSMixup_103,1967-06-30,95.0
TSMixup_103,1967-09-30,80.0
TSMixup_103,1967-12-31,100.0
TSMixup_103,1968-03-31,100.0
TSMixup_103,1968-06-30,104.0
TSMixup_103,1968-09-30,88.0
TSMixup_103,1968-12-31,108.0
TSMixup_104,1968-12-31,10.0
TSMixup_104,1969-03-31,13.0
TSMixup_104,1969-06-30,12.0
TSMixup_104,1969-09-30,13.0
TSMixup_104,1969-12-31,14.0
TSMixup_104,1970-03-31,14.0
TSMixup_104,1970-06-30,12.0
TSMixup_104,1970-09-30,12.0
TSMixup_104,1970-12-31,12.0
TSMixup_104,1971-03-31,14.0
TSMixup_104,1971-06-30,13.0
TSMixup_104,1971-09-30,16.0
TSMixup_104,1971-12-31,15.0
TSMixup_104,1972-03-31,17.0
TSMixup_104,1972-06-30,15.0
TSMixup_104,1972-09-30,18.0
TSMixup_104,1972-12-31,15.0
TSMixup_104,1973-03-31,17.0
TSMixup_104,1973-06-30,14.0
TSMixup_104,1973-09-30,18.0
TSMixup_104,1973-12-31,20.0
TSMixup_104,1974-03-31,25.0
TSMixup_104,1974-06-30,20.0
TSMixup_104,1974-09-30,22.0
TSMixup_105,1977-12-31,79.0
TSMixup_105,1978-03-31,60.0
TSMixup_105,1978-06-30,74.0
TSMixup_105,1978-09-30,84.0
TSMixup_105,1978-12-31,86.0
TSMixup_105,1979-03-31,87.0
TSMixup_105,1979-06-30,80.0
TSMixup_105,1979-09-30,106.0
TSMixup_105,1979-12-31,98.0
TSMixup_105,1980-03-31,93.0
TSMixup_105,1980-06-30,111.0
TSMixup_105,1980-09-30,117.0
TSMixup_105,1980-12-31,137.0
TSMixup_105,1981-03-31,68.0
TSMixup_105,1981-06-30,152.0
TSMixup_105,1981-09-30,133.0
TSMixup_105,1981-12-31,144.0
TSMixup_105,1982-03-31,135.0
TSMixup_105,1982-06-30,157.0
TSMixup_105,1982-09-30,148.0
TSMixup_105,1982-12-31,134.0
TSMixup_105,1983-03-31,173.0
TSMixup_105,1983-06-30,165.0
TSMixup_105,1983-09-30,156.0
TSMixup_105,1983-12-31,85.0
TSMixup_105,1984-03-31,120.0
TSMixup_105,1984-06-30,207.0
TSMixup_105,1984-09-30,188.0
TSMixup_105,1984-12-31,237.0
TSMixup_105,1985-03-31,162.0
TSMixup_105,1985-06-30,224.0
TSMixup_105,1985-09-30,176.0
TSMixup_105,1985-12-31,197.0
TSMixup_105,1986-03-31,180.0
TSMixup_105,1986-06-30,229.0
TSMixup_105,1986-09-30,208.0
TSMixup_105,1986-12-31,99.0
TSMixup_105,1987-03-31,196.0
TSMixup_105,1987-06-30,226.0
TSMixup_105,1987-09-30,155.0
TSMixup_105,1987-12-31,215.0
TSMixup_105,1988-03-31,185.0
TSMixup_105,1988-06-30,266.0
TSMixup_105,1988-09-30,311.0
TSMixup_105,1988-12-31,225.0
TSMixup_105,1989-03-31,278.0
TSMixup_105,1989-06-30,343.0
TSMixup_105,1989-09-30,269.0
TSMixup_105,1989-12-31,276.0
TSMixup_105,1990-03-31,198.0
TSMixup_105,1990-06-30,312.0
TSMixup_106,1969-12-31,331.0
TSMixup_106,1970-03-31,335.0
TSMixup_106,1970-06-30,333.0
TSMixup_106,1970-09-30,333.0
TSMixup_106,1970-12-31,339.0
TSMixup_106,1971-03-31,343.0
TSMixup_106,1971-06-30,342.0
TSMixup_106,1971-09-30,340.0
TSMixup_106,1971-12-31,344.0
TSMixup_106,1972-03-31,345.0
TSMixup_106,1972-06-30,343.0
TSMixup_106,1972-09-30,339.0
TSMixup_106,1972-12-31,345.0
TSMixup_106,1973-03-31,346.0
TSMixup_106,1973-06-30,344.0
TSMixup_106,1973-09-30,342.0
TSMixup_107,1971-12-31,117.0
TSMixup_107,1972-03-31,122.0
TSMixup_107,1972-06-30,124.0
TSMixup_107,1972-09-30,127.0
TSMixup_107,1972-12-31,147.0
TSMixup_107,1973-03-31,160.0
TSMixup_107,1973-06-30,161.0
TSMixup_107,1973-09-30,147.0
TSMixup_107,1973-12-31,139.0
TSMixup_107,1974-03-31,149.0
TSMixup_107,1974-06-30,163.0
TSMixup_107,1974-09-30,159.0
TSMixup_107,1974-12-31,168.0
TSMixup_107,1975-03-31,184.0
TSMixup_107,1975-06-30,201.0
TSMixup_107,1975-09-30,194.0
TSMixup_107,1975-12-31,201.0
TSMixup_107,1976-03-31,194.0
TSMixup_107,1976-06-30,193.0
TSMixup_107,1976-09-30,190.0
TSMixup_107,1976-12-31,193.0
TSMixup_107,1977-03-31,208.0
TSMixup_107,1977-06-30,212.0
TSMixup_107,1977-09-30,191.0
TSMixup_107,1977-12-31,219.0
TSMixup_107,1978-03-31,270.0
TSMixup_107,1978-06-30,268.0
TSMixup_107,1978-09-30,260.0
TSMixup_107,1978-12-31,251.0
TSMixup_107,1979-03-31,285.0
TSMixup_107,1979-06-30,287.0
TSMixup_107,1979-09-30,302.0
TSMixup_107,1979-12-31,298.0
TSMixup_107,1980-03-31,315.0
TSMixup_107,1980-06-30,302.0
TSMixup_107,1980-09-30,307.0
TSMixup_107,1980-12-31,358.0
TSMixup_107,1981-03-31,363.0
TSMixup_107,1981-06-30,361.0
TSMixup_107,1981-09-30,337.0
TSMixup_108,1975-12-31,60.0
TSMixup_108,1976-03-31,58.0
TSMixup_108,1976-06-30,62.0
TSMixup_108,1976-09-30,63.0
TSMixup_108,1976-12-31,66.0
TSMixup_108,1977-03-31,66.0
TSMixup_108,1977-06-30,68.0
TSMixup_108,1977-09-30,67.0
TSMixup_108,1977-12-31,69.0
TSMixup_108,1978-03-31,69.0
TSMixup_108,1978-06-30,73.0
TSMixup_108,1978-09-30,71.0
TSMixup_108,1978-12-31,74.0
TSMixup_108,1979-03-31,74.0
TSMixup_108,1979-06-30,78.0
TSMixup_108,1979-09-30,76.0
TSMixup_108,1979-12-31,79.0
TSMixup_108,1980-03-31,82.0
TSMixup_108,1980-06-30,85.0
TSMixup_108,1980-09-30,84.0
TSMixup_108,1980-12-31,88.0
TSMixup_108,1981-03-31,90.0
TSMixup_108,1981-06-30,94.0
TSMixup_108,1981-09-30,93.0
TSMixup_108,1981-12-31,95.0
TSMixup_108,1982-03-31,93.0
TSMixup_108,1982-06-30,95.0
TSMixup_108,1982-09-30,93.0
TSMixup_108,1982-12-31,97.0
TSMixup_108,1983-03-31,98.0
TSMixup_108,1983-06-30,101.0
TSMixup_108,1983-09-30,99.0
TSMixup_108,1983-12-31,102.0
TSMixup_108,1984-03-31,103.0
TSMixup_108,1984-06-30,106.0
TSMixup_108,1984-09-30,104.0
TSMixup_108,1984-12-31,105.0
TSMixup_108,1985-03-31,101.0
TSMixup_108,1985-06-30,103.0
TSMixup_108,1985-09-30,99.0
TSMixup_108,1985-12-31,97.0
TSMixup_109,1969-12-31,87.8
TSMixup_109,1970-03-31,85.6
TSMixup_109,1970-06-30,84.9
TSMixup_109,1970-09-30,84.8
TSMixup_109,1970-12-31,86.2
TSMixup_109,1971-03-31,86.8
TSMixup_109,1971-06-30,91.1
TSMixup_109,1971-09-30,93.4
TSMixup_109,1971-12-31,96.1
TSMixup_109,1972-03-31,97.0
TSMixup_109,1972-06-30,98.7
TSMixup_109,1972-09-30,98.7
TSMixup_109,1972-12-31,99.3
TSMixup_109,1973-03-31,99.6
TSMixup_109,1973-06-30,102.4
TSMixup_109,1973-09-30,103.5
TSMixup_109,1973-12-31,106.4
TSMixup_109,1974-03-31,106.1
TSMixup_109,1974-06-30,109.3
TSMixup_109,1974-09-30,112.7
TSMixup_109,1974-12-31,116.2
TSMixup_109,1975-03-31,118.2
TSMixup_109,1975-06-30,126.3
TSMixup_109,1975-09-30,132.8
TSMixup_110,1974-12-31,88.0
TSMixup_110,1975-03-31,88.0
TSMixup_110,1975-06-30,81.0
TSMixup_110,1975-09-30,81.0
TSMixup_110,1975-12-31,76.0
TSMixup_110,1976-03-31,79.0
TSMixup_110,1976-06-30,78.0
TSMixup_110,1976-09-30,78.0
TSMixup_110,1976-12-31,80.0
TSMixup_110,1977-03-31,80.0
TSMixup_110,1977-06-30,86.0
TSMixup_110,1977-09-30,86.0
TSMixup_110,1977-12-31,86.0
TSMixup_110,1978-03-31,86.0
TSMixup_110,1978-06-30,90.0
TSMixup_110,1978-09-30,90.0
TSMixup_110,1978-12-31,90.0
TSMixup_110,1979-03-31,90.0
TSMixup_110,1979-06-30,83.0
TSMixup_110,1979-09-30,83.0
TSMixup_110,1979-12-31,83.0
TSMixup_110,1980-03-31,83.0
TSMixup_110,1980-06-30,81.0
TSMixup_110,1980-09-30,81.0
TSMixup_110,1980-12-31,81.0
TSMixup_110,1981-03-31,81.0
TSMixup_110,1981-06-30,80.0
TSMixup_110,1981-09-30,80.0
TSMixup_110,1981-12-31,80.0
TSMixup_110,1982-03-31,80.0
TSMixup_110,1982-06-30,83.0
TSMixup_110,1982-09-30,83.0
TSMixup_110,1982-12-31,87.0
TSMixup_110,1983-03-31,86.0
TSMixup_110,1983-06-30,92.0
TSMixup_110,1983-09-30,93.0
TSMixup_111,1969-12-31,85.0
TSMixup_111,1970-03-31,33.0
TSMixup_111,1970-06-30,44.0
TSMixup_111,1970-09-30,47.0
TSMixup_111,1970-12-31,22.0
TSMixup_111,1971-03-31,20.0
TSMixup_111,1971-06-30,27.0
TSMixup_111,1971-09-30,31.0
TSMixup_111,1971-12-31,13.0
TSMixup_111,1972-03-31,16.0
TSMixup_111,1972-06-30,24.0
TSMixup_111,1972-09-30,27.0
TSMixup_111,1972-12-31,14.0
TSMixup_111,1973-03-31,18.0
TSMixup_111,1973-06-30,27.0
TSMixup_111,1973-09-30,40.0
TSMixup_111,1973-12-31,14.0
TSMixup_111,1974-03-31,16.0
TSMixup_111,1974-06-30,23.0
TSMixup_112,1969-12-31,7538.0
TSMixup_112,1970-03-31,7633.0
TSMixup_112,1970-06-30,7648.0
TSMixup_112,1970-09-30,7752.0
TSMixup_112,1970-12-31,7768.0
TSMixup_112,1971-03-31,7751.0
TSMixup_112,1971-06-30,7752.0
TSMixup_112,1971-09-30,7802.0
TSMixup_112,1971-12-31,7822.0
TSMixup_112,1972-03-31,7810.0
TSMixup_112,1972-06-30,7725.0
TSMixup_112,1972-09-30,7768.0
TSMixup_112,1972-12-31,7755.0
TSMixup_112,1973-03-31,7739.0
TSMixup_112,1973-06-30,7695.0
TSMixup_112,1973-09-30,7791.0
TSMixup_112,1973-12-31,7841.0
TSMixup_112,1974-03-31,7890.0
TSMixup_112,1974-06-30,7896.0
TSMixup_112,1974-09-30,8002.0
TSMixup_112,1974-12-31,8024.0
TSMixup_113,1975-12-31,240.9
TSMixup_113,1976-03-31,244.1
TSMixup_113,1976-06-30,251.8
TSMixup_113,1976-09-30,253.5
TSMixup_113,1976-12-31,255.4
TSMixup_113,1977-03-31,257.2
TSMixup_113,1977-06-30,255.9
TSMixup_113,1977-09-30,258.3
TSMixup_113,1977-12-31,259.4
TSMixup_113,1978-03-31,259.5
TSMixup_113,1978-06-30,260.8
TSMixup_113,1978-09-30,266.0
TSMixup_113,1978-12-31,268.4
TSMixup_113,1979-03-31,273.2
TSMixup_113,1979-06-30,273.2
TSMixup_113,1979-09-30,275.1
TSMixup_113,1979-12-31,275.8
TSMixup_113,1980-03-31,276.8
TSMixup_113,1980-06-30,277.9
TSMixup_113,1980-09-30,280.3
TSMixup_113,1980-12-31,281.2
TSMixup_113,1981-03-31,283.5
TSMixup_113,1981-06-30,285.8
TSMixup_113,1981-09-30,286.0
TSMixup_113,1981-12-31,287.5
TSMixup_113,1982-03-31,287.4
TSMixup_114,1977-12-31,1717.0
TSMixup_114,1978-03-31,1435.0
TSMixup_114,1978-06-30,1028.0
TSMixup_114,1978-09-30,1114.0
TSMixup_114,1978-12-31,1202.0
TSMixup_114,1979-03-31,1376.0
TSMixup_114,1979-06-30,1121.0
TSMixup_114,1979-09-30,1272.0
TSMixup_114,1979-12-31,1388.0
TSMixup_114,1980-03-31,1482.0
TSMixup_114,1980-06-30,1154.0
TSMixup_114,1980-09-30,1321.0
TSMixup_114,1980-12-31,1736.0
TSMixup_114,1981-03-31,1544.0
TSMixup_114,1981-06-30,1190.0
TSMixup_114,1981-09-30,1540.0
TSMixup_114,1981-12-31,1657.0
TSMixup_114,1982-03-31,1623.0
TSMixup_114,1982-06-30,1316.0
TSMixup_115,1960-12-31,15.0
TSMixup_115,1961-03-31,11.0
TSMixup_115,1961-06-30,8.0
TSMixup_115,1961-09-30,8.0
TSMixup_115,1961-12-31,7.0
TSMixup_115,1962-03-31,7.0
TSMixup_115,1962-06-30,9.0
TSMixup_115,1962-09-30,12.0
TSMixup_115,1962-12-31,21.0
TSMixup_115,1963-03-31,25.0
TSMixup_115,1963-06-30,26.0
TSMixup_115,1963-09-30,37.0
TSMixup_115,1963-12-31,51.0
TSMixup_115,1964-03-31,49.0
TSMixup_115,1964-06-30,46.0
TSMixup_115,1964-09-30,55.0
TSMixup_115,1964-12-31,59.0
TSMixup_115,1965-03-31,52.0
TSMixup_115,1965-06-30,46.0
TSMixup_115,1965-09-30,44.0
TSMixup_115,1965-12-31,39.0
TSMixup_115,1966-03-31,33.0
TSMixup_115,1966-06-30,33.0
TSMixup_115,1966-09-30,36.0
TSMixup_115,1966-12-31,41.0
TSMixup_115,1967-03-31,46.0
TSMixup_115,1967-06-30,58.0
TSMixup_115,1967-09-30,64.0
TSMixup_115,1967-12-31,66.0
TSMixup_115,1968-03-31,62.0
TSMixup_115,1968-06-30,61.0
TSMixup_115,1968-09-30,66.0
TSMixup_115,1968-12-31,67.0
TSMixup_115,1969-03-31,58.0
TSMixup_115,1969-06-30,54.0
TSMixup_115,1969-09-30,55.0
TSMixup_115,1969-12-31,53.0
TSMixup_115,1970-03-31,47.0
TSMixup_115,1970-06-30,40.0
TSMixup_115,1970-09-30,34.0
TSMixup_115,1970-12-31,30.0
TSMixup_115,1971-03-31,24.0
TSMixup_115,1971-06-30,21.0
TSMixup_115,1971-09-30,18.0
TSMixup_115,1971-12-31,18.0
TSMixup_116,1977-09-30,159.14
TSMixup_116,1977-12-31,159.14
TSMixup_116,1978-03-31,159.14
TSMixup_116,1978-06-30,159.14
TSMixup_116,1978-09-30,161.13
TSMixup_116,1978-12-31,161.13
TSMixup_116,1979-03-31,166.32
TSMixup_116,1979-06-30,166.32
TSMixup_116,1979-09-30,166.32
TSMixup_116,1979-12-31,166.32
TSMixup_116,1980-03-31,166.32
TSMixup_116,1980-06-30,171.1
TSMixup_116,1980-09-30,171.1
TSMixup_116,1980-12-31,171.1
TSMixup_116,1981-03-31,172.1
TSMixup_116,1981-06-30,174.3
TSMixup_116,1981-09-30,174.3
TSMixup_116,1981-12-31,174.3
TSMixup_116,1982-03-31,174.3
TSMixup_116,1982-06-30,174.3
TSMixup_116,1982-09-30,174.3
TSMixup_116,1982-12-31,174.3
TSMixup_116,1983-03-31,174.3
TSMixup_116,1983-06-30,174.3
TSMixup_116,1983-09-30,174.3
TSMixup_116,1983-12-31,174.89
TSMixup_116,1984-03-31,176.49
TSMixup_116,1984-06-30,176.49
TSMixup_116,1984-09-30,182.87
TSMixup_116,1984-12-31,182.87
TSMixup_116,1985-03-31,182.87
TSMixup_117,1976-12-31,65.0
TSMixup_117,1977-03-31,66.0
TSMixup_117,1977-06-30,67.0
TSMixup_117,1977-09-30,68.0
TSMixup_117,1977-12-31,67.0
TSMixup_117,1978-03-31,69.0
TSMixup_117,1978-06-30,71.0
TSMixup_117,1978-09-30,73.0
TSMixup_117,1978-12-31,73.0
TSMixup_117,1979-03-31,75.0
TSMixup_117,1979-06-30,75.0
TSMixup_117,1979-09-30,77.0
TSMixup_117,1979-12-31,77.0
TSMixup_117,1980-03-31,79.0
TSMixup_117,1980-06-30,79.0
TSMixup_117,1980-09-30,80.0
TSMixup_117,1980-12-31,81.0
TSMixup_117,1981-03-31,82.0
TSMixup_117,1981-06-30,83.0
TSMixup_117,1981-09-30,82.0
TSMixup_117,1981-12-31,82.0
TSMixup_117,1982-03-31,83.0
TSMixup_117,1982-06-30,83.0
TSMixup_117,1982-09-30,86.0
TSMixup_117,1982-12-31,87.0
TSMixup_117,1983-03-31,89.0
TSMixup_117,1983-06-30,91.0
TSMixup_117,1983-09-30,93.0
TSMixup_117,1983-12-31,95.0
TSMixup_117,1984-03-31,97.0
TSMixup_117,1984-06-30,97.0
TSMixup_117,1984-09-30,97.0
TSMixup_117,1984-12-31,100.0
TSMixup_118,1971-12-31,27244.0
TSMixup_118,1972-03-31,28140.0
TSMixup_118,1972-06-30,29140.0
TSMixup_118,1972-09-30,29588.0
TSMixup_118,1972-12-31,30936.0
TSMixup_118,1973-03-31,31600.0
TSMixup_118,1973-06-30,32496.0
TSMixup_118,1973-09-30,33200.0
TSMixup_118,1973-12-31,33232.0
TSMixup_118,1974-03-31,33364.0
TSMixup_118,1974-06-30,33992.0
TSMixup_118,1974-09-30,33464.0
TSMixup_118,1974-12-31,33776.0
TSMixup_118,1975-03-31,34804.0
TSMixup_118,1975-06-30,35008.0
TSMixup_118,1975-09-30,35520.0
TSMixup_118,1975-12-31,36140.0
TSMixup_118,1976-03-31,36644.0
TSMixup_118,1976-06-30,37116.0
TSMixup_118,1976-09-30,37484.0
TSMixup_118,1976-12-31,38564.0
TSMixup_118,1977-03-31,37852.0
TSMixup_118,1977-06-30,38437.0
TSMixup_118,1977-09-30,38588.0
TSMixup_118,1977-12-31,38288.0
TSMixup_118,1978-03-31,39444.0
TSMixup_118,1978-06-30,40004.0
TSMixup_118,1978-09-30,40848.0
TSMixup_118,1978-12-31,42280.0
TSMixup_118,1979-03-31,42116.0
TSMixup_118,1979-06-30,43240.0
TSMixup_118,1979-09-30,44072.0
TSMixup_118,1979-12-31,44656.0
TSMixup_118,1980-03-31,45284.0
TSMixup_118,1980-06-30,45992.0
TSMixup_118,1980-09-30,47980.0
TSMixup_118,1980-12-31,49016.0
TSMixup_118,1981-03-31,49604.0
TSMixup_118,1981-06-30,50812.0
TSMixup_118,1981-09-30,51688.0
TSMixup_118,1981-12-31,53404.0
TSMixup_118,1982-03-31,54416.0
TSMixup_118,1982-06-30,56064.0
TSMixup_118,1982-09-30,57572.0
TSMixup_118,1982-12-31,60192.0
TSMixup_118,1983-03-31,61492.0
TSMixup_118,1983-06-30,62308.0
TSMixup_118,1983-09-30,63320.0
TSMixup_119,1970-12-31,0.78
TSMixup_119,1971-03-31,0.83
TSMixup_119,1971-06-30,0.88
TSMixup_119,1971-09-30,1.04
TSMixup_119,1971-12-31,0.94
TSMixup_119,1972-03-31,0.92
TSMixup_119,1972-06-30,0.93
TSMixup_119,1972-09-30,0.79
TSMixup_119,1972-12-31,0.78
TSMixup_119,1973-03-31,0.77
TSMixup_119,1973-06-30,0.81
TSMixup_119,1973-09-30,0.84
TSMixup_119,1973-12-31,0.82
TSMixup_119,1974-03-31,0.82
TSMixup_119,1974-06-30,0.77
TSMixup_119,1974-09-30,0.78
TSMixup_119,1974-12-31,0.83
TSMixup_119,1975-03-31,0.84
TSMixup_119,1975-06-30,0.85
TSMixup_119,1975-09-30,0.89
TSMixup_119,1975-12-31,0.92
TSMixup_119,1976-03-31,1.02
TSMixup_119,1976-06-30,1.2
TSMixup_119,1976-09-30,1.29
TSMixup_119,1976-12-31,1.44
TSMixup_119,1977-03-31,1.56
TSMixup_119,1977-06-30,1.62
TSMixup_120,1978-06-30,19297.0
TSMixup_120,1978-09-30,20983.0
TSMixup_120,1978-12-31,18198.0
TSMixup_120,1979-03-31,17533.0
TSMixup_120,1979-06-30,16297.0
TSMixup_120,1979-09-30,17888.0
TSMixup_120,1979-12-31,16737.0
TSMixup_120,1980-03-31,24469.0
TSMixup_120,1980-06-30,25004.0
TSMixup_120,1980-09-30,23797.0
TSMixup_120,1980-12-31,19169.0
TSMixup_120,1981-03-31,21841.0
TSMixup_120,1981-06-30,23124.0
TSMixup_120,1981-09-30,26375.0
TSMixup_120,1981-12-31,26513.0
TSMixup_121,1977-12-31,1248.0
TSMixup_121,1978-03-31,1235.0
TSMixup_121,1978-06-30,1045.0
TSMixup_121,1978-09-30,1166.0
TSMixup_121,1978-12-31,1300.0
TSMixup_121,1979-03-31,1247.0
TSMixup_121,1979-06-30,992.0
TSMixup_121,1979-09-30,1199.0
TSMixup_121,1979-12-31,1313.0
TSMixup_121,1980-03-31,1007.0
TSMixup_121,1980-06-30,1252.0
TSMixup_121,1980-09-30,1343.0
TSMixup_121,1980-12-31,1743.0
TSMixup_121,1981-03-31,1769.0
TSMixup_121,1981-06-30,1268.0
TSMixup_121,1981-09-30,1316.0
TSMixup_121,1981-12-31,1717.0
TSMixup_121,1982-03-31,1435.0
TSMixup_121,1982-06-30,1028.0
TSMixup_121,1982-09-30,1114.0
TSMixup_121,1982-12-31,1202.0
TSMixup_121,1983-03-31,1376.0
TSMixup_121,1983-06-30,1121.0
TSMixup_121,1983-09-30,1272.0
TSMixup_122,1969-12-31,313.0
TSMixup_122,1970-03-31,321.0
TSMixup_122,1970-06-30,325.0
TSMixup_122,1970-09-30,324.0
TSMixup_122,1970-12-31,325.0
TSMixup_122,1971-03-31,331.0
TSMixup_122,1971-06-30,335.0
TSMixup_122,1971-09-30,333.0
TSMixup_122,1971-12-31,333.0
TSMixup_122,1972-03-31,339.0
TSMixup_122,1972-06-30,343.0
TSMixup_122,1972-09-30,342.0
TSMixup_122,1972-12-31,340.0
TSMixup_122,1973-03-31,344.0
TSMixup_122,1973-06-30,345.0
TSMixup_122,1973-09-30,343.0
TSMixup_122,1973-12-31,339.0
TSMixup_122,1974-03-31,345.0
TSMixup_122,1974-06-30,346.0
TSMixup_122,1974-09-30,344.0
TSMixup_122,1974-12-31,342.0
TSMixup_122,1975-03-31,349.0
TSMixup_122,1975-06-30,351.0
TSMixup_122,1975-09-30,349.0
TSMixup_122,1975-12-31,348.0
TSMixup_122,1976-03-31,354.0
TSMixup_122,1976-06-30,357.0
TSMixup_122,1976-09-30,355.0
TSMixup_123,1978-06-30,1173.0
TSMixup_123,1978-09-30,1439.0
TSMixup_123,1978-12-31,1657.0
TSMixup_123,1979-03-31,1425.0
TSMixup_123,1979-06-30,1675.0
TSMixup_123,1979-09-30,1863.0
TSMixup_123,1979-12-31,1562.0
TSMixup_123,1980-03-31,1391.0
TSMixup_123,1980-06-30,1559.0
TSMixup_123,1980-09-30,1620.0
TSMixup_123,1980-12-31,1534.0
TSMixup_123,1981-03-31,1412.0
TSMixup_123,1981-06-30,1476.0
TSMixup_123,1981-09-30,1355.0
TSMixup_123,1981-12-31,1217.0
TSMixup_123,1982-03-31,1265.0
TSMixup_123,1982-06-30,1504.0
TSMixup_123,1982-09-30,1321.0
TSMixup_123,1982-12-31,1373.0
TSMixup_123,1983-03-31,1242.0
TSMixup_123,1983-06-30,1234.0
TSMixup_123,1983-09-30,1078.0
TSMixup_123,1983-12-31,1128.0
TSMixup_123,1984-03-31,1067.0
TSMixup_123,1984-06-30,1424.0
TSMixup_123,1984-09-30,2216.0
TSMixup_123,1984-12-31,2217.0
TSMixup_123,1985-03-31,1095.0
TSMixup_123,1985-06-30,634.0
TSMixup_124,1975-12-31,688.0
TSMixup_124,1976-03-31,692.0
TSMixup_124,1976-06-30,695.0
TSMixup_124,1976-09-30,696.0
TSMixup_124,1976-12-31,702.0
TSMixup_124,1977-03-31,704.0
TSMixup_124,1977-06-30,706.0
TSMixup_124,1977-09-30,710.0
TSMixup_124,1977-12-31,713.0
TSMixup_124,1978-03-31,714.0
TSMixup_124,1978-06-30,716.0
TSMixup_124,1978-09-30,721.0
TSMixup_124,1978-12-31,723.0
TSMixup_124,1979-03-31,725.0
TSMixup_124,1979-06-30,729.0
TSMixup_124,1979-09-30,731.0
TSMixup_124,1979-12-31,737.0
TSMixup_124,1980-03-31,741.0
TSMixup_124,1980-06-30,746.0
TSMixup_124,1980-09-30,749.0
TSMixup_124,1980-12-31,757.0
TSMixup_124,1981-03-31,766.0
TSMixup_124,1981-06-30,770.0
TSMixup_124,1981-09-30,777.0
TSMixup_124,1981-12-31,782.0
TSMixup_124,1982-03-31,785.0
TSMixup_124,1982-06-30,792.0
TSMixup_124,1982-09-30,802.0
TSMixup_124,1982-12-31,812.0
TSMixup_124,1983-03-31,821.0
TSMixup_124,1983-06-30,829.0
TSMixup_124,1983-09-30,840.0
TSMixup_124,1983-12-31,850.0
TSMixup_124,1984-03-31,860.0
TSMixup_124,1984-06-30,874.0
TSMixup_124,1984-09-30,885.0
TSMixup_124,1984-12-31,898.0
TSMixup_124,1985-03-31,909.0
TSMixup_124,1985-06-30,917.0
TSMixup_124,1985-09-30,930.0
TSMixup_125,1975-12-31,2924.0
TSMixup_125,1976-03-31,2980.0
TSMixup_125,1976-06-30,3019.0
TSMixup_125,1976-09-30,3038.0
TSMixup_125,1976-12-31,3049.0
TSMixup_125,1977-03-31,3081.0
TSMixup_125,1977-06-30,3112.0
TSMixup_125,1977-09-30,3167.0
TSMixup_125,1977-12-31,3206.0
TSMixup_125,1978-03-31,3259.0
TSMixup_125,1978-06-30,3301.0
TSMixup_125,1978-09-30,3340.0
TSMixup_125,1978-12-31,3348.0
TSMixup_125,1979-03-31,3439.0
TSMixup_125,1979-06-30,3499.0
TSMixup_125,1979-09-30,3571.0
TSMixup_125,1979-12-31,3653.0
TSMixup_125,1980-03-31,3748.0
TSMixup_125,1980-06-30,3809.0
TSMixup_125,1980-09-30,3855.0
TSMixup_125,1980-12-31,3908.0
TSMixup_125,1981-03-31,3927.0
TSMixup_125,1981-06-30,3960.0
TSMixup_125,1981-09-30,4035.0
TSMixup_125,1981-12-31,4102.0
TSMixup_125,1982-03-31,4187.0
TSMixup_125,1982-06-30,4299.0
TSMixup_125,1982-09-30,4378.0
TSMixup_125,1982-12-31,4439.0
TSMixup_125,1983-03-31,4521.0
TSMixup_125,1983-06-30,4589.0
TSMixup_125,1983-09-30,4665.0
TSMixup_125,1983-12-31,4682.0
TSMixup_126,1975-09-30,185.0
TSMixup_126,1975-12-31,197.0
TSMixup_126,1976-03-31,223.0
TSMixup_126,1976-06-30,245.0
TSMixup_126,1976-09-30,256.0
TSMixup_126,1976-12-31,268.0
TSMixup_126,1977-03-31,249.0
TSMixup_126,1977-06-30,238.0
TSMixup_126,1977-09-30,227.0
TSMixup_126,1977-12-31,218.0
TSMixup_126,1978-03-31,211.0
TSMixup_126,1978-06-30,226.0
TSMixup_126,1978-09-30,250.0
TSMixup_126,1978-12-31,271.0
TSMixup_127,1969-12-31,7648.0
TSMixup_127,1970-03-31,7752.0
TSMixup_127,1970-06-30,7768.0
TSMixup_127,1970-09-30,7751.0
TSMixup_127,1970-12-31,7752.0
TSMixup_127,1971-03-31,7802.0
TSMixup_127,1971-06-30,7822.0
TSMixup_127,1971-09-30,7810.0
TSMixup_127,1971-12-31,7725.0
TSMixup_127,1972-03-31,7768.0
TSMixup_127,1972-06-30,7755.0
TSMixup_127,1972-09-30,7739.0
TSMixup_127,1972-12-31,7695.0
TSMixup_127,1973-03-31,7791.0
TSMixup_127,1973-06-30,7841.0
TSMixup_127,1973-09-30,7890.0
TSMixup_127,1973-12-31,7896.0
TSMixup_127,1974-03-31,8002.0
TSMixup_127,1974-06-30,8024.0
TSMixup_127,1974-09-30,8023.0
TSMixup_127,1974-12-31,7966.0
TSMixup_127,1975-03-31,8017.0
TSMixup_127,1975-06-30,7985.0
TSMixup_128,1975-12-31,66.1
TSMixup_128,1976-03-31,67.1
TSMixup_128,1976-06-30,69.6
TSMixup_128,1976-09-30,72.0
TSMixup_128,1976-12-31,73.4
TSMixup_128,1977-03-31,75.8
TSMixup_128,1977-06-30,79.1
TSMixup_128,1977-09-30,80.7
TSMixup_128,1977-12-31,82.7
TSMixup_128,1978-03-31,83.3
TSMixup_128,1978-06-30,85.9
TSMixup_128,1978-09-30,86.9
TSMixup_128,1978-12-31,85.7
TSMixup_128,1979-03-31,88.6
TSMixup_128,1979-06-30,92.4
TSMixup_128,1979-09-30,96.1
TSMixup_128,1979-12-31,98.8
TSMixup_128,1980-03-31,102.7
TSMixup_128,1980-06-30,104.9
TSMixup_128,1980-09-30,106.3
TSMixup_128,1980-12-31,107.6
TSMixup_128,1981-03-31,110.0
TSMixup_128,1981-06-30,110.4
TSMixup_128,1981-09-30,114.3
TSMixup_128,1981-12-31,117.2
TSMixup_128,1982-03-31,119.3
TSMixup_128,1982-06-30,121.4
TSMixup_128,1982-09-30,124.7
TSMixup_128,1982-12-31,126.8
TSMixup_128,1983-03-31,127.9
TSMixup_128,1983-06-30,129.9
TSMixup_128,1983-09-30,131.6
TSMixup_128,1983-12-31,138.1
TSMixup_128,1984-03-31,128.7
TSMixup_128,1984-06-30,139.3
TSMixup_128,1984-09-30,145.2
TSMixup_128,1984-12-31,146.1
TSMixup_128,1985-03-31,151.3
TSMixup_128,1985-06-30,153.0
TSMixup_128,1985-09-30,154.3
TSMixup_128,1985-12-31,155.6
TSMixup_128,1986-03-31,158.4
TSMixup_128,1986-06-30,159.3
TSMixup_128,1986-09-30,162.6
TSMixup_128,1986-12-31,165.3
TSMixup_128,1987-03-31,166.6
TSMixup_128,1987-06-30,170.9
TSMixup_128,1987-09-30,173.7
TSMixup_128,1987-12-31,178.2
TSMixup_128,1988-03-31,180.1
TSMixup_128,1988-06-30,182.8
TSMixup_128,1988-09-30,184.3
TSMixup_129,1968-12-31,40.0
TSMixup_129,1969-03-31,46.0
TSMixup_129,1969-06-30,33.0
TSMixup_129,1969-09-30,42.0
TSMixup_129,1969-12-31,40.0
TSMixup_129,1970-03-31,46.0
TSMixup_129,1970-06-30,37.0
TSMixup_129,1970-09-30,40.0
TSMixup_129,1970-12-31,37.0
TSMixup_129,1971-03-31,43.0
TSMixup_129,1971-06-30,36.0
TSMixup_129,1971-09-30,40.0
TSMixup_129,1971-12-31,39.0
TSMixup_129,1972-03-31,47.0
TSMixup_129,1972-06-30,37.0
TSMixup_130,1971-12-31,6176.0
TSMixup_130,1972-03-31,5972.0
TSMixup_130,1972-06-30,6092.0
TSMixup_130,1972-09-30,6116.0
TSMixup_130,1972-12-31,6172.0
TSMixup_130,1973-03-31,6152.0
TSMixup_130,1973-06-30,6424.0
TSMixup_130,1973-09-30,6456.0
TSMixup_130,1973-12-31,6436.0
TSMixup_130,1974-03-31,6472.0
TSMixup_130,1974-06-30,6492.0
TSMixup_130,1974-09-30,6372.0
TSMixup_130,1974-12-31,6476.0
TSMixup_130,1975-03-31,6740.0
TSMixup_130,1975-06-30,6796.0
TSMixup_130,1975-09-30,6924.0
TSMixup_130,1975-12-31,6780.0
TSMixup_130,1976-03-31,6768.0
TSMixup_130,1976-06-30,6748.0
TSMixup_130,1976-09-30,6884.0
TSMixup_130,1976-12-31,6868.0
TSMixup_130,1977-03-31,6712.0
TSMixup_130,1977-06-30,7160.0
TSMixup_130,1977-09-30,7104.0
TSMixup_130,1977-12-31,7608.0
TSMixup_130,1978-03-31,7769.0
TSMixup_130,1978-06-30,8028.0
TSMixup_130,1978-09-30,8088.0
TSMixup_130,1978-12-31,8332.0
TSMixup_130,1979-03-31,8388.0
TSMixup_130,1979-06-30,8264.0
TSMixup_130,1979-09-30,8336.0
TSMixup_130,1979-12-31,8480.0
TSMixup_130,1980-03-31,8356.0
TSMixup_130,1980-06-30,8408.0
TSMixup_130,1980-09-30,8504.0
TSMixup_130,1980-12-31,8724.0
TSMixup_130,1981-03-31,8608.0
TSMixup_130,1981-06-30,8636.0
TSMixup_130,1981-09-30,9032.0
TSMixup_130,1981-12-31,9216.0
TSMixup_130,1982-03-31,9280.0
TSMixup_130,1982-06-30,9376.0
TSMixup_130,1982-09-30,9572.0
TSMixup_130,1982-12-31,9852.0
TSMixup_130,1983-03-31,10104.0
TSMixup_130,1983-06-30,10336.0
TSMixup_130,1983-09-30,10692.0
TSMixup_130,1983-12-31,10608.0
TSMixup_130,1984-03-31,11020.0
TSMixup_130,1984-06-30,10928.0
TSMixup_130,1984-09-30,10960.0
TSMixup_131,1977-12-31,106.0
TSMixup_131,1978-03-31,98.0
TSMixup_131,1978-06-30,93.0
TSMixup_131,1978-09-30,111.0
TSMixup_131,1978-12-31,117.0
TSMixup_131,1979-03-31,137.0
TSMixup_131,1979-06-30,68.0
TSMixup_131,1979-09-30,152.0
TSMixup_131,1979-12-31,133.0
TSMixup_131,1980-03-31,144.0
TSMixup_131,1980-06-30,135.0
TSMixup_131,1980-09-30,157.0
TSMixup_131,1980-12-31,148.0
TSMixup_131,1981-03-31,134.0
TSMixup_131,1981-06-30,173.0
TSMixup_131,1981-09-30,165.0
TSMixup_131,1981-12-31,156.0
TSMixup_131,1982-03-31,85.0
TSMixup_131,1982-06-30,120.0
TSMixup_131,1982-09-30,207.0
TSMixup_131,1982-12-31,188.0
TSMixup_131,1983-03-31,237.0
TSMixup_131,1983-06-30,162.0
TSMixup_131,1983-09-30,224.0
TSMixup_131,1983-12-31,176.0
TSMixup_131,1984-03-31,197.0
TSMixup_131,1984-06-30,180.0
TSMixup_131,1984-09-30,229.0
TSMixup_131,1984-12-31,208.0
TSMixup_131,1985-03-31,99.0
TSMixup_131,1985-06-30,196.0
TSMixup_131,1985-09-30,226.0
TSMixup_131,1985-12-31,155.0
TSMixup_131,1986-03-31,215.0
TSMixup_131,1986-06-30,185.0
TSMixup_132,1969-12-31,94.2
TSMixup_132,1970-03-31,93.9
TSMixup_132,1970-06-30,94.7
TSMixup_132,1970-09-30,95.4
TSMixup_132,1970-12-31,95.9
TSMixup_132,1971-03-31,97.6
TSMixup_132,1971-06-30,99.5
TSMixup_132,1971-09-30,102.0
TSMixup_132,1971-12-31,102.9
TSMixup_132,1972-03-31,105.5
TSMixup_132,1972-06-30,107.8
TSMixup_132,1972-09-30,107.8
TSMixup_132,1972-12-31,108.5
TSMixup_132,1973-03-31,110.2
TSMixup_132,1973-06-30,108.7
TSMixup_132,1973-09-30,110.0
TSMixup_132,1973-12-31,109.5
TSMixup_132,1974-03-31,110.4
TSMixup_132,1974-06-30,112.6
TSMixup_132,1974-09-30,111.2
TSMixup_132,1974-12-31,110.5
TSMixup_132,1975-03-31,111.4
TSMixup_132,1975-06-30,113.1
TSMixup_132,1975-09-30,115.9
TSMixup_132,1975-12-31,118.4
TSMixup_132,1976-03-31,121.4
TSMixup_132,1976-06-30,124.3
TSMixup_132,1976-09-30,128.7
TSMixup_132,1976-12-31,131.6
TSMixup_133,1977-06-30,36.43
TSMixup_133,1977-09-30,43.72
TSMixup_133,1977-12-31,44.76
TSMixup_133,1978-03-31,46.84
TSMixup_133,1978-06-30,38.52
TSMixup_133,1978-09-30,46.84
TSMixup_133,1978-12-31,55.17
TSMixup_133,1979-03-31,54.13
TSMixup_133,1979-06-30,41.64
TSMixup_133,1979-09-30,58.3
TSMixup_133,1979-12-31,56.21
TSMixup_133,1980-03-31,57.25
TSMixup_133,1980-06-30,47.89
TSMixup_133,1980-09-30,62.46
TSMixup_133,1980-12-31,66.62
TSMixup_133,1981-03-31,62.46
TSMixup_133,1981-06-30,57.25
TSMixup_133,1981-09-30,78.07
TSMixup_133,1981-12-31,82.24
TSMixup_133,1982-03-31,85.36
TSMixup_133,1982-06-30,74.95
TSMixup_134,1970-12-31,38.0
TSMixup_134,1971-03-31,43.0
TSMixup_134,1971-06-30,42.0
TSMixup_134,1971-09-30,50.0
TSMixup_134,1971-12-31,39.0
TSMixup_134,1972-03-31,49.0
TSMixup_134,1972-06-30,52.0
TSMixup_134,1972-09-30,68.0
TSMixup_134,1972-12-31,57.0
TSMixup_134,1973-03-31,68.0
TSMixup_134,1973-06-30,66.0
TSMixup_134,1973-09-30,82.0
TSMixup_134,1973-12-31,65.0
TSMixup_134,1974-03-31,82.0
TSMixup_134,1974-06-30,80.0
TSMixup_134,1974-09-30,99.0
TSMixup_134,1974-12-31,78.0
TSMixup_134,1975-03-31,82.0
TSMixup_134,1975-06-30,71.0
TSMixup_135,1978-06-30,483.8
TSMixup_135,1978-09-30,482.59
TSMixup_135,1978-12-31,451.86
TSMixup_135,1979-03-31,507.97
TSMixup_135,1979-06-30,457.44
TSMixup_135,1979-09-30,445.53
TSMixup_135,1979-12-31,503.11
TSMixup_135,1980-03-31,547.16
TSMixup_135,1980-06-30,556.89
TSMixup_135,1980-09-30,536.82
TSMixup_135,1980-12-31,619.49
TSMixup_135,1981-03-31,623.09
TSMixup_135,1981-06-30,565.1
TSMixup_136,1975-12-31,44.0
TSMixup_136,1976-03-31,45.0
TSMixup_136,1976-06-30,45.0
TSMixup_136,1976-09-30,41.0
TSMixup_136,1976-12-31,47.0
TSMixup_136,1977-03-31,49.0
TSMixup_136,1977-06-30,48.0
TSMixup_136,1977-09-30,44.0
TSMixup_136,1977-12-31,51.0
TSMixup_136,1978-03-31,56.0
TSMixup_136,1978-06-30,61.0
TSMixup_136,1978-09-30,53.0
TSMixup_136,1978-12-31,64.0
TSMixup_136,1979-03-31,66.0
TSMixup_136,1979-06-30,67.0
TSMixup_136,1979-09-30,56.0
TSMixup_136,1979-12-31,67.0
TSMixup_136,1980-03-31,68.0
TSMixup_136,1980-06-30,69.0
TSMixup_136,1980-09-30,60.0
TSMixup_136,1980-12-31,73.0
TSMixup_136,1981-03-31,72.0
TSMixup_136,1981-06-30,74.0
TSMixup_136,1981-09-30,64.0
TSMixup_136,1981-12-31,76.0
TSMixup_136,1982-03-31,77.0
TSMixup_136,1982-06-30,78.0
TSMixup_136,1982-09-30,69.0
TSMixup_136,1982-12-31,81.0
TSMixup_136,1983-03-31,86.0
TSMixup_136,1983-06-30,73.0
TSMixup_136,1983-09-30,76.0
TSMixup_136,1983-12-31,92.0
TSMixup_136,1984-03-31,94.0
TSMixup_136,1984-06-30,95.0
TSMixup_136,1984-09-30,83.0
TSMixup_136,1984-12-31,98.0
TSMixup_136,1985-03-31,103.0
TSMixup_137,1975-12-31,731.0
TSMixup_137,1976-03-31,737.0
TSMixup_137,1976-06-30,741.0
TSMixup_137,1976-09-30,746.0
TSMixup_137,1976-12-31,749.0
TSMixup_137,1977-03-31,757.0
TSMixup_137,1977-06-30,766.0
TSMixup_137,1977-09-30,770.0
TSMixup_137,1977-12-31,777.0
TSMixup_137,1978-03-31,782.0
TSMixup_137,1978-06-30,785.0
TSMixup_137,1978-09-30,792.0
TSMixup_137,1978-12-31,802.0
TSMixup_137,1979-03-31,812.0
TSMixup_137,1979-06-30,821.0
TSMixup_138,1971-12-31,76.0
TSMixup_138,1972-03-31,91.0
TSMixup_138,1972-06-30,91.0
TSMixup_138,1972-09-30,87.0
TSMixup_138,1972-12-31,82.0
TSMixup_138,1973-03-31,96.0
TSMixup_138,1973-06-30,101.0
TSMixup_138,1973-09-30,99.0
TSMixup_138,1973-12-31,93.0
TSMixup_138,1974-03-31,107.0
TSMixup_138,1974-06-30,111.0
TSMixup_138,1974-09-30,110.0
TSMixup_138,1974-12-31,104.0
TSMixup_138,1975-03-31,119.0
TSMixup_138,1975-06-30,121.0
TSMixup_138,1975-09-30,127.0
TSMixup_138,1975-12-31,123.0
TSMixup_138,1976-03-31,135.0
TSMixup_138,1976-06-30,142.0
TSMixup_138,1976-09-30,147.0
TSMixup_138,1976-12-31,139.0
TSMixup_138,1977-03-31,157.0
TSMixup_138,1977-06-30,152.0
TSMixup_138,1977-09-30,161.0
TSMixup_138,1977-12-31,146.0
TSMixup_138,1978-03-31,159.0
TSMixup_139,1975-12-31,106.0
TSMixup_139,1976-03-31,98.0
TSMixup_139,1976-06-30,109.0
TSMixup_139,1976-09-30,108.0
TSMixup_139,1976-12-31,106.0
TSMixup_139,1977-03-31,98.0
TSMixup_139,1977-06-30,100.0
TSMixup_139,1977-09-30,107.0
TSMixup_139,1977-12-31,110.0
TSMixup_139,1978-03-31,101.0
TSMixup_139,1978-06-30,114.0
TSMixup_139,1978-09-30,112.0
TSMixup_139,1978-12-31,112.0
TSMixup_139,1979-03-31,102.0
TSMixup_139,1979-06-30,114.0
TSMixup_139,1979-09-30,110.0
TSMixup_139,1979-12-31,109.0
TSMixup_139,1980-03-31,96.0
TSMixup_139,1980-06-30,111.0
TSMixup_139,1980-09-30,107.0
TSMixup_139,1980-12-31,107.0
TSMixup_139,1981-03-31,94.0
TSMixup_139,1981-06-30,107.0
TSMixup_139,1981-09-30,104.0
TSMixup_139,1981-12-31,101.0
TSMixup_139,1982-03-31,88.0
TSMixup_139,1982-06-30,102.0
TSMixup_139,1982-09-30,100.0
TSMixup_139,1982-12-31,98.0
TSMixup_139,1983-03-31,87.0
TSMixup_139,1983-06-30,103.0
TSMixup_140,1978-06-30,76160.0
TSMixup_140,1978-09-30,77622.0
TSMixup_140,1978-12-31,78125.0
TSMixup_140,1979-03-31,75453.0
TSMixup_140,1979-06-30,84528.0
TSMixup_140,1979-09-30,88997.0
TSMixup_140,1979-12-31,91926.0
TSMixup_140,1980-03-31,99877.0
TSMixup_140,1980-06-30,106505.0
TSMixup_140,1980-09-30,109341.0
TSMixup_140,1980-12-31,108527.0
TSMixup_140,1981-03-31,100791.0
TSMixup_140,1981-06-30,119445.0
TSMixup_140,1981-09-30,112400.0
TSMixup_140,1981-12-31,126043.0
TSMixup_140,1982-03-31,120669.0
TSMixup_140,1982-06-30,130590.0
TSMixup_140,1982-09-30,127057.0
TSMixup_140,1982-12-31,128797.0
TSMixup_140,1983-03-31,122665.0
TSMixup_141,1976-12-31,5.13
TSMixup_141,1977-03-31,5.16
TSMixup_141,1977-06-30,5.17
TSMixup_141,1977-09-30,5.2
TSMixup_141,1977-12-31,5.22
TSMixup_141,1978-03-31,5.2
TSMixup_141,1978-06-30,5.24
TSMixup_141,1978-09-30,5.26
TSMixup_141,1978-12-31,5.27
TSMixup_141,1979-03-31,5.3
TSMixup_141,1979-06-30,5.32
TSMixup_141,1979-09-30,5.34
TSMixup_141,1979-12-31,5.39
TSMixup_141,1980-03-31,5.43
TSMixup_141,1980-06-30,5.45
TSMixup_141,1980-09-30,5.49
TSMixup_141,1980-12-31,5.54
TSMixup_141,1981-03-31,5.57
TSMixup_141,1981-06-30,5.59
TSMixup_141,1981-09-30,5.59
TSMixup_141,1981-12-31,5.58
TSMixup_141,1982-03-31,5.54
TSMixup_141,1982-06-30,5.53
TSMixup_141,1982-09-30,5.54
TSMixup_141,1982-12-31,5.54
TSMixup_141,1983-03-31,5.56
TSMixup_141,1983-06-30,5.6
TSMixup_141,1983-09-30,5.6
TSMixup_141,1983-12-31,5.6
TSMixup_141,1984-03-31,5.59
TSMixup_141,1984-06-30,5.57
TSMixup_141,1984-09-30,5.53
TSMixup_141,1984-12-31,5.5
TSMixup_141,1985-03-31,5.48
TSMixup_141,1985-06-30,5.44
TSMixup_141,1985-09-30,5.45
TSMixup_141,1985-12-31,5.49
TSMixup_141,1986-03-31,5.54
TSMixup_141,1986-06-30,5.58
TSMixup_141,1986-09-30,5.63
TSMixup_141,1986-12-31,5.68
TSMixup_141,1987-03-31,5.69
TSMixup_141,1987-06-30,5.71
TSMixup_141,1987-09-30,5.72
TSMixup_141,1987-12-31,5.73
TSMixup_141,1988-03-31,5.74
TSMixup_141,1988-06-30,5.77
TSMixup_141,1988-09-30,5.79
TSMixup_141,1988-12-31,5.78
TSMixup_141,1989-03-31,5.78
TSMixup_141,1989-06-30,5.81
TSMixup_141,1989-09-30,5.83
TSMixup_142,1976-12-31,65.0
TSMixup_142,1977-03-31,66.0
TSMixup_142,1977-06-30,67.0
TSMixup_142,1977-09-30,68.0
TSMixup_142,1977-12-31,67.0
TSMixup_142,1978-03-31,69.0
TSMixup_142,1978-06-30,71.0
TSMixup_142,1978-09-30,73.0
TSMixup_142,1978-12-31,73.0
TSMixup_142,1979-03-31,75.0
TSMixup_142,1979-06-30,75.0
TSMixup_142,1979-09-30,77.0
TSMixup_142,1979-12-31,77.0
TSMixup_142,1980-03-31,79.0
TSMixup_142,1980-06-30,79.0
TSMixup_142,1980-09-30,80.0
TSMixup_142,1980-12-31,81.0
TSMixup_142,1981-03-31,82.0
TSMixup_142,1981-06-30,83.0
TSMixup_142,1981-09-30,82.0
TSMixup_142,1981-12-31,82.0
TSMixup_142,1982-03-31,83.0
TSMixup_143,1969-12-31,94.2
TSMixup_143,1970-03-31,93.9
TSMixup_143,1970-06-30,94.7
TSMixup_143,1970-09-30,95.4
TSMixup_143,1970-12-31,95.9
TSMixup_143,1971-03-31,97.6
TSMixup_143,1971-06-30,99.5
TSMixup_143,1971-09-30,102.0
TSMixup_143,1971-12-31,102.9
TSMixup_143,1972-03-31,105.5
TSMixup_143,1972-06-30,107.8
TSMixup_143,1972-09-30,107.8
TSMixup_143,1972-12-31,108.5
TSMixup_143,1973-03-31,110.2
TSMixup_143,1973-06-30,108.7
TSMixup_144,1976-12-31,50.0
TSMixup_144,1977-03-31,49.0
TSMixup_144,1977-06-30,51.0
TSMixup_144,1977-09-30,54.0
TSMixup_144,1977-12-31,56.0
TSMixup_144,1978-03-31,58.0
TSMixup_144,1978-06-30,59.0
TSMixup_144,1978-09-30,59.0
TSMixup_144,1978-12-31,59.0
TSMixup_144,1979-03-31,60.0
TSMixup_144,1979-06-30,63.0
TSMixup_144,1979-09-30,67.0
TSMixup_144,1979-12-31,74.0
TSMixup_144,1980-03-31,79.0
TSMixup_144,1980-06-30,87.0
TSMixup_144,1980-09-30,93.0
TSMixup_144,1980-12-31,100.0
TSMixup_144,1981-03-31,104.0
TSMixup_145,1969-12-31,3.34
TSMixup_145,1970-03-31,2.97
TSMixup_145,1970-06-30,2.63
TSMixup_145,1970-09-30,3.47
TSMixup_145,1970-12-31,3.36
TSMixup_145,1971-03-31,3.0
TSMixup_145,1971-06-30,3.13
TSMixup_145,1971-09-30,3.92
TSMixup_145,1971-12-31,3.55
TSMixup_145,1972-03-31,3.27
TSMixup_145,1972-06-30,3.09
TSMixup_145,1972-09-30,4.41
TSMixup_145,1972-12-31,3.96
TSMixup_145,1973-03-31,3.83
TSMixup_145,1973-06-30,3.59
TSMixup_145,1973-09-30,4.5
TSMixup_145,1973-12-31,4.04
TSMixup_145,1974-03-31,3.8
TSMixup_145,1974-06-30,3.53
TSMixup_145,1974-09-30,4.75
TSMixup_146,1975-12-31,78.0
TSMixup_146,1976-03-31,76.0
TSMixup_146,1976-06-30,79.0
TSMixup_146,1976-09-30,82.0
TSMixup_146,1976-12-31,85.0
TSMixup_146,1977-03-31,84.0
TSMixup_146,1977-06-30,88.0
TSMixup_146,1977-09-30,90.0
TSMixup_146,1977-12-31,94.0
TSMixup_146,1978-03-31,93.0
TSMixup_146,1978-06-30,95.0
TSMixup_146,1978-09-30,93.0
TSMixup_146,1978-12-31,95.0
TSMixup_146,1979-03-31,93.0
TSMixup_146,1979-06-30,97.0
TSMixup_146,1979-09-30,98.0
TSMixup_146,1979-12-31,101.0
TSMixup_146,1980-03-31,99.0
TSMixup_146,1980-06-30,102.0
TSMixup_146,1980-09-30,103.0
TSMixup_146,1980-12-31,106.0
TSMixup_146,1981-03-31,104.0
TSMixup_146,1981-06-30,105.0
TSMixup_146,1981-09-30,101.0
TSMixup_146,1981-12-31,103.0
TSMixup_146,1982-03-31,99.0
TSMixup_146,1982-06-30,97.0
TSMixup_146,1982-09-30,98.0
TSMixup_146,1982-12-31,102.0
TSMixup_146,1983-03-31,100.0
TSMixup_146,1983-06-30,102.0
TSMixup_147,1976-12-31,41.0
TSMixup_147,1977-03-31,42.0
TSMixup_147,1977-06-30,43.0
TSMixup_147,1977-09-30,42.0
TSMixup_147,1977-12-31,38.0
TSMixup_147,1978-03-31,36.0
TSMixup_147,1978-06-30,27.0
TSMixup_147,1978-09-30,20.0
TSMixup_147,1978-12-31,21.0
TSMixup_147,1979-03-31,23.0
TSMixup_147,1979-06-30,24.0
TSMixup_147,1979-09-30,27.0
TSMixup_147,1979-12-31,30.0
TSMixup_147,1980-03-31,32.0
TSMixup_147,1980-06-30,30.0
TSMixup_147,1980-09-30,26.0
TSMixup_147,1980-12-31,25.0
TSMixup_147,1981-03-31,23.0
TSMixup_147,1981-06-30,22.0
TSMixup_147,1981-09-30,23.0
TSMixup_147,1981-12-31,25.0
TSMixup_147,1982-03-31,25.0
TSMixup_147,1982-06-30,38.0
TSMixup_147,1982-09-30,48.0
TSMixup_147,1982-12-31,62.0
TSMixup_147,1983-03-31,69.0
TSMixup_147,1983-06-30,76.0
TSMixup_147,1983-09-30,77.0
TSMixup_147,1983-12-31,72.0
TSMixup_147,1984-03-31,75.0
TSMixup_147,1984-06-30,77.0
TSMixup_147,1984-09-30,86.0
TSMixup_147,1984-12-31,91.0
TSMixup_147,1985-03-31,94.0
TSMixup_147,1985-06-30,92.0
TSMixup_147,1985-09-30,90.0
TSMixup_147,1985-12-31,98.0
TSMixup_147,1986-03-31,120.0
TSMixup_148,1977-12-31,25729.0
TSMixup_148,1978-03-31,41482.0
TSMixup_148,1978-06-30,60789.0
TSMixup_148,1978-09-30,50700.0
TSMixup_148,1978-12-31,58788.0
TSMixup_148,1979-03-31,30376.0
TSMixup_148,1979-06-30,25946.0
TSMixup_148,1979-09-30,52707.0
TSMixup_148,1979-12-31,40417.0
TSMixup_148,1980-03-31,38068.0
TSMixup_148,1980-06-30,54382.0
TSMixup_148,1980-09-30,52757.0
TSMixup_148,1980-12-31,79071.0
TSMixup_148,1981-03-31,50816.0
TSMixup_148,1981-06-30,57260.0
TSMixup_148,1981-09-30,59652.0
TSMixup_148,1981-12-31,98673.0
TSMixup_149,1978-06-30,588166.0
TSMixup_149,1978-09-30,594508.0
TSMixup_149,1978-12-31,610333.0
TSMixup_149,1979-03-31,613351.0
TSMixup_149,1979-06-30,599693.0
TSMixup_149,1979-09-30,575521.0
TSMixup_149,1979-12-31,590463.0
TSMixup_149,1980-03-31,609949.0
TSMixup_149,1980-06-30,644709.0
TSMixup_149,1980-09-30,629433.0
TSMixup_149,1980-12-31,638831.0
TSMixup_149,1981-03-31,677068.0
TSMixup_149,1981-06-30,676087.0
TSMixup_149,1981-09-30,652228.0
TSMixup_149,1981-12-31,664460.0
TSMixup_149,1982-03-31,716446.0
TSMixup_149,1982-06-30,692346.0
TSMixup_149,1982-09-30,690205.0
TSMixup_149,1982-12-31,727698.0
TSMixup_149,1983-03-31,624318.0
TSMixup_150,1978-06-30,10710.0
TSMixup_150,1978-09-30,9814.0
TSMixup_150,1978-12-31,11961.0
TSMixup_150,1979-03-31,4870.0
TSMixup_150,1979-06-30,5397.0
TSMixup_150,1979-09-30,4568.0
TSMixup_150,1979-12-31,4263.0
TSMixup_150,1980-03-31,8224.0
TSMixup_150,1980-06-30,13418.0
TSMixup_150,1980-09-30,14866.0
TSMixup_150,1980-12-31,20417.0
TSMixup_150,1981-03-31,23728.0
TSMixup_150,1981-06-30,25261.0
TSMixup_150,1981-09-30,19467.0
TSMixup_150,1981-12-31,17795.0
TSMixup_150,1982-03-31,15252.0
TSMixup_150,1982-06-30,14203.0
TSMixup_150,1982-09-30,14023.0
TSMixup_150,1982-12-31,16119.0
TSMixup_150,1983-03-31,10193.0
TSMixup_150,1983-06-30,11243.0
TSMixup_151,1977-03-31,585.64
TSMixup_151,1977-06-30,590.4
TSMixup_151,1977-09-30,495.18
TSMixup_151,1977-12-31,616.59
TSMixup_151,1978-03-31,602.31
TSMixup_151,1978-06-30,597.54
TSMixup_151,1978-09-30,497.56
TSMixup_151,1978-12-31,630.87
TSMixup_151,1979-03-31,642.78
TSMixup_151,1979-06-30,538.03
TSMixup_151,1979-09-30,547.55
TSMixup_151,1979-12-31,702.29
TSMixup_151,1980-03-31,683.25
TSMixup_151,1980-06-30,702.29
TSMixup_151,1980-09-30,585.64
TSMixup_151,1980-12-31,735.62
TSMixup_151,1981-03-31,733.24
TSMixup_151,1981-06-30,738.0
TSMixup_152,1976-12-31,5.26
TSMixup_152,1977-03-31,5.27
TSMixup_152,1977-06-30,5.3
TSMixup_152,1977-09-30,5.32
TSMixup_152,1977-12-31,5.34
TSMixup_152,1978-03-31,5.39
TSMixup_152,1978-06-30,5.43
TSMixup_152,1978-09-30,5.45
TSMixup_152,1978-12-31,5.49
TSMixup_152,1979-03-31,5.54
TSMixup_152,1979-06-30,5.57
TSMixup_152,1979-09-30,5.59
TSMixup_152,1979-12-31,5.59
TSMixup_152,1980-03-31,5.58
TSMixup_152,1980-06-30,5.54
TSMixup_152,1980-09-30,5.53
TSMixup_152,1980-12-31,5.54
TSMixup_152,1981-03-31,5.54
TSMixup_152,1981-06-30,5.56
TSMixup_152,1981-09-30,5.6
TSMixup_152,1981-12-31,5.6
TSMixup_152,1982-03-31,5.6
TSMixup_152,1982-06-30,5.59
TSMixup_152,1982-09-30,5.57
TSMixup_152,1982-12-31,5.53
TSMixup_152,1983-03-31,5.5
TSMixup_152,1983-06-30,5.48
TSMixup_152,1983-09-30,5.44
TSMixup_152,1983-12-31,5.45
TSMixup_152,1984-03-31,5.49
TSMixup_152,1984-06-30,5.54
TSMixup_152,1984-09-30,5.58
TSMixup_152,1984-12-31,5.63
TSMixup_152,1985-03-31,5.68
TSMixup_152,1985-06-30,5.69
TSMixup_152,1985-09-30,5.71
TSMixup_152,1985-12-31,5.72
TSMixup_152,1986-03-31,5.73
TSMixup_152,1986-06-30,5.74
TSMixup_152,1986-09-30,5.77
TSMixup_152,1986-12-31,5.79
TSMixup_152,1987-03-31,5.78
TSMixup_152,1987-06-30,5.78
TSMixup_152,1987-09-30,5.81
TSMixup_153,1975-12-31,211.6
TSMixup_153,1976-03-31,211.7
TSMixup_153,1976-06-30,214.8
TSMixup_153,1976-09-30,216.5
TSMixup_153,1976-12-31,217.3
TSMixup_153,1977-03-31,219.3
TSMixup_153,1977-06-30,220.8
TSMixup_153,1977-09-30,221.5
TSMixup_153,1977-12-31,222.3
TSMixup_153,1978-03-31,224.1
TSMixup_153,1978-06-30,224.2
TSMixup_153,1978-09-30,228.2
TSMixup_153,1978-12-31,232.2
TSMixup_153,1979-03-31,236.1
TSMixup_153,1979-06-30,236.7
TSMixup_153,1979-09-30,239.3
TSMixup_153,1979-12-31,240.9
TSMixup_153,1980-03-31,244.1
TSMixup_153,1980-06-30,251.8
TSMixup_153,1980-09-30,253.5
TSMixup_153,1980-12-31,255.4
TSMixup_153,1981-03-31,257.2
TSMixup_153,1981-06-30,255.9
TSMixup_153,1981-09-30,258.3
TSMixup_153,1981-12-31,259.4
TSMixup_153,1982-03-31,259.5
TSMixup_153,1982-06-30,260.8
TSMixup_153,1982-09-30,266.0
TSMixup_153,1982-12-31,268.4
TSMixup_153,1983-03-31,273.2
TSMixup_153,1983-06-30,273.2
TSMixup_153,1983-09-30,275.1
TSMixup_153,1983-12-31,275.8
TSMixup_153,1984-03-31,276.8
TSMixup_153,1984-06-30,277.9
TSMixup_153,1984-09-30,280.3
TSMixup_153,1984-12-31,281.2
TSMixup_153,1985-03-31,283.5
TSMixup_153,1985-06-30,285.8
TSMixup_153,1985-09-30,286.0
TSMixup_153,1985-12-31,287.5
TSMixup_153,1986-03-31,287.4
TSMixup_153,1986-06-30,289.0
TSMixup_153,1986-09-30,291.1
TSMixup_153,1986-12-31,298.5
TSMixup_153,1987-03-31,301.4
TSMixup_153,1987-06-30,306.4
TSMixup_154,1978-06-30,20076.0
TSMixup_154,1978-09-30,21073.0
TSMixup_154,1978-12-31,21822.0
TSMixup_154,1979-03-31,20979.0
TSMixup_154,1979-06-30,21948.0
TSMixup_154,1979-09-30,22755.0
TSMixup_154,1979-12-31,22434.0
TSMixup_154,1980-03-31,20987.0
TSMixup_154,1980-06-30,22298.0
TSMixup_154,1980-09-30,23186.0
TSMixup_154,1980-12-31,23879.0
TSMixup_154,1981-03-31,22701.0
TSMixup_154,1981-06-30,24506.0
TSMixup_154,1981-09-30,25624.0
TSMixup_154,1981-12-31,26115.0
TSMixup_154,1982-03-31,24906.0
TSMixup_155,1975-12-31,71.6
TSMixup_155,1976-03-31,73.6
TSMixup_155,1976-06-30,75.5
TSMixup_155,1976-09-30,76.0
TSMixup_155,1976-12-31,77.6
TSMixup_155,1977-03-31,77.6
TSMixup_155,1977-06-30,80.5
TSMixup_155,1977-09-30,82.7
TSMixup_155,1977-12-31,82.5
TSMixup_155,1978-03-31,82.6
TSMixup_155,1978-06-30,79.6
TSMixup_155,1978-09-30,76.0
TSMixup_155,1978-12-31,75.9
TSMixup_155,1979-03-31,79.5
TSMixup_155,1979-06-30,83.0
TSMixup_155,1979-09-30,87.6
TSMixup_155,1979-12-31,91.6
TSMixup_155,1980-03-31,89.8
TSMixup_155,1980-06-30,90.3
TSMixup_155,1980-09-30,97.9
TSMixup_155,1980-12-31,96.5
TSMixup_155,1981-03-31,95.7
TSMixup_155,1981-06-30,94.5
TSMixup_155,1981-09-30,94.5
TSMixup_155,1981-12-31,96.6
TSMixup_155,1982-03-31,98.9
TSMixup_155,1982-06-30,102.2
TSMixup_155,1982-09-30,103.4
TSMixup_155,1982-12-31,105.1
TSMixup_155,1983-03-31,107.5
TSMixup_155,1983-06-30,108.8
TSMixup_155,1983-09-30,111.6
TSMixup_155,1983-12-31,114.1
TSMixup_155,1984-03-31,115.3
TSMixup_155,1984-06-30,116.6
TSMixup_155,1984-09-30,115.4
TSMixup_155,1984-12-31,112.1
TSMixup_155,1985-03-31,115.3
TSMixup_155,1985-06-30,117.0
TSMixup_155,1985-09-30,122.8
TSMixup_155,1985-12-31,124.4
TSMixup_155,1986-03-31,123.1
TSMixup_156,1978-06-30,402723.0
TSMixup_156,1978-09-30,389922.0
TSMixup_156,1978-12-31,421822.0
TSMixup_156,1979-03-31,388312.0
TSMixup_156,1979-06-30,404495.0
TSMixup_156,1979-09-30,402484.0
TSMixup_156,1979-12-31,523829.0
TSMixup_156,1980-03-31,483804.0
TSMixup_156,1980-06-30,482591.0
TSMixup_156,1980-09-30,451865.0
TSMixup_156,1980-12-31,507971.0
TSMixup_156,1981-03-31,457438.0
TSMixup_156,1981-06-30,445532.0
TSMixup_156,1981-09-30,503110.0
TSMixup_156,1981-12-31,547165.0
TSMixup_156,1982-03-31,556894.0
TSMixup_156,1982-06-30,536821.0
TSMixup_156,1982-09-30,619491.0
TSMixup_156,1982-12-31,623090.0
TSMixup_156,1983-03-31,565099.0
TSMixup_156,1983-06-30,604281.0
TSMixup_156,1983-09-30,746148.0
TSMixup_156,1983-12-31,743764.0
TSMixup_156,1984-03-31,668457.0
TSMixup_156,1984-06-30,489723.0
TSMixup_157,1976-12-31,16.0
TSMixup_157,1977-03-31,15.8
TSMixup_157,1977-06-30,15.8
TSMixup_157,1977-09-30,15.9
TSMixup_157,1977-12-31,15.5
TSMixup_157,1978-03-31,15.6
TSMixup_157,1978-06-30,16.0
TSMixup_157,1978-09-30,15.9
TSMixup_157,1978-12-31,16.5
TSMixup_157,1979-03-31,16.6
TSMixup_157,1979-06-30,16.7
TSMixup_157,1979-09-30,16.6
TSMixup_157,1979-12-31,16.0
TSMixup_157,1980-03-31,16.2
TSMixup_157,1980-06-30,15.9
TSMixup_157,1980-09-30,15.9
TSMixup_157,1980-12-31,16.3
TSMixup_157,1981-03-31,16.8
TSMixup_157,1981-06-30,16.6
TSMixup_157,1981-09-30,17.2
TSMixup_157,1981-12-31,17.0
TSMixup_157,1982-03-31,16.8
TSMixup_157,1982-06-30,17.2
TSMixup_157,1982-09-30,17.3
TSMixup_157,1982-12-31,17.4
TSMixup_157,1983-03-31,17.2
TSMixup_157,1983-06-30,17.4
TSMixup_157,1983-09-30,17.1
TSMixup_157,1983-12-31,17.7
TSMixup_157,1984-03-31,17.7
TSMixup_157,1984-06-30,17.7
TSMixup_157,1984-09-30,17.8
TSMixup_157,1984-12-31,17.5
TSMixup_157,1985-03-31,17.6
TSMixup_157,1985-06-30,17.4
TSMixup_157,1985-09-30,17.4
TSMixup_157,1985-12-31,17.8
TSMixup_157,1986-03-31,17.4
TSMixup_158,1969-12-31,16.0
TSMixup_158,1970-03-31,24.0
TSMixup_158,1970-06-30,27.0
TSMixup_158,1970-09-30,14.0
TSMixup_158,1970-12-31,18.0
TSMixup_158,1971-03-31,27.0
TSMixup_158,1971-06-30,40.0
TSMixup_158,1971-09-30,14.0
TSMixup_158,1971-12-31,16.0
TSMixup_158,1972-03-31,23.0
TSMixup_158,1972-06-30,27.0
TSMixup_158,1972-09-30,13.0
TSMixup_158,1972-12-31,17.0
TSMixup_158,1973-03-31,26.0
TSMixup_158,1973-06-30,34.0
TSMixup_159,1978-06-30,77622.0
TSMixup_159,1978-09-30,78125.0
TSMixup_159,1978-12-31,75453.0
TSMixup_159,1979-03-31,84528.0
TSMixup_159,1979-06-30,88997.0
TSMixup_159,1979-09-30,91926.0
TSMixup_159,1979-12-31,99877.0
TSMixup_159,1980-03-31,106505.0
TSMixup_159,1980-06-30,109341.0
TSMixup_159,1980-09-30,108527.0
TSMixup_159,1980-12-31,100791.0
TSMixup_159,1981-03-31,119445.0
TSMixup_159,1981-06-30,112400.0
TSMixup_159,1981-09-30,126043.0
TSMixup_160,1975-12-31,346.0
TSMixup_160,1976-03-31,546.0
TSMixup_160,1976-06-30,372.0
TSMixup_160,1976-09-30,272.0
TSMixup_160,1976-12-31,305.0
TSMixup_160,1977-03-31,463.0
TSMixup_160,1977-06-30,326.0
TSMixup_160,1977-09-30,243.0
TSMixup_160,1977-12-31,266.0
TSMixup_160,1978-03-31,397.0
TSMixup_160,1978-06-30,298.0
TSMixup_160,1978-09-30,210.0
TSMixup_160,1978-12-31,214.0
TSMixup_160,1979-03-31,352.0
TSMixup_160,1979-06-30,258.0
TSMixup_160,1979-09-30,226.0
TSMixup_160,1979-12-31,233.0
TSMixup_160,1980-03-31,392.0
TSMixup_160,1980-06-30,320.0
TSMixup_160,1980-09-30,250.0
TSMixup_160,1980-12-31,299.0
TSMixup_160,1981-03-31,478.0
TSMixup_160,1981-06-30,399.0
TSMixup_160,1981-09-30,317.0
TSMixup_160,1981-12-31,333.0
TSMixup_160,1982-03-31,463.0
TSMixup_160,1982-06-30,400.0
TSMixup_160,1982-09-30,315.0
TSMixup_160,1982-12-31,350.0
TSMixup_160,1983-03-31,518.0
TSMixup_160,1983-06-30,529.0
TSMixup_160,1983-09-30,455.0
TSMixup_160,1983-12-31,478.0
TSMixup_160,1984-03-31,664.0
TSMixup_160,1984-06-30,584.0
TSMixup_160,1984-09-30,468.0
TSMixup_160,1984-12-31,493.0
TSMixup_160,1985-03-31,645.0
TSMixup_160,1985-06-30,571.0
TSMixup_160,1985-09-30,502.0
TSMixup_160,1985-12-31,530.0
TSMixup_161,1969-12-31,474.0
TSMixup_161,1970-03-31,486.9
TSMixup_161,1970-06-30,484.0
TSMixup_161,1970-09-30,490.5
TSMixup_161,1970-12-31,503.0
TSMixup_161,1971-03-31,504.7
TSMixup_161,1971-06-30,504.2
TSMixup_161,1971-09-30,503.3
TSMixup_161,1971-12-31,503.6
TSMixup_161,1972-03-31,514.9
TSMixup_161,1972-06-30,524.2
TSMixup_161,1972-09-30,537.7
TSMixup_161,1972-12-31,547.8
TSMixup_161,1973-03-31,557.2
TSMixup_161,1973-06-30,564.4
TSMixup_161,1973-09-30,572.0
TSMixup_161,1973-12-31,577.4
TSMixup_161,1974-03-31,584.2
TSMixup_161,1974-06-30,594.7
TSMixup_161,1974-09-30,605.8
TSMixup_161,1974-12-31,617.7
TSMixup_161,1975-03-31,628.0
TSMixup_161,1975-06-30,638.9
TSMixup_161,1975-09-30,645.1
TSMixup_161,1975-12-31,662.8
TSMixup_161,1976-03-31,675.7
TSMixup_161,1976-06-30,691.1
TSMixup_162,1978-06-30,523.83
TSMixup_162,1978-09-30,483.8
TSMixup_162,1978-12-31,482.59
TSMixup_162,1979-03-31,451.86
TSMixup_162,1979-06-30,507.97
TSMixup_162,1979-09-30,457.44
TSMixup_162,1979-12-31,445.53
TSMixup_162,1980-03-31,503.11
TSMixup_162,1980-06-30,547.16
TSMixup_162,1980-09-30,556.89
TSMixup_162,1980-12-31,536.82
TSMixup_162,1981-03-31,619.49
TSMixup_162,1981-06-30,623.09
TSMixup_162,1981-09-30,565.1
TSMixup_162,1981-12-31,604.28
TSMixup_162,1982-03-31,746.15
TSMixup_162,1982-06-30,743.76
TSMixup_162,1982-09-30,668.46
TSMixup_162,1982-12-31,489.72
TSMixup_162,1983-03-31,406.55
TSMixup_163,1975-12-31,41.4
TSMixup_163,1976-03-31,40.9
TSMixup_163,1976-06-30,41.0
TSMixup_163,1976-09-30,41.0
TSMixup_163,1976-12-31,40.9
TSMixup_163,1977-03-31,41.3
TSMixup_163,1977-06-30,41.1
TSMixup_163,1977-09-30,40.7
TSMixup_163,1977-12-31,40.8
TSMixup_163,1978-03-31,40.5
TSMixup_163,1978-06-30,40.2
TSMixup_163,1978-09-30,40.3
TSMixup_163,1978-12-31,40.3
TSMixup_163,1979-03-31,40.4
TSMixup_163,1979-06-30,40.2
TSMixup_163,1979-09-30,40.4
TSMixup_163,1979-12-31,40.3
TSMixup_163,1980-03-31,40.2
TSMixup_163,1980-06-30,40.4
TSMixup_163,1980-09-30,40.1
TSMixup_163,1980-12-31,40.1
TSMixup_163,1981-03-31,39.6
TSMixup_163,1981-06-30,39.8
TSMixup_163,1981-09-30,39.8
TSMixup_163,1981-12-31,39.6
TSMixup_164,1975-12-31,224.2
TSMixup_164,1976-03-31,228.2
TSMixup_164,1976-06-30,232.2
TSMixup_164,1976-09-30,236.1
TSMixup_164,1976-12-31,236.7
TSMixup_164,1977-03-31,239.3
TSMixup_164,1977-06-30,240.9
TSMixup_164,1977-09-30,244.1
TSMixup_164,1977-12-31,251.8
TSMixup_164,1978-03-31,253.5
TSMixup_164,1978-06-30,255.4
TSMixup_164,1978-09-30,257.2
TSMixup_164,1978-12-31,255.9
TSMixup_164,1979-03-31,258.3
TSMixup_164,1979-06-30,259.4
TSMixup_164,1979-09-30,259.5
TSMixup_164,1979-12-31,260.8
TSMixup_164,1980-03-31,266.0
TSMixup_164,1980-06-30,268.4
TSMixup_164,1980-09-30,273.2
TSMixup_164,1980-12-31,273.2
TSMixup_164,1981-03-31,275.1
TSMixup_164,1981-06-30,275.8
TSMixup_164,1981-09-30,276.8
TSMixup_164,1981-12-31,277.9
TSMixup_164,1982-03-31,280.3
TSMixup_164,1982-06-30,281.2
TSMixup_164,1982-09-30,283.5
TSMixup_164,1982-12-31,285.8
TSMixup_164,1983-03-31,286.0
TSMixup_164,1983-06-30,287.5
TSMixup_164,1983-09-30,287.4
TSMixup_164,1983-12-31,289.0
TSMixup_164,1984-03-31,291.1
TSMixup_164,1984-06-30,298.5
TSMixup_164,1984-09-30,301.4
TSMixup_165,1975-12-31,87.5
TSMixup_165,1976-03-31,88.4
TSMixup_165,1976-06-30,88.5
TSMixup_165,1976-09-30,88.2
TSMixup_165,1976-12-31,84.1
TSMixup_165,1977-03-31,84.0
TSMixup_165,1977-06-30,85.8
TSMixup_165,1977-09-30,90.0
TSMixup_165,1977-12-31,86.4
TSMixup_165,1978-03-31,87.8
TSMixup_165,1978-06-30,86.3
TSMixup_165,1978-09-30,87.0
TSMixup_165,1978-12-31,87.6
TSMixup_165,1979-03-31,86.6
TSMixup_165,1979-06-30,83.7
TSMixup_165,1979-09-30,81.7
TSMixup_165,1979-12-31,77.5
TSMixup_165,1980-03-31,76.7
TSMixup_165,1980-06-30,77.6
TSMixup_165,1980-09-30,74.8
TSMixup_165,1980-12-31,80.1
TSMixup_165,1981-03-31,83.6
TSMixup_166,1969-12-31,93.7
TSMixup_166,1970-03-31,93.1
TSMixup_166,1970-06-30,95.6
TSMixup_166,1970-09-30,96.7
TSMixup_166,1970-12-31,98.0
TSMixup_166,1971-03-31,97.7
TSMixup_166,1971-06-30,99.4
TSMixup_166,1971-09-30,100.2
TSMixup_166,1971-12-31,102.7
TSMixup_166,1972-03-31,102.5
TSMixup_166,1972-06-30,105.6
TSMixup_166,1972-09-30,105.7
TSMixup_166,1972-12-31,108.3
TSMixup_166,1973-03-31,111.0
TSMixup_167,1975-12-31,535.7
TSMixup_167,1976-03-31,544.7
TSMixup_167,1976-06-30,555.0
TSMixup_167,1976-09-30,561.4
TSMixup_167,1976-12-31,568.2
TSMixup_167,1977-03-31,574.3
TSMixup_167,1977-06-30,582.7
TSMixup_167,1977-09-30,593.3
TSMixup_167,1977-12-31,604.8
TSMixup_167,1978-03-31,617.8
TSMixup_167,1978-06-30,626.0
TSMixup_167,1978-09-30,636.1
TSMixup_167,1978-12-31,639.9
TSMixup_167,1979-03-31,654.3
TSMixup_167,1979-06-30,669.7
TSMixup_167,1979-09-30,684.7
TSMixup_167,1979-12-31,705.6
TSMixup_167,1980-03-31,722.2
TSMixup_167,1980-06-30,732.2
TSMixup_167,1980-09-30,746.0
TSMixup_167,1980-12-31,754.2
TSMixup_167,1981-03-31,765.2
TSMixup_167,1981-06-30,779.7
TSMixup_167,1981-09-30,792.9
TSMixup_167,1981-12-31,807.0
TSMixup_167,1982-03-31,832.0
TSMixup_167,1982-06-30,851.4
TSMixup_167,1982-09-30,872.1
TSMixup_167,1982-12-31,887.6
TSMixup_167,1983-03-31,904.3
TSMixup_167,1983-06-30,918.3
TSMixup_167,1983-09-30,935.0
TSMixup_167,1983-12-31,947.1
TSMixup_167,1984-03-31,961.7
TSMixup_167,1984-06-30,972.3
TSMixup_167,1984-09-30,986.8
TSMixup_168,1971-12-31,11757.0
TSMixup_168,1972-03-31,12236.0
TSMixup_168,1972-06-30,12325.0
TSMixup_168,1972-09-30,12618.0
TSMixup_168,1972-12-31,12815.0
TSMixup_168,1973-03-31,13149.0
TSMixup_168,1973-06-30,13476.0
TSMixup_168,1973-09-30,13868.0
TSMixup_168,1973-12-31,14027.0
TSMixup_168,1974-03-31,14416.0
TSMixup_168,1974-06-30,14710.0
TSMixup_168,1974-09-30,15058.0
TSMixup_168,1974-12-31,15574.0
TSMixup_168,1975-03-31,15930.0
TSMixup_169,1978-06-30,3071.0
TSMixup_169,1978-09-30,2732.0
TSMixup_169,1978-12-31,3836.0
TSMixup_169,1979-03-31,3695.0
TSMixup_169,1979-06-30,4053.0
TSMixup_169,1979-09-30,4531.0
TSMixup_169,1979-12-31,4203.0
TSMixup_169,1980-03-31,2816.0
TSMixup_169,1980-06-30,5820.0
TSMixup_169,1980-09-30,5963.0
TSMixup_169,1980-12-31,6547.0
TSMixup_169,1981-03-31,5778.0
TSMixup_169,1981-06-30,5102.0
TSMixup_169,1981-09-30,5374.0
TSMixup_169,1981-12-31,6742.0
TSMixup_169,1982-03-31,8400.0
TSMixup_169,1982-06-30,12085.0
TSMixup_169,1982-09-30,10568.0
TSMixup_169,1982-12-31,12203.0
TSMixup_169,1983-03-31,10882.0
TSMixup_169,1983-06-30,11246.0
TSMixup_170,1978-06-30,3573.43
TSMixup_170,1978-09-30,3645.82
TSMixup_170,1978-12-31,3440.91
TSMixup_170,1979-03-31,3719.15
TSMixup_170,1979-06-30,3689.04
TSMixup_170,1979-09-30,3802.45
TSMixup_170,1979-12-31,3933.66
TSMixup_170,1980-03-31,4189.12
TSMixup_170,1980-06-30,3924.17
TSMixup_170,1980-09-30,4300.45
TSMixup_170,1980-12-31,4323.72
TSMixup_170,1981-03-31,4502.72
TSMixup_171,1977-12-31,74.0
TSMixup_171,1978-03-31,84.0
TSMixup_171,1978-06-30,86.0
TSMixup_171,1978-09-30,87.0
TSMixup_171,1978-12-31,80.0
TSMixup_171,1979-03-31,106.0
TSMixup_171,1979-06-30,98.0
TSMixup_171,1979-09-30,93.0
TSMixup_171,1979-12-31,111.0
TSMixup_171,1980-03-31,117.0
TSMixup_171,1980-06-30,137.0
TSMixup_171,1980-09-30,68.0
TSMixup_171,1980-12-31,152.0
TSMixup_171,1981-03-31,133.0
TSMixup_171,1981-06-30,144.0
TSMixup_171,1981-09-30,135.0
TSMixup_171,1981-12-31,157.0
TSMixup_171,1982-03-31,148.0
TSMixup_171,1982-06-30,134.0
TSMixup_171,1982-09-30,173.0
TSMixup_171,1982-12-31,165.0
TSMixup_171,1983-03-31,156.0
TSMixup_171,1983-06-30,85.0
TSMixup_171,1983-09-30,120.0
TSMixup_171,1983-12-31,207.0
TSMixup_171,1984-03-31,188.0
TSMixup_171,1984-06-30,237.0
TSMixup_171,1984-09-30,162.0
TSMixup_171,1984-12-31,224.0
TSMixup_171,1985-03-31,176.0
TSMixup_171,1985-06-30,197.0
TSMixup_171,1985-09-30,180.0
TSMixup_171,1985-12-31,229.0
TSMixup_171,1986-03-31,208.0
TSMixup_171,1986-06-30,99.0
TSMixup_171,1986-09-30,196.0
TSMixup_171,1986-12-31,226.0
TSMixup_171,1987-03-31,155.0
TSMixup_171,1987-06-30,215.0
TSMixup_171,1987-09-30,185.0
TSMixup_171,1987-12-31,266.0
TSMixup_171,1988-03-31,311.0
TSMixup_171,1988-06-30,225.0
TSMixup_171,1988-09-30,278.0
TSMixup_171,1988-12-31,343.0
TSMixup_171,1989-03-31,269.0
TSMixup_171,1989-06-30,276.0
TSMixup_171,1989-09-30,198.0
TSMixup_171,1989-12-31,312.0
TSMixup_171,1990-03-31,278.0
TSMixup_171,1990-06-30,381.0
TSMixup_172,1969-12-31,83.8
TSMixup_172,1970-03-31,90.7
TSMixup_172,1970-06-30,80.6
TSMixup_172,1970-09-30,84.3
TSMixup_172,1970-12-31,92.7
TSMixup_172,1971-03-31,89.1
TSMixup_172,1971-06-30,83.2
TSMixup_172,1971-09-30,83.5
TSMixup_172,1971-12-31,79.8
TSMixup_172,1972-03-31,86.0
TSMixup_172,1972-06-30,85.9
TSMixup_172,1972-09-30,92.1
TSMixup_172,1972-12-31,93.2
TSMixup_172,1973-03-31,95.7
TSMixup_172,1973-06-30,92.8
TSMixup_172,1973-09-30,97.0
TSMixup_172,1973-12-31,97.0
TSMixup_172,1974-03-31,102.0
TSMixup_172,1974-06-30,97.8
TSMixup_172,1974-09-30,103.1
TSMixup_172,1974-12-31,104.0
TSMixup_172,1975-03-31,108.7
TSMixup_172,1975-06-30,106.0
TSMixup_172,1975-09-30,110.4
TSMixup_172,1975-12-31,115.5
TSMixup_172,1976-03-31,120.0
TSMixup_172,1976-06-30,116.9
TSMixup_172,1976-09-30,124.4
TSMixup_172,1976-12-31,128.8
TSMixup_173,1969-12-31,1.5
TSMixup_173,1970-03-31,2.2
TSMixup_173,1970-06-30,1.1
TSMixup_173,1970-09-30,1.0
TSMixup_173,1970-12-31,1.6
TSMixup_173,1971-03-31,2.2
TSMixup_173,1971-06-30,1.3
TSMixup_173,1971-09-30,1.1
TSMixup_173,1971-12-31,1.5
TSMixup_173,1972-03-31,1.8
TSMixup_173,1972-06-30,1.8
TSMixup_173,1972-09-30,1.1
TSMixup_173,1972-12-31,1.5
TSMixup_173,1973-03-31,2.3
TSMixup_173,1973-06-30,1.4
TSMixup_173,1973-09-30,1.0
TSMixup_174,1975-12-31,561.0
TSMixup_174,1976-03-31,373.0
TSMixup_174,1976-06-30,282.0
TSMixup_174,1976-09-30,346.0
TSMixup_174,1976-12-31,546.0
TSMixup_174,1977-03-31,372.0
TSMixup_174,1977-06-30,272.0
TSMixup_174,1977-09-30,305.0
TSMixup_174,1977-12-31,463.0
TSMixup_174,1978-03-31,326.0
TSMixup_174,1978-06-30,243.0
TSMixup_174,1978-09-30,266.0
TSMixup_174,1978-12-31,397.0
TSMixup_174,1979-03-31,298.0
TSMixup_174,1979-06-30,210.0
TSMixup_174,1979-09-30,214.0
TSMixup_174,1979-12-31,352.0
TSMixup_174,1980-03-31,258.0
TSMixup_174,1980-06-30,226.0
TSMixup_174,1980-09-30,233.0
TSMixup_174,1980-12-31,392.0
TSMixup_174,1981-03-31,320.0
TSMixup_174,1981-06-30,250.0
TSMixup_174,1981-09-30,299.0
TSMixup_174,1981-12-31,478.0
TSMixup_174,1982-03-31,399.0
TSMixup_174,1982-06-30,317.0
TSMixup_174,1982-09-30,333.0
TSMixup_174,1982-12-31,463.0
TSMixup_174,1983-03-31,400.0
TSMixup_174,1983-06-30,315.0
TSMixup_174,1983-09-30,350.0
TSMixup_174,1983-12-31,518.0
TSMixup_174,1984-03-31,529.0
TSMixup_174,1984-06-30,455.0
TSMixup_174,1984-09-30,478.0
TSMixup_174,1984-12-31,664.0
TSMixup_174,1985-03-31,584.0
TSMixup_174,1985-06-30,468.0
TSMixup_174,1985-09-30,493.0
TSMixup_174,1985-12-31,645.0
TSMixup_174,1986-03-31,571.0
TSMixup_175,1971-12-31,307.0
TSMixup_175,1972-03-31,326.0
TSMixup_175,1972-06-30,342.0
TSMixup_175,1972-09-30,334.0
TSMixup_175,1972-12-31,344.0
TSMixup_175,1973-03-31,341.0
TSMixup_175,1973-06-30,342.0
TSMixup_175,1973-09-30,350.0
TSMixup_175,1973-12-31,352.0
TSMixup_175,1974-03-31,326.0
TSMixup_175,1974-06-30,330.0
TSMixup_175,1974-09-30,332.0
TSMixup_175,1974-12-31,334.0
TSMixup_175,1975-03-31,340.0
TSMixup_175,1975-06-30,328.0
TSMixup_175,1975-09-30,333.0
TSMixup_175,1975-12-31,344.0
TSMixup_175,1976-03-31,339.0
TSMixup_175,1976-06-30,363.0
TSMixup_175,1976-09-30,386.0
TSMixup_175,1976-12-31,384.0
TSMixup_175,1977-03-31,385.0
TSMixup_175,1977-06-30,383.0
TSMixup_175,1977-09-30,387.0
TSMixup_175,1977-12-31,378.0
TSMixup_175,1978-03-31,380.0
TSMixup_175,1978-06-30,368.0
TSMixup_175,1978-09-30,363.0
TSMixup_175,1978-12-31,364.0
TSMixup_175,1979-03-31,369.0
TSMixup_175,1979-06-30,373.0
TSMixup_175,1979-09-30,376.0
TSMixup_175,1979-12-31,371.0
TSMixup_176,1977-03-31,495.18
TSMixup_176,1977-06-30,616.59
TSMixup_176,1977-09-30,602.31
TSMixup_176,1977-12-31,597.54
TSMixup_176,1978-03-31,497.56
TSMixup_176,1978-06-30,630.87
TSMixup_176,1978-09-30,642.78
TSMixup_176,1978-12-31,538.03
TSMixup_176,1979-03-31,547.55
TSMixup_176,1979-06-30,702.29
TSMixup_176,1979-09-30,683.25
TSMixup_176,1979-12-31,702.29
TSMixup_176,1980-03-31,585.64
TSMixup_177,1969-12-31,9.9
TSMixup_177,1970-03-31,7.72
TSMixup_177,1970-06-30,9.07
TSMixup_177,1970-09-30,8.93
TSMixup_177,1970-12-31,10.18
TSMixup_177,1971-03-31,8.27
TSMixup_177,1971-06-30,9.8
TSMixup_177,1971-09-30,9.71
TSMixup_177,1971-12-31,10.61
TSMixup_177,1972-03-31,8.39
TSMixup_177,1972-06-30,10.14
TSMixup_177,1972-09-30,10.4
TSMixup_177,1972-12-31,11.84
TSMixup_177,1973-03-31,10.0
TSMixup_177,1973-06-30,11.85
TSMixup_177,1973-09-30,11.7
TSMixup_177,1973-12-31,13.42
TSMixup_177,1974-03-31,11.2
TSMixup_177,1974-06-30,13.63
TSMixup_177,1974-09-30,13.65
TSMixup_177,1974-12-31,15.93
TSMixup_177,1975-03-31,13.33
TSMixup_178,1975-12-31,0.54
TSMixup_178,1976-03-31,0.78
TSMixup_178,1976-06-30,0.82
TSMixup_178,1976-09-30,0.46
TSMixup_178,1976-12-31,0.52
TSMixup_178,1977-03-31,0.66
TSMixup_178,1977-06-30,0.53
TSMixup_178,1977-09-30,0.34
TSMixup_178,1977-12-31,0.38
TSMixup_178,1978-03-31,0.46
TSMixup_178,1978-06-30,0.54
TSMixup_178,1978-09-30,0.47
TSMixup_178,1978-12-31,0.6
TSMixup_178,1979-03-31,2.83
TSMixup_178,1979-06-30,6.15
TSMixup_178,1979-09-30,5.83
TSMixup_178,1979-12-31,6.92
TSMixup_178,1980-03-31,8.31
TSMixup_178,1980-06-30,7.56
TSMixup_178,1980-09-30,4.74
TSMixup_178,1980-12-31,3.67
TSMixup_178,1981-03-31,3.35
TSMixup_178,1981-06-30,2.94
TSMixup_178,1981-09-30,1.75
TSMixup_178,1981-12-31,1.53
TSMixup_178,1982-03-31,1.61
TSMixup_178,1982-06-30,1.78
TSMixup_178,1982-09-30,1.48
TSMixup_179,1969-12-31,11.62
TSMixup_179,1970-03-31,11.82
TSMixup_179,1970-06-30,11.71
TSMixup_179,1970-09-30,11.48
TSMixup_179,1970-12-31,11.55
TSMixup_179,1971-03-31,11.65
TSMixup_179,1971-06-30,11.85
TSMixup_179,1971-09-30,12.07
TSMixup_179,1971-12-31,12.43
TSMixup_179,1972-03-31,12.53
TSMixup_179,1972-06-30,12.66
TSMixup_179,1972-09-30,12.69
TSMixup_179,1972-12-31,12.86
TSMixup_179,1973-03-31,13.0
TSMixup_179,1973-06-30,13.22
TSMixup_179,1973-09-30,13.6
TSMixup_179,1973-12-31,13.67
TSMixup_179,1974-03-31,14.08
TSMixup_179,1974-06-30,14.31
TSMixup_179,1974-09-30,14.58
TSMixup_179,1974-12-31,14.92
TSMixup_179,1975-03-31,15.14
TSMixup_179,1975-06-30,15.5
TSMixup_179,1975-09-30,15.64
TSMixup_180,1975-12-31,2924.0
TSMixup_180,1976-03-31,2980.0
TSMixup_180,1976-06-30,3019.0
TSMixup_180,1976-09-30,3038.0
TSMixup_180,1976-12-31,3049.0
TSMixup_180,1977-03-31,3081.0
TSMixup_180,1977-06-30,3112.0
TSMixup_180,1977-09-30,3167.0
TSMixup_180,1977-12-31,3206.0
TSMixup_180,1978-03-31,3259.0
TSMixup_180,1978-06-30,3301.0
TSMixup_180,1978-09-30,3340.0
TSMixup_180,1978-12-31,3348.0
TSMixup_180,1979-03-31,3439.0
TSMixup_180,1979-06-30,3499.0
TSMixup_180,1979-09-30,3571.0
TSMixup_180,1979-12-31,3653.0
TSMixup_180,1980-03-31,3748.0
TSMixup_180,1980-06-30,3809.0
TSMixup_180,1980-09-30,3855.0
TSMixup_180,1980-12-31,3908.0
TSMixup_180,1981-03-31,3927.0
TSMixup_180,1981-06-30,3960.0
TSMixup_180,1981-09-30,4035.0
TSMixup_180,1981-12-31,4102.0
TSMixup_180,1982-03-31,4187.0
TSMixup_180,1982-06-30,4299.0
TSMixup_180,1982-09-30,4378.0
TSMixup_180,1982-12-31,4439.0
TSMixup_180,1983-03-31,4521.0
TSMixup_180,1983-06-30,4589.0
TSMixup_180,1983-09-30,4665.0
TSMixup_180,1983-12-31,4682.0
TSMixup_180,1984-03-31,4725.0
TSMixup_180,1984-06-30,4773.0
TSMixup_180,1984-09-30,4837.0
TSMixup_180,1984-12-31,4841.0
TSMixup_180,1985-03-31,5012.0
TSMixup_180,1985-06-30,5107.0
TSMixup_180,1985-09-30,5172.0
TSMixup_180,1985-12-31,5249.0
TSMixup_181,1977-12-31,1938.0
TSMixup_181,1978-03-31,2348.0
TSMixup_181,1978-06-30,2605.0
TSMixup_181,1978-09-30,2540.0
TSMixup_181,1978-12-31,2419.0
TSMixup_181,1979-03-31,3225.0
TSMixup_181,1979-06-30,3228.0
TSMixup_181,1979-09-30,2673.0
TSMixup_181,1979-12-31,3405.0
TSMixup_181,1980-03-31,4412.0
TSMixup_181,1980-06-30,4047.0
TSMixup_181,1980-09-30,4254.0
TSMixup_181,1980-12-31,4587.0
TSMixup_182,1975-12-31,700.0
TSMixup_182,1976-03-31,711.0
TSMixup_182,1976-06-30,713.0
TSMixup_182,1976-09-30,712.0
TSMixup_182,1976-12-31,722.0
TSMixup_182,1977-03-31,733.0
TSMixup_182,1977-06-30,728.0
TSMixup_182,1977-09-30,714.0
TSMixup_182,1977-12-31,717.0
TSMixup_182,1978-03-31,721.0
TSMixup_182,1978-06-30,716.0
TSMixup_182,1978-09-30,712.0
TSMixup_182,1978-12-31,723.0
TSMixup_182,1979-03-31,737.0
TSMixup_182,1979-06-30,736.0
TSMixup_182,1979-09-30,734.0
TSMixup_182,1979-12-31,747.0
TSMixup_182,1980-03-31,761.0
TSMixup_182,1980-06-30,764.0
TSMixup_182,1980-09-30,759.0
TSMixup_182,1980-12-31,773.0
TSMixup_182,1981-03-31,785.0
TSMixup_182,1981-06-30,780.0
TSMixup_182,1981-09-30,771.0
TSMixup_182,1981-12-31,780.0
TSMixup_182,1982-03-31,790.0
TSMixup_183,1976-03-31,87.0
TSMixup_183,1976-06-30,91.0
TSMixup_183,1976-09-30,93.0
TSMixup_183,1976-12-31,95.0
TSMixup_183,1977-03-31,97.0
TSMixup_183,1977-06-30,99.0
TSMixup_183,1977-09-30,99.0
TSMixup_183,1977-12-31,100.0
TSMixup_183,1978-03-31,101.0
TSMixup_183,1978-06-30,102.0
TSMixup_183,1978-09-30,104.0
TSMixup_183,1978-12-31,106.0
TSMixup_183,1979-03-31,107.0
TSMixup_183,1979-06-30,109.0
TSMixup_183,1979-09-30,110.0
TSMixup_183,1979-12-31,111.0
TSMixup_183,1980-03-31,111.0
TSMixup_183,1980-06-30,114.0
TSMixup_183,1980-09-30,116.0
TSMixup_183,1980-12-31,117.0
TSMixup_183,1981-03-31,120.0
TSMixup_183,1981-06-30,112.0
TSMixup_183,1981-09-30,124.0
TSMixup_183,1981-12-31,127.0
TSMixup_183,1982-03-31,127.0
TSMixup_183,1982-06-30,131.0
TSMixup_184,1975-12-31,127.0
TSMixup_184,1976-03-31,77.0
TSMixup_184,1976-06-30,103.0
TSMixup_184,1976-09-30,103.0
TSMixup_184,1976-12-31,113.0
TSMixup_184,1977-03-31,86.0
TSMixup_184,1977-06-30,133.0
TSMixup_184,1977-09-30,146.0
TSMixup_184,1977-12-31,156.0
TSMixup_184,1978-03-31,104.0
TSMixup_184,1978-06-30,146.0
TSMixup_184,1978-09-30,150.0
TSMixup_184,1978-12-31,148.0
TSMixup_184,1979-03-31,92.0
TSMixup_184,1979-06-30,150.0
TSMixup_185,1978-06-30,579932.0
TSMixup_185,1978-09-30,556567.0
TSMixup_185,1978-12-31,588166.0
TSMixup_185,1979-03-31,594508.0
TSMixup_185,1979-06-30,610333.0
TSMixup_185,1979-09-30,613351.0
TSMixup_185,1979-12-31,599693.0
TSMixup_185,1980-03-31,575521.0
TSMixup_185,1980-06-30,590463.0
TSMixup_185,1980-09-30,609949.0
TSMixup_185,1980-12-31,644709.0
TSMixup_185,1981-03-31,629433.0
TSMixup_185,1981-06-30,638831.0
TSMixup_185,1981-09-30,677068.0
TSMixup_185,1981-12-31,676087.0
TSMixup_185,1982-03-31,652228.0
TSMixup_185,1982-06-30,664460.0
TSMixup_185,1982-09-30,716446.0
TSMixup_185,1982-12-31,692346.0
TSMixup_185,1983-03-31,690205.0
TSMixup_186,1977-03-31,616.59
TSMixup_186,1977-06-30,602.31
TSMixup_186,1977-09-30,597.54
TSMixup_186,1977-12-31,497.56
TSMixup_186,1978-03-31,630.87
TSMixup_186,1978-06-30,642.78
TSMixup_186,1978-09-30,538.03
TSMixup_186,1978-12-31,547.55
TSMixup_186,1979-03-31,702.29
TSMixup_186,1979-06-30,683.25
TSMixup_186,1979-09-30,702.29
TSMixup_186,1979-12-31,585.64
TSMixup_186,1980-03-31,735.62
TSMixup_186,1980-06-30,733.24
TSMixup_186,1980-09-30,738.0
TSMixup_186,1980-12-31,609.45
TSMixup_186,1981-03-31,773.71
TSMixup_186,1981-06-30,766.57
TSMixup_186,1981-09-30,757.05
TSMixup_186,1981-12-31,640.4
TSMixup_186,1982-03-31,818.95
TSMixup_186,1982-06-30,826.09
TSMixup_186,1982-09-30,809.42
TSMixup_186,1982-12-31,678.49
TSMixup_186,1983-03-31,876.08
TSMixup_186,1983-06-30,909.41
TSMixup_186,1983-09-30,876.08
TSMixup_187,1978-06-30,13377.0
TSMixup_187,1978-09-30,11982.0
TSMixup_187,1978-12-31,12072.0
TSMixup_187,1979-03-31,11927.0
TSMixup_187,1979-06-30,13912.0
TSMixup_187,1979-09-30,12920.0
TSMixup_187,1979-12-31,18532.0
TSMixup_187,1980-03-31,20231.0
TSMixup_187,1980-06-30,20415.0
TSMixup_187,1980-09-30,15203.0
TSMixup_187,1980-12-31,14171.0
TSMixup_187,1981-03-31,15583.0
TSMixup_187,1981-06-30,19140.0
TSMixup_187,1981-09-30,18512.0
TSMixup_187,1981-12-31,23801.0
TSMixup_187,1982-03-31,32083.0
TSMixup_187,1982-06-30,27454.0
TSMixup_187,1982-09-30,18471.0
TSMixup_187,1982-12-31,25898.0
TSMixup_187,1983-03-31,29855.0
TSMixup_187,1983-06-30,31806.0
TSMixup_187,1983-09-30,32348.0
TSMixup_187,1983-12-31,36848.0
TSMixup_187,1984-03-31,38480.0
TSMixup_187,1984-06-30,36019.0
TSMixup_187,1984-09-30,19567.0
TSMixup_187,1984-12-31,16091.0
TSMixup_188,1977-12-31,92.0
TSMixup_188,1978-03-31,76.0
TSMixup_188,1978-06-30,85.0
TSMixup_188,1978-09-30,77.0
TSMixup_188,1978-12-31,104.0
TSMixup_188,1979-03-31,83.0
TSMixup_188,1979-06-30,79.0
TSMixup_188,1979-09-30,60.0
TSMixup_188,1979-12-31,74.0
TSMixup_188,1980-03-31,84.0
TSMixup_188,1980-06-30,86.0
TSMixup_188,1980-09-30,87.0
TSMixup_188,1980-12-31,80.0
TSMixup_188,1981-03-31,106.0
TSMixup_188,1981-06-30,98.0
TSMixup_188,1981-09-30,93.0
TSMixup_188,1981-12-31,111.0
TSMixup_188,1982-03-31,117.0
TSMixup_188,1982-06-30,137.0
TSMixup_188,1982-09-30,68.0
TSMixup_188,1982-12-31,152.0
TSMixup_188,1983-03-31,133.0
TSMixup_188,1983-06-30,144.0
TSMixup_188,1983-09-30,135.0
TSMixup_188,1983-12-31,157.0
TSMixup_188,1984-03-31,148.0
TSMixup_188,1984-06-30,134.0
TSMixup_188,1984-09-30,173.0
TSMixup_188,1984-12-31,165.0
TSMixup_188,1985-03-31,156.0
TSMixup_188,1985-06-30,85.0
TSMixup_188,1985-09-30,120.0
TSMixup_188,1985-12-31,207.0
TSMixup_188,1986-03-31,188.0
TSMixup_188,1986-06-30,237.0
TSMixup_188,1986-09-30,162.0
TSMixup_188,1986-12-31,224.0
TSMixup_188,1987-03-31,176.0
TSMixup_188,1987-06-30,197.0
TSMixup_188,1987-09-30,180.0
TSMixup_188,1987-12-31,229.0
TSMixup_188,1988-03-31,208.0
TSMixup_188,1988-06-30,99.0
TSMixup_188,1988-09-30,196.0
TSMixup_188,1988-12-31,226.0
TSMixup_188,1989-03-31,155.0
TSMixup_188,1989-06-30,215.0
TSMixup_188,1989-09-30,185.0
TSMixup_188,1989-12-31,266.0
TSMixup_188,1990-03-31,311.0
TSMixup_188,1990-06-30,225.0
TSMixup_188,1990-09-30,278.0
TSMixup_188,1990-12-31,343.0
TSMixup_188,1991-03-31,269.0
TSMixup_188,1991-06-30,276.0
TSMixup_188,1991-09-30,198.0
TSMixup_188,1991-12-31,312.0
TSMixup_188,1992-03-31,278.0
TSMixup_188,1992-06-30,381.0
TSMixup_188,1992-09-30,367.0
TSMixup_188,1992-12-31,359.0
TSMixup_189,1975-12-31,45.0
TSMixup_189,1976-03-31,45.0
TSMixup_189,1976-06-30,41.0
TSMixup_189,1976-09-30,47.0
TSMixup_189,1976-12-31,49.0
TSMixup_189,1977-03-31,48.0
TSMixup_189,1977-06-30,44.0
TSMixup_189,1977-09-30,51.0
TSMixup_189,1977-12-31,56.0
TSMixup_189,1978-03-31,61.0
TSMixup_189,1978-06-30,53.0
TSMixup_189,1978-09-30,64.0
TSMixup_189,1978-12-31,66.0
TSMixup_189,1979-03-31,67.0
TSMixup_189,1979-06-30,56.0
TSMixup_189,1979-09-30,67.0
TSMixup_189,1979-12-31,68.0
TSMixup_189,1980-03-31,69.0
TSMixup_189,1980-06-30,60.0
TSMixup_189,1980-09-30,73.0
TSMixup_189,1980-12-31,72.0
TSMixup_189,1981-03-31,74.0
TSMixup_189,1981-06-30,64.0
TSMixup_189,1981-09-30,76.0
TSMixup_189,1981-12-31,77.0
TSMixup_189,1982-03-31,78.0
TSMixup_189,1982-06-30,69.0
TSMixup_189,1982-09-30,81.0
TSMixup_189,1982-12-31,86.0
TSMixup_189,1983-03-31,73.0
TSMixup_189,1983-06-30,76.0
TSMixup_189,1983-09-30,92.0
TSMixup_189,1983-12-31,94.0
TSMixup_189,1984-03-31,95.0
TSMixup_189,1984-06-30,83.0
TSMixup_189,1984-09-30,98.0
TSMixup_189,1984-12-31,103.0
TSMixup_189,1985-03-31,98.0
TSMixup_189,1985-06-30,90.0
TSMixup_189,1985-09-30,109.0
TSMixup_189,1985-12-31,110.0
TSMixup_189,1986-03-31,107.0
TSMixup_189,1986-06-30,96.0
TSMixup_189,1986-09-30,116.0
TSMixup_189,1986-12-31,119.0
TSMixup_189,1987-03-31,114.0
TSMixup_190,1971-12-31,91.0
TSMixup_190,1972-03-31,87.0
TSMixup_190,1972-06-30,82.0
TSMixup_190,1972-09-30,96.0
TSMixup_190,1972-12-31,101.0
TSMixup_190,1973-03-31,99.0
TSMixup_190,1973-06-30,93.0
TSMixup_190,1973-09-30,107.0
TSMixup_190,1973-12-31,111.0
TSMixup_190,1974-03-31,110.0
TSMixup_190,1974-06-30,104.0
TSMixup_190,1974-09-30,119.0
TSMixup_190,1974-12-31,121.0
TSMixup_190,1975-03-31,127.0
TSMixup_190,1975-06-30,123.0
TSMixup_191,1975-12-31,63.0
TSMixup_191,1976-03-31,64.0
TSMixup_191,1976-06-30,65.0
TSMixup_191,1976-09-30,65.0
TSMixup_191,1976-12-31,66.0
TSMixup_191,1977-03-31,66.0
TSMixup_191,1977-06-30,67.0
TSMixup_191,1977-09-30,68.0
TSMixup_191,1977-12-31,68.0
TSMixup_191,1978-03-31,69.0
TSMixup_191,1978-06-30,70.0
TSMixup_191,1978-09-30,70.0
TSMixup_191,1978-12-31,72.0
TSMixup_191,1979-03-31,73.0
TSMixup_191,1979-06-30,74.0
TSMixup_191,1979-09-30,75.0
TSMixup_191,1979-12-31,76.0
TSMixup_191,1980-03-31,78.0
TSMixup_191,1980-06-30,79.0
TSMixup_191,1980-09-30,81.0
TSMixup_191,1980-12-31,82.0
TSMixup_191,1981-03-31,83.0
TSMixup_191,1981-06-30,85.0
TSMixup_191,1981-09-30,87.0
TSMixup_191,1981-12-31,88.0
TSMixup_191,1982-03-31,90.0
TSMixup_191,1982-06-30,92.0
TSMixup_191,1982-09-30,93.0
TSMixup_191,1982-12-31,95.0
TSMixup_191,1983-03-31,97.0
TSMixup_191,1983-06-30,99.0
TSMixup_191,1983-09-30,101.0
TSMixup_191,1983-12-31,103.0
TSMixup_192,1969-12-31,36.1
TSMixup_192,1970-03-31,37.1
TSMixup_192,1970-06-30,37.0
TSMixup_192,1970-09-30,39.0
TSMixup_192,1970-12-31,39.8
TSMixup_192,1971-03-31,41.6
TSMixup_192,1971-06-30,40.8
TSMixup_192,1971-09-30,43.3
TSMixup_192,1971-12-31,43.7
TSMixup_192,1972-03-31,45.1
TSMixup_192,1972-06-30,43.8
TSMixup_192,1972-09-30,46.4
TSMixup_192,1972-12-31,46.7
TSMixup_192,1973-03-31,47.7
TSMixup_192,1973-06-30,48.0
TSMixup_192,1973-09-30,50.3
TSMixup_192,1973-12-31,50.6
TSMixup_192,1974-03-31,53.6
TSMixup_193,1971-12-31,2847.0
TSMixup_193,1972-03-31,3145.0
TSMixup_193,1972-06-30,3606.0
TSMixup_193,1972-09-30,3598.0
TSMixup_193,1972-12-31,3948.0
TSMixup_193,1973-03-31,4238.0
TSMixup_193,1973-06-30,4739.0
TSMixup_193,1973-09-30,4939.0
TSMixup_193,1973-12-31,5180.0
TSMixup_193,1974-03-31,5343.0
TSMixup_193,1974-06-30,5222.0
TSMixup_193,1974-09-30,5357.0
TSMixup_193,1974-12-31,5338.0
TSMixup_193,1975-03-31,5354.0
TSMixup_193,1975-06-30,5305.0
TSMixup_193,1975-09-30,5580.0
TSMixup_193,1975-12-31,5756.0
TSMixup_193,1976-03-31,6272.0
TSMixup_193,1976-06-30,6622.0
TSMixup_193,1976-09-30,6847.0
TSMixup_193,1976-12-31,7162.0
TSMixup_193,1977-03-31,7237.0
TSMixup_193,1977-06-30,7109.0
TSMixup_193,1977-09-30,6872.0
TSMixup_193,1977-12-31,6875.0
TSMixup_193,1978-03-31,6761.0
TSMixup_193,1978-06-30,6954.0
TSMixup_193,1978-09-30,7515.0
TSMixup_193,1978-12-31,7901.0
TSMixup_193,1979-03-31,8093.0
TSMixup_193,1979-06-30,8733.0
TSMixup_193,1979-09-30,9119.0
TSMixup_193,1979-12-31,9589.0
TSMixup_194,1968-12-31,14.0
TSMixup_194,1969-03-31,15.0
TSMixup_194,1969-06-30,15.0
TSMixup_194,1969-09-30,14.0
TSMixup_194,1969-12-31,12.0
TSMixup_194,1970-03-31,15.0
TSMixup_194,1970-06-30,17.0
TSMixup_194,1970-09-30,19.0
TSMixup_194,1970-12-31,16.0
TSMixup_194,1971-03-31,18.0
TSMixup_194,1971-06-30,20.0
TSMixup_194,1971-09-30,21.0
TSMixup_194,1971-12-31,16.0
TSMixup_194,1972-03-31,17.0
TSMixup_194,1972-06-30,16.0
TSMixup_194,1972-09-30,18.0
TSMixup_194,1972-12-31,15.0
TSMixup_194,1973-03-31,18.0
TSMixup_194,1973-06-30,18.0
TSMixup_194,1973-09-30,20.0
TSMixup_194,1973-12-31,14.0
TSMixup_194,1974-03-31,18.0
TSMixup_194,1974-06-30,19.0
TSMixup_194,1974-09-30,21.0
TSMixup_194,1974-12-31,18.0
TSMixup_194,1975-03-31,22.0
TSMixup_194,1975-06-30,24.0
TSMixup_194,1975-09-30,30.0
TSMixup_194,1975-12-31,22.0
TSMixup_194,1976-03-31,26.0
TSMixup_195,1969-12-31,90.7
TSMixup_195,1970-03-31,80.6
TSMixup_195,1970-06-30,84.3
TSMixup_195,1970-09-30,92.7
TSMixup_195,1970-12-31,89.1
TSMixup_195,1971-03-31,83.2
TSMixup_195,1971-06-30,83.5
TSMixup_195,1971-09-30,79.8
TSMixup_195,1971-12-31,86.0
TSMixup_195,1972-03-31,85.9
TSMixup_195,1972-06-30,92.1
TSMixup_195,1972-09-30,93.2
TSMixup_195,1972-12-31,95.7
TSMixup_195,1973-03-31,92.8
TSMixup_195,1973-06-30,97.0
TSMixup_195,1973-09-30,97.0
TSMixup_195,1973-12-31,102.0
TSMixup_195,1974-03-31,97.8
TSMixup_195,1974-06-30,103.1
TSMixup_195,1974-09-30,104.0
TSMixup_195,1974-12-31,108.7
TSMixup_195,1975-03-31,106.0
TSMixup_195,1975-06-30,110.4
TSMixup_195,1975-09-30,115.5
TSMixup_195,1975-12-31,120.0
TSMixup_195,1976-03-31,116.9
TSMixup_195,1976-06-30,124.4
TSMixup_196,1969-12-31,20.4
TSMixup_196,1970-03-31,32.0
TSMixup_196,1970-06-30,11.3
TSMixup_196,1970-09-30,7.1
TSMixup_196,1970-12-31,20.5
TSMixup_196,1971-03-31,26.6
TSMixup_196,1971-06-30,10.1
TSMixup_196,1971-09-30,7.2
TSMixup_196,1971-12-31,18.2
TSMixup_196,1972-03-31,23.1
TSMixup_196,1972-06-30,8.7
TSMixup_196,1972-09-30,5.3
TSMixup_196,1972-12-31,16.3
TSMixup_196,1973-03-31,24.3
TSMixup_196,1973-06-30,7.9
TSMixup_197,1975-12-31,150.0
TSMixup_197,1976-03-31,148.0
TSMixup_197,1976-06-30,92.0
TSMixup_197,1976-09-30,150.0
TSMixup_197,1976-12-31,165.0
TSMixup_197,1977-03-31,104.0
TSMixup_197,1977-06-30,113.0
TSMixup_197,1977-09-30,173.0
TSMixup_197,1977-12-31,173.0
TSMixup_197,1978-03-31,199.0
TSMixup_197,1978-06-30,136.0
TSMixup_197,1978-09-30,201.0
TSMixup_197,1978-12-31,214.0
TSMixup_198,1969-12-31,85.1
TSMixup_198,1970-03-31,85.3
TSMixup_198,1970-06-30,88.2
TSMixup_198,1970-09-30,87.8
TSMixup_198,1970-12-31,85.6
TSMixup_198,1971-03-31,84.9
TSMixup_198,1971-06-30,84.8
TSMixup_198,1971-09-30,86.2
TSMixup_198,1971-12-31,86.8
TSMixup_198,1972-03-31,91.1
TSMixup_198,1972-06-30,93.4
TSMixup_198,1972-09-30,96.1
TSMixup_198,1972-12-31,97.0
TSMixup_198,1973-03-31,98.7
TSMixup_198,1973-06-30,98.7
TSMixup_198,1973-09-30,99.3
TSMixup_198,1973-12-31,99.6
TSMixup_198,1974-03-31,102.4
TSMixup_198,1974-06-30,103.5
TSMixup_198,1974-09-30,106.4
TSMixup_198,1974-12-31,106.1
TSMixup_198,1975-03-31,109.3
TSMixup_198,1975-06-30,112.7
TSMixup_198,1975-09-30,116.2
TSMixup_198,1975-12-31,118.2
TSMixup_199,1975-09-30,133.0
TSMixup_199,1975-12-31,168.0
TSMixup_199,1976-03-31,158.0
TSMixup_199,1976-06-30,152.0
TSMixup_199,1976-09-30,137.0
TSMixup_199,1976-12-31,120.0
TSMixup_199,1977-03-31,106.0
TSMixup_199,1977-06-30,110.0
TSMixup_199,1977-09-30,116.0
TSMixup_199,1977-12-31,121.0
TSMixup_199,1978-03-31,131.0
TSMixup_199,1978-06-30,141.0
TSMixup_199,1978-09-30,147.0
TSMixup_199,1978-12-31,148.0
TSMixup_199,1979-03-31,143.0
TSMixup_199,1979-06-30,143.0
TSMixup_199,1979-09-30,148.0
TSMixup_199,1979-12-31,155.0
TSMixup_199,1980-03-31,167.0
TSMixup_199,1980-06-30,185.0
TSMixup_199,1980-09-30,197.0
TSMixup_199,1980-12-31,223.0
TSMixup_199,1981-03-31,245.0
TSMixup_199,1981-06-30,256.0
TSMixup_199,1981-09-30,268.0
TSMixup_199,1981-12-31,249.0
TSMixup_199,1982-03-31,238.0
TSMixup_199,1982-06-30,227.0
TSMixup_199,1982-09-30,218.0
TSMixup_199,1982-12-31,211.0
TSMixup_199,1983-03-31,226.0
TSMixup_199,1983-06-30,250.0
TSMixup_199,1983-09-30,271.0
TSMixup_199,1983-12-31,289.0
TSMixup_199,1984-03-31,309.0
TSMixup_199,1984-06-30,324.0
TSMixup_199,1984-09-30,342.0
TSMixup_199,1984-12-31,358.0
TSMixup_199,1985-03-31,369.0
TSMixup_199,1985-06-30,383.0
TSMixup_200,1978-06-30,12920.0
TSMixup_200,1978-09-30,18532.0
TSMixup_200,1978-12-31,20231.0
TSMixup_200,1979-03-31,20415.0
TSMixup_200,1979-06-30,15203.0
TSMixup_200,1979-09-30,14171.0
TSMixup_200,1979-12-31,15583.0
TSMixup_200,1980-03-31,19140.0
TSMixup_200,1980-06-30,18512.0
TSMixup_200,1980-09-30,23801.0
TSMixup_200,1980-12-31,32083.0
TSMixup_200,1981-03-31,27454.0
TSMixup_200,1981-06-30,18471.0
TSMixup_200,1981-09-30,25898.0
TSMixup_200,1981-12-31,29855.0
TSMixup_200,1982-03-31,31806.0
TSMixup_201,1971-12-31,262.0
TSMixup_201,1972-03-31,258.0
TSMixup_201,1972-06-30,270.0
TSMixup_201,1972-09-30,286.0
TSMixup_201,1972-12-31,279.0
TSMixup_201,1973-03-31,291.0
TSMixup_201,1973-06-30,285.0
TSMixup_201,1973-09-30,297.0
TSMixup_201,1973-12-31,292.0
TSMixup_201,1974-03-31,294.0
TSMixup_201,1974-06-30,288.0
TSMixup_201,1974-09-30,290.0
TSMixup_201,1974-12-31,285.0
TSMixup_201,1975-03-31,279.0
TSMixup_201,1975-06-30,276.0
TSMixup_201,1975-09-30,287.0
TSMixup_201,1975-12-31,285.0
TSMixup_201,1976-03-31,305.0
TSMixup_201,1976-06-30,307.0
TSMixup_201,1976-09-30,326.0
TSMixup_201,1976-12-31,342.0
TSMixup_201,1977-03-31,334.0
TSMixup_201,1977-06-30,344.0
TSMixup_201,1977-09-30,341.0
TSMixup_201,1977-12-31,342.0
TSMixup_201,1978-03-31,350.0
TSMixup_201,1978-06-30,352.0
TSMixup_201,1978-09-30,326.0
TSMixup_201,1978-12-31,330.0
TSMixup_201,1979-03-31,332.0
TSMixup_201,1979-06-30,334.0
TSMixup_201,1979-09-30,340.0
TSMixup_201,1979-12-31,328.0
TSMixup_201,1980-03-31,333.0
TSMixup_201,1980-06-30,344.0
TSMixup_201,1980-09-30,339.0
TSMixup_201,1980-12-31,363.0
TSMixup_201,1981-03-31,386.0
TSMixup_201,1981-06-30,384.0
TSMixup_201,1981-09-30,385.0
TSMixup_201,1981-12-31,383.0
TSMixup_201,1982-03-31,387.0
TSMixup_201,1982-06-30,378.0
TSMixup_201,1982-09-30,380.0
TSMixup_201,1982-12-31,368.0
TSMixup_201,1983-03-31,363.0
TSMixup_201,1983-06-30,364.0
TSMixup_201,1983-09-30,369.0
TSMixup_201,1983-12-31,373.0
TSMixup_201,1984-03-31,376.0
TSMixup_201,1984-06-30,371.0
TSMixup_201,1984-09-30,373.0
TSMixup_201,1984-12-31,383.0
TSMixup_201,1985-03-31,394.0
TSMixup_201,1985-06-30,410.0
TSMixup_201,1985-09-30,424.0
TSMixup_202,1962-12-31,164.0
TSMixup_202,1963-03-31,154.0
TSMixup_202,1963-06-30,155.0
TSMixup_202,1963-09-30,155.0
TSMixup_202,1963-12-31,164.0
TSMixup_202,1964-03-31,160.0
TSMixup_202,1964-06-30,164.0
TSMixup_202,1964-09-30,167.0
TSMixup_202,1964-12-31,156.0
TSMixup_202,1965-03-31,129.0
TSMixup_202,1965-06-30,159.0
TSMixup_202,1965-09-30,172.0
TSMixup_202,1965-12-31,180.0
TSMixup_202,1966-03-31,180.0
TSMixup_203,1968-12-31,8.0
TSMixup_203,1969-03-31,10.0
TSMixup_203,1969-06-30,10.0
TSMixup_203,1969-09-30,13.0
TSMixup_203,1969-12-31,12.0
TSMixup_203,1970-03-31,13.0
TSMixup_203,1970-06-30,14.0
TSMixup_203,1970-09-30,14.0
TSMixup_203,1970-12-31,12.0
TSMixup_203,1971-03-31,12.0
TSMixup_203,1971-06-30,12.0
TSMixup_203,1971-09-30,14.0
TSMixup_203,1971-12-31,13.0
TSMixup_203,1972-03-31,16.0
TSMixup_204,1976-12-31,49.0
TSMixup_204,1977-03-31,51.0
TSMixup_204,1977-06-30,54.0
TSMixup_204,1977-09-30,56.0
TSMixup_204,1977-12-31,58.0
TSMixup_204,1978-03-31,59.0
TSMixup_204,1978-06-30,59.0
TSMixup_204,1978-09-30,59.0
TSMixup_204,1978-12-31,60.0
TSMixup_204,1979-03-31,63.0
TSMixup_204,1979-06-30,67.0
TSMixup_204,1979-09-30,74.0
TSMixup_204,1979-12-31,79.0
TSMixup_204,1980-03-31,87.0
TSMixup_204,1980-06-30,93.0
TSMixup_204,1980-09-30,100.0
TSMixup_204,1980-12-31,104.0
TSMixup_204,1981-03-31,103.0
TSMixup_204,1981-06-30,100.0
TSMixup_204,1981-09-30,99.0
TSMixup_204,1981-12-31,100.0
TSMixup_204,1982-03-31,97.0
TSMixup_204,1982-06-30,104.0
TSMixup_204,1982-09-30,115.0
TSMixup_204,1982-12-31,122.0
TSMixup_204,1983-03-31,133.0
TSMixup_204,1983-06-30,145.0
TSMixup_204,1983-09-30,152.0
TSMixup_205,1900-03-31,49954.0
TSMixup_205,1900-06-30,16602.0
TSMixup_205,1900-09-30,23786.0
TSMixup_205,1900-12-31,13457.0
TSMixup_205,1901-03-31,10060.0
TSMixup_205,1901-06-30,9205.0
TSMixup_205,1901-09-30,7748.0
TSMixup_205,1901-12-31,15326.0
TSMixup_205,1902-03-31,8336.0
TSMixup_205,1902-06-30,12782.0
TSMixup_205,1902-09-30,13336.0
TSMixup_205,1902-12-31,8841.0
TSMixup_205,1903-03-31,54892.0
TSMixup_205,1903-06-30,14137.0
TSMixup_205,1903-09-30,19871.0
TSMixup_205,1903-12-31,17102.0
TSMixup_205,1904-03-31,10254.0
TSMixup_205,1904-06-30,17377.0
TSMixup_205,1904-09-30,10053.0
TSMixup_205,1904-12-31,16140.0
TSMixup_205,1905-03-31,6732.0
TSMixup_205,1905-06-30,10103.0
TSMixup_205,1905-09-30,13419.0
TSMixup_205,1905-12-31,20000.0
TSMixup_205,1906-03-31,27525.0
TSMixup_205,1906-06-30,16173.0
TSMixup_205,1906-09-30,22354.0
TSMixup_205,1906-12-31,17790.0
TSMixup_205,1907-03-31,11476.0
TSMixup_205,1907-06-30,8481.0
TSMixup_205,1907-09-30,11525.0
TSMixup_205,1907-12-31,6662.0
TSMixup_205,1908-03-31,10201.0
TSMixup_205,1908-06-30,14141.0
TSMixup_205,1908-09-30,9377.0
TSMixup_205,1908-12-31,6049.0
TSMixup_205,1909-03-31,38224.0
TSMixup_205,1909-06-30,53675.0
TSMixup_205,1909-09-30,16078.0
TSMixup_205,1909-12-31,10299.0
TSMixup_205,1910-03-31,11127.0
TSMixup_205,1910-06-30,9666.0
TSMixup_205,1910-09-30,9189.0
TSMixup_206,1977-12-31,104.0
TSMixup_206,1978-03-31,83.0
TSMixup_206,1978-06-30,79.0
TSMixup_206,1978-09-30,60.0
TSMixup_206,1978-12-31,74.0
TSMixup_206,1979-03-31,84.0
TSMixup_206,1979-06-30,86.0
TSMixup_206,1979-09-30,87.0
TSMixup_206,1979-12-31,80.0
TSMixup_206,1980-03-31,106.0
TSMixup_206,1980-06-30,98.0
TSMixup_206,1980-09-30,93.0
TSMixup_206,1980-12-31,111.0
TSMixup_206,1981-03-31,117.0
TSMixup_206,1981-06-30,137.0
TSMixup_206,1981-09-30,68.0
TSMixup_206,1981-12-31,152.0
TSMixup_206,1982-03-31,133.0
TSMixup_206,1982-06-30,144.0
TSMixup_206,1982-09-30,135.0
TSMixup_206,1982-12-31,157.0
TSMixup_206,1983-03-31,148.0
TSMixup_206,1983-06-30,134.0
TSMixup_206,1983-09-30,173.0
TSMixup_206,1983-12-31,165.0
TSMixup_206,1984-03-31,156.0
TSMixup_206,1984-06-30,85.0
TSMixup_206,1984-09-30,120.0
TSMixup_206,1984-12-31,207.0
TSMixup_206,1985-03-31,188.0
TSMixup_206,1985-06-30,237.0
TSMixup_206,1985-09-30,162.0
TSMixup_206,1985-12-31,224.0
TSMixup_206,1986-03-31,176.0
TSMixup_206,1986-06-30,197.0
TSMixup_206,1986-09-30,180.0
TSMixup_206,1986-12-31,229.0
TSMixup_206,1987-03-31,208.0
TSMixup_206,1987-06-30,99.0
TSMixup_206,1987-09-30,196.0
TSMixup_206,1987-12-31,226.0
TSMixup_206,1988-03-31,155.0
TSMixup_206,1988-06-30,215.0
TSMixup_206,1988-09-30,185.0
TSMixup_206,1988-12-31,266.0
TSMixup_206,1989-03-31,311.0
TSMixup_206,1989-06-30,225.0
TSMixup_207,1969-12-31,18200.0
TSMixup_207,1970-03-31,18388.0
TSMixup_207,1970-06-30,18416.0
TSMixup_207,1970-09-30,18488.0
TSMixup_207,1970-12-31,18488.0
TSMixup_207,1971-03-31,18828.0
TSMixup_207,1971-06-30,18820.0
TSMixup_207,1971-09-30,18928.0
TSMixup_207,1971-12-31,18908.0
TSMixup_207,1972-03-31,19032.0
TSMixup_207,1972-06-30,19304.0
TSMixup_207,1972-09-30,19276.0
TSMixup_207,1972-12-31,19464.0
TSMixup_207,1973-03-31,19536.0
TSMixup_207,1973-06-30,20072.0
TSMixup_207,1973-09-30,20376.0
TSMixup_207,1973-12-31,20364.0
TSMixup_207,1974-03-31,20628.0
TSMixup_207,1974-06-30,20676.0
TSMixup_207,1974-09-30,20804.0
TSMixup_207,1974-12-31,21024.0
TSMixup_207,1975-03-31,21108.0
TSMixup_207,1975-06-30,20984.0
TSMixup_207,1975-09-30,21268.0
TSMixup_207,1975-12-31,21372.0
TSMixup_207,1976-03-31,21676.0
TSMixup_207,1976-06-30,21844.0
TSMixup_208,1974-12-31,81.0
TSMixup_208,1975-03-31,80.0
TSMixup_208,1975-06-30,80.0
TSMixup_208,1975-09-30,80.0
TSMixup_208,1975-12-31,80.0
TSMixup_208,1976-03-31,83.0
TSMixup_208,1976-06-30,83.0
TSMixup_208,1976-09-30,87.0
TSMixup_208,1976-12-31,86.0
TSMixup_208,1977-03-31,92.0
TSMixup_208,1977-06-30,93.0
TSMixup_208,1977-09-30,98.0
TSMixup_209,1969-12-31,1.4
TSMixup_209,1970-03-31,0.9
TSMixup_209,1970-06-30,1.3
TSMixup_209,1970-09-30,1.7
TSMixup_209,1970-12-31,1.2
TSMixup_209,1971-03-31,0.9
TSMixup_209,1971-06-30,1.1
TSMixup_209,1971-09-30,1.7
TSMixup_209,1971-12-31,0.9
TSMixup_209,1972-03-31,0.8
TSMixup_209,1972-06-30,1.5
TSMixup_209,1972-09-30,2.2
TSMixup_209,1972-12-31,1.1
TSMixup_209,1973-03-31,1.0
TSMixup_209,1973-06-30,1.6
TSMixup_209,1973-09-30,2.2
TSMixup_209,1973-12-31,1.3
TSMixup_209,1974-03-31,1.1
TSMixup_209,1974-06-30,1.5
TSMixup_209,1974-09-30,1.8
TSMixup_209,1974-12-31,1.8
TSMixup_209,1975-03-31,1.1
TSMixup_209,1975-06-30,1.5
TSMixup_209,1975-09-30,2.3
TSMixup_209,1975-12-31,1.4
TSMixup_209,1976-03-31,1.0
TSMixup_209,1976-06-30,1.6
TSMixup_210,1969-12-31,85.0
TSMixup_210,1970-03-31,33.0
TSMixup_210,1970-06-30,44.0
TSMixup_210,1970-09-30,47.0
TSMixup_210,1970-12-31,22.0
TSMixup_210,1971-03-31,20.0
TSMixup_210,1971-06-30,27.0
TSMixup_210,1971-09-30,31.0
TSMixup_210,1971-12-31,13.0
TSMixup_210,1972-03-31,16.0
TSMixup_210,1972-06-30,24.0
TSMixup_210,1972-09-30,27.0
TSMixup_210,1972-12-31,14.0
TSMixup_210,1973-03-31,18.0
TSMixup_210,1973-06-30,27.0
TSMixup_210,1973-09-30,40.0
TSMixup_210,1973-12-31,14.0
TSMixup_210,1974-03-31,16.0
TSMixup_210,1974-06-30,23.0
TSMixup_210,1974-09-30,27.0
TSMixup_210,1974-12-31,13.0
TSMixup_210,1975-03-31,17.0
TSMixup_210,1975-06-30,26.0
TSMixup_210,1975-09-30,34.0
TSMixup_210,1975-12-31,17.0
TSMixup_210,1976-03-31,20.0
TSMixup_210,1976-06-30,30.0
TSMixup_210,1976-09-30,41.0
TSMixup_210,1976-12-31,20.0
TSMixup_210,1977-03-31,26.0
TSMixup_211,1975-12-31,49.9
TSMixup_211,1976-03-31,67.5
TSMixup_211,1976-06-30,57.4
TSMixup_211,1976-09-30,54.0
TSMixup_211,1976-12-31,61.7
TSMixup_211,1977-03-31,76.5
TSMixup_211,1977-06-30,66.2
TSMixup_211,1977-09-30,59.5
TSMixup_211,1977-12-31,65.1
TSMixup_211,1978-03-31,81.6
TSMixup_211,1978-06-30,66.5
TSMixup_211,1978-09-30,54.4
TSMixup_211,1978-12-31,63.2
TSMixup_211,1979-03-31,74.6
TSMixup_211,1979-06-30,56.7
TSMixup_211,1979-09-30,45.2
TSMixup_211,1979-12-31,58.0
TSMixup_211,1980-03-31,64.2
TSMixup_211,1980-06-30,49.9
TSMixup_211,1980-09-30,48.5
TSMixup_211,1980-12-31,62.8
TSMixup_211,1981-03-31,76.7
TSMixup_211,1981-06-30,64.9
TSMixup_211,1981-09-30,63.3
TSMixup_211,1981-12-31,89.5
TSMixup_211,1982-03-31,114.4
TSMixup_211,1982-06-30,96.4
TSMixup_211,1982-09-30,95.0
TSMixup_211,1982-12-31,110.0
TSMixup_212,1975-12-31,63.0
TSMixup_212,1976-03-31,67.0
TSMixup_212,1976-06-30,70.0
TSMixup_212,1976-09-30,71.0
TSMixup_212,1976-12-31,69.0
TSMixup_212,1977-03-31,75.0
TSMixup_212,1977-06-30,80.0
TSMixup_212,1977-09-30,79.0
TSMixup_212,1977-12-31,74.0
TSMixup_212,1978-03-31,80.0
TSMixup_212,1978-06-30,82.0
TSMixup_212,1978-09-30,80.0
TSMixup_212,1978-12-31,75.0
TSMixup_212,1979-03-31,80.0
TSMixup_212,1979-06-30,82.0
TSMixup_212,1979-09-30,84.0
TSMixup_212,1979-12-31,80.0
TSMixup_212,1980-03-31,85.0
TSMixup_212,1980-06-30,87.0
TSMixup_212,1980-09-30,87.0
TSMixup_212,1980-12-31,82.0
TSMixup_212,1981-03-31,89.0
TSMixup_212,1981-06-30,93.0
TSMixup_212,1981-09-30,94.0
TSMixup_212,1981-12-31,89.0
TSMixup_212,1982-03-31,95.0
TSMixup_212,1982-06-30,99.0
TSMixup_212,1982-09-30,99.0
TSMixup_212,1982-12-31,94.0
TSMixup_212,1983-03-31,101.0
TSMixup_212,1983-06-30,101.0
TSMixup_212,1983-09-30,103.0
TSMixup_212,1983-12-31,97.0
TSMixup_212,1984-03-31,104.0
TSMixup_213,1969-12-31,21220.0
TSMixup_213,1970-03-31,21852.0
TSMixup_213,1970-06-30,22320.0
TSMixup_213,1970-09-30,22404.0
TSMixup_213,1970-12-31,22568.0
TSMixup_213,1971-03-31,23052.0
TSMixup_213,1971-06-30,23852.0
TSMixup_213,1971-09-30,23900.0
TSMixup_213,1971-12-31,24520.0
TSMixup_213,1972-03-31,24364.0
TSMixup_213,1972-06-30,24676.0
TSMixup_213,1972-09-30,25252.0
TSMixup_213,1972-12-31,25420.0
TSMixup_213,1973-03-31,25544.0
TSMixup_213,1973-06-30,25512.0
TSMixup_213,1973-09-30,26700.0
TSMixup_213,1973-12-31,26940.0
TSMixup_213,1974-03-31,27880.0
TSMixup_213,1974-06-30,28060.0
TSMixup_213,1974-09-30,28780.0
TSMixup_213,1974-12-31,29104.0
TSMixup_213,1975-03-31,29752.0
TSMixup_213,1975-06-30,31152.0
TSMixup_213,1975-09-30,30356.0
TSMixup_213,1975-12-31,31324.0
TSMixup_213,1976-03-31,31768.0
TSMixup_213,1976-06-30,32008.0
TSMixup_213,1976-09-30,32552.0
TSMixup_213,1976-12-31,32944.0
TSMixup_214,1969-12-31,36.1
TSMixup_214,1970-03-31,37.1
TSMixup_214,1970-06-30,37.0
TSMixup_214,1970-09-30,39.0
TSMixup_214,1970-12-31,39.8
TSMixup_214,1971-03-31,41.6
TSMixup_214,1971-06-30,40.8
TSMixup_214,1971-09-30,43.3
TSMixup_214,1971-12-31,43.7
TSMixup_214,1972-03-31,45.1
TSMixup_214,1972-06-30,43.8
TSMixup_214,1972-09-30,46.4
TSMixup_214,1972-12-31,46.7
TSMixup_214,1973-03-31,47.7
TSMixup_214,1973-06-30,48.0
TSMixup_214,1973-09-30,50.3
TSMixup_214,1973-12-31,50.6
TSMixup_214,1974-03-31,53.6
TSMixup_214,1974-06-30,53.6
TSMixup_214,1974-09-30,56.4
TSMixup_214,1974-12-31,57.0
TSMixup_214,1975-03-31,58.8
TSMixup_214,1975-06-30,58.4
TSMixup_214,1975-09-30,60.2
TSMixup_214,1975-12-31,60.8
TSMixup_214,1976-03-31,61.9
TSMixup_215,1969-12-31,15.7
TSMixup_215,1970-03-31,11.0
TSMixup_215,1970-06-30,26.6
TSMixup_215,1970-09-30,28.9
TSMixup_215,1970-12-31,12.0
TSMixup_215,1971-03-31,6.6
TSMixup_215,1971-06-30,20.9
TSMixup_215,1971-09-30,23.5
TSMixup_215,1971-12-31,8.5
TSMixup_215,1972-03-31,4.5
TSMixup_215,1972-06-30,15.6
TSMixup_215,1972-09-30,23.0
TSMixup_215,1972-12-31,11.3
TSMixup_215,1973-03-31,5.9
TSMixup_215,1973-06-30,20.4
TSMixup_215,1973-09-30,32.0
TSMixup_215,1973-12-31,11.3
TSMixup_215,1974-03-31,7.1
TSMixup_215,1974-06-30,20.5
TSMixup_215,1974-09-30,26.6
TSMixup_215,1974-12-31,10.1
TSMixup_215,1975-03-31,7.2
TSMixup_215,1975-06-30,18.2
TSMixup_215,1975-09-30,23.1
TSMixup_215,1975-12-31,8.7
TSMixup_216,1977-06-30,8249.81
TSMixup_216,1977-09-30,10688.0
TSMixup_216,1977-12-31,11403.5
TSMixup_216,1978-03-31,11515.0
TSMixup_216,1978-06-30,9685.71
TSMixup_216,1978-09-30,12146.0
TSMixup_216,1978-12-31,13179.1
TSMixup_216,1979-03-31,12785.3
TSMixup_216,1979-06-30,10603.9
TSMixup_216,1979-09-30,13594.3
TSMixup_216,1979-12-31,14387.3
TSMixup_216,1980-03-31,14654.3
TSMixup_216,1980-06-30,11575.4
TSMixup_216,1980-09-30,15238.7
TSMixup_216,1980-12-31,16209.8
TSMixup_216,1981-03-31,15425.1
TSMixup_216,1981-06-30,12130.6
TSMixup_216,1981-09-30,15048.9
TSMixup_216,1981-12-31,15877.1
TSMixup_216,1982-03-31,15077.9
TSMixup_216,1982-06-30,12921.9
TSMixup_216,1982-09-30,15250.1
TSMixup_216,1982-12-31,15688.7
TSMixup_216,1983-03-31,15415.7
TSMixup_216,1983-06-30,12084.7
TSMixup_216,1983-09-30,17141.9
TSMixup_216,1983-12-31,18041.6
TSMixup_216,1984-03-31,19311.6
TSMixup_216,1984-06-30,15027.4
TSMixup_216,1984-09-30,19489.4
TSMixup_216,1984-12-31,20317.8
TSMixup_216,1985-03-31,19812.3
TSMixup_216,1985-06-30,16222.1
TSMixup_216,1985-09-30,19191.6
TSMixup_216,1985-12-31,20628.3
TSMixup_216,1986-03-31,20508.9
TSMixup_216,1986-06-30,16181.2
TSMixup_216,1986-09-30,20499.4
TSMixup_216,1986-12-31,21530.3
TSMixup_216,1987-03-31,22276.0
TSMixup_216,1987-06-30,17643.2
TSMixup_216,1987-09-30,22506.7
TSMixup_216,1987-12-31,22890.9
TSMixup_216,1988-03-31,24256.2
TSMixup_216,1988-06-30,18269.2
TSMixup_216,1988-09-30,22598.0
TSMixup_216,1988-12-31,23733.5
TSMixup_216,1989-03-31,24178.2
TSMixup_216,1989-06-30,19211.6
TSMixup_216,1989-09-30,25221.8
TSMixup_216,1989-12-31,27155.5
TSMixup_216,1990-03-31,26496.1
TSMixup_216,1990-06-30,20915.6
TSMixup_216,1990-09-30,27048.1
TSMixup_216,1990-12-31,27691.0
TSMixup_216,1991-03-31,27894.0
TSMixup_216,1991-06-30,21713.3
TSMixup_216,1991-09-30,27750.4
TSMixup_216,1991-12-31,29485.0
TSMixup_216,1992-03-31,28389.8
TSMixup_217,1975-12-31,1343.0
TSMixup_217,1976-03-31,1351.0
TSMixup_217,1976-06-30,1361.0
TSMixup_217,1976-09-30,1375.0
TSMixup_217,1976-12-31,1380.0
TSMixup_217,1977-03-31,1374.0
TSMixup_217,1977-06-30,1384.0
TSMixup_217,1977-09-30,1394.0
TSMixup_217,1977-12-31,1363.0
TSMixup_217,1978-03-31,1294.0
TSMixup_217,1978-06-30,1297.0
TSMixup_217,1978-09-30,1288.0
TSMixup_217,1978-12-31,1278.0
TSMixup_217,1979-03-31,1269.0
TSMixup_217,1979-06-30,1281.0
TSMixup_218,1977-12-31,144.0
TSMixup_218,1978-03-31,135.0
TSMixup_218,1978-06-30,157.0
TSMixup_218,1978-09-30,148.0
TSMixup_218,1978-12-31,134.0
TSMixup_218,1979-03-31,173.0
TSMixup_218,1979-06-30,165.0
TSMixup_218,1979-09-30,156.0
TSMixup_218,1979-12-31,85.0
TSMixup_218,1980-03-31,120.0
TSMixup_218,1980-06-30,207.0
TSMixup_218,1980-09-30,188.0
TSMixup_218,1980-12-31,237.0
TSMixup_218,1981-03-31,162.0
TSMixup_218,1981-06-30,224.0
TSMixup_218,1981-09-30,176.0
TSMixup_218,1981-12-31,197.0
TSMixup_218,1982-03-31,180.0
TSMixup_218,1982-06-30,229.0
TSMixup_218,1982-09-30,208.0
TSMixup_218,1982-12-31,99.0
TSMixup_218,1983-03-31,196.0
TSMixup_218,1983-06-30,226.0
TSMixup_218,1983-09-30,155.0
TSMixup_218,1983-12-31,215.0
TSMixup_218,1984-03-31,185.0
TSMixup_218,1984-06-30,266.0
TSMixup_218,1984-09-30,311.0
TSMixup_218,1984-12-31,225.0
TSMixup_218,1985-03-31,278.0
TSMixup_218,1985-06-30,343.0
TSMixup_219,1968-12-31,55.0
TSMixup_219,1969-03-31,66.0
TSMixup_219,1969-06-30,52.0
TSMixup_219,1969-09-30,62.0
TSMixup_219,1969-12-31,63.0
TSMixup_219,1970-03-31,73.0
TSMixup_219,1970-06-30,53.0
TSMixup_219,1970-09-30,69.0
TSMixup_219,1970-12-31,63.0
TSMixup_219,1971-03-31,78.0
TSMixup_219,1971-06-30,56.0
TSMixup_219,1971-09-30,70.0
TSMixup_219,1971-12-31,70.0
TSMixup_219,1972-03-31,80.0
TSMixup_219,1972-06-30,62.0
TSMixup_219,1972-09-30,69.0
TSMixup_219,1972-12-31,76.0
TSMixup_219,1973-03-31,80.0
TSMixup_219,1973-06-30,59.0
TSMixup_219,1973-09-30,70.0
TSMixup_219,1973-12-31,76.0
TSMixup_219,1974-03-31,87.0
TSMixup_219,1974-06-30,70.0
TSMixup_219,1974-09-30,84.0
TSMixup_219,1974-12-31,84.0
TSMixup_219,1975-03-31,99.0
TSMixup_219,1975-06-30,79.0
TSMixup_220,1978-06-30,147918.0
TSMixup_220,1978-09-30,167297.0
TSMixup_220,1978-12-31,164434.0
TSMixup_220,1979-03-31,145785.0
TSMixup_220,1979-06-30,123176.0
TSMixup_220,1979-09-30,103443.0
TSMixup_220,1979-12-31,101512.0
TSMixup_220,1980-03-31,103444.0
TSMixup_220,1980-06-30,110157.0
TSMixup_220,1980-09-30,108929.0
TSMixup_220,1980-12-31,127569.0
TSMixup_220,1981-03-31,85123.0
TSMixup_220,1981-06-30,79777.0
TSMixup_220,1981-09-30,73372.0
TSMixup_220,1981-12-31,84774.0
TSMixup_221,1975-12-31,1451.0
TSMixup_221,1976-03-31,1246.0
TSMixup_221,1976-06-30,1764.0
TSMixup_221,1976-09-30,622.0
TSMixup_221,1976-12-31,407.0
TSMixup_221,1977-03-31,2334.0
TSMixup_221,1977-06-30,3426.0
TSMixup_221,1977-09-30,1585.0
TSMixup_221,1977-12-31,388.0
TSMixup_221,1978-03-31,2178.0
TSMixup_221,1978-06-30,2083.0
TSMixup_221,1978-09-30,1892.0
TSMixup_221,1978-12-31,622.0
TSMixup_221,1979-03-31,675.0
TSMixup_221,1979-06-30,1073.0
TSMixup_221,1979-09-30,724.0
TSMixup_222,1968-12-31,10.0
TSMixup_222,1969-03-31,10.0
TSMixup_222,1969-06-30,13.0
TSMixup_222,1969-09-30,12.0
TSMixup_222,1969-12-31,13.0
TSMixup_222,1970-03-31,14.0
TSMixup_222,1970-06-30,14.0
TSMixup_222,1970-09-30,12.0
TSMixup_222,1970-12-31,12.0
TSMixup_222,1971-03-31,12.0
TSMixup_222,1971-06-30,14.0
TSMixup_222,1971-09-30,13.0
TSMixup_222,1971-12-31,16.0
TSMixup_223,1975-12-31,173.0
TSMixup_223,1976-03-31,199.0
TSMixup_223,1976-06-30,136.0
TSMixup_223,1976-09-30,201.0
TSMixup_223,1976-12-31,214.0
TSMixup_223,1977-03-31,221.0
TSMixup_223,1977-06-30,153.0
TSMixup_223,1977-09-30,232.0
TSMixup_223,1977-12-31,240.0
TSMixup_223,1978-03-31,226.0
TSMixup_223,1978-06-30,176.0
TSMixup_223,1978-09-30,256.0
TSMixup_223,1978-12-31,271.0
TSMixup_223,1979-03-31,265.0
TSMixup_223,1979-06-30,180.0
TSMixup_224,1969-12-31,2.15
TSMixup_224,1970-03-31,2.36
TSMixup_224,1970-06-30,1.57
TSMixup_224,1970-09-30,1.45
TSMixup_224,1970-12-31,2.43
TSMixup_224,1971-03-31,1.81
TSMixup_224,1971-06-30,1.36
TSMixup_224,1971-09-30,1.3
TSMixup_224,1971-12-31,1.39
TSMixup_224,1972-03-31,1.75
TSMixup_224,1972-06-30,1.78
TSMixup_224,1972-09-30,1.9
TSMixup_224,1972-12-31,2.16
TSMixup_224,1973-03-31,1.64
TSMixup_224,1973-06-30,1.42
TSMixup_224,1973-09-30,1.64
TSMixup_224,1973-12-31,1.88
TSMixup_224,1974-03-31,2.27
TSMixup_224,1974-06-30,1.68
TSMixup_224,1974-09-30,1.78
TSMixup_224,1974-12-31,2.06
TSMixup_224,1975-03-31,2.22
TSMixup_224,1975-06-30,2.16
TSMixup_224,1975-09-30,2.38
TSMixup_224,1975-12-31,2.47
TSMixup_224,1976-03-31,2.48
TSMixup_224,1976-06-30,2.27
TSMixup_225,1977-12-31,50700.0
TSMixup_225,1978-03-31,58788.0
TSMixup_225,1978-06-30,30376.0
TSMixup_225,1978-09-30,25946.0
TSMixup_225,1978-12-31,52707.0
TSMixup_225,1979-03-31,40417.0
TSMixup_225,1979-06-30,38068.0
TSMixup_225,1979-09-30,54382.0
TSMixup_225,1979-12-31,52757.0
TSMixup_225,1980-03-31,79071.0
TSMixup_225,1980-06-30,50816.0
TSMixup_225,1980-09-30,57260.0
TSMixup_225,1980-12-31,59652.0
TSMixup_225,1981-03-31,98673.0
TSMixup_225,1981-06-30,52494.0
TSMixup_225,1981-09-30,64333.0
TSMixup_225,1981-12-31,66193.0
TSMixup_225,1982-03-31,85145.0
TSMixup_225,1982-06-30,74521.0
TSMixup_225,1982-09-30,119120.0
TSMixup_225,1982-12-31,62881.0
TSMixup_226,1969-12-31,18388.0
TSMixup_226,1970-03-31,18416.0
TSMixup_226,1970-06-30,18488.0
TSMixup_226,1970-09-30,18488.0
TSMixup_226,1970-12-31,18828.0
TSMixup_226,1971-03-31,18820.0
TSMixup_226,1971-06-30,18928.0
TSMixup_226,1971-09-30,18908.0
TSMixup_226,1971-12-31,19032.0
TSMixup_226,1972-03-31,19304.0
TSMixup_226,1972-06-30,19276.0
TSMixup_226,1972-09-30,19464.0
TSMixup_226,1972-12-31,19536.0
TSMixup_226,1973-03-31,20072.0
TSMixup_226,1973-06-30,20376.0
TSMixup_226,1973-09-30,20364.0
TSMixup_226,1973-12-31,20628.0
TSMixup_226,1974-03-31,20676.0
TSMixup_226,1974-06-30,20804.0
TSMixup_226,1974-09-30,21024.0
TSMixup_226,1974-12-31,21108.0
TSMixup_226,1975-03-31,20984.0
TSMixup_226,1975-06-30,21268.0
TSMixup_226,1975-09-30,21372.0
TSMixup_226,1975-12-31,21676.0
TSMixup_227,1977-09-30,120001.0
TSMixup_227,1977-12-31,117363.0
TSMixup_227,1978-03-31,115020.0
TSMixup_227,1978-06-30,120379.0
TSMixup_227,1978-09-30,122622.0
TSMixup_227,1978-12-31,123462.0
TSMixup_227,1979-03-31,125212.0
TSMixup_227,1979-06-30,122376.0
TSMixup_227,1979-09-30,131543.0
TSMixup_227,1979-12-31,136077.0
TSMixup_227,1980-03-31,135269.0
TSMixup_227,1980-06-30,132786.0
TSMixup_227,1980-09-30,137111.0
TSMixup_227,1980-12-31,135586.0
TSMixup_227,1981-03-31,130868.0
TSMixup_227,1981-06-30,136437.0
TSMixup_227,1981-09-30,140678.0
TSMixup_227,1981-12-31,141776.0
TSMixup_227,1982-03-31,139013.0
TSMixup_227,1982-06-30,139253.0
TSMixup_227,1982-09-30,127343.0
TSMixup_227,1982-12-31,128280.0
TSMixup_227,1983-03-31,132334.0
TSMixup_227,1983-06-30,129097.0
TSMixup_227,1983-09-30,134017.0
TSMixup_227,1983-12-31,135847.0
TSMixup_227,1984-03-31,136255.0
TSMixup_227,1984-06-30,137240.0
TSMixup_227,1984-09-30,138232.0
TSMixup_227,1984-12-31,146270.0
TSMixup_227,1985-03-31,148904.0
TSMixup_227,1985-06-30,147056.0
TSMixup_227,1985-09-30,150830.0
TSMixup_228,1971-12-31,6660.0
TSMixup_228,1972-03-31,6628.0
TSMixup_228,1972-06-30,6812.0
TSMixup_228,1972-09-30,6772.0
TSMixup_228,1972-12-31,6776.0
TSMixup_228,1973-03-31,6740.0
TSMixup_228,1973-06-30,7060.0
TSMixup_228,1973-09-30,7004.0
TSMixup_228,1973-12-31,6924.0
TSMixup_228,1974-03-31,7120.0
TSMixup_228,1974-06-30,7344.0
TSMixup_228,1974-09-30,7740.0
TSMixup_228,1974-12-31,8196.0
TSMixup_228,1975-03-31,8292.0
TSMixup_228,1975-06-30,8456.0
TSMixup_228,1975-09-30,9148.0
TSMixup_228,1975-12-31,8880.0
TSMixup_229,1977-12-31,192.7
TSMixup_229,1978-03-31,203.9
TSMixup_229,1978-06-30,192.3
TSMixup_229,1978-09-30,196.7
TSMixup_229,1978-12-31,207.54
TSMixup_229,1979-03-31,214.65
TSMixup_229,1979-06-30,213.61
TSMixup_229,1979-09-30,232.6
TSMixup_229,1979-12-31,232.5
TSMixup_229,1980-03-31,245.05
TSMixup_229,1980-06-30,242.95
TSMixup_229,1980-09-30,272.6
TSMixup_230,1971-12-31,398.0
TSMixup_230,1972-03-31,383.0
TSMixup_230,1972-06-30,330.0
TSMixup_230,1972-09-30,360.0
TSMixup_230,1972-12-31,361.0
TSMixup_230,1973-03-31,267.0
TSMixup_230,1973-06-30,325.0
TSMixup_230,1973-09-30,416.0
TSMixup_230,1973-12-31,437.0
TSMixup_230,1974-03-31,445.0
TSMixup_230,1974-06-30,493.0
TSMixup_230,1974-09-30,519.0
TSMixup_230,1974-12-31,441.0
TSMixup_230,1975-03-31,400.0
TSMixup_230,1975-06-30,390.0
TSMixup_230,1975-09-30,452.0
TSMixup_230,1975-12-31,508.0
TSMixup_230,1976-03-31,509.0
TSMixup_230,1976-06-30,485.0
TSMixup_230,1976-09-30,518.0
TSMixup_230,1976-12-31,544.0
TSMixup_230,1977-03-31,569.0
TSMixup_230,1977-06-30,538.0
TSMixup_230,1977-09-30,583.0
TSMixup_230,1977-12-31,646.0
TSMixup_230,1978-03-31,613.0
TSMixup_230,1978-06-30,634.0
TSMixup_230,1978-09-30,671.0
TSMixup_230,1978-12-31,702.0
TSMixup_230,1979-03-31,683.0
TSMixup_230,1979-06-30,706.0
TSMixup_230,1979-09-30,729.0
TSMixup_230,1979-12-31,768.0
TSMixup_230,1980-03-31,769.0
TSMixup_230,1980-06-30,767.0
TSMixup_230,1980-09-30,780.0
TSMixup_230,1980-12-31,799.0
TSMixup_230,1981-03-31,743.0
TSMixup_231,1969-12-31,34.9
TSMixup_231,1970-03-31,36.1
TSMixup_231,1970-06-30,37.1
TSMixup_231,1970-09-30,37.0
TSMixup_231,1970-12-31,39.0
TSMixup_231,1971-03-31,39.8
TSMixup_231,1971-06-30,41.6
TSMixup_231,1971-09-30,40.8
TSMixup_231,1971-12-31,43.3
TSMixup_231,1972-03-31,43.7
TSMixup_231,1972-06-30,45.1
TSMixup_231,1972-09-30,43.8
TSMixup_232,1976-12-31,75.0
TSMixup_232,1977-03-31,77.0
TSMixup_232,1977-06-30,77.0
TSMixup_232,1977-09-30,79.0
TSMixup_232,1977-12-31,79.0
TSMixup_232,1978-03-31,80.0
TSMixup_232,1978-06-30,81.0
TSMixup_232,1978-09-30,82.0
TSMixup_232,1978-12-31,83.0
TSMixup_232,1979-03-31,82.0
TSMixup_232,1979-06-30,82.0
TSMixup_232,1979-09-30,83.0
TSMixup_232,1979-12-31,83.0
TSMixup_232,1980-03-31,86.0
TSMixup_232,1980-06-30,87.0
TSMixup_232,1980-09-30,89.0
TSMixup_232,1980-12-31,91.0
TSMixup_232,1981-03-31,93.0
TSMixup_232,1981-06-30,95.0
TSMixup_232,1981-09-30,97.0
TSMixup_232,1981-12-31,97.0
TSMixup_232,1982-03-31,97.0
TSMixup_232,1982-06-30,100.0
TSMixup_232,1982-09-30,100.0
TSMixup_232,1982-12-31,100.0
TSMixup_233,1975-12-31,60.87
TSMixup_233,1976-03-31,58.23
TSMixup_233,1976-06-30,60.6
TSMixup_233,1976-09-30,61.21
TSMixup_233,1976-12-31,63.81
TSMixup_233,1977-03-31,64.59
TSMixup_233,1977-06-30,64.25
TSMixup_233,1977-09-30,65.88
TSMixup_233,1977-12-31,67.94
TSMixup_233,1978-03-31,69.56
TSMixup_233,1978-06-30,71.67
TSMixup_233,1978-09-30,71.37
TSMixup_233,1978-12-31,75.4
TSMixup_233,1979-03-31,76.05
TSMixup_233,1979-06-30,76.94
TSMixup_233,1979-09-30,79.46
TSMixup_233,1979-12-31,82.77
TSMixup_233,1980-03-31,82.91
TSMixup_233,1980-06-30,81.74
TSMixup_233,1980-09-30,80.42
TSMixup_233,1980-12-31,78.34
TSMixup_233,1981-03-31,79.7
TSMixup_233,1981-06-30,82.03
TSMixup_233,1981-09-30,83.06
TSMixup_233,1981-12-31,85.51
TSMixup_233,1982-03-31,86.05
TSMixup_233,1982-06-30,85.42
TSMixup_233,1982-09-30,89.88
TSMixup_233,1982-12-31,90.02
TSMixup_233,1983-03-31,89.58
TSMixup_233,1983-06-30,90.57
TSMixup_233,1983-09-30,88.22
TSMixup_233,1983-12-31,83.13
TSMixup_233,1984-03-31,83.53
TSMixup_234,1970-12-31,68.0
TSMixup_234,1971-03-31,57.0
TSMixup_234,1971-06-30,68.0
TSMixup_234,1971-09-30,66.0
TSMixup_234,1971-12-31,82.0
TSMixup_234,1972-03-31,65.0
TSMixup_234,1972-06-30,82.0
TSMixup_234,1972-09-30,80.0
TSMixup_234,1972-12-31,99.0
TSMixup_234,1973-03-31,78.0
TSMixup_234,1973-06-30,82.0
TSMixup_234,1973-09-30,71.0
TSMixup_235,1975-12-31,63.0
TSMixup_235,1976-03-31,67.0
TSMixup_235,1976-06-30,70.0
TSMixup_235,1976-09-30,71.0
TSMixup_235,1976-12-31,69.0
TSMixup_235,1977-03-31,75.0
TSMixup_235,1977-06-30,80.0
TSMixup_235,1977-09-30,79.0
TSMixup_235,1977-12-31,74.0
TSMixup_235,1978-03-31,80.0
TSMixup_235,1978-06-30,82.0
TSMixup_235,1978-09-30,80.0
TSMixup_235,1978-12-31,75.0
TSMixup_235,1979-03-31,80.0
TSMixup_235,1979-06-30,82.0
TSMixup_235,1979-09-30,84.0
TSMixup_235,1979-12-31,80.0
TSMixup_235,1980-03-31,85.0
TSMixup_235,1980-06-30,87.0
TSMixup_235,1980-09-30,87.0
TSMixup_235,1980-12-31,82.0
TSMixup_235,1981-03-31,89.0
TSMixup_235,1981-06-30,93.0
TSMixup_235,1981-09-30,94.0
TSMixup_235,1981-12-31,89.0
TSMixup_235,1982-03-31,95.0
TSMixup_235,1982-06-30,99.0
TSMixup_235,1982-09-30,99.0
TSMixup_235,1982-12-31,94.0
TSMixup_235,1983-03-31,101.0
TSMixup_235,1983-06-30,101.0
TSMixup_235,1983-09-30,103.0
TSMixup_235,1983-12-31,97.0
TSMixup_235,1984-03-31,104.0
TSMixup_236,1975-12-31,100.0
TSMixup_236,1976-03-31,104.0
TSMixup_236,1976-06-30,100.0
TSMixup_236,1976-09-30,106.0
TSMixup_236,1976-12-31,98.0
TSMixup_236,1977-03-31,109.0
TSMixup_236,1977-06-30,108.0
TSMixup_236,1977-09-30,106.0
TSMixup_236,1977-12-31,98.0
TSMixup_236,1978-03-31,100.0
TSMixup_236,1978-06-30,107.0
TSMixup_236,1978-09-30,110.0
TSMixup_236,1978-12-31,101.0
TSMixup_236,1979-03-31,114.0
TSMixup_236,1979-06-30,112.0
TSMixup_236,1979-09-30,112.0
TSMixup_236,1979-12-31,102.0
TSMixup_236,1980-03-31,114.0
TSMixup_236,1980-06-30,110.0
TSMixup_236,1980-09-30,109.0
TSMixup_236,1980-12-31,96.0
TSMixup_236,1981-03-31,111.0
TSMixup_236,1981-06-30,107.0
TSMixup_236,1981-09-30,107.0
TSMixup_236,1981-12-31,94.0
TSMixup_236,1982-03-31,107.0
TSMixup_236,1982-06-30,104.0
TSMixup_236,1982-09-30,101.0
TSMixup_236,1982-12-31,88.0
TSMixup_236,1983-03-31,102.0
TSMixup_236,1983-06-30,100.0
TSMixup_236,1983-09-30,98.0
TSMixup_237,1969-12-31,84.7
TSMixup_237,1970-03-31,91.0
TSMixup_237,1970-06-30,88.8
TSMixup_237,1970-09-30,84.5
TSMixup_237,1970-12-31,83.8
TSMixup_237,1971-03-31,81.7
TSMixup_237,1971-06-30,87.8
TSMixup_237,1971-09-30,88.6
TSMixup_237,1971-12-31,92.4
TSMixup_237,1972-03-31,93.5
TSMixup_237,1972-06-30,95.8
TSMixup_237,1972-09-30,93.5
TSMixup_237,1972-12-31,95.5
TSMixup_237,1973-03-31,96.0
TSMixup_237,1973-06-30,102.3
TSMixup_237,1973-09-30,99.7
TSMixup_237,1973-12-31,102.0
TSMixup_237,1974-03-31,103.4
TSMixup_237,1974-06-30,108.3
TSMixup_237,1974-09-30,107.7
TSMixup_237,1974-12-31,110.0
TSMixup_237,1975-03-31,112.9
TSMixup_237,1975-06-30,117.5
TSMixup_237,1975-09-30,116.4
TSMixup_237,1975-12-31,119.4
TSMixup_237,1976-03-31,123.3
TSMixup_237,1976-06-30,128.2
TSMixup_238,1969-12-31,210.0
TSMixup_238,1970-03-31,210.0
TSMixup_238,1970-06-30,192.0
TSMixup_238,1970-09-30,174.0
TSMixup_238,1970-12-31,173.0
TSMixup_238,1971-03-31,167.0
TSMixup_238,1971-06-30,172.0
TSMixup_238,1971-09-30,193.0
TSMixup_238,1971-12-31,214.0
TSMixup_238,1972-03-31,225.0
TSMixup_238,1972-06-30,235.0
TSMixup_238,1972-09-30,226.0
TSMixup_238,1972-12-31,214.0
TSMixup_238,1973-03-31,217.0
TSMixup_238,1973-06-30,216.0
TSMixup_239,1978-06-30,117363.0
TSMixup_239,1978-09-30,115020.0
TSMixup_239,1978-12-31,120379.0
TSMixup_239,1979-03-31,122622.0
TSMixup_239,1979-06-30,123462.0
TSMixup_239,1979-09-30,125212.0
TSMixup_239,1979-12-31,122376.0
TSMixup_239,1980-03-31,131543.0
TSMixup_239,1980-06-30,136077.0
TSMixup_239,1980-09-30,135269.0
TSMixup_239,1980-12-31,132786.0
TSMixup_239,1981-03-31,137111.0
TSMixup_239,1981-06-30,135586.0
TSMixup_239,1981-09-30,130868.0
TSMixup_239,1981-12-31,136438.0
TSMixup_239,1982-03-31,140678.0
TSMixup_239,1982-06-30,141776.0
TSMixup_239,1982-09-30,139013.0
TSMixup_239,1982-12-31,139253.0
TSMixup_239,1983-03-31,127343.0
TSMixup_239,1983-06-30,128280.0
TSMixup_239,1983-09-30,132334.0
TSMixup_239,1983-12-31,129097.0
TSMixup_239,1984-03-31,134017.0
TSMixup_239,1984-06-30,135847.0
TSMixup_239,1984-09-30,136255.0
TSMixup_240,1971-12-31,1850.0
TSMixup_240,1972-03-31,1967.0
TSMixup_240,1972-06-30,2049.0
TSMixup_240,1972-09-30,2230.0
TSMixup_240,1972-12-31,2291.0
TSMixup_240,1973-03-31,2547.0
TSMixup_240,1973-06-30,2597.0
TSMixup_240,1973-09-30,2433.0
TSMixup_240,1973-12-31,2398.0
TSMixup_240,1974-03-31,2406.0
TSMixup_240,1974-06-30,2483.0
TSMixup_240,1974-09-30,2469.0
TSMixup_240,1974-12-31,2459.0
TSMixup_240,1975-03-31,2708.0
TSMixup_240,1975-06-30,2847.0
TSMixup_240,1975-09-30,3145.0
TSMixup_240,1975-12-31,3606.0
TSMixup_240,1976-03-31,3598.0
TSMixup_240,1976-06-30,3948.0
TSMixup_240,1976-09-30,4238.0
TSMixup_240,1976-12-31,4739.0
TSMixup_240,1977-03-31,4939.0
TSMixup_240,1977-06-30,5180.0
TSMixup_240,1977-09-30,5343.0
TSMixup_240,1977-12-31,5222.0
TSMixup_240,1978-03-31,5357.0
TSMixup_240,1978-06-30,5338.0
TSMixup_240,1978-09-30,5354.0
TSMixup_240,1978-12-31,5305.0
TSMixup_240,1979-03-31,5580.0
TSMixup_240,1979-06-30,5756.0
TSMixup_240,1979-09-30,6272.0
TSMixup_240,1979-12-31,6622.0
TSMixup_240,1980-03-31,6847.0
TSMixup_240,1980-06-30,7162.0
TSMixup_240,1980-09-30,7237.0
TSMixup_240,1980-12-31,7109.0
TSMixup_240,1981-03-31,6872.0
TSMixup_240,1981-06-30,6875.0
TSMixup_240,1981-09-30,6761.0
TSMixup_240,1981-12-31,6954.0
TSMixup_240,1982-03-31,7515.0
TSMixup_240,1982-06-30,7901.0
TSMixup_240,1982-09-30,8093.0
TSMixup_240,1982-12-31,8733.0
TSMixup_240,1983-03-31,9119.0
TSMixup_240,1983-06-30,9589.0
TSMixup_240,1983-09-30,10335.0
TSMixup_240,1983-12-31,11192.0
TSMixup_241,1969-12-31,30.9
TSMixup_241,1970-03-31,31.5
TSMixup_241,1970-06-30,31.8
TSMixup_241,1970-09-30,31.1
TSMixup_241,1970-12-31,32.8
TSMixup_241,1971-03-31,33.5
TSMixup_241,1971-06-30,34.9
TSMixup_241,1971-09-30,37.7
TSMixup_241,1971-12-31,38.2
TSMixup_241,1972-03-31,39.1
TSMixup_241,1972-06-30,38.8
TSMixup_241,1972-09-30,44.5
TSMixup_242,1969-12-31,2.5
TSMixup_242,1970-03-31,3.2
TSMixup_242,1970-06-30,5.2
TSMixup_242,1970-09-30,4.3
TSMixup_242,1970-12-31,3.1
TSMixup_242,1971-03-31,3.8
TSMixup_242,1971-06-30,6.3
TSMixup_242,1971-09-30,4.7
TSMixup_242,1971-12-31,3.4
TSMixup_242,1972-03-31,3.5
TSMixup_242,1972-06-30,5.2
TSMixup_242,1972-09-30,4.0
TSMixup_242,1972-12-31,2.7
TSMixup_242,1973-03-31,3.0
TSMixup_242,1973-06-30,5.2
TSMixup_242,1973-09-30,3.8
TSMixup_242,1973-12-31,2.4
TSMixup_242,1974-03-31,3.5
TSMixup_242,1974-06-30,6.3
TSMixup_242,1974-09-30,4.8
TSMixup_242,1974-12-31,3.8
TSMixup_242,1975-03-31,4.6
TSMixup_242,1975-06-30,7.6
TSMixup_242,1975-09-30,5.9
TSMixup_242,1975-12-31,5.2
TSMixup_242,1976-03-31,6.0
TSMixup_243,1969-12-31,2.1
TSMixup_243,1970-03-31,3.9
TSMixup_243,1970-06-30,2.9
TSMixup_243,1970-09-30,2.5
TSMixup_243,1970-12-31,3.2
TSMixup_243,1971-03-31,5.2
TSMixup_243,1971-06-30,4.3
TSMixup_243,1971-09-30,3.1
TSMixup_243,1971-12-31,3.8
TSMixup_243,1972-03-31,6.3
TSMixup_243,1972-06-30,4.7
TSMixup_243,1972-09-30,3.4
TSMixup_243,1972-12-31,3.5
TSMixup_243,1973-03-31,5.2
TSMixup_243,1973-06-30,4.0
TSMixup_243,1973-09-30,2.7
TSMixup_243,1973-12-31,3.0
TSMixup_243,1974-03-31,5.2
TSMixup_243,1974-06-30,3.8
TSMixup_243,1974-09-30,2.4
TSMixup_243,1974-12-31,3.5
TSMixup_243,1975-03-31,6.3
TSMixup_243,1975-06-30,4.8
TSMixup_243,1975-09-30,3.8
TSMixup_243,1975-12-31,4.6
TSMixup_243,1976-03-31,7.6
TSMixup_243,1976-06-30,5.9
TSMixup_243,1976-09-30,5.2
TSMixup_244,1971-12-31,1473.0
TSMixup_244,1972-03-31,1435.0
TSMixup_244,1972-06-30,1509.0
TSMixup_244,1972-09-30,1689.0
TSMixup_244,1972-12-31,1850.0
TSMixup_244,1973-03-31,1967.0
TSMixup_244,1973-06-30,2049.0
TSMixup_244,1973-09-30,2230.0
TSMixup_244,1973-12-31,2291.0
TSMixup_244,1974-03-31,2547.0
TSMixup_244,1974-06-30,2597.0
TSMixup_244,1974-09-30,2433.0
TSMixup_244,1974-12-31,2398.0
TSMixup_244,1975-03-31,2406.0
TSMixup_244,1975-06-30,2483.0
TSMixup_244,1975-09-30,2469.0
TSMixup_244,1975-12-31,2459.0
TSMixup_244,1976-03-31,2708.0
TSMixup_244,1976-06-30,2847.0
TSMixup_244,1976-09-30,3145.0
TSMixup_244,1976-12-31,3606.0
TSMixup_244,1977-03-31,3598.0
TSMixup_244,1977-06-30,3948.0
TSMixup_244,1977-09-30,4238.0
TSMixup_244,1977-12-31,4739.0
TSMixup_244,1978-03-31,4939.0
TSMixup_244,1978-06-30,5180.0
TSMixup_244,1978-09-30,5343.0
TSMixup_244,1978-12-31,5222.0
TSMixup_244,1979-03-31,5357.0
TSMixup_244,1979-06-30,5338.0
TSMixup_244,1979-09-30,5354.0
TSMixup_244,1979-12-31,5305.0
TSMixup_244,1980-03-31,5580.0
TSMixup_244,1980-06-30,5756.0
TSMixup_244,1980-09-30,6272.0
TSMixup_244,1980-12-31,6622.0
TSMixup_244,1981-03-31,6847.0
TSMixup_244,1981-06-30,7162.0
TSMixup_244,1981-09-30,7237.0
TSMixup_244,1981-12-31,7109.0
TSMixup_244,1982-03-31,6872.0
TSMixup_244,1982-06-30,6875.0
TSMixup_244,1982-09-30,6761.0
TSMixup_244,1982-12-31,6954.0
TSMixup_244,1983-03-31,7515.0
TSMixup_244,1983-06-30,7901.0
TSMixup_244,1983-09-30,8093.0
TSMixup_244,1983-12-31,8733.0
TSMixup_244,1984-03-31,9119.0
TSMixup_244,1984-06-30,9589.0
TSMixup_244,1984-09-30,10335.0
TSMixup_244,1984-12-31,11192.0
TSMixup_244,1985-03-31,11470.0
TSMixup_244,1985-06-30,11766.0
TSMixup_244,1985-09-30,12754.0
TSMixup_245,1976-12-31,16.0
TSMixup_245,1977-03-31,16.0
TSMixup_245,1977-06-30,15.8
TSMixup_245,1977-09-30,15.8
TSMixup_245,1977-12-31,15.9
TSMixup_245,1978-03-31,15.5
TSMixup_245,1978-06-30,15.6
TSMixup_245,1978-09-30,16.0
TSMixup_245,1978-12-31,15.9
TSMixup_245,1979-03-31,16.5
TSMixup_245,1979-06-30,16.6
TSMixup_245,1979-09-30,16.7
TSMixup_245,1979-12-31,16.6
TSMixup_245,1980-03-31,16.0
TSMixup_245,1980-06-30,16.2
TSMixup_245,1980-09-30,15.9
TSMixup_245,1980-12-31,15.9
TSMixup_245,1981-03-31,16.3
TSMixup_245,1981-06-30,16.8
TSMixup_245,1981-09-30,16.6
TSMixup_245,1981-12-31,17.2
TSMixup_245,1982-03-31,17.0
TSMixup_245,1982-06-30,16.8
TSMixup_245,1982-09-30,17.2
TSMixup_245,1982-12-31,17.3
TSMixup_245,1983-03-31,17.4
TSMixup_245,1983-06-30,17.2
TSMixup_245,1983-09-30,17.4
TSMixup_245,1983-12-31,17.1
TSMixup_245,1984-03-31,17.7
TSMixup_245,1984-06-30,17.7
TSMixup_245,1984-09-30,17.7
TSMixup_245,1984-12-31,17.8
TSMixup_245,1985-03-31,17.5
TSMixup_245,1985-06-30,17.6
TSMixup_245,1985-09-30,17.4
TSMixup_245,1985-12-31,17.4
TSMixup_245,1986-03-31,17.8
TSMixup_245,1986-06-30,17.4
TSMixup_246,1971-12-31,8699.0
TSMixup_246,1972-03-31,8830.0
TSMixup_246,1972-06-30,8955.0
TSMixup_246,1972-09-30,9132.0
TSMixup_246,1972-12-31,9197.0
TSMixup_246,1973-03-31,9531.0
TSMixup_246,1973-06-30,9571.0
TSMixup_246,1973-09-30,9864.0
TSMixup_246,1973-12-31,9969.0
TSMixup_246,1974-03-31,10091.0
TSMixup_246,1974-06-30,10259.0
TSMixup_246,1974-09-30,10536.0
TSMixup_246,1974-12-31,10964.0
TSMixup_246,1975-03-31,10871.0
TSMixup_246,1975-06-30,11457.0
TSMixup_246,1975-09-30,11436.0
TSMixup_246,1975-12-31,11757.0
TSMixup_246,1976-03-31,12236.0
TSMixup_246,1976-06-30,12325.0
TSMixup_246,1976-09-30,12618.0
TSMixup_246,1976-12-31,12815.0
TSMixup_246,1977-03-31,13149.0
TSMixup_246,1977-06-30,13476.0
TSMixup_246,1977-09-30,13868.0
TSMixup_246,1977-12-31,14027.0
TSMixup_246,1978-03-31,14416.0
TSMixup_246,1978-06-30,14710.0
TSMixup_246,1978-09-30,15058.0
TSMixup_246,1978-12-31,15574.0
TSMixup_246,1979-03-31,15930.0
TSMixup_246,1979-06-30,16497.0
TSMixup_246,1979-09-30,17050.0
TSMixup_246,1979-12-31,17278.0
TSMixup_246,1980-03-31,17627.0
TSMixup_246,1980-06-30,17696.0
TSMixup_246,1980-09-30,17924.0
TSMixup_246,1980-12-31,18316.0
TSMixup_246,1981-03-31,18421.0
TSMixup_246,1981-06-30,19019.0
TSMixup_246,1981-09-30,19161.0
TSMixup_246,1981-12-31,19646.0
TSMixup_246,1982-03-31,20396.0
TSMixup_246,1982-06-30,20725.0
TSMixup_247,1978-06-30,18345.0
TSMixup_247,1978-09-30,17017.0
TSMixup_247,1978-12-31,24608.0
TSMixup_247,1979-03-31,19028.0
TSMixup_247,1979-06-30,30532.0
TSMixup_247,1979-09-30,23503.0
TSMixup_247,1979-12-31,21785.0
TSMixup_247,1980-03-31,14050.0
TSMixup_247,1980-06-30,20753.0
TSMixup_247,1980-09-30,11280.0
TSMixup_247,1980-12-31,14190.0
TSMixup_247,1981-03-31,8213.0
TSMixup_247,1981-06-30,11881.0
TSMixup_247,1981-09-30,7550.0
TSMixup_247,1981-12-31,7821.0
TSMixup_247,1982-03-31,7000.0
TSMixup_247,1982-06-30,9408.0
TSMixup_248,1978-06-30,599693.0
TSMixup_248,1978-09-30,575521.0
TSMixup_248,1978-12-31,590463.0
TSMixup_248,1979-03-31,609949.0
TSMixup_248,1979-06-30,644709.0
TSMixup_248,1979-09-30,629433.0
TSMixup_248,1979-12-31,638831.0
TSMixup_248,1980-03-31,677068.0
TSMixup_248,1980-06-30,676087.0
TSMixup_248,1980-09-30,652228.0
TSMixup_248,1980-12-31,664460.0
TSMixup_248,1981-03-31,716446.0
TSMixup_248,1981-06-30,692346.0
TSMixup_249,1978-06-30,19168.0
TSMixup_249,1978-09-30,16279.0
TSMixup_249,1978-12-31,12767.0
TSMixup_249,1979-03-31,13116.0
TSMixup_249,1979-06-30,13141.0
TSMixup_249,1979-09-30,15385.0
TSMixup_249,1979-12-31,14279.0
TSMixup_249,1980-03-31,17802.0
TSMixup_249,1980-06-30,19297.0
TSMixup_249,1980-09-30,20983.0
TSMixup_249,1980-12-31,18198.0
TSMixup_249,1981-03-31,17533.0
TSMixup_249,1981-06-30,16297.0
TSMixup_249,1981-09-30,17888.0
TSMixup_249,1981-12-31,16737.0
TSMixup_250,1964-12-31,72.0
TSMixup_250,1965-03-31,87.0
TSMixup_250,1965-06-30,87.0
TSMixup_250,1965-09-30,89.0
TSMixup_250,1965-12-31,76.0
TSMixup_250,1966-03-31,93.0
TSMixup_250,1966-06-30,95.0
TSMixup_250,1966-09-30,95.0
TSMixup_250,1966-12-31,79.0
TSMixup_250,1967-03-31,93.0
TSMixup_250,1967-06-30,91.0
TSMixup_250,1967-09-30,95.0
TSMixup_250,1967-12-31,80.0
TSMixup_250,1968-03-31,100.0
TSMixup_250,1968-06-30,100.0
TSMixup_250,1968-09-30,104.0
TSMixup_250,1968-12-31,88.0
TSMixup_250,1969-03-31,108.0
TSMixup_250,1969-06-30,107.0
TSMixup_250,1969-09-30,109.0
TSMixup_250,1969-12-31,92.0
TSMixup_250,1970-03-31,114.0
TSMixup_251,1976-12-31,23.0
TSMixup_251,1977-03-31,24.0
TSMixup_251,1977-06-30,27.0
TSMixup_251,1977-09-30,30.0
TSMixup_251,1977-12-31,32.0
TSMixup_251,1978-03-31,30.0
TSMixup_251,1978-06-30,26.0
TSMixup_251,1978-09-30,25.0
TSMixup_251,1978-12-31,23.0
TSMixup_251,1979-03-31,22.0
TSMixup_251,1979-06-30,22.0
TSMixup_251,1979-09-30,22.0
TSMixup_251,1979-12-31,23.0
TSMixup_251,1980-03-31,37.0
TSMixup_251,1980-06-30,47.0
TSMixup_251,1980-09-30,62.0
TSMixup_251,1980-12-31,68.0
TSMixup_251,1981-03-31,75.0
TSMixup_251,1981-06-30,75.0
TSMixup_251,1981-09-30,73.0
TSMixup_251,1981-12-31,75.0
TSMixup_251,1982-03-31,76.0
TSMixup_251,1982-06-30,86.0
TSMixup_251,1982-09-30,91.0
TSMixup_251,1982-12-31,95.0
TSMixup_251,1983-03-31,90.0
TSMixup_252,1977-12-31,440.0
TSMixup_252,1978-03-31,440.0
TSMixup_252,1978-06-30,450.0
TSMixup_252,1978-09-30,458.0
TSMixup_252,1978-12-31,494.0
TSMixup_252,1979-03-31,523.0
TSMixup_252,1979-06-30,535.0
TSMixup_252,1979-09-30,533.0
TSMixup_252,1979-12-31,578.0
TSMixup_252,1980-03-31,580.0
TSMixup_252,1980-06-30,618.0
TSMixup_252,1980-09-30,606.0
TSMixup_252,1980-12-31,669.0
TSMixup_252,1981-03-31,658.0
TSMixup_253,1978-06-30,136438.0
TSMixup_253,1978-09-30,140678.0
TSMixup_253,1978-12-31,141776.0
TSMixup_253,1979-03-31,139013.0
TSMixup_253,1979-06-30,139253.0
TSMixup_253,1979-09-30,127343.0
TSMixup_253,1979-12-31,128280.0
TSMixup_253,1980-03-31,132334.0
TSMixup_253,1980-06-30,129097.0
TSMixup_253,1980-09-30,134017.0
TSMixup_253,1980-12-31,135847.0
TSMixup_253,1981-03-31,136255.0
TSMixup_253,1981-06-30,137240.0
TSMixup_253,1981-09-30,138232.0
TSMixup_253,1981-12-31,146270.0
TSMixup_253,1982-03-31,148904.0
TSMixup_253,1982-06-30,147056.0
TSMixup_253,1982-09-30,150830.0
TSMixup_253,1982-12-31,155579.0
TSMixup_254,1976-12-31,13.9
TSMixup_254,1977-03-31,15.6
TSMixup_254,1977-06-30,15.2
TSMixup_254,1977-09-30,15.1
TSMixup_254,1977-12-31,16.0
TSMixup_254,1978-03-31,15.8
TSMixup_254,1978-06-30,14.6
TSMixup_254,1978-09-30,15.5
TSMixup_254,1978-12-31,15.5
TSMixup_254,1979-03-31,15.2
TSMixup_254,1979-06-30,15.4
TSMixup_254,1979-09-30,15.7
TSMixup_254,1979-12-31,15.6
TSMixup_254,1980-03-31,15.8
TSMixup_254,1980-06-30,16.1
TSMixup_254,1980-09-30,16.1
TSMixup_254,1980-12-31,16.1
TSMixup_254,1981-03-31,17.4
TSMixup_254,1981-06-30,15.2
TSMixup_254,1981-09-30,14.7
TSMixup_254,1981-12-31,14.8
TSMixup_254,1982-03-31,14.7
TSMixup_254,1982-06-30,13.5
TSMixup_254,1982-09-30,16.3
TSMixup_254,1982-12-31,16.7
TSMixup_254,1983-03-31,16.7
TSMixup_254,1983-06-30,17.5
TSMixup_254,1983-09-30,17.3
TSMixup_254,1983-12-31,17.8
TSMixup_254,1984-03-31,16.8
TSMixup_254,1984-06-30,16.9
TSMixup_254,1984-09-30,16.3
TSMixup_254,1984-12-31,16.6
TSMixup_254,1985-03-31,17.1
TSMixup_254,1985-06-30,15.7
TSMixup_254,1985-09-30,17.3
TSMixup_254,1985-12-31,17.9
TSMixup_254,1986-03-31,17.5
TSMixup_254,1986-06-30,17.7
TSMixup_254,1986-09-30,17.9
TSMixup_255,1975-12-31,63.0
TSMixup_255,1976-03-31,67.0
TSMixup_255,1976-06-30,70.0
TSMixup_255,1976-09-30,71.0
TSMixup_255,1976-12-31,69.0
TSMixup_255,1977-03-31,75.0
TSMixup_255,1977-06-30,80.0
TSMixup_255,1977-09-30,79.0
TSMixup_255,1977-12-31,74.0
TSMixup_255,1978-03-31,80.0
TSMixup_255,1978-06-30,82.0
TSMixup_255,1978-09-30,80.0
TSMixup_255,1978-12-31,75.0
TSMixup_255,1979-03-31,80.0
TSMixup_255,1979-06-30,82.0
TSMixup_255,1979-09-30,84.0
TSMixup_255,1979-12-31,80.0
TSMixup_255,1980-03-31,85.0
TSMixup_255,1980-06-30,87.0
TSMixup_255,1980-09-30,87.0
TSMixup_255,1980-12-31,82.0
TSMixup_255,1981-03-31,89.0
TSMixup_255,1981-06-30,93.0
TSMixup_255,1981-09-30,94.0
TSMixup_255,1981-12-31,89.0
TSMixup_255,1982-03-31,95.0
TSMixup_255,1982-06-30,99.0
TSMixup_255,1982-09-30,99.0
TSMixup_255,1982-12-31,94.0
TSMixup_255,1983-03-31,101.0
TSMixup_255,1983-06-30,101.0
TSMixup_255,1983-09-30,103.0
TSMixup_255,1983-12-31,97.0
TSMixup_255,1984-03-31,104.0
TSMixup_255,1984-06-30,107.0
TSMixup_255,1984-09-30,106.0
TSMixup_255,1984-12-31,94.0
TSMixup_255,1985-03-31,105.0
TSMixup_255,1985-06-30,109.0
TSMixup_255,1985-09-30,112.0
TSMixup_256,1975-12-31,407.0
TSMixup_256,1976-03-31,2334.0
TSMixup_256,1976-06-30,3426.0
TSMixup_256,1976-09-30,1585.0
TSMixup_256,1976-12-31,388.0
TSMixup_256,1977-03-31,2178.0
TSMixup_256,1977-06-30,2083.0
TSMixup_256,1977-09-30,1892.0
TSMixup_256,1977-12-31,622.0
TSMixup_256,1978-03-31,675.0
TSMixup_256,1978-06-30,1073.0
TSMixup_256,1978-09-30,724.0
TSMixup_256,1978-12-31,735.0
TSMixup_256,1979-03-31,4049.0
TSMixup_257,1976-12-31,7.0
TSMixup_257,1977-03-31,6.0
TSMixup_257,1977-06-30,7.0
TSMixup_257,1977-09-30,6.0
TSMixup_257,1977-12-31,9.0
TSMixup_257,1978-03-31,10.0
TSMixup_257,1978-06-30,13.0
TSMixup_257,1978-09-30,14.0
TSMixup_257,1978-12-31,14.0
TSMixup_257,1979-03-31,15.0
TSMixup_257,1979-06-30,16.0
TSMixup_257,1979-09-30,18.0
TSMixup_257,1979-12-31,20.0
TSMixup_257,1980-03-31,28.0
TSMixup_257,1980-06-30,32.0
TSMixup_257,1980-09-30,35.0
TSMixup_257,1980-12-31,36.0
TSMixup_257,1981-03-31,36.0
TSMixup_257,1981-06-30,39.0
TSMixup_257,1981-09-30,45.0
TSMixup_257,1981-12-31,54.0
TSMixup_258,1976-12-31,7.0
TSMixup_258,1977-03-31,7.0
TSMixup_258,1977-06-30,8.0
TSMixup_258,1977-09-30,7.0
TSMixup_258,1977-12-31,7.0
TSMixup_258,1978-03-31,7.0
TSMixup_258,1978-06-30,7.0
TSMixup_258,1978-09-30,7.0
TSMixup_258,1978-12-31,6.0
TSMixup_258,1979-03-31,7.0
TSMixup_258,1979-06-30,6.0
TSMixup_258,1979-09-30,9.0
TSMixup_258,1979-12-31,10.0
TSMixup_258,1980-03-31,13.0
TSMixup_258,1980-06-30,14.0
TSMixup_258,1980-09-30,14.0
TSMixup_258,1980-12-31,15.0
TSMixup_258,1981-03-31,16.0
TSMixup_258,1981-06-30,18.0
TSMixup_258,1981-09-30,20.0
TSMixup_259,1969-12-31,88.4
TSMixup_259,1970-03-31,88.0
TSMixup_259,1970-06-30,87.0
TSMixup_259,1970-09-30,85.3
TSMixup_259,1970-12-31,89.5
TSMixup_259,1971-03-31,91.8
TSMixup_259,1971-06-30,93.8
TSMixup_259,1971-09-30,92.7
TSMixup_259,1971-12-31,96.1
TSMixup_259,1972-03-31,97.0
TSMixup_259,1972-06-30,96.5
TSMixup_259,1972-09-30,96.1
TSMixup_259,1972-12-31,100.2
TSMixup_259,1973-03-31,101.5
TSMixup_259,1973-06-30,102.2
TSMixup_259,1973-09-30,101.6
TSMixup_259,1973-12-31,106.0
TSMixup_259,1974-03-31,107.2
TSMixup_259,1974-06-30,108.6
TSMixup_259,1974-09-30,109.0
TSMixup_259,1974-12-31,111.4
TSMixup_259,1975-03-31,113.4
TSMixup_259,1975-06-30,115.6
TSMixup_260,1971-12-31,108.0
TSMixup_260,1972-03-31,117.0
TSMixup_260,1972-06-30,122.0
TSMixup_260,1972-09-30,124.0
TSMixup_260,1972-12-31,127.0
TSMixup_260,1973-03-31,147.0
TSMixup_260,1973-06-30,160.0
TSMixup_260,1973-09-30,161.0
TSMixup_260,1973-12-31,147.0
TSMixup_260,1974-03-31,139.0
TSMixup_260,1974-06-30,149.0
TSMixup_260,1974-09-30,163.0
TSMixup_260,1974-12-31,159.0
TSMixup_260,1975-03-31,168.0
TSMixup_260,1975-06-30,184.0
TSMixup_260,1975-09-30,201.0
TSMixup_260,1975-12-31,194.0
TSMixup_260,1976-03-31,201.0
TSMixup_260,1976-06-30,194.0
TSMixup_260,1976-09-30,193.0
TSMixup_260,1976-12-31,190.0
TSMixup_260,1977-03-31,193.0
TSMixup_260,1977-06-30,208.0
TSMixup_260,1977-09-30,212.0
TSMixup_260,1977-12-31,191.0
TSMixup_260,1978-03-31,219.0
TSMixup_260,1978-06-30,270.0
TSMixup_260,1978-09-30,268.0
TSMixup_260,1978-12-31,260.0
TSMixup_260,1979-03-31,251.0
TSMixup_260,1979-06-30,285.0
TSMixup_260,1979-09-30,287.0
TSMixup_260,1979-12-31,302.0
TSMixup_260,1980-03-31,298.0
TSMixup_260,1980-06-30,315.0
TSMixup_260,1980-09-30,302.0
TSMixup_260,1980-12-31,307.0
TSMixup_260,1981-03-31,358.0
TSMixup_260,1981-06-30,363.0
TSMixup_260,1981-09-30,361.0
TSMixup_260,1981-12-31,337.0
TSMixup_260,1982-03-31,375.0
TSMixup_260,1982-06-30,385.0
TSMixup_260,1982-09-30,404.0
TSMixup_260,1982-12-31,402.0
TSMixup_261,1960-12-31,18.0
TSMixup_261,1961-03-31,19.0
TSMixup_261,1961-06-30,15.0
TSMixup_261,1961-09-30,11.0
TSMixup_261,1961-12-31,8.0
TSMixup_261,1962-03-31,8.0
TSMixup_261,1962-06-30,7.0
TSMixup_261,1962-09-30,7.0
TSMixup_261,1962-12-31,9.0
TSMixup_261,1963-03-31,12.0
TSMixup_261,1963-06-30,21.0
TSMixup_261,1963-09-30,25.0
TSMixup_261,1963-12-31,26.0
TSMixup_261,1964-03-31,37.0
TSMixup_261,1964-06-30,51.0
TSMixup_261,1964-09-30,49.0
TSMixup_261,1964-12-31,46.0
TSMixup_261,1965-03-31,55.0
TSMixup_261,1965-06-30,59.0
TSMixup_261,1965-09-30,52.0
TSMixup_261,1965-12-31,46.0
TSMixup_261,1966-03-31,44.0
TSMixup_261,1966-06-30,39.0
TSMixup_261,1966-09-30,33.0
TSMixup_261,1966-12-31,33.0
TSMixup_261,1967-03-31,36.0
TSMixup_261,1967-06-30,41.0
TSMixup_261,1967-09-30,46.0
TSMixup_261,1967-12-31,58.0
TSMixup_261,1968-03-31,64.0
TSMixup_261,1968-06-30,66.0
TSMixup_261,1968-09-30,62.0
TSMixup_261,1968-12-31,61.0
TSMixup_261,1969-03-31,66.0
TSMixup_261,1969-06-30,67.0
TSMixup_261,1969-09-30,58.0
TSMixup_261,1969-12-31,54.0
TSMixup_261,1970-03-31,55.0
TSMixup_261,1970-06-30,53.0
TSMixup_261,1970-09-30,47.0
TSMixup_261,1970-12-31,40.0
TSMixup_261,1971-03-31,34.0
TSMixup_261,1971-06-30,30.0
TSMixup_261,1971-09-30,24.0
TSMixup_261,1971-12-31,21.0
TSMixup_261,1972-03-31,18.0
TSMixup_261,1972-06-30,18.0
TSMixup_262,1978-12-31,105.5
TSMixup_262,1979-03-31,109.9
TSMixup_262,1979-06-30,63.0
TSMixup_262,1979-09-30,80.3
TSMixup_262,1979-12-31,114.7
TSMixup_262,1980-03-31,114.0
TSMixup_262,1980-06-30,91.9
TSMixup_262,1980-09-30,123.6
TSMixup_262,1980-12-31,145.1
TSMixup_262,1981-03-31,148.0
TSMixup_262,1981-06-30,159.4
TSMixup_262,1981-09-30,140.9
TSMixup_263,1969-12-31,147.0
TSMixup_263,1970-03-31,139.0
TSMixup_263,1970-06-30,149.0
TSMixup_263,1970-09-30,163.0
TSMixup_263,1970-12-31,159.0
TSMixup_263,1971-03-31,168.0
TSMixup_263,1971-06-30,184.0
TSMixup_263,1971-09-30,201.0
TSMixup_263,1971-12-31,194.0
TSMixup_263,1972-03-31,201.0
TSMixup_263,1972-06-30,194.0
TSMixup_263,1972-09-30,193.0
TSMixup_263,1972-12-31,190.0
TSMixup_263,1973-03-31,193.0
TSMixup_263,1973-06-30,208.0
TSMixup_263,1973-09-30,212.0
TSMixup_264,1962-12-31,104.0
TSMixup_264,1963-03-31,105.0
TSMixup_264,1963-06-30,113.0
TSMixup_264,1963-09-30,113.0
TSMixup_264,1963-12-31,106.0
TSMixup_264,1964-03-31,100.0
TSMixup_264,1964-06-30,118.0
TSMixup_264,1964-09-30,124.0
TSMixup_264,1964-12-31,139.0
TSMixup_264,1965-03-31,137.0
TSMixup_264,1965-06-30,137.0
TSMixup_264,1965-09-30,136.0
TSMixup_264,1965-12-31,130.0
TSMixup_264,1966-03-31,137.0
TSMixup_264,1966-06-30,142.0
TSMixup_264,1966-09-30,151.0
TSMixup_264,1966-12-31,155.0
TSMixup_265,1977-12-31,678.0
TSMixup_265,1978-03-31,690.0
TSMixup_265,1978-06-30,730.0
TSMixup_265,1978-09-30,726.0
TSMixup_265,1978-12-31,664.0
TSMixup_265,1979-03-31,607.0
TSMixup_265,1979-06-30,568.0
TSMixup_265,1979-09-30,528.0
TSMixup_265,1979-12-31,520.0
TSMixup_265,1980-03-31,476.0
TSMixup_265,1980-06-30,452.0
TSMixup_265,1980-09-30,437.0
TSMixup_265,1980-12-31,421.0
TSMixup_265,1981-03-31,425.0
TSMixup_265,1981-06-30,477.0
TSMixup_265,1981-09-30,521.0
TSMixup_265,1981-12-31,464.0
TSMixup_265,1982-03-31,447.0
TSMixup_266,1975-12-31,82.0
TSMixup_266,1976-03-31,65.0
TSMixup_266,1976-06-30,83.0
TSMixup_266,1976-09-30,83.0
TSMixup_266,1976-12-31,85.0
TSMixup_266,1977-03-31,67.0
TSMixup_266,1977-06-30,85.0
TSMixup_266,1977-09-30,85.0
TSMixup_266,1977-12-31,86.0
TSMixup_266,1978-03-31,68.0
TSMixup_266,1978-06-30,86.0
TSMixup_266,1978-09-30,102.0
TSMixup_266,1978-12-31,109.0
TSMixup_266,1979-03-31,82.0
TSMixup_266,1979-06-30,109.0
TSMixup_266,1979-09-30,102.0
TSMixup_266,1979-12-31,109.0
TSMixup_266,1980-03-31,77.0
TSMixup_266,1980-06-30,98.0
TSMixup_266,1980-09-30,93.0
TSMixup_266,1980-12-31,96.0
TSMixup_266,1981-03-31,71.0
TSMixup_266,1981-06-30,101.0
TSMixup_266,1981-09-30,107.0
TSMixup_266,1981-12-31,108.0
TSMixup_266,1982-03-31,80.0
TSMixup_266,1982-06-30,106.0
TSMixup_266,1982-09-30,103.0
TSMixup_266,1982-12-31,102.0
TSMixup_266,1983-03-31,73.0
TSMixup_266,1983-06-30,96.0
TSMixup_266,1983-09-30,100.0
TSMixup_266,1983-12-31,93.0
TSMixup_266,1984-03-31,76.0
TSMixup_266,1984-06-30,110.0
TSMixup_266,1984-09-30,112.0
TSMixup_266,1984-12-31,115.0
TSMixup_266,1985-03-31,80.0
TSMixup_266,1985-06-30,108.0
TSMixup_266,1985-09-30,110.0
TSMixup_266,1985-12-31,109.0
TSMixup_267,1976-12-31,82.0
TSMixup_267,1977-03-31,82.0
TSMixup_267,1977-06-30,83.0
TSMixup_267,1977-09-30,83.0
TSMixup_267,1977-12-31,86.0
TSMixup_267,1978-03-31,87.0
TSMixup_267,1978-06-30,89.0
TSMixup_267,1978-09-30,91.0
TSMixup_267,1978-12-31,93.0
TSMixup_267,1979-03-31,95.0
TSMixup_267,1979-06-30,97.0
TSMixup_267,1979-09-30,97.0
TSMixup_267,1979-12-31,97.0
TSMixup_267,1980-03-31,100.0
TSMixup_267,1980-06-30,100.0
TSMixup_267,1980-09-30,100.0
TSMixup_267,1980-12-31,100.0
TSMixup_267,1981-03-31,101.0
TSMixup_267,1981-06-30,102.0
TSMixup_267,1981-09-30,102.0
TSMixup_267,1981-12-31,101.0
TSMixup_267,1982-03-31,103.0
TSMixup_267,1982-06-30,106.0
TSMixup_267,1982-09-30,106.0
TSMixup_267,1982-12-31,110.0
TSMixup_267,1983-03-31,112.0
TSMixup_267,1983-06-30,114.0
TSMixup_268,1975-12-31,14.5
TSMixup_268,1976-03-31,14.91
TSMixup_268,1976-06-30,15.38
TSMixup_268,1976-09-30,15.6
TSMixup_268,1976-12-31,15.93
TSMixup_268,1977-03-31,16.87
TSMixup_268,1977-06-30,18.07
TSMixup_268,1977-09-30,17.58
TSMixup_268,1977-12-31,18.26
TSMixup_268,1978-03-31,18.74
TSMixup_268,1978-06-30,19.22
TSMixup_268,1978-09-30,19.66
TSMixup_268,1978-12-31,21.24
TSMixup_268,1979-03-31,22.26
TSMixup_268,1979-06-30,23.14
TSMixup_268,1979-09-30,23.22
TSMixup_268,1979-12-31,22.17
TSMixup_268,1980-03-31,19.38
TSMixup_268,1980-06-30,20.5
TSMixup_268,1980-09-30,21.35
TSMixup_268,1980-12-31,21.45
TSMixup_268,1981-03-31,24.39
TSMixup_268,1981-06-30,22.6
TSMixup_268,1981-09-30,23.51
TSMixup_268,1981-12-31,25.23
TSMixup_268,1982-03-31,25.61
TSMixup_268,1982-06-30,27.12
TSMixup_268,1982-09-30,26.31
TSMixup_268,1982-12-31,24.98
TSMixup_268,1983-03-31,23.94
TSMixup_268,1983-06-30,21.7
TSMixup_268,1983-09-30,21.61
TSMixup_268,1983-12-31,22.05
TSMixup_268,1984-03-31,22.37
TSMixup_269,1978-06-30,3836.0
TSMixup_269,1978-09-30,3695.0
TSMixup_269,1978-12-31,4053.0
TSMixup_269,1979-03-31,4531.0
TSMixup_269,1979-06-30,4203.0
TSMixup_269,1979-09-30,2816.0
TSMixup_269,1979-12-31,5820.0
TSMixup_269,1980-03-31,5963.0
TSMixup_269,1980-06-30,6547.0
TSMixup_269,1980-09-30,5778.0
TSMixup_269,1980-12-31,5102.0
TSMixup_269,1981-03-31,5374.0
TSMixup_269,1981-06-30,6742.0
TSMixup_269,1981-09-30,8400.0
TSMixup_269,1981-12-31,12085.0
TSMixup_269,1982-03-31,10568.0
TSMixup_269,1982-06-30,12203.0
TSMixup_269,1982-09-30,10882.0
TSMixup_269,1982-12-31,11246.0
TSMixup_269,1983-03-31,9756.0
TSMixup_269,1983-06-30,9617.0
TSMixup_269,1983-09-30,7076.0
TSMixup_269,1983-12-31,12625.0
TSMixup_269,1984-03-31,14519.0
TSMixup_269,1984-06-30,7190.0
TSMixup_269,1984-09-30,7912.0
TSMixup_270,1975-12-31,220.8
TSMixup_270,1976-03-31,221.5
TSMixup_270,1976-06-30,222.3
TSMixup_270,1976-09-30,224.1
TSMixup_270,1976-12-31,224.2
TSMixup_270,1977-03-31,228.2
TSMixup_270,1977-06-30,232.2
TSMixup_270,1977-09-30,236.1
TSMixup_270,1977-12-31,236.7
TSMixup_270,1978-03-31,239.3
TSMixup_270,1978-06-30,240.9
TSMixup_270,1978-09-30,244.1
TSMixup_270,1978-12-31,251.8
TSMixup_270,1979-03-31,253.5
TSMixup_270,1979-06-30,255.4
TSMixup_270,1979-09-30,257.2
TSMixup_271,1977-09-30,127.23
TSMixup_271,1977-12-31,125.24
TSMixup_271,1978-03-31,126.04
TSMixup_271,1978-06-30,134.61
TSMixup_271,1978-09-30,154.15
TSMixup_271,1978-12-31,170.11
TSMixup_271,1979-03-31,219.96
TSMixup_271,1979-06-30,240.9
TSMixup_271,1979-09-30,240.9
TSMixup_271,1979-12-31,240.9
TSMixup_271,1980-03-31,215.98
TSMixup_271,1980-06-30,175.49
TSMixup_271,1980-09-30,162.13
TSMixup_271,1980-12-31,160.93
TSMixup_271,1981-03-31,160.93
TSMixup_271,1981-06-30,160.93
TSMixup_271,1981-09-30,162.33
TSMixup_271,1981-12-31,165.32
TSMixup_271,1982-03-31,166.72
TSMixup_271,1982-06-30,170.51
TSMixup_271,1982-09-30,170.51
TSMixup_271,1982-12-31,170.51
TSMixup_271,1983-03-31,171.3
TSMixup_271,1983-06-30,173.1
TSMixup_271,1983-09-30,173.1
TSMixup_271,1983-12-31,172.7
TSMixup_271,1984-03-31,173.1
TSMixup_271,1984-06-30,173.1
TSMixup_271,1984-09-30,173.1
TSMixup_271,1984-12-31,173.1
TSMixup_271,1985-03-31,176.49
TSMixup_271,1985-06-30,178.09
TSMixup_271,1985-09-30,178.09
TSMixup_271,1985-12-31,178.09
TSMixup_271,1986-03-31,176.09
TSMixup_271,1986-06-30,172.1
TSMixup_271,1986-09-30,168.11
TSMixup_271,1986-12-31,159.94
TSMixup_271,1987-03-31,159.94
TSMixup_271,1987-06-30,159.94
TSMixup_271,1987-09-30,159.94
TSMixup_271,1987-12-31,159.94
TSMixup_271,1988-03-31,159.94
TSMixup_271,1988-06-30,159.94
TSMixup_271,1988-09-30,159.94
TSMixup_271,1988-12-31,159.94
TSMixup_271,1989-03-31,159.94
TSMixup_271,1989-06-30,159.94
TSMixup_271,1989-09-30,159.94
TSMixup_271,1989-12-31,159.54
TSMixup_271,1990-03-31,159.14
TSMixup_271,1990-06-30,159.14
TSMixup_271,1990-09-30,159.14
TSMixup_271,1990-12-31,159.14
TSMixup_271,1991-03-31,159.14
TSMixup_271,1991-06-30,159.14
TSMixup_271,1991-09-30,161.13
TSMixup_271,1991-12-31,161.13
TSMixup_271,1992-03-31,166.32
TSMixup_271,1992-06-30,166.32
TSMixup_271,1992-09-30,166.32
TSMixup_271,1992-12-31,166.32
TSMixup_271,1993-03-31,166.32
TSMixup_271,1993-06-30,171.1
TSMixup_271,1993-09-30,171.1
TSMixup_271,1993-12-31,171.1
TSMixup_271,1994-03-31,172.1
TSMixup_271,1994-06-30,174.3
TSMixup_271,1994-09-30,174.3
TSMixup_271,1994-12-31,174.3
TSMixup_271,1995-03-31,174.3
TSMixup_271,1995-06-30,174.3
TSMixup_271,1995-09-30,174.3
TSMixup_271,1995-12-31,174.3
TSMixup_271,1996-03-31,174.3
TSMixup_272,1900-03-31,49954.0
TSMixup_272,1900-06-30,16602.0
TSMixup_272,1900-09-30,23786.0
TSMixup_272,1900-12-31,13457.0
TSMixup_272,1901-03-31,10060.0
TSMixup_272,1901-06-30,9205.0
TSMixup_272,1901-09-30,7748.0
TSMixup_272,1901-12-31,15326.0
TSMixup_272,1902-03-31,8336.0
TSMixup_272,1902-06-30,12782.0
TSMixup_272,1902-09-30,13336.0
TSMixup_272,1902-12-31,8841.0
TSMixup_272,1903-03-31,54892.0
TSMixup_272,1903-06-30,14137.0
TSMixup_272,1903-09-30,19871.0
TSMixup_272,1903-12-31,17102.0
TSMixup_272,1904-03-31,10254.0
TSMixup_272,1904-06-30,17377.0
TSMixup_272,1904-09-30,10053.0
TSMixup_272,1904-12-31,16140.0
TSMixup_272,1905-03-31,6732.0
TSMixup_272,1905-06-30,10103.0
TSMixup_272,1905-09-30,13419.0
TSMixup_272,1905-12-31,20000.0
TSMixup_272,1906-03-31,27525.0
TSMixup_272,1906-06-30,16173.0
TSMixup_272,1906-09-30,22354.0
TSMixup_272,1906-12-31,17790.0
TSMixup_272,1907-03-31,11476.0
TSMixup_272,1907-06-30,8481.0
TSMixup_272,1907-09-30,11525.0
TSMixup_272,1907-12-31,6662.0
TSMixup_272,1908-03-31,10201.0
TSMixup_272,1908-06-30,14141.0
TSMixup_272,1908-09-30,9377.0
TSMixup_272,1908-12-31,6049.0
TSMixup_272,1909-03-31,38224.0
TSMixup_273,1975-12-31,522.0
TSMixup_273,1976-03-31,535.7
TSMixup_273,1976-06-30,544.7
TSMixup_273,1976-09-30,555.0
TSMixup_273,1976-12-31,561.4
TSMixup_273,1977-03-31,568.2
TSMixup_273,1977-06-30,574.3
TSMixup_273,1977-09-30,582.7
TSMixup_273,1977-12-31,593.3
TSMixup_273,1978-03-31,604.8
TSMixup_273,1978-06-30,617.8
TSMixup_273,1978-09-30,626.0
TSMixup_273,1978-12-31,636.1
TSMixup_273,1979-03-31,639.9
TSMixup_273,1979-06-30,654.3
TSMixup_273,1979-09-30,669.7
TSMixup_273,1979-12-31,684.7
TSMixup_273,1980-03-31,705.6
TSMixup_273,1980-06-30,722.2
TSMixup_273,1980-09-30,732.2
TSMixup_273,1980-12-31,746.0
TSMixup_273,1981-03-31,754.2
TSMixup_273,1981-06-30,765.2
TSMixup_273,1981-09-30,779.7
TSMixup_273,1981-12-31,792.9
TSMixup_273,1982-03-31,807.0
TSMixup_273,1982-06-30,832.0
TSMixup_273,1982-09-30,851.4
TSMixup_273,1982-12-31,872.1
TSMixup_273,1983-03-31,887.6
TSMixup_273,1983-06-30,904.3
TSMixup_273,1983-09-30,918.3
TSMixup_273,1983-12-31,935.0
TSMixup_273,1984-03-31,947.1
TSMixup_273,1984-06-30,961.7
TSMixup_273,1984-09-30,972.3
TSMixup_273,1984-12-31,986.8
TSMixup_274,1971-12-31,65.0
TSMixup_274,1972-03-31,71.0
TSMixup_274,1972-06-30,70.0
TSMixup_274,1972-09-30,74.0
TSMixup_274,1972-12-31,69.0
TSMixup_274,1973-03-31,71.0
TSMixup_274,1973-06-30,66.0
TSMixup_274,1973-09-30,69.0
TSMixup_274,1973-12-31,64.0
TSMixup_274,1974-03-31,71.0
TSMixup_274,1974-06-30,66.0
TSMixup_274,1974-09-30,72.0
TSMixup_274,1974-12-31,67.0
TSMixup_274,1975-03-31,72.0
TSMixup_274,1975-06-30,67.0
TSMixup_274,1975-09-30,71.0
TSMixup_274,1975-12-31,68.0
TSMixup_274,1976-03-31,80.0
TSMixup_274,1976-06-30,78.0
TSMixup_274,1976-09-30,80.0
TSMixup_274,1976-12-31,78.0
TSMixup_274,1977-03-31,85.0
TSMixup_274,1977-06-30,82.0
TSMixup_274,1977-09-30,85.0
TSMixup_274,1977-12-31,85.0
TSMixup_274,1978-03-31,93.0
TSMixup_274,1978-06-30,89.0
TSMixup_274,1978-09-30,93.0
TSMixup_274,1978-12-31,89.0
TSMixup_274,1979-03-31,99.0
TSMixup_274,1979-06-30,91.0
TSMixup_274,1979-09-30,100.0
TSMixup_274,1979-12-31,92.0
TSMixup_274,1980-03-31,101.0
TSMixup_274,1980-06-30,100.0
TSMixup_274,1980-09-30,107.0
TSMixup_274,1980-12-31,101.0
TSMixup_274,1981-03-31,111.0
TSMixup_274,1981-06-30,108.0
TSMixup_274,1981-09-30,112.0
TSMixup_274,1981-12-31,107.0
TSMixup_274,1982-03-31,116.0
TSMixup_274,1982-06-30,110.0
TSMixup_274,1982-09-30,116.0
TSMixup_274,1982-12-31,109.0
TSMixup_274,1983-03-31,115.0
TSMixup_274,1983-06-30,121.0
TSMixup_274,1983-09-30,124.0
TSMixup_274,1983-12-31,120.0
TSMixup_274,1984-03-31,134.0
TSMixup_274,1984-06-30,126.0
TSMixup_274,1984-09-30,133.0
TSMixup_274,1984-12-31,127.0
TSMixup_274,1985-03-31,148.0
TSMixup_274,1985-06-30,145.0
TSMixup_274,1985-09-30,150.0
TSMixup_275,1977-12-31,13.7
TSMixup_275,1978-03-31,10.9
TSMixup_275,1978-06-30,12.9
TSMixup_275,1978-09-30,13.9
TSMixup_275,1978-12-31,5.6
TSMixup_275,1979-03-31,5.1
TSMixup_275,1979-06-30,6.6
TSMixup_275,1979-09-30,3.7
TSMixup_275,1979-12-31,5.2
TSMixup_275,1980-03-31,16.1
TSMixup_275,1980-06-30,7.6
TSMixup_275,1980-09-30,3.5
TSMixup_275,1980-12-31,8.2
TSMixup_276,1978-06-30,10735.0
TSMixup_276,1978-09-30,4009.0
TSMixup_276,1978-12-31,4134.0
TSMixup_276,1979-03-31,5513.0
TSMixup_276,1979-06-30,12130.0
TSMixup_276,1979-09-30,9232.0
TSMixup_276,1979-12-31,14056.0
TSMixup_276,1980-03-31,8035.0
TSMixup_276,1980-06-30,18345.0
TSMixup_276,1980-09-30,17017.0
TSMixup_276,1980-12-31,24608.0
TSMixup_276,1981-03-31,19028.0
TSMixup_276,1981-06-30,30532.0
TSMixup_276,1981-09-30,23503.0
TSMixup_276,1981-12-31,21785.0
TSMixup_276,1982-03-31,14050.0
TSMixup_276,1982-06-30,20753.0
TSMixup_276,1982-09-30,11280.0
TSMixup_276,1982-12-31,14190.0
TSMixup_276,1983-03-31,8213.0
TSMixup_276,1983-06-30,11881.0
TSMixup_277,1976-09-30,55.0
TSMixup_277,1976-12-31,59.0
TSMixup_277,1977-03-31,66.0
TSMixup_277,1977-06-30,73.0
TSMixup_277,1977-09-30,79.0
TSMixup_277,1977-12-31,81.0
TSMixup_277,1978-03-31,83.0
TSMixup_277,1978-06-30,79.0
TSMixup_277,1978-09-30,79.0
TSMixup_277,1978-12-31,81.0
TSMixup_277,1979-03-31,87.0
TSMixup_277,1979-06-30,95.0
TSMixup_277,1979-09-30,108.0
TSMixup_277,1979-12-31,114.0
TSMixup_277,1980-03-31,127.0
TSMixup_277,1980-06-30,143.0
TSMixup_277,1980-09-30,108.0
TSMixup_277,1980-12-31,154.0
TSMixup_278,1976-12-31,71.0
TSMixup_278,1977-03-31,73.0
TSMixup_278,1977-06-30,73.0
TSMixup_278,1977-09-30,75.0
TSMixup_278,1977-12-31,75.0
TSMixup_278,1978-03-31,77.0
TSMixup_278,1978-06-30,77.0
TSMixup_278,1978-09-30,79.0
TSMixup_278,1978-12-31,79.0
TSMixup_278,1979-03-31,80.0
TSMixup_278,1979-06-30,81.0
TSMixup_278,1979-09-30,82.0
TSMixup_278,1979-12-31,83.0
TSMixup_278,1980-03-31,82.0
TSMixup_278,1980-06-30,82.0
TSMixup_278,1980-09-30,83.0
TSMixup_278,1980-12-31,83.0
TSMixup_278,1981-03-31,86.0
TSMixup_278,1981-06-30,87.0
TSMixup_278,1981-09-30,89.0
TSMixup_278,1981-12-31,91.0
TSMixup_278,1982-03-31,93.0
TSMixup_278,1982-06-30,95.0
TSMixup_278,1982-09-30,97.0
TSMixup_279,1977-12-31,42968.0
TSMixup_279,1978-03-31,25729.0
TSMixup_279,1978-06-30,41482.0
TSMixup_279,1978-09-30,60789.0
TSMixup_279,1978-12-31,50700.0
TSMixup_279,1979-03-31,58788.0
TSMixup_279,1979-06-30,30376.0
TSMixup_279,1979-09-30,25946.0
TSMixup_279,1979-12-31,52707.0
TSMixup_279,1980-03-31,40417.0
TSMixup_279,1980-06-30,38068.0
TSMixup_279,1980-09-30,54382.0
TSMixup_279,1980-12-31,52757.0
TSMixup_279,1981-03-31,79071.0
TSMixup_279,1981-06-30,50816.0
TSMixup_279,1981-09-30,57260.0
TSMixup_279,1981-12-31,59652.0
TSMixup_280,1973-12-31,101802.0
TSMixup_280,1974-03-31,98612.0
TSMixup_280,1974-06-30,108001.0
TSMixup_280,1974-09-30,105627.0
TSMixup_280,1974-12-31,103518.0
TSMixup_280,1975-03-31,108341.0
TSMixup_280,1975-06-30,110360.0
TSMixup_280,1975-09-30,111116.0
TSMixup_280,1975-12-31,112691.0
TSMixup_280,1976-03-31,110138.0
TSMixup_280,1976-06-30,118389.0
TSMixup_280,1976-09-30,122469.0
TSMixup_280,1976-12-31,121742.0
TSMixup_280,1977-03-31,119507.0
TSMixup_280,1977-06-30,123400.0
TSMixup_280,1977-09-30,122027.0
TSMixup_280,1977-12-31,117781.0
TSMixup_280,1978-03-31,122794.0
TSMixup_280,1978-06-30,126610.0
TSMixup_280,1978-09-30,127598.0
TSMixup_281,1976-12-31,22.0
TSMixup_281,1977-03-31,24.0
TSMixup_281,1977-06-30,24.0
TSMixup_281,1977-09-30,24.0
TSMixup_281,1977-12-31,24.0
TSMixup_281,1978-03-31,25.0
TSMixup_281,1978-06-30,28.0
TSMixup_281,1978-09-30,31.0
TSMixup_281,1978-12-31,32.0
TSMixup_281,1979-03-31,34.0
TSMixup_281,1979-06-30,34.0
TSMixup_281,1979-09-30,35.0
TSMixup_281,1979-12-31,36.0
TSMixup_281,1980-03-31,39.0
TSMixup_281,1980-06-30,41.0
TSMixup_281,1980-09-30,45.0
TSMixup_281,1980-12-31,54.0
TSMixup_281,1981-03-31,68.0
TSMixup_281,1981-06-30,98.0
TSMixup_281,1981-09-30,110.0
TSMixup_281,1981-12-31,120.0
TSMixup_281,1982-03-31,118.0
TSMixup_281,1982-06-30,113.0
TSMixup_281,1982-09-30,106.0
TSMixup_281,1982-12-31,101.0
TSMixup_281,1983-03-31,98.0
TSMixup_281,1983-06-30,100.0
TSMixup_281,1983-09-30,106.0
TSMixup_281,1983-12-31,113.0
TSMixup_281,1984-03-31,119.0
TSMixup_281,1984-06-30,124.0
TSMixup_282,1975-12-31,100.0
TSMixup_282,1976-03-31,107.0
TSMixup_282,1976-06-30,110.0
TSMixup_282,1976-09-30,101.0
TSMixup_282,1976-12-31,114.0
TSMixup_282,1977-03-31,112.0
TSMixup_282,1977-06-30,112.0
TSMixup_282,1977-09-30,102.0
TSMixup_282,1977-12-31,114.0
TSMixup_282,1978-03-31,110.0
TSMixup_282,1978-06-30,109.0
TSMixup_282,1978-09-30,96.0
TSMixup_282,1978-12-31,111.0
TSMixup_282,1979-03-31,107.0
TSMixup_282,1979-06-30,107.0
TSMixup_282,1979-09-30,94.0
TSMixup_282,1979-12-31,107.0
TSMixup_282,1980-03-31,104.0
TSMixup_282,1980-06-30,101.0
TSMixup_282,1980-09-30,88.0
TSMixup_282,1980-12-31,102.0
TSMixup_282,1981-03-31,100.0
TSMixup_282,1981-06-30,98.0
TSMixup_282,1981-09-30,87.0
TSMixup_282,1981-12-31,103.0
TSMixup_282,1982-03-31,101.0
TSMixup_282,1982-06-30,102.0
TSMixup_282,1982-09-30,91.0
TSMixup_282,1982-12-31,106.0
TSMixup_282,1983-03-31,102.0
TSMixup_282,1983-06-30,103.0
TSMixup_282,1983-09-30,90.0
TSMixup_282,1983-12-31,104.0
TSMixup_282,1984-03-31,102.0
TSMixup_282,1984-06-30,100.0
TSMixup_282,1984-09-30,89.0
TSMixup_283,1978-06-30,3520.64
TSMixup_283,1978-09-30,3598.96
TSMixup_283,1978-12-31,3847.61
TSMixup_283,1979-03-31,3716.15
TSMixup_283,1979-06-30,3765.22
TSMixup_283,1979-09-30,3573.43
TSMixup_283,1979-12-31,3645.82
TSMixup_283,1980-03-31,3440.91
TSMixup_283,1980-06-30,3719.15
TSMixup_283,1980-09-30,3689.04
TSMixup_283,1980-12-31,3802.45
TSMixup_283,1981-03-31,3933.66
TSMixup_283,1981-06-30,4189.12
TSMixup_283,1981-09-30,3924.17
TSMixup_283,1981-12-31,4300.45
TSMixup_283,1982-03-31,4323.72
TSMixup_283,1982-06-30,4502.72
TSMixup_283,1982-09-30,4345.38
TSMixup_283,1982-12-31,4759.63
TSMixup_283,1983-03-31,4253.14
TSMixup_283,1983-06-30,3402.43
TSMixup_284,1977-12-31,92247.0
TSMixup_284,1978-03-31,131645.0
TSMixup_284,1978-06-30,126483.0
TSMixup_284,1978-09-30,51310.0
TSMixup_284,1978-12-31,83240.0
TSMixup_284,1979-03-31,112739.0
TSMixup_284,1979-06-30,137303.0
TSMixup_284,1979-09-30,129242.0
TSMixup_284,1979-12-31,106438.0
TSMixup_284,1980-03-31,92942.0
TSMixup_284,1980-06-30,124449.0
TSMixup_284,1980-09-30,135476.0
TSMixup_284,1980-12-31,132365.0
TSMixup_284,1981-03-31,155102.0
TSMixup_284,1981-06-30,62847.0
TSMixup_284,1981-09-30,112943.0
TSMixup_284,1981-12-31,57202.0
TSMixup_284,1982-03-31,156416.0
TSMixup_285,1978-03-31,3144.0
TSMixup_285,1978-06-30,3976.0
TSMixup_285,1978-09-30,4099.0
TSMixup_285,1978-12-31,3900.0
TSMixup_285,1979-03-31,3640.0
TSMixup_285,1979-06-30,4100.0
TSMixup_285,1979-09-30,4137.0
TSMixup_285,1979-12-31,4517.0
TSMixup_285,1980-03-31,4184.0
TSMixup_285,1980-06-30,4700.0
TSMixup_285,1980-09-30,4433.0
TSMixup_285,1980-12-31,4441.0
TSMixup_285,1981-03-31,4161.0
TSMixup_285,1981-06-30,4953.0
TSMixup_285,1981-09-30,4909.0
TSMixup_285,1981-12-31,5373.0
TSMixup_285,1982-03-31,5231.0
TSMixup_285,1982-06-30,6072.0
TSMixup_285,1982-09-30,6300.0
TSMixup_285,1982-12-31,6653.0
TSMixup_285,1983-03-31,6010.0
TSMixup_285,1983-06-30,8112.0
TSMixup_286,1969-12-31,9.07
TSMixup_286,1970-03-31,8.93
TSMixup_286,1970-06-30,10.18
TSMixup_286,1970-09-30,8.27
TSMixup_286,1970-12-31,9.8
TSMixup_286,1971-03-31,9.71
TSMixup_286,1971-06-30,10.61
TSMixup_286,1971-09-30,8.39
TSMixup_286,1971-12-31,10.14
TSMixup_286,1972-03-31,10.4
TSMixup_286,1972-06-30,11.84
TSMixup_286,1972-09-30,10.0
TSMixup_286,1972-12-31,11.85
TSMixup_286,1973-03-31,11.7
TSMixup_286,1973-06-30,13.42
TSMixup_286,1973-09-30,11.2
TSMixup_286,1973-12-31,13.63
TSMixup_286,1974-03-31,13.65
TSMixup_286,1974-06-30,15.93
TSMixup_287,1960-12-31,26.0
TSMixup_287,1961-03-31,37.0
TSMixup_287,1961-06-30,51.0
TSMixup_287,1961-09-30,49.0
TSMixup_287,1961-12-31,46.0
TSMixup_287,1962-03-31,55.0
TSMixup_287,1962-06-30,59.0
TSMixup_287,1962-09-30,52.0
TSMixup_287,1962-12-31,46.0
TSMixup_287,1963-03-31,44.0
TSMixup_287,1963-06-30,39.0
TSMixup_287,1963-09-30,33.0
TSMixup_287,1963-12-31,33.0
TSMixup_287,1964-03-31,36.0
TSMixup_287,1964-06-30,41.0
TSMixup_287,1964-09-30,46.0
TSMixup_287,1964-12-31,58.0
TSMixup_287,1965-03-31,64.0
TSMixup_287,1965-06-30,66.0
TSMixup_287,1965-09-30,62.0
TSMixup_287,1965-12-31,61.0
TSMixup_287,1966-03-31,66.0
TSMixup_287,1966-06-30,67.0
TSMixup_287,1966-09-30,58.0
TSMixup_287,1966-12-31,54.0
TSMixup_287,1967-03-31,55.0
TSMixup_287,1967-06-30,53.0
TSMixup_287,1967-09-30,47.0
TSMixup_287,1967-12-31,40.0
TSMixup_287,1968-03-31,34.0
TSMixup_287,1968-06-30,30.0
TSMixup_287,1968-09-30,24.0
TSMixup_287,1968-12-31,21.0
TSMixup_287,1969-03-31,18.0
TSMixup_288,1976-12-31,5.43
TSMixup_288,1977-03-31,5.45
TSMixup_288,1977-06-30,5.49
TSMixup_288,1977-09-30,5.54
TSMixup_288,1977-12-31,5.57
TSMixup_288,1978-03-31,5.59
TSMixup_288,1978-06-30,5.59
TSMixup_288,1978-09-30,5.58
TSMixup_288,1978-12-31,5.54
TSMixup_288,1979-03-31,5.53
TSMixup_288,1979-06-30,5.54
TSMixup_288,1979-09-30,5.54
TSMixup_288,1979-12-31,5.56
TSMixup_288,1980-03-31,5.6
TSMixup_288,1980-06-30,5.6
TSMixup_288,1980-09-30,5.6
TSMixup_288,1980-12-31,5.59
TSMixup_288,1981-03-31,5.57
TSMixup_288,1981-06-30,5.53
TSMixup_288,1981-09-30,5.5
TSMixup_288,1981-12-31,5.48
TSMixup_288,1982-03-31,5.44
TSMixup_288,1982-06-30,5.45
TSMixup_288,1982-09-30,5.49
TSMixup_288,1982-12-31,5.54
TSMixup_288,1983-03-31,5.58
TSMixup_288,1983-06-30,5.63
TSMixup_289,1975-12-31,76.0
TSMixup_289,1976-03-31,88.0
TSMixup_289,1976-06-30,72.0
TSMixup_289,1976-09-30,76.0
TSMixup_289,1976-12-31,85.0
TSMixup_289,1977-03-31,91.0
TSMixup_289,1977-06-30,86.0
TSMixup_289,1977-09-30,92.0
TSMixup_289,1977-12-31,100.0
TSMixup_289,1978-03-31,103.0
TSMixup_289,1978-06-30,93.0
TSMixup_289,1978-09-30,88.0
TSMixup_289,1978-12-31,100.0
TSMixup_289,1979-03-31,106.0
TSMixup_289,1979-06-30,97.0
TSMixup_289,1979-09-30,98.0
TSMixup_289,1979-12-31,97.0
TSMixup_289,1980-03-31,95.0
TSMixup_289,1980-06-30,86.0
TSMixup_289,1980-09-30,93.0
TSMixup_289,1980-12-31,99.0
TSMixup_289,1981-03-31,104.0
TSMixup_289,1981-06-30,88.0
TSMixup_289,1981-09-30,94.0
TSMixup_289,1981-12-31,107.0
TSMixup_289,1982-03-31,110.0
TSMixup_289,1982-06-30,101.0
TSMixup_289,1982-09-30,106.0
TSMixup_290,1977-12-31,1525.0
TSMixup_290,1978-03-31,1702.0
TSMixup_290,1978-06-30,2030.0
TSMixup_290,1978-09-30,1622.0
TSMixup_290,1978-12-31,1754.0
TSMixup_290,1979-03-31,1938.0
TSMixup_290,1979-06-30,2348.0
TSMixup_290,1979-09-30,2605.0
TSMixup_290,1979-12-31,2540.0
TSMixup_290,1980-03-31,2419.0
TSMixup_290,1980-06-30,3225.0
TSMixup_290,1980-09-30,3228.0
TSMixup_290,1980-12-31,2673.0
TSMixup_290,1981-03-31,3405.0
TSMixup_290,1981-06-30,4412.0
TSMixup_290,1981-09-30,4047.0
TSMixup_290,1981-12-31,4254.0
TSMixup_290,1982-03-31,4587.0
TSMixup_291,1978-06-30,80790.0
TSMixup_291,1978-09-30,86546.0
TSMixup_291,1978-12-31,96206.0
TSMixup_291,1979-03-31,96669.0
TSMixup_291,1979-06-30,93260.0
TSMixup_291,1979-09-30,101145.0
TSMixup_291,1979-12-31,97325.0
TSMixup_291,1980-03-31,108776.0
TSMixup_291,1980-06-30,98919.0
TSMixup_291,1980-09-30,104108.0
TSMixup_291,1980-12-31,108048.0
TSMixup_291,1981-03-31,120816.0
TSMixup_291,1981-06-30,132652.0
TSMixup_291,1981-09-30,132758.0
TSMixup_291,1981-12-31,123878.0
TSMixup_291,1982-03-31,147156.0
TSMixup_291,1982-06-30,128768.0
TSMixup_291,1982-09-30,128042.0
TSMixup_291,1982-12-31,128009.0
TSMixup_291,1983-03-31,132537.0
TSMixup_292,1971-12-31,37852.0
TSMixup_292,1972-03-31,38437.0
TSMixup_292,1972-06-30,38588.0
TSMixup_292,1972-09-30,38288.0
TSMixup_292,1972-12-31,39444.0
TSMixup_292,1973-03-31,40004.0
TSMixup_292,1973-06-30,40848.0
TSMixup_292,1973-09-30,42280.0
TSMixup_292,1973-12-31,42116.0
TSMixup_292,1974-03-31,43240.0
TSMixup_292,1974-06-30,44072.0
TSMixup_292,1974-09-30,44656.0
TSMixup_292,1974-12-31,45284.0
TSMixup_292,1975-03-31,45992.0
TSMixup_292,1975-06-30,47980.0
TSMixup_292,1975-09-30,49016.0
TSMixup_292,1975-12-31,49604.0
TSMixup_292,1976-03-31,50812.0
TSMixup_292,1976-06-30,51688.0
TSMixup_292,1976-09-30,53404.0
TSMixup_292,1976-12-31,54416.0
TSMixup_292,1977-03-31,56064.0
TSMixup_292,1977-06-30,57572.0
TSMixup_292,1977-09-30,60192.0
TSMixup_292,1977-12-31,61492.0
TSMixup_292,1978-03-31,62308.0
TSMixup_292,1978-06-30,63320.0
TSMixup_292,1978-09-30,64776.0
TSMixup_292,1978-12-31,66432.0
TSMixup_292,1979-03-31,66536.0
TSMixup_292,1979-06-30,67892.0
TSMixup_292,1979-09-30,69596.0
TSMixup_292,1979-12-31,71652.0
TSMixup_292,1980-03-31,73528.0
TSMixup_292,1980-06-30,75568.0
TSMixup_293,1975-12-31,32.1
TSMixup_293,1976-03-31,41.7
TSMixup_293,1976-06-30,40.0
TSMixup_293,1976-09-30,30.3
TSMixup_293,1976-12-31,33.9
TSMixup_293,1977-03-31,44.1
TSMixup_293,1977-06-30,41.9
TSMixup_293,1977-09-30,35.3
TSMixup_293,1977-12-31,42.5
TSMixup_293,1978-03-31,57.3
TSMixup_293,1978-06-30,59.2
TSMixup_293,1978-09-30,44.6
TSMixup_293,1978-12-31,43.3
TSMixup_293,1979-03-31,56.6
TSMixup_293,1979-06-30,51.6
TSMixup_293,1979-09-30,34.2
TSMixup_293,1979-12-31,34.6
TSMixup_294,1971-12-31,7288.0
TSMixup_294,1972-03-31,7252.0
TSMixup_294,1972-06-30,7044.0
TSMixup_294,1972-09-30,7368.0
TSMixup_294,1972-12-31,7356.0
TSMixup_294,1973-03-31,7284.0
TSMixup_294,1973-06-30,7276.0
TSMixup_294,1973-09-30,6880.0
TSMixup_294,1973-12-31,6724.0
TSMixup_294,1974-03-31,6844.0
TSMixup_294,1974-06-30,6660.0
TSMixup_294,1974-09-30,6628.0
TSMixup_294,1974-12-31,6812.0
TSMixup_294,1975-03-31,6772.0
TSMixup_294,1975-06-30,6776.0
TSMixup_294,1975-09-30,6740.0
TSMixup_294,1975-12-31,7060.0
TSMixup_294,1976-03-31,7004.0
TSMixup_294,1976-06-30,6924.0
TSMixup_294,1976-09-30,7120.0
TSMixup_294,1976-12-31,7344.0
TSMixup_294,1977-03-31,7740.0
TSMixup_294,1977-06-30,8196.0
TSMixup_294,1977-09-30,8292.0
TSMixup_294,1977-12-31,8456.0
TSMixup_294,1978-03-31,9148.0
TSMixup_294,1978-06-30,8880.0
TSMixup_294,1978-09-30,9184.0
TSMixup_294,1978-12-31,9764.0
TSMixup_294,1979-03-31,10168.0
TSMixup_294,1979-06-30,10384.0
TSMixup_294,1979-09-30,10672.0
TSMixup_294,1979-12-31,10524.0
TSMixup_294,1980-03-31,10588.0
TSMixup_294,1980-06-30,10624.0
TSMixup_294,1980-09-30,10584.0
TSMixup_295,1978-06-30,549712.0
TSMixup_295,1978-09-30,547329.0
TSMixup_295,1978-12-31,555894.0
TSMixup_295,1979-03-31,544511.0
TSMixup_295,1979-06-30,579932.0
TSMixup_295,1979-09-30,556567.0
TSMixup_295,1979-12-31,588166.0
TSMixup_295,1980-03-31,594508.0
TSMixup_295,1980-06-30,610333.0
TSMixup_295,1980-09-30,613351.0
TSMixup_295,1980-12-31,599693.0
TSMixup_295,1981-03-31,575521.0
TSMixup_295,1981-06-30,590463.0
TSMixup_295,1981-09-30,609949.0
TSMixup_295,1981-12-31,644709.0
TSMixup_295,1982-03-31,629433.0
TSMixup_295,1982-06-30,638831.0
TSMixup_295,1982-09-30,677068.0
TSMixup_295,1982-12-31,676087.0
TSMixup_295,1983-03-31,652228.0
TSMixup_295,1983-06-30,664460.0
TSMixup_295,1983-09-30,716446.0
TSMixup_295,1983-12-31,692346.0
TSMixup_295,1984-03-31,690205.0
TSMixup_295,1984-06-30,727698.0
TSMixup_295,1984-09-30,624318.0
TSMixup_295,1984-12-31,499190.0
TSMixup_296,1969-12-31,2.1
TSMixup_296,1970-03-31,3.9
TSMixup_296,1970-06-30,2.9
TSMixup_296,1970-09-30,2.5
TSMixup_296,1970-12-31,3.2
TSMixup_296,1971-03-31,5.2
TSMixup_296,1971-06-30,4.3
TSMixup_296,1971-09-30,3.1
TSMixup_296,1971-12-31,3.8
TSMixup_296,1972-03-31,6.3
TSMixup_296,1972-06-30,4.7
TSMixup_296,1972-09-30,3.4
TSMixup_296,1972-12-31,3.5
TSMixup_296,1973-03-31,5.2
TSMixup_296,1973-06-30,4.0
TSMixup_296,1973-09-30,2.7
TSMixup_296,1973-12-31,3.0
TSMixup_296,1974-03-31,5.2
TSMixup_296,1974-06-30,3.8
TSMixup_296,1974-09-30,2.4
TSMixup_296,1974-12-31,3.5
TSMixup_297,1977-06-30,18269.2
TSMixup_297,1977-09-30,22598.0
TSMixup_297,1977-12-31,23733.5
TSMixup_297,1978-03-31,24178.2
TSMixup_297,1978-06-30,19211.6
TSMixup_297,1978-09-30,25221.8
TSMixup_297,1978-12-31,27155.5
TSMixup_297,1979-03-31,26496.1
TSMixup_297,1979-06-30,20915.6
TSMixup_297,1979-09-30,27048.1
TSMixup_297,1979-12-31,27691.0
TSMixup_297,1980-03-31,27894.0
TSMixup_297,1980-06-30,21713.3
TSMixup_297,1980-09-30,27750.4
TSMixup_297,1980-12-31,29485.0
TSMixup_297,1981-03-31,28389.8
TSMixup_297,1981-06-30,23969.7
TSMixup_297,1981-09-30,32013.0
TSMixup_297,1981-12-31,35079.5
TSMixup_297,1982-03-31,34953.1
TSMixup_297,1982-06-30,26864.7
TSMixup_297,1982-09-30,36303.2
TSMixup_297,1982-12-31,36730.4
TSMixup_298,1969-12-31,88.5
TSMixup_298,1970-03-31,87.5
TSMixup_298,1970-06-30,87.4
TSMixup_298,1970-09-30,85.0
TSMixup_298,1970-12-31,87.9
TSMixup_298,1971-03-31,89.6
TSMixup_298,1971-06-30,93.7
TSMixup_298,1971-09-30,93.1
TSMixup_298,1971-12-31,95.6
TSMixup_298,1972-03-31,96.7
TSMixup_298,1972-06-30,98.0
TSMixup_298,1972-09-30,97.7
TSMixup_298,1972-12-31,99.4
TSMixup_298,1973-03-31,100.2
TSMixup_298,1973-06-30,102.7
TSMixup_299,1900-03-31,5128.0
TSMixup_299,1900-06-30,5004.0
TSMixup_299,1900-09-30,5092.0
TSMixup_299,1900-12-31,4340.0
TSMixup_299,1901-03-31,4801.0
TSMixup_299,1901-06-30,5149.0
TSMixup_299,1901-09-30,5453.0
TSMixup_299,1901-12-31,4922.0
TSMixup_299,1902-03-31,5254.0
TSMixup_299,1902-06-30,5245.0
TSMixup_299,1902-09-30,5667.0
TSMixup_299,1902-12-31,5451.0
TSMixup_299,1903-03-31,5636.0
TSMixup_299,1903-06-30,5298.0
TSMixup_299,1903-09-30,5573.0
TSMixup_299,1903-12-31,5448.0
TSMixup_299,1904-03-31,5476.0
TSMixup_299,1904-06-30,5168.0
TSMixup_299,1904-09-30,5476.0
TSMixup_299,1904-12-31,5409.0
TSMixup_299,1905-03-31,5636.0
TSMixup_299,1905-06-30,5388.0
TSMixup_299,1905-09-30,6130.0
TSMixup_299,1905-12-31,6365.0
TSMixup_299,1906-03-31,6527.0
TSMixup_299,1906-06-30,5757.0
TSMixup_299,1906-09-30,7830.0
TSMixup_299,1906-12-31,7092.0
TSMixup_299,1907-03-31,7376.0
TSMixup_299,1907-06-30,6518.0
TSMixup_299,1907-09-30,7113.0
TSMixup_299,1907-12-31,7265.0
TSMixup_299,1908-03-31,7312.0
TSMixup_299,1908-06-30,6669.0
TSMixup_299,1908-09-30,7350.0
TSMixup_299,1908-12-31,7730.0
TSMixup_299,1909-03-31,8181.0
TSMixup_299,1909-06-30,7295.0
TSMixup_299,1909-09-30,8353.0
TSMixup_299,1909-12-31,8532.0
TSMixup_299,1910-03-31,9124.0
TSMixup_299,1910-06-30,8438.0
TSMixup_299,1910-09-30,9047.0
TSMixup_299,1910-12-31,9831.0
TSMixup_299,1911-03-31,10462.0
TSMixup_299,1911-06-30,9632.0
TSMixup_299,1911-09-30,10446.0
TSMixup_299,1911-12-31,10930.0
TSMixup_299,1912-03-31,11131.0
TSMixup_299,1912-06-30,10012.0
TSMixup_299,1912-09-30,11241.0
TSMixup_299,1912-12-31,11655.0
TSMixup_299,1913-03-31,11841.0
TSMixup_299,1913-06-30,11392.0
TSMixup_299,1913-09-30,13012.0
TSMixup_299,1913-12-31,13424.0
TSMixup_299,1914-03-31,14258.0
TSMixup_299,1914-06-30,13692.0
TSMixup_299,1914-09-30,18577.0
TSMixup_300,1971-12-31,6780.0
TSMixup_300,1972-03-31,6768.0
TSMixup_300,1972-06-30,6748.0
TSMixup_300,1972-09-30,6884.0
TSMixup_300,1972-12-31,6868.0
TSMixup_300,1973-03-31,6712.0
TSMixup_300,1973-06-30,7160.0
TSMixup_300,1973-09-30,7104.0
TSMixup_300,1973-12-31,7608.0
TSMixup_300,1974-03-31,7769.0
TSMixup_300,1974-06-30,8028.0
TSMixup_300,1974-09-30,8088.0
TSMixup_300,1974-12-31,8332.0
TSMixup_300,1975-03-31,8388.0
TSMixup_300,1975-06-30,8264.0
TSMixup_300,1975-09-30,8336.0
TSMixup_300,1975-12-31,8480.0
TSMixup_300,1976-03-31,8356.0
TSMixup_300,1976-06-30,8408.0
TSMixup_300,1976-09-30,8504.0
TSMixup_300,1976-12-31,8724.0
TSMixup_300,1977-03-31,8608.0
TSMixup_300,1977-06-30,8636.0
TSMixup_300,1977-09-30,9032.0
TSMixup_300,1977-12-31,9216.0
TSMixup_300,1978-03-31,9280.0
TSMixup_300,1978-06-30,9376.0
TSMixup_300,1978-09-30,9572.0
TSMixup_300,1978-12-31,9852.0
TSMixup_300,1979-03-31,10104.0
TSMixup_300,1979-06-30,10336.0
TSMixup_300,1979-09-30,10692.0
TSMixup_300,1979-12-31,10608.0
TSMixup_300,1980-03-31,11020.0
TSMixup_300,1980-06-30,10928.0
TSMixup_300,1980-09-30,10960.0
TSMixup_301,1975-12-31,40.9
TSMixup_301,1976-03-31,41.3
TSMixup_301,1976-06-30,41.1
TSMixup_301,1976-09-30,40.7
TSMixup_301,1976-12-31,40.8
TSMixup_301,1977-03-31,40.5
TSMixup_301,1977-06-30,40.2
TSMixup_301,1977-09-30,40.3
TSMixup_301,1977-12-31,40.3
TSMixup_301,1978-03-31,40.4
TSMixup_301,1978-06-30,40.2
TSMixup_301,1978-09-30,40.4
TSMixup_301,1978-12-31,40.3
TSMixup_301,1979-03-31,40.2
TSMixup_301,1979-06-30,40.4
TSMixup_301,1979-09-30,40.1
TSMixup_301,1979-12-31,40.1
TSMixup_301,1980-03-31,39.6
TSMixup_301,1980-06-30,39.8
TSMixup_301,1980-09-30,39.8
TSMixup_301,1980-12-31,39.6
TSMixup_301,1981-03-31,39.6
TSMixup_302,1975-12-31,1437.0
TSMixup_302,1976-03-31,1537.0
TSMixup_302,1976-06-30,1349.0
TSMixup_302,1976-09-30,1528.0
TSMixup_302,1976-12-31,1614.0
TSMixup_302,1977-03-31,1703.0
TSMixup_302,1977-06-30,1490.0
TSMixup_302,1977-09-30,1787.0
TSMixup_302,1977-12-31,1693.0
TSMixup_302,1978-03-31,1687.0
TSMixup_302,1978-06-30,1474.0
TSMixup_302,1978-09-30,1680.0
TSMixup_302,1978-12-31,1696.0
TSMixup_302,1979-03-31,1686.0
TSMixup_302,1979-06-30,1444.0
TSMixup_302,1979-09-30,1702.0
TSMixup_302,1979-12-31,1722.0
TSMixup_302,1980-03-31,1583.0
TSMixup_302,1980-06-30,1467.0
TSMixup_302,1980-09-30,1779.0
TSMixup_302,1980-12-31,1857.0
TSMixup_302,1981-03-31,1395.0
TSMixup_302,1981-06-30,1577.0
TSMixup_302,1981-09-30,1969.0
TSMixup_302,1981-12-31,1943.0
TSMixup_302,1982-03-31,1950.0
TSMixup_302,1982-06-30,1615.0
TSMixup_302,1982-09-30,1996.0
TSMixup_302,1982-12-31,2097.0
TSMixup_302,1983-03-31,2073.0
TSMixup_302,1983-06-30,1747.0
TSMixup_302,1983-09-30,2003.0
TSMixup_302,1983-12-31,2063.0
TSMixup_302,1984-03-31,1855.0
TSMixup_302,1984-06-30,1664.0
TSMixup_302,1984-09-30,2038.0
TSMixup_303,1968-12-31,55.0
TSMixup_303,1969-03-31,66.0
TSMixup_303,1969-06-30,52.0
TSMixup_303,1969-09-30,62.0
TSMixup_303,1969-12-31,63.0
TSMixup_303,1970-03-31,73.0
TSMixup_303,1970-06-30,53.0
TSMixup_303,1970-09-30,69.0
TSMixup_303,1970-12-31,63.0
TSMixup_303,1971-03-31,78.0
TSMixup_303,1971-06-30,56.0
TSMixup_303,1971-09-30,70.0
TSMixup_303,1971-12-31,70.0
TSMixup_303,1972-03-31,80.0
TSMixup_303,1972-06-30,62.0
TSMixup_303,1972-09-30,69.0
TSMixup_303,1972-12-31,76.0
TSMixup_303,1973-03-31,80.0
TSMixup_303,1973-06-30,59.0
TSMixup_303,1973-09-30,70.0
TSMixup_303,1973-12-31,76.0
TSMixup_303,1974-03-31,87.0
TSMixup_303,1974-06-30,70.0
TSMixup_303,1974-09-30,84.0
TSMixup_303,1974-12-31,84.0
TSMixup_303,1975-03-31,99.0
TSMixup_303,1975-06-30,79.0
TSMixup_303,1975-09-30,92.0
TSMixup_303,1975-12-31,97.0
TSMixup_303,1976-03-31,114.0
TSMixup_304,1971-12-31,6176.0
TSMixup_304,1972-03-31,5972.0
TSMixup_304,1972-06-30,6092.0
TSMixup_304,1972-09-30,6116.0
TSMixup_304,1972-12-31,6172.0
TSMixup_304,1973-03-31,6152.0
TSMixup_304,1973-06-30,6424.0
TSMixup_304,1973-09-30,6456.0
TSMixup_304,1973-12-31,6436.0
TSMixup_304,1974-03-31,6472.0
TSMixup_304,1974-06-30,6492.0
TSMixup_304,1974-09-30,6372.0
TSMixup_304,1974-12-31,6476.0
TSMixup_304,1975-03-31,6740.0
TSMixup_304,1975-06-30,6796.0
TSMixup_304,1975-09-30,6924.0
TSMixup_304,1975-12-31,6780.0
TSMixup_304,1976-03-31,6768.0
TSMixup_304,1976-06-30,6748.0
TSMixup_304,1976-09-30,6884.0
TSMixup_304,1976-12-31,6868.0
TSMixup_304,1977-03-31,6712.0
TSMixup_304,1977-06-30,7160.0
TSMixup_304,1977-09-30,7104.0
TSMixup_304,1977-12-31,7608.0
TSMixup_304,1978-03-31,7769.0
TSMixup_304,1978-06-30,8028.0
TSMixup_304,1978-09-30,8088.0
TSMixup_304,1978-12-31,8332.0
TSMixup_304,1979-03-31,8388.0
TSMixup_304,1979-06-30,8264.0
TSMixup_304,1979-09-30,8336.0
TSMixup_305,1978-06-30,119445.0
TSMixup_305,1978-09-30,112400.0
TSMixup_305,1978-12-31,126043.0
TSMixup_305,1979-03-31,120669.0
TSMixup_305,1979-06-30,130590.0
TSMixup_305,1979-09-30,127057.0
TSMixup_305,1979-12-31,128797.0
TSMixup_305,1980-03-31,122665.0
TSMixup_305,1980-06-30,133925.0
TSMixup_305,1980-09-30,130428.0
TSMixup_305,1980-12-31,129709.0
TSMixup_305,1981-03-31,125517.0
TSMixup_305,1981-06-30,134699.0
TSMixup_305,1981-09-30,131711.0
TSMixup_305,1981-12-31,127676.0
TSMixup_306,1971-12-31,201.0
TSMixup_306,1972-03-31,197.0
TSMixup_306,1972-06-30,193.0
TSMixup_306,1972-09-30,203.0
TSMixup_306,1972-12-31,190.0
TSMixup_306,1973-03-31,190.0
TSMixup_306,1973-06-30,179.0
TSMixup_306,1973-09-30,158.0
TSMixup_306,1973-12-31,178.0
TSMixup_306,1974-03-31,135.0
TSMixup_306,1974-06-30,134.0
TSMixup_306,1974-09-30,115.0
TSMixup_306,1974-12-31,142.0
TSMixup_306,1975-03-31,131.0
TSMixup_306,1975-06-30,146.0
TSMixup_306,1975-09-30,132.0
TSMixup_306,1975-12-31,141.0
TSMixup_306,1976-03-31,135.0
TSMixup_306,1976-06-30,134.0
TSMixup_306,1976-09-30,115.0
TSMixup_306,1976-12-31,131.0
TSMixup_306,1977-03-31,113.0
TSMixup_306,1977-06-30,116.0
TSMixup_307,1976-12-31,13.6
TSMixup_307,1977-03-31,13.5
TSMixup_307,1977-06-30,13.9
TSMixup_307,1977-09-30,13.8
TSMixup_307,1977-12-31,13.7
TSMixup_307,1978-03-31,14.2
TSMixup_307,1978-06-30,14.5
TSMixup_307,1978-09-30,13.6
TSMixup_307,1978-12-31,14.9
TSMixup_307,1979-03-31,15.1
TSMixup_307,1979-06-30,15.2
TSMixup_307,1979-09-30,14.4
TSMixup_307,1979-12-31,14.6
TSMixup_307,1980-03-31,14.5
TSMixup_307,1980-06-30,13.6
TSMixup_307,1980-09-30,13.9
TSMixup_307,1980-12-31,14.0
TSMixup_307,1981-03-31,14.7
TSMixup_307,1981-06-30,15.4
TSMixup_307,1981-09-30,14.9
TSMixup_307,1981-12-31,15.1
TSMixup_307,1982-03-31,13.4
TSMixup_307,1982-06-30,12.8
TSMixup_307,1982-09-30,12.9
TSMixup_307,1982-12-31,13.9
TSMixup_307,1983-03-31,11.9
TSMixup_307,1983-06-30,13.1
TSMixup_307,1983-09-30,13.7
TSMixup_307,1983-12-31,14.0
TSMixup_307,1984-03-31,15.0
TSMixup_307,1984-06-30,14.8
TSMixup_307,1984-09-30,15.4
TSMixup_307,1984-12-31,15.7
TSMixup_307,1985-03-31,15.7
TSMixup_308,1975-12-31,12.41
TSMixup_308,1976-03-31,13.53
TSMixup_308,1976-06-30,13.42
TSMixup_308,1976-09-30,13.99
TSMixup_308,1976-12-31,13.86
TSMixup_308,1977-03-31,13.68
TSMixup_308,1977-06-30,14.5
TSMixup_308,1977-09-30,14.91
TSMixup_308,1977-12-31,15.38
TSMixup_308,1978-03-31,15.6
TSMixup_308,1978-06-30,15.93
TSMixup_308,1978-09-30,16.87
TSMixup_308,1978-12-31,18.07
TSMixup_308,1979-03-31,17.58
TSMixup_308,1979-06-30,18.26
TSMixup_308,1979-09-30,18.74
TSMixup_308,1979-12-31,19.22
TSMixup_308,1980-03-31,19.66
TSMixup_308,1980-06-30,21.24
TSMixup_308,1980-09-30,22.26
TSMixup_308,1980-12-31,23.14
TSMixup_308,1981-03-31,23.22
TSMixup_308,1981-06-30,22.17
TSMixup_308,1981-09-30,19.38
TSMixup_308,1981-12-31,20.5
TSMixup_308,1982-03-31,21.35
TSMixup_308,1982-06-30,21.45
TSMixup_308,1982-09-30,24.39
TSMixup_308,1982-12-31,22.6
TSMixup_308,1983-03-31,23.51
TSMixup_308,1983-06-30,25.23
TSMixup_308,1983-09-30,25.61
TSMixup_308,1983-12-31,27.12
TSMixup_308,1984-03-31,26.31
TSMixup_308,1984-06-30,24.98
TSMixup_308,1984-09-30,23.94
TSMixup_308,1984-12-31,21.7
TSMixup_308,1985-03-31,21.61
TSMixup_308,1985-06-30,22.05
TSMixup_308,1985-09-30,22.37
TSMixup_308,1985-12-31,23.2
TSMixup_309,1975-12-31,54.0
TSMixup_309,1976-03-31,61.7
TSMixup_309,1976-06-30,76.5
TSMixup_309,1976-09-30,66.2
TSMixup_309,1976-12-31,59.5
TSMixup_309,1977-03-31,65.1
TSMixup_309,1977-06-30,81.6
TSMixup_309,1977-09-30,66.5
TSMixup_309,1977-12-31,54.4
TSMixup_309,1978-03-31,63.2
TSMixup_309,1978-06-30,74.6
TSMixup_309,1978-09-30,56.7
TSMixup_309,1978-12-31,45.2
TSMixup_309,1979-03-31,58.0
TSMixup_309,1979-06-30,64.2
TSMixup_309,1979-09-30,49.9
TSMixup_309,1979-12-31,48.5
TSMixup_309,1980-03-31,62.8
TSMixup_309,1980-06-30,76.7
TSMixup_309,1980-09-30,64.9
TSMixup_309,1980-12-31,63.3
TSMixup_309,1981-03-31,89.5
TSMixup_309,1981-06-30,114.4
TSMixup_310,1977-12-31,1176.0
TSMixup_310,1978-03-31,1212.0
TSMixup_310,1978-06-30,1476.0
TSMixup_310,1978-09-30,1651.0
TSMixup_310,1978-12-31,1503.0
TSMixup_310,1979-03-31,1525.0
TSMixup_310,1979-06-30,1702.0
TSMixup_310,1979-09-30,2030.0
TSMixup_310,1979-12-31,1622.0
TSMixup_310,1980-03-31,1754.0
TSMixup_310,1980-06-30,1938.0
TSMixup_310,1980-09-30,2348.0
TSMixup_310,1980-12-31,2605.0
TSMixup_310,1981-03-31,2540.0
TSMixup_310,1981-06-30,2419.0
TSMixup_310,1981-09-30,3225.0
TSMixup_310,1981-12-31,3228.0
TSMixup_310,1982-03-31,2673.0
TSMixup_310,1982-06-30,3405.0
TSMixup_310,1982-09-30,4412.0
TSMixup_310,1982-12-31,4047.0
TSMixup_310,1983-03-31,4254.0
TSMixup_311,1977-12-31,213.61
TSMixup_311,1978-03-31,232.6
TSMixup_311,1978-06-30,232.5
TSMixup_311,1978-09-30,245.05
TSMixup_311,1978-12-31,242.95
TSMixup_311,1979-03-31,272.6
TSMixup_311,1979-06-30,271.35
TSMixup_311,1979-09-30,275.9
TSMixup_311,1979-12-31,268.95
TSMixup_311,1980-03-31,277.5
TSMixup_311,1980-06-30,279.1
TSMixup_311,1980-09-30,295.3
TSMixup_312,1900-03-31,5103.0
TSMixup_312,1900-06-30,4080.0
TSMixup_312,1900-09-30,4529.0
TSMixup_312,1900-12-31,4998.0
TSMixup_312,1901-03-31,5128.0
TSMixup_312,1901-06-30,5004.0
TSMixup_312,1901-09-30,5092.0
TSMixup_312,1901-12-31,4340.0
TSMixup_312,1902-03-31,4801.0
TSMixup_312,1902-06-30,5149.0
TSMixup_312,1902-09-30,5453.0
TSMixup_312,1902-12-31,4922.0
TSMixup_312,1903-03-31,5254.0
TSMixup_312,1903-06-30,5245.0
TSMixup_312,1903-09-30,5667.0
TSMixup_312,1903-12-31,5451.0
TSMixup_312,1904-03-31,5636.0
TSMixup_312,1904-06-30,5298.0
TSMixup_312,1904-09-30,5573.0
TSMixup_312,1904-12-31,5448.0
TSMixup_312,1905-03-31,5476.0
TSMixup_312,1905-06-30,5168.0
TSMixup_312,1905-09-30,5476.0
TSMixup_312,1905-12-31,5409.0
TSMixup_312,1906-03-31,5636.0
TSMixup_312,1906-06-30,5388.0
TSMixup_312,1906-09-30,6130.0
TSMixup_312,1906-12-31,6365.0
TSMixup_312,1907-03-31,6527.0
TSMixup_312,1907-06-30,5757.0
TSMixup_312,1907-09-30,7830.0
TSMixup_312,1907-12-31,7092.0
TSMixup_312,1908-03-31,7376.0
TSMixup_312,1908-06-30,6518.0
TSMixup_312,1908-09-30,7113.0
TSMixup_312,1908-12-31,7265.0
TSMixup_312,1909-03-31,7312.0
TSMixup_312,1909-06-30,6669.0
TSMixup_312,1909-09-30,7350.0
TSMixup_312,1909-12-31,7730.0
TSMixup_312,1910-03-31,8181.0
TSMixup_312,1910-06-30,7295.0
TSMixup_312,1910-09-30,8353.0
TSMixup_312,1910-12-31,8532.0
TSMixup_312,1911-03-31,9124.0
TSMixup_312,1911-06-30,8438.0
TSMixup_312,1911-09-30,9047.0
TSMixup_312,1911-12-31,9831.0
TSMixup_312,1912-03-31,10462.0
TSMixup_312,1912-06-30,9632.0
TSMixup_312,1912-09-30,10446.0
TSMixup_312,1912-12-31,10930.0
TSMixup_312,1913-03-31,11131.0
TSMixup_312,1913-06-30,10012.0
TSMixup_312,1913-09-30,11241.0
TSMixup_312,1913-12-31,11655.0
TSMixup_312,1914-03-31,11841.0
TSMixup_312,1914-06-30,11392.0
TSMixup_313,1975-12-31,52.0
TSMixup_313,1976-03-31,106.0
TSMixup_313,1976-06-30,76.0
TSMixup_313,1976-09-30,77.0
TSMixup_313,1976-12-31,99.0
TSMixup_313,1977-03-31,163.0
TSMixup_313,1977-06-30,142.0
TSMixup_313,1977-09-30,189.0
TSMixup_313,1977-12-31,324.0
TSMixup_313,1978-03-31,339.0
TSMixup_313,1978-06-30,273.0
TSMixup_313,1978-09-30,246.0
TSMixup_313,1978-12-31,310.0
TSMixup_313,1979-03-31,327.0
TSMixup_313,1979-06-30,373.0
TSMixup_313,1979-09-30,501.0
TSMixup_313,1979-12-31,539.0
TSMixup_313,1980-03-31,465.0
TSMixup_313,1980-06-30,477.0
TSMixup_313,1980-09-30,674.0
TSMixup_313,1980-12-31,753.0
TSMixup_313,1981-03-31,634.0
TSMixup_313,1981-06-30,317.0
TSMixup_313,1981-09-30,119.0
TSMixup_313,1981-12-31,89.0
TSMixup_313,1982-03-31,166.0
TSMixup_313,1982-06-30,423.0
TSMixup_313,1982-09-30,707.0
TSMixup_313,1982-12-31,535.0
TSMixup_313,1983-03-31,587.0
TSMixup_313,1983-06-30,813.0
TSMixup_314,1971-12-31,9531.0
TSMixup_314,1972-03-31,9571.0
TSMixup_314,1972-06-30,9864.0
TSMixup_314,1972-09-30,9969.0
TSMixup_314,1972-12-31,10091.0
TSMixup_314,1973-03-31,10259.0
TSMixup_314,1973-06-30,10536.0
TSMixup_314,1973-09-30,10964.0
TSMixup_314,1973-12-31,10871.0
TSMixup_314,1974-03-31,11457.0
TSMixup_314,1974-06-30,11436.0
TSMixup_314,1974-09-30,11757.0
TSMixup_314,1974-12-31,12236.0
TSMixup_314,1975-03-31,12325.0
TSMixup_314,1975-06-30,12618.0
TSMixup_314,1975-09-30,12815.0
TSMixup_314,1975-12-31,13149.0
TSMixup_314,1976-03-31,13476.0
TSMixup_314,1976-06-30,13868.0
TSMixup_314,1976-09-30,14027.0
TSMixup_314,1976-12-31,14416.0
TSMixup_314,1977-03-31,14710.0
TSMixup_314,1977-06-30,15058.0
TSMixup_314,1977-09-30,15574.0
TSMixup_314,1977-12-31,15930.0
TSMixup_314,1978-03-31,16497.0
TSMixup_314,1978-06-30,17050.0
TSMixup_314,1978-09-30,17278.0
TSMixup_314,1978-12-31,17627.0
TSMixup_315,1977-12-31,176.0
TSMixup_315,1978-03-31,197.0
TSMixup_315,1978-06-30,180.0
TSMixup_315,1978-09-30,229.0
TSMixup_315,1978-12-31,208.0
TSMixup_315,1979-03-31,99.0
TSMixup_315,1979-06-30,196.0
TSMixup_315,1979-09-30,226.0
TSMixup_315,1979-12-31,155.0
TSMixup_315,1980-03-31,215.0
TSMixup_315,1980-06-30,185.0
TSMixup_315,1980-09-30,266.0
TSMixup_315,1980-12-31,311.0
TSMixup_315,1981-03-31,225.0
TSMixup_315,1981-06-30,278.0
TSMixup_315,1981-09-30,343.0
TSMixup_315,1981-12-31,269.0
TSMixup_316,1969-12-31,82.0
TSMixup_316,1970-03-31,84.7
TSMixup_316,1970-06-30,86.0
TSMixup_316,1970-09-30,85.6
TSMixup_316,1970-12-31,88.4
TSMixup_316,1971-03-31,88.5
TSMixup_316,1971-06-30,87.5
TSMixup_316,1971-09-30,87.4
TSMixup_316,1971-12-31,85.0
TSMixup_316,1972-03-31,87.9
TSMixup_316,1972-06-30,89.6
TSMixup_316,1972-09-30,93.7
TSMixup_316,1972-12-31,93.1
TSMixup_316,1973-03-31,95.6
TSMixup_316,1973-06-30,96.7
TSMixup_316,1973-09-30,98.0
TSMixup_316,1973-12-31,97.7
TSMixup_316,1974-03-31,99.4
TSMixup_316,1974-06-30,100.2
TSMixup_316,1974-09-30,102.7
TSMixup_316,1974-12-31,102.5
TSMixup_316,1975-03-31,105.6
TSMixup_316,1975-06-30,105.7
TSMixup_316,1975-09-30,108.3
TSMixup_316,1975-12-31,111.0
TSMixup_316,1976-03-31,112.5
TSMixup_316,1976-06-30,113.5
TSMixup_316,1976-09-30,119.3
TSMixup_316,1976-12-31,121.1
TSMixup_316,1977-03-31,123.7
TSMixup_316,1977-06-30,124.4
TSMixup_316,1977-09-30,128.7
TSMixup_317,1978-06-30,11927.0
TSMixup_317,1978-09-30,13912.0
TSMixup_317,1978-12-31,12920.0
TSMixup_317,1979-03-31,18532.0
TSMixup_317,1979-06-30,20231.0
TSMixup_317,1979-09-30,20415.0
TSMixup_317,1979-12-31,15203.0
TSMixup_317,1980-03-31,14171.0
TSMixup_317,1980-06-30,15583.0
TSMixup_317,1980-09-30,19140.0
TSMixup_317,1980-12-31,18512.0
TSMixup_317,1981-03-31,23801.0
TSMixup_317,1981-06-30,32083.0
TSMixup_317,1981-09-30,27454.0
TSMixup_317,1981-12-31,18471.0
TSMixup_318,1971-12-31,262.0
TSMixup_318,1972-03-31,258.0
TSMixup_318,1972-06-30,270.0
TSMixup_318,1972-09-30,286.0
TSMixup_318,1972-12-31,279.0
TSMixup_318,1973-03-31,291.0
TSMixup_318,1973-06-30,285.0
TSMixup_318,1973-09-30,297.0
TSMixup_318,1973-12-31,292.0
TSMixup_318,1974-03-31,294.0
TSMixup_318,1974-06-30,288.0
TSMixup_318,1974-09-30,290.0
TSMixup_318,1974-12-31,285.0
TSMixup_318,1975-03-31,279.0
TSMixup_318,1975-06-30,276.0
TSMixup_318,1975-09-30,287.0
TSMixup_318,1975-12-31,285.0
TSMixup_318,1976-03-31,305.0
TSMixup_318,1976-06-30,307.0
TSMixup_318,1976-09-30,326.0
TSMixup_318,1976-12-31,342.0
TSMixup_318,1977-03-31,334.0
TSMixup_318,1977-06-30,344.0
TSMixup_318,1977-09-30,341.0
TSMixup_318,1977-12-31,342.0
TSMixup_318,1978-03-31,350.0
TSMixup_318,1978-06-30,352.0
TSMixup_318,1978-09-30,326.0
TSMixup_318,1978-12-31,330.0
TSMixup_318,1979-03-31,332.0
TSMixup_318,1979-06-30,334.0
TSMixup_318,1979-09-30,340.0
TSMixup_318,1979-12-31,328.0
TSMixup_318,1980-03-31,333.0
TSMixup_318,1980-06-30,344.0
TSMixup_318,1980-09-30,339.0
TSMixup_318,1980-12-31,363.0
TSMixup_318,1981-03-31,386.0
TSMixup_318,1981-06-30,384.0
TSMixup_318,1981-09-30,385.0
TSMixup_318,1981-12-31,383.0
TSMixup_318,1982-03-31,387.0
TSMixup_318,1982-06-30,378.0
TSMixup_318,1982-09-30,380.0
TSMixup_318,1982-12-31,368.0
TSMixup_318,1983-03-31,363.0
TSMixup_318,1983-06-30,364.0
TSMixup_318,1983-09-30,369.0
TSMixup_318,1983-12-31,373.0
TSMixup_318,1984-03-31,376.0
TSMixup_318,1984-06-30,371.0
TSMixup_318,1984-09-30,373.0
TSMixup_318,1984-12-31,383.0
TSMixup_318,1985-03-31,394.0
TSMixup_318,1985-06-30,410.0
TSMixup_318,1985-09-30,424.0
TSMixup_319,1971-12-31,85.0
TSMixup_319,1972-03-31,82.0
TSMixup_319,1972-06-30,85.0
TSMixup_319,1972-09-30,85.0
TSMixup_319,1972-12-31,93.0
TSMixup_319,1973-03-31,89.0
TSMixup_319,1973-06-30,93.0
TSMixup_319,1973-09-30,89.0
TSMixup_319,1973-12-31,99.0
TSMixup_319,1974-03-31,91.0
TSMixup_319,1974-06-30,100.0
TSMixup_319,1974-09-30,92.0
TSMixup_319,1974-12-31,101.0
TSMixup_319,1975-03-31,100.0
TSMixup_319,1975-06-30,107.0
TSMixup_319,1975-09-30,101.0
TSMixup_319,1975-12-31,111.0
TSMixup_319,1976-03-31,108.0
TSMixup_319,1976-06-30,112.0
TSMixup_319,1976-09-30,107.0
TSMixup_319,1976-12-31,116.0
TSMixup_319,1977-03-31,110.0
TSMixup_319,1977-06-30,116.0
TSMixup_319,1977-09-30,109.0
TSMixup_319,1977-12-31,115.0
TSMixup_319,1978-03-31,121.0
TSMixup_319,1978-06-30,124.0
TSMixup_319,1978-09-30,120.0
TSMixup_319,1978-12-31,134.0
TSMixup_319,1979-03-31,126.0
TSMixup_319,1979-06-30,133.0
TSMixup_319,1979-09-30,127.0
TSMixup_319,1979-12-31,148.0
TSMixup_319,1980-03-31,145.0
TSMixup_319,1980-06-30,150.0
TSMixup_320,1976-12-31,5.2
TSMixup_320,1977-03-31,5.24
TSMixup_320,1977-06-30,5.26
TSMixup_320,1977-09-30,5.27
TSMixup_320,1977-12-31,5.3
TSMixup_320,1978-03-31,5.32
TSMixup_320,1978-06-30,5.34
TSMixup_320,1978-09-30,5.39
TSMixup_320,1978-12-31,5.43
TSMixup_320,1979-03-31,5.45
TSMixup_320,1979-06-30,5.49
TSMixup_320,1979-09-30,5.54
TSMixup_320,1979-12-31,5.57
TSMixup_320,1980-03-31,5.59
TSMixup_320,1980-06-30,5.59
TSMixup_320,1980-09-30,5.58
TSMixup_320,1980-12-31,5.54
TSMixup_320,1981-03-31,5.53
TSMixup_320,1981-06-30,5.54
TSMixup_320,1981-09-30,5.54
TSMixup_320,1981-12-31,5.56
TSMixup_320,1982-03-31,5.6
TSMixup_320,1982-06-30,5.6
TSMixup_320,1982-09-30,5.6
TSMixup_320,1982-12-31,5.59
TSMixup_320,1983-03-31,5.57
TSMixup_320,1983-06-30,5.53
TSMixup_320,1983-09-30,5.5
TSMixup_320,1983-12-31,5.48
TSMixup_320,1984-03-31,5.44
TSMixup_320,1984-06-30,5.45
TSMixup_320,1984-09-30,5.49
TSMixup_320,1984-12-31,5.54
TSMixup_320,1985-03-31,5.58
TSMixup_320,1985-06-30,5.63
TSMixup_320,1985-09-30,5.68
TSMixup_320,1985-12-31,5.69
TSMixup_320,1986-03-31,5.71
TSMixup_320,1986-06-30,5.72
TSMixup_320,1986-09-30,5.73
TSMixup_320,1986-12-31,5.74
TSMixup_320,1987-03-31,5.77
TSMixup_320,1987-06-30,5.79
TSMixup_321,1975-12-31,78.0
TSMixup_321,1976-03-31,80.0
TSMixup_321,1976-06-30,74.0
TSMixup_321,1976-09-30,83.0
TSMixup_321,1976-12-31,80.0
TSMixup_321,1977-03-31,83.0
TSMixup_321,1977-06-30,75.0
TSMixup_321,1977-09-30,86.0
TSMixup_321,1977-12-31,82.0
TSMixup_321,1978-03-31,84.0
TSMixup_321,1978-06-30,77.0
TSMixup_321,1978-09-30,86.0
TSMixup_321,1978-12-31,83.0
TSMixup_321,1979-03-31,85.0
TSMixup_321,1979-06-30,78.0
TSMixup_321,1979-09-30,89.0
TSMixup_321,1979-12-31,86.0
TSMixup_321,1980-03-31,90.0
TSMixup_321,1980-06-30,83.0
TSMixup_321,1980-09-30,95.0
TSMixup_321,1980-12-31,94.0
TSMixup_321,1981-03-31,101.0
TSMixup_321,1981-06-30,91.0
TSMixup_321,1981-09-30,102.0
TSMixup_321,1981-12-31,99.0
TSMixup_322,1975-12-31,732.2
TSMixup_322,1976-03-31,746.0
TSMixup_322,1976-06-30,754.2
TSMixup_322,1976-09-30,765.2
TSMixup_322,1976-12-31,779.7
TSMixup_322,1977-03-31,792.9
TSMixup_322,1977-06-30,807.0
TSMixup_322,1977-09-30,832.0
TSMixup_322,1977-12-31,851.4
TSMixup_322,1978-03-31,872.1
TSMixup_322,1978-06-30,887.6
TSMixup_322,1978-09-30,904.3
TSMixup_323,1975-12-31,561.0
TSMixup_323,1976-03-31,373.0
TSMixup_323,1976-06-30,282.0
TSMixup_323,1976-09-30,346.0
TSMixup_323,1976-12-31,546.0
TSMixup_323,1977-03-31,372.0
TSMixup_323,1977-06-30,272.0
TSMixup_323,1977-09-30,305.0
TSMixup_323,1977-12-31,463.0
TSMixup_323,1978-03-31,326.0
TSMixup_323,1978-06-30,243.0
TSMixup_323,1978-09-30,266.0
TSMixup_323,1978-12-31,397.0
TSMixup_323,1979-03-31,298.0
TSMixup_323,1979-06-30,210.0
TSMixup_323,1979-09-30,214.0
TSMixup_323,1979-12-31,352.0
TSMixup_323,1980-03-31,258.0
TSMixup_323,1980-06-30,226.0
TSMixup_324,1975-12-31,67.0
TSMixup_324,1976-03-31,71.0
TSMixup_324,1976-06-30,59.0
TSMixup_324,1976-09-30,72.0
TSMixup_324,1976-12-31,73.0
TSMixup_324,1977-03-31,77.0
TSMixup_324,1977-06-30,62.0
TSMixup_324,1977-09-30,76.0
TSMixup_324,1977-12-31,76.0
TSMixup_324,1978-03-31,80.0
TSMixup_324,1978-06-30,66.0
TSMixup_324,1978-09-30,82.0
TSMixup_324,1978-12-31,82.0
TSMixup_324,1979-03-31,85.0
TSMixup_324,1979-06-30,71.0
TSMixup_324,1979-09-30,85.0
TSMixup_324,1979-12-31,85.0
TSMixup_324,1980-03-31,89.0
TSMixup_324,1980-06-30,73.0
TSMixup_324,1980-09-30,89.0
TSMixup_324,1980-12-31,90.0
TSMixup_324,1981-03-31,80.0
TSMixup_324,1981-06-30,78.0
TSMixup_324,1981-09-30,96.0
TSMixup_324,1981-12-31,96.0
TSMixup_324,1982-03-31,101.0
TSMixup_324,1982-06-30,83.0
TSMixup_324,1982-09-30,102.0
TSMixup_324,1982-12-31,101.0
TSMixup_324,1983-03-31,107.0
TSMixup_324,1983-06-30,89.0
TSMixup_325,1978-06-30,18540.0
TSMixup_325,1978-09-30,20505.0
TSMixup_325,1978-12-31,18523.0
TSMixup_325,1979-03-31,20076.0
TSMixup_325,1979-06-30,21073.0
TSMixup_325,1979-09-30,21822.0
TSMixup_325,1979-12-31,20979.0
TSMixup_325,1980-03-31,21948.0
TSMixup_325,1980-06-30,22755.0
TSMixup_325,1980-09-30,22434.0
TSMixup_325,1980-12-31,20987.0
TSMixup_325,1981-03-31,22298.0
TSMixup_325,1981-06-30,23186.0
TSMixup_325,1981-09-30,23879.0
TSMixup_325,1981-12-31,22701.0
TSMixup_325,1982-03-31,24506.0
TSMixup_325,1982-06-30,25624.0
TSMixup_325,1982-09-30,26115.0
TSMixup_325,1982-12-31,24906.0
TSMixup_325,1983-03-31,26025.0
TSMixup_325,1983-06-30,27309.0
TSMixup_325,1983-09-30,26942.0
TSMixup_325,1983-12-31,25325.0
TSMixup_326,1969-12-31,88.5
TSMixup_326,1970-03-31,88.6
TSMixup_326,1970-06-30,85.2
TSMixup_326,1970-09-30,88.7
TSMixup_326,1970-12-31,91.0
TSMixup_326,1971-03-31,94.8
TSMixup_326,1971-06-30,93.0
TSMixup_326,1971-09-30,95.4
TSMixup_326,1971-12-31,96.4
TSMixup_326,1972-03-31,97.7
TSMixup_326,1972-06-30,97.3
TSMixup_326,1972-09-30,99.5
TSMixup_326,1972-12-31,100.5
TSMixup_326,1973-03-31,102.9
TSMixup_326,1973-06-30,102.1
TSMixup_326,1973-09-30,105.1
TSMixup_326,1973-12-31,105.5
TSMixup_326,1974-03-31,107.9
TSMixup_326,1974-06-30,110.3
TSMixup_326,1974-09-30,110.8
TSMixup_326,1974-12-31,111.3
TSMixup_326,1975-03-31,116.0
TSMixup_326,1975-06-30,115.7
TSMixup_326,1975-09-30,117.3
TSMixup_327,1974-12-31,79.0
TSMixup_327,1975-03-31,71.0
TSMixup_327,1975-06-30,65.0
TSMixup_327,1975-09-30,59.0
TSMixup_327,1975-12-31,52.0
TSMixup_327,1976-03-31,55.0
TSMixup_327,1976-06-30,59.0
TSMixup_327,1976-09-30,66.0
TSMixup_327,1976-12-31,73.0
TSMixup_327,1977-03-31,79.0
TSMixup_327,1977-06-30,81.0
TSMixup_327,1977-09-30,83.0
TSMixup_327,1977-12-31,79.0
TSMixup_327,1978-03-31,79.0
TSMixup_327,1978-06-30,81.0
TSMixup_327,1978-09-30,87.0
TSMixup_327,1978-12-31,95.0
TSMixup_327,1979-03-31,108.0
TSMixup_327,1979-06-30,114.0
TSMixup_327,1979-09-30,127.0
TSMixup_328,1977-06-30,38.52
TSMixup_328,1977-09-30,46.84
TSMixup_328,1977-12-31,55.17
TSMixup_328,1978-03-31,54.13
TSMixup_328,1978-06-30,41.64
TSMixup_328,1978-09-30,58.3
TSMixup_328,1978-12-31,56.21
TSMixup_328,1979-03-31,57.25
TSMixup_328,1979-06-30,47.89
TSMixup_328,1979-09-30,62.46
TSMixup_328,1979-12-31,66.62
TSMixup_328,1980-03-31,62.46
TSMixup_328,1980-06-30,57.25
TSMixup_328,1980-09-30,78.07
TSMixup_328,1980-12-31,82.24
TSMixup_328,1981-03-31,85.36
TSMixup_328,1981-06-30,74.95
TSMixup_328,1981-09-30,92.65
TSMixup_328,1981-12-31,78.07
TSMixup_328,1982-03-31,106.18
TSMixup_328,1982-06-30,80.16
TSMixup_328,1982-09-30,131.16
TSMixup_328,1982-12-31,100.98
TSMixup_328,1983-03-31,120.75
TSMixup_328,1983-06-30,99.94
TSMixup_329,1976-12-31,16.0
TSMixup_329,1977-03-31,15.8
TSMixup_329,1977-06-30,15.8
TSMixup_329,1977-09-30,15.9
TSMixup_329,1977-12-31,15.5
TSMixup_329,1978-03-31,15.6
TSMixup_329,1978-06-30,16.0
TSMixup_329,1978-09-30,15.9
TSMixup_329,1978-12-31,16.5
TSMixup_329,1979-03-31,16.6
TSMixup_329,1979-06-30,16.7
TSMixup_329,1979-09-30,16.6
TSMixup_329,1979-12-31,16.0
TSMixup_329,1980-03-31,16.2
TSMixup_329,1980-06-30,15.9
TSMixup_329,1980-09-30,15.9
TSMixup_329,1980-12-31,16.3
TSMixup_329,1981-03-31,16.8
TSMixup_329,1981-06-30,16.6
TSMixup_329,1981-09-30,17.2
TSMixup_329,1981-12-31,17.0
TSMixup_329,1982-03-31,16.8
TSMixup_329,1982-06-30,17.2
TSMixup_329,1982-09-30,17.3
TSMixup_329,1982-12-31,17.4
TSMixup_329,1983-03-31,17.2
TSMixup_329,1983-06-30,17.4
TSMixup_329,1983-09-30,17.1
TSMixup_329,1983-12-31,17.7
TSMixup_329,1984-03-31,17.7
TSMixup_329,1984-06-30,17.7
TSMixup_329,1984-09-30,17.8
TSMixup_330,1976-12-31,22.0
TSMixup_330,1977-03-31,23.0
TSMixup_330,1977-06-30,25.0
TSMixup_330,1977-09-30,25.0
TSMixup_330,1977-12-31,38.0
TSMixup_330,1978-03-31,48.0
TSMixup_330,1978-06-30,62.0
TSMixup_330,1978-09-30,69.0
TSMixup_330,1978-12-31,76.0
TSMixup_330,1979-03-31,77.0
TSMixup_330,1979-06-30,72.0
TSMixup_330,1979-09-30,75.0
TSMixup_330,1979-12-31,77.0
TSMixup_330,1980-03-31,86.0
TSMixup_330,1980-06-30,91.0
TSMixup_330,1980-09-30,94.0
TSMixup_330,1980-12-31,92.0
TSMixup_330,1981-03-31,90.0
TSMixup_330,1981-06-30,98.0
TSMixup_330,1981-09-30,120.0
TSMixup_330,1981-12-31,160.0
TSMixup_330,1982-03-31,172.0
TSMixup_331,1977-09-30,173.1
TSMixup_331,1977-12-31,173.1
TSMixup_331,1978-03-31,176.49
TSMixup_331,1978-06-30,178.09
TSMixup_331,1978-09-30,178.09
TSMixup_331,1978-12-31,178.09
TSMixup_331,1979-03-31,176.09
TSMixup_331,1979-06-30,172.1
TSMixup_331,1979-09-30,168.11
TSMixup_331,1979-12-31,159.94
TSMixup_331,1980-03-31,159.94
TSMixup_331,1980-06-30,159.94
TSMixup_331,1980-09-30,159.94
TSMixup_331,1980-12-31,159.94
TSMixup_331,1981-03-31,159.94
TSMixup_331,1981-06-30,159.94
TSMixup_331,1981-09-30,159.94
TSMixup_331,1981-12-31,159.94
TSMixup_331,1982-03-31,159.94
TSMixup_331,1982-06-30,159.94
TSMixup_331,1982-09-30,159.94
TSMixup_331,1982-12-31,159.54
TSMixup_331,1983-03-31,159.14
TSMixup_331,1983-06-30,159.14
TSMixup_331,1983-09-30,159.14
TSMixup_331,1983-12-31,159.14
TSMixup_331,1984-03-31,159.14
TSMixup_331,1984-06-30,159.14
TSMixup_331,1984-09-30,161.13
TSMixup_331,1984-12-31,161.13
TSMixup_331,1985-03-31,166.32
TSMixup_331,1985-06-30,166.32
TSMixup_331,1985-09-30,166.32
TSMixup_331,1985-12-31,166.32
TSMixup_331,1986-03-31,166.32
TSMixup_331,1986-06-30,171.1
TSMixup_331,1986-09-30,171.1
TSMixup_331,1986-12-31,171.1
TSMixup_331,1987-03-31,172.1
TSMixup_331,1987-06-30,174.3
TSMixup_331,1987-09-30,174.3
TSMixup_331,1987-12-31,174.3
TSMixup_331,1988-03-31,174.3
TSMixup_331,1988-06-30,174.3
TSMixup_331,1988-09-30,174.3
TSMixup_331,1988-12-31,174.3
TSMixup_331,1989-03-31,174.3
TSMixup_331,1989-06-30,174.3
TSMixup_331,1989-09-30,174.3
TSMixup_331,1989-12-31,174.89
TSMixup_331,1990-03-31,176.49
TSMixup_331,1990-06-30,176.49
TSMixup_331,1990-09-30,182.87
TSMixup_331,1990-12-31,182.87
TSMixup_331,1991-03-31,182.87
TSMixup_331,1991-06-30,182.87
TSMixup_331,1991-09-30,201.82
TSMixup_331,1991-12-31,201.82
TSMixup_331,1992-03-31,195.04
TSMixup_331,1992-06-30,198.63
TSMixup_331,1992-09-30,198.63
TSMixup_331,1992-12-31,198.63
TSMixup_331,1993-03-31,198.63
TSMixup_331,1993-06-30,198.63
TSMixup_331,1993-09-30,198.63
TSMixup_332,1978-06-30,9814.0
TSMixup_332,1978-09-30,11961.0
TSMixup_332,1978-12-31,4870.0
TSMixup_332,1979-03-31,5397.0
TSMixup_332,1979-06-30,4568.0
TSMixup_332,1979-09-30,4263.0
TSMixup_332,1979-12-31,8224.0
TSMixup_332,1980-03-31,13418.0
TSMixup_332,1980-06-30,14866.0
TSMixup_332,1980-09-30,20417.0
TSMixup_332,1980-12-31,23728.0
TSMixup_332,1981-03-31,25261.0
TSMixup_332,1981-06-30,19467.0
TSMixup_332,1981-09-30,17795.0
TSMixup_332,1981-12-31,15252.0
TSMixup_332,1982-03-31,14203.0
TSMixup_332,1982-06-30,14023.0
TSMixup_332,1982-09-30,16119.0
TSMixup_332,1982-12-31,10193.0
TSMixup_332,1983-03-31,11243.0
TSMixup_333,1977-12-31,3094.0
TSMixup_333,1978-03-31,1832.0
TSMixup_333,1978-06-30,3188.0
TSMixup_333,1978-09-30,2182.0
TSMixup_333,1978-12-31,4100.0
TSMixup_333,1979-03-31,3812.0
TSMixup_333,1979-06-30,2945.0
TSMixup_333,1979-09-30,2537.0
TSMixup_333,1979-12-31,2904.0
TSMixup_333,1980-03-31,2386.0
TSMixup_333,1980-06-30,3229.0
TSMixup_333,1980-09-30,2091.0
TSMixup_333,1980-12-31,3880.0
TSMixup_333,1981-03-31,2355.0
TSMixup_333,1981-06-30,3923.0
TSMixup_333,1981-09-30,1787.0
TSMixup_334,1975-12-31,0.38
TSMixup_334,1976-03-31,0.46
TSMixup_334,1976-06-30,0.54
TSMixup_334,1976-09-30,0.47
TSMixup_334,1976-12-31,0.6
TSMixup_334,1977-03-31,2.83
TSMixup_334,1977-06-30,6.15
TSMixup_334,1977-09-30,5.83
TSMixup_334,1977-12-31,6.92
TSMixup_334,1978-03-31,8.31
TSMixup_334,1978-06-30,7.56
TSMixup_334,1978-09-30,4.74
TSMixup_334,1978-12-31,3.67
TSMixup_334,1979-03-31,3.35
TSMixup_334,1979-06-30,2.94
TSMixup_334,1979-09-30,1.75
TSMixup_334,1979-12-31,1.53
TSMixup_334,1980-03-31,1.61
TSMixup_334,1980-06-30,1.78
TSMixup_334,1980-09-30,1.48
TSMixup_334,1980-12-31,1.29
TSMixup_334,1981-03-31,2.58
TSMixup_334,1981-06-30,4.03
TSMixup_334,1981-09-30,4.57
TSMixup_335,1976-12-31,15.1
TSMixup_335,1977-03-31,16.0
TSMixup_335,1977-06-30,15.8
TSMixup_335,1977-09-30,14.6
TSMixup_335,1977-12-31,15.5
TSMixup_335,1978-03-31,15.5
TSMixup_335,1978-06-30,15.2
TSMixup_335,1978-09-30,15.4
TSMixup_335,1978-12-31,15.7
TSMixup_335,1979-03-31,15.6
TSMixup_335,1979-06-30,15.8
TSMixup_335,1979-09-30,16.1
TSMixup_335,1979-12-31,16.1
TSMixup_335,1980-03-31,16.1
TSMixup_335,1980-06-30,17.4
TSMixup_335,1980-09-30,15.2
TSMixup_335,1980-12-31,14.7
TSMixup_335,1981-03-31,14.8
TSMixup_335,1981-06-30,14.7
TSMixup_335,1981-09-30,13.5
TSMixup_335,1981-12-31,16.3
TSMixup_335,1982-03-31,16.7
TSMixup_335,1982-06-30,16.7
TSMixup_335,1982-09-30,17.5
TSMixup_335,1982-12-31,17.3
TSMixup_335,1983-03-31,17.8
TSMixup_335,1983-06-30,16.8
TSMixup_335,1983-09-30,16.9
TSMixup_335,1983-12-31,16.3
TSMixup_335,1984-03-31,16.6
TSMixup_335,1984-06-30,17.1
TSMixup_335,1984-09-30,15.7
TSMixup_335,1984-12-31,17.3
TSMixup_335,1985-03-31,17.9
TSMixup_335,1985-06-30,17.5
TSMixup_335,1985-09-30,17.7
TSMixup_336,1900-03-31,5476.0
TSMixup_336,1900-06-30,5409.0
TSMixup_336,1900-09-30,5636.0
TSMixup_336,1900-12-31,5388.0
TSMixup_336,1901-03-31,6130.0
TSMixup_336,1901-06-30,6365.0
TSMixup_336,1901-09-30,6527.0
TSMixup_336,1901-12-31,5757.0
TSMixup_336,1902-03-31,7830.0
TSMixup_336,1902-06-30,7092.0
TSMixup_336,1902-09-30,7376.0
TSMixup_336,1902-12-31,6518.0
TSMixup_336,1903-03-31,7113.0
TSMixup_336,1903-06-30,7265.0
TSMixup_336,1903-09-30,7312.0
TSMixup_336,1903-12-31,6669.0
TSMixup_336,1904-03-31,7350.0
TSMixup_336,1904-06-30,7730.0
TSMixup_336,1904-09-30,8181.0
TSMixup_336,1904-12-31,7295.0
TSMixup_336,1905-03-31,8353.0
TSMixup_336,1905-06-30,8532.0
TSMixup_336,1905-09-30,9124.0
TSMixup_336,1905-12-31,8438.0
TSMixup_336,1906-03-31,9047.0
TSMixup_336,1906-06-30,9831.0
TSMixup_336,1906-09-30,10462.0
TSMixup_336,1906-12-31,9632.0
TSMixup_336,1907-03-31,10446.0
TSMixup_336,1907-06-30,10930.0
TSMixup_336,1907-09-30,11131.0
TSMixup_336,1907-12-31,10012.0
TSMixup_336,1908-03-31,11241.0
TSMixup_336,1908-06-30,11655.0
TSMixup_337,1978-06-30,3156.65
TSMixup_337,1978-09-30,3324.07
TSMixup_337,1978-12-31,3203.4
TSMixup_337,1979-03-31,3501.42
TSMixup_337,1979-06-30,3356.84
TSMixup_337,1979-09-30,3520.64
TSMixup_337,1979-12-31,3598.96
TSMixup_337,1980-03-31,3847.61
TSMixup_337,1980-06-30,3716.15
TSMixup_337,1980-09-30,3765.22
TSMixup_337,1980-12-31,3573.43
TSMixup_337,1981-03-31,3645.82
TSMixup_337,1981-06-30,3440.91
TSMixup_337,1981-09-30,3719.15
TSMixup_337,1981-12-31,3689.04
TSMixup_337,1982-03-31,3802.45
TSMixup_337,1982-06-30,3933.66
TSMixup_337,1982-09-30,4189.12
TSMixup_337,1982-12-31,3924.17
TSMixup_337,1983-03-31,4300.45
TSMixup_337,1983-06-30,4323.72
TSMixup_337,1983-09-30,4502.72
TSMixup_337,1983-12-31,4345.38
TSMixup_337,1984-03-31,4759.63
TSMixup_338,1975-12-31,100.0
TSMixup_338,1976-03-31,106.0
TSMixup_338,1976-06-30,97.0
TSMixup_338,1976-09-30,98.0
TSMixup_338,1976-12-31,97.0
TSMixup_338,1977-03-31,95.0
TSMixup_338,1977-06-30,86.0
TSMixup_338,1977-09-30,93.0
TSMixup_338,1977-12-31,99.0
TSMixup_338,1978-03-31,104.0
TSMixup_338,1978-06-30,88.0
TSMixup_338,1978-09-30,94.0
TSMixup_338,1978-12-31,107.0
TSMixup_338,1979-03-31,110.0
TSMixup_338,1979-06-30,101.0
TSMixup_338,1979-09-30,106.0
TSMixup_338,1979-12-31,105.0
TSMixup_338,1980-03-31,107.0
TSMixup_338,1980-06-30,96.0
TSMixup_338,1980-09-30,93.0
TSMixup_338,1980-12-31,103.0
TSMixup_338,1981-03-31,108.0
TSMixup_338,1981-06-30,81.0
TSMixup_338,1981-09-30,87.0
TSMixup_338,1981-12-31,101.0
TSMixup_338,1982-03-31,110.0
TSMixup_339,1969-12-31,1.07
TSMixup_339,1970-03-31,1.06
TSMixup_339,1970-06-30,1.07
TSMixup_339,1970-09-30,1.07
TSMixup_339,1970-12-31,1.09
TSMixup_339,1971-03-31,1.1
TSMixup_339,1971-06-30,1.09
TSMixup_339,1971-09-30,1.09
TSMixup_339,1971-12-31,1.12
TSMixup_339,1972-03-31,1.12
TSMixup_339,1972-06-30,1.12
TSMixup_339,1972-09-30,1.11
TSMixup_339,1972-12-31,1.13
TSMixup_339,1973-03-31,1.13
TSMixup_339,1973-06-30,1.13
TSMixup_339,1973-09-30,1.12
TSMixup_339,1973-12-31,1.13
TSMixup_339,1974-03-31,1.13
TSMixup_339,1974-06-30,1.13
TSMixup_339,1974-09-30,1.13
TSMixup_339,1974-12-31,1.15
TSMixup_339,1975-03-31,1.15
TSMixup_339,1975-06-30,1.14
TSMixup_339,1975-09-30,1.14
TSMixup_339,1975-12-31,1.15
TSMixup_339,1976-03-31,1.15
TSMixup_339,1976-06-30,1.14
TSMixup_339,1976-09-30,1.13
TSMixup_340,1975-12-31,91.5
TSMixup_340,1976-03-31,91.5
TSMixup_340,1976-06-30,94.8
TSMixup_340,1976-09-30,97.8
TSMixup_340,1976-12-31,97.6
TSMixup_340,1977-03-31,97.6
TSMixup_340,1977-06-30,100.8
TSMixup_340,1977-09-30,102.6
TSMixup_340,1977-12-31,101.2
TSMixup_340,1978-03-31,99.4
TSMixup_340,1978-06-30,100.2
TSMixup_340,1978-09-30,102.2
TSMixup_340,1978-12-31,99.4
TSMixup_340,1979-03-31,96.9
TSMixup_340,1979-06-30,99.2
TSMixup_340,1979-09-30,101.2
TSMixup_340,1979-12-31,100.4
TSMixup_340,1980-03-31,99.8
TSMixup_340,1980-06-30,102.8
TSMixup_340,1980-09-30,103.2
TSMixup_340,1980-12-31,102.2
TSMixup_340,1981-03-31,99.8
TSMixup_340,1981-06-30,100.6
TSMixup_340,1981-09-30,101.0
TSMixup_340,1981-12-31,98.5
TSMixup_340,1982-03-31,96.8
TSMixup_340,1982-06-30,99.5
TSMixup_340,1982-09-30,100.7
TSMixup_340,1982-12-31,99.2
TSMixup_340,1983-03-31,97.9
TSMixup_340,1983-06-30,100.9
TSMixup_341,1971-12-31,21088.0
TSMixup_341,1972-03-31,21274.0
TSMixup_341,1972-06-30,21566.0
TSMixup_341,1972-09-30,22617.0
TSMixup_341,1972-12-31,23708.0
TSMixup_341,1973-03-31,24896.0
TSMixup_341,1973-06-30,26254.0
TSMixup_341,1973-09-30,27410.0
TSMixup_341,1973-12-31,28347.0
TSMixup_341,1974-03-31,29420.0
TSMixup_341,1974-06-30,30150.0
TSMixup_341,1974-09-30,30565.0
TSMixup_341,1974-12-31,31567.0
TSMixup_341,1975-03-31,32350.0
TSMixup_341,1975-06-30,32959.0
TSMixup_341,1975-09-30,34270.0
TSMixup_341,1975-12-31,36149.0
TSMixup_341,1976-03-31,37711.0
TSMixup_341,1976-06-30,38815.0
TSMixup_341,1976-09-30,41105.0
TSMixup_341,1976-12-31,42034.0
TSMixup_342,1977-06-30,9698.05
TSMixup_342,1977-09-30,9679.38
TSMixup_342,1977-12-31,8249.81
TSMixup_342,1978-03-31,10688.0
TSMixup_342,1978-06-30,11403.5
TSMixup_342,1978-09-30,11515.0
TSMixup_342,1978-12-31,9685.71
TSMixup_342,1979-03-31,12146.0
TSMixup_342,1979-06-30,13179.1
TSMixup_342,1979-09-30,12785.3
TSMixup_342,1979-12-31,10603.9
TSMixup_342,1980-03-31,13594.3
TSMixup_342,1980-06-30,14387.3
TSMixup_342,1980-09-30,14654.3
TSMixup_342,1980-12-31,11575.4
TSMixup_342,1981-03-31,15238.7
TSMixup_342,1981-06-30,16209.8
TSMixup_342,1981-09-30,15425.1
TSMixup_342,1981-12-31,12130.6
TSMixup_342,1982-03-31,15048.9
TSMixup_342,1982-06-30,15877.1
TSMixup_342,1982-09-30,15077.9
TSMixup_342,1982-12-31,12921.9
TSMixup_342,1983-03-31,15250.1
TSMixup_342,1983-06-30,15688.7
TSMixup_342,1983-09-30,15415.7
TSMixup_342,1983-12-31,12084.7
TSMixup_342,1984-03-31,17141.9
TSMixup_342,1984-06-30,18041.6
TSMixup_342,1984-09-30,19311.6
TSMixup_342,1984-12-31,15027.4
TSMixup_342,1985-03-31,19489.4
TSMixup_342,1985-06-30,20317.8
TSMixup_342,1985-09-30,19812.3
TSMixup_342,1985-12-31,16222.1
TSMixup_342,1986-03-31,19191.6
TSMixup_342,1986-06-30,20628.3
TSMixup_342,1986-09-30,20508.9
TSMixup_342,1986-12-31,16181.2
TSMixup_342,1987-03-31,20499.4
TSMixup_342,1987-06-30,21530.3
TSMixup_342,1987-09-30,22276.0
TSMixup_342,1987-12-31,17643.2
TSMixup_342,1988-03-31,22506.7
TSMixup_342,1988-06-30,22890.9
TSMixup_342,1988-09-30,24256.2
TSMixup_342,1988-12-31,18269.2
TSMixup_342,1989-03-31,22598.0
TSMixup_342,1989-06-30,23733.5
TSMixup_342,1989-09-30,24178.2
TSMixup_343,1977-12-31,81042.0
TSMixup_343,1978-03-31,97471.0
TSMixup_343,1978-06-30,100051.0
TSMixup_343,1978-09-30,94505.0
TSMixup_343,1978-12-31,92247.0
TSMixup_343,1979-03-31,131645.0
TSMixup_343,1979-06-30,126483.0
TSMixup_343,1979-09-30,51310.0
TSMixup_343,1979-12-31,83240.0
TSMixup_343,1980-03-31,112739.0
TSMixup_343,1980-06-30,137303.0
TSMixup_343,1980-09-30,129242.0
TSMixup_343,1980-12-31,106438.0
TSMixup_343,1981-03-31,92942.0
TSMixup_343,1981-06-30,124449.0
TSMixup_343,1981-09-30,135476.0
TSMixup_343,1981-12-31,132365.0
TSMixup_343,1982-03-31,155102.0
TSMixup_343,1982-06-30,62847.0
TSMixup_343,1982-09-30,112943.0
TSMixup_343,1982-12-31,57202.0
TSMixup_343,1983-03-31,156416.0
TSMixup_343,1983-06-30,94855.0
TSMixup_343,1983-09-30,133040.0
TSMixup_343,1983-12-31,101827.0
TSMixup_344,1978-06-30,18523.0
TSMixup_344,1978-09-30,20076.0
TSMixup_344,1978-12-31,21073.0
TSMixup_344,1979-03-31,21822.0
TSMixup_344,1979-06-30,20979.0
TSMixup_344,1979-09-30,21948.0
TSMixup_344,1979-12-31,22755.0
TSMixup_344,1980-03-31,22434.0
TSMixup_344,1980-06-30,20987.0
TSMixup_344,1980-09-30,22298.0
TSMixup_344,1980-12-31,23186.0
TSMixup_344,1981-03-31,23879.0
TSMixup_344,1981-06-30,22701.0
TSMixup_345,1969-12-31,87.8
TSMixup_345,1970-03-31,88.6
TSMixup_345,1970-06-30,92.4
TSMixup_345,1970-09-30,93.5
TSMixup_345,1970-12-31,95.8
TSMixup_345,1971-03-31,93.5
TSMixup_345,1971-06-30,95.5
TSMixup_345,1971-09-30,96.0
TSMixup_345,1971-12-31,102.3
TSMixup_345,1972-03-31,99.7
TSMixup_345,1972-06-30,102.0
TSMixup_345,1972-09-30,103.4
TSMixup_345,1972-12-31,108.3
TSMixup_345,1973-03-31,107.7
TSMixup_345,1973-06-30,110.0
TSMixup_345,1973-09-30,112.9
TSMixup_346,1964-12-31,72.0
TSMixup_346,1965-03-31,76.0
TSMixup_346,1965-06-30,65.0
TSMixup_346,1965-09-30,80.0
TSMixup_346,1965-12-31,78.0
TSMixup_346,1966-03-31,83.0
TSMixup_346,1966-06-30,72.0
TSMixup_346,1966-09-30,87.0
TSMixup_346,1966-12-31,87.0
TSMixup_346,1967-03-31,89.0
TSMixup_346,1967-06-30,76.0
TSMixup_346,1967-09-30,93.0
TSMixup_346,1967-12-31,95.0
TSMixup_346,1968-03-31,95.0
TSMixup_346,1968-06-30,79.0
TSMixup_346,1968-09-30,93.0
TSMixup_346,1968-12-31,91.0
TSMixup_346,1969-03-31,95.0
TSMixup_346,1969-06-30,80.0
TSMixup_346,1969-09-30,100.0
TSMixup_346,1969-12-31,100.0
TSMixup_346,1970-03-31,104.0
TSMixup_346,1970-06-30,88.0
TSMixup_346,1970-09-30,108.0
TSMixup_346,1970-12-31,107.0
TSMixup_346,1971-03-31,109.0
TSMixup_346,1971-06-30,92.0
TSMixup_346,1971-09-30,114.0
TSMixup_347,1976-12-31,16.0
TSMixup_347,1977-03-31,15.9
TSMixup_347,1977-06-30,16.5
TSMixup_347,1977-09-30,16.6
TSMixup_347,1977-12-31,16.7
TSMixup_347,1978-03-31,16.6
TSMixup_347,1978-06-30,16.0
TSMixup_347,1978-09-30,16.2
TSMixup_347,1978-12-31,15.9
TSMixup_347,1979-03-31,15.9
TSMixup_347,1979-06-30,16.3
TSMixup_347,1979-09-30,16.8
TSMixup_347,1979-12-31,16.6
TSMixup_347,1980-03-31,17.2
TSMixup_347,1980-06-30,17.0
TSMixup_347,1980-09-30,16.8
TSMixup_347,1980-12-31,17.2
TSMixup_347,1981-03-31,17.3
TSMixup_347,1981-06-30,17.4
TSMixup_347,1981-09-30,17.2
TSMixup_347,1981-12-31,17.4
TSMixup_347,1982-03-31,17.1
TSMixup_347,1982-06-30,17.7
TSMixup_347,1982-09-30,17.7
TSMixup_347,1982-12-31,17.7
TSMixup_347,1983-03-31,17.8
TSMixup_347,1983-06-30,17.5
TSMixup_347,1983-09-30,17.6
TSMixup_347,1983-12-31,17.4
TSMixup_348,1969-12-31,4.56
TSMixup_348,1970-03-31,3.56
TSMixup_348,1970-06-30,3.38
TSMixup_348,1970-09-30,3.46
TSMixup_348,1970-12-31,4.06
TSMixup_348,1971-03-31,3.72
TSMixup_348,1971-06-30,3.64
TSMixup_348,1971-09-30,3.99
TSMixup_348,1971-12-31,5.47
TSMixup_348,1972-03-31,4.96
TSMixup_348,1972-06-30,4.48
TSMixup_348,1972-09-30,3.95
TSMixup_348,1972-12-31,4.48
TSMixup_348,1973-03-31,3.89
TSMixup_348,1973-06-30,3.71
TSMixup_348,1973-09-30,3.57
TSMixup_348,1973-12-31,4.65
TSMixup_348,1974-03-31,4.17
TSMixup_348,1974-06-30,3.79
TSMixup_349,1900-03-31,161.0
TSMixup_349,1900-06-30,175.0
TSMixup_349,1900-09-30,214.0
TSMixup_349,1900-12-31,176.0
TSMixup_349,1901-03-31,196.0
TSMixup_349,1901-06-30,227.0
TSMixup_349,1901-09-30,147.0
TSMixup_349,1901-12-31,199.0
TSMixup_349,1902-03-31,267.0
TSMixup_349,1902-06-30,194.0
TSMixup_349,1902-09-30,200.0
TSMixup_349,1902-12-31,179.0
TSMixup_349,1903-03-31,170.0
TSMixup_349,1903-06-30,208.0
TSMixup_349,1903-09-30,183.0
TSMixup_349,1903-12-31,313.0
TSMixup_349,1904-03-31,246.0
TSMixup_349,1904-06-30,190.0
TSMixup_349,1904-09-30,300.0
TSMixup_349,1904-12-31,242.0
TSMixup_349,1905-03-31,268.0
TSMixup_349,1905-06-30,265.0
TSMixup_349,1905-09-30,242.0
TSMixup_349,1905-12-31,230.0
TSMixup_349,1906-03-31,206.0
TSMixup_349,1906-06-30,329.0
TSMixup_349,1906-09-30,160.0
TSMixup_349,1906-12-31,238.0
TSMixup_349,1907-03-31,243.0
TSMixup_350,1977-12-31,77.9
TSMixup_350,1978-03-31,72.3
TSMixup_350,1978-06-30,64.8
TSMixup_350,1978-09-30,65.0
TSMixup_350,1978-12-31,57.0
TSMixup_350,1979-03-31,54.6
TSMixup_350,1979-06-30,59.1
TSMixup_350,1979-09-30,59.4
TSMixup_350,1979-12-31,66.5
TSMixup_350,1980-03-31,71.3
TSMixup_350,1980-06-30,71.4
TSMixup_350,1980-09-30,72.8
TSMixup_350,1980-12-31,71.8
TSMixup_350,1981-03-31,70.3
TSMixup_350,1981-06-30,71.2
TSMixup_350,1981-09-30,74.4
TSMixup_350,1981-12-31,76.6
TSMixup_351,1976-12-31,51.0
TSMixup_351,1977-03-31,54.0
TSMixup_351,1977-06-30,56.0
TSMixup_351,1977-09-30,58.0
TSMixup_351,1977-12-31,59.0
TSMixup_351,1978-03-31,59.0
TSMixup_351,1978-06-30,59.0
TSMixup_351,1978-09-30,60.0
TSMixup_351,1978-12-31,63.0
TSMixup_351,1979-03-31,67.0
TSMixup_351,1979-06-30,74.0
TSMixup_351,1979-09-30,79.0
TSMixup_351,1979-12-31,87.0
TSMixup_351,1980-03-31,93.0
TSMixup_351,1980-06-30,100.0
TSMixup_351,1980-09-30,104.0
TSMixup_351,1980-12-31,103.0
TSMixup_351,1981-03-31,100.0
TSMixup_351,1981-06-30,99.0
TSMixup_351,1981-09-30,100.0
TSMixup_351,1981-12-31,97.0
TSMixup_351,1982-03-31,104.0
TSMixup_351,1982-06-30,115.0
TSMixup_351,1982-09-30,122.0
TSMixup_351,1982-12-31,133.0
TSMixup_351,1983-03-31,145.0
TSMixup_351,1983-06-30,152.0
TSMixup_351,1983-09-30,161.0
TSMixup_351,1983-12-31,173.0
TSMixup_351,1984-03-31,180.0
TSMixup_351,1984-06-30,190.0
TSMixup_351,1984-09-30,200.0
TSMixup_351,1984-12-31,202.0
TSMixup_351,1985-03-31,200.0
TSMixup_352,1975-12-31,74.0
TSMixup_352,1976-03-31,76.0
TSMixup_352,1976-06-30,73.0
TSMixup_352,1976-09-30,76.0
TSMixup_352,1976-12-31,76.0
TSMixup_352,1977-03-31,75.0
TSMixup_352,1977-06-30,75.0
TSMixup_352,1977-09-30,79.0
TSMixup_352,1977-12-31,79.0
TSMixup_352,1978-03-31,80.0
TSMixup_352,1978-06-30,79.0
TSMixup_352,1978-09-30,82.0
TSMixup_352,1978-12-31,81.0
TSMixup_352,1979-03-31,83.0
TSMixup_352,1979-06-30,81.0
TSMixup_352,1979-09-30,84.0
TSMixup_352,1979-12-31,84.0
TSMixup_352,1980-03-31,86.0
TSMixup_352,1980-06-30,85.0
TSMixup_352,1980-09-30,88.0
TSMixup_352,1980-12-31,88.0
TSMixup_352,1981-03-31,89.0
TSMixup_352,1981-06-30,87.0
TSMixup_352,1981-09-30,89.0
TSMixup_352,1981-12-31,91.0
TSMixup_352,1982-03-31,91.0
TSMixup_352,1982-06-30,90.0
TSMixup_352,1982-09-30,95.0
TSMixup_352,1982-12-31,95.0
TSMixup_352,1983-03-31,94.0
TSMixup_352,1983-06-30,94.0
TSMixup_352,1983-09-30,97.0
TSMixup_352,1983-12-31,95.0
TSMixup_352,1984-03-31,99.0
TSMixup_352,1984-06-30,98.0
TSMixup_352,1984-09-30,100.0
TSMixup_352,1984-12-31,99.0
TSMixup_352,1985-03-31,103.0
TSMixup_352,1985-06-30,100.0
TSMixup_352,1985-09-30,101.0
TSMixup_352,1985-12-31,98.0
TSMixup_352,1986-03-31,96.0
TSMixup_352,1986-06-30,99.0
TSMixup_352,1986-09-30,102.0
TSMixup_352,1986-12-31,101.0
TSMixup_352,1987-03-31,104.0
TSMixup_353,1976-12-31,5.26
TSMixup_353,1977-03-31,5.27
TSMixup_353,1977-06-30,5.3
TSMixup_353,1977-09-30,5.32
TSMixup_353,1977-12-31,5.34
TSMixup_353,1978-03-31,5.39
TSMixup_353,1978-06-30,5.43
TSMixup_353,1978-09-30,5.45
TSMixup_353,1978-12-31,5.49
TSMixup_353,1979-03-31,5.54
TSMixup_353,1979-06-30,5.57
TSMixup_353,1979-09-30,5.59
TSMixup_353,1979-12-31,5.59
TSMixup_353,1980-03-31,5.58
TSMixup_353,1980-06-30,5.54
TSMixup_353,1980-09-30,5.53
TSMixup_353,1980-12-31,5.54
TSMixup_353,1981-03-31,5.54
TSMixup_353,1981-06-30,5.56
TSMixup_353,1981-09-30,5.6
TSMixup_353,1981-12-31,5.6
TSMixup_353,1982-03-31,5.6
TSMixup_353,1982-06-30,5.59
TSMixup_353,1982-09-30,5.57
TSMixup_353,1982-12-31,5.53
TSMixup_353,1983-03-31,5.5
TSMixup_353,1983-06-30,5.48
TSMixup_353,1983-09-30,5.44
TSMixup_353,1983-12-31,5.45
TSMixup_353,1984-03-31,5.49
TSMixup_353,1984-06-30,5.54
TSMixup_353,1984-09-30,5.58
TSMixup_353,1984-12-31,5.63
TSMixup_353,1985-03-31,5.68
