unique_id,ds,y
DBA_0,1969-12-31,20356.0
DBA_0,1970-03-31,21040.0
DBA_0,1970-06-30,21220.0
DBA_0,1970-09-30,21852.0
DBA_0,1970-12-31,22320.0
DBA_0,1971-03-31,22404.0
DBA_0,1971-06-30,22568.0
DBA_0,1971-09-30,23052.0
DBA_0,1971-12-31,23852.0
DBA_0,1972-03-31,23900.0
DBA_0,1972-06-30,24520.0
DBA_0,1972-09-30,24364.0
DBA_0,1972-12-31,24676.0
DBA_0,1973-03-31,25252.0
DBA_0,1973-06-30,25420.0
DBA_0,1973-09-30,25544.0
DBA_0,1973-12-31,25512.0
DBA_0,1974-03-31,26700.0
DBA_0,1974-06-30,26940.0
DBA_0,1974-09-30,27880.0
DBA_0,1974-12-31,28060.0
DBA_0,1975-03-31,28780.0
DBA_0,1975-06-30,29104.0
DBA_0,1975-09-30,29752.0
DBA_0,1975-12-31,31152.0
DBA_0,1976-03-31,30356.0
DBA_0,1976-06-30,31324.0
DBA_0,1976-09-30,31768.0
DBA_0,1976-12-31,32008.0
DBA_0,1977-03-31,32552.0
DBA_0,1977-06-30,32944.0
DBA_0,1977-09-30,32940.0
DBA_1,1969-12-31,4.559999942779541
DBA_1,1970-03-31,3.559999942779541
DBA_1,1970-06-30,3.380000114440918
DBA_1,1970-09-30,3.4600000381469727
DBA_1,1970-12-31,4.059999942779541
DBA_1,1971-03-31,3.7200000286102295
DBA_1,1971-06-30,3.640000104904175
DBA_1,1971-09-30,3.990000009536743
DBA_1,1971-12-31,5.46999979019165
DBA_1,1972-03-31,4.960000038146973
DBA_1,1972-06-30,4.480000019073486
DBA_1,1972-09-30,3.950000047683716
DBA_1,1972-12-31,4.480000019073486
DBA_1,1973-03-31,3.890000104904175
DBA_1,1973-06-30,3.7100000381469727
DBA_1,1973-09-30,3.569999933242798
DBA_1,1973-12-31,4.650000095367432
DBA_1,1974-03-31,4.170000076293945
DBA_1,1974-06-30,3.7899999618530273
DBA_1,1974-09-30,3.680000066757202
DBA_1,1974-12-31,4.400000095367432
DBA_1,1975-03-31,3.940000057220459
DBA_1,1975-06-30,3.5
DBA_1,1975-09-30,3.309999942779541
DBA_1,1975-12-31,3.940000057220459
DBA_1,1976-03-31,3.5899999141693115
DBA_1,1976-06-30,3.1500000953674316
DBA_1,1976-09-30,2.7899999618530273
DBA_1,1976-12-31,3.109999895095825
DBA_1,1977-03-31,3.0399999618530273
DBA_1,1977-06-30,2.7899999618530273
DBA_1,1977-09-30,2.569999933242798
DBA_2,1976-12-31,33013.98056347584
DBA_2,1977-03-31,30391.393892725257
DBA_2,1977-06-30,33812.31357744817
DBA_2,1977-09-30,37460.15081988622
DBA_2,1977-12-31,37224.408439539075
DBA_2,1978-03-31,39438.08935914153
DBA_2,1978-06-30,43153.23476339636
DBA_2,1978-09-30,43331.309584975825
DBA_2,1978-12-31,42020.252643553074
DBA_2,1979-03-31,45052.74832240205
DBA_2,1979-06-30,43583.63069504112
DBA_2,1979-09-30,47987.56370601735
DBA_2,1979-12-31,44196.70097493057
DBA_2,1980-03-31,46192.3512967412
DBA_2,1980-06-30,47707.64025398484
DBA_2,1980-09-30,52618.086645991076
DBA_2,1980-12-31,57170.10175533506
DBA_2,1981-03-31,57210.883668508926
DBA_2,1981-06-30,53795.74834551668
DBA_2,1981-09-30,62748.19892237555
DBA_2,1981-12-31,55676.38167637885
DBA_2,1982-03-31,55397.153147754216
DBA_2,1982-06-30,55384.45740459468
DBA_2,1982-09-30,57125.87835365595
DBA_2,1982-12-31,54453.15800738243
DBA_2,1983-03-31,49138.44194245697
DBA_2,1983-06-30,53286.453818124035
DBA_2,1983-09-30,56709.642471685605
DBA_2,1983-12-31,51268.535362860894
DBA_2,1984-03-31,53547.02334657077
DBA_2,1984-06-30,9106.841914773097
DBA_2,1984-09-30,9876.353194997115
DBA_2,1984-12-31,9503.508817992579
DBA_2,1985-03-31,10621.06431865467
DBA_2,1985-06-30,9659.02294179546
DBA_2,1985-09-30,10165.458403852905
DBA_2,1985-12-31,10550.023343039682
DBA_2,1986-03-31,11796.176145709642
DBA_2,1986-06-30,12951.360309480082
DBA_2,1986-09-30,12961.750622069205
DBA_2,1986-12-31,12095.141902805944
DBA_2,1987-03-31,14366.994178046198
DBA_2,1987-06-30,12572.414163587644
DBA_2,1987-09-30,12501.568380278786
DBA_2,1987-12-31,12498.356731472726
DBA_2,1988-03-31,12940.281136355678
DBA_2,1988-06-30,12149.779368851952
DBA_2,1988-09-30,10681.365697929192
DBA_2,1988-12-31,11633.69993570102
DBA_2,1989-03-31,11633.895128007145
DBA_2,1989-06-30,10632.097688692216
DBA_2,1989-09-30,11198.85659758747
DBA_3,1975-12-31,337.61176596564553
DBA_3,1976-03-31,170.81740813928542
DBA_3,1976-06-30,133.71714625871635
DBA_3,1976-09-30,160.5248842690552
DBA_3,1976-12-31,242.374048001959
DBA_3,1977-03-31,171.20797872618365
DBA_3,1977-06-30,130.27042523851102
DBA_3,1977-09-30,144.3266580355997
DBA_3,1977-12-31,208.7991797312762
DBA_3,1978-03-31,152.4842722113468
DBA_3,1978-06-30,118.35055928094211
DBA_3,1978-09-30,128.08495824078358
DBA_3,1978-12-31,181.2585510818271
DBA_3,1979-03-31,139.50643511191385
DBA_3,1979-06-30,103.09332874352576
DBA_3,1979-09-30,104.8171711279384
DBA_3,1979-12-31,160.98668111171938
DBA_3,1980-03-31,122.34631258440378
DBA_3,1980-06-30,109.22496456069345
DBA_3,1980-09-30,112.93583133498102
DBA_3,1980-12-31,177.6231082992738
DBA_3,1981-03-31,147.86951683192373
DBA_3,1981-06-30,119.19816196726302
DBA_3,1981-09-30,140.05969636839075
DBA_3,1981-12-31,213.00780588539493
DBA_3,1982-03-31,180.52960425754765
DBA_3,1982-06-30,146.97109340841538
DBA_3,1982-09-30,154.0309191501961
DBA_3,1982-12-31,206.70063985570212
DBA_3,1983-03-31,180.07017815778346
DBA_3,1983-06-30,145.25935679924578
DBA_3,1983-09-30,159.9582271975389
DBA_3,1983-12-31,228.61787732404477
DBA_3,1984-03-31,258.3536092127923
DBA_3,1984-06-30,205.9248817075998
DBA_3,1984-09-30,218.7652204706235
DBA_3,1984-12-31,577.7170357720083
DBA_3,1985-03-31,512.1152487841824
DBA_3,1985-06-30,389.38458774507376
DBA_3,1985-09-30,449.828536339234
DBA_3,1985-12-31,574.5106484299074
DBA_3,1986-03-31,511.49006100596677
DBA_3,1986-06-30,446.9582517973723
DBA_3,1986-09-30,471.81354517051665
DBA_4,1971-12-31,226.0
DBA_4,1972-03-31,204.0
DBA_4,1972-06-30,203.0
DBA_4,1972-09-30,212.0
DBA_4,1972-12-31,193.0
DBA_4,1973-03-31,187.0
DBA_4,1973-06-30,196.0
DBA_4,1973-09-30,201.0
DBA_4,1973-12-31,197.0
DBA_4,1974-03-31,193.0
DBA_4,1974-06-30,203.0
DBA_4,1974-09-30,190.0
DBA_4,1974-12-31,190.0
DBA_4,1975-03-31,179.0
DBA_4,1975-06-30,158.0
DBA_4,1975-09-30,178.0
DBA_4,1975-12-31,135.0
DBA_4,1976-03-31,134.0
DBA_4,1976-06-30,115.0
DBA_4,1976-09-30,142.0
DBA_4,1976-12-31,131.0
DBA_4,1977-03-31,146.0
DBA_4,1977-06-30,132.0
DBA_4,1977-09-30,141.0
DBA_4,1977-12-31,135.0
DBA_4,1978-03-31,134.0
DBA_4,1978-06-30,115.0
DBA_4,1978-09-30,131.0
DBA_4,1978-12-31,113.0
DBA_4,1979-03-31,116.0
DBA_4,1979-06-30,112.0
DBA_4,1979-09-30,119.0
DBA_4,1979-12-31,118.0
DBA_4,1980-03-31,124.0
DBA_4,1980-06-30,112.0
DBA_4,1980-09-30,123.0
DBA_5,1976-03-31,84.0
DBA_5,1976-06-30,85.0
DBA_5,1976-09-30,87.0
DBA_5,1976-12-31,88.0
DBA_5,1977-03-31,87.0
DBA_5,1977-06-30,91.0
DBA_5,1977-09-30,93.0
DBA_5,1977-12-31,95.0
DBA_5,1978-03-31,97.0
DBA_5,1978-06-30,99.0
DBA_5,1978-09-30,99.0
DBA_5,1978-12-31,100.0
DBA_5,1979-03-31,101.0
DBA_5,1979-06-30,102.0
DBA_5,1979-09-30,104.0
DBA_5,1979-12-31,106.0
DBA_5,1980-03-31,107.0
DBA_5,1980-06-30,109.0
DBA_5,1980-09-30,110.0
DBA_5,1980-12-31,111.0
DBA_5,1981-03-31,111.0
DBA_5,1981-06-30,114.0
DBA_5,1981-09-30,116.0
DBA_5,1981-12-31,117.0
DBA_5,1982-03-31,120.0
DBA_5,1982-06-30,112.0
DBA_5,1982-09-30,124.0
DBA_5,1982-12-31,127.0
DBA_5,1983-03-31,127.0
DBA_5,1983-06-30,131.0
DBA_5,1983-09-30,132.0
DBA_5,1983-12-31,132.0
DBA_5,1984-03-31,135.0
DBA_5,1984-06-30,138.0
DBA_5,1984-09-30,138.0
DBA_5,1984-12-31,142.0
DBA_5,1985-03-31,142.0
DBA_5,1985-06-30,144.0
DBA_5,1985-09-30,147.0
DBA_5,1985-12-31,150.0
DBA_5,1986-03-31,152.0
DBA_5,1986-06-30,152.0
DBA_5,1986-09-30,155.0
DBA_5,1986-12-31,158.0
DBA_5,1987-03-31,161.0
DBA_6,1971-12-31,200.57638234470164
DBA_6,1972-03-31,216.7100793429474
DBA_6,1972-06-30,211.04665781284035
DBA_6,1972-09-30,229.2429845214536
DBA_6,1972-12-31,235.68938843562196
DBA_6,1973-03-31,241.96344059025984
DBA_6,1973-06-30,237.52139884957305
DBA_6,1973-09-30,241.26911665820634
DBA_6,1973-12-31,240.28846426471097
DBA_6,1974-03-31,237.26801600190484
DBA_6,1974-06-30,231.21440475436998
DBA_6,1974-09-30,212.98010801731834
DBA_6,1974-12-31,225.52064055969475
DBA_6,1975-03-31,227.1246419728521
DBA_6,1975-06-30,133.05676306753344
DBA_6,1975-09-30,215.4589363459021
DBA_6,1975-12-31,252.1251161343614
DBA_6,1976-03-31,262.3740691197528
DBA_6,1976-06-30,264.2838157506206
DBA_6,1976-09-30,285.8510765003617
DBA_6,1976-12-31,296.86943129076724
DBA_6,1977-03-31,267.35701595260764
DBA_6,1977-06-30,250.1873144588325
DBA_6,1977-09-30,247.94527424195653
DBA_6,1977-12-31,274.8097271210981
DBA_6,1978-03-31,299.03177534983104
DBA_6,1978-06-30,298.1910106503199
DBA_6,1978-09-30,291.58499749702906
DBA_6,1978-12-31,306.55862792206256
DBA_6,1979-03-31,338.0505760533413
DBA_6,1979-06-30,429.3096374412917
DBA_6,1979-09-30,332.81756811334577
DBA_6,1979-12-31,506.9500170866674
DBA_6,1980-03-31,602.5845795302189
DBA_6,1980-06-30,572.6137900711484
DBA_6,1980-09-30,592.1840086360113
DBA_6,1980-12-31,626.2393656465231
DBA_6,1981-03-31,654.5251452804317
DBA_6,1981-06-30,637.6208691979368
DBA_6,1981-09-30,658.8128772451676
DBA_6,1981-12-31,680.0981256352767
DBA_6,1982-03-31,715.2153084275141
DBA_6,1982-06-30,716.558130168698
DBA_6,1982-09-30,714.7787326863302
DBA_6,1982-12-31,726.3448163217214
DBA_6,1983-03-31,746.8241886879812
DBA_6,1983-06-30,692.6664794849414
DBA_6,1983-09-30,657.0785298375837
DBA_6,1983-12-31,663.372990329364
DBA_6,1984-03-31,721.8215520387556
DBA_6,1984-06-30,669.6674508211449
DBA_6,1984-09-30,680.5958615213402
DBA_6,1984-12-31,774.4949166146836
DBA_6,1985-03-31,811.3624709236842
DBA_6,1985-06-30,749.4286640639333
DBA_6,1985-09-30,830.7557008489001
DBA_7,1969-12-31,20459.33005068995
DBA_7,1970-03-31,20730.062768669995
DBA_7,1970-06-30,12426.681307419514
DBA_7,1970-09-30,18735.541203926154
DBA_7,1970-12-31,26469.73390562702
DBA_7,1971-03-31,22428.59002794233
DBA_7,1971-06-30,25663.6775820843
DBA_7,1971-09-30,14288.67889051418
DBA_7,1971-12-31,12513.145478856079
DBA_7,1972-03-31,23230.51365890396
DBA_7,1972-06-30,18309.98290745076
DBA_7,1972-09-30,17372.742427359564
DBA_7,1972-12-31,23904.858300616404
DBA_7,1973-03-31,23255.56269929502
DBA_7,1973-06-30,33789.24834676553
DBA_7,1973-09-30,22479.129569038745
DBA_7,1973-12-31,25059.077978723955
DBA_7,1974-03-31,26019.34291007311
DBA_7,1974-06-30,45772.68704598021
DBA_7,1974-09-30,23530.48530558215
DBA_7,1974-12-31,28270.866612109035
DBA_7,1975-03-31,28659.17732754354
DBA_7,1975-06-30,38563.30952616107
DBA_7,1975-09-30,32976.10691156984
DBA_7,1975-12-31,65567.02287916615
DBA_7,1976-03-31,30330.555394668834
DBA_7,1976-06-30,5200.434265446637
DBA_7,1976-09-30,5207.326808206267
DBA_7,1976-12-31,5211.370434694209
DBA_7,1977-03-31,5215.965463200629
DBA_7,1977-06-30,5212.840835402515
DBA_7,1977-09-30,5218.630574125186
DBA_8,1975-12-31,740.87821165
DBA_8,1976-03-31,758.6933046
DBA_8,1976-06-30,720.687641675
DBA_8,1976-09-30,788.21353045
DBA_8,1976-12-31,776.4139575499999
DBA_8,1977-03-31,761.9937747249999
DBA_8,1977-06-30,704.8938838
DBA_8,1977-09-30,750.516343475
DBA_8,1977-12-31,735.2419925749999
DBA_8,1978-03-31,762.571633075
DBA_8,1978-06-30,728.0619587750001
DBA_8,1978-09-30,786.604831725
DBA_8,1978-12-31,739.589867825
DBA_8,1979-03-31,803.083713275
DBA_8,1979-06-30,726.805286475
DBA_8,1979-09-30,800.3714395
DBA_8,1979-12-31,807.12837605
DBA_8,1980-03-31,874.3480703250001
DBA_8,1980-06-30,793.363432125
DBA_8,1980-09-30,885.465501575
DBA_8,1980-12-31,850.962137
DBA_8,1981-03-31,879.6258303499999
DBA_8,1981-06-30,790.8500875249999
DBA_8,1981-09-30,890.2128990250001
DBA_8,1981-12-31,864.15886
DBA_8,1982-03-31,893.752438125
DBA_8,1982-06-30,799.64214775
DBA_8,1982-09-30,910.8091780250002
DBA_8,1982-12-31,883.825254225
DBA_8,1983-03-31,866.924939275
DBA_8,1983-06-30,822.732842175
DBA_8,1983-09-30,945.498852325
DBA_8,1983-12-31,952.0379305250001
DBA_8,1984-03-31,801.034651975
DBA_8,1984-06-30,884.68108615
DBA_8,1984-09-30,1044.9453541
DBA_8,1984-12-31,989.959285575
DBA_8,1985-03-31,1045.8563096999999
DBA_8,1985-06-30,912.465372525
DBA_8,1985-09-30,1060.4249439
DBA_8,1985-12-31,1077.513232425
DBA_8,1986-03-31,1101.93631585
DBA_8,1986-06-30,955.3217529249999
DBA_8,1986-09-30,1066.5678275999999
DBA_8,1986-12-31,1847.4466923
DBA_8,1987-03-31,1676.2324689
DBA_8,1987-06-30,1476.5247486
DBA_8,1987-09-30,1843.3243570500001
DBA_8,1987-12-31,1866.66445845
DBA_8,1988-03-31,1870.8323337
DBA_8,1988-06-30,1613.9457812500002
DBA_8,1988-09-30,1930.56877805
DBA_9,1971-12-31,77.0
DBA_9,1972-03-31,78.0
DBA_9,1972-06-30,76.0
DBA_9,1972-09-30,91.0
DBA_9,1972-12-31,91.0
DBA_9,1973-03-31,87.0
DBA_9,1973-06-30,82.0
DBA_9,1973-09-30,96.0
DBA_9,1973-12-31,101.0
DBA_9,1974-03-31,99.0
DBA_9,1974-06-30,93.0
DBA_9,1974-09-30,107.0
DBA_9,1974-12-31,111.0
DBA_9,1975-03-31,110.0
DBA_9,1975-06-30,104.0
DBA_9,1975-09-30,119.0
DBA_9,1975-12-31,121.0
DBA_9,1976-03-31,127.0
DBA_9,1976-06-30,123.0
DBA_9,1976-09-30,135.0
DBA_9,1976-12-31,142.0
DBA_9,1977-03-31,147.0
DBA_9,1977-06-30,139.0
DBA_9,1977-09-30,157.0
DBA_9,1977-12-31,152.0
DBA_9,1978-03-31,161.0
DBA_9,1978-06-30,146.0
DBA_9,1978-09-30,159.0
DBA_9,1978-12-31,163.0
DBA_9,1979-03-31,167.0
DBA_9,1979-06-30,152.0
DBA_9,1979-09-30,180.0
DBA_10,1978-06-30,1773.0248056112807
DBA_10,1978-09-30,1683.7733426332632
DBA_10,1978-12-31,1802.355254816359
DBA_10,1979-03-31,1788.021138712468
DBA_10,1979-06-30,1870.4086235627196
DBA_10,1979-09-30,1805.9630261249736
DBA_10,1979-12-31,1933.0695774318788
DBA_10,1980-03-31,1874.2172399579708
DBA_10,1980-06-30,1998.221397904005
DBA_10,1980-09-30,2010.3053182840847
DBA_10,1980-12-31,2109.2734371449983
DBA_10,1981-03-31,2041.8463355638273
DBA_10,1981-06-30,2088.5066816969106
DBA_10,1981-09-30,1987.3928613059657
DBA_10,1981-12-31,2010.641169052656
DBA_10,1982-03-31,1956.3245908703786
DBA_10,1982-06-30,2088.9300646505803
DBA_10,1982-09-30,2081.559721401187
DBA_10,1982-12-31,2117.302215421152
DBA_10,1983-03-31,2209.6358765199902
DBA_10,1983-06-30,2313.6463116983205
DBA_10,1983-09-30,2179.650088774301
DBA_10,1983-12-31,2349.1627519027275
DBA_10,1984-03-31,2429.9203562434564
DBA_10,1984-06-30,2920.593802302397
DBA_10,1984-09-30,2462.1414429068727
DBA_10,1984-12-31,4993.7033718029925
DBA_10,1985-03-31,2275.678717967783
DBA_10,1985-06-30,1909.6580418910098
DBA_10,1985-09-30,1661.4278345963496
DBA_11,1971-12-31,3714.07729334439
DBA_11,1972-03-31,3751.1765771341866
DBA_11,1972-06-30,3899.1517307654944
DBA_11,1972-09-30,3987.0887044137794
DBA_11,1972-12-31,4040.859489265494
DBA_11,1973-03-31,4079.620729090494
DBA_11,1973-06-30,4119.225932095087
DBA_11,1973-09-30,4173.830291934884
DBA_11,1973-12-31,4225.923538495087
DBA_11,1974-03-31,4299.694930420086
DBA_11,1974-06-30,4326.801701739477
DBA_11,1974-09-30,4466.008735089476
DBA_11,1974-12-31,4482.680236089477
DBA_11,1975-03-31,4604.793786849681
DBA_11,1975-06-30,4648.566865104274
DBA_11,1975-09-30,4699.414943154273
DBA_11,1975-12-31,4769.435247354273
DBA_11,1976-03-31,4884.880197714476
DBA_11,1976-06-30,5063.270452479273
DBA_11,1976-09-30,5024.509212654273
DBA_11,1976-12-31,5268.746702304274
DBA_11,1977-03-31,5259.994164279273
DBA_11,1977-06-30,5393.793347933866
DBA_11,1977-09-30,5593.434572408866
DBA_11,1977-12-31,5635.32105756907
DBA_11,1978-03-31,5776.576254894068
DBA_11,1978-06-30,5870.062651883865
DBA_11,1978-09-30,6016.223494733867
DBA_11,1978-12-31,6157.522059037591
DBA_11,1979-03-31,6326.019623466316
DBA_11,1979-06-30,6400.23572831259
DBA_11,1979-09-30,7312.914645580552
DBA_11,1979-12-31,11442.995708424409
DBA_11,1980-03-31,13391.516738317621
DBA_11,1980-06-30,13867.802129767702
DBA_11,1980-09-30,14198.788646865054
DBA_11,1980-12-31,14690.184517215053
DBA_11,1981-03-31,15173.355833865051
DBA_11,1981-06-30,15396.334583265054
DBA_11,1981-09-30,15709.967033715055
DBA_11,1981-12-31,15767.483712165054
DBA_11,1982-03-31,15957.538823565052
DBA_11,1982-06-30,16320.477961665056
DBA_11,1982-09-30,16408.003341915053
DBA_11,1982-12-31,16941.765663315055
DBA_11,1983-03-31,17074.680974415052
DBA_11,1983-06-30,17517.40861900535
DBA_11,1983-09-30,18170.376270165056
DBA_11,1983-12-31,18451.322039115053
DBA_11,1984-03-31,18986.940164767704
DBA_11,1984-06-30,19471.423583115054
DBA_11,1984-09-30,19890.218605365055
DBA_11,1984-12-31,20381.34591687153
DBA_11,1985-03-31,20979.726818778006
DBA_11,1985-06-30,21430.39609047153
DBA_11,1985-09-30,22216.223321712125
DBA_12,1976-12-31,68.59486383098748
DBA_12,1977-03-31,60.20597928856984
DBA_12,1977-06-30,49.5553812485562
DBA_12,1977-09-30,59.13543831815769
DBA_12,1977-12-31,66.97058967273429
DBA_12,1978-03-31,58.27324921724799
DBA_12,1978-06-30,55.15167537673324
DBA_12,1978-09-30,62.33766976625326
DBA_12,1978-12-31,69.52715392018573
DBA_12,1979-03-31,66.21835757215202
DBA_12,1979-06-30,64.82947920778197
DBA_12,1979-09-30,71.03292777588466
DBA_12,1979-12-31,77.43452848773914
DBA_12,1980-03-31,73.62006392566795
DBA_12,1980-06-30,71.64308636165414
DBA_12,1980-09-30,73.857684345208
DBA_12,1980-12-31,81.46343354618574
DBA_12,1981-03-31,74.50254053442163
DBA_12,1981-06-30,69.96826382663046
DBA_12,1981-09-30,73.97149935684915
DBA_12,1981-12-31,79.44531069546535
DBA_12,1982-03-31,67.23135737818292
DBA_12,1982-06-30,68.66108446456666
DBA_12,1982-09-30,75.11528071430038
DBA_12,1982-12-31,77.64793887784282
DBA_12,1983-03-31,73.44045817927667
DBA_12,1983-06-30,70.24944647113819
DBA_12,1983-09-30,80.12415833411872
DBA_12,1983-12-31,87.70721001411616
DBA_12,1984-03-31,83.7039760421763
DBA_12,1984-06-30,83.05038558200498
DBA_12,1984-09-30,94.90257995035
DBA_12,1984-12-31,109.1071824381436
DBA_12,1985-03-31,100.17416609984109
DBA_12,1985-06-30,100.98388179851003
DBA_12,1985-09-30,109.78239865834998
DBA_12,1985-12-31,110.0
DBA_12,1986-03-31,111.77904137411
DBA_12,1986-06-30,112.66856206116502
DBA_12,1986-09-30,114.447603435275
DBA_12,1986-12-31,119.78472755760501
DBA_12,1987-03-31,118.005686183495
DBA_12,1987-06-30,119.639659996505
DBA_12,1987-09-30,120.68923601107998
DBA_13,1976-12-31,46.23523724370209
DBA_13,1977-03-31,49.516525673821185
DBA_13,1977-06-30,44.54328800103409
DBA_13,1977-09-30,45.99904280633817
DBA_13,1977-12-31,48.53096900626395
DBA_13,1978-03-31,47.64053942745311
DBA_13,1978-06-30,45.93822923515493
DBA_13,1978-09-30,45.66760462992587
DBA_13,1978-12-31,44.83165128451618
DBA_13,1979-03-31,47.288320457764996
DBA_13,1979-06-30,47.61823921872229
DBA_13,1979-09-30,49.14925433481615
DBA_13,1979-12-31,49.6137271031423
DBA_13,1980-03-31,50.55382461579098
DBA_13,1980-06-30,49.642614243704344
DBA_13,1980-09-30,50.46260120447791
DBA_13,1980-12-31,50.68685615316662
DBA_13,1981-03-31,53.22359699130671
DBA_13,1981-06-30,52.19227606734493
DBA_13,1981-09-30,53.113115486285594
DBA_13,1981-12-31,53.668811665924835
DBA_13,1982-03-31,55.61133990743505
DBA_13,1982-06-30,55.36630439504509
DBA_13,1982-09-30,56.71741599491551
DBA_13,1982-12-31,58.62302524082297
DBA_13,1983-03-31,60.21432834952701
DBA_13,1983-06-30,59.28499992873665
DBA_13,1983-09-30,60.40336565476798
DBA_13,1983-12-31,61.71660302942657
DBA_13,1984-03-31,64.39448748696333
DBA_13,1984-06-30,63.99896801238143
DBA_13,1984-09-30,65.3096053168415
DBA_13,1984-12-31,15.900083286330714
DBA_13,1985-03-31,16.154267677727574
DBA_13,1985-06-30,15.847174302665746
DBA_13,1985-09-30,16.092357785603088
DBA_13,1985-12-31,16.186721823688426
DBA_13,1986-03-31,16.975364631405608
DBA_13,1986-06-30,16.70336137784668
DBA_13,1986-09-30,17.01927312709428
DBA_13,1986-12-31,17.228819787370416
DBA_13,1987-03-31,17.816733888514015
DBA_13,1987-06-30,17.76345983630155
DBA_13,1987-09-30,18.04409850928928
DBA_13,1987-12-31,18.39564708119808
DBA_13,1988-03-31,18.948105571808057
DBA_13,1988-06-30,18.844559413135617
DBA_13,1988-09-30,19.21674403487612
DBA_13,1988-12-31,19.668839043513994
DBA_13,1989-03-31,20.247933868808875
DBA_13,1989-06-30,20.132569193524056
DBA_13,1989-09-30,20.41020724290547
DBA_14,1975-12-31,56.52233222832358
DBA_14,1976-03-31,57.90442783954694
DBA_14,1976-06-30,48.983400302750475
DBA_14,1976-09-30,59.942398490590776
DBA_14,1976-12-31,59.682449538543516
DBA_14,1977-03-31,60.43631987193809
DBA_14,1977-06-30,58.83721946634142
DBA_14,1977-09-30,63.014892149197586
DBA_14,1977-12-31,62.6379569825003
DBA_14,1978-03-31,64.00095497571071
DBA_14,1978-06-30,61.038856576903626
DBA_14,1978-09-30,64.46265892636525
DBA_14,1978-12-31,66.45298851887691
DBA_14,1979-03-31,69.95105877817772
DBA_14,1979-06-30,65.9846936133721
DBA_14,1979-09-30,72.04894122182228
DBA_14,1979-12-31,72.52065761498201
DBA_14,1980-03-31,74.09598335153694
DBA_14,1980-06-30,68.40279868651088
DBA_14,1980-09-30,74.93497104344254
DBA_14,1980-12-31,74.44776677716763
DBA_14,1981-03-31,76.39115728100599
DBA_14,1981-06-30,72.10446644566471
DBA_14,1981-09-30,79.58824268474783
DBA_14,1981-12-31,78.83437235135322
DBA_14,1982-03-31,80.85952409241985
DBA_14,1982-06-30,76.94969651786681
DBA_14,1982-09-30,82.27128140767202
DBA_14,1982-12-31,81.75387033339459
DBA_14,1983-03-31,83.69389644377306
DBA_14,1983-06-30,79.01392101963283
DBA_14,1983-09-30,85.94552159393125
DBA_14,1983-12-31,88.51585234824263
DBA_14,1984-03-31,85.2666577949426
DBA_14,1984-06-30,86.6784151101948
DBA_14,1984-09-30,92.00637170171427
DBA_14,1984-12-31,94.24464630162406
DBA_14,1985-03-31,96.0348221485549
DBA_14,1985-06-30,89.20893289132941
DBA_14,1985-09-30,98.69821818929147
DBA_14,1985-12-31,100.5779002505081
DBA_14,1986-03-31,98.75387033339459
DBA_14,1986-06-30,95.65908212103189
DBA_14,1986-09-30,105.12113509260354
DBA_14,1986-12-31,104.36726475920898
DBA_14,1987-03-31,103.61339442581439
DBA_14,1987-06-30,96.9084238800716
DBA_14,1987-09-30,106.03600946191547
DBA_14,1987-12-31,108.40327422112445
DBA_14,1988-03-31,107.33244261065407
DBA_14,1988-06-30,102.77783476110059
DBA_14,1988-09-30,115.06643316491845
DBA_15,1971-12-31,262.0
DBA_15,1972-03-31,258.0
DBA_15,1972-06-30,270.0
DBA_15,1972-09-30,286.0
DBA_15,1972-12-31,279.0
DBA_15,1973-03-31,291.0
DBA_15,1973-06-30,285.0
DBA_15,1973-09-30,297.0
DBA_15,1973-12-31,292.0
DBA_15,1974-03-31,294.0
DBA_15,1974-06-30,288.0
DBA_15,1974-09-30,290.0
DBA_15,1974-12-31,285.0
DBA_15,1975-03-31,279.0
DBA_15,1975-06-30,276.0
DBA_15,1975-09-30,287.0
DBA_15,1975-12-31,285.0
DBA_15,1976-03-31,305.0
DBA_15,1976-06-30,307.0
DBA_15,1976-09-30,326.0
DBA_15,1976-12-31,342.0
DBA_15,1977-03-31,334.0
DBA_15,1977-06-30,344.0
DBA_15,1977-09-30,341.0
DBA_15,1977-12-31,342.0
DBA_15,1978-03-31,350.0
DBA_15,1978-06-30,352.0
DBA_15,1978-09-30,326.0
DBA_15,1978-12-31,330.0
DBA_15,1979-03-31,332.0
DBA_15,1979-06-30,334.0
DBA_15,1979-09-30,340.0
DBA_15,1979-12-31,328.0
DBA_15,1980-03-31,333.0
DBA_15,1980-06-30,344.0
DBA_15,1980-09-30,339.0
DBA_15,1980-12-31,363.0
DBA_15,1981-03-31,386.0
DBA_15,1981-06-30,384.0
DBA_15,1981-09-30,385.0
DBA_15,1981-12-31,383.0
DBA_15,1982-03-31,387.0
DBA_15,1982-06-30,378.0
DBA_15,1982-09-30,380.0
DBA_15,1982-12-31,368.0
DBA_15,1983-03-31,363.0
DBA_15,1983-06-30,364.0
DBA_15,1983-09-30,369.0
DBA_15,1983-12-31,373.0
DBA_15,1984-03-31,376.0
DBA_15,1984-06-30,371.0
DBA_15,1984-09-30,373.0
DBA_15,1984-12-31,383.0
DBA_15,1985-03-31,394.0
DBA_15,1985-06-30,410.0
DBA_15,1985-09-30,424.0
DBA_16,1976-12-31,8.247906468223507
DBA_16,1977-03-31,9.043361691070558
DBA_16,1977-06-30,8.499951064916715
DBA_16,1977-09-30,8.401378444183269
DBA_16,1977-12-31,9.240431044783985
DBA_16,1978-03-31,8.860494253653002
DBA_16,1978-06-30,8.153839071358712
DBA_16,1978-09-30,8.492621240211486
DBA_16,1978-12-31,8.535913886409793
DBA_16,1979-03-31,8.586536299970177
DBA_16,1979-06-30,8.682665775658453
DBA_16,1979-09-30,8.862937398698174
DBA_16,1979-12-31,8.947155938059101
DBA_16,1980-03-31,8.77871930625011
DBA_16,1980-06-30,8.795440977140897
DBA_16,1980-09-30,8.901267420139805
DBA_16,1980-12-31,9.016714438439855
DBA_16,1981-03-31,9.735357006414132
DBA_16,1981-06-30,8.552864229073014
DBA_16,1981-09-30,8.396720436295647
DBA_16,1981-12-31,8.572258106351125
DBA_16,1982-03-31,8.608373322293458
DBA_16,1982-06-30,8.089319530400966
DBA_16,1982-09-30,9.338927330851101
DBA_16,1982-12-31,9.545617924318798
DBA_16,1983-03-31,9.550428211969374
DBA_16,1983-06-30,9.791439022149786
DBA_16,1983-09-30,9.566767301465896
DBA_16,1983-12-31,9.934411399653904
DBA_16,1984-03-31,9.563789627490074
DBA_16,1984-06-30,9.513892619639648
DBA_16,1984-09-30,9.289640837077219
DBA_16,1984-12-31,15.43103870741181
DBA_16,1985-03-31,15.895701358761022
DBA_16,1985-06-30,14.254071855517685
DBA_16,1985-09-30,15.758338761387478
DBA_16,1985-12-31,16.78588640178227
DBA_16,1986-03-31,16.386089822811268
DBA_16,1986-06-30,16.550629137765476
DBA_16,1986-09-30,16.82048849670295
DBA_17,1971-12-31,8171.0
DBA_17,1972-03-31,8270.0
DBA_17,1972-06-30,8744.0
DBA_17,1972-09-30,9099.0
DBA_17,1972-12-31,9322.0
DBA_17,1973-03-31,9550.0
DBA_17,1973-06-30,9677.0
DBA_17,1973-09-30,10173.0
DBA_17,1973-12-31,10413.0
DBA_17,1974-03-31,11188.0
DBA_17,1974-06-30,11362.0
DBA_17,1974-09-30,11302.0
DBA_17,1974-12-31,11096.0
DBA_17,1975-03-31,11326.0
DBA_17,1975-06-30,11641.0
DBA_17,1975-09-30,12043.0
DBA_17,1975-12-31,12110.0
DBA_17,1976-03-31,12662.0
DBA_17,1976-06-30,13329.0
DBA_17,1976-09-30,13570.0
DBA_17,1976-12-31,14818.0
DBA_17,1977-03-31,14874.0
DBA_17,1977-06-30,15674.0
DBA_17,1977-09-30,16494.0
DBA_17,1977-12-31,17676.0
DBA_17,1978-03-31,18635.0
DBA_17,1978-06-30,19199.0
DBA_17,1978-09-30,20657.0
DBA_17,1978-12-31,20658.0
DBA_17,1979-03-31,21088.0
DBA_17,1979-06-30,21274.0
DBA_17,1979-09-30,21566.0
DBA_17,1979-12-31,22617.0
DBA_17,1980-03-31,23708.0
DBA_17,1980-06-30,24896.0
DBA_17,1980-09-30,26254.0
DBA_17,1980-12-31,27410.0
DBA_17,1981-03-31,28347.0
DBA_17,1981-06-30,29420.0
DBA_17,1981-09-30,30150.0
DBA_17,1981-12-31,30565.0
DBA_17,1982-03-31,31567.0
DBA_17,1982-06-30,32350.0
DBA_17,1982-09-30,32959.0
DBA_17,1982-12-31,34270.0
DBA_17,1983-03-31,36149.0
DBA_17,1983-06-30,37711.0
DBA_17,1983-09-30,38815.0
DBA_17,1983-12-31,41105.0
DBA_17,1984-03-31,42034.0
DBA_17,1984-06-30,44261.0
DBA_17,1984-09-30,46084.0
DBA_17,1984-12-31,48548.0
DBA_17,1985-03-31,50175.0
DBA_17,1985-06-30,52165.0
DBA_17,1985-09-30,55212.0
DBA_18,1975-12-31,2777.0
DBA_18,1976-03-31,2827.0
DBA_18,1976-06-30,2864.0
DBA_18,1976-09-30,2924.0
DBA_18,1976-12-31,2980.0
DBA_18,1977-03-31,3019.0
DBA_18,1977-06-30,3038.0
DBA_18,1977-09-30,3049.0
DBA_18,1977-12-31,3081.0
DBA_18,1978-03-31,3112.0
DBA_18,1978-06-30,3167.0
DBA_18,1978-09-30,3206.0
DBA_18,1978-12-31,3259.0
DBA_18,1979-03-31,3301.0
DBA_18,1979-06-30,3340.0
DBA_18,1979-09-30,3348.0
DBA_18,1979-12-31,3439.0
DBA_18,1980-03-31,3499.0
DBA_18,1980-06-30,3571.0
DBA_18,1980-09-30,3653.0
DBA_18,1980-12-31,3748.0
DBA_18,1981-03-31,3809.0
DBA_18,1981-06-30,3855.0
DBA_18,1981-09-30,3908.0
DBA_18,1981-12-31,3927.0
DBA_18,1982-03-31,3960.0
DBA_18,1982-06-30,4035.0
DBA_18,1982-09-30,4102.0
DBA_18,1982-12-31,4187.0
DBA_18,1983-03-31,4299.0
DBA_18,1983-06-30,4378.0
DBA_18,1983-09-30,4439.0
DBA_18,1983-12-31,4521.0
DBA_18,1984-03-31,4589.0
DBA_18,1984-06-30,4665.0
DBA_18,1984-09-30,4682.0
DBA_18,1984-12-31,4725.0
DBA_18,1985-03-31,4773.0
DBA_18,1985-06-30,4837.0
DBA_18,1985-09-30,4841.0
DBA_18,1985-12-31,5012.0
DBA_18,1986-03-31,5107.0
DBA_18,1986-06-30,5172.0
DBA_18,1986-09-30,5249.0
DBA_18,1986-12-31,5412.0
DBA_18,1987-03-31,5544.0
DBA_18,1987-06-30,5651.0
DBA_18,1987-09-30,5820.0
DBA_19,1978-06-30,13313.0
DBA_19,1978-09-30,10780.0
DBA_19,1978-12-31,10744.0
DBA_19,1979-03-31,12584.0
DBA_19,1979-06-30,15299.0
DBA_19,1979-09-30,17701.0
DBA_19,1979-12-31,14416.0
DBA_19,1980-03-31,12712.0
DBA_19,1980-06-30,9072.0
DBA_19,1980-09-30,10710.0
DBA_19,1980-12-31,9814.0
DBA_19,1981-03-31,11961.0
DBA_19,1981-06-30,4870.0
DBA_19,1981-09-30,5397.0
DBA_19,1981-12-31,4568.0
DBA_19,1982-03-31,4263.0
DBA_19,1982-06-30,8224.0
DBA_19,1982-09-30,13418.0
DBA_19,1982-12-31,14866.0
DBA_19,1983-03-31,20417.0
DBA_19,1983-06-30,23728.0
DBA_19,1983-09-30,25261.0
DBA_19,1983-12-31,19467.0
DBA_19,1984-03-31,17795.0
DBA_19,1984-06-30,15252.0
DBA_19,1984-09-30,14203.0
DBA_19,1984-12-31,14023.0
DBA_19,1985-03-31,16119.0
DBA_19,1985-06-30,10193.0
DBA_19,1985-09-30,11243.0
DBA_20,1977-12-31,960.0
DBA_20,1978-03-31,923.0
DBA_20,1978-06-30,777.0
DBA_20,1978-09-30,956.0
DBA_20,1978-12-31,1140.0
DBA_20,1979-03-31,1194.0
DBA_20,1979-06-30,788.0
DBA_20,1979-09-30,1014.0
DBA_20,1979-12-31,979.0
DBA_20,1980-03-31,997.0
DBA_20,1980-06-30,684.0
DBA_20,1980-09-30,1008.0
DBA_20,1980-12-31,1088.0
DBA_20,1981-03-31,797.0
DBA_20,1981-06-30,968.0
DBA_20,1981-09-30,1343.0
DBA_20,1981-12-31,1436.0
DBA_20,1982-03-31,1466.0
DBA_20,1982-06-30,1060.0
DBA_20,1982-09-30,1124.0
DBA_20,1982-12-31,1529.0
DBA_20,1983-03-31,1328.0
DBA_20,1983-06-30,934.0
DBA_20,1983-09-30,1018.0
DBA_20,1983-12-31,1305.0
DBA_20,1984-03-31,1229.0
DBA_20,1984-06-30,1073.0
DBA_20,1984-09-30,1262.0
DBA_20,1984-12-31,1413.0
DBA_20,1985-03-31,1346.0
DBA_20,1985-06-30,1085.0
DBA_20,1985-09-30,1488.0
DBA_20,1985-12-31,1773.0
DBA_20,1986-03-31,1392.0
DBA_20,1986-06-30,1150.0
DBA_20,1986-09-30,1589.0
DBA_20,1986-12-31,1784.0
DBA_20,1987-03-31,1503.0
DBA_20,1987-06-30,1321.0
DBA_21,1971-12-31,10045.591706364292
DBA_21,1972-03-31,10364.55325072482
DBA_21,1972-06-30,10598.740529232196
DBA_21,1972-09-30,10825.383144463942
DBA_21,1972-12-31,10901.074963109346
DBA_21,1973-03-31,11047.123840091257
DBA_21,1973-06-30,11197.689895500078
DBA_21,1973-09-30,11189.040281658385
DBA_21,1973-12-31,11312.11734088108
DBA_21,1974-03-31,11376.41943502395
DBA_21,1974-06-30,11517.277831931791
DBA_21,1974-09-30,11473.593376015784
DBA_21,1974-12-31,11585.713545936613
DBA_21,1975-03-31,11570.095201642216
DBA_21,1975-06-30,11814.51915822831
DBA_21,1975-09-30,12045.485396851043
DBA_21,1975-12-31,12174.186955795627
DBA_21,1976-03-31,12208.50040586884
DBA_21,1976-06-30,12345.322555408175
DBA_21,1976-09-30,12439.901850421153
DBA_21,1976-12-31,12490.60431709476
DBA_21,1977-03-31,12560.57544797199
DBA_21,1977-06-30,12705.807931188278
DBA_21,1977-09-30,12834.747582181248
DBA_21,1977-12-31,12526.791019311122
DBA_21,1978-03-31,12722.86906315408
DBA_21,1978-06-30,12897.31951629943
DBA_21,1978-09-30,12915.341320431082
DBA_21,1978-12-31,13193.887540948785
DBA_21,1979-03-31,13248.481978425278
DBA_21,1979-06-30,13153.953148164357
DBA_21,1979-09-30,13371.367849671766
DBA_21,1979-12-31,13496.271253296229
DBA_21,1980-03-31,13721.663455114529
DBA_21,1980-06-30,13817.875537658758
DBA_21,1980-09-30,14098.96712568502
DBA_21,1980-12-31,14339.833391562895
DBA_21,1981-03-31,14309.268818339506
DBA_21,1981-06-30,14570.704628421108
DBA_21,1981-09-30,14708.244616620073
DBA_21,1981-12-31,14869.482557871794
DBA_21,1982-03-31,14941.682785251762
DBA_21,1982-06-30,15277.342354451717
DBA_21,1982-09-30,15493.252912137368
DBA_21,1982-12-31,15791.772673437708
DBA_21,1983-03-31,16015.310987836332
DBA_21,1983-06-30,16026.783795524132
DBA_21,1983-09-30,24774.608017214076
DBA_21,1983-12-31,19739.309681532617
DBA_21,1984-03-31,31682.18861756869
DBA_21,1984-06-30,32636.4059125654
DBA_21,1984-09-30,32531.62867803675
DBA_21,1984-12-31,33347.590406376345
DBA_21,1985-03-31,33663.060626883555
DBA_21,1985-06-30,33956.18863538974
DBA_21,1985-09-30,34717.954013826864
DBA_22,1975-12-31,49.79999923706055
DBA_22,1976-03-31,52.20000076293945
DBA_22,1976-06-30,54.20000076293945
DBA_22,1976-09-30,56.599998474121094
DBA_22,1976-12-31,61.20000076293945
DBA_22,1977-03-31,60.79999923706055
DBA_22,1977-06-30,62.29999923706055
DBA_22,1977-09-30,63.70000076293945
DBA_22,1977-12-31,62.29999923706055
DBA_22,1978-03-31,65.30000305175781
DBA_22,1978-06-30,66.5999984741211
DBA_22,1978-09-30,67.9000015258789
DBA_22,1978-12-31,72.30000305175781
DBA_22,1979-03-31,71.80000305175781
DBA_22,1979-06-30,73.4000015258789
DBA_22,1979-09-30,72.5
DBA_22,1979-12-31,80.5
DBA_22,1980-03-31,82.69999694824219
DBA_22,1980-06-30,83.5999984741211
DBA_22,1980-09-30,85.80000305175781
DBA_22,1980-12-31,87.5
DBA_22,1981-03-31,88.4000015258789
DBA_22,1981-06-30,88.5
DBA_22,1981-09-30,88.19999694824219
DBA_22,1981-12-31,84.0999984741211
DBA_22,1982-03-31,84.0
DBA_22,1982-06-30,85.80000305175781
DBA_22,1982-09-30,90.0
DBA_22,1982-12-31,86.4000015258789
DBA_22,1983-03-31,87.80000305175781
DBA_22,1983-06-30,86.30000305175781
DBA_22,1983-09-30,87.0
DBA_22,1983-12-31,87.5999984741211
DBA_22,1984-03-31,86.5999984741211
DBA_22,1984-06-30,83.69999694824219
DBA_22,1984-09-30,81.69999694824219
DBA_22,1984-12-31,77.5
DBA_22,1985-03-31,76.69999694824219
DBA_22,1985-06-30,77.5999984741211
DBA_22,1985-09-30,74.80000305175781
DBA_22,1985-12-31,80.0999984741211
DBA_22,1986-03-31,83.5999984741211
DBA_22,1986-06-30,86.19999694824219
DBA_22,1986-09-30,89.30000305175781
DBA_22,1986-12-31,92.80000305175781
DBA_22,1987-03-31,97.0999984741211
DBA_22,1987-06-30,98.0
DBA_22,1987-09-30,103.5999984741211
DBA_23,1975-12-31,43.66864666544094
DBA_23,1976-03-31,46.39348470251349
DBA_23,1976-06-30,42.67165546176848
DBA_23,1976-09-30,46.69304719154353
DBA_23,1976-12-31,36.00017351287128
DBA_23,1977-03-31,46.69800282472223
DBA_23,1977-06-30,45.49408535935269
DBA_23,1977-09-30,50.40444390399474
DBA_23,1977-12-31,46.97309827336219
DBA_23,1978-03-31,51.767964197974685
DBA_23,1978-06-30,50.460786394189775
DBA_23,1978-09-30,55.32185911120608
DBA_23,1978-12-31,47.68302966544968
DBA_23,1979-03-31,53.89213202482232
DBA_23,1979-06-30,51.604567751641
DBA_23,1979-09-30,58.67800816315473
DBA_23,1979-12-31,52.27951204068599
DBA_23,1980-03-31,55.75170639333223
DBA_23,1980-06-30,52.81055477653732
DBA_23,1980-09-30,58.83944508713495
DBA_23,1980-12-31,53.14803084858991
DBA_23,1981-03-31,56.783623205848706
DBA_23,1981-06-30,54.98625138822616
DBA_23,1981-09-30,61.691255112332854
DBA_23,1981-12-31,54.91715035954745
DBA_23,1982-03-31,62.62628600012893
DBA_23,1982-06-30,61.65441031599643
DBA_23,1982-09-30,71.69722061778246
DBA_23,1982-12-31,64.1404857293613
DBA_23,1983-03-31,71.1028566914624
DBA_23,1983-06-30,67.48004641679192
DBA_23,1983-09-30,79.42729052128313
DBA_23,1983-12-31,75.96552766531082
DBA_23,1984-03-31,84.03828884461295
DBA_23,1984-06-30,80.1699140140412
DBA_23,1984-09-30,87.76319895606464
DBA_23,1984-12-31,83.9382640736307
DBA_23,1985-03-31,92.29975310274429
DBA_23,1985-06-30,88.11900858818751
DBA_23,1985-09-30,96.83631403592821
DBA_23,1985-12-31,91.32128170428463
DBA_23,1986-03-31,100.57229820695748
DBA_23,1986-06-30,94.25670268616787
DBA_23,1986-09-30,103.86352203445928
DBA_23,1986-12-31,98.9711582556568
DBA_23,1987-03-31,105.9094223292875
DBA_23,1987-06-30,98.6153554100382
DBA_23,1987-09-30,108.66693510185715
DBA_23,1987-12-31,102.35133958106752
DBA_23,1988-03-31,111.15759574021286
DBA_23,1988-06-30,104.57514129870502
DBA_23,1988-09-30,124.05563891600607
DBA_24,1975-12-31,63.0
DBA_24,1976-03-31,63.0
DBA_24,1976-06-30,61.0
DBA_24,1976-09-30,60.0
DBA_24,1976-12-31,58.0
DBA_24,1977-03-31,62.0
DBA_24,1977-06-30,63.0
DBA_24,1977-09-30,65.0
DBA_24,1977-12-31,66.0
DBA_24,1978-03-31,68.0
DBA_24,1978-06-30,67.0
DBA_24,1978-09-30,68.0
DBA_24,1978-12-31,69.0
DBA_24,1979-03-31,72.0
DBA_24,1979-06-30,71.0
DBA_24,1979-09-30,73.0
DBA_24,1979-12-31,74.0
DBA_24,1980-03-31,77.0
DBA_24,1980-06-30,76.0
DBA_24,1980-09-30,78.0
DBA_24,1980-12-31,81.0
DBA_24,1981-03-31,83.0
DBA_24,1981-06-30,83.0
DBA_24,1981-09-30,86.0
DBA_24,1981-12-31,88.0
DBA_24,1982-03-31,92.0
DBA_24,1982-06-30,91.0
DBA_24,1982-09-30,93.0
DBA_24,1982-12-31,92.0
DBA_24,1983-03-31,93.0
DBA_24,1983-06-30,92.0
DBA_24,1983-09-30,95.0
DBA_24,1983-12-31,96.0
DBA_24,1984-03-31,99.0
DBA_24,1984-06-30,98.0
DBA_24,1984-09-30,101.0
DBA_24,1984-12-31,102.0
DBA_24,1985-03-31,104.0
DBA_24,1985-06-30,103.0
DBA_24,1985-09-30,104.0
DBA_24,1985-12-31,101.0
DBA_24,1986-03-31,102.0
DBA_24,1986-06-30,100.0
DBA_24,1986-09-30,98.0
DBA_24,1986-12-31,99.0
DBA_24,1987-03-31,102.0
DBA_24,1987-06-30,100.0
DBA_24,1987-09-30,101.0
DBA_24,1987-12-31,103.0
DBA_24,1988-03-31,108.0
DBA_24,1988-06-30,109.0
DBA_24,1988-09-30,113.0
DBA_25,1977-12-31,124.38816007323038
DBA_25,1978-03-31,117.86204432603792
DBA_25,1978-06-30,119.95682117659945
DBA_25,1978-09-30,179.11892142573788
DBA_25,1978-12-31,102.69395385498476
DBA_25,1979-03-31,104.12623324456851
DBA_25,1979-06-30,106.03568673553288
DBA_25,1979-09-30,108.8063536451195
DBA_25,1979-12-31,103.28872481018462
DBA_25,1980-03-31,106.02383424341372
DBA_25,1980-06-30,113.62835262962795
DBA_25,1980-09-30,108.5909624600958
DBA_25,1980-12-31,102.40140875897282
DBA_25,1981-03-31,106.82818284979138
DBA_25,1981-06-30,98.4924771367932
DBA_25,1981-09-30,105.9645717828179
DBA_25,1981-12-31,70.82545859026999
DBA_25,1982-03-31,98.11115106210123
DBA_25,1982-06-30,90.54219015224447
DBA_25,1982-09-30,103.07742627891838
DBA_25,1982-12-31,97.51238747550681
DBA_25,1983-03-31,109.68590985796963
DBA_25,1983-06-30,106.20776060583736
DBA_25,1983-09-30,110.38153970839608
DBA_25,1983-12-31,104.81650090498452
DBA_25,1984-03-31,110.38153970839608
DBA_25,1984-06-30,94.70411676268397
DBA_25,1984-09-30,117.891238157657
DBA_25,1984-12-31,98.06374109362459
DBA_25,1985-03-31,119.3417603191057
DBA_25,1985-06-30,107.86386778706937
DBA_25,1985-09-30,116.90705584261316
DBA_25,1985-12-31,106.24331808219488
DBA_25,1986-03-31,137.28671977144273
DBA_25,1986-06-30,114.59138972750398
DBA_25,1986-09-30,135.954422724698
DBA_25,1986-12-31,124.09111146421219
DBA_25,1987-03-31,158.95416600460211
DBA_25,1987-06-30,164.99944347341645
DBA_25,1987-09-30,159.81777707157562
DBA_25,1987-12-31,139.0911114642122
DBA_25,1988-03-31,164.99944347341645
DBA_25,1988-06-30,165.86305454038995
DBA_25,1988-09-30,177.0899984110451
DBA_25,1988-12-31,151.1816664018408
DBA_25,1989-03-31,124.03771000243543
DBA_26,1977-12-31,49.70000076293945
DBA_26,1978-03-31,53.79999923706055
DBA_26,1978-06-30,55.099998474121094
DBA_26,1978-09-30,49.0
DBA_26,1978-12-31,39.0
DBA_26,1979-03-31,45.400001525878906
DBA_26,1979-06-30,50.29999923706055
DBA_26,1979-09-30,48.0
DBA_26,1979-12-31,47.0
DBA_26,1980-03-31,55.099998474121094
DBA_26,1980-06-30,69.80000305175781
DBA_26,1980-09-30,57.70000076293945
DBA_26,1980-12-31,48.099998474121094
DBA_26,1981-03-31,62.599998474121094
DBA_26,1981-06-30,63.20000076293945
DBA_26,1981-09-30,63.099998474121094
DBA_26,1981-12-31,60.79999923706055
DBA_26,1982-03-31,70.4000015258789
DBA_26,1982-06-30,78.19999694824219
DBA_26,1982-09-30,112.4000015258789
DBA_26,1982-12-31,119.5
DBA_26,1983-03-31,107.5
DBA_26,1983-06-30,140.89999389648438
DBA_26,1983-09-30,199.3000030517578
DBA_26,1983-12-31,297.6000061035156
DBA_26,1984-03-31,334.70001220703125
DBA_26,1984-06-30,230.5
DBA_26,1984-09-30,200.3000030517578
DBA_27,1975-12-31,70.30000305175781
DBA_27,1976-03-31,73.5
DBA_27,1976-06-30,78.0999984741211
DBA_27,1976-09-30,81.0999984741211
DBA_27,1976-12-31,82.69999694824219
DBA_27,1977-03-31,84.0999984741211
DBA_27,1977-06-30,84.30000305175781
DBA_27,1977-09-30,83.30000305175781
DBA_27,1977-12-31,85.19999694824219
DBA_27,1978-03-31,90.4000015258789
DBA_27,1978-06-30,90.19999694824219
DBA_27,1978-09-30,92.69999694824219
DBA_27,1978-12-31,95.30000305175781
DBA_27,1979-03-31,96.9000015258789
DBA_27,1979-06-30,101.69999694824219
DBA_27,1979-09-30,106.5
DBA_27,1979-12-31,114.0999984741211
DBA_27,1980-03-31,116.0999984741211
DBA_27,1980-06-30,116.19999694824219
DBA_27,1980-09-30,115.0999984741211
DBA_27,1980-12-31,120.4000015258789
DBA_27,1981-03-31,124.5999984741211
DBA_27,1981-06-30,121.9000015258789
DBA_27,1981-09-30,124.69999694824219
DBA_27,1981-12-31,117.9000015258789
DBA_27,1982-03-31,114.80000305175781
DBA_27,1982-06-30,120.5999984741211
DBA_27,1982-09-30,128.0
DBA_27,1982-12-31,124.80000305175781
DBA_27,1983-03-31,130.60000610351562
DBA_27,1983-06-30,132.0
DBA_27,1983-09-30,135.89999389648438
DBA_27,1983-12-31,143.3000030517578
DBA_27,1984-03-31,147.3000030517578
DBA_27,1984-06-30,152.39999389648438
DBA_27,1984-09-30,147.0
DBA_27,1984-12-31,143.3000030517578
DBA_27,1985-03-31,144.3000030517578
DBA_27,1985-06-30,146.0
DBA_27,1985-09-30,140.1999969482422
DBA_27,1985-12-31,151.6999969482422
DBA_27,1986-03-31,154.5
DBA_27,1986-06-30,154.89999389648438
DBA_27,1986-09-30,160.6999969482422
DBA_27,1986-12-31,168.89999389648438
DBA_27,1987-03-31,173.6999969482422
DBA_27,1987-06-30,178.3000030517578
DBA_27,1987-09-30,189.3000030517578
DBA_28,1969-12-31,7.090000152587891
DBA_28,1970-03-31,8.460000038146973
DBA_28,1970-06-30,8.619999885559082
DBA_28,1970-09-30,9.380000114440918
DBA_28,1970-12-31,8.0600004196167
DBA_28,1971-03-31,9.720000267028809
DBA_28,1971-06-30,9.069999694824219
DBA_28,1971-09-30,9.899999618530273
DBA_28,1971-12-31,7.71999979019165
DBA_28,1972-03-31,9.069999694824219
DBA_28,1972-06-30,8.930000305175781
DBA_28,1972-09-30,10.180000305175781
DBA_28,1972-12-31,8.270000457763672
DBA_28,1973-03-31,9.800000190734863
DBA_28,1973-06-30,9.710000038146973
DBA_28,1973-09-30,10.609999656677246
DBA_28,1973-12-31,8.390000343322754
DBA_28,1974-03-31,10.140000343322754
DBA_28,1974-06-30,10.399999618530273
DBA_28,1974-09-30,11.84000015258789
DBA_28,1974-12-31,10.0
DBA_28,1975-03-31,11.850000381469727
DBA_28,1975-06-30,11.699999809265137
DBA_28,1975-09-30,13.420000076293945
DBA_28,1975-12-31,11.199999809265137
DBA_28,1976-03-31,13.630000114440918
DBA_28,1976-06-30,13.649999618530273
DBA_28,1976-09-30,15.930000305175781
DBA_28,1976-12-31,13.329999923706055
DBA_28,1977-03-31,16.049999237060547
DBA_28,1977-06-30,15.920000076293945
DBA_28,1977-09-30,18.219999313354492
DBA_29,1975-12-31,10930.136778529375
DBA_29,1976-03-31,6660.18209934904
DBA_29,1976-06-30,6156.591461076082
DBA_29,1976-09-30,6173.893702134803
DBA_29,1976-12-31,6123.427881477283
DBA_29,1977-03-31,6857.788726914126
DBA_29,1977-06-30,6492.344087319185
DBA_29,1977-09-30,8567.676663789844
DBA_29,1977-12-31,9196.896362374013
DBA_29,1978-03-31,9265.389269254954
DBA_29,1978-06-30,7340.9324876263745
DBA_29,1978-09-30,6962.26154780127
DBA_29,1978-12-31,7484.936621345869
DBA_29,1979-03-31,8800.047961398084
DBA_29,1979-06-30,8570.111398937494
DBA_29,1979-09-30,10525.082698705879
DBA_29,1979-12-31,13587.838518076183
DBA_29,1980-03-31,11879.79589393868
DBA_29,1980-06-30,8563.753972760634
DBA_29,1980-09-30,11309.092521953491
DBA_29,1980-12-31,13000.464155639855
DBA_29,1981-03-31,13725.883393847867
DBA_29,1981-06-30,13815.549317454905
DBA_29,1981-09-30,16548.78745599991
DBA_29,1981-12-31,26976.454954379646
DBA_29,1982-03-31,15768.136438527554
DBA_29,1982-06-30,9465.233321628579
DBA_29,1982-09-30,8186.250412463803
DBA_29,1982-12-31,11082.61234435688
DBA_29,1983-03-31,14312.795166211345
DBA_29,1983-06-30,2561.905904566475
DBA_29,1983-09-30,2571.6569224573
DBA_29,1983-12-31,2580.5214841762313
DBA_29,1984-03-31,2589.386045895163
DBA_29,1984-06-30,2601.796432301667
DBA_29,1984-09-30,2611.5474501924923
DBA_29,1984-12-31,2623.0713804271036
DBA_29,1985-03-31,2632.822398317928
DBA_29,1985-06-30,2639.9140476930734
DBA_29,1985-09-30,2651.437977927684
DBA_29,1985-12-31,2663.848364334189
DBA_29,1986-03-31,2675.372294568799
DBA_29,1986-06-30,2682.4639439439457
DBA_29,1986-09-30,2690.4420494909846
DBA_29,1986-12-31,2702.8524358974882
DBA_29,1987-03-31,2708.1711729288477
DBA_29,1987-06-30,3604.743277239956
DBA_29,1987-09-30,4605.845458331533
DBA_30,1969-12-31,94.30000305175781
DBA_30,1970-03-31,95.0999984741211
DBA_30,1970-06-30,94.30000305175781
DBA_30,1970-09-30,94.19999694824219
DBA_30,1970-12-31,93.9000015258789
DBA_30,1971-03-31,94.69999694824219
DBA_30,1971-06-30,95.4000015258789
DBA_30,1971-09-30,95.9000015258789
DBA_30,1971-12-31,97.5999984741211
DBA_30,1972-03-31,99.5
DBA_30,1972-06-30,102.0
DBA_30,1972-09-30,102.9000015258789
DBA_30,1972-12-31,105.5
DBA_30,1973-03-31,107.80000305175781
DBA_30,1973-06-30,107.80000305175781
DBA_30,1973-09-30,108.5
DBA_30,1973-12-31,110.19999694824219
DBA_30,1974-03-31,108.69999694824219
DBA_30,1974-06-30,110.0
DBA_30,1974-09-30,109.5
DBA_30,1974-12-31,110.4000015258789
DBA_30,1975-03-31,112.5999984741211
DBA_30,1975-06-30,111.19999694824219
DBA_30,1975-09-30,110.5
DBA_30,1975-12-31,111.4000015258789
DBA_30,1976-03-31,113.0999984741211
DBA_30,1976-06-30,115.9000015258789
DBA_30,1976-09-30,118.4000015258789
DBA_30,1976-12-31,121.4000015258789
DBA_30,1977-03-31,124.30000305175781
DBA_30,1977-06-30,128.6999969482422
DBA_30,1977-09-30,131.60000610351562
DBA_31,1975-12-31,52.43028122960785
DBA_31,1976-03-31,77.04044214981347
DBA_31,1976-06-30,69.62776845314332
DBA_31,1976-09-30,65.30025863297215
DBA_31,1976-12-31,45.34266126195251
DBA_31,1977-03-31,55.85969659226421
DBA_31,1977-06-30,55.236929371813396
DBA_31,1977-09-30,59.78893919594375
DBA_31,1977-12-31,48.75961595812625
DBA_31,1978-03-31,67.80311633214829
DBA_31,1978-06-30,73.2173256786841
DBA_31,1978-09-30,77.45795214005453
DBA_31,1978-12-31,56.16439559126341
DBA_31,1979-03-31,73.4249150821217
DBA_31,1979-06-30,75.21458082397716
DBA_31,1979-09-30,74.39759391747215
DBA_31,1979-12-31,51.52196053533215
DBA_31,1980-03-31,75.8892450240891
DBA_31,1980-06-30,80.8749068362283
DBA_31,1980-09-30,55.69731980472705
DBA_31,1980-12-31,59.425658358591704
DBA_31,1981-03-31,83.88336807914955
DBA_31,1981-06-30,83.26060085869877
DBA_31,1981-09-30,95.33455399267194
DBA_31,1981-12-31,69.80705633613304
DBA_31,1982-03-31,98.24500909184556
DBA_31,1982-06-30,103.97060180114123
DBA_31,1982-09-30,106.72626102472445
DBA_31,1982-12-31,79.20819258665321
DBA_31,1983-03-31,111.7960197458482
DBA_31,1983-06-30,115.10481687302135
DBA_31,1983-09-30,109.03033298676195
DBA_31,1983-12-31,86.78084472618536
DBA_31,1984-03-31,123.00736776895012
DBA_31,1984-06-30,131.81931632648758
DBA_31,1984-09-30,127.94189735642898
DBA_31,1984-12-31,89.2484872456061
DBA_31,1985-03-31,135.13514836128326
DBA_31,1985-06-30,141.273063140781
DBA_31,1985-09-30,125.0756094156093
DBA_31,1985-12-31,190.5530644720787
DBA_31,1986-03-31,263.16598732117166
DBA_31,1986-06-30,254.75509094598834
DBA_31,1986-09-30,246.595768599696
DBA_32,1975-12-31,67.12760325344001
DBA_32,1976-03-31,70.5189707761975
DBA_32,1976-06-30,71.89857547802002
DBA_32,1976-09-30,71.5189707761975
DBA_32,1976-12-31,69.5189707761975
DBA_32,1977-03-31,73.49836448352
DBA_32,1977-06-30,77.10712998870501
DBA_32,1977-09-30,77.44308767140748
DBA_32,1977-12-31,73.4810292238025
DBA_32,1978-03-31,77.92411689521
DBA_32,1978-06-30,78.886175342815
DBA_32,1978-09-30,77.5156234419575
DBA_32,1978-12-31,75.0
DBA_32,1979-03-31,79.42963948927998
DBA_32,1979-06-30,80.68146803846001
DBA_32,1979-09-30,82.24602827995999
DBA_32,1979-12-31,79.70198386969251
DBA_32,1980-03-31,83.66404231729749
DBA_32,1980-06-30,84.07253577054999
DBA_32,1980-09-30,85.18222665324
DBA_32,1980-12-31,81.81246119263751
DBA_32,1981-03-31,86.46108956594
DBA_32,1981-06-30,88.42708568132001
DBA_32,1981-09-30,89.81698690650501
DBA_32,1981-12-31,87.35966504396002
DBA_32,1982-03-31,91.55356499435251
DBA_32,1982-06-30,93.18753880736249
DBA_32,1982-09-30,93.668568031165
DBA_32,1982-12-31,90.33595768270251
DBA_32,1983-03-31,94.79047582976001
DBA_32,1983-06-30,96.037941552395
DBA_32,1983-09-30,96.8549284589
DBA_32,1983-12-31,93.77451964024252
DBA_32,1984-03-31,99.4084934532525
DBA_32,1984-06-30,100.63397381301
DBA_32,1984-09-30,99.81698690650501
DBA_32,1984-12-31,94.44190929178
DBA_32,1985-03-31,100.67433884066001
DBA_32,1985-06-30,102.037941552395
DBA_32,1985-09-30,104.8973957251625
DBA_32,1985-12-31,98.43856195753999
DBA_32,1986-03-31,100.07253577055
DBA_32,1986-06-30,99.255548864045
DBA_32,1986-09-30,102.63397381301
DBA_32,1986-12-31,100.18301309349499
DBA_32,1987-03-31,101.1450715411
DBA_32,1987-06-30,97.92746422945
DBA_32,1987-09-30,96.07253577055
DBA_32,1987-12-31,98.8549284589
DBA_32,1988-03-31,102.77249320445
DBA_32,1988-06-30,100.49224960615001
DBA_32,1988-09-30,104.98317316929999
DBA_33,1975-12-31,62.0
DBA_33,1976-03-31,63.0
DBA_33,1976-06-30,63.0
DBA_33,1976-09-30,63.0
DBA_33,1976-12-31,64.0
DBA_33,1977-03-31,65.0
DBA_33,1977-06-30,65.0
DBA_33,1977-09-30,66.0
DBA_33,1977-12-31,66.0
DBA_33,1978-03-31,67.0
DBA_33,1978-06-30,68.0
DBA_33,1978-09-30,68.0
DBA_33,1978-12-31,69.0
DBA_33,1979-03-31,70.0
DBA_33,1979-06-30,70.0
DBA_33,1979-09-30,72.0
DBA_33,1979-12-31,73.0
DBA_33,1980-03-31,74.0
DBA_33,1980-06-30,75.0
DBA_33,1980-09-30,76.0
DBA_33,1980-12-31,78.0
DBA_33,1981-03-31,79.0
DBA_33,1981-06-30,81.0
DBA_33,1981-09-30,82.0
DBA_33,1981-12-31,83.0
DBA_33,1982-03-31,85.0
DBA_33,1982-06-30,87.0
DBA_33,1982-09-30,88.0
DBA_33,1982-12-31,90.0
DBA_33,1983-03-31,92.0
DBA_33,1983-06-30,93.0
DBA_33,1983-09-30,95.0
DBA_33,1983-12-31,97.0
DBA_33,1984-03-31,99.0
DBA_33,1984-06-30,101.0
DBA_33,1984-09-30,103.0
DBA_33,1984-12-31,106.0
DBA_33,1985-03-31,108.0
DBA_33,1985-06-30,110.0
DBA_33,1985-09-30,112.0
DBA_33,1985-12-31,114.0
DBA_33,1986-03-31,116.0
DBA_33,1986-06-30,119.0
DBA_33,1986-09-30,121.0
DBA_34,1969-12-31,11.119999885559082
DBA_34,1970-03-31,11.609999656677246
DBA_34,1970-06-30,11.59000015258789
DBA_34,1970-09-30,11.619999885559082
DBA_34,1970-12-31,11.819999694824219
DBA_34,1971-03-31,11.710000038146973
DBA_34,1971-06-30,11.479999542236328
DBA_34,1971-09-30,11.550000190734863
DBA_34,1971-12-31,11.649999618530273
DBA_34,1972-03-31,11.850000381469727
DBA_34,1972-06-30,12.069999694824219
DBA_34,1972-09-30,12.430000305175781
DBA_34,1972-12-31,12.529999732971191
DBA_34,1973-03-31,12.65999984741211
DBA_34,1973-06-30,12.6899995803833
DBA_34,1973-09-30,12.859999656677246
DBA_34,1973-12-31,13.0
DBA_34,1974-03-31,13.220000267028809
DBA_34,1974-06-30,13.600000381469727
DBA_34,1974-09-30,13.670000076293945
DBA_34,1974-12-31,14.079999923706055
DBA_34,1975-03-31,14.3100004196167
DBA_34,1975-06-30,14.579999923706055
DBA_34,1975-09-30,14.920000076293945
DBA_34,1975-12-31,15.140000343322754
DBA_34,1976-03-31,15.5
DBA_34,1976-06-30,15.640000343322754
DBA_34,1976-09-30,16.030000686645508
DBA_34,1976-12-31,17.030000686645508
DBA_34,1977-03-31,17.100000381469727
DBA_34,1977-06-30,17.059999465942383
DBA_34,1977-09-30,16.90999984741211
DBA_35,1962-12-31,107.37928478361852
DBA_35,1963-03-31,167.19587795025268
DBA_35,1963-06-30,152.30354355418947
DBA_35,1963-09-30,167.39379816554742
DBA_35,1963-12-31,174.68932784325577
DBA_35,1964-03-31,181.89588764684572
DBA_35,1964-06-30,160.4098068933167
DBA_35,1964-09-30,187.93056505033636
DBA_35,1964-12-31,208.34915116050792
DBA_35,1965-03-31,216.98338559588632
DBA_35,1965-06-30,213.23641765964763
DBA_35,1965-09-30,265.25782609004887
DBA_35,1965-12-31,213.95934058801927
DBA_35,1966-03-31,215.5607983221504
DBA_35,1966-06-30,166.03200305824785
DBA_35,1966-09-30,150.3188949302766
DBA_35,1966-12-31,145.11415729435055
DBA_35,1967-03-31,152.3207170979405
DBA_35,1967-06-30,155.52363256620265
DBA_35,1967-09-30,139.50905522489163
DBA_35,1967-12-31,157.12509030033377
DBA_35,1968-03-31,164.3316501039237
DBA_35,1968-06-30,162.73019236979263
DBA_35,1968-09-30,154.7229036991371
DBA_35,1968-12-31,155.52363256620265
DBA_35,1969-03-31,155.52363256620265
DBA_35,1969-06-30,162.73019236979263
DBA_35,1969-09-30,159.52727690153043
DBA_35,1969-12-31,162.73019236979263
DBA_35,1970-03-31,165.13237897098927
DBA_35,1970-06-30,156.32436143326825
DBA_35,1970-09-30,131.5138011078287
DBA_35,1970-12-31,159.08109035831706
DBA_35,1971-03-31,171.02691570019536
DBA_35,1971-06-30,178.3781928336589
DBA_35,1971-09-30,178.3781928336589
DBA_36,1975-12-31,24.455763151978072
DBA_36,1976-03-31,36.83197212218858
DBA_36,1976-06-30,38.000472001686276
DBA_36,1976-09-30,39.2820507057209
DBA_36,1976-12-31,40.82748575191591
DBA_36,1977-03-31,43.8521613748622
DBA_36,1977-06-30,44.794499291605405
DBA_36,1977-09-30,44.945272495548195
DBA_36,1977-12-31,43.8521613748622
DBA_36,1978-03-31,43.92754869578036
DBA_36,1978-06-30,43.437531828759056
DBA_36,1978-09-30,43.39983888724674
DBA_36,1978-12-31,44.1914021621536
DBA_36,1979-03-31,44.75680491219954
DBA_36,1979-06-30,45.88761041229139
DBA_36,1979-09-30,50.89260819334071
DBA_36,1979-12-31,59.21193480091682
DBA_36,1980-03-31,66.45822127964517
DBA_36,1980-06-30,70.66073043863946
DBA_36,1980-09-30,75.59985893627906
DBA_36,1980-12-31,77.54445826021015
DBA_36,1981-03-31,74.68465227592009
DBA_36,1981-06-30,76.94694281547686
DBA_36,1981-09-30,77.6925538595139
DBA_36,1981-12-31,81.85923608942676
DBA_36,1982-03-31,85.8777113779958
DBA_36,1982-06-30,87.23194479859097
DBA_36,1982-09-30,85.38496190661687
DBA_36,1982-12-31,87.2696377401033
DBA_36,1983-03-31,91.3782288577647
DBA_36,1983-06-30,102.35917280046272
DBA_36,1983-09-30,121.05843463357138
DBA_36,1983-12-31,128.40867038416837
DBA_36,1984-03-31,129.08715483453832
DBA_36,1984-06-30,128.93638019270202
DBA_36,1984-09-30,134.25116546797636
DBA_36,1984-12-31,95.31376159783201
DBA_36,1985-03-31,96.06763193122659
DBA_36,1985-06-30,96.06763193122659
DBA_36,1985-09-30,91.39363816480996
DBA_36,1985-12-31,98.2538570483857
DBA_36,1986-03-31,100.44008216554475
DBA_36,1986-06-30,102.09859459838314
DBA_36,1986-09-30,105.867946265356
DBA_36,1986-12-31,107.90339961646583
DBA_36,1987-03-31,110.01423309902611
DBA_36,1987-06-30,112.24923612532787
DBA_36,1987-09-30,151.33661921078226
DBA_37,1975-12-31,87.11955701972887
DBA_37,1976-03-31,91.3050838231822
DBA_37,1976-06-30,95.01092933037893
DBA_37,1976-09-30,96.5001831928658
DBA_37,1976-12-31,103.06760888214669
DBA_37,1977-03-31,107.6731507419626
DBA_37,1977-06-30,102.75191283493024
DBA_37,1977-09-30,104.97986153489572
DBA_37,1977-12-31,109.69487984649152
DBA_37,1978-03-31,112.88411825371064
DBA_37,1978-06-30,112.5563926197989
DBA_37,1978-09-30,120.62978567061481
DBA_37,1978-12-31,121.03986207441002
DBA_37,1979-03-31,126.84725786509954
DBA_37,1979-06-30,125.73651104647935
DBA_37,1979-09-30,138.42106838219848
DBA_37,1979-12-31,138.13076840795046
DBA_37,1980-03-31,140.25783099096407
DBA_37,1980-06-30,137.57262651148594
DBA_37,1980-09-30,141.89549170533127
DBA_37,1980-12-31,143.05255939469848
DBA_37,1981-03-31,150.22743112676125
DBA_37,1981-06-30,146.55647210346407
DBA_37,1981-09-30,117.69393758713231
DBA_37,1981-12-31,23.0484411737978
DBA_37,1982-03-31,35.84746567821865
DBA_37,1982-06-30,37.391663978855995
DBA_37,1982-09-30,37.92640943322239
DBA_37,1982-12-31,41.926671690972135
DBA_37,1983-03-31,41.58391070505991
DBA_37,1983-06-30,41.152079192875576
DBA_37,1983-09-30,43.03735266016558
DBA_37,1983-12-31,44.466506531716156
DBA_37,1984-03-31,46.45482940014028
DBA_37,1984-06-30,45.67290892587252
DBA_37,1984-09-30,46.51299809217472
DBA_37,1984-12-31,45.635818295592784
DBA_37,1985-03-31,45.05648478505269
DBA_37,1985-06-30,44.76596143201981
DBA_37,1985-09-30,48.175400941287805
DBA_37,1985-12-31,48.31387198031912
DBA_37,1986-03-31,49.472656453043555
DBA_37,1986-06-30,48.28431404053049
DBA_37,1986-09-30,50.670481070592785
DBA_37,1986-12-31,51.40150410531912
DBA_37,1987-03-31,54.147584245333576
DBA_37,1987-06-30,53.892795229415505
DBA_37,1987-09-30,48.00280539540672
DBA_38,1977-12-31,2830.0
DBA_38,1978-03-31,3012.0
DBA_38,1978-06-30,3032.0
DBA_38,1978-09-30,3232.0
DBA_38,1978-12-31,3242.0
DBA_38,1979-03-31,3387.0
DBA_38,1979-06-30,3554.0
DBA_38,1979-09-30,3831.0
DBA_38,1979-12-31,3664.0
DBA_38,1980-03-31,3620.0
DBA_38,1980-06-30,3733.0
DBA_38,1980-09-30,4342.0
DBA_38,1980-12-31,4116.0
DBA_38,1981-03-31,4302.0
DBA_38,1981-06-30,5119.0
DBA_38,1981-09-30,5404.0
DBA_38,1981-12-31,5182.0
DBA_38,1982-03-31,5350.0
DBA_38,1982-06-30,5724.0
DBA_38,1982-09-30,6020.0
DBA_38,1982-12-31,5887.0
DBA_38,1983-03-31,6031.0
DBA_38,1983-06-30,6638.0
DBA_38,1983-09-30,7321.0
DBA_38,1983-12-31,7573.0
DBA_38,1984-03-31,7930.0
DBA_38,1984-06-30,8258.0
DBA_38,1984-09-30,9568.0
DBA_38,1984-12-31,9949.0
DBA_38,1985-03-31,9545.0
DBA_38,1985-06-30,11412.0
DBA_38,1985-09-30,13064.0
DBA_38,1985-12-31,12555.0
DBA_38,1986-03-31,12706.0
DBA_38,1986-06-30,13464.0
DBA_38,1986-09-30,14817.0
DBA_39,1978-06-30,1259.0
DBA_39,1978-09-30,2202.0
DBA_39,1978-12-31,3071.0
DBA_39,1979-03-31,2732.0
DBA_39,1979-06-30,3836.0
DBA_39,1979-09-30,3695.0
DBA_39,1979-12-31,4053.0
DBA_39,1980-03-31,4531.0
DBA_39,1980-06-30,4203.0
DBA_39,1980-09-30,2816.0
DBA_39,1980-12-31,5820.0
DBA_39,1981-03-31,5963.0
DBA_39,1981-06-30,6547.0
DBA_39,1981-09-30,5778.0
DBA_39,1981-12-31,5102.0
DBA_39,1982-03-31,5374.0
DBA_39,1982-06-30,6742.0
DBA_39,1982-09-30,8400.0
DBA_39,1982-12-31,12085.0
DBA_39,1983-03-31,10568.0
DBA_39,1983-06-30,12203.0
DBA_39,1983-09-30,10882.0
DBA_39,1983-12-31,11246.0
DBA_39,1984-03-31,9756.0
DBA_39,1984-06-30,9617.0
DBA_39,1984-09-30,7076.0
DBA_39,1984-12-31,12625.0
DBA_39,1985-03-31,14519.0
DBA_39,1985-06-30,7190.0
DBA_39,1985-09-30,7912.0
DBA_40,1969-12-31,20356.0
DBA_40,1970-03-31,21040.0
DBA_40,1970-06-30,21220.0
DBA_40,1970-09-30,21852.0
DBA_40,1970-12-31,22320.0
DBA_40,1971-03-31,22404.0
DBA_40,1971-06-30,22568.0
DBA_40,1971-09-30,23052.0
DBA_40,1971-12-31,23852.0
DBA_40,1972-03-31,23900.0
DBA_40,1972-06-30,24520.0
DBA_40,1972-09-30,24364.0
DBA_40,1972-12-31,24676.0
DBA_40,1973-03-31,25252.0
DBA_40,1973-06-30,25420.0
DBA_40,1973-09-30,25544.0
DBA_40,1973-12-31,25512.0
DBA_40,1974-03-31,26700.0
DBA_40,1974-06-30,26940.0
DBA_40,1974-09-30,27880.0
DBA_40,1974-12-31,28060.0
DBA_40,1975-03-31,28780.0
DBA_40,1975-06-30,29104.0
DBA_40,1975-09-30,29752.0
DBA_40,1975-12-31,31152.0
DBA_40,1976-03-31,30356.0
DBA_40,1976-06-30,31324.0
DBA_40,1976-09-30,31768.0
DBA_40,1976-12-31,32008.0
DBA_40,1977-03-31,32552.0
DBA_40,1977-06-30,32944.0
DBA_40,1977-09-30,32940.0
DBA_41,1975-12-31,75.40386251071607
DBA_41,1976-03-31,78.95100196429283
DBA_41,1976-06-30,53.06276947056359
DBA_41,1976-09-30,58.0627611579362
DBA_41,1976-12-31,58.860781062917866
DBA_41,1977-03-31,51.32918156458408
DBA_41,1977-06-30,51.32918156458408
DBA_41,1977-09-30,54.276329194366895
DBA_41,1977-12-31,54.60379004212052
DBA_41,1978-03-31,24.610807687365575
DBA_41,1978-06-30,51.92908402168494
DBA_41,1978-09-30,54.22130995596044
DBA_41,1978-12-31,55.20369249922136
DBA_41,1979-03-31,52.256544869438585
DBA_41,1979-06-30,53.566388260453145
DBA_41,1979-09-30,56.84099673798957
DBA_41,1979-12-31,60.77052691103327
DBA_41,1980-03-31,53.2389274126995
DBA_41,1980-06-30,53.566388260453145
DBA_41,1980-09-30,56.513535890235936
DBA_41,1980-12-31,57.168457585743205
DBA_41,1981-03-31,53.566388260453145
DBA_41,1981-06-30,54.87623165146771
DBA_41,1981-09-30,58.47830097675779
DBA_41,1981-12-31,60.77052691103327
DBA_41,1982-03-31,56.18607504248229
DBA_41,1982-06-30,57.168457585743205
DBA_41,1982-09-30,60.77052691103327
DBA_41,1982-12-31,63.717674540816034
DBA_41,1983-03-31,57.495918433496875
DBA_41,1983-06-30,60.11560521552601
DBA_41,1983-09-30,74.11809858299128
DBA_41,1983-12-31,80.43681384669759
DBA_41,1984-03-31,87.80369972141587
DBA_41,1984-06-30,87.75411332475791
DBA_41,1984-09-30,86.94520380349016
DBA_41,1984-12-31,87.29575879642927
DBA_41,1985-03-31,89.73113173359627
DBA_41,1985-06-30,88.21232680241522
DBA_41,1985-09-30,91.44979628599384
DBA_41,1985-12-31,90.67890069790465
DBA_41,1986-03-31,92.3109231366638
DBA_41,1986-06-30,91.50409201668649
DBA_41,1986-09-30,94.70391994915703
DBA_41,1986-12-31,92.32976949886584
DBA_41,1987-03-31,93.05746027165168
DBA_41,1987-06-30,90.79935637586317
DBA_41,1987-09-30,89.32427383029146
DBA_41,1987-12-31,91.50734614864906
DBA_41,1988-03-31,94.118445504623
DBA_41,1988-06-30,93.2329590236781
DBA_41,1988-09-30,97.75761917375984
DBA_42,1969-12-31,228.4432956618141
DBA_42,1970-03-31,213.22293962793512
DBA_42,1970-06-30,199.73418262355221
DBA_42,1970-09-30,193.59260894719995
DBA_42,1970-12-31,206.72734206696182
DBA_42,1971-03-31,192.98163563317013
DBA_42,1971-06-30,199.4716927213106
DBA_42,1971-09-30,198.68695778749697
DBA_42,1971-12-31,250.62336496942913
DBA_42,1972-03-31,231.94454732276597
DBA_42,1972-06-30,231.56444738708825
DBA_42,1972-09-30,219.19826959338272
DBA_42,1972-12-31,242.17074071748172
DBA_42,1973-03-31,221.59703354227952
DBA_42,1973-06-30,216.74744406249977
DBA_42,1973-09-30,240.35671702548524
DBA_42,1973-12-31,258.42350502020827
DBA_42,1974-03-31,262.51233742157325
DBA_42,1974-06-30,254.51108053344691
DBA_42,1974-09-30,288.3175552679977
DBA_42,1974-12-31,290.0009254141358
DBA_42,1975-03-31,266.7504951460506
DBA_42,1975-06-30,282.8558143733933
DBA_42,1975-09-30,551.8945979965978
DBA_42,1975-12-31,345.561053303627
DBA_42,1976-03-31,310.1872060791736
DBA_42,1976-06-30,236.15421030591364
DBA_42,1976-09-30,202.3822038707538
DBA_42,1976-12-31,194.46171286303786
DBA_42,1977-03-31,203.64011381045077
DBA_42,1977-06-30,43.812634847442645
DBA_42,1977-09-30,45.29681941764797
DBA_43,1971-12-31,8171.0
DBA_43,1972-03-31,8270.0
DBA_43,1972-06-30,8744.0
DBA_43,1972-09-30,9099.0
DBA_43,1972-12-31,9322.0
DBA_43,1973-03-31,9550.0
DBA_43,1973-06-30,9677.0
DBA_43,1973-09-30,10173.0
DBA_43,1973-12-31,10413.0
DBA_43,1974-03-31,11188.0
DBA_43,1974-06-30,11362.0
DBA_43,1974-09-30,11302.0
DBA_43,1974-12-31,11096.0
DBA_43,1975-03-31,11326.0
DBA_43,1975-06-30,11641.0
DBA_43,1975-09-30,12043.0
DBA_43,1975-12-31,12110.0
DBA_43,1976-03-31,12662.0
DBA_43,1976-06-30,13329.0
DBA_43,1976-09-30,13570.0
DBA_43,1976-12-31,14818.0
DBA_43,1977-03-31,14874.0
DBA_43,1977-06-30,15674.0
DBA_43,1977-09-30,16494.0
DBA_43,1977-12-31,17676.0
DBA_43,1978-03-31,18635.0
DBA_43,1978-06-30,19199.0
DBA_43,1978-09-30,20657.0
DBA_43,1978-12-31,20658.0
DBA_43,1979-03-31,21088.0
DBA_43,1979-06-30,21274.0
DBA_43,1979-09-30,21566.0
DBA_43,1979-12-31,22617.0
DBA_43,1980-03-31,23708.0
DBA_43,1980-06-30,24896.0
DBA_43,1980-09-30,26254.0
DBA_43,1980-12-31,27410.0
DBA_43,1981-03-31,28347.0
DBA_43,1981-06-30,29420.0
DBA_43,1981-09-30,30150.0
DBA_43,1981-12-31,30565.0
DBA_43,1982-03-31,31567.0
DBA_43,1982-06-30,32350.0
DBA_43,1982-09-30,32959.0
DBA_43,1982-12-31,34270.0
DBA_43,1983-03-31,36149.0
DBA_43,1983-06-30,37711.0
DBA_43,1983-09-30,38815.0
DBA_43,1983-12-31,41105.0
DBA_43,1984-03-31,42034.0
DBA_43,1984-06-30,44261.0
DBA_43,1984-09-30,46084.0
DBA_43,1984-12-31,48548.0
DBA_43,1985-03-31,50175.0
DBA_43,1985-06-30,52165.0
DBA_43,1985-09-30,55212.0
DBA_44,1971-12-31,81.33752277117999
DBA_44,1972-03-31,81.80491693685117
DBA_44,1972-06-30,83.8139092897529
DBA_44,1972-09-30,85.81425385987741
DBA_44,1972-12-31,87.4381363950235
DBA_44,1973-03-31,89.54643163585125
DBA_44,1973-06-30,86.3690132280541
DBA_44,1973-09-30,88.9693371484011
DBA_44,1973-12-31,87.98895223728356
DBA_44,1974-03-31,89.17358387502735
DBA_44,1974-06-30,87.4170607794185
DBA_44,1974-09-30,90.86784707180011
DBA_44,1974-12-31,90.40515028151016
DBA_44,1975-03-31,90.60939700813638
DBA_44,1975-06-30,89.4247653703926
DBA_44,1975-09-30,92.0427469337504
DBA_44,1975-12-31,92.67089713846761
DBA_44,1976-03-31,96.50735024795954
DBA_44,1976-06-30,95.5975925934728
DBA_44,1976-09-30,100.06309519959119
DBA_44,1976-12-31,102.53827089360522
DBA_44,1977-03-31,104.17400578520535
DBA_44,1977-06-30,103.37577207528118
DBA_44,1977-09-30,104.8920594832333
DBA_44,1977-12-31,108.03314413103959
DBA_44,1978-03-31,109.87136467067586
DBA_44,1978-06-30,108.23739085766584
DBA_44,1978-09-30,109.78966722664845
DBA_44,1978-12-31,109.29947321281082
DBA_44,1979-03-31,111.58703592771327
DBA_44,1979-06-30,110.64750285516715
DBA_44,1979-09-30,114.03799664722827
DBA_44,1979-12-31,99.05143827383394
DBA_44,1980-03-31,102.69602000870961
DBA_44,1980-06-30,100.77644340609004
DBA_44,1980-09-30,101.8064993216546
DBA_44,1980-12-31,108.03314413103959
DBA_44,1981-03-31,117.226644809385
DBA_44,1981-06-30,111.889520687055
DBA_44,1981-09-30,114.55808274822
DBA_44,1981-12-31,114.55808274822
DBA_44,1982-03-31,116.33712412233
DBA_44,1982-06-30,109.22095862589
DBA_44,1982-09-30,113.66856206116502
DBA_44,1982-12-31,109.22095862589
DBA_44,1983-03-31,111.0
DBA_44,1983-06-30,105.66287587766999
DBA_44,1983-09-30,110.110479312945
DBA_44,1983-12-31,112.77904137411
DBA_44,1984-03-31,112.77904137411
DBA_44,1984-06-30,108.33143793883498
DBA_44,1984-09-30,110.110479312945
DBA_44,1984-12-31,112.21711339956002
DBA_44,1985-03-31,119.03314413103959
DBA_44,1985-06-30,116.3645820698746
DBA_44,1985-09-30,123.0371931072407
DBA_45,1975-12-31,31.79326028894836
DBA_45,1976-03-31,32.77170865938927
DBA_45,1976-06-30,32.77934868398231
DBA_45,1976-09-30,32.93139569699715
DBA_45,1976-12-31,33.44468801820008
DBA_45,1977-03-31,33.428490343801634
DBA_45,1977-06-30,33.05104690215936
DBA_45,1977-09-30,33.68444824796831
DBA_45,1977-12-31,33.804557272574336
DBA_45,1978-03-31,33.82029712752899
DBA_45,1978-06-30,34.15678604329984
DBA_45,1978-09-30,34.58144798159268
DBA_45,1978-12-31,34.65342180244714
DBA_45,1979-03-31,34.949874885772346
DBA_45,1979-06-30,35.45461001622559
DBA_45,1979-09-30,35.814937090043614
DBA_45,1979-12-31,35.975083474364375
DBA_45,1980-03-31,36.84106238573661
DBA_45,1980-06-30,36.1824463690109
DBA_45,1980-09-30,36.46224243122478
DBA_45,1980-12-31,36.790633502958784
DBA_45,1981-03-31,37.1428622736843
DBA_45,1981-06-30,37.16578326557481
DBA_45,1981-09-30,39.194196157969316
DBA_45,1981-12-31,39.707031577839885
DBA_45,1982-03-31,40.14743184381829
DBA_45,1982-06-30,41.253169457689665
DBA_45,1982-09-30,41.95762699914068
DBA_45,1982-12-31,42.63870771558223
DBA_45,1983-03-31,42.75789957403157
DBA_45,1983-06-30,43.7669074336869
DBA_45,1983-09-30,44.519044345770524
DBA_45,1983-12-31,45.34406964938274
DBA_45,1984-03-31,46.44330604206599
DBA_45,1984-06-30,47.08106957753287
DBA_45,1984-09-30,48.86201708038965
DBA_45,1984-12-31,49.866848202102005
DBA_45,1985-03-31,50.511461833142725
DBA_45,1985-06-30,52.37011951211031
DBA_45,1985-09-30,64.19416214663048
DBA_45,1985-12-31,80.69670531800047
DBA_45,1986-03-31,90.69176676936105
DBA_45,1986-06-30,92.81218673938093
DBA_45,1986-09-30,94.92212188141139
DBA_45,1986-12-31,94.26205231903485
DBA_45,1987-03-31,100.01258052065792
DBA_45,1987-06-30,97.60278868518525
DBA_45,1987-09-30,101.0466709569033
DBA_46,1971-12-31,6176.0
DBA_46,1972-03-31,5972.0
DBA_46,1972-06-30,6092.0
DBA_46,1972-09-30,6116.0
DBA_46,1972-12-31,6172.0
DBA_46,1973-03-31,6152.0
DBA_46,1973-06-30,6424.0
DBA_46,1973-09-30,6456.0
DBA_46,1973-12-31,6436.0
DBA_46,1974-03-31,6472.0
DBA_46,1974-06-30,6492.0
DBA_46,1974-09-30,6372.0
DBA_46,1974-12-31,6476.0
DBA_46,1975-03-31,6740.0
DBA_46,1975-06-30,6796.0
DBA_46,1975-09-30,6924.0
DBA_46,1975-12-31,6780.0
DBA_46,1976-03-31,6768.0
DBA_46,1976-06-30,6748.0
DBA_46,1976-09-30,6884.0
DBA_46,1976-12-31,6868.0
DBA_46,1977-03-31,6712.0
DBA_46,1977-06-30,7160.0
DBA_46,1977-09-30,7104.0
DBA_46,1977-12-31,7608.0
DBA_46,1978-03-31,7769.0
DBA_46,1978-06-30,8028.0
DBA_46,1978-09-30,8088.0
DBA_46,1978-12-31,8332.0
DBA_46,1979-03-31,8388.0
DBA_46,1979-06-30,8264.0
DBA_46,1979-09-30,8336.0
DBA_46,1979-12-31,8480.0
DBA_46,1980-03-31,8356.0
DBA_46,1980-06-30,8408.0
DBA_46,1980-09-30,8504.0
DBA_46,1980-12-31,8724.0
DBA_46,1981-03-31,8608.0
DBA_46,1981-06-30,8636.0
DBA_46,1981-09-30,9032.0
DBA_46,1981-12-31,9216.0
DBA_46,1982-03-31,9280.0
DBA_46,1982-06-30,9376.0
DBA_46,1982-09-30,9572.0
DBA_46,1982-12-31,9852.0
DBA_46,1983-03-31,10104.0
DBA_46,1983-06-30,10336.0
DBA_46,1983-09-30,10692.0
DBA_46,1983-12-31,10608.0
DBA_46,1984-03-31,11020.0
DBA_46,1984-06-30,10928.0
DBA_46,1984-09-30,10960.0
DBA_46,1984-12-31,11248.0
DBA_46,1985-03-31,11372.0
DBA_46,1985-06-30,11628.0
DBA_46,1985-09-30,11920.0
DBA_47,1976-12-31,55.0
DBA_47,1977-03-31,41.0
DBA_47,1977-06-30,42.0
DBA_47,1977-09-30,43.0
DBA_47,1977-12-31,42.0
DBA_47,1978-03-31,38.0
DBA_47,1978-06-30,36.0
DBA_47,1978-09-30,27.0
DBA_47,1978-12-31,20.0
DBA_47,1979-03-31,21.0
DBA_47,1979-06-30,23.0
DBA_47,1979-09-30,24.0
DBA_47,1979-12-31,27.0
DBA_47,1980-03-31,30.0
DBA_47,1980-06-30,32.0
DBA_47,1980-09-30,30.0
DBA_47,1980-12-31,26.0
DBA_47,1981-03-31,25.0
DBA_47,1981-06-30,23.0
DBA_47,1981-09-30,22.0
DBA_47,1981-12-31,23.0
DBA_47,1982-03-31,25.0
DBA_47,1982-06-30,25.0
DBA_47,1982-09-30,38.0
DBA_47,1982-12-31,48.0
DBA_47,1983-03-31,62.0
DBA_47,1983-06-30,69.0
DBA_47,1983-09-30,76.0
DBA_47,1983-12-31,77.0
DBA_47,1984-03-31,72.0
DBA_47,1984-06-30,75.0
DBA_47,1984-09-30,77.0
DBA_47,1984-12-31,86.0
DBA_47,1985-03-31,91.0
DBA_47,1985-06-30,94.0
DBA_47,1985-09-30,92.0
DBA_47,1985-12-31,90.0
DBA_47,1986-03-31,98.0
DBA_47,1986-06-30,120.0
DBA_47,1986-09-30,160.0
DBA_47,1986-12-31,172.0
DBA_47,1987-03-31,175.0
DBA_47,1987-06-30,182.0
DBA_47,1987-09-30,193.0
DBA_48,1978-06-30,2989.429931640625
DBA_48,1978-09-30,2847.179931640625
DBA_48,1978-12-31,3177.06005859375
DBA_48,1979-03-31,3156.64990234375
DBA_48,1979-06-30,3324.070068359375
DBA_48,1979-09-30,3203.39990234375
DBA_48,1979-12-31,3501.419921875
DBA_48,1980-03-31,3356.840087890625
DBA_48,1980-06-30,3520.639892578125
DBA_48,1980-09-30,3598.9599609375
DBA_48,1980-12-31,3847.610107421875
DBA_48,1981-03-31,3716.14990234375
DBA_48,1981-06-30,3765.219970703125
DBA_48,1981-09-30,3573.429931640625
DBA_48,1981-12-31,3645.820068359375
DBA_48,1982-03-31,3440.909912109375
DBA_48,1982-06-30,3719.14990234375
DBA_48,1982-09-30,3689.0400390625
DBA_48,1982-12-31,3802.449951171875
DBA_48,1983-03-31,3933.659912109375
DBA_48,1983-06-30,4189.1201171875
DBA_48,1983-09-30,3924.169921875
DBA_48,1983-12-31,4300.4501953125
DBA_48,1984-03-31,4323.72021484375
DBA_48,1984-06-30,4502.72021484375
DBA_48,1984-09-30,4345.3798828125
DBA_48,1984-12-31,4759.6298828125
DBA_48,1985-03-31,4253.14013671875
DBA_48,1985-06-30,3402.429931640625
DBA_48,1985-09-30,3046.030029296875
DBA_49,1975-12-31,277.0
DBA_49,1976-03-31,130.0
DBA_49,1976-06-30,279.0
DBA_49,1976-09-30,489.0
DBA_49,1976-12-31,555.0
DBA_49,1977-03-31,788.0
DBA_49,1977-06-30,956.0
DBA_49,1977-09-30,896.0
DBA_49,1977-12-31,785.0
DBA_49,1978-03-31,510.0
DBA_49,1978-06-30,302.0
DBA_49,1978-09-30,126.0
DBA_49,1978-12-31,85.0
DBA_49,1979-03-31,72.0
DBA_49,1979-06-30,52.0
DBA_49,1979-09-30,106.0
DBA_49,1979-12-31,76.0
DBA_49,1980-03-31,77.0
DBA_49,1980-06-30,99.0
DBA_49,1980-09-30,163.0
DBA_49,1980-12-31,142.0
DBA_49,1981-03-31,189.0
DBA_49,1981-06-30,324.0
DBA_49,1981-09-30,339.0
DBA_49,1981-12-31,273.0
DBA_49,1982-03-31,246.0
DBA_49,1982-06-30,310.0
DBA_49,1982-09-30,327.0
DBA_49,1982-12-31,373.0
DBA_49,1983-03-31,501.0
DBA_49,1983-06-30,539.0
DBA_49,1983-09-30,465.0
DBA_49,1983-12-31,477.0
DBA_49,1984-03-31,674.0
DBA_49,1984-06-30,753.0
DBA_49,1984-09-30,634.0
DBA_49,1984-12-31,317.0
DBA_49,1985-03-31,119.0
DBA_49,1985-06-30,89.0
DBA_49,1985-09-30,166.0
DBA_49,1985-12-31,423.0
DBA_49,1986-03-31,707.0
DBA_49,1986-06-30,535.0
DBA_49,1986-09-30,587.0
DBA_49,1986-12-31,813.0
DBA_49,1987-03-31,1268.0
DBA_49,1987-06-30,1169.0
DBA_49,1987-09-30,1154.0
DBA_49,1987-12-31,984.0
DBA_49,1988-03-31,895.0
DBA_49,1988-06-30,931.0
DBA_49,1988-09-30,403.0
DBA_49,1988-12-31,339.0
DBA_49,1989-03-31,310.0
DBA_49,1989-06-30,708.0
DBA_49,1989-09-30,291.0
DBA_49,1989-12-31,51.0
DBA_49,1990-03-31,107.0
DBA_49,1990-06-30,385.0
DBA_49,1990-09-30,743.0
DBA_50,1978-06-30,13313.0
DBA_50,1978-09-30,10780.0
DBA_50,1978-12-31,10744.0
DBA_50,1979-03-31,12584.0
DBA_50,1979-06-30,15299.0
DBA_50,1979-09-30,17701.0
DBA_50,1979-12-31,14416.0
DBA_50,1980-03-31,12712.0
DBA_50,1980-06-30,9072.0
DBA_50,1980-09-30,10710.0
DBA_50,1980-12-31,9814.0
DBA_50,1981-03-31,11961.0
DBA_50,1981-06-30,4870.0
DBA_50,1981-09-30,5397.0
DBA_50,1981-12-31,4568.0
DBA_50,1982-03-31,4263.0
DBA_50,1982-06-30,8224.0
DBA_50,1982-09-30,13418.0
DBA_50,1982-12-31,14866.0
DBA_50,1983-03-31,20417.0
DBA_50,1983-06-30,23728.0
DBA_50,1983-09-30,25261.0
DBA_50,1983-12-31,19467.0
DBA_50,1984-03-31,17795.0
DBA_50,1984-06-30,15252.0
DBA_50,1984-09-30,14203.0
DBA_50,1984-12-31,14023.0
DBA_50,1985-03-31,16119.0
DBA_50,1985-06-30,10193.0
DBA_50,1985-09-30,11243.0
DBA_51,1976-03-31,47.627018891621
DBA_51,1976-06-30,48.917596443277745
DBA_51,1976-09-30,49.527033946402376
DBA_51,1976-12-31,49.8836404199365
DBA_51,1977-03-31,49.9421322583275
DBA_51,1977-06-30,51.47233161706513
DBA_51,1977-09-30,51.666671303100244
DBA_51,1977-12-31,52.95064350124875
DBA_51,1978-03-31,53.76763040775375
DBA_51,1978-06-30,54.428955385432374
DBA_51,1978-09-30,54.53272983970474
DBA_51,1978-12-31,55.09688522178362
DBA_51,1979-03-31,55.45349169531775
DBA_51,1979-06-30,55.965759602842624
DBA_51,1979-09-30,56.93840843817401
DBA_51,1979-12-31,57.755395344678995
DBA_51,1980-03-31,58.163888797931506
DBA_51,1980-06-30,59.655409904624754
DBA_51,1980-09-30,58.92238337120987
DBA_51,1980-12-31,59.07144044136362
DBA_51,1981-03-31,59.123327915917635
DBA_51,1981-06-30,60.29692080112112
DBA_51,1981-09-30,60.491260487156254
DBA_51,1981-12-31,62.35259728989324
DBA_51,1982-03-31,63.78562754786675
DBA_51,1982-06-30,60.51767992184676
DBA_51,1982-09-30,65.83469917796624
DBA_51,1982-12-31,66.95640458861575
DBA_51,1983-03-31,67.21584097171451
DBA_51,1983-06-30,68.330942018527
DBA_51,1983-09-30,68.79132294633348
DBA_51,1983-12-31,68.47999908868074
DBA_51,1984-03-31,69.86114187210025
DBA_51,1984-06-30,71.3460586149565
DBA_51,1984-09-30,70.67246922592864
DBA_51,1984-12-31,73.24230472905323
DBA_51,1985-03-31,73.606461367256
DBA_51,1985-06-30,74.16306658466625
DBA_51,1985-09-30,75.72345401573176
DBA_51,1985-12-31,91.22713687267847
DBA_51,1986-03-31,119.14212751602246
DBA_51,1986-06-30,135.83812815595877
DBA_51,1986-09-30,138.910972642976
DBA_51,1986-12-31,141.5221000202066
DBA_51,1987-03-31,147.56051200138037
DBA_52,1976-12-31,82.0
DBA_52,1977-03-31,81.80000305175781
DBA_52,1977-06-30,81.4000015258789
DBA_52,1977-09-30,81.0999984741211
DBA_52,1977-12-31,80.69999694824219
DBA_52,1978-03-31,81.80000305175781
DBA_52,1978-06-30,82.9000015258789
DBA_52,1978-09-30,83.30000305175781
DBA_52,1978-12-31,83.80000305175781
DBA_52,1979-03-31,84.30000305175781
DBA_52,1979-06-30,85.80000305175781
DBA_52,1979-09-30,85.5999984741211
DBA_52,1979-12-31,88.19999694824219
DBA_52,1980-03-31,89.4000015258789
DBA_52,1980-06-30,88.30000305175781
DBA_52,1980-09-30,87.9000015258789
DBA_52,1980-12-31,87.4000015258789
DBA_52,1981-03-31,86.69999694824219
DBA_52,1981-06-30,86.9000015258789
DBA_52,1981-09-30,87.0
DBA_52,1981-12-31,86.80000305175781
DBA_52,1982-03-31,88.0999984741211
DBA_52,1982-06-30,88.0
DBA_52,1982-09-30,89.30000305175781
DBA_52,1982-12-31,89.4000015258789
DBA_52,1983-03-31,89.0
DBA_52,1983-06-30,88.9000015258789
DBA_52,1983-09-30,88.9000015258789
DBA_52,1983-12-31,89.5999984741211
DBA_52,1984-03-31,89.80000305175781
DBA_52,1984-06-30,89.9000015258789
DBA_52,1984-09-30,90.4000015258789
DBA_52,1984-12-31,91.0999984741211
DBA_52,1985-03-31,90.80000305175781
DBA_52,1985-06-30,91.4000015258789
DBA_52,1985-09-30,91.5
DBA_52,1985-12-31,92.0
DBA_52,1986-03-31,92.0999984741211
DBA_52,1986-06-30,92.4000015258789
DBA_52,1986-09-30,93.0
DBA_52,1986-12-31,92.69999694824219
DBA_52,1987-03-31,94.30000305175781
DBA_52,1987-06-30,95.0999984741211
DBA_52,1987-09-30,95.69999694824219
DBA_52,1987-12-31,98.0999984741211
DBA_52,1988-03-31,99.0
DBA_52,1988-06-30,99.4000015258789
DBA_52,1988-09-30,100.19999694824219
DBA_52,1988-12-31,99.30000305175781
DBA_52,1989-03-31,99.0999984741211
DBA_52,1989-06-30,100.4000015258789
DBA_52,1989-09-30,101.0999984741211
DBA_52,1989-12-31,101.9000015258789
DBA_52,1990-03-31,103.0999984741211
DBA_52,1990-06-30,103.9000015258789
DBA_52,1990-09-30,105.5999984741211
DBA_52,1990-12-31,106.0
DBA_52,1991-03-31,107.69999694824219
DBA_52,1991-06-30,109.9000015258789
DBA_52,1991-09-30,112.0999984741211
DBA_52,1991-12-31,114.0
DBA_52,1992-03-31,114.9000015258789
DBA_52,1992-06-30,115.30000305175781
DBA_52,1992-09-30,115.9000015258789
DBA_52,1992-12-31,116.0999984741211
DBA_52,1993-03-31,118.5
DBA_52,1993-06-30,119.19999694824219
DBA_52,1993-09-30,120.0999984741211
DBA_52,1993-12-31,121.69999694824219
DBA_52,1994-03-31,122.69999694824219
DBA_52,1994-06-30,124.0999984741211
DBA_52,1994-09-30,126.0
DBA_53,1977-12-31,20534.25891484521
DBA_53,1978-03-31,20801.95933222729
DBA_53,1978-06-30,12501.454745719582
DBA_53,1978-09-30,19086.508480731045
DBA_53,1978-12-31,27126.589828212916
DBA_53,1979-03-31,22927.65599500125
DBA_53,1979-06-30,26280.241294314375
DBA_53,1979-09-30,14476.38046075625
DBA_53,1979-12-31,12638.02098753521
DBA_53,1980-03-31,23797.058191854794
DBA_53,1980-06-30,18655.417563794377
DBA_53,1980-09-30,17700.90486642083
DBA_53,1980-12-31,24503.113834173753
DBA_53,1981-03-31,23833.287599310206
DBA_53,1981-06-30,34774.58107639209
DBA_53,1981-09-30,23058.44882274938
DBA_53,1981-12-31,25765.00911199146
DBA_53,1982-03-31,26761.57724972651
DBA_53,1982-06-30,46275.97509654248
DBA_53,1982-09-30,24074.08034859558
DBA_53,1982-12-31,29008.169573137086
DBA_53,1983-03-31,29491.48748843979
DBA_53,1983-06-30,40092.05336096621
DBA_53,1983-09-30,34599.3308382789
DBA_53,1983-12-31,104374.33924147987
DBA_53,1984-03-31,65878.06454216727
DBA_54,1969-12-31,94.30000305175781
DBA_54,1970-03-31,95.0999984741211
DBA_54,1970-06-30,94.30000305175781
DBA_54,1970-09-30,94.19999694824219
DBA_54,1970-12-31,93.9000015258789
DBA_54,1971-03-31,94.69999694824219
DBA_54,1971-06-30,95.4000015258789
DBA_54,1971-09-30,95.9000015258789
DBA_54,1971-12-31,97.5999984741211
DBA_54,1972-03-31,99.5
DBA_54,1972-06-30,102.0
DBA_54,1972-09-30,102.9000015258789
DBA_54,1972-12-31,105.5
DBA_54,1973-03-31,107.80000305175781
DBA_54,1973-06-30,107.80000305175781
DBA_54,1973-09-30,108.5
DBA_54,1973-12-31,110.19999694824219
DBA_54,1974-03-31,108.69999694824219
DBA_54,1974-06-30,110.0
DBA_54,1974-09-30,109.5
DBA_54,1974-12-31,110.4000015258789
DBA_54,1975-03-31,112.5999984741211
DBA_54,1975-06-30,111.19999694824219
DBA_54,1975-09-30,110.5
DBA_54,1975-12-31,111.4000015258789
DBA_54,1976-03-31,113.0999984741211
DBA_54,1976-06-30,115.9000015258789
DBA_54,1976-09-30,118.4000015258789
DBA_54,1976-12-31,121.4000015258789
DBA_54,1977-03-31,124.30000305175781
DBA_54,1977-06-30,128.6999969482422
DBA_54,1977-09-30,131.60000610351562
DBA_55,1975-12-31,71.0
DBA_55,1976-03-31,74.0
DBA_55,1976-06-30,73.0
DBA_55,1976-09-30,72.0
DBA_55,1976-12-31,70.0
DBA_55,1977-03-31,72.0
DBA_55,1977-06-30,74.0
DBA_55,1977-09-30,76.0
DBA_55,1977-12-31,73.0
DBA_55,1978-03-31,76.0
DBA_55,1978-06-30,76.0
DBA_55,1978-09-30,75.0
DBA_55,1978-12-31,75.0
DBA_55,1979-03-31,79.0
DBA_55,1979-06-30,79.0
DBA_55,1979-09-30,80.0
DBA_55,1979-12-31,79.0
DBA_55,1980-03-31,82.0
DBA_55,1980-06-30,81.0
DBA_55,1980-09-30,83.0
DBA_55,1980-12-31,81.0
DBA_55,1981-03-31,84.0
DBA_55,1981-06-30,84.0
DBA_55,1981-09-30,86.0
DBA_55,1981-12-31,85.0
DBA_55,1982-03-31,88.0
DBA_55,1982-06-30,88.0
DBA_55,1982-09-30,89.0
DBA_55,1982-12-31,87.0
DBA_55,1983-03-31,89.0
DBA_55,1983-06-30,91.0
DBA_55,1983-09-30,91.0
DBA_55,1983-12-31,90.0
DBA_55,1984-03-31,95.0
DBA_55,1984-06-30,95.0
DBA_55,1984-09-30,94.0
DBA_55,1984-12-31,94.0
DBA_55,1985-03-31,97.0
DBA_55,1985-06-30,95.0
DBA_55,1985-09-30,99.0
DBA_55,1985-12-31,98.0
DBA_55,1986-03-31,100.0
DBA_55,1986-06-30,99.0
DBA_55,1986-09-30,103.0
DBA_55,1986-12-31,100.0
DBA_55,1987-03-31,101.0
DBA_55,1987-06-30,98.0
DBA_55,1987-09-30,96.0
DBA_55,1987-12-31,99.0
DBA_55,1988-03-31,102.0
DBA_55,1988-06-30,101.0
DBA_55,1988-09-30,104.0
DBA_56,1900-03-31,1164.7543577570325
DBA_56,1900-06-30,1273.1156021818902
DBA_56,1900-09-30,1455.876494731955
DBA_56,1900-12-31,1567.7498612898876
DBA_56,1901-03-31,1319.3858417123677
DBA_56,1901-06-30,1469.5238976819253
DBA_56,1901-09-30,1775.5393338013
DBA_56,1901-12-31,1834.71704488966
DBA_56,1902-03-31,1544.2781996271326
DBA_56,1902-06-30,1822.9812140582826
DBA_56,1902-09-30,2171.4799693159175
DBA_56,1902-12-31,2080.74058306061
DBA_56,1903-03-31,1690.35453694533
DBA_56,1903-06-30,1869.231037754035
DBA_56,1903-09-30,2048.436176455135
DBA_56,1903-12-31,2082.4646203518396
DBA_56,1904-03-31,1723.4425066587823
DBA_56,1904-06-30,2026.5010172562477
DBA_56,1904-09-30,2302.375201266718
DBA_56,1904-12-31,2304.695266838563
DBA_56,1905-03-31,1884.2116003302674
DBA_56,1905-06-30,2069.182079139233
DBA_56,1905-09-30,2247.7911895597176
DBA_56,1905-12-31,2316.464521468467
DBA_56,1906-03-31,2268.9251698623425
DBA_56,1906-06-30,2305.39156651476
DBA_56,1906-09-30,1983.67325221535
DBA_56,1906-12-31,2185.4820260858874
DBA_56,1907-03-31,2326.080829519165
DBA_56,1907-06-30,2449.7438665417276
DBA_56,1907-09-30,2217.783632644923
DBA_56,1907-12-31,2365.3398327472955
DBA_56,1908-03-31,2363.7392827328126
DBA_56,1908-06-30,2551.6396287071852
DBA_56,1908-09-30,2454.5825057792877
DBA_56,1908-12-31,2547.798868681715
DBA_56,1909-03-31,2410.7660270147653
DBA_56,1909-06-30,2524.6586449577944
DBA_56,1909-09-30,2455.43291648432
DBA_56,1909-12-31,2481.40197062892
DBA_56,1910-03-31,2356.623932559545
DBA_56,1910-06-30,2481.9209433951173
DBA_56,1910-09-30,2436.906807976485
DBA_56,1910-12-31,2546.2419503831225
DBA_56,1911-03-31,2447.011465041293
DBA_56,1911-06-30,2752.7084711856355
DBA_56,1911-09-30,2865.5966744934053
DBA_56,1911-12-31,2967.6236668890747
DBA_56,1912-03-31,2641.31197138732
DBA_56,1912-06-30,4022.7956695405
DBA_56,1912-09-30,3234.564293287712
DBA_56,1912-12-31,3389.0041167954623
DBA_56,1913-03-31,5055.41500167808
DBA_56,1913-06-30,6282.645025091319
DBA_56,1913-09-30,6422.868734152689
DBA_56,1913-12-31,6461.267118758425
DBA_56,1914-03-31,5880.09352685221
DBA_56,1914-06-30,6586.824137262265
DBA_56,1914-09-30,6850.20212066899
DBA_56,1914-12-31,7218.23966385571
DBA_56,1915-03-31,6457.67813818594
DBA_56,1915-06-30,7371.445789822781
DBA_56,1915-09-30,7545.249282696175
DBA_56,1915-12-31,8061.618266375184
DBA_56,1916-03-31,7436.900318945455
DBA_56,1916-06-30,8011.186084828901
DBA_56,1916-09-30,8664.68736624727
DBA_56,1916-12-31,9223.146102337527
DBA_56,1917-03-31,8495.288796481074
DBA_56,1917-06-30,9204.489210731095
DBA_56,1917-09-30,9656.777357430714
DBA_56,1917-12-31,9866.760541165271
DBA_56,1918-03-31,8892.349154929674
DBA_56,1918-06-30,9955.46856039202
DBA_56,1918-09-30,10293.70113968509
DBA_56,1918-12-31,10515.45229840396
DBA_56,1919-03-31,10047.353922515575
DBA_56,1919-06-30,11464.032579766299
DBA_56,1919-09-30,11805.75205661494
DBA_56,1919-12-31,12750.886749723535
DBA_56,1920-03-31,12193.348119901077
DBA_56,1920-06-30,16538.65667616475
DBA_56,1920-09-30,16778.440911453043
DBA_56,1920-12-31,16028.435515069721
DBA_56,1921-03-31,15651.804551170917
DBA_56,1921-06-30,17267.804652237806
DBA_56,1921-09-30,17373.67871209818
DBA_56,1921-12-31,17915.379227580703
DBA_57,1900-03-31,49954.0
DBA_57,1900-06-30,16602.0
DBA_57,1900-09-30,23786.0
DBA_57,1900-12-31,13457.0
DBA_57,1901-03-31,10060.0
DBA_57,1901-06-30,9205.0
DBA_57,1901-09-30,7748.0
DBA_57,1901-12-31,15326.0
DBA_57,1902-03-31,8336.0
DBA_57,1902-06-30,12782.0
DBA_57,1902-09-30,13336.0
DBA_57,1902-12-31,8841.0
DBA_57,1903-03-31,54892.0
DBA_57,1903-06-30,14137.0
DBA_57,1903-09-30,19871.0
DBA_57,1903-12-31,17102.0
DBA_57,1904-03-31,10254.0
DBA_57,1904-06-30,17377.0
DBA_57,1904-09-30,10053.0
DBA_57,1904-12-31,16140.0
DBA_57,1905-03-31,6732.0
DBA_57,1905-06-30,10103.0
DBA_57,1905-09-30,13419.0
DBA_57,1905-12-31,20000.0
DBA_57,1906-03-31,27525.0
DBA_57,1906-06-30,16173.0
DBA_57,1906-09-30,22354.0
DBA_57,1906-12-31,17790.0
DBA_57,1907-03-31,11476.0
DBA_57,1907-06-30,8481.0
DBA_57,1907-09-30,11525.0
DBA_57,1907-12-31,6662.0
DBA_57,1908-03-31,10201.0
DBA_57,1908-06-30,14141.0
DBA_57,1908-09-30,9377.0
DBA_57,1908-12-31,6049.0
DBA_57,1909-03-31,38224.0
DBA_57,1909-06-30,53675.0
DBA_57,1909-09-30,16078.0
DBA_57,1909-12-31,10299.0
DBA_57,1910-03-31,11127.0
DBA_57,1910-06-30,9666.0
DBA_57,1910-09-30,9189.0
DBA_57,1910-12-31,17798.0
DBA_57,1911-03-31,8000.0
DBA_57,1911-06-30,2067.0
DBA_57,1911-09-30,30917.0
DBA_57,1911-12-31,27472.0
DBA_58,1977-12-31,53.7193202052123
DBA_58,1978-03-31,52.679627739623044
DBA_58,1978-06-30,53.726248767101346
DBA_58,1978-09-30,54.207941181582676
DBA_58,1978-12-31,95.26849868090609
DBA_58,1979-03-31,49.146803444860396
DBA_58,1979-06-30,44.7298318986228
DBA_58,1979-09-30,44.674539634420746
DBA_58,1979-12-31,44.680336614547414
DBA_58,1980-03-31,45.3849786342
DBA_58,1980-06-30,44.71637124056103
DBA_58,1980-09-30,41.921825052780775
DBA_58,1980-12-31,42.38624845049543
DBA_58,1981-03-31,41.767454271670466
DBA_58,1981-06-30,41.52277593205919
DBA_58,1981-09-30,39.96449712578846
DBA_58,1981-12-31,38.50646082692426
DBA_58,1982-03-31,36.44975526355302
DBA_58,1982-06-30,33.21323969133877
DBA_58,1982-09-30,33.34307865251346
DBA_58,1982-12-31,30.27334871624174
DBA_58,1983-03-31,29.33436481413932
DBA_58,1983-06-30,31.094143040784108
DBA_58,1983-09-30,31.320173660640727
DBA_58,1983-12-31,34.2182549792396
DBA_58,1984-03-31,36.17563436111301
DBA_58,1984-06-30,36.08375033313033
DBA_58,1984-09-30,36.512242627467
DBA_58,1984-12-31,36.29472925581067
DBA_58,1985-03-31,35.75920449197961
DBA_58,1985-06-30,36.450970711473516
DBA_58,1985-09-30,37.76866256536682
DBA_58,1985-12-31,65.98439040985397
DBA_58,1986-03-31,71.8582802303357
DBA_58,1986-06-30,71.51680008110048
DBA_58,1986-09-30,70.90178998035219
DBA_58,1986-12-31,72.57162716885668
DBA_58,1987-03-31,73.19441357254034
DBA_58,1987-06-30,74.94552648865644
DBA_58,1987-09-30,70.38325557731457
DBA_58,1987-12-31,67.31093693863738
DBA_58,1988-03-31,65.85103212770372
DBA_58,1988-06-30,62.84336829132137
DBA_58,1988-09-30,62.00257203456705
DBA_58,1988-12-31,61.501190288822706
DBA_58,1989-03-31,59.73233456231608
DBA_58,1989-06-30,59.36347924397921
DBA_58,1989-09-30,61.75102110459036
DBA_59,1975-12-31,1440.0
DBA_59,1976-03-31,1436.0
DBA_59,1976-06-30,1358.0
DBA_59,1976-09-30,1525.0
DBA_59,1976-12-31,1559.0
DBA_59,1977-03-31,1492.0
DBA_59,1977-06-30,1355.0
DBA_59,1977-09-30,1452.0
DBA_59,1977-12-31,1449.0
DBA_59,1978-03-31,1456.0
DBA_59,1978-06-30,1357.0
DBA_59,1978-09-30,1485.0
DBA_59,1978-12-31,1437.0
DBA_59,1979-03-31,1537.0
DBA_59,1979-06-30,1349.0
DBA_59,1979-09-30,1528.0
DBA_59,1979-12-31,1614.0
DBA_59,1980-03-31,1703.0
DBA_59,1980-06-30,1490.0
DBA_59,1980-09-30,1787.0
DBA_59,1980-12-31,1693.0
DBA_59,1981-03-31,1687.0
DBA_59,1981-06-30,1474.0
DBA_59,1981-09-30,1680.0
DBA_59,1981-12-31,1696.0
DBA_59,1982-03-31,1686.0
DBA_59,1982-06-30,1444.0
DBA_59,1982-09-30,1702.0
DBA_59,1982-12-31,1722.0
DBA_59,1983-03-31,1583.0
DBA_59,1983-06-30,1467.0
DBA_59,1983-09-30,1779.0
DBA_59,1983-12-31,1857.0
DBA_59,1984-03-31,1395.0
DBA_59,1984-06-30,1577.0
DBA_59,1984-09-30,1969.0
DBA_59,1984-12-31,1943.0
DBA_59,1985-03-31,1950.0
DBA_59,1985-06-30,1615.0
DBA_59,1985-09-30,1996.0
DBA_59,1985-12-31,2097.0
DBA_59,1986-03-31,2073.0
DBA_59,1986-06-30,1747.0
DBA_59,1986-09-30,2003.0
DBA_59,1986-12-31,2063.0
DBA_59,1987-03-31,1855.0
DBA_59,1987-06-30,1664.0
DBA_59,1987-09-30,2038.0
DBA_59,1987-12-31,2066.0
DBA_59,1988-03-31,2071.0
DBA_59,1988-06-30,1763.0
DBA_59,1988-09-30,2164.0
DBA_60,1974-12-31,63.349325549999996
DBA_60,1975-03-31,70.30299892500001
DBA_60,1975-06-30,71.25282130000001
DBA_60,1975-09-30,79.6745255
DBA_60,1975-12-31,74.020132125
DBA_60,1976-03-31,73.6033446
DBA_60,1976-06-30,63.7102053
DBA_60,1976-09-30,69.979867875
DBA_60,1976-12-31,71.23023045
DBA_60,1977-03-31,73.7309556
DBA_60,1977-06-30,71.23023045
DBA_60,1977-09-30,83.00582520000002
DBA_60,1977-12-31,86.744778
DBA_60,1978-03-31,87.78359194999999
DBA_60,1978-06-30,80.29820875
DBA_60,1978-09-30,88.58122525
DBA_60,1978-12-31,84.51189430000001
DBA_60,1979-03-31,89.44870875000001
DBA_60,1979-06-30,83.364151175
DBA_60,1979-09-30,97.5449456
DBA_60,1979-12-31,104.6656998
DBA_60,1980-03-31,108.82515510000002
DBA_60,1980-06-30,106.416753725
DBA_60,1980-09-30,124.415584575
DBA_60,1980-12-31,123.99879705000001
DBA_60,1981-03-31,133.490439375
DBA_60,1981-06-30,117.236540175
DBA_60,1981-09-30,120.570840375
DBA_60,1981-12-31,118.48690275
DBA_60,1982-03-31,114.89738055000001
DBA_60,1982-06-30,110.4104778
DBA_60,1982-09-30,114.0
DBA_60,1982-12-31,125.66594715000001
DBA_60,1983-03-31,137.33189430000002
DBA_60,1983-06-30,148.99784144999998
DBA_60,1983-09-30,158.8690275
DBA_60,1983-12-31,158.8690275
DBA_60,1984-03-31,162.4585497
DBA_60,1984-06-30,175.91925795
DBA_61,1971-12-31,38.451201334023644
DBA_61,1972-03-31,39.451201334023644
DBA_61,1972-06-30,38.28606226864765
DBA_61,1972-09-30,43.933731175244155
DBA_61,1972-12-31,43.8870619719179
DBA_61,1973-03-31,42.75229676557447
DBA_61,1973-06-30,40.72454713909806
DBA_61,1973-09-30,46.13778680458436
DBA_61,1973-12-31,47.96330296938444
DBA_61,1974-03-31,47.59815370425777
DBA_61,1974-06-30,45.13892684203108
DBA_61,1974-09-30,50.55735197455364
DBA_61,1974-12-31,52.226220903787286
DBA_61,1975-03-31,52.23550873701213
DBA_61,1975-06-30,49.64145960821165
DBA_61,1975-09-30,55.50173291055699
DBA_61,1975-12-31,56.20912324733876
DBA_61,1976-03-31,59.29579211547687
DBA_61,1976-06-30,57.460988241083214
DBA_61,1976-09-30,62.197950248373985
DBA_61,1976-12-31,64.87604995060211
DBA_61,1977-03-31,67.34975011308991
DBA_61,1977-06-30,63.90830291389762
DBA_61,1977-09-30,70.99041138498626
DBA_61,1977-12-31,68.84858148371235
DBA_61,1978-03-31,73.0844889820863
DBA_61,1978-06-30,66.89753100919464
DBA_61,1978-09-30,71.85855144715437
DBA_61,1978-12-31,73.46000918128546
DBA_61,1979-03-31,81.62430526875123
DBA_61,1979-06-30,70.12549783659625
DBA_61,1979-09-30,146.3566357660077
DBA_62,1977-12-31,960.0
DBA_62,1978-03-31,923.0
DBA_62,1978-06-30,777.0
DBA_62,1978-09-30,956.0
DBA_62,1978-12-31,1140.0
DBA_62,1979-03-31,1003.0
DBA_62,1979-06-30,788.0
DBA_62,1979-09-30,1014.0
DBA_62,1979-12-31,979.0
DBA_62,1980-03-31,997.0
DBA_62,1980-06-30,684.0
DBA_62,1980-09-30,1008.0
DBA_62,1980-12-31,1088.0
DBA_62,1981-03-31,797.0
DBA_62,1981-06-30,968.0
DBA_62,1981-09-30,1194.0
DBA_62,1981-12-31,1436.0
DBA_62,1982-03-31,1466.0
DBA_62,1982-06-30,1060.0
DBA_62,1982-09-30,1124.0
DBA_62,1982-12-31,1529.0
DBA_62,1983-03-31,1328.0
DBA_62,1983-06-30,934.0
DBA_62,1983-09-30,1018.0
DBA_62,1983-12-31,1305.0
DBA_62,1984-03-31,1229.0
DBA_62,1984-06-30,1073.0
DBA_62,1984-09-30,1262.0
DBA_62,1984-12-31,1413.0
DBA_62,1985-03-31,1346.0
DBA_62,1985-06-30,1085.0
DBA_62,1985-09-30,1488.0
DBA_62,1985-12-31,1773.0
DBA_62,1986-03-31,1392.0
DBA_62,1986-06-30,1150.0
DBA_62,1986-09-30,1589.0
DBA_62,1986-12-31,1784.0
DBA_62,1987-03-31,1503.0
DBA_62,1987-06-30,1321.0
DBA_63,1975-12-31,526.52450301367
DBA_63,1976-03-31,569.4215267035681
DBA_63,1976-06-30,547.4472845504615
DBA_63,1976-09-30,605.5220673836717
DBA_63,1976-12-31,551.4969872911179
DBA_63,1977-03-31,608.1279123267074
DBA_63,1977-06-30,590.0776419866555
DBA_63,1977-09-30,680.0623274332105
DBA_63,1977-12-31,609.0384376169199
DBA_63,1978-03-31,676.2640865477573
DBA_63,1978-06-30,670.1114625744713
DBA_63,1978-09-30,726.2242595011538
DBA_63,1978-12-31,673.3763709525166
DBA_63,1979-03-31,762.5762620364605
DBA_63,1979-06-30,722.5517495433021
DBA_63,1979-09-30,804.4218251100436
DBA_63,1979-12-31,748.4347591109623
DBA_63,1980-03-31,856.469714897569
DBA_63,1980-06-30,787.9259390967127
DBA_63,1980-09-30,881.0498019937114
DBA_63,1980-12-31,836.5679851800902
DBA_63,1981-03-31,927.7298621705618
DBA_63,1981-06-30,871.0837327364711
DBA_63,1981-09-30,1009.3332714835991
DBA_63,1981-12-31,910.9673099035268
DBA_63,1982-03-31,1040.1445943722922
DBA_63,1982-06-30,982.8759626648376
DBA_63,1982-09-30,982.6092964111336
DBA_63,1982-12-31,1164.0538424535523
DBA_63,1983-03-31,995.38010407787
DBA_63,1983-06-30,1179.4995909965842
DBA_63,1983-09-30,1097.9486838300597
DBA_63,1983-12-31,1577.9090078255365
DBA_63,1984-03-31,1311.4728666767116
DBA_63,1984-06-30,268.9440302712231
DBA_63,1984-09-30,298.5022408857871
DBA_63,1984-12-31,288.7073573861681
DBA_63,1985-03-31,290.34945854701783
DBA_63,1985-06-30,330.5551596262998
DBA_63,1985-09-30,295.96000332319375
DBA_63,1985-12-31,335.2709573046003
DBA_63,1986-03-31,320.18128773517896
DBA_63,1986-06-30,366.12914843320084
DBA_63,1986-09-30,352.0237006714427
DBA_64,1900-03-31,49954.0
DBA_64,1900-06-30,16602.0
DBA_64,1900-09-30,23786.0
DBA_64,1900-12-31,13457.0
DBA_64,1901-03-31,10060.0
DBA_64,1901-06-30,9205.0
DBA_64,1901-09-30,7748.0
DBA_64,1901-12-31,15326.0
DBA_64,1902-03-31,8336.0
DBA_64,1902-06-30,12782.0
DBA_64,1902-09-30,13336.0
DBA_64,1902-12-31,8841.0
DBA_64,1903-03-31,54892.0
DBA_64,1903-06-30,14137.0
DBA_64,1903-09-30,19871.0
DBA_64,1903-12-31,17102.0
DBA_64,1904-03-31,10254.0
DBA_64,1904-06-30,17377.0
DBA_64,1904-09-30,10053.0
DBA_64,1904-12-31,16140.0
DBA_64,1905-03-31,6732.0
DBA_64,1905-06-30,10103.0
DBA_64,1905-09-30,13419.0
DBA_64,1905-12-31,20000.0
DBA_64,1906-03-31,27525.0
DBA_64,1906-06-30,16173.0
DBA_64,1906-09-30,22354.0
DBA_64,1906-12-31,17790.0
DBA_64,1907-03-31,11476.0
DBA_64,1907-06-30,8481.0
DBA_64,1907-09-30,11525.0
DBA_64,1907-12-31,6662.0
DBA_64,1908-03-31,10201.0
DBA_64,1908-06-30,14141.0
DBA_64,1908-09-30,9377.0
DBA_64,1908-12-31,6049.0
DBA_64,1909-03-31,38224.0
DBA_64,1909-06-30,53675.0
DBA_64,1909-09-30,16078.0
DBA_64,1909-12-31,10299.0
DBA_64,1910-03-31,11127.0
DBA_64,1910-06-30,9666.0
DBA_64,1910-09-30,9189.0
DBA_64,1910-12-31,17798.0
DBA_64,1911-03-31,8000.0
DBA_64,1911-06-30,2067.0
DBA_64,1911-09-30,30917.0
DBA_64,1911-12-31,27472.0
DBA_65,1969-12-31,4.559999942779541
DBA_65,1970-03-31,3.559999942779541
DBA_65,1970-06-30,3.380000114440918
DBA_65,1970-09-30,3.4600000381469727
DBA_65,1970-12-31,4.059999942779541
DBA_65,1971-03-31,3.7200000286102295
DBA_65,1971-06-30,3.640000104904175
DBA_65,1971-09-30,3.990000009536743
DBA_65,1971-12-31,5.46999979019165
DBA_65,1972-03-31,4.960000038146973
DBA_65,1972-06-30,4.480000019073486
DBA_65,1972-09-30,3.950000047683716
DBA_65,1972-12-31,4.480000019073486
DBA_65,1973-03-31,3.890000104904175
DBA_65,1973-06-30,3.7100000381469727
DBA_65,1973-09-30,3.569999933242798
DBA_65,1973-12-31,4.650000095367432
DBA_65,1974-03-31,4.170000076293945
DBA_65,1974-06-30,3.7899999618530273
DBA_65,1974-09-30,3.680000066757202
DBA_65,1974-12-31,4.400000095367432
DBA_65,1975-03-31,3.940000057220459
DBA_65,1975-06-30,3.5
DBA_65,1975-09-30,3.309999942779541
DBA_65,1975-12-31,3.940000057220459
DBA_65,1976-03-31,3.5899999141693115
DBA_65,1976-06-30,3.1500000953674316
DBA_65,1976-09-30,2.7899999618530273
DBA_65,1976-12-31,3.109999895095825
DBA_65,1977-03-31,3.0399999618530273
DBA_65,1977-06-30,2.7899999618530273
DBA_65,1977-09-30,2.569999933242798
DBA_66,1971-12-31,10700.294953865634
DBA_66,1972-03-31,17627.729465318902
DBA_66,1972-06-30,22041.98424786773
DBA_66,1972-09-30,13202.29773492254
DBA_66,1972-12-31,18937.924309901227
DBA_66,1973-03-31,19755.868847608686
DBA_66,1973-06-30,22763.806836740423
DBA_66,1973-09-30,21885.407269569514
DBA_66,1973-12-31,23829.57695880467
DBA_66,1974-03-31,21471.83080973016
DBA_66,1974-06-30,26430.948211207047
DBA_66,1974-09-30,25687.87182257022
DBA_66,1974-12-31,28851.95194077974
DBA_66,1975-03-31,27029.49303933855
DBA_66,1975-06-30,31716.959827140287
DBA_66,1975-09-30,29107.784813807182
DBA_66,1975-12-31,28668.1846657882
DBA_66,1976-03-31,25773.149446912703
DBA_66,1976-06-30,28645.764257510367
DBA_66,1976-09-30,25000.446090194444
DBA_66,1976-12-31,26597.90017999022
DBA_66,1977-03-31,23919.862484089484
DBA_66,1977-06-30,25622.612419904377
DBA_66,1977-09-30,23949.089087737382
DBA_66,1977-12-31,23937.47851916493
DBA_66,1978-03-31,24071.60060439841
DBA_66,1978-06-30,25259.882243123677
DBA_66,1978-09-30,24991.607141230226
DBA_66,1978-12-31,31145.408690897486
DBA_66,1979-03-31,36118.83246037206
DBA_66,1979-06-30,40824.56235027384
DBA_66,1979-09-30,42684.355733592354
DBA_66,1979-12-31,43253.960322990504
DBA_66,1980-03-31,43837.15772325722
DBA_66,1980-06-30,44502.74703431663
DBA_66,1980-09-30,46292.24689288114
DBA_66,1980-12-31,47272.4358254265
DBA_66,1981-03-31,47795.57868524266
DBA_66,1981-06-30,48903.41905459844
DBA_66,1981-09-30,49709.07176487321
DBA_66,1981-12-31,51269.810243794556
DBA_66,1982-03-31,52219.15237940221
DBA_66,1982-06-30,53729.08185204511
DBA_66,1982-09-30,55122.42412044474
DBA_66,1982-12-31,57497.780518177475
DBA_66,1983-03-31,58705.2351171786
DBA_66,1983-06-30,59457.4292899847
DBA_66,1983-09-30,60370.292164192855
DBA_66,1983-12-31,61707.85262861694
DBA_66,1984-03-31,63218.53186982009
DBA_66,1984-06-30,63311.06053890322
DBA_66,1984-09-30,64560.308565854255
DBA_66,1984-12-31,66125.98035972027
DBA_66,1985-03-31,67997.20792037748
DBA_66,1985-06-30,69716.39221884895
DBA_66,1985-09-30,71737.12193226109
DBA_67,1971-12-31,7727.0
DBA_67,1972-03-31,7816.0
DBA_67,1972-06-30,8171.0
DBA_67,1972-09-30,8382.0
DBA_67,1972-12-31,8511.0
DBA_67,1973-03-31,8604.0
DBA_67,1973-06-30,8699.0
DBA_67,1973-09-30,8830.0
DBA_67,1973-12-31,8955.0
DBA_67,1974-03-31,9132.0
DBA_67,1974-06-30,9197.0
DBA_67,1974-09-30,9531.0
DBA_67,1974-12-31,9571.0
DBA_67,1975-03-31,9864.0
DBA_67,1975-06-30,9969.0
DBA_67,1975-09-30,10091.0
DBA_67,1975-12-31,10259.0
DBA_67,1976-03-31,10536.0
DBA_67,1976-06-30,10964.0
DBA_67,1976-09-30,10871.0
DBA_67,1976-12-31,11457.0
DBA_67,1977-03-31,11436.0
DBA_67,1977-06-30,11757.0
DBA_67,1977-09-30,12236.0
DBA_67,1977-12-31,12325.0
DBA_67,1978-03-31,12618.0
DBA_67,1978-06-30,12815.0
DBA_67,1978-09-30,13149.0
DBA_67,1978-12-31,13476.0
DBA_67,1979-03-31,13868.0
DBA_67,1979-06-30,14027.0
DBA_67,1979-09-30,14416.0
DBA_67,1979-12-31,14710.0
DBA_67,1980-03-31,15058.0
DBA_67,1980-06-30,15574.0
DBA_67,1980-09-30,15930.0
DBA_67,1980-12-31,16497.0
DBA_67,1981-03-31,17050.0
DBA_67,1981-06-30,17278.0
DBA_67,1981-09-30,17627.0
DBA_67,1981-12-31,17696.0
DBA_67,1982-03-31,17924.0
DBA_67,1982-06-30,18316.0
DBA_67,1982-09-30,18421.0
DBA_67,1982-12-31,19019.0
DBA_67,1983-03-31,19161.0
DBA_67,1983-06-30,19646.0
DBA_67,1983-09-30,20396.0
DBA_67,1983-12-31,20725.0
DBA_67,1984-03-31,21324.0
DBA_67,1984-06-30,21855.0
DBA_67,1984-09-30,22300.0
DBA_67,1984-12-31,22864.0
DBA_67,1985-03-31,23536.0
DBA_67,1985-06-30,24036.0
DBA_67,1985-09-30,24435.0
DBA_68,1975-12-31,659.0
DBA_68,1976-03-31,660.0
DBA_68,1976-06-30,661.0
DBA_68,1976-09-30,673.0
DBA_68,1976-12-31,686.0
DBA_68,1977-03-31,688.0
DBA_68,1977-06-30,688.0
DBA_68,1977-09-30,700.0
DBA_68,1977-12-31,711.0
DBA_68,1978-03-31,713.0
DBA_68,1978-06-30,712.0
DBA_68,1978-09-30,722.0
DBA_68,1978-12-31,733.0
DBA_68,1979-03-31,728.0
DBA_68,1979-06-30,714.0
DBA_68,1979-09-30,717.0
DBA_68,1979-12-31,721.0
DBA_68,1980-03-31,716.0
DBA_68,1980-06-30,712.0
DBA_68,1980-09-30,723.0
DBA_68,1980-12-31,737.0
DBA_68,1981-03-31,736.0
DBA_68,1981-06-30,734.0
DBA_68,1981-09-30,747.0
DBA_68,1981-12-31,761.0
DBA_68,1982-03-31,764.0
DBA_68,1982-06-30,759.0
DBA_68,1982-09-30,773.0
DBA_68,1982-12-31,785.0
DBA_68,1983-03-31,780.0
DBA_68,1983-06-30,771.0
DBA_68,1983-09-30,780.0
DBA_68,1983-12-31,790.0
DBA_68,1984-03-31,787.0
DBA_68,1984-06-30,781.0
DBA_68,1984-09-30,794.0
DBA_69,1975-12-31,52.9260762809
DBA_69,1976-03-31,44.92540944947999
DBA_69,1976-06-30,23.954352191937495
DBA_69,1976-09-30,41.31012978376749
DBA_69,1976-12-31,44.457390179479994
DBA_69,1977-03-31,49.7678050717625
DBA_69,1977-06-30,50.17629852501501
DBA_69,1977-09-30,51.4017788847725
DBA_69,1977-12-31,53.035752697782506
DBA_69,1978-03-31,50.17629852501501
DBA_69,1978-06-30,44.865883632732505
DBA_69,1978-09-30,46.49985744574251
DBA_69,1978-12-31,49.35931161851
DBA_69,1979-03-31,54.26123305754
DBA_69,1979-06-30,48.1338312587525
DBA_69,1979-09-30,57.2889706725725
DBA_69,1979-12-31,66.56342940212
DBA_69,1980-03-31,74.56044889600001
DBA_69,1980-06-30,77.23146648064
DBA_69,1980-09-30,83.88499895318749
DBA_69,1980-12-31,87.1529465792075
DBA_69,1981-03-31,87.99664271575999
DBA_69,1981-06-30,84.36602618699
DBA_69,1981-09-30,82.73205237398
DBA_69,1981-12-31,92.70650759355999
DBA_69,1982-03-31,98.56674796874
DBA_69,1982-06-30,96.38941371651501
DBA_69,1982-09-30,94.18301309349499
DBA_69,1982-12-31,92.22840720591999
DBA_69,1983-03-31,96.97190633856
DBA_69,1983-06-30,100.8057506041575
DBA_69,1983-09-30,122.8072001623
DBA_69,1983-12-31,132.61104304036002
DBA_69,1984-03-31,135.47049721312752
DBA_69,1984-06-30,128.93460196108748
DBA_69,1984-09-30,137.10447102613753
DBA_69,1984-12-31,108.10143584520999
DBA_69,1985-03-31,110.552396564725
DBA_69,1985-06-30,102.54671038122999
DBA_69,1985-09-30,106.994313816505
DBA_69,1985-12-31,106.10479312944999
DBA_69,1986-03-31,107.88383450356001
DBA_69,1986-06-30,98.09910694595501
DBA_69,1986-09-30,95.43054488479
DBA_69,1986-12-31,104.32575175534001
DBA_69,1987-03-31,108.773355190615
DBA_69,1987-06-30,84.75629664013
DBA_69,1987-09-30,90.09342076246
DBA_69,1987-12-31,102.54671038122999
DBA_69,1988-03-31,110.552396564725
DBA_69,1988-06-30,102.54671038122999
DBA_69,1988-09-30,144.13380116725
DBA_70,1977-12-31,345.2347128508559
DBA_70,1978-03-31,457.05260159017104
DBA_70,1978-06-30,320.7607758964229
DBA_70,1978-09-30,302.8847946119996
DBA_70,1978-12-31,278.95471227527497
DBA_70,1979-03-31,284.8408381561867
DBA_70,1979-06-30,268.47514016201376
DBA_70,1979-09-30,268.54691462658917
DBA_70,1979-12-31,267.5367503206346
DBA_70,1980-03-31,274.55596605432424
DBA_70,1980-06-30,278.20873485740907
DBA_70,1980-09-30,294.74241169293333
DBA_70,1980-12-31,307.1178532494462
DBA_70,1981-03-31,313.1261433712067
DBA_70,1981-06-30,311.2027877819712
DBA_70,1981-09-30,330.5470516259388
DBA_70,1981-12-31,331.604553144345
DBA_70,1982-03-31,350.1577899458805
DBA_70,1982-06-30,344.0051895889946
DBA_70,1982-09-30,370.8466458266325
DBA_70,1982-12-31,367.02665948817094
DBA_70,1983-03-31,365.29876888627047
DBA_70,1983-06-30,378.0819389200996
DBA_70,1983-09-30,390.6261242938999
DBA_70,1983-12-31,379.77610717934454
DBA_70,1984-03-31,386.8907623138737
DBA_70,1984-06-30,402.8092790317834
DBA_70,1984-09-30,402.69680089018084
DBA_70,1984-12-31,379.6980574953479
DBA_70,1985-03-31,359.2251762435633
DBA_70,1985-06-30,343.1907099661375
DBA_70,1985-09-30,329.0844958898683
DBA_70,1985-12-31,668.9705255174331
DBA_70,1986-03-31,455.7277277652486
DBA_70,1986-06-30,428.2899380450984
DBA_70,1986-09-30,414.35827360334844
DBA_70,1986-12-31,399.83406193214836
DBA_70,1987-03-31,403.54391884994845
DBA_70,1987-06-30,451.7720587813484
DBA_70,1987-09-30,492.5804848771484
DBA_70,1987-12-31,440.4019895717895
DBA_70,1988-03-31,423.57381289784837
DBA_70,1988-06-30,439.9135510279484
DBA_70,1988-09-30,427.2048658156484
DBA_70,1988-12-31,406.12930153829836
DBA_70,1989-03-31,396.8349582437984
DBA_70,1989-06-30,386.8495627198484
DBA_70,1989-09-30,390.4806156376484
DBA_70,1989-12-31,397.7427214732484
DBA_70,1990-03-31,405.08363130884834
DBA_70,1990-06-30,419.6240595327486
DBA_70,1990-09-30,411.47737591499845
DBA_70,1990-12-31,402.3997436204984
DBA_70,1991-03-31,392.4143480965484
DBA_70,1991-06-30,401.4919803910484
DBA_70,1991-09-30,405.6947644873144
DBA_71,1975-12-31,102.0
DBA_71,1976-03-31,102.0
DBA_71,1976-06-30,100.0
DBA_71,1976-09-30,104.0
DBA_71,1976-12-31,100.0
DBA_71,1977-03-31,106.0
DBA_71,1977-06-30,98.0
DBA_71,1977-09-30,109.0
DBA_71,1977-12-31,108.0
DBA_71,1978-03-31,106.0
DBA_71,1978-06-30,98.0
DBA_71,1978-09-30,100.0
DBA_71,1978-12-31,107.0
DBA_71,1979-03-31,110.0
DBA_71,1979-06-30,101.0
DBA_71,1979-09-30,114.0
DBA_71,1979-12-31,112.0
DBA_71,1980-03-31,112.0
DBA_71,1980-06-30,102.0
DBA_71,1980-09-30,114.0
DBA_71,1980-12-31,110.0
DBA_71,1981-03-31,109.0
DBA_71,1981-06-30,96.0
DBA_71,1981-09-30,111.0
DBA_71,1981-12-31,107.0
DBA_71,1982-03-31,107.0
DBA_71,1982-06-30,94.0
DBA_71,1982-09-30,107.0
DBA_71,1982-12-31,104.0
DBA_71,1983-03-31,101.0
DBA_71,1983-06-30,88.0
DBA_71,1983-09-30,102.0
DBA_71,1983-12-31,100.0
DBA_71,1984-03-31,98.0
DBA_71,1984-06-30,87.0
DBA_71,1984-09-30,103.0
DBA_71,1984-12-31,101.0
DBA_71,1985-03-31,102.0
DBA_71,1985-06-30,91.0
DBA_71,1985-09-30,106.0
DBA_71,1985-12-31,102.0
DBA_71,1986-03-31,103.0
DBA_71,1986-06-30,90.0
DBA_71,1986-09-30,104.0
DBA_71,1986-12-31,102.0
DBA_71,1987-03-31,100.0
DBA_71,1987-06-30,89.0
DBA_71,1987-09-30,99.0
DBA_71,1987-12-31,100.0
DBA_71,1988-03-31,96.0
DBA_71,1988-06-30,81.0
DBA_71,1988-09-30,98.0
DBA_72,1969-12-31,20356.0
DBA_72,1970-03-31,21040.0
DBA_72,1970-06-30,21220.0
DBA_72,1970-09-30,21852.0
DBA_72,1970-12-31,22320.0
DBA_72,1971-03-31,22404.0
DBA_72,1971-06-30,22568.0
DBA_72,1971-09-30,23052.0
DBA_72,1971-12-31,23852.0
DBA_72,1972-03-31,23900.0
DBA_72,1972-06-30,24520.0
DBA_72,1972-09-30,24364.0
DBA_72,1972-12-31,24676.0
DBA_72,1973-03-31,25252.0
DBA_72,1973-06-30,25420.0
DBA_72,1973-09-30,25544.0
DBA_72,1973-12-31,25512.0
DBA_72,1974-03-31,26700.0
DBA_72,1974-06-30,26940.0
DBA_72,1974-09-30,27880.0
DBA_72,1974-12-31,28060.0
DBA_72,1975-03-31,28780.0
DBA_72,1975-06-30,29104.0
DBA_72,1975-09-30,29752.0
DBA_72,1975-12-31,31152.0
DBA_72,1976-03-31,30356.0
DBA_72,1976-06-30,31324.0
DBA_72,1976-09-30,31768.0
DBA_72,1976-12-31,32008.0
DBA_72,1977-03-31,32552.0
DBA_72,1977-06-30,32944.0
DBA_72,1977-09-30,32940.0
DBA_73,1968-12-31,242312.53254529607
DBA_73,1969-03-31,264460.23183382035
DBA_73,1969-06-30,263309.7874272894
DBA_73,1969-09-30,267435.511407696
DBA_73,1969-12-31,261952.69016228535
DBA_73,1970-03-31,278996.41600635566
DBA_73,1970-06-30,267757.6871629865
DBA_73,1970-09-30,282962.91931368364
DBA_73,1970-12-31,286003.2272355151
DBA_73,1971-03-31,293623.81823460886
DBA_73,1971-06-30,295072.4506073876
DBA_73,1971-09-30,288510.3380303361
DBA_73,1971-12-31,276873.4793546105
DBA_73,1972-03-31,284067.01273901295
DBA_73,1972-06-30,293440.34819402837
DBA_73,1972-09-30,310165.20595793583
DBA_73,1972-12-31,302809.2960349704
DBA_73,1973-03-31,307333.00604143896
DBA_73,1973-06-30,325729.11783314793
DBA_73,1973-09-30,325258.9409424107
DBA_73,1973-12-31,313773.0726081886
DBA_73,1974-03-31,319661.7322127265
DBA_73,1974-06-30,344671.0866080429
DBA_73,1974-09-30,333082.99245338835
DBA_73,1974-12-31,332045.8295795219
DBA_73,1975-03-31,350087.0529898945
DBA_73,1975-06-30,300358.25183319213
DBA_73,1975-09-30,240174.45003403167
DBA_73,1975-12-31,256205.38158692603
DBA_73,1976-03-31,36267.86054734101
DBA_73,1976-06-30,36299.095331111144
DBA_73,1976-09-30,39162.97925365755
DBA_74,1975-12-31,359.8886107093805
DBA_74,1976-03-31,362.118363870254
DBA_74,1976-06-30,363.37265484321745
DBA_74,1976-09-30,364.13127477204546
DBA_74,1976-12-31,365.84958711069106
DBA_74,1977-03-31,367.4342887389885
DBA_74,1977-06-30,367.9058660966598
DBA_74,1977-09-30,369.875408454725
DBA_74,1977-12-31,370.00211935877735
DBA_74,1978-03-31,371.04504354710355
DBA_74,1978-06-30,371.7623761390727
DBA_74,1978-09-30,374.3267019094664
DBA_74,1978-12-31,374.1911210336175
DBA_74,1979-03-31,375.71317926092706
DBA_74,1979-06-30,377.2393994424227
DBA_74,1979-09-30,378.45787832319786
DBA_74,1979-12-31,379.74250614367946
DBA_74,1980-03-31,382.155370678314
DBA_74,1980-06-30,384.24264292726843
DBA_74,1980-09-30,386.1137302517062
DBA_74,1980-12-31,388.366263349011
DBA_74,1981-03-31,392.78930116310187
DBA_74,1981-06-30,394.6354063234243
DBA_74,1981-09-30,398.47260449478665
DBA_74,1981-12-31,399.4520340480372
DBA_74,1982-03-31,402.32337067610587
DBA_74,1982-06-30,405.25418689134756
DBA_74,1982-09-30,410.4512256942165
DBA_74,1982-12-31,413.4711279011035
DBA_74,1983-03-31,418.574991866621
DBA_74,1983-06-30,421.73872574924906
DBA_74,1983-09-30,427.4919246886433
DBA_74,1983-12-31,637.0535978503934
DBA_74,1984-03-31,756.42174713254
DBA_74,1984-06-30,794.75518015596
DBA_74,1984-09-30,805.0549541544117
DBA_74,1984-12-31,816.7659971657383
DBA_74,1985-03-31,826.7038418040974
DBA_74,1985-06-30,834.1220908476694
DBA_74,1985-09-30,845.8906852139723
DBA_74,1985-12-31,858.5213849219705
DBA_74,1986-03-31,870.3592733877742
DBA_74,1986-06-30,877.6565431831382
DBA_74,1986-09-30,885.9112442410724
DBA_74,1986-12-31,898.5806647500685
DBA_74,1987-03-31,904.0223163161818
DBA_74,1987-06-30,912.2105065492775
DBA_74,1987-09-30,932.8792589204545
DBA_75,1975-12-31,67.89566542489544
DBA_75,1976-03-31,198.47978840495566
DBA_75,1976-06-30,200.7267193253523
DBA_75,1976-09-30,343.3185391324719
DBA_75,1976-12-31,326.9035973576282
DBA_75,1977-03-31,300.8799091779978
DBA_75,1977-06-30,391.76263558993776
DBA_75,1977-09-30,219.94089099551005
DBA_75,1977-12-31,370.3988699741783
DBA_75,1978-03-31,591.0336535731589
DBA_75,1978-06-30,1407.9737819748102
DBA_75,1978-09-30,325.0280070801462
DBA_75,1978-12-31,428.72239536513507
DBA_75,1979-03-31,639.314087403375
DBA_75,1979-06-30,576.8572357722619
DBA_75,1979-09-30,398.29469841664417
DBA_75,1979-12-31,712.457271284617
DBA_75,1980-03-31,635.1869356127916
DBA_75,1980-06-30,914.7001765027572
DBA_75,1980-09-30,375.3872905117301
DBA_75,1980-12-31,283.3034707991918
DBA_75,1981-03-31,1065.3855950562406
DBA_75,1981-06-30,1802.1063565081438
DBA_75,1981-09-30,750.080175910983
DBA_75,1981-12-31,274.7054488957763
DBA_75,1982-03-31,1043.999627306626
DBA_75,1982-06-30,1003.5628195198157
DBA_75,1982-09-30,928.2943060156538
DBA_75,1982-12-31,376.9842328434274
DBA_75,1983-03-31,403.80864989012326
DBA_75,1983-06-30,558.7496856673075
DBA_75,1983-09-30,420.22359166496705
DBA_75,1983-12-31,420.32250877516014
DBA_75,1984-03-31,2164.927193521643
DBA_75,1984-06-30,1066.270124658445
DBA_75,1984-09-30,533.7854280598541
DBA_75,1984-12-31,180.66399768394655
DBA_75,1985-03-31,197.47930389232306
DBA_75,1985-06-30,191.87420182286414
DBA_75,1985-09-30,190.27274408873316
DBA_75,1985-12-31,191.07347295579868
DBA_75,1986-03-31,206.28732143004413
DBA_75,1986-06-30,199.88149049351972
DBA_75,1986-09-30,209.4902368983063
DBA_75,1986-12-31,190.27274408873316
DBA_75,1987-03-31,211.0916946324374
DBA_75,1987-06-30,195.2189843955506
DBA_75,1987-09-30,205.80079122014178
DBA_75,1987-12-31,193.45534992478534
DBA_75,1988-03-31,207.564425690907
DBA_75,1988-06-30,189.0462637478723
DBA_75,1988-09-30,204.0371567493766
DBA_76,1969-12-31,17332.0
DBA_76,1970-03-31,17688.0
DBA_76,1970-06-30,17768.0
DBA_76,1970-09-30,18200.0
DBA_76,1970-12-31,18388.0
DBA_76,1971-03-31,18416.0
DBA_76,1971-06-30,18488.0
DBA_76,1971-09-30,18488.0
DBA_76,1971-12-31,18828.0
DBA_76,1972-03-31,18820.0
DBA_76,1972-06-30,18928.0
DBA_76,1972-09-30,18908.0
DBA_76,1972-12-31,19032.0
DBA_76,1973-03-31,19304.0
DBA_76,1973-06-30,19276.0
DBA_76,1973-09-30,19464.0
DBA_76,1973-12-31,19536.0
DBA_76,1974-03-31,20072.0
DBA_76,1974-06-30,20376.0
DBA_76,1974-09-30,20364.0
DBA_76,1974-12-31,20628.0
DBA_76,1975-03-31,20676.0
DBA_76,1975-06-30,20804.0
DBA_76,1975-09-30,21024.0
DBA_76,1975-12-31,21108.0
DBA_76,1976-03-31,20984.0
DBA_76,1976-06-30,21268.0
DBA_76,1976-09-30,21372.0
DBA_76,1976-12-31,21676.0
DBA_76,1977-03-31,21844.0
DBA_76,1977-06-30,21540.0
DBA_76,1977-09-30,21416.0
DBA_77,1971-12-31,55858.122071738886
DBA_77,1972-03-31,54159.53236755664
DBA_77,1972-06-30,58350.44664740984
DBA_77,1972-09-30,57314.78465501711
DBA_77,1972-12-31,56300.04408717949
DBA_77,1973-03-31,58426.73907480526
DBA_77,1973-06-30,59256.61782590946
DBA_77,1973-09-30,59607.47881067123
DBA_77,1973-12-31,60257.89791033232
DBA_77,1974-03-31,59180.299015555676
DBA_77,1974-06-30,62791.91436363234
DBA_77,1974-09-30,64621.31131023534
DBA_77,1974-12-31,64354.52251430449
DBA_77,1975-03-31,63444.97882673637
DBA_77,1975-06-30,65131.732073704414
DBA_77,1975-09-30,64597.58665771803
DBA_77,1975-12-31,62759.21245904147
DBA_77,1976-03-31,64967.27439852355
DBA_77,1976-06-30,66735.59469433037
DBA_77,1976-09-30,67123.95209447342
DBA_77,1976-12-31,67058.65974921754
DBA_77,1977-03-31,66895.29900773722
DBA_77,1977-06-30,62061.67530370297
DBA_77,1977-09-30,63011.956154119056
DBA_77,1977-12-31,64800.09243253146
DBA_77,1978-03-31,63675.97476378743
DBA_77,1978-06-30,65798.73237745315
DBA_77,1978-09-30,66326.57637157134
DBA_77,1978-12-31,67394.07116468057
DBA_77,1979-03-31,68288.4164880068
DBA_77,1979-06-30,68731.90738492679
DBA_77,1979-09-30,71716.93779096621
DBA_77,1979-12-31,73207.0183810584
DBA_77,1980-03-31,72375.6291878965
DBA_77,1980-06-30,73469.58755266247
DBA_77,1980-09-30,75923.05412887446
DBA_77,1980-12-31,72636.12233522789
DBA_77,1981-03-31,68150.84143160806
DBA_77,1981-06-30,17347.0868505846
DBA_77,1981-09-30,17471.43743872762
DBA_77,1981-12-31,16549.952815721314
DBA_77,1982-03-31,16713.831944330937
DBA_77,1982-06-30,17214.57206192194
DBA_77,1982-09-30,17131.978067217882
DBA_77,1982-12-31,17773.86045379977
DBA_77,1983-03-31,18256.135024285337
DBA_77,1983-06-30,18237.051763175696
DBA_77,1983-09-30,18132.943916081596
DBA_77,1983-12-31,18329.057412435915
DBA_77,1984-03-31,19229.576387750694
DBA_77,1984-06-30,19902.08951263307
DBA_77,1984-09-30,19693.215035015488
DBA_77,1984-12-31,20217.19337424724
DBA_77,1985-03-31,20644.365746898926
DBA_77,1985-06-30,20015.25231254016
DBA_77,1985-09-30,19479.25024641549
DBA_78,1976-12-31,81.974386892046
DBA_78,1977-03-31,81.32398373092624
DBA_78,1977-06-30,73.8811559705248
DBA_78,1977-09-30,83.17261899813
DBA_78,1977-12-31,82.09924176513677
DBA_78,1978-03-31,86.56802246040259
DBA_78,1978-06-30,78.59528775897508
DBA_78,1978-09-30,89.68615775965772
DBA_78,1978-12-31,90.30939851736888
DBA_78,1979-03-31,92.0400466656576
DBA_78,1979-06-30,84.54057135640646
DBA_78,1979-09-30,92.65352949308492
DBA_78,1979-12-31,94.80722437967546
DBA_78,1980-03-31,94.1149668808663
DBA_78,1980-06-30,83.16147754033092
DBA_78,1980-09-30,88.16190441109083
DBA_78,1980-12-31,86.35658191664578
DBA_78,1981-03-31,90.72352387499048
DBA_78,1981-06-30,81.76913183153846
DBA_78,1981-09-30,95.46707666983504
DBA_78,1981-12-31,94.63430607319145
DBA_78,1982-03-31,96.5008065111367
DBA_78,1982-06-30,85.8825357781779
DBA_78,1982-09-30,98.51117714697024
DBA_78,1982-12-31,97.39586997568209
DBA_78,1983-03-31,99.2652113577904
DBA_78,1983-06-30,86.47789780600573
DBA_78,1983-09-30,97.55649293089968
DBA_78,1983-12-31,89.95445867302047
DBA_78,1984-03-31,90.10829758499213
DBA_78,1984-06-30,90.18521410680076
DBA_78,1984-09-30,90.56980258419821
DBA_78,1984-12-31,91.10822410521293
DBA_78,1985-03-31,90.87747453978712
DBA_78,1985-06-30,91.33897953899321
DBA_78,1985-09-30,91.41589606080183
DBA_78,1985-12-31,91.8004845381993
DBA_78,1986-03-31,91.29184778402528
DBA_78,1986-06-30,92.7913019824346
DBA_78,1986-09-30,93.25280698164073
DBA_78,1986-12-31,93.02205154786041
DBA_78,1987-03-31,94.4659095154584
DBA_78,1987-06-30,95.18783161443238
DBA_78,1987-09-30,93.77743065659365
DBA_78,1987-12-31,98.77826469083509
DBA_78,1988-03-31,99.39828928086901
DBA_78,1988-06-30,99.75133334255456
DBA_78,1988-09-30,100.47325544152854
DBA_78,1988-12-31,99.85627836611354
DBA_78,1989-03-31,97.52876399914823
DBA_78,1989-06-30,101.23706728040344
DBA_78,1989-09-30,101.59404132551533
DBA_78,1989-12-31,102.30012944888648
DBA_78,1990-03-31,103.57442083391312
DBA_78,1990-06-30,102.35892866788637
DBA_78,1990-09-30,106.0294043587556
DBA_78,1990-12-31,106.39036885065508
DBA_78,1991-03-31,107.92445933519669
DBA_78,1991-06-30,109.90976059823139
DBA_78,1991-09-30,111.89505497644107
DBA_78,1991-12-31,113.60963114934492
DBA_78,1992-03-31,114.41279951965373
DBA_78,1992-06-30,114.76365726334461
DBA_78,1992-09-30,115.29554735926322
DBA_78,1992-12-31,115.51727763272669
DBA_78,1993-03-31,117.67046619235794
DBA_78,1993-06-30,118.2687123268187
DBA_78,1993-09-30,119.07640173598016
DBA_78,1993-12-31,120.496357930486
DBA_78,1994-03-31,121.41280941878716
DBA_78,1994-06-30,122.66415926004306
DBA_78,1994-09-30,124.41608297875806
DBA_79,1978-06-30,65896.0
DBA_79,1978-09-30,63922.0
DBA_79,1978-12-31,76160.0
DBA_79,1979-03-31,77622.0
DBA_79,1979-06-30,78125.0
DBA_79,1979-09-30,75453.0
DBA_79,1979-12-31,84528.0
DBA_79,1980-03-31,88997.0
DBA_79,1980-06-30,91926.0
DBA_79,1980-09-30,99877.0
DBA_79,1980-12-31,106505.0
DBA_79,1981-03-31,109341.0
DBA_79,1981-06-30,108527.0
DBA_79,1981-09-30,100791.0
DBA_79,1981-12-31,119445.0
DBA_79,1982-03-31,112400.0
DBA_79,1982-06-30,126043.0
DBA_79,1982-09-30,120669.0
DBA_79,1982-12-31,130590.0
DBA_79,1983-03-31,127057.0
DBA_79,1983-06-30,128797.0
DBA_79,1983-09-30,122665.0
DBA_79,1983-12-31,133925.0
DBA_79,1984-03-31,130428.0
DBA_79,1984-06-30,129709.0
DBA_79,1984-09-30,125517.0
DBA_79,1984-12-31,134699.0
DBA_79,1985-03-31,131711.0
DBA_79,1985-06-30,127676.0
DBA_79,1985-09-30,120658.0
DBA_80,1969-12-31,82.0
DBA_80,1970-03-31,85.0
DBA_80,1970-06-30,33.0
DBA_80,1970-09-30,44.0
DBA_80,1970-12-31,47.0
DBA_80,1971-03-31,22.0
DBA_80,1971-06-30,20.0
DBA_80,1971-09-30,27.0
DBA_80,1971-12-31,31.0
DBA_80,1972-03-31,13.0
DBA_80,1972-06-30,16.0
DBA_80,1972-09-30,24.0
DBA_80,1972-12-31,27.0
DBA_80,1973-03-31,14.0
DBA_80,1973-06-30,18.0
DBA_80,1973-09-30,27.0
DBA_80,1973-12-31,40.0
DBA_80,1974-03-31,14.0
DBA_80,1974-06-30,16.0
DBA_80,1974-09-30,23.0
DBA_80,1974-12-31,27.0
DBA_80,1975-03-31,13.0
DBA_80,1975-06-30,17.0
DBA_80,1975-09-30,26.0
DBA_80,1975-12-31,34.0
DBA_80,1976-03-31,17.0
DBA_80,1976-06-30,20.0
DBA_80,1976-09-30,30.0
DBA_80,1976-12-31,41.0
DBA_80,1977-03-31,20.0
DBA_80,1977-06-30,26.0
DBA_80,1977-09-30,55.0
DBA_81,1969-12-31,6903.0
DBA_81,1970-03-31,7047.0
DBA_81,1970-06-30,7162.0
DBA_81,1970-09-30,7250.0
DBA_81,1970-12-31,7269.0
DBA_81,1971-03-31,7418.0
DBA_81,1971-06-30,7538.0
DBA_81,1971-09-30,7633.0
DBA_81,1971-12-31,7648.0
DBA_81,1972-03-31,7752.0
DBA_81,1972-06-30,7768.0
DBA_81,1972-09-30,7751.0
DBA_81,1972-12-31,7752.0
DBA_81,1973-03-31,7802.0
DBA_81,1973-06-30,7822.0
DBA_81,1973-09-30,7810.0
DBA_81,1973-12-31,7725.0
DBA_81,1974-03-31,7768.0
DBA_81,1974-06-30,7755.0
DBA_81,1974-09-30,7739.0
DBA_81,1974-12-31,7695.0
DBA_81,1975-03-31,7791.0
DBA_81,1975-06-30,7841.0
DBA_81,1975-09-30,7890.0
DBA_81,1975-12-31,7896.0
DBA_81,1976-03-31,8002.0
DBA_81,1976-06-30,8024.0
DBA_81,1976-09-30,8023.0
DBA_81,1976-12-31,7966.0
DBA_81,1977-03-31,8017.0
DBA_81,1977-06-30,7985.0
DBA_81,1977-09-30,7830.0
DBA_82,1969-12-31,55.17215320873509
DBA_82,1970-03-31,59.658365743740255
DBA_82,1970-06-30,53.6424894229799
DBA_82,1970-09-30,54.62348196044455
DBA_82,1970-12-31,58.006818671583574
DBA_82,1971-03-31,56.61598967683933
DBA_82,1971-06-30,53.82560888929125
DBA_82,1971-09-30,53.07133550494968
DBA_82,1971-12-31,28.468577677798475
DBA_82,1972-03-31,58.20030179020108
DBA_82,1972-06-30,59.10992690299594
DBA_82,1972-09-30,61.52672791177804
DBA_82,1972-12-31,62.309685746913445
DBA_82,1973-03-31,63.30999329461185
DBA_82,1973-06-30,62.65064260644822
DBA_82,1973-09-30,63.58019523794122
DBA_82,1973-12-31,63.50171625074307
DBA_82,1974-03-31,66.6408944496251
DBA_82,1974-06-30,65.89533770951766
DBA_82,1974-09-30,67.34720907659965
DBA_82,1974-12-31,68.9952775374579
DBA_82,1975-03-31,71.11422291525805
DBA_82,1975-06-30,71.23193877652149
DBA_82,1975-09-30,72.01673463600888
DBA_82,1975-12-31,75.39135129336184
DBA_82,1976-03-31,77.6672546455583
DBA_82,1976-06-30,77.47105605490556
DBA_82,1976-09-30,79.82543914273838
DBA_82,1976-12-31,81.76824504959244
DBA_82,1977-03-31,86.21593140169772
DBA_82,1977-06-30,83.87318668951833
DBA_82,1977-09-30,111.11784660467706
DBA_83,1977-12-31,34.0
DBA_83,1978-03-31,92.0
DBA_83,1978-06-30,76.0
DBA_83,1978-09-30,85.0
DBA_83,1978-12-31,77.0
DBA_83,1979-03-31,104.0
DBA_83,1979-06-30,83.0
DBA_83,1979-09-30,79.0
DBA_83,1979-12-31,60.0
DBA_83,1980-03-31,74.0
DBA_83,1980-06-30,84.0
DBA_83,1980-09-30,86.0
DBA_83,1980-12-31,87.0
DBA_83,1981-03-31,80.0
DBA_83,1981-06-30,106.0
DBA_83,1981-09-30,98.0
DBA_83,1981-12-31,93.0
DBA_83,1982-03-31,111.0
DBA_83,1982-06-30,117.0
DBA_83,1982-09-30,137.0
DBA_83,1982-12-31,68.0
DBA_83,1983-03-31,152.0
DBA_83,1983-06-30,133.0
DBA_83,1983-09-30,144.0
DBA_83,1983-12-31,135.0
DBA_83,1984-03-31,157.0
DBA_83,1984-06-30,148.0
DBA_83,1984-09-30,134.0
DBA_83,1984-12-31,173.0
DBA_83,1985-03-31,165.0
DBA_83,1985-06-30,156.0
DBA_83,1985-09-30,85.0
DBA_83,1985-12-31,120.0
DBA_83,1986-03-31,207.0
DBA_83,1986-06-30,188.0
DBA_83,1986-09-30,237.0
DBA_83,1986-12-31,162.0
DBA_83,1987-03-31,224.0
DBA_83,1987-06-30,176.0
DBA_83,1987-09-30,197.0
DBA_83,1987-12-31,180.0
DBA_83,1988-03-31,229.0
DBA_83,1988-06-30,208.0
DBA_83,1988-09-30,99.0
DBA_83,1988-12-31,196.0
DBA_83,1989-03-31,226.0
DBA_83,1989-06-30,155.0
DBA_83,1989-09-30,215.0
DBA_83,1989-12-31,185.0
DBA_83,1990-03-31,266.0
DBA_83,1990-06-30,311.0
DBA_83,1990-09-30,225.0
DBA_83,1990-12-31,278.0
DBA_83,1991-03-31,343.0
DBA_83,1991-06-30,269.0
DBA_83,1991-09-30,276.0
DBA_83,1991-12-31,198.0
DBA_83,1992-03-31,312.0
DBA_83,1992-06-30,278.0
DBA_83,1992-09-30,381.0
DBA_83,1992-12-31,367.0
DBA_83,1993-03-31,359.0
DBA_84,1971-12-31,226.0
DBA_84,1972-03-31,204.0
DBA_84,1972-06-30,203.0
DBA_84,1972-09-30,212.0
DBA_84,1972-12-31,193.0
DBA_84,1973-03-31,187.0
DBA_84,1973-06-30,196.0
DBA_84,1973-09-30,201.0
DBA_84,1973-12-31,197.0
DBA_84,1974-03-31,193.0
DBA_84,1974-06-30,203.0
DBA_84,1974-09-30,190.0
DBA_84,1974-12-31,190.0
DBA_84,1975-03-31,179.0
DBA_84,1975-06-30,158.0
DBA_84,1975-09-30,178.0
DBA_84,1975-12-31,135.0
DBA_84,1976-03-31,134.0
DBA_84,1976-06-30,115.0
DBA_84,1976-09-30,142.0
DBA_84,1976-12-31,131.0
DBA_84,1977-03-31,146.0
DBA_84,1977-06-30,132.0
DBA_84,1977-09-30,141.0
DBA_84,1977-12-31,135.0
DBA_84,1978-03-31,134.0
DBA_84,1978-06-30,115.0
DBA_84,1978-09-30,131.0
DBA_84,1978-12-31,113.0
DBA_84,1979-03-31,116.0
DBA_84,1979-06-30,112.0
DBA_84,1979-09-30,119.0
DBA_84,1979-12-31,118.0
DBA_84,1980-03-31,124.0
DBA_84,1980-06-30,112.0
DBA_84,1980-09-30,123.0
DBA_85,1975-12-31,2727.19533545
DBA_85,1976-03-31,2601.760555925
DBA_85,1976-06-30,2407.08156685
DBA_85,1976-09-30,2256.13654305
DBA_85,1976-12-31,2642.0139281750003
DBA_85,1977-03-31,2517.098555625
DBA_85,1977-06-30,2316.2106711750002
DBA_85,1977-09-30,2300.35110135
DBA_85,1977-12-31,2219.6502871000002
DBA_85,1978-03-31,2465.55492685
DBA_85,1978-06-30,2438.9831446999997
DBA_85,1978-09-30,2433.462287425
DBA_85,1978-12-31,2860.66950055
DBA_85,1979-03-31,2882.759239375
DBA_85,1979-06-30,2718.544954525
DBA_85,1979-09-30,2620.1830986249997
DBA_85,1979-12-31,3243.5946165749997
DBA_85,1980-03-31,3148.2528928000006
DBA_85,1980-06-30,2841.3946549499997
DBA_85,1980-09-30,3138.0384435749997
DBA_85,1980-12-31,3786.662451925
DBA_85,1981-03-31,3689.4420294250003
DBA_85,1981-06-30,3437.8049837749995
DBA_85,1981-09-30,3184.8149561
DBA_85,1981-12-31,3109.89582105
DBA_85,1982-03-31,3178.3515946
DBA_85,1982-06-30,2850.9618388500003
DBA_85,1982-09-30,3104.1571054250003
DBA_85,1982-12-31,3616.793141725
DBA_85,1983-03-31,3498.0023873750006
DBA_85,1983-06-30,3226.98156695
DBA_85,1983-09-30,3684.300101325
DBA_85,1983-12-31,4180.277256075
DBA_85,1984-03-31,4293.534533700001
DBA_85,1984-06-30,3678.555075975
DBA_85,1984-09-30,3734.9113918499997
DBA_85,1984-12-31,4030.195888725
DBA_85,1985-03-31,3972.390480775
DBA_85,1985-06-30,3348.1595958
DBA_85,1985-09-30,3244.6526500249997
DBA_85,1985-12-31,6736.757159600001
DBA_85,1986-03-31,7792.189982
DBA_85,1986-06-30,6509.0081150000005
DBA_85,1986-09-30,7212.2754644
DBA_85,1986-12-31,7933.89086495
DBA_85,1987-03-31,8880.9070004
DBA_85,1987-06-30,7658.252763200001
DBA_85,1987-09-30,8827.2133208
DBA_86,1900-03-31,2334.0
DBA_86,1900-06-30,2598.0
DBA_86,1900-09-30,3067.0
DBA_86,1900-12-31,3318.0
DBA_86,1901-03-31,2710.0
DBA_86,1901-06-30,3075.0
DBA_86,1901-09-30,3847.0
DBA_86,1901-12-31,3969.0
DBA_86,1902-03-31,3258.0
DBA_86,1902-06-30,3939.0
DBA_86,1902-09-30,4815.0
DBA_86,1902-12-31,4570.0
DBA_86,1903-03-31,3594.0
DBA_86,1903-06-30,4023.0
DBA_86,1903-09-30,4496.0
DBA_86,1903-12-31,4545.0
DBA_86,1904-03-31,3675.0
DBA_86,1904-06-30,4408.0
DBA_86,1904-09-30,5124.0
DBA_86,1904-12-31,5103.0
DBA_86,1905-03-31,4080.0
DBA_86,1905-06-30,4529.0
DBA_86,1905-09-30,4998.0
DBA_86,1905-12-31,5128.0
DBA_86,1906-03-31,5004.0
DBA_86,1906-06-30,5092.0
DBA_86,1906-09-30,4340.0
DBA_86,1906-12-31,4801.0
DBA_86,1907-03-31,5149.0
DBA_86,1907-06-30,5453.0
DBA_86,1907-09-30,4922.0
DBA_86,1907-12-31,5254.0
DBA_86,1908-03-31,5245.0
DBA_86,1908-06-30,5667.0
DBA_86,1908-09-30,5451.0
DBA_86,1908-12-31,5636.0
DBA_86,1909-03-31,5298.0
DBA_86,1909-06-30,5573.0
DBA_86,1909-09-30,5448.0
DBA_86,1909-12-31,5476.0
DBA_86,1910-03-31,5168.0
DBA_86,1910-06-30,5476.0
DBA_86,1910-09-30,5409.0
DBA_86,1910-12-31,5636.0
DBA_86,1911-03-31,5388.0
DBA_86,1911-06-30,6130.0
DBA_86,1911-09-30,6365.0
DBA_86,1911-12-31,6527.0
DBA_86,1912-03-31,5757.0
DBA_86,1912-06-30,7830.0
DBA_86,1912-09-30,7092.0
DBA_86,1912-12-31,7376.0
DBA_86,1913-03-31,6518.0
DBA_86,1913-06-30,7113.0
DBA_86,1913-09-30,7265.0
DBA_86,1913-12-31,7312.0
DBA_86,1914-03-31,6669.0
DBA_86,1914-06-30,7350.0
DBA_86,1914-09-30,7730.0
DBA_86,1914-12-31,8181.0
DBA_86,1915-03-31,7295.0
DBA_86,1915-06-30,8353.0
DBA_86,1915-09-30,8532.0
DBA_86,1915-12-31,9124.0
DBA_86,1916-03-31,8438.0
DBA_86,1916-06-30,9047.0
DBA_86,1916-09-30,9831.0
DBA_86,1916-12-31,10462.0
DBA_86,1917-03-31,9632.0
DBA_86,1917-06-30,10446.0
DBA_86,1917-09-30,10930.0
DBA_86,1917-12-31,11131.0
DBA_86,1918-03-31,10012.0
DBA_86,1918-06-30,11241.0
DBA_86,1918-09-30,11655.0
DBA_86,1918-12-31,11841.0
DBA_86,1919-03-31,11392.0
DBA_86,1919-06-30,13012.0
DBA_86,1919-09-30,13424.0
DBA_86,1919-12-31,14258.0
DBA_86,1920-03-31,13692.0
DBA_86,1920-06-30,18577.0
DBA_86,1920-09-30,18753.0
DBA_86,1920-12-31,18041.0
DBA_86,1921-03-31,17580.0
DBA_86,1921-06-30,19558.0
DBA_86,1921-09-30,19693.0
DBA_86,1921-12-31,19846.0
DBA_87,1976-12-31,8997.303653499526
DBA_87,1977-03-31,9142.741753545983
DBA_87,1977-06-30,9175.426040188619
DBA_87,1977-09-30,9351.909642682265
DBA_87,1977-12-31,9428.716032429236
DBA_87,1978-03-31,9440.144228584804
DBA_87,1978-06-30,9469.574998289985
DBA_87,1978-09-30,9469.584619054856
DBA_87,1978-12-31,9608.477203313774
DBA_87,1979-03-31,9605.223686605692
DBA_87,1979-06-30,9649.350600092464
DBA_87,1979-09-30,9641.190351562913
DBA_87,1979-12-31,9691.867590990292
DBA_87,1980-03-31,9802.997051345974
DBA_87,1980-06-30,9791.568855190408
DBA_87,1980-09-30,9868.384865472877
DBA_87,1980-12-31,9897.820445560497
DBA_87,1981-03-31,10116.787367421774
DBA_87,1981-06-30,10240.978997746035
DBA_87,1981-09-30,10236.077076307007
DBA_87,1981-12-31,10343.91453758323
DBA_87,1982-03-31,10402.833617676768
DBA_87,1982-06-30,10463.954314575622
DBA_87,1982-09-30,10601.554747636477
DBA_87,1982-12-31,10656.638308543344
DBA_87,1983-03-31,10609.088161638
DBA_87,1983-06-30,10733.074053964749
DBA_87,1983-09-30,10775.557373103009
DBA_87,1983-12-31,10937.302349293072
DBA_87,1984-03-31,11005.040604782866
DBA_87,1984-06-30,10892.780740256665
DBA_87,1984-09-30,10839.898724723453
DBA_87,1984-12-31,2107.5346477480425
DBA_87,1985-03-31,2137.5672304723075
DBA_87,1985-06-30,2134.4382289162977
DBA_87,1985-09-30,2155.2172347362666
DBA_87,1985-12-31,2163.2073260618567
DBA_87,1986-03-31,2222.4687140043916
DBA_87,1986-06-30,2256.090005933222
DBA_87,1986-09-30,2254.808730381897
DBA_87,1986-12-31,2284.0197447792357
DBA_87,1987-03-31,2289.3316472110614
DBA_87,1987-06-30,2303.4907896647965
DBA_87,1987-09-30,2327.8051334990055
DBA_87,1987-12-31,2337.0942911968514
DBA_87,1988-03-31,2323.4037513779804
DBA_87,1988-06-30,2354.806562061601
DBA_87,1988-09-30,2366.314201004656
DBA_87,1988-12-31,2399.8910171536268
DBA_87,1989-03-31,2418.4515417283865
DBA_87,1989-06-30,2384.892515976191
DBA_87,1989-09-30,2371.2108715677855
DBA_88,1975-12-31,1646.1950860362308
DBA_88,1976-03-31,901.9261969280469
DBA_88,1976-06-30,1928.7142041785992
DBA_88,1976-09-30,2046.1927725723835
DBA_88,1976-12-31,2099.0600631086186
DBA_88,1977-03-31,2018.3130943879005
DBA_88,1977-06-30,2235.231295912431
DBA_88,1977-09-30,2000.5191953589056
DBA_88,1977-12-31,2222.249362000485
DBA_88,1978-03-31,2447.051507118758
DBA_88,1978-06-30,3151.9682945618424
DBA_88,1978-09-30,2227.359619089868
DBA_88,1978-12-31,2354.8381989707323
DBA_88,1979-03-31,2484.8248847734344
DBA_88,1979-06-30,2453.530257168475
DBA_88,1979-09-30,2187.6377196847884
DBA_88,1979-12-31,2595.8207139236224
DBA_88,1980-03-31,2499.779873978141
DBA_88,1980-06-30,2757.706689393557
DBA_88,1980-09-30,2344.805575823688
DBA_88,1980-12-31,2361.3333047153546
DBA_88,1981-03-31,3256.495226552512
DBA_88,1981-06-30,3978.636371560434
DBA_88,1981-09-30,3038.0723782198365
DBA_88,1981-12-31,2582.851226464189
DBA_88,1982-03-31,3249.782012218824
DBA_88,1982-06-30,3380.1935471696843
DBA_88,1982-09-30,3095.273552179639
DBA_88,1982-12-31,2095.4426271669086
DBA_88,1983-03-31,1971.5057533420388
DBA_88,1983-06-30,1405.1087068425738
DBA_88,1983-09-30,945.6816087292938
DBA_88,1983-12-31,990.3210098319819
DBA_88,1984-03-31,3938.192566732252
DBA_88,1984-06-30,2361.961909270792
DBA_88,1984-09-30,1175.341312739422
DBA_89,1975-12-31,49.79999923706055
DBA_89,1976-03-31,52.20000076293945
DBA_89,1976-06-30,54.20000076293945
DBA_89,1976-09-30,56.599998474121094
DBA_89,1976-12-31,61.20000076293945
DBA_89,1977-03-31,60.79999923706055
DBA_89,1977-06-30,62.29999923706055
DBA_89,1977-09-30,63.70000076293945
DBA_89,1977-12-31,62.29999923706055
DBA_89,1978-03-31,65.30000305175781
DBA_89,1978-06-30,66.5999984741211
DBA_89,1978-09-30,67.9000015258789
DBA_89,1978-12-31,72.30000305175781
DBA_89,1979-03-31,71.80000305175781
DBA_89,1979-06-30,73.4000015258789
DBA_89,1979-09-30,72.5
DBA_89,1979-12-31,80.5
DBA_89,1980-03-31,82.69999694824219
DBA_89,1980-06-30,83.5999984741211
DBA_89,1980-09-30,85.80000305175781
DBA_89,1980-12-31,87.5
DBA_89,1981-03-31,88.4000015258789
DBA_89,1981-06-30,88.5
DBA_89,1981-09-30,88.19999694824219
DBA_89,1981-12-31,84.0999984741211
DBA_89,1982-03-31,84.0
DBA_89,1982-06-30,85.80000305175781
DBA_89,1982-09-30,90.0
DBA_89,1982-12-31,86.4000015258789
DBA_89,1983-03-31,87.80000305175781
DBA_89,1983-06-30,86.30000305175781
DBA_89,1983-09-30,87.0
DBA_89,1983-12-31,87.5999984741211
DBA_89,1984-03-31,86.5999984741211
DBA_89,1984-06-30,83.69999694824219
DBA_89,1984-09-30,81.69999694824219
DBA_89,1984-12-31,77.5
DBA_89,1985-03-31,76.69999694824219
DBA_89,1985-06-30,77.5999984741211
DBA_89,1985-09-30,74.80000305175781
DBA_89,1985-12-31,80.0999984741211
DBA_89,1986-03-31,83.5999984741211
DBA_89,1986-06-30,86.19999694824219
DBA_89,1986-09-30,89.30000305175781
DBA_89,1986-12-31,92.80000305175781
DBA_89,1987-03-31,97.0999984741211
DBA_89,1987-06-30,98.0
DBA_89,1987-09-30,103.5999984741211
DBA_90,1977-12-31,29.0
DBA_90,1978-03-31,37.0
DBA_90,1978-06-30,42.0
DBA_90,1978-09-30,45.0
DBA_90,1978-12-31,35.0
DBA_90,1979-03-31,42.0
DBA_90,1979-06-30,43.0
DBA_90,1979-09-30,45.0
DBA_90,1979-12-31,37.0
DBA_90,1980-03-31,45.0
DBA_90,1980-06-30,53.0
DBA_90,1980-09-30,52.0
DBA_90,1980-12-31,40.0
DBA_90,1981-03-31,56.0
DBA_90,1981-06-30,54.0
DBA_90,1981-09-30,55.0
DBA_90,1981-12-31,46.0
DBA_90,1982-03-31,60.0
DBA_90,1982-06-30,64.0
DBA_90,1982-09-30,60.0
DBA_90,1982-12-31,55.0
DBA_90,1983-03-31,75.0
DBA_90,1983-06-30,79.0
DBA_90,1983-09-30,82.0
DBA_90,1983-12-31,72.0
DBA_90,1984-03-31,89.0
DBA_90,1984-06-30,75.0
DBA_90,1984-09-30,102.0
DBA_90,1984-12-31,77.0
DBA_90,1985-03-31,126.0
DBA_90,1985-06-30,97.0
DBA_90,1985-09-30,116.0
DBA_90,1985-12-31,96.0
DBA_90,1986-03-31,145.0
DBA_90,1986-06-30,112.0
DBA_90,1986-09-30,146.0
DBA_90,1986-12-31,123.0
DBA_90,1987-03-31,161.0
DBA_90,1987-06-30,168.0
DBA_90,1987-09-30,162.0
DBA_90,1987-12-31,138.0
DBA_90,1988-03-31,168.0
DBA_90,1988-06-30,169.0
DBA_90,1988-09-30,182.0
DBA_90,1988-12-31,152.0
DBA_90,1989-03-31,132.0
DBA_91,1971-12-31,203.1299420431051
DBA_91,1972-03-31,123.62280484514093
DBA_91,1972-06-30,116.77659747844028
DBA_91,1972-09-30,129.78871077249423
DBA_91,1972-12-31,114.29767071581679
DBA_91,1973-03-31,114.35169604536935
DBA_91,1973-06-30,117.3517339211853
DBA_91,1973-09-30,122.3416764306022
DBA_91,1973-12-31,120.07509599668818
DBA_91,1974-03-31,120.0667176066795
DBA_91,1974-06-30,122.06396268582596
DBA_91,1974-09-30,118.8895260627631
DBA_91,1974-12-31,118.40784437928603
DBA_91,1975-03-31,113.40644602665809
DBA_91,1975-06-30,103.16329543895878
DBA_91,1975-09-30,114.16292728680104
DBA_91,1975-12-31,96.94105099617197
DBA_91,1976-03-31,98.47538054877478
DBA_91,1976-06-30,83.06989680042726
DBA_91,1976-09-30,106.69962018042047
DBA_91,1976-12-31,103.16804554867119
DBA_91,1977-03-31,111.28572398262716
DBA_91,1977-06-30,103.43778035651768
DBA_91,1977-09-30,109.71613525740527
DBA_91,1977-12-31,107.75414935087788
DBA_91,1978-03-31,109.3237380760998
DBA_91,1978-06-30,98.62096352174692
DBA_91,1978-09-30,110.67949862435941
DBA_91,1978-12-31,103.61634936086091
DBA_91,1979-03-31,105.97073244869372
DBA_91,1979-06-30,100.8695690917226
DBA_91,1979-09-30,108.32511553652658
DBA_91,1979-12-31,107.93271835522111
DBA_91,1980-03-31,113.03388171219225
DBA_91,1980-06-30,104.40114372347186
DBA_91,1980-09-30,113.42627889349772
DBA_91,1980-12-31,105.97073244869372
DBA_91,1981-03-31,105.02192261475456
DBA_91,1981-06-30,94.51842270434898
DBA_91,1981-09-30,103.25921135217447
DBA_91,1981-12-31,104.13329021695706
DBA_91,1982-03-31,108.50368454086978
DBA_91,1982-06-30,100.63697475782682
DBA_91,1982-09-30,112.87407886478256
DBA_91,1982-12-31,113.7481577295651
DBA_91,1983-03-31,122.49631545913022
DBA_91,1983-06-30,111.88144794652216
DBA_91,1983-09-30,124.0
DBA_91,1983-12-31,125.7481577295651
DBA_91,1984-03-31,133.61486751260807
DBA_91,1984-06-30,115.49631545913022
DBA_91,1984-09-30,132.61486751260807
DBA_91,1984-12-31,131.74078864782553
DBA_91,1985-03-31,139.60749843086847
DBA_91,1985-06-30,124.7481577295651
DBA_91,1985-09-30,140.48157729565105
DBA_92,1971-12-31,2631.0
DBA_92,1972-03-31,2648.0
DBA_92,1972-06-30,2836.0
DBA_92,1972-09-30,2835.0
DBA_92,1972-12-31,2651.0
DBA_92,1973-03-31,2697.0
DBA_92,1973-06-30,2600.0
DBA_92,1973-09-30,2641.0
DBA_92,1973-12-31,2571.0
DBA_92,1974-03-31,2639.0
DBA_92,1974-06-30,2667.0
DBA_92,1974-09-30,2764.0
DBA_92,1974-12-31,2861.0
DBA_92,1975-03-31,2986.0
DBA_92,1975-06-30,2966.0
DBA_92,1975-09-30,3090.0
DBA_92,1975-12-31,3115.0
DBA_92,1976-03-31,3159.0
DBA_92,1976-06-30,3360.0
DBA_92,1976-09-30,3278.0
DBA_92,1976-12-31,3445.0
DBA_92,1977-03-31,3403.0
DBA_92,1977-06-30,3498.0
DBA_92,1977-09-30,3698.0
DBA_92,1977-12-31,3692.0
DBA_92,1978-03-31,3829.0
DBA_92,1978-06-30,3898.0
DBA_92,1978-09-30,4020.0
DBA_92,1978-12-31,4190.0
DBA_92,1979-03-31,4388.0
DBA_92,1979-06-30,4632.0
DBA_92,1979-09-30,4734.0
DBA_92,1979-12-31,4869.0
DBA_92,1980-03-31,4927.0
DBA_92,1980-06-30,4994.0
DBA_92,1980-09-30,5172.0
DBA_92,1980-12-31,5264.0
DBA_92,1981-03-31,5281.0
DBA_92,1981-06-30,5406.0
DBA_92,1981-09-30,5519.0
DBA_92,1981-12-31,5676.0
DBA_92,1982-03-31,5764.0
DBA_92,1982-06-30,5916.0
DBA_92,1982-09-30,6143.0
DBA_92,1982-12-31,6365.0
DBA_92,1983-03-31,6715.0
DBA_92,1983-06-30,6654.0
DBA_92,1983-09-30,6443.0
DBA_92,1983-12-31,6561.0
DBA_92,1984-03-31,6761.0
DBA_92,1984-06-30,7241.0
DBA_92,1984-09-30,7193.0
DBA_92,1984-12-31,7398.0
DBA_92,1985-03-31,7401.0
DBA_92,1985-06-30,7639.0
DBA_92,1985-09-30,8199.0
DBA_93,1975-12-31,69.69999694824219
DBA_93,1976-03-31,71.5999984741211
DBA_93,1976-06-30,73.5999984741211
DBA_93,1976-09-30,75.5
DBA_93,1976-12-31,76.0
DBA_93,1977-03-31,77.5999984741211
DBA_93,1977-06-30,77.5999984741211
DBA_93,1977-09-30,80.5
DBA_93,1977-12-31,82.69999694824219
DBA_93,1978-03-31,82.5
DBA_93,1978-06-30,82.5999984741211
DBA_93,1978-09-30,79.5999984741211
DBA_93,1978-12-31,76.0
DBA_93,1979-03-31,75.9000015258789
DBA_93,1979-06-30,79.5
DBA_93,1979-09-30,83.0
DBA_93,1979-12-31,87.5999984741211
DBA_93,1980-03-31,91.5999984741211
DBA_93,1980-06-30,89.80000305175781
DBA_93,1980-09-30,90.30000305175781
DBA_93,1980-12-31,97.9000015258789
DBA_93,1981-03-31,96.5
DBA_93,1981-06-30,95.69999694824219
DBA_93,1981-09-30,94.5
DBA_93,1981-12-31,94.5
DBA_93,1982-03-31,96.5999984741211
DBA_93,1982-06-30,98.9000015258789
DBA_93,1982-09-30,102.19999694824219
DBA_93,1982-12-31,103.4000015258789
DBA_93,1983-03-31,105.0999984741211
DBA_93,1983-06-30,107.5
DBA_93,1983-09-30,108.80000305175781
DBA_93,1983-12-31,111.5999984741211
DBA_93,1984-03-31,114.0999984741211
DBA_93,1984-06-30,115.30000305175781
DBA_93,1984-09-30,116.5999984741211
DBA_93,1984-12-31,115.4000015258789
DBA_93,1985-03-31,112.0999984741211
DBA_93,1985-06-30,115.30000305175781
DBA_93,1985-09-30,117.0
DBA_93,1985-12-31,122.80000305175781
DBA_93,1986-03-31,124.4000015258789
DBA_93,1986-06-30,123.0999984741211
DBA_93,1986-09-30,127.0999984741211
DBA_93,1986-12-31,136.5
DBA_93,1987-03-31,141.3000030517578
DBA_93,1987-06-30,143.6999969482422
DBA_93,1987-09-30,145.89999389648438
DBA_93,1987-12-31,147.10000610351562
DBA_93,1988-03-31,147.60000610351562
DBA_93,1988-06-30,151.5
DBA_93,1988-09-30,155.8000030517578
DBA_93,1988-12-31,164.10000610351562
DBA_93,1989-03-31,169.10000610351562
DBA_93,1989-06-30,180.3000030517578
DBA_93,1989-09-30,185.39999389648438
DBA_93,1989-12-31,195.60000610351562
DBA_93,1990-03-31,199.1999969482422
DBA_93,1990-06-30,196.0
DBA_93,1990-09-30,197.10000610351562
DBA_93,1990-12-31,193.1999969482422
DBA_93,1991-03-31,194.6999969482422
DBA_93,1991-06-30,190.8000030517578
DBA_93,1991-09-30,189.5
DBA_93,1991-12-31,194.89999389648438
DBA_93,1992-03-31,197.10000610351562
DBA_93,1992-06-30,198.8000030517578
DBA_93,1992-09-30,203.8000030517578
DBA_93,1992-12-31,222.60000610351562
DBA_93,1993-03-31,224.3000030517578
DBA_93,1993-06-30,227.6999969482422
DBA_93,1993-09-30,235.3000030517578
DBA_94,1971-12-31,8171.0
DBA_94,1972-03-31,8270.0
DBA_94,1972-06-30,8744.0
DBA_94,1972-09-30,9099.0
DBA_94,1972-12-31,9322.0
DBA_94,1973-03-31,9550.0
DBA_94,1973-06-30,9677.0
DBA_94,1973-09-30,10173.0
DBA_94,1973-12-31,10413.0
DBA_94,1974-03-31,11188.0
DBA_94,1974-06-30,11362.0
DBA_94,1974-09-30,11302.0
DBA_94,1974-12-31,11096.0
DBA_94,1975-03-31,11326.0
DBA_94,1975-06-30,11641.0
DBA_94,1975-09-30,12043.0
DBA_94,1975-12-31,12110.0
DBA_94,1976-03-31,12662.0
DBA_94,1976-06-30,13329.0
DBA_94,1976-09-30,13570.0
DBA_94,1976-12-31,14818.0
DBA_94,1977-03-31,14874.0
DBA_94,1977-06-30,15674.0
DBA_94,1977-09-30,16494.0
DBA_94,1977-12-31,17676.0
DBA_94,1978-03-31,18635.0
DBA_94,1978-06-30,19199.0
DBA_94,1978-09-30,20657.0
DBA_94,1978-12-31,20658.0
DBA_94,1979-03-31,21088.0
DBA_94,1979-06-30,21274.0
DBA_94,1979-09-30,21566.0
DBA_94,1979-12-31,22617.0
DBA_94,1980-03-31,23708.0
DBA_94,1980-06-30,24896.0
DBA_94,1980-09-30,26254.0
DBA_94,1980-12-31,27410.0
DBA_94,1981-03-31,28347.0
DBA_94,1981-06-30,29420.0
DBA_94,1981-09-30,30150.0
DBA_94,1981-12-31,30565.0
DBA_94,1982-03-31,31567.0
DBA_94,1982-06-30,32350.0
DBA_94,1982-09-30,32959.0
DBA_94,1982-12-31,34270.0
DBA_94,1983-03-31,36149.0
DBA_94,1983-06-30,37711.0
DBA_94,1983-09-30,38815.0
DBA_94,1983-12-31,41105.0
DBA_94,1984-03-31,42034.0
DBA_94,1984-06-30,44261.0
DBA_94,1984-09-30,46084.0
DBA_94,1984-12-31,48548.0
DBA_94,1985-03-31,50175.0
DBA_94,1985-06-30,52165.0
DBA_94,1985-09-30,55212.0
DBA_95,1975-12-31,48.400001525878906
DBA_95,1976-03-31,48.79999923706055
DBA_95,1976-06-30,49.29999923706055
DBA_95,1976-09-30,49.79999923706055
DBA_95,1976-12-31,50.0
DBA_95,1977-03-31,50.20000076293945
DBA_95,1977-06-30,50.70000076293945
DBA_95,1977-09-30,51.20000076293945
DBA_95,1977-12-31,51.5
DBA_95,1978-03-31,51.900001525878906
DBA_95,1978-06-30,52.5
DBA_95,1978-09-30,53.20000076293945
DBA_95,1978-12-31,53.5
DBA_95,1979-03-31,54.0
DBA_95,1979-06-30,54.900001525878906
DBA_95,1979-09-30,55.79999923706055
DBA_95,1979-12-31,56.20000076293945
DBA_95,1980-03-31,56.79999923706055
DBA_95,1980-06-30,57.79999923706055
DBA_95,1980-09-30,59.099998474121094
DBA_95,1980-12-31,59.79999923706055
DBA_95,1981-03-31,60.79999923706055
DBA_95,1981-06-30,62.29999923706055
DBA_95,1981-09-30,64.0
DBA_95,1981-12-31,64.80000305175781
DBA_95,1982-03-31,65.9000015258789
DBA_95,1982-06-30,67.69999694824219
DBA_95,1982-09-30,69.69999694824219
DBA_95,1982-12-31,70.80000305175781
DBA_95,1983-03-31,72.30000305175781
DBA_95,1983-06-30,74.69999694824219
DBA_95,1983-09-30,77.30000305175781
DBA_95,1983-12-31,79.0
DBA_95,1984-03-31,81.0
DBA_95,1984-06-30,83.69999694824219
DBA_95,1984-09-30,86.30000305175781
DBA_95,1984-12-31,87.69999694824219
DBA_95,1985-03-31,89.4000015258789
DBA_95,1985-06-30,91.80000305175781
DBA_95,1985-09-30,94.30000305175781
DBA_95,1985-12-31,96.0999984741211
DBA_95,1986-03-31,97.5
DBA_95,1986-06-30,99.5999984741211
DBA_95,1986-09-30,101.9000015258789
DBA_95,1986-12-31,101.0999984741211
DBA_95,1987-03-31,107.5
DBA_95,1987-06-30,104.80000305175781
DBA_95,1987-09-30,108.0999984741211
DBA_96,1976-12-31,5.130000114440918
DBA_96,1977-03-31,5.159999847412109
DBA_96,1977-06-30,5.170000076293945
DBA_96,1977-09-30,5.199999809265137
DBA_96,1977-12-31,5.21999979019165
DBA_96,1978-03-31,5.199999809265137
DBA_96,1978-06-30,5.239999771118164
DBA_96,1978-09-30,5.260000228881836
DBA_96,1978-12-31,5.269999980926514
DBA_96,1979-03-31,5.300000190734863
DBA_96,1979-06-30,5.320000171661377
DBA_96,1979-09-30,5.340000152587891
DBA_96,1979-12-31,5.389999866485596
DBA_96,1980-03-31,5.429999828338623
DBA_96,1980-06-30,5.449999809265137
DBA_96,1980-09-30,5.489999771118164
DBA_96,1980-12-31,5.539999961853027
DBA_96,1981-03-31,5.570000171661377
DBA_96,1981-06-30,5.590000152587891
DBA_96,1981-09-30,5.590000152587891
DBA_96,1981-12-31,5.579999923706055
DBA_96,1982-03-31,5.539999961853027
DBA_96,1982-06-30,5.53000020980835
DBA_96,1982-09-30,5.539999961853027
DBA_96,1982-12-31,5.539999961853027
DBA_96,1983-03-31,5.559999942779541
DBA_96,1983-06-30,5.599999904632568
DBA_96,1983-09-30,5.599999904632568
DBA_96,1983-12-31,5.599999904632568
DBA_96,1984-03-31,5.590000152587891
DBA_96,1984-06-30,5.570000171661377
DBA_96,1984-09-30,5.53000020980835
DBA_96,1984-12-31,5.5
DBA_96,1985-03-31,5.480000019073486
DBA_96,1985-06-30,5.440000057220459
DBA_96,1985-09-30,5.449999809265137
DBA_96,1985-12-31,5.489999771118164
DBA_96,1986-03-31,5.539999961853027
DBA_96,1986-06-30,5.579999923706055
DBA_96,1986-09-30,5.630000114440918
DBA_96,1986-12-31,5.679999828338623
DBA_96,1987-03-31,5.690000057220459
DBA_96,1987-06-30,5.710000038146973
DBA_96,1987-09-30,5.71999979019165
DBA_96,1987-12-31,5.730000019073486
DBA_96,1988-03-31,5.739999771118164
DBA_96,1988-06-30,5.769999980926514
DBA_96,1988-09-30,5.789999961853027
DBA_96,1988-12-31,5.78000020980835
DBA_96,1989-03-31,5.78000020980835
DBA_96,1989-06-30,5.809999942779541
DBA_96,1989-09-30,5.829999923706055
DBA_97,1975-12-31,632.2308646621301
DBA_97,1976-03-31,739.7316020812775
DBA_97,1976-06-30,819.0090751902177
DBA_97,1976-09-30,733.0073131319814
DBA_97,1976-12-31,825.7939081907684
DBA_97,1977-03-31,902.4465059919941
DBA_97,1977-06-30,786.0946275850436
DBA_97,1977-09-30,722.603511823497
DBA_97,1977-12-31,782.0694288538834
DBA_97,1978-03-31,812.2984571000881
DBA_97,1978-06-30,776.9876395330537
DBA_97,1978-09-30,732.9311446833635
DBA_97,1978-12-31,755.1253998646109
DBA_97,1979-03-31,717.2346266437543
DBA_97,1979-06-30,661.8407815366164
DBA_97,1979-09-30,679.9336695380861
DBA_97,1979-12-31,769.5387755068925
DBA_97,1980-03-31,706.3484264634253
DBA_97,1980-06-30,723.3105089648029
DBA_97,1980-09-30,675.0628076275508
DBA_97,1980-12-31,666.3932987935132
DBA_97,1981-03-31,614.7531809559854
DBA_97,1981-06-30,630.5844579572712
DBA_97,1981-09-30,607.591412788737
DBA_97,1981-12-31,739.8956562994837
DBA_97,1982-03-31,1661.1848834924162
DBA_97,1982-06-30,1251.5533185233755
DBA_97,1982-09-30,544.2113200638578
DBA_97,1982-12-31,368.936467549621
DBA_97,1983-03-31,171.45811719133079
DBA_97,1983-06-30,163.31179702782364
DBA_97,1983-09-30,164.8421405088416
DBA_97,1983-12-31,101.63330576849056
DBA_97,1984-03-31,164.88608957693015
DBA_97,1984-06-30,164.49608023337504
DBA_97,1984-09-30,168.096575582286
DBA_97,1984-12-31,156.3723628840967
DBA_97,1985-03-31,173.47117025193668
DBA_97,1985-06-30,168.19407791817466
DBA_97,1985-09-30,166.68633725138557
DBA_97,1985-12-31,167.44020758478018
DBA_97,1986-03-31,181.76374391927695
DBA_97,1986-06-30,175.7327812521204
DBA_97,1986-09-30,184.7792252528552
DBA_97,1986-12-31,166.68633725138557
DBA_97,1987-03-31,186.28696591964436
DBA_97,1987-06-30,170.81895322588926
DBA_97,1987-09-30,181.13096168839263
DBA_97,1987-12-31,169.10028514880534
DBA_97,1988-03-31,182.8496297654765
DBA_97,1988-06-30,164.80361495609563
DBA_97,1988-09-30,179.41229361130874
DBA_98,1969-12-31,442.7550609732703
DBA_98,1970-03-31,440.3109965977208
DBA_98,1970-06-30,435.1700666258997
DBA_98,1970-09-30,457.03525858673623
DBA_98,1970-12-31,446.9806256387362
DBA_98,1971-03-31,448.66948325690083
DBA_98,1971-06-30,454.975606566291
DBA_98,1971-09-30,462.39010091058833
DBA_98,1971-12-31,458.26270929765167
DBA_98,1972-03-31,462.18200653239336
DBA_98,1972-06-30,455.565188271714
DBA_98,1972-09-30,469.8305209508101
DBA_98,1972-12-31,467.8314639735349
DBA_98,1973-03-31,473.4084503427984
DBA_98,1973-06-30,464.07924612181165
DBA_98,1973-09-30,475.42469001428566
DBA_98,1973-12-31,469.7624135217114
DBA_98,1974-03-31,479.13277620959946
DBA_98,1974-06-30,466.06642707037895
DBA_98,1974-09-30,482.54384993384224
DBA_98,1974-12-31,483.3238156491536
DBA_98,1975-03-31,488.39745345902946
DBA_98,1975-06-30,471.1565921448009
DBA_98,1975-09-30,490.63219284060034
DBA_98,1975-12-31,485.745950134951
DBA_98,1976-03-31,476.0270386557424
DBA_98,1976-06-30,482.4004280252703
DBA_98,1976-09-30,531.4345587674247
DBA_98,1976-12-31,513.43980982624
DBA_98,1977-03-31,193.86864544604404
DBA_98,1977-06-30,170.67931836166088
DBA_98,1977-09-30,206.14436378710755
DBA_99,1977-12-31,42413.0
DBA_99,1978-03-31,42968.0
DBA_99,1978-06-30,25729.0
DBA_99,1978-09-30,41482.0
DBA_99,1978-12-31,60789.0
DBA_99,1979-03-31,50700.0
DBA_99,1979-06-30,58788.0
DBA_99,1979-09-30,30376.0
DBA_99,1979-12-31,25946.0
DBA_99,1980-03-31,52707.0
DBA_99,1980-06-30,40417.0
DBA_99,1980-09-30,38068.0
DBA_99,1980-12-31,54382.0
DBA_99,1981-03-31,52757.0
DBA_99,1981-06-30,79071.0
DBA_99,1981-09-30,50816.0
DBA_99,1981-12-31,57260.0
DBA_99,1982-03-31,59652.0
DBA_99,1982-06-30,98673.0
DBA_99,1982-09-30,52494.0
DBA_99,1982-12-31,64333.0
DBA_99,1983-03-31,66193.0
DBA_99,1983-06-30,85145.0
DBA_99,1983-09-30,74521.0
DBA_99,1983-12-31,119120.0
DBA_99,1984-03-31,62881.0
DBA_100,1978-03-31,2729.4945021633343
DBA_100,1978-06-30,3751.5060072146803
DBA_100,1978-09-30,6923.955107004421
DBA_100,1978-12-31,3832.227299379497
DBA_100,1979-03-31,3831.8652169623397
DBA_100,1979-06-30,4693.793053089912
DBA_100,1979-09-30,7137.626407709781
DBA_100,1979-12-31,6368.786555697878
DBA_100,1980-03-31,8395.004835836766
DBA_100,1980-06-30,6244.769374472096
DBA_100,1980-09-30,10922.040239852811
DBA_100,1980-12-31,10607.752701759577
DBA_100,1981-03-31,13369.717379841533
DBA_100,1981-06-30,11486.888810619439
DBA_100,1981-09-30,15531.711492692528
DBA_100,1981-12-31,13173.468709741848
DBA_100,1982-03-31,12454.735111683023
DBA_100,1982-06-30,9305.993800116954
DBA_100,1982-09-30,12215.8067250371
DBA_100,1982-12-31,8343.462158488668
DBA_100,1983-03-31,9381.190366063773
DBA_100,1983-06-30,7385.030000271191
DBA_100,1983-09-30,8661.732603170636
DBA_100,1983-12-31,7398.06496728888
DBA_100,1984-03-31,7578.744093450771
DBA_100,1984-06-30,7409.2895222207835
DBA_100,1984-09-30,8048.364988504822
DBA_100,1984-12-31,8165.317609246886
DBA_100,1985-03-31,14218.268563750296
DBA_100,1985-06-30,19671.25939617753
DBA_100,1985-09-30,8885.694771101591
DBA_100,1985-12-31,10645.661436595065
DBA_100,1986-03-31,10596.622512964292
DBA_101,1969-12-31,8.114848875864139
DBA_101,1970-03-31,9.11484887586414
DBA_101,1970-06-30,8.920133610771632
DBA_101,1970-09-30,8.086926034657484
DBA_101,1970-12-31,1.3173248774825155
DBA_101,1971-03-31,8.904077733174333
DBA_101,1971-06-30,9.661001842033496
DBA_101,1971-09-30,10.27821995310563
DBA_101,1971-12-31,8.91152313661102
DBA_101,1972-03-31,10.191328200175331
DBA_101,1972-06-30,10.958917396512657
DBA_101,1972-09-30,11.21802453175439
DBA_101,1972-12-31,9.226041654048151
DBA_101,1973-03-31,9.969082567864943
DBA_101,1973-06-30,9.406050440690304
DBA_101,1973-09-30,10.10409878639409
DBA_101,1973-12-31,8.805089577781258
DBA_101,1974-03-31,10.580454558950203
DBA_101,1974-06-30,10.396632582900521
DBA_101,1974-09-30,11.16051529373433
DBA_101,1974-12-31,8.611516141543033
DBA_101,1975-03-31,10.61721903207408
DBA_101,1975-06-30,10.837805481247644
DBA_101,1975-09-30,11.556753955076344
DBA_101,1975-12-31,10.220980370732066
DBA_101,1976-03-31,12.353316208397207
DBA_101,1976-06-30,13.027330445220803
DBA_101,1976-09-30,15.503900571670037
DBA_101,1976-12-31,12.235952945650036
DBA_101,1977-03-31,14.319269615673244
DBA_101,1977-06-30,16.17181552064201
DBA_101,1977-09-30,21.896755674233376
DBA_102,1975-12-31,71.0
DBA_102,1976-03-31,50.900001525878906
DBA_102,1976-06-30,40.0
DBA_102,1976-09-30,43.0
DBA_102,1976-12-31,51.84000015258789
DBA_102,1977-03-31,41.599998474121094
DBA_102,1977-06-30,37.70000076293945
DBA_102,1977-09-30,49.900001525878906
DBA_102,1977-12-31,67.5
DBA_102,1978-03-31,57.400001525878906
DBA_102,1978-06-30,54.0
DBA_102,1978-09-30,61.70000076293945
DBA_102,1978-12-31,76.5
DBA_102,1979-03-31,66.19999694824219
DBA_102,1979-06-30,59.5
DBA_102,1979-09-30,65.0999984741211
DBA_102,1979-12-31,81.5999984741211
DBA_102,1980-03-31,66.5
DBA_102,1980-06-30,54.400001525878906
DBA_102,1980-09-30,63.20000076293945
DBA_102,1980-12-31,74.5999984741211
DBA_102,1981-03-31,56.70000076293945
DBA_102,1981-06-30,45.20000076293945
DBA_102,1981-09-30,58.0
DBA_102,1981-12-31,64.19999694824219
DBA_102,1982-03-31,49.900001525878906
DBA_102,1982-06-30,48.5
DBA_102,1982-09-30,62.79999923706055
DBA_102,1982-12-31,76.69999694824219
DBA_102,1983-03-31,64.9000015258789
DBA_102,1983-06-30,63.29999923706055
DBA_102,1983-09-30,89.5
DBA_102,1983-12-31,114.4000015258789
DBA_102,1984-03-31,96.4000015258789
DBA_102,1984-06-30,95.0
DBA_102,1984-09-30,110.0
DBA_103,1975-12-31,76.2722646265709
DBA_103,1976-03-31,81.48969114536764
DBA_103,1976-06-30,77.6000291647522
DBA_103,1976-09-30,80.27469524010428
DBA_103,1976-12-31,84.91549449739573
DBA_103,1977-03-31,83.04546315898055
DBA_103,1977-06-30,80.58641612551327
DBA_103,1977-09-30,81.92013811341516
DBA_103,1977-12-31,81.29495682591515
DBA_103,1978-03-31,84.17537441066972
DBA_103,1978-06-30,84.17537441066972
DBA_103,1978-09-30,86.98753745896377
DBA_103,1978-12-31,84.05208548031045
DBA_103,1979-03-31,85.93537305667323
DBA_103,1979-06-30,86.21686444365996
DBA_103,1979-09-30,90.29089572951355
DBA_103,1979-12-31,92.26474575058194
DBA_103,1980-03-31,96.68198057349224
DBA_103,1980-06-30,93.79222026564331
DBA_103,1980-09-30,96.75469470321809
DBA_103,1980-12-31,100.92694988082675
DBA_103,1981-03-31,102.51290466334649
DBA_103,1981-06-30,100.62314694901619
DBA_103,1981-09-30,102.57731844424191
DBA_103,1981-12-31,104.90376100264054
DBA_103,1982-03-31,108.290002430863
DBA_103,1982-06-30,107.76244946165353
DBA_103,1982-09-30,112.96365584105455
DBA_103,1982-12-31,115.98738603262082
DBA_103,1983-03-31,119.24123932804241
DBA_103,1983-06-30,118.90780485627135
DBA_103,1983-09-30,122.07539259014052
DBA_103,1983-12-31,112.38634296700972
DBA_103,1984-03-31,114.47028059200973
DBA_103,1984-06-30,115.47057446781349
DBA_103,1984-09-30,116.55421821700973
DBA_103,1984-12-31,115.55393070087891
DBA_103,1985-03-31,112.59257214729081
DBA_103,1985-06-30,115.46419401517296
DBA_103,1985-09-30,116.98973821158486
DBA_103,1985-12-31,122.96419401517296
DBA_103,1986-03-31,124.4000015258789
DBA_103,1986-06-30,123.23340407229081
DBA_103,1986-09-30,127.27445200887567
DBA_103,1986-12-31,135.5848449
DBA_103,1987-03-31,140.82795295541837
DBA_103,1987-06-30,142.98166079824222
DBA_103,1987-09-30,144.9558952696541
DBA_103,1987-12-31,145.95619550513075
DBA_103,1988-03-31,146.51818370142516
DBA_103,1988-06-30,149.98123182683028
DBA_103,1988-09-30,153.8399709304184
DBA_103,1988-12-31,161.2882322340065
DBA_103,1989-03-31,165.7751349840065
DBA_103,1989-06-30,175.82579440541838
DBA_103,1989-09-30,180.07701952881084
DBA_103,1989-12-31,188.9049026801308
DBA_103,1990-03-31,193.49310055311582
DBA_103,1990-06-30,189.58287789654923
DBA_103,1990-09-30,190.4998155392876
DBA_103,1990-12-31,187.1659178679611
DBA_103,1991-03-31,188.4162804429611
DBA_103,1991-06-30,185.16534283569942
DBA_103,1991-09-30,184.0816927268303
DBA_103,1991-12-31,188.58299290909196
DBA_103,1992-03-31,190.41686819456862
DBA_103,1992-06-30,192.1784925462616
DBA_103,1992-09-30,196.59491157675478
DBA_103,1992-12-31,212.58545081428755
DBA_103,1993-03-31,215.20206945013732
DBA_103,1993-06-30,218.036219532399
DBA_103,1993-09-30,225.24122928852083
DBA_104,1971-12-31,82.54661464478204
DBA_104,1972-03-31,81.76670205010092
DBA_104,1972-06-30,84.63710641471326
DBA_104,1972-09-30,88.5536884512444
DBA_104,1972-12-31,86.09921880708164
DBA_104,1973-03-31,90.21483390353859
DBA_104,1973-06-30,89.54661464478204
DBA_104,1973-09-30,93.0
DBA_104,1973-12-31,93.66821925875655
DBA_104,1974-03-31,94.33643851751309
DBA_104,1974-06-30,92.33178074124345
DBA_104,1974-09-30,93.66821925875655
DBA_104,1974-12-31,94.0023288881348
DBA_104,1975-03-31,93.66821925875655
DBA_104,1975-06-30,92.54894353291684
DBA_104,1975-09-30,96.16106010740778
DBA_104,1975-12-31,98.10687875251264
DBA_104,1976-03-31,102.62377015687639
DBA_104,1976-06-30,100.08615351276016
DBA_104,1976-09-30,103.88305316229513
DBA_104,1976-12-31,106.9719256350183
DBA_104,1977-03-31,108.51553821492735
DBA_104,1977-06-30,108.51553821492735
DBA_104,1977-09-30,109.03107642985466
DBA_104,1977-12-31,111.55127242105165
DBA_104,1978-03-31,109.8807242741603
DBA_104,1978-06-30,114.26729899339925
DBA_104,1978-09-30,114.60140862277753
DBA_104,1978-12-31,113.59907973464271
DBA_104,1979-03-31,116.30070431138874
DBA_104,1979-06-30,115.6324850526322
DBA_104,1979-09-30,117.1503521556944
DBA_104,1979-12-31,116.48213289693786
DBA_104,1980-03-31,119.69929568861126
DBA_104,1980-06-30,119.03107642985466
DBA_104,1980-09-30,120.70162457674603
DBA_104,1980-12-31,123.04039198239396
DBA_104,1981-03-31,127.04970753493316
DBA_104,1981-06-30,126.04737864679836
DBA_104,1981-09-30,128.05203642306805
DBA_104,1981-12-31,128.7202556818245
DBA_104,1982-03-31,129.38847494058103
DBA_104,1982-06-30,127.71792679368974
DBA_104,1982-09-30,130.3908038287159
DBA_104,1982-12-31,129.7225845699593
DBA_104,1983-03-31,112.39409999828639
DBA_104,1983-06-30,106.27000009884357
DBA_104,1983-09-30,110.36285717109814
DBA_104,1983-12-31,112.81857141445093
DBA_104,1984-03-31,112.81857141445093
DBA_104,1984-06-30,108.72571434219633
DBA_104,1984-09-30,110.36285717109814
DBA_104,1984-12-31,112.0
DBA_104,1985-03-31,123.61464592330476
DBA_104,1985-06-30,117.73947168638799
DBA_104,1985-09-30,148.36943253141212
DBA_105,1975-12-31,33153.29958805399
DBA_105,1976-03-31,31039.004538565372
DBA_105,1976-06-30,34627.882951280735
DBA_105,1976-09-30,35761.74241917863
DBA_105,1976-12-31,40010.601184788924
DBA_105,1977-03-31,43317.790891551216
DBA_105,1977-06-30,50408.65696977021
DBA_105,1977-09-30,57004.173150664625
DBA_105,1977-12-31,57017.580900841414
DBA_105,1978-03-31,56890.80286277203
DBA_105,1978-06-30,59242.73638980878
DBA_105,1978-09-30,58732.67313425751
DBA_105,1978-12-31,67072.1662254179
DBA_105,1979-03-31,74989.80393769951
DBA_105,1979-06-30,73815.95793593337
DBA_105,1979-09-30,66204.21688026693
DBA_105,1979-12-31,56967.62634121355
DBA_105,1980-03-31,48906.825028181964
DBA_105,1980-06-30,48113.213897613365
DBA_105,1980-09-30,48908.19557610283
DBA_105,1980-12-31,51648.48801885165
DBA_105,1981-03-31,51146.377031023774
DBA_105,1981-06-30,58754.44164561094
DBA_105,1981-09-30,41422.74393736237
DBA_105,1981-12-31,39237.01382733929
DBA_105,1982-03-31,36620.61325925703
DBA_105,1982-06-30,41272.00225920261
DBA_105,1982-09-30,59252.44637430545
DBA_105,1982-12-31,87768.8989268438
DBA_105,1983-03-31,125503.16828671817
DBA_105,1983-06-30,8362.43580535138
DBA_105,1983-09-30,8258.96691043015
DBA_105,1983-12-31,8195.040218106042
DBA_105,1984-03-31,8193.26117673193
DBA_105,1984-06-30,8183.476449174324
DBA_105,1984-09-30,8197.708780167204
DBA_105,1984-12-31,8195.929738793095
DBA_105,1985-03-31,8196.81925948015
DBA_105,1985-06-30,8187.034531922546
DBA_105,1985-09-30,8200.377342228372
DBA_105,1985-12-31,8196.81925948015
DBA_105,1986-03-31,8197.708780167204
DBA_105,1986-06-30,8186.145011235491
DBA_105,1986-09-30,8198.59830085426
DBA_105,1986-12-31,8196.81925948015
DBA_105,1987-03-31,8195.040218106042
DBA_105,1987-06-30,8185.255490548437
DBA_105,1987-09-30,8194.150697418985
DBA_105,1987-12-31,9454.72534430493
DBA_105,1988-03-31,13757.8718387787
DBA_105,1988-06-30,21479.185727752327
DBA_105,1988-09-30,23112.27711751179
DBA_106,1975-12-31,30.6535059125
DBA_106,1976-03-31,30.778542150126025
DBA_106,1976-06-30,29.94496710012602
DBA_106,1976-09-30,31.653795962563006
DBA_106,1976-12-31,30.195039674747957
DBA_106,1977-03-31,32.53831170564658
DBA_106,1977-06-30,31.07955536814657
DBA_106,1977-09-30,33.3394699404178
DBA_106,1977-12-31,32.30213215120686
DBA_106,1978-03-31,33.651269027188924
DBA_106,1978-06-30,32.22956043987796
DBA_106,1978-09-30,34.434903367782134
DBA_106,1978-12-31,33.476661107744086
DBA_106,1979-03-31,36.004434006741036
DBA_106,1979-06-30,34.26281932752185
DBA_106,1979-09-30,37.91139468423139
DBA_106,1979-12-31,37.42914259476726
DBA_106,1980-03-31,37.72515579070561
DBA_106,1980-06-30,35.17048993586569
DBA_106,1980-09-30,39.23848380017541
DBA_106,1980-12-31,38.30902736976726
DBA_106,1981-03-31,39.07439973459582
DBA_106,1981-06-30,35.6464801125562
DBA_106,1981-09-30,40.58804055970822
DBA_106,1981-12-31,38.980887370019296
DBA_106,1982-03-31,39.720104905948
DBA_106,1982-06-30,36.4913171096452
DBA_106,1982-09-30,40.70738961273842
DBA_106,1982-12-31,39.569020868686415
DBA_106,1983-03-31,40.01848715516974
DBA_106,1983-06-30,36.86742587244664
DBA_106,1983-09-30,41.74320894993699
DBA_106,1983-12-31,76.19344753010672
DBA_106,1984-03-31,79.33633123010672
DBA_106,1984-06-30,72.67923343882599
DBA_106,1984-09-30,84.71351098058355
DBA_106,1984-12-31,83.88793593010672
DBA_106,1985-03-31,89.72296128010672
DBA_106,1985-06-30,81.07316298286361
DBA_106,1985-09-30,90.93936933010673
DBA_106,1985-12-31,88.43864418010672
DBA_106,1986-03-31,91.77294438010672
DBA_106,1986-06-30,84.07935243010672
DBA_106,1986-09-30,93.50389998010672
DBA_106,1986-12-31,91.83674988010672
DBA_106,1987-03-31,91.83674988010672
DBA_106,1987-06-30,83.88793593010672
DBA_106,1987-09-30,95.61341376069966
DBA_106,1987-12-31,95.23485558010671
DBA_106,1988-03-31,100.60071061841157
DBA_106,1988-06-30,89.45784145
DBA_106,1988-09-30,106.12588300186411
DBA_107,1975-12-31,48.400001525878906
DBA_107,1976-03-31,48.79999923706055
DBA_107,1976-06-30,49.29999923706055
DBA_107,1976-09-30,49.79999923706055
DBA_107,1976-12-31,50.0
DBA_107,1977-03-31,50.20000076293945
DBA_107,1977-06-30,50.70000076293945
DBA_107,1977-09-30,51.20000076293945
DBA_107,1977-12-31,51.5
DBA_107,1978-03-31,51.900001525878906
DBA_107,1978-06-30,52.5
DBA_107,1978-09-30,53.20000076293945
DBA_107,1978-12-31,53.5
DBA_107,1979-03-31,54.0
DBA_107,1979-06-30,54.900001525878906
DBA_107,1979-09-30,55.79999923706055
DBA_107,1979-12-31,56.20000076293945
DBA_107,1980-03-31,56.79999923706055
DBA_107,1980-06-30,57.79999923706055
DBA_107,1980-09-30,59.099998474121094
DBA_107,1980-12-31,59.79999923706055
DBA_107,1981-03-31,60.79999923706055
DBA_107,1981-06-30,62.29999923706055
DBA_107,1981-09-30,64.0
DBA_107,1981-12-31,64.80000305175781
DBA_107,1982-03-31,65.9000015258789
DBA_107,1982-06-30,67.69999694824219
DBA_107,1982-09-30,69.69999694824219
DBA_107,1982-12-31,70.80000305175781
DBA_107,1983-03-31,72.30000305175781
DBA_107,1983-06-30,74.69999694824219
DBA_107,1983-09-30,77.30000305175781
DBA_107,1983-12-31,79.0
DBA_107,1984-03-31,81.0
DBA_107,1984-06-30,83.69999694824219
DBA_107,1984-09-30,86.30000305175781
DBA_107,1984-12-31,87.69999694824219
DBA_107,1985-03-31,89.4000015258789
DBA_107,1985-06-30,91.80000305175781
DBA_107,1985-09-30,94.30000305175781
DBA_107,1985-12-31,96.0999984741211
DBA_107,1986-03-31,97.5
DBA_107,1986-06-30,99.5999984741211
DBA_107,1986-09-30,101.9000015258789
DBA_107,1986-12-31,101.0999984741211
DBA_107,1987-03-31,107.5
DBA_107,1987-06-30,104.80000305175781
DBA_107,1987-09-30,108.0999984741211
DBA_108,1971-12-31,3742.1096878
DBA_108,1972-03-31,3780.76199845
DBA_108,1972-06-30,3924.566314025
DBA_108,1972-09-30,4017.7025515500004
DBA_108,1972-12-31,4071.9875492499996
DBA_108,1973-03-31,4111.268196050001
DBA_108,1973-06-30,4146.707755125
DBA_108,1973-09-30,4205.462176700001
DBA_108,1973-12-31,4259.1188382499995
DBA_108,1974-03-31,4333.409637149999
DBA_108,1974-06-30,4355.306756524999
DBA_108,1974-09-30,4499.188452650001
DBA_108,1974-12-31,4516.8987676
DBA_108,1975-03-31,4641.095140325001
DBA_108,1975-06-30,4678.624946749999
DBA_108,1975-09-30,4736.225315475001
DBA_108,1975-12-31,4806.7650266499995
DBA_108,1976-03-31,4924.292798975001
DBA_108,1976-06-30,5094.886755049999
DBA_108,1976-09-30,5063.397212874999
DBA_108,1976-12-31,5307.634702525
DBA_108,1977-03-31,5300.9597924
DBA_108,1977-06-30,5427.476890274999
DBA_108,1977-09-30,5635.42862635
DBA_108,1977-12-31,5672.522716075
DBA_108,1978-03-31,5796.199681825001
DBA_108,1978-06-30,5871.035126600001
DBA_108,1978-09-30,6017.5138576
DBA_108,1978-12-31,6153.803378275
DBA_108,1979-03-31,6319.261715975
DBA_108,1979-06-30,6377.220420850001
DBA_108,1979-09-30,6547.661279675
DBA_108,1979-12-31,6670.716218999999
DBA_108,1980-03-31,6810.56420795
DBA_108,1980-06-30,7024.5877568999995
DBA_108,1980-09-30,7182.313441350001
DBA_108,1980-12-31,7418.631968025
DBA_108,1981-03-31,7651.712504225
DBA_108,1981-06-30,7743.069423874999
DBA_108,1981-09-30,7898.397002625
DBA_108,1981-12-31,7949.286887374999
DBA_108,1982-03-31,8047.430884924999
DBA_108,1982-06-30,8214.925229675
DBA_108,1982-09-30,8265.959617450002
DBA_108,1982-12-31,8523.2625935
DBA_108,1983-03-31,8598.244578275002
DBA_108,1983-06-30,8802.9739135
DBA_108,1983-09-30,9137.540154699998
DBA_108,1983-12-31,9303.70585035
DBA_108,1984-03-31,9556.952611775001
DBA_108,1984-06-30,9826.1045368
DBA_108,1984-09-30,12483.781866450001
DBA_108,1984-12-31,18232.912905750003
DBA_108,1985-03-31,20978.930593349996
DBA_108,1985-06-30,21442.28557995
DBA_108,1985-09-30,22225.2827625
DBA_109,1971-12-31,9018.907630373496
DBA_109,1972-03-31,14482.809240734003
DBA_109,1972-06-30,15440.143837189473
DBA_109,1972-09-30,15817.054004064654
DBA_109,1972-12-31,16083.133892855069
DBA_109,1973-03-31,16152.58819394614
DBA_109,1973-06-30,16265.389530904255
DBA_109,1973-09-30,16546.220980602186
DBA_109,1973-12-31,16958.6147235
DBA_109,1974-03-31,17046.904089293737
DBA_109,1974-06-30,17336.07447285213
DBA_109,1974-09-30,17405.92117112451
DBA_109,1974-12-31,17578.179580866206
DBA_109,1975-03-31,17926.89020049944
DBA_109,1975-06-30,18049.90111735999
DBA_109,1975-09-30,18157.919152320337
DBA_109,1975-12-31,18254.996215050276
DBA_109,1976-03-31,18872.528247322207
DBA_109,1976-06-30,19147.341321625972
DBA_109,1976-09-30,19523.050341501417
DBA_109,1976-12-31,19823.626582381406
DBA_109,1977-03-31,20097.912212113933
DBA_109,1977-06-30,20351.008394055967
DBA_109,1977-09-30,20793.24001738723
DBA_109,1977-12-31,21377.519420351084
DBA_109,1978-03-31,21180.143638154426
DBA_109,1978-06-30,21637.286354375312
DBA_109,1978-09-30,21942.571361430968
DBA_109,1978-12-31,22165.06056323117
DBA_109,1979-03-31,22532.34432493309
DBA_109,1979-06-30,22748.55517183241
DBA_109,1979-09-30,22899.62808663501
DBA_109,1979-12-31,15861.59224274005
DBA_109,1980-03-31,16134.70068092866
DBA_109,1980-06-30,16539.65457203591
DBA_109,1980-09-30,16819.041365125406
DBA_109,1980-12-31,17264.019768725804
DBA_109,1981-03-31,17698.011051249665
DBA_109,1981-06-30,17876.94416592496
DBA_109,1981-09-30,18150.837398476186
DBA_109,1981-12-31,18204.988209496332
DBA_109,1982-03-31,18383.921324171628
DBA_109,1982-06-30,18691.560714315117
DBA_109,1982-09-30,18773.964122389265
DBA_109,1982-12-31,19243.271151230616
DBA_109,1983-03-31,19354.71195072137
DBA_109,1983-06-30,19735.337216587683
DBA_109,1983-09-30,20390.966917375343
DBA_109,1983-12-31,20764.635525669182
DBA_109,1984-03-31,21310.91398517589
DBA_109,1984-06-30,21854.622518803153
DBA_109,1984-09-30,22346.199472151453
DBA_109,1984-12-31,22887.65548833589
DBA_109,1985-03-31,23591.10274736733
DBA_109,1985-06-30,24712.627576972296
DBA_109,1985-09-30,32016.63601744886
DBA_110,1971-12-31,27244.0
DBA_110,1972-03-31,28140.0
DBA_110,1972-06-30,29140.0
DBA_110,1972-09-30,29588.0
DBA_110,1972-12-31,30936.0
DBA_110,1973-03-31,31600.0
DBA_110,1973-06-30,32496.0
DBA_110,1973-09-30,33200.0
DBA_110,1973-12-31,33232.0
DBA_110,1974-03-31,33364.0
DBA_110,1974-06-30,33992.0
DBA_110,1974-09-30,33464.0
DBA_110,1974-12-31,33776.0
DBA_110,1975-03-31,34804.0
DBA_110,1975-06-30,35008.0
DBA_110,1975-09-30,35520.0
DBA_110,1975-12-31,36140.0
DBA_110,1976-03-31,36644.0
DBA_110,1976-06-30,37116.0
DBA_110,1976-09-30,37484.0
DBA_110,1976-12-31,38564.0
DBA_110,1977-03-31,37852.0
DBA_110,1977-06-30,38437.0
DBA_110,1977-09-30,38588.0
DBA_110,1977-12-31,38288.0
DBA_110,1978-03-31,39444.0
DBA_110,1978-06-30,40004.0
DBA_110,1978-09-30,40848.0
DBA_110,1978-12-31,42280.0
DBA_110,1979-03-31,42116.0
DBA_110,1979-06-30,43240.0
DBA_110,1979-09-30,44072.0
DBA_110,1979-12-31,44656.0
DBA_110,1980-03-31,45284.0
DBA_110,1980-06-30,45992.0
DBA_110,1980-09-30,47980.0
DBA_110,1980-12-31,49016.0
DBA_110,1981-03-31,49604.0
DBA_110,1981-06-30,50812.0
DBA_110,1981-09-30,51688.0
DBA_110,1981-12-31,53404.0
DBA_110,1982-03-31,54416.0
DBA_110,1982-06-30,56064.0
DBA_110,1982-09-30,57572.0
DBA_110,1982-12-31,60192.0
DBA_110,1983-03-31,61492.0
DBA_110,1983-06-30,62308.0
DBA_110,1983-09-30,63320.0
DBA_110,1983-12-31,64776.0
DBA_110,1984-03-31,66432.0
DBA_110,1984-06-30,66536.0
DBA_110,1984-09-30,67892.0
DBA_110,1984-12-31,69596.0
DBA_110,1985-03-31,71652.0
DBA_110,1985-06-30,73528.0
DBA_110,1985-09-30,75568.0
DBA_111,1969-12-31,82.9000015258789
DBA_111,1970-03-31,84.80000305175781
DBA_111,1970-06-30,86.5
DBA_111,1970-09-30,86.30000305175781
DBA_111,1970-12-31,88.5
DBA_111,1971-03-31,88.9000015258789
DBA_111,1971-06-30,88.5
DBA_111,1971-09-30,88.5999984741211
DBA_111,1971-12-31,85.19999694824219
DBA_111,1972-03-31,88.69999694824219
DBA_111,1972-06-30,91.0
DBA_111,1972-09-30,94.80000305175781
DBA_111,1972-12-31,93.0
DBA_111,1973-03-31,95.4000015258789
DBA_111,1973-06-30,96.4000015258789
DBA_111,1973-09-30,97.69999694824219
DBA_111,1973-12-31,97.30000305175781
DBA_111,1974-03-31,99.5
DBA_111,1974-06-30,100.5
DBA_111,1974-09-30,102.9000015258789
DBA_111,1974-12-31,102.0999984741211
DBA_111,1975-03-31,105.0999984741211
DBA_111,1975-06-30,105.5
DBA_111,1975-09-30,107.9000015258789
DBA_111,1975-12-31,110.30000305175781
DBA_111,1976-03-31,110.80000305175781
DBA_111,1976-06-30,111.30000305175781
DBA_111,1976-09-30,116.0
DBA_111,1976-12-31,115.69999694824219
DBA_111,1977-03-31,117.30000305175781
DBA_111,1977-06-30,117.0999984741211
DBA_111,1977-09-30,121.0
DBA_112,1978-06-30,65896.0
DBA_112,1978-09-30,63922.0
DBA_112,1978-12-31,76160.0
DBA_112,1979-03-31,77622.0
DBA_112,1979-06-30,78125.0
DBA_112,1979-09-30,75453.0
DBA_112,1979-12-31,84528.0
DBA_112,1980-03-31,88997.0
DBA_112,1980-06-30,91926.0
DBA_112,1980-09-30,99877.0
DBA_112,1980-12-31,106505.0
DBA_112,1981-03-31,109341.0
DBA_112,1981-06-30,108527.0
DBA_112,1981-09-30,100791.0
DBA_112,1981-12-31,119445.0
DBA_112,1982-03-31,112400.0
DBA_112,1982-06-30,126043.0
DBA_112,1982-09-30,120669.0
DBA_112,1982-12-31,130590.0
DBA_112,1983-03-31,127057.0
DBA_112,1983-06-30,128797.0
DBA_112,1983-09-30,122665.0
DBA_112,1983-12-31,133925.0
DBA_112,1984-03-31,130428.0
DBA_112,1984-06-30,129709.0
DBA_112,1984-09-30,125517.0
DBA_112,1984-12-31,134699.0
DBA_112,1985-03-31,131711.0
DBA_112,1985-06-30,127676.0
DBA_112,1985-09-30,120658.0
DBA_113,1969-12-31,474.0
DBA_113,1970-03-31,486.8999938964844
DBA_113,1970-06-30,484.0
DBA_113,1970-09-30,490.5
DBA_113,1970-12-31,503.0
DBA_113,1971-03-31,504.70001220703125
DBA_113,1971-06-30,504.20001220703125
DBA_113,1971-09-30,503.29998779296875
DBA_113,1971-12-31,503.6000061035156
DBA_113,1972-03-31,514.9000244140625
DBA_113,1972-06-30,524.2000122070312
DBA_113,1972-09-30,537.7000122070312
DBA_113,1972-12-31,547.7999877929688
DBA_113,1973-03-31,557.2000122070312
DBA_113,1973-06-30,564.4000244140625
DBA_113,1973-09-30,572.0
DBA_113,1973-12-31,577.4000244140625
DBA_113,1974-03-31,584.2000122070312
DBA_113,1974-06-30,594.7000122070312
DBA_113,1974-09-30,605.7999877929688
DBA_113,1974-12-31,617.7000122070312
DBA_113,1975-03-31,628.0
DBA_113,1975-06-30,638.9000244140625
DBA_113,1975-09-30,645.0999755859375
DBA_113,1975-12-31,662.7999877929688
DBA_113,1976-03-31,675.7000122070312
DBA_113,1976-06-30,691.0999755859375
DBA_113,1976-09-30,710.0
DBA_113,1976-12-31,729.5
DBA_113,1977-03-31,743.2999877929688
DBA_113,1977-06-30,755.9000244140625
DBA_113,1977-09-30,770.7000122070312
DBA_114,1971-12-31,6024.0
DBA_114,1972-03-31,5960.0
DBA_114,1972-06-30,6088.0
DBA_114,1972-09-30,6140.0
DBA_114,1972-12-31,6356.0
DBA_114,1973-03-31,6572.0
DBA_114,1973-06-30,6508.0
DBA_114,1973-09-30,6596.0
DBA_114,1973-12-31,6608.0
DBA_114,1974-03-31,6360.0
DBA_114,1974-06-30,6728.0
DBA_114,1974-09-30,6576.0
DBA_114,1974-12-31,6560.0
DBA_114,1975-03-31,6600.0
DBA_114,1975-06-30,6344.0
DBA_114,1975-09-30,6676.0
DBA_114,1975-12-31,6356.0
DBA_114,1976-03-31,6948.0
DBA_114,1976-06-30,6696.0
DBA_114,1976-09-30,7196.0
DBA_114,1976-12-31,7452.0
DBA_114,1977-03-31,6772.0
DBA_114,1977-06-30,7144.0
DBA_114,1977-09-30,6992.0
DBA_114,1977-12-31,7448.0
DBA_114,1978-03-31,7532.0
DBA_114,1978-06-30,7768.0
DBA_114,1978-09-30,7748.0
DBA_114,1978-12-31,7736.0
DBA_114,1979-03-31,7912.0
DBA_114,1979-06-30,7872.0
DBA_114,1979-09-30,8176.0
DBA_114,1979-12-31,8176.0
DBA_114,1980-03-31,8456.0
DBA_114,1980-06-30,8636.0
DBA_114,1980-09-30,9312.0
DBA_114,1980-12-31,9320.0
DBA_114,1981-03-31,9976.0
DBA_114,1981-06-30,10000.0
DBA_114,1981-09-30,9928.0
DBA_114,1981-12-31,9640.0
DBA_114,1982-03-31,9920.0
DBA_114,1982-06-30,10460.0
DBA_114,1982-09-30,10992.0
DBA_114,1982-12-31,11288.0
DBA_114,1983-03-31,11340.0
DBA_114,1983-06-30,11816.0
DBA_114,1983-09-30,12116.0
DBA_114,1983-12-31,12608.0
DBA_114,1984-03-31,13000.0
DBA_114,1984-06-30,12636.0
DBA_114,1984-09-30,13064.0
DBA_114,1984-12-31,13788.0
DBA_114,1985-03-31,14288.0
DBA_114,1985-06-30,14504.0
DBA_114,1985-09-30,15096.0
DBA_115,1969-12-31,82.0
DBA_115,1970-03-31,85.0
DBA_115,1970-06-30,33.0
DBA_115,1970-09-30,44.0
DBA_115,1970-12-31,47.0
DBA_115,1971-03-31,22.0
DBA_115,1971-06-30,20.0
DBA_115,1971-09-30,27.0
DBA_115,1971-12-31,31.0
DBA_115,1972-03-31,13.0
DBA_115,1972-06-30,16.0
DBA_115,1972-09-30,24.0
DBA_115,1972-12-31,27.0
DBA_115,1973-03-31,14.0
DBA_115,1973-06-30,18.0
DBA_115,1973-09-30,27.0
DBA_115,1973-12-31,40.0
DBA_115,1974-03-31,14.0
DBA_115,1974-06-30,16.0
DBA_115,1974-09-30,23.0
DBA_115,1974-12-31,27.0
DBA_115,1975-03-31,13.0
DBA_115,1975-06-30,17.0
DBA_115,1975-09-30,26.0
DBA_115,1975-12-31,34.0
DBA_115,1976-03-31,17.0
DBA_115,1976-06-30,20.0
DBA_115,1976-09-30,30.0
DBA_115,1976-12-31,41.0
DBA_115,1977-03-31,20.0
DBA_115,1977-06-30,26.0
DBA_115,1977-09-30,55.0
DBA_116,1975-12-31,407.81011976297805
DBA_116,1976-03-31,410.2246214324276
DBA_116,1976-06-30,409.3785246822673
DBA_116,1976-09-30,408.77443509860825
DBA_116,1976-12-31,410.9469296015567
DBA_116,1977-03-31,412.63726643669025
DBA_116,1977-06-30,409.4967432677372
DBA_116,1977-09-30,410.46198693596097
DBA_116,1977-12-31,412.03132018784385
DBA_116,1978-03-31,409.97797260295863
DBA_116,1978-06-30,412.15139543850086
DBA_116,1978-09-30,416.8603235267432
DBA_116,1978-12-31,418.0675743614682
DBA_116,1979-03-31,419.274825196193
DBA_116,1979-06-30,422.6554988664598
DBA_116,1979-09-30,422.8965777003674
DBA_116,1979-12-31,421.7218725346412
DBA_116,1980-03-31,423.7141907952414
DBA_116,1980-06-30,425.3982941323333
DBA_116,1980-09-30,424.85396437178696
DBA_116,1980-12-31,426.970942179076
DBA_116,1981-03-31,435.15902733096783
DBA_116,1981-06-30,435.89078943374835
DBA_116,1981-09-30,439.67685683641326
DBA_116,1981-12-31,442.43824370346465
DBA_116,1982-03-31,439.50886854655994
DBA_116,1982-06-30,446.15161838627915
DBA_116,1982-09-30,446.76219123127066
DBA_116,1982-12-31,449.51478851069174
DBA_116,1983-03-31,452.66620599012094
DBA_116,1983-06-30,455.9163389779506
DBA_116,1983-09-30,462.9355677288488
DBA_116,1983-12-31,469.3435841940583
DBA_116,1984-03-31,472.70079633986177
DBA_116,1984-06-30,478.3519604161855
DBA_116,1984-09-30,482.51908744199653
DBA_116,1984-12-31,491.1748564479294
DBA_116,1985-03-31,495.12707435475807
DBA_116,1985-06-30,500.50227667346945
DBA_116,1985-09-30,504.90380407872084
DBA_116,1985-12-31,508.9250181231491
DBA_116,1986-03-31,517.3221851345825
DBA_116,1986-06-30,519.8477798341193
DBA_116,1986-09-30,524.1948842866975
DBA_116,1986-12-31,530.9825328659397
DBA_116,1987-03-31,534.4114374958737
DBA_116,1987-06-30,540.5047597190285
DBA_116,1987-09-30,895.5538562734667
DBA_117,1971-12-31,65.0
DBA_117,1972-03-31,71.0
DBA_117,1972-06-30,70.0
DBA_117,1972-09-30,74.0
DBA_117,1972-12-31,69.0
DBA_117,1973-03-31,71.0
DBA_117,1973-06-30,66.0
DBA_117,1973-09-30,69.0
DBA_117,1973-12-31,64.0
DBA_117,1974-03-31,71.0
DBA_117,1974-06-30,66.0
DBA_117,1974-09-30,72.0
DBA_117,1974-12-31,67.0
DBA_117,1975-03-31,72.0
DBA_117,1975-06-30,67.0
DBA_117,1975-09-30,71.0
DBA_117,1975-12-31,68.0
DBA_117,1976-03-31,80.0
DBA_117,1976-06-30,78.0
DBA_117,1976-09-30,80.0
DBA_117,1976-12-31,78.0
DBA_117,1977-03-31,85.0
DBA_117,1977-06-30,82.0
DBA_117,1977-09-30,85.0
DBA_117,1977-12-31,85.0
DBA_117,1978-03-31,93.0
DBA_117,1978-06-30,89.0
DBA_117,1978-09-30,93.0
DBA_117,1978-12-31,89.0
DBA_117,1979-03-31,99.0
DBA_117,1979-06-30,91.0
DBA_117,1979-09-30,100.0
DBA_117,1979-12-31,92.0
DBA_117,1980-03-31,101.0
DBA_117,1980-06-30,100.0
DBA_117,1980-09-30,107.0
DBA_117,1980-12-31,101.0
DBA_117,1981-03-31,111.0
DBA_117,1981-06-30,108.0
DBA_117,1981-09-30,112.0
DBA_117,1981-12-31,107.0
DBA_117,1982-03-31,116.0
DBA_117,1982-06-30,110.0
DBA_117,1982-09-30,116.0
DBA_117,1982-12-31,109.0
DBA_117,1983-03-31,115.0
DBA_117,1983-06-30,121.0
DBA_117,1983-09-30,124.0
DBA_117,1983-12-31,120.0
DBA_117,1984-03-31,134.0
DBA_117,1984-06-30,126.0
DBA_117,1984-09-30,133.0
DBA_117,1984-12-31,127.0
DBA_117,1985-03-31,148.0
DBA_117,1985-06-30,145.0
DBA_117,1985-09-30,150.0
DBA_118,1977-03-31,306.6165144224228
DBA_118,1977-06-30,309.74158788377514
DBA_118,1977-09-30,260.52150359670753
DBA_118,1977-12-31,307.58093721748327
DBA_118,1978-03-31,301.4523921293059
DBA_118,1978-06-30,300.4184834525376
DBA_118,1978-09-30,261.6538522693269
DBA_118,1978-12-31,313.32363418820586
DBA_118,1979-03-31,316.8527242775794
DBA_118,1979-06-30,277.21816015578065
DBA_118,1979-09-30,280.81190749643287
DBA_118,1979-12-31,340.92597559575097
DBA_118,1980-03-31,332.68226339210617
DBA_118,1980-06-30,340.74270887833507
DBA_118,1980-09-30,295.83707173827224
DBA_118,1980-12-31,353.9516965039344
DBA_118,1981-03-31,351.96571124907473
DBA_118,1981-06-30,354.64034736484086
DBA_118,1981-09-30,305.32689591993903
DBA_118,1981-12-31,369.19388742425224
DBA_118,1982-03-31,365.5605235187109
DBA_118,1982-06-30,362.7914531629819
DBA_118,1982-09-30,317.85687897914255
DBA_118,1982-12-31,387.3546698394697
DBA_118,1983-03-31,389.0299739409892
DBA_118,1983-06-30,383.79080934594145
DBA_118,1983-09-30,333.4462881917308
DBA_118,1983-12-31,410.5367360735011
DBA_118,1984-03-31,422.10112314616396
DBA_118,1984-06-30,410.59460924117707
DBA_118,1984-09-30,355.5972847164534
DBA_118,1984-12-31,574.4569231218667
DBA_118,1985-03-31,705.5702528910269
DBA_119,1975-12-31,64.0
DBA_119,1976-03-31,63.0
DBA_119,1976-06-30,61.0
DBA_119,1976-09-30,60.0
DBA_119,1976-12-31,58.0
DBA_119,1977-03-31,62.0
DBA_119,1977-06-30,63.0
DBA_119,1977-09-30,66.0
DBA_119,1977-12-31,66.0
DBA_119,1978-03-31,68.0
DBA_119,1978-06-30,67.0
DBA_119,1978-09-30,69.0
DBA_119,1978-12-31,69.0
DBA_119,1979-03-31,73.0
DBA_119,1979-06-30,71.0
DBA_119,1979-09-30,74.0
DBA_119,1979-12-31,74.0
DBA_119,1980-03-31,78.0
DBA_119,1980-06-30,76.0
DBA_119,1980-09-30,79.0
DBA_119,1980-12-31,82.0
DBA_119,1981-03-31,85.0
DBA_119,1981-06-30,84.0
DBA_119,1981-09-30,88.0
DBA_119,1981-12-31,90.0
DBA_119,1982-03-31,94.0
DBA_119,1982-06-30,93.0
DBA_119,1982-09-30,95.0
DBA_119,1982-12-31,93.0
DBA_119,1983-03-31,95.0
DBA_119,1983-06-30,93.0
DBA_119,1983-09-30,97.0
DBA_119,1983-12-31,98.0
DBA_119,1984-03-31,101.0
DBA_119,1984-06-30,99.0
DBA_119,1984-09-30,102.0
DBA_119,1984-12-31,103.0
DBA_119,1985-03-31,106.0
DBA_119,1985-06-30,104.0
DBA_119,1985-09-30,105.0
DBA_119,1985-12-31,101.0
DBA_119,1986-03-31,103.0
DBA_119,1986-06-30,99.0
DBA_119,1986-09-30,97.0
DBA_119,1986-12-31,98.0
DBA_119,1987-03-31,102.0
DBA_119,1987-06-30,100.0
DBA_119,1987-09-30,102.0
DBA_119,1987-12-31,103.0
DBA_119,1988-03-31,109.0
DBA_119,1988-06-30,109.0
DBA_119,1988-09-30,114.0
DBA_120,1968-12-31,34.0
DBA_120,1969-03-31,35.0
DBA_120,1969-06-30,30.0
DBA_120,1969-09-30,32.0
DBA_120,1969-12-31,26.0
DBA_120,1970-03-31,30.0
DBA_120,1970-06-30,31.0
DBA_120,1970-09-30,36.0
DBA_120,1970-12-31,33.0
DBA_120,1971-03-31,40.0
DBA_120,1971-06-30,40.0
DBA_120,1971-09-30,46.0
DBA_120,1971-12-31,33.0
DBA_120,1972-03-31,42.0
DBA_120,1972-06-30,40.0
DBA_120,1972-09-30,46.0
DBA_120,1972-12-31,37.0
DBA_120,1973-03-31,40.0
DBA_120,1973-06-30,37.0
DBA_120,1973-09-30,43.0
DBA_120,1973-12-31,36.0
DBA_120,1974-03-31,40.0
DBA_120,1974-06-30,39.0
DBA_120,1974-09-30,47.0
DBA_120,1974-12-31,37.0
DBA_120,1975-03-31,47.0
DBA_120,1975-06-30,50.0
DBA_120,1975-09-30,63.0
DBA_120,1975-12-31,55.0
DBA_120,1976-03-31,64.0
DBA_120,1976-06-30,63.0
DBA_120,1976-09-30,77.0
DBA_121,1977-12-31,29.617069074631722
DBA_121,1978-03-31,37.78818895375942
DBA_121,1978-06-30,42.89189839100806
DBA_121,1978-09-30,45.95412326212004
DBA_121,1978-12-31,35.74151980590219
DBA_121,1979-03-31,42.89189839100806
DBA_121,1979-06-30,43.91263869598339
DBA_121,1979-09-30,45.95412326212004
DBA_121,1979-12-31,37.78818895375942
DBA_121,1980-03-31,45.95412326212004
DBA_121,1980-06-30,54.12524215220123
DBA_121,1980-09-30,53.104501847225904
DBA_121,1980-12-31,40.8504138248714
DBA_121,1981-03-31,57.19265358312679
DBA_121,1981-06-30,55.145984435269554
DBA_121,1981-09-30,56.166726718337884
DBA_121,1981-12-31,46.98005012690894
DBA_121,1982-03-31,61.2756207373071
DBA_121,1982-06-30,65.35858986958038
DBA_121,1982-09-30,61.2756207373071
DBA_121,1982-12-31,56.166726718337884
DBA_121,1983-03-31,76.5919336307736
DBA_121,1983-06-30,80.68008536667448
DBA_121,1983-09-30,83.74231221587944
DBA_121,1983-12-31,73.5297067815686
DBA_121,1984-03-31,90.89269080098533
DBA_121,1984-06-30,76.5919336307736
DBA_121,1984-09-30,104.16751912831515
DBA_121,1984-12-31,78.63860475672381
DBA_121,1985-03-31,128.67569517302417
DBA_121,1985-06-30,99.06381166915949
DBA_121,1985-09-30,118.46308973871331
DBA_121,1985-12-31,98.04306938609116
DBA_121,1986-03-31,148.0801598023915
DBA_121,1986-06-30,114.38012060644002
DBA_121,1986-09-30,149.10608864527345
DBA_121,1986-12-31,125.6134643676332
DBA_121,1987-03-31,164.42240153873993
DBA_121,1987-06-30,171.57277616765978
DBA_121,1987-09-30,165.44313986562224
DBA_121,1987-12-31,140.93496777709922
DBA_121,1988-03-31,171.57277616765978
DBA_121,1988-06-30,172.59351449454218
DBA_121,1988-09-30,185.86835073424393
DBA_121,1988-12-31,155.2305344313114
DBA_121,1989-03-31,134.80533147506168
DBA_122,1969-12-31,1907.857276931498
DBA_122,1970-03-31,617.935416301074
DBA_122,1970-06-30,931.0204033237043
DBA_122,1970-09-30,1226.9378651950892
DBA_122,1970-12-31,1191.145793630458
DBA_122,1971-03-31,1236.7062486374834
DBA_122,1971-06-30,1213.6447485301903
DBA_122,1971-09-30,1315.9302609863091
DBA_122,1971-12-31,1337.3421579262017
DBA_122,1972-03-31,989.1847377902949
DBA_122,1972-06-30,973.0257239769926
DBA_122,1972-09-30,1619.710575113752
DBA_122,1972-12-31,1188.8069530855416
DBA_122,1973-03-31,2032.9228273531157
DBA_122,1973-06-30,1113.4417644293474
DBA_122,1973-09-30,1398.8382594532386
DBA_122,1973-12-31,893.9153627121289
DBA_122,1974-03-31,1462.4655153767023
DBA_122,1974-06-30,1040.2239838500725
DBA_122,1974-09-30,3715.564171162241
DBA_122,1974-12-31,1823.847143301546
DBA_122,1975-03-31,1390.8881922017547
DBA_122,1975-06-30,1227.4432123964484
DBA_122,1975-09-30,1374.569541408238
DBA_122,1975-12-31,1167.3252012528578
DBA_122,1976-03-31,1504.8324187209873
DBA_122,1976-06-30,1048.8806750408305
DBA_122,1976-09-30,1765.3252285362266
DBA_122,1976-12-31,1155.1546312092669
DBA_122,1977-03-31,1782.4927536874725
DBA_122,1977-06-30,927.1217417562032
DBA_122,1977-09-30,212.59995502292028
DBA_123,1976-12-31,98.59423949463539
DBA_123,1977-03-31,80.3195500859313
DBA_123,1977-06-30,74.35411941538531
DBA_123,1977-09-30,74.7544838489181
DBA_123,1977-12-31,78.29370550243857
DBA_123,1978-03-31,74.99470189813012
DBA_123,1978-06-30,44.2445257000889
DBA_123,1978-09-30,72.80088274646893
DBA_123,1978-12-31,82.97900761257588
DBA_123,1979-03-31,76.93350527713862
DBA_123,1979-06-30,76.77335889281788
DBA_123,1979-09-30,82.25835193767072
DBA_123,1979-12-31,88.58410968203474
DBA_123,1980-03-31,84.86071922836464
DBA_123,1980-06-30,83.77973647964144
DBA_123,1980-09-30,85.62141226298458
DBA_123,1980-12-31,89.42487438154593
DBA_123,1981-03-31,83.77973647964144
DBA_123,1981-06-30,78.53496301126972
DBA_123,1981-09-30,80.45671198677324
DBA_123,1981-12-31,84.22013674561985
DBA_123,1982-03-31,80.65689420353961
DBA_123,1982-06-30,75.25197435084715
DBA_123,1982-09-30,81.17736766167839
DBA_123,1982-12-31,84.05999036129911
DBA_123,1983-03-31,69.93248037390487
DBA_123,1983-06-30,77.23030139390818
DBA_123,1983-09-30,80.15296145324362
DBA_123,1983-12-31,84.51693286238941
DBA_123,1984-03-31,79.39226994589279
DBA_123,1984-06-30,75.70825404407898
DBA_123,1984-09-30,93.05840908364917
DBA_123,1984-12-31,107.74349523654905
DBA_123,1985-03-31,99.18166360633963
DBA_123,1985-06-30,97.01511091322575
DBA_123,1985-09-30,105.27201403627525
DBA_123,1985-12-31,106.47310733687357
DBA_123,1986-03-31,104.70966100531037
DBA_123,1986-06-30,107.35483050265519
DBA_123,1986-09-30,105.59138417109197
DBA_123,1986-12-31,102.06449150796557
DBA_123,1987-03-31,107.35483050265519
DBA_123,1987-06-30,105.59138417109197
DBA_123,1987-09-30,105.59138417109197
DBA_123,1987-12-31,106.47310733687357
DBA_123,1988-03-31,106.47310733687357
DBA_123,1988-06-30,104.70966100531037
DBA_123,1988-09-30,102.94621467374718
DBA_124,1975-12-31,35.5
DBA_124,1976-03-31,36.0
DBA_124,1976-06-30,35.20000076293945
DBA_124,1976-09-30,33.70000076293945
DBA_124,1976-12-31,32.5
DBA_124,1977-03-31,32.29999923706055
DBA_124,1977-06-30,31.600000381469727
DBA_124,1977-09-30,31.100000381469727
DBA_124,1977-12-31,30.399999618530273
DBA_124,1978-03-31,29.600000381469727
DBA_124,1978-06-30,29.299999237060547
DBA_124,1978-09-30,29.5
DBA_124,1978-12-31,28.700000762939453
DBA_124,1979-03-31,28.700000762939453
DBA_124,1979-06-30,30.799999237060547
DBA_124,1979-09-30,34.099998474121094
DBA_124,1979-12-31,37.900001525878906
DBA_124,1980-03-31,39.20000076293945
DBA_124,1980-06-30,38.29999923706055
DBA_124,1980-09-30,36.900001525878906
DBA_124,1980-12-31,38.20000076293945
DBA_124,1981-03-31,34.79999923706055
DBA_124,1981-06-30,33.5
DBA_124,1981-09-30,33.400001525878906
DBA_124,1981-12-31,33.79999923706055
DBA_124,1982-03-31,34.0
DBA_124,1982-06-30,38.900001525878906
DBA_124,1982-09-30,38.79999923706055
DBA_124,1982-12-31,40.20000076293945
DBA_124,1983-03-31,43.29999923706055
DBA_124,1983-06-30,43.900001525878906
DBA_124,1983-09-30,45.599998474121094
DBA_124,1983-12-31,46.400001525878906
DBA_124,1984-03-31,44.099998474121094
DBA_124,1984-06-30,42.79999923706055
DBA_124,1984-09-30,41.900001525878906
DBA_124,1984-12-31,43.400001525878906
DBA_124,1985-03-31,44.099998474121094
DBA_124,1985-06-30,43.0
DBA_124,1985-09-30,42.29999923706055
DBA_124,1985-12-31,42.70000076293945
DBA_124,1986-03-31,40.099998474121094
DBA_124,1986-06-30,38.0
DBA_124,1986-09-30,33.29999923706055
DBA_124,1986-12-31,32.70000076293945
DBA_124,1987-03-31,36.29999923706055
DBA_124,1987-06-30,38.400001525878906
DBA_124,1987-09-30,41.400001525878906
DBA_124,1987-12-31,41.900001525878906
DBA_124,1988-03-31,42.900001525878906
DBA_124,1988-06-30,42.79999923706055
DBA_124,1988-09-30,43.599998474121094
DBA_124,1988-12-31,45.20000076293945
DBA_124,1989-03-31,44.70000076293945
DBA_124,1989-06-30,42.900001525878906
DBA_124,1989-09-30,40.099998474121094
DBA_124,1989-12-31,40.20000076293945
DBA_124,1990-03-31,38.29999923706055
DBA_124,1990-06-30,39.599998474121094
DBA_124,1990-09-30,43.400001525878906
DBA_124,1990-12-31,46.400001525878906
DBA_124,1991-03-31,51.29999923706055
DBA_124,1991-06-30,54.599998474121094
DBA_124,1991-09-30,56.400001525878906
DBA_124,1991-12-31,60.900001525878906
DBA_124,1992-03-31,61.599998474121094
DBA_124,1992-06-30,61.70000076293945
DBA_124,1992-09-30,63.79999923706055
DBA_125,1975-12-31,94.0
DBA_125,1976-03-31,132.0
DBA_125,1976-06-30,131.0
DBA_125,1976-09-30,127.0
DBA_125,1976-12-31,77.0
DBA_125,1977-03-31,103.0
DBA_125,1977-06-30,103.0
DBA_125,1977-09-30,113.0
DBA_125,1977-12-31,86.0
DBA_125,1978-03-31,133.0
DBA_125,1978-06-30,146.0
DBA_125,1978-09-30,156.0
DBA_125,1978-12-31,104.0
DBA_125,1979-03-31,146.0
DBA_125,1979-06-30,150.0
DBA_125,1979-09-30,148.0
DBA_125,1979-12-31,92.0
DBA_125,1980-03-31,150.0
DBA_125,1980-06-30,165.0
DBA_125,1980-09-30,104.0
DBA_125,1980-12-31,113.0
DBA_125,1981-03-31,173.0
DBA_125,1981-06-30,173.0
DBA_125,1981-09-30,199.0
DBA_125,1981-12-31,136.0
DBA_125,1982-03-31,201.0
DBA_125,1982-06-30,214.0
DBA_125,1982-09-30,221.0
DBA_125,1982-12-31,153.0
DBA_125,1983-03-31,232.0
DBA_125,1983-06-30,240.0
DBA_125,1983-09-30,226.0
DBA_125,1983-12-31,176.0
DBA_125,1984-03-31,256.0
DBA_125,1984-06-30,271.0
DBA_125,1984-09-30,265.0
DBA_125,1984-12-31,180.0
DBA_125,1985-03-31,282.0
DBA_125,1985-06-30,294.0
DBA_125,1985-09-30,268.0
DBA_125,1985-12-31,208.0
DBA_125,1986-03-31,297.0
DBA_125,1986-06-30,286.0
DBA_125,1986-09-30,275.0
DBA_126,1971-12-31,2631.0
DBA_126,1972-03-31,2648.0
DBA_126,1972-06-30,2836.0
DBA_126,1972-09-30,2835.0
DBA_126,1972-12-31,2651.0
DBA_126,1973-03-31,2697.0
DBA_126,1973-06-30,2600.0
DBA_126,1973-09-30,2641.0
DBA_126,1973-12-31,2571.0
DBA_126,1974-03-31,2639.0
DBA_126,1974-06-30,2667.0
DBA_126,1974-09-30,2764.0
DBA_126,1974-12-31,2861.0
DBA_126,1975-03-31,2986.0
DBA_126,1975-06-30,2966.0
DBA_126,1975-09-30,3090.0
DBA_126,1975-12-31,3115.0
DBA_126,1976-03-31,3159.0
DBA_126,1976-06-30,3360.0
DBA_126,1976-09-30,3278.0
DBA_126,1976-12-31,3445.0
DBA_126,1977-03-31,3403.0
DBA_126,1977-06-30,3498.0
DBA_126,1977-09-30,3698.0
DBA_126,1977-12-31,3692.0
DBA_126,1978-03-31,3829.0
DBA_126,1978-06-30,3898.0
DBA_126,1978-09-30,4020.0
DBA_126,1978-12-31,4190.0
DBA_126,1979-03-31,4388.0
DBA_126,1979-06-30,4632.0
DBA_126,1979-09-30,4734.0
DBA_126,1979-12-31,4869.0
DBA_126,1980-03-31,4927.0
DBA_126,1980-06-30,4994.0
DBA_126,1980-09-30,5172.0
DBA_126,1980-12-31,5264.0
DBA_126,1981-03-31,5281.0
DBA_126,1981-06-30,5406.0
DBA_126,1981-09-30,5519.0
DBA_126,1981-12-31,5676.0
DBA_126,1982-03-31,5764.0
DBA_126,1982-06-30,5916.0
DBA_126,1982-09-30,6143.0
DBA_126,1982-12-31,6365.0
DBA_126,1983-03-31,6715.0
DBA_126,1983-06-30,6654.0
DBA_126,1983-09-30,6443.0
DBA_126,1983-12-31,6561.0
DBA_126,1984-03-31,6761.0
DBA_126,1984-06-30,7241.0
DBA_126,1984-09-30,7193.0
DBA_126,1984-12-31,7398.0
DBA_126,1985-03-31,7401.0
DBA_126,1985-06-30,7639.0
DBA_126,1985-09-30,8199.0
DBA_127,1975-12-31,2777.0
DBA_127,1976-03-31,2827.0
DBA_127,1976-06-30,2864.0
DBA_127,1976-09-30,2924.0
DBA_127,1976-12-31,2980.0
DBA_127,1977-03-31,3019.0
DBA_127,1977-06-30,3038.0
DBA_127,1977-09-30,3049.0
DBA_127,1977-12-31,3081.0
DBA_127,1978-03-31,3112.0
DBA_127,1978-06-30,3167.0
DBA_127,1978-09-30,3206.0
DBA_127,1978-12-31,3259.0
DBA_127,1979-03-31,3301.0
DBA_127,1979-06-30,3340.0
DBA_127,1979-09-30,3348.0
DBA_127,1979-12-31,3439.0
DBA_127,1980-03-31,3499.0
DBA_127,1980-06-30,3571.0
DBA_127,1980-09-30,3653.0
DBA_127,1980-12-31,3748.0
DBA_127,1981-03-31,3809.0
DBA_127,1981-06-30,3855.0
DBA_127,1981-09-30,3908.0
DBA_127,1981-12-31,3927.0
DBA_127,1982-03-31,3960.0
DBA_127,1982-06-30,4035.0
DBA_127,1982-09-30,4102.0
DBA_127,1982-12-31,4187.0
DBA_127,1983-03-31,4299.0
DBA_127,1983-06-30,4378.0
DBA_127,1983-09-30,4439.0
DBA_127,1983-12-31,4521.0
DBA_127,1984-03-31,4589.0
DBA_127,1984-06-30,4665.0
DBA_127,1984-09-30,4682.0
DBA_127,1984-12-31,4725.0
DBA_127,1985-03-31,4773.0
DBA_127,1985-06-30,4837.0
DBA_127,1985-09-30,4841.0
DBA_127,1985-12-31,5012.0
DBA_127,1986-03-31,5107.0
DBA_127,1986-06-30,5172.0
DBA_127,1986-09-30,5249.0
DBA_127,1986-12-31,5412.0
DBA_127,1987-03-31,5544.0
DBA_127,1987-06-30,5651.0
DBA_127,1987-09-30,5820.0
DBA_128,1976-12-31,203673.80663694054
DBA_128,1977-03-31,193982.9782375043
DBA_128,1977-06-30,211001.03035084167
DBA_128,1977-09-30,209948.7104892306
DBA_128,1977-12-31,218586.8177772586
DBA_128,1978-03-31,212363.27422052305
DBA_128,1978-06-30,227737.96693855312
DBA_128,1978-09-30,220278.710161817
DBA_128,1978-12-31,228726.66396072315
DBA_128,1979-03-31,232766.30356361278
DBA_128,1979-06-30,245592.4114716444
DBA_128,1979-09-30,238810.52160849172
DBA_128,1979-12-31,241341.48342791206
DBA_128,1980-03-31,231447.97329565708
DBA_128,1980-06-30,235182.8990459728
DBA_128,1980-09-30,224618.85624042555
DBA_128,1980-12-31,238977.17049371332
DBA_128,1981-03-31,237430.8966903974
DBA_128,1981-06-30,243688.63809807773
DBA_128,1981-09-30,250435.8545931333
DBA_128,1981-12-31,264235.4583876459
DBA_128,1982-03-31,250393.27297619186
DBA_128,1982-06-30,274163.1241958778
DBA_128,1982-09-30,274800.8388153692
DBA_128,1982-12-31,356041.7699687088
DBA_128,1983-03-31,279796.9175192302
DBA_128,1983-06-30,636773.8511064027
DBA_128,1983-09-30,275729.3023101401
DBA_128,1983-12-31,225948.496291731
DBA_128,1984-03-31,207567.45474132782
DBA_128,1984-06-30,50487.19195979295
DBA_128,1984-09-30,50523.90722633046
DBA_128,1984-12-31,50539.64234056081
DBA_128,1985-03-31,50541.390686586405
DBA_128,1985-06-30,50541.390686586405
DBA_128,1985-09-30,50553.62910876556
DBA_129,1975-12-31,32.13957619808106
DBA_129,1976-03-31,32.178390148081064
DBA_129,1976-06-30,31.014635323343096
DBA_129,1976-09-30,30.17565145587239
DBA_129,1976-12-31,29.16771882270345
DBA_129,1977-03-31,31.30233524973796
DBA_129,1977-06-30,31.693152326918945
DBA_129,1977-09-30,32.75133438061035
DBA_129,1977-12-31,32.57473605369141
DBA_129,1978-03-31,33.84461291811036
DBA_129,1978-06-30,33.370690556512045
DBA_129,1978-09-30,34.01727915000001
DBA_129,1978-12-31,34.08480211619141
DBA_129,1979-03-31,36.16228370662761
DBA_129,1979-06-30,35.13652801148275
DBA_129,1979-09-30,36.2414566483431
DBA_129,1979-12-31,36.147963358168944
DBA_129,1980-03-31,38.500730630494786
DBA_129,1980-06-30,37.4334225408138
DBA_129,1980-09-30,38.6162621496224
DBA_129,1980-12-31,39.74196704566894
DBA_129,1981-03-31,41.4649900125
DBA_129,1981-06-30,40.809275259186194
DBA_129,1981-09-30,42.35176768023274
DBA_129,1981-12-31,43.04510285688965
DBA_129,1982-03-31,45.345929481249996
DBA_129,1982-06-30,44.96297156453451
DBA_129,1982-09-30,45.60633082142416
DBA_129,1982-12-31,44.93447227142416
DBA_129,1983-03-31,46.339395068225926
DBA_129,1983-06-30,45.394822601683686
DBA_129,1983-09-30,46.67620145900726
DBA_129,1983-12-31,78.59481922507068
DBA_129,1984-03-31,90.42995090503042
DBA_129,1984-06-30,88.78260080503041
DBA_129,1984-09-30,91.53854795503042
DBA_129,1984-12-31,92.30831750503043
DBA_129,1985-03-31,94.93665365503044
DBA_129,1985-06-30,93.14189255503041
DBA_129,1985-09-30,94.10307860503042
DBA_129,1985-12-31,90.64116740503042
DBA_129,1986-03-31,92.30831750503043
DBA_129,1986-06-30,88.97401730503042
DBA_129,1986-09-30,87.30686720503041
DBA_129,1986-12-31,88.14044225503042
DBA_129,1987-03-31,91.47474245503042
DBA_129,1987-06-30,89.80759235503042
DBA_129,1987-09-30,91.47474245503042
DBA_129,1987-12-31,92.30831750503043
DBA_129,1988-03-31,97.67924887042157
DBA_129,1988-06-30,97.62897670884152
DBA_129,1988-09-30,102.33427116818326
DBA_130,1968-12-31,34.0
DBA_130,1969-03-31,35.0
DBA_130,1969-06-30,30.0
DBA_130,1969-09-30,32.0
DBA_130,1969-12-31,26.0
DBA_130,1970-03-31,30.0
DBA_130,1970-06-30,31.0
DBA_130,1970-09-30,36.0
DBA_130,1970-12-31,33.0
DBA_130,1971-03-31,40.0
DBA_130,1971-06-30,40.0
DBA_130,1971-09-30,46.0
DBA_130,1971-12-31,33.0
DBA_130,1972-03-31,42.0
DBA_130,1972-06-30,40.0
DBA_130,1972-09-30,46.0
DBA_130,1972-12-31,37.0
DBA_130,1973-03-31,40.0
DBA_130,1973-06-30,37.0
DBA_130,1973-09-30,43.0
DBA_130,1973-12-31,36.0
DBA_130,1974-03-31,40.0
DBA_130,1974-06-30,39.0
DBA_130,1974-09-30,47.0
DBA_130,1974-12-31,37.0
DBA_130,1975-03-31,47.0
DBA_130,1975-06-30,50.0
DBA_130,1975-09-30,63.0
DBA_130,1975-12-31,55.0
DBA_130,1976-03-31,64.0
DBA_130,1976-06-30,63.0
DBA_130,1976-09-30,77.0
DBA_131,1978-06-30,1259.0
DBA_131,1978-09-30,2202.0
DBA_131,1978-12-31,3071.0
DBA_131,1979-03-31,2732.0
DBA_131,1979-06-30,3836.0
DBA_131,1979-09-30,3695.0
DBA_131,1979-12-31,4053.0
DBA_131,1980-03-31,4531.0
DBA_131,1980-06-30,4203.0
DBA_131,1980-09-30,2816.0
DBA_131,1980-12-31,5820.0
DBA_131,1981-03-31,5963.0
DBA_131,1981-06-30,6547.0
DBA_131,1981-09-30,5778.0
DBA_131,1981-12-31,5102.0
DBA_131,1982-03-31,5374.0
DBA_131,1982-06-30,6742.0
DBA_131,1982-09-30,8400.0
DBA_131,1982-12-31,12085.0
DBA_131,1983-03-31,10568.0
DBA_131,1983-06-30,12203.0
DBA_131,1983-09-30,10882.0
DBA_131,1983-12-31,11246.0
DBA_131,1984-03-31,9756.0
DBA_131,1984-06-30,9617.0
DBA_131,1984-09-30,7076.0
DBA_131,1984-12-31,12625.0
DBA_131,1985-03-31,14519.0
DBA_131,1985-06-30,7190.0
DBA_131,1985-09-30,7912.0
DBA_132,1976-12-31,22.0
DBA_132,1977-03-31,22.0
DBA_132,1977-06-30,21.0
DBA_132,1977-09-30,21.0
DBA_132,1977-12-31,21.0
DBA_132,1978-03-31,21.0
DBA_132,1978-06-30,22.0
DBA_132,1978-09-30,24.0
DBA_132,1978-12-31,24.0
DBA_132,1979-03-31,24.0
DBA_132,1979-06-30,24.0
DBA_132,1979-09-30,25.0
DBA_132,1979-12-31,28.0
DBA_132,1980-03-31,31.0
DBA_132,1980-06-30,32.0
DBA_132,1980-09-30,34.0
DBA_132,1980-12-31,34.0
DBA_132,1981-03-31,35.0
DBA_132,1981-06-30,36.0
DBA_132,1981-09-30,39.0
DBA_132,1981-12-31,41.0
DBA_132,1982-03-31,45.0
DBA_132,1982-06-30,54.0
DBA_132,1982-09-30,68.0
DBA_132,1982-12-31,98.0
DBA_132,1983-03-31,110.0
DBA_132,1983-06-30,120.0
DBA_132,1983-09-30,118.0
DBA_132,1983-12-31,113.0
DBA_132,1984-03-31,106.0
DBA_132,1984-06-30,101.0
DBA_132,1984-09-30,98.0
DBA_132,1984-12-31,100.0
DBA_132,1985-03-31,106.0
DBA_132,1985-06-30,113.0
DBA_132,1985-09-30,119.0
DBA_132,1985-12-31,124.0
DBA_132,1986-03-31,125.0
DBA_132,1986-06-30,127.0
DBA_132,1986-09-30,133.0
DBA_132,1986-12-31,138.0
DBA_132,1987-03-31,144.0
DBA_132,1987-06-30,142.0
DBA_132,1987-09-30,141.0
DBA_132,1987-12-31,136.0
DBA_132,1988-03-31,134.0
DBA_132,1988-06-30,138.0
DBA_132,1988-09-30,137.0
DBA_133,1975-12-31,2777.0
DBA_133,1976-03-31,2827.0
DBA_133,1976-06-30,2864.0
DBA_133,1976-09-30,2924.0
DBA_133,1976-12-31,2980.0
DBA_133,1977-03-31,3019.0
DBA_133,1977-06-30,3038.0
DBA_133,1977-09-30,3049.0
DBA_133,1977-12-31,3081.0
DBA_133,1978-03-31,3112.0
DBA_133,1978-06-30,3167.0
DBA_133,1978-09-30,3206.0
DBA_133,1978-12-31,3259.0
DBA_133,1979-03-31,3301.0
DBA_133,1979-06-30,3340.0
DBA_133,1979-09-30,3348.0
DBA_133,1979-12-31,3439.0
DBA_133,1980-03-31,3499.0
DBA_133,1980-06-30,3571.0
DBA_133,1980-09-30,3653.0
DBA_133,1980-12-31,3748.0
DBA_133,1981-03-31,3809.0
DBA_133,1981-06-30,3855.0
DBA_133,1981-09-30,3908.0
DBA_133,1981-12-31,3927.0
DBA_133,1982-03-31,3960.0
DBA_133,1982-06-30,4035.0
DBA_133,1982-09-30,4102.0
DBA_133,1982-12-31,4187.0
DBA_133,1983-03-31,4299.0
DBA_133,1983-06-30,4378.0
DBA_133,1983-09-30,4439.0
DBA_133,1983-12-31,4521.0
DBA_133,1984-03-31,4589.0
DBA_133,1984-06-30,4665.0
DBA_133,1984-09-30,4682.0
DBA_133,1984-12-31,4725.0
DBA_133,1985-03-31,4773.0
DBA_133,1985-06-30,4837.0
DBA_133,1985-09-30,4841.0
DBA_133,1985-12-31,5012.0
DBA_133,1986-03-31,5107.0
DBA_133,1986-06-30,5172.0
DBA_133,1986-09-30,5249.0
DBA_133,1986-12-31,5412.0
DBA_133,1987-03-31,5544.0
DBA_133,1987-06-30,5651.0
DBA_133,1987-09-30,5820.0
DBA_134,1900-03-31,69.57848511108499
DBA_134,1900-06-30,85.97203971295998
DBA_134,1900-09-30,108.37074792085751
DBA_134,1900-12-31,116.94911043916
DBA_134,1901-03-31,143.90967835382503
DBA_134,1901-06-30,134.5143289290175
DBA_134,1901-09-30,97.6838705392375
DBA_134,1901-12-31,95.23290981972251
DBA_134,1902-03-31,96.8668836327325
DBA_134,1902-06-30,113.71418661166751
DBA_134,1902-09-30,113.305693158415
DBA_134,1902-12-31,108.403771719385
DBA_134,1903-03-31,90.23191698510999
DBA_134,1903-06-30,129.86618991440503
DBA_134,1903-09-30,136.81057861969754
DBA_134,1903-12-31,102.90562199973999
DBA_134,1904-03-31,100.45466128022498
DBA_134,1904-06-30,117.2028928635775
DBA_134,1904-09-30,104.94808926600251
DBA_134,1904-12-31,111.48398451804249
DBA_134,1905-03-31,102.088635093235
DBA_134,1905-06-30,124.964268475375
DBA_134,1905-09-30,120.87933394285
DBA_134,1905-12-31,112.7094648778
DBA_134,1906-03-31,104.94808926600251
DBA_134,1906-06-30,115.5689190505675
DBA_134,1906-09-30,131.500163727415
DBA_134,1906-12-31,126.59824228838501
DBA_134,1907-03-31,127.41522919488999
DBA_134,1907-06-30,147.98574191734502
DBA_134,1907-09-30,127.96956270797249
DBA_134,1907-12-31,132.87148414700246
DBA_134,1908-03-31,130.42052342748752
DBA_134,1908-06-30,178.5047921177925
DBA_134,1908-09-30,134.51921559321252
DBA_134,1908-12-31,144.9083864029275
DBA_134,1909-03-31,142.04893223016003
DBA_134,1909-06-30,155.0753981837375
DBA_134,1909-09-30,146.56037553639248
DBA_134,1909-12-31,129.81214395304
DBA_134,1910-03-31,135.12255884532252
DBA_134,1910-06-30,153.0962707884325
DBA_134,1910-09-30,132.24451685337002
DBA_134,1910-12-31,168.30896019872
DBA_134,1911-03-31,146.40581406569999
DBA_134,1911-06-30,140.68690572016502
DBA_134,1911-09-30,124.80098559381999
DBA_134,1911-12-31,150.19149206516246
DBA_134,1912-03-31,124.82829482386751
DBA_134,1912-06-30,136.5931359891
DBA_134,1912-09-30,150.90719106528502
DBA_134,1912-12-31,133.09810689951502
DBA_134,1913-03-31,153.57739802223503
DBA_134,1913-06-30,194.91567343104003
DBA_134,1913-09-30,156.28286322303998
DBA_134,1913-12-31,169.60949886608
DBA_134,1914-03-31,207.37270735424
DBA_134,1914-06-30,169.89781234409998
DBA_134,1914-09-30,185.34015165024002
DBA_134,1914-12-31,214.41675832426998
DBA_134,1915-03-31,143.24710335987
DBA_134,1915-06-30,189.50737908673003
DBA_134,1915-09-30,250.00158580647
DBA_134,1915-12-31,185.059275651455
DBA_134,1916-03-31,190.39699977378498
DBA_134,1916-06-30,171.71496534563
DBA_134,1916-09-30,163.70837916213503
DBA_134,1916-12-31,197.51396527022501
DBA_134,1917-03-31,175.27344809385
DBA_134,1917-06-30,290.924137411
DBA_134,1917-09-30,231.31955137831497
DBA_134,1917-12-31,181.50079290323498
DBA_134,1918-03-31,279.359068479285
DBA_134,1918-06-30,227.76106863009497
DBA_134,1918-09-30,251.8077791616
DBA_134,1918-12-31,246.55176747970998
DBA_134,1919-03-31,226.889463263495
DBA_134,1919-06-30,216.61039638543497
DBA_134,1919-09-30,194.100750083105
DBA_134,1919-12-31,304.61341046621
DBA_134,1920-03-31,150.57095263616503
DBA_134,1920-06-30,223.76106863009497
DBA_134,1920-09-30,225.89120649352498
DBA_134,1920-12-31,179.72813771262003
DBA_135,1971-12-31,169.26520315087453
DBA_135,1972-03-31,71.93733328131042
DBA_135,1972-06-30,139.18323310686412
DBA_135,1972-09-30,191.64382203811786
DBA_135,1972-12-31,189.39002321916254
DBA_135,1973-03-31,195.79568487374846
DBA_135,1973-06-30,193.87331609874974
DBA_135,1973-09-30,198.17037757425618
DBA_135,1973-12-31,196.54955520714307
DBA_135,1974-03-31,198.6226986239781
DBA_135,1974-06-30,196.92649037384032
DBA_135,1974-09-30,198.81116620732678
DBA_135,1974-12-31,197.4165072408616
DBA_135,1975-03-31,195.34336382402657
DBA_135,1975-06-30,194.74026813246832
DBA_135,1975-09-30,199.37656895737268
DBA_135,1975-12-31,200.6958420408131
DBA_135,1976-03-31,209.403043816363
DBA_135,1976-06-30,211.13694788380016
DBA_135,1976-09-30,219.46721449265274
DBA_135,1976-12-31,226.7797573017375
DBA_135,1977-03-31,224.17890407636878
DBA_135,1977-06-30,227.6843994011813
DBA_135,1977-09-30,225.61125598434623
DBA_135,1977-12-31,225.2720166349483
DBA_135,1978-03-31,229.45599641013084
DBA_135,1978-06-30,231.00143001843222
DBA_135,1978-09-30,222.82193805141603
DBA_135,1978-12-31,225.83741938499423
DBA_135,1979-03-31,227.19438540994707
DBA_135,1979-06-30,229.04136830192118
DBA_135,1979-09-30,233.3761227189399
DBA_135,1979-12-31,230.9260441354076
DBA_135,1980-03-31,233.26304101861595
DBA_135,1980-06-30,238.20089400298
DBA_135,1980-09-30,235.71311960214825
DBA_135,1980-12-31,244.38262843618583
DBA_135,1981-03-31,253.12752315324798
DBA_135,1981-06-30,252.86366968687466
DBA_135,1981-09-30,253.57984420296984
DBA_135,1981-12-31,256.39429459795775
DBA_135,1982-03-31,260.1636462649306
DBA_135,1982-06-30,258.65590559814143
DBA_135,1982-09-30,261.7753678916048
DBA_135,1982-12-31,261.02149755821017
DBA_135,1983-03-31,260.2299371590904
DBA_135,1983-06-30,262.5792741317049
DBA_135,1983-09-30,285.53190692369583
DBA_135,1983-12-31,341.3254386466258
DBA_135,1984-03-31,351.7376613446279
DBA_135,1984-06-30,309.89352397311467
DBA_135,1984-09-30,355.2090569024049
DBA_135,1984-12-31,362.7792635914186
DBA_135,1985-03-31,372.25179587182254
DBA_135,1985-06-30,385.6818536504738
DBA_135,1985-09-30,399.55760523790775
DBA_136,1975-12-31,69.44384174893608
DBA_136,1976-03-31,73.21658309781586
DBA_136,1976-06-30,73.60898027912133
DBA_136,1976-09-30,80.60622535826775
DBA_136,1976-12-31,78.82060831970388
DBA_136,1977-03-31,81.22826502849657
DBA_136,1977-06-30,80.42765635392453
DBA_136,1977-09-30,87.41049354593358
DBA_136,1977-12-31,87.10640604196283
DBA_136,1978-03-31,89.57096618564869
DBA_136,1978-06-30,87.15517862533994
DBA_136,1978-09-30,93.71603396602094
DBA_136,1978-12-31,92.76416896564503
DBA_136,1979-03-31,96.02717483741846
DBA_136,1979-06-30,93.39377464173225
DBA_136,1979-09-30,102.34138568026128
DBA_136,1979-12-31,98.95986389262933
DBA_136,1980-03-31,105.96336336695416
DBA_136,1980-06-30,105.1785690043432
DBA_136,1980-09-30,110.67949730207785
DBA_136,1980-12-31,111.28572398262716
DBA_136,1981-03-31,117.33375769086692
DBA_136,1981-06-30,115.76416896564503
DBA_136,1981-09-30,123.39828441479223
DBA_136,1981-12-31,119.4743126017375
DBA_136,1982-03-31,125.47325364518801
DBA_136,1982-06-30,121.08156243491551
DBA_136,1982-09-30,126.60544948104788
DBA_136,1982-12-31,126.21305229974242
DBA_136,1983-03-31,130.75538794183942
DBA_136,1983-06-30,124.7887962667602
DBA_136,1983-09-30,147.63398895765147
DBA_136,1983-12-31,103.7994646477
DBA_136,1984-03-31,109.29302518597666
DBA_136,1984-06-30,111.64740827380948
DBA_136,1984-09-30,110.86261391119854
DBA_136,1984-12-31,101.44508155986719
DBA_136,1985-03-31,110.0778195485876
DBA_136,1985-06-30,113.21699699903138
DBA_136,1985-09-30,118.07134614766917
DBA_137,1975-12-31,29.497970320846235
DBA_137,1976-03-31,290.99678567987564
DBA_137,1976-06-30,293.9837266440412
DBA_137,1976-09-30,303.078806634437
DBA_137,1976-12-31,300.9686353590438
DBA_137,1977-03-31,311.16985280606684
DBA_137,1977-06-30,312.43549432851603
DBA_137,1977-09-30,317.3590721187725
DBA_137,1977-12-31,315.12077605408723
DBA_137,1978-03-31,325.08359272546664
DBA_137,1978-06-30,331.0116477223439
DBA_137,1978-09-30,337.2860529337371
DBA_137,1978-12-31,336.2290381701491
DBA_137,1979-03-31,348.47425581790355
DBA_137,1979-06-30,352.1314289586374
DBA_137,1979-09-30,353.77835271389836
DBA_137,1979-12-31,354.5173818770763
DBA_137,1980-03-31,368.4099080302266
DBA_137,1980-06-30,376.29158982755195
DBA_137,1980-09-30,383.84458204208664
DBA_137,1980-12-31,388.4973378080966
DBA_137,1981-03-31,401.0871059126763
DBA_137,1981-06-30,408.4277275331575
DBA_137,1981-09-30,413.051879532429
DBA_137,1981-12-31,413.2928891739002
DBA_137,1982-03-31,426.4463802385654
DBA_137,1982-06-30,425.88266351159535
DBA_137,1982-09-30,443.12516244972335
DBA_137,1982-12-31,442.70850049869114
DBA_137,1983-03-31,471.4664495806519
DBA_137,1983-06-30,467.5939115731865
DBA_137,1983-09-30,482.0014742981168
DBA_137,1983-12-31,480.9126155179088
DBA_137,1984-03-31,507.95488433944314
DBA_137,1984-06-30,501.98861411523853
DBA_137,1984-09-30,522.3370897168951
DBA_137,1984-12-31,519.5590668011745
DBA_137,1985-03-31,541.133548046811
DBA_137,1985-06-30,552.1148015366392
DBA_137,1985-09-30,552.3803322542379
DBA_137,1985-12-31,556.8168078666735
DBA_137,1986-03-31,578.8833297355868
DBA_137,1986-06-30,589.8711319686349
DBA_137,1986-09-30,605.1120904965678
DBA_137,1986-12-31,613.5111571099667
DBA_137,1987-03-31,808.2992592668454
DBA_137,1987-06-30,916.2123495360079
DBA_137,1987-09-30,1127.0882150799
DBA_138,1971-12-31,64.0
DBA_138,1972-03-31,55.0
DBA_138,1972-06-30,53.0
DBA_138,1972-09-30,60.0
DBA_138,1972-12-31,75.0
DBA_138,1973-03-31,61.0
DBA_138,1973-06-30,58.0
DBA_138,1973-09-30,69.0
DBA_138,1973-12-31,74.0
DBA_138,1974-03-31,66.0
DBA_138,1974-06-30,60.0
DBA_138,1974-09-30,66.0
DBA_138,1974-12-31,70.0
DBA_138,1975-03-31,64.0
DBA_138,1975-06-30,62.0
DBA_138,1975-09-30,70.0
DBA_138,1975-12-31,73.0
DBA_138,1976-03-31,74.0
DBA_138,1976-06-30,68.0
DBA_138,1976-09-30,77.0
DBA_138,1976-12-31,83.0
DBA_138,1977-03-31,76.0
DBA_138,1977-06-30,77.0
DBA_138,1977-09-30,83.0
DBA_138,1977-12-31,85.0
DBA_138,1978-03-31,81.0
DBA_138,1978-06-30,83.0
DBA_138,1978-09-30,86.0
DBA_138,1978-12-31,88.0
DBA_138,1979-03-31,88.0
DBA_138,1979-06-30,87.0
DBA_138,1979-09-30,95.0
DBA_138,1979-12-31,98.0
DBA_138,1980-03-31,99.0
DBA_138,1980-06-30,98.0
DBA_138,1980-09-30,106.0
DBA_138,1980-12-31,114.0
DBA_138,1981-03-31,121.0
DBA_138,1981-06-30,115.0
DBA_138,1981-09-30,122.0
DBA_138,1981-12-31,125.0
DBA_138,1982-03-31,126.0
DBA_138,1982-06-30,124.0
DBA_138,1982-09-30,131.0
DBA_138,1982-12-31,139.0
DBA_138,1983-03-31,135.0
DBA_138,1983-06-30,130.0
DBA_138,1983-09-30,141.0
DBA_138,1983-12-31,147.0
DBA_138,1984-03-31,152.0
DBA_138,1984-06-30,140.0
DBA_138,1984-09-30,154.0
DBA_138,1984-12-31,162.0
DBA_138,1985-03-31,168.0
DBA_138,1985-06-30,157.0
DBA_138,1985-09-30,178.0
DBA_139,1969-12-31,43.0
DBA_139,1970-03-31,63.0
DBA_139,1970-06-30,74.0
DBA_139,1970-09-30,64.0
DBA_139,1970-12-31,70.0
DBA_139,1971-03-31,95.0
DBA_139,1971-06-30,109.0
DBA_139,1971-09-30,95.0
DBA_139,1971-12-31,98.0
DBA_139,1972-03-31,125.0
DBA_139,1972-06-30,136.0
DBA_139,1972-09-30,114.0
DBA_139,1972-12-31,112.0
DBA_139,1973-03-31,131.0
DBA_139,1973-06-30,135.0
DBA_139,1973-09-30,111.0
DBA_139,1973-12-31,103.0
DBA_139,1974-03-31,128.0
DBA_139,1974-06-30,138.0
DBA_139,1974-09-30,118.0
DBA_139,1974-12-31,114.0
DBA_139,1975-03-31,137.0
DBA_139,1975-06-30,148.0
DBA_139,1975-09-30,125.0
DBA_139,1975-12-31,118.0
DBA_139,1976-03-31,135.0
DBA_139,1976-06-30,142.0
DBA_139,1976-09-30,122.0
DBA_139,1976-12-31,115.0
DBA_139,1977-03-31,131.0
DBA_139,1977-06-30,127.0
DBA_139,1977-09-30,87.0
DBA_140,1975-12-31,23.39683271215093
DBA_140,1976-03-31,44.11747554618303
DBA_140,1976-06-30,42.55840148121825
DBA_140,1976-09-30,44.335746239266875
DBA_140,1976-12-31,45.29979025912797
DBA_140,1977-03-31,43.77202483746035
DBA_140,1977-06-30,43.80061925452572
DBA_140,1977-09-30,43.64130705708187
DBA_140,1977-12-31,44.66254146935254
DBA_140,1978-03-31,45.93072647228942
DBA_140,1978-06-30,46.43001829204584
DBA_140,1978-09-30,48.36683484768604
DBA_140,1978-12-31,49.46328120342483
DBA_140,1979-03-31,50.23518717461628
DBA_140,1979-06-30,51.45857420143161
DBA_140,1979-09-30,51.45857575971046
DBA_140,1979-12-31,52.818858927875716
DBA_140,1980-03-31,54.17412785818336
DBA_140,1980-06-30,54.82363251118599
DBA_140,1980-09-30,56.44813688760239
DBA_140,1980-12-31,59.19427217625731
DBA_140,1981-03-31,59.45571085357201
DBA_140,1981-06-30,59.37877979028899
DBA_140,1981-09-30,58.52553169595712
DBA_140,1981-12-31,60.17618254284216
DBA_140,1982-03-31,61.26617199455556
DBA_140,1982-06-30,62.65164593269434
DBA_140,1982-09-30,64.32995162561738
DBA_140,1982-12-31,65.65307623459073
DBA_140,1983-03-31,65.95536207564025
DBA_140,1983-06-30,65.98395493442678
DBA_140,1983-09-30,69.18302407880712
DBA_140,1983-12-31,84.75215705097762
DBA_140,1984-03-31,84.58329294319253
DBA_140,1984-06-30,85.60081196555468
DBA_140,1984-09-30,83.68966315079722
DBA_140,1984-12-31,79.44633161164775
DBA_140,1985-03-31,79.67738305268239
DBA_140,1985-06-30,78.13763740851276
DBA_140,1985-09-30,75.94871756287168
DBA_140,1985-12-31,82.35133549019353
DBA_140,1986-03-31,80.72552705840546
DBA_140,1986-06-30,81.1134669121529
DBA_140,1986-09-30,85.08145155973223
DBA_140,1986-12-31,87.54086340175279
DBA_140,1987-03-31,89.62922938430299
DBA_140,1987-06-30,92.38578639977298
DBA_140,1987-09-30,97.10051731587028
DBA_141,1976-12-31,540.4088077233317
DBA_141,1977-03-31,585.61409745
DBA_141,1977-06-30,562.2739960499999
DBA_141,1977-09-30,623.8624312366658
DBA_141,1977-12-31,565.9289652616659
DBA_141,1978-03-31,625.5776403641685
DBA_141,1978-06-30,606.2131771875
DBA_141,1978-09-30,701.2887923733317
DBA_141,1978-12-31,626.042487375
DBA_141,1979-03-31,696.8483071391684
DBA_141,1979-06-30,690.0512752125001
DBA_141,1979-09-30,749.6999507733317
DBA_141,1979-12-31,693.0649068591633
DBA_141,1980-03-31,787.2108280233316
DBA_141,1980-06-30,744.4101444749999
DBA_141,1980-09-30,830.3644935966634
DBA_141,1980-12-31,770.2029115391684
DBA_141,1981-03-31,884.4026933891682
DBA_141,1981-06-30,811.2403260158367
DBA_141,1981-09-30,909.8424784283367
DBA_141,1981-12-31,861.3990074733317
DBA_141,1982-03-31,957.9652817466634
DBA_141,1982-06-30,896.6013965999999
DBA_141,1982-09-30,1052.8005995033366
DBA_141,1982-12-31,942.7756919466633
DBA_141,1983-03-31,1086.8155618658368
DBA_141,1983-06-30,1015.0792643016683
DBA_141,1983-09-30,1014.1495711966634
DBA_141,1983-12-31,1207.7721188266682
DBA_141,1984-03-31,1032.3449239108318
DBA_141,1984-06-30,1242.899478394534
DBA_141,1984-09-30,1137.1275248091636
DBA_141,1984-12-31,1969.8596058710596
DBA_141,1985-03-31,1395.3063193033367
DBA_141,1985-06-30,238.18312722500002
DBA_141,1985-09-30,238.27286562232354
DBA_141,1985-12-31,281.0909383776765
DBA_141,1986-03-31,261.69586232767654
DBA_141,1986-06-30,311.620008555353
DBA_141,1986-09-30,292.9947945776765
DBA_142,1978-06-30,839.0
DBA_142,1978-09-30,835.0
DBA_142,1978-12-31,839.0
DBA_142,1979-03-31,869.0
DBA_142,1979-06-30,840.0
DBA_142,1979-09-30,846.0
DBA_142,1979-12-31,879.0
DBA_142,1980-03-31,871.0
DBA_142,1980-06-30,853.0
DBA_142,1980-09-30,860.0
DBA_142,1980-12-31,871.0
DBA_142,1981-03-31,874.0
DBA_142,1981-06-30,865.0
DBA_142,1981-09-30,878.0
DBA_142,1981-12-31,880.0
DBA_142,1982-03-31,870.0
DBA_142,1982-06-30,861.0
DBA_142,1982-09-30,884.0
DBA_142,1982-12-31,878.0
DBA_142,1983-03-31,886.0
DBA_142,1983-06-30,882.0
DBA_142,1983-09-30,892.0
DBA_142,1983-12-31,881.0
DBA_142,1984-03-31,889.0
DBA_142,1984-06-30,867.0
DBA_142,1984-09-30,847.0
DBA_142,1984-12-31,890.0
DBA_142,1985-03-31,979.0
DBA_142,1985-06-30,934.0
DBA_143,1977-12-31,290.4599914550781
DBA_143,1978-03-31,292.3299865722656
DBA_143,1978-06-30,262.3699951171875
DBA_143,1978-09-30,299.7200012207031
DBA_143,1978-12-31,286.55999755859375
DBA_143,1979-03-31,298.17999267578125
DBA_143,1979-06-30,262.7699890136719
DBA_143,1979-09-30,335.75
DBA_143,1979-12-31,351.1700134277344
DBA_143,1980-03-31,361.5400085449219
DBA_143,1980-06-30,324.3399963378906
DBA_143,1980-09-30,371.54998779296875
DBA_143,1980-12-31,376.82000732421875
DBA_143,1981-03-31,391.1700134277344
DBA_143,1981-06-30,341.010009765625
DBA_143,1981-09-30,456.9100036621094
DBA_143,1981-12-31,496.9200134277344
DBA_143,1982-03-31,495.989990234375
DBA_143,1982-06-30,456.8500061035156
DBA_143,1982-09-30,504.3299865722656
DBA_143,1982-12-31,492.0199890136719
DBA_143,1983-03-31,469.8299865722656
DBA_143,1983-06-30,328.5400085449219
DBA_143,1983-09-30,301.1300048828125
DBA_144,1978-06-30,83516.23073423177
DBA_144,1978-09-30,78453.85296914431
DBA_144,1978-12-31,89506.11839997076
DBA_144,1979-03-31,89668.29030091199
DBA_144,1979-06-30,93057.560482548
DBA_144,1979-09-30,99591.79465153666
DBA_144,1979-12-31,108626.23628798143
DBA_144,1980-03-31,117765.44001545075
DBA_144,1980-06-30,118425.17213027274
DBA_144,1980-09-30,117234.13195610793
DBA_144,1980-12-31,122787.37701066223
DBA_144,1981-03-31,125087.93531265206
DBA_144,1981-06-30,133036.3467131932
DBA_144,1981-09-30,141519.75533543792
DBA_144,1981-12-31,145154.61321724948
DBA_144,1982-03-31,131967.01687289833
DBA_144,1982-06-30,120845.23708912896
DBA_144,1982-09-30,114363.1182944877
DBA_144,1982-12-31,115133.12845386866
DBA_144,1983-03-31,116325.92933736596
DBA_144,1983-06-30,110512.30247927997
DBA_144,1983-09-30,108915.46708178175
DBA_144,1983-12-31,126487.62848489433
DBA_144,1984-03-31,88731.0334021578
DBA_144,1984-06-30,84363.42139998208
DBA_144,1984-09-30,78415.81984051503
DBA_144,1984-12-31,88420.59068237561
DBA_144,1985-03-31,123961.38927598375
DBA_144,1985-06-30,186455.80482105524
DBA_144,1985-09-30,199482.8352829757
DBA_145,1975-09-30,86.581177975146
DBA_145,1975-12-31,82.58647898802371
DBA_145,1976-03-31,80.49058253232135
DBA_145,1976-06-30,78.80147973786316
DBA_145,1976-09-30,67.31459916862649
DBA_145,1976-12-31,80.20833512039755
DBA_145,1977-03-31,95.93378618494766
DBA_145,1977-06-30,110.89726323181236
DBA_145,1977-09-30,106.8936188964846
DBA_145,1977-12-31,104.4104379965719
DBA_145,1978-03-31,98.71946444522698
DBA_145,1978-06-30,92.71426806535787
DBA_145,1978-09-30,88.71062373003012
DBA_145,1978-12-31,93.11463249889066
DBA_145,1979-03-31,97.51864126775118
DBA_145,1979-06-30,103.29033899468963
DBA_145,1979-09-30,110.58710721709063
DBA_145,1979-12-31,122.09995187580404
DBA_145,1980-03-31,136.68491864258357
DBA_145,1980-06-30,126.07848522630535
DBA_145,1980-09-30,121.36308189803044
DBA_145,1980-12-31,117.59223382774498
DBA_145,1981-03-31,123.4831808999127
DBA_145,1981-06-30,126.26740697622775
DBA_145,1981-09-30,135.948036841411
DBA_145,1981-12-31,147.69408856680602
DBA_145,1982-03-31,159.96438849763334
DBA_145,1982-06-30,178.53389581464685
DBA_145,1982-09-30,194.83158217485652
DBA_145,1982-12-31,202.509287255017
DBA_145,1983-03-31,211.90369245952377
DBA_145,1983-06-30,209.1011414247943
DBA_145,1983-09-30,207.49968369066323
DBA_145,1983-12-31,207.09931925713047
DBA_145,1984-03-31,207.49968369066323
DBA_145,1984-06-30,205.49786152299933
DBA_145,1984-09-30,214.99271132934453
DBA_145,1984-12-31,236.53303783760225
DBA_145,1985-03-31,246.05892172319832
DBA_145,1985-06-30,258.95221051363677
DBA_145,1985-09-30,300.38317184974164
DBA_145,1985-12-31,316.17201521940683
DBA_145,1986-03-31,332.65501484251786
DBA_145,1986-06-30,347.244812701461
DBA_145,1986-09-30,357.5004102160844
DBA_145,1986-12-31,370.3726729812833
DBA_145,1987-03-31,370.90576826649453
DBA_146,1969-12-31,1.0299999713897705
DBA_146,1970-03-31,1.0399999618530273
DBA_146,1970-06-30,1.0700000524520874
DBA_146,1970-09-30,1.059999942779541
DBA_146,1970-12-31,1.0700000524520874
DBA_146,1971-03-31,1.0700000524520874
DBA_146,1971-06-30,1.090000033378601
DBA_146,1971-09-30,1.100000023841858
DBA_146,1971-12-31,1.090000033378601
DBA_146,1972-03-31,1.090000033378601
DBA_146,1972-06-30,1.1200000047683716
DBA_146,1972-09-30,1.1200000047683716
DBA_146,1972-12-31,1.1200000047683716
DBA_146,1973-03-31,1.1100000143051147
DBA_146,1973-06-30,1.1299999952316284
DBA_146,1973-09-30,1.1299999952316284
DBA_146,1973-12-31,1.1299999952316284
DBA_146,1974-03-31,1.1200000047683716
DBA_146,1974-06-30,1.1299999952316284
DBA_146,1974-09-30,1.1299999952316284
DBA_146,1974-12-31,1.1299999952316284
DBA_146,1975-03-31,1.1299999952316284
DBA_146,1975-06-30,1.149999976158142
DBA_146,1975-09-30,1.149999976158142
DBA_146,1975-12-31,1.1399999856948853
DBA_146,1976-03-31,1.1399999856948853
DBA_146,1976-06-30,1.149999976158142
DBA_146,1976-09-30,1.149999976158142
DBA_146,1976-12-31,1.1399999856948853
DBA_146,1977-03-31,1.1299999952316284
DBA_146,1977-06-30,1.1399999856948853
DBA_146,1977-09-30,1.1299999952316284
DBA_147,1975-12-31,34.93064725463974
DBA_147,1976-03-31,44.39464031942097
DBA_147,1976-06-30,42.05355257507988
DBA_147,1976-09-30,45.10375114900715
DBA_147,1976-12-31,44.33583134942097
DBA_147,1977-03-31,46.002437057818426
DBA_147,1977-06-30,47.02367069094968
DBA_147,1977-09-30,49.85533672672722
DBA_147,1977-12-31,48.05796490910466
DBA_147,1978-03-31,52.40828674370414
DBA_147,1978-06-30,53.12087900888776
DBA_147,1978-09-30,57.084149481404104
DBA_147,1978-12-31,52.99162024234414
DBA_147,1979-03-31,56.72919991696698
DBA_147,1979-06-30,56.56580191235443
DBA_147,1979-09-30,59.80969577421905
DBA_147,1979-12-31,59.28453545251095
DBA_147,1980-03-31,61.40870016280087
DBA_147,1980-06-30,60.55086453428215
DBA_147,1980-09-30,64.06637870530479
DBA_147,1980-12-31,61.90136215644345
DBA_147,1981-03-31,64.05778912154284
DBA_147,1981-06-30,63.69014439030405
DBA_147,1981-09-30,66.83554273372522
DBA_147,1981-12-31,60.9209772453259
DBA_147,1982-03-31,65.39664926321704
DBA_147,1982-06-30,67.52610262651554
DBA_147,1982-09-30,76.0717934663612
DBA_147,1982-12-31,71.27798137047127
DBA_147,1983-03-31,75.70323745559321
DBA_147,1983-06-30,74.58248406308384
DBA_147,1983-09-30,81.7367254489975
DBA_147,1983-12-31,86.86939448280971
DBA_147,1984-03-31,85.86830659738278
DBA_147,1984-06-30,83.21467750661361
DBA_147,1984-09-30,81.35954904771361
DBA_147,1984-12-31,77.463782114725
DBA_147,1985-03-31,76.72172790046362
DBA_147,1985-06-30,77.55653712231931
DBA_147,1985-09-30,74.95936152591138
DBA_147,1985-12-31,79.8754476959443
DBA_147,1986-03-31,83.1219224990193
DBA_147,1986-06-30,85.53358808023862
DBA_147,1986-09-30,88.40904285293638
DBA_147,1986-12-31,91.65551765601138
DBA_147,1987-03-31,95.64403959659431
DBA_147,1987-06-30,96.47884881845
DBA_147,1987-09-30,101.67320708801932
DBA_148,1977-03-31,11019.293622131408
DBA_148,1977-06-30,8248.575365148374
DBA_148,1977-09-30,6852.0047478671195
DBA_148,1977-12-31,7044.745545383745
DBA_148,1978-03-31,7047.477308787745
DBA_148,1978-06-30,7908.19471120165
DBA_148,1978-09-30,7434.649683780617
DBA_148,1978-12-31,8853.810069580502
DBA_148,1979-03-31,9434.510458421297
DBA_148,1979-06-30,10032.437319028002
DBA_148,1979-09-30,8965.9470124111
DBA_148,1979-12-31,8784.780072936941
DBA_148,1980-03-31,8300.251479584556
DBA_148,1980-06-30,8921.308982413053
DBA_148,1980-09-30,8422.42257161945
DBA_148,1980-12-31,11468.35076067507
DBA_148,1981-03-31,11672.95843799424
DBA_148,1981-06-30,11211.054461952444
DBA_148,1981-09-30,9369.218124805308
DBA_148,1981-12-31,10476.011566760546
DBA_148,1982-03-31,10965.99710899606
DBA_148,1982-06-30,12258.26686346605
DBA_148,1982-09-30,12258.450332903481
DBA_148,1982-12-31,15567.242443594307
DBA_148,1983-03-31,25522.250051668943
DBA_148,1983-06-30,15261.242032865339
DBA_148,1983-09-30,13704.007776336053
DBA_148,1983-12-31,10206.804847824298
DBA_148,1984-03-31,10500.927296072963
DBA_148,1984-06-30,14184.218881069188
DBA_148,1984-09-30,3155.460112702664
DBA_148,1984-12-31,3421.093019400274
DBA_148,1985-03-31,4708.520600986628
DBA_149,1975-12-31,1625.9941434
DBA_149,1976-03-31,1549.18500835
DBA_149,1976-06-30,1517.34011205
DBA_149,1976-09-30,1575.58940995
DBA_149,1976-12-31,1702.81090635
DBA_149,1977-03-31,1628.6888061750003
DBA_149,1977-06-30,1584.6670716499998
DBA_149,1977-09-30,1606.3921646000001
DBA_149,1977-12-31,1701.79566745
DBA_149,1978-03-31,1643.5573251500002
DBA_149,1978-06-30,1623.3698600999999
DBA_149,1978-09-30,1651.5709339999999
DBA_149,1978-12-31,1741.70298655
DBA_149,1979-03-31,1707.7867720749998
DBA_149,1979-06-30,1678.33367175
DBA_149,1979-09-30,1683.7455998500002
DBA_149,1979-12-31,1793.351427175
DBA_149,1980-03-31,1769.534423025
DBA_149,1980-06-30,1782.9221016249999
DBA_149,1980-09-30,1820.7345275
DBA_149,1980-12-31,1942.9150514
DBA_149,1981-03-31,1930.941788225
DBA_149,1981-06-30,1913.7555261250002
DBA_149,1981-09-30,1961.2962067249998
DBA_149,1981-12-31,2062.1890182250004
DBA_149,1982-03-31,2034.9098555250002
DBA_149,1982-06-30,2023.57754795
DBA_149,1982-09-30,2059.8128237250003
DBA_149,1982-12-31,2162.7626701000004
DBA_149,1983-03-31,2176.720233475
DBA_149,1983-06-30,2165.496855075
DBA_149,1983-09-30,2209.1001382250006
DBA_149,1983-12-31,2330.5370870750003
DBA_149,1984-03-31,2364.5921155
DBA_149,1984-06-30,2357.8318512499995
DBA_149,1984-09-30,2376.8635996000003
DBA_149,1984-12-31,2491.395160525
DBA_149,1985-03-31,2478.0579597250003
DBA_149,1985-06-30,2456.3850084250003
DBA_149,1985-09-30,2468.47184665
DBA_149,1985-12-31,2605.4844922250004
DBA_149,1986-03-31,2608.02827775
DBA_149,1986-06-30,2599.69560145
DBA_149,1986-09-30,3222.7480484249995
DBA_149,1986-12-31,4262.962415100001
DBA_149,1987-03-31,4986.2059699
DBA_149,1987-06-30,5090.1891748
DBA_149,1987-09-30,5318.6371775
DBA_150,1976-12-31,15.600000381469727
DBA_150,1977-03-31,16.0
DBA_150,1977-06-30,16.0
DBA_150,1977-09-30,15.800000190734863
DBA_150,1977-12-31,15.800000190734863
DBA_150,1978-03-31,15.899999618530273
DBA_150,1978-06-30,15.5
DBA_150,1978-09-30,15.600000381469727
DBA_150,1978-12-31,16.0
DBA_150,1979-03-31,15.899999618530273
DBA_150,1979-06-30,16.5
DBA_150,1979-09-30,16.600000381469727
DBA_150,1979-12-31,16.700000762939453
DBA_150,1980-03-31,16.600000381469727
DBA_150,1980-06-30,16.0
DBA_150,1980-09-30,16.200000762939453
DBA_150,1980-12-31,15.899999618530273
DBA_150,1981-03-31,15.899999618530273
DBA_150,1981-06-30,16.299999237060547
DBA_150,1981-09-30,16.799999237060547
DBA_150,1981-12-31,16.600000381469727
DBA_150,1982-03-31,17.200000762939453
DBA_150,1982-06-30,17.0
DBA_150,1982-09-30,16.799999237060547
DBA_150,1982-12-31,17.200000762939453
DBA_150,1983-03-31,17.299999237060547
DBA_150,1983-06-30,17.399999618530273
DBA_150,1983-09-30,17.200000762939453
DBA_150,1983-12-31,17.399999618530273
DBA_150,1984-03-31,17.100000381469727
DBA_150,1984-06-30,17.700000762939453
DBA_150,1984-09-30,17.700000762939453
DBA_150,1984-12-31,17.700000762939453
DBA_150,1985-03-31,17.799999237060547
DBA_150,1985-06-30,17.5
DBA_150,1985-09-30,17.600000381469727
DBA_150,1985-12-31,17.399999618530273
DBA_150,1986-03-31,17.399999618530273
DBA_150,1986-06-30,17.799999237060547
DBA_150,1986-09-30,17.399999618530273
DBA_151,1975-12-31,3847.6691091580474
DBA_151,1976-03-31,3877.3080007819544
DBA_151,1976-06-30,3904.3978116855915
DBA_151,1976-09-30,3932.5253681216223
DBA_151,1976-12-31,3962.105767907138
DBA_151,1977-03-31,3990.946536300567
DBA_151,1977-06-30,4019.1646579683616
DBA_151,1977-09-30,4048.057313836344
DBA_151,1977-12-31,4079.8679157154847
DBA_151,1978-03-31,4113.176644054827
DBA_151,1978-06-30,4146.582541989769
DBA_151,1978-09-30,4180.4554262060265
DBA_151,1978-12-31,4213.854719777131
DBA_151,1979-03-31,4247.454956903274
DBA_151,1979-06-30,4281.671237380883
DBA_151,1979-09-30,4315.731855434832
DBA_151,1979-12-31,4350.090588618759
DBA_151,1980-03-31,4385.694615253954
DBA_151,1980-06-30,4420.779770112624
DBA_151,1980-09-30,4457.045123210005
DBA_151,1980-12-31,4494.0368969924575
DBA_151,1981-03-31,4530.2437572617755
DBA_151,1981-06-30,4567.475152356473
DBA_151,1981-09-30,4603.675408261955
DBA_151,1981-12-31,4643.805887671127
DBA_151,1982-03-31,4681.60143963241
DBA_151,1982-06-30,4719.902653652874
DBA_151,1982-09-30,4759.449163103948
DBA_151,1982-12-31,4798.106984092782
DBA_151,1983-03-31,4840.663098958828
DBA_151,1983-06-30,4883.939976441774
DBA_151,1983-09-30,4927.648020134649
DBA_151,1983-12-31,8692.449388676892
DBA_151,1984-03-31,9482.846148623514
DBA_151,1984-06-30,9594.049226659065
DBA_151,1984-09-30,9688.863884591652
DBA_151,1984-12-31,9783.688144524243
DBA_151,1985-03-31,9879.45505692444
DBA_151,1985-06-30,9976.05855823114
DBA_151,1985-09-30,10074.368866131399
DBA_151,1985-12-31,10172.74180781221
DBA_151,1986-03-31,10272.821357086577
DBA_151,1986-06-30,10372.92070736095
DBA_151,1986-09-30,10475.086693692729
DBA_151,1986-12-31,10578.200907711565
DBA_151,1987-03-31,10682.274742417454
DBA_151,1987-06-30,10793.332593329966
DBA_151,1987-09-30,11363.524452656962
DBA_152,1975-12-31,54.132988691829524
DBA_152,1976-03-31,58.3635547317402
DBA_152,1976-06-30,59.32599968452544
DBA_152,1976-09-30,60.811141683479555
DBA_152,1976-12-31,60.938460806784256
DBA_152,1977-03-31,62.346615686196024
DBA_152,1977-06-30,63.59184512058823
DBA_152,1977-09-30,65.59651095119673
DBA_152,1977-12-31,66.02814874875864
DBA_152,1978-03-31,67.62485265290302
DBA_152,1978-06-30,67.64522373497887
DBA_152,1978-09-30,69.69438214258824
DBA_152,1978-12-31,70.69717292495226
DBA_152,1979-03-31,72.24932035989451
DBA_152,1979-06-30,73.34868219051172
DBA_152,1979-09-30,72.87780677044633
DBA_152,1979-12-31,76.07341547133699
DBA_152,1980-03-31,76.77541728359758
DBA_152,1980-06-30,78.4854502990515
DBA_152,1980-09-30,79.13529036381182
DBA_152,1980-12-31,81.05499831436273
DBA_152,1981-03-31,79.77714479669079
DBA_152,1981-06-30,81.05629749751728
DBA_152,1981-09-30,82.27334541604321
DBA_152,1981-12-31,82.0590882798813
DBA_152,1982-03-31,85.07530454425358
DBA_152,1982-06-30,85.546179964319
DBA_152,1982-09-30,86.63575007057672
DBA_152,1982-12-31,90.33432972474382
DBA_152,1983-03-31,91.95498486606796
DBA_152,1983-06-30,93.66409177228296
DBA_152,1983-09-30,93.7425700110429
DBA_152,1983-12-31,96.05201308217462
DBA_152,1984-03-31,95.97353484341471
DBA_152,1984-06-30,95.81657537214194
DBA_152,1984-09-30,95.8558144915219
DBA_152,1984-12-31,95.46341731021644
DBA_152,1985-03-31,96.24821167282738
DBA_152,1985-06-30,96.24821167282738
DBA_152,1985-09-30,93.42295316492913
DBA_152,1985-12-31,98.0146165946301
DBA_152,1986-03-31,100.96831471588615
DBA_152,1986-06-30,102.57796097384997
DBA_152,1986-09-30,106.64993624214081
DBA_152,1986-12-31,109.27150313490634
DBA_152,1987-03-31,111.66091604400746
DBA_152,1987-06-30,113.40418060605724
DBA_152,1987-09-30,116.82915787886544
DBA_153,1976-12-31,67.86854540089071
DBA_153,1977-03-31,64.57359595724597
DBA_153,1977-06-30,65.04430144206971
DBA_153,1977-09-30,65.47880200014119
DBA_153,1977-12-31,66.1667563827659
DBA_153,1978-03-31,64.57359595724597
DBA_153,1978-06-30,63.0528481477002
DBA_153,1978-09-30,57.41481353164524
DBA_153,1978-12-31,29.927302478444467
DBA_153,1979-03-31,56.99110085225723
DBA_153,1979-06-30,59.62803721858891
DBA_153,1979-09-30,61.54707237204506
DBA_153,1979-12-31,63.46611028797081
DBA_153,1980-03-31,65.52997896078412
DBA_153,1980-06-30,66.58001852303654
DBA_153,1980-09-30,66.47139269290123
DBA_153,1980-12-31,65.02306302426886
DBA_153,1981-03-31,64.87823226738128
DBA_153,1981-06-30,64.26269050073077
DBA_153,1981-09-30,64.91443995660319
DBA_153,1981-12-31,65.81271948014124
DBA_153,1982-03-31,68.29677681258231
DBA_153,1982-06-30,68.18815098244706
DBA_153,1982-09-30,74.9469533274686
DBA_153,1982-12-31,79.87465847597277
DBA_153,1983-03-31,86.02880568017845
DBA_153,1983-06-30,92.99805755343624
DBA_153,1983-09-30,100.12639372966758
DBA_153,1983-12-31,103.1050466119729
DBA_153,1984-03-31,103.03263123352907
DBA_153,1984-06-30,105.13270483309468
DBA_153,1984-09-30,107.55866144800528
DBA_153,1984-12-31,89.41833013840898
DBA_153,1985-03-31,93.03915430998994
DBA_153,1985-06-30,95.21164881293853
DBA_153,1985-09-30,93.76331914430612
DBA_153,1985-12-31,92.31498947567377
DBA_153,1986-03-31,101.89261816860261
DBA_153,1986-06-30,122.18878012475416
DBA_153,1986-09-30,156.96735762866405
DBA_153,1986-12-31,167.83785531247742
DBA_153,1987-03-31,170.2029677289859
DBA_153,1987-06-30,175.9723760174894
DBA_153,1987-09-30,185.43124114369084
DBA_154,1971-12-31,67.03315412093129
DBA_154,1972-03-31,62.04187329504211
DBA_154,1972-06-30,66.3806504253779
DBA_154,1972-09-30,70.74914088815072
DBA_154,1972-12-31,77.8429895992941
DBA_154,1973-03-31,72.79839834768877
DBA_154,1973-06-30,70.96828317881558
DBA_154,1973-09-30,76.4085787662273
DBA_154,1973-12-31,79.88018750167724
DBA_154,1974-03-31,77.93188956818666
DBA_154,1974-06-30,75.4496282475605
DBA_154,1974-09-30,79.21417380215766
DBA_154,1974-12-31,83.15732539640162
DBA_154,1975-03-31,80.74610322861287
DBA_154,1975-06-30,82.10348733901651
DBA_154,1975-09-30,87.94612195944426
DBA_154,1975-12-31,93.652439037256
DBA_154,1976-03-31,94.85353233785435
DBA_154,1976-06-30,92.49138156910332
DBA_154,1976-09-30,96.27244503151694
DBA_154,1976-12-31,101.38090689897862
DBA_154,1977-03-31,100.25988526327154
DBA_154,1977-06-30,99.57926694808113
DBA_154,1977-09-30,103.10247213044661
DBA_154,1977-12-31,101.18072468221222
DBA_154,1978-03-31,98.21995505041976
DBA_154,1978-06-30,101.34279579925249
DBA_154,1978-09-30,106.84127305122406
DBA_154,1978-12-31,106.36083695280003
DBA_154,1979-03-31,108.68295188910542
DBA_154,1979-06-30,108.84309521888795
DBA_154,1979-09-30,115.28990743790462
DBA_154,1979-12-31,120.25943091967854
DBA_154,1980-03-31,122.80731557956575
DBA_154,1980-06-30,125.40340843473369
DBA_154,1980-09-30,126.0197831535913
DBA_154,1980-12-31,129.0858535318085
DBA_154,1981-03-31,133.60101293910296
DBA_154,1981-06-30,130.5625411701669
DBA_154,1981-09-30,131.04297726859093
DBA_154,1981-12-31,138.46451610711992
DBA_154,1982-03-31,140.58595684429207
DBA_154,1982-06-30,139.94537130700908
DBA_154,1982-09-30,146.10348733901654
DBA_154,1982-12-31,153.59385369954995
DBA_154,1983-03-31,153.9141464681915
DBA_154,1983-06-30,153.7540031384089
DBA_154,1983-09-30,162.56202067612995
DBA_154,1983-12-31,147.0154666465049
DBA_154,1984-03-31,151.51346979009762
DBA_154,1984-06-30,140.01621742620137
DBA_154,1984-09-30,153.93031150417744
DBA_154,1984-12-31,161.89458487372573
DBA_154,1985-03-31,168.07297903656124
DBA_154,1985-06-30,157.96495108804885
DBA_154,1985-09-30,178.56524561910993
DBA_155,1976-12-31,65.0
DBA_155,1977-03-31,66.0
DBA_155,1977-06-30,67.0
DBA_155,1977-09-30,68.0
DBA_155,1977-12-31,67.0
DBA_155,1978-03-31,69.0
DBA_155,1978-06-30,71.0
DBA_155,1978-09-30,73.0
DBA_155,1978-12-31,73.0
DBA_155,1979-03-31,75.0
DBA_155,1979-06-30,75.0
DBA_155,1979-09-30,77.0
DBA_155,1979-12-31,77.0
DBA_155,1980-03-31,79.0
DBA_155,1980-06-30,79.0
DBA_155,1980-09-30,80.0
DBA_155,1980-12-31,81.0
DBA_155,1981-03-31,82.0
DBA_155,1981-06-30,83.0
DBA_155,1981-09-30,82.0
DBA_155,1981-12-31,82.0
DBA_155,1982-03-31,83.0
DBA_155,1982-06-30,83.0
DBA_155,1982-09-30,86.0
DBA_155,1982-12-31,87.0
DBA_155,1983-03-31,89.0
DBA_155,1983-06-30,91.0
DBA_155,1983-09-30,93.0
DBA_155,1983-12-31,95.0
DBA_155,1984-03-31,97.0
DBA_155,1984-06-30,97.0
DBA_155,1984-09-30,97.0
DBA_155,1984-12-31,100.0
DBA_155,1985-03-31,100.0
DBA_155,1985-06-30,100.0
DBA_155,1985-09-30,100.0
DBA_155,1985-12-31,101.0
DBA_155,1986-03-31,102.0
DBA_155,1986-06-30,102.0
DBA_155,1986-09-30,101.0
DBA_155,1986-12-31,103.0
DBA_155,1987-03-31,106.0
DBA_155,1987-06-30,106.0
DBA_155,1987-09-30,110.0
DBA_155,1987-12-31,112.0
DBA_155,1988-03-31,114.0
DBA_155,1988-06-30,115.0
DBA_155,1988-09-30,116.0
DBA_156,1974-12-31,54.0
DBA_156,1975-03-31,65.0
DBA_156,1975-06-30,79.0
DBA_156,1975-09-30,79.0
DBA_156,1975-12-31,71.0
DBA_156,1976-03-31,65.0
DBA_156,1976-06-30,59.0
DBA_156,1976-09-30,52.0
DBA_156,1976-12-31,55.0
DBA_156,1977-03-31,59.0
DBA_156,1977-06-30,66.0
DBA_156,1977-09-30,73.0
DBA_156,1977-12-31,79.0
DBA_156,1978-03-31,81.0
DBA_156,1978-06-30,83.0
DBA_156,1978-09-30,79.0
DBA_156,1978-12-31,79.0
DBA_156,1979-03-31,81.0
DBA_156,1979-06-30,87.0
DBA_156,1979-09-30,95.0
DBA_156,1979-12-31,108.0
DBA_156,1980-03-31,114.0
DBA_156,1980-06-30,127.0
DBA_156,1980-09-30,143.0
DBA_156,1980-12-31,143.0
DBA_156,1981-03-31,154.0
DBA_156,1981-06-30,143.0
DBA_156,1981-09-30,129.0
DBA_156,1981-12-31,119.0
DBA_156,1982-03-31,115.0
DBA_156,1982-06-30,110.0
DBA_156,1982-09-30,114.0
DBA_156,1982-12-31,127.0
DBA_156,1983-03-31,140.0
DBA_156,1983-06-30,153.0
DBA_156,1983-09-30,164.0
DBA_156,1983-12-31,164.0
DBA_156,1984-03-31,168.0
DBA_156,1984-06-30,183.0
DBA_157,1978-06-30,21194.0
DBA_157,1978-09-30,13377.0
DBA_157,1978-12-31,11982.0
DBA_157,1979-03-31,12072.0
DBA_157,1979-06-30,11927.0
DBA_157,1979-09-30,13912.0
DBA_157,1979-12-31,12920.0
DBA_157,1980-03-31,18532.0
DBA_157,1980-06-30,20231.0
DBA_157,1980-09-30,20415.0
DBA_157,1980-12-31,15203.0
DBA_157,1981-03-31,14171.0
DBA_157,1981-06-30,15583.0
DBA_157,1981-09-30,19140.0
DBA_157,1981-12-31,18512.0
DBA_157,1982-03-31,23801.0
DBA_157,1982-06-30,32083.0
DBA_157,1982-09-30,27454.0
DBA_157,1982-12-31,18471.0
DBA_157,1983-03-31,25898.0
DBA_157,1983-06-30,29855.0
DBA_157,1983-09-30,31806.0
DBA_157,1983-12-31,32348.0
DBA_157,1984-03-31,36848.0
DBA_157,1984-06-30,38480.0
DBA_157,1984-09-30,36019.0
DBA_157,1984-12-31,19567.0
DBA_157,1985-03-31,16091.0
DBA_157,1985-06-30,23917.0
DBA_157,1985-09-30,32648.0
DBA_158,1971-12-31,10242.960986573325
DBA_158,1972-03-31,10546.11116352142
DBA_158,1972-06-30,10766.290985215644
DBA_158,1972-09-30,10985.62220321829
DBA_158,1972-12-31,11076.129827920086
DBA_158,1973-03-31,11205.434203290803
DBA_158,1973-06-30,11363.542843405683
DBA_158,1973-09-30,11352.772141770072
DBA_158,1973-12-31,11533.693076990226
DBA_158,1974-03-31,11578.16244177615
DBA_158,1974-06-30,11718.102148444568
DBA_158,1974-09-30,11659.202822161104
DBA_158,1974-12-31,11797.30359882686
DBA_158,1975-03-31,11756.657454605214
DBA_158,1975-06-30,11994.390492926634
DBA_158,1975-09-30,12254.11243062147
DBA_158,1975-12-31,12401.1177456598
DBA_158,1976-03-31,12440.1116300452
DBA_158,1976-06-30,12566.077196480152
DBA_158,1976-09-30,12698.980381532761
DBA_158,1976-12-31,12749.731318744565
DBA_158,1977-03-31,12793.731257166557
DBA_158,1977-06-30,12956.367703536549
DBA_158,1977-09-30,13153.695248396425
DBA_158,1977-12-31,12845.531866213478
DBA_158,1978-03-31,13009.215197918247
DBA_158,1978-06-30,13181.841799496031
DBA_158,1978-09-30,13217.765162171527
DBA_158,1978-12-31,13535.575803061945
DBA_158,1979-03-31,13615.34185532531
DBA_158,1979-06-30,19534.479701019296
DBA_158,1979-09-30,25027.998470493854
DBA_158,1979-12-31,25704.98581481911
DBA_158,1980-03-31,26217.428517038537
DBA_158,1980-06-30,26460.443039416372
DBA_158,1980-09-30,27082.461002317774
DBA_158,1980-12-31,27625.84593815218
DBA_158,1981-03-31,27556.855932713974
DBA_158,1981-06-30,28148.699351561976
DBA_158,1981-09-30,28465.619338492776
DBA_158,1981-12-31,28827.754706601583
DBA_158,1982-03-31,28827.754706601583
DBA_158,1982-06-30,29466.384549338538
DBA_158,1982-09-30,29841.80650916098
DBA_158,1982-12-31,30454.969490433574
DBA_158,1983-03-31,30854.688389555977
DBA_158,1983-06-30,30778.436278282177
DBA_158,1983-09-30,31471.076265910775
DBA_158,1983-12-31,31667.771417636377
DBA_158,1984-03-31,32056.294079840976
DBA_158,1984-06-30,32680.66825792756
DBA_158,1984-09-30,32571.760294306263
DBA_158,1984-12-31,33379.6253449245
DBA_158,1985-03-31,33682.698797009056
DBA_158,1985-06-30,33976.48541844368
DBA_158,1985-09-30,34716.40164501569
DBA_159,1975-12-31,43.923496156031995
DBA_159,1976-03-31,37.234056300286085
DBA_159,1976-06-30,35.408526893088535
DBA_159,1976-09-30,43.348329721314
DBA_159,1976-12-31,44.49866259074998
DBA_159,1977-03-31,36.35463476562872
DBA_159,1977-06-30,11.151210867820057
DBA_159,1977-09-30,40.69544898692489
DBA_159,1977-12-31,42.86274522986765
DBA_159,1978-03-31,36.936024525675585
DBA_159,1978-06-30,35.12716819349709
DBA_159,1978-09-30,40.43287240099778
DBA_159,1978-12-31,44.375684390794746
DBA_159,1979-03-31,40.174464183195326
DBA_159,1979-06-30,38.80323344058429
DBA_159,1979-09-30,44.7216180047464
DBA_159,1979-12-31,51.236006670714374
DBA_159,1980-03-31,42.87941750992759
DBA_159,1980-06-30,41.4998504285468
DBA_159,1980-09-30,48.135106467166715
DBA_159,1980-12-31,52.05707621886086
DBA_159,1981-03-31,43.32121263797616
DBA_159,1981-06-30,41.235883039564094
DBA_159,1981-09-30,46.51148744506999
DBA_159,1981-12-31,48.25180602374892
DBA_159,1982-03-31,41.2886757886481
DBA_159,1982-06-30,40.5741176010534
DBA_159,1982-09-30,46.606884658878805
DBA_159,1982-12-31,53.390421925590516
DBA_159,1983-03-31,43.97661472905698
DBA_159,1983-06-30,41.90913699886747
DBA_159,1983-09-30,47.983924613606305
DBA_159,1983-12-31,81.62399776128827
DBA_159,1984-03-31,81.31966913379115
DBA_159,1984-06-30,82.14261693165074
DBA_159,1984-09-30,80.29247165907191
DBA_159,1984-12-31,76.1444294016384
DBA_159,1985-03-31,76.62473694426708
DBA_159,1985-06-30,75.32140254103756
DBA_159,1985-09-30,73.39612657075577
DBA_159,1985-12-31,80.18199235558986
DBA_159,1986-03-31,78.07097315022334
DBA_159,1986-06-30,78.5328612574709
DBA_159,1986-09-30,81.10252845275954
DBA_159,1986-12-31,85.05521895558567
DBA_159,1987-03-31,85.25212924027022
DBA_159,1987-06-30,87.5599306752758
DBA_159,1987-09-30,93.83659512791748
DBA_160,1977-12-31,205.0
DBA_160,1978-03-31,219.0
DBA_160,1978-06-30,198.0
DBA_160,1978-09-30,226.0
DBA_160,1978-12-31,234.0
DBA_160,1979-03-31,252.0
DBA_160,1979-06-30,206.0
DBA_160,1979-09-30,280.0
DBA_160,1979-12-31,313.0
DBA_160,1980-03-31,319.0
DBA_160,1980-06-30,300.0
DBA_160,1980-09-30,326.0
DBA_160,1980-12-31,307.0
DBA_160,1981-03-31,312.0
DBA_160,1981-06-30,203.0
DBA_160,1981-09-30,160.0
DBA_161,1975-12-31,69.69999694824219
DBA_161,1976-03-31,71.5999984741211
DBA_161,1976-06-30,73.5999984741211
DBA_161,1976-09-30,75.5
DBA_161,1976-12-31,76.0
DBA_161,1977-03-31,77.5999984741211
DBA_161,1977-06-30,77.5999984741211
DBA_161,1977-09-30,80.5
DBA_161,1977-12-31,82.69999694824219
DBA_161,1978-03-31,82.5
DBA_161,1978-06-30,82.5999984741211
DBA_161,1978-09-30,79.5999984741211
DBA_161,1978-12-31,76.0
DBA_161,1979-03-31,75.9000015258789
DBA_161,1979-06-30,79.5
DBA_161,1979-09-30,83.0
DBA_161,1979-12-31,87.5999984741211
DBA_161,1980-03-31,91.5999984741211
DBA_161,1980-06-30,89.80000305175781
DBA_161,1980-09-30,90.30000305175781
DBA_161,1980-12-31,97.9000015258789
DBA_161,1981-03-31,96.5
DBA_161,1981-06-30,95.69999694824219
DBA_161,1981-09-30,94.5
DBA_161,1981-12-31,94.5
DBA_161,1982-03-31,96.5999984741211
DBA_161,1982-06-30,98.9000015258789
DBA_161,1982-09-30,102.19999694824219
DBA_161,1982-12-31,103.4000015258789
DBA_161,1983-03-31,105.0999984741211
DBA_161,1983-06-30,107.5
DBA_161,1983-09-30,108.80000305175781
DBA_161,1983-12-31,111.5999984741211
DBA_161,1984-03-31,114.0999984741211
DBA_161,1984-06-30,115.30000305175781
DBA_161,1984-09-30,116.5999984741211
DBA_161,1984-12-31,115.4000015258789
DBA_161,1985-03-31,112.0999984741211
DBA_161,1985-06-30,115.30000305175781
DBA_161,1985-09-30,117.0
DBA_161,1985-12-31,122.80000305175781
DBA_161,1986-03-31,124.4000015258789
DBA_161,1986-06-30,123.0999984741211
DBA_161,1986-09-30,127.0999984741211
DBA_161,1986-12-31,136.5
DBA_161,1987-03-31,141.3000030517578
DBA_161,1987-06-30,143.6999969482422
DBA_161,1987-09-30,145.89999389648438
DBA_161,1987-12-31,147.10000610351562
DBA_161,1988-03-31,147.60000610351562
DBA_161,1988-06-30,151.5
DBA_161,1988-09-30,155.8000030517578
DBA_161,1988-12-31,164.10000610351562
DBA_161,1989-03-31,169.10000610351562
DBA_161,1989-06-30,180.3000030517578
DBA_161,1989-09-30,185.39999389648438
DBA_161,1989-12-31,195.60000610351562
DBA_161,1990-03-31,199.1999969482422
DBA_161,1990-06-30,196.0
DBA_161,1990-09-30,197.10000610351562
DBA_161,1990-12-31,193.1999969482422
DBA_161,1991-03-31,194.6999969482422
DBA_161,1991-06-30,190.8000030517578
DBA_161,1991-09-30,189.5
DBA_161,1991-12-31,194.89999389648438
DBA_161,1992-03-31,197.10000610351562
DBA_161,1992-06-30,198.8000030517578
DBA_161,1992-09-30,203.8000030517578
DBA_161,1992-12-31,222.60000610351562
DBA_161,1993-03-31,224.3000030517578
DBA_161,1993-06-30,227.6999969482422
DBA_161,1993-09-30,235.3000030517578
DBA_162,1975-12-31,84.67215365473564
DBA_162,1976-03-31,87.16775994808535
DBA_162,1976-06-30,89.85023582333775
DBA_162,1976-09-30,89.14391969948672
DBA_162,1976-12-31,89.02619934759392
DBA_162,1977-03-31,91.78156307425844
DBA_162,1977-06-30,92.9803524472752
DBA_162,1977-09-30,92.41126697333804
DBA_162,1977-12-31,91.57018405212311
DBA_162,1978-03-31,95.19074171772776
DBA_162,1978-06-30,97.25770144533345
DBA_162,1978-09-30,97.46795318147765
DBA_162,1978-12-31,96.33000075694119
DBA_162,1979-03-31,97.97806772092302
DBA_162,1979-06-30,100.29852799602536
DBA_162,1979-09-30,97.73296273666007
DBA_162,1979-12-31,96.51209336181118
DBA_162,1980-03-31,99.68167277973423
DBA_162,1980-06-30,101.34450116764779
DBA_162,1980-09-30,101.36775683094156
DBA_162,1980-12-31,100.631495399906
DBA_162,1981-03-31,104.3413642425743
DBA_162,1981-06-30,105.01956616644323
DBA_162,1981-09-30,105.17652563771601
DBA_162,1981-12-31,104.39173426885796
DBA_162,1982-03-31,105.64740405153431
DBA_162,1982-06-30,106.69629199318507
DBA_162,1982-09-30,106.57857164129229
DBA_162,1982-12-31,106.2646556924996
DBA_162,1983-03-31,109.03237390979683
DBA_162,1983-06-30,110.40171271161343
DBA_162,1983-09-30,110.34125139652804
DBA_162,1983-12-31,100.4920190162784
DBA_162,1984-03-31,102.72075478472989
DBA_162,1984-06-30,104.19629435354435
DBA_162,1984-09-30,103.67485470567526
DBA_163,1971-12-31,7168.3860098216
DBA_163,1972-03-31,5930.218096434362
DBA_163,1972-06-30,5951.304881816089
DBA_163,1972-09-30,6796.347575516237
DBA_163,1972-12-31,7988.961596064572
DBA_163,1973-03-31,11006.539100302014
DBA_163,1973-06-30,7305.461945095217
DBA_163,1973-09-30,6741.549162324554
DBA_163,1973-12-31,5286.290209833503
DBA_163,1974-03-31,6088.259004967657
DBA_163,1974-06-30,5748.197409663292
DBA_163,1974-09-30,6558.239927463001
DBA_163,1974-12-31,3569.065144836755
DBA_163,1975-03-31,3761.6190260060175
DBA_163,1975-06-30,3455.3157677436984
DBA_163,1975-09-30,3218.7464041695002
DBA_163,1975-12-31,5395.1950599432
DBA_163,1976-03-31,7180.556924140586
DBA_163,1976-06-30,8726.271689058614
DBA_163,1976-09-30,11504.90932936919
DBA_163,1976-12-31,13045.74663503762
DBA_163,1977-03-31,16402.7801727375
DBA_163,1977-06-30,11210.93293171732
DBA_163,1977-09-30,10646.394979322366
DBA_163,1977-12-31,9812.251347780762
DBA_163,1978-03-31,9465.44040596939
DBA_163,1978-06-30,9490.358506617793
DBA_163,1978-09-30,10413.145217515192
DBA_163,1978-12-31,7942.985305697323
DBA_163,1979-03-31,8427.050047801535
DBA_163,1979-06-30,6007.134830733726
DBA_163,1979-09-30,6020.206621237804
DBA_163,1979-12-31,5980.1742628190605
DBA_163,1980-03-31,6204.845662107935
DBA_163,1980-06-30,6348.635357652815
DBA_163,1980-09-30,6770.200601409396
DBA_163,1980-12-31,7056.146018686145
DBA_163,1981-03-31,7239.968072649769
DBA_163,1981-06-30,7497.318948198845
DBA_163,1981-09-30,7558.592966186721
DBA_163,1981-12-31,7454.018642154079
DBA_163,1982-03-31,7260.392745312395
DBA_163,1982-06-30,7262.84370603191
DBA_163,1982-09-30,7169.707198690341
DBA_163,1982-12-31,7327.385671645805
DBA_163,1983-03-31,7785.715326195109
DBA_163,1983-06-30,8101.072272106039
DBA_163,1983-09-30,8257.933758154999
DBA_163,1983-12-31,8838.902225003001
DBA_163,1984-03-31,9196.903417570698
DBA_163,1984-06-30,9632.811605412198
DBA_163,1984-09-30,10324.699920581901
DBA_163,1984-12-31,11195.69932429805
DBA_163,1985-03-31,11453.53438008515
DBA_163,1985-06-30,11728.063792002351
DBA_163,1985-09-30,12644.398450698951
DBA_164,1975-12-31,277.0
DBA_164,1976-03-31,130.0
DBA_164,1976-06-30,279.0
DBA_164,1976-09-30,489.0
DBA_164,1976-12-31,555.0
DBA_164,1977-03-31,788.0
DBA_164,1977-06-30,956.0
DBA_164,1977-09-30,896.0
DBA_164,1977-12-31,785.0
DBA_164,1978-03-31,510.0
DBA_164,1978-06-30,302.0
DBA_164,1978-09-30,126.0
DBA_164,1978-12-31,85.0
DBA_164,1979-03-31,72.0
DBA_164,1979-06-30,52.0
DBA_164,1979-09-30,106.0
DBA_164,1979-12-31,76.0
DBA_164,1980-03-31,77.0
DBA_164,1980-06-30,99.0
DBA_164,1980-09-30,163.0
DBA_164,1980-12-31,142.0
DBA_164,1981-03-31,189.0
DBA_164,1981-06-30,324.0
DBA_164,1981-09-30,339.0
DBA_164,1981-12-31,273.0
DBA_164,1982-03-31,246.0
DBA_164,1982-06-30,310.0
DBA_164,1982-09-30,327.0
DBA_164,1982-12-31,373.0
DBA_164,1983-03-31,501.0
DBA_164,1983-06-30,539.0
DBA_164,1983-09-30,465.0
DBA_164,1983-12-31,477.0
DBA_164,1984-03-31,674.0
DBA_164,1984-06-30,753.0
DBA_164,1984-09-30,634.0
DBA_164,1984-12-31,317.0
DBA_164,1985-03-31,119.0
DBA_164,1985-06-30,89.0
DBA_164,1985-09-30,166.0
DBA_164,1985-12-31,423.0
DBA_164,1986-03-31,707.0
DBA_164,1986-06-30,535.0
DBA_164,1986-09-30,587.0
DBA_164,1986-12-31,813.0
DBA_164,1987-03-31,1268.0
DBA_164,1987-06-30,1169.0
DBA_164,1987-09-30,1154.0
DBA_164,1987-12-31,984.0
DBA_164,1988-03-31,895.0
DBA_164,1988-06-30,931.0
DBA_164,1988-09-30,403.0
DBA_164,1988-12-31,339.0
DBA_164,1989-03-31,310.0
DBA_164,1989-06-30,708.0
DBA_164,1989-09-30,291.0
DBA_164,1989-12-31,51.0
DBA_164,1990-03-31,107.0
DBA_164,1990-06-30,385.0
DBA_164,1990-09-30,743.0
DBA_165,1900-03-31,1235.3320883079175
DBA_165,1900-06-30,1344.2255349745856
DBA_165,1900-09-30,1535.0060194821544
DBA_165,1900-12-31,1633.4977119898283
DBA_165,1901-03-31,1391.0652506273566
DBA_165,1901-06-30,1531.3989904572963
DBA_165,1901-09-30,1831.4383830785634
DBA_165,1901-12-31,1875.93773596018
DBA_165,1902-03-31,1598.388955725268
DBA_165,1902-06-30,1867.538923758667
DBA_165,1902-09-30,2214.6519578199122
DBA_165,1902-12-31,2121.887751637723
DBA_165,1903-03-31,1741.799334030139
DBA_165,1903-06-30,1911.1014685923728
DBA_165,1903-09-30,2097.669079132047
DBA_165,1903-12-31,2114.969053451644
DBA_165,1904-03-31,1773.583505715882
DBA_165,1904-06-30,2062.17438339498
DBA_165,1904-09-30,2346.021996556257
DBA_165,1904-12-31,2341.6366308775864
DBA_165,1905-03-31,1946.4786489862965
DBA_165,1905-06-30,2125.5562147390124
DBA_165,1905-09-30,2338.875461992076
DBA_165,1905-12-31,2397.597045819276
DBA_165,1906-03-31,2348.9397953373964
DBA_165,1906-06-30,2388.7713380943023
DBA_165,1906-09-30,2088.3880669505625
DBA_165,1906-12-31,2262.5369610570838
DBA_165,1907-03-31,2399.2437274906683
DBA_165,1907-06-30,2516.6049830431602
DBA_165,1907-09-30,2305.8327203144886
DBA_165,1907-12-31,2438.0360720722783
DBA_165,1908-03-31,2445.9698960247374
DBA_165,1908-06-30,2694.866487716165
DBA_165,1908-09-30,2549.0987143879097
DBA_165,1908-12-31,2626.992783731445
DBA_165,1909-03-31,2494.362536450195
DBA_165,1909-06-30,2883.7180632626914
DBA_165,1909-09-30,2686.9556888046986
DBA_165,1909-12-31,4882.0036736991515
DBA_165,1910-03-31,3878.8827036699586
DBA_165,1910-06-30,5008.222339232539
DBA_165,1910-09-30,4839.60884629843
DBA_165,1910-12-31,5156.689607435552
DBA_165,1911-03-31,4919.666600466306
DBA_165,1911-06-30,5542.989889167469
DBA_165,1911-09-30,5802.812428908547
DBA_165,1911-12-31,5970.289373309701
DBA_165,1912-03-31,5258.267967644221
DBA_165,1912-06-30,7141.811332981606
DBA_165,1912-09-30,6451.702118094435
DBA_165,1912-12-31,6710.637794298454
DBA_165,1913-03-31,5952.585132171237
DBA_165,1913-06-30,6471.421405230698
DBA_165,1913-09-30,6603.964453138323
DBA_165,1913-12-31,6644.948158741339
DBA_165,1914-03-31,6084.256186342629
DBA_165,1914-06-30,6683.742311515151
DBA_165,1914-09-30,7037.7770106734115
DBA_165,1914-12-31,7439.893446125427
DBA_165,1915-03-31,6640.369840278602
DBA_165,1915-06-30,7591.733614335966
DBA_165,1915-09-30,7764.169073935879
DBA_165,1915-12-31,8295.52639171099
DBA_165,1916-03-31,7665.998211433454
DBA_165,1916-06-30,8232.86338302737
DBA_165,1916-09-30,8939.788500989378
DBA_165,1916-12-31,9497.323940880864
DBA_165,1917-03-31,8757.62390184961
DBA_165,1917-06-30,9504.02414775391
DBA_165,1917-09-30,9937.951195651509
DBA_165,1917-12-31,10125.653267634623
DBA_165,1918-03-31,9117.911086986547
DBA_165,1918-06-30,10222.583180234595
DBA_165,1918-09-30,10603.509475915165
DBA_165,1918-12-31,10781.40676219964
DBA_165,1919-03-31,10354.143041340945
DBA_165,1919-06-30,11787.703185503895
DBA_165,1919-09-30,12223.390367464144
DBA_165,1919-12-31,13004.848136601624
DBA_165,1920-03-31,12483.286145480044
DBA_165,1920-06-30,16931.20218816789
DBA_165,1920-09-30,17114.383187230982
DBA_165,1920-12-31,16425.397586230123
DBA_165,1921-03-31,16023.408473826072
DBA_165,1921-06-30,17766.648336679278
DBA_165,1921-09-30,17904.436362477623
DBA_165,1921-12-31,18150.635154633685
DBA_166,1975-12-31,197.0
DBA_166,1976-03-31,348.0
DBA_166,1976-06-30,360.0
DBA_166,1976-09-30,668.0
DBA_166,1976-12-31,630.0
DBA_166,1977-03-31,553.0
DBA_166,1977-06-30,786.0
DBA_166,1977-09-30,356.0
DBA_166,1977-12-31,735.0
DBA_166,1978-03-31,1207.0
DBA_166,1978-06-30,2684.0
DBA_166,1978-09-30,552.0
DBA_166,1978-12-31,815.0
DBA_166,1979-03-31,1325.0
DBA_166,1979-06-30,1176.0
DBA_166,1979-09-30,730.0
DBA_166,1979-12-31,1451.0
DBA_166,1980-03-31,1246.0
DBA_166,1980-06-30,1764.0
DBA_166,1980-09-30,622.0
DBA_166,1980-12-31,407.0
DBA_166,1981-03-31,2334.0
DBA_166,1981-06-30,3426.0
DBA_166,1981-09-30,1585.0
DBA_166,1981-12-31,388.0
DBA_166,1982-03-31,2178.0
DBA_166,1982-06-30,2083.0
DBA_166,1982-09-30,1892.0
DBA_166,1982-12-31,622.0
DBA_166,1983-03-31,675.0
DBA_166,1983-06-30,1073.0
DBA_166,1983-09-30,724.0
DBA_166,1983-12-31,735.0
DBA_166,1984-03-31,4049.0
DBA_166,1984-06-30,2277.0
DBA_166,1984-09-30,943.0
DBA_167,1977-09-30,105.1675574885807
DBA_167,1977-12-31,109.2518241521614
DBA_167,1978-03-31,89.32231132137964
DBA_167,1978-06-30,108.44538892434255
DBA_167,1978-09-30,100.93948877675533
DBA_167,1978-12-31,114.24676845333367
DBA_167,1979-03-31,119.05649369357758
DBA_167,1979-06-30,129.09377018555261
DBA_167,1979-09-30,148.3335063411999
DBA_167,1979-12-31,162.06248207257462
DBA_167,1980-03-31,158.31139434757463
DBA_167,1980-06-30,161.2289070225746
DBA_167,1980-09-30,147.92504998773538
DBA_167,1980-12-31,135.21720242067605
DBA_167,1981-03-31,125.89783310728913
DBA_167,1981-06-30,125.39768298955079
DBA_167,1981-09-30,123.73053288955077
DBA_167,1981-12-31,129.56555823955077
DBA_167,1982-03-31,127.23155191535454
DBA_167,1982-06-30,132.2288366295868
DBA_167,1982-09-30,126.97731127071762
DBA_167,1982-12-31,134.8087460672115
DBA_167,1983-03-31,132.30802091721154
DBA_167,1983-06-30,134.8087460672115
DBA_167,1983-09-30,133.05407414837836
DBA_167,1983-12-31,138.38895574031295
DBA_167,1984-03-31,135.88823059031296
DBA_167,1984-06-30,136.97187433950918
DBA_167,1984-09-30,165.51822262830046
DBA_167,1984-12-31,166.53655883668213
DBA_167,1985-03-31,166.53655883668213
DBA_167,1985-06-30,166.53655883668213
DBA_167,1985-09-30,169.36237774740826
DBA_167,1985-12-31,188.22954944549562
DBA_167,1986-03-31,171.07170690383148
DBA_167,1986-06-30,170.60127906985474
DBA_167,1986-09-30,168.90132909580078
DBA_167,1986-12-31,165.57537278668212
DBA_167,1987-03-31,160.1667402502716
DBA_167,1987-06-30,154.8883235841385
DBA_167,1987-09-30,154.86676171315156
DBA_167,1987-12-31,154.86676171315156
DBA_167,1988-03-31,154.86676171315156
DBA_167,1988-06-30,154.86676171315156
DBA_167,1988-09-30,154.86676171315156
DBA_167,1988-12-31,154.86676171315156
DBA_167,1989-03-31,154.86676171315156
DBA_167,1989-06-30,154.86676171315156
DBA_167,1989-09-30,154.86676171315156
DBA_167,1989-12-31,154.86676171315156
DBA_167,1990-03-31,154.86676171315156
DBA_167,1990-06-30,154.53332406154408
DBA_167,1990-09-30,154.19989912928236
DBA_167,1990-12-31,154.19989912928236
DBA_167,1991-03-31,154.19989912928236
DBA_167,1991-06-30,154.19989912928236
DBA_167,1991-09-30,154.19989912928236
DBA_167,1991-12-31,154.19989912928236
DBA_167,1992-03-31,155.85871805774687
DBA_167,1992-06-30,155.85871805774687
DBA_167,1992-09-30,160.31194789783632
DBA_167,1992-12-31,160.31194789783632
DBA_167,1993-03-31,160.31194789783632
DBA_167,1993-06-30,160.31194789783632
DBA_167,1993-09-30,160.31194789783632
DBA_167,1993-12-31,164.62758632006378
DBA_167,1994-03-31,164.62758632006378
DBA_167,1994-06-30,164.62758632006378
DBA_167,1994-09-30,165.4611613700638
DBA_167,1994-12-31,167.2950239361946
DBA_167,1995-03-31,167.2950239361946
DBA_167,1995-06-30,167.2950239361946
DBA_167,1995-09-30,167.2950239361946
DBA_167,1995-12-31,167.2950239361946
DBA_167,1996-03-31,167.2950239361946
DBA_167,1996-06-30,167.2950239361946
DBA_167,1996-09-30,167.2950239361946
DBA_167,1996-12-31,167.2950239361946
DBA_167,1997-03-31,167.2950239361946
DBA_167,1997-06-30,167.78683016305163
DBA_167,1997-09-30,169.5696603831001
DBA_167,1997-12-31,169.48935104290237
DBA_167,1998-03-31,174.22151388565067
DBA_167,1998-06-30,174.98556812936556
DBA_167,1998-09-30,175.08765731880342
DBA_167,1998-12-31,175.08765731880342
DBA_167,1999-03-31,191.29099311973573
DBA_167,1999-06-30,191.29099311973573
DBA_167,1999-09-30,185.63934257893754
DBA_167,1999-12-31,188.63188667514038
DBA_167,2000-03-31,188.63188667514038
DBA_167,2000-06-30,188.63188667514038
DBA_167,2000-09-30,188.63188667514038
DBA_167,2000-12-31,188.63188667514038
DBA_167,2001-03-31,188.63188667514038
DBA_167,2001-06-30,192.82520188433762
DBA_167,2001-09-30,198.02043155425417
DBA_167,2001-12-31,204.32840527096482
DBA_167,2002-03-31,209.74643214451214
DBA_167,2002-06-30,216.89613626485516
DBA_167,2002-09-30,247.18097653287046
DBA_167,2002-12-31,287.93378284398193
DBA_168,1969-12-31,43.0
DBA_168,1970-03-31,63.0
DBA_168,1970-06-30,74.0
DBA_168,1970-09-30,64.0
DBA_168,1970-12-31,70.0
DBA_168,1971-03-31,95.0
DBA_168,1971-06-30,109.0
DBA_168,1971-09-30,95.0
DBA_168,1971-12-31,98.0
DBA_168,1972-03-31,125.0
DBA_168,1972-06-30,136.0
DBA_168,1972-09-30,114.0
DBA_168,1972-12-31,112.0
DBA_168,1973-03-31,131.0
DBA_168,1973-06-30,135.0
DBA_168,1973-09-30,111.0
DBA_168,1973-12-31,103.0
DBA_168,1974-03-31,128.0
DBA_168,1974-06-30,138.0
DBA_168,1974-09-30,118.0
DBA_168,1974-12-31,114.0
DBA_168,1975-03-31,137.0
DBA_168,1975-06-30,148.0
DBA_168,1975-09-30,125.0
DBA_168,1975-12-31,118.0
DBA_168,1976-03-31,135.0
DBA_168,1976-06-30,142.0
DBA_168,1976-09-30,122.0
DBA_168,1976-12-31,115.0
DBA_168,1977-03-31,131.0
DBA_168,1977-06-30,127.0
DBA_168,1977-09-30,87.0
DBA_169,1975-12-31,626.7134468195172
DBA_169,1976-03-31,726.9782011609947
DBA_169,1976-06-30,807.7023116180154
DBA_169,1976-09-30,723.1488647102199
DBA_169,1976-12-31,817.86524167887
DBA_169,1977-03-31,888.7290530179592
DBA_169,1977-06-30,773.3412266647607
DBA_169,1977-09-30,711.7808249254994
DBA_169,1977-12-31,776.0711035193012
DBA_169,1978-03-31,798.5815633935065
DBA_169,1978-06-30,764.2347978802242
DBA_169,1978-09-30,721.6268046034585
DBA_169,1978-12-31,748.1635817437301
DBA_169,1979-03-31,704.9673530450041
DBA_169,1979-06-30,649.0896176861463
DBA_169,1979-09-30,672.4909439252356
DBA_169,1979-12-31,763.5436193545443
DBA_169,1980-03-31,695.0470691432707
DBA_169,1980-06-30,709.3392595739098
DBA_169,1980-09-30,665.2691909741851
DBA_169,1980-12-31,662.736294934936
DBA_169,1981-03-31,604.4169942244887
DBA_169,1981-06-30,618.9204849103916
DBA_169,1981-09-30,602.2010485681349
DBA_169,1981-12-31,736.2843177847361
DBA_169,1982-03-31,1664.107239162674
DBA_169,1982-06-30,1245.8510967268448
DBA_169,1982-09-30,538.2732173565752
DBA_169,1982-12-31,364.8830406758249
DBA_169,1983-03-31,155.09651147938825
DBA_169,1983-06-30,106.00494678546426
DBA_169,1983-09-30,163.5422152021301
DBA_169,1983-12-31,167.3386983313532
DBA_169,1984-03-31,157.23913206282296
DBA_169,1984-06-30,159.88138938415833
DBA_169,1984-09-30,171.94331471847138
DBA_169,1984-12-31,173.45105538526056
DBA_169,1985-03-31,174.2049257186551
DBA_169,1985-06-30,165.1584817179203
DBA_169,1985-09-30,176.4665367188388
DBA_169,1985-12-31,180.23588838581162
DBA_169,1986-03-31,176.4665367188388
DBA_169,1986-06-30,170.4355740516823
DBA_169,1986-09-30,184.759110386179
DBA_169,1986-12-31,185.51298071957362
DBA_169,1987-03-31,183.25136971938988
DBA_169,1987-06-30,174.95879605204968
DBA_169,1987-09-30,190.03620271994103
DBA_169,1987-12-31,192.2978137201247
DBA_169,1988-03-31,188.5284620531519
DBA_169,1988-06-30,182.49749938599535
DBA_169,1988-09-30,199.08264672067583
DBA_170,1969-12-31,181.15602284583503
DBA_170,1970-03-31,187.07973974104496
DBA_170,1970-06-30,184.850890426675
DBA_170,1970-09-30,190.07973974104496
DBA_170,1970-12-31,183.2936780980825
DBA_170,1971-03-31,191.36996120287247
DBA_170,1971-06-30,193.81274887428
DBA_170,1971-09-30,198.04159818865003
DBA_170,1971-12-31,187.6601826647
DBA_170,1972-03-31,198.850890426675
DBA_170,1972-06-30,197.6601826647
DBA_170,1972-09-30,204.96531508386
DBA_170,1972-12-31,192.58389955991
DBA_170,1973-03-31,201.77460732188501
DBA_170,1973-06-30,202.2555365456875
DBA_170,1973-09-30,206.4843858600575
DBA_170,1973-12-31,195.21739499329252
DBA_170,1974-03-31,201.73646576949
DBA_170,1974-06-30,205.850890426675
DBA_170,1974-09-30,206.96531508386
DBA_170,1974-12-31,195.1029703361075
DBA_170,1975-03-31,204.17925344089753
DBA_170,1975-06-30,208.2555365456875
DBA_170,1975-09-30,213.00345663625504
DBA_170,1975-12-31,203.698324217095
DBA_170,1976-03-31,213.850890426675
DBA_170,1976-06-30,215.2936780980825
DBA_170,1976-09-30,222.11788129343998
DBA_170,1976-12-31,211.73646576949
DBA_170,1977-03-31,220.88903197907
DBA_170,1977-06-30,224.92717353146497
DBA_170,1977-09-30,233.27044750302002
DBA_171,1977-12-31,156.1999969482422
DBA_171,1978-03-31,166.3000030517578
DBA_171,1978-06-30,173.89999389648438
DBA_171,1978-09-30,177.60000610351562
DBA_171,1978-12-31,192.6999969482422
DBA_171,1979-03-31,203.89999389648438
DBA_171,1979-06-30,192.3000030517578
DBA_171,1979-09-30,196.6999969482422
DBA_171,1979-12-31,207.5399932861328
DBA_171,1980-03-31,214.64999389648438
DBA_171,1980-06-30,213.61000061035156
DBA_171,1980-09-30,232.60000610351562
DBA_171,1980-12-31,232.5
DBA_171,1981-03-31,245.0500030517578
DBA_171,1981-06-30,242.9499969482422
DBA_171,1981-09-30,272.6000061035156
DBA_171,1981-12-31,271.3500061035156
DBA_171,1982-03-31,275.8999938964844
DBA_171,1982-06-30,268.95001220703125
DBA_171,1982-09-30,277.5
DBA_171,1982-12-31,279.1000061035156
DBA_171,1983-03-31,295.29998779296875
DBA_171,1983-06-30,286.3999938964844
DBA_171,1983-09-30,218.1999969482422
DBA_172,1974-12-31,100.59763462391126
DBA_172,1975-03-31,98.26657019410297
DBA_172,1975-06-30,97.48177583149204
DBA_172,1975-09-30,98.65896737540842
DBA_172,1975-12-31,96.69698146888106
DBA_172,1976-03-31,97.8741730127975
DBA_172,1976-06-30,94.7349955623537
DBA_172,1976-09-30,99.05136455671392
DBA_172,1976-12-31,94.56059681510685
DBA_172,1977-03-31,93.7758024524959
DBA_172,1977-06-30,92.20621372727399
DBA_172,1977-09-30,92.99100808988494
DBA_172,1977-12-31,96.91497990293966
DBA_172,1978-03-31,98.87696580946701
DBA_172,1978-06-30,94.95299399641233
DBA_172,1978-09-30,106.94197102134753
DBA_172,1978-12-31,97.17243676327425
DBA_172,1979-03-31,96.77207736523569
DBA_172,1979-06-30,89.569063245926
DBA_172,1979-09-30,97.01819964524104
DBA_172,1979-12-31,94.3772156007462
DBA_172,1980-03-31,93.9848184194407
DBA_172,1980-06-30,88.6852842730285
DBA_172,1980-09-30,96.00130039559532
DBA_172,1980-12-31,96.60733745783318
DBA_172,1981-03-31,96.69671610801971
DBA_172,1981-06-30,90.61238759899658
DBA_172,1981-09-30,97.05423070876591
DBA_172,1981-12-31,97.0891132893252
DBA_172,1982-03-31,95.98159939559532
DBA_172,1982-06-30,89.59268659899658
DBA_172,1982-09-30,97.19239208449697
DBA_172,1982-12-31,91.08781289372988
DBA_172,1983-03-31,90.24832052592572
DBA_172,1983-06-30,81.82723719724736
DBA_172,1983-09-30,92.11049398333
DBA_172,1983-12-31,90.5409052581081
DBA_172,1984-03-31,90.9333024394136
DBA_172,1984-06-30,86.61693344505342
DBA_172,1984-09-30,92.65740161895177
DBA_172,1984-12-31,90.66696647575745
DBA_172,1985-03-31,91.08781289372988
DBA_172,1985-06-30,81.47492609384861
DBA_172,1985-09-30,91.32159603299817
DBA_172,1985-12-31,92.12426123074584
DBA_172,1986-03-31,91.33946686813492
DBA_172,1986-06-30,88.59268659899658
DBA_172,1986-09-30,92.12426123074584
DBA_172,1986-12-31,96.25734966338331
DBA_172,1987-03-31,94.44532749447608
DBA_172,1987-06-30,89.18067592862313
DBA_172,1987-09-30,98.0
DBA_172,1987-12-31,101.6424853992538
DBA_172,1988-03-31,104.37434944869419
DBA_172,1988-06-30,108.016834847948
DBA_172,1988-09-30,108.92745619776144
DBA_173,1977-06-30,4890.083771755385
DBA_173,1977-09-30,4788.592567181184
DBA_173,1977-12-31,4066.0215852377214
DBA_173,1978-03-31,5411.112142049861
DBA_173,1978-06-30,5616.885377206598
DBA_173,1978-09-30,5587.60772946516
DBA_173,1978-12-31,4572.997961620685
DBA_173,1979-03-31,5610.583442597009
DBA_173,1979-06-30,5144.588210088056
DBA_173,1979-09-30,4254.978204378557
DBA_173,1979-12-31,3398.301406979992
DBA_173,1980-03-31,4961.79701860079
DBA_173,1980-06-30,4836.764474793851
DBA_173,1980-09-30,4828.956578183815
DBA_173,1980-12-31,4265.1059857342725
DBA_173,1981-03-31,5229.073116196021
DBA_173,1981-06-30,5510.797043202274
DBA_173,1981-09-30,5557.440560264391
DBA_173,1981-12-31,4837.704817581715
DBA_173,1982-03-31,5808.898156796889
DBA_173,1982-06-30,6217.656634761075
DBA_173,1982-09-30,6065.540060858521
DBA_173,1982-12-31,5205.710104350241
DBA_173,1983-03-31,6387.808099445578
DBA_173,1983-06-30,6696.569704765354
DBA_173,1983-09-30,6805.676599193751
DBA_173,1983-12-31,5590.29706922616
DBA_173,1984-03-31,7034.029921446633
DBA_173,1984-06-30,9347.825120299773
DBA_173,1984-09-30,7168.021306175436
DBA_173,1984-12-31,5594.472869205385
DBA_173,1985-03-31,8064.051603017658
DBA_173,1985-06-30,13882.567021844205
DBA_173,1985-09-30,13292.652037396456
DBA_173,1985-12-31,11410.818549483402
DBA_173,1986-03-31,13469.022762754523
DBA_173,1986-06-30,14277.155068185475
DBA_173,1986-09-30,14029.792843403251
DBA_173,1986-12-31,11004.65349431029
DBA_173,1987-03-31,15568.645084193617
DBA_173,1987-06-30,16381.54386150266
DBA_173,1987-09-30,17507.16923674895
DBA_173,1987-12-31,13828.071515767795
DBA_173,1988-03-31,17691.091361619077
DBA_173,1988-06-30,18461.56458827463
DBA_173,1988-09-30,18041.080434274474
DBA_173,1988-12-31,14751.839162438133
DBA_173,1989-03-31,17499.241280718772
DBA_173,1989-06-30,18789.62501859427
DBA_173,1989-09-30,18669.629625996808
DBA_173,1989-12-31,14750.692160299142
DBA_173,1990-03-31,18643.12589912328
DBA_173,1990-06-30,19555.727467621185
DBA_173,1990-09-30,20255.14864286341
DBA_173,1990-12-31,16037.978228686985
DBA_173,1991-03-31,20450.3892792984
DBA_173,1991-06-30,20815.52382336224
DBA_173,1991-09-30,22043.76172629638
DBA_173,1991-12-31,16632.38734465088
DBA_173,1992-03-31,20589.488977946232
DBA_173,1992-06-30,21579.63786544037
DBA_173,1992-09-30,22056.53332136148
DBA_173,1992-12-31,17481.224393492645
DBA_173,1993-03-31,22917.183531817936
DBA_173,1993-06-30,24654.90532924937
DBA_173,1993-09-30,24073.76627640889
DBA_173,1993-12-31,19010.512477605138
DBA_173,1994-03-31,24590.7363609335
DBA_173,1994-06-30,25175.723013509025
DBA_173,1994-09-30,25403.664961873656
DBA_173,1994-12-31,19763.31337352015
DBA_173,1995-03-31,25256.686975716446
DBA_173,1995-06-30,26828.913838587676
DBA_173,1995-09-30,25855.96927199177
DBA_173,1995-12-31,21796.669479602155
DBA_173,1996-03-31,29080.774088428767
DBA_173,1996-06-30,31846.660121269542
DBA_173,1996-09-30,31712.48480309106
DBA_173,1996-12-31,24420.059105384396
DBA_173,1997-03-31,32986.56523724606
DBA_173,1997-06-30,33419.49339662028
DBA_173,1997-09-30,34787.489899904955
DBA_173,1997-12-31,26081.468047057027
DBA_173,1998-03-31,31978.935872254173
DBA_173,1998-06-30,34212.89914425702
DBA_173,1998-09-30,33874.09482139346
DBA_173,1998-12-31,26701.954903374266
DBA_173,1999-03-31,34626.09654935779
DBA_173,1999-06-30,37455.132770657154
DBA_173,1999-09-30,36819.75318659659
DBA_173,1999-12-31,29664.768475749133
DBA_173,2000-03-31,38904.298709796516
DBA_173,2000-06-30,40159.29928049727
DBA_173,2000-09-30,40179.90553642861
DBA_173,2000-12-31,30329.1727045723
DBA_173,2001-03-31,41448.40910577656
DBA_173,2001-06-30,44123.62950312641
DBA_174,1969-12-31,3.1516695693521335
DBA_174,1970-03-31,2.774624091127488
DBA_174,1970-06-30,2.4781539844768394
DBA_174,1970-09-30,2.205809810614961
DBA_174,1970-12-31,2.4466777649497002
DBA_174,1971-03-31,2.4066413120509904
DBA_174,1971-06-30,2.186440797244509
DBA_174,1971-09-30,2.198451766523134
DBA_174,1971-12-31,2.222473705080382
DBA_174,1972-03-31,2.358597578117971
DBA_174,1972-06-30,2.194448078278818
DBA_174,1972-09-30,1.312970888421456
DBA_174,1972-12-31,2.414556480388837
DBA_174,1973-03-31,2.4105527921445224
DBA_174,1973-06-30,2.2223814730660205
DBA_174,1973-09-30,2.3905345418315873
DBA_174,1973-12-31,2.5987240396322853
DBA_174,1974-03-31,2.6868041787368546
DBA_174,1974-06-30,2.466603807111852
DBA_174,1974-09-30,2.6547750545996154
DBA_174,1974-12-31,2.9053554184749855
DBA_174,1975-03-31,2.911434658693756
DBA_174,1975-06-30,2.5552281533461096
DBA_174,1975-09-30,2.6192864493477495
DBA_174,1975-12-31,2.631297370899214
DBA_174,1976-03-31,3.2493912460524914
DBA_174,1976-06-30,2.745759441890987
DBA_174,1976-09-30,2.7177339105437435
DBA_174,1976-12-31,3.049591532096285
DBA_174,1977-03-31,4.319161488787968
DBA_174,1977-06-30,2.776872232198621
DBA_174,1977-09-30,2.4042152776366192
DBA_175,1978-06-30,1259.0
DBA_175,1978-09-30,2202.0
DBA_175,1978-12-31,3071.0
DBA_175,1979-03-31,2732.0
DBA_175,1979-06-30,3836.0
DBA_175,1979-09-30,3695.0
DBA_175,1979-12-31,4053.0
DBA_175,1980-03-31,4531.0
DBA_175,1980-06-30,4203.0
DBA_175,1980-09-30,2816.0
DBA_175,1980-12-31,5820.0
DBA_175,1981-03-31,5963.0
DBA_175,1981-06-30,6547.0
DBA_175,1981-09-30,5778.0
DBA_175,1981-12-31,5102.0
DBA_175,1982-03-31,5374.0
DBA_175,1982-06-30,6742.0
DBA_175,1982-09-30,8400.0
DBA_175,1982-12-31,12085.0
DBA_175,1983-03-31,10568.0
DBA_175,1983-06-30,12203.0
DBA_175,1983-09-30,10882.0
DBA_175,1983-12-31,11246.0
DBA_175,1984-03-31,9756.0
DBA_175,1984-06-30,9617.0
DBA_175,1984-09-30,7076.0
DBA_175,1984-12-31,12625.0
DBA_175,1985-03-31,14519.0
DBA_175,1985-06-30,7190.0
DBA_175,1985-09-30,7912.0
DBA_176,1976-12-31,55.0
DBA_176,1977-03-31,41.0
DBA_176,1977-06-30,42.0
DBA_176,1977-09-30,43.0
DBA_176,1977-12-31,42.0
DBA_176,1978-03-31,38.0
DBA_176,1978-06-30,36.0
DBA_176,1978-09-30,27.0
DBA_176,1978-12-31,20.0
DBA_176,1979-03-31,21.0
DBA_176,1979-06-30,23.0
DBA_176,1979-09-30,24.0
DBA_176,1979-12-31,27.0
DBA_176,1980-03-31,30.0
DBA_176,1980-06-30,32.0
DBA_176,1980-09-30,30.0
DBA_176,1980-12-31,26.0
DBA_176,1981-03-31,25.0
DBA_176,1981-06-30,23.0
DBA_176,1981-09-30,22.0
DBA_176,1981-12-31,23.0
DBA_176,1982-03-31,25.0
DBA_176,1982-06-30,25.0
DBA_176,1982-09-30,38.0
DBA_176,1982-12-31,48.0
DBA_176,1983-03-31,62.0
DBA_176,1983-06-30,69.0
DBA_176,1983-09-30,76.0
DBA_176,1983-12-31,77.0
DBA_176,1984-03-31,72.0
DBA_176,1984-06-30,75.0
DBA_176,1984-09-30,77.0
DBA_176,1984-12-31,86.0
DBA_176,1985-03-31,91.0
DBA_176,1985-06-30,94.0
DBA_176,1985-09-30,92.0
DBA_176,1985-12-31,90.0
DBA_176,1986-03-31,98.0
DBA_176,1986-06-30,120.0
DBA_176,1986-09-30,160.0
DBA_176,1986-12-31,172.0
DBA_176,1987-03-31,175.0
DBA_176,1987-06-30,182.0
DBA_176,1987-09-30,193.0
