unique_id,ds,y
ID0_MBB0,1975-12-31,0.7195214028086547
ID0_MBB0,1976-03-31,0.6352003978001641
ID0_MBB0,1976-06-30,0.5025222751471918
ID0_MBB0,1976-09-30,0.2716850957837855
ID0_MBB0,1976-12-31,0.4822055919450221
ID0_MBB0,1977-03-31,0.7739557275361189
ID0_MBB0,1977-06-30,0.5173952828909103
ID0_MBB0,1977-09-30,0.15392541852559294
ID0_MBB0,1977-12-31,0.33883051974860434
ID0_MBB0,1978-03-31,0.5867665047564083
ID0_MBB0,1978-06-30,0.6410969563410358
ID0_MBB0,1978-09-30,0.6953485925564067
ID0_MBB0,1978-12-31,1.0347421055891393
ID0_MBB0,1979-03-31,2.7392386167191702
ID0_MBB0,1979-06-30,4.997794543605886
ID0_MBB0,1979-09-30,4.927923993679919
ID0_MBB0,1979-12-31,5.927091584413848
ID0_MBB0,1980-03-31,6.5317816660952
ID0_MBB0,1980-06-30,6.235798727405826
ID0_MBB0,1980-09-30,3.9105548463721593
ID0_MBB0,1980-12-31,4.503253646953589
ID0_MBB0,1981-03-31,4.106787915323419
ID0_MBB0,1981-06-30,3.2704051958331206
ID0_MBB0,1981-09-30,2.005888804125623
ID0_MBB0,1981-12-31,1.5426358607296544
ID0_MBB0,1982-03-31,1.5876087623703277
ID0_MBB0,1982-06-30,2.0079873418231795
ID0_MBB0,1982-09-30,1.712128002924091
ID0_MBB0,1982-12-31,1.6636476633562864
ID0_MBB0,1983-03-31,2.7387448667230885
ID0_MBB0,1983-06-30,4.190396298206041
ID0_MBB0,1983-09-30,3.84345687719646
ID0_MBB0,1983-12-31,3.989716273539292
ID0_MBB0,1984-03-31,5.616075808159812
ID0_MBB0,1984-06-30,7.288995209002094
ID0_MBB0,1984-09-30,5.1823571283961725
ID1_MBB1,1974-12-31,98.37713913588357
ID1_MBB1,1975-03-31,95.58302909027604
ID1_MBB1,1975-06-30,97.3933934646545
ID1_MBB1,1975-09-30,97.87013897681376
ID1_MBB1,1975-12-31,91.17055169427225
ID1_MBB1,1976-03-31,89.65018378642775
ID1_MBB1,1976-06-30,89.28099554843105
ID1_MBB1,1976-09-30,87.72419284938019
ID1_MBB1,1976-12-31,83.28315485714889
ID1_MBB1,1977-03-31,82.76531475073496
ID1_MBB1,1977-06-30,83.74149060251155
ID1_MBB1,1977-09-30,86.22169852924614
ID1_MBB1,1977-12-31,83.96343916655354
ID1_MBB1,1978-03-31,86.46813126570177
ID1_MBB1,1978-06-30,86.52679826031765
ID1_MBB1,1978-09-30,86.07988297969662
ID1_MBB1,1978-12-31,82.35937835398066
ID1_MBB1,1979-03-31,80.84406853990123
ID1_MBB1,1979-06-30,78.62287916542651
ID1_MBB1,1979-09-30,78.43206164949925
ID1_MBB1,1979-12-31,78.47814144629358
ID1_MBB1,1980-03-31,79.57723169510172
ID1_MBB1,1980-06-30,79.32537712685522
ID1_MBB1,1980-09-30,81.73813261482006
ID1_MBB1,1980-12-31,84.25860578359654
ID1_MBB1,1981-03-31,84.37640128383812
ID1_MBB1,1981-06-30,86.44707650482005
ID1_MBB1,1981-09-30,86.05317371560785
ID1_MBB1,1981-12-31,88.38949667188646
ID1_MBB1,1982-03-31,88.92949384190092
ID1_MBB1,1982-06-30,88.55356206049159
ID1_MBB1,1982-09-30,87.48643103758718
ID1_MBB1,1982-12-31,87.49339194238132
ID1_MBB1,1983-03-31,85.45156704599297
ID1_MBB1,1983-06-30,84.94574182639049
ID1_MBB1,1983-09-30,81.63015921410211
ID1_MBB1,1983-12-31,81.23097753959522
ID1_MBB1,1984-03-31,81.541640376001
ID1_MBB1,1984-06-30,80.4620257734682
ID1_MBB1,1984-09-30,79.85196324883918
ID1_MBB1,1984-12-31,81.578021452297
ID1_MBB1,1985-03-31,81.00609443724872
ID1_MBB1,1985-06-30,82.37968294742923
ID1_MBB1,1985-09-30,83.06939219756296
ID1_MBB1,1985-12-31,80.03937647358525
ID1_MBB1,1986-03-31,84.1137185213428
ID1_MBB1,1986-06-30,85.98145369931517
ID1_MBB1,1986-09-30,85.74170428152297
ID1_MBB1,1986-12-31,91.63197979300041
ID1_MBB1,1987-03-31,92.39783667182768
ID1_MBB1,1987-06-30,97.68642340571037
ID1_MBB1,1987-09-30,96.277128362425
ID1_MBB1,1987-12-31,104.20946782451709
ID1_MBB1,1988-03-31,106.29122789043639
ID1_MBB1,1988-06-30,112.69420961963831
ID1_MBB1,1988-09-30,106.65202610377197
ID10_MBB2,1977-12-31,27.951369936198024
ID10_MBB2,1978-03-31,36.48732973011315
ID10_MBB2,1978-06-30,40.72619923766557
ID10_MBB2,1978-09-30,47.146933782720986
ID10_MBB2,1978-12-31,35.846469171238326
ID10_MBB2,1979-03-31,41.78258850268221
ID10_MBB2,1979-06-30,47.54874090678764
ID10_MBB2,1979-09-30,43.93574561270268
ID10_MBB2,1979-12-31,36.53426489946933
ID10_MBB2,1980-03-31,49.67110363760621
ID10_MBB2,1980-06-30,48.04984550587004
ID10_MBB2,1980-09-30,47.128928113548476
ID10_MBB2,1980-12-31,38.08925344602058
ID10_MBB2,1981-03-31,56.69160146660844
ID10_MBB2,1981-06-30,53.35964562793356
ID10_MBB2,1981-09-30,59.57396996141996
ID10_MBB2,1981-12-31,44.41004648234728
ID10_MBB2,1982-03-31,60.583463059051
ID10_MBB2,1982-06-30,61.87176281985656
ID10_MBB2,1982-09-30,63.14792087366688
ID10_MBB2,1982-12-31,57.659044245636764
ID10_MBB2,1983-03-31,76.90534530732651
ID10_MBB2,1983-06-30,71.32131890937323
ID10_MBB2,1983-09-30,79.60761548417436
ID10_MBB2,1983-12-31,66.26185537959942
ID10_MBB2,1984-03-31,95.04306755427505
ID10_MBB2,1984-06-30,78.46323845149166
ID10_MBB2,1984-09-30,101.04924982386727
ID10_MBB2,1984-12-31,77.5940781122466
ID10_MBB2,1985-03-31,122.54189532468187
ID10_MBB2,1985-06-30,99.26877121869428
ID10_MBB2,1985-09-30,114.85900544699668
ID10_MBB2,1985-12-31,100.22437333306623
ID10_MBB2,1986-03-31,138.96584931120074
ID10_MBB2,1986-06-30,116.83414599887894
ID10_MBB2,1986-09-30,140.01553017998384
ID10_MBB2,1986-12-31,120.91860572418736
ID10_MBB2,1987-03-31,164.96182969823244
ID10_MBB2,1987-06-30,159.74304759176766
ID10_MBB2,1987-09-30,160.3717066402528
ID10_MBB2,1987-12-31,139.0311020304329
ID10_MBB2,1988-03-31,156.59802718577674
ID10_MBB2,1988-06-30,179.99101761380493
ID10_MBB2,1988-09-30,160.5752183247741
ID10_MBB2,1988-12-31,141.9375148842417
ID10_MBB2,1989-03-31,139.8452103233258
ID100_MBB3,1978-03-31,107.66051490587225
ID100_MBB3,1978-06-30,182.77323152214308
ID100_MBB3,1978-09-30,196.2332775095203
ID100_MBB3,1978-12-31,164.5220720603077
ID100_MBB3,1979-03-31,162.86429716144994
ID100_MBB3,1979-06-30,199.9093840046197
ID100_MBB3,1979-09-30,221.44566132810937
ID100_MBB3,1979-12-31,202.25107250325766
ID100_MBB3,1980-03-31,188.08920045323637
ID100_MBB3,1980-06-30,316.8022788609775
ID100_MBB3,1980-09-30,320.05933943563343
ID100_MBB3,1980-12-31,184.80239589883027
ID100_MBB3,1981-03-31,305.80768440440653
ID100_MBB3,1981-06-30,395.7366033044834
ID101_MBB4,1976-12-31,81.72878824642936
ID101_MBB4,1977-03-31,81.62967486770555
ID101_MBB4,1977-06-30,81.75308153747419
ID101_MBB4,1977-09-30,81.4070440450269
ID101_MBB4,1977-12-31,81.72344798098732
ID101_MBB4,1978-03-31,81.94872751652855
ID101_MBB4,1978-06-30,82.75046938633868
ID101_MBB4,1978-09-30,82.53717867465336
ID101_MBB4,1978-12-31,83.94684146903889
ID101_MBB4,1979-03-31,84.69570834289678
ID101_MBB4,1979-06-30,85.06705229933446
ID101_MBB4,1979-09-30,86.92882416917223
ID101_MBB4,1979-12-31,86.84947308142456
ID101_MBB4,1980-03-31,88.24049781579542
ID101_MBB4,1980-06-30,87.4957968849042
ID101_MBB4,1980-09-30,88.45283775569396
ID101_MBB4,1980-12-31,87.68665075619815
ID101_MBB4,1981-03-31,87.19808410214169
ID101_MBB4,1981-06-30,87.0322518277009
ID101_MBB4,1981-09-30,87.0463075197411
ID101_MBB4,1981-12-31,86.73169635171462
ID101_MBB4,1982-03-31,88.74089428636924
ID101_MBB4,1982-06-30,89.4320765499181
ID101_MBB4,1982-09-30,88.90899858030802
ID101_MBB4,1982-12-31,88.6361381408685
ID101_MBB4,1983-03-31,89.03679286791757
ID101_MBB4,1983-06-30,89.04795930407181
ID101_MBB4,1983-09-30,89.21493068735145
ID101_MBB4,1983-12-31,89.23264272767241
ID101_MBB4,1984-03-31,89.32035232813493
ID101_MBB4,1984-06-30,89.97641252469617
ID101_MBB4,1984-09-30,90.62089619533933
ID101_MBB4,1984-12-31,90.15270231892924
ID101_MBB4,1985-03-31,91.03351572570136
ID101_MBB4,1985-06-30,91.14666643463156
ID101_MBB4,1985-09-30,90.8819307280842
ID101_MBB4,1985-12-31,91.2212998858129
ID101_MBB4,1986-03-31,93.07417249445567
ID101_MBB4,1986-06-30,93.85106500949057
ID101_MBB4,1986-09-30,92.97505770932506
ID101_MBB4,1986-12-31,93.56887644459565
ID101_MBB4,1987-03-31,94.1940041831113
ID101_MBB4,1987-06-30,95.25103597522869
ID101_MBB4,1987-09-30,96.59047502189645
ID101_MBB4,1987-12-31,97.20023133332192
ID101_MBB4,1988-03-31,97.3886051279033
ID101_MBB4,1988-06-30,98.76191436455682
ID101_MBB4,1988-09-30,99.75520584590127
ID101_MBB4,1988-12-31,99.56041378509056
ID101_MBB4,1989-03-31,99.78452211729093
ID101_MBB4,1989-06-30,99.75814378612468
ID101_MBB4,1989-09-30,101.63065177418486
ID101_MBB4,1989-12-31,101.93866846032105
ID101_MBB4,1990-03-31,102.80115793713173
ID101_MBB4,1990-06-30,103.40670121533083
ID101_MBB4,1990-09-30,105.7788549539419
ID101_MBB4,1990-12-31,106.67398536600714
ID101_MBB4,1991-03-31,107.78010189433768
ID101_MBB4,1991-06-30,109.79296281653129
ID101_MBB4,1991-09-30,112.12007855983084
ID101_MBB4,1991-12-31,113.25684954121321
ID101_MBB4,1992-03-31,114.18521830206502
ID101_MBB4,1992-06-30,115.26378062393623
ID101_MBB4,1992-09-30,115.64591148558345
ID101_MBB4,1992-12-31,117.93368828850369
ID101_MBB4,1993-03-31,119.8452892986545
ID101_MBB4,1993-06-30,119.25538710317923
ID101_MBB4,1993-09-30,120.7779717725405
ID101_MBB4,1993-12-31,122.21723674436399
ID101_MBB4,1994-03-31,123.4321907790201
ID101_MBB4,1994-06-30,125.02801509019453
ID101_MBB4,1994-09-30,125.30177529933738
ID102_MBB5,1971-12-31,6105.950031896813
ID102_MBB5,1972-03-31,5923.480736505562
ID102_MBB5,1972-06-30,5973.111761458784
ID102_MBB5,1972-09-30,6016.439724983013
ID102_MBB5,1972-12-31,6445.249316985589
ID102_MBB5,1973-03-31,6293.186324756882
ID102_MBB5,1973-06-30,6548.3470748283025
ID102_MBB5,1973-09-30,6233.887851559762
ID102_MBB5,1973-12-31,6555.835134747344
ID102_MBB5,1974-03-31,6617.873992070297
ID102_MBB5,1974-06-30,6647.023557634115
ID102_MBB5,1974-09-30,6507.7064376930075
ID102_MBB5,1974-12-31,6497.330463981055
ID102_MBB5,1975-03-31,6374.885479523089
ID102_MBB5,1975-06-30,6314.696904306611
ID102_MBB5,1975-09-30,6628.38296852434
ID102_MBB5,1975-12-31,6583.619920407095
ID102_MBB5,1976-03-31,6762.400066805639
ID102_MBB5,1976-06-30,6745.014175459179
ID102_MBB5,1976-09-30,7055.433279367272
ID102_MBB5,1976-12-31,7174.887582463972
ID102_MBB5,1977-03-31,6850.560350886731
ID102_MBB5,1977-06-30,7103.910472245667
ID102_MBB5,1977-09-30,7299.834628780312
ID102_MBB5,1977-12-31,7197.435158735819
ID102_MBB5,1978-03-31,7670.098739965713
ID102_MBB5,1978-06-30,7577.507604807311
ID102_MBB5,1978-09-30,7754.160736588499
ID102_MBB5,1978-12-31,7911.910946157294
ID102_MBB5,1979-03-31,8032.543958196771
ID102_MBB5,1979-06-30,7982.399092295302
ID102_MBB5,1979-09-30,8071.102175933289
ID102_MBB5,1979-12-31,8294.105558228228
ID102_MBB5,1980-03-31,8686.2575291247
ID102_MBB5,1980-06-30,8642.100724400078
ID102_MBB5,1980-09-30,9273.841365633196
ID102_MBB5,1980-12-31,9513.88362016023
ID102_MBB5,1981-03-31,9676.267084431243
ID102_MBB5,1981-06-30,9896.6153819688
ID102_MBB5,1981-09-30,10065.95014308288
ID102_MBB5,1981-12-31,9967.396659413285
ID102_MBB5,1982-03-31,10336.613984926173
ID102_MBB5,1982-06-30,10297.784810897796
ID102_MBB5,1982-09-30,10726.725904991641
ID102_MBB5,1982-12-31,11083.562545784767
ID102_MBB5,1983-03-31,11470.655942839277
ID102_MBB5,1983-06-30,12032.822637680507
ID102_MBB5,1983-09-30,12146.781510297882
ID102_MBB5,1983-12-31,12503.796717112251
ID102_MBB5,1984-03-31,12934.61490230874
ID102_MBB5,1984-06-30,13025.054954877847
ID102_MBB5,1984-09-30,13017.643166209962
ID102_MBB5,1984-12-31,14202.948931678859
ID102_MBB5,1985-03-31,14362.461452837353
ID102_MBB5,1985-06-30,14251.17117432324
ID102_MBB5,1985-09-30,15082.882762257665
ID103_MBB6,1971-12-31,79.60007001222179
ID103_MBB6,1972-03-31,76.8388274502233
ID103_MBB6,1972-06-30,73.91624468545005
ID103_MBB6,1972-09-30,91.1601582847363
ID103_MBB6,1972-12-31,90.49850324440216
ID103_MBB6,1973-03-31,86.74338243616265
ID103_MBB6,1973-06-30,82.34510462282724
ID103_MBB6,1973-09-30,99.21774706711192
ID103_MBB6,1973-12-31,98.1819070679375
ID103_MBB6,1974-03-31,96.82458026912379
ID103_MBB6,1974-06-30,92.0607449145105
ID103_MBB6,1974-09-30,109.71639134742263
ID103_MBB6,1974-12-31,107.8067077505569
ID103_MBB6,1975-03-31,110.80574596654377
ID103_MBB6,1975-06-30,106.28781723905767
ID103_MBB6,1975-09-30,120.66685425328497
ID103_MBB6,1975-12-31,123.07067598120302
ID103_MBB6,1976-03-31,124.71564920386145
ID103_MBB6,1976-06-30,121.31143890353208
ID103_MBB6,1976-09-30,139.29559700770335
ID103_MBB6,1976-12-31,143.23586757828298
ID103_MBB6,1977-03-31,144.5316013549028
ID103_MBB6,1977-06-30,139.35112916297894
ID103_MBB6,1977-09-30,155.34445894717192
ID103_MBB6,1977-12-31,151.74021946477689
ID103_MBB6,1978-03-31,156.24353149858138
ID103_MBB6,1978-06-30,148.0665659892645
ID103_MBB6,1978-09-30,164.51623774390387
ID103_MBB6,1978-12-31,158.81594619540726
ID103_MBB6,1979-03-31,170.2063288150694
ID103_MBB6,1979-06-30,154.21434233974676
ID103_MBB6,1979-09-30,179.03620476504585
ID104_MBB7,1971-12-31,100.66762352048
ID104_MBB7,1972-03-31,98.30428444542171
ID104_MBB7,1972-06-30,99.48669662541938
ID104_MBB7,1972-09-30,104.0127482058386
ID104_MBB7,1972-12-31,107.53240122254367
ID104_MBB7,1973-03-31,104.37342581655724
ID104_MBB7,1973-06-30,95.95594231333352
ID104_MBB7,1973-09-30,107.48742567276153
ID104_MBB7,1973-12-31,109.5417292801034
ID104_MBB7,1974-03-31,112.7353373654429
ID104_MBB7,1974-06-30,108.34673119705788
ID104_MBB7,1974-09-30,117.95740130388036
ID104_MBB7,1974-12-31,118.94263511212714
ID104_MBB7,1975-03-31,131.0202547173175
ID104_MBB7,1975-06-30,128.7316258958842
ID104_MBB7,1975-09-30,140.18894718038322
ID104_MBB7,1975-12-31,157.9654244682597
ID104_MBB7,1976-03-31,164.38389349549672
ID104_MBB7,1976-06-30,150.43311519241476
ID104_MBB7,1976-09-30,149.21621800401192
ID104_MBB7,1976-12-31,159.22729449673866
ID104_MBB7,1977-03-31,170.23890575526113
ID104_MBB7,1977-06-30,155.53506603880746
ID104_MBB7,1977-09-30,162.56742026068167
ID104_MBB7,1977-12-31,181.2571372002854
ID104_MBB7,1978-03-31,207.90293039816663
ID104_MBB7,1978-06-30,194.8023139002248
ID104_MBB7,1978-09-30,196.87497848811302
ID104_MBB7,1978-12-31,194.00003996038353
ID104_MBB7,1979-03-31,192.99997465361784
ID104_MBB7,1979-06-30,190.00002512102503
ID104_MBB7,1979-09-30,192.99997465361784
ID104_MBB7,1979-12-31,208.43723398840785
ID104_MBB7,1980-03-31,210.6813009826176
ID104_MBB7,1980-06-30,207.57671513126297
ID104_MBB7,1980-09-30,203.64756358553032
ID104_MBB7,1980-12-31,252.20484198415886
ID104_MBB7,1981-03-31,254.68145914288485
ID104_MBB7,1981-06-30,260.7489604514535
ID104_MBB7,1981-09-30,259.50705193187906
ID104_MBB7,1981-12-31,285.00006299938894
ID104_MBB7,1982-03-31,287.000014167137
ID104_MBB7,1982-06-30,301.9999739153424
ID104_MBB7,1982-09-30,298.00005120935685
ID104_MBB7,1982-12-31,323.0320429778603
ID104_MBB7,1983-03-31,315.08694301160097
ID104_MBB7,1983-06-30,312.1298789812237
ID104_MBB7,1983-09-30,341.44314261159496
ID104_MBB7,1983-12-31,351.7105213877918
ID104_MBB7,1984-03-31,359.0000985963712
ID104_MBB7,1984-06-30,353.0597621250615
ID104_MBB7,1984-09-30,381.8628498360758
ID104_MBB7,1984-12-31,358.48283983742897
ID104_MBB7,1985-03-31,397.1236188798207
ID104_MBB7,1985-06-30,419.4887616668939
ID104_MBB7,1985-09-30,474.33088030370754
ID105_MBB8,1971-12-31,63.89159560960411
ID105_MBB8,1972-03-31,54.30868538627494
ID105_MBB8,1972-06-30,53.67492607354232
ID105_MBB8,1972-09-30,59.716418846751175
ID105_MBB8,1972-12-31,73.75574238490549
ID105_MBB8,1973-03-31,60.575185918611055
ID105_MBB8,1973-06-30,59.29657714332041
ID105_MBB8,1973-09-30,67.17656647451271
ID105_MBB8,1973-12-31,74.00000599817417
ID105_MBB8,1974-03-31,66.00001481941042
ID105_MBB8,1974-06-30,59.999989935911024
ID105_MBB8,1974-09-30,66.00001481941042
ID105_MBB8,1974-12-31,70.00547066663083
ID105_MBB8,1975-03-31,68.10143990680834
ID105_MBB8,1975-06-30,60.84391091941783
ID105_MBB8,1975-09-30,69.21361837510788
ID105_MBB8,1975-12-31,73.27187343752608
ID105_MBB8,1976-03-31,71.05740531334058
ID105_MBB8,1976-06-30,69.30098915146607
ID105_MBB8,1976-09-30,76.87596196996063
ID105_MBB8,1976-12-31,80.14707264106
ID105_MBB8,1977-03-31,76.58841494053613
ID105_MBB8,1977-06-30,76.40221116222938
ID105_MBB8,1977-09-30,85.29037582607098
ID105_MBB8,1977-12-31,86.50325722497476
ID105_MBB8,1978-03-31,81.46149889679687
ID105_MBB8,1978-06-30,80.26999928773593
ID105_MBB8,1978-09-30,86.13448469994664
ID105_MBB8,1978-12-31,89.25926202547997
ID105_MBB8,1979-03-31,87.82660759674371
ID105_MBB8,1979-06-30,88.95827258709433
ID105_MBB8,1979-09-30,93.51363270753858
ID105_MBB8,1979-12-31,98.50893936876534
ID105_MBB8,1980-03-31,99.84849671988341
ID105_MBB8,1980-06-30,96.51023996973407
ID105_MBB8,1980-09-30,111.50397768633464
ID105_MBB8,1980-12-31,114.51400558473593
ID105_MBB8,1981-03-31,116.3533992954957
ID105_MBB8,1981-06-30,112.66642566438018
ID105_MBB8,1981-09-30,124.18382480484074
ID105_MBB8,1981-12-31,127.008676551062
ID105_MBB8,1982-03-31,126.09218129927153
ID105_MBB8,1982-06-30,121.07162671011882
ID105_MBB8,1982-09-30,132.43008101722066
ID105_MBB8,1982-12-31,133.60000506757586
ID105_MBB8,1983-03-31,139.27407029885487
ID105_MBB8,1983-06-30,131.31596259121102
ID105_MBB8,1983-09-30,140.5664795403746
ID105_MBB8,1983-12-31,147.13861881911004
ID105_MBB8,1984-03-31,149.69091705572913
ID105_MBB8,1984-06-30,142.75904185239835
ID105_MBB8,1984-09-30,154.68701501413327
ID105_MBB8,1984-12-31,163.56655720864808
ID105_MBB8,1985-03-31,174.07305909268732
ID105_MBB8,1985-06-30,158.13134499660632
ID105_MBB8,1985-09-30,177.84891499577768
ID106_MBB9,1978-12-31,105.81449269305998
ID106_MBB9,1979-03-31,110.20411341783964
ID106_MBB9,1979-06-30,63.16739994360135
ID106_MBB9,1979-09-30,80.49901995280692
ID106_MBB9,1979-12-31,114.69997340731597
ID106_MBB9,1980-03-31,114.00000532672735
ID106_MBB9,1980-06-30,91.90000545406772
ID106_MBB9,1980-09-30,123.59999025426862
ID106_MBB9,1980-12-31,138.5089833928446
ID106_MBB9,1981-03-31,144.27642720462399
ID106_MBB9,1981-06-30,149.97270155586045
ID106_MBB9,1981-09-30,140.74508536458114
ID107_MBB10,1971-12-31,79.78452048638144
ID107_MBB10,1972-03-31,82.73940554710329
ID107_MBB10,1972-06-30,79.01765450812913
ID107_MBB10,1972-09-30,84.48183781043153
ID107_MBB10,1972-12-31,86.04258965787847
ID107_MBB10,1973-03-31,85.8830007778304
ID107_MBB10,1973-06-30,86.31816325516951
ID107_MBB10,1973-09-30,89.49524915602652
ID107_MBB10,1973-12-31,89.96672511928654
ID107_MBB10,1974-03-31,86.82171731349692
ID107_MBB10,1974-06-30,86.18723883062988
ID107_MBB10,1974-09-30,90.91621275855604
ID107_MBB10,1974-12-31,88.38733598595024
ID107_MBB10,1975-03-31,86.00451477676938
ID107_MBB10,1975-06-30,83.65439323827097
ID107_MBB10,1975-09-30,88.68245833612121
ID107_MBB10,1975-12-31,90.28652742289067
ID107_MBB10,1976-03-31,93.2824009621025
ID107_MBB10,1976-06-30,92.1611807416384
ID107_MBB10,1976-09-30,96.1396310198086
ID107_MBB10,1976-12-31,98.77437973484908
ID107_MBB10,1977-03-31,104.44192732463986
ID107_MBB10,1977-06-30,102.00944415915896
ID107_MBB10,1977-09-30,104.22812168098129
ID107_MBB10,1977-12-31,104.0314537313406
ID107_MBB10,1978-03-31,104.68800988147414
ID107_MBB10,1978-06-30,104.11085130993015
ID107_MBB10,1978-09-30,101.30733652598181
ID107_MBB10,1978-12-31,99.45993396342367
ID107_MBB10,1979-03-31,100.7411248060662
ID107_MBB10,1979-06-30,97.00008845517881
ID107_MBB10,1979-09-30,98.65538673566486
ID107_MBB10,1979-12-31,100.25054723557479
ID107_MBB10,1980-03-31,103.39408801206075
ID107_MBB10,1980-06-30,98.69520175512082
ID107_MBB10,1980-09-30,103.07939618264828
ID107_MBB10,1980-12-31,106.41849162886726
ID107_MBB10,1981-03-31,110.40731837899779
ID107_MBB10,1981-06-30,111.84343432485618
ID107_MBB10,1981-09-30,117.95610036557298
ID107_MBB10,1981-12-31,114.7610284885632
ID107_MBB10,1982-03-31,118.52679594301713
ID107_MBB10,1982-06-30,109.11452306099339
ID107_MBB10,1982-09-30,111.54894352792935
ID107_MBB10,1982-12-31,108.49625528726165
ID107_MBB10,1983-03-31,111.56722828947684
ID107_MBB10,1983-06-30,105.30819443650859
ID107_MBB10,1983-09-30,107.93406517848015
ID107_MBB10,1983-12-31,111.43497883024978
ID107_MBB10,1984-03-31,113.23658710935534
ID107_MBB10,1984-06-30,107.77446156081179
ID107_MBB10,1984-09-30,114.69994562495219
ID107_MBB10,1984-12-31,111.64085993716603
ID107_MBB10,1985-03-31,119.03176668011834
ID107_MBB10,1985-06-30,114.24309828362593
ID107_MBB10,1985-09-30,123.16953338818334
ID108_MBB11,1977-12-31,618.4289313380331
ID108_MBB11,1978-03-31,663.066551126988
ID108_MBB11,1978-06-30,667.8956170965434
ID108_MBB11,1978-09-30,758.8202254988681
ID108_MBB11,1978-12-31,722.8490924895756
ID108_MBB11,1979-03-31,788.0965633344072
ID108_MBB11,1979-06-30,844.7302966117104
ID108_MBB11,1979-09-30,844.2254348897965
ID108_MBB11,1979-12-31,890.1340992234843
ID108_MBB11,1980-03-31,893.3531279095698
ID108_MBB11,1980-06-30,1059.6562628246195
ID108_MBB11,1980-09-30,1223.941471125161
ID108_MBB11,1980-12-31,1192.9162152063038
ID108_MBB11,1981-03-31,1221.882236380502
ID108_MBB11,1981-06-30,1424.7280228875009
ID108_MBB11,1981-09-30,1610.4069056028059
ID108_MBB11,1981-12-31,1598.93127654265
ID108_MBB11,1982-03-31,1441.1696446537733
ID108_MBB11,1982-06-30,1763.0595472555144
ID108_MBB11,1982-09-30,1992.0553192634504
ID108_MBB11,1982-12-31,1828.5747010236978
ID108_MBB11,1983-03-31,1780.1830203031498
ID108_MBB11,1983-06-30,1950.807928263312
ID108_MBB11,1983-09-30,2603.180890650757
ID108_MBB11,1983-12-31,2367.138249108395
ID108_MBB11,1984-03-31,2384.710924864278
ID108_MBB11,1984-06-30,2632.5295959967425
ID108_MBB11,1984-09-30,3235.6719138341846
ID108_MBB11,1984-12-31,3349.238164095178
ID108_MBB11,1985-03-31,3210.5860443075826
ID108_MBB11,1985-06-30,3079.953079468571
ID108_MBB11,1985-09-30,4201.958771501296
ID108_MBB11,1985-12-31,4089.4802721584383
ID108_MBB11,1986-03-31,3806.9736332268235
ID108_MBB11,1986-06-30,4433.96954090279
ID108_MBB11,1986-09-30,5528.684982932673
ID109_MBB12,1977-12-31,2843.2316785614184
ID109_MBB12,1978-03-31,2924.454903696608
ID109_MBB12,1978-06-30,3025.504740955752
ID109_MBB12,1978-09-30,3309.119630831435
ID109_MBB12,1978-12-31,3341.2460134809617
ID109_MBB12,1979-03-31,3266.830417536627
ID109_MBB12,1979-06-30,3503.263259264778
ID109_MBB12,1979-09-30,3842.3817094425945
ID109_MBB12,1979-12-31,3669.967974995926
ID109_MBB12,1980-03-31,3697.04945690336
ID109_MBB12,1980-06-30,3858.5975942698415
ID109_MBB12,1980-09-30,4212.035323096975
ID109_MBB12,1980-12-31,4209.058987841292
ID109_MBB12,1981-03-31,4307.307023955874
ID109_MBB12,1981-06-30,4884.680016006459
ID109_MBB12,1981-09-30,5384.494268232071
ID109_MBB12,1981-12-31,5257.243487969997
ID109_MBB12,1982-03-31,5341.304834931977
ID109_MBB12,1982-06-30,5604.717472311805
ID109_MBB12,1982-09-30,5824.064959689081
ID109_MBB12,1982-12-31,6022.6593696840455
ID109_MBB12,1983-03-31,6107.406263901941
ID109_MBB12,1983-06-30,6553.21048655143
ID109_MBB12,1983-09-30,7437.273935657802
ID109_MBB12,1983-12-31,7543.364089274663
ID109_MBB12,1984-03-31,7537.825237640685
ID109_MBB12,1984-06-30,8536.024548667241
ID109_MBB12,1984-09-30,9615.382003294739
ID109_MBB12,1984-12-31,9475.991326436793
ID109_MBB12,1985-03-31,9962.886960130278
ID109_MBB12,1985-06-30,11255.778582471741
ID109_MBB12,1985-09-30,12019.45526111459
ID109_MBB12,1985-12-31,12093.809132036298
ID109_MBB12,1986-03-31,12616.841633603224
ID109_MBB12,1986-06-30,13213.99148578889
ID109_MBB12,1986-09-30,14791.111433744549
ID11_MBB13,1977-12-31,238.6996194061401
ID11_MBB13,1978-03-31,220.60137866674683
ID11_MBB13,1978-06-30,201.87288532665278
ID11_MBB13,1978-09-30,230.9485326384526
ID11_MBB13,1978-12-31,225.5949294553889
ID11_MBB13,1979-03-31,274.8654190800906
ID11_MBB13,1979-06-30,256.9060788087367
ID11_MBB13,1979-09-30,272.3263764467908
ID11_MBB13,1979-12-31,292.97228035134754
ID11_MBB13,1980-03-31,330.8698029579561
ID11_MBB13,1980-06-30,275.05133326950363
ID11_MBB13,1980-09-30,261.45607915597935
ID11_MBB13,1980-12-31,290.82734293831317
ID11_MBB13,1981-03-31,324.1677046501232
ID11_MBB13,1981-06-30,237.43507521449243
ID11_MBB13,1981-09-30,171.19436369141528
ID110_MBB14,1978-03-31,102.65470642495768
ID110_MBB14,1978-06-30,93.39160014561064
ID110_MBB14,1978-09-30,122.05293389896124
ID110_MBB14,1978-12-31,120.56467047230078
ID110_MBB14,1979-03-31,81.85364862195138
ID110_MBB14,1979-06-30,113.66486841734176
ID110_MBB14,1979-09-30,92.31076635299753
ID110_MBB14,1979-12-31,140.35819079422373
ID110_MBB14,1980-03-31,91.67588116301052
ID110_MBB14,1980-06-30,100.96276930810339
ID110_MBB14,1980-09-30,102.98669960759271
ID110_MBB14,1980-12-31,131.44623754258194
ID110_MBB14,1981-03-31,108.24622398376401
ID110_MBB14,1981-06-30,106.97465370948157
ID110_MBB14,1981-09-30,92.99760619060471
ID110_MBB14,1981-12-31,153.5198149218579
ID110_MBB14,1982-03-31,82.88941062530367
ID110_MBB14,1982-06-30,131.18401648552233
ID110_MBB14,1982-09-30,85.29187836290109
ID110_MBB14,1982-12-31,151.46489609199836
ID110_MBB14,1983-03-31,93.8736233145053
ID110_MBB14,1983-06-30,106.05053861460132
ID110_MBB14,1983-09-30,90.48609232256568
ID110_MBB14,1983-12-31,109.3327787277544
ID110_MBB14,1984-03-31,96.29303579221103
ID110_MBB14,1984-06-30,104.7866706603272
ID110_MBB14,1984-09-30,113.03666307500185
ID110_MBB14,1984-12-31,119.94900639445461
ID110_MBB14,1985-03-31,115.11766903525923
ID110_MBB14,1985-06-30,92.29864832214629
ID110_MBB14,1985-09-30,149.06463154101604
ID110_MBB14,1985-12-31,119.61828630909261
ID110_MBB14,1986-03-31,142.38085743490123
ID110_MBB14,1986-06-30,98.45342351253558
ID111_MBB15,1978-03-31,1023.6296777690402
ID111_MBB15,1978-06-30,1095.6234552377236
ID111_MBB15,1978-09-30,1163.2620749946718
ID111_MBB15,1978-12-31,1162.0267492668956
ID111_MBB15,1979-03-31,1101.21166507179
ID111_MBB15,1979-06-30,1229.9742708480173
ID111_MBB15,1979-09-30,1180.065893668726
ID111_MBB15,1979-12-31,1368.5633970027686
ID111_MBB15,1980-03-31,1231.4079545400393
ID111_MBB15,1980-06-30,1409.617394877999
ID111_MBB15,1980-09-30,1337.540665135917
ID111_MBB15,1980-12-31,1585.1294039318748
ID111_MBB15,1981-03-31,1389.1336597377824
ID111_MBB15,1981-06-30,1604.8789179774865
ID111_MBB15,1981-09-30,1542.1351289770964
ID111_MBB15,1981-12-31,1711.1606476855004
ID111_MBB15,1982-03-31,1588.3149475501912
ID111_MBB15,1982-06-30,1830.4285354018068
ID111_MBB15,1982-09-30,1681.9831381414488
ID111_MBB15,1982-12-31,1888.4908039905447
ID111_MBB15,1983-03-31,1682.7072870205736
ID111_MBB15,1983-06-30,2127.033378249019
ID111_MBB15,1983-09-30,1897.0829273792533
ID111_MBB15,1983-12-31,2017.3742890233998
ID111_MBB15,1984-03-31,1965.2802968064573
ID111_MBB15,1984-06-30,2228.827557397156
ID111_MBB15,1984-09-30,2160.938648410648
ID111_MBB15,1984-12-31,2170.7865575259434
ID111_MBB15,1985-03-31,2419.594156001922
ID111_MBB15,1985-06-30,2327.6252151657645
ID111_MBB15,1985-09-30,2529.545409819413
ID111_MBB15,1985-12-31,2360.9253126492463
ID111_MBB15,1986-03-31,2922.211522774654
ID111_MBB15,1986-06-30,2636.412541296798
ID112_MBB16,1971-12-31,258.30569732488397
ID112_MBB16,1972-03-31,254.96404202047273
ID112_MBB16,1972-06-30,271.3577587563409
ID112_MBB16,1972-09-30,281.0220305252469
ID112_MBB16,1972-12-31,280.0584349230152
ID112_MBB16,1973-03-31,289.34904791507057
ID112_MBB16,1973-06-30,292.4300694759248
ID112_MBB16,1973-09-30,289.96320054311144
ID112_MBB16,1973-12-31,293.91641060373144
ID112_MBB16,1974-03-31,301.1530659914528
ID112_MBB16,1974-06-30,283.03821001269773
ID112_MBB16,1974-09-30,293.479983311054
ID112_MBB16,1974-12-31,283.2900900390882
ID112_MBB16,1975-03-31,285.17333026132076
ID112_MBB16,1975-06-30,282.5598706214893
ID112_MBB16,1975-09-30,290.6858935616775
ID112_MBB16,1975-12-31,295.9474813033755
ID112_MBB16,1976-03-31,304.3333518628735
ID112_MBB16,1976-06-30,311.35737161224324
ID112_MBB16,1976-09-30,323.7234907972515
ID112_MBB16,1976-12-31,324.83976321602415
ID112_MBB16,1977-03-31,333.33961869432767
ID112_MBB16,1977-06-30,339.4065503426226
ID112_MBB16,1977-09-30,330.89434302317125
ID112_MBB16,1977-12-31,341.5939452324362
ID112_MBB16,1978-03-31,345.1666605581061
ID112_MBB16,1978-06-30,338.35194387073165
ID112_MBB16,1978-09-30,329.9870124406921
ID112_MBB16,1978-12-31,330.98930556110736
ID112_MBB16,1979-03-31,334.20028530103474
ID112_MBB16,1979-06-30,339.4622708578539
ID112_MBB16,1979-09-30,333.3382064379476
ID112_MBB16,1979-12-31,330.6279239453702
ID112_MBB16,1980-03-31,342.18243708642643
ID112_MBB16,1980-06-30,339.55735212455045
ID112_MBB16,1980-09-30,344.7480321604058
ID112_MBB16,1980-12-31,358.9716741274595
ID112_MBB16,1981-03-31,380.221442354162
ID112_MBB16,1981-06-30,378.54820848889494
ID112_MBB16,1981-09-30,374.40087255916734
ID112_MBB16,1981-12-31,376.9938674745129
ID112_MBB16,1982-03-31,382.8297438494599
ID112_MBB16,1982-06-30,367.87574744514785
ID112_MBB16,1982-09-30,378.5030168526285
ID112_MBB16,1982-12-31,368.6945316027015
ID112_MBB16,1983-03-31,369.93225924520544
ID112_MBB16,1983-06-30,369.032169905878
ID112_MBB16,1983-09-30,373.6540848179159
ID112_MBB16,1983-12-31,370.30495159696284
ID112_MBB16,1984-03-31,371.41713484859395
ID112_MBB16,1984-06-30,382.26061069899185
ID112_MBB16,1984-09-30,390.37014239352015
ID112_MBB16,1984-12-31,398.3841539999757
ID112_MBB16,1985-03-31,399.5870649354461
ID112_MBB16,1985-06-30,410.9887323896713
ID112_MBB16,1985-09-30,422.16234622012325
ID113_MBB17,1977-12-31,45.25948931799722
ID113_MBB17,1978-03-31,51.63570620407562
ID113_MBB17,1978-06-30,69.54503122590341
ID113_MBB17,1978-09-30,46.34434748138999
ID113_MBB17,1978-12-31,43.88583093557724
ID113_MBB17,1979-03-31,47.11259810419938
ID113_MBB17,1979-06-30,50.51805590236495
ID113_MBB17,1979-09-30,45.417350757543
ID113_MBB17,1979-12-31,44.72878652020689
ID113_MBB17,1980-03-31,42.547677117802024
ID113_MBB17,1980-06-30,61.48761821606667
ID113_MBB17,1980-09-30,69.68827291101115
ID113_MBB17,1980-12-31,52.574997645482235
ID113_MBB17,1981-03-31,55.940379971149916
ID113_MBB17,1981-06-30,64.81807767607103
ID113_MBB17,1981-09-30,62.68691372911765
ID113_MBB17,1981-12-31,63.44393009641472
ID113_MBB17,1982-03-31,90.79799436658188
ID113_MBB17,1982-06-30,79.27182657431541
ID113_MBB17,1982-09-30,71.86135522560757
ID113_MBB17,1982-12-31,117.76868977033647
ID113_MBB17,1983-03-31,134.75772935478017
ID113_MBB17,1983-06-30,143.7179327956915
ID113_MBB17,1983-09-30,171.0797875958895
ID113_MBB17,1983-12-31,214.41133678441744
ID113_MBB17,1984-03-31,272.9737523885673
ID113_MBB17,1984-06-30,264.411378184876
ID113_MBB17,1984-09-30,261.7425741174439
ID114_MBB18,1978-03-31,2942.8567285104004
ID114_MBB18,1978-06-30,2948.8815829117257
ID114_MBB18,1978-09-30,2859.889568379247
ID114_MBB18,1978-12-31,3689.8542892769365
ID114_MBB18,1979-03-31,3240.6422327998193
ID114_MBB18,1979-06-30,3565.639084489574
ID114_MBB18,1979-09-30,3274.7284858999888
ID114_MBB18,1979-12-31,3906.793217672607
ID114_MBB18,1980-03-31,3917.357212020627
ID114_MBB18,1980-06-30,4227.1499918126365
ID114_MBB18,1980-09-30,3571.6963847268357
ID114_MBB18,1980-12-31,4265.71388167018
ID114_MBB18,1981-03-31,4530.024720741625
ID114_MBB18,1981-06-30,4411.025355727431
ID114_MBB18,1981-09-30,4237.5023448774255
ID114_MBB18,1981-12-31,4678.257588215939
ID114_MBB18,1982-03-31,4207.832319431455
ID114_MBB18,1982-06-30,4639.756082558857
ID114_MBB18,1982-09-30,4548.630079925251
ID114_MBB18,1982-12-31,5046.710687230301
ID114_MBB18,1983-03-31,4824.860506705233
ID114_MBB18,1983-06-30,5257.2801313911095
ID114_MBB18,1983-09-30,5295.83782160828
ID114_MBB18,1983-12-31,6414.887423157661
ID114_MBB18,1984-03-31,6251.644552574183
ID114_MBB18,1984-06-30,7143.706257867896
ID114_MBB18,1984-09-30,6291.726406774692
ID114_MBB18,1984-12-31,8035.891003501746
ID114_MBB18,1985-03-31,7701.017926461595
ID114_MBB18,1985-06-30,8241.353416424983
ID114_MBB18,1985-09-30,7623.099533620255
ID114_MBB18,1985-12-31,9515.71611040501
ID114_MBB18,1986-03-31,8496.595721223994
ID115_MBB19,1971-12-31,67.10324736680276
ID115_MBB19,1972-03-31,70.44204382389674
ID115_MBB19,1972-06-30,67.50011100136436
ID115_MBB19,1972-09-30,72.33043901840554
ID115_MBB19,1972-12-31,67.29176098655874
ID115_MBB19,1973-03-31,70.87870412236904
ID115_MBB19,1973-06-30,66.82965772554255
ID115_MBB19,1973-09-30,71.27094105226449
ID115_MBB19,1973-12-31,63.522720027142924
ID115_MBB19,1974-03-31,71.05827853386843
ID115_MBB19,1974-06-30,67.30902020205527
ID115_MBB19,1974-09-30,70.83831051617598
ID115_MBB19,1974-12-31,66.51727743920435
ID115_MBB19,1975-03-31,72.53495344929233
ID115_MBB19,1975-06-30,65.19695080180527
ID115_MBB19,1975-09-30,73.81097145727381
ID115_MBB19,1975-12-31,69.87019666383168
ID115_MBB19,1976-03-31,79.22856329379232
ID115_MBB19,1976-06-30,76.53507275907444
ID115_MBB19,1976-09-30,79.28570068820589
ID115_MBB19,1976-12-31,78.67601953892627
ID115_MBB19,1977-03-31,84.23562195575114
ID115_MBB19,1977-06-30,83.52983381164957
ID115_MBB19,1977-09-30,84.97332301301813
ID115_MBB19,1977-12-31,83.90216880524036
ID115_MBB19,1978-03-31,93.27302117793579
ID115_MBB19,1978-06-30,88.20812803229056
ID115_MBB19,1978-09-30,93.28144754448903
ID115_MBB19,1978-12-31,88.83317964150149
ID115_MBB19,1979-03-31,96.420742197758
ID115_MBB19,1979-06-30,94.29751278966452
ID115_MBB19,1979-09-30,98.64955182517787
ID115_MBB19,1979-12-31,93.81139815723361
ID115_MBB19,1980-03-31,101.35080400649288
ID115_MBB19,1980-06-30,100.91149669575255
ID115_MBB19,1980-09-30,107.75014098439489
ID115_MBB19,1980-12-31,100.81421576829412
ID115_MBB19,1981-03-31,111.95777860957897
ID115_MBB19,1981-06-30,105.18685440880607
ID115_MBB19,1981-09-30,114.81329595964196
ID115_MBB19,1981-12-31,107.94497963398464
ID115_MBB19,1982-03-31,117.36133028200014
ID115_MBB19,1982-06-30,111.65432196123706
ID115_MBB19,1982-09-30,116.10147247090205
ID115_MBB19,1982-12-31,107.85422934976123
ID115_MBB19,1983-03-31,118.19301366775807
ID115_MBB19,1983-06-30,119.2624339444451
ID115_MBB19,1983-09-30,124.69048977060119
ID115_MBB19,1983-12-31,118.50189824406839
ID115_MBB19,1984-03-31,134.75159390409038
ID115_MBB19,1984-06-30,129.83141944594422
ID115_MBB19,1984-09-30,137.9298754838232
ID115_MBB19,1984-12-31,128.18073259995833
ID115_MBB19,1985-03-31,147.20126564012972
ID115_MBB19,1985-06-30,146.33628275029207
ID115_MBB19,1985-09-30,147.0247718726779
ID116_MBB20,1975-12-31,299.22650982474903
ID116_MBB20,1976-03-31,303.2544147593923
ID116_MBB20,1976-06-30,311.33263375633015
ID116_MBB20,1976-09-30,315.03451504030625
ID116_MBB20,1976-12-31,317.06980089740244
ID116_MBB20,1977-03-31,321.21767457271363
ID116_MBB20,1977-06-30,326.0852665508093
ID116_MBB20,1977-09-30,335.6866640340495
ID116_MBB20,1977-12-31,339.19447199462326
ID116_MBB20,1978-03-31,343.3953876587699
ID116_MBB20,1978-06-30,349.66433808939274
ID116_MBB20,1978-09-30,354.5277976985518
ID116_MBB20,1978-12-31,363.5624410232225
ID116_MBB20,1979-03-31,366.1556950104859
ID116_MBB20,1979-06-30,374.64576615503773
ID116_MBB20,1979-09-30,387.7084685367035
ID116_MBB20,1979-12-31,391.6999467397865
ID116_MBB20,1980-03-31,396.9000366250561
ID116_MBB20,1980-06-30,397.1999285464508
ID116_MBB20,1980-09-30,402.4999766125482
ID116_MBB20,1980-12-31,405.18429579469574
ID116_MBB20,1981-03-31,423.1658315574486
ID116_MBB20,1981-06-30,418.4880599795042
ID116_MBB20,1981-09-30,423.2501736578537
ID116_MBB20,1981-12-31,436.70643950130614
ID116_MBB20,1982-03-31,435.2641366895287
ID116_MBB20,1982-06-30,444.75061980005444
ID116_MBB20,1982-09-30,452.25652217476664
ID116_MBB20,1982-12-31,463.573690279705
ID116_MBB20,1983-03-31,452.34599293680844
ID116_MBB20,1983-06-30,479.08046380203507
ID116_MBB20,1983-09-30,471.28494591758437
ID116_MBB20,1983-12-31,477.0017367533817
ID116_MBB20,1984-03-31,470.211649710309
ID116_MBB20,1984-06-30,496.78557129730683
ID116_MBB20,1984-09-30,504.67102249069166
ID116_MBB20,1984-12-31,519.1520227729226
ID116_MBB20,1985-03-31,509.456469795147
ID116_MBB20,1985-06-30,525.537842669791
ID116_MBB20,1985-09-30,534.897421255305
ID116_MBB20,1985-12-31,549.4728173765764
ID116_MBB20,1986-03-31,543.2881890283709
ID116_MBB20,1986-06-30,570.6908165134787
ID116_MBB20,1986-09-30,567.3420007868933
ID116_MBB20,1986-12-31,547.7819087975688
ID116_MBB20,1987-03-31,589.9379025856223
ID116_MBB20,1987-06-30,595.6263667905627
ID116_MBB20,1987-09-30,597.9629424965043
ID116_MBB20,1987-12-31,607.9324901625821
ID116_MBB20,1988-03-31,621.3923300303745
ID116_MBB20,1988-06-30,616.0411762765533
ID116_MBB20,1988-09-30,635.9207275305565
ID117_MBB21,1975-12-31,200.54945283869438
ID117_MBB21,1976-03-31,202.677856125842
ID117_MBB21,1976-06-30,200.5480986073928
ID117_MBB21,1976-09-30,204.55970642809513
ID117_MBB21,1976-12-31,211.29602710228698
ID117_MBB21,1977-03-31,215.02302728374335
ID117_MBB21,1977-06-30,215.6877652357412
ID117_MBB21,1977-09-30,218.01253590098503
ID117_MBB21,1977-12-31,224.03838240531772
ID117_MBB21,1978-03-31,227.7108099135496
ID117_MBB21,1978-06-30,231.92732187743522
ID117_MBB21,1978-09-30,235.37965103601482
ID117_MBB21,1978-12-31,240.55463873266388
ID117_MBB21,1979-03-31,246.08854396108643
ID117_MBB21,1979-06-30,250.9331534768084
ID117_MBB21,1979-09-30,251.69108812870257
ID117_MBB21,1979-12-31,257.21505354704664
ID117_MBB21,1980-03-31,258.0823509863694
ID117_MBB21,1980-06-30,263.190057816622
ID117_MBB21,1980-09-30,264.18827899575354
ID117_MBB21,1980-12-31,266.7235179187646
ID117_MBB21,1981-03-31,272.2601320839715
ID117_MBB21,1981-06-30,274.5035145755831
ID117_MBB21,1981-09-30,278.2900176352896
ID117_MBB21,1981-12-31,280.7841888948721
ID117_MBB21,1982-03-31,283.3629441941995
ID117_MBB21,1982-06-30,287.37196088496347
ID117_MBB21,1982-09-30,292.42587300332286
ID117_MBB21,1982-12-31,292.24023521331947
ID117_MBB21,1983-03-31,295.79031795382247
ID117_MBB21,1983-06-30,303.9789642117862
ID117_MBB21,1983-09-30,304.63482323423875
ID117_MBB21,1983-12-31,310.98401594246207
ID117_MBB21,1984-03-31,307.6281868045264
ID117_MBB21,1984-06-30,321.3405240575704
ID117_MBB21,1984-09-30,325.77705063333
ID117_MBB21,1984-12-31,329.08248142995484
ID117_MBB21,1985-03-31,327.5980459846013
ID117_MBB21,1985-06-30,337.8533362438643
ID117_MBB21,1985-09-30,339.71120724626604
ID117_MBB21,1985-12-31,345.16944512940114
ID117_MBB21,1986-03-31,345.7042467146332
ID117_MBB21,1986-06-30,346.4568762920715
ID117_MBB21,1986-09-30,355.23812765474213
ID117_MBB21,1986-12-31,361.1561661836842
ID117_MBB21,1987-03-31,365.749472260737
ID117_MBB21,1987-06-30,374.0249580189269
ID117_MBB21,1987-09-30,374.89968517967117
ID117_MBB21,1987-12-31,383.74562895111467
ID117_MBB21,1988-03-31,387.7124368958824
ID117_MBB21,1988-06-30,384.2598938312194
ID117_MBB21,1988-09-30,399.88647697579523
ID118_MBB22,1975-12-31,65.96230875698518
ID118_MBB22,1976-03-31,67.94178277223872
ID118_MBB22,1976-06-30,69.23306921766378
ID118_MBB22,1976-09-30,73.6705308949595
ID118_MBB22,1976-12-31,73.81562656823107
ID118_MBB22,1977-03-31,76.50202553420816
ID118_MBB22,1977-06-30,77.85507365499817
ID118_MBB22,1977-09-30,82.57945643868679
ID118_MBB22,1977-12-31,81.93368170805823
ID118_MBB22,1978-03-31,82.51638820242843
ID118_MBB22,1978-06-30,85.36324679276284
ID118_MBB22,1978-09-30,86.6388585444368
ID118_MBB22,1978-12-31,87.39361926036135
ID118_MBB22,1979-03-31,89.74913315869522
ID118_MBB22,1979-06-30,92.30596365027291
ID118_MBB22,1979-09-30,97.06807282586752
ID118_MBB22,1979-12-31,98.12500305472706
ID118_MBB22,1980-03-31,100.93670390980522
ID118_MBB22,1980-06-30,104.13527535710342
ID118_MBB22,1980-09-30,106.69585747011313
ID118_MBB22,1980-12-31,108.84824978129613
ID118_MBB22,1981-03-31,110.77240705219967
ID118_MBB22,1981-06-30,111.2899301882295
ID118_MBB22,1981-09-30,114.29033062732793
ID118_MBB22,1981-12-31,117.11941500441179
ID118_MBB22,1982-03-31,117.82953465519441
ID118_MBB22,1982-06-30,124.04195521140386
ID118_MBB22,1982-09-30,119.29500347804894
ID118_MBB22,1982-12-31,126.64017581392197
ID118_MBB22,1983-03-31,129.4455635127223
ID118_MBB22,1983-06-30,124.59834363412654
ID118_MBB22,1983-09-30,132.66950981074748
ID118_MBB22,1983-12-31,136.07154160369626
ID118_MBB22,1984-03-31,134.06880333812373
ID118_MBB22,1984-06-30,139.03795476057013
ID118_MBB22,1984-09-30,143.52859618627997
ID118_MBB22,1984-12-31,148.91200766062033
ID118_MBB22,1985-03-31,147.11860004040844
ID118_MBB22,1985-06-30,152.18604246116465
ID118_MBB22,1985-09-30,154.89834141625212
ID118_MBB22,1985-12-31,157.06759979142936
ID118_MBB22,1986-03-31,159.02876203486906
ID118_MBB22,1986-06-30,158.55410968323295
ID118_MBB22,1986-09-30,166.2926031857437
ID118_MBB22,1986-12-31,164.69362627827212
ID118_MBB22,1987-03-31,168.3039648066703
ID118_MBB22,1987-06-30,171.69304924377485
ID118_MBB22,1987-09-30,173.26230557661802
ID118_MBB22,1987-12-31,179.16633773667405
ID118_MBB22,1988-03-31,180.44343156051974
ID118_MBB22,1988-06-30,181.46200896169324
ID118_MBB22,1988-09-30,188.89720562108835
ID119_MBB23,1975-12-31,62.58279843247066
ID119_MBB23,1976-03-31,63.54425723866866
ID119_MBB23,1976-06-30,61.29436257582886
ID119_MBB23,1976-09-30,60.16382280807222
ID119_MBB23,1976-12-31,60.509147475062235
ID119_MBB23,1977-03-31,62.50637239112391
ID119_MBB23,1977-06-30,62.82011912857876
ID119_MBB23,1977-09-30,64.70990747426404
ID119_MBB23,1977-12-31,65.14686721581292
ID119_MBB23,1978-03-31,68.12025284432103
ID119_MBB23,1978-06-30,66.99460721765855
ID119_MBB23,1978-09-30,68.39341138380483
ID119_MBB23,1978-12-31,68.91156477201689
ID119_MBB23,1979-03-31,71.51359132980957
ID119_MBB23,1979-06-30,70.95151698000257
ID119_MBB23,1979-09-30,72.96587678290642
ID119_MBB23,1979-12-31,73.52582452391565
ID119_MBB23,1980-03-31,76.400179611638
ID119_MBB23,1980-06-30,76.03679266195262
ID119_MBB23,1980-09-30,78.59501609953563
ID119_MBB23,1980-12-31,80.14926665796413
ID119_MBB23,1981-03-31,83.59109838991462
ID119_MBB23,1981-06-30,83.01445644825775
ID119_MBB23,1981-09-30,86.28992975887135
ID119_MBB23,1981-12-31,86.9181601147326
ID119_MBB23,1982-03-31,87.50827708407421
ID119_MBB23,1982-06-30,89.10303809333955
ID119_MBB23,1982-09-30,92.52166103134579
ID119_MBB23,1982-12-31,91.91347583681846
ID119_MBB23,1983-03-31,93.48419775457185
ID119_MBB23,1983-06-30,92.42715845318659
ID119_MBB23,1983-09-30,95.42837126877735
ID119_MBB23,1983-12-31,94.83595323584342
ID119_MBB23,1984-03-31,99.03725379944913
ID119_MBB23,1984-06-30,99.42422245181156
ID119_MBB23,1984-09-30,102.03857659962331
ID119_MBB23,1984-12-31,102.10812321329341
ID119_MBB23,1985-03-31,103.19244102102391
ID119_MBB23,1985-06-30,102.02292600642112
ID119_MBB23,1985-09-30,102.40585729677048
ID119_MBB23,1985-12-31,101.39620308931721
ID119_MBB23,1986-03-31,102.02546814427983
ID119_MBB23,1986-06-30,99.30858910788558
ID119_MBB23,1986-09-30,99.5612460265595
ID119_MBB23,1986-12-31,100.16619879469268
ID119_MBB23,1987-03-31,102.86647490442176
ID119_MBB23,1987-06-30,100.92576915472908
ID119_MBB23,1987-09-30,102.04576755251635
ID119_MBB23,1987-12-31,103.05649415553472
ID119_MBB23,1988-03-31,108.12837613326711
ID119_MBB23,1988-06-30,108.93344704317909
ID119_MBB23,1988-09-30,112.13878188654554
ID12_MBB24,1977-12-31,596.7200387360953
ID12_MBB24,1978-03-31,689.4954929350266
ID12_MBB24,1978-06-30,577.6578745358828
ID12_MBB24,1978-09-30,508.1674529286115
ID12_MBB24,1978-12-31,457.0000080360549
ID12_MBB24,1979-03-31,474.0000072681158
ID12_MBB24,1979-06-30,439.00004362050123
ID12_MBB24,1979-09-30,440.0000759901118
ID12_MBB24,1979-12-31,436.19465954724046
ID12_MBB24,1980-03-31,465.36522093172255
ID12_MBB24,1980-06-30,464.8722463156969
ID12_MBB24,1980-09-30,517.2605776122169
ID12_MBB24,1980-12-31,514.9575041761552
ID12_MBB24,1981-03-31,536.0717531304157
ID12_MBB24,1981-06-30,526.731866066968
ID12_MBB24,1981-09-30,581.9994160034109
ID12_MBB24,1981-12-31,579.9731667987201
ID12_MBB24,1982-03-31,604.6907332676035
ID12_MBB24,1982-06-30,621.5822507330855
ID12_MBB24,1982-09-30,635.7163386154533
ID12_MBB24,1982-12-31,646.2380313862363
ID12_MBB24,1983-03-31,646.1385681563859
ID12_MBB24,1983-06-30,669.2207388186488
ID12_MBB24,1983-09-30,714.05139373939
ID12_MBB24,1983-12-31,677.4467612619475
ID12_MBB24,1984-03-31,660.1434496124668
ID12_MBB24,1984-06-30,719.1854240791866
ID12_MBB24,1984-09-30,705.6153085783324
ID12_MBB24,1984-12-31,663.9998757344069
ID12_MBB24,1985-03-31,606.9999785272662
ID12_MBB24,1985-06-30,568.0001247561182
ID12_MBB24,1985-09-30,528.0000171910028
ID12_MBB24,1985-12-31,501.58233834962004
ID12_MBB24,1986-03-31,462.84386216060165
ID12_MBB24,1986-06-30,438.22436924626356
ID12_MBB24,1986-09-30,448.39907890780694
ID12_MBB24,1986-12-31,445.75227615292255
ID12_MBB24,1987-03-31,444.6134964117395
ID12_MBB24,1987-06-30,459.8694238269741
ID12_MBB24,1987-09-30,489.1138556297666
ID12_MBB24,1987-12-31,465.4781055734398
ID12_MBB24,1988-03-31,450.2095806859279
ID12_MBB24,1988-06-30,450.78512938809826
ID12_MBB24,1988-09-30,453.86088047736075
ID12_MBB24,1988-12-31,408.9597104725754
ID12_MBB24,1989-03-31,400.6287592622069
ID12_MBB24,1989-06-30,431.41703286840806
ID12_MBB24,1989-09-30,458.89610519839954
ID12_MBB24,1989-12-31,419.67487960223565
ID12_MBB24,1990-03-31,411.54027903985406
ID12_MBB24,1990-06-30,433.8464950770627
ID12_MBB24,1990-09-30,451.9701636918601
ID12_MBB24,1990-12-31,421.00548864789783
ID12_MBB24,1991-03-31,419.2295955250691
ID12_MBB24,1991-06-30,436.5348329156351
ID12_MBB24,1991-09-30,422.53110197515696
ID120_MBB25,1975-12-31,69.8720449140204
ID120_MBB25,1976-03-31,71.92589788581209
ID120_MBB25,1976-06-30,73.30780075154047
ID120_MBB25,1976-09-30,75.88883062272795
ID120_MBB25,1976-12-31,75.56815010383511
ID120_MBB25,1977-03-31,77.46522548173246
ID120_MBB25,1977-06-30,78.76537728166842
ID120_MBB25,1977-09-30,80.92017585942938
ID120_MBB25,1977-12-31,81.74390998682067
ID120_MBB25,1978-03-31,83.62134941462331
ID120_MBB25,1978-06-30,79.68416980011433
ID120_MBB25,1978-09-30,77.9133910514289
ID120_MBB25,1978-12-31,77.75756311346936
ID120_MBB25,1979-03-31,78.44133396618564
ID120_MBB25,1979-06-30,79.76418689441907
ID120_MBB25,1979-09-30,82.27686486556888
ID120_MBB25,1979-12-31,87.5999960518318
ID120_MBB25,1980-03-31,91.60001633765863
ID120_MBB25,1980-06-30,89.80000700846375
ID120_MBB25,1980-09-30,90.29998465301117
ID120_MBB25,1980-12-31,96.09711419132745
ID120_MBB25,1981-03-31,95.68820891218849
ID120_MBB25,1981-06-30,95.07770182960807
ID120_MBB25,1981-09-30,94.85405004818307
ID120_MBB25,1981-12-31,96.7474033131361
ID120_MBB25,1982-03-31,99.87069168877575
ID120_MBB25,1982-06-30,100.43931671159423
ID120_MBB25,1982-09-30,103.56812698212255
ID120_MBB25,1982-12-31,104.9067153187015
ID120_MBB25,1983-03-31,107.88094388922465
ID120_MBB25,1983-06-30,107.76185752694411
ID120_MBB25,1983-09-30,105.53938640832038
ID120_MBB25,1983-12-31,113.41956277287517
ID120_MBB25,1984-03-31,112.15204415598895
ID120_MBB25,1984-06-30,111.11205325505449
ID120_MBB25,1984-09-30,114.27079738662022
ID120_MBB25,1984-12-31,114.88611532497119
ID120_MBB25,1985-03-31,114.33506036810655
ID120_MBB25,1985-06-30,115.29980897094678
ID120_MBB25,1985-09-30,116.5600591661852
ID120_MBB25,1985-12-31,123.083093186642
ID120_MBB25,1986-03-31,120.86118443980807
ID120_MBB25,1986-06-30,123.38587198723997
ID120_MBB25,1986-09-30,129.94501598937484
ID120_MBB25,1986-12-31,134.5380180556497
ID120_MBB25,1987-03-31,136.9235355704898
ID120_MBB25,1987-06-30,140.46851154760535
ID120_MBB25,1987-09-30,142.93038380621826
ID120_MBB25,1987-12-31,148.37743740005004
ID120_MBB25,1988-03-31,151.75024800218475
ID120_MBB25,1988-06-30,152.80600633396534
ID120_MBB25,1988-09-30,156.91768969144533
ID120_MBB25,1988-12-31,165.13187631595795
ID120_MBB25,1989-03-31,170.45742794723438
ID120_MBB25,1989-06-30,176.5707216816608
ID120_MBB25,1989-09-30,182.02590017247854
ID120_MBB25,1989-12-31,189.8843360283156
ID120_MBB25,1990-03-31,193.54569595229404
ID120_MBB25,1990-06-30,193.27362264236703
ID120_MBB25,1990-09-30,196.10083789015974
ID120_MBB25,1990-12-31,200.45444958984353
ID120_MBB25,1991-03-31,197.03601942103725
ID120_MBB25,1991-06-30,196.2648359566351
ID120_MBB25,1991-09-30,191.75344764282804
ID120_MBB25,1991-12-31,199.18726066364528
ID120_MBB25,1992-03-31,200.21632043643515
ID120_MBB25,1992-06-30,199.80865861053223
ID120_MBB25,1992-09-30,201.03227306850522
ID120_MBB25,1992-12-31,220.491341390542
ID120_MBB25,1993-03-31,227.87097191584184
ID120_MBB25,1993-06-30,230.08182880970287
ID120_MBB25,1993-09-30,238.9199480388492
ID121_MBB26,1969-12-31,11.352843950449346
ID121_MBB26,1970-03-31,11.590239233652687
ID121_MBB26,1970-06-30,11.718882305528405
ID121_MBB26,1970-09-30,11.586191014702319
ID121_MBB26,1970-12-31,11.581168679669739
ID121_MBB26,1971-03-31,11.59647562619765
ID121_MBB26,1971-06-30,11.501927093836771
ID121_MBB26,1971-09-30,11.581713877397718
ID121_MBB26,1971-12-31,11.950773414384832
ID121_MBB26,1972-03-31,11.929725094922293
ID121_MBB26,1972-06-30,11.946011271916555
ID121_MBB26,1972-09-30,12.193553835405044
ID121_MBB26,1972-12-31,12.349233458169651
ID121_MBB26,1973-03-31,12.511888625770132
ID121_MBB26,1973-06-30,12.66213896933594
ID121_MBB26,1973-09-30,12.800855128351305
ID121_MBB26,1973-12-31,13.122612955427243
ID121_MBB26,1974-03-31,13.310608800850083
ID121_MBB26,1974-06-30,13.44715752678371
ID121_MBB26,1974-09-30,13.69819724919295
ID121_MBB26,1974-12-31,14.020848334023574
ID121_MBB26,1975-03-31,14.434671011974073
ID121_MBB26,1975-06-30,14.700826178987622
ID121_MBB26,1975-09-30,14.803471866536556
ID121_MBB26,1975-12-31,15.362697215246957
ID121_MBB26,1976-03-31,15.861973237836711
ID121_MBB26,1976-06-30,15.715457287605044
ID121_MBB26,1976-09-30,15.766065210048875
ID121_MBB26,1976-12-31,17.030002091999254
ID121_MBB26,1977-03-31,17.099999886328327
ID121_MBB26,1977-06-30,17.0600017700111
ID121_MBB26,1977-09-30,16.910001275001168
ID122_MBB27,1969-12-31,474.89520507019716
ID122_MBB27,1970-03-31,487.73480764663105
ID122_MBB27,1970-06-30,485.5031800540095
ID122_MBB27,1970-09-30,490.9145688886347
ID122_MBB27,1970-12-31,498.4777765255051
ID122_MBB27,1971-03-31,503.31537178779223
ID122_MBB27,1971-06-30,502.6134722728162
ID122_MBB27,1971-09-30,510.8301275242067
ID122_MBB27,1971-12-31,511.54869044401903
ID122_MBB27,1972-03-31,519.2881585060062
ID122_MBB27,1972-06-30,525.9371019606986
ID122_MBB27,1972-09-30,534.7535606025765
ID122_MBB27,1972-12-31,544.175535024456
ID122_MBB27,1973-03-31,555.0334717472084
ID122_MBB27,1973-06-30,565.8851465350479
ID122_MBB27,1973-09-30,571.9404983064318
ID122_MBB27,1973-12-31,578.8870857989458
ID122_MBB27,1974-03-31,588.6273477840433
ID122_MBB27,1974-06-30,593.818440333876
ID122_MBB27,1974-09-30,597.8661738404887
ID122_MBB27,1974-12-31,616.8233852624872
ID122_MBB27,1975-03-31,629.8225136701604
ID122_MBB27,1975-06-30,638.4208968035704
ID122_MBB27,1975-09-30,649.468720165656
ID122_MBB27,1975-12-31,662.6832841124159
ID122_MBB27,1976-03-31,679.0418061589892
ID122_MBB27,1976-06-30,690.5031915386701
ID122_MBB27,1976-09-30,707.3447964165093
ID122_MBB27,1976-12-31,736.9939563821174
ID122_MBB27,1977-03-31,743.034163842383
ID122_MBB27,1977-06-30,758.9828750689836
ID122_MBB27,1977-09-30,769.0591507793355
ID123_MBB28,1969-12-31,94.00008521831741
ID123_MBB28,1970-03-31,95.1081245088843
ID123_MBB28,1970-06-30,94.32132416815938
ID123_MBB28,1970-09-30,94.2868454259671
ID123_MBB28,1970-12-31,94.52617809965703
ID123_MBB28,1971-03-31,95.03255798880224
ID123_MBB28,1971-06-30,95.64025595900148
ID123_MBB28,1971-09-30,95.81047917248199
ID123_MBB28,1971-12-31,98.9293624881399
ID123_MBB28,1972-03-31,99.8323874599043
ID123_MBB28,1972-06-30,102.09593535249624
ID123_MBB28,1972-09-30,103.86416479170501
ID123_MBB28,1972-12-31,105.25457204433151
ID123_MBB28,1973-03-31,106.28960537350535
ID123_MBB28,1973-06-30,107.2720804699312
ID123_MBB28,1973-09-30,107.66308695145896
ID123_MBB28,1973-12-31,109.73557983862418
ID123_MBB28,1974-03-31,110.82373433187925
ID123_MBB28,1974-06-30,108.754842266563
ID123_MBB28,1974-09-30,109.79201389144501
ID123_MBB28,1974-12-31,110.65928658204072
ID123_MBB28,1975-03-31,111.4275316018516
ID123_MBB28,1975-06-30,112.56686992803213
ID123_MBB28,1975-09-30,111.3059856571743
ID123_MBB28,1975-12-31,113.72012663130653
ID123_MBB28,1976-03-31,113.65944916254466
ID123_MBB28,1976-06-30,115.54571855506269
ID123_MBB28,1976-09-30,117.6761380140454
ID123_MBB28,1976-12-31,121.38963320413285
ID123_MBB28,1977-03-31,124.2719617712666
ID123_MBB28,1977-06-30,128.58173566218127
ID123_MBB28,1977-09-30,130.88916277568933
ID124_MBB29,1969-12-31,27.657227078384516
ID124_MBB29,1970-03-31,30.158686341280017
ID124_MBB29,1970-06-30,27.557484717690258
ID124_MBB29,1970-09-30,27.063872433211362
ID124_MBB29,1970-12-31,27.115167462735734
ID124_MBB29,1971-03-31,27.899004159473684
ID124_MBB29,1971-06-30,26.326463185881526
ID124_MBB29,1971-09-30,25.280020964690827
ID124_MBB29,1971-12-31,25.155533540505246
ID124_MBB29,1972-03-31,27.644792022205802
ID124_MBB29,1972-06-30,27.74827548302352
ID124_MBB29,1972-09-30,28.778978610893894
ID124_MBB29,1972-12-31,29.962628179981067
ID124_MBB29,1973-03-31,29.82463394458616
ID124_MBB29,1973-06-30,31.769676168485383
ID124_MBB29,1973-09-30,31.954149381040843
ID124_MBB29,1973-12-31,32.77593292855447
ID124_MBB29,1974-03-31,33.37288306386534
ID124_MBB29,1974-06-30,33.74731605075858
ID124_MBB29,1974-09-30,36.693325964100886
ID124_MBB29,1974-12-31,36.69203772895417
ID124_MBB29,1975-03-31,38.06610013053933
ID124_MBB29,1975-06-30,39.85356679077091
ID124_MBB29,1975-09-30,40.493933371320075
ID124_MBB29,1975-12-31,46.11609939866424
ID124_MBB29,1976-03-31,44.961173910381454
ID124_MBB29,1976-06-30,45.76088618187315
ID124_MBB29,1976-09-30,45.64429023230692
ID124_MBB29,1976-12-31,49.79999525684353
ID124_MBB29,1977-03-31,50.00000025974591
ID124_MBB29,1977-06-30,50.69999562619515
ID124_MBB29,1977-09-30,49.29999559967219
ID125_MBB30,1969-12-31,7.363798159482636
ID125_MBB30,1970-03-31,8.54193366649782
ID125_MBB30,1970-06-30,8.587198277656288
ID125_MBB30,1970-09-30,9.268209554683981
ID125_MBB30,1970-12-31,7.9639414391287975
ID125_MBB30,1971-03-31,9.20918529983394
ID125_MBB30,1971-06-30,8.919751199129786
ID125_MBB30,1971-09-30,9.665303792194193
ID125_MBB30,1971-12-31,7.856563600461172
ID125_MBB30,1972-03-31,9.134749002715306
ID125_MBB30,1972-06-30,9.183237948923809
ID125_MBB30,1972-09-30,10.039611516369053
ID125_MBB30,1972-12-31,8.146006673537812
ID125_MBB30,1973-03-31,9.491760224016774
ID125_MBB30,1973-06-30,9.446780716633434
ID125_MBB30,1973-09-30,10.694024712575942
ID125_MBB30,1973-12-31,8.616608382573832
ID125_MBB30,1974-03-31,10.404581468538451
ID125_MBB30,1974-06-30,10.378839160858666
ID125_MBB30,1974-09-30,11.864817630706233
ID125_MBB30,1974-12-31,9.775819228862021
ID125_MBB30,1975-03-31,12.059324253852258
ID125_MBB30,1975-06-30,12.244504005715104
ID125_MBB30,1975-09-30,13.448660709523791
ID125_MBB30,1975-12-31,11.304745868273937
ID125_MBB30,1976-03-31,13.511154189756981
ID125_MBB30,1976-06-30,13.593421288423889
ID125_MBB30,1976-09-30,15.669761375966033
ID125_MBB30,1976-12-31,13.357633413219224
ID125_MBB30,1977-03-31,15.884206468386445
ID125_MBB30,1977-06-30,15.786964596828795
ID125_MBB30,1977-09-30,18.18306363734168
ID126_MBB31,1975-12-31,61.948319114984734
ID126_MBB31,1976-03-31,66.12438600536986
ID126_MBB31,1976-06-30,71.29013289029508
ID126_MBB31,1976-09-30,71.99406928507194
ID126_MBB31,1976-12-31,68.7040560519809
ID126_MBB31,1977-03-31,73.98602809747985
ID126_MBB31,1977-06-30,78.29781666893662
ID126_MBB31,1977-09-30,78.83728808356543
ID126_MBB31,1977-12-31,75.46957887631872
ID126_MBB31,1978-03-31,79.9432152302306
ID126_MBB31,1978-06-30,79.81071931052155
ID126_MBB31,1978-09-30,79.78550830852227
ID126_MBB31,1978-12-31,76.80815919200788
ID126_MBB31,1979-03-31,80.88947880668083
ID126_MBB31,1979-06-30,83.94780238960253
ID126_MBB31,1979-09-30,82.93996212482693
ID126_MBB31,1979-12-31,79.26435706260682
ID126_MBB31,1980-03-31,84.58227757445812
ID126_MBB31,1980-06-30,86.65711527714944
ID126_MBB31,1980-09-30,86.58585805400882
ID126_MBB31,1980-12-31,83.56596537445289
ID126_MBB31,1981-03-31,88.53118703784853
ID126_MBB31,1981-06-30,93.30376062534337
ID126_MBB31,1981-09-30,94.26608089703225
ID126_MBB31,1981-12-31,89.67603328503446
ID126_MBB31,1982-03-31,95.46393350160143
ID126_MBB31,1982-06-30,97.32435474085966
ID126_MBB31,1982-09-30,99.14238815589096
ID126_MBB31,1982-12-31,93.5530465306656
ID126_MBB31,1983-03-31,99.64666239174257
ID126_MBB31,1983-06-30,102.45219751342762
ID126_MBB31,1983-09-30,103.03127253340651
ID126_MBB31,1983-12-31,96.08390663235714
ID126_MBB31,1984-03-31,104.41671841844811
ID126_MBB31,1984-06-30,105.51289844421521
ID126_MBB31,1984-09-30,106.17597271200897
ID126_MBB31,1984-12-31,95.34727819759176
ID126_MBB31,1985-03-31,104.73987666259637
ID126_MBB31,1985-06-30,107.249232766893
ID126_MBB31,1985-09-30,111.58031514613943
ID127_MBB32,1975-12-31,689.7783804552531
ID127_MBB32,1976-03-31,691.5803485162622
ID127_MBB32,1976-06-30,691.86287269978
ID127_MBB32,1976-09-30,695.515388922449
ID127_MBB32,1976-12-31,701.5742945210752
ID127_MBB32,1977-03-31,703.1341915127128
ID127_MBB32,1977-06-30,705.45500492638
ID127_MBB32,1977-09-30,710.4431343851686
ID127_MBB32,1977-12-31,712.2973694871827
ID127_MBB32,1978-03-31,714.7943784369512
ID127_MBB32,1978-06-30,715.0211183618333
ID127_MBB32,1978-09-30,718.5149565982061
ID127_MBB32,1978-12-31,725.2028175538483
ID127_MBB32,1979-03-31,726.0720104279164
ID127_MBB32,1979-06-30,730.1261521881319
ID127_MBB32,1979-09-30,732.2486047650843
ID127_MBB32,1979-12-31,737.1482137945981
ID127_MBB32,1980-03-31,741.8895397680379
ID127_MBB32,1980-06-30,745.4603496566127
ID127_MBB32,1980-09-30,750.8893354112648
ID127_MBB32,1980-12-31,756.8928557138051
ID127_MBB32,1981-03-31,762.6516097363007
ID127_MBB32,1981-06-30,771.1811269092424
ID127_MBB32,1981-09-30,775.9625022657884
ID127_MBB32,1981-12-31,783.079729213289
ID127_MBB32,1982-03-31,788.1051086262295
ID127_MBB32,1982-06-30,793.0952372284905
ID127_MBB32,1982-09-30,801.5469909794554
ID127_MBB32,1982-12-31,810.59638078665
ID127_MBB32,1983-03-31,820.241408263438
ID127_MBB32,1983-06-30,829.1357988597033
ID127_MBB32,1983-09-30,840.3410192857049
ID127_MBB32,1983-12-31,851.9888489554463
ID127_MBB32,1984-03-31,861.1870237980862
ID127_MBB32,1984-06-30,872.1318001112337
ID127_MBB32,1984-09-30,883.2145494490817
ID127_MBB32,1984-12-31,897.9185662411719
ID127_MBB32,1985-03-31,909.7607148029145
ID127_MBB32,1985-06-30,918.2823137869116
ID127_MBB32,1985-09-30,927.0303747040557
ID127_MBB32,1985-12-31,942.7018730088765
ID127_MBB32,1986-03-31,955.6369779933726
ID127_MBB32,1986-06-30,963.8927180450496
ID127_MBB32,1986-09-30,973.369719890248
ID127_MBB32,1986-12-31,985.6399537853034
ID127_MBB32,1987-03-31,996.683505440234
ID127_MBB32,1987-06-30,1003.3931550765575
ID127_MBB32,1987-09-30,1012.6115073781102
ID128_MBB33,1975-12-31,2792.5028664305974
ID128_MBB33,1976-03-31,2841.348389641566
ID128_MBB33,1976-06-30,2873.688964590185
ID128_MBB33,1976-09-30,2930.9154985065366
ID128_MBB33,1976-12-31,2969.2866258500117
ID128_MBB33,1977-03-31,3009.710884734529
ID128_MBB33,1977-06-30,3036.7986462346676
ID128_MBB33,1977-09-30,3057.228951324521
ID128_MBB33,1977-12-31,3107.2869464818477
ID128_MBB33,1978-03-31,3134.6420126430894
ID128_MBB33,1978-06-30,3159.4400607025636
ID128_MBB33,1978-09-30,3188.6331242797723
ID128_MBB33,1978-12-31,3271.726158479936
ID128_MBB33,1979-03-31,3310.1681836443186
ID128_MBB33,1979-06-30,3345.905164767711
ID128_MBB33,1979-09-30,3391.0085422114194
ID128_MBB33,1979-12-31,3435.9164113103297
ID128_MBB33,1980-03-31,3497.901811651683
ID128_MBB33,1980-06-30,3574.811661798328
ID128_MBB33,1980-09-30,3662.5156628533477
ID128_MBB33,1980-12-31,3701.2165193438072
ID128_MBB33,1981-03-31,3785.047618106258
ID128_MBB33,1981-06-30,3839.264751636969
ID128_MBB33,1981-09-30,3879.9338884899844
ID128_MBB33,1981-12-31,3945.4843067330717
ID128_MBB33,1982-03-31,3989.9209602173833
ID128_MBB33,1982-06-30,4063.4017029361667
ID128_MBB33,1982-09-30,4130.325330052187
ID128_MBB33,1982-12-31,4209.945711820317
ID128_MBB33,1983-03-31,4298.724458342323
ID128_MBB33,1983-06-30,4361.818915742684
ID128_MBB33,1983-09-30,4416.018726503079
ID128_MBB33,1983-12-31,4519.914423712284
ID128_MBB33,1984-03-31,4588.895719912041
ID128_MBB33,1984-06-30,4654.597902385301
ID128_MBB33,1984-09-30,4664.648497470301
ID128_MBB33,1984-12-31,4713.417168534707
ID128_MBB33,1985-03-31,4792.0849239020745
ID128_MBB33,1985-06-30,4850.566515463902
ID128_MBB33,1985-09-30,4892.188311059762
ID128_MBB33,1985-12-31,5010.180467232211
ID128_MBB33,1986-03-31,5120.364820242967
ID128_MBB33,1986-06-30,5204.074298621243
ID128_MBB33,1986-09-30,5282.7524512429845
ID128_MBB33,1986-12-31,5403.611543044061
ID128_MBB33,1987-03-31,5541.482309118461
ID128_MBB33,1987-06-30,5644.850833436566
ID128_MBB33,1987-09-30,5786.961711876201
ID129_MBB34,1975-12-31,69.78357354821556
ID129_MBB34,1976-03-31,75.48035909392547
ID129_MBB34,1976-06-30,77.25386390609953
ID129_MBB34,1976-09-30,80.06230612247195
ID129_MBB34,1976-12-31,81.66527325971269
ID129_MBB34,1977-03-31,81.74642062998012
ID129_MBB34,1977-06-30,83.12357519217258
ID129_MBB34,1977-09-30,86.73612036916714
ID129_MBB34,1977-12-31,86.7936027399368
ID129_MBB34,1978-03-31,91.56728861190538
ID129_MBB34,1978-06-30,91.20122768676445
ID129_MBB34,1978-09-30,94.42584510738567
ID129_MBB34,1978-12-31,96.32044055180086
ID129_MBB34,1979-03-31,102.07141247497991
ID129_MBB34,1979-06-30,103.81583857256267
ID129_MBB34,1979-09-30,106.42975176695147
ID129_MBB34,1979-12-31,113.70293306260953
ID129_MBB34,1980-03-31,112.4951227892826
ID129_MBB34,1980-06-30,110.34586462472643
ID129_MBB34,1980-09-30,117.3786576600664
ID129_MBB34,1980-12-31,122.59425165053072
ID129_MBB34,1981-03-31,119.1754725454759
ID129_MBB34,1981-06-30,115.64624340161474
ID129_MBB34,1981-09-30,121.04555900561697
ID129_MBB34,1981-12-31,116.46997682930454
ID129_MBB34,1982-03-31,120.7522953766798
ID129_MBB34,1982-06-30,125.1597983161263
ID129_MBB34,1982-09-30,126.18568866077001
ID129_MBB34,1982-12-31,126.7395059045976
ID129_MBB34,1983-03-31,132.37422236602225
ID129_MBB34,1983-06-30,132.24140314403718
ID129_MBB34,1983-09-30,131.78276943054965
ID129_MBB34,1983-12-31,139.38268317048335
ID129_MBB34,1984-03-31,145.99370508238835
ID129_MBB34,1984-06-30,150.2859501802148
ID129_MBB34,1984-09-30,148.25929989712088
ID129_MBB34,1984-12-31,142.91371263522402
ID129_MBB34,1985-03-31,143.52398599916273
ID129_MBB34,1985-06-30,148.05648433801062
ID129_MBB34,1985-09-30,144.8318476150077
ID129_MBB34,1985-12-31,149.317139882431
ID129_MBB34,1986-03-31,152.24587085959095
ID129_MBB34,1986-06-30,157.81957707742475
ID129_MBB34,1986-09-30,163.69184978311847
ID129_MBB34,1986-12-31,168.59032587507392
ID129_MBB34,1987-03-31,178.7392913995998
ID129_MBB34,1987-06-30,177.17203009425228
ID129_MBB34,1987-09-30,188.92871772593543
ID13_MBB35,1978-06-30,17125.222221908232
ID13_MBB35,1978-09-30,18660.913649825845
ID13_MBB35,1978-12-31,18486.98093268564
ID13_MBB35,1979-03-31,20003.369213489972
ID13_MBB35,1979-06-30,18438.163640971707
ID13_MBB35,1979-09-30,19973.725584893353
ID13_MBB35,1979-12-31,20761.661781179126
ID13_MBB35,1980-03-31,21834.543711686605
ID13_MBB35,1980-06-30,20978.991208130108
ID13_MBB35,1980-09-30,21948.005875665545
ID13_MBB35,1980-12-31,22755.001467719136
ID13_MBB35,1981-03-31,22433.995191441114
ID13_MBB35,1981-06-30,20995.57634759596
ID13_MBB35,1981-09-30,22865.60579158172
ID13_MBB35,1981-12-31,23527.622013548327
ID13_MBB35,1982-03-31,24233.267667195247
ID13_MBB35,1982-06-30,23013.23116253988
ID13_MBB35,1982-09-30,24286.95903787123
ID13_MBB35,1982-12-31,25411.04713292523
ID13_MBB35,1983-03-31,26603.40858252888
ID13_MBB35,1983-06-30,25042.938770326866
ID13_MBB35,1983-09-30,26153.396139332268
ID13_MBB35,1983-12-31,26269.93505415657
ID13_MBB35,1984-03-31,26865.564747801385
ID13_MBB35,1984-06-30,24872.226990107676
ID13_MBB35,1984-09-30,25419.285789190617
ID13_MBB35,1984-12-31,24415.070594257377
ID13_MBB35,1985-03-31,24002.91363010818
ID13_MBB35,1985-06-30,23232.239105986482
ID130_MBB36,1975-12-31,48.34028088204769
ID130_MBB36,1976-03-31,48.72621980548785
ID130_MBB36,1976-06-30,49.24612946366312
ID130_MBB36,1976-09-30,49.75782169769671
ID130_MBB36,1976-12-31,49.90434123887712
ID130_MBB36,1977-03-31,50.19301584039255
ID130_MBB36,1977-06-30,50.68215070284997
ID130_MBB36,1977-09-30,51.228341707247054
ID130_MBB36,1977-12-31,51.52809991600649
ID130_MBB36,1978-03-31,51.93437489157071
ID130_MBB36,1978-06-30,52.600540854928646
ID130_MBB36,1978-09-30,53.20739998947149
ID130_MBB36,1978-12-31,53.57910645987916
ID130_MBB36,1979-03-31,54.03993538036525
ID130_MBB36,1979-06-30,54.8525044525279
ID130_MBB36,1979-09-30,55.75331601136183
ID130_MBB36,1979-12-31,56.17609154406097
ID130_MBB36,1980-03-31,56.812051559460976
ID130_MBB36,1980-06-30,57.84767349068877
ID130_MBB36,1980-09-30,59.09328424423966
ID130_MBB36,1980-12-31,60.030639107869774
ID130_MBB36,1981-03-31,60.971267355525775
ID130_MBB36,1981-06-30,62.54488881920683
ID130_MBB36,1981-09-30,63.66337591136423
ID130_MBB36,1981-12-31,64.98139084546061
ID130_MBB36,1982-03-31,66.02041051172584
ID130_MBB36,1982-06-30,68.45290028755437
ID130_MBB36,1982-09-30,69.05354395705405
ID130_MBB36,1982-12-31,70.81948500998371
ID130_MBB36,1983-03-31,72.40801148954513
ID130_MBB36,1983-06-30,74.7701923229663
ID130_MBB36,1983-09-30,77.37656955023897
ID130_MBB36,1983-12-31,79.78150684240991
ID130_MBB36,1984-03-31,80.05982308697337
ID130_MBB36,1984-06-30,84.0895801687829
ID130_MBB36,1984-09-30,86.3779869815414
ID130_MBB36,1984-12-31,87.33210757765936
ID130_MBB36,1985-03-31,89.76560933775052
ID130_MBB36,1985-06-30,91.48485153854378
ID130_MBB36,1985-09-30,94.14270684868143
ID130_MBB36,1985-12-31,94.44957852525039
ID130_MBB36,1986-03-31,99.64613183235389
ID130_MBB36,1986-06-30,98.41738049435114
ID130_MBB36,1986-09-30,101.47984839982266
ID130_MBB36,1986-12-31,101.72690854630847
ID130_MBB36,1987-03-31,106.00578482132279
ID130_MBB36,1987-06-30,105.10254088232257
ID130_MBB36,1987-09-30,108.0633830124524
ID131_MBB37,1975-12-31,7967.648200620205
ID131_MBB37,1976-03-31,8036.4243110522975
ID131_MBB37,1976-06-30,8105.77911592008
ID131_MBB37,1976-09-30,8174.823843788467
ID131_MBB37,1976-12-31,8245.325559975447
ID131_MBB37,1977-03-31,8315.723198318845
ID131_MBB37,1977-06-30,8389.86275476146
ID131_MBB37,1977-09-30,8464.044278825128
ID131_MBB37,1977-12-31,8540.939332195516
ID131_MBB37,1978-03-31,8619.605121394015
ID131_MBB37,1978-06-30,8699.992386940026
ID131_MBB37,1978-09-30,8778.127472757014
ID131_MBB37,1978-12-31,8860.498257198307
ID131_MBB37,1979-03-31,8942.212767939733
ID131_MBB37,1979-06-30,9024.753474019451
ID131_MBB37,1979-09-30,9108.033248648013
ID131_MBB37,1979-12-31,9192.392657472828
ID131_MBB37,1980-03-31,9277.329085917894
ID131_MBB37,1980-06-30,9363.960501568181
ID131_MBB37,1980-09-30,9449.785575642061
ID131_MBB37,1980-12-31,9536.693616275541
ID131_MBB37,1981-03-31,9625.56784999124
ID131_MBB37,1981-06-30,9714.311747110063
ID131_MBB37,1981-09-30,9803.65241806597
ID131_MBB37,1981-12-31,9894.560762406962
ID131_MBB37,1982-03-31,9986.403903635197
ID131_MBB37,1982-06-30,10079.617677735461
ID131_MBB37,1982-09-30,10171.238167947125
ID131_MBB37,1982-12-31,10266.178236314454
ID131_MBB37,1983-03-31,10360.972999905265
ID131_MBB37,1983-06-30,10458.313990298217
ID131_MBB37,1983-09-30,10557.808622163404
ID131_MBB37,1983-12-31,10658.43380479621
ID131_MBB37,1984-03-31,10762.432424450828
ID131_MBB37,1984-06-30,10868.86153691905
ID131_MBB37,1984-09-30,10975.15473307291
ID131_MBB37,1984-12-31,11083.778646757084
ID131_MBB37,1985-03-31,11193.304452942895
ID131_MBB37,1985-06-30,11303.22270840395
ID131_MBB37,1985-09-30,11414.869569604847
ID131_MBB37,1985-12-31,11526.5058346885
ID131_MBB37,1986-03-31,11640.300274919007
ID131_MBB37,1986-06-30,11753.712428317325
ID131_MBB37,1986-09-30,11867.396786155783
ID131_MBB37,1986-12-31,11984.26418259152
ID131_MBB37,1987-03-31,12104.292809227418
ID131_MBB37,1987-06-30,12224.720575359304
ID131_MBB37,1987-09-30,12346.213185409222
ID132_MBB38,1969-12-31,20581.3491871389
ID132_MBB38,1970-03-31,21073.122718598486
ID132_MBB38,1970-06-30,21368.31843934532
ID132_MBB38,1970-09-30,21615.581753262246
ID132_MBB38,1970-12-31,21898.89991204717
ID132_MBB38,1971-03-31,22683.117754363724
ID132_MBB38,1971-06-30,22798.92316817153
ID132_MBB38,1971-09-30,23041.544404990862
ID132_MBB38,1971-12-31,23611.957936873012
ID132_MBB38,1972-03-31,23930.513168425186
ID132_MBB38,1972-06-30,23848.318917436703
ID132_MBB38,1972-09-30,24614.02609265487
ID132_MBB38,1972-12-31,24798.153178293294
ID132_MBB38,1973-03-31,25078.330236154477
ID132_MBB38,1973-06-30,24948.806128981596
ID132_MBB38,1973-09-30,25733.130587587464
ID132_MBB38,1973-12-31,25865.784783292922
ID132_MBB38,1974-03-31,26687.320978068674
ID132_MBB38,1974-06-30,27093.247371035282
ID132_MBB38,1974-09-30,27544.64311140374
ID132_MBB38,1974-12-31,28292.022207731457
ID132_MBB38,1975-03-31,28611.329886468542
ID132_MBB38,1975-06-30,29540.310206030503
ID132_MBB38,1975-09-30,29695.71386361023
ID132_MBB38,1975-12-31,29980.932759535324
ID132_MBB38,1976-03-31,30886.75255739316
ID132_MBB38,1976-06-30,31137.43430580226
ID132_MBB38,1976-09-30,31845.02463589478
ID132_MBB38,1976-12-31,33071.66592762608
ID132_MBB38,1977-03-31,31855.741747570784
ID132_MBB38,1977-06-30,32954.18979308851
ID132_MBB38,1977-09-30,33304.75162541332
ID133_MBB39,1969-12-31,17403.330336492134
ID133_MBB39,1970-03-31,17685.48862535589
ID133_MBB39,1970-06-30,17723.704610915163
ID133_MBB39,1970-09-30,18040.650161471178
ID133_MBB39,1970-12-31,18342.100221725625
ID133_MBB39,1971-03-31,18447.786768104135
ID133_MBB39,1971-06-30,18630.570652979262
ID133_MBB39,1971-09-30,18571.720529567097
ID133_MBB39,1971-12-31,18663.550625319953
ID133_MBB39,1972-03-31,18811.986085085202
ID133_MBB39,1972-06-30,18936.704266919856
ID133_MBB39,1972-09-30,18863.7216744418
ID133_MBB39,1972-12-31,19216.234022710898
ID133_MBB39,1973-03-31,19246.005271064045
ID133_MBB39,1973-06-30,19426.832729569473
ID133_MBB39,1973-09-30,19421.049739369006
ID133_MBB39,1973-12-31,19670.54273851526
ID133_MBB39,1974-03-31,20040.490644984806
ID133_MBB39,1974-06-30,20171.90079125658
ID133_MBB39,1974-09-30,20335.894061305262
ID133_MBB39,1974-12-31,20608.50325923525
ID133_MBB39,1975-03-31,20731.868827714945
ID133_MBB39,1975-06-30,20964.089651745257
ID133_MBB39,1975-09-30,20996.102627675944
ID133_MBB39,1975-12-31,20982.556087233464
ID133_MBB39,1976-03-31,21334.94179819118
ID133_MBB39,1976-06-30,21196.24830335893
ID133_MBB39,1976-09-30,21328.10645357052
ID133_MBB39,1976-12-31,21639.490417206158
ID133_MBB39,1977-03-31,21714.343003617636
ID133_MBB39,1977-06-30,21514.703779996355
ID133_MBB39,1977-09-30,21519.666570737376
ID134_MBB40,1975-12-31,164.2699474179179
ID134_MBB40,1976-03-31,113.60156691540605
ID134_MBB40,1976-06-30,261.64902375300306
ID134_MBB40,1976-09-30,352.96896831474737
ID134_MBB40,1976-12-31,698.5066885377838
ID134_MBB40,1977-03-31,484.71785781881437
ID134_MBB40,1977-06-30,648.2059878385992
ID134_MBB40,1977-09-30,970.4329065214135
ID134_MBB40,1977-12-31,869.5711100173327
ID134_MBB40,1978-03-31,444.8350566905338
ID134_MBB40,1978-06-30,177.3361093602765
ID134_MBB40,1978-09-30,150.0047754374026
ID134_MBB40,1978-12-31,124.33408863917225
ID134_MBB40,1979-03-31,122.70803000416684
ID134_MBB40,1979-06-30,114.62159247303346
ID134_MBB40,1979-09-30,92.35263588885311
ID134_MBB40,1979-12-31,89.36017089091317
ID134_MBB40,1980-03-31,73.48570349919564
ID134_MBB40,1980-06-30,150.2481869265142
ID134_MBB40,1980-09-30,201.80954648532799
ID134_MBB40,1980-12-31,181.95052313812866
ID134_MBB40,1981-03-31,184.43950602295934
ID134_MBB40,1981-06-30,227.2384647552238
ID134_MBB40,1981-09-30,284.2574800436321
ID134_MBB40,1981-12-31,181.4568298907201
ID134_MBB40,1982-03-31,327.558412261803
ID134_MBB40,1982-06-30,340.50898248433555
ID134_MBB40,1982-09-30,324.03711908747505
ID134_MBB40,1982-12-31,437.3399711036914
ID134_MBB40,1983-03-31,324.6190369018506
ID134_MBB40,1983-06-30,465.6646037656964
ID134_MBB40,1983-09-30,630.7376705461445
ID134_MBB40,1983-12-31,621.266702728656
ID134_MBB40,1984-03-31,537.6029137582779
ID134_MBB40,1984-06-30,304.469503215568
ID134_MBB40,1984-09-30,589.7328689074718
ID134_MBB40,1984-12-31,362.8889173993028
ID134_MBB40,1985-03-31,283.3793724608826
ID134_MBB40,1985-06-30,186.73648488510293
ID134_MBB40,1985-09-30,206.5676187149993
ID134_MBB40,1985-12-31,302.32347601114424
ID134_MBB40,1986-03-31,339.86555857924515
ID134_MBB40,1986-06-30,615.2879957894148
ID134_MBB40,1986-09-30,633.2498579148846
ID134_MBB40,1986-12-31,910.2816969861481
ID134_MBB40,1987-03-31,978.412760377977
ID134_MBB40,1987-06-30,1054.880876805221
ID134_MBB40,1987-09-30,872.3532304966818
ID134_MBB40,1987-12-31,834.8174240552755
ID134_MBB40,1988-03-31,847.3715757743834
ID134_MBB40,1988-06-30,874.9647400767711
ID134_MBB40,1988-09-30,598.4136051867209
ID134_MBB40,1988-12-31,288.2523934922624
ID134_MBB40,1989-03-31,307.1936833797524
ID134_MBB40,1989-06-30,466.1620841446749
ID134_MBB40,1989-09-30,341.4451188044534
ID134_MBB40,1989-12-31,109.24269154482676
ID134_MBB40,1990-03-31,127.92263767659188
ID134_MBB40,1990-06-30,421.1325719896741
ID134_MBB40,1990-09-30,454.2526922867202
ID135_MBB41,1969-12-31,152.7658405228798
ID135_MBB41,1970-03-31,162.39678906929709
ID135_MBB41,1970-06-30,157.79295399739613
ID135_MBB41,1970-09-30,142.0827933426867
ID135_MBB41,1970-12-31,163.0663527490937
ID135_MBB41,1971-03-31,159.72824174325407
ID135_MBB41,1971-06-30,153.81020367687648
ID135_MBB41,1971-09-30,169.0489502093075
ID135_MBB41,1971-12-31,181.7765959712414
ID135_MBB41,1972-03-31,198.77816287459976
ID135_MBB41,1972-06-30,198.67993674050152
ID135_MBB41,1972-09-30,187.98731097241497
ID135_MBB41,1972-12-31,201.7082291527471
ID135_MBB41,1973-03-31,200.4318574785136
ID135_MBB41,1973-06-30,191.03454362163666
ID135_MBB41,1973-09-30,199.8274602999536
ID135_MBB41,1973-12-31,222.91968555469967
ID135_MBB41,1974-03-31,220.37137249359114
ID135_MBB41,1974-06-30,212.2936858661382
ID135_MBB41,1974-09-30,209.6144782965923
ID135_MBB41,1974-12-31,250.6280784243039
ID135_MBB41,1975-03-31,255.59289834229577
ID135_MBB41,1975-06-30,256.6425625955954
ID135_MBB41,1975-09-30,264.4717443550832
ID135_MBB41,1975-12-31,285.00006299938894
ID135_MBB41,1976-03-31,287.000014167137
ID135_MBB41,1976-06-30,301.9999739153424
ID135_MBB41,1976-09-30,298.00005120935685
ID135_MBB41,1976-12-31,329.5934249843429
ID135_MBB41,1977-03-31,308.58413603737466
ID135_MBB41,1977-06-30,312.2318486631974
ID135_MBB41,1977-09-30,330.21419984747376
ID136_MBB42,1969-12-31,84.99886364972711
ID136_MBB42,1970-03-31,88.90150839853244
ID136_MBB42,1970-06-30,81.73089059180171
ID136_MBB42,1970-09-30,84.78986064781189
ID136_MBB42,1970-12-31,82.69749530096526
ID136_MBB42,1971-03-31,87.93860872681755
ID136_MBB42,1971-06-30,83.07168205717849
ID136_MBB42,1971-09-30,85.30034914984276
ID136_MBB42,1971-12-31,84.85800390520349
ID136_MBB42,1972-03-31,87.8595411893003
ID136_MBB42,1972-06-30,84.7344297217211
ID136_MBB42,1972-09-30,90.91328557742028
ID136_MBB42,1972-12-31,91.6202930036242
ID136_MBB42,1973-03-31,96.58607193511548
ID136_MBB42,1973-06-30,92.89184884876887
ID136_MBB42,1973-09-30,97.1248660898176
ID136_MBB42,1973-12-31,98.73217724965947
ID136_MBB42,1974-03-31,101.15980722490711
ID136_MBB42,1974-06-30,98.04529528244798
ID136_MBB42,1974-09-30,102.75191423715987
ID136_MBB42,1974-12-31,102.29820355137178
ID136_MBB42,1975-03-31,110.01076740541913
ID136_MBB42,1975-06-30,107.87754507312192
ID136_MBB42,1975-09-30,113.0698769655071
ID136_MBB42,1975-12-31,114.80356635015795
ID136_MBB42,1976-03-31,119.86532248298023
ID136_MBB42,1976-06-30,117.00945279035932
ID136_MBB42,1976-09-30,123.15549316011311
ID136_MBB42,1976-12-31,128.75469962882914
ID136_MBB42,1977-03-31,133.9500940390957
ID136_MBB42,1977-06-30,128.94154902662459
ID136_MBB42,1977-09-30,137.3018376443192
ID137_MBB43,1975-12-31,51.720268431380525
ID137_MBB43,1976-03-31,56.454318685117535
ID137_MBB43,1976-06-30,57.3491557897568
ID137_MBB43,1976-09-30,59.560205061745215
ID137_MBB43,1976-12-31,57.00119402929836
ID137_MBB43,1977-03-31,59.25843201094955
ID137_MBB43,1977-06-30,60.988395502932576
ID137_MBB43,1977-09-30,61.89405591172397
ID137_MBB43,1977-12-31,64.67774734205716
ID137_MBB43,1978-03-31,65.10193474277416
ID137_MBB43,1978-06-30,62.801935095027005
ID137_MBB43,1978-09-30,66.20390508506009
ID137_MBB43,1978-12-31,68.73075732558952
ID137_MBB43,1979-03-31,70.36518116611896
ID137_MBB43,1979-06-30,70.06422709829232
ID137_MBB43,1979-09-30,72.45365556141701
ID137_MBB43,1979-12-31,72.77049665742133
ID137_MBB43,1980-03-31,75.23303349588573
ID137_MBB43,1980-06-30,78.14367729123893
ID137_MBB43,1980-09-30,78.48093584272505
ID137_MBB43,1980-12-31,80.56640323579941
ID137_MBB43,1981-03-31,78.03042482076718
ID137_MBB43,1981-06-30,82.89868098158315
ID137_MBB43,1981-09-30,80.1593334110272
ID137_MBB43,1981-12-31,79.08160413668266
ID137_MBB43,1982-03-31,82.1259784980147
ID137_MBB43,1982-06-30,82.43534383065217
ID137_MBB43,1982-09-30,83.77895244599621
ID137_MBB43,1982-12-31,84.64801001233079
ID137_MBB43,1983-03-31,88.10863899309805
ID137_MBB43,1983-06-30,88.79660259660977
ID137_MBB43,1983-09-30,85.65734000112072
ID137_MBB43,1983-12-31,88.23776074331609
ID137_MBB43,1984-03-31,88.83213547290822
ID137_MBB43,1984-06-30,87.33215614581967
ID137_MBB43,1984-09-30,86.76232921248535
ID137_MBB43,1984-12-31,87.22950166954871
ID137_MBB43,1985-03-31,84.42800251615994
ID137_MBB43,1985-06-30,82.68404579880776
ID137_MBB43,1985-09-30,84.80818351297474
ID137_MBB43,1985-12-31,84.1500175671078
ID137_MBB43,1986-03-31,83.94651312292277
ID137_MBB43,1986-06-30,85.74822920751008
ID137_MBB43,1986-09-30,88.41090842111878
ID137_MBB43,1986-12-31,95.24222119678328
ID137_MBB43,1987-03-31,96.21991203437008
ID137_MBB43,1987-06-30,97.79324018810678
ID137_MBB43,1987-09-30,98.945104759277
ID138_MBB44,1975-12-31,12.223024128859374
ID138_MBB44,1976-03-31,13.511045114815468
ID138_MBB44,1976-06-30,12.81911743753008
ID138_MBB44,1976-09-30,13.01528838035065
ID138_MBB44,1976-12-31,13.849193651977991
ID138_MBB44,1977-03-31,13.358546534581604
ID138_MBB44,1977-06-30,14.221375169490363
ID138_MBB44,1977-09-30,14.38957779412547
ID138_MBB44,1977-12-31,15.585795423561002
ID138_MBB44,1978-03-31,15.435589204568245
ID138_MBB44,1978-06-30,15.6015826146913
ID138_MBB44,1978-09-30,15.419048394960985
ID138_MBB44,1978-12-31,16.515702492804394
ID138_MBB44,1979-03-31,17.16819442604792
ID138_MBB44,1979-06-30,17.77603682600475
ID138_MBB44,1979-09-30,18.84206044592743
ID138_MBB44,1979-12-31,18.185402194688088
ID138_MBB44,1980-03-31,19.970280011169724
ID138_MBB44,1980-06-30,20.000415373585128
ID138_MBB44,1980-09-30,22.39394164703951
ID138_MBB44,1980-12-31,21.759559748299203
ID138_MBB44,1981-03-31,22.986488412983253
ID138_MBB44,1981-06-30,22.96478531838389
ID138_MBB44,1981-09-30,22.768919785170414
ID138_MBB44,1981-12-31,20.532699136354776
ID138_MBB44,1982-03-31,22.547633944798463
ID138_MBB44,1982-06-30,20.881756405789
ID138_MBB44,1982-09-30,21.517186333413736
ID138_MBB44,1982-12-31,22.446848125005975
ID138_MBB44,1983-03-31,23.0192543323691
ID138_MBB44,1983-06-30,24.716151444336134
ID138_MBB44,1983-09-30,24.92484723115032
ID138_MBB44,1983-12-31,23.648642491461707
ID138_MBB44,1984-03-31,24.968802728679403
ID138_MBB44,1984-06-30,25.086614501071665
ID138_MBB44,1984-09-30,24.098191420947387
ID138_MBB44,1984-12-31,23.391154158849734
ID138_MBB44,1985-03-31,22.27063591191179
ID138_MBB44,1985-06-30,22.239466370798983
ID138_MBB44,1985-09-30,23.067954961134575
ID138_MBB44,1985-12-31,22.696079779087796
ID138_MBB44,1986-03-31,23.02849999775446
ID138_MBB44,1986-06-30,22.098565078429356
ID138_MBB44,1986-09-30,23.991250291037176
ID138_MBB44,1986-12-31,24.93236250501932
ID138_MBB44,1987-03-31,26.235630881656657
ID138_MBB44,1987-06-30,27.542231298635237
ID138_MBB44,1987-09-30,28.772761277641624
ID139_MBB45,1975-12-31,35.02135698331181
ID139_MBB45,1976-03-31,33.80651610107419
ID139_MBB45,1976-06-30,33.74236218295142
ID139_MBB45,1976-09-30,34.11901025092999
ID139_MBB45,1976-12-31,32.533078011264834
ID139_MBB45,1977-03-31,31.635010538322646
ID139_MBB45,1977-06-30,32.655963967578586
ID139_MBB45,1977-09-30,31.15524876090018
ID139_MBB45,1977-12-31,29.64816582165454
ID139_MBB45,1978-03-31,29.4154528287448
ID139_MBB45,1978-06-30,27.740026805687616
ID139_MBB45,1978-09-30,28.173883192932166
ID139_MBB45,1978-12-31,29.798712390741322
ID139_MBB45,1979-03-31,30.318484927859153
ID139_MBB45,1979-06-30,31.60912450355694
ID139_MBB45,1979-09-30,33.54828236322518
ID139_MBB45,1979-12-31,36.60313643739157
ID139_MBB45,1980-03-31,38.69688760471993
ID139_MBB45,1980-06-30,38.12601242981646
ID139_MBB45,1980-09-30,37.178304167443414
ID139_MBB45,1980-12-31,38.29632031847314
ID139_MBB45,1981-03-31,34.89767638744835
ID139_MBB45,1981-06-30,34.071238506848466
ID139_MBB45,1981-09-30,33.370799051754794
ID139_MBB45,1981-12-31,35.23010073091212
ID139_MBB45,1982-03-31,34.09863771186597
ID139_MBB45,1982-06-30,35.55013018890953
ID139_MBB45,1982-09-30,37.85177104918145
ID139_MBB45,1982-12-31,38.71325383780157
ID139_MBB45,1983-03-31,40.43443298472775
ID139_MBB45,1983-06-30,43.96588055695869
ID139_MBB45,1983-09-30,43.09737964134118
ID139_MBB45,1983-12-31,43.822900351669944
ID139_MBB45,1984-03-31,44.64576497272819
ID139_MBB45,1984-06-30,45.111693720644446
ID139_MBB45,1984-09-30,45.20692434856039
ID139_MBB45,1984-12-31,44.816530186165735
ID139_MBB45,1985-03-31,43.19723161596258
ID139_MBB45,1985-06-30,41.54397375217678
ID139_MBB45,1985-09-30,40.82886004588315
ID139_MBB45,1985-12-31,42.16679786279252
ID139_MBB45,1986-03-31,39.844813142758795
ID139_MBB45,1986-06-30,38.80139423375342
ID139_MBB45,1986-09-30,36.692878854176556
ID139_MBB45,1986-12-31,35.53187716619233
ID139_MBB45,1987-03-31,36.59440492451735
ID139_MBB45,1987-06-30,38.491697008170334
ID139_MBB45,1987-09-30,40.63040533583235
ID139_MBB45,1987-12-31,41.91830510967517
ID139_MBB45,1988-03-31,41.85517288063037
ID139_MBB45,1988-06-30,42.62425768251856
ID139_MBB45,1988-09-30,41.02506238723937
ID139_MBB45,1988-12-31,44.0544972892431
ID139_MBB45,1989-03-31,42.36851539182025
ID139_MBB45,1989-06-30,42.89266546949772
ID139_MBB45,1989-09-30,42.2840023868659
ID139_MBB45,1989-12-31,42.46598089795353
ID139_MBB45,1990-03-31,40.62443040734311
ID139_MBB45,1990-06-30,40.39438581836041
ID139_MBB45,1990-09-30,44.52820224765599
ID139_MBB45,1990-12-31,44.63999601165557
ID139_MBB45,1991-03-31,46.518147326357585
ID139_MBB45,1991-06-30,52.02200159131091
ID139_MBB45,1991-09-30,55.86740855712579
ID139_MBB45,1991-12-31,57.704012667794885
ID139_MBB45,1992-03-31,58.30207930628328
ID139_MBB45,1992-06-30,60.80006809128744
ID139_MBB45,1992-09-30,64.58932024841701
ID14_MBB46,1978-06-30,66071.46580749776
ID14_MBB46,1978-09-30,65032.856775035136
ID14_MBB46,1978-12-31,74760.38088025895
ID14_MBB46,1979-03-31,77446.48669277744
ID14_MBB46,1979-06-30,78832.18650032545
ID14_MBB46,1979-09-30,73475.89569953653
ID14_MBB46,1979-12-31,89934.8972564724
ID14_MBB46,1980-03-31,92158.28823261999
ID14_MBB46,1980-06-30,96791.31402995336
ID14_MBB46,1980-09-30,95924.60283854385
ID14_MBB46,1980-12-31,106466.15926614711
ID14_MBB46,1981-03-31,106377.0775103444
ID14_MBB46,1981-06-30,108686.84447973578
ID14_MBB46,1981-09-30,105558.12991528622
ID14_MBB46,1981-12-31,117144.00239641487
ID14_MBB46,1982-03-31,116201.77134745635
ID14_MBB46,1982-06-30,129841.36069809033
ID14_MBB46,1982-09-30,118002.58443384421
ID14_MBB46,1982-12-31,134305.21640704107
ID14_MBB46,1983-03-31,126870.23580873944
ID14_MBB46,1983-06-30,130192.63856681003
ID14_MBB46,1983-09-30,122705.11017869713
ID14_MBB46,1983-12-31,135093.19766370868
ID14_MBB46,1984-03-31,130216.31948064995
ID14_MBB46,1984-06-30,131688.9539235687
ID14_MBB46,1984-09-30,124218.95465428791
ID14_MBB46,1984-12-31,135682.69370974207
ID14_MBB46,1985-03-31,130614.82053693272
ID14_MBB46,1985-06-30,135940.39234464525
ID14_MBB46,1985-09-30,121672.85693130805
ID140_MBB47,1975-12-31,81.00376228629158
ID140_MBB47,1976-03-31,79.19509759763584
ID140_MBB47,1976-06-30,63.436897224621845
ID140_MBB47,1976-09-30,79.46543672156196
ID140_MBB47,1976-12-31,78.57840159744264
ID140_MBB47,1977-03-31,89.32689264765287
ID140_MBB47,1977-06-30,68.87202077084171
ID140_MBB47,1977-09-30,85.41422965334691
ID140_MBB47,1977-12-31,86.30095617712794
ID140_MBB47,1978-03-31,87.20668810886687
ID140_MBB47,1978-06-30,70.12122345334616
ID140_MBB47,1978-09-30,91.22954340012089
ID140_MBB47,1978-12-31,96.37750250056204
ID140_MBB47,1979-03-31,104.94296314941498
ID140_MBB47,1979-06-30,81.2395232789594
ID140_MBB47,1979-09-30,105.86639519038609
ID140_MBB47,1979-12-31,108.08933215640742
ID140_MBB47,1980-03-31,107.34176635989047
ID140_MBB47,1980-06-30,79.09969869174505
ID140_MBB47,1980-09-30,98.55529689704959
ID140_MBB47,1980-12-31,96.28773513087226
ID140_MBB47,1981-03-31,98.35301002800671
ID140_MBB47,1981-06-30,74.16269870699263
ID140_MBB47,1981-09-30,99.92835081428252
ID140_MBB47,1981-12-31,103.48336803334405
ID140_MBB47,1982-03-31,105.97485950953106
ID140_MBB47,1982-06-30,76.48330167893636
ID140_MBB47,1982-09-30,104.3508303983403
ID140_MBB47,1982-12-31,105.65736915898718
ID140_MBB47,1983-03-31,99.80725056946235
ID140_MBB47,1983-06-30,71.43055697978656
ID140_MBB47,1983-09-30,96.98104341399518
ID140_MBB47,1983-12-31,97.27661410596166
ID140_MBB47,1984-03-31,99.79081761172066
ID140_MBB47,1984-06-30,70.32915434267632
ID140_MBB47,1984-09-30,107.42255516675903
ID140_MBB47,1984-12-31,110.46913184444054
ID140_MBB47,1985-03-31,109.97822694664809
ID140_MBB47,1985-06-30,79.39521638465087
ID140_MBB47,1985-09-30,110.85446172357418
ID140_MBB47,1985-12-31,113.68699084610704
ID140_MBB47,1986-03-31,111.02926371357306
ID140_MBB47,1986-06-30,80.26422109971021
ID140_MBB47,1986-09-30,105.05565513044168
ID140_MBB47,1986-12-31,104.34715767806945
ID140_MBB47,1987-03-31,117.54298554982451
ID140_MBB47,1987-06-30,84.62067480959493
ID140_MBB47,1987-09-30,117.04663316527909
ID140_MBB47,1987-12-31,120.69357614329776
ID140_MBB47,1988-03-31,124.06342622653128
ID140_MBB47,1988-06-30,86.36066859181899
ID140_MBB47,1988-09-30,122.29820298877368
ID141_MBB48,1975-12-31,56.13230979806049
ID141_MBB48,1976-03-31,56.122080166343125
ID141_MBB48,1976-06-30,50.43394319741184
ID141_MBB48,1976-09-30,59.65019253668395
ID141_MBB48,1976-12-31,59.94546016280532
ID141_MBB48,1977-03-31,63.03013271956108
ID141_MBB48,1977-06-30,53.1594871061212
ID141_MBB48,1977-09-30,63.85464860350051
ID141_MBB48,1977-12-31,63.46792398662002
ID141_MBB48,1978-03-31,66.6724563911917
ID141_MBB48,1978-06-30,55.29917354667606
ID141_MBB48,1978-09-30,67.06043831446125
ID141_MBB48,1978-12-31,67.5901393452127
ID141_MBB48,1979-03-31,69.9329591108392
ID141_MBB48,1979-06-30,60.76086924857479
ID141_MBB48,1979-09-30,72.12599798979959
ID141_MBB48,1979-12-31,73.77019464109789
ID141_MBB48,1980-03-31,76.04275934789241
ID141_MBB48,1980-06-30,62.92302150540461
ID141_MBB48,1980-09-30,74.84120121640463
ID141_MBB48,1980-12-31,75.5261310613038
ID141_MBB48,1981-03-31,82.3819821650561
ID141_MBB48,1981-06-30,66.91104274433546
ID141_MBB48,1981-09-30,79.64182609623981
ID141_MBB48,1981-12-31,80.83518250222858
ID141_MBB48,1982-03-31,83.14215971595844
ID141_MBB48,1982-06-30,73.02615283373552
ID141_MBB48,1982-09-30,85.41014289452181
ID141_MBB48,1982-12-31,87.03308530595947
ID141_MBB48,1983-03-31,85.20319043202964
ID141_MBB48,1983-06-30,73.66594463206718
ID141_MBB48,1983-09-30,88.1444909529346
ID141_MBB48,1983-12-31,79.94774446973533
ID141_MBB48,1984-03-31,89.52704012532557
ID141_MBB48,1984-06-30,77.79787826823578
ID141_MBB48,1984-09-30,94.30131935729653
ID141_MBB48,1984-12-31,97.72396800909294
ID141_MBB48,1985-03-31,98.57159089223735
ID141_MBB48,1985-06-30,83.72252113096667
ID141_MBB48,1985-09-30,102.81042437270793
ID141_MBB48,1985-12-31,102.16975193299032
ID141_MBB48,1986-03-31,105.13283131527638
ID141_MBB48,1986-06-30,88.72354394343446
ID141_MBB48,1986-09-30,103.8701136630854
ID141_MBB48,1986-12-31,103.83078881811537
ID141_MBB48,1987-03-31,111.62053797936588
ID141_MBB48,1987-06-30,92.32515935019784
ID141_MBB48,1987-09-30,106.88728935137846
ID141_MBB48,1987-12-31,110.64912166598295
ID141_MBB48,1988-03-31,115.96742415303751
ID141_MBB48,1988-06-30,97.68264145734395
ID141_MBB48,1988-09-30,116.50988071870164
ID142_MBB49,1975-12-31,70.90908151106527
ID142_MBB49,1976-03-31,73.42814812146386
ID142_MBB49,1976-06-30,73.43402450782366
ID142_MBB49,1976-09-30,71.32937270235998
ID142_MBB49,1976-12-31,69.4684381890719
ID142_MBB49,1977-03-31,74.03484207401067
ID142_MBB49,1977-06-30,74.3583302719749
ID142_MBB49,1977-09-30,74.02931948890267
ID142_MBB49,1977-12-31,73.09357546236998
ID142_MBB49,1978-03-31,76.59160988987762
ID142_MBB49,1978-06-30,75.55101525577076
ID142_MBB49,1978-09-30,75.70467237261653
ID142_MBB49,1978-12-31,75.03759665669125
ID142_MBB49,1979-03-31,77.5643068343941
ID142_MBB49,1979-06-30,79.32590369984307
ID142_MBB49,1979-09-30,79.65556740069286
ID142_MBB49,1979-12-31,78.8113785974797
ID142_MBB49,1980-03-31,82.04351019453838
ID142_MBB49,1980-06-30,79.93493031681457
ID142_MBB49,1980-09-30,82.47677549459556
ID142_MBB49,1980-12-31,81.95832182990338
ID142_MBB49,1981-03-31,84.651420682264
ID142_MBB49,1981-06-30,83.76595496212362
ID142_MBB49,1981-09-30,85.6870000150004
ID142_MBB49,1981-12-31,84.63909301959853
ID142_MBB49,1982-03-31,84.99003342993424
ID142_MBB49,1982-06-30,87.43127319585393
ID142_MBB49,1982-09-30,88.5182065798543
ID142_MBB49,1982-12-31,86.76820977304654
ID142_MBB49,1983-03-31,89.4675446458089
ID142_MBB49,1983-06-30,91.45028538308145
ID142_MBB49,1983-09-30,92.35129716037386
ID142_MBB49,1983-12-31,89.61652586248172
ID142_MBB49,1984-03-31,94.1090782996937
ID142_MBB49,1984-06-30,94.08987081124606
ID142_MBB49,1984-09-30,93.89506368042464
ID142_MBB49,1984-12-31,95.74774931391913
ID142_MBB49,1985-03-31,96.77363500222043
ID142_MBB49,1985-06-30,96.32018782760217
ID142_MBB49,1985-09-30,98.30302479753712
ID142_MBB49,1985-12-31,98.60690502385256
ID142_MBB49,1986-03-31,101.76867373034968
ID142_MBB49,1986-06-30,98.20422021575351
ID142_MBB49,1986-09-30,100.79721578590434
ID142_MBB49,1986-12-31,99.88456080009536
ID142_MBB49,1987-03-31,100.8011349179049
ID142_MBB49,1987-06-30,94.98757306135344
ID142_MBB49,1987-09-30,98.41505243989856
ID142_MBB49,1987-12-31,100.7573759658899
ID142_MBB49,1988-03-31,100.9792891307215
ID142_MBB49,1988-06-30,101.0424909476014
ID142_MBB49,1988-09-30,103.31210457091858
ID143_MBB50,1975-12-31,62.58237566590718
ID143_MBB50,1976-03-31,62.72637155775236
ID143_MBB50,1976-06-30,61.462891035508314
ID143_MBB50,1976-09-30,61.362706125991274
ID143_MBB50,1976-12-31,61.66905045381809
ID143_MBB50,1977-03-31,62.703396509305634
ID143_MBB50,1977-06-30,62.194228132899205
ID143_MBB50,1977-09-30,63.60451339679594
ID143_MBB50,1977-12-31,65.39353777128844
ID143_MBB50,1978-03-31,68.17462962408086
ID143_MBB50,1978-06-30,65.58139717391984
ID143_MBB50,1978-09-30,69.05907040730244
ID143_MBB50,1978-12-31,67.99548993280449
ID143_MBB50,1979-03-31,69.67466333989914
ID143_MBB50,1979-06-30,70.45032824841036
ID143_MBB50,1979-09-30,74.12158573472402
ID143_MBB50,1979-12-31,73.04316572417598
ID143_MBB50,1980-03-31,74.71963486377152
ID143_MBB50,1980-06-30,75.64574143216736
ID143_MBB50,1980-09-30,80.05604085313936
ID143_MBB50,1980-12-31,80.90173347124278
ID143_MBB50,1981-03-31,85.03900288397628
ID143_MBB50,1981-06-30,84.86666285433301
ID143_MBB50,1981-09-30,88.40382443246476
ID143_MBB50,1981-12-31,89.8674730342276
ID143_MBB50,1982-03-31,92.74753046879306
ID143_MBB50,1982-06-30,90.70962586529451
ID143_MBB50,1982-09-30,95.03323028017834
ID143_MBB50,1982-12-31,91.98716372104727
ID143_MBB50,1983-03-31,92.0293093289995
ID143_MBB50,1983-06-30,92.97171678333835
ID143_MBB50,1983-09-30,97.4799452035697
ID143_MBB50,1983-12-31,97.31521938163945
ID143_MBB50,1984-03-31,101.4172538657404
ID143_MBB50,1984-06-30,99.58399417901478
ID143_MBB50,1984-09-30,101.84953640320661
ID143_MBB50,1984-12-31,101.2910134758399
ID143_MBB50,1985-03-31,105.3040235082911
ID143_MBB50,1985-06-30,102.28948135861998
ID143_MBB50,1985-09-30,102.99612792449706
ID143_MBB50,1985-12-31,100.4634228486128
ID143_MBB50,1986-03-31,103.4809669274537
ID143_MBB50,1986-06-30,100.90983138038646
ID143_MBB50,1986-09-30,100.30164175876848
ID143_MBB50,1986-12-31,98.37279253985004
ID143_MBB50,1987-03-31,101.66672563461334
ID143_MBB50,1987-06-30,100.39273733456389
ID143_MBB50,1987-09-30,103.72084012214731
ID143_MBB50,1987-12-31,103.27249150671646
ID143_MBB50,1988-03-31,109.48603612781886
ID143_MBB50,1988-06-30,106.67541660261665
ID143_MBB50,1988-09-30,112.83305917314333
ID144_MBB51,1975-12-31,78.02334180539951
ID144_MBB51,1976-03-31,71.17078312870714
ID144_MBB51,1976-06-30,64.35847575978933
ID144_MBB51,1976-09-30,59.31533681798546
ID144_MBB51,1976-12-31,67.52164996306762
ID144_MBB51,1977-03-31,68.4550728689684
ID144_MBB51,1977-06-30,64.44648526751848
ID144_MBB51,1977-09-30,70.80888620624043
ID144_MBB51,1977-12-31,82.81618607206087
ID144_MBB51,1978-03-31,78.49317461663665
ID144_MBB51,1978-06-30,64.39441826007142
ID144_MBB51,1978-09-30,66.02615469141627
ID144_MBB51,1978-12-31,74.46694792635756
ID144_MBB51,1979-03-31,78.12773157182205
ID144_MBB51,1979-06-30,63.236094914901784
ID144_MBB51,1979-09-30,75.98981908313941
ID144_MBB51,1979-12-31,90.50576524679518
ID144_MBB51,1980-03-31,89.56650918277742
ID144_MBB51,1980-06-30,80.85873309018353
ID144_MBB51,1980-09-30,87.54162411680787
ID144_MBB51,1980-12-31,101.23992053671385
ID144_MBB51,1981-03-31,106.25999066583204
ID144_MBB51,1981-06-30,90.21250882425463
ID144_MBB51,1981-09-30,88.7492745190122
ID144_MBB51,1981-12-31,97.73676621359631
ID144_MBB51,1982-03-31,105.37882697302193
ID144_MBB51,1982-06-30,97.3899893087862
ID144_MBB51,1982-09-30,96.36471758121147
ID144_MBB51,1982-12-31,99.99494579957529
ID144_MBB51,1983-03-31,94.1985557059228
ID144_MBB51,1983-06-30,87.80497078074386
ID144_MBB51,1983-09-30,93.87008802765929
ID144_MBB51,1983-12-31,95.91625032936365
ID144_MBB51,1984-03-31,102.73383326444502
ID144_MBB51,1984-06-30,94.51278122427411
ID144_MBB51,1984-09-30,98.9156458724954
ID144_MBB51,1984-12-31,110.31251753152893
ID144_MBB51,1985-03-31,105.95315044002328
ID144_MBB51,1985-06-30,93.1316531728529
ID144_MBB51,1985-09-30,99.79207551197902
ID144_MBB51,1985-12-31,108.31860771180247
ID144_MBB51,1986-03-31,105.62208348805403
ID144_MBB51,1986-06-30,87.69705191365097
ID144_MBB51,1986-09-30,82.33385670711115
ID144_MBB51,1986-12-31,101.73134209746237
ID144_MBB51,1987-03-31,106.46635152277372
ID144_MBB51,1987-06-30,84.22033269015448
ID144_MBB51,1987-09-30,88.42712477455666
ID144_MBB51,1987-12-31,104.82022515761207
ID144_MBB51,1988-03-31,113.00898886488547
ID144_MBB51,1988-06-30,102.48116198748339
ID144_MBB51,1988-09-30,113.86985912803316
ID145_MBB52,1975-12-31,209.54705736126763
ID145_MBB52,1976-03-31,210.46036222150153
ID145_MBB52,1976-06-30,210.67279495014105
ID145_MBB52,1976-09-30,213.42012096945086
ID145_MBB52,1976-12-31,217.00521203562954
ID145_MBB52,1977-03-31,218.51323778362516
ID145_MBB52,1977-06-30,219.93433531368768
ID145_MBB52,1977-09-30,219.46743325559805
ID145_MBB52,1977-12-31,224.07201176472896
ID145_MBB52,1978-03-31,223.45611297114064
ID145_MBB52,1978-06-30,225.03771127489952
ID145_MBB52,1978-09-30,227.37351156283492
ID145_MBB52,1978-12-31,227.17101572655852
ID145_MBB52,1979-03-31,233.94335433030727
ID145_MBB52,1979-06-30,235.5242677314577
ID145_MBB52,1979-09-30,237.80297454984878
ID145_MBB52,1979-12-31,239.55894495516026
ID145_MBB52,1980-03-31,244.0098409811554
ID145_MBB52,1980-06-30,246.5959848755323
ID145_MBB52,1980-09-30,249.10002032693257
ID145_MBB52,1980-12-31,252.6029599311643
ID145_MBB52,1981-03-31,254.44555334399678
ID145_MBB52,1981-06-30,257.7114436376233
ID145_MBB52,1981-09-30,257.61384842103877
ID145_MBB52,1981-12-31,260.2423752205132
ID145_MBB52,1982-03-31,259.8802219654288
ID145_MBB52,1982-06-30,260.9791572264125
ID145_MBB52,1982-09-30,262.12329549415733
ID145_MBB52,1982-12-31,264.9634932284351
ID145_MBB52,1983-03-31,268.27968005563787
ID145_MBB52,1983-06-30,271.6385611350486
ID145_MBB52,1983-09-30,270.91572504094916
ID145_MBB52,1983-12-31,275.791066173553
ID145_MBB52,1984-03-31,275.5892503242974
ID145_MBB52,1984-06-30,276.27344288481066
ID145_MBB52,1984-09-30,276.16130136337813
ID145_MBB52,1984-12-31,279.2299158261484
ID145_MBB52,1985-03-31,282.48210024204394
ID145_MBB52,1985-06-30,284.17455528770626
ID145_MBB52,1985-09-30,284.73594348465656
ID145_MBB52,1985-12-31,285.58075156132765
ID145_MBB52,1986-03-31,287.0032841673086
ID145_MBB52,1986-06-30,289.1480887826412
ID145_MBB52,1986-09-30,291.56461131753764
ID145_MBB52,1986-12-31,292.16054787226034
ID145_MBB52,1987-03-31,297.2480979289112
ID145_MBB52,1987-06-30,298.76548634172207
ID145_MBB52,1987-09-30,304.4138208945314
ID146_MBB53,1969-12-31,84.97048369506267
ID146_MBB53,1970-03-31,88.71383785446488
ID146_MBB53,1970-06-30,82.14771166606467
ID146_MBB53,1970-09-30,84.78834068854809
ID146_MBB53,1970-12-31,87.25322243140306
ID146_MBB53,1971-03-31,90.03868384750741
ID146_MBB53,1971-06-30,81.72483115969557
ID146_MBB53,1971-09-30,83.5267201832682
ID146_MBB53,1971-12-31,84.40918271598132
ID146_MBB53,1972-03-31,87.75407244187241
ID146_MBB53,1972-06-30,84.68175404355362
ID146_MBB53,1972-09-30,90.82787598832958
ID146_MBB53,1972-12-31,91.75265643260718
ID146_MBB53,1973-03-31,96.14907771836151
ID146_MBB53,1973-06-30,92.08647923649163
ID146_MBB53,1973-09-30,97.53267605009977
ID146_MBB53,1973-12-31,96.80100857274525
ID146_MBB53,1974-03-31,101.28093015143901
ID146_MBB53,1974-06-30,98.4301111325604
ID146_MBB53,1974-09-30,101.96769145521515
ID146_MBB53,1974-12-31,104.47449895371074
ID146_MBB53,1975-03-31,108.83151026969914
ID146_MBB53,1975-06-30,105.93279327049437
ID146_MBB53,1975-09-30,111.33909339526001
ID146_MBB53,1975-12-31,108.6253659244787
ID146_MBB53,1976-03-31,117.5230534201759
ID146_MBB53,1976-06-30,118.48971602595284
ID146_MBB53,1976-09-30,126.01254646655141
ID146_MBB53,1976-12-31,127.34959366775195
ID146_MBB53,1977-03-31,132.93037419728162
ID146_MBB53,1977-06-30,137.7127315739714
ID146_MBB53,1977-09-30,135.62706529681464
ID147_MBB54,1969-12-31,81.96537671883817
ID147_MBB54,1970-03-31,86.15058768437292
ID147_MBB54,1970-06-30,87.05044591367461
ID147_MBB54,1970-09-30,86.42213555758619
ID147_MBB54,1970-12-31,85.09147766677398
ID147_MBB54,1971-03-31,88.17479739980942
ID147_MBB54,1971-06-30,88.40098261756073
ID147_MBB54,1971-09-30,87.34013837702476
ID147_MBB54,1971-12-31,86.17384919085865
ID147_MBB54,1972-03-31,89.93030434698605
ID147_MBB54,1972-06-30,92.18673261790784
ID147_MBB54,1972-09-30,92.89396790890333
ID147_MBB54,1972-12-31,92.70000009962565
ID147_MBB54,1973-03-31,96.09999181921498
ID147_MBB54,1973-06-30,97.0000131858659
ID147_MBB54,1973-09-30,96.50001979448793
ID147_MBB54,1973-12-31,96.58888937650262
ID147_MBB54,1974-03-31,99.25502659870622
ID147_MBB54,1974-06-30,101.16822553177238
ID147_MBB54,1974-09-30,102.52980659424448
ID147_MBB54,1974-12-31,103.23988842794625
ID147_MBB54,1975-03-31,106.53825093609494
ID147_MBB54,1975-06-30,106.82571328254676
ID147_MBB54,1975-09-30,107.52133352978235
ID147_MBB54,1975-12-31,108.65045050298168
ID147_MBB54,1976-03-31,111.7750342223847
ID147_MBB54,1976-06-30,113.84050530989579
ID147_MBB54,1976-09-30,115.24921759772768
ID147_MBB54,1976-12-31,116.12049089790705
ID147_MBB54,1977-03-31,119.19476654938548
ID147_MBB54,1977-06-30,119.7859116592614
ID147_MBB54,1977-09-30,122.39014878825182
ID148_MBB55,1969-12-31,82.0489429225761
ID148_MBB55,1970-03-31,84.2771873004335
ID148_MBB55,1970-06-30,86.2711923603742
ID148_MBB55,1970-09-30,85.86278824456677
ID148_MBB55,1970-12-31,86.06175157617183
ID148_MBB55,1971-03-31,89.83557563040848
ID148_MBB55,1971-06-30,88.31004145292637
ID148_MBB55,1971-09-30,87.28465064365633
ID148_MBB55,1971-12-31,86.8627725038154
ID148_MBB55,1972-03-31,88.3341866669911
ID148_MBB55,1972-06-30,90.52551024483944
ID148_MBB55,1972-09-30,92.40084430591048
ID148_MBB55,1972-12-31,92.78601554768355
ID148_MBB55,1973-03-31,94.80552704625005
ID148_MBB55,1973-06-30,96.62936469474973
ID148_MBB55,1973-09-30,98.21532838234472
ID148_MBB55,1973-12-31,97.5854903451431
ID148_MBB55,1974-03-31,97.56435187198319
ID148_MBB55,1974-06-30,99.15384159810016
ID148_MBB55,1974-09-30,102.06529401478852
ID148_MBB55,1974-12-31,102.78990229903336
ID148_MBB55,1975-03-31,105.21896488766775
ID148_MBB55,1975-06-30,105.4903784523456
ID148_MBB55,1975-09-30,109.0648780063483
ID148_MBB55,1975-12-31,110.46662012039096
ID148_MBB55,1976-03-31,113.20136468293992
ID148_MBB55,1976-06-30,114.29530400791445
ID148_MBB55,1976-09-30,118.03928417203547
ID148_MBB55,1976-12-31,120.90368406221529
ID148_MBB55,1977-03-31,123.64357848166446
ID148_MBB55,1977-06-30,123.74113869931146
ID148_MBB55,1977-09-30,129.07660939629613
ID149_MBB56,1969-12-31,83.3001001948936
ID149_MBB56,1970-03-31,84.88158136492737
ID149_MBB56,1970-06-30,84.09078644602637
ID149_MBB56,1970-09-30,84.30392102040732
ID149_MBB56,1970-12-31,84.9653544655114
ID149_MBB56,1971-03-31,88.07788750891982
ID149_MBB56,1971-06-30,86.26909830366647
ID149_MBB56,1971-09-30,85.76188203156828
ID149_MBB56,1971-12-31,85.52648561960984
ID149_MBB56,1972-03-31,87.36772041062946
ID149_MBB56,1972-06-30,87.498445411933
ID149_MBB56,1972-09-30,90.97113792700274
ID149_MBB56,1972-12-31,93.33287517152584
ID149_MBB56,1973-03-31,95.6005859507094
ID149_MBB56,1973-06-30,96.38247388310744
ID149_MBB56,1973-09-30,97.54369197230362
ID149_MBB56,1973-12-31,99.23669687107167
ID149_MBB56,1974-03-31,99.67229455495277
ID149_MBB56,1974-06-30,99.02296561087927
ID149_MBB56,1974-09-30,101.37988440023852
ID149_MBB56,1974-12-31,104.8355013640878
ID149_MBB56,1975-03-31,106.45111327727928
ID149_MBB56,1975-06-30,106.59949409505803
ID149_MBB56,1975-09-30,110.47685188688462
ID149_MBB56,1975-12-31,112.70000254690822
ID149_MBB56,1976-03-31,116.1999772874271
ID149_MBB56,1976-06-30,118.19999667603129
ID149_MBB56,1976-09-30,126.30001837823873
ID149_MBB56,1976-12-31,130.86744965437595
ID149_MBB56,1977-03-31,135.39319951042512
ID149_MBB56,1977-06-30,137.9270444101951
ID149_MBB56,1977-09-30,146.87493310729218
ID15_MBB57,1978-06-30,17190.456363304394
ID15_MBB57,1978-09-30,16531.84772347896
ID15_MBB57,1978-12-31,14009.221263033165
ID15_MBB57,1979-03-31,14098.604860380814
ID15_MBB57,1979-06-30,13828.727882823205
ID15_MBB57,1979-09-30,15384.422931725012
ID15_MBB57,1979-12-31,13658.846523287983
ID15_MBB57,1980-03-31,15835.869336239348
ID15_MBB57,1980-06-30,20760.130136886935
ID15_MBB57,1980-09-30,20123.987382526353
ID15_MBB57,1980-12-31,15337.683194084284
ID15_MBB57,1981-03-31,17947.049939926823
ID15_MBB57,1981-06-30,17906.288179224644
ID15_MBB57,1981-09-30,22324.425449029815
ID15_MBB57,1981-12-31,21194.78356531566
ID15_MBB57,1982-03-31,20485.94179983174
ID15_MBB57,1982-06-30,21670.847914962513
ID15_MBB57,1982-09-30,22206.463775691376
ID15_MBB57,1982-12-31,18215.709333354484
ID15_MBB57,1983-03-31,21841.83304618277
ID15_MBB57,1983-06-30,25750.959592795018
ID15_MBB57,1983-09-30,30986.309102578005
ID15_MBB57,1983-12-31,25637.03108260601
ID15_MBB57,1984-03-31,24719.076622859513
ID15_MBB57,1984-06-30,29946.463477599384
ID15_MBB57,1984-09-30,39675.738360477095
ID15_MBB57,1984-12-31,31344.656082605252
ID15_MBB57,1985-03-31,19457.139936322397
ID15_MBB57,1985-06-30,20134.13291950573
ID15_MBB57,1985-09-30,24746.754429226738
ID150_MBB58,1969-12-31,83.15467310320003
ID150_MBB58,1970-03-31,84.93526448899743
ID150_MBB58,1970-06-30,85.81852253372165
ID150_MBB58,1970-09-30,87.13739941112941
ID150_MBB58,1970-12-31,85.95737411867565
ID150_MBB58,1971-03-31,88.01257749584477
ID150_MBB58,1971-06-30,89.88881696794269
ID150_MBB58,1971-09-30,88.81255586703685
ID150_MBB58,1971-12-31,88.10546424542001
ID150_MBB58,1972-03-31,89.49732274182578
ID150_MBB58,1972-06-30,91.2468722951619
ID150_MBB58,1972-09-30,91.0513031020739
ID150_MBB58,1972-12-31,92.5247116279343
ID150_MBB58,1973-03-31,96.02682045439374
ID150_MBB58,1973-06-30,95.91065016752789
ID150_MBB58,1973-09-30,98.39031164311717
ID150_MBB58,1973-12-31,97.30001103429122
ID150_MBB58,1974-03-31,99.49997610888967
ID150_MBB58,1974-06-30,100.50002181081535
ID150_MBB58,1974-09-30,102.89999006560744
ID150_MBB58,1974-12-31,102.09561657564838
ID150_MBB58,1975-03-31,104.85587169589232
ID150_MBB58,1975-06-30,105.46112678023565
ID150_MBB58,1975-09-30,108.80159665031152
ID150_MBB58,1975-12-31,109.33171806195044
ID150_MBB58,1976-03-31,110.30926162867783
ID150_MBB58,1976-06-30,112.48367482599707
ID150_MBB58,1976-09-30,114.7857060283104
ID150_MBB58,1976-12-31,115.91989778883942
ID150_MBB58,1977-03-31,117.10214662101394
ID150_MBB58,1977-06-30,117.13294675952801
ID150_MBB58,1977-09-30,120.44804057065451
ID151_MBB59,1969-12-31,84.93425173248997
ID151_MBB59,1970-03-31,88.49814440977018
ID151_MBB59,1970-06-30,83.12400209018983
ID151_MBB59,1970-09-30,84.85163254400723
ID151_MBB59,1970-12-31,88.51442827691638
ID151_MBB59,1971-03-31,89.46968977333735
ID151_MBB59,1971-06-30,82.83054412758771
ID151_MBB59,1971-09-30,83.88753482993046
ID151_MBB59,1971-12-31,84.0358486847953
ID151_MBB59,1972-03-31,90.70346762823685
ID151_MBB59,1972-06-30,88.95487141369237
ID151_MBB59,1972-09-30,92.08199956974998
ID151_MBB59,1972-12-31,90.76361381520083
ID151_MBB59,1973-03-31,95.89534766105137
ID151_MBB59,1973-06-30,98.20047367341338
ID151_MBB59,1973-09-30,94.9330020716984
ID151_MBB59,1973-12-31,96.79344411912177
ID151_MBB59,1974-03-31,101.43059246013362
ID151_MBB59,1974-06-30,99.90975523784387
ID151_MBB59,1974-09-30,102.17714352906111
ID151_MBB59,1974-12-31,104.80079368578733
ID151_MBB59,1975-03-31,108.53778013004815
ID151_MBB59,1975-06-30,107.20593328590468
ID151_MBB59,1975-09-30,109.54274677153626
ID151_MBB59,1975-12-31,117.675138294931
ID151_MBB59,1976-03-31,116.46032664513443
ID151_MBB59,1976-06-30,118.18553627624827
ID151_MBB59,1976-09-30,118.42896474787162
ID151_MBB59,1976-12-31,122.86920648041769
ID151_MBB59,1977-03-31,127.80954571640942
ID151_MBB59,1977-06-30,127.20838207076125
ID151_MBB59,1977-09-30,129.497017005512
ID152_MBB60,1969-12-31,2.4726331850516257
ID152_MBB60,1970-03-31,2.2453851453389553
ID152_MBB60,1970-06-30,1.6098071615793885
ID152_MBB60,1970-09-30,1.5653214631144317
ID152_MBB60,1970-12-31,1.8783049888678414
ID152_MBB60,1971-03-31,1.8692121655508092
ID152_MBB60,1971-06-30,1.3598368369884288
ID152_MBB60,1971-09-30,1.5376939783998589
ID152_MBB60,1971-12-31,1.9766837251027916
ID152_MBB60,1972-03-31,1.9914663184482366
ID152_MBB60,1972-06-30,1.3556949028282665
ID152_MBB60,1972-09-30,1.5376302064758045
ID152_MBB60,1972-12-31,2.005937933380143
ID152_MBB60,1973-03-31,2.058554107123553
ID152_MBB60,1973-06-30,1.5863554700754712
ID152_MBB60,1973-09-30,1.6622378771315662
ID152_MBB60,1973-12-31,1.9133731986184355
ID152_MBB60,1974-03-31,1.9806663055626181
ID152_MBB60,1974-06-30,1.7096181041652754
ID152_MBB60,1974-09-30,1.9407955316907328
ID152_MBB60,1974-12-31,2.266849324183235
ID152_MBB60,1975-03-31,2.217262520383086
ID152_MBB60,1975-06-30,2.0233884505152897
ID152_MBB60,1975-09-30,2.5858455833942036
ID152_MBB60,1975-12-31,2.5925474405180347
ID152_MBB60,1976-03-31,2.4269200054461972
ID152_MBB60,1976-06-30,2.1230006343323673
ID152_MBB60,1976-09-30,2.495347213527612
ID152_MBB60,1976-12-31,2.1413710583879584
ID152_MBB60,1977-03-31,2.421893708269643
ID152_MBB60,1977-06-30,2.298806188641
ID152_MBB60,1977-09-30,2.4902837950454817
ID153_MBB61,1969-12-31,2.648140710653811
ID153_MBB61,1970-03-31,3.512423535952907
ID153_MBB61,1970-06-30,3.2646434677281047
ID153_MBB61,1970-09-30,2.579579581972792
ID153_MBB61,1970-12-31,2.618407414463919
ID153_MBB61,1971-03-31,3.4212395092960994
ID153_MBB61,1971-06-30,3.157511897334354
ID153_MBB61,1971-09-30,2.748567348162824
ID153_MBB61,1971-12-31,2.863283723716426
ID153_MBB61,1972-03-31,3.6190925356656596
ID153_MBB61,1972-06-30,3.333392386625074
ID153_MBB61,1972-09-30,2.997605181325614
ID153_MBB61,1972-12-31,2.8912048809481425
ID153_MBB61,1973-03-31,3.8158233904500056
ID153_MBB61,1973-06-30,3.6678004725361113
ID153_MBB61,1973-09-30,3.5106175839403404
ID153_MBB61,1973-12-31,3.142061917103238
ID153_MBB61,1974-03-31,4.213891508935063
ID153_MBB61,1974-06-30,4.048024103175035
ID153_MBB61,1974-09-30,3.5986982584166887
ID153_MBB61,1974-12-31,3.6155648443620345
ID153_MBB61,1975-03-31,4.663302785040044
ID153_MBB61,1975-06-30,4.121803557140432
ID153_MBB61,1975-09-30,3.6089392258770348
ID153_MBB61,1975-12-31,3.5821884674901012
ID153_MBB61,1976-03-31,4.721980515819004
ID153_MBB61,1976-06-30,4.197537541532
ID153_MBB61,1976-09-30,3.9747422554050287
ID153_MBB61,1976-12-31,3.904909562954008
ID153_MBB61,1977-03-31,5.207726727303311
ID153_MBB61,1977-06-30,4.297152222365959
ID153_MBB61,1977-09-30,3.5482671641749253
ID154_MBB62,1975-12-31,58.92156189481838
ID154_MBB62,1976-03-31,62.85803332700276
ID154_MBB62,1976-06-30,60.84134101936774
ID154_MBB62,1976-09-30,63.449156514404734
ID154_MBB62,1976-12-31,61.026116839310966
ID154_MBB62,1977-03-31,65.85741147418007
ID154_MBB62,1977-06-30,63.8646564615058
ID154_MBB62,1977-09-30,68.42172344956532
ID154_MBB62,1977-12-31,66.26428786791182
ID154_MBB62,1978-03-31,70.31207824302862
ID154_MBB62,1978-06-30,66.21089052133193
ID154_MBB62,1978-09-30,72.63398632365931
ID154_MBB62,1978-12-31,70.25755225378248
ID154_MBB62,1979-03-31,75.30382286011908
ID154_MBB62,1979-06-30,71.91630166171193
ID154_MBB62,1979-09-30,79.10222232497239
ID154_MBB62,1979-12-31,76.62559603560855
ID154_MBB62,1980-03-31,78.45926938308214
ID154_MBB62,1980-06-30,75.33291516868327
ID154_MBB62,1980-09-30,83.3485621819321
ID154_MBB62,1980-12-31,80.14698844689053
ID154_MBB62,1981-03-31,82.93301347659033
ID154_MBB62,1981-06-30,75.86992806981999
ID154_MBB62,1981-09-30,84.91277462958917
ID154_MBB62,1981-12-31,82.45539750974552
ID154_MBB62,1982-03-31,85.5593363767523
ID154_MBB62,1982-06-30,76.20254964976878
ID154_MBB62,1982-09-30,86.04178112148277
ID154_MBB62,1982-12-31,83.39002588064815
ID154_MBB62,1983-03-31,85.2556569906698
ID154_MBB62,1983-06-30,78.32039515159636
ID154_MBB62,1983-09-30,88.05941575766866
ID154_MBB62,1983-12-31,86.00445588325475
ID154_MBB62,1984-03-31,90.82239226910872
ID154_MBB62,1984-06-30,83.07360171211361
ID154_MBB62,1984-09-30,94.77567402864878
ID154_MBB62,1984-12-31,94.53574430198425
ID154_MBB62,1985-03-31,98.91949922656529
ID154_MBB62,1985-06-30,89.8812271327469
ID154_MBB62,1985-09-30,101.85677944560433
ID154_MBB62,1985-12-31,100.44683398905487
ID154_MBB62,1986-03-31,103.23602266563276
ID154_MBB62,1986-06-30,92.81616832754507
ID154_MBB62,1986-09-30,105.31969621318868
ID154_MBB62,1986-12-31,102.50810242970852
ID154_MBB62,1987-03-31,105.68634451408505
ID154_MBB62,1987-06-30,93.29991191672981
ID154_MBB62,1987-09-30,109.00827525464646
ID154_MBB62,1987-12-31,109.33278701722453
ID154_MBB62,1988-03-31,111.27829241634232
ID154_MBB62,1988-06-30,100.29273931613578
ID154_MBB62,1988-09-30,117.6062710851421
ID155_MBB63,1975-12-31,54.840065372609985
ID155_MBB63,1976-03-31,59.16336428602976
ID155_MBB63,1976-06-30,56.70880562359463
ID155_MBB63,1976-09-30,62.97173186772836
ID155_MBB63,1976-12-31,56.93897336652204
ID155_MBB63,1977-03-31,62.14089516503206
ID155_MBB63,1977-06-30,58.99987084158054
ID155_MBB63,1977-09-30,64.47643800039349
ID155_MBB63,1977-12-31,59.04763928003599
ID155_MBB63,1978-03-31,63.57115456844926
ID155_MBB63,1978-06-30,60.560007865255415
ID155_MBB63,1978-09-30,66.598906456481
ID155_MBB63,1978-12-31,60.726860001115604
ID155_MBB63,1979-03-31,67.0253556905803
ID155_MBB63,1979-06-30,63.59825286359063
ID155_MBB63,1979-09-30,70.86816361723521
ID155_MBB63,1979-12-31,65.92557403642577
ID155_MBB63,1980-03-31,71.08678083816908
ID155_MBB63,1980-06-30,68.35498181006717
ID155_MBB63,1980-09-30,74.5643428249339
ID155_MBB63,1980-12-31,69.28874069757565
ID155_MBB63,1981-03-31,74.44126488976518
ID155_MBB63,1981-06-30,70.54743982719302
ID155_MBB63,1981-09-30,78.80473753224831
ID155_MBB63,1981-12-31,71.37867264898743
ID155_MBB63,1982-03-31,78.11897807558849
ID155_MBB63,1982-06-30,72.65656771224532
ID155_MBB63,1982-09-30,81.64672836607828
ID155_MBB63,1982-12-31,73.74801944490987
ID155_MBB63,1983-03-31,79.10597776227296
ID155_MBB63,1983-06-30,72.98121978922761
ID155_MBB63,1983-09-30,83.20652960046615
ID155_MBB63,1983-12-31,75.99999162676387
ID155_MBB63,1984-03-31,85.09998057216835
ID155_MBB63,1984-06-30,80.49998347902122
ID155_MBB63,1984-09-30,89.10001181220446
ID155_MBB63,1984-12-31,86.11957241594418
ID155_MBB63,1985-03-31,93.56090879862258
ID155_MBB63,1985-06-30,88.58342199055097
ID155_MBB63,1985-09-30,97.4810665482631
ID155_MBB63,1985-12-31,93.98795731552168
ID155_MBB63,1986-03-31,101.59572173460174
ID155_MBB63,1986-06-30,96.42112569714763
ID155_MBB63,1986-09-30,108.04487796023749
ID155_MBB63,1986-12-31,99.41264614000549
ID155_MBB63,1987-03-31,108.16606309968645
ID155_MBB63,1987-06-30,100.27424246321104
ID155_MBB63,1987-09-30,116.9609395411696
ID155_MBB63,1987-12-31,106.39249492413437
ID155_MBB63,1988-03-31,116.03505084565681
ID155_MBB63,1988-06-30,108.30871722605752
ID155_MBB63,1988-09-30,128.51103917876435
ID156_MBB64,1975-12-31,62.20104688564384
ID156_MBB64,1976-03-31,67.93236383037065
ID156_MBB64,1976-06-30,71.4720688987088
ID156_MBB64,1976-09-30,69.7666655515101
ID156_MBB64,1976-12-31,69.25272900740279
ID156_MBB64,1977-03-31,74.33412211616145
ID156_MBB64,1977-06-30,78.82843866347257
ID156_MBB64,1977-09-30,78.10802210479588
ID156_MBB64,1977-12-31,74.73603351160509
ID156_MBB64,1978-03-31,80.8341467062231
ID156_MBB64,1978-06-30,82.02795034102901
ID156_MBB64,1978-09-30,79.825413674456
ID156_MBB64,1978-12-31,75.74822451928216
ID156_MBB64,1979-03-31,80.3252089310182
ID156_MBB64,1979-06-30,84.23556634410397
ID156_MBB64,1979-09-30,84.2139248405012
ID156_MBB64,1979-12-31,78.8745070060175
ID156_MBB64,1980-03-31,84.2488074192501
ID156_MBB64,1980-06-30,86.24458097530655
ID156_MBB64,1980-09-30,87.36782239746955
ID156_MBB64,1980-12-31,83.65033265717781
ID156_MBB64,1981-03-31,88.57162582467441
ID156_MBB64,1981-06-30,90.68124118863796
ID156_MBB64,1981-09-30,93.0897127879149
ID156_MBB64,1981-12-31,89.16536098192901
ID156_MBB64,1982-03-31,96.45643658465693
ID156_MBB64,1982-06-30,97.86248876914541
ID156_MBB64,1982-09-30,97.4323501898587
ID156_MBB64,1982-12-31,93.67926892445773
ID156_MBB64,1983-03-31,99.47508329972524
ID156_MBB64,1983-06-30,101.00556572512889
ID156_MBB64,1983-09-30,103.28721139500679
ID156_MBB64,1983-12-31,94.5654352585892
ID156_MBB64,1984-03-31,101.64177492526619
ID156_MBB64,1984-06-30,105.5241940720498
ID156_MBB64,1984-09-30,106.90462210217386
ID156_MBB64,1984-12-31,95.24681288136951
ID156_MBB64,1985-03-31,104.37335449493825
ID156_MBB64,1985-06-30,108.59947401767461
ID156_MBB64,1985-09-30,111.57905378924028
ID157_MBB65,1975-12-31,236.93215590848249
ID157_MBB65,1976-03-31,248.26694486035998
ID157_MBB65,1976-06-30,266.9281067175229
ID157_MBB65,1976-09-30,289.9145665391865
ID157_MBB65,1976-12-31,286.24834030252117
ID157_MBB65,1977-03-31,294.3900454913954
ID157_MBB65,1977-06-30,296.8528492646193
ID157_MBB65,1977-09-30,295.3202197050372
ID157_MBB65,1977-12-31,308.6823481947225
ID157_MBB65,1978-03-31,314.25747414335615
ID157_MBB65,1978-06-30,324.7264845042948
ID157_MBB65,1978-09-30,322.8036474163224
ID157_MBB65,1978-12-31,359.10514698452187
ID157_MBB65,1979-03-31,370.1199923170555
ID157_MBB65,1979-06-30,374.33779886132845
ID157_MBB65,1979-09-30,374.213454327444
ID157_MBB65,1979-12-31,424.00001929522756
ID157_MBB65,1980-03-31,439.00004362050123
ID157_MBB65,1980-06-30,444.0000685395745
ID157_MBB65,1980-09-30,467.0000928969031
ID157_MBB65,1980-12-31,468.1618079523707
ID157_MBB65,1981-03-31,463.03198686457205
ID157_MBB65,1981-06-30,455.39269531135983
ID157_MBB65,1981-09-30,468.828316272109
ID157_MBB65,1981-12-31,434.5413853848127
ID157_MBB65,1982-03-31,445.9834065228131
ID157_MBB65,1982-06-30,411.70643890596057
ID157_MBB65,1982-09-30,463.72854049140767
ID157_MBB65,1982-12-31,453.00004869445524
ID157_MBB65,1983-03-31,466.0000678339436
ID157_MBB65,1983-06-30,460.999959803881
ID157_MBB65,1983-09-30,466.0000678339436
ID157_MBB65,1983-12-31,433.5869174857235
ID157_MBB65,1984-03-31,441.36300726782684
ID157_MBB65,1984-06-30,425.57610693585923
ID157_MBB65,1984-09-30,398.97102249422466
ID157_MBB65,1984-12-31,392.96678461875035
ID157_MBB65,1985-03-31,386.25539942017815
ID157_MBB65,1985-06-30,389.74588530946613
ID157_MBB65,1985-09-30,385.34214217808045
ID157_MBB65,1985-12-31,403.2051862031498
ID157_MBB65,1986-03-31,407.06045090928376
ID157_MBB65,1986-06-30,460.20549230592906
ID157_MBB65,1986-09-30,485.04502175371795
ID157_MBB65,1986-12-31,510.8192055480646
ID157_MBB65,1987-03-31,533.4629293524829
ID157_MBB65,1987-06-30,539.1965359206328
ID157_MBB65,1987-09-30,591.9345306780367
ID158_MBB66,1975-12-31,50.55826777051334
ID158_MBB66,1976-03-31,52.95315151842309
ID158_MBB66,1976-06-30,52.35191764741069
ID158_MBB66,1976-09-30,56.75809395147959
ID158_MBB66,1976-12-31,58.154164880411
ID158_MBB66,1977-03-31,59.29609066872143
ID158_MBB66,1977-06-30,61.61700312307594
ID158_MBB66,1977-09-30,64.01059475313517
ID158_MBB66,1977-12-31,64.71547093963812
ID158_MBB66,1978-03-31,65.85394440519522
ID158_MBB66,1978-06-30,67.80661417262515
ID158_MBB66,1978-09-30,65.53348085511638
ID158_MBB66,1978-12-31,71.83836610652583
ID158_MBB66,1979-03-31,73.34307598755426
ID158_MBB66,1979-06-30,74.35086968642955
ID158_MBB66,1979-09-30,73.56331573716065
ID158_MBB66,1979-12-31,78.64148479166901
ID158_MBB66,1980-03-31,80.85986750593838
ID158_MBB66,1980-06-30,85.36383534131876
ID158_MBB66,1980-09-30,86.23248798813162
ID158_MBB66,1980-12-31,88.94730872861945
ID158_MBB66,1981-03-31,87.32468352291635
ID158_MBB66,1981-06-30,87.81616513647434
ID158_MBB66,1981-09-30,86.7181760537293
ID158_MBB66,1981-12-31,85.58926489857956
ID158_MBB66,1982-03-31,85.67296190770196
ID158_MBB66,1982-06-30,88.83750930329222
ID158_MBB66,1982-09-30,88.19839338067825
ID158_MBB66,1982-12-31,86.4728825207142
ID158_MBB66,1983-03-31,88.66012623490724
ID158_MBB66,1983-06-30,86.45899308041012
ID158_MBB66,1983-09-30,87.29441808596893
ID158_MBB66,1983-12-31,87.08550145491836
ID158_MBB66,1984-03-31,85.38772490161574
ID158_MBB66,1984-06-30,84.23040060687401
ID158_MBB66,1984-09-30,81.39403919869979
ID158_MBB66,1984-12-31,79.15418812715242
ID158_MBB66,1985-03-31,79.80375648542574
ID158_MBB66,1985-06-30,77.09637973827871
ID158_MBB66,1985-09-30,77.81887370822875
ID158_MBB66,1985-12-31,79.71843808535512
ID158_MBB66,1986-03-31,83.09575117589678
ID158_MBB66,1986-06-30,87.8265602227868
ID158_MBB66,1986-09-30,90.285023107105
ID158_MBB66,1986-12-31,91.02219647005504
ID158_MBB66,1987-03-31,94.89911475067049
ID158_MBB66,1987-06-30,98.77550128589205
ID158_MBB66,1987-09-30,105.13768029461046
ID159_MBB67,1975-12-31,509.16769861032293
ID159_MBB67,1976-03-31,515.2059304551702
ID159_MBB67,1976-06-30,522.9416532106773
ID159_MBB67,1976-09-30,533.2284510779932
ID159_MBB67,1976-12-31,544.2440317384254
ID159_MBB67,1977-03-31,553.1958660152288
ID159_MBB67,1977-06-30,561.2688321463546
ID159_MBB67,1977-09-30,569.2036095659076
ID159_MBB67,1977-12-31,580.1238110519456
ID159_MBB67,1978-03-31,588.0588284592815
ID159_MBB67,1978-06-30,594.2822019477672
ID159_MBB67,1978-09-30,606.2565694035155
ID159_MBB67,1978-12-31,619.236581305238
ID159_MBB67,1979-03-31,628.3588499153338
ID159_MBB67,1979-06-30,635.2828817989574
ID159_MBB67,1979-09-30,646.2081604397464
ID159_MBB67,1979-12-31,658.7067570950477
ID159_MBB67,1980-03-31,672.1958032640626
ID159_MBB67,1980-06-30,682.0662444264293
ID159_MBB67,1980-09-30,697.7949327867765
ID159_MBB67,1980-12-31,716.471464196279
ID159_MBB67,1981-03-31,732.4724865652324
ID159_MBB67,1981-06-30,743.7897597911555
ID159_MBB67,1981-09-30,756.9772658204347
ID159_MBB67,1981-12-31,765.656498776945
ID159_MBB67,1982-03-31,785.0301820675456
ID159_MBB67,1982-06-30,799.9649418369171
ID159_MBB67,1982-09-30,811.4229749211288
ID159_MBB67,1982-12-31,830.4765655748155
ID159_MBB67,1983-03-31,842.7772293424839
ID159_MBB67,1983-06-30,869.3076402883397
ID159_MBB67,1983-09-30,884.598159883198
ID159_MBB67,1983-12-31,907.448977189651
ID159_MBB67,1984-03-31,918.3945002640556
ID159_MBB67,1984-06-30,930.0143236646992
ID159_MBB67,1984-09-30,939.93305937267
ID159_MBB67,1984-12-31,962.4352754146116
ID159_MBB67,1985-03-31,973.4168431499511
ID159_MBB67,1985-06-30,988.8982365030623
ID159_MBB67,1985-09-30,1005.9114020982154
ID159_MBB67,1985-12-31,1026.7029053949877
ID159_MBB67,1986-03-31,1049.7830758548773
ID159_MBB67,1986-06-30,1071.1212291072889
ID159_MBB67,1986-09-30,1091.1401372493133
ID159_MBB67,1986-12-31,1122.47053401207
ID159_MBB67,1987-03-31,1145.122371262637
ID159_MBB67,1987-06-30,1173.0595166282615
ID159_MBB67,1987-09-30,1204.078154022315
ID16_MBB68,1978-06-30,399367.7401495729
ID16_MBB68,1978-09-30,385113.38171481964
ID16_MBB68,1978-12-31,429443.36830715864
ID16_MBB68,1979-03-31,413011.0125778358
ID16_MBB68,1979-06-30,462012.9880649329
ID16_MBB68,1979-09-30,446218.54441202653
ID16_MBB68,1979-12-31,474713.86020226165
ID16_MBB68,1980-03-31,431508.7014136218
ID16_MBB68,1980-06-30,468319.4512127569
ID16_MBB68,1980-09-30,467690.7758070852
ID16_MBB68,1980-12-31,499994.4324462363
ID16_MBB68,1981-03-31,479699.370027917
ID16_MBB68,1981-06-30,493339.5541065471
ID16_MBB68,1981-09-30,473260.73780103266
ID16_MBB68,1981-12-31,477495.39296486037
ID16_MBB68,1982-03-31,458719.567290371
ID16_MBB68,1982-06-30,486333.2246487251
ID16_MBB68,1982-09-30,481999.7421861377
ID16_MBB68,1982-12-31,523735.11115335283
ID16_MBB68,1983-03-31,516164.7524036046
ID16_MBB68,1983-06-30,518303.4681672578
ID16_MBB68,1983-09-30,527868.183846443
ID16_MBB68,1983-12-31,597036.3761823877
ID16_MBB68,1984-03-31,591282.9223759735
ID16_MBB68,1984-06-30,573646.756809238
ID16_MBB68,1984-09-30,515718.88240938383
ID16_MBB68,1984-12-31,591657.7807067925
ID16_MBB68,1985-03-31,562105.4407568916
ID16_MBB68,1985-06-30,457452.71312102536
ID16_MBB68,1985-09-30,405057.585703114
ID160_MBB69,1975-12-31,46.97585581504532
ID160_MBB69,1976-03-31,49.95147077745597
ID160_MBB69,1976-06-30,50.19840655563708
ID160_MBB69,1976-09-30,52.287419094317144
ID160_MBB69,1976-12-31,53.685557105082346
ID160_MBB69,1977-03-31,55.90989744221527
ID160_MBB69,1977-06-30,55.79563594458074
ID160_MBB69,1977-09-30,57.21540696490344
ID160_MBB69,1977-12-31,59.000566948347895
ID160_MBB69,1978-03-31,60.19953187285204
ID160_MBB69,1978-06-30,61.24027610080563
ID160_MBB69,1978-09-30,62.22378068225205
ID160_MBB69,1978-12-31,64.22786686043095
ID160_MBB69,1979-03-31,65.14154219556579
ID160_MBB69,1979-06-30,66.82727661739385
ID160_MBB69,1979-09-30,67.46368815380809
ID160_MBB69,1979-12-31,71.16846733435908
ID160_MBB69,1980-03-31,71.80083818804619
ID160_MBB69,1980-06-30,74.19047665200085
ID160_MBB69,1980-09-30,76.37578106284265
ID160_MBB69,1980-12-31,78.83366482600034
ID160_MBB69,1981-03-31,77.59819412622828
ID160_MBB69,1981-06-30,79.79987293446268
ID160_MBB69,1981-09-30,79.44018087604287
ID160_MBB69,1981-12-31,79.59279278373589
ID160_MBB69,1982-03-31,80.7575708978377
ID160_MBB69,1982-06-30,80.91771303579789
ID160_MBB69,1982-09-30,81.41386582366307
ID160_MBB69,1982-12-31,85.19120813145837
ID160_MBB69,1983-03-31,86.63773527508192
ID160_MBB69,1983-06-30,89.72105923534518
ID160_MBB69,1983-09-30,89.27334489879247
ID160_MBB69,1983-12-31,90.89789521386695
ID160_MBB69,1984-03-31,94.30885459255568
ID160_MBB69,1984-06-30,90.770119465397
ID160_MBB69,1984-09-30,89.83039816797077
ID160_MBB69,1984-12-31,93.50213227600422
ID160_MBB69,1985-03-31,88.80299426333227
ID160_MBB69,1985-06-30,90.90053261135134
ID160_MBB69,1985-09-30,90.96005611876424
ID160_MBB69,1985-12-31,93.0919935331037
ID160_MBB69,1986-03-31,95.68856159840986
ID160_MBB69,1986-06-30,101.38654436935956
ID160_MBB69,1986-09-30,100.60701782626056
ID160_MBB69,1986-12-31,107.48303164527918
ID160_MBB69,1987-03-31,109.71054363551714
ID160_MBB69,1987-06-30,113.84288193794471
ID160_MBB69,1987-09-30,118.6398139508236
ID161_MBB70,1975-12-31,70.4618152000413
ID161_MBB70,1976-03-31,72.28252127626513
ID161_MBB70,1976-06-30,74.26032539943354
ID161_MBB70,1976-09-30,75.16135609290632
ID161_MBB70,1976-12-31,77.0977002921751
ID161_MBB70,1977-03-31,79.0856563452596
ID161_MBB70,1977-06-30,78.2852592232818
ID161_MBB70,1977-09-30,78.84591362158561
ID161_MBB70,1977-12-31,81.03830276348785
ID161_MBB70,1978-03-31,82.73457372231465
ID161_MBB70,1978-06-30,85.5336313468289
ID161_MBB70,1978-09-30,88.18778341759717
ID161_MBB70,1978-12-31,87.97598146066505
ID161_MBB70,1979-03-31,89.96285027342185
ID161_MBB70,1979-06-30,90.64086168843441
ID161_MBB70,1979-09-30,94.53293210236275
ID161_MBB70,1979-12-31,99.17439164905169
ID161_MBB70,1980-03-31,101.96841856021393
ID161_MBB70,1980-06-30,105.39310432813967
ID161_MBB70,1980-09-30,106.46099863515181
ID161_MBB70,1980-12-31,107.9585217313663
ID161_MBB70,1981-03-31,110.22266968459276
ID161_MBB70,1981-06-30,109.4056039271197
ID161_MBB70,1981-09-30,110.13191371865317
ID161_MBB70,1981-12-31,108.78382880413284
ID161_MBB70,1982-03-31,107.4023844154339
ID161_MBB70,1982-06-30,111.19351742709223
ID161_MBB70,1982-09-30,114.51580234437235
ID161_MBB70,1982-12-31,118.15273671708619
ID161_MBB70,1983-03-31,119.72285699269757
ID161_MBB70,1983-06-30,124.1803355924059
ID161_MBB70,1983-09-30,129.56402622092918
ID161_MBB70,1983-12-31,133.35803254025032
ID161_MBB70,1984-03-31,136.33404599964453
ID161_MBB70,1984-06-30,138.45404894828235
ID161_MBB70,1984-09-30,138.3484646959142
ID161_MBB70,1984-12-31,136.42574755364473
ID161_MBB70,1985-03-31,135.05161487411615
ID161_MBB70,1985-06-30,138.27215513507568
ID161_MBB70,1985-09-30,140.9997267226654
ID161_MBB70,1985-12-31,148.1916707109978
ID161_MBB70,1986-03-31,153.1851641501594
ID161_MBB70,1986-06-30,157.94641206716355
ID161_MBB70,1986-09-30,164.48290606534778
ID161_MBB70,1986-12-31,169.56049368025674
ID161_MBB70,1987-03-31,170.41918435019429
ID161_MBB70,1987-06-30,178.16678447736268
ID161_MBB70,1987-09-30,187.15499848657583
ID162_MBB71,1969-12-31,77.59235186033939
ID162_MBB71,1970-03-31,77.90985680610802
ID162_MBB71,1970-06-30,64.75101019060476
ID162_MBB71,1970-09-30,84.01003084384595
ID162_MBB71,1970-12-31,83.37484829288876
ID162_MBB71,1971-03-31,85.02059795397591
ID162_MBB71,1971-06-30,69.93502713793676
ID162_MBB71,1971-09-30,92.09937639882234
ID162_MBB71,1971-12-31,90.96165739258463
ID162_MBB71,1972-03-31,92.36933570364283
ID162_MBB71,1972-06-30,75.47591318572718
ID162_MBB71,1972-09-30,97.66289362234792
ID162_MBB71,1972-12-31,96.7785597888708
ID162_MBB71,1973-03-31,99.38415400660793
ID162_MBB71,1973-06-30,80.36073531993435
ID162_MBB71,1973-09-30,104.38869476868662
ID162_MBB71,1973-12-31,102.65919642386389
ID162_MBB71,1974-03-31,105.34903442481799
ID162_MBB71,1974-06-30,86.82444017219112
ID162_MBB71,1974-09-30,111.59723124587042
ID162_MBB71,1974-12-31,111.68824648106703
ID162_MBB71,1975-03-31,116.87815632077486
ID162_MBB71,1975-06-30,92.87122610187647
ID162_MBB71,1975-09-30,121.51170166530541
ID162_MBB71,1975-12-31,122.47478143038
ID162_MBB71,1976-03-31,124.67262263709375
ID162_MBB71,1976-06-30,98.16502022537784
ID162_MBB71,1976-09-30,129.3709567587189
ID162_MBB71,1976-12-31,127.85151292114162
ID162_MBB71,1977-03-31,129.99750382941005
ID162_MBB71,1977-06-30,101.23986361961366
ID162_MBB71,1977-09-30,134.81205591622466
ID163_MBB72,1969-12-31,78.1768412104758
ID163_MBB72,1970-03-31,72.47893898846786
ID163_MBB72,1970-06-30,58.51530398664932
ID163_MBB72,1970-09-30,81.90192508596719
ID163_MBB72,1970-12-31,82.99998752997509
ID163_MBB72,1971-03-31,80.9999967609524
ID163_MBB72,1971-06-30,63.00000073138726
ID163_MBB72,1971-09-30,88.0000110316149
ID163_MBB72,1971-12-31,91.00433040136123
ID163_MBB72,1972-03-31,89.61112964379768
ID163_MBB72,1972-06-30,71.94963609781888
ID163_MBB72,1972-09-30,100.68494522301067
ID163_MBB72,1972-12-31,98.19082526398905
ID163_MBB72,1973-03-31,100.17375368706396
ID163_MBB72,1973-06-30,78.50437298796346
ID163_MBB72,1973-09-30,105.79516560502026
ID163_MBB72,1973-12-31,106.62392403175649
ID163_MBB72,1974-03-31,104.3909357967438
ID163_MBB72,1974-06-30,84.17502367617479
ID163_MBB72,1974-09-30,112.43938043365235
ID163_MBB72,1974-12-31,111.92188203179249
ID163_MBB72,1975-03-31,112.88782825688158
ID163_MBB72,1975-06-30,91.80113530834579
ID163_MBB72,1975-09-30,121.99230972232608
ID163_MBB72,1975-12-31,126.18699472742495
ID163_MBB72,1976-03-31,130.30902229760576
ID163_MBB72,1976-06-30,97.27688474350454
ID163_MBB72,1976-09-30,134.20407583122494
ID163_MBB72,1976-12-31,136.5814556358451
ID163_MBB72,1977-03-31,139.28239634662057
ID163_MBB72,1977-06-30,102.90513949702837
ID163_MBB72,1977-09-30,140.26248707394709
ID164_MBB73,1976-12-31,18.39164807109917
ID164_MBB73,1977-03-31,21.432676414437964
ID164_MBB73,1977-06-30,24.720810567188582
ID164_MBB73,1977-09-30,26.244801726845928
ID164_MBB73,1977-12-31,26.421348216762816
ID164_MBB73,1978-03-31,27.498061219852982
ID164_MBB73,1978-06-30,28.544644910871252
ID164_MBB73,1978-09-30,28.771530137475057
ID164_MBB73,1978-12-31,28.94856019380751
ID164_MBB73,1979-03-31,26.267939946084166
ID164_MBB73,1979-06-30,22.89884880491693
ID164_MBB73,1979-09-30,21.803895419952827
ID164_MBB73,1979-12-31,21.714796421117065
ID164_MBB73,1980-03-31,25.212711959901128
ID164_MBB73,1980-06-30,28.815453161148742
ID164_MBB73,1980-09-30,39.13905017794228
ID164_MBB73,1980-12-31,44.59451869664111
ID164_MBB73,1981-03-31,56.156743146228145
ID164_MBB73,1981-06-30,65.05996395408614
ID164_MBB73,1981-09-30,77.91403315964214
ID164_MBB73,1981-12-31,81.33093012651442
ID164_MBB73,1982-03-31,79.47048908220339
ID164_MBB73,1982-06-30,73.48268924134217
ID164_MBB73,1982-09-30,79.72060183847381
ID164_MBB73,1982-12-31,75.78315075894533
ID164_MBB73,1983-03-31,80.5235076918998
ID164_MBB73,1983-06-30,85.41384781095294
ID164_MBB73,1983-09-30,104.46282317321185
ID164_MBB73,1983-12-31,108.35638128685983
ID164_MBB73,1984-03-31,103.28497774704066
ID164_MBB73,1984-06-30,106.23661806326051
ID164_MBB73,1984-09-30,129.73061132217438
ID164_MBB73,1984-12-31,178.7512476923896
ID164_MBB73,1985-03-31,179.27755014648747
ID164_MBB73,1985-06-30,174.20291928777885
ID164_MBB73,1985-09-30,202.04765147309416
ID165_MBB74,1974-12-31,57.60067921158164
ID165_MBB74,1975-03-31,67.82945767228814
ID165_MBB74,1975-06-30,72.95973051255939
ID165_MBB74,1975-09-30,72.92496031400044
ID165_MBB74,1975-12-31,64.54512148653048
ID165_MBB74,1976-03-31,64.86068574845578
ID165_MBB74,1976-06-30,66.16459456948135
ID165_MBB74,1976-09-30,59.53159757816229
ID165_MBB74,1976-12-31,57.19806789505127
ID165_MBB74,1977-03-31,65.01023835125045
ID165_MBB74,1977-06-30,70.585882240173
ID165_MBB74,1977-09-30,70.38118080828895
ID165_MBB74,1977-12-31,82.49221194561338
ID165_MBB74,1978-03-31,87.20894352131857
ID165_MBB74,1978-06-30,82.66399572997518
ID165_MBB74,1978-09-30,74.38299403564051
ID165_MBB74,1978-12-31,86.00283171741106
ID165_MBB74,1979-03-31,87.16642399686323
ID165_MBB74,1979-06-30,92.46973488744125
ID165_MBB74,1979-09-30,95.09555445595537
ID165_MBB74,1979-12-31,103.17215727400682
ID165_MBB74,1980-03-31,113.61606217945022
ID165_MBB74,1980-06-30,129.1007550342805
ID165_MBB74,1980-09-30,140.96563378893984
ID165_MBB74,1980-12-31,137.32545412209942
ID165_MBB74,1981-03-31,139.65713127595598
ID165_MBB74,1981-06-30,140.1761051540195
ID165_MBB74,1981-09-30,136.48793271236585
ID165_MBB74,1981-12-31,107.27033124221406
ID165_MBB74,1982-03-31,116.5211239400374
ID165_MBB74,1982-06-30,115.2969088525271
ID165_MBB74,1982-09-30,118.9481051520777
ID165_MBB74,1982-12-31,129.21031416320204
ID165_MBB74,1983-03-31,141.10180873289434
ID165_MBB74,1983-06-30,155.1890320935901
ID165_MBB74,1983-09-30,158.44375356673274
ID165_MBB74,1983-12-31,160.87805362311576
ID165_MBB74,1984-03-31,164.70130331534835
ID165_MBB74,1984-06-30,177.3937474118323
ID166_MBB75,1976-12-31,6.305763424289031
ID166_MBB75,1977-03-31,8.097094683600092
ID166_MBB75,1977-06-30,7.322941742195297
ID166_MBB75,1977-09-30,6.440782375849852
ID166_MBB75,1977-12-31,5.583832498400525
ID166_MBB75,1978-03-31,6.6649343947132005
ID166_MBB75,1978-06-30,6.043365425666755
ID166_MBB75,1978-09-30,6.774853112088612
ID166_MBB75,1978-12-31,6.447520671565605
ID166_MBB75,1979-03-31,6.363337816803813
ID166_MBB75,1979-06-30,7.104117911828107
ID166_MBB75,1979-09-30,6.848494756659279
ID166_MBB75,1979-12-31,5.639134141297695
ID166_MBB75,1980-03-31,7.383364665516478
ID166_MBB75,1980-06-30,6.84572507501371
ID166_MBB75,1980-09-30,7.321073990406736
ID166_MBB75,1980-12-31,6.703627983822132
ID166_MBB75,1981-03-31,7.341362899088502
ID166_MBB75,1981-06-30,6.794995078510874
ID166_MBB75,1981-09-30,8.54931623592767
ID166_MBB75,1981-12-31,9.691768611567381
ID166_MBB75,1982-03-31,11.325043626245163
ID166_MBB75,1982-06-30,12.158561676753063
ID166_MBB75,1982-09-30,13.107598488795746
ID166_MBB75,1982-12-31,15.854273212749113
ID166_MBB75,1983-03-31,15.933832584601213
ID166_MBB75,1983-06-30,17.628158144230472
ID166_MBB75,1983-09-30,21.024953405306178
ID166_MBB75,1983-12-31,25.3105765679519
ID166_MBB75,1984-03-31,24.946185891819063
ID166_MBB75,1984-06-30,33.78387840616738
ID166_MBB75,1984-09-30,35.13723327584302
ID166_MBB75,1984-12-31,41.30968080049219
ID166_MBB75,1985-03-31,42.60538013370797
ID166_MBB75,1985-06-30,47.606648482235066
ID166_MBB75,1985-09-30,50.69502520312934
ID166_MBB75,1985-12-31,59.01472923479418
ID166_MBB75,1986-03-31,60.58867535638459
ID166_MBB75,1986-06-30,70.85157612902792
ID166_MBB75,1986-09-30,75.55758827352672
ID167_MBB76,1976-12-31,48.797102347357075
ID167_MBB76,1977-03-31,49.15276426112833
ID167_MBB76,1977-06-30,49.100504931648764
ID167_MBB76,1977-09-30,51.7102877917925
ID167_MBB76,1977-12-31,56.13251052567755
ID167_MBB76,1978-03-31,55.830554453245014
ID167_MBB76,1978-06-30,55.22409836274876
ID167_MBB76,1978-09-30,57.200570778527606
ID167_MBB76,1978-12-31,58.27778981941435
ID167_MBB76,1979-03-31,59.757567029896244
ID167_MBB76,1979-06-30,58.394760311919086
ID167_MBB76,1979-09-30,62.544740835697226
ID167_MBB76,1979-12-31,69.26016739634096
ID167_MBB76,1980-03-31,73.67368966731256
ID167_MBB76,1980-06-30,78.76883126799571
ID167_MBB76,1980-09-30,85.15036306974318
ID167_MBB76,1980-12-31,90.18725511947564
ID167_MBB76,1981-03-31,97.70058108568142
ID167_MBB76,1981-06-30,103.39099661156516
ID167_MBB76,1981-09-30,102.23310495372908
ID167_MBB76,1981-12-31,101.06076165398011
ID167_MBB76,1982-03-31,103.62668793782629
ID167_MBB76,1982-06-30,101.04387418496626
ID167_MBB76,1982-09-30,100.83663520358598
ID167_MBB76,1982-12-31,107.15625531230033
ID167_MBB76,1983-03-31,118.1280366803836
ID167_MBB76,1983-06-30,125.97425912633373
ID167_MBB76,1983-09-30,130.80502977958713
ID167_MBB76,1983-12-31,141.5883392630466
ID167_MBB76,1984-03-31,150.23046073697708
ID167_MBB76,1984-06-30,164.48157369475055
ID167_MBB76,1984-09-30,175.8313546820912
ID167_MBB76,1984-12-31,181.26327888776717
ID167_MBB76,1985-03-31,191.65360501321916
ID167_MBB76,1985-06-30,204.02125503325954
ID167_MBB76,1985-09-30,208.31262990820142
ID167_MBB76,1985-12-31,206.38474839026637
ID167_MBB76,1986-03-31,214.68282799702885
ID167_MBB76,1986-06-30,230.0797276724384
ID167_MBB76,1986-09-30,235.9399434699963
ID168_MBB77,1976-12-31,5.13708421372687
ID168_MBB77,1977-03-31,5.151437319174365
ID168_MBB77,1977-06-30,5.170921428454947
ID168_MBB77,1977-09-30,5.196744060459707
ID168_MBB77,1977-12-31,5.217991624537627
ID168_MBB77,1978-03-31,5.207849549852593
ID168_MBB77,1978-06-30,5.218888992200925
ID168_MBB77,1978-09-30,5.251772503809389
ID168_MBB77,1978-12-31,5.26591582201464
ID168_MBB77,1979-03-31,5.2936649252062615
ID168_MBB77,1979-06-30,5.339727056176551
ID168_MBB77,1979-09-30,5.3646584994791375
ID168_MBB77,1979-12-31,5.402196747082851
ID168_MBB77,1980-03-31,5.423358799812462
ID168_MBB77,1980-06-30,5.4502883719752
ID168_MBB77,1980-09-30,5.48412043200051
ID168_MBB77,1980-12-31,5.537151401597886
ID168_MBB77,1981-03-31,5.551784044601001
ID168_MBB77,1981-06-30,5.565589497642365
ID168_MBB77,1981-09-30,5.572724994992956
ID168_MBB77,1981-12-31,5.580072276745574
ID168_MBB77,1982-03-31,5.563183943128036
ID168_MBB77,1982-06-30,5.560813749910669
ID168_MBB77,1982-09-30,5.547614064176305
ID168_MBB77,1982-12-31,5.550673271770058
ID168_MBB77,1983-03-31,5.563880522602376
ID168_MBB77,1983-06-30,5.586944731997924
ID168_MBB77,1983-09-30,5.595051796398741
ID168_MBB77,1983-12-31,5.58049012605635
ID168_MBB77,1984-03-31,5.546582520754687
ID168_MBB77,1984-06-30,5.530987348770829
ID168_MBB77,1984-09-30,5.512219237111797
ID168_MBB77,1984-12-31,5.509830406621044
ID168_MBB77,1985-03-31,5.489597558255309
ID168_MBB77,1985-06-30,5.461703329168592
ID168_MBB77,1985-09-30,5.479023961925228
ID168_MBB77,1985-12-31,5.4976393715741505
ID168_MBB77,1986-03-31,5.552332848535008
ID168_MBB77,1986-06-30,5.5760257328293275
ID168_MBB77,1986-09-30,5.624809828632012
ID168_MBB77,1986-12-31,5.68126928395704
ID168_MBB77,1987-03-31,5.700490025629536
ID168_MBB77,1987-06-30,5.716182874064686
ID168_MBB77,1987-09-30,5.7108490948542805
ID168_MBB77,1987-12-31,5.737599204540349
ID168_MBB77,1988-03-31,5.754137019197881
ID168_MBB77,1988-06-30,5.744698463700982
ID168_MBB77,1988-09-30,5.787480769156351
ID168_MBB77,1988-12-31,5.7540760616329125
ID168_MBB77,1989-03-31,5.762375959274704
ID168_MBB77,1989-06-30,5.808584760864995
ID168_MBB77,1989-09-30,5.830876402320823
ID17_MBB78,1978-06-30,66567.83195791856
ID17_MBB78,1978-09-30,65367.3593989495
ID17_MBB78,1978-12-31,76414.79640150705
ID17_MBB78,1979-03-31,75439.32510590261
ID17_MBB78,1979-06-30,84913.5175573566
ID17_MBB78,1979-09-30,89031.63721598395
ID17_MBB78,1979-12-31,89369.83309113672
ID17_MBB78,1980-03-31,95543.0162285887
ID17_MBB78,1980-06-30,96195.29338452364
ID17_MBB78,1980-09-30,98004.85858561624
ID17_MBB78,1980-12-31,99161.61863006097
ID17_MBB78,1981-03-31,110124.1038957217
ID17_MBB78,1981-06-30,102988.01287659298
ID17_MBB78,1981-09-30,110569.76580864063
ID17_MBB78,1981-12-31,102234.35703672268
ID17_MBB78,1982-03-31,126953.65438915229
ID17_MBB78,1982-06-30,120153.2344972411
ID17_MBB78,1982-09-30,129309.8182805127
ID17_MBB78,1982-12-31,126029.44561063783
ID17_MBB78,1983-03-31,143437.7195960794
ID17_MBB78,1983-06-30,134955.05980250813
ID17_MBB78,1983-09-30,120158.23817703548
ID17_MBB78,1983-12-31,128405.22847290557
ID17_MBB78,1984-03-31,129142.00300539478
ID17_MBB78,1984-06-30,122913.68096162248
ID17_MBB78,1984-09-30,112311.29928360927
ID17_MBB78,1984-12-31,114148.95001405638
ID17_MBB78,1985-03-31,120903.18568218334
ID17_MBB78,1985-06-30,108075.30697017295
ID17_MBB78,1985-09-30,107258.30666103071
ID173_MBB79,1975-09-30,113.9133789197755
ID173_MBB79,1975-12-31,107.39090736108417
ID173_MBB79,1976-03-31,109.88414718781961
ID173_MBB79,1976-06-30,117.10207417424652
ID173_MBB79,1976-09-30,98.82077249321307
ID173_MBB79,1976-12-31,108.00026583499536
ID173_MBB79,1977-03-31,126.81079359493602
ID173_MBB79,1977-06-30,140.92588908225866
ID173_MBB79,1977-09-30,143.9577368412271
ID173_MBB79,1977-12-31,141.18131803585874
ID173_MBB79,1978-03-31,137.91487435205772
ID173_MBB79,1978-06-30,129.04599850616975
ID173_MBB79,1978-09-30,117.36956239293526
ID173_MBB79,1978-12-31,131.67296156827987
ID173_MBB79,1979-03-31,130.73728189392457
ID173_MBB79,1979-06-30,135.8383277343401
ID173_MBB79,1979-09-30,127.77844979172971
ID173_MBB79,1979-12-31,138.68470613685898
ID173_MBB79,1980-03-31,144.6333230779605
ID173_MBB79,1980-06-30,145.9956716629643
ID173_MBB79,1980-09-30,141.81046638940606
ID173_MBB79,1980-12-31,142.11563168772582
ID173_MBB79,1981-03-31,143.16808265731407
ID173_MBB79,1981-06-30,153.6248520591202
ID173_MBB79,1981-09-30,164.04889337083281
ID173_MBB79,1981-12-31,179.5076571411014
ID173_MBB79,1982-03-31,196.44365147947698
ID173_MBB79,1982-06-30,214.4215513512636
ID173_MBB79,1982-09-30,250.68242526770828
ID173_MBB79,1982-12-31,253.67075070517302
ID173_MBB79,1983-03-31,251.3429827153222
ID173_MBB79,1983-06-30,239.1554419282984
ID173_MBB79,1983-09-30,228.86669213706065
ID173_MBB79,1983-12-31,217.48347882354918
ID173_MBB79,1984-03-31,218.74845964124373
ID173_MBB79,1984-06-30,223.96118082393744
ID173_MBB79,1984-09-30,247.1718603184487
ID173_MBB79,1984-12-31,244.43865740170395
ID173_MBB79,1985-03-31,246.0948397604938
ID173_MBB79,1985-06-30,261.113667875915
ID173_MBB79,1985-09-30,307.29891185705935
ID173_MBB79,1985-12-31,305.59150604738585
ID173_MBB79,1986-03-31,310.90579519856135
ID173_MBB79,1986-06-30,341.7686807477615
ID173_MBB79,1986-09-30,371.1971535418719
ID173_MBB79,1986-12-31,386.65158321461206
ID173_MBB79,1987-03-31,392.3646718333019
ID174_MBB80,1976-09-30,26.115761529009813
ID174_MBB80,1976-12-31,23.666158879914786
ID174_MBB80,1977-03-31,24.36354405700781
ID174_MBB80,1977-06-30,25.367468726338895
ID174_MBB80,1977-09-30,29.526826503540065
ID174_MBB80,1977-12-31,30.150093280655035
ID174_MBB80,1978-03-31,31.221680015859455
ID174_MBB80,1978-06-30,36.306145994199305
ID174_MBB80,1978-09-30,44.251209521163254
ID174_MBB80,1978-12-31,48.79602551154001
ID174_MBB80,1979-03-31,47.2839239171649
ID174_MBB80,1979-06-30,47.13169496049636
ID174_MBB80,1979-09-30,50.904514992257404
ID174_MBB80,1979-12-31,56.75537409909446
ID174_MBB80,1980-03-31,56.25527011061034
ID174_MBB80,1980-06-30,60.06324585831944
ID174_MBB80,1980-09-30,69.90202877321845
ID174_MBB80,1980-12-31,80.44845844986861
ID174_MBB80,1981-03-31,84.8061752264662
ID174_MBB80,1981-06-30,92.43483233572992
ID174_MBB80,1981-09-30,97.66927961672079
ID174_MBB80,1981-12-31,102.91810552734455
ID174_MBB80,1982-03-31,98.75063218940033
ID174_MBB80,1982-06-30,94.71564300344231
ID174_MBB80,1982-09-30,97.26978590292725
ID174_MBB80,1982-12-31,93.17860723710139
ID174_MBB80,1983-03-31,92.72995721741668
ID174_MBB80,1983-06-30,89.64326799602802
ID174_MBB80,1983-09-30,94.44992400964334
ID174_MBB80,1983-12-31,98.23272087675434
ID174_MBB80,1984-03-31,103.64419850077604
ID174_MBB80,1984-06-30,107.33685400957053
ID174_MBB80,1984-09-30,123.44262913459643
ID174_MBB80,1984-12-31,121.78525222092684
ID174_MBB80,1985-03-31,122.56938897274334
ID174_MBB80,1985-06-30,126.4561387500776
ID174_MBB80,1985-09-30,135.24491364588172
ID174_MBB80,1985-12-31,129.9655403129544
ID174_MBB80,1986-03-31,122.52183998465159
ID174_MBB80,1986-06-30,121.66709215458503
ID174_MBB80,1986-09-30,132.85590095706834
ID174_MBB80,1986-12-31,123.28388563608324
ID175_MBB81,1960-12-31,19.424495300893945
ID175_MBB81,1961-03-31,18.788963191458166
ID175_MBB81,1961-06-30,14.418028933632145
ID175_MBB81,1961-09-30,10.147786981227437
ID175_MBB81,1961-12-31,7.926032428395647
ID175_MBB81,1962-03-31,8.687191364514538
ID175_MBB81,1962-06-30,8.45782096059562
ID175_MBB81,1962-09-30,8.32419410983039
ID175_MBB81,1962-12-31,8.084853801872226
ID175_MBB81,1963-03-31,14.809354756456893
ID175_MBB81,1963-06-30,21.373949085237417
ID175_MBB81,1963-09-30,22.311328046750873
ID175_MBB81,1963-12-31,24.309090235316805
ID175_MBB81,1964-03-31,33.47128829642892
ID175_MBB81,1964-06-30,46.710227600235015
ID175_MBB81,1964-09-30,51.469391365534655
ID175_MBB81,1964-12-31,46.29491068518599
ID175_MBB81,1965-03-31,51.20886487835737
ID175_MBB81,1965-06-30,58.2978052021791
ID175_MBB81,1965-09-30,51.91404497035685
ID175_MBB81,1965-12-31,38.81534935001346
ID175_MBB81,1966-03-31,46.91328211448687
ID175_MBB81,1966-06-30,45.22089004932365
ID175_MBB81,1966-09-30,35.13723114952462
ID175_MBB81,1966-12-31,34.93189593600958
ID175_MBB81,1967-03-31,36.44422072933744
ID175_MBB81,1967-06-30,43.035455036716534
ID175_MBB81,1967-09-30,44.63909154028664
ID175_MBB81,1967-12-31,52.689030808368315
ID175_MBB81,1968-03-31,59.40003350451682
ID175_MBB81,1968-06-30,66.1448318614184
ID175_MBB81,1968-09-30,62.54163327523878
ID175_MBB81,1968-12-31,65.04354851873202
ID175_MBB81,1969-03-31,65.22828760129697
ID175_MBB81,1969-06-30,60.815183188188975
ID175_MBB81,1969-09-30,53.626956214446466
ID175_MBB81,1969-12-31,53.59601358907168
ID175_MBB81,1970-03-31,47.246283854846446
ID175_MBB81,1970-06-30,55.94994178170663
ID175_MBB81,1970-09-30,49.48049596161028
ID175_MBB81,1970-12-31,32.61186757495491
ID175_MBB81,1971-03-31,32.47190030680907
ID175_MBB81,1971-06-30,26.897164435688925
ID175_MBB81,1971-09-30,27.902182282280418
ID175_MBB81,1971-12-31,20.935510553987662
ID175_MBB81,1972-03-31,17.19748363856747
ID175_MBB81,1972-06-30,17.83631028174195
ID175_MBB81,1972-09-30,15.946490948304017
ID176_MBB82,1976-12-31,49.74706502277829
ID176_MBB82,1977-03-31,40.061316227535514
ID176_MBB82,1977-06-30,46.105060927913904
ID176_MBB82,1977-09-30,43.38234714702877
ID176_MBB82,1977-12-31,43.87012733803837
ID176_MBB82,1978-03-31,36.505022239514126
ID176_MBB82,1978-06-30,32.40850546666042
ID176_MBB82,1978-09-30,27.267044308363403
ID176_MBB82,1978-12-31,25.66968427971883
ID176_MBB82,1979-03-31,23.946114957819532
ID176_MBB82,1979-06-30,26.141273101614715
ID176_MBB82,1979-09-30,26.42545734273502
ID176_MBB82,1979-12-31,25.220182861922176
ID176_MBB82,1980-03-31,27.013017691904803
ID176_MBB82,1980-06-30,29.99426510239902
ID176_MBB82,1980-09-30,29.936198218836957
ID176_MBB82,1980-12-31,24.553834455322797
ID176_MBB82,1981-03-31,26.212953984794023
ID176_MBB82,1981-06-30,24.311757728403407
ID176_MBB82,1981-09-30,26.243913617699782
ID176_MBB82,1981-12-31,23.01891005400443
ID176_MBB82,1982-03-31,26.293019003349354
ID176_MBB82,1982-06-30,27.87176672166837
ID176_MBB82,1982-09-30,38.23278765840539
ID176_MBB82,1982-12-31,49.14722551323326
ID176_MBB82,1983-03-31,59.7082593424092
ID176_MBB82,1983-06-30,67.50328020866532
ID176_MBB82,1983-09-30,75.10211116475462
ID176_MBB82,1983-12-31,75.21132995590943
ID176_MBB82,1984-03-31,77.43327600784136
ID176_MBB82,1984-06-30,83.23293174959697
ID176_MBB82,1984-09-30,89.55656585771077
ID176_MBB82,1984-12-31,90.43375911121069
ID176_MBB82,1985-03-31,89.29833281786252
ID176_MBB82,1985-06-30,85.59728879744841
ID176_MBB82,1985-09-30,93.4999827416457
ID176_MBB82,1985-12-31,105.5824140686128
ID176_MBB82,1986-03-31,103.5204586274654
ID176_MBB82,1986-06-30,109.51323487737604
ID176_MBB82,1986-09-30,131.90534686562737
ID176_MBB82,1986-12-31,132.75727605793173
ID176_MBB82,1987-03-31,155.16248838762186
ID176_MBB82,1987-06-30,175.9280987012494
ID176_MBB82,1987-09-30,197.54821570241305
ID177_MBB83,1976-09-30,79.84245294386764
ID177_MBB83,1976-12-31,75.01914592594241
ID177_MBB83,1977-03-31,63.92655265798862
ID177_MBB83,1977-06-30,62.49984783216158
ID177_MBB83,1977-09-30,52.477891140459064
ID177_MBB83,1977-12-31,55.348347317412525
ID177_MBB83,1978-03-31,62.75437358670771
ID177_MBB83,1978-06-30,66.2409904301694
ID177_MBB83,1978-09-30,65.19781480186172
ID177_MBB83,1978-12-31,72.91002504998112
ID177_MBB83,1979-03-31,79.09161483599674
ID177_MBB83,1979-06-30,84.1354560969563
ID177_MBB83,1979-09-30,84.14364834105068
ID177_MBB83,1979-12-31,82.29700558668351
ID177_MBB83,1980-03-31,86.85730617385634
ID177_MBB83,1980-06-30,89.33123721117276
ID177_MBB83,1980-09-30,110.27049279868882
ID177_MBB83,1980-12-31,105.97195340138252
ID177_MBB83,1981-03-31,115.04240114607782
ID177_MBB83,1981-06-30,127.48183406593205
ID177_MBB83,1981-09-30,135.87458527373337
ID177_MBB83,1981-12-31,127.37493335399819
ID177_MBB83,1982-03-31,138.10523123020755
ID177_MBB83,1982-06-30,135.27547355067804
ID177_MBB83,1982-09-30,133.13687580643946
ID177_MBB83,1982-12-31,120.93443867775953
ID177_MBB83,1983-03-31,125.05132671966943
ID177_MBB83,1983-06-30,119.9909925608141
ID177_MBB83,1983-09-30,123.68126886813333
ID177_MBB83,1983-12-31,120.01914730077074
ID177_MBB83,1984-03-31,141.38613155865025
ID177_MBB83,1984-06-30,158.38405403201025
ID177_MBB83,1984-09-30,162.08812344758147
ID177_MBB83,1984-12-31,165.81853060635825
ID177_MBB83,1985-03-31,170.08353355657616
ID177_MBB83,1985-06-30,177.52437118294785
ID177_MBB83,1985-09-30,179.60773052887834
ID177_MBB83,1985-12-31,173.14027753014946
ID177_MBB83,1986-03-31,165.38823025223104
ID177_MBB83,1986-06-30,165.1465732838755
ID177_MBB83,1986-09-30,168.76395894855213
ID177_MBB83,1986-12-31,169.63334674627828
ID177_MBB83,1987-03-31,173.43288408700334
ID178_MBB84,1969-12-31,16.389601569177266
ID178_MBB84,1970-03-31,16.71400477857463
ID178_MBB84,1970-06-30,16.854501717826636
ID178_MBB84,1970-09-30,16.805869612645992
ID178_MBB84,1970-12-31,16.62804198294646
ID178_MBB84,1971-03-31,16.722611032968175
ID178_MBB84,1971-06-30,16.762481441025685
ID178_MBB84,1971-09-30,16.564676491060926
ID178_MBB84,1971-12-31,16.16511890928239
ID178_MBB84,1972-03-31,16.340022485672886
ID178_MBB84,1972-06-30,16.88018959244668
ID178_MBB84,1972-09-30,16.711077992477108
ID178_MBB84,1972-12-31,16.755778065978188
ID178_MBB84,1973-03-31,16.81723461908824
ID178_MBB84,1973-06-30,17.097124873783688
ID178_MBB84,1973-09-30,17.000482657327467
ID178_MBB84,1973-12-31,16.68174310855722
ID178_MBB84,1974-03-31,16.95191632484619
ID178_MBB84,1974-06-30,17.179535515259428
ID178_MBB84,1974-09-30,17.206969888346848
ID178_MBB84,1974-12-31,16.925389579112927
ID178_MBB84,1975-03-31,17.218658127041646
ID178_MBB84,1975-06-30,17.50017547405002
ID178_MBB84,1975-09-30,17.605778447999693
ID178_MBB84,1975-12-31,17.555295523138323
ID178_MBB84,1976-03-31,17.921762137659876
ID178_MBB84,1976-06-30,18.319014364144095
ID178_MBB84,1976-09-30,18.537024770124088
ID178_MBB84,1976-12-31,18.67872070824268
ID178_MBB84,1977-03-31,19.05798597501316
ID178_MBB84,1977-06-30,19.192929736386688
ID178_MBB84,1977-09-30,19.473217018121357
ID179_MBB85,1969-12-31,4.436110292693605
ID179_MBB85,1970-03-31,3.5545180035702133
ID179_MBB85,1970-06-30,3.3891130966791128
ID179_MBB85,1970-09-30,3.5486527505072356
ID179_MBB85,1970-12-31,4.132699313352799
ID179_MBB85,1971-03-31,3.6229316942795826
ID179_MBB85,1971-06-30,3.7248674650762412
ID179_MBB85,1971-09-30,3.9340621924459764
ID179_MBB85,1971-12-31,5.0806041207235495
ID179_MBB85,1972-03-31,4.4798492495464775
ID179_MBB85,1972-06-30,4.246555770728112
ID179_MBB85,1972-09-30,4.214806950956832
ID179_MBB85,1972-12-31,4.835237123203652
ID179_MBB85,1973-03-31,4.007251725307801
ID179_MBB85,1973-06-30,3.721060058815554
ID179_MBB85,1973-09-30,3.6246366068620715
ID179_MBB85,1973-12-31,4.445654014211403
ID179_MBB85,1974-03-31,4.00121386724799
ID179_MBB85,1974-06-30,3.818591416771702
ID179_MBB85,1974-09-30,3.8416726507677073
ID179_MBB85,1974-12-31,4.266559091435982
ID179_MBB85,1975-03-31,3.92283189917353
ID179_MBB85,1975-06-30,3.5714133677053645
ID179_MBB85,1975-09-30,3.0869549950944313
ID179_MBB85,1975-12-31,3.7192149552183746
ID179_MBB85,1976-03-31,3.5426896041353126
ID179_MBB85,1976-06-30,3.3337913238027
ID179_MBB85,1976-09-30,3.087349256639806
ID179_MBB85,1976-12-31,3.212285860964025
ID179_MBB85,1977-03-31,3.2663686537719263
ID179_MBB85,1977-06-30,2.9984245432795165
ID179_MBB85,1977-09-30,2.691645411678573
ID18_MBB86,1978-06-30,19349.27643555306
ID18_MBB86,1978-09-30,16893.88864149042
ID18_MBB86,1978-12-31,12389.552237767231
ID18_MBB86,1979-03-31,10997.002841083779
ID18_MBB86,1979-06-30,17640.073479048064
ID18_MBB86,1979-09-30,17465.52498343861
ID18_MBB86,1979-12-31,14034.186975833125
ID18_MBB86,1980-03-31,15648.652663660869
ID18_MBB86,1980-06-30,22248.030387212068
ID18_MBB86,1980-09-30,17271.610161888162
ID18_MBB86,1980-12-31,14175.76537199966
ID18_MBB86,1981-03-31,15329.98130372698
ID18_MBB86,1981-06-30,17806.05798072581
ID18_MBB86,1981-09-30,20813.707455380052
ID18_MBB86,1981-12-31,18447.144327625407
ID18_MBB86,1982-03-31,26878.23520657299
ID18_MBB86,1982-06-30,23506.236634220888
ID18_MBB86,1982-09-30,23144.6199874373
ID18_MBB86,1982-12-31,20905.365190655946
ID18_MBB86,1983-03-31,25886.35049882106
ID18_MBB86,1983-06-30,27422.28343615018
ID18_MBB86,1983-09-30,31106.703448750814
ID18_MBB86,1983-12-31,26202.459495668572
ID18_MBB86,1984-03-31,31029.916974043714
ID18_MBB86,1984-06-30,34089.649999146524
ID18_MBB86,1984-09-30,30177.99809298274
ID18_MBB86,1984-12-31,20355.1065892397
ID18_MBB86,1985-03-31,18492.37576353027
ID18_MBB86,1985-06-30,20890.262196983083
ID18_MBB86,1985-09-30,34137.41882914349
ID180_MBB87,1969-12-31,203.31983071689527
ID180_MBB87,1970-03-31,203.11648742414957
ID180_MBB87,1970-06-30,195.06265809662216
ID180_MBB87,1970-09-30,204.09662848169344
ID180_MBB87,1970-12-31,191.64476563305627
ID180_MBB87,1971-03-31,188.61536948446957
ID180_MBB87,1971-06-30,180.23495954742336
ID180_MBB87,1971-09-30,182.2035110474615
ID180_MBB87,1971-12-31,176.8227681304858
ID180_MBB87,1972-03-31,174.2430324977221
ID180_MBB87,1972-06-30,185.71437631771397
ID180_MBB87,1972-09-30,197.607505004817
ID180_MBB87,1972-12-31,219.00728652211106
ID180_MBB87,1973-03-31,228.89332182392934
ID180_MBB87,1973-06-30,226.73788857850712
ID180_MBB87,1973-09-30,239.4891454737145
ID180_MBB87,1973-12-31,206.77928265947008
ID180_MBB87,1974-03-31,219.56414401245286
ID180_MBB87,1974-06-30,228.85648496502182
ID180_MBB87,1974-09-30,231.80848722046858
ID180_MBB87,1974-12-31,222.98502889537843
ID180_MBB87,1975-03-31,227.12764066798647
ID180_MBB87,1975-06-30,243.10674457026715
ID180_MBB87,1975-09-30,264.523447162256
ID180_MBB87,1975-12-31,287.7116842815052
ID180_MBB87,1976-03-31,314.91097852177114
ID180_MBB87,1976-06-30,322.63540262670784
ID180_MBB87,1976-09-30,329.7886240807541
ID180_MBB87,1976-12-31,390.8307084979426
ID180_MBB87,1977-03-31,426.2812559556606
ID180_MBB87,1977-06-30,441.5484198874629
ID180_MBB87,1977-09-30,460.4310635570593
ID181_MBB88,1969-12-31,2.9480744898879374
ID181_MBB88,1970-03-31,2.3658969975767365
ID181_MBB88,1970-06-30,1.709048541212101
ID181_MBB88,1970-09-30,1.7530262682144873
ID181_MBB88,1970-12-31,2.3786707413634427
ID181_MBB88,1971-03-31,1.1837066632095072
ID181_MBB88,1971-06-30,1.2123280265308223
ID181_MBB88,1971-09-30,1.3988845432791668
ID181_MBB88,1971-12-31,2.01611439211415
ID181_MBB88,1972-03-31,1.174854126511046
ID181_MBB88,1972-06-30,0.7458008653646726
ID181_MBB88,1972-09-30,1.1905187354082831
ID181_MBB88,1972-12-31,1.6604150741034025
ID181_MBB88,1973-03-31,1.0626793382735205
ID181_MBB88,1973-06-30,0.8227253190220638
ID181_MBB88,1973-09-30,1.1305406180356874
ID181_MBB88,1973-12-31,1.9727959074961028
ID181_MBB88,1974-03-31,1.2743490374851216
ID181_MBB88,1974-06-30,1.0821013361292682
ID181_MBB88,1974-09-30,1.4713250736505534
ID181_MBB88,1974-12-31,2.183614050006176
ID181_MBB88,1975-03-31,1.4322086808227685
ID181_MBB88,1975-06-30,0.9741067156163901
ID181_MBB88,1975-09-30,1.6360205557471499
ID181_MBB88,1975-12-31,2.1627383976823094
ID181_MBB88,1976-03-31,1.4625255590984882
ID181_MBB88,1976-06-30,1.1605253872169343
ID181_MBB88,1976-09-30,1.404879000174284
ID181_MBB88,1976-12-31,2.3000001689976353
ID181_MBB88,1977-03-31,1.400000127625424
ID181_MBB88,1977-06-30,1.0000000038093084
ID181_MBB88,1977-09-30,1.5999998599521374
ID182_MBB89,1969-12-31,6935.456455227522
ID182_MBB89,1970-03-31,7054.1449898073815
ID182_MBB89,1970-06-30,7141.8083522446295
ID182_MBB89,1970-09-30,7265.457789707925
ID182_MBB89,1970-12-31,7304.541183706582
ID182_MBB89,1971-03-31,7455.430175235683
ID182_MBB89,1971-06-30,7538.479791490075
ID182_MBB89,1971-09-30,7588.923042368436
ID182_MBB89,1971-12-31,7610.81112247513
ID182_MBB89,1972-03-31,7706.499171850104
ID182_MBB89,1972-06-30,7744.531469829371
ID182_MBB89,1972-09-30,7743.192679127536
ID182_MBB89,1972-12-31,7730.36791077337
ID182_MBB89,1973-03-31,7788.669826383408
ID182_MBB89,1973-06-30,7792.189890471239
ID182_MBB89,1973-09-30,7761.934378731518
ID182_MBB89,1973-12-31,7717.915296957701
ID182_MBB89,1974-03-31,7791.996412252373
ID182_MBB89,1974-06-30,7773.711609393007
ID182_MBB89,1974-09-30,7761.594391153108
ID182_MBB89,1974-12-31,7718.399066223281
ID182_MBB89,1975-03-31,7819.625099645744
ID182_MBB89,1975-06-30,7879.467960597172
ID182_MBB89,1975-09-30,7904.142179545453
ID182_MBB89,1975-12-31,7867.746880119632
ID182_MBB89,1976-03-31,8012.276456509671
ID182_MBB89,1976-06-30,8019.2202009359635
ID182_MBB89,1976-09-30,7983.96134378457
ID182_MBB89,1976-12-31,8003.6195507383345
ID182_MBB89,1977-03-31,8018.365663926242
ID182_MBB89,1977-06-30,7987.655296449236
ID182_MBB89,1977-09-30,7877.123535389858
ID183_MBB90,1969-12-31,1.0338815669983186
ID183_MBB90,1970-03-31,1.0414559628443905
ID183_MBB90,1970-06-30,1.0660837902821423
ID183_MBB90,1970-09-30,1.064679315247456
ID183_MBB90,1970-12-31,1.0601526154667793
ID183_MBB90,1971-03-31,1.0732898715729005
ID183_MBB90,1971-06-30,1.0960900078023528
ID183_MBB90,1971-09-30,1.0887486008095757
ID183_MBB90,1971-12-31,1.0884567872028974
ID183_MBB90,1972-03-31,1.097946026215077
ID183_MBB90,1972-06-30,1.1181438281846288
ID183_MBB90,1972-09-30,1.1132412815860562
ID183_MBB90,1972-12-31,1.114172601988292
ID183_MBB90,1973-03-31,1.1145976146707368
ID183_MBB90,1973-06-30,1.1325476564391068
ID183_MBB90,1973-09-30,1.132772417707868
ID183_MBB90,1973-12-31,1.132831666566013
ID183_MBB90,1974-03-31,1.1148705791260731
ID183_MBB90,1974-06-30,1.1309752633275885
ID183_MBB90,1974-09-30,1.137183262616138
ID183_MBB90,1974-12-31,1.1350352926810783
ID183_MBB90,1975-03-31,1.1314566096093346
ID183_MBB90,1975-06-30,1.1491053022147435
ID183_MBB90,1975-09-30,1.1456001561171503
ID183_MBB90,1975-12-31,1.1442849255854388
ID183_MBB90,1976-03-31,1.1377166269284693
ID183_MBB90,1976-06-30,1.1541354284307523
ID183_MBB90,1976-09-30,1.1492865117724658
ID183_MBB90,1976-12-31,1.1405482812412941
ID183_MBB90,1977-03-31,1.1329187637188496
ID183_MBB90,1977-06-30,1.1419948673123494
ID183_MBB90,1977-09-30,1.1309435325720951
ID184_MBB91,1969-12-31,106.73120502129439
ID184_MBB91,1970-03-31,67.55161737070922
ID184_MBB91,1970-06-30,34.55487528742749
ID184_MBB91,1970-09-30,45.811646519857604
ID184_MBB91,1970-12-31,43.97638722767386
ID184_MBB91,1971-03-31,27.699250854860974
ID184_MBB91,1971-06-30,19.20622752460147
ID184_MBB91,1971-09-30,31.768442488642478
ID184_MBB91,1971-12-31,31.211194758738166
ID184_MBB91,1972-03-31,14.168289049674065
ID184_MBB91,1972-06-30,15.35702372344921
ID184_MBB91,1972-09-30,23.52076627903102
ID184_MBB91,1972-12-31,30.150437240295762
ID184_MBB91,1973-03-31,14.830853799320524
ID184_MBB91,1973-06-30,17.933044456712903
ID184_MBB91,1973-09-30,24.1274655199446
ID184_MBB91,1973-12-31,32.7816240298237
ID184_MBB91,1974-03-31,13.245288846934972
ID184_MBB91,1974-06-30,16.432113829762493
ID184_MBB91,1974-09-30,24.169885910843885
ID184_MBB91,1974-12-31,31.427915108549904
ID184_MBB91,1975-03-31,10.613121904291221
ID184_MBB91,1975-06-30,17.24675970361873
ID184_MBB91,1975-09-30,27.229182286672092
ID184_MBB91,1975-12-31,36.53178779750429
ID184_MBB91,1976-03-31,12.835909034152545
ID184_MBB91,1976-06-30,20.54893439123164
ID184_MBB91,1976-09-30,34.020914978868625
ID184_MBB91,1976-12-31,33.631174313651314
ID184_MBB91,1977-03-31,21.937514870850382
ID184_MBB91,1977-06-30,27.266339717612738
ID184_MBB91,1977-09-30,52.16860555669792
ID185_MBB92,1969-12-31,44.59534323835572
ID185_MBB92,1970-03-31,64.96112721771667
ID185_MBB92,1970-06-30,74.57910057946052
ID185_MBB92,1970-09-30,60.48332746414366
ID185_MBB92,1970-12-31,73.40638906920299
ID185_MBB92,1971-03-31,96.41367929864305
ID185_MBB92,1971-06-30,112.35558783561244
ID185_MBB92,1971-09-30,95.00780286390689
ID185_MBB92,1971-12-31,96.25193505290382
ID185_MBB92,1972-03-31,124.29676428854326
ID185_MBB92,1972-06-30,136.9308034347068
ID185_MBB92,1972-09-30,114.8764553004635
ID185_MBB92,1972-12-31,109.24294722077981
ID185_MBB92,1973-03-31,132.59252168637906
ID185_MBB92,1973-06-30,139.23406107531443
ID185_MBB92,1973-09-30,113.22580939542792
ID185_MBB92,1973-12-31,105.94862776034996
ID185_MBB92,1974-03-31,129.78088222713976
ID185_MBB92,1974-06-30,142.7103100647266
ID185_MBB92,1974-09-30,117.07525555805687
ID185_MBB92,1974-12-31,117.90366395510702
ID185_MBB92,1975-03-31,138.25456280798954
ID185_MBB92,1975-06-30,145.1180147811011
ID185_MBB92,1975-09-30,119.51503602415147
ID185_MBB92,1975-12-31,116.64085839293317
ID185_MBB92,1976-03-31,149.2163786623274
ID185_MBB92,1976-06-30,147.194507382251
ID185_MBB92,1976-09-30,118.09683284047225
ID185_MBB92,1976-12-31,114.02780998410468
ID185_MBB92,1977-03-31,127.50241777999005
ID185_MBB92,1977-06-30,126.94495557139362
ID185_MBB92,1977-09-30,95.15797619852538
ID186_MBB93,1969-12-31,314.53322975490164
ID186_MBB93,1970-03-31,321.5382824775945
ID186_MBB93,1970-06-30,325.0515118268884
ID186_MBB93,1970-09-30,323.6825876542196
ID186_MBB93,1970-12-31,325.26462999975126
ID186_MBB93,1971-03-31,331.86760476591587
ID186_MBB93,1971-06-30,334.72689588713826
ID186_MBB93,1971-09-30,333.0711896813442
ID186_MBB93,1971-12-31,333.1335363602826
ID186_MBB93,1972-03-31,338.53198158064
ID186_MBB93,1972-06-30,342.5983509734485
ID186_MBB93,1972-09-30,340.5119853195699
ID186_MBB93,1972-12-31,338.8645392416879
ID186_MBB93,1973-03-31,343.8867316039432
ID186_MBB93,1973-06-30,345.4790472795287
ID186_MBB93,1973-09-30,342.4040838327714
ID186_MBB93,1973-12-31,339.5507312727994
ID186_MBB93,1974-03-31,344.8222869330981
ID186_MBB93,1974-06-30,346.53403549821087
ID186_MBB93,1974-09-30,344.1445657896802
ID186_MBB93,1974-12-31,342.41437458805734
ID186_MBB93,1975-03-31,349.0430971948106
ID186_MBB93,1975-06-30,352.0558469743583
ID186_MBB93,1975-09-30,350.3218258030115
ID186_MBB93,1975-12-31,349.331120388312
ID186_MBB93,1976-03-31,355.1111216243061
ID186_MBB93,1976-06-30,356.8361386012324
ID186_MBB93,1976-09-30,354.98226146405386
ID186_MBB93,1976-12-31,354.5604051943125
ID186_MBB93,1977-03-31,360.3648706622402
ID186_MBB93,1977-06-30,364.2062661201898
ID186_MBB93,1977-09-30,361.80459277061937
ID187_MBB94,1969-12-31,38.6689653628311
ID187_MBB94,1970-03-31,15.206819531236604
ID187_MBB94,1970-06-30,9.019621724244356
ID187_MBB94,1970-09-30,25.60577317262935
ID187_MBB94,1970-12-31,28.60704853986695
ID187_MBB94,1971-03-31,11.682813070972228
ID187_MBB94,1971-06-30,7.022715086064148
ID187_MBB94,1971-09-30,18.81261771377948
ID187_MBB94,1971-12-31,23.17516656800632
ID187_MBB94,1972-03-31,8.5455228579926
ID187_MBB94,1972-06-30,5.456330874470369
ID187_MBB94,1972-09-30,17.065151575327917
ID187_MBB94,1972-12-31,23.112314361006835
ID187_MBB94,1973-03-31,10.327461915949048
ID187_MBB94,1973-06-30,6.334060943659989
ID187_MBB94,1973-09-30,19.4263296912141
ID187_MBB94,1973-12-31,27.66276731427269
ID187_MBB94,1974-03-31,11.47213451754761
ID187_MBB94,1974-06-30,7.7299126901835145
ID187_MBB94,1974-09-30,19.760001044561868
ID187_MBB94,1974-12-31,28.533027139871237
ID187_MBB94,1975-03-31,9.947543335923214
ID187_MBB94,1975-06-30,5.975578815721235
ID187_MBB94,1975-09-30,20.415602439200008
ID187_MBB94,1975-12-31,24.566249252455684
ID187_MBB94,1976-03-31,10.026881457201112
ID187_MBB94,1976-06-30,5.088559082783268
ID187_MBB94,1976-09-30,15.57138488553031
ID187_MBB94,1976-12-31,22.017662170427403
ID187_MBB94,1977-03-31,7.57027102998361
ID187_MBB94,1977-06-30,3.9898615212023953
ID187_MBB94,1977-09-30,12.71770141905676
ID188_MBB95,1969-12-31,2.1566222870296836
ID188_MBB95,1970-03-31,3.9749760372026506
ID188_MBB95,1970-06-30,3.07227031308907
ID188_MBB95,1970-09-30,2.6568966338591875
ID188_MBB95,1970-12-31,3.1047742491346835
ID188_MBB95,1971-03-31,5.200257150545602
ID188_MBB95,1971-06-30,3.621763520861723
ID188_MBB95,1971-09-30,3.2122542401974634
ID188_MBB95,1971-12-31,3.5252529546367537
ID188_MBB95,1972-03-31,6.0751863401458674
ID188_MBB95,1972-06-30,4.628490234481917
ID188_MBB95,1972-09-30,3.0690267492054275
ID188_MBB95,1972-12-31,3.1025308420170896
ID188_MBB95,1973-03-31,5.5534229931439345
ID188_MBB95,1973-06-30,4.144554780648996
ID188_MBB95,1973-09-30,2.662439206853479
ID188_MBB95,1973-12-31,3.2722230834938433
ID188_MBB95,1974-03-31,5.008632947617703
ID188_MBB95,1974-06-30,3.8733843110873414
ID188_MBB95,1974-09-30,2.874089060437492
ID188_MBB95,1974-12-31,3.6978288465215465
ID188_MBB95,1975-03-31,6.068100721584308
ID188_MBB95,1975-06-30,4.831001193738946
ID188_MBB95,1975-09-30,3.8166737913122715
ID188_MBB95,1975-12-31,4.437844648033404
ID188_MBB95,1976-03-31,7.940736129400138
ID188_MBB95,1976-06-30,6.0776200801426885
ID188_MBB95,1976-09-30,4.343537166970725
ID188_MBB95,1976-12-31,6.267049944805024
ID188_MBB95,1977-03-31,10.003223719966643
ID188_MBB95,1977-06-30,8.134962255060783
ID188_MBB95,1977-09-30,6.250716046526591
ID189_MBB96,1969-12-31,29.00000155428577
ID189_MBB96,1970-03-31,30.100003671523535
ID189_MBB96,1970-06-30,30.600002082923936
ID189_MBB96,1970-09-30,31.299997042717564
ID189_MBB96,1970-12-31,33.259095455198036
ID189_MBB96,1971-03-31,34.80756463709046
ID189_MBB96,1971-06-30,35.62761914925387
ID189_MBB96,1971-09-30,36.82603105220594
ID189_MBB96,1971-12-31,37.47852739509986
ID189_MBB96,1972-03-31,38.8889119706042
ID189_MBB96,1972-06-30,39.88568643428937
ID189_MBB96,1972-09-30,41.18344898724613
ID189_MBB96,1972-12-31,41.14425796326985
ID189_MBB96,1973-03-31,43.29590832270419
ID189_MBB96,1973-06-30,43.30659894677862
ID189_MBB96,1973-09-30,44.364672380973595
ID189_MBB96,1973-12-31,43.978887512870884
ID189_MBB96,1974-03-31,46.47851834153456
ID189_MBB96,1974-06-30,46.72897354965153
ID189_MBB96,1974-09-30,48.47208406872537
ID189_MBB96,1974-12-31,47.95526157499547
ID189_MBB96,1975-03-31,49.84191215779782
ID189_MBB96,1975-06-30,51.325881768019414
ID189_MBB96,1975-09-30,53.157480735198845
ID189_MBB96,1975-12-31,53.38516134592623
ID189_MBB96,1976-03-31,55.51646434228402
ID189_MBB96,1976-06-30,57.10083616682017
ID189_MBB96,1976-09-30,58.584951684055916
ID189_MBB96,1976-12-31,58.214973644008005
ID189_MBB96,1977-03-31,60.45901716650115
ID189_MBB96,1977-06-30,60.79166216202795
ID189_MBB96,1977-09-30,62.38988117480333
ID19_MBB97,1978-06-30,479993.48679312266
ID19_MBB97,1978-09-30,389411.76672888844
ID19_MBB97,1978-12-31,394879.96764046175
ID19_MBB97,1979-03-31,399135.0162686914
ID19_MBB97,1979-06-30,427101.3722722147
ID19_MBB97,1979-09-30,406504.22898372373
ID19_MBB97,1979-12-31,400490.57845239737
ID19_MBB97,1980-03-31,401657.3772431921
ID19_MBB97,1980-06-30,490895.9701344935
ID19_MBB97,1980-09-30,415764.2354942613
ID19_MBB97,1980-12-31,465296.7547970085
ID19_MBB97,1981-03-31,530672.8741286019
ID19_MBB97,1981-06-30,526671.0792166089
ID19_MBB97,1981-09-30,428816.2602978991
ID19_MBB97,1981-12-31,445622.1298564775
ID19_MBB97,1982-03-31,531449.2584681002
ID19_MBB97,1982-06-30,584836.6467908387
ID19_MBB97,1982-09-30,522803.6048573209
ID19_MBB97,1982-12-31,533194.21881172
ID19_MBB97,1983-03-31,573810.0263051135
ID19_MBB97,1983-06-30,649830.9487911101
ID19_MBB97,1983-09-30,584417.5010542648
ID19_MBB97,1983-12-31,579230.7897892417
ID19_MBB97,1984-03-31,690266.207224354
ID19_MBB97,1984-06-30,685263.0016762831
ID19_MBB97,1984-09-30,661067.3573627578
ID19_MBB97,1984-12-31,460724.7315208664
ID19_MBB97,1985-03-31,441070.53045114473
ID19_MBB97,1985-06-30,402576.64979476196
ID19_MBB97,1985-09-30,441308.21226489206
ID192_MBB98,1975-12-31,102.29188110956366
ID192_MBB98,1976-03-31,103.4989922422947
ID192_MBB98,1976-06-30,96.43784330756252
ID192_MBB98,1976-09-30,104.78731515120893
ID192_MBB98,1976-12-31,103.23767144267711
ID192_MBB98,1977-03-31,104.68876843476914
ID192_MBB98,1977-06-30,100.16371818841812
ID192_MBB98,1977-09-30,106.09772220205654
ID192_MBB98,1977-12-31,108.26282774013315
ID192_MBB98,1978-03-31,108.47945382761142
ID192_MBB98,1978-06-30,97.55726105863918
ID192_MBB98,1978-09-30,105.93707324920466
ID192_MBB98,1978-12-31,106.73204531169665
ID192_MBB98,1979-03-31,107.66199339091895
ID192_MBB98,1979-06-30,100.09573839202838
ID192_MBB98,1979-09-30,111.90701963635082
ID192_MBB98,1979-12-31,112.53676027063783
ID192_MBB98,1980-03-31,112.37864354558619
ID192_MBB98,1980-06-30,100.86170923695411
ID192_MBB98,1980-09-30,112.74832713418961
ID192_MBB98,1980-12-31,108.89453741321587
ID192_MBB98,1981-03-31,110.29651856710097
ID192_MBB98,1981-06-30,97.27557856062124
ID192_MBB98,1981-09-30,107.54456777111244
ID192_MBB98,1981-12-31,107.64032924965205
ID192_MBB98,1982-03-31,105.21620974575133
ID192_MBB98,1982-06-30,92.7776034881332
ID192_MBB98,1982-09-30,107.27691975268574
ID192_MBB98,1982-12-31,103.0008613300253
ID192_MBB98,1983-03-31,101.65560409911762
ID192_MBB98,1983-06-30,87.89593751232476
ID192_MBB98,1983-09-30,101.66970830359409
ID192_MBB98,1983-12-31,100.37760496331185
ID192_MBB98,1984-03-31,97.80574542642603
ID192_MBB98,1984-06-30,88.53595345343317
ID192_MBB98,1984-09-30,103.23938045374769
ID192_MBB98,1984-12-31,100.40436364874854
ID192_MBB98,1985-03-31,101.09888728187886
ID192_MBB98,1985-06-30,90.52506689005726
ID192_MBB98,1985-09-30,104.17186458944227
ID192_MBB98,1985-12-31,103.5238053401389
ID192_MBB98,1986-03-31,101.18812666173656
ID192_MBB98,1986-06-30,88.92959266254714
ID192_MBB98,1986-09-30,104.14591716715134
ID192_MBB98,1986-12-31,100.57713293400795
ID192_MBB98,1987-03-31,102.57477962124955
ID192_MBB98,1987-06-30,88.75604759300921
ID192_MBB98,1987-09-30,100.69040196796706
ID192_MBB98,1987-12-31,99.1361178535409
ID192_MBB98,1988-03-31,97.99924692053881
ID192_MBB98,1988-06-30,82.49779352790112
ID192_MBB98,1988-09-30,96.17308769603676
ID193_MBB99,1975-12-31,583.181453482767
ID193_MBB99,1976-03-31,367.1574675148171
ID193_MBB99,1976-06-30,282.47142447340326
ID193_MBB99,1976-09-30,344.5435416388067
ID193_MBB99,1976-12-31,546.966797211121
ID193_MBB99,1977-03-31,378.73973524400594
ID193_MBB99,1977-06-30,275.38076755111024
ID193_MBB99,1977-09-30,313.8211628499372
ID193_MBB99,1977-12-31,468.67469945207466
ID193_MBB99,1978-03-31,327.92902559046894
ID193_MBB99,1978-06-30,231.15026766641577
ID193_MBB99,1978-09-30,268.88362155811694
ID193_MBB99,1978-12-31,394.03243983910914
ID193_MBB99,1979-03-31,281.33287745948786
ID193_MBB99,1979-06-30,206.46120245695374
ID193_MBB99,1979-09-30,217.44913685248054
ID193_MBB99,1979-12-31,347.9817616553716
ID193_MBB99,1980-03-31,267.3291009699374
ID193_MBB99,1980-06-30,209.26414717243355
ID193_MBB99,1980-09-30,231.7184802913041
ID193_MBB99,1980-12-31,392.494543814461
ID193_MBB99,1981-03-31,303.908082998198
ID193_MBB99,1981-06-30,268.14980844134806
ID193_MBB99,1981-09-30,302.1588283040952
ID193_MBB99,1981-12-31,456.7160369989957
ID193_MBB99,1982-03-31,406.078426410891
ID193_MBB99,1982-06-30,302.48312540834326
ID193_MBB99,1982-09-30,313.4329925703762
ID193_MBB99,1982-12-31,458.0345597334821
ID193_MBB99,1983-03-31,393.28727306427726
ID193_MBB99,1983-06-30,342.12497048459073
ID193_MBB99,1983-09-30,379.2890867123233
ID193_MBB99,1983-12-31,524.6686244160587
ID193_MBB99,1984-03-31,507.50625335075557
ID193_MBB99,1984-06-30,434.8000203890405
ID193_MBB99,1984-09-30,450.9402101217686
ID193_MBB99,1984-12-31,615.8063508766767
ID193_MBB99,1985-03-31,572.3067103320404
ID193_MBB99,1985-06-30,451.01597620824293
ID193_MBB99,1985-09-30,515.2249446081547
ID193_MBB99,1985-12-31,671.4816526053701
ID193_MBB99,1986-03-31,612.2698964736906
ID193_MBB99,1986-06-30,505.59378395796483
ID193_MBB99,1986-09-30,539.623708756894
ID194_MBB100,1975-12-31,87.14786808247482
ID194_MBB100,1976-03-31,89.94095334738067
ID194_MBB100,1976-06-30,93.04349810073114
ID194_MBB100,1976-09-30,92.13922619892966
ID194_MBB100,1976-12-31,91.72259056569611
ID194_MBB100,1977-03-31,95.01324314274265
ID194_MBB100,1977-06-30,97.73740645588941
ID194_MBB100,1977-09-30,97.08021820533234
ID194_MBB100,1977-12-31,97.07327616336732
ID194_MBB100,1978-03-31,100.74998240137866
ID194_MBB100,1978-06-30,102.93342256182737
ID194_MBB100,1978-09-30,100.393682952862
ID194_MBB100,1978-12-31,98.93840982040935
ID194_MBB100,1979-03-31,100.69881421568053
ID194_MBB100,1979-06-30,101.44045579361614
ID194_MBB100,1979-09-30,99.32563902989541
ID194_MBB100,1979-12-31,98.05126945089613
ID194_MBB100,1980-03-31,100.47168324443106
ID194_MBB100,1980-06-30,101.3706765035639
ID194_MBB100,1980-09-30,101.22049717369107
ID194_MBB100,1980-12-31,99.96822468850758
ID194_MBB100,1981-03-31,102.45068820714742
ID194_MBB100,1981-06-30,102.91791504628131
ID194_MBB100,1981-09-30,102.02507421200511
ID194_MBB100,1981-12-31,99.1757709726767
ID194_MBB100,1982-03-31,101.52982065471068
ID194_MBB100,1982-06-30,101.71346300056177
ID194_MBB100,1982-09-30,98.91152103892988
ID194_MBB100,1982-12-31,97.5932318154493
ID194_MBB100,1983-03-31,100.22244122252
ID194_MBB100,1983-06-30,100.88688903627494
ID194_MBB100,1983-09-30,100.04678889748641
ID194_MBB100,1983-12-31,98.15962524097891
ID194_MBB100,1984-03-31,100.80079049259716
ID194_MBB100,1984-06-30,102.30298661565946
ID194_MBB100,1984-09-30,101.4473030952665
ID195_MBB101,1975-12-31,40.886209110043
ID195_MBB101,1976-03-31,40.92990164942594
ID195_MBB101,1976-06-30,41.22902361805454
ID195_MBB101,1976-09-30,41.21545256855118
ID195_MBB101,1976-12-31,41.03966574489261
ID195_MBB101,1977-03-31,40.73622790299388
ID195_MBB101,1977-06-30,41.19922438044169
ID195_MBB101,1977-09-30,41.114491696744
ID195_MBB101,1977-12-31,40.973690538531415
ID195_MBB101,1978-03-31,40.75034315825886
ID195_MBB101,1978-06-30,40.75208625211151
ID195_MBB101,1978-09-30,40.36598176526213
ID195_MBB101,1978-12-31,40.193947524059446
ID195_MBB101,1979-03-31,40.18612192130261
ID195_MBB101,1979-06-30,40.32728779810701
ID195_MBB101,1979-09-30,40.44641561684509
ID195_MBB101,1979-12-31,40.321524774754586
ID195_MBB101,1980-03-31,40.08685967800556
ID195_MBB101,1980-06-30,40.59451458547721
ID195_MBB101,1980-09-30,40.404889287698666
ID195_MBB101,1980-12-31,40.181131444775296
ID195_MBB101,1981-03-31,40.108630064789175
ID195_MBB101,1981-06-30,40.109302703592846
ID195_MBB101,1981-09-30,39.73643082210868
ID195_MBB101,1981-12-31,39.61408160908669
ID195_MBB101,1982-03-31,39.71911595586792
ID195_MBB101,1982-06-30,39.78430319904213
ID195_MBB101,1982-09-30,39.62802519042924
ID195_MBB101,1982-12-31,39.556510698689706
ID195_MBB101,1983-03-31,39.58835996557323
ID195_MBB101,1983-06-30,39.70114721948181
ID195_MBB101,1983-09-30,40.072035596306364
ID195_MBB101,1983-12-31,39.771853210463085
ID195_MBB101,1984-03-31,39.76825868761228
ID195_MBB101,1984-06-30,39.87070453085968
ID195_MBB101,1984-09-30,40.17359565172499
ID196_MBB102,1975-12-31,103.50156248573342
ID196_MBB102,1976-03-31,265.96211909110826
ID196_MBB102,1976-06-30,394.928094438569
ID196_MBB102,1976-09-30,504.03089872065107
ID196_MBB102,1976-12-31,337.6507735662544
ID196_MBB102,1977-03-31,857.0369377394201
ID196_MBB102,1977-06-30,1149.2120265417475
ID196_MBB102,1977-09-30,633.6525045107254
ID196_MBB102,1977-12-31,986.2775517396243
ID196_MBB102,1978-03-31,1598.1854887613208
ID196_MBB102,1978-06-30,1799.3985410026514
ID196_MBB102,1978-09-30,392.58920300379356
ID196_MBB102,1978-12-31,867.3126163816044
ID196_MBB102,1979-03-31,2227.2332271013715
ID196_MBB102,1979-06-30,2135.9183242483787
ID196_MBB102,1979-09-30,311.9286118814033
ID196_MBB102,1979-12-31,845.0047886621987
ID196_MBB102,1980-03-31,1518.0079012468036
ID196_MBB102,1980-06-30,3280.0507267129274
ID196_MBB102,1980-09-30,960.6120519980021
ID196_MBB102,1980-12-31,1081.0760557422764
ID196_MBB102,1981-03-31,1347.5696063610908
ID196_MBB102,1981-06-30,2133.17607952759
ID196_MBB102,1981-09-30,1429.6059660180056
ID196_MBB102,1981-12-31,886.7053219680345
ID196_MBB102,1982-03-31,1710.742724528063
ID196_MBB102,1982-06-30,2150.7532967369643
ID196_MBB102,1982-09-30,701.5039723852699
ID196_MBB102,1982-12-31,402.6232302000982
ID196_MBB102,1983-03-31,1012.8255005909534
ID196_MBB102,1983-06-30,1765.5650117124246
ID196_MBB102,1983-09-30,1171.4014579503742
ID196_MBB102,1983-12-31,579.117676040375
ID196_MBB102,1984-03-31,3026.176315574641
ID196_MBB102,1984-06-30,3501.8778532434353
ID196_MBB102,1984-09-30,1324.2894059472246
ID197_MBB103,1975-12-31,62.02312083516688
ID197_MBB103,1976-03-31,62.604182753211354
ID197_MBB103,1976-06-30,62.95929457374204
ID197_MBB103,1976-09-30,63.455578365748295
ID197_MBB103,1976-12-31,63.976968210615524
ID197_MBB103,1977-03-31,64.80986900695348
ID197_MBB103,1977-06-30,65.54356483959357
ID197_MBB103,1977-09-30,65.27370868117303
ID197_MBB103,1977-12-31,66.30263841341304
ID197_MBB103,1978-03-31,67.2830953526842
ID197_MBB103,1978-06-30,66.91155854394884
ID197_MBB103,1978-09-30,68.51898598642522
ID197_MBB103,1978-12-31,69.01325867671905
ID197_MBB103,1979-03-31,69.90666416595744
ID197_MBB103,1979-06-30,70.54455685150812
ID197_MBB103,1979-09-30,71.592590719928
ID197_MBB103,1979-12-31,73.08766547038041
ID197_MBB103,1980-03-31,73.83741026185255
ID197_MBB103,1980-06-30,75.44137948072904
ID197_MBB103,1980-09-30,76.4523336425225
ID197_MBB103,1980-12-31,78.26130499271912
ID197_MBB103,1981-03-31,78.81665348428122
ID197_MBB103,1981-06-30,80.36849807033565
ID197_MBB103,1981-09-30,82.41063798503981
ID197_MBB103,1981-12-31,83.06013580888434
ID197_MBB103,1982-03-31,84.76596570868598
ID197_MBB103,1982-06-30,87.32122929325753
ID197_MBB103,1982-09-30,87.79992671193713
ID197_MBB103,1982-12-31,90.01154037130514
ID197_MBB103,1983-03-31,91.81093634158537
ID197_MBB103,1983-06-30,93.19720382656055
ID197_MBB103,1983-09-30,95.52817354134038
ID197_MBB103,1983-12-31,96.97734495972475
ID197_MBB103,1984-03-31,98.91017072056769
ID197_MBB103,1984-06-30,100.74197041592176
ID197_MBB103,1984-09-30,103.46064709790716
ID197_MBB103,1984-12-31,105.75307006449069
ID197_MBB103,1985-03-31,107.7926165867671
ID197_MBB103,1985-06-30,109.95744693334201
ID197_MBB103,1985-09-30,111.42905743651175
ID197_MBB103,1985-12-31,114.25511385113965
ID197_MBB103,1986-03-31,115.71508498203066
ID197_MBB103,1986-06-30,118.90783891969274
ID197_MBB103,1986-09-30,121.01084785892567
ID198_MBB104,1975-12-31,1185.3514193925023
ID198_MBB104,1976-03-31,1194.4127581806986
ID198_MBB104,1976-06-30,1205.095038171817
ID198_MBB104,1976-09-30,1214.5045653290988
ID198_MBB104,1976-12-31,1235.9504188573985
ID198_MBB104,1977-03-31,1240.5358623770212
ID198_MBB104,1977-06-30,1245.5914543542847
ID198_MBB104,1977-09-30,1250.6473843602046
ID198_MBB104,1977-12-31,1258.5449985197065
ID198_MBB104,1978-03-31,1265.7503121874918
ID198_MBB104,1978-06-30,1268.1188665984255
ID198_MBB104,1978-09-30,1288.3083790535934
ID198_MBB104,1978-12-31,1265.250685408889
ID198_MBB104,1979-03-31,1274.466249242485
ID198_MBB104,1979-06-30,1274.2090436299648
ID198_MBB104,1979-09-30,1284.611522794893
ID198_MBB104,1979-12-31,1305.0096530301664
ID198_MBB104,1980-03-31,1312.2395102212959
ID198_MBB104,1980-06-30,1314.692753663709
ID198_MBB104,1980-09-30,1330.0680688993502
ID198_MBB104,1980-12-31,1334.0002320972349
ID198_MBB104,1981-03-31,1342.9998107190213
ID198_MBB104,1981-06-30,1350.9997822159505
ID198_MBB104,1981-09-30,1361.000173097396
ID198_MBB104,1981-12-31,1358.7504302382206
ID198_MBB104,1982-03-31,1367.0264779555612
ID198_MBB104,1982-06-30,1353.80189006304
ID198_MBB104,1982-09-30,1367.4976702762817
ID198_MBB104,1982-12-31,1372.4629330459145
ID198_MBB104,1983-03-31,1345.428677617394
ID198_MBB104,1983-06-30,1310.6588170515786
ID198_MBB104,1983-09-30,1308.3076223562475
ID198_MBB104,1983-12-31,1299.9459021506266
ID198_MBB104,1984-03-31,1288.7439839609208
ID198_MBB104,1984-06-30,1265.8694741118663
ID198_MBB104,1984-09-30,1281.3827415668645
ID199_MBB105,1975-12-31,70.4117624238449
ID199_MBB105,1976-03-31,48.42400052382019
ID199_MBB105,1976-06-30,38.01793933644255
ID199_MBB105,1976-09-30,44.50006674168013
ID199_MBB105,1976-12-31,51.83999932868568
ID199_MBB105,1977-03-31,41.59999693341134
ID199_MBB105,1977-06-30,37.700003157518815
ID199_MBB105,1977-09-30,49.900002673153125
ID199_MBB105,1977-12-31,67.00501549520492
ID199_MBB105,1978-03-31,59.63868204103464
ID199_MBB105,1978-06-30,51.69789232401902
ID199_MBB105,1978-09-30,60.10207662352739
ID199_MBB105,1978-12-31,78.82303664801728
ID199_MBB105,1979-03-31,62.1393239257994
ID199_MBB105,1979-06-30,58.13726626200205
ID199_MBB105,1979-09-30,64.0929695906517
ID199_MBB105,1979-12-31,76.94758510693323
ID199_MBB105,1980-03-31,65.72517802269108
ID199_MBB105,1980-06-30,52.791873972286574
ID199_MBB105,1980-09-30,59.48464669352787
ID199_MBB105,1980-12-31,72.64321747866332
ID199_MBB105,1981-03-31,56.19770663653511
ID199_MBB105,1981-06-30,48.38213493365455
ID199_MBB105,1981-09-30,57.381851253931146
ID199_MBB105,1981-12-31,67.66400061826236
ID199_MBB105,1982-03-31,51.29949010677695
ID199_MBB105,1982-06-30,45.508973791044546
ID199_MBB105,1982-09-30,62.32303491866509
ID199_MBB105,1982-12-31,76.69999597220979
ID199_MBB105,1983-03-31,64.900002863116
ID199_MBB105,1983-06-30,63.300018157787605
ID199_MBB105,1983-09-30,89.50002372993197
ID199_MBB105,1983-12-31,110.78055449000459
ID199_MBB105,1984-03-31,90.38010666201833
ID199_MBB105,1984-06-30,86.43993283491898
ID199_MBB105,1984-09-30,109.10957866370063
ID2_MBB106,1975-12-31,95.92186792543382
ID2_MBB106,1976-03-31,132.07418321017232
ID2_MBB106,1976-06-30,129.82591562435678
ID2_MBB106,1976-09-30,123.65207870977174
ID2_MBB106,1976-12-31,79.3043380795954
ID2_MBB106,1977-03-31,104.79676266879822
ID2_MBB106,1977-06-30,109.10919632893781
ID2_MBB106,1977-09-30,128.46288752197574
ID2_MBB106,1977-12-31,83.4629113950842
ID2_MBB106,1978-03-31,133.75779334271456
ID2_MBB106,1978-06-30,148.9855017770358
ID2_MBB106,1978-09-30,136.57374423967175
ID2_MBB106,1978-12-31,94.01843910010578
ID2_MBB106,1979-03-31,142.9544573831939
ID2_MBB106,1979-06-30,157.2857571408884
ID2_MBB106,1979-09-30,138.61011018486985
ID2_MBB106,1979-12-31,107.30598938249312
ID2_MBB106,1980-03-31,150.3006001846623
ID2_MBB106,1980-06-30,139.56029886426452
ID2_MBB106,1980-09-30,155.2322285903327
ID2_MBB106,1980-12-31,107.55740042257207
ID2_MBB106,1981-03-31,162.67139605685543
ID2_MBB106,1981-06-30,180.62745963775345
ID2_MBB106,1981-09-30,189.2245590955246
ID2_MBB106,1981-12-31,135.07188766584798
ID2_MBB106,1982-03-31,210.62051032077912
ID2_MBB106,1982-06-30,216.73382044798265
ID2_MBB106,1982-09-30,201.39410969540816
ID2_MBB106,1982-12-31,143.00003213535794
ID2_MBB106,1983-03-31,237.10617104201467
ID2_MBB106,1983-06-30,264.0935718324285
ID2_MBB106,1983-09-30,179.79151482228215
ID2_MBB106,1983-12-31,177.27127700637877
ID2_MBB106,1984-03-31,258.29666161633634
ID2_MBB106,1984-06-30,259.449114215118
ID2_MBB106,1984-09-30,258.81152389447385
ID2_MBB106,1984-12-31,173.9689375685484
ID2_MBB106,1985-03-31,289.41553660310717
ID2_MBB106,1985-06-30,316.267356664918
ID2_MBB106,1985-09-30,207.08801508172493
ID2_MBB106,1985-12-31,199.19083487792153
ID2_MBB106,1986-03-31,284.68485346934534
ID2_MBB106,1986-06-30,291.47473416317183
ID2_MBB106,1986-09-30,286.8702744754304
ID20_MBB107,1973-12-31,103284.79376158498
ID20_MBB107,1974-03-31,99946.86267084944
ID20_MBB107,1974-06-30,107123.12658626806
ID20_MBB107,1974-09-30,104692.83657432251
ID20_MBB107,1974-12-31,106952.59882354767
ID20_MBB107,1975-03-31,103089.32927634532
ID20_MBB107,1975-06-30,111308.42561585394
ID20_MBB107,1975-09-30,113659.64294708172
ID20_MBB107,1975-12-31,112493.02551058432
ID20_MBB107,1976-03-31,110895.16409184907
ID20_MBB107,1976-06-30,119914.24203262255
ID20_MBB107,1976-09-30,120328.60107146528
ID20_MBB107,1976-12-31,118852.10175028654
ID20_MBB107,1977-03-31,119681.67503941545
ID20_MBB107,1977-06-30,122077.08527876117
ID20_MBB107,1977-09-30,121093.31600776783
ID20_MBB107,1977-12-31,120958.46702827243
ID20_MBB107,1978-03-31,121877.86779928251
ID20_MBB107,1978-06-30,123574.74131566218
ID20_MBB107,1978-09-30,130949.07403878678
ID200_MBB108,1975-12-31,41.661041169698684
ID200_MBB108,1976-03-31,36.01244492721466
ID200_MBB108,1976-06-30,40.99198852777925
ID200_MBB108,1976-09-30,61.25101583348604
ID200_MBB108,1976-12-31,53.34807383366594
ID200_MBB108,1977-03-31,44.73156066264813
ID200_MBB108,1977-06-30,46.836272150608686
ID200_MBB108,1977-09-30,64.99902557075964
ID200_MBB108,1977-12-31,46.8709874299846
ID200_MBB108,1978-03-31,37.38475760353268
ID200_MBB108,1978-06-30,38.178647580265064
ID200_MBB108,1978-09-30,51.11593171035148
ID200_MBB108,1978-12-31,46.47569492978008
ID200_MBB108,1979-03-31,34.259452294836755
ID200_MBB108,1979-06-30,32.653493735193116
ID200_MBB108,1979-09-30,43.8234604097155
ID200_MBB108,1979-12-31,39.03694077103354
ID200_MBB108,1980-03-31,31.811038305084317
ID200_MBB108,1980-06-30,33.75662395511162
ID200_MBB108,1980-09-30,48.25723810330248
ID200_MBB108,1980-12-31,47.43594625012917
ID200_MBB108,1981-03-31,34.98346228845553
ID200_MBB108,1981-06-30,41.015007288091404
ID200_MBB108,1981-09-30,60.1654707903037
ID200_MBB108,1981-12-31,55.15860398679047
ID200_MBB108,1982-03-31,40.7332475846618
ID200_MBB108,1982-06-30,41.98871565661593
ID200_MBB108,1982-09-30,55.52933878214232
ID200_MBB108,1982-12-31,47.49597511114505
ID200_MBB108,1983-03-31,34.152166458748276
ID200_MBB108,1983-06-30,36.73251300155779
ID200_MBB108,1983-09-30,44.27225634764102
ID200_MBB108,1983-12-31,35.54621881319554
ID200_MBB108,1984-03-31,26.815085604813945
ID200_MBB108,1984-06-30,28.0309612241421
ID200_MBB108,1984-09-30,39.02534031007689
ID201_MBB109,1975-12-31,659.4149233889325
ID201_MBB109,1976-03-31,660.1583572561591
ID201_MBB109,1976-06-30,660.0153188838937
ID201_MBB109,1976-09-30,672.1612523768215
ID201_MBB109,1976-12-31,685.2917049169455
ID201_MBB109,1977-03-31,686.9910219021446
ID201_MBB109,1977-06-30,689.0732508105335
ID201_MBB109,1977-09-30,699.7295374073609
ID201_MBB109,1977-12-31,712.1781695251975
ID201_MBB109,1978-03-31,712.3619739171693
ID201_MBB109,1978-06-30,709.9605402649601
ID201_MBB109,1978-09-30,719.9171880021602
ID201_MBB109,1978-12-31,730.9221934548335
ID201_MBB109,1979-03-31,727.9439752683751
ID201_MBB109,1979-06-30,718.1253062757814
ID201_MBB109,1979-09-30,717.945524145826
ID201_MBB109,1979-12-31,725.8118175359167
ID201_MBB109,1980-03-31,721.9232258715903
ID201_MBB109,1980-06-30,714.3305850955934
ID201_MBB109,1980-09-30,723.8949741723067
ID201_MBB109,1980-12-31,738.420819537248
ID201_MBB109,1981-03-31,737.3811611517115
ID201_MBB109,1981-06-30,735.5193944054972
ID201_MBB109,1981-09-30,749.8696489796399
ID201_MBB109,1981-12-31,761.9931662809722
ID201_MBB109,1982-03-31,761.2018035173189
ID201_MBB109,1982-06-30,758.6210066332195
ID201_MBB109,1982-09-30,770.8468808429045
ID201_MBB109,1982-12-31,781.4180706356675
ID201_MBB109,1983-03-31,779.4094418889898
ID201_MBB109,1983-06-30,770.1126562308597
ID201_MBB109,1983-09-30,781.5847907890418
ID201_MBB109,1983-12-31,793.8666439833565
ID201_MBB109,1984-03-31,788.896371192551
ID201_MBB109,1984-06-30,780.5448732474115
ID201_MBB109,1984-09-30,791.3943631252523
ID202_MBB110,1975-12-31,5.480003169403087
ID202_MBB110,1976-03-31,6.464569779863831
ID202_MBB110,1976-06-30,7.0445254731486955
ID202_MBB110,1976-09-30,7.2784610593333365
ID202_MBB110,1976-12-31,7.448594640446425
ID202_MBB110,1977-03-31,7.886506015811747
ID202_MBB110,1977-06-30,6.996375737584793
ID202_MBB110,1977-09-30,8.909298598217083
ID202_MBB110,1977-12-31,8.270200269035657
ID202_MBB110,1978-03-31,6.321139818897444
ID202_MBB110,1978-06-30,6.795569903772976
ID202_MBB110,1978-09-30,8.055359724280915
ID202_MBB110,1978-12-31,5.91334136375394
ID202_MBB110,1979-03-31,3.937296313492233
ID202_MBB110,1979-06-30,3.0164416852807454
ID202_MBB110,1979-09-30,3.383018055012913
ID202_MBB110,1979-12-31,3.0155764801287956
ID202_MBB110,1980-03-31,2.5215610379538287
ID202_MBB110,1980-06-30,2.5265909558250934
ID202_MBB110,1980-09-30,4.427801244478125
ID202_MBB110,1980-12-31,4.491073224103284
ID202_MBB110,1981-03-31,3.0548702308820523
ID202_MBB110,1981-06-30,3.050981426035924
ID202_MBB110,1981-09-30,5.453056885267044
ID202_MBB110,1981-12-31,5.634215613561607
ID202_MBB110,1982-03-31,4.956456466155624
ID202_MBB110,1982-06-30,5.47153014213589
ID202_MBB110,1982-09-30,5.006104560012597
ID202_MBB110,1982-12-31,4.0854904149198
ID202_MBB110,1983-03-31,3.188605411067866
ID202_MBB110,1983-06-30,2.9477602614565797
ID202_MBB110,1983-09-30,3.0770689917791936
ID202_MBB110,1983-12-31,2.367717764219374
ID202_MBB110,1984-03-31,2.5187492514679137
ID202_MBB110,1984-06-30,2.85292730315891
ID202_MBB110,1984-09-30,3.0467131492735255
ID21_MBB111,1978-06-30,111524.13954192038
ID21_MBB111,1978-09-30,112133.99949974014
ID21_MBB111,1978-12-31,116393.87819390694
ID21_MBB111,1979-03-31,117357.79607711731
ID21_MBB111,1979-06-30,116772.24306870539
ID21_MBB111,1979-09-30,118192.70096199498
ID21_MBB111,1979-12-31,121558.14219650894
ID21_MBB111,1980-03-31,123881.87617350346
ID21_MBB111,1980-06-30,123231.85800447325
ID21_MBB111,1980-09-30,124243.75175620316
ID21_MBB111,1980-12-31,133263.85586728607
ID21_MBB111,1981-03-31,131252.87240788367
ID21_MBB111,1981-06-30,128848.80657564856
ID21_MBB111,1981-09-30,133293.87171291182
ID21_MBB111,1981-12-31,138328.67136595593
ID21_MBB111,1982-03-31,138502.04569109454
ID21_MBB111,1982-06-30,137388.79447452346
ID21_MBB111,1982-09-30,135918.25479489416
ID21_MBB111,1982-12-31,139439.5759639725
ID21_MBB111,1983-03-31,138791.02495098376
ID21_MBB111,1983-06-30,136542.73655866503
ID21_MBB111,1983-09-30,131208.71248506094
ID21_MBB111,1983-12-31,132406.32272083955
ID21_MBB111,1984-03-31,134167.18978736718
ID21_MBB111,1984-06-30,135191.45080549343
ID21_MBB111,1984-09-30,129714.16338595342
ID21_MBB111,1984-12-31,131472.56165427255
ID21_MBB111,1985-03-31,138029.9283204201
ID21_MBB111,1985-06-30,132086.7360005962
ID21_MBB111,1985-09-30,132327.28617630596
ID21_MBB111,1985-12-31,141796.06927188538
ID21_MBB111,1986-03-31,144980.682466427
ID21_MBB111,1986-06-30,145310.11760777663
ID21_MBB111,1986-09-30,142138.30996494743
ID21_MBB111,1986-12-31,150107.0172008679
ID21_MBB111,1987-03-31,149804.4295973621
ID21_MBB111,1987-06-30,148049.3057994939
ID21_MBB111,1987-09-30,136571.73561948878
ID22_MBB112,1977-09-30,132.47659760670885
ID22_MBB112,1977-12-31,130.86959730340956
ID22_MBB112,1978-03-31,129.0791014153599
ID22_MBB112,1978-06-30,127.36714417736351
ID22_MBB112,1978-09-30,136.95295869671486
ID22_MBB112,1978-12-31,144.09707163912927
ID22_MBB112,1979-03-31,156.2051968040569
ID22_MBB112,1979-06-30,172.0220008827152
ID22_MBB112,1979-09-30,219.95998983932606
ID22_MBB112,1979-12-31,240.90000467706446
ID22_MBB112,1980-03-31,240.90000467706446
ID22_MBB112,1980-06-30,240.90000467706446
ID22_MBB112,1980-09-30,212.9141919704563
ID22_MBB112,1980-12-31,186.99435904586457
ID22_MBB112,1981-03-31,171.31337764892885
ID22_MBB112,1981-06-30,166.18244560179315
ID22_MBB112,1981-09-30,165.57664733295047
ID22_MBB112,1981-12-31,161.3341827035506
ID22_MBB112,1982-03-31,158.4001607312197
ID22_MBB112,1982-06-30,164.16393156787336
ID22_MBB112,1982-09-30,167.72441412120725
ID22_MBB112,1982-12-31,167.54570624176603
ID22_MBB112,1983-03-31,171.47939741393898
ID22_MBB112,1983-06-30,171.07729138078346
ID22_MBB112,1983-09-30,172.17928095368944
ID22_MBB112,1983-12-31,173.75573716127326
ID22_MBB112,1984-03-31,173.31397024108452
ID22_MBB112,1984-06-30,175.16233366646622
ID22_MBB112,1984-09-30,172.6461649477766
ID22_MBB112,1984-12-31,173.8412867266611
ID22_MBB112,1985-03-31,174.10307783404008
ID22_MBB112,1985-06-30,174.6858372765734
ID22_MBB112,1985-09-30,161.2647047468518
ID22_MBB112,1985-12-31,166.43431082762538
ID22_MBB112,1986-03-31,174.9289203298342
ID22_MBB112,1986-06-30,169.58467791662684
ID22_MBB112,1986-09-30,172.61742029349037
ID22_MBB112,1986-12-31,167.05928248637076
ID22_MBB112,1987-03-31,167.10011113020406
ID22_MBB112,1987-06-30,168.30818789826682
ID22_MBB112,1987-09-30,163.35877223270074
ID22_MBB112,1987-12-31,158.37756773011077
ID22_MBB112,1988-03-31,157.92808465239705
ID22_MBB112,1988-06-30,145.87714364621473
ID22_MBB112,1988-09-30,161.32454077369204
ID22_MBB112,1988-12-31,159.41902195014046
ID22_MBB112,1989-03-31,161.019553248494
ID22_MBB112,1989-06-30,159.5933827781836
ID22_MBB112,1989-09-30,176.07272510581632
ID22_MBB112,1989-12-31,164.21443502116267
ID22_MBB112,1990-03-31,150.33064409252353
ID22_MBB112,1990-06-30,150.7457900313924
ID22_MBB112,1990-09-30,157.2309458285766
ID22_MBB112,1990-12-31,156.71740248597834
ID22_MBB112,1991-03-31,145.91337333720907
ID22_MBB112,1991-06-30,149.06442918687878
ID22_MBB112,1991-09-30,160.49534666697488
ID22_MBB112,1991-12-31,160.4232381609834
ID22_MBB112,1992-03-31,161.2029509590772
ID22_MBB112,1992-06-30,161.7716141824678
ID22_MBB112,1992-09-30,164.64421630761066
ID22_MBB112,1992-12-31,166.0211426149224
ID22_MBB112,1993-03-31,166.49267334206885
ID22_MBB112,1993-06-30,166.57596989212576
ID22_MBB112,1993-09-30,169.6519639344792
ID22_MBB112,1993-12-31,170.85043913423078
ID22_MBB112,1994-03-31,171.2268570722944
ID22_MBB112,1994-06-30,167.7960658278362
ID22_MBB112,1994-09-30,173.07362519052296
ID22_MBB112,1994-12-31,174.50356207558866
ID22_MBB112,1995-03-31,174.0744222875251
ID22_MBB112,1995-06-30,173.85789718406778
ID22_MBB112,1995-09-30,173.9497361229929
ID22_MBB112,1995-12-31,174.8083876073598
ID22_MBB112,1996-03-31,174.96751982805995
ID22_MBB112,1996-06-30,174.71941603128494
ID22_MBB112,1996-09-30,173.40667176435497
ID22_MBB112,1996-12-31,172.12829221289834
ID22_MBB112,1997-03-31,178.36787613051098
ID22_MBB112,1997-06-30,177.4327199640582
ID22_MBB112,1997-09-30,177.7604789745273
ID22_MBB112,1997-12-31,173.83909788515527
ID22_MBB112,1998-03-31,180.23966943974483
ID22_MBB112,1998-06-30,168.41146576835982
ID22_MBB112,1998-09-30,182.87002219997348
ID22_MBB112,1998-12-31,182.87002219997348
ID22_MBB112,1999-03-31,201.81998290147004
ID22_MBB112,1999-06-30,201.81998290147004
ID22_MBB112,1999-09-30,197.33343667334472
ID22_MBB112,1999-12-31,197.69476255633612
ID22_MBB112,2000-03-31,200.35951817553627
ID22_MBB112,2000-06-30,200.99070208287293
ID22_MBB112,2000-09-30,199.43422239760582
ID22_MBB112,2000-12-31,203.03657453218315
ID22_MBB112,2001-03-31,199.61438716023562
ID22_MBB112,2001-06-30,199.08484243198833
ID22_MBB112,2001-09-30,232.0347070161982
ID22_MBB112,2001-12-31,243.2321210381076
ID22_MBB112,2002-03-31,246.97180451200646
ID22_MBB112,2002-06-30,241.03758099984356
ID22_MBB112,2002-09-30,264.52430870565627
ID22_MBB112,2002-12-31,299.3575377654281
ID23_MBB113,1977-12-31,1226.4579174609
ID23_MBB113,1978-03-31,1247.8579227290516
ID23_MBB113,1978-06-30,1006.6829342098199
ID23_MBB113,1978-09-30,1151.5146439440716
ID23_MBB113,1978-12-31,1228.885221317139
ID23_MBB113,1979-03-31,1225.0700558992473
ID23_MBB113,1979-06-30,1017.6835471700539
ID23_MBB113,1979-09-30,1163.929210341218
ID23_MBB113,1979-12-31,1353.928376255373
ID23_MBB113,1980-03-31,1137.2162018054737
ID23_MBB113,1980-06-30,1053.6274548775768
ID23_MBB113,1980-09-30,1129.4589136379313
ID23_MBB113,1980-12-31,1313.000306553573
ID23_MBB113,1981-03-31,1006.9998741922411
ID23_MBB113,1981-06-30,1252.0000726518863
ID23_MBB113,1981-09-30,1342.9998107190213
ID23_MBB113,1981-12-31,1670.5443614818464
ID23_MBB113,1982-03-31,1499.998274606548
ID23_MBB113,1982-06-30,1338.7332079783646
ID23_MBB113,1982-09-30,1342.099614105211
ID23_MBB113,1982-12-31,1531.129441295065
ID23_MBB113,1983-03-31,1289.7842978232575
ID23_MBB113,1983-06-30,1091.612313269203
ID23_MBB113,1983-09-30,1196.303007114428
ID23_MBB113,1983-12-31,1365.2855561896688
ID23_MBB113,1984-03-31,1349.8908726479904
ID23_MBB113,1984-06-30,1062.3617590606568
ID23_MBB113,1984-09-30,1199.355218285391
ID23_MBB113,1984-12-31,1615.9910099120145
ID23_MBB113,1985-03-31,1467.7092764857573
ID23_MBB113,1985-06-30,1187.922262409403
ID23_MBB113,1985-09-30,1571.6645055015108
ID23_MBB113,1985-12-31,1593.253706982492
ID23_MBB113,1986-03-31,1545.27691567675
ID23_MBB113,1986-06-30,1280.749253038441
ID23_MBB113,1986-09-30,1439.9673403638824
ID23_MBB113,1986-12-31,1762.789028520104
ID23_MBB113,1987-03-31,1553.0553067950427
ID23_MBB113,1987-06-30,1375.7608460198053
ID24_MBB114,1977-12-31,1036.0211466829014
ID24_MBB114,1978-03-31,945.7330871240509
ID24_MBB114,1978-06-30,707.9430783732867
ID24_MBB114,1978-09-30,1011.6414239725859
ID24_MBB114,1978-12-31,1103.4713077997237
ID24_MBB114,1979-03-31,1037.9541232997042
ID24_MBB114,1979-06-30,772.581812483087
ID24_MBB114,1979-09-30,963.3718690324315
ID24_MBB114,1979-12-31,1056.2096700315328
ID24_MBB114,1980-03-31,908.3727252723884
ID24_MBB114,1980-06-30,778.6913092758097
ID24_MBB114,1980-09-30,996.9606422263828
ID24_MBB114,1980-12-31,1101.283274325677
ID24_MBB114,1981-03-31,1005.4937841001758
ID24_MBB114,1981-06-30,895.075557751333
ID24_MBB114,1981-09-30,1071.8656365981772
ID24_MBB114,1981-12-31,1447.2751902934563
ID24_MBB114,1982-03-31,1267.635250073618
ID24_MBB114,1982-06-30,1101.079451719875
ID24_MBB114,1982-09-30,1281.1082961108032
ID24_MBB114,1982-12-31,1465.0537914790245
ID24_MBB114,1983-03-31,1185.8789138365084
ID24_MBB114,1983-06-30,983.5498226685668
ID24_MBB114,1983-09-30,1063.6292715907837
ID24_MBB114,1983-12-31,1398.1370197354588
ID24_MBB114,1984-03-31,1249.0471278396521
ID24_MBB114,1984-06-30,1134.668421308736
ID24_MBB114,1984-09-30,1225.4038407625455
ID24_MBB114,1984-12-31,1469.06304437623
ID24_MBB114,1985-03-31,1376.1244616144527
ID24_MBB114,1985-06-30,1174.9472189991316
ID24_MBB114,1985-09-30,1418.4272160841094
ID24_MBB114,1985-12-31,1667.690398393575
ID24_MBB114,1986-03-31,1464.3824254331832
ID24_MBB114,1986-06-30,1127.7959341374815
ID24_MBB114,1986-09-30,1725.1898082781895
ID24_MBB114,1986-12-31,1906.7190699845532
ID24_MBB114,1987-03-31,1423.3757197651469
ID24_MBB114,1987-06-30,1215.8850833114038
ID25_MBB115,1977-12-31,886.7780617218829
ID25_MBB115,1978-03-31,978.3370539265854
ID25_MBB115,1978-06-30,725.7680592218663
ID25_MBB115,1978-09-30,1026.454918103035
ID25_MBB115,1978-12-31,1158.4431851247277
ID25_MBB115,1979-03-31,1019.9641970550887
ID25_MBB115,1979-06-30,826.2668262051908
ID25_MBB115,1979-09-30,1132.8707421215554
ID25_MBB115,1979-12-31,1119.4851621013468
ID25_MBB115,1980-03-31,971.2110066241532
ID25_MBB115,1980-06-30,701.375293974716
ID25_MBB115,1980-09-30,957.5880436884213
ID25_MBB115,1980-12-31,1089.1287974619065
ID25_MBB115,1981-03-31,975.9331492443638
ID25_MBB115,1981-06-30,929.3423803974141
ID25_MBB115,1981-09-30,1158.1635952159131
ID25_MBB115,1981-12-31,1524.8532809641342
ID25_MBB115,1982-03-31,1199.2350531678767
ID25_MBB115,1982-06-30,1131.2496719933201
ID25_MBB115,1982-09-30,1261.112656748737
ID25_MBB115,1982-12-31,1400.0727754626034
ID25_MBB115,1983-03-31,1259.4051352400154
ID25_MBB115,1983-06-30,911.5270552627045
ID25_MBB115,1983-09-30,1147.078657398856
ID25_MBB115,1983-12-31,1365.7312661615983
ID25_MBB115,1984-03-31,968.3666192216589
ID25_MBB115,1984-06-30,1092.9784224798254
ID25_MBB115,1984-09-30,1379.7504175044598
ID25_MBB115,1984-12-31,1528.0389893185663
ID25_MBB115,1985-03-31,1037.1145013687105
ID25_MBB115,1985-06-30,1209.8612765596756
ID25_MBB115,1985-09-30,1607.0455139069954
ID25_MBB115,1985-12-31,1646.2723260654475
ID25_MBB115,1986-03-31,1397.6380437235819
ID25_MBB115,1986-06-30,1196.9316592785228
ID25_MBB115,1986-09-30,1644.0212368746172
ID25_MBB115,1986-12-31,1780.7869561171976
ID25_MBB115,1987-03-31,1466.3205280732454
ID25_MBB115,1987-06-30,1311.0865613022283
ID26_MBB116,1977-12-31,159.1027609286013
ID26_MBB116,1978-03-31,171.77826744216654
ID26_MBB116,1978-06-30,176.97065519958292
ID26_MBB116,1978-09-30,173.4621430648931
ID26_MBB116,1978-12-31,191.1604425125803
ID26_MBB116,1979-03-31,201.4772400746786
ID26_MBB116,1979-06-30,200.85694517883474
ID26_MBB116,1979-09-30,198.11780265502415
ID26_MBB116,1979-12-31,204.98205455581373
ID26_MBB116,1980-03-31,213.54836858247623
ID26_MBB116,1980-06-30,225.12655853420006
ID26_MBB116,1980-09-30,231.86107126308517
ID26_MBB116,1980-12-31,229.07742180268286
ID26_MBB116,1981-03-31,264.69137416020436
ID26_MBB116,1981-06-30,247.3390176867986
ID26_MBB116,1981-09-30,265.665739912427
ID26_MBB116,1981-12-31,270.6903270462392
ID26_MBB116,1982-03-31,287.2146306294783
ID26_MBB116,1982-06-30,285.3475298388774
ID26_MBB116,1982-09-30,256.82691994511106
ID26_MBB116,1982-12-31,275.9978996258802
ID26_MBB116,1983-03-31,283.4484014558502
ID26_MBB116,1983-06-30,281.22668619827476
ID26_MBB116,1983-09-30,233.33609868604486
ID27_MBB117,1977-12-31,13.838111900041644
ID27_MBB117,1978-03-31,8.401022608788457
ID27_MBB117,1978-06-30,11.60934535560363
ID27_MBB117,1978-09-30,20.46991764160529
ID27_MBB117,1978-12-31,4.50738399112831
ID27_MBB117,1979-03-31,6.75516442977923
ID27_MBB117,1979-06-30,5.1016345476776275
ID27_MBB117,1979-09-30,4.048584172264355
ID27_MBB117,1979-12-31,5.834612879792098
ID27_MBB117,1980-03-31,10.867301320271258
ID27_MBB117,1980-06-30,7.27615239800857
ID27_MBB117,1980-09-30,2.24204045591758
ID27_MBB117,1980-12-31,5.824092785474266
ID27_MBB117,1981-03-31,9.665625463439788
ID28_MBB118,1977-12-31,45560.47258133104
ID28_MBB118,1978-03-31,37882.116076758604
ID28_MBB118,1978-06-30,31812.425697001818
ID28_MBB118,1978-09-30,42416.658586541074
ID28_MBB118,1978-12-31,57826.34477823544
ID28_MBB118,1979-03-31,47146.5953653593
ID28_MBB118,1979-06-30,42901.99372610641
ID28_MBB118,1979-09-30,39185.753402181785
ID28_MBB118,1979-12-31,55883.88292842868
ID28_MBB118,1980-03-31,37050.110136010866
ID28_MBB118,1980-06-30,31720.2293536155
ID28_MBB118,1980-09-30,47065.568355553725
ID28_MBB118,1980-12-31,40650.61097526383
ID28_MBB118,1981-03-31,38245.42213270575
ID28_MBB118,1981-06-30,90809.75727940517
ID28_MBB118,1981-09-30,41459.842781700725
ID28_MBB118,1981-12-31,74108.12045734347
ID28_MBB118,1982-03-31,56343.08416066614
ID28_MBB118,1982-06-30,117449.46130985557
ID28_MBB118,1982-09-30,49800.98808047356
ID28_MBB118,1982-12-31,80791.95346588998
ID28_MBB118,1983-03-31,60335.68589701948
ID28_MBB118,1983-06-30,90089.41848906955
ID28_MBB118,1983-09-30,70994.64114204937
ID28_MBB118,1983-12-31,119368.42044681622
ID28_MBB118,1984-03-31,59427.54777544069
ID29_MBB119,1977-12-31,666.7427173666102
ID29_MBB119,1978-03-31,637.535688861674
ID29_MBB119,1978-06-30,741.4810078625369
ID29_MBB119,1978-09-30,1082.1403040588132
ID29_MBB119,1978-12-31,589.889696017919
ID29_MBB119,1979-03-31,512.0172996120523
ID29_MBB119,1979-06-30,809.2398998583571
ID29_MBB119,1979-09-30,698.9982961858608
ID29_MBB119,1979-12-31,531.7264769444242
ID29_MBB119,1980-03-31,750.6750213199471
ID29_MBB119,1980-06-30,1129.1676559648108
ID29_MBB119,1980-09-30,545.4740006277075
ID29_MBB119,1980-12-31,1096.9894082696524
ID29_MBB119,1981-03-31,1392.3354015949049
ID29_MBB119,1981-06-30,357.2431102544033
ID29_MBB119,1981-09-30,826.7389060777423
ID29_MBB119,1981-12-31,475.88747599143517
ID29_MBB119,1982-03-31,929.4551201159392
ID29_MBB119,1982-06-30,545.9641450732438
ID29_MBB119,1982-09-30,683.2554261707667
ID29_MBB119,1982-12-31,495.3799674828828
ID29_MBB119,1983-03-31,1207.648524827035
ID29_MBB119,1983-06-30,677.0274348973822
ID29_MBB119,1983-09-30,1031.5473988613978
ID29_MBB119,1983-12-31,796.7947527883625
ID29_MBB119,1984-03-31,1152.7727998385167
ID3_MBB120,1977-06-30,9583.44284850757
ID3_MBB120,1977-09-30,9456.986702305132
ID3_MBB120,1977-12-31,7496.2239894887725
ID3_MBB120,1978-03-31,11610.442790823456
ID3_MBB120,1978-06-30,11437.668878507411
ID3_MBB120,1978-09-30,10722.468964455753
ID3_MBB120,1978-12-31,8503.883119173743
ID3_MBB120,1979-03-31,11227.327284660123
ID3_MBB120,1979-06-30,10408.691522693653
ID3_MBB120,1979-09-30,9201.177105440756
ID3_MBB120,1979-12-31,7008.409083550125
ID3_MBB120,1980-03-31,9528.629648006588
ID3_MBB120,1980-06-30,9741.780001991963
ID3_MBB120,1980-09-30,9752.286842876545
ID3_MBB120,1980-12-31,8177.991334370861
ID3_MBB120,1981-03-31,10873.755105789509
ID3_MBB120,1981-06-30,11626.01078446181
ID3_MBB120,1981-09-30,11602.53360799078
ID3_MBB120,1981-12-31,9368.106199466283
ID3_MBB120,1982-03-31,12381.925284608746
ID3_MBB120,1982-06-30,12846.019530651298
ID3_MBB120,1982-09-30,13126.466289986318
ID3_MBB120,1982-12-31,10820.668722763152
ID3_MBB120,1983-03-31,13685.056028028397
ID3_MBB120,1983-06-30,15342.159623480129
ID3_MBB120,1983-09-30,14199.254794297029
ID3_MBB120,1983-12-31,11575.245464546959
ID3_MBB120,1984-03-31,14689.291436790387
ID3_MBB120,1984-06-30,15780.970745385097
ID3_MBB120,1984-09-30,15278.07016802606
ID3_MBB120,1984-12-31,12254.553921086317
ID3_MBB120,1985-03-31,15457.599587852073
ID3_MBB120,1985-06-30,15829.104204837702
ID3_MBB120,1985-09-30,14777.174673534877
ID3_MBB120,1985-12-31,12316.338744359293
ID3_MBB120,1986-03-31,15536.633299577294
ID3_MBB120,1986-06-30,16098.281014997248
ID3_MBB120,1986-09-30,16334.322088248031
ID3_MBB120,1986-12-31,12333.94490679729
ID3_MBB120,1987-03-31,16584.657935138213
ID3_MBB120,1987-06-30,17903.189165507916
ID3_MBB120,1987-09-30,18699.16306864439
ID3_MBB120,1987-12-31,14837.849358358502
ID3_MBB120,1988-03-31,19665.046662117187
ID3_MBB120,1988-06-30,20761.81254898712
ID3_MBB120,1988-09-30,20611.581414983702
ID3_MBB120,1988-12-31,14434.23452767516
ID3_MBB120,1989-03-31,17163.29809411114
ID3_MBB120,1989-06-30,20175.85646496406
ID3_MBB120,1989-09-30,20945.11209669067
ID3_MBB120,1989-12-31,16374.509611578269
ID3_MBB120,1990-03-31,20224.376032989952
ID3_MBB120,1990-06-30,21333.256587390708
ID3_MBB120,1990-09-30,22195.228649046956
ID3_MBB120,1990-12-31,16867.18288629321
ID3_MBB120,1991-03-31,22307.50467862095
ID3_MBB120,1991-06-30,24223.609244001793
ID3_MBB120,1991-09-30,23233.477656069263
ID3_MBB120,1991-12-31,18426.465474366178
ID3_MBB120,1992-03-31,23930.784488700523
ID3_MBB120,1992-06-30,23809.83744633762
ID3_MBB120,1992-09-30,24658.337672958973
ID3_MBB120,1992-12-31,19818.84781758231
ID3_MBB120,1993-03-31,24942.04629601923
ID3_MBB120,1993-06-30,26068.631083308803
ID3_MBB120,1993-09-30,26080.751962793904
ID3_MBB120,1993-12-31,19759.11089392875
ID3_MBB120,1994-03-31,27409.18293714921
ID3_MBB120,1994-06-30,28292.27147820155
ID3_MBB120,1994-09-30,28186.51785553512
ID3_MBB120,1994-12-31,21919.030589621838
ID3_MBB120,1995-03-31,27677.856357451856
ID3_MBB120,1995-06-30,30169.577889789703
ID3_MBB120,1995-09-30,31790.603148671944
ID3_MBB120,1995-12-31,25469.316489311073
ID3_MBB120,1996-03-31,32835.10997165631
ID3_MBB120,1996-06-30,34069.084709468116
ID3_MBB120,1996-09-30,33191.42226201622
ID3_MBB120,1996-12-31,27407.050427731243
ID3_MBB120,1997-03-31,35625.43717488593
ID3_MBB120,1997-06-30,37295.53840046255
ID3_MBB120,1997-09-30,36196.212188683654
ID3_MBB120,1997-12-31,29910.4450998317
ID3_MBB120,1998-03-31,35715.47950909078
ID3_MBB120,1998-06-30,40565.787635818204
ID3_MBB120,1998-09-30,40101.39534140814
ID3_MBB120,1998-12-31,30174.12413694116
ID3_MBB120,1999-03-31,39410.68931666024
ID3_MBB120,1999-06-30,41436.254134807255
ID3_MBB120,1999-09-30,41381.75936216223
ID3_MBB120,1999-12-31,31494.4268332311
ID3_MBB120,2000-03-31,43620.36475644667
ID3_MBB120,2000-06-30,44294.2572273985
ID3_MBB120,2000-09-30,44136.833372300694
ID3_MBB120,2000-12-31,33497.19354247239
ID3_MBB120,2001-03-31,46522.17438561442
ID3_MBB120,2001-06-30,48074.879656572484
ID30_MBB121,1977-12-31,37.97499196308019
ID30_MBB121,1978-03-31,83.49669774820336
ID30_MBB121,1978-06-30,71.70395280938273
ID30_MBB121,1978-09-30,72.31764510049237
ID30_MBB121,1978-12-31,73.9687253637239
ID30_MBB121,1979-03-31,71.24606132991939
ID30_MBB121,1979-06-30,98.16216295238056
ID30_MBB121,1979-09-30,79.40259544179114
ID30_MBB121,1979-12-31,59.58535134717576
ID30_MBB121,1980-03-31,80.97700117421758
ID30_MBB121,1980-06-30,81.6147052716932
ID30_MBB121,1980-09-30,77.8356816864498
ID30_MBB121,1980-12-31,66.23560555284315
ID30_MBB121,1981-03-31,85.12041674169332
ID30_MBB121,1981-06-30,124.09403735703005
ID30_MBB121,1981-09-30,94.01295756290624
ID30_MBB121,1981-12-31,59.3635844331909
ID30_MBB121,1982-03-31,101.27640508401929
ID30_MBB121,1982-06-30,125.89383526666313
ID30_MBB121,1982-09-30,118.54594608431375
ID30_MBB121,1982-12-31,104.9383343474705
ID30_MBB121,1983-03-31,131.61581938253872
ID30_MBB121,1983-06-30,136.76766446914178
ID30_MBB121,1983-09-30,157.81603630419286
ID30_MBB121,1983-12-31,111.40048841282291
ID30_MBB121,1984-03-31,183.01590966403754
ID30_MBB121,1984-06-30,158.29369044599585
ID30_MBB121,1984-09-30,190.74988246206973
ID30_MBB121,1984-12-31,111.71175824520162
ID30_MBB121,1985-03-31,177.7921749886655
ID30_MBB121,1985-06-30,133.63758814121283
ID30_MBB121,1985-09-30,123.15586337753787
ID30_MBB121,1985-12-31,137.08676269505565
ID30_MBB121,1986-03-31,199.88227065149005
ID30_MBB121,1986-06-30,225.99722984991146
ID30_MBB121,1986-09-30,175.5192935591026
ID30_MBB121,1986-12-31,168.27608341192908
ID30_MBB121,1987-03-31,214.6237640758049
ID30_MBB121,1987-06-30,226.88579589871648
ID30_MBB121,1987-09-30,170.31191401619304
ID30_MBB121,1987-12-31,190.4126239057353
ID30_MBB121,1988-03-31,245.4937403723192
ID30_MBB121,1988-06-30,164.9281952865365
ID30_MBB121,1988-09-30,142.56784930759997
ID30_MBB121,1988-12-31,161.1235209742764
ID30_MBB121,1989-03-31,270.8890784943939
ID30_MBB121,1989-06-30,191.84681893911923
ID30_MBB121,1989-09-30,188.0081650920713
ID30_MBB121,1989-12-31,205.05568351628048
ID30_MBB121,1990-03-31,302.46797095430935
ID30_MBB121,1990-06-30,279.40944509674387
ID30_MBB121,1990-09-30,235.7305514806468
ID30_MBB121,1990-12-31,258.66098516856005
ID30_MBB121,1991-03-31,310.86194307571566
ID30_MBB121,1991-06-30,313.163577388923
ID30_MBB121,1991-09-30,242.1595596816155
ID30_MBB121,1991-12-31,243.29812487964148
ID30_MBB121,1992-03-31,295.8148313733859
ID30_MBB121,1992-06-30,240.8815201851655
ID30_MBB121,1992-09-30,397.8057372179905
ID30_MBB121,1992-12-31,284.2797504773055
ID30_MBB121,1993-03-31,406.3942417880474
ID31_MBB122,1977-12-31,298.91315343438947
ID31_MBB122,1978-03-31,288.0171441990265
ID31_MBB122,1978-06-30,252.2174606704038
ID31_MBB122,1978-09-30,296.1177523211019
ID31_MBB122,1978-12-31,299.78920723508355
ID31_MBB122,1979-03-31,312.61522962602976
ID31_MBB122,1979-06-30,267.69185138631406
ID31_MBB122,1979-09-30,324.3990938874406
ID31_MBB122,1979-12-31,355.07878229270403
ID31_MBB122,1980-03-31,348.9606372877569
ID31_MBB122,1980-06-30,304.9864911526583
ID31_MBB122,1980-09-30,372.15780447040567
ID31_MBB122,1980-12-31,376.81993685897953
ID31_MBB122,1981-03-31,391.17000151986696
ID31_MBB122,1981-06-30,341.00994680397497
ID31_MBB122,1981-09-30,456.9100396078209
ID31_MBB122,1981-12-31,463.3825332542036
ID31_MBB122,1982-03-31,529.085971036672
ID31_MBB122,1982-06-30,434.76504278002886
ID31_MBB122,1982-09-30,449.2545810276254
ID31_MBB122,1982-12-31,486.22327972491786
ID31_MBB122,1983-03-31,447.1821816921746
ID31_MBB122,1983-06-30,335.2194762632685
ID31_MBB122,1983-09-30,314.54521199839604
ID32_MBB123,1977-12-31,88165.58817498146
ID32_MBB123,1978-03-31,126312.46147771874
ID32_MBB123,1978-06-30,116297.74122467508
ID32_MBB123,1978-09-30,53387.21689929032
ID32_MBB123,1978-12-31,96918.46922363977
ID32_MBB123,1979-03-31,79513.30763734035
ID32_MBB123,1979-06-30,119650.74026146569
ID32_MBB123,1979-09-30,80995.10312588874
ID32_MBB123,1979-12-31,63160.07315307581
ID32_MBB123,1980-03-31,113196.67338149872
ID32_MBB123,1980-06-30,85600.09906210007
ID32_MBB123,1980-09-30,134226.7821104624
ID32_MBB123,1980-12-31,117744.43310116259
ID32_MBB123,1981-03-31,160908.7586519251
ID32_MBB123,1981-06-30,116874.1416052479
ID32_MBB123,1981-09-30,92622.25051670373
ID32_MBB123,1981-12-31,73728.60342237419
ID32_MBB123,1982-03-31,140647.94393268492
ID32_MBB123,1982-06-30,89253.92779408059
ID32_MBB123,1982-09-30,143976.75496376862
ID32_MBB123,1982-12-31,95914.0558220931
ID32_MBB123,1983-03-31,140192.1983699742
ID32_MBB123,1983-06-30,51791.12647522533
ID32_MBB123,1983-09-30,132246.74658340646
ID32_MBB123,1983-12-31,110329.697642959
ID32_MBB123,1984-03-31,128998.86335966783
ID33_MBB124,1978-06-30,834.4441361081947
ID33_MBB124,1978-09-30,830.6927585204023
ID33_MBB124,1978-12-31,853.0613544875407
ID33_MBB124,1979-03-31,868.673046349264
ID33_MBB124,1979-06-30,829.6773215258163
ID33_MBB124,1979-09-30,842.6017642719587
ID33_MBB124,1979-12-31,841.8391189974307
ID33_MBB124,1980-03-31,868.6828951851135
ID33_MBB124,1980-06-30,858.308323811189
ID33_MBB124,1980-09-30,881.4433347813748
ID33_MBB124,1980-12-31,875.383940292277
ID33_MBB124,1981-03-31,859.8826233965419
ID33_MBB124,1981-06-30,865.0003712509274
ID33_MBB124,1981-09-30,876.6833917308084
ID33_MBB124,1981-12-31,870.721029138288
ID33_MBB124,1982-03-31,871.189796463254
ID33_MBB124,1982-06-30,859.824136597185
ID33_MBB124,1982-09-30,866.9445665076579
ID33_MBB124,1982-12-31,891.4125767855152
ID33_MBB124,1983-03-31,895.4205585336395
ID33_MBB124,1983-06-30,877.7605210473392
ID33_MBB124,1983-09-30,870.633822996798
ID33_MBB124,1983-12-31,880.8677373675841
ID33_MBB124,1984-03-31,908.8134254405205
ID33_MBB124,1984-06-30,872.8502498863647
ID33_MBB124,1984-09-30,873.2242168998396
ID33_MBB124,1984-12-31,898.5326393345746
ID33_MBB124,1985-03-31,964.4074169196585
ID33_MBB124,1985-06-30,953.2983577054199
ID34_MBB125,1978-06-30,1154.4162222967582
ID34_MBB125,1978-09-30,1596.824148942605
ID34_MBB125,1978-12-31,1595.0887897834884
ID34_MBB125,1979-03-31,1489.9335786116653
ID34_MBB125,1979-06-30,1692.9328554705814
ID34_MBB125,1979-09-30,1610.8155105814678
ID34_MBB125,1979-12-31,1637.5020524936856
ID34_MBB125,1980-03-31,1593.9846299587916
ID34_MBB125,1980-06-30,1259.0903235474568
ID34_MBB125,1980-09-30,1268.0594486177351
ID34_MBB125,1980-12-31,1418.1667443524998
ID34_MBB125,1981-03-31,1723.8358068921161
ID34_MBB125,1981-06-30,1829.5418141204646
ID34_MBB125,1981-09-30,1682.5381878769551
ID34_MBB125,1981-12-31,1309.2301223957486
ID34_MBB125,1982-03-31,976.3909380480147
ID34_MBB125,1982-06-30,1358.9027446825705
ID34_MBB125,1982-09-30,1311.3741704635258
ID34_MBB125,1982-12-31,1401.7551438699368
ID34_MBB125,1983-03-31,1212.8325901036567
ID34_MBB125,1983-06-30,1156.0215781922193
ID34_MBB125,1983-09-30,1367.9344821541176
ID34_MBB125,1983-12-31,1513.2307412307703
ID34_MBB125,1984-03-31,1223.9386259396817
ID34_MBB125,1984-06-30,1062.395846064265
ID34_MBB125,1984-09-30,2278.520292859211
ID34_MBB125,1984-12-31,2248.6413277784914
ID34_MBB125,1985-03-31,1328.7258869529333
ID34_MBB125,1985-06-30,807.2547704717173
ID35_MBB126,1900-03-31,2242.844223438795
ID35_MBB126,1900-06-30,2605.9244293593856
ID35_MBB126,1900-09-30,3306.5860898654623
ID35_MBB126,1900-12-31,3409.506860031718
ID35_MBB126,1901-03-31,2671.404948213667
ID35_MBB126,1901-06-30,3157.3710664267146
ID35_MBB126,1901-09-30,3789.092504341969
ID35_MBB126,1901-12-31,3933.4107054492215
ID35_MBB126,1902-03-31,3265.188066395911
ID35_MBB126,1902-06-30,3871.026975516796
ID35_MBB126,1902-09-30,4553.692568379002
ID35_MBB126,1902-12-31,4604.742604797676
ID35_MBB126,1903-03-31,3390.305580056895
ID35_MBB126,1903-06-30,4401.99024332909
ID35_MBB126,1903-09-30,4595.946926849436
ID35_MBB126,1903-12-31,4639.12316478708
ID35_MBB126,1904-03-31,4021.1437903785118
ID35_MBB126,1904-06-30,4474.082144595183
ID35_MBB126,1904-09-30,4451.707432682421
ID35_MBB126,1904-12-31,4747.141636188267
ID35_MBB126,1905-03-31,3911.560029712932
ID35_MBB126,1905-06-30,4542.823715292855
ID35_MBB126,1905-09-30,5081.583541659692
ID35_MBB126,1905-12-31,5240.17380139576
ID35_MBB126,1906-03-31,4673.4359010521475
ID35_MBB126,1906-06-30,4832.760177414973
ID35_MBB126,1906-09-30,4782.921517547463
ID35_MBB126,1906-12-31,5248.991381842189
ID35_MBB126,1907-03-31,4917.883956711815
ID35_MBB126,1907-06-30,5230.734105921702
ID35_MBB126,1907-09-30,5105.9447817759665
ID35_MBB126,1907-12-31,5586.827495011044
ID35_MBB126,1908-03-31,5518.476543577078
ID35_MBB126,1908-06-30,5617.556020195154
ID35_MBB126,1908-09-30,5484.409058416707
ID35_MBB126,1908-12-31,5358.812905087723
ID35_MBB126,1909-03-31,5185.7412185912945
ID35_MBB126,1909-06-30,5586.676471966393
ID35_MBB126,1909-09-30,5248.1383422454555
ID35_MBB126,1909-12-31,5531.530782988572
ID35_MBB126,1910-03-31,5174.273154112433
ID35_MBB126,1910-06-30,5589.416975919195
ID35_MBB126,1910-09-30,5452.644458807008
ID35_MBB126,1910-12-31,5835.096441200603
ID35_MBB126,1911-03-31,5176.53631339431
ID35_MBB126,1911-06-30,6200.6756199679185
ID35_MBB126,1911-09-30,6051.665473511081
ID35_MBB126,1911-12-31,6599.310336588353
ID35_MBB126,1912-03-31,6081.36154517496
ID35_MBB126,1912-06-30,7227.396530760223
ID35_MBB126,1912-09-30,7112.262442953819
ID35_MBB126,1912-12-31,7079.607494517156
ID35_MBB126,1913-03-31,6317.5936832645175
ID35_MBB126,1913-06-30,7432.25938309939
ID35_MBB126,1913-09-30,7199.38504822941
ID35_MBB126,1913-12-31,7310.217841335859
ID35_MBB126,1914-03-31,6703.638667954294
ID35_MBB126,1914-06-30,7386.046439007441
ID35_MBB126,1914-09-30,7508.6324619327615
ID35_MBB126,1914-12-31,8036.681010614333
ID35_MBB126,1915-03-31,7287.107248364804
ID35_MBB126,1915-06-30,7992.487895591721
ID35_MBB126,1915-09-30,8551.268292663159
ID35_MBB126,1915-12-31,8787.667841770064
ID35_MBB126,1916-03-31,8098.393567634001
ID35_MBB126,1916-06-30,9324.78541803711
ID35_MBB126,1916-09-30,10311.910487241328
ID35_MBB126,1916-12-31,10689.018456647733
ID35_MBB126,1917-03-31,9735.20855280091
ID35_MBB126,1917-06-30,10615.03725154737
ID35_MBB126,1917-09-30,10761.701224468117
ID35_MBB126,1917-12-31,10972.39882645163
ID35_MBB126,1918-03-31,10273.83062200483
ID35_MBB126,1918-06-30,11502.33022178976
ID35_MBB126,1918-09-30,11711.522994882345
ID35_MBB126,1918-12-31,12052.636207415913
ID35_MBB126,1919-03-31,11307.56136925064
ID35_MBB126,1919-06-30,13395.109470917429
ID35_MBB126,1919-09-30,13966.41953599659
ID35_MBB126,1919-12-31,14403.39173950622
ID35_MBB126,1920-03-31,14104.215777829824
ID35_MBB126,1920-06-30,17238.077764980542
ID35_MBB126,1920-09-30,18075.751217044693
ID35_MBB126,1920-12-31,18549.46852299009
ID35_MBB126,1921-03-31,16986.497113763824
ID35_MBB126,1921-06-30,20046.056430952398
ID35_MBB126,1921-09-30,20125.630933511904
ID35_MBB126,1921-12-31,19178.321720483706
ID36_MBB127,1900-03-31,130.97005637551817
ID36_MBB127,1900-06-30,109.13935307479136
ID36_MBB127,1900-09-30,115.6162529118957
ID36_MBB127,1900-12-31,202.854251897502
ID36_MBB127,1901-03-31,168.74956784785488
ID36_MBB127,1901-06-30,216.09418014504828
ID36_MBB127,1901-09-30,143.72853867679837
ID36_MBB127,1901-12-31,130.5800741678683
ID36_MBB127,1902-03-31,115.8240704817476
ID36_MBB127,1902-06-30,139.60201393213703
ID36_MBB127,1902-09-30,170.34022770223626
ID36_MBB127,1902-12-31,153.3449077024372
ID36_MBB127,1903-03-31,136.40522190884366
ID36_MBB127,1903-06-30,179.68088411674705
ID36_MBB127,1903-09-30,167.54441496645933
ID36_MBB127,1903-12-31,136.17177620744897
ID36_MBB127,1904-03-31,120.18372452466313
ID36_MBB127,1904-06-30,143.46301757242574
ID36_MBB127,1904-09-30,169.41404841998897
ID36_MBB127,1904-12-31,115.52407751441181
ID36_MBB127,1905-03-31,136.71782199457
ID36_MBB127,1905-06-30,142.12605291591706
ID36_MBB127,1905-09-30,135.051683907165
ID36_MBB127,1905-12-31,155.3628699866995
ID36_MBB127,1906-03-31,153.94554428053755
ID36_MBB127,1906-06-30,172.93037517676814
ID36_MBB127,1906-09-30,178.2128925874717
ID36_MBB127,1906-12-31,172.28093314877916
ID36_MBB127,1907-03-31,183.0220339387693
ID36_MBB127,1907-06-30,175.92430403338275
ID36_MBB127,1907-09-30,240.50480800492556
ID36_MBB127,1907-12-31,186.557724141232
ID36_MBB127,1908-03-31,157.27029159412857
ID36_MBB127,1908-06-30,248.82981201643148
ID36_MBB127,1908-09-30,259.56695197962057
ID36_MBB127,1908-12-31,185.59323324200696
ID36_MBB127,1909-03-31,238.0722194366209
ID36_MBB127,1909-06-30,215.0435332625999
ID36_MBB127,1909-09-30,168.88868544495642
ID36_MBB127,1909-12-31,217.88534716992606
ID36_MBB127,1910-03-31,178.44017245893437
ID36_MBB127,1910-06-30,228.9112616478851
ID36_MBB127,1910-09-30,217.2258190329005
ID36_MBB127,1910-12-31,190.9292203041011
ID36_MBB127,1911-03-31,163.94660885274754
ID36_MBB127,1911-06-30,257.4285283113955
ID36_MBB127,1911-09-30,153.19301659200966
ID36_MBB127,1911-12-31,201.6672236284971
ID36_MBB127,1912-03-31,203.04070633136422
ID36_MBB127,1912-06-30,174.5876787811352
ID36_MBB127,1912-09-30,179.46962237187302
ID36_MBB127,1912-12-31,192.76663895672746
ID36_MBB127,1913-03-31,230.3438384528177
ID36_MBB127,1913-06-30,212.01485654147595
ID36_MBB127,1913-09-30,150.69146963253283
ID36_MBB127,1913-12-31,164.51241578678852
ID36_MBB127,1914-03-31,174.93538521950083
ID36_MBB127,1914-06-30,190.62753595612142
ID36_MBB127,1914-09-30,167.9404890597268
ID36_MBB127,1914-12-31,205.12121688219523
ID36_MBB127,1915-03-31,161.69170680044905
ID36_MBB127,1915-06-30,185.46101087514555
ID36_MBB127,1915-09-30,244.65722366623453
ID36_MBB127,1915-12-31,232.9310611117619
ID36_MBB127,1916-03-31,165.8724810699789
ID36_MBB127,1916-06-30,187.91495128520765
ID36_MBB127,1916-09-30,250.28748298715644
ID36_MBB127,1916-12-31,171.09424150544626
ID36_MBB127,1917-03-31,218.28996739156253
ID36_MBB127,1917-06-30,252.67515815975645
ID36_MBB127,1917-09-30,247.8303313296608
ID36_MBB127,1917-12-31,244.16495485400375
ID36_MBB127,1918-03-31,221.10298476518295
ID36_MBB127,1918-06-30,332.44088177391126
ID36_MBB127,1918-09-30,231.1345964828776
ID36_MBB127,1918-12-31,242.69065665993432
ID36_MBB127,1919-03-31,203.1376499163491
ID36_MBB127,1919-06-30,311.0325051149173
ID36_MBB127,1919-09-30,220.53383614266562
ID36_MBB127,1919-12-31,240.27704404714356
ID36_MBB127,1920-03-31,175.99261791069145
ID36_MBB127,1920-06-30,239.33350904906513
ID36_MBB127,1920-09-30,191.01137419966332
ID36_MBB127,1920-12-31,185.50912400976244
ID37_MBB128,1978-06-30,2947.970128969252
ID37_MBB128,1978-09-30,3427.3708277437727
ID37_MBB128,1978-12-31,8329.812927382482
ID37_MBB128,1979-03-31,4440.660624170773
ID37_MBB128,1979-06-30,4527.534253193074
ID37_MBB128,1979-09-30,5023.76237617974
ID37_MBB128,1979-12-31,14723.566211834712
ID37_MBB128,1980-03-31,11503.582417196678
ID37_MBB128,1980-06-30,9311.960706860076
ID37_MBB128,1980-09-30,9956.967695070929
ID37_MBB128,1980-12-31,19349.290802063377
ID37_MBB128,1981-03-31,17069.697185095327
ID37_MBB128,1981-06-30,22934.650042922935
ID37_MBB128,1981-09-30,18937.947232325834
ID37_MBB128,1981-12-31,28060.025586157568
ID37_MBB128,1982-03-31,20724.72571493502
ID37_MBB128,1982-06-30,23704.210161907125
ID37_MBB128,1982-09-30,15933.527414434135
ID37_MBB128,1982-12-31,18264.11596067533
ID37_MBB128,1983-03-31,11917.691419298444
ID37_MBB128,1983-06-30,13134.461267457082
ID37_MBB128,1983-09-30,9799.858592169168
ID37_MBB128,1983-12-31,9426.720541604413
ID37_MBB128,1984-03-31,7328.899850151624
ID37_MBB128,1984-06-30,13208.536192212554
ID37_MBB128,1984-09-30,6958.551220575145
ID37_MBB128,1984-12-31,9378.239084524883
ID37_MBB128,1985-03-31,9649.818624344658
ID37_MBB128,1985-06-30,18118.614135401815
ID37_MBB128,1985-09-30,24795.87425988753
ID38_MBB129,1978-06-30,1682.606068336291
ID38_MBB129,1978-09-30,1814.3900652798543
ID38_MBB129,1978-12-31,2462.123494331157
ID38_MBB129,1979-03-31,3331.0613446116263
ID38_MBB129,1979-06-30,3577.2789442764924
ID38_MBB129,1979-09-30,3268.8370597521052
ID38_MBB129,1979-12-31,5047.32217452996
ID38_MBB129,1980-03-31,4635.977856820268
ID38_MBB129,1980-06-30,3563.115418022617
ID38_MBB129,1980-09-30,4179.999585660843
ID38_MBB129,1980-12-31,6142.358399074708
ID38_MBB129,1981-03-31,4668.606884324136
ID38_MBB129,1981-06-30,5468.707733643867
ID38_MBB129,1981-09-30,5772.2908925604315
ID38_MBB129,1981-12-31,6464.640787216412
ID38_MBB129,1982-03-31,4340.075752483638
ID38_MBB129,1982-06-30,6718.683664022019
ID38_MBB129,1982-09-30,9282.15801766391
ID38_MBB129,1982-12-31,11361.295027315653
ID38_MBB129,1983-03-31,10205.088523184198
ID38_MBB129,1983-06-30,7482.5991821243015
ID38_MBB129,1983-09-30,10493.934880809855
ID38_MBB129,1983-12-31,13658.661486398172
ID38_MBB129,1984-03-31,12374.902817709499
ID38_MBB129,1984-06-30,9328.592114291225
ID38_MBB129,1984-09-30,7439.289128876624
ID38_MBB129,1984-12-31,14872.582143713695
ID38_MBB129,1985-03-31,13323.096353188514
ID38_MBB129,1985-06-30,8515.006932060425
ID38_MBB129,1985-09-30,9149.823515790296
ID39_MBB130,1978-06-30,62770.854055286036
ID39_MBB130,1978-09-30,68000.94216150233
ID39_MBB130,1978-12-31,74256.42985212342
ID39_MBB130,1979-03-31,79890.71508560686
ID39_MBB130,1979-06-30,88082.3355386726
ID39_MBB130,1979-09-30,99171.9397627462
ID39_MBB130,1979-12-31,105273.8703055992
ID39_MBB130,1980-03-31,111782.34327755516
ID39_MBB130,1980-06-30,114308.20641350331
ID39_MBB130,1980-09-30,125398.69402976334
ID39_MBB130,1980-12-31,149911.12240930286
ID39_MBB130,1981-03-31,146807.98382105425
ID39_MBB130,1981-06-30,143414.49045546676
ID39_MBB130,1981-09-30,154792.3931999048
ID39_MBB130,1981-12-31,194244.34100399778
ID39_MBB130,1982-03-31,127285.35116307902
ID39_MBB130,1982-06-30,102236.26947197448
ID39_MBB130,1982-09-30,111716.08195701716
ID39_MBB130,1982-12-31,120523.57292398806
ID39_MBB130,1983-03-31,111777.315991773
ID39_MBB130,1983-06-30,141893.87955291936
ID39_MBB130,1983-09-30,97685.63683981355
ID39_MBB130,1983-12-31,83642.91204191389
ID39_MBB130,1984-03-31,75007.70192227766
ID39_MBB130,1984-06-30,94458.70205557354
ID39_MBB130,1984-09-30,92850.48090501389
ID39_MBB130,1984-12-31,132071.28716865586
ID39_MBB130,1985-03-31,117463.36637501515
ID39_MBB130,1985-06-30,185712.06475368488
ID39_MBB130,1985-09-30,192998.17594301267
ID4_MBB131,1978-06-30,496123.55702178046
ID4_MBB131,1978-09-30,559128.1630231108
ID4_MBB131,1978-12-31,557937.8083083517
ID4_MBB131,1979-03-31,546440.4652530955
ID4_MBB131,1979-06-30,557215.7987556078
ID4_MBB131,1979-09-30,583272.1377946282
ID4_MBB131,1979-12-31,583291.7216893799
ID4_MBB131,1980-03-31,583214.2379001477
ID4_MBB131,1980-06-30,571042.9588034746
ID4_MBB131,1980-09-30,615839.1874460293
ID4_MBB131,1980-12-31,608754.9515175835
ID4_MBB131,1981-03-31,591569.068827986
ID4_MBB131,1981-06-30,572460.4217016989
ID4_MBB131,1981-09-30,605995.0209105461
ID4_MBB131,1981-12-31,641897.3528657975
ID4_MBB131,1982-03-31,623951.3912217733
ID4_MBB131,1982-06-30,614976.8657635411
ID4_MBB131,1982-09-30,620265.8606062649
ID4_MBB131,1982-12-31,681593.0719564058
ID4_MBB131,1983-03-31,689289.5316271617
ID4_MBB131,1983-06-30,667901.53023763
ID4_MBB131,1983-09-30,714021.8751997363
ID4_MBB131,1983-12-31,695736.3212242089
ID4_MBB131,1984-03-31,642348.0553376866
ID4_MBB131,1984-06-30,676136.4009544137
ID4_MBB131,1984-09-30,660200.8968624278
ID4_MBB131,1984-12-31,623880.999990702
ID4_MBB131,1985-03-31,535901.8709443309
ID4_MBB131,1985-06-30,538169.4115579688
ID40_MBB132,1978-06-30,14595.538628831378
ID40_MBB132,1978-09-30,12838.285919803988
ID40_MBB132,1978-12-31,11383.540189224075
ID40_MBB132,1979-03-31,11448.851196906604
ID40_MBB132,1979-06-30,13249.90975060487
ID40_MBB132,1979-09-30,13618.144710009285
ID40_MBB132,1979-12-31,12022.59804959616
ID40_MBB132,1980-03-31,13907.128854295723
ID40_MBB132,1980-06-30,12282.226352773803
ID40_MBB132,1980-09-30,11250.229343153365
ID40_MBB132,1980-12-31,8371.013076308376
ID40_MBB132,1981-03-31,8292.921522937862
ID40_MBB132,1981-06-30,7496.586448384964
ID40_MBB132,1981-09-30,7296.281984991075
ID40_MBB132,1981-12-31,5508.88952361835
ID40_MBB132,1982-03-31,6102.386897895703
ID40_MBB132,1982-06-30,6076.830214735593
ID40_MBB132,1982-09-30,10083.909896342077
ID40_MBB132,1982-12-31,12005.063189368266
ID40_MBB132,1983-03-31,12359.359286763894
ID40_MBB132,1983-06-30,17947.963850372307
ID40_MBB132,1983-09-30,22198.97656478073
ID40_MBB132,1983-12-31,17730.438906963445
ID40_MBB132,1984-03-31,19451.289993281458
ID40_MBB132,1984-06-30,16754.903051555102
ID40_MBB132,1984-09-30,14417.901381694386
ID40_MBB132,1984-12-31,12781.016542866993
ID40_MBB132,1985-03-31,13463.593230578972
ID40_MBB132,1985-06-30,16153.334039264646
ID40_MBB132,1985-09-30,8951.398718819939
ID41_MBB133,1900-03-31,39461.222023120325
ID41_MBB133,1900-06-30,20141.153664680645
ID41_MBB133,1900-09-30,33099.2300430579
ID41_MBB133,1900-12-31,13431.206993365922
ID41_MBB133,1901-03-31,9568.334307119098
ID41_MBB133,1901-06-30,12067.077221716845
ID41_MBB133,1901-09-30,8991.055004792917
ID41_MBB133,1901-12-31,4981.21561892671
ID41_MBB133,1902-03-31,9582.810794764137
ID41_MBB133,1902-06-30,16072.906118832976
ID41_MBB133,1902-09-30,8832.1850330648
ID41_MBB133,1902-12-31,19495.631873642833
ID41_MBB133,1903-03-31,54892.00745424267
ID41_MBB133,1903-06-30,14137.000915898867
ID41_MBB133,1903-09-30,19871.001694567363
ID41_MBB133,1903-12-31,17102.001909448438
ID41_MBB133,1904-03-31,12361.390837617333
ID41_MBB133,1904-06-30,6738.698531838069
ID41_MBB133,1904-09-30,20327.982875732272
ID41_MBB133,1904-12-31,35353.673745237145
ID41_MBB133,1905-03-31,29759.397253125655
ID41_MBB133,1905-06-30,8357.271602682074
ID41_MBB133,1905-09-30,9802.31632048735
ID41_MBB133,1905-12-31,17236.598420238795
ID41_MBB133,1906-03-31,11810.098815218193
ID41_MBB133,1906-06-30,24731.0675890456
ID41_MBB133,1906-09-30,16567.841565744286
ID41_MBB133,1906-12-31,6872.271937016882
ID41_MBB133,1907-03-31,15256.716027324412
ID41_MBB133,1907-06-30,9223.230972920861
ID41_MBB133,1907-09-30,5386.379197478114
ID41_MBB133,1907-12-31,11965.05479169625
ID41_MBB133,1908-03-31,18345.48634057339
ID41_MBB133,1908-06-30,11749.798756294544
ID41_MBB133,1908-09-30,13733.497501427199
ID41_MBB133,1908-12-31,14059.106875565245
ID41_MBB133,1909-03-31,21574.851743197094
ID41_MBB133,1909-06-30,10414.140517322025
ID41_MBB133,1909-09-30,58402.50995462188
ID41_MBB133,1909-12-31,11529.53759021003
ID41_MBB133,1910-03-31,14119.170016308639
ID41_MBB133,1910-06-30,6303.100409862182
ID41_MBB133,1910-09-30,9661.182348410486
ID41_MBB133,1910-12-31,13576.778756130721
ID41_MBB133,1911-03-31,16043.382786142258
ID41_MBB133,1911-06-30,11824.043566739265
ID41_MBB133,1911-09-30,14665.376088947585
ID41_MBB133,1911-12-31,17574.993601530172
ID42_MBB134,1975-12-31,1455.0180370178196
ID42_MBB134,1976-03-31,1410.7436292353752
ID42_MBB134,1976-06-30,1350.4175397120266
ID42_MBB134,1976-09-30,1484.0764540221614
ID42_MBB134,1976-12-31,1492.8741456883388
ID42_MBB134,1977-03-31,1490.9521173806618
ID42_MBB134,1977-06-30,1352.1673648405515
ID42_MBB134,1977-09-30,1500.9961880869698
ID42_MBB134,1977-12-31,1521.4035220586406
ID42_MBB134,1978-03-31,1452.8557885342595
ID42_MBB134,1978-06-30,1309.921900990954
ID42_MBB134,1978-09-30,1471.2872916144229
ID42_MBB134,1978-12-31,1490.8874069484393
ID42_MBB134,1979-03-31,1449.7003483651083
ID42_MBB134,1979-06-30,1365.2435888000573
ID42_MBB134,1979-09-30,1588.464812461013
ID42_MBB134,1979-12-31,1597.959957622943
ID42_MBB134,1980-03-31,1643.4881768691769
ID42_MBB134,1980-06-30,1477.745887694687
ID42_MBB134,1980-09-30,1786.0271145627703
ID42_MBB134,1980-12-31,1725.2318417030901
ID42_MBB134,1981-03-31,1664.2186051781723
ID42_MBB134,1981-06-30,1484.0988642049133
ID42_MBB134,1981-09-30,1635.3595499506205
ID42_MBB134,1981-12-31,1692.9326175184153
ID42_MBB134,1982-03-31,1653.7240409000765
ID42_MBB134,1982-06-30,1462.4656990037167
ID42_MBB134,1982-09-30,1683.5736340014457
ID42_MBB134,1982-12-31,1767.238896028095
ID42_MBB134,1983-03-31,1621.1236992533338
ID42_MBB134,1983-06-30,1475.2366537161072
ID42_MBB134,1983-09-30,1751.3401799226363
ID42_MBB134,1983-12-31,1783.1748655202603
ID42_MBB134,1984-03-31,1579.1713490549346
ID42_MBB134,1984-06-30,1512.0886841120298
ID42_MBB134,1984-09-30,1972.6121799532193
ID42_MBB134,1984-12-31,1947.6119607595006
ID42_MBB134,1985-03-31,1805.1204609859146
ID42_MBB134,1985-06-30,1745.065427897257
ID42_MBB134,1985-09-30,2021.9208126263663
ID42_MBB134,1985-12-31,2125.142346120523
ID42_MBB134,1986-03-31,1987.302552315629
ID42_MBB134,1986-06-30,1724.4995533903482
ID42_MBB134,1986-09-30,2127.003464734513
ID42_MBB134,1986-12-31,1964.8495862279412
ID42_MBB134,1987-03-31,1894.6081838950925
ID42_MBB134,1987-06-30,1666.7057897283817
ID42_MBB134,1987-09-30,2140.4036673636233
ID42_MBB134,1987-12-31,2040.0810966056076
ID42_MBB134,1988-03-31,2062.245204044006
ID42_MBB134,1988-06-30,1835.230594977968
ID42_MBB134,1988-09-30,2130.244198512179
ID43_MBB135,1975-12-31,40.717681150755254
ID43_MBB135,1976-03-31,42.928884747946746
ID43_MBB135,1976-06-30,37.702811385228344
ID43_MBB135,1976-09-30,42.65213562806643
ID43_MBB135,1976-12-31,45.67256552862283
ID43_MBB135,1977-03-31,45.42282319446619
ID43_MBB135,1977-06-30,40.402672149779775
ID43_MBB135,1977-09-30,46.86545517210653
ID43_MBB135,1977-12-31,49.607373509871096
ID43_MBB135,1978-03-31,48.62937142716595
ID43_MBB135,1978-06-30,46.40827339138369
ID43_MBB135,1978-09-30,52.085575328898884
ID43_MBB135,1978-12-31,56.0464110530403
ID43_MBB135,1979-03-31,59.456775052827076
ID43_MBB135,1979-06-30,52.28866003560685
ID43_MBB135,1979-09-30,62.73840262969697
ID43_MBB135,1979-12-31,66.2296828193795
ID43_MBB135,1980-03-31,67.32922343322188
ID43_MBB135,1980-06-30,57.122443125057465
ID43_MBB135,1980-09-30,66.36810325922977
ID43_MBB135,1980-12-31,67.9226838828476
ID43_MBB135,1981-03-31,69.81061970792719
ID43_MBB135,1981-06-30,59.9849758796838
ID43_MBB135,1981-09-30,72.52503520068564
ID43_MBB135,1981-12-31,72.65109676219159
ID43_MBB135,1982-03-31,73.33978556792886
ID43_MBB135,1982-06-30,63.746144089274196
ID43_MBB135,1982-09-30,76.51795925873004
ID43_MBB135,1982-12-31,79.71901432711624
ID43_MBB135,1983-03-31,74.97652044255672
ID43_MBB135,1983-06-30,72.53382024699876
ID43_MBB135,1983-09-30,80.56871813166936
ID43_MBB135,1983-12-31,82.99564566275427
ID43_MBB135,1984-03-31,79.13936824323531
ID43_MBB135,1984-06-30,73.46861648135771
ID43_MBB135,1984-09-30,92.81493450360101
ID43_MBB135,1984-12-31,94.0859097900845
ID43_MBB135,1985-03-31,89.12344257168861
ID43_MBB135,1985-06-30,86.29638439105268
ID43_MBB135,1985-09-30,99.93642177200988
ID43_MBB135,1985-12-31,102.36247654229547
ID43_MBB135,1986-03-31,97.38553618274709
ID43_MBB135,1986-06-30,93.05454114848447
ID43_MBB135,1986-09-30,98.77147845356971
ID43_MBB135,1986-12-31,110.49093903805874
ID43_MBB135,1987-03-31,105.27956737296472
ID43_MBB135,1987-06-30,96.79011707792868
ID43_MBB135,1987-09-30,118.01263596580395
ID43_MBB135,1987-12-31,121.06846565920812
ID43_MBB135,1988-03-31,114.20624575434094
ID43_MBB135,1988-06-30,110.44892974634861
ID43_MBB135,1988-09-30,126.37767418003912
ID44_MBB136,1970-12-31,32.25509726776156
ID44_MBB136,1971-03-31,41.799159998040565
ID44_MBB136,1971-06-30,37.75551115794078
ID44_MBB136,1971-09-30,42.381209255739336
ID44_MBB136,1971-12-31,32.00000274516584
ID44_MBB136,1972-03-31,41.00000369857208
ID44_MBB136,1972-06-30,39.00000143138984
ID44_MBB136,1972-09-30,47.00000131772985
ID44_MBB136,1972-12-31,34.76719623756845
ID44_MBB136,1973-03-31,41.44026729785694
ID44_MBB136,1973-06-30,41.75029664206738
ID44_MBB136,1973-09-30,48.19637221497434
ID44_MBB136,1973-12-31,34.27035030069343
ID44_MBB136,1974-03-31,41.59238724321509
ID44_MBB136,1974-06-30,42.10098986228472
ID44_MBB136,1974-09-30,52.11329005505832
ID44_MBB136,1974-12-31,42.78417927497096
ID44_MBB136,1975-03-31,52.55206355201545
ID44_MBB136,1975-06-30,49.95594834921185
ID44_MBB136,1975-09-30,63.378571253590195
ID44_MBB136,1975-12-31,55.68664254906077
ID44_MBB136,1976-03-31,68.8637456526169
ID44_MBB136,1976-06-30,65.46678170457582
ID44_MBB136,1976-09-30,78.80656908650683
ID44_MBB136,1976-12-31,68.82690585222328
ID44_MBB136,1977-03-31,80.03559420717814
ID44_MBB136,1977-06-30,80.18571055150119
ID44_MBB136,1977-09-30,96.10627276701805
ID44_MBB136,1977-12-31,77.49335611486627
ID44_MBB136,1978-03-31,78.58517874922177
ID44_MBB136,1978-06-30,67.950764172979
ID44_MBB136,1978-09-30,75.2023331661618
ID45_MBB137,1970-12-31,0.8573309054430662
ID45_MBB137,1971-03-31,0.8539783903436917
ID45_MBB137,1971-06-30,0.9067374382410025
ID45_MBB137,1971-09-30,0.9710403618527903
ID45_MBB137,1971-12-31,0.9303785294656868
ID45_MBB137,1972-03-31,0.9009091500406932
ID45_MBB137,1972-06-30,0.9486874129568841
ID45_MBB137,1972-09-30,0.8900002754659042
ID45_MBB137,1972-12-31,0.8055502036851339
ID45_MBB137,1973-03-31,0.8530873129039587
ID45_MBB137,1973-06-30,0.826308892332762
ID45_MBB137,1973-09-30,0.8250327706684895
ID45_MBB137,1973-12-31,0.7826600640259949
ID45_MBB137,1974-03-31,0.8173076803259134
ID45_MBB137,1974-06-30,0.8062069964750858
ID45_MBB137,1974-09-30,0.7894036627522354
ID45_MBB137,1974-12-31,0.8112920061761657
ID45_MBB137,1975-03-31,0.8179415850410747
ID45_MBB137,1975-06-30,0.9292068693679445
ID45_MBB137,1975-09-30,0.9513053687383943
ID45_MBB137,1975-12-31,1.0049170805265253
ID45_MBB137,1976-03-31,1.109996325702014
ID45_MBB137,1976-06-30,1.0696602972767022
ID45_MBB137,1976-09-30,1.2803547112217482
ID45_MBB137,1976-12-31,1.4594127345120795
ID45_MBB137,1977-03-31,1.5306720177164017
ID45_MBB137,1977-06-30,1.6980422911790467
ID45_MBB137,1977-09-30,1.711505222468301
ID45_MBB137,1977-12-31,1.6946529655488316
ID45_MBB137,1978-03-31,1.6607823482128201
ID45_MBB137,1978-06-30,1.6655111212723974
ID45_MBB137,1978-09-30,1.6545176795020535
ID46_MBB138,1975-12-31,52.050249252557634
ID46_MBB138,1976-03-31,66.55551409936152
ID46_MBB138,1976-06-30,61.62835251934575
ID46_MBB138,1976-09-30,64.9421506653099
ID46_MBB138,1976-12-31,61.503052043550845
ID46_MBB138,1977-03-31,69.45682046340399
ID46_MBB138,1977-06-30,67.07943133232752
ID46_MBB138,1977-09-30,68.79165772175101
ID46_MBB138,1977-12-31,63.04841207820604
ID46_MBB138,1978-03-31,76.0085387850417
ID46_MBB138,1978-06-30,70.04638897848135
ID46_MBB138,1978-09-30,72.77063150742623
ID46_MBB138,1978-12-31,70.73268618095926
ID46_MBB138,1979-03-31,83.36466260560456
ID46_MBB138,1979-06-30,74.3796821214224
ID46_MBB138,1979-09-30,82.42241608100626
ID46_MBB138,1979-12-31,72.2942709863813
ID46_MBB138,1980-03-31,92.39084243353099
ID46_MBB138,1980-06-30,83.10707539286268
ID46_MBB138,1980-09-30,76.3820778179596
ID46_MBB138,1980-12-31,74.28615521360705
ID46_MBB138,1981-03-31,87.7419822769678
ID46_MBB138,1981-06-30,84.78088306475136
ID46_MBB138,1981-09-30,85.66314261168587
ID46_MBB138,1981-12-31,78.89844161801045
ID46_MBB138,1982-03-31,90.15867879066307
ID46_MBB138,1982-06-30,85.34620453108974
ID46_MBB138,1982-09-30,91.7798179569295
ID46_MBB138,1982-12-31,79.15433305587707
ID46_MBB138,1983-03-31,94.95342111757942
ID46_MBB138,1983-06-30,90.18963014374279
ID46_MBB138,1983-09-30,82.5295317466507
ID46_MBB138,1983-12-31,78.60824805089389
ID46_MBB138,1984-03-31,89.59614260577371
ID46_MBB138,1984-06-30,84.52183525427776
ID46_MBB138,1984-09-30,87.77894650461022
ID46_MBB138,1984-12-31,78.08494410693763
ID46_MBB138,1985-03-31,95.12645878405382
ID46_MBB138,1985-06-30,85.97779528530482
ID46_MBB138,1985-09-30,93.61075935452155
ID46_MBB138,1985-12-31,83.73149613306288
ID46_MBB138,1986-03-31,106.45259753666446
ID46_MBB138,1986-06-30,97.66260720881216
ID46_MBB138,1986-09-30,107.21742390228492
ID46_MBB138,1986-12-31,91.42923673454955
ID46_MBB138,1987-03-31,112.79340880211198
ID46_MBB138,1987-06-30,95.95557734313867
ID46_MBB138,1987-09-30,107.48877871727214
ID46_MBB138,1987-12-31,89.35749188233522
ID46_MBB138,1988-03-31,112.27766800721291
ID46_MBB138,1988-06-30,87.23365149835494
ID46_MBB138,1988-09-30,99.03966268931077
ID47_MBB139,1964-12-31,83.4285106757558
ID47_MBB139,1965-03-31,84.25772271468861
ID47_MBB139,1965-06-30,64.60740520783959
ID47_MBB139,1965-09-30,84.97310489949699
ID47_MBB139,1965-12-31,87.63162699265155
ID47_MBB139,1966-03-31,88.63427183449554
ID47_MBB139,1966-06-30,71.95041125579804
ID47_MBB139,1966-09-30,95.12921375463654
ID47_MBB139,1966-12-31,96.81025130038995
ID47_MBB139,1967-03-31,102.72745761348156
ID47_MBB139,1967-06-30,78.96819510595948
ID47_MBB139,1967-09-30,102.5072766251729
ID47_MBB139,1967-12-31,90.33864840606391
ID47_MBB139,1968-03-31,100.42358267834261
ID47_MBB139,1968-06-30,74.04679387857276
ID47_MBB139,1968-09-30,95.80071705465015
ID47_MBB139,1968-12-31,91.00328174709348
ID47_MBB139,1969-03-31,95.1114720861005
ID47_MBB139,1969-06-30,80.72831932561084
ID47_MBB139,1969-09-30,102.52500138989566
ID47_MBB139,1969-12-31,104.36732110050289
ID47_MBB139,1970-03-31,108.89475869616273
ID47_MBB139,1970-06-30,81.86936306013689
ID47_MBB139,1970-09-30,108.47483367943991
ID47_MBB139,1970-12-31,104.81555610401536
ID47_MBB139,1971-03-31,109.60419664376444
ID47_MBB139,1971-06-30,85.73948265146876
ID47_MBB139,1971-09-30,112.0391195496874
ID48_MBB140,1964-12-31,68.79506735749636
ID48_MBB140,1965-03-31,90.44518847531383
ID48_MBB140,1965-06-30,63.30377210376243
ID48_MBB140,1965-09-30,87.33931178841722
ID48_MBB140,1965-12-31,77.02977337529774
ID48_MBB140,1966-03-31,96.6551843573955
ID48_MBB140,1966-06-30,76.38292053681002
ID48_MBB140,1966-09-30,95.11424865386819
ID48_MBB140,1966-12-31,83.88628026163188
ID48_MBB140,1967-03-31,103.20322905073319
ID48_MBB140,1967-06-30,87.9147133968102
ID48_MBB140,1967-09-30,100.92473936321468
ID48_MBB140,1967-12-31,89.20099445190843
ID48_MBB140,1968-03-31,101.12766741350585
ID48_MBB140,1968-06-30,95.07530726374256
ID48_MBB140,1968-09-30,92.81178599252897
ID48_MBB140,1968-12-31,91.94349997665846
ID48_MBB140,1969-03-31,98.43492436464447
ID48_MBB140,1969-06-30,94.24743862024319
ID48_MBB140,1969-09-30,99.60402922846123
ID48_MBB140,1969-12-31,93.23653155098323
ID48_MBB140,1970-03-31,98.64902218055664
ID48_MBB140,1970-06-30,102.48892502013126
ID48_MBB140,1970-09-30,96.84923046551704
ID48_MBB140,1970-12-31,97.4013396978887
ID48_MBB140,1971-03-31,110.97533708091534
ID48_MBB140,1971-06-30,105.0162857558342
ID48_MBB140,1971-09-30,113.60922243513654
ID49_MBB141,1964-12-31,14.232248039261895
ID49_MBB141,1965-03-31,15.436485825785525
ID49_MBB141,1965-06-30,11.84597103013762
ID49_MBB141,1965-09-30,16.103497068007098
ID49_MBB141,1965-12-31,15.397287550458703
ID49_MBB141,1966-03-31,16.3692722291779
ID49_MBB141,1966-06-30,12.428381984642902
ID49_MBB141,1966-09-30,17.20967830950913
ID49_MBB141,1966-12-31,17.827079299123188
ID49_MBB141,1967-03-31,17.854688543309603
ID49_MBB141,1967-06-30,14.24580171904096
ID49_MBB141,1967-09-30,19.31031582212927
ID49_MBB141,1967-12-31,18.45470957218368
ID49_MBB141,1968-03-31,17.75572387803954
ID49_MBB141,1968-06-30,13.073092997817174
ID49_MBB141,1968-09-30,17.019405984258018
ID49_MBB141,1968-12-31,16.92435525492734
ID49_MBB141,1969-03-31,16.612448567637987
ID49_MBB141,1969-06-30,13.91864989418253
ID49_MBB141,1969-09-30,19.42033366087652
ID49_MBB141,1969-12-31,20.79397857903721
ID49_MBB141,1970-03-31,20.18149097828494
ID49_MBB141,1970-06-30,15.659901630609948
ID49_MBB141,1970-09-30,20.697248056263536
ID49_MBB141,1970-12-31,19.330077985119676
ID49_MBB141,1971-03-31,19.5025751571618
ID49_MBB141,1971-06-30,14.040344366805416
ID49_MBB141,1971-09-30,19.883491960207856
ID5_MBB142,1978-06-30,459.74129512216047
ID5_MBB142,1978-09-30,410.7168875822844
ID5_MBB142,1978-12-31,431.7043889188481
ID5_MBB142,1979-03-31,390.6017734264246
ID5_MBB142,1979-06-30,418.27407350303133
ID5_MBB142,1979-09-30,403.6882929872156
ID5_MBB142,1979-12-31,395.97083720292846
ID5_MBB142,1980-03-31,439.20441874235297
ID5_MBB142,1980-06-30,511.9608961277187
ID5_MBB142,1980-09-30,429.9588576097127
ID5_MBB142,1980-12-31,445.9996657929311
ID5_MBB142,1981-03-31,490.945902682883
ID5_MBB142,1981-06-30,492.8242373408685
ID5_MBB142,1981-09-30,466.7251865062305
ID5_MBB142,1981-12-31,451.1036015327925
ID5_MBB142,1982-03-31,521.0667122483236
ID5_MBB142,1982-06-30,547.159987360462
ID5_MBB142,1982-09-30,556.8901093724141
ID5_MBB142,1982-12-31,536.8199003964246
ID5_MBB142,1983-03-31,619.490048883073
ID5_MBB142,1983-06-30,648.8709093723678
ID5_MBB142,1983-09-30,610.822484899616
ID5_MBB142,1983-12-31,570.2212138024737
ID5_MBB142,1984-03-31,646.8684082068761
ID5_MBB142,1984-06-30,673.6775292242664
ID5_MBB142,1984-09-30,623.1159597410792
ID5_MBB142,1984-12-31,489.0053622559145
ID5_MBB142,1985-03-31,424.9317092511273
ID5_MBB142,1985-06-30,393.56231710214456
ID5_MBB142,1985-09-30,398.83616019802224
ID50_MBB143,1962-12-31,98.40893349892194
ID50_MBB143,1963-03-31,98.86211680116851
ID50_MBB143,1963-06-30,103.41640242816425
ID50_MBB143,1963-09-30,100.5258036067045
ID50_MBB143,1963-12-31,110.64023728591236
ID50_MBB143,1964-03-31,115.27972100578032
ID50_MBB143,1964-06-30,106.6622727912384
ID50_MBB143,1964-09-30,101.85333730204667
ID50_MBB143,1964-12-31,118.15919811263643
ID50_MBB143,1965-03-31,134.38289274893677
ID50_MBB143,1965-06-30,132.75619867208087
ID50_MBB143,1965-09-30,131.85671011594565
ID50_MBB143,1965-12-31,141.3201655623698
ID50_MBB143,1966-03-31,135.6056854351291
ID50_MBB143,1966-06-30,131.01449684923892
ID50_MBB143,1966-09-30,132.96671013653716
ID50_MBB143,1966-12-31,140.62254116798601
ID50_MBB143,1967-03-31,146.55649825113582
ID50_MBB143,1967-06-30,149.9033982132526
ID50_MBB143,1967-09-30,150.65315114558382
ID50_MBB143,1967-12-31,151.42970514090126
ID50_MBB143,1968-03-31,150.97116816530067
ID50_MBB143,1968-06-30,167.1566998247934
ID50_MBB143,1968-09-30,148.48557826580506
ID50_MBB143,1968-12-31,162.69706831851767
ID50_MBB143,1969-03-31,160.9994068148071
ID50_MBB143,1969-06-30,146.1831359457218
ID50_MBB143,1969-09-30,148.51351414488386
ID50_MBB143,1969-12-31,165.55762652803705
ID50_MBB143,1970-03-31,159.92053382841752
ID50_MBB143,1970-06-30,141.40695865428293
ID50_MBB143,1970-09-30,142.5615022258303
ID50_MBB143,1970-12-31,157.88034896563627
ID50_MBB143,1971-03-31,175.10357801398365
ID50_MBB143,1971-06-30,181.3740100490181
ID50_MBB143,1971-09-30,176.88506284740345
ID51_MBB144,1968-12-31,6.917160335790696
ID51_MBB144,1969-03-31,6.731146168496807
ID51_MBB144,1969-06-30,7.270505114412455
ID51_MBB144,1969-09-30,8.315712267376565
ID51_MBB144,1969-12-31,8.000000357013583
ID51_MBB144,1970-03-31,10.0000006968803
ID51_MBB144,1970-06-30,10.0000006968803
ID51_MBB144,1970-09-30,13.000000955180113
ID51_MBB144,1970-12-31,11.368291392694772
ID51_MBB144,1971-03-31,12.925263529304567
ID51_MBB144,1971-06-30,12.77014132376167
ID51_MBB144,1971-09-30,14.420936877810776
ID51_MBB144,1971-12-31,12.174518549478469
ID51_MBB144,1972-03-31,12.903990639715257
ID51_MBB144,1972-06-30,11.610913894178253
ID51_MBB144,1972-09-30,13.61575549523363
ID51_MBB144,1972-12-31,12.01245200278364
ID51_MBB144,1973-03-31,14.726736275225706
ID51_MBB144,1973-06-30,14.761877865753682
ID51_MBB144,1973-09-30,17.209481002391914
ID51_MBB144,1973-12-31,14.41833360213082
ID51_MBB144,1974-03-31,16.610055692022936
ID51_MBB144,1974-06-30,16.601895947931922
ID51_MBB144,1974-09-30,18.031167021323768
ID51_MBB144,1974-12-31,15.487135876543558
ID51_MBB144,1975-03-31,17.370147682194272
ID51_MBB144,1975-06-30,20.028201316105392
ID51_MBB144,1975-09-30,23.544490916310245
ID51_MBB144,1975-12-31,18.27699764068722
ID51_MBB144,1976-03-31,21.491618223199826
ID51_MBB144,1976-06-30,25.424847366921977
ID51_MBB144,1976-09-30,30.745868218395906
ID52_MBB145,1968-12-31,13.5024259497382
ID52_MBB145,1969-03-31,14.417076290325465
ID52_MBB145,1969-06-30,16.229703699612088
ID52_MBB145,1969-09-30,15.041165502195863
ID52_MBB145,1969-12-31,12.789577010422562
ID52_MBB145,1970-03-31,14.113972257791987
ID52_MBB145,1970-06-30,16.116517127289683
ID52_MBB145,1970-09-30,18.40769698091594
ID52_MBB145,1970-12-31,14.658479946862187
ID52_MBB145,1971-03-31,17.705945045626585
ID52_MBB145,1971-06-30,19.53734485451358
ID52_MBB145,1971-09-30,20.581099032709215
ID52_MBB145,1971-12-31,15.288341550552008
ID52_MBB145,1972-03-31,18.244986057917806
ID52_MBB145,1972-06-30,17.40380770454821
ID52_MBB145,1972-09-30,18.49433988130728
ID52_MBB145,1972-12-31,13.575038611041261
ID52_MBB145,1973-03-31,17.235257504695557
ID52_MBB145,1973-06-30,17.97485977221183
ID52_MBB145,1973-09-30,20.642086487558327
ID52_MBB145,1973-12-31,14.335041051573128
ID52_MBB145,1974-03-31,18.394253644645243
ID52_MBB145,1974-06-30,19.129982801179914
ID52_MBB145,1974-09-30,21.664148453199687
ID52_MBB145,1974-12-31,17.16808936149935
ID52_MBB145,1975-03-31,22.879476003273457
ID52_MBB145,1975-06-30,25.773660566844455
ID52_MBB145,1975-09-30,29.063228177514517
ID52_MBB145,1975-12-31,22.236217259008026
ID52_MBB145,1976-03-31,24.386352894825812
ID52_MBB145,1976-06-30,29.616899371607662
ID52_MBB145,1976-09-30,33.53642818439726
ID53_MBB146,1968-12-31,32.80168077258364
ID53_MBB146,1969-03-31,34.07992346225937
ID53_MBB146,1969-06-30,31.620068833922325
ID53_MBB146,1969-09-30,33.54334645824337
ID53_MBB146,1969-12-31,27.26529703156423
ID53_MBB146,1970-03-31,32.23292786768887
ID53_MBB146,1970-06-30,31.630491906010306
ID53_MBB146,1970-09-30,37.619891435399005
ID53_MBB146,1970-12-31,31.337237169622192
ID53_MBB146,1971-03-31,38.11162575815359
ID53_MBB146,1971-06-30,39.312899098068186
ID53_MBB146,1971-09-30,43.241053576033586
ID53_MBB146,1971-12-31,34.6950666269283
ID53_MBB146,1972-03-31,38.83076728621396
ID53_MBB146,1972-06-30,37.61066284539255
ID53_MBB146,1972-09-30,45.5024519450148
ID53_MBB146,1972-12-31,34.385040930410035
ID53_MBB146,1973-03-31,39.540674855987646
ID53_MBB146,1973-06-30,35.900685987485694
ID53_MBB146,1973-09-30,41.84350552158347
ID53_MBB146,1973-12-31,34.646184502773764
ID53_MBB146,1974-03-31,39.27442138470121
ID53_MBB146,1974-06-30,38.384672290483394
ID53_MBB146,1974-09-30,48.33452713929538
ID53_MBB146,1974-12-31,40.66295332222815
ID53_MBB146,1975-03-31,49.851832142490295
ID53_MBB146,1975-06-30,51.45669030049818
ID53_MBB146,1975-09-30,57.41174296187667
ID53_MBB146,1975-12-31,55.34990053634301
ID53_MBB146,1976-03-31,63.872287215438845
ID53_MBB146,1976-06-30,61.563288786023726
ID53_MBB146,1976-09-30,76.39534933182694
ID54_MBB147,1968-12-31,53.94147745608142
ID54_MBB147,1969-03-31,65.96870413828319
ID54_MBB147,1969-06-30,54.840199796288935
ID54_MBB147,1969-09-30,69.46621835067022
ID54_MBB147,1969-12-31,53.07157101382348
ID54_MBB147,1970-03-31,61.003584548660086
ID54_MBB147,1970-06-30,58.22312109949389
ID54_MBB147,1970-09-30,72.25829672952219
ID54_MBB147,1970-12-31,54.102568857558076
ID54_MBB147,1971-03-31,66.72327632177362
ID54_MBB147,1971-06-30,64.53964682236656
ID54_MBB147,1971-09-30,76.92444289483393
ID54_MBB147,1971-12-31,58.823492422048986
ID54_MBB147,1972-03-31,67.31463683394367
ID54_MBB147,1972-06-30,73.4522936260077
ID54_MBB147,1972-09-30,79.70999345078958
ID54_MBB147,1972-12-31,58.269799818114144
ID54_MBB147,1973-03-31,74.23969970473541
ID54_MBB147,1973-06-30,72.15518897973479
ID54_MBB147,1973-09-30,77.80572228337516
ID54_MBB147,1973-12-31,59.78476000561504
ID54_MBB147,1974-03-31,71.69872785624972
ID54_MBB147,1974-06-30,75.57207509235646
ID54_MBB147,1974-09-30,87.0953881568472
ID54_MBB147,1974-12-31,67.18602267169061
ID54_MBB147,1975-03-31,85.3809927567628
ID54_MBB147,1975-06-30,85.23881876311523
ID54_MBB147,1975-09-30,95.81455811493687
ID54_MBB147,1975-12-31,76.78990018986346
ID54_MBB147,1976-03-31,96.65667447162919
ID54_MBB147,1976-06-30,95.88273781076917
ID54_MBB147,1976-09-30,109.54206508320975
ID55_MBB148,1971-12-31,305.58411334262604
ID55_MBB148,1972-03-31,346.97192838941226
ID55_MBB148,1972-06-30,354.6610370146752
ID55_MBB148,1972-09-30,375.0165043902328
ID55_MBB148,1972-12-31,385.0182863446585
ID55_MBB148,1973-03-31,410.90099677636937
ID55_MBB148,1973-06-30,387.29886520761164
ID55_MBB148,1973-09-30,396.4077081343928
ID55_MBB148,1973-12-31,433.94659337691326
ID55_MBB148,1974-03-31,381.6291757971859
ID55_MBB148,1974-06-30,338.1687281065774
ID55_MBB148,1974-09-30,327.74849651214276
ID55_MBB148,1974-12-31,364.61430242317465
ID55_MBB148,1975-03-31,353.55523971164985
ID55_MBB148,1975-06-30,307.3686298267974
ID55_MBB148,1975-09-30,325.95338228653065
ID55_MBB148,1975-12-31,348.618668729378
ID55_MBB148,1976-03-31,418.0183357371193
ID55_MBB148,1976-06-30,424.0004464204935
ID55_MBB148,1976-09-30,444.4448273708902
ID55_MBB148,1976-12-31,506.25059578911464
ID55_MBB148,1977-03-31,458.4024425396314
ID55_MBB148,1977-06-30,415.39069972283085
ID55_MBB148,1977-09-30,427.3082713608865
ID55_MBB148,1977-12-31,493.77709424542246
ID55_MBB148,1978-03-31,462.41921404772285
ID55_MBB148,1978-06-30,466.7428812564652
ID55_MBB148,1978-09-30,451.16426374414687
ID55_MBB148,1978-12-31,516.9119108861869
ID55_MBB148,1979-03-31,535.745067653359
ID55_MBB148,1979-06-30,553.5639936433764
ID55_MBB148,1979-09-30,540.8165585162154
ID55_MBB148,1979-12-31,590.9364440645314
ID55_MBB148,1980-03-31,626.0014529221876
ID55_MBB148,1980-06-30,678.2169827177527
ID55_MBB148,1980-09-30,589.2861063465465
ID55_MBB148,1980-12-31,632.7585089598174
ID55_MBB148,1981-03-31,715.5385914219438
ID55_MBB148,1981-06-30,690.5688502132135
ID55_MBB148,1981-09-30,742.9932167949717
ID55_MBB148,1981-12-31,694.0717778930704
ID55_MBB148,1982-03-31,742.2828046541256
ID55_MBB148,1982-06-30,702.4169994283786
ID55_MBB148,1982-09-30,726.5411291291616
ID55_MBB148,1982-12-31,779.9998150476758
ID55_MBB148,1983-03-31,799.000055731871
ID55_MBB148,1983-06-30,742.9999715185064
ID55_MBB148,1983-09-30,703.0000526455995
ID55_MBB148,1983-12-31,742.868393870214
ID55_MBB148,1984-03-31,758.2505252333578
ID55_MBB148,1984-06-30,703.1785871358833
ID55_MBB148,1984-09-30,775.0634959651823
ID55_MBB148,1984-12-31,779.7393774559882
ID55_MBB148,1985-03-31,894.6929735310604
ID55_MBB148,1985-06-30,819.4999621845914
ID55_MBB148,1985-09-30,933.1305046097075
ID56_MBB149,1978-03-31,61.86123709277735
ID56_MBB149,1978-06-30,66.3671500105086
ID56_MBB149,1978-09-30,65.65146114019343
ID56_MBB149,1978-12-31,74.14640803809212
ID56_MBB149,1979-03-31,65.52422684259956
ID56_MBB149,1979-06-30,67.84331047661276
ID56_MBB149,1979-09-30,69.80073793533587
ID56_MBB149,1979-12-31,78.4368157038074
ID56_MBB149,1980-03-31,70.03944425270707
ID56_MBB149,1980-06-30,72.34876240984754
ID56_MBB149,1980-09-30,72.30528120877078
ID56_MBB149,1980-12-31,83.87280621173582
ID56_MBB149,1981-03-31,73.88300137195883
ID56_MBB149,1981-06-30,77.9237416735169
ID56_MBB149,1981-09-30,78.22518513796192
ID56_MBB149,1981-12-31,87.63846440970327
ID56_MBB149,1982-03-31,76.84519105259464
ID56_MBB149,1982-06-30,80.43975786773669
ID56_MBB149,1982-09-30,78.17559902795986
ID56_MBB149,1982-12-31,88.83319338981039
ID56_MBB149,1983-03-31,76.7131332393037
ID56_MBB149,1983-06-30,79.10329311348707
ID56_MBB149,1983-09-30,80.33713062681397
ID56_MBB149,1983-12-31,90.99140240523509
ID56_MBB149,1984-03-31,78.62832541331271
ID56_MBB149,1984-06-30,81.88916249718791
ID56_MBB149,1984-09-30,85.71215249038805
ID56_MBB149,1984-12-31,98.84190761877844
ID56_MBB149,1985-03-31,87.04003502833945
ID56_MBB149,1985-06-30,91.09184115485266
ID56_MBB149,1985-09-30,93.10589806892555
ID56_MBB149,1985-12-31,108.34304485724142
ID56_MBB149,1986-03-31,93.20080861926272
ID56_MBB149,1986-06-30,96.87299007158964
ID56_MBB149,1986-09-30,95.86756157507506
ID56_MBB149,1986-12-31,108.69605909680918
ID56_MBB149,1987-03-31,94.98920740750421
ID56_MBB149,1987-06-30,96.40112411921949
ID56_MBB149,1987-09-30,96.94085715030006
ID56_MBB149,1987-12-31,109.04103870810451
ID56_MBB149,1988-03-31,99.13946793867267
ID56_MBB149,1988-06-30,100.97795574091747
ID56_MBB149,1988-09-30,102.52123565437262
ID56_MBB149,1988-12-31,115.17324020352657
ID56_MBB149,1989-03-31,104.45166917180796
ID56_MBB149,1989-06-30,105.8513518950769
ID56_MBB149,1989-09-30,104.29194542359086
ID56_MBB149,1989-12-31,115.4979445640062
ID56_MBB149,1990-03-31,103.86573393226234
ID56_MBB149,1990-06-30,103.80579211064689
ID56_MBB149,1990-09-30,100.30672646885245
ID56_MBB149,1990-12-31,108.13820063901754
ID56_MBB149,1991-03-31,96.69836990077253
ID57_MBB150,1978-06-30,3001.8605596914076
ID57_MBB150,1978-09-30,2873.21650704904
ID57_MBB150,1978-12-31,3217.9635604394543
ID57_MBB150,1979-03-31,3084.7825179348733
ID57_MBB150,1979-06-30,3325.2049897792526
ID57_MBB150,1979-09-30,3228.40781132369
ID57_MBB150,1979-12-31,3490.0193406803887
ID57_MBB150,1980-03-31,3418.402245760456
ID57_MBB150,1980-06-30,3662.740234842885
ID57_MBB150,1980-09-30,3540.614222134799
ID57_MBB150,1980-12-31,3758.2738599465174
ID57_MBB150,1981-03-31,3608.433071235
ID57_MBB150,1981-06-30,3764.9032523043793
ID57_MBB150,1981-09-30,3535.0852223702445
ID57_MBB150,1981-12-31,3608.9877161194822
ID57_MBB150,1982-03-31,3635.311665667045
ID57_MBB150,1982-06-30,3734.782608198587
ID57_MBB150,1982-09-30,3648.6314279223448
ID57_MBB150,1982-12-31,3894.4814392320613
ID57_MBB150,1983-03-31,3843.505575648285
ID57_MBB150,1983-06-30,4215.648525010934
ID57_MBB150,1983-09-30,4194.9161272751135
ID57_MBB150,1983-12-31,4719.623646324964
ID57_MBB150,1984-03-31,4569.2858984924405
ID57_MBB150,1984-06-30,4260.874353492719
ID57_MBB150,1984-09-30,4111.4770327495435
ID57_MBB150,1984-12-31,4527.127968081837
ID57_MBB150,1985-03-31,4110.686751119593
ID57_MBB150,1985-06-30,3602.1850755075416
ID57_MBB150,1985-09-30,3209.0396340696943
ID58_MBB151,1977-03-31,594.7516959178653
ID58_MBB151,1977-06-30,577.9887484821472
ID58_MBB151,1977-09-30,494.29525015060676
ID58_MBB151,1977-12-31,618.6381969262345
ID58_MBB151,1978-03-31,621.212800584339
ID58_MBB151,1978-06-30,574.0671629172458
ID58_MBB151,1978-09-30,527.7065211140655
ID58_MBB151,1978-12-31,626.5363827341234
ID58_MBB151,1979-03-31,616.0896673968273
ID58_MBB151,1979-06-30,601.9119288070502
ID58_MBB151,1979-09-30,532.6501703788762
ID58_MBB151,1979-12-31,686.4927697105333
ID58_MBB151,1980-03-31,693.4039317117813
ID58_MBB151,1980-06-30,668.6807680936322
ID58_MBB151,1980-09-30,586.7808011918041
ID58_MBB151,1980-12-31,746.8940385873063
ID58_MBB151,1981-03-31,753.567583615799
ID58_MBB151,1981-06-30,710.8838704074458
ID58_MBB151,1981-09-30,613.2593978787237
ID58_MBB151,1981-12-31,805.2060426585748
ID58_MBB151,1982-03-31,765.104493534735
ID58_MBB151,1982-06-30,759.4967438619715
ID58_MBB151,1982-09-30,651.3732878904613
ID58_MBB151,1982-12-31,817.8935652288781
ID58_MBB151,1983-03-31,812.2330181779953
ID58_MBB151,1983-06-30,810.536554837972
ID58_MBB151,1983-09-30,698.8703138359049
ID58_MBB151,1983-12-31,872.1388651406503
ID58_MBB151,1984-03-31,888.9877983655657
ID58_MBB151,1984-06-30,873.055979589132
ID58_MBB151,1984-09-30,722.6753636935425
ID58_MBB151,1984-12-31,922.6856819410114
ID58_MBB151,1985-03-31,965.3349404011037
ID59_MBB152,1977-09-30,110797.50922217646
ID59_MBB152,1977-12-31,110159.48230074838
ID59_MBB152,1978-03-31,120300.88797612772
ID59_MBB152,1978-06-30,115189.90369570514
ID59_MBB152,1978-09-30,119032.221422776
ID59_MBB152,1978-12-31,116323.4920708351
ID59_MBB152,1979-03-31,123413.38789581484
ID59_MBB152,1979-06-30,125502.51091421829
ID59_MBB152,1979-09-30,119231.85180170024
ID59_MBB152,1979-12-31,121788.67106154589
ID59_MBB152,1980-03-31,133042.81090995885
ID59_MBB152,1980-06-30,131176.74416904477
ID59_MBB152,1980-09-30,134385.42128125386
ID59_MBB152,1980-12-31,130253.98947037893
ID59_MBB152,1981-03-31,135397.72233754626
ID59_MBB152,1981-06-30,138908.2994517371
ID59_MBB152,1981-09-30,138726.8888260977
ID59_MBB152,1981-12-31,138465.2171437623
ID59_MBB152,1982-03-31,140363.2037581898
ID59_MBB152,1982-06-30,138923.86997380658
ID59_MBB152,1982-09-30,136050.16580603019
ID59_MBB152,1982-12-31,136864.2364865084
ID59_MBB152,1983-03-31,135920.5210126029
ID59_MBB152,1983-06-30,133866.96763800824
ID59_MBB152,1983-09-30,132497.8161273099
ID59_MBB152,1983-12-31,130716.55005640602
ID59_MBB152,1984-03-31,128315.63883328682
ID59_MBB152,1984-06-30,136663.1533877781
ID59_MBB152,1984-09-30,139692.51676412474
ID59_MBB152,1984-12-31,138072.6526560485
ID59_MBB152,1985-03-31,142415.55856567324
ID59_MBB152,1985-06-30,151882.20182707673
ID59_MBB152,1985-09-30,149082.22437416777
ID59_MBB152,1985-12-31,147230.50634381297
ID59_MBB152,1986-03-31,142937.7699039051
ID59_MBB152,1986-06-30,149085.53583445674
ID59_MBB152,1986-09-30,149114.879072184
ID59_MBB152,1986-12-31,138726.15526903587
ID60_MBB153,1976-12-31,23.323747921107476
ID60_MBB153,1977-03-31,21.63164990319409
ID60_MBB153,1977-06-30,20.851311335484564
ID60_MBB153,1977-09-30,20.87395304254235
ID60_MBB153,1977-12-31,19.83641599182236
ID60_MBB153,1978-03-31,20.480138462912404
ID60_MBB153,1978-06-30,21.271509207692194
ID60_MBB153,1978-09-30,25.863708183217298
ID60_MBB153,1978-12-31,23.66942988071241
ID60_MBB153,1979-03-31,23.813122125183277
ID60_MBB153,1979-06-30,24.582280348938248
ID60_MBB153,1979-09-30,26.84727651224178
ID60_MBB153,1979-12-31,31.3939245535662
ID60_MBB153,1980-03-31,33.01005118228974
ID60_MBB153,1980-06-30,34.399962519768756
ID60_MBB153,1980-09-30,35.268411983982524
ID60_MBB153,1980-12-31,33.49410712719052
ID60_MBB153,1981-03-31,39.71756701089671
ID60_MBB153,1981-06-30,40.26821275880165
ID60_MBB153,1981-09-30,43.09703720779725
ID60_MBB153,1981-12-31,45.396881441724176
ID60_MBB153,1982-03-31,49.90404167841059
ID60_MBB153,1982-06-30,58.85266271908747
ID60_MBB153,1982-09-30,69.01196787105054
ID60_MBB153,1982-12-31,96.75040978312636
ID60_MBB153,1983-03-31,109.85395541009984
ID60_MBB153,1983-06-30,115.79647760731942
ID60_MBB153,1983-09-30,111.09230373380203
ID60_MBB153,1983-12-31,111.61374591080505
ID60_MBB153,1984-03-31,108.24715789095225
ID60_MBB153,1984-06-30,105.73471633441588
ID60_MBB153,1984-09-30,103.47412563432323
ID60_MBB153,1984-12-31,103.18494631123
ID60_MBB153,1985-03-31,108.49151949583123
ID60_MBB153,1985-06-30,114.115486422151
ID60_MBB153,1985-09-30,118.83520766001055
ID60_MBB153,1985-12-31,134.0495856478292
ID60_MBB153,1986-03-31,138.07348451866645
ID60_MBB153,1986-06-30,137.36236394318274
ID60_MBB153,1986-09-30,133.36744718887869
ID60_MBB153,1986-12-31,128.7792950939576
ID60_MBB153,1987-03-31,138.49433529778022
ID60_MBB153,1987-06-30,145.78054582766134
ID60_MBB153,1987-09-30,144.09922155882
ID60_MBB153,1987-12-31,150.4809315553519
ID60_MBB153,1988-03-31,149.73713390619307
ID60_MBB153,1988-06-30,145.31245926879603
ID60_MBB153,1988-09-30,136.38298474351564
ID61_MBB154,1976-12-31,64.75876558297705
ID61_MBB154,1977-03-31,65.98828617657853
ID61_MBB154,1977-06-30,66.69381416768002
ID61_MBB154,1977-09-30,67.6546506273251
ID61_MBB154,1977-12-31,68.55539709481432
ID61_MBB154,1978-03-31,69.0767147727925
ID61_MBB154,1978-06-30,70.40499733454041
ID61_MBB154,1978-09-30,72.25721390679175
ID61_MBB154,1978-12-31,72.9288866656849
ID61_MBB154,1979-03-31,74.43384474232896
ID61_MBB154,1979-06-30,75.44795090975003
ID61_MBB154,1979-09-30,77.1304038611079
ID61_MBB154,1979-12-31,76.18382943641949
ID61_MBB154,1980-03-31,77.94762545534813
ID61_MBB154,1980-06-30,79.10988113137643
ID61_MBB154,1980-09-30,79.55020061664062
ID61_MBB154,1980-12-31,80.0990886641372
ID61_MBB154,1981-03-31,82.0820651994658
ID61_MBB154,1981-06-30,81.95955340897527
ID61_MBB154,1981-09-30,82.7840415005001
ID61_MBB154,1981-12-31,82.58491545791918
ID61_MBB154,1982-03-31,84.56965209806351
ID61_MBB154,1982-06-30,83.6955723869624
ID61_MBB154,1982-09-30,85.07858194042377
ID61_MBB154,1982-12-31,87.45657261785217
ID61_MBB154,1983-03-31,89.43535234596585
ID61_MBB154,1983-06-30,91.11971289999205
ID61_MBB154,1983-09-30,92.44976710747156
ID61_MBB154,1983-12-31,94.23287748286334
ID61_MBB154,1984-03-31,94.98136196711754
ID61_MBB154,1984-06-30,97.34483604148225
ID61_MBB154,1984-09-30,97.2100407081318
ID61_MBB154,1984-12-31,98.67605739075582
ID61_MBB154,1985-03-31,99.14261856468765
ID61_MBB154,1985-06-30,99.30206532609334
ID61_MBB154,1985-09-30,100.03662035142649
ID61_MBB154,1985-12-31,101.23618528619076
ID61_MBB154,1986-03-31,101.58915633755146
ID61_MBB154,1986-06-30,100.60376040210535
ID61_MBB154,1986-09-30,101.38111955398232
ID61_MBB154,1986-12-31,102.8976169403749
ID61_MBB154,1987-03-31,105.11418989605588
ID61_MBB154,1987-06-30,106.88310290117654
ID61_MBB154,1987-09-30,107.89509956130541
ID61_MBB154,1987-12-31,110.73124334187405
ID61_MBB154,1988-03-31,114.36448137879555
ID61_MBB154,1988-06-30,114.73507500269683
ID61_MBB154,1988-09-30,117.13884672460027
ID62_MBB155,1976-12-31,111.27385690660235
ID62_MBB155,1977-03-31,108.61532322270179
ID62_MBB155,1977-06-30,105.1608118360381
ID62_MBB155,1977-09-30,104.08420916208769
ID62_MBB155,1977-12-31,103.82716104942307
ID62_MBB155,1978-03-31,100.18359761963573
ID62_MBB155,1978-06-30,96.10086020953048
ID62_MBB155,1978-09-30,102.11306878329682
ID62_MBB155,1978-12-31,96.58686910783872
ID62_MBB155,1979-03-31,94.65722988739151
ID62_MBB155,1979-06-30,94.8045924375034
ID62_MBB155,1979-09-30,104.36854915412003
ID62_MBB155,1979-12-31,101.43961132294883
ID62_MBB155,1980-03-31,103.8708116592748
ID62_MBB155,1980-06-30,107.84412002798675
ID62_MBB155,1980-09-30,103.35524596581182
ID62_MBB155,1980-12-31,101.01911024742213
ID62_MBB155,1981-03-31,101.27482155382532
ID62_MBB155,1981-06-30,101.92793638005877
ID62_MBB155,1981-09-30,98.50542366024732
ID62_MBB155,1981-12-31,99.29729358523346
ID62_MBB155,1982-03-31,98.62380252326673
ID62_MBB155,1982-06-30,104.72355061478508
ID62_MBB155,1982-09-30,102.60230729000567
ID62_MBB155,1982-12-31,101.93249154221424
ID62_MBB155,1983-03-31,98.44873003748448
ID62_MBB155,1983-06-30,98.56283937833017
ID62_MBB155,1983-09-30,95.95596824110598
ID62_MBB155,1983-12-31,95.90342129374822
ID62_MBB155,1984-03-31,95.4675531078024
ID62_MBB155,1984-06-30,97.46194646983787
ID62_MBB155,1984-09-30,95.13237515141138
ID62_MBB155,1984-12-31,100.30916136461282
ID62_MBB155,1985-03-31,101.39728584674909
ID62_MBB155,1985-06-30,102.11981766315864
ID62_MBB155,1985-09-30,100.28586469452227
ID62_MBB155,1985-12-31,104.87099798331448
ID62_MBB155,1986-03-31,103.36440583769655
ID62_MBB155,1986-06-30,102.2421202008781
ID62_MBB155,1986-09-30,106.04608694570652
ID62_MBB155,1986-12-31,107.69959762298446
ID62_MBB155,1987-03-31,108.13339231956174
ID62_MBB155,1987-06-30,103.94113077578356
ID62_MBB155,1987-09-30,104.71518829906047
ID62_MBB155,1987-12-31,103.84674078360572
ID62_MBB155,1988-03-31,108.93500812270453
ID62_MBB155,1988-06-30,105.50376185358883
ID62_MBB155,1988-09-30,98.56652862992868
ID63_MBB156,1976-12-31,15.788392437622782
ID63_MBB156,1977-03-31,15.727858828258242
ID63_MBB156,1977-06-30,15.720584281567689
ID63_MBB156,1977-09-30,15.836411037541794
ID63_MBB156,1977-12-31,15.443749274297108
ID63_MBB156,1978-03-31,15.8370474659861
ID63_MBB156,1978-06-30,15.955758183726829
ID63_MBB156,1978-09-30,15.66166849475259
ID63_MBB156,1978-12-31,16.024005237189357
ID63_MBB156,1979-03-31,16.201034151232683
ID63_MBB156,1979-06-30,16.322587264004387
ID63_MBB156,1979-09-30,16.54339767906379
ID63_MBB156,1979-12-31,16.207541560772256
ID63_MBB156,1980-03-31,16.46605808291886
ID63_MBB156,1980-06-30,16.33010481967928
ID63_MBB156,1980-09-30,16.277287429948856
ID63_MBB156,1980-12-31,16.07615737017843
ID63_MBB156,1981-03-31,16.42865827227478
ID63_MBB156,1981-06-30,16.190582653214936
ID63_MBB156,1981-09-30,16.864601643380478
ID63_MBB156,1981-12-31,16.696714129899117
ID63_MBB156,1982-03-31,16.732359553003473
ID63_MBB156,1982-06-30,16.667073602263287
ID63_MBB156,1982-09-30,17.050818292947156
ID63_MBB156,1982-12-31,17.3315288027588
ID63_MBB156,1983-03-31,17.10215601900814
ID63_MBB156,1983-06-30,17.63757437429955
ID63_MBB156,1983-09-30,17.253930733246797
ID63_MBB156,1983-12-31,17.270929083511714
ID63_MBB156,1984-03-31,17.48706619736973
ID63_MBB156,1984-06-30,17.296429034660427
ID63_MBB156,1984-09-30,17.661370209115823
ID63_MBB156,1984-12-31,17.700000311098535
ID63_MBB156,1985-03-31,17.79999729010889
ID63_MBB156,1985-06-30,17.50000241415889
ID63_MBB156,1985-09-30,17.599998622366435
ID63_MBB156,1985-12-31,17.375978202643005
ID63_MBB156,1986-03-31,17.71135264747257
ID63_MBB156,1986-06-30,17.65879829514536
ID63_MBB156,1986-09-30,17.21993737360104
ID64_MBB157,1976-12-31,67.52346624545804
ID64_MBB157,1977-03-31,72.77198843225318
ID64_MBB157,1977-06-30,65.1857388590038
ID64_MBB157,1977-09-30,73.99588943694638
ID64_MBB157,1977-12-31,76.1056101911081
ID64_MBB157,1978-03-31,73.72351517367213
ID64_MBB157,1978-06-30,73.43955215379123
ID64_MBB157,1978-09-30,74.16714996561501
ID64_MBB157,1978-12-31,75.05246996559742
ID64_MBB157,1979-03-31,74.40443985081673
ID64_MBB157,1979-06-30,77.08162969950331
ID64_MBB157,1979-09-30,77.82411575138309
ID64_MBB157,1979-12-31,78.58690773155945
ID64_MBB157,1980-03-31,78.1321801872324
ID64_MBB157,1980-06-30,80.8592891926717
ID64_MBB157,1980-09-30,81.53288403671671
ID64_MBB157,1980-12-31,82.21026524623244
ID64_MBB157,1981-03-31,80.52064066822756
ID64_MBB157,1981-06-30,82.66519983583912
ID64_MBB157,1981-09-30,83.6216427970771
ID64_MBB157,1981-12-31,83.75901952493476
ID64_MBB157,1982-03-31,81.94255572246394
ID64_MBB157,1982-06-30,88.2906010220793
ID64_MBB157,1982-09-30,88.86372414319501
ID64_MBB157,1982-12-31,94.35948779538538
ID64_MBB157,1983-03-31,92.52978502050733
ID64_MBB157,1983-06-30,94.7771479941417
ID64_MBB157,1983-09-30,96.78474351443775
ID64_MBB157,1983-12-31,98.98014148318452
ID64_MBB157,1984-03-31,101.61236091694208
ID64_MBB157,1984-06-30,99.84227365296584
ID64_MBB157,1984-09-30,101.45194797171152
ID64_MBB157,1984-12-31,104.36493764294971
ID64_MBB157,1985-03-31,105.02138401111988
ID64_MBB157,1985-06-30,108.2044250449554
ID64_MBB157,1985-09-30,109.59077467525024
ID64_MBB157,1985-12-31,111.50631207079496
ID64_MBB157,1986-03-31,113.51800365505467
ID64_MBB157,1986-06-30,114.13312173634569
ID64_MBB157,1986-09-30,118.97592907011006
ID64_MBB157,1986-12-31,125.16010841476073
ID64_MBB157,1987-03-31,118.24728944611697
ID64_MBB157,1987-06-30,118.77117805496354
ID64_MBB157,1987-09-30,122.09283073439987
ID7_MBB158,1977-06-30,33.56689513780192
ID7_MBB158,1977-09-30,37.961682594959086
ID7_MBB158,1977-12-31,41.89955651567449
ID7_MBB158,1978-03-31,45.881397806530934
ID7_MBB158,1978-06-30,35.60346143660019
ID7_MBB158,1978-09-30,44.934984610649984
ID7_MBB158,1978-12-31,47.147265100184306
ID7_MBB158,1979-03-31,46.05682535201368
ID7_MBB158,1979-06-30,35.4932672843281
ID7_MBB158,1979-09-30,48.28046383779264
ID7_MBB158,1979-12-31,51.72644353338246
ID7_MBB158,1980-03-31,56.808647065869835
ID7_MBB158,1980-06-30,45.82502046987575
ID7_MBB158,1980-09-30,53.00967193348385
ID7_MBB158,1980-12-31,53.489314834734536
ID7_MBB158,1981-03-31,60.86853909985943
ID7_MBB158,1981-06-30,46.03309628413262
ID7_MBB158,1981-09-30,66.41611714426239
ID7_MBB158,1981-12-31,65.28437952020332
ID7_MBB158,1982-03-31,64.14766865893914
ID7_MBB158,1982-06-30,57.47481101610393
ID7_MBB158,1982-09-30,83.55002718538405
ID7_MBB158,1982-12-31,71.15469702803097
ID7_MBB158,1983-03-31,86.43313350533386
ID7_MBB158,1983-06-30,74.95000265333373
ID7_MBB158,1983-09-30,92.6500169167025
ID7_MBB158,1983-12-31,78.07001071295691
ID7_MBB158,1984-03-31,106.17998512688624
ID7_MBB158,1984-06-30,84.38917698884653
ID7_MBB158,1984-09-30,123.37402658431813
ID7_MBB158,1984-12-31,103.52476947139347
ID7_MBB158,1985-03-31,128.67383676975916
ID7_MBB158,1985-06-30,99.49621498221477
ID7_MBB158,1985-09-30,139.4750912484221
ID7_MBB158,1985-12-31,126.0009354340394
ID7_MBB158,1986-03-31,157.42700212708053
ID7_MBB158,1986-06-30,129.0781616270421
ID7_MBB158,1986-09-30,170.86264174648315
ID7_MBB158,1986-12-31,162.48924603974004
ID7_MBB158,1987-03-31,170.16098922893656
ID7_MBB158,1987-06-30,149.5718913700688
ID7_MBB158,1987-09-30,166.90732543840895
ID7_MBB158,1987-12-31,193.28223278039292
ID7_MBB158,1988-03-31,172.79136347623546
ID7_MBB158,1988-06-30,151.5867713287595
ID7_MBB158,1988-09-30,143.78272837805935
ID71_MBB159,1976-03-31,83.84891563741814
ID71_MBB159,1976-06-30,84.88030211019083
ID71_MBB159,1976-09-30,86.72528294933491
ID71_MBB159,1976-12-31,88.2248736280983
ID71_MBB159,1977-03-31,84.02292998130957
ID71_MBB159,1977-06-30,91.79048498680581
ID71_MBB159,1977-09-30,94.27979050032718
ID71_MBB159,1977-12-31,94.33404056104347
ID71_MBB159,1978-03-31,95.65250897206097
ID71_MBB159,1978-06-30,97.88442043121124
ID71_MBB159,1978-09-30,99.49732577778131
ID71_MBB159,1978-12-31,99.52013489570545
ID71_MBB159,1979-03-31,100.55435414075207
ID71_MBB159,1979-06-30,102.94583240150264
ID71_MBB159,1979-09-30,103.31960637371105
ID71_MBB159,1979-12-31,105.63454031425789
ID71_MBB159,1980-03-31,107.62299601491775
ID71_MBB159,1980-06-30,107.44824237078026
ID71_MBB159,1980-09-30,110.25649412919768
ID71_MBB159,1980-12-31,111.53152670831699
ID71_MBB159,1981-03-31,112.64026813023649
ID71_MBB159,1981-06-30,111.3476605230549
ID71_MBB159,1981-09-30,116.0312390392834
ID71_MBB159,1981-12-31,117.31352268260446
ID71_MBB159,1982-03-31,117.69097387513165
ID71_MBB159,1982-06-30,116.00368400703826
ID71_MBB159,1982-09-30,122.66756134253987
ID71_MBB159,1982-12-31,127.19765204281035
ID71_MBB159,1983-03-31,127.42138143820887
ID71_MBB159,1983-06-30,127.80298177059714
ID71_MBB159,1983-09-30,132.37153690535632
ID71_MBB159,1983-12-31,133.1357723063889
ID71_MBB159,1984-03-31,134.82164501037195
ID71_MBB159,1984-06-30,136.28684651098922
ID71_MBB159,1984-09-30,139.56282864935426
ID71_MBB159,1984-12-31,141.78988966616282
ID71_MBB159,1985-03-31,143.19300118465856
ID71_MBB159,1985-06-30,144.3282022049843
ID71_MBB159,1985-09-30,148.0398223079696
ID71_MBB159,1985-12-31,149.35380269384015
ID71_MBB159,1986-03-31,153.11574402680526
ID71_MBB159,1986-06-30,155.3260351344112
ID71_MBB159,1986-09-30,153.6359082144004
ID71_MBB159,1986-12-31,161.65219820063777
ID71_MBB159,1987-03-31,160.5409372163911
ID77_MBB160,1971-12-31,5471.999458946023
ID77_MBB160,1972-03-31,5884.002413528407
ID77_MBB160,1972-06-30,6315.998482561354
ID77_MBB160,1972-09-30,6487.998623561726
ID77_MBB160,1972-12-31,6897.462010794844
ID77_MBB160,1973-03-31,7032.19820875468
ID77_MBB160,1973-06-30,7248.861928107743
ID77_MBB160,1973-09-30,7497.485868054783
ID77_MBB160,1973-12-31,7485.587792896101
ID77_MBB160,1974-03-31,7690.771823382413
ID77_MBB160,1974-06-30,7519.399266771613
ID77_MBB160,1974-09-30,7371.593077847785
ID77_MBB160,1974-12-31,7363.644075092121
ID77_MBB160,1975-03-31,7522.096795298885
ID77_MBB160,1975-06-30,7584.000279455382
ID77_MBB160,1975-09-30,7268.79891118671
ID77_MBB160,1975-12-31,7283.898463087942
ID77_MBB160,1976-03-31,7344.442337703053
ID77_MBB160,1976-06-30,7380.937785218892
ID77_MBB160,1976-09-30,7508.322442587383
ID77_MBB160,1976-12-31,6986.848215928726
ID77_MBB160,1977-03-31,7146.004120557334
ID77_MBB160,1977-06-30,6931.044342967085
ID77_MBB160,1977-09-30,6749.978307248235
ID77_MBB160,1977-12-31,6554.091390120352
ID77_MBB160,1978-03-31,6624.852777352513
ID77_MBB160,1978-06-30,6692.892500698113
ID77_MBB160,1978-09-30,6784.67955540343
ID77_MBB160,1978-12-31,6810.031816509586
ID77_MBB160,1979-03-31,6768.92414371682
ID77_MBB160,1979-06-30,6998.097368475242
ID77_MBB160,1979-09-30,7119.000260083687
ID77_MBB160,1979-12-31,7109.6502163216865
ID77_MBB160,1980-03-31,7164.971769801293
ID77_MBB160,1980-06-30,7527.4823686718155
ID77_MBB160,1980-09-30,7880.189991141315
ID77_MBB160,1980-12-31,8117.874543786009
ID77_MBB160,1981-03-31,8552.912324261662
ID77_MBB160,1981-06-30,8580.784890570476
ID77_MBB160,1981-09-30,8953.018292881934
ID77_MBB160,1981-12-31,9019.344854353307
ID77_MBB160,1982-03-31,9222.823155998816
ID77_MBB160,1982-06-30,9579.080541044019
ID77_MBB160,1982-09-30,10294.764473877764
ID77_MBB160,1982-12-31,10383.996994469291
ID77_MBB160,1983-03-31,10672.001857926609
ID77_MBB160,1983-06-30,10524.002979625906
ID77_MBB160,1983-09-30,10588.004699921607
ID77_MBB160,1983-12-31,10286.794638027059
ID77_MBB160,1984-03-31,10430.471289563922
ID77_MBB160,1984-06-30,10228.100224534006
ID77_MBB160,1984-09-30,10259.990900591289
ID77_MBB160,1984-12-31,10210.089546714255
ID77_MBB160,1985-03-31,10315.875029984094
ID77_MBB160,1985-06-30,10691.936788803972
ID77_MBB160,1985-09-30,10519.660483193726
ID78_MBB161,1971-12-31,6086.909269525762
ID78_MBB161,1972-03-31,5991.696395994189
ID78_MBB161,1972-06-30,6121.20806675298
ID78_MBB161,1972-09-30,6139.500812613032
ID78_MBB161,1972-12-31,6235.104280999607
ID78_MBB161,1973-03-31,6192.565184269393
ID78_MBB161,1973-06-30,6323.945800878193
ID78_MBB161,1973-09-30,6403.8243023823225
ID78_MBB161,1973-12-31,6481.596961899797
ID78_MBB161,1974-03-31,6283.738145867656
ID78_MBB161,1974-06-30,6532.912946108111
ID78_MBB161,1974-09-30,6590.216070616338
ID78_MBB161,1974-12-31,6580.516069367838
ID78_MBB161,1975-03-31,6732.114864835908
ID78_MBB161,1975-06-30,6723.684585149952
ID78_MBB161,1975-09-30,6899.971979305519
ID78_MBB161,1975-12-31,6890.184594870894
ID78_MBB161,1976-03-31,6738.178891866748
ID78_MBB161,1976-06-30,6852.177142902083
ID78_MBB161,1976-09-30,6812.077839219937
ID78_MBB161,1976-12-31,6837.700224280688
ID78_MBB161,1977-03-31,6822.880455996745
ID78_MBB161,1977-06-30,7153.905016748835
ID78_MBB161,1977-09-30,7272.313091953443
ID78_MBB161,1977-12-31,7569.412939814947
ID78_MBB161,1978-03-31,7681.178010551575
ID78_MBB161,1978-06-30,7877.421592494093
ID78_MBB161,1978-09-30,8026.3756050343945
ID78_MBB161,1978-12-31,8195.781070939489
ID78_MBB161,1979-03-31,8345.155955201413
ID78_MBB161,1979-06-30,8280.138584415312
ID78_MBB161,1979-09-30,8093.947157804669
ID78_MBB161,1979-12-31,8584.052679870609
ID78_MBB161,1980-03-31,8486.500855894814
ID78_MBB161,1980-06-30,8433.882725846099
ID78_MBB161,1980-09-30,8549.397181418179
ID78_MBB161,1980-12-31,8637.77851314532
ID78_MBB161,1981-03-31,8791.177066176444
ID78_MBB161,1981-06-30,8720.452082175801
ID78_MBB161,1981-09-30,8852.798226071714
ID78_MBB161,1981-12-31,9244.811901627949
ID78_MBB161,1982-03-31,9301.809576859658
ID78_MBB161,1982-06-30,9380.428766688427
ID78_MBB161,1982-09-30,9662.629308611306
ID78_MBB161,1982-12-31,9827.922419632385
ID78_MBB161,1983-03-31,10122.745412868628
ID78_MBB161,1983-06-30,10261.879381621146
ID78_MBB161,1983-09-30,10490.648072805068
ID78_MBB161,1983-12-31,10830.779758881587
ID78_MBB161,1984-03-31,10852.60306730149
ID78_MBB161,1984-06-30,10792.185674728275
ID78_MBB161,1984-09-30,11186.025469508251
ID78_MBB161,1984-12-31,11285.877144917506
ID78_MBB161,1985-03-31,11446.445511456912
ID78_MBB161,1985-06-30,11316.118767482052
ID78_MBB161,1985-09-30,11913.857493397756
ID79_MBB162,1971-12-31,27530.485474680263
ID79_MBB162,1972-03-31,28162.504941508618
ID79_MBB162,1972-06-30,29226.85924222122
ID79_MBB162,1972-09-30,30201.027506364142
ID79_MBB162,1972-12-31,30675.944953081962
ID79_MBB162,1973-03-31,30866.992381261603
ID79_MBB162,1973-06-30,32539.700503842098
ID79_MBB162,1973-09-30,32574.36276154492
ID79_MBB162,1973-12-31,33096.71689339424
ID79_MBB162,1974-03-31,33506.76638227026
ID79_MBB162,1974-06-30,33736.30976610354
ID79_MBB162,1974-09-30,33620.61806655191
ID79_MBB162,1974-12-31,34367.60926689308
ID79_MBB162,1975-03-31,34426.601430799594
ID79_MBB162,1975-06-30,35198.41141961216
ID79_MBB162,1975-09-30,35523.51893790304
ID79_MBB162,1975-12-31,35912.9190351503
ID79_MBB162,1976-03-31,36543.724288689045
ID79_MBB162,1976-06-30,36857.39684138351
ID79_MBB162,1976-09-30,37719.19465751231
ID79_MBB162,1976-12-31,37814.56320251514
ID79_MBB162,1977-03-31,37864.99791428532
ID79_MBB162,1977-06-30,38450.14559163368
ID79_MBB162,1977-09-30,38722.505975376276
ID79_MBB162,1977-12-31,38900.830612092985
ID79_MBB162,1978-03-31,39145.87388439124
ID79_MBB162,1978-06-30,39886.20146863672
ID79_MBB162,1978-09-30,41128.13094247843
ID79_MBB162,1978-12-31,41855.53452948804
ID79_MBB162,1979-03-31,42086.27325767206
ID79_MBB162,1979-06-30,43035.03721282866
ID79_MBB162,1979-09-30,43678.91174831086
ID79_MBB162,1979-12-31,45364.93267938537
ID79_MBB162,1980-03-31,45155.75888837066
ID79_MBB162,1980-06-30,46528.18809911074
ID79_MBB162,1980-09-30,47695.070511653306
ID79_MBB162,1980-12-31,48944.13945775004
ID79_MBB162,1981-03-31,49758.34620594379
ID79_MBB162,1981-06-30,50414.82129202804
ID79_MBB162,1981-09-30,51805.474178811535
ID79_MBB162,1981-12-31,53398.92348877282
ID79_MBB162,1982-03-31,54447.607391029116
ID79_MBB162,1982-06-30,56661.495382243134
ID79_MBB162,1982-09-30,57413.40928736463
ID79_MBB162,1982-12-31,59899.037243758794
ID79_MBB162,1983-03-31,61173.43888016539
ID79_MBB162,1983-06-30,61867.53619577403
ID79_MBB162,1983-09-30,63270.14102805559
ID79_MBB162,1983-12-31,64419.05235522382
ID79_MBB162,1984-03-31,65777.71447827129
ID79_MBB162,1984-06-30,66652.53440181316
ID79_MBB162,1984-09-30,67820.3934453373
ID79_MBB162,1984-12-31,69419.20695819608
ID79_MBB162,1985-03-31,72245.91237173727
ID79_MBB162,1985-06-30,73374.73054592675
ID79_MBB162,1985-09-30,73715.93660025453
ID8_MBB163,1977-12-31,3251.706068568516
ID8_MBB163,1978-03-31,1327.9866545018801
ID8_MBB163,1978-06-30,1549.9283904860738
ID8_MBB163,1978-09-30,2853.5959170674782
ID8_MBB163,1978-12-31,3555.903540941191
ID8_MBB163,1979-03-31,1966.4785939509006
ID8_MBB163,1979-06-30,2633.4011134323705
ID8_MBB163,1979-09-30,2946.112087657056
ID8_MBB163,1979-12-31,2165.6289609778064
ID8_MBB163,1980-03-31,2615.300339809268
ID8_MBB163,1980-06-30,2113.1311975480426
ID8_MBB163,1980-09-30,3605.994254029524
ID8_MBB163,1980-12-31,3303.14905633097
ID8_MBB163,1981-03-31,3234.6474423452282
ID8_MBB163,1981-06-30,2164.9029458136006
ID8_MBB163,1981-09-30,2479.6895868702604
ID8_MBB163,1981-12-31,2515.145143452503
ID8_MBB163,1982-03-31,2817.067240968803
ID8_MBB163,1982-06-30,1793.7086550617187
ID8_MBB163,1982-09-30,4066.33386015937
ID8_MBB163,1982-12-31,3715.5907130943674
ID8_MBB163,1983-03-31,3943.861184033685
ID8_MBB163,1983-06-30,2068.4939954206925
ID8_MBB163,1983-09-30,3588.2064196155484
ID8_MBB163,1983-12-31,2553.1354538121695
ID8_MBB163,1984-03-31,3151.9449586962023
ID8_MBB163,1984-06-30,1544.917649411492
ID8_MBB163,1984-09-30,3815.1291813333883
ID8_MBB163,1984-12-31,3042.721934444644
ID8_MBB163,1985-03-31,3766.3857645599496
ID8_MBB163,1985-06-30,1827.0109010861513
ID80_MBB164,1971-12-31,7729.449067985734
ID80_MBB164,1972-03-31,7856.798028834967
ID80_MBB164,1972-06-30,8155.710111618855
ID80_MBB164,1972-09-30,8336.866719126516
ID80_MBB164,1972-12-31,8396.985955245405
ID80_MBB164,1973-03-31,8553.630219811152
ID80_MBB164,1973-06-30,8747.53451187506
ID80_MBB164,1973-09-30,8797.142280314705
ID80_MBB164,1973-12-31,8878.116010868627
ID80_MBB164,1974-03-31,9091.614033536349
ID80_MBB164,1974-06-30,9407.31757044987
ID80_MBB164,1974-09-30,9324.414683042232
ID80_MBB164,1974-12-31,9598.079416579627
ID80_MBB164,1975-03-31,9799.87300844366
ID80_MBB164,1975-06-30,10001.13307960263
ID80_MBB164,1975-09-30,10135.396175871989
ID80_MBB164,1975-12-31,10275.394772737387
ID80_MBB164,1976-03-31,10632.130746814268
ID80_MBB164,1976-06-30,10800.729634501351
ID80_MBB164,1976-09-30,11038.787375582962
ID80_MBB164,1976-12-31,11465.893285782971
ID80_MBB164,1977-03-31,11480.82221114555
ID80_MBB164,1977-06-30,11846.865154820887
ID80_MBB164,1977-09-30,12030.07212944093
ID80_MBB164,1977-12-31,12377.031666610728
ID80_MBB164,1978-03-31,12572.675469440945
ID80_MBB164,1978-06-30,12763.29343658424
ID80_MBB164,1978-09-30,13212.834912964063
ID80_MBB164,1978-12-31,13490.952827677089
ID80_MBB164,1979-03-31,13806.945244854554
ID80_MBB164,1979-06-30,14047.982381650261
ID80_MBB164,1979-09-30,14407.812088196442
ID80_MBB164,1979-12-31,14784.491238230365
ID80_MBB164,1980-03-31,15016.822983317572
ID80_MBB164,1980-06-30,15654.983055409035
ID80_MBB164,1980-09-30,15927.571940303067
ID80_MBB164,1980-12-31,16394.737820315986
ID80_MBB164,1981-03-31,16860.879874526603
ID80_MBB164,1981-06-30,17323.090188874245
ID80_MBB164,1981-09-30,17453.197454001474
ID80_MBB164,1981-12-31,17862.614811357726
ID80_MBB164,1982-03-31,17842.63166090256
ID80_MBB164,1982-06-30,18150.552304844554
ID80_MBB164,1982-09-30,18721.677330880877
ID80_MBB164,1982-12-31,18761.6360511689
ID80_MBB164,1983-03-31,19194.95252690941
ID80_MBB164,1983-06-30,20058.315840931435
ID80_MBB164,1983-09-30,20154.48044265374
ID80_MBB164,1983-12-31,20680.951205033092
ID80_MBB164,1984-03-31,21338.842771911768
ID80_MBB164,1984-06-30,21763.624498018355
ID80_MBB164,1984-09-30,22259.412825545245
ID80_MBB164,1984-12-31,22913.574690712456
ID80_MBB164,1985-03-31,23399.309831724142
ID80_MBB164,1985-06-30,23945.512461775805
ID80_MBB164,1985-09-30,24482.06469386701
ID81_MBB165,1971-12-31,2609.7300951334846
ID81_MBB165,1972-03-31,2679.448663481599
ID81_MBB165,1972-06-30,2762.063083965001
ID81_MBB165,1972-09-30,2758.065763132352
ID81_MBB165,1972-12-31,2658.7640544644833
ID81_MBB165,1973-03-31,2628.497657052382
ID81_MBB165,1973-06-30,2629.677299032349
ID81_MBB165,1973-09-30,2659.3045240584743
ID81_MBB165,1973-12-31,2611.892866255166
ID81_MBB165,1974-03-31,2697.425038608447
ID81_MBB165,1974-06-30,2683.5136056892916
ID81_MBB165,1974-09-30,2819.1345126463048
ID81_MBB165,1974-12-31,2805.8186858216513
ID81_MBB165,1975-03-31,2952.3294877129233
ID81_MBB165,1975-06-30,2974.919499227775
ID81_MBB165,1975-09-30,3036.6912041987857
ID81_MBB165,1975-12-31,3095.795977418825
ID81_MBB165,1976-03-31,3170.292132352318
ID81_MBB165,1976-06-30,3279.2564568301514
ID81_MBB165,1976-09-30,3399.3190920349657
ID81_MBB165,1976-12-31,3395.958734542623
ID81_MBB165,1977-03-31,3445.102918665783
ID81_MBB165,1977-06-30,3558.698910069486
ID81_MBB165,1977-09-30,3593.668168047457
ID81_MBB165,1977-12-31,3699.096017083887
ID81_MBB165,1978-03-31,3765.0265235057905
ID81_MBB165,1978-06-30,4044.719460343249
ID81_MBB165,1978-09-30,4001.3579932222833
ID81_MBB165,1978-12-31,4165.846425151974
ID81_MBB165,1979-03-31,4306.2500897891205
ID81_MBB165,1979-06-30,4630.9285697144105
ID81_MBB165,1979-09-30,4673.780294895028
ID81_MBB165,1979-12-31,4917.138969935939
ID81_MBB165,1980-03-31,4799.300681834922
ID81_MBB165,1980-06-30,4960.678158792179
ID81_MBB165,1980-09-30,5102.96963421339
ID81_MBB165,1980-12-31,5284.247795459555
ID81_MBB165,1981-03-31,5281.184155736081
ID81_MBB165,1981-06-30,5355.118235960402
ID81_MBB165,1981-09-30,5675.217624590798
ID81_MBB165,1981-12-31,5607.432960118361
ID81_MBB165,1982-03-31,5753.398338445347
ID81_MBB165,1982-06-30,6012.531246027689
ID81_MBB165,1982-09-30,6148.553899549715
ID81_MBB165,1982-12-31,6291.623770176506
ID81_MBB165,1983-03-31,6490.6803315257275
ID81_MBB165,1983-06-30,6714.106352482291
ID81_MBB165,1983-09-30,6643.16287284403
ID81_MBB165,1983-12-31,6606.728577215462
ID81_MBB165,1984-03-31,6844.152493537089
ID81_MBB165,1984-06-30,7108.097213043478
ID81_MBB165,1984-09-30,7531.341563886166
ID81_MBB165,1984-12-31,7137.512004564142
ID81_MBB165,1985-03-31,7369.170414461851
ID81_MBB165,1985-06-30,7743.359268446993
ID81_MBB165,1985-09-30,8025.719202025104
ID82_MBB166,1971-12-31,8239.066196122898
ID82_MBB166,1972-03-31,8379.829127067853
ID82_MBB166,1972-06-30,8742.211380015175
ID82_MBB166,1972-09-30,9136.531328469546
ID82_MBB166,1972-12-31,9134.493438878273
ID82_MBB166,1973-03-31,9561.512462044755
ID82_MBB166,1973-06-30,9886.629328037623
ID82_MBB166,1973-09-30,10190.787330925721
ID82_MBB166,1973-12-31,10373.09610138088
ID82_MBB166,1974-03-31,10806.865723979814
ID82_MBB166,1974-06-30,11129.449412390995
ID82_MBB166,1974-09-30,11356.631283471013
ID82_MBB166,1974-12-31,11250.773370233575
ID82_MBB166,1975-03-31,11367.849921416906
ID82_MBB166,1975-06-30,11816.641344590258
ID82_MBB166,1975-09-30,12003.520409122466
ID82_MBB166,1975-12-31,12424.612697119283
ID82_MBB166,1976-03-31,12743.65429783061
ID82_MBB166,1976-06-30,13376.916400828677
ID82_MBB166,1976-09-30,13934.713766504985
ID82_MBB166,1976-12-31,14403.742501421848
ID82_MBB166,1977-03-31,14971.6246609862
ID82_MBB166,1977-06-30,16263.197807831833
ID82_MBB166,1977-09-30,16981.805353756263
ID82_MBB166,1977-12-31,17792.99118012122
ID82_MBB166,1978-03-31,18339.596359848976
ID82_MBB166,1978-06-30,19176.627338945513
ID82_MBB166,1978-09-30,19920.63134066328
ID82_MBB166,1978-12-31,20570.071679378634
ID82_MBB166,1979-03-31,21036.806777973186
ID82_MBB166,1979-06-30,21260.779449437916
ID82_MBB166,1979-09-30,21872.734677175125
ID82_MBB166,1979-12-31,22961.092861547993
ID82_MBB166,1980-03-31,23906.5392052714
ID82_MBB166,1980-06-30,25113.834637723565
ID82_MBB166,1980-09-30,26160.768327102454
ID82_MBB166,1980-12-31,27346.617098397062
ID82_MBB166,1981-03-31,28569.93133519916
ID82_MBB166,1981-06-30,29282.3407572514
ID82_MBB166,1981-09-30,30102.504345025198
ID82_MBB166,1981-12-31,30498.040459793156
ID82_MBB166,1982-03-31,31320.791567876895
ID82_MBB166,1982-06-30,32538.77664944018
ID82_MBB166,1982-09-30,33679.81817092651
ID82_MBB166,1982-12-31,34271.052359012436
ID82_MBB166,1983-03-31,35732.18973602627
ID82_MBB166,1983-06-30,37268.82518814098
ID82_MBB166,1983-09-30,39067.22065578062
ID82_MBB166,1983-12-31,40538.255621324395
ID82_MBB166,1984-03-31,42145.94743683061
ID82_MBB166,1984-06-30,44218.17912325117
ID82_MBB166,1984-09-30,46479.55541298452
ID82_MBB166,1984-12-31,48756.11979792228
ID82_MBB166,1985-03-31,50590.44624175232
ID82_MBB166,1985-06-30,52583.703805422076
ID82_MBB166,1985-09-30,54091.49539815261
ID83_MBB167,1971-12-31,1456.9125719167462
ID83_MBB167,1972-03-31,1459.3263152512548
ID83_MBB167,1972-06-30,1522.4146909245057
ID83_MBB167,1972-09-30,1685.5298087631138
ID83_MBB167,1972-12-31,1896.21836525512
ID83_MBB167,1973-03-31,1991.6235449518929
ID83_MBB167,1973-06-30,2074.8782188581918
ID83_MBB167,1973-09-30,2168.4062973999576
ID83_MBB167,1973-12-31,2331.399021826482
ID83_MBB167,1974-03-31,2404.752962441448
ID83_MBB167,1974-06-30,2339.3931621349066
ID83_MBB167,1974-09-30,2448.6090830046887
ID83_MBB167,1974-12-31,2445.235841401197
ID83_MBB167,1975-03-31,2470.908673700749
ID83_MBB167,1975-06-30,2449.861127506753
ID83_MBB167,1975-09-30,2423.0663286170848
ID83_MBB167,1975-12-31,2592.46616225483
ID83_MBB167,1976-03-31,2687.6042256974747
ID83_MBB167,1976-06-30,2858.5499801062324
ID83_MBB167,1976-09-30,3112.7128975246037
ID83_MBB167,1976-12-31,3453.062590140814
ID83_MBB167,1977-03-31,3670.7613268609757
ID83_MBB167,1977-06-30,4021.782731468539
ID83_MBB167,1977-09-30,4273.962707024463
ID83_MBB167,1977-12-31,4622.079830478666
ID83_MBB167,1978-03-31,5063.219695925203
ID83_MBB167,1978-06-30,4947.267896044246
ID83_MBB167,1978-09-30,5185.048638451888
ID83_MBB167,1978-12-31,5265.042877632233
ID83_MBB167,1979-03-31,5270.543373504547
ID83_MBB167,1979-06-30,5312.004494814183
ID83_MBB167,1979-09-30,5465.318551572351
ID83_MBB167,1979-12-31,5514.977222190025
ID83_MBB167,1980-03-31,5633.712787137855
ID83_MBB167,1980-06-30,5851.968830474869
ID83_MBB167,1980-09-30,6246.30562738887
ID83_MBB167,1980-12-31,6428.347060437204
ID83_MBB167,1981-03-31,6447.033441689658
ID83_MBB167,1981-06-30,6950.624725054478
ID83_MBB167,1981-09-30,6839.410737602997
ID83_MBB167,1981-12-31,6903.315716224328
ID83_MBB167,1982-03-31,6986.7047415216275
ID83_MBB167,1982-06-30,6965.236612736363
ID83_MBB167,1982-09-30,7064.135294209985
ID83_MBB167,1982-12-31,6999.371689798704
ID83_MBB167,1983-03-31,7189.8137560864
ID83_MBB167,1983-06-30,7855.364032179789
ID83_MBB167,1983-09-30,8309.423315379829
ID83_MBB167,1983-12-31,8990.188568263295
ID83_MBB167,1984-03-31,9063.777950841242
ID83_MBB167,1984-06-30,9707.417042262932
ID83_MBB167,1984-09-30,10283.141918186617
ID83_MBB167,1984-12-31,11049.302386520609
ID83_MBB167,1985-03-31,12027.183417139919
ID83_MBB167,1985-06-30,11618.869519521175
ID83_MBB167,1985-09-30,12680.39179293458
ID84_MBB168,1971-12-31,81.93635928813518
ID84_MBB168,1972-03-31,88.65982988440794
ID84_MBB168,1972-06-30,99.80657721248957
ID84_MBB168,1972-09-30,95.09060979599964
ID84_MBB168,1972-12-31,87.00000607787116
ID84_MBB168,1973-03-31,97.0000131858659
ID84_MBB168,1973-06-30,112.99999736642599
ID84_MBB168,1973-09-30,103.99998716992323
ID84_MBB168,1973-12-31,99.83599222260841
ID84_MBB168,1974-03-31,112.30163695459416
ID84_MBB168,1974-06-30,123.44844835421097
ID84_MBB168,1974-09-30,112.72361132419672
ID84_MBB168,1974-12-31,107.10641114715341
ID84_MBB168,1975-03-31,120.737791640272
ID84_MBB168,1975-06-30,136.7150153852646
ID84_MBB168,1975-09-30,124.99692576507951
ID84_MBB168,1975-12-31,121.85090810586973
ID84_MBB168,1976-03-31,143.71395586077574
ID84_MBB168,1976-06-30,147.96344443254517
ID84_MBB168,1976-09-30,137.80117673576962
ID84_MBB168,1976-12-31,134.08495168241043
ID84_MBB168,1977-03-31,149.98666165590492
ID84_MBB168,1977-06-30,153.8160871117951
ID84_MBB168,1977-09-30,147.41663751785867
ID84_MBB168,1977-12-31,142.8870002944979
ID84_MBB168,1978-03-31,163.42471780429358
ID84_MBB168,1978-06-30,167.347021785131
ID84_MBB168,1978-09-30,158.27420457202598
ID85_MBB169,1971-12-31,47.458596002080796
ID85_MBB169,1972-03-31,50.74885191498985
ID85_MBB169,1972-06-30,46.887020371048685
ID85_MBB169,1972-09-30,50.6217367985601
ID85_MBB169,1972-12-31,50.45191415460707
ID85_MBB169,1973-03-31,54.93645303731005
ID85_MBB169,1973-06-30,51.521479903790016
ID85_MBB169,1973-09-30,55.16542991237058
ID85_MBB169,1973-12-31,55.31242528758147
ID85_MBB169,1974-03-31,59.021170399060324
ID85_MBB169,1974-06-30,55.253616757061955
ID85_MBB169,1974-09-30,59.6211703748064
ID85_MBB169,1974-12-31,58.24438236705276
ID85_MBB169,1975-03-31,61.02792507780133
ID85_MBB169,1975-06-30,55.94727514267173
ID85_MBB169,1975-09-30,62.42398976620523
ID85_MBB169,1975-12-31,63.208048620247666
ID85_MBB169,1976-03-31,66.50503851284762
ID85_MBB169,1976-06-30,62.51917522012225
ID85_MBB169,1976-09-30,69.91442108959946
ID85_MBB169,1976-12-31,72.03166795205064
ID85_MBB169,1977-03-31,76.0573080840159
ID85_MBB169,1977-06-30,72.27321490470146
ID85_MBB169,1977-09-30,80.98814148993068
ID85_MBB169,1977-12-31,80.66670069965517
ID85_MBB169,1978-03-31,84.75117539526282
ID85_MBB169,1978-06-30,79.19686561365997
ID85_MBB169,1978-09-30,89.69268685236155
ID85_MBB169,1978-12-31,90.40929982397635
ID85_MBB169,1979-03-31,94.30645765964425
ID85_MBB169,1979-06-30,85.02832520915749
ID85_MBB169,1979-09-30,97.70368416996926
ID85_MBB169,1979-12-31,96.73741181029462
ID85_MBB169,1980-03-31,101.92594146304388
ID85_MBB169,1980-06-30,92.75899386228194
ID85_MBB169,1980-09-30,103.68155634694129
ID85_MBB169,1980-12-31,103.10552224890618
ID85_MBB169,1981-03-31,104.89375836952419
ID85_MBB169,1981-06-30,91.8899281452829
ID85_MBB169,1981-09-30,103.02193804060754
ID85_MBB169,1981-12-31,103.93086988886733
ID85_MBB169,1982-03-31,110.82940161331291
ID85_MBB169,1982-06-30,99.85391587963191
ID85_MBB169,1982-09-30,112.22266548897177
ID85_MBB169,1982-12-31,115.17016617123873
ID85_MBB169,1983-03-31,121.58113168165868
ID85_MBB169,1983-06-30,110.12399724811458
ID85_MBB169,1983-09-30,126.5313699908091
ID85_MBB169,1983-12-31,126.5639357706031
ID85_MBB169,1984-03-31,135.52224073464276
ID85_MBB169,1984-06-30,118.6607886400995
ID85_MBB169,1984-09-30,131.70611766825039
ID85_MBB169,1984-12-31,133.0240522220891
ID85_MBB169,1985-03-31,142.78024541737867
ID85_MBB169,1985-06-30,122.88399180451226
ID85_MBB169,1985-09-30,141.9925372924255
ID86_MBB170,1971-12-31,221.33832683406263
ID86_MBB170,1972-03-31,211.37808226009943
ID86_MBB170,1972-06-30,218.03393337803698
ID86_MBB170,1972-09-30,201.38835940468772
ID86_MBB170,1972-12-31,192.58672720863393
ID86_MBB170,1973-03-31,182.4901844610759
ID86_MBB170,1973-06-30,198.1578786063231
ID86_MBB170,1973-09-30,200.20323709724846
ID86_MBB170,1973-12-31,204.51061148447062
ID86_MBB170,1974-03-31,199.59415024757183
ID86_MBB170,1974-06-30,184.01506773311908
ID86_MBB170,1974-09-30,207.34312920733964
ID86_MBB170,1974-12-31,185.0018762591034
ID86_MBB170,1975-03-31,174.15249454721825
ID86_MBB170,1975-06-30,171.86134714762085
ID86_MBB170,1975-09-30,156.871031758919
ID86_MBB170,1975-12-31,134.9999987723188
ID86_MBB170,1976-03-31,134.00001209236163
ID86_MBB170,1976-06-30,114.99999023949903
ID86_MBB170,1976-09-30,142.00003122732886
ID86_MBB170,1976-12-31,127.25555948657725
ID86_MBB170,1977-03-31,143.03502356482105
ID86_MBB170,1977-06-30,122.99893803543208
ID86_MBB170,1977-09-30,143.41570343768453
ID86_MBB170,1977-12-31,134.30558063214278
ID86_MBB170,1978-03-31,128.34366611657006
ID86_MBB170,1978-06-30,113.03889453022087
ID86_MBB170,1978-09-30,129.94147440780063
ID86_MBB170,1978-12-31,116.67210309906498
ID86_MBB170,1979-03-31,119.83548408371406
ID86_MBB170,1979-06-30,114.46985514608104
ID86_MBB170,1979-09-30,125.66779595135527
ID86_MBB170,1979-12-31,117.4005833937035
ID86_MBB170,1980-03-31,122.73561236815101
ID86_MBB170,1980-06-30,121.65792708329445
ID86_MBB170,1980-09-30,116.19424836442057
ID87_MBB171,1971-12-31,19478.507124008745
ID87_MBB171,1972-03-31,20163.747561966233
ID87_MBB171,1972-06-30,20738.33190041706
ID87_MBB171,1972-09-30,20902.800580282365
ID87_MBB171,1972-12-31,21119.389745225384
ID87_MBB171,1973-03-31,21657.35879449702
ID87_MBB171,1973-06-30,22072.370369252738
ID87_MBB171,1973-09-30,22430.040289294207
ID87_MBB171,1973-12-31,22210.627771635398
ID87_MBB171,1974-03-31,22588.303344829896
ID87_MBB171,1974-06-30,22967.583813567708
ID87_MBB171,1974-09-30,22993.665228170827
ID87_MBB171,1974-12-31,22984.52148276381
ID87_MBB171,1975-03-31,23182.470914749596
ID87_MBB171,1975-06-30,23899.0739465744
ID87_MBB171,1975-09-30,23889.056721092496
ID87_MBB171,1975-12-31,24185.23028567738
ID87_MBB171,1976-03-31,24566.99306495405
ID87_MBB171,1976-06-30,24880.750958978995
ID87_MBB171,1976-09-30,25276.038993619684
ID87_MBB171,1976-12-31,25343.87284012304
ID87_MBB171,1977-03-31,25681.390550498058
ID87_MBB171,1977-06-30,25249.498316412944
ID87_MBB171,1977-09-30,25687.26193071914
ID87_MBB171,1977-12-31,25822.93213153968
ID87_MBB171,1978-03-31,26151.430282285222
ID87_MBB171,1978-06-30,25973.54919551799
ID87_MBB171,1978-09-30,26637.87744148038
ID87_MBB171,1978-12-31,26745.16701029999
ID87_MBB171,1979-03-31,27081.415734709124
ID87_MBB171,1979-06-30,26995.490264739037
ID87_MBB171,1979-09-30,27618.971249466587
ID87_MBB171,1979-12-31,27659.229860984942
ID87_MBB171,1980-03-31,28232.87241296285
ID87_MBB171,1980-06-30,28504.29211087594
ID87_MBB171,1980-09-30,29016.232350500162
ID87_MBB171,1980-12-31,29427.42186296132
ID87_MBB171,1981-03-31,29963.484024501715
ID87_MBB171,1981-06-30,30054.325614521837
ID87_MBB171,1981-09-30,30607.934798061542
ID87_MBB171,1981-12-31,31204.534015198136
ID87_MBB171,1982-03-31,30984.203994190513
ID87_MBB171,1982-06-30,32063.807972789604
ID87_MBB171,1982-09-30,32388.34196416796
ID87_MBB171,1982-12-31,32710.29846836212
ID87_MBB171,1983-03-31,32909.32313905261
ID87_MBB171,1983-06-30,33457.73125326852
ID87_MBB171,1983-09-30,33816.65450390098
ID87_MBB171,1983-12-31,33996.82435337721
ID87_MBB171,1984-03-31,34442.842665128126
ID87_MBB171,1984-06-30,35137.1155758802
ID87_MBB171,1984-09-30,35610.88696929604
ID87_MBB171,1984-12-31,36045.11170883615
ID87_MBB171,1985-03-31,36527.86344875474
ID87_MBB171,1985-06-30,36541.970951257535
ID87_MBB171,1985-09-30,37131.74050013457
ID88_MBB172,1964-12-31,72.0419789820355
ID88_MBB172,1965-03-31,74.95491455910212
ID88_MBB172,1965-06-30,65.41575554075678
ID88_MBB172,1965-09-30,80.64343677062752
ID88_MBB172,1965-12-31,78.96666610373259
ID88_MBB172,1966-03-31,83.4669902404775
ID88_MBB172,1966-06-30,70.71408406471905
ID88_MBB172,1966-09-30,86.43130795491516
ID88_MBB172,1966-12-31,87.31968560683659
ID88_MBB172,1967-03-31,89.69864112739386
ID88_MBB172,1967-06-30,76.99950382004567
ID88_MBB172,1967-09-30,92.30425664963049
ID88_MBB172,1967-12-31,91.8323785523189
ID88_MBB172,1968-03-31,93.7339962545967
ID88_MBB172,1968-06-30,78.60852080130947
ID88_MBB172,1968-09-30,96.68586832908314
ID88_MBB172,1968-12-31,93.01537299797772
ID88_MBB172,1969-03-31,95.63674847419857
ID88_MBB172,1969-06-30,80.38783389349288
ID88_MBB172,1969-09-30,99.59369560884663
ID88_MBB172,1969-12-31,102.59033764158345
ID88_MBB172,1970-03-31,104.2012335206969
ID88_MBB172,1970-06-30,88.00407268662
ID88_MBB172,1970-09-30,106.65494830974193
ID88_MBB172,1970-12-31,107.31280218749308
ID88_MBB172,1971-03-31,108.64816912725634
ID88_MBB172,1971-06-30,91.48264451188501
ID88_MBB172,1971-09-30,113.96963236222551
ID89_MBB173,1976-12-31,14.01737928263716
ID89_MBB173,1977-03-31,14.922723927583423
ID89_MBB173,1977-06-30,15.280270128167448
ID89_MBB173,1977-09-30,14.563590143186154
ID89_MBB173,1977-12-31,14.744282896971665
ID89_MBB173,1978-03-31,15.616792802700626
ID89_MBB173,1978-06-30,14.818472449931258
ID89_MBB173,1978-09-30,14.112225811229127
ID89_MBB173,1978-12-31,15.331794807340486
ID89_MBB173,1979-03-31,15.137901327905134
ID89_MBB173,1979-06-30,15.399298689740998
ID89_MBB173,1979-09-30,15.734333751103865
ID89_MBB173,1979-12-31,16.092463682462093
ID89_MBB173,1980-03-31,16.493272192998383
ID89_MBB173,1980-06-30,15.479303938562794
ID89_MBB173,1980-09-30,16.92007263410247
ID89_MBB173,1980-12-31,16.30004600202331
ID89_MBB173,1981-03-31,15.719410954792046
ID89_MBB173,1981-06-30,14.973317107605402
ID89_MBB173,1981-09-30,14.877876917135023
ID89_MBB173,1981-12-31,14.556675035115433
ID89_MBB173,1982-03-31,14.703411584732189
ID89_MBB173,1982-06-30,14.996248315303305
ID89_MBB173,1982-09-30,14.904433566902433
ID89_MBB173,1982-12-31,16.99827808618163
ID89_MBB173,1983-03-31,16.45667493728532
ID89_MBB173,1983-06-30,16.231502589888493
ID89_MBB173,1983-09-30,17.774075977049748
ID89_MBB173,1983-12-31,16.237650164024654
ID89_MBB173,1984-03-31,17.853001232864226
ID89_MBB173,1984-06-30,16.603351344945192
ID89_MBB173,1984-09-30,16.54114394537058
ID89_MBB173,1984-12-31,16.959098587649937
ID89_MBB173,1985-03-31,16.89402839999813
ID89_MBB173,1985-06-30,16.150778529100716
ID89_MBB173,1985-09-30,17.510786926437525
ID89_MBB173,1985-12-31,17.178951272702047
ID89_MBB173,1986-03-31,18.042346858950967
ID89_MBB173,1986-06-30,17.87888239229617
ID89_MBB173,1986-09-30,17.820032525421155
ID9_MBB174,1975-12-31,5527.291222855755
ID9_MBB174,1976-03-31,5100.220653953684
ID9_MBB174,1976-06-30,5153.961040574348
ID9_MBB174,1976-09-30,5055.581681541361
ID9_MBB174,1976-12-31,5363.671679521209
ID9_MBB174,1977-03-31,5276.2827283385595
ID9_MBB174,1977-06-30,4778.130797672236
ID9_MBB174,1977-09-30,4621.005792917058
ID9_MBB174,1977-12-31,5045.903017939729
ID9_MBB174,1978-03-31,5406.01806725188
ID9_MBB174,1978-06-30,5134.218827433035
ID9_MBB174,1978-09-30,5311.635454191599
ID9_MBB174,1978-12-31,5652.4131778013725
ID9_MBB174,1979-03-31,6238.228137487712
ID9_MBB174,1979-06-30,6053.369465880314
ID9_MBB174,1979-09-30,5976.092231008242
ID9_MBB174,1979-12-31,6195.0296097363
ID9_MBB174,1980-03-31,6732.482051766484
ID9_MBB174,1980-06-30,6301.594869536053
ID9_MBB174,1980-09-30,6687.247380392507
ID9_MBB174,1980-12-31,7926.810325771059
ID9_MBB174,1981-03-31,7905.996000055558
ID9_MBB174,1981-06-30,6815.367958711088
ID9_MBB174,1981-09-30,6872.227175200083
ID9_MBB174,1981-12-31,7687.4185297669055
ID9_MBB174,1982-03-31,7009.169145926279
ID9_MBB174,1982-06-30,5920.351214986588
ID9_MBB174,1982-09-30,6842.306570811254
ID9_MBB174,1982-12-31,7621.611302920421
ID9_MBB174,1983-03-31,7912.387871028177
ID9_MBB174,1983-06-30,7077.369799717761
ID9_MBB174,1983-09-30,7879.668047206207
ID9_MBB174,1983-12-31,8987.995019299164
ID9_MBB174,1984-03-31,9436.232923306841
ID9_MBB174,1984-06-30,7871.963294655141
ID9_MBB174,1984-09-30,8303.745246250735
ID9_MBB174,1984-12-31,8893.17875204394
ID9_MBB174,1985-03-31,7944.339630130396
ID9_MBB174,1985-06-30,6968.5353324808075
ID9_MBB174,1985-09-30,7158.199658720984
ID9_MBB174,1985-12-31,8221.76330225298
ID9_MBB174,1986-03-31,9105.82957674436
ID9_MBB174,1986-06-30,7589.187511400569
ID9_MBB174,1986-09-30,8698.829449786163
ID9_MBB174,1986-12-31,9021.166543134883
ID9_MBB174,1987-03-31,10052.088330329365
ID9_MBB174,1987-06-30,8668.148922718316
ID9_MBB174,1987-09-30,9473.628767698607
ID90_MBB175,1976-12-31,13.501188629518037
ID90_MBB175,1977-03-31,13.78430349764206
ID90_MBB175,1977-06-30,14.686967743658938
ID90_MBB175,1977-09-30,12.80126833017608
ID90_MBB175,1977-12-31,14.023392503333861
ID90_MBB175,1978-03-31,14.249097213571979
ID90_MBB175,1978-06-30,13.928801100834724
ID90_MBB175,1978-09-30,14.326846968630917
ID90_MBB175,1978-12-31,13.919531013956346
ID90_MBB175,1979-03-31,14.994095651922953
ID90_MBB175,1979-06-30,14.883052650710964
ID90_MBB175,1979-09-30,14.25477724230053
ID90_MBB175,1979-12-31,13.957186409027807
ID90_MBB175,1980-03-31,14.350311282927205
ID90_MBB175,1980-06-30,13.578739260346554
ID90_MBB175,1980-09-30,14.152196188384416
ID90_MBB175,1980-12-31,14.012301398515449
ID90_MBB175,1981-03-31,14.213633863442231
ID90_MBB175,1981-06-30,15.174368574947355
ID90_MBB175,1981-09-30,13.645483488415355
ID90_MBB175,1981-12-31,14.967512613525303
ID90_MBB175,1982-03-31,14.223696681598375
ID90_MBB175,1982-06-30,13.595421887747976
ID90_MBB175,1982-09-30,13.463390750116035
ID90_MBB175,1982-12-31,13.638624410614428
ID90_MBB175,1983-03-31,12.759018025463698
ID90_MBB175,1983-06-30,13.06508792335649
ID90_MBB175,1983-09-30,13.429049020278814
ID90_MBB175,1983-12-31,14.413469069558674
ID90_MBB175,1984-03-31,13.73106624810597
ID90_MBB175,1984-06-30,15.239996132366564
ID90_MBB175,1984-09-30,16.00421172458254
ID90_MBB175,1984-12-31,16.00242729007801
ID90_MBB175,1985-03-31,15.566872587276876
ID90_MBB175,1985-06-30,15.811254471374554
ID90_MBB175,1985-09-30,15.782539800905639
ID90_MBB175,1985-12-31,15.455050858182048
ID90_MBB175,1986-03-31,15.694926192913233
ID90_MBB175,1986-06-30,16.40842410974389
ID90_MBB175,1986-09-30,14.973098443325341
ID90_MBB175,1986-12-31,15.307020368885578
ID90_MBB175,1987-03-31,15.802796078002192
ID90_MBB175,1987-06-30,15.799610347626643
ID90_MBB175,1987-09-30,15.32263221445616
ID99_MBB176,1977-12-31,106.62036854364823
ID99_MBB176,1978-03-31,101.3917760115669
ID99_MBB176,1978-06-30,100.2632072016086
ID99_MBB176,1978-09-30,101.41036533996842
ID99_MBB176,1978-12-31,103.14453555405063
ID99_MBB176,1979-03-31,104.10097871582097
ID99_MBB176,1979-06-30,98.28387462568175
ID99_MBB176,1979-09-30,96.66384168087468
ID99_MBB176,1979-12-31,90.67594408471565
ID99_MBB176,1980-03-31,95.45634796761071
ID99_MBB176,1980-06-30,86.16410047429878
ID99_MBB176,1980-09-30,82.90794515824794
ID99_MBB176,1980-12-31,89.66279996012383
ID99_MBB176,1981-03-31,87.83771542417776
ID99_MBB176,1981-06-30,85.0887648493154
ID99_MBB176,1981-09-30,77.90788040963129
ID99_MBB176,1981-12-31,76.4401981202819
ID99_MBB176,1982-03-31,70.4383253793103
ID99_MBB176,1982-06-30,66.02885800864193
ID99_MBB176,1982-09-30,63.4753889155495
ID99_MBB176,1982-12-31,60.158468258061454
ID99_MBB176,1983-03-31,58.24314644851445
ID99_MBB176,1983-06-30,59.81314455442242
ID99_MBB176,1983-09-30,61.65018083673163
ID99_MBB176,1983-12-31,62.01311593534429
ID99_MBB176,1984-03-31,69.0648945884103
ID99_MBB176,1984-06-30,73.83883376960456
ID99_MBB176,1984-09-30,72.62301311958846
ID99_MBB176,1984-12-31,73.1764232348383
ID99_MBB176,1985-03-31,73.95167227763689
ID99_MBB176,1985-06-30,73.61208142986052
ID99_MBB176,1985-09-30,71.08389194504241
ID99_MBB176,1985-12-31,76.21263302915112
ID99_MBB176,1986-03-31,75.97996598775893
ID99_MBB176,1986-06-30,76.30504884739139
ID99_MBB176,1986-09-30,78.34098792791967
ID99_MBB176,1986-12-31,80.15745182156256
ID99_MBB176,1987-03-31,82.67918660224686
ID99_MBB176,1987-06-30,79.01768244862438
ID99_MBB176,1987-09-30,77.90389819816482
ID99_MBB176,1987-12-31,68.63708497991792
ID99_MBB176,1988-03-31,70.7486336072684
ID99_MBB176,1988-06-30,65.81098940634395
ID99_MBB176,1988-09-30,69.96198101512923
ID99_MBB176,1988-12-31,66.56656771981544
ID99_MBB176,1989-03-31,64.80842174205308
ID99_MBB176,1989-06-30,65.05413323863728
ID99_MBB176,1989-09-30,66.83309184942813
