unique_id,ds,y
NN3-001_TWARP0,1990-01-01,5520.0
NN3-001_TWARP0,1990-02-01,3948.3771750696337
NN3-001_TWARP0,1990-03-01,4506.639653507805
NN3-001_TWARP0,1990-04-01,5059.230533722595
NN3-001_TWARP0,1990-05-01,5606.381227193046
NN3-001_TWARP0,1990-06-01,4845.59965484093
NN3-001_TWARP0,1990-07-01,5523.586002896155
NN3-001_TWARP0,1990-08-01,5523.371459956008
NN3-001_TWARP0,1990-09-01,5364.806156931439
NN3-001_TWARP0,1990-10-01,6577.277567498005
NN3-001_TWARP0,1990-11-01,5821.670788820135
NN3-001_TWARP0,1990-12-01,5436.757215233819
NN3-001_TWARP0,1991-01-01,6369.330754575972
NN3-001_TWARP0,1991-02-01,5500.479303318646
NN3-001_TWARP0,1991-03-01,5329.853367994676
NN3-001_TWARP0,1991-04-01,7033.145547024903
NN3-001_TWARP0,1991-05-01,6505.671247606873
NN3-001_TWARP0,1991-06-01,5946.6033155943005
NN3-001_TWARP0,1991-07-01,6625.522284863689
NN3-001_TWARP0,1991-08-01,6343.377279135941
NN3-001_TWARP0,1991-09-01,5647.4849119636865
NN3-001_TWARP0,1991-10-01,6582.7702306973315
NN3-001_TWARP0,1991-11-01,5443.679683764257
NN3-001_TWARP0,1991-12-01,5513.041201890987
NN3-001_TWARP0,1992-01-01,6835.928739892759
NN3-001_TWARP0,1992-02-01,5763.097743884478
NN3-001_TWARP0,1992-03-01,5704.0147338379165
NN3-001_TWARP0,1992-04-01,6023.3359251971
NN3-001_TWARP0,1992-05-01,6635.952273807803
NN3-001_TWARP0,1992-06-01,6662.275797591033
NN3-001_TWARP0,1992-07-01,6271.351676681391
NN3-001_TWARP0,1992-08-01,6393.610983016322
NN3-001_TWARP0,1992-09-01,6059.572641536249
NN3-001_TWARP0,1992-10-01,6142.183560433656
NN3-001_TWARP0,1992-11-01,6278.609949269319
NN3-001_TWARP0,1992-12-01,6752.417283870336
NN3-001_TWARP0,1993-01-01,6405.07115487188
NN3-001_TWARP0,1993-02-01,5393.234445653693
NN3-001_TWARP0,1993-03-01,5700.0
NN3-002_TWARP1,1990-01-01,5080.0
NN3-002_TWARP1,1990-02-01,3714.685157409268
NN3-002_TWARP1,1990-03-01,4234.842818619485
NN3-002_TWARP1,1990-04-01,3954.711623548412
NN3-002_TWARP1,1990-05-01,4243.024242493298
NN3-002_TWARP1,1990-06-01,3946.136055298795
NN3-002_TWARP1,1990-07-01,4756.402296798156
NN3-002_TWARP1,1990-08-01,4158.9721390282775
NN3-002_TWARP1,1990-09-01,4539.09088479085
NN3-002_TWARP1,1990-10-01,4631.20734787587
NN3-002_TWARP1,1990-11-01,4517.680690471978
NN3-002_TWARP1,1990-12-01,4683.46854419811
NN3-002_TWARP1,1991-01-01,5314.165236235835
NN3-002_TWARP1,1991-02-01,3958.5987888787504
NN3-002_TWARP1,1991-03-01,3681.514461895793
NN3-002_TWARP1,1991-04-01,4312.780765251569
NN3-002_TWARP1,1991-05-01,4418.865508874105
NN3-002_TWARP1,1991-06-01,4310.467648004662
NN3-002_TWARP1,1991-07-01,4409.1911368149285
NN3-002_TWARP1,1991-08-01,4327.565682532294
NN3-002_TWARP1,1991-09-01,4024.944863228975
NN3-002_TWARP1,1991-10-01,4224.3876160399295
NN3-002_TWARP1,1991-11-01,4375.733568891886
NN3-002_TWARP1,1991-12-01,4718.38958384902
NN3-002_TWARP1,1992-01-01,4839.957173602753
NN3-002_TWARP1,1992-02-01,4140.906354146581
NN3-002_TWARP1,1992-03-01,4370.1912037587435
NN3-002_TWARP1,1992-04-01,4205.757901911299
NN3-002_TWARP1,1992-05-01,4441.572974235833
NN3-002_TWARP1,1992-06-01,5028.208627906736
NN3-002_TWARP1,1992-07-01,4876.439035121116
NN3-002_TWARP1,1992-08-01,4284.182924877577
NN3-002_TWARP1,1992-09-01,4503.539066051721
NN3-002_TWARP1,1992-10-01,4390.493541064084
NN3-002_TWARP1,1992-11-01,4416.39215047689
NN3-002_TWARP1,1992-12-01,5282.955111822661
NN3-002_TWARP1,1993-01-01,5025.102703538963
NN3-002_TWARP1,1993-02-01,4513.3123142121485
NN3-002_TWARP1,1993-03-01,4583.735151379818
NN3-003_TWARP2,1990-01-01,6320.0
NN3-003_TWARP2,1990-02-01,4776.977517132236
NN3-003_TWARP2,1990-03-01,5735.73194983565
NN3-003_TWARP2,1990-04-01,5360.051826093983
NN3-003_TWARP2,1990-05-01,4992.6698875434095
NN3-003_TWARP2,1990-06-01,5327.712430096944
NN3-003_TWARP2,1990-07-01,5218.577892032671
NN3-003_TWARP2,1990-08-01,5434.140080045843
NN3-003_TWARP2,1990-09-01,4843.072747994663
NN3-003_TWARP2,1990-10-01,6273.129701289877
NN3-003_TWARP2,1990-11-01,6140.960203166409
NN3-003_TWARP2,1990-12-01,5830.054747705598
NN3-003_TWARP2,1991-01-01,6925.019978965986
NN3-003_TWARP2,1991-02-01,5426.154254401773
NN3-003_TWARP2,1991-03-01,5027.67621781003
NN3-003_TWARP2,1991-04-01,5808.808397621479
NN3-003_TWARP2,1991-05-01,6192.065160005943
NN3-003_TWARP2,1991-06-01,5477.4583158174855
NN3-003_TWARP2,1991-07-01,6016.5722254524035
NN3-003_TWARP2,1991-08-01,5096.699079109736
NN3-003_TWARP2,1991-09-01,4974.580809851081
NN3-003_TWARP2,1991-10-01,5927.929375273399
NN3-003_TWARP2,1991-11-01,5523.857237622804
NN3-003_TWARP2,1991-12-01,6595.181551839209
NN3-003_TWARP2,1992-01-01,6068.24288312381
NN3-003_TWARP2,1992-02-01,5432.17411687921
NN3-003_TWARP2,1992-03-01,6063.991043078303
NN3-003_TWARP2,1992-04-01,5266.907240245331
NN3-003_TWARP2,1992-05-01,5779.524432059332
NN3-003_TWARP2,1992-06-01,6094.948733603858
NN3-003_TWARP2,1992-07-01,6090.642642726396
NN3-003_TWARP2,1992-08-01,5843.003554623234
NN3-003_TWARP2,1992-09-01,5529.882963393868
NN3-003_TWARP2,1992-10-01,5705.899419218855
NN3-003_TWARP2,1992-11-01,5634.384105222643
NN3-003_TWARP2,1992-12-01,6247.116339863778
NN3-003_TWARP2,1993-01-01,6317.047767484672
NN3-003_TWARP2,1993-02-01,5830.952545373857
NN3-003_TWARP2,1993-03-01,6078.5566434609955
NN3-004_TWARP3,1990-01-01,5500.0
NN3-004_TWARP3,1990-02-01,3896.941084078052
NN3-004_TWARP3,1990-03-01,4838.44076233528
NN3-004_TWARP3,1990-04-01,4445.294186950829
NN3-004_TWARP3,1990-05-01,4868.51243329185
NN3-004_TWARP3,1990-06-01,4278.869132531012
NN3-004_TWARP3,1990-07-01,3990.118735949875
NN3-004_TWARP3,1990-08-01,4632.899743592914
NN3-004_TWARP3,1990-09-01,4229.556254438662
NN3-004_TWARP3,1990-10-01,4900.553284499287
NN3-004_TWARP3,1990-11-01,5543.386108737527
NN3-004_TWARP3,1990-12-01,5041.235028309311
NN3-004_TWARP3,1991-01-01,5962.717019162707
NN3-004_TWARP3,1991-02-01,4771.356485298132
NN3-004_TWARP3,1991-03-01,4123.891108302676
NN3-004_TWARP3,1991-04-01,5018.00128079771
NN3-004_TWARP3,1991-05-01,5051.017148793917
NN3-004_TWARP3,1991-06-01,4546.654972618253
NN3-004_TWARP3,1991-07-01,5041.524859267652
NN3-004_TWARP3,1991-08-01,4333.445418825728
NN3-004_TWARP3,1991-09-01,4393.151711381766
NN3-004_TWARP3,1991-10-01,5031.85013922945
NN3-004_TWARP3,1991-11-01,4252.436161199308
NN3-004_TWARP3,1991-12-01,5135.063781594988
NN3-004_TWARP3,1992-01-01,5202.992048399219
NN3-004_TWARP3,1992-02-01,3950.6019707668856
NN3-004_TWARP3,1992-03-01,4873.21329627119
NN3-004_TWARP3,1992-04-01,4488.000320236024
NN3-004_TWARP3,1992-05-01,4765.826279440516
NN3-004_TWARP3,1992-06-01,4702.733488567953
NN3-004_TWARP3,1992-07-01,5325.054568216611
NN3-004_TWARP3,1992-08-01,4777.647888161516
NN3-004_TWARP3,1992-09-01,4768.271428611906
NN3-004_TWARP3,1992-10-01,4690.369305586761
NN3-004_TWARP3,1992-11-01,4493.156749143288
NN3-004_TWARP3,1992-12-01,5420.550316036053
NN3-004_TWARP3,1993-01-01,5362.238242120659
NN3-004_TWARP3,1993-02-01,4641.062218868878
NN3-004_TWARP3,1993-03-01,5370.0
NN3-005_TWARP4,1990-01-01,4670.0
NN3-005_TWARP4,1990-02-01,3153.581156109579
NN3-005_TWARP4,1990-03-01,3765.7456067099743
NN3-005_TWARP4,1990-04-01,3388.4810162475464
NN3-005_TWARP4,1990-05-01,3918.787430448216
NN3-005_TWARP4,1990-06-01,3355.893292098333
NN3-005_TWARP4,1990-07-01,3613.3078799586187
NN3-005_TWARP4,1990-08-01,3735.846530889209
NN3-005_TWARP4,1990-09-01,3594.1190377900502
NN3-005_TWARP4,1990-10-01,3733.6794804526244
NN3-005_TWARP4,1990-11-01,3855.02928027338
NN3-005_TWARP4,1990-12-01,4034.768812009865
NN3-005_TWARP4,1991-01-01,4743.792319751948
NN3-005_TWARP4,1991-02-01,3317.8567092439907
NN3-005_TWARP4,1991-03-01,2972.6575359208355
NN3-005_TWARP4,1991-04-01,4019.7102460291176
NN3-005_TWARP4,1991-05-01,3994.673788664324
NN3-005_TWARP4,1991-06-01,3466.0257379203936
NN3-005_TWARP4,1991-07-01,4068.6298571406232
NN3-005_TWARP4,1991-08-01,3588.1380293055663
NN3-005_TWARP4,1991-09-01,3503.220854017933
NN3-005_TWARP4,1991-10-01,3681.0332010359057
NN3-005_TWARP4,1991-11-01,3756.9518444833952
NN3-005_TWARP4,1991-12-01,4368.636404889957
NN3-005_TWARP4,1992-01-01,4177.860128791367
NN3-005_TWARP4,1992-02-01,3352.2070911516175
NN3-005_TWARP4,1992-03-01,3776.297863367519
NN3-005_TWARP4,1992-04-01,3494.449963339209
NN3-005_TWARP4,1992-05-01,3519.311892779891
NN3-005_TWARP4,1992-06-01,3868.6750747764468
NN3-005_TWARP4,1992-07-01,4407.461241841189
NN3-005_TWARP4,1992-08-01,3472.0873989767833
NN3-005_TWARP4,1992-09-01,3729.109620917682
NN3-005_TWARP4,1992-10-01,3990.1760640739612
NN3-005_TWARP4,1992-11-01,3946.3325391721787
NN3-005_TWARP4,1992-12-01,4288.649061808607
NN3-005_TWARP4,1993-01-01,4180.910271446935
NN3-005_TWARP4,1993-02-01,3610.528364511045
NN3-005_TWARP4,1993-03-01,3679.326592632884
NN3-006_TWARP5,1990-01-01,4540.0
NN3-006_TWARP5,1990-02-01,4063.102142959117
NN3-006_TWARP5,1990-03-01,3754.1228798671855
NN3-006_TWARP5,1990-04-01,3442.050782482399
NN3-006_TWARP5,1990-05-01,4098.348337819845
NN3-006_TWARP5,1990-06-01,3982.6217885801893
NN3-006_TWARP5,1990-07-01,3851.013083923357
NN3-006_TWARP5,1990-08-01,3797.986489173838
NN3-006_TWARP5,1990-09-01,3503.7341652169594
NN3-006_TWARP5,1990-10-01,4108.569720409428
NN3-006_TWARP5,1990-11-01,3999.3749630577654
NN3-006_TWARP5,1990-12-01,4061.546162450551
NN3-006_TWARP5,1991-01-01,5096.754555556118
NN3-006_TWARP5,1991-02-01,3570.0101365373516
NN3-006_TWARP5,1991-03-01,3559.514500494135
NN3-006_TWARP5,1991-04-01,4200.055760984696
NN3-006_TWARP5,1991-05-01,4209.7178272177935
NN3-006_TWARP5,1991-06-01,3834.7937704032424
NN3-006_TWARP5,1991-07-01,3883.671679781395
NN3-006_TWARP5,1991-08-01,3640.9164489995565
NN3-006_TWARP5,1991-09-01,3762.322756746203
NN3-006_TWARP5,1991-10-01,3793.614240036228
NN3-006_TWARP5,1991-11-01,3571.5052993171953
NN3-006_TWARP5,1991-12-01,4336.270309852869
NN3-006_TWARP5,1992-01-01,4356.223872811061
NN3-006_TWARP5,1992-02-01,3755.3709575289076
NN3-006_TWARP5,1992-03-01,3638.813127650062
NN3-006_TWARP5,1992-04-01,3713.929763248341
NN3-006_TWARP5,1992-05-01,3821.1289243191486
NN3-006_TWARP5,1992-06-01,4038.5221978215523
NN3-006_TWARP5,1992-07-01,4032.157954938689
NN3-006_TWARP5,1992-08-01,3722.2362670038488
NN3-006_TWARP5,1992-09-01,3767.807767585487
NN3-006_TWARP5,1992-10-01,3930.246725078317
NN3-006_TWARP5,1992-11-01,3851.2312119838634
NN3-006_TWARP5,1992-12-01,4089.421421367192
NN3-006_TWARP5,1993-01-01,4265.0
NN3-006_TWARP5,1993-02-01,3433.31394422879
NN3-006_TWARP5,1993-03-01,4515.0
NN3-007_TWARP6,1990-01-01,7700.0
NN3-007_TWARP6,1990-02-01,5780.421037722391
NN3-007_TWARP6,1990-03-01,6768.222100661705
NN3-007_TWARP6,1990-04-01,5353.889425107211
NN3-007_TWARP6,1990-05-01,5690.978516904466
NN3-007_TWARP6,1990-06-01,4642.44082576849
NN3-007_TWARP6,1990-07-01,5518.946872490451
NN3-007_TWARP6,1990-08-01,4981.1216260256
NN3-007_TWARP6,1990-09-01,4945.127680315607
NN3-007_TWARP6,1990-10-01,5592.079095935787
NN3-007_TWARP6,1990-11-01,7099.2081647811665
NN3-007_TWARP6,1990-12-01,5433.7995835793035
NN3-007_TWARP6,1991-01-01,8227.495524818592
NN3-007_TWARP6,1991-02-01,5710.1503378371735
NN3-007_TWARP6,1991-03-01,5645.303131112584
NN3-007_TWARP6,1991-04-01,5369.84292252949
NN3-007_TWARP6,1991-05-01,5893.182686539015
NN3-007_TWARP6,1991-06-01,4850.657340966527
NN3-007_TWARP6,1991-07-01,6462.405315032273
NN3-007_TWARP6,1991-08-01,5869.04695849279
NN3-007_TWARP6,1991-09-01,5394.521619072525
NN3-007_TWARP6,1991-10-01,5329.325192174754
NN3-007_TWARP6,1991-11-01,6020.45348683919
NN3-007_TWARP6,1991-12-01,6850.312563592289
NN3-007_TWARP6,1992-01-01,6996.497532763482
NN3-007_TWARP6,1992-02-01,5245.113223118315
NN3-007_TWARP6,1992-03-01,6573.867769103755
NN3-007_TWARP6,1992-04-01,5058.1861441328165
NN3-007_TWARP6,1992-05-01,5834.182823548266
NN3-007_TWARP6,1992-06-01,5299.303952714431
NN3-007_TWARP6,1992-07-01,5705.639237737515
NN3-007_TWARP6,1992-08-01,5773.5224783809435
NN3-007_TWARP6,1992-09-01,5417.867521119977
NN3-007_TWARP6,1992-10-01,5871.509897440195
NN3-007_TWARP6,1992-11-01,4919.401516601007
NN3-007_TWARP6,1992-12-01,6063.787601537632
NN3-007_TWARP6,1993-01-01,5913.284240624671
NN3-007_TWARP6,1993-02-01,6115.283195471668
NN3-007_TWARP6,1993-03-01,6784.302930547454
NN3-008_TWARP7,1990-01-01,8300.0
NN3-008_TWARP7,1990-02-01,7422.169802351901
NN3-008_TWARP7,1990-03-01,7917.81563763295
NN3-008_TWARP7,1990-04-01,8766.900076424221
NN3-008_TWARP7,1990-05-01,7139.792231386021
NN3-008_TWARP7,1990-06-01,7043.42758863438
NN3-008_TWARP7,1990-07-01,7835.849376816673
NN3-008_TWARP7,1990-08-01,5483.812605137774
NN3-008_TWARP7,1990-09-01,5672.6122268091585
NN3-008_TWARP7,1990-10-01,6902.34110232949
NN3-008_TWARP7,1990-11-01,5205.517401346023
NN3-008_TWARP7,1990-12-01,6942.086043466012
NN3-008_TWARP7,1991-01-01,8346.113284293442
NN3-008_TWARP7,1991-02-01,7443.88933847507
NN3-008_TWARP7,1991-03-01,5512.028438030889
NN3-008_TWARP7,1991-04-01,5883.315325684347
NN3-008_TWARP7,1991-05-01,6084.331474904008
NN3-008_TWARP7,1991-06-01,6542.356407946497
NN3-008_TWARP7,1991-07-01,7108.842939363247
NN3-008_TWARP7,1991-08-01,6550.118470597067
NN3-008_TWARP7,1991-09-01,6322.176358463576
NN3-008_TWARP7,1991-10-01,5926.673333132666
NN3-008_TWARP7,1991-11-01,4937.611771866147
NN3-008_TWARP7,1991-12-01,5782.104212766881
NN3-008_TWARP7,1992-01-01,6503.373415621438
NN3-008_TWARP7,1992-02-01,5732.176954194919
NN3-008_TWARP7,1992-03-01,5300.0
NN3-008_TWARP7,1992-04-01,6040.835901921662
NN3-008_TWARP7,1992-05-01,5637.9795141217455
NN3-008_TWARP7,1992-06-01,5227.491363046747
NN3-008_TWARP7,1992-07-01,5508.958015548654
NN3-008_TWARP7,1992-08-01,5097.9332036041305
NN3-008_TWARP7,1992-09-01,6657.08814834965
NN3-008_TWARP7,1992-10-01,4984.055020051061
NN3-008_TWARP7,1992-11-01,7532.245300070373
NN3-008_TWARP7,1992-12-01,5555.596642629622
NN3-008_TWARP7,1993-01-01,7338.30922501022
NN3-008_TWARP7,1993-02-01,7033.1116187479365
NN3-008_TWARP7,1993-03-01,6700.0
NN3-009_TWARP8,1990-01-01,5400.0
NN3-009_TWARP8,1990-02-01,5208.743844785883
NN3-009_TWARP8,1990-03-01,4690.866735378919
NN3-009_TWARP8,1990-04-01,4014.6301342382435
NN3-009_TWARP8,1990-05-01,4581.048373987618
NN3-009_TWARP8,1990-06-01,4514.0488591591475
NN3-009_TWARP8,1990-07-01,4131.504095848016
NN3-009_TWARP8,1990-08-01,5375.901832007207
NN3-009_TWARP8,1990-09-01,5108.132122107866
NN3-009_TWARP8,1990-10-01,5248.502591611163
NN3-009_TWARP8,1990-11-01,5094.574610380211
NN3-009_TWARP8,1990-12-01,4394.717041963284
NN3-009_TWARP8,1991-01-01,5841.855632850054
NN3-009_TWARP8,1991-02-01,4618.567739856442
NN3-009_TWARP8,1991-03-01,4161.4550022989
NN3-009_TWARP8,1991-04-01,3839.281419927632
NN3-009_TWARP8,1991-05-01,4117.839596589175
NN3-009_TWARP8,1991-06-01,4250.0
NN3-009_TWARP8,1991-07-01,4290.436394854205
NN3-009_TWARP8,1991-08-01,4116.005075712269
NN3-009_TWARP8,1991-09-01,4019.1404162678105
NN3-009_TWARP8,1991-10-01,3989.4286736727026
NN3-009_TWARP8,1991-11-01,4108.959005380227
NN3-009_TWARP8,1991-12-01,5076.9067514725275
NN3-009_TWARP8,1992-01-01,5118.012241024959
NN3-009_TWARP8,1992-02-01,4497.7374995448
NN3-009_TWARP8,1992-03-01,4213.320290900342
NN3-009_TWARP8,1992-04-01,4110.873092027571
NN3-009_TWARP8,1992-05-01,4265.302203674088
NN3-009_TWARP8,1992-06-01,4054.4514005166748
NN3-009_TWARP8,1992-07-01,3839.905547946194
NN3-009_TWARP8,1992-08-01,4091.463938585987
NN3-009_TWARP8,1992-09-01,4225.438570928241
NN3-009_TWARP8,1992-10-01,4264.855826584535
NN3-009_TWARP8,1992-11-01,4345.209315638495
NN3-009_TWARP8,1992-12-01,4958.6642597338105
NN3-009_TWARP8,1993-01-01,4474.3561857714785
NN3-009_TWARP8,1993-02-01,4148.156324785288
NN3-009_TWARP8,1993-03-01,5000.0
NN3-010_TWARP9,1990-01-01,1880.0
NN3-010_TWARP9,1990-02-01,1110.1975796135976
NN3-010_TWARP9,1990-03-01,2133.3984802697573
NN3-010_TWARP9,1990-04-01,1620.1908115293477
NN3-010_TWARP9,1990-05-01,1886.217812153329
NN3-010_TWARP9,1990-06-01,1862.1896622697504
NN3-010_TWARP9,1990-07-01,1784.995734401556
NN3-010_TWARP9,1990-08-01,2077.905675777854
NN3-010_TWARP9,1990-09-01,2877.3994438624177
NN3-010_TWARP9,1990-10-01,2461.0146709426776
NN3-010_TWARP9,1990-11-01,2640.3001022775743
NN3-010_TWARP9,1990-12-01,2037.2141408207904
NN3-010_TWARP9,1991-01-01,2474.084223448412
NN3-010_TWARP9,1991-02-01,2245.423008352575
NN3-010_TWARP9,1991-03-01,2861.7117692335664
NN3-010_TWARP9,1991-04-01,2625.789998640796
NN3-010_TWARP9,1991-05-01,3246.306016193576
NN3-010_TWARP9,1991-06-01,2612.9783889524847
NN3-010_TWARP9,1991-07-01,3120.855107466675
NN3-010_TWARP9,1991-08-01,2217.64034490444
NN3-010_TWARP9,1991-09-01,2160.0
NN3-010_TWARP9,1991-10-01,2813.773910514545
NN3-010_TWARP9,1991-11-01,2411.867754195907
NN3-010_TWARP9,1991-12-01,3011.3747555226023
NN3-010_TWARP9,1992-01-01,3579.2327858506774
NN3-010_TWARP9,1992-02-01,2470.1480560153936
NN3-010_TWARP9,1992-03-01,3043.980291421347
NN3-010_TWARP9,1992-04-01,2662.1242243156066
NN3-010_TWARP9,1992-05-01,3721.760750532391
NN3-010_TWARP9,1992-06-01,3450.2962508985643
NN3-010_TWARP9,1992-07-01,2925.1174095039505
NN3-010_TWARP9,1992-08-01,2406.0906471660896
NN3-010_TWARP9,1992-09-01,2458.1873335032146
NN3-010_TWARP9,1992-10-01,2514.3550994140955
NN3-010_TWARP9,1992-11-01,2514.183738368436
NN3-010_TWARP9,1992-12-01,3243.6507519038882
NN3-010_TWARP9,1993-01-01,3881.3491571138875
NN3-010_TWARP9,1993-02-01,3047.9017928407156
NN3-010_TWARP9,1993-03-01,3340.0
NN3-011_TWARP10,1990-01-01,2940.0
NN3-011_TWARP10,1990-02-01,2729.8527803361344
NN3-011_TWARP10,1990-03-01,3550.5246154191345
NN3-011_TWARP10,1990-04-01,2771.9975425289904
NN3-011_TWARP10,1990-05-01,3376.0906736721086
NN3-011_TWARP10,1990-06-01,2942.1776858146904
NN3-011_TWARP10,1990-07-01,3114.583020938495
NN3-011_TWARP10,1990-08-01,3930.891622311064
NN3-011_TWARP10,1990-09-01,4339.758864631588
NN3-011_TWARP10,1990-10-01,4223.733283092248
NN3-011_TWARP10,1990-11-01,4291.100122896425
NN3-011_TWARP10,1990-12-01,3098.6034533617853
NN3-011_TWARP10,1991-01-01,4778.856517714921
NN3-011_TWARP10,1991-02-01,4103.448655395924
NN3-011_TWARP10,1991-03-01,4471.611725354703
NN3-011_TWARP10,1991-04-01,5459.268774714036
NN3-011_TWARP10,1991-05-01,4831.132114575632
NN3-011_TWARP10,1991-06-01,4087.317100890844
NN3-011_TWARP10,1991-07-01,4916.71750649391
NN3-011_TWARP10,1991-08-01,4734.870959039399
NN3-011_TWARP10,1991-09-01,4872.599149929477
NN3-011_TWARP10,1991-10-01,5062.440167625313
NN3-011_TWARP10,1991-11-01,4920.85602114667
NN3-011_TWARP10,1991-12-01,5758.7548893605135
NN3-011_TWARP10,1992-01-01,6134.562969751458
NN3-011_TWARP10,1992-02-01,4541.2439102792305
NN3-011_TWARP10,1992-03-01,5504.882938932881
NN3-011_TWARP10,1992-04-01,4971.33653718212
NN3-011_TWARP10,1992-05-01,6302.965627526577
NN3-011_TWARP10,1992-06-01,5909.184692763551
NN3-011_TWARP10,1992-07-01,6274.252891000865
NN3-011_TWARP10,1992-08-01,5474.864875427076
NN3-011_TWARP10,1992-09-01,4465.165779486068
NN3-011_TWARP10,1992-10-01,4848.252087981648
NN3-011_TWARP10,1992-11-01,5408.518593294409
NN3-011_TWARP10,1992-12-01,6192.018673080651
NN3-011_TWARP10,1993-01-01,6594.340778609264
NN3-011_TWARP10,1993-02-01,6005.359902448168
NN3-011_TWARP10,1993-03-01,7240.0
NN3-012_TWARP11,1990-01-01,2300.0
NN3-012_TWARP11,1990-02-01,2206.7987350553417
NN3-012_TWARP11,1990-03-01,2602.993621823486
NN3-012_TWARP11,1990-04-01,2184.7890959847064
NN3-012_TWARP11,1990-05-01,2891.672998927728
NN3-012_TWARP11,1990-06-01,2134.257015771539
NN3-012_TWARP11,1990-07-01,2407.815483337462
NN3-012_TWARP11,1990-08-01,3449.384000894633
NN3-012_TWARP11,1990-09-01,3311.023437810415
NN3-012_TWARP11,1990-10-01,3128.9351185234486
NN3-012_TWARP11,1990-11-01,2798.3897294477724
NN3-012_TWARP11,1990-12-01,2809.891080532656
NN3-012_TWARP11,1991-01-01,4121.988977392846
NN3-012_TWARP11,1991-02-01,2964.0398769170242
NN3-012_TWARP11,1991-03-01,3384.177223331608
NN3-012_TWARP11,1991-04-01,3776.110478184898
NN3-012_TWARP11,1991-05-01,3987.3821904458637
NN3-012_TWARP11,1991-06-01,3294.964584131927
NN3-012_TWARP11,1991-07-01,3809.616239413165
NN3-012_TWARP11,1991-08-01,3990.8302306574933
NN3-012_TWARP11,1991-09-01,3290.450820357991
NN3-012_TWARP11,1991-10-01,3516.6810489037994
NN3-012_TWARP11,1991-11-01,3676.9131692329383
NN3-012_TWARP11,1991-12-01,3422.8494140197977
NN3-012_TWARP11,1992-01-01,4197.5881247766965
NN3-012_TWARP11,1992-02-01,3867.798858779912
NN3-012_TWARP11,1992-03-01,3157.6391440097614
NN3-012_TWARP11,1992-04-01,3320.4332686100715
NN3-012_TWARP11,1992-05-01,3978.8406226030247
NN3-012_TWARP11,1992-06-01,4136.421018187367
NN3-012_TWARP11,1992-07-01,3740.892023794344
NN3-012_TWARP11,1992-08-01,3795.971035230484
NN3-012_TWARP11,1992-09-01,3351.427275798096
NN3-012_TWARP11,1992-10-01,3284.2768649183995
NN3-012_TWARP11,1992-11-01,3483.9440083800596
NN3-012_TWARP11,1992-12-01,4432.027990707975
NN3-012_TWARP11,1993-01-01,5210.946418203927
NN3-012_TWARP11,1993-02-01,4282.785510739337
NN3-012_TWARP11,1993-03-01,4990.15257563027
NN3-013_TWARP12,1990-01-01,5760.0
NN3-013_TWARP12,1990-02-01,4213.454935751112
NN3-013_TWARP12,1990-03-01,4908.024936497814
NN3-013_TWARP12,1990-04-01,4863.6521824055935
NN3-013_TWARP12,1990-05-01,4758.168147630456
NN3-013_TWARP12,1990-06-01,4929.423073018872
NN3-013_TWARP12,1990-07-01,4909.172957317076
NN3-013_TWARP12,1990-08-01,4753.840476028749
NN3-013_TWARP12,1990-09-01,5004.648613104838
NN3-013_TWARP12,1990-10-01,6255.220556029801
NN3-013_TWARP12,1990-11-01,5969.740523071524
NN3-013_TWARP12,1990-12-01,5884.841107765342
NN3-013_TWARP12,1991-01-01,7106.696331329259
NN3-013_TWARP12,1991-02-01,5762.563433587378
NN3-013_TWARP12,1991-03-01,5451.680498273503
NN3-013_TWARP12,1991-04-01,6088.425026608081
NN3-013_TWARP12,1991-05-01,6467.835537430981
NN3-013_TWARP12,1991-06-01,5803.534194152919
NN3-013_TWARP12,1991-07-01,6331.041159326684
NN3-013_TWARP12,1991-08-01,6325.11917503694
NN3-013_TWARP12,1991-09-01,5523.77594437681
NN3-013_TWARP12,1991-10-01,6173.375532261132
NN3-013_TWARP12,1991-11-01,5736.749354680353
NN3-013_TWARP12,1991-12-01,6925.021113598984
NN3-013_TWARP12,1992-01-01,6560.0501267664795
NN3-013_TWARP12,1992-02-01,5824.970386786969
NN3-013_TWARP12,1992-03-01,6406.602965207265
NN3-013_TWARP12,1992-04-01,5956.106449535921
NN3-013_TWARP12,1992-05-01,6285.760175106166
NN3-013_TWARP12,1992-06-01,6555.561394520339
NN3-013_TWARP12,1992-07-01,6560.752371004449
NN3-013_TWARP12,1992-08-01,6169.982688443766
NN3-013_TWARP12,1992-09-01,5881.633702646186
NN3-013_TWARP12,1992-10-01,6023.716034881905
NN3-013_TWARP12,1992-11-01,6449.708320513382
NN3-013_TWARP12,1992-12-01,7100.642896148986
NN3-013_TWARP12,1993-01-01,6514.493161658034
NN3-013_TWARP12,1993-02-01,5667.570531564126
NN3-013_TWARP12,1993-03-01,6011.256338750099
NN3-014_TWARP13,1990-01-01,5520.0
NN3-014_TWARP13,1990-02-01,4043.3634586557428
NN3-014_TWARP13,1990-03-01,4672.329615661982
NN3-014_TWARP13,1990-04-01,4468.088394512131
NN3-014_TWARP13,1990-05-01,3940.959287942726
NN3-014_TWARP13,1990-06-01,4365.984059987458
NN3-014_TWARP13,1990-07-01,4560.0
NN3-014_TWARP13,1990-08-01,5007.704556889374
NN3-014_TWARP13,1990-09-01,4437.6875277145955
NN3-014_TWARP13,1990-10-01,5294.673026683531
NN3-014_TWARP13,1990-11-01,4862.28243537897
NN3-014_TWARP13,1990-12-01,4657.338568351831
NN3-014_TWARP13,1991-01-01,5571.107432868888
NN3-014_TWARP13,1991-02-01,4131.389426159505
NN3-014_TWARP13,1991-03-01,3960.9875726296423
NN3-014_TWARP13,1991-04-01,4757.6300345421705
NN3-014_TWARP13,1991-05-01,4829.25055444744
NN3-014_TWARP13,1991-06-01,4807.698920500565
NN3-014_TWARP13,1991-07-01,5167.763518044949
NN3-014_TWARP13,1991-08-01,4672.239781624575
NN3-014_TWARP13,1991-09-01,4554.341938912238
NN3-014_TWARP13,1991-10-01,4626.672417266125
NN3-014_TWARP13,1991-11-01,4811.592648806231
NN3-014_TWARP13,1991-12-01,5366.678929984477
NN3-014_TWARP13,1992-01-01,5071.369189479524
NN3-014_TWARP13,1992-02-01,3707.3489938557877
NN3-014_TWARP13,1992-03-01,5045.243000699555
NN3-014_TWARP13,1992-04-01,4513.669103493992
NN3-014_TWARP13,1992-05-01,4044.0043499912786
NN3-014_TWARP13,1992-06-01,4447.479224303595
NN3-014_TWARP13,1992-07-01,4672.905371936787
NN3-014_TWARP13,1992-08-01,4590.601041102534
NN3-014_TWARP13,1992-09-01,4465.85123452476
NN3-014_TWARP13,1992-10-01,4523.718784066429
NN3-014_TWARP13,1992-11-01,4593.352162485668
NN3-014_TWARP13,1992-12-01,4500.55999903389
NN3-014_TWARP13,1993-01-01,5341.151207285824
NN3-014_TWARP13,1993-02-01,4515.456467447946
NN3-014_TWARP13,1993-03-01,4551.897609890377
NN3-015_TWARP14,1990-01-01,7778.0
NN3-015_TWARP14,1990-02-01,5007.035144374282
NN3-015_TWARP14,1990-03-01,6155.835945557124
NN3-015_TWARP14,1990-04-01,6235.030364690176
NN3-015_TWARP14,1990-05-01,6462.10955725932
NN3-015_TWARP14,1990-06-01,5873.760891364331
NN3-015_TWARP14,1990-07-01,5612.1864448544975
NN3-015_TWARP14,1990-08-01,6244.094142394241
NN3-015_TWARP14,1990-09-01,5514.145678989566
NN3-015_TWARP14,1990-10-01,6472.5372455359675
NN3-015_TWARP14,1990-11-01,6130.308151837934
NN3-015_TWARP14,1990-12-01,5457.649261670933
NN3-015_TWARP14,1991-01-01,7536.253046947064
NN3-015_TWARP14,1991-02-01,5744.041429629775
NN3-015_TWARP14,1991-03-01,5085.926311447328
NN3-015_TWARP14,1991-04-01,5972.813702146446
NN3-015_TWARP14,1991-05-01,6141.689670126652
NN3-015_TWARP14,1991-06-01,5787.853899018962
NN3-015_TWARP14,1991-07-01,5883.351900139808
NN3-015_TWARP14,1991-08-01,5761.923502921107
NN3-015_TWARP14,1991-09-01,5143.618208213505
NN3-015_TWARP14,1991-10-01,6193.429230303431
NN3-015_TWARP14,1991-11-01,6158.1317288585315
NN3-015_TWARP14,1991-12-01,6693.440854283968
NN3-015_TWARP14,1992-01-01,6526.742354921038
NN3-015_TWARP14,1992-02-01,5762.893962972302
NN3-015_TWARP14,1992-03-01,6307.459400312793
NN3-015_TWARP14,1992-04-01,5645.368268486423
NN3-015_TWARP14,1992-05-01,5899.774642242316
NN3-015_TWARP14,1992-06-01,6159.378566614297
NN3-015_TWARP14,1992-07-01,5622.792793840989
NN3-015_TWARP14,1992-08-01,5884.529100650918
NN3-015_TWARP14,1992-09-01,6030.722356951436
NN3-015_TWARP14,1992-10-01,6115.65216779006
NN3-015_TWARP14,1992-11-01,6201.143165767722
NN3-015_TWARP14,1992-12-01,6667.134816997562
NN3-015_TWARP14,1993-01-01,6324.714647395076
NN3-015_TWARP14,1993-02-01,5877.900181789852
NN3-015_TWARP14,1993-03-01,7335.668877760543
NN3-016_TWARP15,1990-01-01,9520.0
NN3-016_TWARP15,1990-02-01,6118.8265862689
NN3-016_TWARP15,1990-03-01,7233.537304949417
NN3-016_TWARP15,1990-04-01,7381.212939478281
NN3-016_TWARP15,1990-05-01,7156.985179646513
NN3-016_TWARP15,1990-06-01,7210.343512879175
NN3-016_TWARP15,1990-07-01,7616.95494601169
NN3-016_TWARP15,1990-08-01,7827.929603925473
NN3-016_TWARP15,1990-09-01,6558.499202907657
NN3-016_TWARP15,1990-10-01,8015.091785252204
NN3-016_TWARP15,1990-11-01,8249.333160161637
NN3-016_TWARP15,1990-12-01,7358.866115755314
NN3-016_TWARP15,1991-01-01,9650.101667631841
NN3-016_TWARP15,1991-02-01,7360.546593671787
NN3-016_TWARP15,1991-03-01,6392.107881023241
NN3-016_TWARP15,1991-04-01,7771.215229019319
NN3-016_TWARP15,1991-05-01,7625.186108535298
NN3-016_TWARP15,1991-06-01,7810.455316730772
NN3-016_TWARP15,1991-07-01,7606.4330411439305
NN3-016_TWARP15,1991-08-01,7408.032479290787
NN3-016_TWARP15,1991-09-01,7320.95705513163
NN3-016_TWARP15,1991-10-01,7882.135473471504
NN3-016_TWARP15,1991-11-01,7887.896332753557
NN3-016_TWARP15,1991-12-01,8911.038400429063
NN3-016_TWARP15,1992-01-01,8345.691269907022
NN3-016_TWARP15,1992-02-01,7505.667659427545
NN3-016_TWARP15,1992-03-01,8248.355051403494
NN3-016_TWARP15,1992-04-01,6926.3730142115255
NN3-016_TWARP15,1992-05-01,6738.817856191932
NN3-016_TWARP15,1992-06-01,8019.734604260201
NN3-016_TWARP15,1992-07-01,6791.199490740148
NN3-016_TWARP15,1992-08-01,7100.52479097395
NN3-016_TWARP15,1992-09-01,8119.043499388795
NN3-016_TWARP15,1992-10-01,7894.437410618605
NN3-016_TWARP15,1992-11-01,7727.113508043212
NN3-016_TWARP15,1992-12-01,8850.174246681014
NN3-016_TWARP15,1993-01-01,8474.19947023705
NN3-016_TWARP15,1993-02-01,7235.90372078058
NN3-016_TWARP15,1993-03-01,7585.941497986792
NN3-017_TWARP16,1990-01-01,8372.0
NN3-017_TWARP16,1990-02-01,6065.74507729562
NN3-017_TWARP16,1990-03-01,6906.001671919697
NN3-017_TWARP16,1990-04-01,6410.763591477772
NN3-017_TWARP16,1990-05-01,7172.808446692053
NN3-017_TWARP16,1990-06-01,7261.0423756228165
NN3-017_TWARP16,1990-07-01,7058.877642572754
NN3-017_TWARP16,1990-08-01,7169.125709051413
NN3-017_TWARP16,1990-09-01,6746.900203181794
NN3-017_TWARP16,1990-10-01,7774.510534651872
NN3-017_TWARP16,1990-11-01,8077.062359433681
NN3-017_TWARP16,1990-12-01,7429.513431418017
NN3-017_TWARP16,1991-01-01,8551.363965677278
NN3-017_TWARP16,1991-02-01,6680.06147580006
NN3-017_TWARP16,1991-03-01,6681.75436324902
NN3-017_TWARP16,1991-04-01,7396.22538619396
NN3-017_TWARP16,1991-05-01,7778.378946322199
NN3-017_TWARP16,1991-06-01,7689.2530295533
NN3-017_TWARP16,1991-07-01,7085.406081759626
NN3-017_TWARP16,1991-08-01,6738.52336294313
NN3-017_TWARP16,1991-09-01,7249.5839986517585
NN3-017_TWARP16,1991-10-01,7428.5397786840595
NN3-017_TWARP16,1991-11-01,7476.41800715001
NN3-017_TWARP16,1991-12-01,8056.855096409478
NN3-017_TWARP16,1992-01-01,7843.456472699952
NN3-017_TWARP16,1992-02-01,5694.9979931462585
NN3-017_TWARP16,1992-03-01,7181.746815546184
NN3-017_TWARP16,1992-04-01,6480.36702982854
NN3-017_TWARP16,1992-05-01,6730.981907936994
NN3-017_TWARP16,1992-06-01,6998.141646309732
NN3-017_TWARP16,1992-07-01,7076.641012890007
NN3-017_TWARP16,1992-08-01,6960.58632790115
NN3-017_TWARP16,1992-09-01,7293.2077129854115
NN3-017_TWARP16,1992-10-01,7176.4632413895815
NN3-017_TWARP16,1992-11-01,7486.691382881347
NN3-017_TWARP16,1992-12-01,7470.12529801296
NN3-017_TWARP16,1993-01-01,7398.114323448234
NN3-017_TWARP16,1993-02-01,7567.129058134348
NN3-017_TWARP16,1993-03-01,8642.0
NN3-018_TWARP17,1990-01-01,5548.0
NN3-018_TWARP17,1990-02-01,3465.64907472602
NN3-018_TWARP17,1990-03-01,4471.020506424813
NN3-018_TWARP17,1990-04-01,4184.930190646472
NN3-018_TWARP17,1990-05-01,4120.400769034369
NN3-018_TWARP17,1990-06-01,3927.1649550976663
NN3-018_TWARP17,1990-07-01,4575.2507755449715
NN3-018_TWARP17,1990-08-01,4477.004018056353
NN3-018_TWARP17,1990-09-01,4208.849115753892
NN3-018_TWARP17,1990-10-01,4484.292886643347
NN3-018_TWARP17,1990-11-01,4156.765012610526
NN3-018_TWARP17,1990-12-01,4345.3547604381465
NN3-018_TWARP17,1991-01-01,5693.893476145902
NN3-018_TWARP17,1991-02-01,3987.725783236506
NN3-018_TWARP17,1991-03-01,3642.977006668095
NN3-018_TWARP17,1991-04-01,4425.281967049041
NN3-018_TWARP17,1991-05-01,4249.6792858757035
NN3-018_TWARP17,1991-06-01,4569.752643842822
NN3-018_TWARP17,1991-07-01,4301.4982411874125
NN3-018_TWARP17,1991-08-01,3498.368008626478
NN3-018_TWARP17,1991-09-01,3852.7692095570046
NN3-018_TWARP17,1991-10-01,3827.3185587459875
NN3-018_TWARP17,1991-11-01,4381.579339414047
NN3-018_TWARP17,1991-12-01,4084.196616919994
NN3-018_TWARP17,1992-01-01,4903.535173361423
NN3-018_TWARP17,1992-02-01,3335.323225548046
NN3-018_TWARP17,1992-03-01,4611.819064087072
NN3-018_TWARP17,1992-04-01,3401.0355892534117
NN3-018_TWARP17,1992-05-01,3585.707326916557
NN3-018_TWARP17,1992-06-01,3867.313337463027
NN3-018_TWARP17,1992-07-01,3568.241092497353
NN3-018_TWARP17,1992-08-01,3926.3349063124283
NN3-018_TWARP17,1992-09-01,4557.1979743538295
NN3-018_TWARP17,1992-10-01,4053.237444292839
NN3-018_TWARP17,1992-11-01,4124.890147888287
NN3-018_TWARP17,1992-12-01,4182.65764636208
NN3-018_TWARP17,1993-01-01,4038.89480850066
NN3-018_TWARP17,1993-02-01,3827.1423256970875
NN3-018_TWARP17,1993-03-01,4663.163700737213
NN3-019_TWARP18,1990-01-01,5100.0
NN3-019_TWARP18,1990-02-01,5702.187389291818
NN3-019_TWARP18,1990-03-01,6791.911496287426
NN3-019_TWARP18,1990-04-01,4268.302393185203
NN3-019_TWARP18,1990-05-01,5572.034486896486
NN3-019_TWARP18,1990-06-01,5385.2545270694045
NN3-019_TWARP18,1990-07-01,5082.897830249755
NN3-019_TWARP18,1990-08-01,4535.495456710141
NN3-019_TWARP18,1990-09-01,3464.4292642836517
NN3-019_TWARP18,1990-10-01,3841.783973471702
NN3-019_TWARP18,1990-11-01,4127.148816733963
NN3-019_TWARP18,1990-12-01,6389.27245904538
NN3-019_TWARP18,1991-01-01,6550.0
NN3-019_TWARP18,1991-02-01,6930.864219488618
NN3-019_TWARP18,1991-03-01,5330.027727752916
NN3-019_TWARP18,1991-04-01,5031.760802211473
NN3-019_TWARP18,1991-05-01,4207.883482559899
NN3-019_TWARP18,1991-06-01,3446.896590661448
NN3-019_TWARP18,1991-07-01,3456.0500866020175
NN3-019_TWARP18,1991-08-01,3887.925896709902
NN3-019_TWARP18,1991-09-01,4759.837942974958
NN3-019_TWARP18,1991-10-01,4980.678271243622
NN3-019_TWARP18,1991-11-01,4482.810254248387
NN3-019_TWARP18,1991-12-01,6061.840451463358
NN3-019_TWARP18,1992-01-01,5799.711977106297
NN3-019_TWARP18,1992-02-01,4457.04203253004
NN3-019_TWARP18,1992-03-01,4819.973673469643
NN3-019_TWARP18,1992-04-01,5343.265868906779
NN3-019_TWARP18,1992-05-01,4285.330297745675
NN3-019_TWARP18,1992-06-01,3435.5137964267597
NN3-019_TWARP18,1992-07-01,3308.0991364332385
NN3-019_TWARP18,1992-08-01,3921.317059528556
NN3-019_TWARP18,1992-09-01,5156.073618575964
NN3-019_TWARP18,1992-10-01,4959.748426656825
NN3-019_TWARP18,1992-11-01,4404.688747581751
NN3-019_TWARP18,1992-12-01,5171.146170180561
NN3-019_TWARP18,1993-01-01,4662.1114104708795
NN3-019_TWARP18,1993-02-01,3584.2512087700784
NN3-019_TWARP18,1993-03-01,3850.0
NN3-020_TWARP19,1990-01-01,9290.0
NN3-020_TWARP19,1990-02-01,6374.597304666171
NN3-020_TWARP19,1990-03-01,8067.015664002575
NN3-020_TWARP19,1990-04-01,8311.463624281012
NN3-020_TWARP19,1990-05-01,6995.40946714565
NN3-020_TWARP19,1990-06-01,8413.307811682796
NN3-020_TWARP19,1990-07-01,6614.032469842504
NN3-020_TWARP19,1990-08-01,5766.768260266368
NN3-020_TWARP19,1990-09-01,5738.4535839607615
NN3-020_TWARP19,1990-10-01,6710.601183327321
NN3-020_TWARP19,1990-11-01,7305.898705444792
NN3-020_TWARP19,1990-12-01,7406.021093470822
NN3-020_TWARP19,1991-01-01,8593.894866182112
NN3-020_TWARP19,1991-02-01,8211.30842592029
NN3-020_TWARP19,1991-03-01,7933.104971184385
NN3-020_TWARP19,1991-04-01,7772.533255239076
NN3-020_TWARP19,1991-05-01,6316.290935978383
NN3-020_TWARP19,1991-06-01,5836.7033323020305
NN3-020_TWARP19,1991-07-01,5733.057957867243
NN3-020_TWARP19,1991-08-01,4643.215689736237
NN3-020_TWARP19,1991-09-01,5518.770716758496
NN3-020_TWARP19,1991-10-01,6847.0996974094915
NN3-020_TWARP19,1991-11-01,6562.8057821432485
NN3-020_TWARP19,1991-12-01,9650.007587904338
NN3-020_TWARP19,1992-01-01,7997.751148981057
NN3-020_TWARP19,1992-02-01,7763.223579567486
NN3-020_TWARP19,1992-03-01,7804.060658836998
NN3-020_TWARP19,1992-04-01,7820.0
NN3-020_TWARP19,1992-05-01,6239.561982620084
NN3-020_TWARP19,1992-06-01,6365.953174159621
NN3-020_TWARP19,1992-07-01,7016.859707593071
NN3-020_TWARP19,1992-08-01,5538.3520078162255
NN3-020_TWARP19,1992-09-01,4487.678711630331
NN3-020_TWARP19,1992-10-01,4876.180535678779
NN3-020_TWARP19,1992-11-01,5562.866754640558
NN3-020_TWARP19,1992-12-01,6305.620634028266
NN3-020_TWARP19,1993-01-01,7302.675391370996
NN3-020_TWARP19,1993-02-01,5290.0919230184445
NN3-020_TWARP19,1993-03-01,6960.0
NN3-021_TWARP20,1990-01-01,4190.0
NN3-021_TWARP20,1990-02-01,6206.827140203546
NN3-021_TWARP20,1990-03-01,6768.062002244512
NN3-021_TWARP20,1990-04-01,5944.9940959281075
NN3-021_TWARP20,1990-05-01,5896.784071105775
NN3-021_TWARP20,1990-06-01,5878.269693793031
NN3-021_TWARP20,1990-07-01,4597.813180090687
NN3-021_TWARP20,1990-08-01,5800.221119077752
NN3-021_TWARP20,1990-09-01,5059.9771344123
NN3-021_TWARP20,1990-10-01,7089.498908546293
NN3-021_TWARP20,1990-11-01,5482.919054410708
NN3-021_TWARP20,1990-12-01,5966.903197982108
NN3-021_TWARP20,1991-01-01,7184.904539329102
NN3-021_TWARP20,1991-02-01,8027.826247070212
NN3-021_TWARP20,1991-03-01,5935.875431521887
NN3-021_TWARP20,1991-04-01,6910.392254009078
NN3-021_TWARP20,1991-05-01,7040.749564950609
NN3-021_TWARP20,1991-06-01,5101.037930287364
NN3-021_TWARP20,1991-07-01,5827.205492199924
NN3-021_TWARP20,1991-08-01,5638.833167670546
NN3-021_TWARP20,1991-09-01,5188.44257527369
NN3-021_TWARP20,1991-10-01,6937.415485628776
NN3-021_TWARP20,1991-11-01,6019.75208635067
NN3-021_TWARP20,1991-12-01,7880.022667845852
NN3-021_TWARP20,1992-01-01,7972.128061254599
NN3-021_TWARP20,1992-02-01,6530.34843233894
NN3-021_TWARP20,1992-03-01,9203.395959415184
NN3-021_TWARP20,1992-04-01,7029.595183947216
NN3-021_TWARP20,1992-05-01,5388.959807182163
NN3-021_TWARP20,1992-06-01,5818.479531940257
NN3-021_TWARP20,1992-07-01,6156.829012363037
NN3-021_TWARP20,1992-08-01,4993.515828431285
NN3-021_TWARP20,1992-09-01,5192.8434163471575
NN3-021_TWARP20,1992-10-01,6204.184008744295
NN3-021_TWARP20,1992-11-01,6653.186565003743
NN3-021_TWARP20,1992-12-01,6894.178059317837
NN3-021_TWARP20,1993-01-01,6550.854082471236
NN3-021_TWARP20,1993-02-01,6599.836224573759
NN3-021_TWARP20,1993-03-01,7260.0
NN3-022_TWARP21,1990-01-01,4120.0
NN3-022_TWARP21,1990-02-01,4936.730570330375
NN3-022_TWARP21,1990-03-01,4067.2692770617023
NN3-022_TWARP21,1990-04-01,5602.9863919329555
NN3-022_TWARP21,1990-05-01,4442.669541491806
NN3-022_TWARP21,1990-06-01,2285.1936971048053
NN3-022_TWARP21,1990-07-01,3752.0331810812363
NN3-022_TWARP21,1990-08-01,4121.205076722242
NN3-022_TWARP21,1990-09-01,6278.686451288257
NN3-022_TWARP21,1990-10-01,3968.999721190273
NN3-022_TWARP21,1990-11-01,5144.405246153836
NN3-022_TWARP21,1990-12-01,3394.3063127104874
NN3-022_TWARP21,1991-01-01,5029.0681487032725
NN3-022_TWARP21,1991-02-01,6208.931821000948
NN3-022_TWARP21,1991-03-01,5407.6660537992875
NN3-022_TWARP21,1991-04-01,5186.001763371412
NN3-022_TWARP21,1991-05-01,5276.135257747153
NN3-022_TWARP21,1991-06-01,4494.148326027391
NN3-022_TWARP21,1991-07-01,2258.2555083094207
NN3-022_TWARP21,1991-08-01,2554.435012240942
NN3-022_TWARP21,1991-09-01,5266.013224201207
NN3-022_TWARP21,1991-10-01,4559.4810365784415
NN3-022_TWARP21,1991-11-01,5809.253432558989
NN3-022_TWARP21,1991-12-01,6135.4161306147125
NN3-022_TWARP21,1992-01-01,8076.498828369014
NN3-022_TWARP21,1992-02-01,6333.198364453306
NN3-022_TWARP21,1992-03-01,3658.2700952638725
NN3-022_TWARP21,1992-04-01,2777.710995473403
NN3-022_TWARP21,1992-05-01,3331.1496890007156
NN3-022_TWARP21,1992-06-01,3160.873103645615
NN3-022_TWARP21,1992-07-01,3343.5335878491665
NN3-022_TWARP21,1992-08-01,3473.787475965635
NN3-022_TWARP21,1992-09-01,3611.0502245229404
NN3-022_TWARP21,1992-10-01,5028.736710355306
NN3-022_TWARP21,1992-11-01,6261.943074313984
NN3-022_TWARP21,1992-12-01,4049.5519713782705
NN3-022_TWARP21,1993-01-01,4824.401457105229
NN3-022_TWARP21,1993-02-01,4881.685843201324
NN3-023_TWARP22,1990-01-01,5125.0
NN3-023_TWARP22,1990-02-01,3993.486499668605
NN3-023_TWARP22,1990-03-01,4527.8343682992
NN3-023_TWARP22,1990-04-01,3341.085562038398
NN3-023_TWARP22,1990-05-01,3793.8760886094774
NN3-023_TWARP22,1990-06-01,3485.1329348863287
NN3-023_TWARP22,1990-07-01,3713.706468768775
NN3-023_TWARP22,1990-08-01,3880.733433419161
NN3-023_TWARP22,1990-09-01,3181.7647989324364
NN3-023_TWARP22,1990-10-01,4192.341039599843
NN3-023_TWARP22,1990-11-01,4164.028808530696
NN3-023_TWARP22,1990-12-01,4546.850062734405
NN3-023_TWARP22,1991-01-01,4733.714541892152
NN3-023_TWARP22,1991-02-01,5067.905233604362
NN3-023_TWARP22,1991-03-01,5685.708735890728
NN3-023_TWARP22,1991-04-01,4303.35074765695
NN3-023_TWARP22,1991-05-01,4121.146230702409
NN3-023_TWARP22,1991-06-01,3312.4400975151502
NN3-023_TWARP22,1991-07-01,3346.7999802054283
NN3-023_TWARP22,1991-08-01,3109.58801713149
NN3-023_TWARP22,1991-09-01,3451.113814125959
NN3-023_TWARP22,1991-10-01,3600.1326148400685
NN3-023_TWARP22,1991-11-01,3396.1840714814493
NN3-023_TWARP22,1991-12-01,4785.264311022657
NN3-023_TWARP22,1992-01-01,4891.259541051436
NN3-023_TWARP22,1992-02-01,4030.3187793418
NN3-023_TWARP22,1992-03-01,4938.784044229413
NN3-023_TWARP22,1992-04-01,3888.363771372265
NN3-023_TWARP22,1992-05-01,3306.8264516859476
NN3-023_TWARP22,1992-06-01,3600.6548886044957
NN3-023_TWARP22,1992-07-01,3408.936566892542
NN3-023_TWARP22,1992-08-01,3224.9739529209387
NN3-023_TWARP22,1992-09-01,3318.6761150682223
NN3-023_TWARP22,1992-10-01,3600.2991753357273
NN3-023_TWARP22,1992-11-01,3726.4040550968657
NN3-023_TWARP22,1992-12-01,3885.1123463831177
NN3-023_TWARP22,1993-01-01,4026.298191256006
NN3-023_TWARP22,1993-02-01,3918.393307838981
NN3-023_TWARP22,1993-03-01,3937.3234157690626
NN3-024_TWARP23,1990-01-01,9000.0
NN3-024_TWARP23,1990-02-01,6751.051955039176
NN3-024_TWARP23,1990-03-01,7929.379923384544
NN3-024_TWARP23,1990-04-01,7168.312978840784
NN3-024_TWARP23,1990-05-01,7572.990087875664
NN3-024_TWARP23,1990-06-01,5619.661676269089
NN3-024_TWARP23,1990-07-01,4941.848169097688
NN3-024_TWARP23,1990-08-01,5452.57023743726
NN3-024_TWARP23,1990-09-01,6792.276552147236
NN3-024_TWARP23,1990-10-01,9678.894689699213
NN3-024_TWARP23,1990-11-01,8903.923263438972
NN3-024_TWARP23,1990-12-01,4990.504506550793
NN3-024_TWARP23,1991-01-01,8165.798436923573
NN3-024_TWARP23,1991-02-01,7042.561479964877
NN3-024_TWARP23,1991-03-01,5813.3825667209685
NN3-024_TWARP23,1991-04-01,6429.799163670687
NN3-024_TWARP23,1991-05-01,9639.197303814564
NN3-024_TWARP23,1991-06-01,5906.526033871281
NN3-024_TWARP23,1991-07-01,6990.863194907199
NN3-024_TWARP23,1991-08-01,5907.002654368692
NN3-024_TWARP23,1991-09-01,5350.320192572275
NN3-024_TWARP23,1991-10-01,9578.362442712576
NN3-024_TWARP23,1991-11-01,7931.158597826232
NN3-024_TWARP23,1991-12-01,5735.311480849833
NN3-024_TWARP23,1992-01-01,6895.508709955217
NN3-024_TWARP23,1992-02-01,5899.896506319546
NN3-024_TWARP23,1992-03-01,6633.83544621359
NN3-024_TWARP23,1992-04-01,6681.431191423811
NN3-024_TWARP23,1992-05-01,7326.595324948593
NN3-024_TWARP23,1992-06-01,6425.6107378086235
NN3-024_TWARP23,1992-07-01,6143.770031568612
NN3-024_TWARP23,1992-08-01,6713.772346377633
NN3-024_TWARP23,1992-09-01,6219.519217961718
NN3-024_TWARP23,1992-10-01,8472.25068846316
NN3-024_TWARP23,1992-11-01,9763.973803660161
NN3-024_TWARP23,1992-12-01,7890.205520755327
NN3-024_TWARP23,1993-01-01,9027.960870072953
NN3-024_TWARP23,1993-02-01,8846.090452065446
NN3-024_TWARP23,1993-03-01,8412.262745212167
NN3-025_TWARP24,1990-01-01,1500.0
NN3-025_TWARP24,1990-02-01,5853.890940976625
NN3-025_TWARP24,1990-03-01,3691.6738440787394
NN3-025_TWARP24,1990-04-01,4592.675511793888
NN3-025_TWARP24,1990-05-01,1791.9595426750166
NN3-025_TWARP24,1990-06-01,3821.7114672099406
NN3-025_TWARP24,1990-07-01,4690.64134961715
NN3-025_TWARP24,1990-08-01,3777.880789508288
NN3-025_TWARP24,1990-09-01,4886.349700820876
NN3-025_TWARP24,1990-10-01,4504.167553350615
NN3-025_TWARP24,1990-11-01,2882.1462051961785
NN3-025_TWARP24,1990-12-01,3783.0474056723397
NN3-025_TWARP24,1991-01-01,4466.777186352706
NN3-025_TWARP24,1991-02-01,1470.0543268799129
NN3-025_TWARP24,1991-03-01,899.5276046121801
NN3-025_TWARP24,1991-04-01,612.4083885398168
NN3-025_TWARP24,1991-05-01,5032.242278217787
NN3-025_TWARP24,1991-06-01,2704.800824226353
NN3-025_TWARP24,1991-07-01,804.1980381589808
NN3-025_TWARP24,1991-08-01,1134.65489077915
NN3-025_TWARP24,1991-09-01,3121.0318495099546
NN3-025_TWARP24,1991-10-01,2439.0196749990173
NN3-025_TWARP24,1991-11-01,6879.0555724107135
NN3-025_TWARP24,1991-12-01,5124.862000621714
NN3-025_TWARP24,1992-01-01,3445.7254147972385
NN3-025_TWARP24,1992-02-01,8410.832076546361
NN3-025_TWARP24,1992-03-01,1704.3756294626
NN3-025_TWARP24,1992-04-01,1852.5249149226347
NN3-025_TWARP24,1992-05-01,5129.005798378321
NN3-025_TWARP24,1992-06-01,5222.428714502943
NN3-025_TWARP24,1992-07-01,3549.8668719163643
NN3-025_TWARP24,1992-08-01,3645.2651348779946
NN3-025_TWARP24,1992-09-01,3835.732178389929
NN3-025_TWARP24,1992-10-01,4342.592645983653
NN3-025_TWARP24,1992-11-01,3629.36197683874
NN3-025_TWARP24,1992-12-01,2414.781504237501
NN3-025_TWARP24,1993-01-01,821.5296534111067
NN3-025_TWARP24,1993-02-01,950.1007440516761
NN3-025_TWARP24,1993-03-01,3226.9848539442864
NN3-026_TWARP25,1990-01-01,6800.0
NN3-026_TWARP25,1990-02-01,4199.526543243733
NN3-026_TWARP25,1990-03-01,4100.998638316335
NN3-026_TWARP25,1990-04-01,4249.696948053314
NN3-026_TWARP25,1990-05-01,4200.0
NN3-026_TWARP25,1990-06-01,4200.0
NN3-026_TWARP25,1990-07-01,3753.61586102889
NN3-026_TWARP25,1990-08-01,3011.9411670045183
NN3-026_TWARP25,1990-09-01,2171.2079407122865
NN3-026_TWARP25,1990-10-01,3452.9415756529065
NN3-026_TWARP25,1990-11-01,2068.0740861068693
NN3-026_TWARP25,1990-12-01,3651.536877790708
NN3-026_TWARP25,1991-01-01,4496.203879150657
NN3-026_TWARP25,1991-02-01,5840.707672088371
NN3-026_TWARP25,1991-03-01,5084.04500465293
NN3-026_TWARP25,1991-04-01,2745.4824532307653
NN3-026_TWARP25,1991-05-01,3080.4640913822154
NN3-026_TWARP25,1991-06-01,4123.983171062209
NN3-026_TWARP25,1991-07-01,3810.3367352712594
NN3-026_TWARP25,1991-08-01,4406.215643276301
NN3-026_TWARP25,1991-09-01,6026.995492552371
NN3-026_TWARP25,1991-10-01,5203.236101850123
NN3-026_TWARP25,1991-11-01,3301.5043741524887
NN3-026_TWARP25,1991-12-01,3050.0
NN3-026_TWARP25,1992-01-01,4864.499063242372
NN3-026_TWARP25,1992-02-01,3132.6890813385694
NN3-026_TWARP25,1992-03-01,4575.945658218416
NN3-026_TWARP25,1992-04-01,2449.324198727169
NN3-026_TWARP25,1992-05-01,2484.347868016202
NN3-026_TWARP25,1992-06-01,5132.795802803831
NN3-026_TWARP25,1992-07-01,1573.727156043993
NN3-026_TWARP25,1992-08-01,4581.779094654976
NN3-026_TWARP25,1992-09-01,1853.5372810382344
NN3-026_TWARP25,1992-10-01,4667.080218133381
NN3-026_TWARP25,1992-11-01,4639.09253976796
NN3-026_TWARP25,1992-12-01,2615.919735000919
NN3-026_TWARP25,1993-01-01,3469.4578925199357
NN3-026_TWARP25,1993-02-01,1775.6682536886788
NN3-026_TWARP25,1993-03-01,2350.0
NN3-027_TWARP26,1990-01-01,6685.0
NN3-027_TWARP26,1990-02-01,4983.714718883415
NN3-027_TWARP26,1990-03-01,4176.964516925466
NN3-027_TWARP26,1990-04-01,4891.499035042685
NN3-027_TWARP26,1990-05-01,6027.480612779792
NN3-027_TWARP26,1990-06-01,6335.322150918672
NN3-027_TWARP26,1990-07-01,5773.740085585594
NN3-027_TWARP26,1990-08-01,4652.839390925808
NN3-027_TWARP26,1990-09-01,4235.294395322347
NN3-027_TWARP26,1990-10-01,5661.333564074831
NN3-027_TWARP26,1990-11-01,5271.626590253539
NN3-027_TWARP26,1990-12-01,6463.2252433794965
NN3-027_TWARP26,1991-01-01,4552.230049182288
NN3-027_TWARP26,1991-02-01,6085.291547194606
NN3-027_TWARP26,1991-03-01,3540.156986820968
NN3-027_TWARP26,1991-04-01,3445.0
NN3-027_TWARP26,1991-05-01,3619.2805835379645
NN3-027_TWARP26,1991-06-01,3872.3420988489406
NN3-027_TWARP26,1991-07-01,6045.643887973618
NN3-027_TWARP26,1991-08-01,4963.602657816226
NN3-027_TWARP26,1991-09-01,3640.8775237599684
NN3-027_TWARP26,1991-10-01,4060.132267555943
NN3-027_TWARP26,1991-11-01,3977.9648422782357
NN3-027_TWARP26,1991-12-01,4054.833968391272
NN3-027_TWARP26,1992-01-01,4684.636022276069
NN3-027_TWARP26,1992-02-01,4191.862496725985
NN3-027_TWARP26,1992-03-01,3754.1236843886027
NN3-027_TWARP26,1992-04-01,3271.4326726426652
NN3-027_TWARP26,1992-05-01,3289.8658569150916
NN3-027_TWARP26,1992-06-01,4377.430470802146
NN3-027_TWARP26,1992-07-01,3694.966353987298
NN3-027_TWARP26,1992-08-01,3724.3721143764387
NN3-027_TWARP26,1992-09-01,4597.014566757867
NN3-027_TWARP26,1992-10-01,4769.775093348814
NN3-027_TWARP26,1992-11-01,4828.174416367547
NN3-027_TWARP26,1992-12-01,4250.965914388104
NN3-027_TWARP26,1993-01-01,4356.780007442888
NN3-027_TWARP26,1993-02-01,3316.0434945306356
NN3-027_TWARP26,1993-03-01,2908.3765740585186
NN3-028_TWARP27,1990-01-01,7552.0
NN3-028_TWARP27,1990-02-01,6064.137147520584
NN3-028_TWARP27,1990-03-01,6073.672152265073
NN3-028_TWARP27,1990-04-01,6158.238264558816
NN3-028_TWARP27,1990-05-01,5918.173860674002
NN3-028_TWARP27,1990-06-01,5801.213038804623
NN3-028_TWARP27,1990-07-01,5860.053742565498
NN3-028_TWARP27,1990-08-01,5251.925330857354
NN3-028_TWARP27,1990-09-01,5466.281990801008
NN3-028_TWARP27,1990-10-01,6535.736359802411
NN3-028_TWARP27,1990-11-01,7183.169890066237
NN3-028_TWARP27,1990-12-01,5568.278335537535
NN3-028_TWARP27,1991-01-01,7601.601206715955
NN3-028_TWARP27,1991-02-01,5249.441681253344
NN3-028_TWARP27,1991-03-01,5292.39584919938
NN3-028_TWARP27,1991-04-01,6572.5617065488
NN3-028_TWARP27,1991-05-01,6409.200159125206
NN3-028_TWARP27,1991-06-01,5107.276943699528
NN3-028_TWARP27,1991-07-01,6291.991986831598
NN3-028_TWARP27,1991-08-01,5897.84006756884
NN3-028_TWARP27,1991-09-01,5887.267500490668
NN3-028_TWARP27,1991-10-01,6068.624372240494
NN3-028_TWARP27,1991-11-01,6185.057112879226
NN3-028_TWARP27,1991-12-01,6539.704534564865
NN3-028_TWARP27,1992-01-01,6450.555730203597
NN3-028_TWARP27,1992-02-01,5845.200096912047
NN3-028_TWARP27,1992-03-01,6704.502313877124
NN3-028_TWARP27,1992-04-01,5641.486865701273
NN3-028_TWARP27,1992-05-01,6036.287499900285
NN3-028_TWARP27,1992-06-01,6962.723560891588
NN3-028_TWARP27,1992-07-01,6196.920486438597
NN3-028_TWARP27,1992-08-01,6666.573833847231
NN3-028_TWARP27,1992-09-01,5798.039081521525
NN3-028_TWARP27,1992-10-01,7074.868154500284
NN3-028_TWARP27,1992-11-01,6183.9588919017615
NN3-028_TWARP27,1992-12-01,6392.8656662242065
NN3-028_TWARP27,1993-01-01,6527.575877170051
NN3-028_TWARP27,1993-02-01,5538.164359702865
NN3-028_TWARP27,1993-03-01,6788.816799087244
NN3-029_TWARP28,1990-01-01,4550.0
NN3-029_TWARP28,1990-02-01,3283.3471499959983
NN3-029_TWARP28,1990-03-01,4428.498060896075
NN3-029_TWARP28,1990-04-01,6079.511832473346
NN3-029_TWARP28,1990-05-01,5795.603755258394
NN3-029_TWARP28,1990-06-01,6023.4955146230395
NN3-029_TWARP28,1990-07-01,2918.1629381347107
NN3-029_TWARP28,1990-08-01,2594.4878175802355
NN3-029_TWARP28,1990-09-01,2950.8700146497913
NN3-029_TWARP28,1990-10-01,3409.570059351836
NN3-029_TWARP28,1990-11-01,3807.0917265545286
NN3-029_TWARP28,1990-12-01,2746.211188943444
NN3-029_TWARP28,1991-01-01,6281.320632445157
NN3-029_TWARP28,1991-02-01,4691.310794060871
NN3-029_TWARP28,1991-03-01,2169.029886267277
NN3-029_TWARP28,1991-04-01,5938.607276356732
NN3-029_TWARP28,1991-05-01,3869.2461032404267
NN3-029_TWARP28,1991-06-01,3591.7336254705515
NN3-029_TWARP28,1991-07-01,4548.722763009993
NN3-029_TWARP28,1991-08-01,3860.2007010685447
NN3-029_TWARP28,1991-09-01,3805.4982784146077
NN3-029_TWARP28,1991-10-01,3968.467405439266
NN3-029_TWARP28,1991-11-01,4672.143959234229
NN3-029_TWARP28,1991-12-01,4314.338279771372
NN3-029_TWARP28,1992-01-01,3974.90334547129
NN3-029_TWARP28,1992-02-01,3355.538842440338
NN3-029_TWARP28,1992-03-01,3100.1016908252045
NN3-029_TWARP28,1992-04-01,3161.0913916292375
NN3-029_TWARP28,1992-05-01,6057.477414697064
NN3-029_TWARP28,1992-06-01,6314.686999543515
NN3-029_TWARP28,1992-07-01,5273.69331397759
NN3-029_TWARP28,1992-08-01,3117.36463630301
NN3-029_TWARP28,1992-09-01,3177.828729205718
NN3-029_TWARP28,1992-10-01,3231.938292048171
NN3-029_TWARP28,1992-11-01,4203.908535066372
NN3-029_TWARP28,1992-12-01,4413.098624965938
NN3-029_TWARP28,1993-01-01,2348.611561145909
NN3-029_TWARP28,1993-02-01,3681.448414764737
NN3-029_TWARP28,1993-03-01,4800.0
NN3-030_TWARP29,1990-01-01,6300.0
NN3-030_TWARP29,1990-02-01,6022.24659299385
NN3-030_TWARP29,1990-03-01,6694.438675315952
NN3-030_TWARP29,1990-04-01,6113.455032869353
NN3-030_TWARP29,1990-05-01,6626.346853449177
NN3-030_TWARP29,1990-06-01,5786.55214565602
NN3-030_TWARP29,1990-07-01,5492.102910871574
NN3-030_TWARP29,1990-08-01,6565.924222071893
NN3-030_TWARP29,1990-09-01,5503.083841027871
NN3-030_TWARP29,1990-10-01,7118.922464747104
NN3-030_TWARP29,1990-11-01,7213.699662992101
NN3-030_TWARP29,1990-12-01,6470.888545163186
NN3-030_TWARP29,1991-01-01,7840.424179535319
NN3-030_TWARP29,1991-02-01,7070.731637045797
NN3-030_TWARP29,1991-03-01,7230.024362835531
NN3-030_TWARP29,1991-04-01,7192.319713296419
NN3-030_TWARP29,1991-05-01,6504.0
NN3-030_TWARP29,1991-06-01,6465.438164544382
NN3-030_TWARP29,1991-07-01,6272.571057905083
NN3-030_TWARP29,1991-08-01,5993.891689028222
NN3-030_TWARP29,1991-09-01,6830.06468712513
NN3-030_TWARP29,1991-10-01,7430.16765789263
NN3-030_TWARP29,1991-11-01,6783.717105090571
NN3-030_TWARP29,1991-12-01,7553.486350452723
NN3-030_TWARP29,1992-01-01,7386.088955907782
NN3-030_TWARP29,1992-02-01,7372.448299296103
NN3-030_TWARP29,1992-03-01,7290.659646273624
NN3-030_TWARP29,1992-04-01,6774.032721755259
NN3-030_TWARP29,1992-05-01,6834.431242519062
NN3-030_TWARP29,1992-06-01,6979.632429870225
NN3-030_TWARP29,1992-07-01,6290.034838921709
NN3-030_TWARP29,1992-08-01,6766.491411167111
NN3-030_TWARP29,1992-09-01,6602.5805646117005
NN3-030_TWARP29,1992-10-01,6503.261150407203
NN3-030_TWARP29,1992-11-01,7136.394754405575
NN3-030_TWARP29,1992-12-01,7369.993107868167
NN3-030_TWARP29,1993-01-01,7169.168450977987
NN3-030_TWARP29,1993-02-01,7206.177788709272
NN3-030_TWARP29,1993-03-01,7440.0
NN3-031_TWARP30,1990-01-01,1680.0
NN3-031_TWARP30,1990-02-01,1846.0083597443183
NN3-031_TWARP30,1990-03-01,183.2227482536183
NN3-031_TWARP30,1990-04-01,1061.603008006529
NN3-031_TWARP30,1990-05-01,885.3873893366581
NN3-031_TWARP30,1990-06-01,1377.8171107771389
NN3-031_TWARP30,1990-07-01,490.99591658594113
NN3-031_TWARP30,1990-08-01,788.6140113917344
NN3-031_TWARP30,1990-09-01,4046.7363926998414
NN3-031_TWARP30,1990-10-01,1670.0026178609323
NN3-031_TWARP30,1990-11-01,565.6297726788619
NN3-031_TWARP30,1990-12-01,692.3048710107857
NN3-031_TWARP30,1991-01-01,5306.85012969983
NN3-031_TWARP30,1991-02-01,2788.4346235743888
NN3-031_TWARP30,1991-03-01,3551.951338381544
NN3-031_TWARP30,1991-04-01,2585.417214140793
NN3-031_TWARP30,1991-05-01,636.7611735283201
NN3-031_TWARP30,1991-06-01,917.3077349847227
NN3-031_TWARP30,1991-07-01,1111.179342777341
NN3-031_TWARP30,1991-08-01,1080.0
NN3-031_TWARP30,1991-09-01,1080.0
NN3-031_TWARP30,1991-10-01,1965.9715751112562
NN3-031_TWARP30,1991-11-01,492.5845656502138
NN3-031_TWARP30,1991-12-01,1348.1587021410194
NN3-031_TWARP30,1992-01-01,1204.1274137716014
NN3-031_TWARP30,1992-02-01,1601.9493206762127
NN3-031_TWARP30,1992-03-01,2321.899851344179
NN3-031_TWARP30,1992-04-01,752.1627035480034
NN3-031_TWARP30,1992-05-01,1907.8655673250294
NN3-031_TWARP30,1992-06-01,4274.91612444694
NN3-031_TWARP30,1992-07-01,5530.851567474947
NN3-031_TWARP30,1992-08-01,1103.7200232806695
NN3-031_TWARP30,1992-09-01,2156.042329240308
NN3-031_TWARP30,1992-10-01,1544.979788360362
NN3-031_TWARP30,1992-11-01,2667.0479637938515
NN3-031_TWARP30,1992-12-01,1156.1936829045223
NN3-031_TWARP30,1993-01-01,907.1313148185226
NN3-031_TWARP30,1993-02-01,480.0
NN3-032_TWARP31,1990-01-01,7740.0
NN3-032_TWARP31,1990-02-01,4926.773855148906
NN3-032_TWARP31,1990-03-01,4205.60206984276
NN3-032_TWARP31,1990-04-01,6380.114380764206
NN3-032_TWARP31,1990-05-01,5853.054045518374
NN3-032_TWARP31,1990-06-01,5269.054898815227
NN3-032_TWARP31,1990-07-01,4983.004237662632
NN3-032_TWARP31,1990-08-01,3637.0296698155926
NN3-032_TWARP31,1990-09-01,4074.4612726095406
NN3-032_TWARP31,1990-10-01,6341.153053835579
NN3-032_TWARP31,1990-11-01,4415.375534588675
NN3-032_TWARP31,1990-12-01,5479.7382458549255
NN3-032_TWARP31,1991-01-01,6301.17206055336
NN3-032_TWARP31,1991-02-01,5107.788803646357
NN3-032_TWARP31,1991-03-01,3822.095077363905
NN3-032_TWARP31,1991-04-01,7006.472372153182
NN3-032_TWARP31,1991-05-01,6016.073502383473
NN3-032_TWARP31,1991-06-01,4510.095432077738
NN3-032_TWARP31,1991-07-01,5732.0737832666955
NN3-032_TWARP31,1991-08-01,7288.6826356322745
NN3-032_TWARP31,1991-09-01,5963.151564762514
NN3-032_TWARP31,1991-10-01,6153.985715432954
NN3-032_TWARP31,1991-11-01,4852.322757118926
NN3-032_TWARP31,1991-12-01,6621.680383432164
NN3-032_TWARP31,1992-01-01,5622.533659222134
NN3-032_TWARP31,1992-02-01,4764.822296920194
NN3-032_TWARP31,1992-03-01,4763.631297784757
NN3-032_TWARP31,1992-04-01,6546.159007918897
NN3-032_TWARP31,1992-05-01,4827.072596622618
NN3-032_TWARP31,1992-06-01,6365.166757256842
NN3-032_TWARP31,1992-07-01,6342.047591873064
NN3-032_TWARP31,1992-08-01,6082.008586721572
NN3-032_TWARP31,1992-09-01,5583.417580002494
NN3-032_TWARP31,1992-10-01,3602.5698263373997
NN3-032_TWARP31,1992-11-01,4880.458696742485
NN3-032_TWARP31,1992-12-01,5415.1906112981105
NN3-032_TWARP31,1993-01-01,4156.7512516121005
NN3-032_TWARP31,1993-02-01,3590.436004102472
NN3-032_TWARP31,1993-03-01,5160.0
NN3-033_TWARP32,1990-01-01,5430.0
NN3-033_TWARP32,1990-02-01,4372.341536227339
NN3-033_TWARP32,1990-03-01,3180.9664433391345
NN3-033_TWARP32,1990-04-01,5215.321770139167
NN3-033_TWARP32,1990-05-01,4664.325845040134
NN3-033_TWARP32,1990-06-01,4353.2756136419985
NN3-033_TWARP32,1990-07-01,4946.964876497725
NN3-033_TWARP32,1990-08-01,3814.702096649622
NN3-033_TWARP32,1990-09-01,3108.9429416529583
NN3-033_TWARP32,1990-10-01,4911.499538954045
NN3-033_TWARP32,1990-11-01,3833.947247072041
NN3-033_TWARP32,1990-12-01,4832.766902624675
NN3-033_TWARP32,1991-01-01,4651.987013299111
NN3-033_TWARP32,1991-02-01,4952.031250933056
NN3-033_TWARP32,1991-03-01,2912.689526245456
NN3-033_TWARP32,1991-04-01,5188.684197107706
NN3-033_TWARP32,1991-05-01,4244.325860073434
NN3-033_TWARP32,1991-06-01,4925.256700645416
NN3-033_TWARP32,1991-07-01,5354.185458556068
NN3-033_TWARP32,1991-08-01,5053.003487471754
NN3-033_TWARP32,1991-09-01,4776.003312767487
NN3-033_TWARP32,1991-10-01,5481.885707595596
NN3-033_TWARP32,1991-11-01,4480.723604273107
NN3-033_TWARP32,1991-12-01,6116.65611704873
NN3-033_TWARP32,1992-01-01,5144.960772806693
NN3-033_TWARP32,1992-02-01,5137.447578337012
NN3-033_TWARP32,1992-03-01,5431.839500137877
NN3-033_TWARP32,1992-04-01,5144.370900400173
NN3-033_TWARP32,1992-05-01,5134.987605210055
NN3-033_TWARP32,1992-06-01,4644.376910596697
NN3-033_TWARP32,1992-07-01,4831.438542726687
NN3-033_TWARP32,1992-08-01,4770.77612380318
NN3-033_TWARP32,1992-09-01,4488.482072804618
NN3-033_TWARP32,1992-10-01,4643.888937788951
NN3-033_TWARP32,1992-11-01,4005.766043206213
NN3-033_TWARP32,1992-12-01,4488.398881567291
NN3-033_TWARP32,1993-01-01,5227.88196587212
NN3-033_TWARP32,1993-02-01,4018.6326746666355
NN3-033_TWARP32,1993-03-01,4195.5726961057635
NN3-034_TWARP33,1990-01-01,5700.0
NN3-034_TWARP33,1990-02-01,4140.974248772252
NN3-034_TWARP33,1990-03-01,4585.953655116869
NN3-034_TWARP33,1990-04-01,4222.464920720886
NN3-034_TWARP33,1990-05-01,4012.128199216989
NN3-034_TWARP33,1990-06-01,3792.511601757103
NN3-034_TWARP33,1990-07-01,4555.652162902512
NN3-034_TWARP33,1990-08-01,4438.405419803645
NN3-034_TWARP33,1990-09-01,4657.647424058209
NN3-034_TWARP33,1990-10-01,4942.872667183556
NN3-034_TWARP33,1990-11-01,4620.0
NN3-034_TWARP33,1990-12-01,4620.0
NN3-034_TWARP33,1991-01-01,5864.878472982507
NN3-034_TWARP33,1991-02-01,5108.996697172672
NN3-034_TWARP33,1991-03-01,4623.709026006023
NN3-034_TWARP33,1991-04-01,4207.750057238983
NN3-034_TWARP33,1991-05-01,4764.105726131604
NN3-034_TWARP33,1991-06-01,4693.640731038864
NN3-034_TWARP33,1991-07-01,4990.80695038142
NN3-034_TWARP33,1991-08-01,4751.944279237991
NN3-034_TWARP33,1991-09-01,3870.8966707620025
NN3-034_TWARP33,1991-10-01,4457.629616005032
NN3-034_TWARP33,1991-11-01,4085.5136776250033
NN3-034_TWARP33,1991-12-01,4703.541280429853
NN3-034_TWARP33,1992-01-01,5175.072064282056
NN3-034_TWARP33,1992-02-01,3965.4080228381454
NN3-034_TWARP33,1992-03-01,4653.100358356362
NN3-034_TWARP33,1992-04-01,4595.903248034007
NN3-034_TWARP33,1992-05-01,4403.03909870524
NN3-034_TWARP33,1992-06-01,4703.162274800002
NN3-034_TWARP33,1992-07-01,4717.06352858889
NN3-034_TWARP33,1992-08-01,3697.2726840579153
NN3-034_TWARP33,1992-09-01,4441.649026252643
NN3-034_TWARP33,1992-10-01,4591.072785366251
NN3-034_TWARP33,1992-11-01,4383.325308567873
NN3-034_TWARP33,1992-12-01,4862.597203194947
NN3-034_TWARP33,1993-01-01,4431.640857714434
NN3-034_TWARP33,1993-02-01,4028.6927159201086
NN3-034_TWARP33,1993-03-01,4621.588259537579
NN3-035_TWARP34,1990-01-01,3700.0
NN3-035_TWARP34,1990-02-01,2534.4438181968244
NN3-035_TWARP34,1990-03-01,3232.5109165971494
NN3-035_TWARP34,1990-04-01,2585.9253272294477
NN3-035_TWARP34,1990-05-01,3103.1567603442195
NN3-035_TWARP34,1990-06-01,3008.3015497426486
NN3-035_TWARP34,1990-07-01,3780.5044611369076
NN3-035_TWARP34,1990-08-01,3366.232474886715
NN3-035_TWARP34,1990-09-01,3415.274660239459
NN3-035_TWARP34,1990-10-01,3777.3274251432667
NN3-035_TWARP34,1990-11-01,4048.749174867947
NN3-035_TWARP34,1990-12-01,3180.660520459509
NN3-035_TWARP34,1991-01-01,3474.9131789216503
NN3-035_TWARP34,1991-02-01,3658.5260132061367
NN3-035_TWARP34,1991-03-01,2976.5255047010146
NN3-035_TWARP34,1991-04-01,2910.85546844488
NN3-035_TWARP34,1991-05-01,3729.6914210637387
NN3-035_TWARP34,1991-06-01,3414.55240835534
NN3-035_TWARP34,1991-07-01,3813.979571392967
NN3-035_TWARP34,1991-08-01,2693.5320751772033
NN3-035_TWARP34,1991-09-01,2472.533557333644
NN3-035_TWARP34,1991-10-01,2818.6147240139776
NN3-035_TWARP34,1991-11-01,3059.9898374959002
NN3-035_TWARP34,1991-12-01,3670.211266264373
NN3-035_TWARP34,1992-01-01,3621.8723511417975
NN3-035_TWARP34,1992-02-01,3068.27827232942
NN3-035_TWARP34,1992-03-01,2880.0144730468364
NN3-035_TWARP34,1992-04-01,3066.809387278221
NN3-035_TWARP34,1992-05-01,2612.4539872280507
NN3-035_TWARP34,1992-06-01,3186.3191653635454
NN3-035_TWARP34,1992-07-01,2790.0859441280454
NN3-035_TWARP34,1992-08-01,2609.693917659183
NN3-035_TWARP34,1992-09-01,2998.840790080087
NN3-035_TWARP34,1992-10-01,2283.065263452993
NN3-035_TWARP34,1992-11-01,2715.868392116851
NN3-035_TWARP34,1992-12-01,2790.5379692403553
NN3-035_TWARP34,1993-01-01,3048.2297597553247
NN3-035_TWARP34,1993-02-01,2484.676766282995
NN3-035_TWARP34,1993-03-01,3380.0
NN3-036_TWARP35,1990-01-01,6500.0
NN3-036_TWARP35,1990-02-01,5261.528031188042
NN3-036_TWARP35,1990-03-01,5163.2452766940905
NN3-036_TWARP35,1990-04-01,5124.089166762828
NN3-036_TWARP35,1990-05-01,5279.909633231959
NN3-036_TWARP35,1990-06-01,4873.012439437691
NN3-036_TWARP35,1990-07-01,5701.966732213626
NN3-036_TWARP35,1990-08-01,5230.745815855686
NN3-036_TWARP35,1990-09-01,4199.771326327269
NN3-036_TWARP35,1990-10-01,4897.692724299578
NN3-036_TWARP35,1990-11-01,5680.060059961372
NN3-036_TWARP35,1990-12-01,5739.020127084389
NN3-036_TWARP35,1991-01-01,6646.138435321671
NN3-036_TWARP35,1991-02-01,4479.000228218521
NN3-036_TWARP35,1991-03-01,4425.640446545847
NN3-036_TWARP35,1991-04-01,5516.437855249998
NN3-036_TWARP35,1991-05-01,5455.709492785031
NN3-036_TWARP35,1991-06-01,4611.752746014242
NN3-036_TWARP35,1991-07-01,5156.0767236574675
NN3-036_TWARP35,1991-08-01,4600.939469273983
NN3-036_TWARP35,1991-09-01,5309.003685666175
NN3-036_TWARP35,1991-10-01,4505.0915641810225
NN3-036_TWARP35,1991-11-01,4637.715862954824
NN3-036_TWARP35,1991-12-01,5786.3219954374745
NN3-036_TWARP35,1992-01-01,5466.823354771787
NN3-036_TWARP35,1992-02-01,4955.158372961452
NN3-036_TWARP35,1992-03-01,5770.304706498039
NN3-036_TWARP35,1992-04-01,5077.672535881906
NN3-036_TWARP35,1992-05-01,4813.544284236315
NN3-036_TWARP35,1992-06-01,5127.996884696867
NN3-036_TWARP35,1992-07-01,5020.401881647342
NN3-036_TWARP35,1992-08-01,4900.030435865734
NN3-036_TWARP35,1992-09-01,4951.033226278421
NN3-036_TWARP35,1992-10-01,4902.744813978153
NN3-036_TWARP35,1992-11-01,5189.3287252594
NN3-036_TWARP35,1992-12-01,5257.21524255906
NN3-036_TWARP35,1993-01-01,5147.413185405223
NN3-036_TWARP35,1993-02-01,4877.1890194961115
NN3-036_TWARP35,1993-03-01,5330.654774215232
NN3-037_TWARP36,1990-01-01,6950.0
NN3-037_TWARP36,1990-02-01,6659.457770121498
NN3-037_TWARP36,1990-03-01,6885.977115332816
NN3-037_TWARP36,1990-04-01,6298.303005248423
NN3-037_TWARP36,1990-05-01,6843.545542556109
NN3-037_TWARP36,1990-06-01,5134.126498163711
NN3-037_TWARP36,1990-07-01,6754.44837709543
NN3-037_TWARP36,1990-08-01,7265.806630320707
NN3-037_TWARP36,1990-09-01,5580.496897128261
NN3-037_TWARP36,1990-10-01,7400.847500925014
NN3-037_TWARP36,1990-11-01,7051.076195751457
NN3-037_TWARP36,1990-12-01,7552.196831286393
NN3-037_TWARP36,1991-01-01,7137.5123123823105
NN3-037_TWARP36,1991-02-01,5940.0565759915735
NN3-037_TWARP36,1991-03-01,5942.841883940521
NN3-037_TWARP36,1991-04-01,7708.526677209977
NN3-037_TWARP36,1991-05-01,7115.1850666776
NN3-037_TWARP36,1991-06-01,6370.060426043228
NN3-037_TWARP36,1991-07-01,7766.872500012036
NN3-037_TWARP36,1991-08-01,7387.674608420382
NN3-037_TWARP36,1991-09-01,7425.186082913712
NN3-037_TWARP36,1991-10-01,6332.327588390426
NN3-037_TWARP36,1991-11-01,6315.212073841888
NN3-037_TWARP36,1991-12-01,6971.308336868595
NN3-037_TWARP36,1992-01-01,8270.046476940031
NN3-037_TWARP36,1992-02-01,7959.038105140756
NN3-037_TWARP36,1992-03-01,7710.032178121809
NN3-037_TWARP36,1992-04-01,7900.0
NN3-037_TWARP36,1992-05-01,7479.241920505537
NN3-037_TWARP36,1992-06-01,7164.968015981787
NN3-037_TWARP36,1992-07-01,6804.61778992506
NN3-037_TWARP36,1992-08-01,5699.895641193548
NN3-037_TWARP36,1992-09-01,5883.14498223876
NN3-037_TWARP36,1992-10-01,7406.861173808061
NN3-037_TWARP36,1992-11-01,7434.215521684041
NN3-037_TWARP36,1992-12-01,8111.4550502299935
NN3-037_TWARP36,1993-01-01,8699.752120274
NN3-037_TWARP36,1993-02-01,7735.032867736945
NN3-037_TWARP36,1993-03-01,8634.135939957585
NN3-038_TWARP37,1990-01-01,3980.0
NN3-038_TWARP37,1990-02-01,2846.637996995434
NN3-038_TWARP37,1990-03-01,2050.2526386173076
NN3-038_TWARP37,1990-04-01,2818.595683184479
NN3-038_TWARP37,1990-05-01,3025.279292755363
NN3-038_TWARP37,1990-06-01,2661.7103674791315
NN3-038_TWARP37,1990-07-01,2713.5292430304294
NN3-038_TWARP37,1990-08-01,3512.908784719168
NN3-038_TWARP37,1990-09-01,2608.7502636661643
NN3-038_TWARP37,1990-10-01,3333.745142101127
NN3-038_TWARP37,1990-11-01,2516.2071769283402
NN3-038_TWARP37,1990-12-01,2599.7651604036128
NN3-038_TWARP37,1991-01-01,3508.858246295804
NN3-038_TWARP37,1991-02-01,2446.661779310287
NN3-038_TWARP37,1991-03-01,2105.566583706712
NN3-038_TWARP37,1991-04-01,4527.754179579599
NN3-038_TWARP37,1991-05-01,5328.536414752864
NN3-038_TWARP37,1991-06-01,4783.893645539708
NN3-038_TWARP37,1991-07-01,4481.212502928101
NN3-038_TWARP37,1991-08-01,6234.376297627194
NN3-038_TWARP37,1991-09-01,4548.695104994532
NN3-038_TWARP37,1991-10-01,6248.587593134356
NN3-038_TWARP37,1991-11-01,4054.59711503511
NN3-038_TWARP37,1991-12-01,4184.296738777748
NN3-038_TWARP37,1992-01-01,4749.074171363265
NN3-038_TWARP37,1992-02-01,3713.003611180732
NN3-038_TWARP37,1992-03-01,5108.34836636
NN3-038_TWARP37,1992-04-01,4740.58068038001
NN3-038_TWARP37,1992-05-01,4402.294182028731
NN3-038_TWARP37,1992-06-01,5995.991699628368
NN3-038_TWARP37,1992-07-01,5537.89225467719
NN3-038_TWARP37,1992-08-01,4307.429391756959
NN3-038_TWARP37,1992-09-01,4164.285874602859
NN3-038_TWARP37,1992-10-01,4046.1078093033143
NN3-038_TWARP37,1992-11-01,3791.6248947283257
NN3-038_TWARP37,1992-12-01,4185.45031681154
NN3-038_TWARP37,1993-01-01,5150.300545413667
NN3-038_TWARP37,1993-02-01,3202.5880915880516
NN3-038_TWARP37,1993-03-01,3670.0
NN3-039_TWARP38,1990-01-01,4600.0
NN3-039_TWARP38,1990-02-01,3888.7906305925812
NN3-039_TWARP38,1990-03-01,4200.738708694139
NN3-039_TWARP38,1990-04-01,3267.9652376588265
NN3-039_TWARP38,1990-05-01,4334.774958060086
NN3-039_TWARP38,1990-06-01,4646.719891408733
NN3-039_TWARP38,1990-07-01,3662.1874739989626
NN3-039_TWARP38,1990-08-01,4898.661620056506
NN3-039_TWARP38,1990-09-01,4841.381612965527
NN3-039_TWARP38,1990-10-01,4344.54314419318
NN3-039_TWARP38,1990-11-01,4690.9626089757985
NN3-039_TWARP38,1990-12-01,4052.7003952874743
NN3-039_TWARP38,1991-01-01,5260.149548362806
NN3-039_TWARP38,1991-02-01,4415.737872905029
NN3-039_TWARP38,1991-03-01,4156.7047272145055
NN3-039_TWARP38,1991-04-01,4531.694133552991
NN3-039_TWARP38,1991-05-01,4459.233759834401
NN3-039_TWARP38,1991-06-01,4212.661267273006
NN3-039_TWARP38,1991-07-01,4926.144276719402
NN3-039_TWARP38,1991-08-01,5232.966023020604
NN3-039_TWARP38,1991-09-01,4204.101676251868
NN3-039_TWARP38,1991-10-01,4831.541436158207
NN3-039_TWARP38,1991-11-01,4059.255125784899
NN3-039_TWARP38,1991-12-01,4032.4660888766093
NN3-039_TWARP38,1992-01-01,5452.999229371649
NN3-039_TWARP38,1992-02-01,3879.740271536405
NN3-039_TWARP38,1992-03-01,3907.7896823576566
NN3-039_TWARP38,1992-04-01,4763.47891397304
NN3-039_TWARP38,1992-05-01,5329.885904372418
NN3-039_TWARP38,1992-06-01,4331.755832335586
NN3-039_TWARP38,1992-07-01,4528.992739010999
NN3-039_TWARP38,1992-08-01,4483.225651502927
NN3-039_TWARP38,1992-09-01,3971.849218103845
NN3-039_TWARP38,1992-10-01,4755.212892899315
NN3-039_TWARP38,1992-11-01,3931.3242366917975
NN3-039_TWARP38,1992-12-01,3865.858596761006
NN3-039_TWARP38,1993-01-01,3708.1198116248943
NN3-039_TWARP38,1993-02-01,3714.2194008134147
NN3-039_TWARP38,1993-03-01,4440.0
NN3-040_TWARP39,1990-01-01,2832.0
NN3-040_TWARP39,1990-02-01,3616.9366705468224
NN3-040_TWARP39,1990-03-01,3482.508532507993
NN3-040_TWARP39,1990-04-01,3198.9371735555173
NN3-040_TWARP39,1990-05-01,3327.54478178718
NN3-040_TWARP39,1990-06-01,3383.169531116563
NN3-040_TWARP39,1990-07-01,4068.614534591552
NN3-040_TWARP39,1990-08-01,3308.1630884272427
NN3-040_TWARP39,1990-09-01,4112.888168101744
NN3-040_TWARP39,1990-10-01,3924.03511492087
NN3-040_TWARP39,1990-11-01,3657.7685711275963
NN3-040_TWARP39,1990-12-01,2792.925466596168
NN3-040_TWARP39,1991-01-01,3988.37083989174
NN3-040_TWARP39,1991-02-01,2855.56357937521
NN3-040_TWARP39,1991-03-01,3068.0268084714144
NN3-040_TWARP39,1991-04-01,4029.425394763956
NN3-040_TWARP39,1991-05-01,3533.1432207319285
NN3-040_TWARP39,1991-06-01,3339.2859394242073
NN3-040_TWARP39,1991-07-01,3714.174662128777
NN3-040_TWARP39,1991-08-01,3471.6138689569666
NN3-040_TWARP39,1991-09-01,3644.1271041504497
NN3-040_TWARP39,1991-10-01,3590.7109099226686
NN3-040_TWARP39,1991-11-01,3894.8583683665192
NN3-040_TWARP39,1991-12-01,3648.663475171548
NN3-040_TWARP39,1992-01-01,3410.878515759787
NN3-040_TWARP39,1992-02-01,3836.742358669212
NN3-040_TWARP39,1992-03-01,3787.616377388406
NN3-040_TWARP39,1992-04-01,3174.5165294448134
NN3-040_TWARP39,1992-05-01,2995.8224369941768
NN3-040_TWARP39,1992-06-01,3844.1260472020513
NN3-040_TWARP39,1992-07-01,4640.3854947811815
NN3-040_TWARP39,1992-08-01,3512.8020441858666
NN3-040_TWARP39,1992-09-01,3118.0540250856793
NN3-040_TWARP39,1992-10-01,3611.73401086525
NN3-040_TWARP39,1992-11-01,3349.1678670173424
NN3-040_TWARP39,1992-12-01,3640.6395775190826
NN3-040_TWARP39,1993-01-01,3368.356819172383
NN3-040_TWARP39,1993-02-01,3029.9138906914295
NN3-040_TWARP39,1993-03-01,3288.0
NN3-041_TWARP40,1990-01-01,6120.0
NN3-041_TWARP40,1990-02-01,3818.101453183105
NN3-041_TWARP40,1990-03-01,3992.961621144543
NN3-041_TWARP40,1990-04-01,4593.271215586999
NN3-041_TWARP40,1990-05-01,5106.482767710747
NN3-041_TWARP40,1990-06-01,5502.912830771954
NN3-041_TWARP40,1990-07-01,5167.028973746314
NN3-041_TWARP40,1990-08-01,5208.3679897123
NN3-041_TWARP40,1990-09-01,5970.261176349737
NN3-041_TWARP40,1990-10-01,4468.282413912314
NN3-041_TWARP40,1990-11-01,4931.504045375194
NN3-041_TWARP40,1990-12-01,4141.03356515863
NN3-041_TWARP40,1991-01-01,5434.8348326197165
NN3-041_TWARP40,1991-02-01,3286.0242756039247
NN3-041_TWARP40,1991-03-01,4899.087462138121
NN3-041_TWARP40,1991-04-01,5089.888460558486
NN3-041_TWARP40,1991-05-01,5720.8617548978855
NN3-041_TWARP40,1991-06-01,4009.1140449935
NN3-041_TWARP40,1991-07-01,5133.319831212658
NN3-041_TWARP40,1991-08-01,5851.336708469902
NN3-041_TWARP40,1991-09-01,3909.341963442537
NN3-041_TWARP40,1991-10-01,3617.2149433518625
NN3-041_TWARP40,1991-11-01,4420.049143320142
NN3-041_TWARP40,1991-12-01,5153.3046889936495
NN3-041_TWARP40,1992-01-01,4493.126527008932
NN3-041_TWARP40,1992-02-01,3719.387685887735
NN3-041_TWARP40,1992-03-01,6385.709150666895
NN3-041_TWARP40,1992-04-01,4323.259735854195
NN3-041_TWARP40,1992-05-01,4702.185314037943
NN3-041_TWARP40,1992-06-01,5607.134667570065
NN3-041_TWARP40,1992-07-01,4459.052408913402
NN3-041_TWARP40,1992-08-01,5398.741068132953
NN3-041_TWARP40,1992-09-01,3899.588940880075
NN3-041_TWARP40,1992-10-01,5229.511671262747
NN3-041_TWARP40,1992-11-01,5043.634570564458
NN3-041_TWARP40,1992-12-01,4285.200995552841
NN3-041_TWARP40,1993-01-01,4203.257772627505
NN3-041_TWARP40,1993-02-01,4734.7003707215945
NN3-041_TWARP40,1993-03-01,5061.465135184487
NN3-042_TWARP41,1990-01-01,6030.0
NN3-042_TWARP41,1990-02-01,5041.451620863366
NN3-042_TWARP41,1990-03-01,5460.419018865781
NN3-042_TWARP41,1990-04-01,4977.490245536479
NN3-042_TWARP41,1990-05-01,5254.296011085711
NN3-042_TWARP41,1990-06-01,5922.44143162624
NN3-042_TWARP41,1990-07-01,6426.206583054229
NN3-042_TWARP41,1990-08-01,5613.928534945404
NN3-042_TWARP41,1990-09-01,5327.909821045637
NN3-042_TWARP41,1990-10-01,7227.263678526178
NN3-042_TWARP41,1990-11-01,7156.686408045349
NN3-042_TWARP41,1990-12-01,4407.584505522094
NN3-042_TWARP41,1991-01-01,6584.639191474989
NN3-042_TWARP41,1991-02-01,3559.532827040307
NN3-042_TWARP41,1991-03-01,3417.954105194013
NN3-042_TWARP41,1991-04-01,4554.076839715325
NN3-042_TWARP41,1991-05-01,4932.3575103019875
NN3-042_TWARP41,1991-06-01,5541.6774555320935
NN3-042_TWARP41,1991-07-01,6382.459372596163
NN3-042_TWARP41,1991-08-01,6257.598185020683
NN3-042_TWARP41,1991-09-01,5155.647662963606
NN3-042_TWARP41,1991-10-01,4909.119505487068
NN3-042_TWARP41,1991-11-01,5295.55754333382
NN3-042_TWARP41,1991-12-01,5168.588283603812
NN3-042_TWARP41,1992-01-01,5393.90358030037
NN3-042_TWARP41,1992-02-01,5212.252554482597
NN3-042_TWARP41,1992-03-01,5954.110047790036
NN3-042_TWARP41,1992-04-01,6010.153940399293
NN3-042_TWARP41,1992-05-01,5210.481453221437
NN3-042_TWARP41,1992-06-01,5652.303669716281
NN3-042_TWARP41,1992-07-01,5695.822734992713
NN3-042_TWARP41,1992-08-01,6177.4700186409655
NN3-042_TWARP41,1992-09-01,5064.7742136820125
NN3-042_TWARP41,1992-10-01,5885.559799866393
NN3-042_TWARP41,1992-11-01,4955.560973751766
NN3-042_TWARP41,1992-12-01,5046.530958805706
NN3-042_TWARP41,1993-01-01,4414.471121391767
NN3-042_TWARP41,1993-02-01,4489.404584870891
NN3-042_TWARP41,1993-03-01,5760.0
NN3-043_TWARP42,1990-01-01,3120.0
NN3-043_TWARP42,1990-02-01,3006.2502238751013
NN3-043_TWARP42,1990-03-01,2781.370743030217
NN3-043_TWARP42,1990-04-01,1907.1606307612137
NN3-043_TWARP42,1990-05-01,2327.535471270476
NN3-043_TWARP42,1990-06-01,3035.3026116627466
NN3-043_TWARP42,1990-07-01,4410.893947164341
NN3-043_TWARP42,1990-08-01,2572.8506033536773
NN3-043_TWARP42,1990-09-01,2171.6995143062227
NN3-043_TWARP42,1990-10-01,3820.6143821725436
NN3-043_TWARP42,1990-11-01,2858.5969635205292
NN3-043_TWARP42,1990-12-01,2352.3922178511043
NN3-043_TWARP42,1991-01-01,4647.135611405914
NN3-043_TWARP42,1991-02-01,3085.7027530513874
NN3-043_TWARP42,1991-03-01,1307.1378484648894
NN3-043_TWARP42,1991-04-01,2626.172338712522
NN3-043_TWARP42,1991-05-01,2160.0
NN3-043_TWARP42,1991-06-01,2314.6523186092545
NN3-043_TWARP42,1991-07-01,2511.2614703792965
NN3-043_TWARP42,1991-08-01,1978.638170944218
NN3-043_TWARP42,1991-09-01,2520.0
NN3-043_TWARP42,1991-10-01,2657.214317087425
NN3-043_TWARP42,1991-11-01,3009.689271249082
NN3-043_TWARP42,1991-12-01,1785.4544626119061
NN3-043_TWARP42,1992-01-01,2856.2910141263933
NN3-043_TWARP42,1992-02-01,5001.01885435202
NN3-043_TWARP42,1992-03-01,1944.7621117997924
NN3-043_TWARP42,1992-04-01,1370.84369365269
NN3-043_TWARP42,1992-05-01,2659.0219186425443
NN3-043_TWARP42,1992-06-01,3088.494510996164
NN3-043_TWARP42,1992-07-01,3038.2202550539573
NN3-043_TWARP42,1992-08-01,3000.0
NN3-043_TWARP42,1992-09-01,3563.2400698602796
NN3-043_TWARP42,1992-10-01,3232.3439789418367
NN3-043_TWARP42,1992-11-01,2450.548052595748
NN3-043_TWARP42,1992-12-01,2095.0229238924726
NN3-043_TWARP42,1993-01-01,1858.0398182145993
NN3-043_TWARP42,1993-02-01,1220.6054165288401
NN3-043_TWARP42,1993-03-01,1274.2500618698145
NN3-044_TWARP43,1990-01-01,2660.0
NN3-044_TWARP43,1990-02-01,3370.9146127299673
NN3-044_TWARP43,1990-03-01,3042.0760013278596
NN3-044_TWARP43,1990-04-01,1390.3715401831048
NN3-044_TWARP43,1990-05-01,1188.6831001672795
NN3-044_TWARP43,1990-06-01,2381.11529332624
NN3-044_TWARP43,1990-07-01,5487.833457515906
NN3-044_TWARP43,1990-08-01,4181.3763160874305
NN3-044_TWARP43,1990-09-01,1541.829199847299
NN3-044_TWARP43,1990-10-01,2615.4094355408124
NN3-044_TWARP43,1990-11-01,4040.762044956996
NN3-044_TWARP43,1990-12-01,2429.9833127069746
NN3-044_TWARP43,1991-01-01,2850.669427441036
NN3-044_TWARP43,1991-02-01,1806.094065171937
NN3-044_TWARP43,1991-03-01,3825.718172087489
NN3-044_TWARP43,1991-04-01,2450.8270743181483
NN3-044_TWARP43,1991-05-01,2132.540445479832
NN3-044_TWARP43,1991-06-01,1894.7200067290607
NN3-044_TWARP43,1991-07-01,4349.978673511884
NN3-044_TWARP43,1991-08-01,4328.377029649591
NN3-044_TWARP43,1991-09-01,3273.867036789273
NN3-044_TWARP43,1991-10-01,3401.635825948827
NN3-044_TWARP43,1991-11-01,4245.394616303233
NN3-044_TWARP43,1991-12-01,1943.0994048650837
NN3-044_TWARP43,1992-01-01,2222.811295129156
NN3-044_TWARP43,1992-02-01,1852.1830179806364
NN3-044_TWARP43,1992-03-01,2321.0077548315453
NN3-044_TWARP43,1992-04-01,2458.6588783975535
NN3-044_TWARP43,1992-05-01,2586.383870774588
NN3-044_TWARP43,1992-06-01,2926.4894678549863
NN3-044_TWARP43,1992-07-01,4071.6029945925466
NN3-044_TWARP43,1992-08-01,3134.4378199379553
NN3-044_TWARP43,1992-09-01,1984.7025399273089
NN3-044_TWARP43,1992-10-01,1303.4256904889908
NN3-044_TWARP43,1992-11-01,2967.126073295648
NN3-044_TWARP43,1992-12-01,3743.7210383961797
NN3-044_TWARP43,1993-01-01,3377.6317184631803
NN3-044_TWARP43,1993-02-01,2143.670471442006
NN3-044_TWARP43,1993-03-01,6102.649035918647
NN3-045_TWARP44,1990-01-01,2160.0
NN3-045_TWARP44,1990-02-01,1492.4694017928236
NN3-045_TWARP44,1990-03-01,5540.081102357738
NN3-045_TWARP44,1990-04-01,2700.233202155406
NN3-045_TWARP44,1990-05-01,4365.248562696521
NN3-045_TWARP44,1990-06-01,2627.0132771089848
NN3-045_TWARP44,1990-07-01,2625.364690242543
NN3-045_TWARP44,1990-08-01,3402.9476605196196
NN3-045_TWARP44,1990-09-01,2941.7247942494478
NN3-045_TWARP44,1990-10-01,4548.900304521451
NN3-045_TWARP44,1990-11-01,4271.6316533061745
NN3-045_TWARP44,1990-12-01,2546.7833558026387
NN3-045_TWARP44,1991-01-01,4314.260763026942
NN3-045_TWARP44,1991-02-01,2374.81337215572
NN3-045_TWARP44,1991-03-01,1968.9847322220312
NN3-045_TWARP44,1991-04-01,3173.070734309846
NN3-045_TWARP44,1991-05-01,7121.332464420473
NN3-045_TWARP44,1991-06-01,5093.7966227077095
NN3-045_TWARP44,1991-07-01,1342.8444735702556
NN3-045_TWARP44,1991-08-01,3579.0379196397207
NN3-045_TWARP44,1991-09-01,1678.7728680664848
NN3-045_TWARP44,1991-10-01,2760.0
NN3-045_TWARP44,1991-11-01,2920.0998364714196
NN3-045_TWARP44,1991-12-01,3818.909881281984
NN3-045_TWARP44,1992-01-01,3578.521705306174
NN3-045_TWARP44,1992-02-01,1851.9969129673834
NN3-045_TWARP44,1992-03-01,2630.3790696005676
NN3-045_TWARP44,1992-04-01,3402.9817075459105
NN3-045_TWARP44,1992-05-01,2877.4253029887186
NN3-045_TWARP44,1992-06-01,2848.2013427185216
NN3-045_TWARP44,1992-07-01,2942.2874567385793
NN3-045_TWARP44,1992-08-01,1705.5911419068998
NN3-045_TWARP44,1992-09-01,3092.4608624640305
NN3-045_TWARP44,1992-10-01,3798.654356322368
NN3-045_TWARP44,1992-11-01,3445.4837599284333
NN3-045_TWARP44,1992-12-01,2787.5817274083734
NN3-045_TWARP44,1993-01-01,1782.7136587547263
NN3-045_TWARP44,1993-02-01,3838.628029584642
NN3-045_TWARP44,1993-03-01,1440.0
NN3-046_TWARP45,1990-01-01,5050.0
NN3-046_TWARP45,1990-02-01,4665.852740418705
NN3-046_TWARP45,1990-03-01,5594.508280300577
NN3-046_TWARP45,1990-04-01,3812.676122766561
NN3-046_TWARP45,1990-05-01,4092.131583255345
NN3-046_TWARP45,1990-06-01,3892.586807068352
NN3-046_TWARP45,1990-07-01,2963.68548906767
NN3-046_TWARP45,1990-08-01,2539.7918937280656
NN3-046_TWARP45,1990-09-01,3809.0005512870325
NN3-046_TWARP45,1990-10-01,4509.684120831162
NN3-046_TWARP45,1990-11-01,3335.944905016255
NN3-046_TWARP45,1990-12-01,4642.089474379038
NN3-046_TWARP45,1991-01-01,4526.524750021642
NN3-046_TWARP45,1991-02-01,5113.069008908742
NN3-046_TWARP45,1991-03-01,3700.9897356165984
NN3-046_TWARP45,1991-04-01,3847.6014171175025
NN3-046_TWARP45,1991-05-01,3371.197826643915
NN3-046_TWARP45,1991-06-01,3535.4594437251303
NN3-046_TWARP45,1991-07-01,5068.070783625991
NN3-046_TWARP45,1991-08-01,4651.806827025548
NN3-046_TWARP45,1991-09-01,2641.534619370518
NN3-046_TWARP45,1991-10-01,5801.976708610506
NN3-046_TWARP45,1991-11-01,4421.8244475824795
NN3-046_TWARP45,1991-12-01,4252.647851385743
NN3-046_TWARP45,1992-01-01,5330.906119486168
NN3-046_TWARP45,1992-02-01,5408.212055840563
NN3-046_TWARP45,1992-03-01,5567.391157439638
NN3-046_TWARP45,1992-04-01,5140.390624399327
NN3-046_TWARP45,1992-05-01,3685.6225056278777
NN3-046_TWARP45,1992-06-01,2573.3742267492726
NN3-046_TWARP45,1992-07-01,2509.9469767035616
NN3-046_TWARP45,1992-08-01,3654.0033849110637
NN3-046_TWARP45,1992-09-01,4551.165761992239
NN3-046_TWARP45,1992-10-01,5915.365072078539
NN3-046_TWARP45,1992-11-01,5824.125519281997
NN3-046_TWARP45,1992-12-01,3806.900623828733
NN3-046_TWARP45,1993-01-01,5150.0
NN3-046_TWARP45,1993-02-01,4569.6594055339265
NN3-046_TWARP45,1993-03-01,3607.6021355552125
NN3-047_TWARP46,1990-01-01,12050.0
NN3-047_TWARP46,1990-02-01,4779.315248272592
NN3-047_TWARP46,1990-03-01,5419.613639489301
NN3-047_TWARP46,1990-04-01,8413.406062054237
NN3-047_TWARP46,1990-05-01,6600.821191230261
NN3-047_TWARP46,1990-06-01,5462.368934992732
NN3-047_TWARP46,1990-07-01,10244.465872939954
NN3-047_TWARP46,1990-08-01,7117.382500833011
NN3-047_TWARP46,1990-09-01,3855.080216948204
NN3-047_TWARP46,1990-10-01,7459.557760495186
NN3-047_TWARP46,1990-11-01,5322.044702991195
NN3-047_TWARP46,1990-12-01,5543.339974177612
NN3-047_TWARP46,1991-01-01,6923.035422908355
NN3-047_TWARP46,1991-02-01,5892.3304955441545
NN3-047_TWARP46,1991-03-01,8257.905027034687
NN3-047_TWARP46,1991-04-01,7733.008526191123
NN3-047_TWARP46,1991-05-01,6287.998358282268
NN3-047_TWARP46,1991-06-01,6568.75239868553
NN3-047_TWARP46,1991-07-01,5905.0216389837
NN3-047_TWARP46,1991-08-01,6250.16510833116
NN3-047_TWARP46,1991-09-01,4375.347170054202
NN3-047_TWARP46,1991-10-01,4895.481838916432
NN3-047_TWARP46,1991-11-01,7193.775773077337
NN3-047_TWARP46,1991-12-01,7014.598500646085
NN3-047_TWARP46,1992-01-01,5732.718485652213
NN3-047_TWARP46,1992-02-01,4244.99266484853
NN3-047_TWARP46,1992-03-01,3323.115493672534
NN3-047_TWARP46,1992-04-01,3910.4329684613367
NN3-047_TWARP46,1992-05-01,5936.255364603661
NN3-047_TWARP46,1992-06-01,6558.004330354776
NN3-047_TWARP46,1992-07-01,6295.594395249292
NN3-047_TWARP46,1992-08-01,6831.233796511035
NN3-047_TWARP46,1992-09-01,5616.371962868723
NN3-047_TWARP46,1992-10-01,6419.15929387253
NN3-047_TWARP46,1992-11-01,7215.13420000276
NN3-047_TWARP46,1992-12-01,5915.821273570513
NN3-047_TWARP46,1993-01-01,6614.847811409239
NN3-047_TWARP46,1993-02-01,4861.737660288972
NN3-047_TWARP46,1993-03-01,3964.628336096871
NN3-048_TWARP47,1990-01-01,6530.0
NN3-048_TWARP47,1990-02-01,6914.401262199707
NN3-048_TWARP47,1990-03-01,7656.159285919866
NN3-048_TWARP47,1990-04-01,4612.350837776658
NN3-048_TWARP47,1990-05-01,5495.552044601015
NN3-048_TWARP47,1990-06-01,4861.3875868945925
NN3-048_TWARP47,1990-07-01,7092.541073994095
NN3-048_TWARP47,1990-08-01,6011.646493943191
NN3-048_TWARP47,1990-09-01,6287.928765526973
NN3-048_TWARP47,1990-10-01,6658.886711147794
NN3-048_TWARP47,1990-11-01,7573.002968568683
NN3-048_TWARP47,1990-12-01,4511.077742814004
NN3-048_TWARP47,1991-01-01,7497.639877830267
NN3-048_TWARP47,1991-02-01,6253.094375894705
NN3-048_TWARP47,1991-03-01,7183.600596316873
NN3-048_TWARP47,1991-04-01,7001.309809164912
NN3-048_TWARP47,1991-05-01,7257.468104569852
NN3-048_TWARP47,1991-06-01,5799.954511000304
NN3-048_TWARP47,1991-07-01,7259.220808213481
NN3-048_TWARP47,1991-08-01,7366.241423501331
NN3-048_TWARP47,1991-09-01,8365.919835382774
NN3-048_TWARP47,1991-10-01,8386.260284786986
NN3-048_TWARP47,1991-11-01,7342.826689864119
NN3-048_TWARP47,1991-12-01,5392.286923799606
NN3-048_TWARP47,1992-01-01,6190.712523333283
NN3-048_TWARP47,1992-02-01,7262.618499652446
NN3-048_TWARP47,1992-03-01,6523.714784352903
NN3-048_TWARP47,1992-04-01,6192.449755523446
NN3-048_TWARP47,1992-05-01,7280.527539866296
NN3-048_TWARP47,1992-06-01,6858.545422328009
NN3-048_TWARP47,1992-07-01,6774.571687142988
NN3-048_TWARP47,1992-08-01,6112.262285842113
NN3-048_TWARP47,1992-09-01,6539.731736659869
NN3-048_TWARP47,1992-10-01,4880.641304098892
NN3-048_TWARP47,1992-11-01,6444.816341493896
NN3-048_TWARP47,1992-12-01,5680.839373818739
NN3-048_TWARP47,1993-01-01,6237.751753211956
NN3-048_TWARP47,1993-02-01,6505.96011029953
NN3-048_TWARP47,1993-03-01,7750.0
NN3-049_TWARP48,1990-01-01,4200.0
NN3-049_TWARP48,1990-02-01,5047.680775399844
NN3-049_TWARP48,1990-03-01,4330.163982353242
NN3-049_TWARP48,1990-04-01,5371.957252151918
NN3-049_TWARP48,1990-05-01,4456.879167589158
NN3-049_TWARP48,1990-06-01,4244.6661667367935
NN3-049_TWARP48,1990-07-01,4151.918639175304
NN3-049_TWARP48,1990-08-01,2059.921189126327
NN3-049_TWARP48,1990-09-01,2321.5385917661674
NN3-049_TWARP48,1990-10-01,6327.955540302497
NN3-049_TWARP48,1990-11-01,6380.06751646378
NN3-049_TWARP48,1990-12-01,3479.633267418616
NN3-049_TWARP48,1991-01-01,8070.163273172545
NN3-049_TWARP48,1991-02-01,3710.7831816905236
NN3-049_TWARP48,1991-03-01,1899.3165851112014
NN3-049_TWARP48,1991-04-01,5189.42397312611
NN3-049_TWARP48,1991-05-01,6568.2506833705675
NN3-049_TWARP48,1991-06-01,4007.8976189263653
NN3-049_TWARP48,1991-07-01,2577.7290568756907
NN3-049_TWARP48,1991-08-01,2147.4337974795235
NN3-049_TWARP48,1991-09-01,3359.1320665078074
NN3-049_TWARP48,1991-10-01,3177.895757933088
NN3-049_TWARP48,1991-11-01,2501.2520284349253
NN3-049_TWARP48,1991-12-01,3315.427512039944
NN3-049_TWARP48,1992-01-01,2245.02846330808
NN3-049_TWARP48,1992-02-01,4299.437330438435
NN3-049_TWARP48,1992-03-01,1955.919197180438
NN3-049_TWARP48,1992-04-01,4125.220078047792
NN3-049_TWARP48,1992-05-01,2707.4993569484614
NN3-049_TWARP48,1992-06-01,8638.001976768608
NN3-049_TWARP48,1992-07-01,2963.0159913024863
NN3-049_TWARP48,1992-08-01,2188.075076702279
NN3-049_TWARP48,1992-09-01,3535.869766815841
NN3-049_TWARP48,1992-10-01,2700.0
NN3-049_TWARP48,1992-11-01,2977.213869238599
NN3-049_TWARP48,1992-12-01,6135.967173577051
NN3-049_TWARP48,1993-01-01,3945.800073842375
NN3-049_TWARP48,1993-02-01,4800.0
NN3-049_TWARP48,1993-03-01,4800.0
NN3-050_TWARP49,1990-01-01,8300.0
NN3-050_TWARP49,1990-02-01,8163.148089573987
NN3-050_TWARP49,1990-03-01,8380.92290212491
NN3-050_TWARP49,1990-04-01,7297.601136148707
NN3-050_TWARP49,1990-05-01,6971.320520831578
NN3-050_TWARP49,1990-06-01,6753.381854462534
NN3-050_TWARP49,1990-07-01,7207.444090483581
NN3-050_TWARP49,1990-08-01,6865.309789001174
NN3-050_TWARP49,1990-09-01,4305.862624940079
NN3-050_TWARP49,1990-10-01,7085.575164707925
NN3-050_TWARP49,1990-11-01,8021.722837850446
NN3-050_TWARP49,1990-12-01,5710.646051574305
NN3-050_TWARP49,1991-01-01,8486.15296449644
NN3-050_TWARP49,1991-02-01,6851.324765523939
NN3-050_TWARP49,1991-03-01,6077.2213003429815
NN3-050_TWARP49,1991-04-01,7820.198766721862
NN3-050_TWARP49,1991-05-01,5723.644997163234
NN3-050_TWARP49,1991-06-01,5529.953556972429
NN3-050_TWARP49,1991-07-01,6476.424527423827
NN3-050_TWARP49,1991-08-01,5912.819639182139
NN3-050_TWARP49,1991-09-01,6120.405470486292
NN3-050_TWARP49,1991-10-01,6893.5278491382405
NN3-050_TWARP49,1991-11-01,5982.882156256241
NN3-050_TWARP49,1991-12-01,6754.136938766088
NN3-050_TWARP49,1992-01-01,7224.988859669724
NN3-050_TWARP49,1992-02-01,6442.388771828342
NN3-050_TWARP49,1992-03-01,6323.049522789693
NN3-050_TWARP49,1992-04-01,5984.884301541219
NN3-050_TWARP49,1992-05-01,6234.272628676197
NN3-050_TWARP49,1992-06-01,6137.689696152338
NN3-050_TWARP49,1992-07-01,7227.265556835055
NN3-050_TWARP49,1992-08-01,6670.772517962494
NN3-050_TWARP49,1992-09-01,6168.936848986768
NN3-050_TWARP49,1992-10-01,6909.845750205037
NN3-050_TWARP49,1992-11-01,6477.751032631231
NN3-050_TWARP49,1992-12-01,7452.550733439801
NN3-050_TWARP49,1993-01-01,6531.737647313292
NN3-050_TWARP49,1993-02-01,7425.826343163073
NN3-050_TWARP49,1993-03-01,9185.0
NN3-051_TWARP50,1982-01-01,5379.0
NN3-051_TWARP50,1982-02-01,5339.6673057337075
NN3-051_TWARP50,1982-03-01,5927.454395968575
NN3-051_TWARP50,1982-04-01,5629.273557076536
NN3-051_TWARP50,1982-05-01,5592.8788230805585
NN3-051_TWARP50,1982-06-01,5591.498079727002
NN3-051_TWARP50,1982-07-01,5483.867152098401
NN3-051_TWARP50,1982-08-01,4919.969992065064
NN3-051_TWARP50,1982-09-01,4157.298489555608
NN3-051_TWARP50,1982-10-01,3956.819837182611
NN3-051_TWARP50,1982-11-01,4485.805517498571
NN3-051_TWARP50,1982-12-01,5328.476505950728
NN3-051_TWARP50,1983-01-01,5772.2638045648055
NN3-051_TWARP50,1983-02-01,5655.147199894446
NN3-051_TWARP50,1983-03-01,5942.098372397753
NN3-051_TWARP50,1983-04-01,6013.223543611318
NN3-051_TWARP50,1983-05-01,6181.723612840068
NN3-051_TWARP50,1983-06-01,6160.960277372895
NN3-051_TWARP50,1983-07-01,5733.551129045787
NN3-051_TWARP50,1983-08-01,5257.299459263937
NN3-051_TWARP50,1983-09-01,4492.631345353969
NN3-051_TWARP50,1983-10-01,4180.625533241343
NN3-051_TWARP50,1983-11-01,4823.394924632849
NN3-051_TWARP50,1983-12-01,6168.93144831411
NN3-051_TWARP50,1984-01-01,5984.74091465078
NN3-051_TWARP50,1984-02-01,5606.0626230618545
NN3-051_TWARP50,1984-03-01,6064.589978350691
NN3-051_TWARP50,1984-04-01,5995.508465136312
NN3-051_TWARP50,1984-05-01,6355.218185159341
NN3-051_TWARP50,1984-06-01,5744.065527145144
NN3-051_TWARP50,1984-07-01,5464.372856804053
NN3-051_TWARP50,1984-08-01,4938.609111685122
NN3-051_TWARP50,1984-09-01,4181.318529024399
NN3-051_TWARP50,1984-10-01,4223.278699622459
NN3-051_TWARP50,1984-11-01,4595.31101482807
NN3-051_TWARP50,1984-12-01,5246.547439578535
NN3-051_TWARP50,1985-01-01,5421.940010383838
NN3-051_TWARP50,1985-02-01,5105.316028883235
NN3-051_TWARP50,1985-03-01,4912.59882841505
NN3-051_TWARP50,1985-04-01,5025.448929693625
NN3-051_TWARP50,1985-05-01,5083.54954721418
NN3-051_TWARP50,1985-06-01,4555.416621743154
NN3-051_TWARP50,1985-07-01,4141.746710811727
NN3-051_TWARP50,1985-08-01,3881.0920334178977
NN3-051_TWARP50,1985-09-01,3881.1497382246675
NN3-051_TWARP50,1985-10-01,4313.85562784905
NN3-051_TWARP50,1985-11-01,4853.523827075111
NN3-051_TWARP50,1985-12-01,4620.176997763191
NN3-051_TWARP50,1986-01-01,4491.310529599881
NN3-051_TWARP50,1986-02-01,5277.141854308388
NN3-051_TWARP50,1986-03-01,5576.65481510998
NN3-051_TWARP50,1986-04-01,5464.55490416545
NN3-051_TWARP50,1986-05-01,5315.023367605492
NN3-051_TWARP50,1986-06-01,4964.3805433402795
NN3-051_TWARP50,1986-07-01,4435.629338894387
NN3-051_TWARP50,1986-08-01,4228.099059327605
NN3-051_TWARP50,1986-09-01,4252.067249631908
NN3-051_TWARP50,1986-10-01,4506.751741941885
NN3-051_TWARP50,1986-11-01,4998.708753951694
NN3-051_TWARP50,1986-12-01,5121.115888132763
NN3-051_TWARP50,1987-01-01,4547.39532521619
NN3-051_TWARP50,1987-02-01,4499.225325381563
NN3-051_TWARP50,1987-03-01,4499.396957312806
NN3-051_TWARP50,1987-04-01,4665.90372031088
NN3-051_TWARP50,1987-05-01,4451.120792948979
NN3-051_TWARP50,1987-06-01,4097.351120984501
NN3-051_TWARP50,1987-07-01,3848.4535131219927
NN3-051_TWARP50,1987-08-01,3661.2947822782553
NN3-051_TWARP50,1987-09-01,3613.518204799043
NN3-051_TWARP50,1987-10-01,3486.484373439635
NN3-051_TWARP50,1987-11-01,3751.0667830714065
NN3-051_TWARP50,1987-12-01,4296.799694082182
NN3-051_TWARP50,1988-01-01,4175.474349535004
NN3-051_TWARP50,1988-02-01,3850.9180453454687
NN3-051_TWARP50,1988-03-01,3875.5561411390445
NN3-051_TWARP50,1988-04-01,3950.646548866036
NN3-051_TWARP50,1988-05-01,4117.285603956445
NN3-051_TWARP50,1988-06-01,3674.684018978078
NN3-051_TWARP50,1988-07-01,3362.0558156485263
NN3-051_TWARP50,1988-08-01,3282.976628657454
NN3-051_TWARP50,1988-09-01,3222.034731639974
NN3-051_TWARP50,1988-10-01,3091.144256803427
NN3-051_TWARP50,1988-11-01,3712.710796313571
NN3-051_TWARP50,1988-12-01,3989.622321800666
NN3-051_TWARP50,1989-01-01,4185.408042802272
NN3-051_TWARP50,1989-02-01,3741.8200455328756
NN3-051_TWARP50,1989-03-01,4468.293390979485
NN3-051_TWARP50,1989-04-01,4783.455292041498
NN3-051_TWARP50,1989-05-01,5494.37056533669
NN3-051_TWARP50,1989-06-01,5254.462107311083
NN3-051_TWARP50,1989-07-01,4672.584354560626
NN3-051_TWARP50,1989-08-01,4161.545992856675
NN3-051_TWARP50,1989-09-01,3856.0818016895387
NN3-051_TWARP50,1989-10-01,3941.374481760904
NN3-051_TWARP50,1989-11-01,4158.862825882262
NN3-051_TWARP50,1989-12-01,4315.775925537395
NN3-051_TWARP50,1990-01-01,4549.992099189951
NN3-051_TWARP50,1990-02-01,4763.771841221171
NN3-051_TWARP50,1990-03-01,5236.380227341166
NN3-051_TWARP50,1990-04-01,5346.146458277581
NN3-051_TWARP50,1990-05-01,5227.186259364486
NN3-051_TWARP50,1990-06-01,5454.304761595275
NN3-051_TWARP50,1990-07-01,5197.599690727913
NN3-051_TWARP50,1990-08-01,4529.674567793612
NN3-051_TWARP50,1990-09-01,3912.6075529564796
NN3-051_TWARP50,1990-10-01,3506.0865827539997
NN3-051_TWARP50,1990-11-01,3810.6957740428734
NN3-051_TWARP50,1990-12-01,4239.592937968383
NN3-051_TWARP50,1991-01-01,4889.157016777022
NN3-051_TWARP50,1991-02-01,4930.091775476449
NN3-051_TWARP50,1991-03-01,4585.649594113958
NN3-052_TWARP51,1982-01-01,7433.0
NN3-052_TWARP51,1982-02-01,7680.307729982189
NN3-052_TWARP51,1982-03-01,8441.542644695044
NN3-052_TWARP51,1982-04-01,7684.289246649926
NN3-052_TWARP51,1982-05-01,7449.044514482607
NN3-052_TWARP51,1982-06-01,7741.906613996745
NN3-052_TWARP51,1982-07-01,6593.787606663491
NN3-052_TWARP51,1982-08-01,7039.858129691491
NN3-052_TWARP51,1982-09-01,7650.758097837769
NN3-052_TWARP51,1982-10-01,7716.847408453514
NN3-052_TWARP51,1982-11-01,7132.3929420882305
NN3-052_TWARP51,1982-12-01,6908.998685521675
NN3-052_TWARP51,1983-01-01,7430.650692319574
NN3-052_TWARP51,1983-02-01,7605.501619667193
NN3-052_TWARP51,1983-03-01,7600.745606822807
NN3-052_TWARP51,1983-04-01,7944.911423918579
NN3-052_TWARP51,1983-05-01,7983.00014028153
NN3-052_TWARP51,1983-06-01,7779.298429123326
NN3-052_TWARP51,1983-07-01,6972.426717897836
NN3-052_TWARP51,1983-08-01,7301.384171676886
NN3-052_TWARP51,1983-09-01,8198.959499760942
NN3-052_TWARP51,1983-10-01,8278.869526749255
NN3-052_TWARP51,1983-11-01,7940.920474141178
NN3-052_TWARP51,1983-12-01,7661.884234728017
NN3-052_TWARP51,1984-01-01,8088.570103775457
NN3-052_TWARP51,1984-02-01,8583.309460076385
NN3-052_TWARP51,1984-03-01,9210.114154666733
NN3-052_TWARP51,1984-04-01,8942.048652804753
NN3-052_TWARP51,1984-05-01,8807.366988207328
NN3-052_TWARP51,1984-06-01,9178.255602829679
NN3-052_TWARP51,1984-07-01,8340.05122611661
NN3-052_TWARP51,1984-08-01,8582.99026966397
NN3-052_TWARP51,1984-09-01,8794.642889114748
NN3-052_TWARP51,1984-10-01,9274.78569317406
NN3-052_TWARP51,1984-11-01,8705.50604425624
NN3-052_TWARP51,1984-12-01,7980.129344124177
NN3-052_TWARP51,1985-01-01,8826.76935346914
NN3-052_TWARP51,1985-02-01,8814.154754014793
NN3-052_TWARP51,1985-03-01,9198.096339580043
NN3-052_TWARP51,1985-04-01,8834.058110941814
NN3-052_TWARP51,1985-05-01,8449.824271213163
NN3-052_TWARP51,1985-06-01,7745.618498089039
NN3-052_TWARP51,1985-07-01,6670.663640633872
NN3-052_TWARP51,1985-08-01,8061.920899912724
NN3-052_TWARP51,1985-09-01,8409.124488161922
NN3-052_TWARP51,1985-10-01,8770.79484145249
NN3-052_TWARP51,1985-11-01,7711.906249649826
NN3-052_TWARP51,1985-12-01,6948.84758335196
NN3-052_TWARP51,1986-01-01,8069.388817662541
NN3-052_TWARP51,1986-02-01,7992.329280403678
NN3-052_TWARP51,1986-03-01,8461.567221851661
NN3-052_TWARP51,1986-04-01,8035.815278193379
NN3-052_TWARP51,1986-05-01,7517.0676064655445
NN3-052_TWARP51,1986-06-01,7328.2417508518065
NN3-052_TWARP51,1986-07-01,7106.5119542822795
NN3-052_TWARP51,1986-08-01,8038.13205028392
NN3-052_TWARP51,1986-09-01,8265.902495005737
NN3-052_TWARP51,1986-10-01,9072.228186619424
NN3-052_TWARP51,1986-11-01,7611.965277817535
NN3-052_TWARP51,1986-12-01,7591.338836826874
NN3-052_TWARP51,1987-01-01,8404.546722070421
NN3-052_TWARP51,1987-02-01,8304.510622123018
NN3-052_TWARP51,1987-03-01,8829.86752943248
NN3-052_TWARP51,1987-04-01,8381.961301921207
NN3-052_TWARP51,1987-05-01,8476.518515747004
NN3-052_TWARP51,1987-06-01,8298.723997859503
NN3-052_TWARP51,1987-07-01,7948.2586761371595
NN3-052_TWARP51,1987-08-01,8290.058077083764
NN3-052_TWARP51,1987-09-01,8559.27336439215
NN3-052_TWARP51,1987-10-01,9300.558180587763
NN3-052_TWARP51,1987-11-01,8513.742191325999
NN3-052_TWARP51,1987-12-01,8217.58517781835
NN3-052_TWARP51,1988-01-01,8542.192507248808
NN3-052_TWARP51,1988-02-01,8906.501010498436
NN3-052_TWARP51,1988-03-01,9431.377714695353
NN3-052_TWARP51,1988-04-01,9136.893905997502
NN3-052_TWARP51,1988-05-01,8751.23772817084
NN3-052_TWARP51,1988-06-01,8850.2109750218
NN3-052_TWARP51,1988-07-01,8219.741370919715
NN3-052_TWARP51,1988-08-01,8235.164626773567
NN3-052_TWARP51,1988-09-01,9041.716081258233
NN3-052_TWARP51,1988-10-01,9261.839765783241
NN3-052_TWARP51,1988-11-01,9231.43686554094
NN3-052_TWARP51,1988-12-01,8444.490241357327
NN3-052_TWARP51,1989-01-01,8441.027354522743
NN3-052_TWARP51,1989-02-01,9374.649143779565
NN3-052_TWARP51,1989-03-01,9197.75447552586
NN3-052_TWARP51,1989-04-01,9803.253259408282
NN3-052_TWARP51,1989-05-01,9605.514276808888
NN3-052_TWARP51,1989-06-01,9525.338078217388
NN3-052_TWARP51,1989-07-01,9149.69236571994
NN3-052_TWARP51,1989-08-01,7494.358721721905
NN3-052_TWARP51,1989-09-01,8985.069511557094
NN3-052_TWARP51,1989-10-01,8575.18766512056
NN3-052_TWARP51,1989-11-01,9063.610662436955
NN3-052_TWARP51,1989-12-01,8410.719667376998
NN3-052_TWARP51,1990-01-01,7593.0504603953905
NN3-052_TWARP51,1990-02-01,8778.292600111901
NN3-052_TWARP51,1990-03-01,9009.024040017797
NN3-052_TWARP51,1990-04-01,9286.55048043884
NN3-052_TWARP51,1990-05-01,9294.614292254404
NN3-052_TWARP51,1990-06-01,8910.479299154385
NN3-052_TWARP51,1990-07-01,9034.475271628686
NN3-052_TWARP51,1990-08-01,8533.573150220185
NN3-052_TWARP51,1990-09-01,8029.379789249367
NN3-052_TWARP51,1990-10-01,9161.786411925215
NN3-052_TWARP51,1990-11-01,9034.144382094175
NN3-052_TWARP51,1990-12-01,9708.070491317043
NN3-052_TWARP51,1991-01-01,7932.622870681628
NN3-052_TWARP51,1991-02-01,6917.782443477415
NN3-052_TWARP51,1991-03-01,8825.528577965948
NN3-052_TWARP51,1991-04-01,8699.458401765989
NN3-052_TWARP51,1991-05-01,8173.972281392825
NN3-052_TWARP51,1991-06-01,8439.485332032144
NN3-053_TWARP52,1982-01-01,4243.0
NN3-053_TWARP52,1982-02-01,4194.696143670206
NN3-053_TWARP52,1982-03-01,5210.2911536365245
NN3-053_TWARP52,1982-04-01,5338.1076129329
NN3-053_TWARP52,1982-05-01,5566.355103456706
NN3-053_TWARP52,1982-06-01,5523.906984949689
NN3-053_TWARP52,1982-07-01,5076.00042856536
NN3-053_TWARP52,1982-08-01,5473.186134236778
NN3-053_TWARP52,1982-09-01,5522.899637688921
NN3-053_TWARP52,1982-10-01,4956.726471368119
NN3-053_TWARP52,1982-11-01,4461.6451346722615
NN3-053_TWARP52,1982-12-01,4281.362896620809
NN3-053_TWARP52,1983-01-01,4406.615296276048
NN3-053_TWARP52,1983-02-01,5098.841540438024
NN3-053_TWARP52,1983-03-01,5359.203682711474
NN3-053_TWARP52,1983-04-01,5570.065541981486
NN3-053_TWARP52,1983-05-01,5998.629148884692
NN3-053_TWARP52,1983-06-01,5571.31089833436
NN3-053_TWARP52,1983-07-01,5860.863486832238
NN3-053_TWARP52,1983-08-01,6289.001874991705
NN3-053_TWARP52,1983-09-01,6212.328582071294
NN3-053_TWARP52,1983-10-01,5475.194562284225
NN3-053_TWARP52,1983-11-01,5061.771511203467
NN3-053_TWARP52,1983-12-01,5420.103426862509
NN3-053_TWARP52,1984-01-01,5430.426790959682
NN3-053_TWARP52,1984-02-01,6169.56139169778
NN3-053_TWARP52,1984-03-01,6298.95882811427
NN3-053_TWARP52,1984-04-01,6314.573503865881
NN3-053_TWARP52,1984-05-01,6328.0277388411605
NN3-053_TWARP52,1984-06-01,6254.477859123296
NN3-053_TWARP52,1984-07-01,6127.532953924441
NN3-053_TWARP52,1984-08-01,6134.848014967358
NN3-053_TWARP52,1984-09-01,6754.014600188988
NN3-053_TWARP52,1984-10-01,6227.829485408436
NN3-053_TWARP52,1984-11-01,5381.963243776594
NN3-053_TWARP52,1984-12-01,5659.1977808474
NN3-053_TWARP52,1985-01-01,5306.859192782159
NN3-053_TWARP52,1985-02-01,5574.168798189635
NN3-053_TWARP52,1985-03-01,6201.325431446858
NN3-053_TWARP52,1985-04-01,6238.9696774210415
NN3-053_TWARP52,1985-05-01,6265.439369324446
NN3-053_TWARP52,1985-06-01,6063.781265698719
NN3-053_TWARP52,1985-07-01,6024.7422729492555
NN3-053_TWARP52,1985-08-01,6516.8786125794495
NN3-053_TWARP52,1985-09-01,6799.631924071123
NN3-053_TWARP52,1985-10-01,6433.854832069895
NN3-053_TWARP52,1985-11-01,5651.9722345854125
NN3-053_TWARP52,1985-12-01,5508.901778966972
NN3-053_TWARP52,1986-01-01,5623.439580624167
NN3-053_TWARP52,1986-02-01,5231.620672687973
NN3-053_TWARP52,1986-03-01,5771.7219291404
NN3-053_TWARP52,1986-04-01,6108.951559206554
NN3-053_TWARP52,1986-05-01,6103.4889357437405
NN3-053_TWARP52,1986-06-01,6503.531750892093
NN3-053_TWARP52,1986-07-01,5723.792177550013
NN3-053_TWARP52,1986-08-01,6390.9404510990025
NN3-053_TWARP52,1986-09-01,6628.801234695739
NN3-053_TWARP52,1986-10-01,6999.26832337455
NN3-053_TWARP52,1986-11-01,5954.331112814955
NN3-053_TWARP52,1986-12-01,5436.677324573615
NN3-053_TWARP52,1987-01-01,5644.425166176502
NN3-053_TWARP52,1987-02-01,5576.263033661061
NN3-053_TWARP52,1987-03-01,6159.914821406641
NN3-053_TWARP52,1987-04-01,6297.068776388376
NN3-053_TWARP52,1987-05-01,6295.789345452221
NN3-053_TWARP52,1987-06-01,7014.24795503723
NN3-053_TWARP52,1987-07-01,6403.0865348410925
NN3-053_TWARP52,1987-08-01,6205.964713410655
NN3-053_TWARP52,1987-09-01,6802.075512550706
NN3-053_TWARP52,1987-10-01,7360.813668191509
NN3-053_TWARP52,1987-11-01,6654.4220446168165
NN3-053_TWARP52,1987-12-01,6173.077871709035
NN3-053_TWARP52,1988-01-01,5763.485311238899
NN3-053_TWARP52,1988-02-01,5784.484312973727
NN3-053_TWARP52,1988-03-01,6547.677113917965
NN3-053_TWARP52,1988-04-01,6506.605071961714
NN3-053_TWARP52,1988-05-01,6636.251939312996
NN3-053_TWARP52,1988-06-01,7215.408096382321
NN3-053_TWARP52,1988-07-01,6486.620399845376
NN3-053_TWARP52,1988-08-01,6813.0945516583
NN3-053_TWARP52,1988-09-01,7147.784080133755
NN3-053_TWARP52,1988-10-01,7235.70277941892
NN3-053_TWARP52,1988-11-01,6958.242067364474
NN3-053_TWARP52,1988-12-01,6391.909731689097
NN3-053_TWARP52,1989-01-01,6314.031426759454
NN3-053_TWARP52,1989-02-01,5996.860390124806
NN3-053_TWARP52,1989-03-01,6314.39980320019
NN3-053_TWARP52,1989-04-01,6626.383616626382
NN3-053_TWARP52,1989-05-01,6790.2964439383395
NN3-053_TWARP52,1989-06-01,7168.794145095927
NN3-053_TWARP52,1989-07-01,6322.141352225861
NN3-053_TWARP52,1989-08-01,6822.424482666028
NN3-053_TWARP52,1989-09-01,6964.541800137852
NN3-053_TWARP52,1989-10-01,6922.002641261847
NN3-053_TWARP52,1989-11-01,6615.237771367219
NN3-053_TWARP52,1989-12-01,5709.729164165923
NN3-053_TWARP52,1990-01-01,5872.465375358985
NN3-053_TWARP52,1990-02-01,5728.52210918808
NN3-053_TWARP52,1990-03-01,6648.160930673955
NN3-053_TWARP52,1990-04-01,6404.620925718575
NN3-053_TWARP52,1990-05-01,6984.288762071898
NN3-053_TWARP52,1990-06-01,7114.911933111573
NN3-053_TWARP52,1990-07-01,6668.28378263546
NN3-053_TWARP52,1990-08-01,7237.672696767925
NN3-053_TWARP52,1990-09-01,6823.152493670297
NN3-053_TWARP52,1990-10-01,7184.758406978141
NN3-053_TWARP52,1990-11-01,5898.332951930173
NN3-053_TWARP52,1990-12-01,5167.076098004974
NN3-053_TWARP52,1991-01-01,5419.4077085248155
NN3-053_TWARP52,1991-02-01,5475.91782604222
NN3-053_TWARP52,1991-03-01,6075.781783828098
NN3-053_TWARP52,1991-04-01,6480.058629990666
NN3-053_TWARP52,1991-05-01,6899.764043107689
NN3-053_TWARP52,1991-06-01,7156.0
NN3-054_TWARP53,1982-01-01,2478.0
NN3-054_TWARP53,1982-02-01,2833.570589804176
NN3-054_TWARP53,1982-03-01,3694.599501531631
NN3-054_TWARP53,1982-04-01,3734.7534185191103
NN3-054_TWARP53,1982-05-01,3995.429656180729
NN3-054_TWARP53,1982-06-01,3771.111393993022
NN3-054_TWARP53,1982-07-01,2963.885627556148
NN3-054_TWARP53,1982-08-01,2893.6123560685464
NN3-054_TWARP53,1982-09-01,2980.011939706648
NN3-054_TWARP53,1982-10-01,2802.225539711058
NN3-054_TWARP53,1982-11-01,3052.986760880916
NN3-054_TWARP53,1982-12-01,3004.041022200945
NN3-054_TWARP53,1983-01-01,3083.2809609492588
NN3-054_TWARP53,1983-02-01,3975.917441930978
NN3-054_TWARP53,1983-03-01,4184.908333118163
NN3-054_TWARP53,1983-04-01,4219.842917292975
NN3-054_TWARP53,1983-05-01,4380.959893221205
NN3-054_TWARP53,1983-06-01,3795.465428290721
NN3-054_TWARP53,1983-07-01,3616.4941587345493
NN3-054_TWARP53,1983-08-01,4512.15388575447
NN3-054_TWARP53,1983-09-01,4931.576040412886
NN3-054_TWARP53,1983-10-01,4740.2230863693285
NN3-054_TWARP53,1983-11-01,4616.154886447357
NN3-054_TWARP53,1983-12-01,4682.816840498098
NN3-054_TWARP53,1984-01-01,4930.516566855466
NN3-054_TWARP53,1984-02-01,5406.73191340379
NN3-054_TWARP53,1984-03-01,5375.813089850622
NN3-054_TWARP53,1984-04-01,5112.992875938328
NN3-054_TWARP53,1984-05-01,5212.569173405225
NN3-054_TWARP53,1984-06-01,4682.673441177676
NN3-054_TWARP53,1984-07-01,4251.527616688646
NN3-054_TWARP53,1984-08-01,4529.878434170311
NN3-054_TWARP53,1984-09-01,4825.341772372351
NN3-054_TWARP53,1984-10-01,5288.8302886103
NN3-054_TWARP53,1984-11-01,4735.227144771064
NN3-054_TWARP53,1984-12-01,4650.623408226164
NN3-054_TWARP53,1985-01-01,5389.235007239258
NN3-054_TWARP53,1985-02-01,5131.56207326509
NN3-054_TWARP53,1985-03-01,5837.823881229166
NN3-054_TWARP53,1985-04-01,5711.201674850859
NN3-054_TWARP53,1985-05-01,5661.545738934167
NN3-054_TWARP53,1985-06-01,5173.066449432638
NN3-054_TWARP53,1985-07-01,4476.503346300654
NN3-054_TWARP53,1985-08-01,4799.84650177632
NN3-054_TWARP53,1985-09-01,5348.248321012328
NN3-054_TWARP53,1985-10-01,5581.242086749005
NN3-054_TWARP53,1985-11-01,5124.604397845617
NN3-054_TWARP53,1985-12-01,4247.923333159684
NN3-054_TWARP53,1986-01-01,5553.671813579347
NN3-054_TWARP53,1986-02-01,5338.142511363572
NN3-054_TWARP53,1986-03-01,5421.498317423509
NN3-054_TWARP53,1986-04-01,5456.421560274962
NN3-054_TWARP53,1986-05-01,5421.178247647624
NN3-054_TWARP53,1986-06-01,5519.207373341575
NN3-054_TWARP53,1986-07-01,4166.16990441503
NN3-054_TWARP53,1986-08-01,4460.597010573531
NN3-054_TWARP53,1986-09-01,5247.7714463221955
NN3-054_TWARP53,1986-10-01,5648.705816996458
NN3-054_TWARP53,1986-11-01,4800.134494714825
NN3-054_TWARP53,1986-12-01,4321.334681365674
NN3-054_TWARP53,1987-01-01,5318.275851234805
NN3-054_TWARP53,1987-02-01,5491.452496371126
NN3-054_TWARP53,1987-03-01,5954.799249316787
NN3-054_TWARP53,1987-04-01,5477.415687379214
NN3-054_TWARP53,1987-05-01,5400.830392019237
NN3-054_TWARP53,1987-06-01,5168.663660808285
NN3-054_TWARP53,1987-07-01,3729.413516522039
NN3-054_TWARP53,1987-08-01,4267.689076338907
NN3-054_TWARP53,1987-09-01,4933.437211233933
NN3-054_TWARP53,1987-10-01,5745.227482682822
NN3-054_TWARP53,1987-11-01,4987.339507914274
NN3-054_TWARP53,1987-12-01,4186.433658555077
NN3-054_TWARP53,1988-01-01,4713.8009177838185
NN3-054_TWARP53,1988-02-01,5076.259913064548
NN3-054_TWARP53,1988-03-01,5754.454652432872
NN3-054_TWARP53,1988-04-01,5623.187070451588
NN3-054_TWARP53,1988-05-01,5994.072975814355
NN3-054_TWARP53,1988-06-01,5574.348637645177
NN3-054_TWARP53,1988-07-01,3625.2883743752395
NN3-054_TWARP53,1988-08-01,4903.638862474181
NN3-054_TWARP53,1988-09-01,5566.515344231667
NN3-054_TWARP53,1988-10-01,5658.297429817867
NN3-054_TWARP53,1988-11-01,5470.028505024576
NN3-054_TWARP53,1988-12-01,4989.2944585528485
NN3-054_TWARP53,1989-01-01,5471.384415020372
NN3-054_TWARP53,1989-02-01,5369.226264594004
NN3-054_TWARP53,1989-03-01,5587.127531170852
NN3-054_TWARP53,1989-04-01,5772.939574441835
NN3-054_TWARP53,1989-05-01,5758.473530377627
NN3-054_TWARP53,1989-06-01,5020.468504325822
NN3-054_TWARP53,1989-07-01,3243.279218026316
NN3-054_TWARP53,1989-08-01,4968.60469769273
NN3-054_TWARP53,1989-09-01,4947.13271530371
NN3-054_TWARP53,1989-10-01,4911.242812045917
NN3-054_TWARP53,1989-11-01,4719.210392038026
NN3-054_TWARP53,1989-12-01,3648.9848850045655
NN3-054_TWARP53,1990-01-01,3494.949684134043
NN3-054_TWARP53,1990-02-01,4361.221425043976
NN3-054_TWARP53,1990-03-01,5193.476242090029
NN3-054_TWARP53,1990-04-01,4947.640887132906
NN3-054_TWARP53,1990-05-01,5319.2314213906175
NN3-054_TWARP53,1990-06-01,5420.176763591999
NN3-054_TWARP53,1990-07-01,4365.56552353393
NN3-054_TWARP53,1990-08-01,4106.616101975683
NN3-054_TWARP53,1990-09-01,4692.371820367105
NN3-054_TWARP53,1990-10-01,4930.2645066235
NN3-054_TWARP53,1990-11-01,5051.383503349378
NN3-054_TWARP53,1990-12-01,3706.9779486052835
NN3-054_TWARP53,1991-01-01,2890.1763857390083
NN3-054_TWARP53,1991-02-01,3712.105571049545
NN3-054_TWARP53,1991-03-01,3437.6595900006914
NN3-054_TWARP53,1991-04-01,3637.7306886313418
NN3-054_TWARP53,1991-05-01,4130.371929185957
NN3-054_TWARP53,1991-06-01,4534.175279208806
NN3-055_TWARP54,1982-01-01,5683.0
NN3-055_TWARP54,1982-02-01,5441.820249019817
NN3-055_TWARP54,1982-03-01,6656.723726394047
NN3-055_TWARP54,1982-04-01,6879.996851817979
NN3-055_TWARP54,1982-05-01,7203.568082790262
NN3-055_TWARP54,1982-06-01,7070.105644647391
NN3-055_TWARP54,1982-07-01,6992.991822355215
NN3-055_TWARP54,1982-08-01,7605.809376055912
NN3-055_TWARP54,1982-09-01,7467.491305652336
NN3-055_TWARP54,1982-10-01,6499.47369750052
NN3-055_TWARP54,1982-11-01,5522.464870415264
NN3-055_TWARP54,1982-12-01,5558.9615222048105
NN3-055_TWARP54,1983-01-01,5538.827789303159
NN3-055_TWARP54,1983-02-01,6470.986475116633
NN3-055_TWARP54,1983-03-01,6606.744894628977
NN3-055_TWARP54,1983-04-01,7022.245976318917
NN3-055_TWARP54,1983-05-01,7688.276906613061
NN3-055_TWARP54,1983-06-01,7270.789987711408
NN3-055_TWARP54,1983-07-01,7738.095411129894
NN3-055_TWARP54,1983-08-01,7856.3305991676025
NN3-055_TWARP54,1983-09-01,7627.750288348644
NN3-055_TWARP54,1983-10-01,6494.080271486432
NN3-055_TWARP54,1983-11-01,5845.936522176783
NN3-055_TWARP54,1983-12-01,6362.680582749878
NN3-055_TWARP54,1984-01-01,6241.747910334832
NN3-055_TWARP54,1984-02-01,7086.943876585151
NN3-055_TWARP54,1984-03-01,7582.15999465507
NN3-055_TWARP54,1984-04-01,7611.956297883915
NN3-055_TWARP54,1984-05-01,7667.907330796838
NN3-055_TWARP54,1984-06-01,7933.315612393218
NN3-055_TWARP54,1984-07-01,7800.299842886863
NN3-055_TWARP54,1984-08-01,7633.72246826648
NN3-055_TWARP54,1984-09-01,8168.213497722602
NN3-055_TWARP54,1984-10-01,7956.564234763075
NN3-055_TWARP54,1984-11-01,6591.173563854399
NN3-055_TWARP54,1984-12-01,6335.177521475227
NN3-055_TWARP54,1985-01-01,6408.134610919294
NN3-055_TWARP54,1985-02-01,5610.264396627402
NN3-055_TWARP54,1985-03-01,7037.544951723947
NN3-055_TWARP54,1985-04-01,7285.755679608967
NN3-055_TWARP54,1985-05-01,7349.70277064401
NN3-055_TWARP54,1985-06-01,7647.330907778032
NN3-055_TWARP54,1985-07-01,7259.789215764947
NN3-055_TWARP54,1985-08-01,7891.002351203807
NN3-055_TWARP54,1985-09-01,8397.342560233656
NN3-055_TWARP54,1985-10-01,8344.987311293267
NN3-055_TWARP54,1985-11-01,7111.933127801803
NN3-055_TWARP54,1985-12-01,6685.548612401469
NN3-055_TWARP54,1986-01-01,6672.860696222356
NN3-055_TWARP54,1986-02-01,5862.64402624902
NN3-055_TWARP54,1986-03-01,6247.300391390529
NN3-055_TWARP54,1986-04-01,7027.641489844863
NN3-055_TWARP54,1986-05-01,7165.151500851851
NN3-055_TWARP54,1986-06-01,7753.101098647463
NN3-055_TWARP54,1986-07-01,7567.329471627399
NN3-055_TWARP54,1986-08-01,7768.53138518018
NN3-055_TWARP54,1986-09-01,8093.639060801116
NN3-055_TWARP54,1986-10-01,8379.066831956461
NN3-055_TWARP54,1986-11-01,7896.765257253078
NN3-055_TWARP54,1986-12-01,6974.851690343991
NN3-055_TWARP54,1987-01-01,6541.8155626921925
NN3-055_TWARP54,1987-02-01,6305.705388023534
NN3-055_TWARP54,1987-03-01,6715.634589141186
NN3-055_TWARP54,1987-04-01,7335.872381277874
NN3-055_TWARP54,1987-05-01,7489.072604667818
NN3-055_TWARP54,1987-06-01,8444.610067854475
NN3-055_TWARP54,1987-07-01,8511.618456340964
NN3-055_TWARP54,1987-08-01,7973.995429167322
NN3-055_TWARP54,1987-09-01,8497.52658141647
NN3-055_TWARP54,1987-10-01,9075.976866181793
NN3-055_TWARP54,1987-11-01,8099.799119679669
NN3-055_TWARP54,1987-12-01,7693.486508991746
NN3-055_TWARP54,1988-01-01,6700.2875379167535
NN3-055_TWARP54,1988-02-01,6612.056485319714
NN3-055_TWARP54,1988-03-01,7784.725071518327
NN3-055_TWARP54,1988-04-01,7267.004886211616
NN3-055_TWARP54,1988-05-01,7802.449508501721
NN3-055_TWARP54,1988-06-01,8956.409511625614
NN3-055_TWARP54,1988-07-01,8015.083561235037
NN3-055_TWARP54,1988-08-01,8949.019886735296
NN3-055_TWARP54,1988-09-01,8595.368157559564
NN3-055_TWARP54,1988-10-01,8565.849145813316
NN3-055_TWARP54,1988-11-01,7843.343723304333
NN3-055_TWARP54,1988-12-01,7294.326287148868
NN3-055_TWARP54,1989-01-01,6841.704127548601
NN3-055_TWARP54,1989-02-01,6777.28396347087
NN3-055_TWARP54,1989-03-01,7435.201941082889
NN3-055_TWARP54,1989-04-01,7699.341554828121
NN3-055_TWARP54,1989-05-01,8518.043405302593
NN3-055_TWARP54,1989-06-01,8177.349701783423
NN3-055_TWARP54,1989-07-01,8368.590153688436
NN3-055_TWARP54,1989-08-01,8469.384623143456
NN3-055_TWARP54,1989-09-01,8382.229175995719
NN3-055_TWARP54,1989-10-01,8016.362465018725
NN3-055_TWARP54,1989-11-01,7057.5183959230435
NN3-055_TWARP54,1989-12-01,7402.691148644108
NN3-055_TWARP54,1990-01-01,6625.1521785236355
NN3-055_TWARP54,1990-02-01,7760.814916504416
NN3-055_TWARP54,1990-03-01,7509.4454528670485
NN3-055_TWARP54,1990-04-01,8171.490393908441
NN3-055_TWARP54,1990-05-01,8528.19061089168
NN3-055_TWARP54,1990-06-01,8688.592333487075
NN3-055_TWARP54,1990-07-01,8881.765684815446
NN3-055_TWARP54,1990-08-01,8233.721725377927
NN3-055_TWARP54,1990-09-01,8610.621155444293
NN3-055_TWARP54,1990-10-01,7375.3273727536225
NN3-055_TWARP54,1990-11-01,6454.93410287538
NN3-055_TWARP54,1990-12-01,6396.449641350948
NN3-055_TWARP54,1991-01-01,6284.130032026803
NN3-055_TWARP54,1991-02-01,7224.6199593585625
NN3-055_TWARP54,1991-03-01,7614.9901853606425
NN3-055_TWARP54,1991-04-01,7914.032141657017
NN3-055_TWARP54,1991-05-01,8881.795701539639
NN3-055_TWARP54,1991-06-01,8934.0
NN3-056_TWARP55,1982-01-01,5550.0
NN3-056_TWARP55,1982-02-01,5563.2593465259715
NN3-056_TWARP55,1982-03-01,6075.755396474951
NN3-056_TWARP55,1982-04-01,6074.917595331722
NN3-056_TWARP55,1982-05-01,5943.858828559033
NN3-056_TWARP55,1982-06-01,6346.099143237088
NN3-056_TWARP55,1982-07-01,6325.725889083592
NN3-056_TWARP55,1982-08-01,6148.078585547966
NN3-056_TWARP55,1982-09-01,5530.708024306578
NN3-056_TWARP55,1982-10-01,5615.029757454224
NN3-056_TWARP55,1982-11-01,5640.612630663925
NN3-056_TWARP55,1982-12-01,5746.7734306925
NN3-056_TWARP55,1983-01-01,5776.810327562031
NN3-056_TWARP55,1983-02-01,6239.69938723044
NN3-056_TWARP55,1983-03-01,6565.43809712199
NN3-056_TWARP55,1983-04-01,6013.980959916107
NN3-056_TWARP55,1983-05-01,6052.358342718431
NN3-056_TWARP55,1983-06-01,6477.864242733182
NN3-056_TWARP55,1983-07-01,6378.844735027311
NN3-056_TWARP55,1983-08-01,6339.903084496233
NN3-056_TWARP55,1983-09-01,5735.903280013748
NN3-056_TWARP55,1983-10-01,5887.727741258304
NN3-056_TWARP55,1983-11-01,5680.623099624371
NN3-056_TWARP55,1983-12-01,5681.368339145837
NN3-056_TWARP55,1984-01-01,5363.770173889888
NN3-056_TWARP55,1984-02-01,5378.9953655595555
NN3-056_TWARP55,1984-03-01,5944.190677046357
NN3-056_TWARP55,1984-04-01,5956.528383509249
NN3-056_TWARP55,1984-05-01,5958.283155770926
NN3-056_TWARP55,1984-06-01,6337.682499300111
NN3-056_TWARP55,1984-07-01,6253.698958263131
NN3-056_TWARP55,1984-08-01,6443.301395908917
NN3-056_TWARP55,1984-09-01,6040.049336345078
NN3-056_TWARP55,1984-10-01,5792.427661482877
NN3-056_TWARP55,1984-11-01,5753.508196598046
NN3-056_TWARP55,1984-12-01,5725.417725629059
NN3-056_TWARP55,1985-01-01,5629.306868608722
NN3-056_TWARP55,1985-02-01,5585.972415075581
NN3-056_TWARP55,1985-03-01,6123.98877607848
NN3-056_TWARP55,1985-04-01,6599.114034333993
NN3-056_TWARP55,1985-05-01,6417.4715173115355
NN3-056_TWARP55,1985-06-01,6684.478474154605
NN3-056_TWARP55,1985-07-01,6902.136910847766
NN3-056_TWARP55,1985-08-01,6609.661923608846
NN3-056_TWARP55,1985-09-01,6411.990660703668
NN3-056_TWARP55,1985-10-01,5579.705365434072
NN3-056_TWARP55,1985-11-01,5569.0997134459285
NN3-056_TWARP55,1985-12-01,5533.4142257959165
NN3-056_TWARP55,1986-01-01,5826.96940795679
NN3-056_TWARP55,1986-02-01,5567.091825025868
NN3-056_TWARP55,1986-03-01,5918.96798213596
NN3-056_TWARP55,1986-04-01,6335.872108125671
NN3-056_TWARP55,1986-05-01,5986.843022523591
NN3-056_TWARP55,1986-06-01,5950.657125061613
NN3-056_TWARP55,1986-07-01,6267.026528534361
NN3-056_TWARP55,1986-08-01,6570.810313814173
NN3-056_TWARP55,1986-09-01,6530.280842678496
NN3-056_TWARP55,1986-10-01,5742.737824311878
NN3-056_TWARP55,1986-11-01,5754.607335156783
NN3-056_TWARP55,1986-12-01,5779.053352617747
NN3-056_TWARP55,1987-01-01,5709.91105356896
NN3-056_TWARP55,1987-02-01,5740.226364406482
NN3-056_TWARP55,1987-03-01,6299.381856328554
NN3-056_TWARP55,1987-04-01,6472.162655133257
NN3-056_TWARP55,1987-05-01,6375.737758374194
NN3-056_TWARP55,1987-06-01,6518.630506326957
NN3-056_TWARP55,1987-07-01,6847.513337871961
NN3-056_TWARP55,1987-08-01,6952.123938509957
NN3-056_TWARP55,1987-09-01,5882.777312621331
NN3-056_TWARP55,1987-10-01,5896.978477517647
NN3-056_TWARP55,1987-11-01,5787.499825755924
NN3-056_TWARP55,1987-12-01,5684.739112772996
NN3-056_TWARP55,1988-01-01,5690.919259654145
NN3-056_TWARP55,1988-02-01,6274.728846197442
NN3-056_TWARP55,1988-03-01,6283.74871671275
NN3-056_TWARP55,1988-04-01,6250.253547049126
NN3-056_TWARP55,1988-05-01,6672.721182820674
NN3-056_TWARP55,1988-06-01,6869.167680621856
NN3-056_TWARP55,1988-07-01,6791.17436380912
NN3-056_TWARP55,1988-08-01,6090.542635698966
NN3-056_TWARP55,1988-09-01,6091.0863250489265
NN3-056_TWARP55,1988-10-01,5896.108094197784
NN3-056_TWARP55,1988-11-01,5695.035914948162
NN3-056_TWARP55,1988-12-01,5670.453705207774
NN3-056_TWARP55,1989-01-01,6332.390058851844
NN3-056_TWARP55,1989-02-01,6242.245468488265
NN3-056_TWARP55,1989-03-01,6245.934476499483
NN3-056_TWARP55,1989-04-01,6949.280151629471
NN3-056_TWARP55,1989-05-01,6954.731781384931
NN3-056_TWARP55,1989-06-01,7176.218573350294
NN3-056_TWARP55,1989-07-01,6061.6165364926255
NN3-056_TWARP55,1989-08-01,6175.412919190927
NN3-056_TWARP55,1989-09-01,6042.978530095016
NN3-056_TWARP55,1989-10-01,5958.470354812491
NN3-056_TWARP55,1989-11-01,5752.182477986947
NN3-056_TWARP55,1989-12-01,5964.4290419006775
NN3-056_TWARP55,1990-01-01,6337.061292584539
NN3-056_TWARP55,1990-02-01,6184.578720191076
NN3-056_TWARP55,1990-03-01,6085.357362936402
NN3-056_TWARP55,1990-04-01,6683.5638909486115
NN3-056_TWARP55,1990-05-01,6772.865963816652
NN3-056_TWARP55,1990-06-01,7061.765708670022
NN3-056_TWARP55,1990-07-01,6287.543378953364
NN3-056_TWARP55,1990-08-01,6016.618303716383
NN3-056_TWARP55,1990-09-01,5946.630580688452
NN3-056_TWARP55,1990-10-01,5922.03738053207
NN3-056_TWARP55,1990-11-01,5867.713076464634
NN3-056_TWARP55,1990-12-01,5674.819954556269
NN3-056_TWARP55,1991-01-01,5649.862657861805
NN3-056_TWARP55,1991-02-01,5958.204790717162
NN3-056_TWARP55,1991-03-01,6247.264803457804
NN3-056_TWARP55,1991-04-01,6332.4794638937
NN3-056_TWARP55,1991-05-01,6489.594249233535
NN3-056_TWARP55,1991-06-01,6670.0
NN3-057_TWARP56,1982-01-01,6370.0
NN3-057_TWARP56,1982-02-01,6569.355798604301
NN3-057_TWARP56,1982-03-01,7644.524241212714
NN3-057_TWARP56,1982-04-01,6924.07508436015
NN3-057_TWARP56,1982-05-01,6720.958578645155
NN3-057_TWARP56,1982-06-01,6879.5619492698615
NN3-057_TWARP56,1982-07-01,6180.28452340181
NN3-057_TWARP56,1982-08-01,6700.100579111517
NN3-057_TWARP56,1982-09-01,6724.800000820314
NN3-057_TWARP56,1982-10-01,7165.470203115931
NN3-057_TWARP56,1982-11-01,6911.262869618618
NN3-057_TWARP56,1982-12-01,6957.269353145515
NN3-057_TWARP56,1983-01-01,6876.039092014049
NN3-057_TWARP56,1983-02-01,6849.785099034591
NN3-057_TWARP56,1983-03-01,7836.038131678549
NN3-057_TWARP56,1983-04-01,7225.547512320226
NN3-057_TWARP56,1983-05-01,7287.218046890368
NN3-057_TWARP56,1983-06-01,7177.6003471609265
NN3-057_TWARP56,1983-07-01,6579.097238067307
NN3-057_TWARP56,1983-08-01,7215.865837270998
NN3-057_TWARP56,1983-09-01,7245.524136750243
NN3-057_TWARP56,1983-10-01,7524.305969068472
NN3-057_TWARP56,1983-11-01,7365.990384845973
NN3-057_TWARP56,1983-12-01,7199.286282491054
NN3-057_TWARP56,1984-01-01,7156.133613162919
NN3-057_TWARP56,1984-02-01,7453.944857756978
NN3-057_TWARP56,1984-03-01,7812.7402840215445
NN3-057_TWARP56,1984-04-01,7402.508885607459
NN3-057_TWARP56,1984-05-01,7485.036532050663
NN3-057_TWARP56,1984-06-01,7047.085753551327
NN3-057_TWARP56,1984-07-01,6941.152049679727
NN3-057_TWARP56,1984-08-01,7215.1692965793245
NN3-057_TWARP56,1984-09-01,7415.480912843209
NN3-057_TWARP56,1984-10-01,7824.264606759571
NN3-057_TWARP56,1984-11-01,7336.4265773082825
NN3-057_TWARP56,1984-12-01,7078.5995679381585
NN3-057_TWARP56,1985-01-01,6942.116602655106
NN3-057_TWARP56,1985-02-01,7271.093391448331
NN3-057_TWARP56,1985-03-01,7624.203676782995
NN3-057_TWARP56,1985-04-01,7524.833437459198
NN3-057_TWARP56,1985-05-01,7158.8529942662335
NN3-057_TWARP56,1985-06-01,6850.614895359642
NN3-057_TWARP56,1985-07-01,6991.503581079623
NN3-057_TWARP56,1985-08-01,6915.943115558686
NN3-057_TWARP56,1985-09-01,7466.154873370012
NN3-057_TWARP56,1985-10-01,7416.387677414241
NN3-057_TWARP56,1985-11-01,7115.680700083164
NN3-057_TWARP56,1985-12-01,7197.939814200515
NN3-057_TWARP56,1986-01-01,7057.9365312468135
NN3-057_TWARP56,1986-02-01,7453.417685913999
NN3-057_TWARP56,1986-03-01,7704.468721927096
NN3-057_TWARP56,1986-04-01,7456.2700978098665
NN3-057_TWARP56,1986-05-01,7183.924701140551
NN3-057_TWARP56,1986-06-01,7027.364452078573
NN3-057_TWARP56,1986-07-01,6951.826549788357
NN3-057_TWARP56,1986-08-01,7209.090431564306
NN3-057_TWARP56,1986-09-01,7865.461963313601
NN3-057_TWARP56,1986-10-01,7236.147175683587
NN3-057_TWARP56,1986-11-01,7344.125371556719
NN3-057_TWARP56,1986-12-01,7201.822941244776
NN3-057_TWARP56,1987-01-01,6885.433999091898
NN3-057_TWARP56,1987-02-01,7569.043103953701
NN3-057_TWARP56,1987-03-01,7531.755873819511
NN3-057_TWARP56,1987-04-01,7160.167102157105
NN3-057_TWARP56,1987-05-01,7285.099467940722
NN3-057_TWARP56,1987-06-01,7073.834789329504
NN3-057_TWARP56,1987-07-01,7022.558679208945
NN3-057_TWARP56,1987-08-01,7106.755705068502
NN3-057_TWARP56,1987-09-01,7800.253292734696
NN3-057_TWARP56,1987-10-01,7338.786110426878
NN3-057_TWARP56,1987-11-01,7357.868152428417
NN3-057_TWARP56,1987-12-01,7089.822545596535
NN3-057_TWARP56,1988-01-01,7127.677049570051
NN3-057_TWARP56,1988-02-01,7412.856992012459
NN3-057_TWARP56,1988-03-01,7526.601591422539
NN3-057_TWARP56,1988-04-01,7336.317428404504
NN3-057_TWARP56,1988-05-01,7335.657913730621
NN3-057_TWARP56,1988-06-01,6889.600653450338
NN3-057_TWARP56,1988-07-01,7093.193100310751
NN3-057_TWARP56,1988-08-01,7187.732124419755
NN3-057_TWARP56,1988-09-01,7280.897479691404
NN3-057_TWARP56,1988-10-01,7289.570898563865
NN3-057_TWARP56,1988-11-01,7157.132174495065
NN3-057_TWARP56,1988-12-01,7176.750476538416
NN3-057_TWARP56,1989-01-01,7117.271564431285
NN3-057_TWARP56,1989-02-01,7316.136366838669
NN3-057_TWARP56,1989-03-01,7759.019196648549
NN3-057_TWARP56,1989-04-01,7477.263343477443
NN3-057_TWARP56,1989-05-01,7658.831892486496
NN3-057_TWARP56,1989-06-01,7396.241745212561
NN3-057_TWARP56,1989-07-01,7018.935988543219
NN3-057_TWARP56,1989-08-01,7441.241399581965
NN3-057_TWARP56,1989-09-01,7515.431773722946
NN3-057_TWARP56,1989-10-01,7892.764377696709
NN3-057_TWARP56,1989-11-01,7658.609928007345
NN3-057_TWARP56,1989-12-01,7269.882123755213
NN3-057_TWARP56,1990-01-01,7461.718551280913
NN3-057_TWARP56,1990-02-01,7432.465908888448
NN3-057_TWARP56,1990-03-01,7666.173780660447
NN3-057_TWARP56,1990-04-01,7917.43224292393
NN3-057_TWARP56,1990-05-01,7389.152550140372
NN3-057_TWARP56,1990-06-01,7585.405002073585
NN3-057_TWARP56,1990-07-01,7219.554552822774
NN3-057_TWARP56,1990-08-01,6605.951576990876
NN3-057_TWARP56,1990-09-01,6863.764742510974
NN3-057_TWARP56,1990-10-01,6891.937874267233
NN3-057_TWARP56,1990-11-01,7508.605783612933
NN3-057_TWARP56,1990-12-01,7718.3157801939915
NN3-057_TWARP56,1991-01-01,7229.135086354412
NN3-057_TWARP56,1991-02-01,6997.438169556205
NN3-057_TWARP56,1991-03-01,7245.962078854065
NN3-058_TWARP57,1979-01-01,6600.0
NN3-058_TWARP57,1979-02-01,6779.883551747094
NN3-058_TWARP57,1979-03-01,7365.814662219449
NN3-058_TWARP57,1979-04-01,7500.0
NN3-058_TWARP57,1979-05-01,7434.534347963917
NN3-058_TWARP57,1979-06-01,7518.428407232884
NN3-058_TWARP57,1979-07-01,7438.256461080964
NN3-058_TWARP57,1979-08-01,7597.370434907825
NN3-058_TWARP57,1979-09-01,7530.812842640042
NN3-058_TWARP57,1979-10-01,7361.985425871134
NN3-058_TWARP57,1979-11-01,7194.845897538832
NN3-058_TWARP57,1979-12-01,5878.577301359588
NN3-058_TWARP57,1980-01-01,5499.694650384379
NN3-058_TWARP57,1980-02-01,6541.705689461035
NN3-058_TWARP57,1980-03-01,7178.475893295599
NN3-058_TWARP57,1980-04-01,7305.3395524068155
NN3-058_TWARP57,1980-05-01,7047.553264559547
NN3-058_TWARP57,1980-06-01,7175.202898519311
NN3-058_TWARP57,1980-07-01,6800.322540232757
NN3-058_TWARP57,1980-08-01,5809.990194746879
NN3-058_TWARP57,1980-09-01,6289.403896029284
NN3-058_TWARP57,1980-10-01,6914.175050891799
NN3-058_TWARP57,1980-11-01,6313.221181201448
NN3-058_TWARP57,1980-12-01,5170.138992107906
NN3-058_TWARP57,1981-01-01,5614.602174022821
NN3-058_TWARP57,1981-02-01,6483.256451100028
NN3-058_TWARP57,1981-03-01,7180.711508540483
NN3-058_TWARP57,1981-04-01,7071.589660852867
NN3-058_TWARP57,1981-05-01,7113.136628704616
NN3-058_TWARP57,1981-06-01,7441.398530182062
NN3-058_TWARP57,1981-07-01,7600.0
NN3-058_TWARP57,1981-08-01,7005.255063344398
NN3-058_TWARP57,1981-09-01,6775.4878469283585
NN3-058_TWARP57,1981-10-01,6037.125333149565
NN3-058_TWARP57,1981-11-01,5055.35340623915
NN3-058_TWARP57,1981-12-01,5600.0
NN3-058_TWARP57,1982-01-01,5767.6335352276255
NN3-058_TWARP57,1982-02-01,7080.700409444465
NN3-058_TWARP57,1982-03-01,6892.020790887977
NN3-058_TWARP57,1982-04-01,6805.249355336425
NN3-058_TWARP57,1982-05-01,7200.0
NN3-058_TWARP57,1982-06-01,7200.0
NN3-058_TWARP57,1982-07-01,6675.370223490283
NN3-058_TWARP57,1982-08-01,6371.801976527298
NN3-058_TWARP57,1982-09-01,6070.464004226703
NN3-058_TWARP57,1982-10-01,5217.602964834766
NN3-058_TWARP57,1982-11-01,5505.508973239655
NN3-058_TWARP57,1982-12-01,6490.353053750657
NN3-058_TWARP57,1983-01-01,7009.857560145805
NN3-058_TWARP57,1983-02-01,6959.988652047238
NN3-058_TWARP57,1983-03-01,6830.826886954546
NN3-058_TWARP57,1983-04-01,7069.744947642101
NN3-058_TWARP57,1983-05-01,7200.0
NN3-058_TWARP57,1983-06-01,7322.382825747561
NN3-058_TWARP57,1983-07-01,6833.073513648615
NN3-058_TWARP57,1983-08-01,6554.032239998017
NN3-058_TWARP57,1983-09-01,6473.901505355492
NN3-058_TWARP57,1983-10-01,5739.332997429532
NN3-058_TWARP57,1983-11-01,5185.498131465161
NN3-058_TWARP57,1983-12-01,5851.486602036137
NN3-058_TWARP57,1984-01-01,6742.851410729697
NN3-058_TWARP57,1984-02-01,6989.532084688573
NN3-058_TWARP57,1984-03-01,6808.511432210659
NN3-058_TWARP57,1984-04-01,6885.865385611858
NN3-058_TWARP57,1984-05-01,7051.341767420252
NN3-058_TWARP57,1984-06-01,7230.411007967987
NN3-058_TWARP57,1984-07-01,7300.0
NN3-058_TWARP57,1984-08-01,6994.566921760738
NN3-058_TWARP57,1984-09-01,6665.218054341941
NN3-058_TWARP57,1984-10-01,6606.684422726346
NN3-058_TWARP57,1984-11-01,5797.158791738468
NN3-058_TWARP57,1984-12-01,4909.378551486204
NN3-058_TWARP57,1985-01-01,5427.171848607696
NN3-058_TWARP57,1985-02-01,6113.808946647418
NN3-058_TWARP57,1985-03-01,6825.551292108693
NN3-058_TWARP57,1985-04-01,6880.779059114872
NN3-058_TWARP57,1985-05-01,6700.0
NN3-058_TWARP57,1985-06-01,6834.488678193357
NN3-058_TWARP57,1985-07-01,7146.824947217774
NN3-058_TWARP57,1985-08-01,7300.0
NN3-058_TWARP57,1985-09-01,7256.221180169229
NN3-058_TWARP57,1985-10-01,6256.306512737045
NN3-058_TWARP57,1985-11-01,6458.812978253917
NN3-058_TWARP57,1985-12-01,5952.723862118566
NN3-058_TWARP57,1986-01-01,5022.613226341002
NN3-058_TWARP57,1986-02-01,5210.38936713343
NN3-058_TWARP57,1986-03-01,6076.2792560967255
NN3-058_TWARP57,1986-04-01,6656.684596620201
NN3-058_TWARP57,1986-05-01,6704.652467561549
NN3-058_TWARP57,1986-06-01,6467.865022215985
NN3-058_TWARP57,1986-07-01,6465.716628926666
NN3-058_TWARP57,1986-08-01,6899.606990977883
NN3-058_TWARP57,1986-09-01,7200.0
NN3-058_TWARP57,1986-10-01,6671.463631189386
NN3-058_TWARP57,1986-11-01,5986.279750816985
NN3-058_TWARP57,1986-12-01,5816.711232419959
NN3-058_TWARP57,1987-01-01,5075.7115884140185
NN3-058_TWARP57,1987-02-01,5125.431930688915
NN3-058_TWARP57,1987-03-01,6106.274229644561
NN3-058_TWARP57,1987-04-01,7310.876236978729
NN3-058_TWARP57,1987-05-01,6914.64714922159
NN3-058_TWARP57,1987-06-01,6446.544436744577
NN3-058_TWARP57,1987-07-01,6847.265373790672
NN3-058_TWARP57,1987-08-01,7100.0
NN3-058_TWARP57,1987-09-01,4281.8155251663975
NN3-058_TWARP57,1987-10-01,6070.973948275079
NN3-058_TWARP57,1987-11-01,4873.3979283632825
NN3-058_TWARP57,1987-12-01,5478.278736365478
NN3-058_TWARP57,1988-01-01,6000.0
NN3-058_TWARP57,1988-02-01,6000.0
NN3-059_TWARP58,1983-01-01,1211.0
NN3-059_TWARP58,1983-02-01,1324.7056516374664
NN3-059_TWARP58,1983-03-01,1631.3493160132198
NN3-059_TWARP58,1983-04-01,2128.5911306829094
NN3-059_TWARP58,1983-05-01,3364.893513533029
NN3-059_TWARP58,1983-06-01,5491.725158848493
NN3-059_TWARP58,1983-07-01,8387.783804422632
NN3-059_TWARP58,1983-08-01,9399.256227648708
NN3-059_TWARP58,1983-09-01,7604.473284717367
NN3-059_TWARP58,1983-10-01,5350.7020757853115
NN3-059_TWARP58,1983-11-01,3479.8359285002534
NN3-059_TWARP58,1983-12-01,1723.1161547712286
NN3-059_TWARP58,1984-01-01,1154.7374009082005
NN3-059_TWARP58,1984-02-01,1298.4520980153661
NN3-059_TWARP58,1984-03-01,1550.1320110155639
NN3-059_TWARP58,1984-04-01,2048.9821118352124
NN3-059_TWARP58,1984-05-01,2994.263301789926
NN3-059_TWARP58,1984-06-01,4674.254470013336
NN3-059_TWARP58,1984-07-01,7504.266062156701
NN3-059_TWARP58,1984-08-01,9276.755194715774
NN3-059_TWARP58,1984-09-01,7999.483695416374
NN3-059_TWARP58,1984-10-01,5205.788026127651
NN3-059_TWARP58,1984-11-01,3208.8542877940727
NN3-059_TWARP58,1984-12-01,1708.4479588789852
NN3-059_TWARP58,1985-01-01,1278.707248261374
NN3-059_TWARP58,1985-02-01,1205.139874767655
NN3-059_TWARP58,1985-03-01,1558.3575154056894
NN3-059_TWARP58,1985-04-01,2365.067992563142
NN3-059_TWARP58,1985-05-01,3463.2132746124926
NN3-059_TWARP58,1985-06-01,5662.064529429007
NN3-059_TWARP58,1985-07-01,8406.484291613015
NN3-059_TWARP58,1985-08-01,9216.193635721262
NN3-059_TWARP58,1985-09-01,6555.639893277652
NN3-059_TWARP58,1985-10-01,4476.2365685155555
NN3-059_TWARP58,1985-11-01,2333.052984881777
NN3-059_TWARP58,1985-12-01,1411.3916291679125
NN3-059_TWARP58,1986-01-01,1410.395904288232
NN3-059_TWARP58,1986-02-01,1313.0596397383968
NN3-059_TWARP58,1986-03-01,2223.123479286067
NN3-059_TWARP58,1986-04-01,2966.484874451086
NN3-059_TWARP58,1986-05-01,4789.417358820132
NN3-059_TWARP58,1986-06-01,7398.881443955249
NN3-059_TWARP58,1986-07-01,9782.860115165504
NN3-059_TWARP58,1986-08-01,8925.41366659791
NN3-059_TWARP58,1986-09-01,5288.924804852601
NN3-059_TWARP58,1986-10-01,3638.7035090434133
NN3-059_TWARP58,1986-11-01,1894.8918228491577
NN3-059_TWARP58,1986-12-01,1501.4018863441518
NN3-059_TWARP58,1987-01-01,1521.270528053259
NN3-059_TWARP58,1987-02-01,1774.1847852644355
NN3-059_TWARP58,1987-03-01,2591.182603211333
NN3-059_TWARP58,1987-04-01,4176.906632333749
NN3-059_TWARP58,1987-05-01,6467.846618823269
NN3-059_TWARP58,1987-06-01,9079.041400219743
NN3-059_TWARP58,1987-07-01,10047.352147353633
NN3-059_TWARP58,1987-08-01,7496.547878838648
NN3-059_TWARP58,1987-09-01,5475.70215867222
NN3-059_TWARP58,1987-10-01,3138.829651266725
NN3-059_TWARP58,1987-11-01,1677.375219507669
NN3-059_TWARP58,1987-12-01,1411.5663861188925
NN3-059_TWARP58,1988-01-01,1525.1403070122115
NN3-059_TWARP58,1988-02-01,2100.2653679068367
NN3-059_TWARP58,1988-03-01,2769.0911208889966
NN3-059_TWARP58,1988-04-01,4246.662813210105
NN3-059_TWARP58,1988-05-01,7001.01409755147
NN3-059_TWARP58,1988-06-01,9685.451394614553
NN3-059_TWARP58,1988-07-01,10023.517310648765
NN3-059_TWARP58,1988-08-01,7369.348313919214
NN3-059_TWARP58,1988-09-01,5240.723160007064
NN3-059_TWARP58,1988-10-01,3113.7596590226412
NN3-059_TWARP58,1988-11-01,1714.6594529734984
NN3-059_TWARP58,1988-12-01,1466.4058837869284
NN3-059_TWARP58,1989-01-01,1475.0727863945533
NN3-059_TWARP58,1989-02-01,1893.11348087797
NN3-059_TWARP58,1989-03-01,2679.8525435207516
NN3-059_TWARP58,1989-04-01,3906.598922397508
NN3-059_TWARP58,1989-05-01,6031.711198757186
NN3-059_TWARP58,1989-06-01,8516.985507897447
NN3-059_TWARP58,1989-07-01,10209.28821751758
NN3-059_TWARP58,1989-08-01,9385.947027136193
NN3-059_TWARP58,1989-09-01,6339.03869333364
NN3-059_TWARP58,1989-10-01,4758.089641666639
NN3-059_TWARP58,1989-11-01,2457.6298242112966
NN3-059_TWARP58,1989-12-01,1482.896502627193
NN3-059_TWARP58,1990-01-01,1478.5147931854858
NN3-059_TWARP58,1990-02-01,1510.0087034703029
NN3-059_TWARP58,1990-03-01,1985.053337980602
NN3-059_TWARP58,1990-04-01,2759.5334070833405
NN3-059_TWARP58,1990-05-01,3787.798472008586
NN3-059_TWARP58,1990-06-01,5550.599874168714
NN3-059_TWARP58,1990-07-01,8090.039389203763
NN3-059_TWARP58,1990-08-01,9886.524900317823
NN3-059_TWARP58,1990-09-01,9545.356337755047
NN3-059_TWARP58,1990-10-01,6734.080584783707
NN3-059_TWARP58,1990-11-01,4590.209839664267
NN3-059_TWARP58,1990-12-01,2863.7558468594975
NN3-059_TWARP58,1991-01-01,1768.8782709320499
NN3-059_TWARP58,1991-02-01,1386.2072561148902
NN3-059_TWARP58,1991-03-01,1495.0866274983503
NN3-059_TWARP58,1991-04-01,1726.4310454969027
NN3-059_TWARP58,1991-05-01,2062.8115512557597
NN3-059_TWARP58,1991-06-01,2740.3129931317267
NN3-059_TWARP58,1991-07-01,4036.9150271429357
NN3-059_TWARP58,1991-08-01,5898.682155716883
NN3-060_TWARP59,1981-01-01,4738.0
NN3-060_TWARP59,1981-02-01,4816.170842623102
NN3-060_TWARP59,1981-03-01,5853.169759456069
NN3-060_TWARP59,1981-04-01,5504.003311626698
NN3-060_TWARP59,1981-05-01,5662.086622250096
NN3-060_TWARP59,1981-06-01,6048.487559501428
NN3-060_TWARP59,1981-07-01,5772.875510114569
NN3-060_TWARP59,1981-08-01,5454.148432287815
NN3-060_TWARP59,1981-09-01,5297.177798471057
NN3-060_TWARP59,1981-10-01,5015.165871979748
NN3-060_TWARP59,1981-11-01,4801.979481375415
NN3-060_TWARP59,1981-12-01,4895.346121219013
NN3-060_TWARP59,1982-01-01,4833.220115764961
NN3-060_TWARP59,1982-02-01,5169.6226441282115
NN3-060_TWARP59,1982-03-01,5393.727749052643
NN3-060_TWARP59,1982-04-01,5341.430293366399
NN3-060_TWARP59,1982-05-01,5604.791122614006
NN3-060_TWARP59,1982-06-01,5443.412888509631
NN3-060_TWARP59,1982-07-01,5306.852280807087
NN3-060_TWARP59,1982-08-01,5469.162379885741
NN3-060_TWARP59,1982-09-01,5258.05662894749
NN3-060_TWARP59,1982-10-01,5012.206966103264
NN3-060_TWARP59,1982-11-01,4518.708908871631
NN3-060_TWARP59,1982-12-01,4374.6910471773235
NN3-060_TWARP59,1983-01-01,4593.647403656989
NN3-060_TWARP59,1983-02-01,4391.16250423914
NN3-060_TWARP59,1983-03-01,5249.154395886449
NN3-060_TWARP59,1983-04-01,4993.376245156946
NN3-060_TWARP59,1983-05-01,5327.042870224469
NN3-060_TWARP59,1983-06-01,5442.077248943509
NN3-060_TWARP59,1983-07-01,5254.7458610098565
NN3-060_TWARP59,1983-08-01,5679.021472749664
NN3-060_TWARP59,1983-09-01,5261.922554215386
NN3-060_TWARP59,1983-10-01,4824.916787315263
NN3-060_TWARP59,1983-11-01,4355.336980109706
NN3-060_TWARP59,1983-12-01,3906.1858126390507
NN3-060_TWARP59,1984-01-01,4154.7664796319295
NN3-060_TWARP59,1984-02-01,4613.63338177329
NN3-060_TWARP59,1984-03-01,4763.261030145975
NN3-060_TWARP59,1984-04-01,4903.83899514691
NN3-060_TWARP59,1984-05-01,4828.335210706442
NN3-060_TWARP59,1984-06-01,5063.586059939241
NN3-060_TWARP59,1984-07-01,5274.624266655345
NN3-060_TWARP59,1984-08-01,5352.495135713222
NN3-060_TWARP59,1984-09-01,5667.217324043338
NN3-060_TWARP59,1984-10-01,4580.714666719931
NN3-060_TWARP59,1984-11-01,4996.497151072546
NN3-060_TWARP59,1984-12-01,4343.260829584868
NN3-060_TWARP59,1985-01-01,3888.2956281555926
NN3-060_TWARP59,1985-02-01,4416.137288626186
NN3-060_TWARP59,1985-03-01,4002.199001208447
NN3-060_TWARP59,1985-04-01,3895.0529330776208
NN3-060_TWARP59,1985-05-01,4626.677079191142
NN3-060_TWARP59,1985-06-01,4908.484790762185
NN3-060_TWARP59,1985-07-01,4948.302584572765
NN3-060_TWARP59,1985-08-01,5134.276896761615
NN3-060_TWARP59,1985-09-01,5141.812786528846
NN3-060_TWARP59,1985-10-01,4763.970193181086
NN3-060_TWARP59,1985-11-01,4755.1087185103415
NN3-060_TWARP59,1985-12-01,4131.2949217358755
NN3-060_TWARP59,1986-01-01,3847.52616885183
NN3-060_TWARP59,1986-02-01,4409.760958940948
NN3-060_TWARP59,1986-03-01,4288.294193332287
NN3-060_TWARP59,1986-04-01,4597.4058032305875
NN3-060_TWARP59,1986-05-01,5139.816112951903
NN3-060_TWARP59,1986-06-01,4988.874601818959
NN3-060_TWARP59,1986-07-01,5224.643138802586
NN3-060_TWARP59,1986-08-01,5188.026821891111
NN3-060_TWARP59,1986-09-01,4897.927921809475
NN3-060_TWARP59,1986-10-01,4739.933808362183
NN3-060_TWARP59,1986-11-01,4503.085515532911
NN3-060_TWARP59,1986-12-01,4070.734200883182
NN3-060_TWARP59,1987-01-01,4245.024650144309
NN3-060_TWARP59,1987-02-01,4341.928616724208
NN3-060_TWARP59,1987-03-01,4838.401909952734
NN3-060_TWARP59,1987-04-01,5046.9545961915155
NN3-060_TWARP59,1987-05-01,5048.88446647585
NN3-060_TWARP59,1987-06-01,5316.966304270651
NN3-060_TWARP59,1987-07-01,5097.717090294388
NN3-060_TWARP59,1987-08-01,4784.201436288523
NN3-060_TWARP59,1987-09-01,4682.441334245957
NN3-060_TWARP59,1987-10-01,4156.132844682157
NN3-060_TWARP59,1987-11-01,3984.1520524455773
NN3-060_TWARP59,1987-12-01,4347.049352589632
NN3-060_TWARP59,1988-01-01,4224.02175265164
NN3-060_TWARP59,1988-02-01,4577.785305588446
NN3-060_TWARP59,1988-03-01,4922.714135273814
NN3-060_TWARP59,1988-04-01,5067.518295950394
NN3-060_TWARP59,1988-05-01,5121.775075552895
NN3-060_TWARP59,1988-06-01,5045.935269952572
NN3-060_TWARP59,1988-07-01,4960.863902859877
NN3-060_TWARP59,1988-08-01,4703.416195807508
NN3-060_TWARP59,1988-09-01,4337.807568695146
NN3-060_TWARP59,1988-10-01,4071.669749508879
NN3-060_TWARP59,1988-11-01,4385.282896572721
NN3-060_TWARP59,1988-12-01,4304.637851027345
NN3-060_TWARP59,1989-01-01,4918.818485598802
NN3-060_TWARP59,1989-02-01,4968.906955271347
NN3-060_TWARP59,1989-03-01,5221.111729622526
NN3-060_TWARP59,1989-04-01,5373.285100011012
NN3-060_TWARP59,1989-05-01,4818.3135857960915
NN3-060_TWARP59,1989-06-01,5232.935613739839
NN3-060_TWARP59,1989-07-01,4578.849380330732
NN3-060_TWARP59,1989-08-01,4720.617163932103
NN3-060_TWARP59,1989-09-01,4238.838654210915
NN3-060_TWARP59,1989-10-01,4164.245792739112
NN3-060_TWARP59,1989-11-01,4437.454322816672
NN3-060_TWARP59,1989-12-01,4281.954812900836
NN3-060_TWARP59,1990-01-01,5024.425105930154
NN3-060_TWARP59,1990-02-01,4894.369018905565
NN3-060_TWARP59,1990-03-01,5350.374415677725
NN3-060_TWARP59,1990-04-01,5070.586901690951
NN3-060_TWARP59,1990-05-01,5045.0
NN3-060_TWARP59,1990-06-01,5045.0
NN3-061_TWARP60,1981-01-01,3959.0
NN3-061_TWARP60,1981-02-01,3734.721120819822
NN3-061_TWARP60,1981-03-01,5159.74315534076
NN3-061_TWARP60,1981-04-01,5404.074824118016
NN3-061_TWARP60,1981-05-01,5235.053243891835
NN3-061_TWARP60,1981-06-01,6372.720792011608
NN3-061_TWARP60,1981-07-01,6364.69284155315
NN3-061_TWARP60,1981-08-01,5637.0641872554625
NN3-061_TWARP60,1981-09-01,4787.859563100406
NN3-061_TWARP60,1981-10-01,4581.595670277152
NN3-061_TWARP60,1981-11-01,4457.4566341101645
NN3-061_TWARP60,1981-12-01,4408.784726706935
NN3-061_TWARP60,1982-01-01,3735.3106081261467
NN3-061_TWARP60,1982-02-01,4212.376351981566
NN3-061_TWARP60,1982-03-01,5286.8879418557635
NN3-061_TWARP60,1982-04-01,5197.491994504446
NN3-061_TWARP60,1982-05-01,5740.803054544905
NN3-061_TWARP60,1982-06-01,6292.999159273496
NN3-061_TWARP60,1982-07-01,5744.814935794945
NN3-061_TWARP60,1982-08-01,6004.319153029927
NN3-061_TWARP60,1982-09-01,5188.498810794978
NN3-061_TWARP60,1982-10-01,4888.326496034514
NN3-061_TWARP60,1982-11-01,4489.267792437341
NN3-061_TWARP60,1982-12-01,4419.31674418344
NN3-061_TWARP60,1983-01-01,4532.3851732956
NN3-061_TWARP60,1983-02-01,3548.6359511415676
NN3-061_TWARP60,1983-03-01,5181.301486394085
NN3-061_TWARP60,1983-04-01,5128.58748390597
NN3-061_TWARP60,1983-05-01,5859.822109673089
NN3-061_TWARP60,1983-06-01,6528.574234748049
NN3-061_TWARP60,1983-07-01,6246.847821299918
NN3-061_TWARP60,1983-08-01,6554.235474188755
NN3-061_TWARP60,1983-09-01,5873.339815201991
NN3-061_TWARP60,1983-10-01,4958.31324443491
NN3-061_TWARP60,1983-11-01,4510.820385985865
NN3-061_TWARP60,1983-12-01,4066.3349930711397
NN3-061_TWARP60,1984-01-01,4053.474799222482
NN3-061_TWARP60,1984-02-01,4460.085300739857
NN3-061_TWARP60,1984-03-01,4637.914927059384
NN3-061_TWARP60,1984-04-01,4881.625085975439
NN3-061_TWARP60,1984-05-01,5269.250162324045
NN3-061_TWARP60,1984-06-01,5813.508011949636
NN3-061_TWARP60,1984-07-01,6319.598940587949
NN3-061_TWARP60,1984-08-01,6613.901960478955
NN3-061_TWARP60,1984-09-01,5781.073521675757
NN3-061_TWARP60,1984-10-01,5039.608574406654
NN3-061_TWARP60,1984-11-01,4836.494353209544
NN3-061_TWARP60,1984-12-01,4183.824242819379
NN3-061_TWARP60,1985-01-01,4150.416649931202
NN3-061_TWARP60,1985-02-01,4320.970126091953
NN3-061_TWARP60,1985-03-01,4182.388362592535
NN3-061_TWARP60,1985-04-01,4809.7577349704525
NN3-061_TWARP60,1985-05-01,5664.800698281476
NN3-061_TWARP60,1985-06-01,5848.2023536975385
NN3-061_TWARP60,1985-07-01,6097.73858153954
NN3-061_TWARP60,1985-08-01,6145.428707672166
NN3-061_TWARP60,1985-09-01,5531.33306337563
NN3-061_TWARP60,1985-10-01,4839.977005052698
NN3-061_TWARP60,1985-11-01,4612.999641344964
NN3-061_TWARP60,1985-12-01,4020.8247453595372
NN3-061_TWARP60,1986-01-01,4018.868886630636
NN3-061_TWARP60,1986-02-01,4225.504708809312
NN3-061_TWARP60,1986-03-01,4325.7252299155425
NN3-061_TWARP60,1986-04-01,5295.057771886205
NN3-061_TWARP60,1986-05-01,6076.06420916064
NN3-061_TWARP60,1986-06-01,5874.445918859979
NN3-061_TWARP60,1986-07-01,5870.970995612378
NN3-061_TWARP60,1986-08-01,5683.153740340433
NN3-061_TWARP60,1986-09-01,5071.687805281416
NN3-061_TWARP60,1986-10-01,4727.891101690488
NN3-061_TWARP60,1986-11-01,4484.156073350602
NN3-061_TWARP60,1986-12-01,4024.571791480739
NN3-061_TWARP60,1987-01-01,4066.886597181616
NN3-061_TWARP60,1987-02-01,4101.25920317221
NN3-061_TWARP60,1987-03-01,4688.205873827743
NN3-061_TWARP60,1987-04-01,5605.02919226008
NN3-061_TWARP60,1987-05-01,6044.413567447178
NN3-061_TWARP60,1987-06-01,6327.719394271848
NN3-061_TWARP60,1987-07-01,6213.711406870567
NN3-061_TWARP60,1987-08-01,5956.106198411128
NN3-061_TWARP60,1987-09-01,5564.327649639331
NN3-061_TWARP60,1987-10-01,5037.516142470134
NN3-061_TWARP60,1987-11-01,4446.665514073338
NN3-061_TWARP60,1987-12-01,4140.752948503684
NN3-061_TWARP60,1988-01-01,4063.3763257950923
NN3-061_TWARP60,1988-02-01,4212.950781635241
NN3-061_TWARP60,1988-03-01,4954.61590360962
NN3-061_TWARP60,1988-04-01,5701.998700973465
NN3-061_TWARP60,1988-05-01,5846.322293196506
NN3-061_TWARP60,1988-06-01,6299.496140901136
NN3-061_TWARP60,1988-07-01,6268.130210147212
NN3-061_TWARP60,1988-08-01,6173.530727087822
NN3-061_TWARP60,1988-09-01,5613.496647106334
NN3-061_TWARP60,1988-10-01,5093.047373474212
NN3-061_TWARP60,1988-11-01,4582.032051013909
NN3-061_TWARP60,1988-12-01,4495.513319624632
NN3-061_TWARP60,1989-01-01,4601.540253968302
NN3-061_TWARP60,1989-02-01,4476.537104674597
NN3-061_TWARP60,1989-03-01,5045.643901911902
NN3-061_TWARP60,1989-04-01,5801.429468987815
NN3-061_TWARP60,1989-05-01,6110.045212233645
NN3-061_TWARP60,1989-06-01,6301.709638212398
NN3-061_TWARP60,1989-07-01,5975.587251585322
NN3-061_TWARP60,1989-08-01,6082.033632277869
NN3-061_TWARP60,1989-09-01,5336.3690575884475
NN3-061_TWARP60,1989-10-01,5085.132302759742
NN3-061_TWARP60,1989-11-01,4808.945523297883
NN3-061_TWARP60,1989-12-01,4331.614266043661
NN3-061_TWARP60,1990-01-01,4201.375219502485
NN3-061_TWARP60,1990-02-01,4260.01814208021
NN3-061_TWARP60,1990-03-01,4955.9690975699195
NN3-061_TWARP60,1990-04-01,5198.538043210582
NN3-061_TWARP60,1990-05-01,5653.824420801273
NN3-061_TWARP60,1990-06-01,5917.064561998411
NN3-062_TWARP61,1979-01-01,1365.0
NN3-062_TWARP61,1979-02-01,1151.399242939262
NN3-062_TWARP61,1979-03-01,2032.5433376031942
NN3-062_TWARP61,1979-04-01,1854.1125719037314
NN3-062_TWARP61,1979-05-01,1826.0901085812773
NN3-062_TWARP61,1979-06-01,1694.0226680006763
NN3-062_TWARP61,1979-07-01,1916.455772164894
NN3-062_TWARP61,1979-08-01,2055.944953875094
NN3-062_TWARP61,1979-09-01,1879.986574646237
NN3-062_TWARP61,1979-10-01,1662.0232708329556
NN3-062_TWARP61,1979-11-01,1725.6740517164499
NN3-062_TWARP61,1979-12-01,2161.04737313411
NN3-062_TWARP61,1980-01-01,1985.1656281411892
NN3-062_TWARP61,1980-02-01,1596.8860844385558
NN3-062_TWARP61,1980-03-01,2245.772922946574
NN3-062_TWARP61,1980-04-01,2382.5679757189487
NN3-062_TWARP61,1980-05-01,2450.793469972213
NN3-062_TWARP61,1980-06-01,2387.739942473336
NN3-062_TWARP61,1980-07-01,2055.186409581003
NN3-062_TWARP61,1980-08-01,1832.658679181342
NN3-062_TWARP61,1980-09-01,1821.8003028637424
NN3-062_TWARP61,1980-10-01,2492.7775755485136
NN3-062_TWARP61,1980-11-01,2380.531254188199
NN3-062_TWARP61,1980-12-01,2447.1243159306637
NN3-062_TWARP61,1981-01-01,2025.5734396200821
NN3-062_TWARP61,1981-02-01,1705.7024379021395
NN3-062_TWARP61,1981-03-01,2260.5393648352756
NN3-062_TWARP61,1981-04-01,2646.4701849104413
NN3-062_TWARP61,1981-05-01,2616.414235468985
NN3-062_TWARP61,1981-06-01,2693.2741655123286
NN3-062_TWARP61,1981-07-01,1999.3527235411023
NN3-062_TWARP61,1981-08-01,1473.9847229668956
NN3-062_TWARP61,1981-09-01,2251.9250338668057
NN3-062_TWARP61,1981-10-01,1814.3438393595006
NN3-062_TWARP61,1981-11-01,1940.651088593223
NN3-062_TWARP61,1981-12-01,3012.7087801906687
NN3-062_TWARP61,1982-01-01,1496.5553187740006
NN3-062_TWARP61,1982-02-01,1439.0926460841204
NN3-062_TWARP61,1982-03-01,2134.731557863217
NN3-062_TWARP61,1982-04-01,1529.7627871687996
NN3-062_TWARP61,1982-05-01,1756.8042823336405
NN3-062_TWARP61,1982-06-01,1313.3927187321717
NN3-062_TWARP61,1982-07-01,979.3022260763598
NN3-062_TWARP61,1982-08-01,940.2107740282166
NN3-062_TWARP61,1982-09-01,1158.1555579459762
NN3-062_TWARP61,1982-10-01,1119.7857032381612
NN3-062_TWARP61,1982-11-01,1778.2208513557398
NN3-062_TWARP61,1982-12-01,1860.239054999177
NN3-062_TWARP61,1983-01-01,1425.370398090678
NN3-062_TWARP61,1983-02-01,2227.8145075781563
NN3-062_TWARP61,1983-03-01,2276.5572410650593
NN3-062_TWARP61,1983-04-01,1680.7701223435924
NN3-062_TWARP61,1983-05-01,2197.7359747762434
NN3-062_TWARP61,1983-06-01,1047.7760369385533
NN3-062_TWARP61,1983-07-01,943.295205799406
NN3-062_TWARP61,1983-08-01,1557.608923392459
NN3-062_TWARP61,1983-09-01,915.5747393313903
NN3-062_TWARP61,1983-10-01,1739.3231278453984
NN3-062_TWARP61,1983-11-01,2189.815490027889
NN3-062_TWARP61,1983-12-01,623.1209406311298
NN3-062_TWARP61,1984-01-01,1169.8389838154671
NN3-062_TWARP61,1984-02-01,1207.6321690063078
NN3-062_TWARP61,1984-03-01,1219.8692797175408
NN3-062_TWARP61,1984-04-01,1557.1008922436995
NN3-062_TWARP61,1984-05-01,1372.975545384359
NN3-062_TWARP61,1984-06-01,823.609615966147
NN3-062_TWARP61,1984-07-01,1130.7581796862974
NN3-062_TWARP61,1984-08-01,1327.5916924874973
NN3-062_TWARP61,1984-09-01,1535.4736356385613
NN3-062_TWARP61,1984-10-01,2165.8824528504697
NN3-062_TWARP61,1984-11-01,1462.0231321173878
NN3-062_TWARP61,1984-12-01,1296.5282212836028
NN3-062_TWARP61,1985-01-01,1849.5824012714952
NN3-062_TWARP61,1985-02-01,1950.3929192100695
NN3-062_TWARP61,1985-03-01,1669.9503281491634
NN3-062_TWARP61,1985-04-01,1684.9158359515611
NN3-062_TWARP61,1985-05-01,1646.7557618014907
NN3-062_TWARP61,1985-06-01,1556.6496329822644
NN3-062_TWARP61,1985-07-01,1457.6079873612132
NN3-062_TWARP61,1985-08-01,1813.2398085756186
NN3-062_TWARP61,1985-09-01,1590.1215294370131
NN3-062_TWARP61,1985-10-01,3384.5898548100627
NN3-062_TWARP61,1985-11-01,2307.2345927395368
NN3-062_TWARP61,1985-12-01,1378.0968016706609
NN3-062_TWARP61,1986-01-01,2246.530101529802
NN3-062_TWARP61,1986-02-01,2171.2328746749863
NN3-062_TWARP61,1986-03-01,2116.0302280983306
NN3-062_TWARP61,1986-04-01,2169.6147164764666
NN3-062_TWARP61,1986-05-01,2169.8786839998193
NN3-062_TWARP61,1986-06-01,2071.463786302779
NN3-062_TWARP61,1986-07-01,1761.6720504386483
NN3-062_TWARP61,1986-08-01,1863.722816546197
NN3-062_TWARP61,1986-09-01,2198.191572049831
NN3-062_TWARP61,1986-10-01,2663.7278650723297
NN3-062_TWARP61,1986-11-01,2444.8919677143003
NN3-062_TWARP61,1986-12-01,1310.7190670015216
NN3-062_TWARP61,1987-01-01,1987.8102876157182
NN3-062_TWARP61,1987-02-01,2663.5839833383293
NN3-062_TWARP61,1987-03-01,2156.688741514494
NN3-062_TWARP61,1987-04-01,1829.9063879969365
NN3-062_TWARP61,1987-05-01,2096.7684978637785
NN3-062_TWARP61,1987-06-01,2275.9225398042554
NN3-062_TWARP61,1987-07-01,1419.1595403944248
NN3-062_TWARP61,1987-08-01,2152.757597370413
NN3-062_TWARP61,1987-09-01,1933.9284739329719
NN3-062_TWARP61,1987-10-01,1865.5359042092673
NN3-062_TWARP61,1987-11-01,3027.4616511846666
NN3-062_TWARP61,1987-12-01,2472.120210601295
NN3-062_TWARP61,1988-01-01,2106.6465684161926
NN3-062_TWARP61,1988-02-01,2611.0
NN3-063_TWARP62,1982-01-01,2730.0
NN3-063_TWARP62,1982-02-01,3168.099273877584
NN3-063_TWARP62,1982-03-01,4495.949172465517
NN3-063_TWARP62,1982-04-01,4844.446171999322
NN3-063_TWARP62,1982-05-01,5047.509879278375
NN3-063_TWARP62,1982-06-01,5464.808896610132
NN3-063_TWARP62,1982-07-01,4787.083706627942
NN3-063_TWARP62,1982-08-01,3859.6556833619784
NN3-063_TWARP62,1982-09-01,4004.2613365414168
NN3-063_TWARP62,1982-10-01,4301.665229756517
NN3-063_TWARP62,1982-11-01,4174.8967952018875
NN3-063_TWARP62,1982-12-01,3845.5318896125254
NN3-063_TWARP62,1983-01-01,4148.500593237226
NN3-063_TWARP62,1983-02-01,4660.237220448633
NN3-063_TWARP62,1983-03-01,5274.6342999680965
NN3-063_TWARP62,1983-04-01,5505.1488318944175
NN3-063_TWARP62,1983-05-01,5602.911568060332
NN3-063_TWARP62,1983-06-01,6183.9839271401015
NN3-063_TWARP62,1983-07-01,5403.904742551381
NN3-063_TWARP62,1983-08-01,4791.44726184982
NN3-063_TWARP62,1983-09-01,5740.945500143096
NN3-063_TWARP62,1983-10-01,6593.534849617347
NN3-063_TWARP62,1983-11-01,6501.137702532244
NN3-063_TWARP62,1983-12-01,5976.8423711091855
NN3-063_TWARP62,1984-01-01,6293.297125063861
NN3-063_TWARP62,1984-02-01,6739.715532005631
NN3-063_TWARP62,1984-03-01,7550.341699542075
NN3-063_TWARP62,1984-04-01,6805.485382876747
NN3-063_TWARP62,1984-05-01,6955.997215070789
NN3-063_TWARP62,1984-06-01,6772.14608039059
NN3-063_TWARP62,1984-07-01,5176.2573242067965
NN3-063_TWARP62,1984-08-01,5198.823874755575
NN3-063_TWARP62,1984-09-01,5525.084674386216
NN3-063_TWARP62,1984-10-01,6832.892683740583
NN3-063_TWARP62,1984-11-01,6445.505639664332
NN3-063_TWARP62,1984-12-01,5993.919716807532
NN3-063_TWARP62,1985-01-01,7099.240260929298
NN3-063_TWARP62,1985-02-01,6871.809765639727
NN3-063_TWARP62,1985-03-01,7393.595714198022
NN3-063_TWARP62,1985-04-01,7515.757221655938
NN3-063_TWARP62,1985-05-01,7163.1193667184125
NN3-063_TWARP62,1985-06-01,6122.244220952326
NN3-063_TWARP62,1985-07-01,5580.785121417465
NN3-063_TWARP62,1985-08-01,6110.152431912257
NN3-063_TWARP62,1985-09-01,7113.9756489558
NN3-063_TWARP62,1985-10-01,6763.974226503344
NN3-063_TWARP62,1985-11-01,5615.912985339131
NN3-063_TWARP62,1985-12-01,6885.981678932247
NN3-063_TWARP62,1986-01-01,6788.59298262422
NN3-063_TWARP62,1986-02-01,6562.942126132891
NN3-063_TWARP62,1986-03-01,7112.193034298673
NN3-063_TWARP62,1986-04-01,6850.056876114966
NN3-063_TWARP62,1986-05-01,7003.86096501447
NN3-063_TWARP62,1986-06-01,5008.775734083167
NN3-063_TWARP62,1986-07-01,4413.724056383544
NN3-063_TWARP62,1986-08-01,6412.196722342498
NN3-063_TWARP62,1986-09-01,6708.384516989379
NN3-063_TWARP62,1986-10-01,5565.602413830292
NN3-063_TWARP62,1986-11-01,5675.897972889387
NN3-063_TWARP62,1986-12-01,6258.74696269659
NN3-063_TWARP62,1987-01-01,6969.512739303201
NN3-063_TWARP62,1987-02-01,7316.706350665924
NN3-063_TWARP62,1987-03-01,6563.079667548185
NN3-063_TWARP62,1987-04-01,6298.789855351931
NN3-063_TWARP62,1987-05-01,6393.073516348491
NN3-063_TWARP62,1987-06-01,3732.974489220024
NN3-063_TWARP62,1987-07-01,3890.477032180832
NN3-063_TWARP62,1987-08-01,5856.425916379115
NN3-063_TWARP62,1987-09-01,6680.499974733424
NN3-063_TWARP62,1987-10-01,5828.332692740249
NN3-063_TWARP62,1987-11-01,5016.325453768891
NN3-063_TWARP62,1987-12-01,4731.877991159871
NN3-063_TWARP62,1988-01-01,5569.872923628279
NN3-063_TWARP62,1988-02-01,6557.734426014742
NN3-063_TWARP62,1988-03-01,6190.008649532178
NN3-063_TWARP62,1988-04-01,6791.629563795959
NN3-063_TWARP62,1988-05-01,7200.128892195052
NN3-063_TWARP62,1988-06-01,4512.591160532202
NN3-063_TWARP62,1988-07-01,4626.884576220592
NN3-063_TWARP62,1988-08-01,5854.753897717058
NN3-063_TWARP62,1988-09-01,6451.009901224327
NN3-063_TWARP62,1988-10-01,6500.422986468493
NN3-063_TWARP62,1988-11-01,6041.728687303537
NN3-063_TWARP62,1988-12-01,6051.934879751536
NN3-063_TWARP62,1989-01-01,6095.9092882329705
NN3-063_TWARP62,1989-02-01,6357.985975602473
NN3-063_TWARP62,1989-03-01,6521.935105773003
NN3-063_TWARP62,1989-04-01,6632.8841224453945
NN3-063_TWARP62,1989-05-01,6378.009933162095
NN3-063_TWARP62,1989-06-01,4243.548110328742
NN3-063_TWARP62,1989-07-01,4196.456022559062
NN3-063_TWARP62,1989-08-01,5593.406883545487
NN3-063_TWARP62,1989-09-01,5983.118391596085
NN3-063_TWARP62,1989-10-01,5741.749105475799
NN3-063_TWARP62,1989-11-01,4917.216146165846
NN3-063_TWARP62,1989-12-01,3903.6990184410856
NN3-063_TWARP62,1990-01-01,4171.866433531171
NN3-063_TWARP62,1990-02-01,5585.9184536762805
NN3-063_TWARP62,1990-03-01,5563.941616099787
NN3-063_TWARP62,1990-04-01,5761.911275722712
NN3-063_TWARP62,1990-05-01,6262.03359604539
NN3-063_TWARP62,1990-06-01,4503.177801674533
NN3-063_TWARP62,1990-07-01,4675.78138503719
NN3-063_TWARP62,1990-08-01,5383.7509909956925
NN3-063_TWARP62,1990-09-01,6034.678262147315
NN3-063_TWARP62,1990-10-01,4774.5545043765605
NN3-063_TWARP62,1990-11-01,3797.958791263465
NN3-063_TWARP62,1990-12-01,4286.967595326745
NN3-063_TWARP62,1991-01-01,4116.664873746584
NN3-063_TWARP62,1991-02-01,4371.378127978269
NN3-063_TWARP62,1991-03-01,4675.613804749195
NN3-063_TWARP62,1991-04-01,5106.956917473052
NN3-063_TWARP62,1991-05-01,4850.0
NN3-063_TWARP62,1991-06-01,4850.0
NN3-064_TWARP63,1983-01-01,5900.0
NN3-064_TWARP63,1983-02-01,6236.8239855035945
NN3-064_TWARP63,1983-03-01,6154.461259917024
NN3-064_TWARP63,1983-04-01,5955.0
NN3-064_TWARP63,1983-05-01,5970.311083159217
NN3-064_TWARP63,1983-06-01,5936.496581644023
NN3-064_TWARP63,1983-07-01,5493.762230130347
NN3-064_TWARP63,1983-08-01,5574.051334827337
NN3-064_TWARP63,1983-09-01,5999.265420309494
NN3-064_TWARP63,1983-10-01,6224.574877849328
NN3-064_TWARP63,1983-11-01,6592.691781187488
NN3-064_TWARP63,1983-12-01,6957.199940052463
NN3-064_TWARP63,1984-01-01,7459.709070306274
NN3-064_TWARP63,1984-02-01,7730.583196007953
NN3-064_TWARP63,1984-03-01,7793.323319000975
NN3-064_TWARP63,1984-04-01,7537.7634394965335
NN3-064_TWARP63,1984-05-01,7274.119440053228
NN3-064_TWARP63,1984-06-01,6954.835802453472
NN3-064_TWARP63,1984-07-01,6434.127987989487
NN3-064_TWARP63,1984-08-01,6336.282179298614
NN3-064_TWARP63,1984-09-01,6379.936178546754
NN3-064_TWARP63,1984-10-01,6668.670099329304
NN3-064_TWARP63,1984-11-01,7039.973448076962
NN3-064_TWARP63,1984-12-01,7421.032228409484
NN3-064_TWARP63,1985-01-01,8032.931944150074
NN3-064_TWARP63,1985-02-01,7962.62028608334
NN3-064_TWARP63,1985-03-01,7841.328686577286
NN3-064_TWARP63,1985-04-01,7786.471927076583
NN3-064_TWARP63,1985-05-01,7781.060233201036
NN3-064_TWARP63,1985-06-01,7889.849688442735
NN3-064_TWARP63,1985-07-01,7634.937634466313
NN3-064_TWARP63,1985-08-01,6798.288000748502
NN3-064_TWARP63,1985-09-01,6504.687002750801
NN3-064_TWARP63,1985-10-01,7430.276753534216
NN3-064_TWARP63,1985-11-01,8065.8958668399855
NN3-064_TWARP63,1985-12-01,8347.215321125135
NN3-064_TWARP63,1986-01-01,8968.446559316943
NN3-064_TWARP63,1986-02-01,9393.970980277594
NN3-064_TWARP63,1986-03-01,9591.241815174835
NN3-064_TWARP63,1986-04-01,9608.505200840451
NN3-064_TWARP63,1986-05-01,9324.391728011467
NN3-064_TWARP63,1986-06-01,9092.747492005052
NN3-064_TWARP63,1986-07-01,8361.645602534109
NN3-064_TWARP63,1986-08-01,7352.044715852833
NN3-064_TWARP63,1986-09-01,6669.449351890235
NN3-064_TWARP63,1986-10-01,7285.723265949516
NN3-064_TWARP63,1986-11-01,7613.951787088231
NN3-064_TWARP63,1986-12-01,7943.011365213779
NN3-064_TWARP63,1987-01-01,8912.516892221536
NN3-064_TWARP63,1987-02-01,9472.093836150814
NN3-064_TWARP63,1987-03-01,9603.834419818675
NN3-064_TWARP63,1987-04-01,9517.449550449832
NN3-064_TWARP63,1987-05-01,9512.260818708708
NN3-064_TWARP63,1987-06-01,8788.30304822289
NN3-064_TWARP63,1987-07-01,7591.0386269594
NN3-064_TWARP63,1987-08-01,7050.309031477912
NN3-064_TWARP63,1987-09-01,7577.812229296778
NN3-064_TWARP63,1987-10-01,8316.907257817988
NN3-064_TWARP63,1987-11-01,8409.599615804193
NN3-064_TWARP63,1987-12-01,8386.543040853945
NN3-064_TWARP63,1988-01-01,8059.992725424131
NN3-064_TWARP63,1988-02-01,7859.919777399518
NN3-064_TWARP63,1988-03-01,7864.2712292500155
NN3-064_TWARP63,1988-04-01,8022.3262315300035
NN3-064_TWARP63,1988-05-01,8081.210562780582
NN3-064_TWARP63,1988-06-01,7016.401497505348
NN3-064_TWARP63,1988-07-01,6765.394428012785
NN3-064_TWARP63,1988-08-01,7229.299961212975
NN3-064_TWARP63,1988-09-01,7805.0751384564865
NN3-064_TWARP63,1988-10-01,8078.685858248636
NN3-064_TWARP63,1988-11-01,8387.840693116603
NN3-064_TWARP63,1988-12-01,8910.832858431137
NN3-064_TWARP63,1989-01-01,9145.000213261499
NN3-064_TWARP63,1989-02-01,9182.690139614975
NN3-064_TWARP63,1989-03-01,9211.233248757797
NN3-064_TWARP63,1989-04-01,9224.139171629997
NN3-064_TWARP63,1989-05-01,8004.580414546128
NN3-064_TWARP63,1989-06-01,7300.454152403872
NN3-064_TWARP63,1989-07-01,7197.796242104749
NN3-064_TWARP63,1989-08-01,7735.2113958027285
NN3-064_TWARP63,1989-09-01,8295.555233099372
NN3-064_TWARP63,1989-10-01,8312.047696583353
NN3-064_TWARP63,1989-11-01,7415.272309547201
NN3-064_TWARP63,1989-12-01,7339.253566021409
NN3-064_TWARP63,1990-01-01,7371.842569051809
NN3-064_TWARP63,1990-02-01,7131.198927902693
NN3-064_TWARP63,1990-03-01,7369.712182776602
NN3-064_TWARP63,1990-04-01,7449.128020075747
NN3-064_TWARP63,1990-05-01,6596.668475942666
NN3-064_TWARP63,1990-06-01,6685.803293544051
NN3-064_TWARP63,1990-07-01,6722.23626723382
NN3-064_TWARP63,1990-08-01,7415.3677224717885
NN3-064_TWARP63,1990-09-01,7545.695445741074
NN3-064_TWARP63,1990-10-01,7077.066261336044
NN3-064_TWARP63,1990-11-01,7299.6825470700915
NN3-064_TWARP63,1990-12-01,7186.154421040879
NN3-064_TWARP63,1991-01-01,6886.48664475862
NN3-064_TWARP63,1991-02-01,6840.050667646576
NN3-064_TWARP63,1991-03-01,6811.013599828579
NN3-064_TWARP63,1991-04-01,6639.450744119956
NN3-064_TWARP63,1991-05-01,6116.6776030468145
NN3-064_TWARP63,1991-06-01,5629.572700384186
NN3-064_TWARP63,1991-07-01,5595.0
NN3-064_TWARP63,1991-08-01,5595.0
NN3-065_TWARP64,1978-01-01,4709.0
NN3-065_TWARP64,1978-02-01,5450.330418522678
NN3-065_TWARP64,1978-03-01,6408.318287376254
NN3-065_TWARP64,1978-04-01,7021.2066593455975
NN3-065_TWARP64,1978-05-01,6970.136124123152
NN3-065_TWARP64,1978-06-01,6210.951161551537
NN3-065_TWARP64,1978-07-01,4205.139207604873
NN3-065_TWARP64,1978-08-01,4699.521394935644
NN3-065_TWARP64,1978-09-01,6395.832666271278
NN3-065_TWARP64,1978-10-01,6285.964185194932
NN3-065_TWARP64,1978-11-01,5535.159906085157
NN3-065_TWARP64,1978-12-01,5085.809835233939
NN3-065_TWARP64,1979-01-01,5753.705373218679
NN3-065_TWARP64,1979-02-01,6910.665600258107
NN3-065_TWARP64,1979-03-01,7324.972259153735
NN3-065_TWARP64,1979-04-01,7985.708835767283
NN3-065_TWARP64,1979-05-01,7937.977103311873
NN3-065_TWARP64,1979-06-01,5998.226397282338
NN3-065_TWARP64,1979-07-01,4227.484838946246
NN3-065_TWARP64,1979-08-01,5007.63084312614
NN3-065_TWARP64,1979-09-01,7116.870047283081
NN3-065_TWARP64,1979-10-01,7773.31843897443
NN3-065_TWARP64,1979-11-01,6745.321996436373
NN3-065_TWARP64,1979-12-01,5358.556707126647
NN3-065_TWARP64,1980-01-01,5401.012958938094
NN3-065_TWARP64,1980-02-01,6600.848748678519
NN3-065_TWARP64,1980-03-01,7165.0576678231
NN3-065_TWARP64,1980-04-01,6736.710202463885
NN3-065_TWARP64,1980-05-01,5872.142958452461
NN3-065_TWARP64,1980-06-01,4903.173120949792
NN3-065_TWARP64,1980-07-01,3023.082699106986
NN3-065_TWARP64,1980-08-01,2361.334542092413
NN3-065_TWARP64,1980-09-01,4178.602646203954
NN3-065_TWARP64,1980-10-01,5778.920571940191
NN3-065_TWARP64,1980-11-01,4787.469461333396
NN3-065_TWARP64,1980-12-01,4127.764172253314
NN3-065_TWARP64,1981-01-01,3263.5720076913517
NN3-065_TWARP64,1981-02-01,4810.750312628752
NN3-065_TWARP64,1981-03-01,5839.321503590962
NN3-065_TWARP64,1981-04-01,5908.1221028682285
NN3-065_TWARP64,1981-05-01,6196.651228701751
NN3-065_TWARP64,1981-06-01,6017.480312001907
NN3-065_TWARP64,1981-07-01,5330.680984694859
NN3-065_TWARP64,1981-08-01,4033.166405741745
NN3-065_TWARP64,1981-09-01,3481.6477041292133
NN3-065_TWARP64,1981-10-01,3674.11398440603
NN3-065_TWARP64,1981-11-01,3293.965531420129
NN3-065_TWARP64,1981-12-01,2951.997095034194
NN3-065_TWARP64,1982-01-01,2500.465290743162
NN3-065_TWARP64,1982-02-01,1939.3084959682571
NN3-065_TWARP64,1982-03-01,2869.674668829368
NN3-065_TWARP64,1982-04-01,4276.075167670939
NN3-065_TWARP64,1982-05-01,4861.157629012447
NN3-065_TWARP64,1982-06-01,4404.992491193356
NN3-065_TWARP64,1982-07-01,3769.528222999839
NN3-065_TWARP64,1982-08-01,3152.527282463001
NN3-065_TWARP64,1982-09-01,2222.97063453542
NN3-065_TWARP64,1982-10-01,2652.783076194647
NN3-065_TWARP64,1982-11-01,2741.3810937346243
NN3-065_TWARP64,1982-12-01,2632.8085374776983
NN3-065_TWARP64,1983-01-01,2342.4940915213247
NN3-065_TWARP64,1983-02-01,3108.6735838784234
NN3-065_TWARP64,1983-03-01,4752.623825530664
NN3-065_TWARP64,1983-04-01,5598.225136691566
NN3-065_TWARP64,1983-05-01,5642.614330087855
NN3-065_TWARP64,1983-06-01,5778.1836201927645
NN3-065_TWARP64,1983-07-01,4532.427631779481
NN3-065_TWARP64,1983-08-01,3328.240478899236
NN3-065_TWARP64,1983-09-01,3830.712164288688
NN3-065_TWARP64,1983-10-01,5160.460684023851
NN3-065_TWARP64,1983-11-01,5242.5137961668315
NN3-065_TWARP64,1983-12-01,4241.940621396529
NN3-065_TWARP64,1984-01-01,3972.8098731767795
NN3-065_TWARP64,1984-02-01,4932.901101662979
NN3-065_TWARP64,1984-03-01,6591.008601104262
NN3-065_TWARP64,1984-04-01,6671.730316564077
NN3-065_TWARP64,1984-05-01,6361.728204144993
NN3-065_TWARP64,1984-06-01,5902.619467618769
NN3-065_TWARP64,1984-07-01,4340.075263173523
NN3-065_TWARP64,1984-08-01,3227.32669805222
NN3-065_TWARP64,1984-09-01,4788.278464899031
NN3-065_TWARP64,1984-10-01,4244.416209449633
NN3-065_TWARP64,1984-11-01,5204.965757163331
NN3-065_TWARP64,1984-12-01,4623.564276736879
NN3-065_TWARP64,1985-01-01,5414.739282021131
NN3-065_TWARP64,1985-02-01,6171.601700284729
NN3-065_TWARP64,1985-03-01,7326.173101255888
NN3-065_TWARP64,1985-04-01,7127.186367722084
NN3-065_TWARP64,1985-05-01,6791.056040403101
NN3-065_TWARP64,1985-06-01,6269.151684829165
NN3-065_TWARP64,1985-07-01,4594.706957783479
NN3-065_TWARP64,1985-08-01,4249.232849973402
NN3-065_TWARP64,1985-09-01,5988.530123719949
NN3-065_TWARP64,1985-10-01,6057.339495628089
NN3-065_TWARP64,1985-11-01,5282.847125353106
NN3-065_TWARP64,1985-12-01,4788.291284207072
NN3-065_TWARP64,1986-01-01,5957.771572830003
NN3-065_TWARP64,1986-02-01,6572.120395948909
NN3-065_TWARP64,1986-03-01,7079.672189031022
NN3-065_TWARP64,1986-04-01,6842.61900537602
NN3-065_TWARP64,1986-05-01,6530.81037069933
NN3-065_TWARP64,1986-06-01,6929.583877314783
NN3-065_TWARP64,1986-07-01,3488.971867338428
NN3-065_TWARP64,1986-08-01,2795.7852717012024
NN3-065_TWARP64,1986-09-01,5825.445474421372
NN3-065_TWARP64,1986-10-01,5081.852493603525
NN3-065_TWARP64,1986-11-01,5390.4852400478185
NN3-065_TWARP64,1986-12-01,4327.207998067723
NN3-065_TWARP64,1987-01-01,3360.677625747438
NN3-065_TWARP64,1987-02-01,5479.372519498304
NN3-065_TWARP64,1987-03-01,5810.438284834445
NN3-065_TWARP64,1987-04-01,5876.867059855076
NN3-065_TWARP64,1987-05-01,6222.84369608642
NN3-065_TWARP64,1987-06-01,6993.785429249676
NN3-066_TWARP65,1979-01-01,6970.0
NN3-066_TWARP65,1979-02-01,6478.938130347935
NN3-066_TWARP65,1979-03-01,7866.433995453458
NN3-066_TWARP65,1979-04-01,8100.83431866998
NN3-066_TWARP65,1979-05-01,8169.29705482684
NN3-066_TWARP65,1979-06-01,7979.269867239378
NN3-066_TWARP65,1979-07-01,7423.078676216991
NN3-066_TWARP65,1979-08-01,7716.504870112455
NN3-066_TWARP65,1979-09-01,7679.859876236457
NN3-066_TWARP65,1979-10-01,7486.264743155606
NN3-066_TWARP65,1979-11-01,8157.431007181502
NN3-066_TWARP65,1979-12-01,8731.147706763464
NN3-066_TWARP65,1980-01-01,8511.966385622954
NN3-066_TWARP65,1980-02-01,8298.586244723621
NN3-066_TWARP65,1980-03-01,8486.123227659455
NN3-066_TWARP65,1980-04-01,8486.193633246243
NN3-066_TWARP65,1980-05-01,8406.829707137156
NN3-066_TWARP65,1980-06-01,7954.501001196071
NN3-066_TWARP65,1980-07-01,7839.719309696713
NN3-066_TWARP65,1980-08-01,8264.140404370452
NN3-066_TWARP65,1980-09-01,7864.488384370395
NN3-066_TWARP65,1980-10-01,7612.839110142912
NN3-066_TWARP65,1980-11-01,7900.184565542271
NN3-066_TWARP65,1980-12-01,8707.710541407496
NN3-066_TWARP65,1981-01-01,8455.98648605922
NN3-066_TWARP65,1981-02-01,7797.136388622086
NN3-066_TWARP65,1981-03-01,8493.763329856643
NN3-066_TWARP65,1981-04-01,8509.179087518603
NN3-066_TWARP65,1981-05-01,8194.590805749202
NN3-066_TWARP65,1981-06-01,7928.201584340174
NN3-066_TWARP65,1981-07-01,7731.914667719809
NN3-066_TWARP65,1981-08-01,7555.040240696633
NN3-066_TWARP65,1981-09-01,7687.1215335877705
NN3-066_TWARP65,1981-10-01,7717.513840774199
NN3-066_TWARP65,1981-11-01,7502.653430797117
NN3-066_TWARP65,1981-12-01,7699.393523385385
NN3-066_TWARP65,1982-01-01,6861.365985478628
NN3-066_TWARP65,1982-02-01,6774.830656744255
NN3-066_TWARP65,1982-03-01,7390.428987601966
NN3-066_TWARP65,1982-04-01,7670.12421273351
NN3-066_TWARP65,1982-05-01,7423.000480031639
NN3-066_TWARP65,1982-06-01,6573.067872920861
NN3-066_TWARP65,1982-07-01,6066.040914862061
NN3-066_TWARP65,1982-08-01,6047.492282109328
NN3-066_TWARP65,1982-09-01,6013.911802741915
NN3-066_TWARP65,1982-10-01,5855.135205898944
NN3-066_TWARP65,1982-11-01,5872.978758224298
NN3-066_TWARP65,1982-12-01,5755.83105774516
NN3-066_TWARP65,1983-01-01,5485.932718895709
NN3-066_TWARP65,1983-02-01,6281.455218017357
NN3-066_TWARP65,1983-03-01,6066.996338222542
NN3-066_TWARP65,1983-04-01,5826.013745015418
NN3-066_TWARP65,1983-05-01,5161.923428334238
NN3-066_TWARP65,1983-06-01,5012.578696509065
NN3-066_TWARP65,1983-07-01,5604.304754882641
NN3-066_TWARP65,1983-08-01,5846.630104148537
NN3-066_TWARP65,1983-09-01,6210.688231519335
NN3-066_TWARP65,1983-10-01,6309.341939789977
NN3-066_TWARP65,1983-11-01,6415.024083111344
NN3-066_TWARP65,1983-12-01,6634.067645016046
NN3-066_TWARP65,1984-01-01,6962.33280997475
NN3-066_TWARP65,1984-02-01,7433.895373971061
NN3-066_TWARP65,1984-03-01,7341.637892363108
NN3-066_TWARP65,1984-04-01,6875.231920160679
NN3-066_TWARP65,1984-05-01,6242.210554731104
NN3-066_TWARP65,1984-06-01,6422.076920983639
NN3-066_TWARP65,1984-07-01,6693.179823326955
NN3-066_TWARP65,1984-08-01,6905.716480180406
NN3-066_TWARP65,1984-09-01,7287.397516997591
NN3-066_TWARP65,1984-10-01,7614.371526232573
NN3-066_TWARP65,1984-11-01,7784.091701673927
NN3-066_TWARP65,1984-12-01,7430.411221932463
NN3-066_TWARP65,1985-01-01,7731.144341476879
NN3-066_TWARP65,1985-02-01,7852.884183194836
NN3-066_TWARP65,1985-03-01,7810.382583887684
NN3-066_TWARP65,1985-04-01,7602.177750945937
NN3-066_TWARP65,1985-05-01,7148.351508329478
NN3-066_TWARP65,1985-06-01,6688.794714476574
NN3-066_TWARP65,1985-07-01,6622.995130063212
NN3-066_TWARP65,1985-08-01,6958.428919518464
NN3-066_TWARP65,1985-09-01,6591.123876009668
NN3-066_TWARP65,1985-10-01,6628.29209121045
NN3-066_TWARP65,1985-11-01,6488.201828508266
NN3-066_TWARP65,1985-12-01,6183.594341874459
NN3-066_TWARP65,1986-01-01,6337.351467349515
NN3-066_TWARP65,1986-02-01,6524.518876185484
NN3-066_TWARP65,1986-03-01,6522.710004260681
NN3-066_TWARP65,1986-04-01,6108.563550420101
NN3-066_TWARP65,1986-05-01,5485.5843862879365
NN3-066_TWARP65,1986-06-01,5421.959897198918
NN3-066_TWARP65,1986-07-01,5707.318535034076
NN3-066_TWARP65,1986-08-01,5842.669765502989
NN3-066_TWARP65,1986-09-01,5914.606906939091
NN3-066_TWARP65,1986-10-01,5857.975037709752
NN3-066_TWARP65,1986-11-01,6415.72709361937
NN3-066_TWARP65,1986-12-01,6796.4458165890965
NN3-066_TWARP65,1987-01-01,6305.767442478611
NN3-066_TWARP65,1987-02-01,7182.851784538054
NN3-066_TWARP65,1987-03-01,7103.178955537036
NN3-066_TWARP65,1987-04-01,7061.836922933822
NN3-066_TWARP65,1987-05-01,6683.270677960073
NN3-066_TWARP65,1987-06-01,6401.531950044467
NN3-066_TWARP65,1987-07-01,6158.05389455702
NN3-066_TWARP65,1987-08-01,6075.059245942857
NN3-066_TWARP65,1987-09-01,6421.473519412634
NN3-066_TWARP65,1987-10-01,6939.65889841731
NN3-066_TWARP65,1987-11-01,6799.547346320351
NN3-066_TWARP65,1987-12-01,7204.340067260953
NN3-066_TWARP65,1988-01-01,7030.742006651393
NN3-066_TWARP65,1988-02-01,6624.7399717636845
NN3-066_TWARP65,1988-03-01,6908.984805637751
NN3-066_TWARP65,1988-04-01,7269.098656985408
NN3-066_TWARP65,1988-05-01,7381.824694153963
NN3-066_TWARP65,1988-06-01,7424.765963317964
NN3-067_TWARP66,1982-01-01,4160.0
NN3-067_TWARP66,1982-02-01,3976.45408681961
NN3-067_TWARP66,1982-03-01,4473.402053301336
NN3-067_TWARP66,1982-04-01,6036.12830369043
NN3-067_TWARP66,1982-05-01,5024.973890252566
NN3-067_TWARP66,1982-06-01,3632.3285976893358
NN3-067_TWARP66,1982-07-01,4086.332026833611
NN3-067_TWARP66,1982-08-01,4613.8167213963125
NN3-067_TWARP66,1982-09-01,3742.236076692026
NN3-067_TWARP66,1982-10-01,3348.5446031270494
NN3-067_TWARP66,1982-11-01,4126.893309292591
NN3-067_TWARP66,1982-12-01,4580.713387560525
NN3-067_TWARP66,1983-01-01,4020.896714290394
NN3-067_TWARP66,1983-02-01,4828.010289112521
NN3-067_TWARP66,1983-03-01,4884.701178238157
NN3-067_TWARP66,1983-04-01,5688.222694349568
NN3-067_TWARP66,1983-05-01,5250.151881894734
NN3-067_TWARP66,1983-06-01,3742.3274679580004
NN3-067_TWARP66,1983-07-01,5098.704002749354
NN3-067_TWARP66,1983-08-01,6609.0580582839075
NN3-067_TWARP66,1983-09-01,6550.497687351606
NN3-067_TWARP66,1983-10-01,6433.918331018574
NN3-067_TWARP66,1983-11-01,5199.401041884927
NN3-067_TWARP66,1983-12-01,5286.6016689953385
NN3-067_TWARP66,1984-01-01,5298.55520799875
NN3-067_TWARP66,1984-02-01,4494.139334595658
NN3-067_TWARP66,1984-03-01,4902.031635983201
NN3-067_TWARP66,1984-04-01,6083.104156130483
NN3-067_TWARP66,1984-05-01,4886.359246180542
NN3-067_TWARP66,1984-06-01,3274.30614313555
NN3-067_TWARP66,1984-07-01,5816.020218974329
NN3-067_TWARP66,1984-08-01,7296.156533635013
NN3-067_TWARP66,1984-09-01,5301.54298361277
NN3-067_TWARP66,1984-10-01,4028.820023318029
NN3-067_TWARP66,1984-11-01,4666.755525074283
NN3-067_TWARP66,1984-12-01,6102.08568118016
NN3-067_TWARP66,1985-01-01,5628.305579194039
NN3-067_TWARP66,1985-02-01,4407.601854758662
NN3-067_TWARP66,1985-03-01,5353.229489317145
NN3-067_TWARP66,1985-04-01,7436.280276326994
NN3-067_TWARP66,1985-05-01,6164.733151391361
NN3-067_TWARP66,1985-06-01,3048.7129266326674
NN3-067_TWARP66,1985-07-01,2675.278811986156
NN3-067_TWARP66,1985-08-01,5440.850480082032
NN3-067_TWARP66,1985-09-01,5400.712450130289
NN3-067_TWARP66,1985-10-01,4334.662797335705
NN3-067_TWARP66,1985-11-01,2753.3469364191815
NN3-067_TWARP66,1985-12-01,6239.747889294113
NN3-067_TWARP66,1986-01-01,7515.100082945764
NN3-067_TWARP66,1986-02-01,4494.050771577364
NN3-067_TWARP66,1986-03-01,4202.780137219679
NN3-067_TWARP66,1986-04-01,7468.822751651003
NN3-067_TWARP66,1986-05-01,6882.334706295022
NN3-067_TWARP66,1986-06-01,3581.068880791909
NN3-067_TWARP66,1986-07-01,1849.1802088568213
NN3-067_TWARP66,1986-08-01,2749.359725892545
NN3-067_TWARP66,1986-09-01,4603.8616344462735
NN3-067_TWARP66,1986-10-01,4240.719215049058
NN3-067_TWARP66,1986-11-01,3113.3994491704752
NN3-067_TWARP66,1986-12-01,4189.704998552184
NN3-067_TWARP66,1987-01-01,6256.010443038966
NN3-067_TWARP66,1987-02-01,6575.953139301265
NN3-067_TWARP66,1987-03-01,5023.999367859763
NN3-067_TWARP66,1987-04-01,6226.654910794467
NN3-067_TWARP66,1987-05-01,7045.001754781417
NN3-067_TWARP66,1987-06-01,5060.094082489148
NN3-067_TWARP66,1987-07-01,5359.806890038919
NN3-067_TWARP66,1987-08-01,2512.6706950413445
NN3-067_TWARP66,1987-09-01,4493.8871536734405
NN3-067_TWARP66,1987-10-01,5443.4621611139
NN3-067_TWARP66,1987-11-01,3993.9914838192058
NN3-067_TWARP66,1987-12-01,3664.82149006183
NN3-067_TWARP66,1988-01-01,5674.675400243663
NN3-067_TWARP66,1988-02-01,6898.122763400976
NN3-067_TWARP66,1988-03-01,4509.607724256942
NN3-067_TWARP66,1988-04-01,4341.3968130907015
NN3-067_TWARP66,1988-05-01,6476.120722136768
NN3-067_TWARP66,1988-06-01,5643.777061650546
NN3-067_TWARP66,1988-07-01,4225.470472301505
NN3-067_TWARP66,1988-08-01,3064.9410863988187
NN3-067_TWARP66,1988-09-01,4183.918817489503
NN3-067_TWARP66,1988-10-01,3808.7023841550176
NN3-067_TWARP66,1988-11-01,4117.768434844543
NN3-067_TWARP66,1988-12-01,4447.349518443007
NN3-067_TWARP66,1989-01-01,5134.039021309277
NN3-067_TWARP66,1989-02-01,5678.30093510575
NN3-067_TWARP66,1989-03-01,4325.721222648718
NN3-067_TWARP66,1989-04-01,3786.413466999674
NN3-067_TWARP66,1989-05-01,5969.029402780417
NN3-067_TWARP66,1989-06-01,6764.01712075067
NN3-067_TWARP66,1989-07-01,4098.355560846589
NN3-067_TWARP66,1989-08-01,2480.6522562130563
NN3-067_TWARP66,1989-09-01,4062.5827611844143
NN3-067_TWARP66,1989-10-01,4638.380130028205
NN3-067_TWARP66,1989-11-01,4519.655420759235
NN3-067_TWARP66,1989-12-01,4490.560946218937
NN3-067_TWARP66,1990-01-01,5982.99401515166
NN3-067_TWARP66,1990-02-01,6553.172449234757
NN3-067_TWARP66,1990-03-01,4569.957972741622
NN3-067_TWARP66,1990-04-01,4121.620763383607
NN3-067_TWARP66,1990-05-01,5899.706059239423
NN3-067_TWARP66,1990-06-01,6675.600509496965
NN3-067_TWARP66,1990-07-01,4658.256548133777
NN3-067_TWARP66,1990-08-01,2982.330542481974
NN3-067_TWARP66,1990-09-01,4935.780637627957
NN3-067_TWARP66,1990-10-01,4587.776757203389
NN3-067_TWARP66,1990-11-01,3727.9352458794197
NN3-067_TWARP66,1990-12-01,4319.070739075424
NN3-067_TWARP66,1991-01-01,5081.955406263578
NN3-067_TWARP66,1991-02-01,5830.072368263282
NN3-067_TWARP66,1991-03-01,4196.506889212405
NN3-067_TWARP66,1991-04-01,3723.1208079341245
NN3-067_TWARP66,1991-05-01,6400.847772862553
NN3-067_TWARP66,1991-06-01,7363.016615238976
NN3-068_TWARP67,1982-01-01,3070.0
NN3-068_TWARP67,1982-02-01,3089.3783660986664
NN3-068_TWARP67,1982-03-01,3579.1735878441523
NN3-068_TWARP67,1982-04-01,3520.6503290537607
NN3-068_TWARP67,1982-05-01,3487.755023809193
NN3-068_TWARP67,1982-06-01,3542.9504285343774
NN3-068_TWARP67,1982-07-01,3308.1689187151783
NN3-068_TWARP67,1982-08-01,3400.71482006357
NN3-068_TWARP67,1982-09-01,3579.157231107708
NN3-068_TWARP67,1982-10-01,4070.250131813988
NN3-068_TWARP67,1982-11-01,4879.058424207787
NN3-068_TWARP67,1982-12-01,3697.891836582711
NN3-068_TWARP67,1983-01-01,2927.8271683928583
NN3-068_TWARP67,1983-02-01,3391.340791190109
NN3-068_TWARP67,1983-03-01,3459.7020809921983
NN3-068_TWARP67,1983-04-01,3396.044062848095
NN3-068_TWARP67,1983-05-01,3696.5643146414654
NN3-068_TWARP67,1983-06-01,3465.1872965458147
NN3-068_TWARP67,1983-07-01,3303.5342979792035
NN3-068_TWARP67,1983-08-01,3379.787437553293
NN3-068_TWARP67,1983-09-01,3406.293296336686
NN3-068_TWARP67,1983-10-01,3835.082750831728
NN3-068_TWARP67,1983-11-01,4613.902489803442
NN3-068_TWARP67,1983-12-01,4334.635007234752
NN3-068_TWARP67,1984-01-01,3073.7907483950316
NN3-068_TWARP67,1984-02-01,3180.404123106165
NN3-068_TWARP67,1984-03-01,3415.195286201853
NN3-068_TWARP67,1984-04-01,3308.606489411021
NN3-068_TWARP67,1984-05-01,3451.5943232428795
NN3-068_TWARP67,1984-06-01,3650.1288961099326
NN3-068_TWARP67,1984-07-01,3175.494620222219
NN3-068_TWARP67,1984-08-01,3326.2840065016903
NN3-068_TWARP67,1984-09-01,3287.453533812419
NN3-068_TWARP67,1984-10-01,3685.104842630346
NN3-068_TWARP67,1984-11-01,4074.1989224243007
NN3-068_TWARP67,1984-12-01,4678.8981303162755
NN3-068_TWARP67,1985-01-01,3680.714147331005
NN3-068_TWARP67,1985-02-01,2952.7686716020175
NN3-068_TWARP67,1985-03-01,3105.6392114704104
NN3-068_TWARP67,1985-04-01,3214.9967832072853
NN3-068_TWARP67,1985-05-01,3314.6135203294953
NN3-068_TWARP67,1985-06-01,3405.2459124831958
NN3-068_TWARP67,1985-07-01,3345.226503857635
NN3-068_TWARP67,1985-08-01,3316.347744772242
NN3-068_TWARP67,1985-09-01,3811.8645568068723
NN3-068_TWARP67,1985-10-01,4603.442396185185
NN3-068_TWARP67,1985-11-01,2998.994551900123
NN3-068_TWARP67,1985-12-01,3459.125019225021
NN3-068_TWARP67,1986-01-01,4509.782859290716
NN3-068_TWARP67,1986-02-01,2580.5999735091764
NN3-068_TWARP67,1986-03-01,2746.0579055579537
NN3-068_TWARP67,1986-04-01,3107.8283647631947
NN3-068_TWARP67,1986-05-01,3070.1200944806824
NN3-068_TWARP67,1986-06-01,3125.542578226745
NN3-068_TWARP67,1986-07-01,3383.495379043568
NN3-068_TWARP67,1986-08-01,3252.7311513917666
NN3-068_TWARP67,1986-09-01,3107.2931720376164
NN3-068_TWARP67,1986-10-01,3220.2761761193865
NN3-068_TWARP67,1986-11-01,3410.7641488572426
NN3-068_TWARP67,1986-12-01,4045.982970791028
NN3-068_TWARP67,1987-01-01,4113.115009821449
NN3-068_TWARP67,1987-02-01,2740.7373826489784
NN3-068_TWARP67,1987-03-01,2976.52701291404
NN3-068_TWARP67,1987-04-01,3087.245465742791
NN3-068_TWARP67,1987-05-01,3052.0
NN3-068_TWARP67,1987-06-01,3279.758096893
NN3-068_TWARP67,1987-07-01,3064.953882754916
NN3-068_TWARP67,1987-08-01,2907.14077167213
NN3-068_TWARP67,1987-09-01,3113.639317804416
NN3-068_TWARP67,1987-10-01,3240.187035122106
NN3-068_TWARP67,1987-11-01,4091.5998186486922
NN3-068_TWARP67,1987-12-01,3837.9026153916284
NN3-068_TWARP67,1988-01-01,2591.280485084738
NN3-068_TWARP67,1988-02-01,2925.2762281121577
NN3-068_TWARP67,1988-03-01,3043.2091941453477
NN3-068_TWARP67,1988-04-01,3018.4180340258185
NN3-068_TWARP67,1988-05-01,3274.033576607444
NN3-068_TWARP67,1988-06-01,2821.8438883533026
NN3-068_TWARP67,1988-07-01,2957.076657221947
NN3-068_TWARP67,1988-08-01,3045.0491819128997
NN3-068_TWARP67,1988-09-01,3417.517818042818
NN3-068_TWARP67,1988-10-01,4169.570079899256
NN3-068_TWARP67,1988-11-01,3372.0395769286324
NN3-068_TWARP67,1988-12-01,2605.3645598402372
NN3-068_TWARP67,1989-01-01,2932.523115182864
NN3-068_TWARP67,1989-02-01,2891.2158069187894
NN3-068_TWARP67,1989-03-01,3030.9212093570454
NN3-068_TWARP67,1989-04-01,3160.0681974124705
NN3-068_TWARP67,1989-05-01,2822.7682209428735
NN3-068_TWARP67,1989-06-01,2982.6812300069355
NN3-068_TWARP67,1989-07-01,2864.6113945308384
NN3-068_TWARP67,1989-08-01,3099.46366503152
NN3-068_TWARP67,1989-09-01,3737.9151724435715
NN3-068_TWARP67,1989-10-01,4332.511230782665
NN3-068_TWARP67,1989-11-01,2639.977605147498
NN3-068_TWARP67,1989-12-01,2624.975861057411
NN3-068_TWARP67,1990-01-01,2854.5648796240125
NN3-068_TWARP67,1990-02-01,2867.6529493059147
NN3-068_TWARP67,1990-03-01,3034.9128274255872
NN3-068_TWARP67,1990-04-01,3154.3574788736278
NN3-068_TWARP67,1990-05-01,3053.389810021016
NN3-068_TWARP67,1990-06-01,2957.731743196066
NN3-068_TWARP67,1990-07-01,2842.2496564366097
NN3-068_TWARP67,1990-08-01,2860.5941033933213
NN3-068_TWARP67,1990-09-01,3240.526753867376
NN3-068_TWARP67,1990-10-01,3792.7540435467845
NN3-068_TWARP67,1990-11-01,4774.768761103105
NN3-068_TWARP67,1990-12-01,2895.783010101096
NN3-068_TWARP67,1991-01-01,2473.0
NN3-069_TWARP68,1981-01-01,872.0
NN3-069_TWARP68,1981-02-01,1610.8157357859004
NN3-069_TWARP68,1981-03-01,1517.7122483931432
NN3-069_TWARP68,1981-04-01,716.9244042390671
NN3-069_TWARP68,1981-05-01,344.9431703643762
NN3-069_TWARP68,1981-06-01,202.0109334020803
NN3-069_TWARP68,1981-07-01,300.4261284172004
NN3-069_TWARP68,1981-08-01,2024.276666933832
NN3-069_TWARP68,1981-09-01,5126.953105484719
NN3-069_TWARP68,1981-10-01,4844.149528088431
NN3-069_TWARP68,1981-11-01,2519.3046844661117
NN3-069_TWARP68,1981-12-01,1618.8122502087858
NN3-069_TWARP68,1982-01-01,1297.6533296353123
NN3-069_TWARP68,1982-02-01,1161.8846046490507
NN3-069_TWARP68,1982-03-01,1447.3891149244428
NN3-069_TWARP68,1982-04-01,1505.3667869958317
NN3-069_TWARP68,1982-05-01,1294.926829808078
NN3-069_TWARP68,1982-06-01,1002.4214510825833
NN3-069_TWARP68,1982-07-01,830.7457107595544
NN3-069_TWARP68,1982-08-01,1363.295596444309
NN3-069_TWARP68,1982-09-01,3710.6616007244884
NN3-069_TWARP68,1982-10-01,5456.82645720672
NN3-069_TWARP68,1982-11-01,2527.105834897002
NN3-069_TWARP68,1982-12-01,1431.6717116333848
NN3-069_TWARP68,1983-01-01,1358.8964958433885
NN3-069_TWARP68,1983-02-01,1253.0382714275902
NN3-069_TWARP68,1983-03-01,1306.3741119511892
NN3-069_TWARP68,1983-04-01,942.5458388931553
NN3-069_TWARP68,1983-05-01,692.6582492430714
NN3-069_TWARP68,1983-06-01,574.7810519617319
NN3-069_TWARP68,1983-07-01,373.9245272530087
NN3-069_TWARP68,1983-08-01,879.952205774227
NN3-069_TWARP68,1983-09-01,2981.2114415458473
NN3-069_TWARP68,1983-10-01,3851.7689832689593
NN3-069_TWARP68,1983-11-01,2157.5593780990284
NN3-069_TWARP68,1983-12-01,1642.7569640702625
NN3-069_TWARP68,1984-01-01,1764.126799664942
NN3-069_TWARP68,1984-02-01,1317.5433221127782
NN3-069_TWARP68,1984-03-01,1011.7054909811005
NN3-069_TWARP68,1984-04-01,850.7388440942796
NN3-069_TWARP68,1984-05-01,561.6671883906042
NN3-069_TWARP68,1984-06-01,355.0348391496363
NN3-069_TWARP68,1984-07-01,240.48206011928954
NN3-069_TWARP68,1984-08-01,1003.9177687045511
NN3-069_TWARP68,1984-09-01,4012.662767879704
NN3-069_TWARP68,1984-10-01,4198.716409964399
NN3-069_TWARP68,1984-11-01,2375.7029588909936
NN3-069_TWARP68,1984-12-01,1428.4276228241383
NN3-069_TWARP68,1985-01-01,1108.3256254150883
NN3-069_TWARP68,1985-02-01,818.7377977995084
NN3-069_TWARP68,1985-03-01,1188.601043341988
NN3-069_TWARP68,1985-04-01,745.3087454799486
NN3-069_TWARP68,1985-05-01,461.58583354206826
NN3-069_TWARP68,1985-06-01,360.08470425620095
NN3-069_TWARP68,1985-07-01,437.2617522249385
NN3-069_TWARP68,1985-08-01,2136.5568056414922
NN3-069_TWARP68,1985-09-01,5433.333785821595
NN3-069_TWARP68,1985-10-01,2832.4496765679105
NN3-069_TWARP68,1985-11-01,1371.087462241261
NN3-069_TWARP68,1985-12-01,1239.4085219646481
NN3-069_TWARP68,1986-01-01,410.9052756561737
NN3-069_TWARP68,1986-02-01,371.1609601676844
NN3-069_TWARP68,1986-03-01,492.55397723125907
NN3-069_TWARP68,1986-04-01,1074.3267762457147
NN3-069_TWARP68,1986-05-01,1225.921773700964
NN3-069_TWARP68,1986-06-01,894.2573148626949
NN3-069_TWARP68,1986-07-01,1472.9838007969165
NN3-069_TWARP68,1986-08-01,4559.843499044696
NN3-069_TWARP68,1986-09-01,4687.509043679174
NN3-069_TWARP68,1986-10-01,1922.6656283240418
NN3-069_TWARP68,1986-11-01,1794.3990109855863
NN3-069_TWARP68,1986-12-01,1102.511028473699
NN3-069_TWARP68,1987-01-01,786.2090509343811
NN3-069_TWARP68,1987-02-01,928.3602532579964
NN3-069_TWARP68,1987-03-01,873.5368364866206
NN3-069_TWARP68,1987-04-01,778.794249349739
NN3-069_TWARP68,1987-05-01,797.757484141291
NN3-069_TWARP68,1987-06-01,638.7058833390897
NN3-069_TWARP68,1987-07-01,1229.1377201664054
NN3-069_TWARP68,1987-08-01,5315.062337326639
NN3-069_TWARP68,1987-09-01,3471.8955082335315
NN3-069_TWARP68,1987-10-01,1784.4852600625118
NN3-069_TWARP68,1987-11-01,1598.9442187763188
NN3-069_TWARP68,1987-12-01,1370.6048799069792
NN3-069_TWARP68,1988-01-01,1228.6265269222533
NN3-069_TWARP68,1988-02-01,948.9612579017811
NN3-069_TWARP68,1988-03-01,643.9088709171
NN3-069_TWARP68,1988-04-01,528.7540564485565
NN3-069_TWARP68,1988-05-01,541.434842771869
NN3-069_TWARP68,1988-06-01,404.6647867719721
NN3-069_TWARP68,1988-07-01,701.1572198243995
NN3-069_TWARP68,1988-08-01,3523.7358973458613
NN3-069_TWARP68,1988-09-01,4533.102841724473
NN3-069_TWARP68,1988-10-01,2500.6489550358965
NN3-069_TWARP68,1988-11-01,1251.748694460992
NN3-069_TWARP68,1988-12-01,1402.3077320818852
NN3-069_TWARP68,1989-01-01,1733.7988261585213
NN3-069_TWARP68,1989-02-01,1949.4247614895223
NN3-069_TWARP68,1989-03-01,2026.2800382112769
NN3-069_TWARP68,1989-04-01,1780.6843862365358
NN3-069_TWARP68,1989-05-01,1189.330570911684
NN3-069_TWARP68,1989-06-01,984.8929871972377
NN3-069_TWARP68,1989-07-01,912.2368017549705
NN3-069_TWARP68,1989-08-01,2185.1968005346735
NN3-069_TWARP68,1989-09-01,7261.208314843747
NN3-069_TWARP68,1989-10-01,3216.2560800320716
NN3-069_TWARP68,1989-11-01,1332.8631112396954
NN3-069_TWARP68,1989-12-01,1664.265498503713
NN3-069_TWARP68,1990-01-01,2154.63892254537
NN3-070_TWARP69,1981-01-01,13430.0
NN3-070_TWARP69,1981-02-01,13042.703796644926
NN3-070_TWARP69,1981-03-01,11848.411221110982
NN3-070_TWARP69,1981-04-01,9633.985396367032
NN3-070_TWARP69,1981-05-01,7659.57190276798
NN3-070_TWARP69,1981-06-01,5547.7105271888495
NN3-070_TWARP69,1981-07-01,4163.628378361216
NN3-070_TWARP69,1981-08-01,5508.448693839293
NN3-070_TWARP69,1981-09-01,11340.188730516275
NN3-070_TWARP69,1981-10-01,14861.664579653341
NN3-070_TWARP69,1981-11-01,14839.094136487482
NN3-070_TWARP69,1981-12-01,14059.88160867092
NN3-070_TWARP69,1982-01-01,13191.127662671159
NN3-070_TWARP69,1982-02-01,11971.934683442152
NN3-070_TWARP69,1982-03-01,10948.521513980619
NN3-070_TWARP69,1982-04-01,9783.895198220009
NN3-070_TWARP69,1982-05-01,8470.008714496986
NN3-070_TWARP69,1982-06-01,7010.447496388655
NN3-070_TWARP69,1982-07-01,5495.644938585223
NN3-070_TWARP69,1982-08-01,5996.326935335182
NN3-070_TWARP69,1982-09-01,12175.908971023564
NN3-070_TWARP69,1982-10-01,15872.506904560874
NN3-070_TWARP69,1982-11-01,16203.452170105671
NN3-070_TWARP69,1982-12-01,15901.843816173692
NN3-070_TWARP69,1983-01-01,15919.204873876775
NN3-070_TWARP69,1983-02-01,15381.49933433689
NN3-070_TWARP69,1983-03-01,13543.663592912826
NN3-070_TWARP69,1983-04-01,12287.566828824136
NN3-070_TWARP69,1983-05-01,8760.05939580582
NN3-070_TWARP69,1983-06-01,6299.523905263707
NN3-070_TWARP69,1983-07-01,4847.021879950218
NN3-070_TWARP69,1983-08-01,6391.711574680268
NN3-070_TWARP69,1983-09-01,11158.164488259987
NN3-070_TWARP69,1983-10-01,12849.23959389162
NN3-070_TWARP69,1983-11-01,13029.26082540052
NN3-070_TWARP69,1983-12-01,13621.964226382048
NN3-070_TWARP69,1984-01-01,13573.834741810057
NN3-070_TWARP69,1984-02-01,12636.625645786013
NN3-070_TWARP69,1984-03-01,11033.35551001677
NN3-070_TWARP69,1984-04-01,8894.322252228772
NN3-070_TWARP69,1984-05-01,7405.713825573943
NN3-070_TWARP69,1984-06-01,5747.487450679324
NN3-070_TWARP69,1984-07-01,4772.529986325067
NN3-070_TWARP69,1984-08-01,7778.352106096958
NN3-070_TWARP69,1984-09-01,12420.442863446664
NN3-070_TWARP69,1984-10-01,14295.601445743961
NN3-070_TWARP69,1984-11-01,14394.374822446163
NN3-070_TWARP69,1984-12-01,14029.279882243543
NN3-070_TWARP69,1985-01-01,13368.711822951973
NN3-070_TWARP69,1985-02-01,13330.130047761431
NN3-070_TWARP69,1985-03-01,10494.84111531945
NN3-070_TWARP69,1985-04-01,7710.157529524663
NN3-070_TWARP69,1985-05-01,6064.746174869887
NN3-070_TWARP69,1985-06-01,4670.186973941394
NN3-070_TWARP69,1985-07-01,4845.60583408704
NN3-070_TWARP69,1985-08-01,9863.845540086826
NN3-070_TWARP69,1985-09-01,13578.488972315505
NN3-070_TWARP69,1985-10-01,14181.566916322456
NN3-070_TWARP69,1985-11-01,13878.264082776224
NN3-070_TWARP69,1985-12-01,13232.369313482106
NN3-070_TWARP69,1986-01-01,12155.911700047032
NN3-070_TWARP69,1986-02-01,11114.963725898904
NN3-070_TWARP69,1986-03-01,9560.01528129325
NN3-070_TWARP69,1986-04-01,8183.436053959182
NN3-070_TWARP69,1986-05-01,7189.319933018674
NN3-070_TWARP69,1986-06-01,5754.669345836294
NN3-070_TWARP69,1986-07-01,5263.8437010351345
NN3-070_TWARP69,1986-08-01,9082.475848703642
NN3-070_TWARP69,1986-09-01,14476.329449669867
NN3-070_TWARP69,1986-10-01,15075.285055431876
NN3-070_TWARP69,1986-11-01,14977.104491481921
NN3-070_TWARP69,1986-12-01,14836.604715443167
NN3-070_TWARP69,1987-01-01,13483.785858331112
NN3-070_TWARP69,1987-02-01,12537.426038189758
NN3-070_TWARP69,1987-03-01,11253.39704672919
NN3-070_TWARP69,1987-04-01,9759.638486633317
NN3-070_TWARP69,1987-05-01,8648.394872280307
NN3-070_TWARP69,1987-06-01,7771.963503037795
NN3-070_TWARP69,1987-07-01,6571.2558737931895
NN3-070_TWARP69,1987-08-01,5582.117635225797
NN3-070_TWARP69,1987-09-01,13198.951943921778
NN3-070_TWARP69,1987-10-01,13390.609438151403
NN3-070_TWARP69,1987-11-01,13489.53673031921
NN3-070_TWARP69,1987-12-01,13445.522290789064
NN3-070_TWARP69,1988-01-01,13075.447964346442
NN3-070_TWARP69,1988-02-01,12487.708132813883
NN3-070_TWARP69,1988-03-01,11556.3900467173
NN3-070_TWARP69,1988-04-01,10717.923492683736
NN3-070_TWARP69,1988-05-01,9103.501806046801
NN3-070_TWARP69,1988-06-01,7820.265933593596
NN3-070_TWARP69,1988-07-01,6351.0224716036455
NN3-070_TWARP69,1988-08-01,5955.167422829422
NN3-070_TWARP69,1988-09-01,9851.02265273844
NN3-070_TWARP69,1988-10-01,12511.104057466484
NN3-070_TWARP69,1988-11-01,11479.45490912399
NN3-070_TWARP69,1988-12-01,10134.154622708791
NN3-070_TWARP69,1989-01-01,10288.893949944122
NN3-070_TWARP69,1989-02-01,9854.866908889382
NN3-070_TWARP69,1989-03-01,9511.804507766821
NN3-070_TWARP69,1989-04-01,8533.09802169161
NN3-070_TWARP69,1989-05-01,6250.395380502339
NN3-070_TWARP69,1989-06-01,4504.905325655411
NN3-070_TWARP69,1989-07-01,4551.39939457039
NN3-070_TWARP69,1989-08-01,13381.281646152509
NN3-070_TWARP69,1989-09-01,14235.763950922188
NN3-070_TWARP69,1989-10-01,13673.62961934751
NN3-070_TWARP69,1989-11-01,13909.048789879978
NN3-070_TWARP69,1989-12-01,13940.0
NN3-070_TWARP69,1990-01-01,13940.0
NN3-071_TWARP70,1978-01-01,7149.0
NN3-071_TWARP70,1978-02-01,7583.474659722163
NN3-071_TWARP70,1978-03-01,9887.927613143962
NN3-071_TWARP70,1978-04-01,5536.671983288686
NN3-071_TWARP70,1978-05-01,4381.555040996285
NN3-071_TWARP70,1978-06-01,4060.356639684078
NN3-071_TWARP70,1978-07-01,5886.588405383438
NN3-071_TWARP70,1978-08-01,6996.904324530104
NN3-071_TWARP70,1978-09-01,6187.323735496134
NN3-071_TWARP70,1978-10-01,11823.113628676996
NN3-071_TWARP70,1978-11-01,12867.735246387765
NN3-071_TWARP70,1978-12-01,10722.521779057286
NN3-071_TWARP70,1979-01-01,5170.195385773925
NN3-071_TWARP70,1979-02-01,6999.948840756692
NN3-071_TWARP70,1979-03-01,7617.181098765055
NN3-071_TWARP70,1979-04-01,6749.335779674069
NN3-071_TWARP70,1979-05-01,5166.008171246892
NN3-071_TWARP70,1979-06-01,3919.536725005248
NN3-071_TWARP70,1979-07-01,4823.360482515828
NN3-071_TWARP70,1979-08-01,4039.5682731400084
NN3-071_TWARP70,1979-09-01,4634.5527436313
NN3-071_TWARP70,1979-10-01,7545.595007176417
NN3-071_TWARP70,1979-11-01,10880.52788145261
NN3-071_TWARP70,1979-12-01,8036.797550748171
NN3-071_TWARP70,1980-01-01,5289.792817067332
NN3-071_TWARP70,1980-02-01,8902.234991851501
NN3-071_TWARP70,1980-03-01,9189.058472633133
NN3-071_TWARP70,1980-04-01,7335.366567569931
NN3-071_TWARP70,1980-05-01,6491.421025656907
NN3-071_TWARP70,1980-06-01,5688.125179092074
NN3-071_TWARP70,1980-07-01,4560.882800681537
NN3-071_TWARP70,1980-08-01,4185.620835058678
NN3-071_TWARP70,1980-09-01,5710.512987413551
NN3-071_TWARP70,1980-10-01,7969.921741489068
NN3-071_TWARP70,1980-11-01,8962.34252486491
NN3-071_TWARP70,1980-12-01,7009.303782964071
NN3-071_TWARP70,1981-01-01,4939.058459836894
NN3-071_TWARP70,1981-02-01,6540.48540145201
NN3-071_TWARP70,1981-03-01,6873.113297403639
NN3-071_TWARP70,1981-04-01,6221.889704298356
NN3-071_TWARP70,1981-05-01,5596.605439191689
NN3-071_TWARP70,1981-06-01,4508.720432397946
NN3-071_TWARP70,1981-07-01,3832.076999467405
NN3-071_TWARP70,1981-08-01,5734.563184230552
NN3-071_TWARP70,1981-09-01,8178.3487998937835
NN3-071_TWARP70,1981-10-01,11270.029907829996
NN3-071_TWARP70,1981-11-01,8246.393629922703
NN3-071_TWARP70,1981-12-01,4816.38544724157
NN3-071_TWARP70,1982-01-01,5200.4522721006
NN3-071_TWARP70,1982-02-01,7989.375371335929
NN3-071_TWARP70,1982-03-01,6096.424801072937
NN3-071_TWARP70,1982-04-01,7092.197008108786
NN3-071_TWARP70,1982-05-01,5417.253526040456
NN3-071_TWARP70,1982-06-01,3542.8519679186056
NN3-071_TWARP70,1982-07-01,3964.9799242297313
NN3-071_TWARP70,1982-08-01,3503.5140293788118
NN3-071_TWARP70,1982-09-01,8873.1146793784
NN3-071_TWARP70,1982-10-01,12068.365000162521
NN3-071_TWARP70,1982-11-01,8094.513119692447
NN3-071_TWARP70,1982-12-01,4121.193668010775
NN3-071_TWARP70,1983-01-01,4736.634407101787
NN3-071_TWARP70,1983-02-01,5974.939749495772
NN3-071_TWARP70,1983-03-01,6060.141577051693
NN3-071_TWARP70,1983-04-01,5014.7214095046165
NN3-071_TWARP70,1983-05-01,4495.151993850347
NN3-071_TWARP70,1983-06-01,4096.491497249396
NN3-071_TWARP70,1983-07-01,4519.566469120531
NN3-071_TWARP70,1983-08-01,4128.876878877376
NN3-071_TWARP70,1983-09-01,5549.416120455096
NN3-071_TWARP70,1983-10-01,9709.345312199564
NN3-071_TWARP70,1983-11-01,10019.621697284201
NN3-071_TWARP70,1983-12-01,6979.368606824803
NN3-071_TWARP70,1984-01-01,5597.646244316372
NN3-071_TWARP70,1984-02-01,5656.223231458616
NN3-071_TWARP70,1984-03-01,5274.053616418891
NN3-071_TWARP70,1984-04-01,4090.796721152933
NN3-071_TWARP70,1984-05-01,3723.5727027871903
NN3-071_TWARP70,1984-06-01,3258.0141164083043
NN3-071_TWARP70,1984-07-01,2175.9942801934144
NN3-071_TWARP70,1984-08-01,3375.7177517004748
NN3-071_TWARP70,1984-09-01,6475.036190562851
NN3-071_TWARP70,1984-10-01,10374.019328684502
NN3-071_TWARP70,1984-11-01,12576.81989652703
NN3-071_TWARP70,1984-12-01,9049.80561740619
NN3-071_TWARP70,1985-01-01,5159.683532025644
NN3-071_TWARP70,1985-02-01,6584.768538736414
NN3-071_TWARP70,1985-03-01,6721.310679017109
NN3-071_TWARP70,1985-04-01,6216.247967370906
NN3-071_TWARP70,1985-05-01,2103.355865552839
NN3-071_TWARP70,1985-06-01,2121.5858283349235
NN3-071_TWARP70,1985-07-01,3350.7240609379933
NN3-071_TWARP70,1985-08-01,5391.7313709102455
NN3-071_TWARP70,1985-09-01,5826.376172691149
NN3-071_TWARP70,1985-10-01,7871.627242273553
NN3-071_TWARP70,1985-11-01,11768.576365685905
NN3-071_TWARP70,1985-12-01,9334.861459759977
NN3-071_TWARP70,1986-01-01,3404.3325045886777
NN3-071_TWARP70,1986-02-01,5182.5230495632295
NN3-071_TWARP70,1986-03-01,6485.616687989176
NN3-071_TWARP70,1986-04-01,5188.0335365794535
NN3-071_TWARP70,1986-05-01,3464.875702145485
NN3-071_TWARP70,1986-06-01,2599.7685406921787
NN3-071_TWARP70,1986-07-01,2832.772709506872
NN3-071_TWARP70,1986-08-01,3081.552268073472
NN3-071_TWARP70,1986-09-01,4107.883064560632
NN3-071_TWARP70,1986-10-01,8232.06323247485
NN3-071_TWARP70,1986-11-01,13955.185102911179
NN3-071_TWARP70,1986-12-01,8086.058758379023
NN3-071_TWARP70,1987-01-01,3714.6590846304225
NN3-071_TWARP70,1987-02-01,5816.6565424603
NN3-071_TWARP70,1987-03-01,5212.972700414578
NN3-071_TWARP70,1987-04-01,3657.558003943185
NN3-071_TWARP70,1987-05-01,2821.0
NN3-071_TWARP70,1987-06-01,2821.0
NN3-072_TWARP71,1981-01-01,5305.0
NN3-072_TWARP71,1981-02-01,5157.077631487497
NN3-072_TWARP71,1981-03-01,5609.855201042754
NN3-072_TWARP71,1981-04-01,5350.106799023987
NN3-072_TWARP71,1981-05-01,5109.247018956384
NN3-072_TWARP71,1981-06-01,5606.898350099188
NN3-072_TWARP71,1981-07-01,5176.885653482149
NN3-072_TWARP71,1981-08-01,5866.268634558209
NN3-072_TWARP71,1981-09-01,5798.881419251819
NN3-072_TWARP71,1981-10-01,5586.357887584469
NN3-072_TWARP71,1981-11-01,4882.002962384489
NN3-072_TWARP71,1981-12-01,4298.506520056964
NN3-072_TWARP71,1982-01-01,4876.377758766541
NN3-072_TWARP71,1982-02-01,5337.33211985453
NN3-072_TWARP71,1982-03-01,5641.704601139979
NN3-072_TWARP71,1982-04-01,4835.592551210762
NN3-072_TWARP71,1982-05-01,4952.121941651911
NN3-072_TWARP71,1982-06-01,5946.701219906892
NN3-072_TWARP71,1982-07-01,4978.0896132113485
NN3-072_TWARP71,1982-08-01,5587.332143969191
NN3-072_TWARP71,1982-09-01,5645.854879066557
NN3-072_TWARP71,1982-10-01,5375.3780311006485
NN3-072_TWARP71,1982-11-01,4852.888468909826
NN3-072_TWARP71,1982-12-01,3390.333706710097
NN3-072_TWARP71,1983-01-01,4842.735624671573
NN3-072_TWARP71,1983-02-01,4310.613626556234
NN3-072_TWARP71,1983-03-01,5418.22916943148
NN3-072_TWARP71,1983-04-01,4747.639283966402
NN3-072_TWARP71,1983-05-01,4795.104180311802
NN3-072_TWARP71,1983-06-01,6044.338248625336
NN3-072_TWARP71,1983-07-01,4314.21044486473
NN3-072_TWARP71,1983-08-01,5433.036590162552
NN3-072_TWARP71,1983-09-01,5257.703553589994
NN3-072_TWARP71,1983-10-01,4971.752884540401
NN3-072_TWARP71,1983-11-01,5295.5835815887685
NN3-072_TWARP71,1983-12-01,4361.427897217017
NN3-072_TWARP71,1984-01-01,4964.672352047644
NN3-072_TWARP71,1984-02-01,4483.775442413195
NN3-072_TWARP71,1984-03-01,5048.03216229016
NN3-072_TWARP71,1984-04-01,4759.019025369124
NN3-072_TWARP71,1984-05-01,5017.55852173875
NN3-072_TWARP71,1984-06-01,5738.64077300814
NN3-072_TWARP71,1984-07-01,4512.032067268291
NN3-072_TWARP71,1984-08-01,5281.747505549464
NN3-072_TWARP71,1984-09-01,4700.013249380216
NN3-072_TWARP71,1984-10-01,5640.841177337684
NN3-072_TWARP71,1984-11-01,5323.973353792986
NN3-072_TWARP71,1984-12-01,4278.253530463779
NN3-072_TWARP71,1985-01-01,4453.0198436297305
NN3-072_TWARP71,1985-02-01,4659.291644959957
NN3-072_TWARP71,1985-03-01,5431.762936529413
NN3-072_TWARP71,1985-04-01,4605.489993326655
NN3-072_TWARP71,1985-05-01,5018.564430861755
NN3-072_TWARP71,1985-06-01,5555.0058059464245
NN3-072_TWARP71,1985-07-01,4337.013191370401
NN3-072_TWARP71,1985-08-01,4732.386141615973
NN3-072_TWARP71,1985-09-01,4410.8496954846805
NN3-072_TWARP71,1985-10-01,6490.104205933765
NN3-072_TWARP71,1985-11-01,4925.004602893554
NN3-072_TWARP71,1985-12-01,4556.455490975772
NN3-072_TWARP71,1986-01-01,4213.9895807685425
NN3-072_TWARP71,1986-02-01,4705.028573961435
NN3-072_TWARP71,1986-03-01,4966.761014663866
NN3-072_TWARP71,1986-04-01,5053.78857172489
NN3-072_TWARP71,1986-05-01,5465.4229128767265
NN3-072_TWARP71,1986-06-01,4386.825022272886
NN3-072_TWARP71,1986-07-01,4811.72398412145
NN3-072_TWARP71,1986-08-01,5092.522611509329
NN3-072_TWARP71,1986-09-01,5180.995201949382
NN3-072_TWARP71,1986-10-01,4944.355469593314
NN3-072_TWARP71,1986-11-01,4880.101620957755
NN3-072_TWARP71,1986-12-01,3823.0915064640894
NN3-072_TWARP71,1987-01-01,4350.649539171718
NN3-072_TWARP71,1987-02-01,5156.341074767324
NN3-072_TWARP71,1987-03-01,4378.778814905312
NN3-072_TWARP71,1987-04-01,5341.557396798618
NN3-072_TWARP71,1987-05-01,5538.348464632003
NN3-072_TWARP71,1987-06-01,4153.221777668656
NN3-072_TWARP71,1987-07-01,5020.167067262432
NN3-072_TWARP71,1987-08-01,5006.811227060231
NN3-072_TWARP71,1987-09-01,5015.353884874019
NN3-072_TWARP71,1987-10-01,5086.073845937695
NN3-072_TWARP71,1987-11-01,4147.634945911341
NN3-072_TWARP71,1987-12-01,3859.2850220637984
NN3-072_TWARP71,1988-01-01,5030.489671708083
NN3-072_TWARP71,1988-02-01,5048.684980602376
NN3-072_TWARP71,1988-03-01,4791.5917318538395
NN3-072_TWARP71,1988-04-01,5209.530999395241
NN3-072_TWARP71,1988-05-01,4356.480024370967
NN3-072_TWARP71,1988-06-01,3262.1045911178903
NN3-072_TWARP71,1988-07-01,4102.2726040114185
NN3-072_TWARP71,1988-08-01,5019.755078750066
NN3-072_TWARP71,1988-09-01,4970.701568997729
NN3-072_TWARP71,1988-10-01,5201.731262815867
NN3-072_TWARP71,1988-11-01,4329.132631553971
NN3-072_TWARP71,1988-12-01,5610.949494015428
NN3-072_TWARP71,1989-01-01,4260.812752632779
NN3-072_TWARP71,1989-02-01,5164.7274084191795
NN3-072_TWARP71,1989-03-01,4501.932991600746
NN3-072_TWARP71,1989-04-01,5131.717890777468
NN3-072_TWARP71,1989-05-01,5191.5331637641075
NN3-072_TWARP71,1989-06-01,3626.8723697389405
NN3-072_TWARP71,1989-07-01,3705.465244256744
NN3-072_TWARP71,1989-08-01,4611.069434720489
NN3-072_TWARP71,1989-09-01,4541.18874570248
NN3-072_TWARP71,1989-10-01,4839.327052626958
NN3-072_TWARP71,1989-11-01,4983.807259133501
NN3-072_TWARP71,1989-12-01,3684.3183036099126
NN3-072_TWARP71,1990-01-01,3709.463492068531
NN3-072_TWARP71,1990-02-01,3982.4930909551726
NN3-072_TWARP71,1990-03-01,4374.8361998041
NN3-072_TWARP71,1990-04-01,4793.68509601591
NN3-072_TWARP71,1990-05-01,4533.628421968205
NN3-072_TWARP71,1990-06-01,4683.993001608195
NN3-073_TWARP72,1982-01-01,1093.0
NN3-073_TWARP72,1982-02-01,1199.771186991871
NN3-073_TWARP72,1982-03-01,1461.1036917099495
NN3-073_TWARP72,1982-04-01,2334.66317451812
NN3-073_TWARP72,1982-05-01,5386.859219586844
NN3-073_TWARP72,1982-06-01,5040.475321210196
NN3-073_TWARP72,1982-07-01,4861.26161697759
NN3-073_TWARP72,1982-08-01,4254.862702034102
NN3-073_TWARP72,1982-09-01,3987.911008089615
NN3-073_TWARP72,1982-10-01,3209.5307666431054
NN3-073_TWARP72,1982-11-01,3072.2784590679203
NN3-073_TWARP72,1982-12-01,1558.7840132285014
NN3-073_TWARP72,1983-01-01,408.25064373378893
NN3-073_TWARP72,1983-02-01,627.1436361234167
NN3-073_TWARP72,1983-03-01,568.9415011994894
NN3-073_TWARP72,1983-04-01,3010.484087211152
NN3-073_TWARP72,1983-05-01,5417.954162504731
NN3-073_TWARP72,1983-06-01,5695.850147356127
NN3-073_TWARP72,1983-07-01,6065.184185655169
NN3-073_TWARP72,1983-08-01,5572.779807604032
NN3-073_TWARP72,1983-09-01,4093.9015726664875
NN3-073_TWARP72,1983-10-01,4838.946744088736
NN3-073_TWARP72,1983-11-01,5174.965029848564
NN3-073_TWARP72,1983-12-01,4020.055392911131
NN3-073_TWARP72,1984-01-01,1163.447244312265
NN3-073_TWARP72,1984-02-01,1277.5664574676957
NN3-073_TWARP72,1984-03-01,1557.569141977389
NN3-073_TWARP72,1984-04-01,3771.25844327022
NN3-073_TWARP72,1984-05-01,6345.188541012318
NN3-073_TWARP72,1984-06-01,6209.207027007128
NN3-073_TWARP72,1984-07-01,7369.102526333883
NN3-073_TWARP72,1984-08-01,5994.314315398068
NN3-073_TWARP72,1984-09-01,4773.907006109555
NN3-073_TWARP72,1984-10-01,5148.193486682488
NN3-073_TWARP72,1984-11-01,5066.510673742794
NN3-073_TWARP72,1984-12-01,2536.88116462203
NN3-073_TWARP72,1985-01-01,680.1893976396382
NN3-073_TWARP72,1985-02-01,1043.6269696322602
NN3-073_TWARP72,1985-03-01,1080.9839065160388
NN3-073_TWARP72,1985-04-01,4059.639235837623
NN3-073_TWARP72,1985-05-01,5833.477275501901
NN3-073_TWARP72,1985-06-01,5924.603719821468
NN3-073_TWARP72,1985-07-01,5198.9871858607485
NN3-073_TWARP72,1985-08-01,5821.017188128626
NN3-073_TWARP72,1985-09-01,5394.690560291919
NN3-073_TWARP72,1985-10-01,5580.658594170095
NN3-073_TWARP72,1985-11-01,5131.422121586527
NN3-073_TWARP72,1985-12-01,3333.740746054091
NN3-073_TWARP72,1986-01-01,1196.6963071868229
NN3-073_TWARP72,1986-02-01,1047.5615046421458
NN3-073_TWARP72,1986-03-01,1217.4877700098832
NN3-073_TWARP72,1986-04-01,3557.231095953719
NN3-073_TWARP72,1986-05-01,5138.205482382514
NN3-073_TWARP72,1986-06-01,4849.578753535185
NN3-073_TWARP72,1986-07-01,4770.047070867903
NN3-073_TWARP72,1986-08-01,4586.578640638819
NN3-073_TWARP72,1986-09-01,4299.747960129508
NN3-073_TWARP72,1986-10-01,4179.831256553037
NN3-073_TWARP72,1986-11-01,4125.1728687765835
NN3-073_TWARP72,1986-12-01,3732.7699551475503
NN3-073_TWARP72,1987-01-01,1822.0168683404804
NN3-073_TWARP72,1987-02-01,297.2414902019214
NN3-073_TWARP72,1987-03-01,560.4747600793405
NN3-073_TWARP72,1987-04-01,2026.9807314089442
NN3-073_TWARP72,1987-05-01,3941.130521830845
NN3-073_TWARP72,1987-06-01,4918.7018668688015
NN3-073_TWARP72,1987-07-01,5334.121869118486
NN3-073_TWARP72,1987-08-01,5223.012750826592
NN3-073_TWARP72,1987-09-01,5497.279945003693
NN3-073_TWARP72,1987-10-01,5719.840720049751
NN3-073_TWARP72,1987-11-01,5708.688547684593
NN3-073_TWARP72,1987-12-01,5465.586272392128
NN3-073_TWARP72,1988-01-01,4926.000872938131
NN3-073_TWARP72,1988-02-01,2157.0726985173105
NN3-073_TWARP72,1988-03-01,1320.681426183404
NN3-073_TWARP72,1988-04-01,1750.4330337379045
NN3-073_TWARP72,1988-05-01,5435.547221671717
NN3-073_TWARP72,1988-06-01,5907.267255815501
NN3-073_TWARP72,1988-07-01,5879.0897789310775
NN3-073_TWARP72,1988-08-01,6367.396591417805
NN3-073_TWARP72,1988-09-01,5769.225898196699
NN3-073_TWARP72,1988-10-01,5529.235506903009
NN3-073_TWARP72,1988-11-01,5482.74578897254
NN3-073_TWARP72,1988-12-01,4974.889893247866
NN3-073_TWARP72,1989-01-01,5225.892680325239
NN3-073_TWARP72,1989-02-01,2014.7953533252307
NN3-073_TWARP72,1989-03-01,1265.1730809556666
NN3-073_TWARP72,1989-04-01,2499.9355499587614
NN3-073_TWARP72,1989-05-01,5601.143293993833
NN3-073_TWARP72,1989-06-01,6308.510781812476
NN3-073_TWARP72,1989-07-01,6432.398048995846
NN3-073_TWARP72,1989-08-01,6264.565575730598
NN3-073_TWARP72,1989-09-01,5898.180399848503
NN3-073_TWARP72,1989-10-01,5578.528221712547
NN3-073_TWARP72,1989-11-01,5617.5517032189655
NN3-073_TWARP72,1989-12-01,4618.094146928562
NN3-073_TWARP72,1990-01-01,2611.537243797445
NN3-073_TWARP72,1990-02-01,1500.7451245251486
NN3-073_TWARP72,1990-03-01,1924.8803300177851
NN3-073_TWARP72,1990-04-01,5158.165919850014
NN3-073_TWARP72,1990-05-01,6277.572078754036
NN3-073_TWARP72,1990-06-01,6363.930932561549
NN3-073_TWARP72,1990-07-01,6150.675106835841
NN3-073_TWARP72,1990-08-01,5139.99271378237
NN3-073_TWARP72,1990-09-01,5120.779764820816
NN3-073_TWARP72,1990-10-01,4559.588137702007
NN3-073_TWARP72,1990-11-01,4904.260298403658
NN3-073_TWARP72,1990-12-01,2000.2348476883012
NN3-073_TWARP72,1991-01-01,1781.7194278248242
NN3-073_TWARP72,1991-02-01,4879.659607979318
NN3-073_TWARP72,1991-03-01,5656.922535608533
NN3-073_TWARP72,1991-04-01,5548.0
NN3-073_TWARP72,1991-05-01,5548.0
NN3-073_TWARP72,1991-06-01,5548.0
NN3-074_TWARP73,1978-01-01,6650.0
NN3-074_TWARP73,1978-02-01,6353.677639789386
NN3-074_TWARP73,1978-03-01,6897.495838945231
NN3-074_TWARP73,1978-04-01,6708.763801386801
NN3-074_TWARP73,1978-05-01,7198.91340709968
NN3-074_TWARP73,1978-06-01,7107.231004918816
NN3-074_TWARP73,1978-07-01,5488.963690322131
NN3-074_TWARP73,1978-08-01,6861.9100362025565
NN3-074_TWARP73,1978-09-01,7277.9126194793
NN3-074_TWARP73,1978-10-01,8132.635411606654
NN3-074_TWARP73,1978-11-01,7596.852721542108
NN3-074_TWARP73,1978-12-01,7513.833049975626
NN3-074_TWARP73,1979-01-01,7947.0602513465
NN3-074_TWARP73,1979-02-01,7878.841715803203
NN3-074_TWARP73,1979-03-01,8860.038702894359
NN3-074_TWARP73,1979-04-01,7320.845988728597
NN3-074_TWARP73,1979-05-01,8239.88367686506
NN3-074_TWARP73,1979-06-01,7682.063489082353
NN3-074_TWARP73,1979-07-01,6464.258732728693
NN3-074_TWARP73,1979-08-01,7896.591566753962
NN3-074_TWARP73,1979-09-01,7200.3651789767855
NN3-074_TWARP73,1979-10-01,8640.838417234238
NN3-074_TWARP73,1979-11-01,7119.369159907359
NN3-074_TWARP73,1979-12-01,7149.048347842496
NN3-074_TWARP73,1980-01-01,8318.912189919041
NN3-074_TWARP73,1980-02-01,8156.618889383704
NN3-074_TWARP73,1980-03-01,8581.741362967221
NN3-074_TWARP73,1980-04-01,7743.492833935021
NN3-074_TWARP73,1980-05-01,7841.551350365063
NN3-074_TWARP73,1980-06-01,7335.502336404921
NN3-074_TWARP73,1980-07-01,5538.661261511527
NN3-074_TWARP73,1980-08-01,5629.601942775192
NN3-074_TWARP73,1980-09-01,6650.597654698926
NN3-074_TWARP73,1980-10-01,6434.747467910366
NN3-074_TWARP73,1980-11-01,6177.077161057889
NN3-074_TWARP73,1980-12-01,6679.539257853328
NN3-074_TWARP73,1981-01-01,7143.014435343838
NN3-074_TWARP73,1981-02-01,7329.616943190142
NN3-074_TWARP73,1981-03-01,7691.931879218405
NN3-074_TWARP73,1981-04-01,6946.739588957761
NN3-074_TWARP73,1981-05-01,6674.561402802555
NN3-074_TWARP73,1981-06-01,6608.649427521064
NN3-074_TWARP73,1981-07-01,5863.960813444695
NN3-074_TWARP73,1981-08-01,5983.048000073838
NN3-074_TWARP73,1981-09-01,6489.832182015722
NN3-074_TWARP73,1981-10-01,6283.679231560244
NN3-074_TWARP73,1981-11-01,5769.8717187720285
NN3-074_TWARP73,1981-12-01,5417.9604639850995
NN3-074_TWARP73,1982-01-01,5196.987039671634
NN3-074_TWARP73,1982-02-01,5150.0
NN3-074_TWARP73,1982-03-01,5599.345667710915
NN3-074_TWARP73,1982-04-01,5231.161262746472
NN3-074_TWARP73,1982-05-01,4683.119744161728
NN3-074_TWARP73,1982-06-01,4223.021707443386
NN3-074_TWARP73,1982-07-01,3164.2677412014446
NN3-074_TWARP73,1982-08-01,2871.33095347124
NN3-074_TWARP73,1982-09-01,3041.437428612061
NN3-074_TWARP73,1982-10-01,2889.565511271791
NN3-074_TWARP73,1982-11-01,2591.171936899582
NN3-074_TWARP73,1982-12-01,2119.898036701595
NN3-074_TWARP73,1983-01-01,2258.8858577350456
NN3-074_TWARP73,1983-02-01,2365.899471714288
NN3-074_TWARP73,1983-03-01,2655.0317891237446
NN3-074_TWARP73,1983-04-01,2597.833665612573
NN3-074_TWARP73,1983-05-01,2734.5314190908457
NN3-074_TWARP73,1983-06-01,2850.0
NN3-074_TWARP73,1983-07-01,2551.728392856483
NN3-074_TWARP73,1983-08-01,2663.7127227928568
NN3-074_TWARP73,1983-09-01,2865.5744429689257
NN3-074_TWARP73,1983-10-01,3128.2611135007764
NN3-074_TWARP73,1983-11-01,3217.573334601578
NN3-074_TWARP73,1983-12-01,3167.760924457126
NN3-074_TWARP73,1984-01-01,3214.0880248542107
NN3-074_TWARP73,1984-02-01,3250.0
NN3-074_TWARP73,1984-03-01,3502.98950113379
NN3-074_TWARP73,1984-04-01,3712.7890930068484
NN3-074_TWARP73,1984-05-01,3905.75087343861
NN3-074_TWARP73,1984-06-01,3876.445416833492
NN3-074_TWARP73,1984-07-01,3432.703518825183
NN3-074_TWARP73,1984-08-01,3654.596679780912
NN3-074_TWARP73,1984-09-01,3590.216512000613
NN3-074_TWARP73,1984-10-01,3705.59217102376
NN3-074_TWARP73,1984-11-01,3745.202886685821
NN3-074_TWARP73,1984-12-01,3455.7388463314746
NN3-074_TWARP73,1985-01-01,3634.173174801926
NN3-074_TWARP73,1985-02-01,3905.90027647397
NN3-074_TWARP73,1985-03-01,4087.2442648021374
NN3-074_TWARP73,1985-04-01,4173.08836528186
NN3-074_TWARP73,1985-05-01,4097.326659285004
NN3-074_TWARP73,1985-06-01,3689.8897437165906
NN3-074_TWARP73,1985-07-01,3249.7347059890203
NN3-074_TWARP73,1985-08-01,3150.0
NN3-074_TWARP73,1985-09-01,3338.9888597040176
NN3-074_TWARP73,1985-10-01,3435.833785605873
NN3-074_TWARP73,1985-11-01,3278.0054213766352
NN3-074_TWARP73,1985-12-01,3250.0
NN3-074_TWARP73,1986-01-01,3350.8278697436426
NN3-074_TWARP73,1986-02-01,3404.1405388012204
NN3-074_TWARP73,1986-03-01,3159.3838531403007
NN3-074_TWARP73,1986-04-01,3221.2335374139598
NN3-074_TWARP73,1986-05-01,3665.85449726098
NN3-074_TWARP73,1986-06-01,3524.4250107737475
NN3-074_TWARP73,1986-07-01,3086.653337077632
NN3-074_TWARP73,1986-08-01,3026.0015921003537
NN3-074_TWARP73,1986-09-01,3002.9368005143465
NN3-074_TWARP73,1986-10-01,3236.438569668915
NN3-074_TWARP73,1986-11-01,3430.2583418264408
NN3-074_TWARP73,1986-12-01,3594.0492522936725
NN3-074_TWARP73,1987-01-01,3537.1998641506066
NN3-074_TWARP73,1987-02-01,3400.0
NN3-074_TWARP73,1987-03-01,3402.047503541051
NN3-074_TWARP73,1987-04-01,3546.3328266694434
NN3-074_TWARP73,1987-05-01,2894.859646832732
NN3-074_TWARP73,1987-06-01,2671.0532334045156
NN3-075_TWARP74,1982-01-01,4935.0
NN3-075_TWARP74,1982-02-01,4399.634653833222
NN3-075_TWARP74,1982-03-01,4852.2793205080925
NN3-075_TWARP74,1982-04-01,4728.247970070054
NN3-075_TWARP74,1982-05-01,4250.163162879322
NN3-075_TWARP74,1982-06-01,4413.107189932163
NN3-075_TWARP74,1982-07-01,3654.395895173827
NN3-075_TWARP74,1982-08-01,4776.496845584314
NN3-075_TWARP74,1982-09-01,4437.143343218279
NN3-075_TWARP74,1982-10-01,4886.647229540778
NN3-075_TWARP74,1982-11-01,4125.481293992627
NN3-075_TWARP74,1982-12-01,4323.333596644791
NN3-075_TWARP74,1983-01-01,4559.704418784427
NN3-075_TWARP74,1983-02-01,3758.3444255609575
NN3-075_TWARP74,1983-03-01,4124.213130092002
NN3-075_TWARP74,1983-04-01,4285.474966875716
NN3-075_TWARP74,1983-05-01,4197.11825194897
NN3-075_TWARP74,1983-06-01,4773.168603067415
NN3-075_TWARP74,1983-07-01,4020.6274160471903
NN3-075_TWARP74,1983-08-01,5056.2203213695575
NN3-075_TWARP74,1983-09-01,5745.317011306005
NN3-075_TWARP74,1983-10-01,5624.724595710095
NN3-075_TWARP74,1983-11-01,5160.527584764329
NN3-075_TWARP74,1983-12-01,6024.636144412776
NN3-075_TWARP74,1984-01-01,6237.439222919463
NN3-075_TWARP74,1984-02-01,5022.293724710585
NN3-075_TWARP74,1984-03-01,5188.264160838418
NN3-075_TWARP74,1984-04-01,4696.900916379146
NN3-075_TWARP74,1984-05-01,4532.385134838299
NN3-075_TWARP74,1984-06-01,5081.2416992987755
NN3-075_TWARP74,1984-07-01,4207.406195367844
NN3-075_TWARP74,1984-08-01,5159.312856589003
NN3-075_TWARP74,1984-09-01,5115.6489774175425
NN3-075_TWARP74,1984-10-01,5540.164875344842
NN3-075_TWARP74,1984-11-01,4840.812504941902
NN3-075_TWARP74,1984-12-01,4757.074024057978
NN3-075_TWARP74,1985-01-01,4814.71391033461
NN3-075_TWARP74,1985-02-01,5126.961209282145
NN3-075_TWARP74,1985-03-01,5041.116934770769
NN3-075_TWARP74,1985-04-01,4575.550085509484
NN3-075_TWARP74,1985-05-01,4589.585908701078
NN3-075_TWARP74,1985-06-01,4087.494753403606
NN3-075_TWARP74,1985-07-01,3971.3005411259337
NN3-075_TWARP74,1985-08-01,5538.532213668451
NN3-075_TWARP74,1985-09-01,5431.6185203289
NN3-075_TWARP74,1985-10-01,5252.421660558764
NN3-075_TWARP74,1985-11-01,4654.7870680233145
NN3-075_TWARP74,1985-12-01,4399.42195587203
NN3-075_TWARP74,1986-01-01,4868.843822910172
NN3-075_TWARP74,1986-02-01,4356.088176155418
NN3-075_TWARP74,1986-03-01,4346.997684713709
NN3-075_TWARP74,1986-04-01,4646.499551258094
NN3-075_TWARP74,1986-05-01,4449.419739117458
NN3-075_TWARP74,1986-06-01,4098.305478446317
NN3-075_TWARP74,1986-07-01,4241.3534975847915
NN3-075_TWARP74,1986-08-01,5108.425420848999
NN3-075_TWARP74,1986-09-01,5408.925080998173
NN3-075_TWARP74,1986-10-01,5115.9039863813
NN3-075_TWARP74,1986-11-01,4792.114473354191
NN3-075_TWARP74,1986-12-01,4827.077015371397
NN3-075_TWARP74,1987-01-01,4658.879844740237
NN3-075_TWARP74,1987-02-01,4939.44550778913
NN3-075_TWARP74,1987-03-01,5082.295190178135
NN3-075_TWARP74,1987-04-01,5064.157465894022
NN3-075_TWARP74,1987-05-01,5147.537511472646
NN3-075_TWARP74,1987-06-01,4940.566017815127
NN3-075_TWARP74,1987-07-01,5101.499662522565
NN3-075_TWARP74,1987-08-01,5379.213339861349
NN3-075_TWARP74,1987-09-01,5878.322189127984
NN3-075_TWARP74,1987-10-01,5368.17569884267
NN3-075_TWARP74,1987-11-01,5031.097976045983
NN3-075_TWARP74,1987-12-01,4991.002927311786
NN3-075_TWARP74,1988-01-01,5066.514467777357
NN3-075_TWARP74,1988-02-01,5784.061372197154
NN3-075_TWARP74,1988-03-01,4966.497488385781
NN3-075_TWARP74,1988-04-01,5199.672296745067
NN3-075_TWARP74,1988-05-01,5161.25735098281
NN3-075_TWARP74,1988-06-01,4629.290492948445
NN3-075_TWARP74,1988-07-01,5126.465203431245
NN3-075_TWARP74,1988-08-01,5175.900429241795
NN3-075_TWARP74,1988-09-01,5502.912033178987
NN3-075_TWARP74,1988-10-01,5136.905204748155
NN3-075_TWARP74,1988-11-01,4794.1445328381105
NN3-075_TWARP74,1988-12-01,5209.224879601734
NN3-075_TWARP74,1989-01-01,4926.110982264892
NN3-075_TWARP74,1989-02-01,5053.031212169599
NN3-075_TWARP74,1989-03-01,4966.260970619536
NN3-075_TWARP74,1989-04-01,5065.695283623039
NN3-075_TWARP74,1989-05-01,5070.474537189004
NN3-075_TWARP74,1989-06-01,4763.668994678016
NN3-075_TWARP74,1989-07-01,5129.849929061195
NN3-075_TWARP74,1989-08-01,5288.460826988933
NN3-075_TWARP74,1989-09-01,5670.974638930722
NN3-075_TWARP74,1989-10-01,5351.418420115658
NN3-075_TWARP74,1989-11-01,4929.320624344239
NN3-075_TWARP74,1989-12-01,5141.504044603907
NN3-075_TWARP74,1990-01-01,5304.723055667107
NN3-075_TWARP74,1990-02-01,5521.409801376311
NN3-075_TWARP74,1990-03-01,5237.102015920098
NN3-075_TWARP74,1990-04-01,5209.144965427459
NN3-075_TWARP74,1990-05-01,5228.6906064825225
NN3-075_TWARP74,1990-06-01,5029.251393065808
NN3-075_TWARP74,1990-07-01,5182.390026168233
NN3-075_TWARP74,1990-08-01,5491.488551321178
NN3-075_TWARP74,1990-09-01,5285.028942995658
NN3-075_TWARP74,1990-10-01,5410.888852069556
NN3-075_TWARP74,1990-11-01,5187.563549597308
NN3-075_TWARP74,1990-12-01,4869.93009486578
NN3-075_TWARP74,1991-01-01,5042.720517256929
NN3-075_TWARP74,1991-02-01,5222.372301249881
NN3-075_TWARP74,1991-03-01,5125.460430057955
NN3-075_TWARP74,1991-04-01,5062.850269893442
NN3-075_TWARP74,1991-05-01,4999.028238728403
NN3-075_TWARP74,1991-06-01,4819.364463173604
NN3-076_TWARP75,1977-01-01,9315.0
NN3-076_TWARP75,1977-02-01,9627.440884896068
NN3-076_TWARP75,1977-03-01,11551.421948226716
NN3-076_TWARP75,1977-04-01,9363.494689144187
NN3-076_TWARP75,1977-05-01,8440.609311788334
NN3-076_TWARP75,1977-06-01,8135.30660705471
NN3-076_TWARP75,1977-07-01,9124.563199230812
NN3-076_TWARP75,1977-08-01,6688.787873766298
NN3-076_TWARP75,1977-09-01,7971.203411124641
NN3-076_TWARP75,1977-10-01,6843.662104674995
NN3-076_TWARP75,1977-11-01,7229.900927285477
NN3-076_TWARP75,1977-12-01,8695.802368555313
NN3-076_TWARP75,1978-01-01,8804.826953210999
NN3-076_TWARP75,1978-02-01,7963.158274570566
NN3-076_TWARP75,1978-03-01,8028.792205424155
NN3-076_TWARP75,1978-04-01,8307.321530477759
NN3-076_TWARP75,1978-05-01,9062.296943154426
NN3-076_TWARP75,1978-06-01,10242.311414913547
NN3-076_TWARP75,1978-07-01,8497.733414892442
NN3-076_TWARP75,1978-08-01,8731.504409332469
NN3-076_TWARP75,1978-09-01,8851.81348019313
NN3-076_TWARP75,1978-10-01,8453.16922554694
NN3-076_TWARP75,1978-11-01,8858.51583214108
NN3-076_TWARP75,1978-12-01,8768.388237342953
NN3-076_TWARP75,1979-01-01,7726.4266791914
NN3-076_TWARP75,1979-02-01,7472.635662191349
NN3-076_TWARP75,1979-03-01,8700.999361635904
NN3-076_TWARP75,1979-04-01,8852.462920238815
NN3-076_TWARP75,1979-05-01,8049.244032646649
NN3-076_TWARP75,1979-06-01,8484.373927410716
NN3-076_TWARP75,1979-07-01,8068.598359841859
NN3-076_TWARP75,1979-08-01,7035.2007399284685
NN3-076_TWARP75,1979-09-01,7461.883210817385
NN3-076_TWARP75,1979-10-01,7112.769294865291
NN3-076_TWARP75,1979-11-01,7391.323238595098
NN3-076_TWARP75,1979-12-01,7915.432752940566
NN3-076_TWARP75,1980-01-01,7781.902073759949
NN3-076_TWARP75,1980-02-01,8093.664606450135
NN3-076_TWARP75,1980-03-01,8776.748338068604
NN3-076_TWARP75,1980-04-01,8324.251262628244
NN3-076_TWARP75,1980-05-01,6445.897468969321
NN3-076_TWARP75,1980-06-01,6819.60176942969
NN3-076_TWARP75,1980-07-01,7741.657853830822
NN3-076_TWARP75,1980-08-01,7696.304708707847
NN3-076_TWARP75,1980-09-01,7707.42257994526
NN3-076_TWARP75,1980-10-01,8434.358769746037
NN3-076_TWARP75,1980-11-01,9818.312224700929
NN3-076_TWARP75,1980-12-01,9299.805043395852
NN3-076_TWARP75,1981-01-01,7751.601414743658
NN3-076_TWARP75,1981-02-01,9017.702928329261
NN3-076_TWARP75,1981-03-01,8011.005556519994
NN3-076_TWARP75,1981-04-01,9553.916721366371
NN3-076_TWARP75,1981-05-01,8888.997717841381
NN3-076_TWARP75,1981-06-01,9106.988667572408
NN3-076_TWARP75,1981-07-01,8653.973163334347
NN3-076_TWARP75,1981-08-01,6528.854485650547
NN3-076_TWARP75,1981-09-01,6098.003981600175
NN3-076_TWARP75,1981-10-01,7312.459765889866
NN3-076_TWARP75,1981-11-01,7296.890779299425
NN3-076_TWARP75,1981-12-01,8637.650066292244
NN3-076_TWARP75,1982-01-01,5716.876708757538
NN3-076_TWARP75,1982-02-01,5354.54121268263
NN3-076_TWARP75,1982-03-01,5637.956095262175
NN3-076_TWARP75,1982-04-01,7103.404915882024
NN3-076_TWARP75,1982-05-01,8033.534921804017
NN3-076_TWARP75,1982-06-01,8886.795572888594
NN3-076_TWARP75,1982-07-01,9287.630180905606
NN3-076_TWARP75,1982-08-01,8338.258701980774
NN3-076_TWARP75,1982-09-01,5798.930635951789
NN3-076_TWARP75,1982-10-01,5413.222657745025
NN3-076_TWARP75,1982-11-01,5613.994847124807
NN3-076_TWARP75,1982-12-01,5018.889379023417
NN3-076_TWARP75,1983-01-01,5432.730733091031
NN3-076_TWARP75,1983-02-01,5739.100120160328
NN3-076_TWARP75,1983-03-01,6633.671155530116
NN3-076_TWARP75,1983-04-01,7558.316434452336
NN3-076_TWARP75,1983-05-01,7323.19676042125
NN3-076_TWARP75,1983-06-01,6974.6788003098245
NN3-076_TWARP75,1983-07-01,6946.731768035394
NN3-076_TWARP75,1983-08-01,6197.810907413349
NN3-076_TWARP75,1983-09-01,6480.452306828202
NN3-076_TWARP75,1983-10-01,6603.3270971996635
NN3-076_TWARP75,1983-11-01,6699.247659725963
NN3-076_TWARP75,1983-12-01,5601.864546058761
NN3-076_TWARP75,1984-01-01,5580.119420914685
NN3-076_TWARP75,1984-02-01,6681.031930845651
NN3-076_TWARP75,1984-03-01,7576.106358870629
NN3-076_TWARP75,1984-04-01,8191.853783265604
NN3-076_TWARP75,1984-05-01,8535.285155436894
NN3-076_TWARP75,1984-06-01,8438.883796100545
NN3-076_TWARP75,1984-07-01,6782.102598398302
NN3-076_TWARP75,1984-08-01,6766.567387008626
NN3-076_TWARP75,1984-09-01,6212.783895492203
NN3-076_TWARP75,1984-10-01,5704.012372517862
NN3-076_TWARP75,1984-11-01,5359.750797641881
NN3-076_TWARP75,1984-12-01,5181.374797478849
NN3-076_TWARP75,1985-01-01,5159.28097004891
NN3-076_TWARP75,1985-02-01,4629.309816690875
NN3-076_TWARP75,1985-03-01,5247.528507896751
NN3-076_TWARP75,1985-04-01,5754.68109680811
NN3-076_TWARP75,1985-05-01,6012.626167350872
NN3-076_TWARP75,1985-06-01,7816.8826858291795
NN3-076_TWARP75,1985-07-01,5296.37061551106
NN3-076_TWARP75,1985-08-01,5354.248558366685
NN3-076_TWARP75,1985-09-01,4074.0893544648734
NN3-076_TWARP75,1985-10-01,6156.502386798561
NN3-076_TWARP75,1985-11-01,6069.976354606809
NN3-076_TWARP75,1985-12-01,4155.187415295037
NN3-076_TWARP75,1986-01-01,5918.084989707509
NN3-076_TWARP75,1986-02-01,5664.526310642223
NN3-076_TWARP75,1986-03-01,6606.827442913933
NN3-076_TWARP75,1986-04-01,6974.9235338809585
NN3-076_TWARP75,1986-05-01,7161.400234981902
NN3-076_TWARP75,1986-06-01,6973.0
NN3-077_TWARP76,1981-12-01,4815.0
NN3-077_TWARP76,1982-01-01,4819.954240263908
NN3-077_TWARP76,1982-02-01,4834.754110088611
NN3-077_TWARP76,1982-03-01,5015.97211157688
NN3-077_TWARP76,1982-04-01,5020.0
NN3-077_TWARP76,1982-05-01,5029.728448876617
NN3-077_TWARP76,1982-06-01,5059.182081272768
NN3-077_TWARP76,1982-07-01,5060.0
NN3-077_TWARP76,1982-08-01,5089.322335949515
NN3-077_TWARP76,1982-09-01,5094.910416774358
NN3-077_TWARP76,1982-10-01,5095.0
NN3-077_TWARP76,1982-11-01,5065.125695848311
NN3-077_TWARP76,1982-12-01,5054.952465411196
NN3-077_TWARP76,1983-01-01,5045.0
NN3-077_TWARP76,1983-02-01,5046.457516528962
NN3-077_TWARP76,1983-03-01,5100.0
NN3-077_TWARP76,1983-04-01,5099.73516063188
NN3-077_TWARP76,1983-05-01,5099.407974071574
NN3-077_TWARP76,1983-06-01,5164.182628997758
NN3-077_TWARP76,1983-07-01,5214.016642773835
NN3-077_TWARP76,1983-08-01,5250.0
NN3-077_TWARP76,1983-09-01,5250.682297565731
NN3-077_TWARP76,1983-10-01,5236.327095173372
NN3-077_TWARP76,1983-11-01,5149.910503549061
NN3-077_TWARP76,1983-12-01,5224.895571539139
NN3-077_TWARP76,1984-01-01,5245.0
NN3-077_TWARP76,1984-02-01,5273.577764876854
NN3-077_TWARP76,1984-03-01,5365.0
NN3-077_TWARP76,1984-04-01,5365.0
NN3-077_TWARP76,1984-05-01,5317.8177542420335
NN3-077_TWARP76,1984-06-01,5210.0
NN3-077_TWARP76,1984-07-01,5203.007701831064
NN3-077_TWARP76,1984-08-01,5186.27671607274
NN3-077_TWARP76,1984-09-01,5180.0
NN3-077_TWARP76,1984-10-01,5207.145582333623
NN3-077_TWARP76,1984-11-01,5245.0
NN3-077_TWARP76,1984-12-01,5272.737186582766
NN3-077_TWARP76,1985-01-01,5251.737119472603
NN3-077_TWARP76,1985-02-01,5215.23061135745
NN3-077_TWARP76,1985-03-01,5295.592361185728
NN3-077_TWARP76,1985-04-01,5328.099418335689
NN3-077_TWARP76,1985-05-01,5273.107882602574
NN3-077_TWARP76,1985-06-01,5303.699236877018
NN3-077_TWARP76,1985-07-01,5363.171351925449
NN3-077_TWARP76,1985-08-01,5375.0
NN3-077_TWARP76,1985-09-01,5375.0
NN3-077_TWARP76,1985-10-01,5375.0
NN3-077_TWARP76,1985-11-01,5375.0
NN3-077_TWARP76,1985-12-01,5385.297117696339
NN3-077_TWARP76,1986-01-01,5372.5098218288485
NN3-077_TWARP76,1986-02-01,5365.0
NN3-077_TWARP76,1986-03-01,5336.106163554801
NN3-077_TWARP76,1986-04-01,5204.248275372919
NN3-077_TWARP76,1986-05-01,5274.695749080437
NN3-077_TWARP76,1986-06-01,5311.266409984783
NN3-077_TWARP76,1986-07-01,5328.800151152629
NN3-077_TWARP76,1986-08-01,5335.0
NN3-077_TWARP76,1986-09-01,5338.790227825477
NN3-077_TWARP76,1986-10-01,5340.0
NN3-077_TWARP76,1986-11-01,5336.208153438384
NN3-077_TWARP76,1986-12-01,5168.543383966054
NN3-077_TWARP76,1987-01-01,5280.819704760459
NN3-077_TWARP76,1987-02-01,5275.017771071873
NN3-077_TWARP76,1987-03-01,5325.76260253636
NN3-077_TWARP76,1987-04-01,4906.544389253056
NN3-077_TWARP76,1987-05-01,5097.955764034769
NN3-077_TWARP76,1987-06-01,5275.7707983582095
NN3-077_TWARP76,1987-07-01,5295.0
NN3-077_TWARP76,1987-08-01,5291.454443118885
NN3-077_TWARP76,1987-09-01,5318.013791250257
NN3-077_TWARP76,1987-10-01,5350.73740658546
NN3-077_TWARP76,1987-11-01,5366.8190567660595
NN3-077_TWARP76,1987-12-01,5370.0
NN3-077_TWARP76,1988-01-01,5363.371557890877
NN3-077_TWARP76,1988-02-01,5360.0
NN3-077_TWARP76,1988-03-01,5363.2193059806
NN3-077_TWARP76,1988-04-01,5361.82690951717
NN3-077_TWARP76,1988-05-01,5360.0
NN3-077_TWARP76,1988-06-01,5363.085339527308
NN3-077_TWARP76,1988-07-01,5377.178745771375
NN3-077_TWARP76,1988-08-01,5330.878085636986
NN3-077_TWARP76,1988-09-01,5369.301144496491
NN3-077_TWARP76,1988-10-01,5449.409541117105
NN3-077_TWARP76,1988-11-01,5472.913950691384
NN3-077_TWARP76,1988-12-01,5489.457459516895
NN3-077_TWARP76,1989-01-01,5500.0
NN3-077_TWARP76,1989-02-01,5494.275890209986
NN3-077_TWARP76,1989-03-01,5492.856011899463
NN3-077_TWARP76,1989-04-01,5506.425539558513
NN3-077_TWARP76,1989-05-01,5486.363445810649
NN3-077_TWARP76,1989-06-01,5459.243377063237
NN3-077_TWARP76,1989-07-01,5481.107631447329
NN3-077_TWARP76,1989-08-01,5476.545862754145
NN3-077_TWARP76,1989-09-01,5510.5168496707165
NN3-077_TWARP76,1989-10-01,5593.33285447431
NN3-077_TWARP76,1989-11-01,5680.439405755803
NN3-077_TWARP76,1989-12-01,5715.0
NN3-077_TWARP76,1990-01-01,5715.0
NN3-077_TWARP76,1990-02-01,5711.677479166243
NN3-077_TWARP76,1990-03-01,5713.426921880531
NN3-077_TWARP76,1990-04-01,5715.0
NN3-077_TWARP76,1990-05-01,5681.929288691716
NN3-077_TWARP76,1990-06-01,5662.362145653556
NN3-077_TWARP76,1990-07-01,5687.845240588784
NN3-077_TWARP76,1990-08-01,5695.0
NN3-077_TWARP76,1990-09-01,5564.737942096386
NN3-077_TWARP76,1990-10-01,5535.902789841297
NN3-077_TWARP76,1990-11-01,5535.0
NN3-077_TWARP76,1990-12-01,5535.379665076361
NN3-077_TWARP76,1991-01-01,5670.550563847863
NN3-077_TWARP76,1991-02-01,5691.1203529839595
NN3-077_TWARP76,1991-03-01,5791.141610968604
NN3-077_TWARP76,1991-04-01,5845.0
NN3-077_TWARP76,1991-05-01,5845.0
NN3-078_TWARP77,1979-01-01,7401.0
NN3-078_TWARP77,1979-02-01,6554.1489268940895
NN3-078_TWARP77,1979-03-01,7505.9162426843195
NN3-078_TWARP77,1979-04-01,8814.968044751067
NN3-078_TWARP77,1979-05-01,5892.944296230205
NN3-078_TWARP77,1979-06-01,7980.520603421858
NN3-078_TWARP77,1979-07-01,5742.770297479233
NN3-078_TWARP77,1979-08-01,5928.784709449632
NN3-078_TWARP77,1979-09-01,5756.4751466056605
NN3-078_TWARP77,1979-10-01,4636.111491266488
NN3-078_TWARP77,1979-11-01,4515.392260445085
NN3-078_TWARP77,1979-12-01,5440.511308631287
NN3-078_TWARP77,1980-01-01,7390.173814170689
NN3-078_TWARP77,1980-02-01,6047.8288455714965
NN3-078_TWARP77,1980-03-01,6821.660139229154
NN3-078_TWARP77,1980-04-01,4269.169562305193
NN3-078_TWARP77,1980-05-01,5410.276686196403
NN3-078_TWARP77,1980-06-01,4408.456538730228
NN3-078_TWARP77,1980-07-01,3787.0687480662887
NN3-078_TWARP77,1980-08-01,3591.0668548809936
NN3-078_TWARP77,1980-09-01,5308.744322113474
NN3-078_TWARP77,1980-10-01,3492.5892091177116
NN3-078_TWARP77,1980-11-01,5042.556068372688
NN3-078_TWARP77,1980-12-01,4401.876333828281
NN3-078_TWARP77,1981-01-01,3640.9371465283157
NN3-078_TWARP77,1981-02-01,8505.188413421796
NN3-078_TWARP77,1981-03-01,5529.688299755755
NN3-078_TWARP77,1981-04-01,6862.438901806365
NN3-078_TWARP77,1981-05-01,6670.587164587403
NN3-078_TWARP77,1981-06-01,5101.508591971791
NN3-078_TWARP77,1981-07-01,4228.663913211826
NN3-078_TWARP77,1981-08-01,4408.98578982492
NN3-078_TWARP77,1981-09-01,6347.649407851715
NN3-078_TWARP77,1981-10-01,7033.815813686151
NN3-078_TWARP77,1981-11-01,5768.923450105742
NN3-078_TWARP77,1981-12-01,5031.285513445265
NN3-078_TWARP77,1982-01-01,5168.435091193859
NN3-078_TWARP77,1982-02-01,5962.275757218688
NN3-078_TWARP77,1982-03-01,4765.39788228861
NN3-078_TWARP77,1982-04-01,5391.918193030651
NN3-078_TWARP77,1982-05-01,5684.238017628063
NN3-078_TWARP77,1982-06-01,6358.943986139566
NN3-078_TWARP77,1982-07-01,4219.776523056147
NN3-078_TWARP77,1982-08-01,5332.263049818213
NN3-078_TWARP77,1982-09-01,4293.5791779976325
NN3-078_TWARP77,1982-10-01,5354.7262840207995
NN3-078_TWARP77,1982-11-01,5254.890088003275
NN3-078_TWARP77,1982-12-01,5046.154562895036
NN3-078_TWARP77,1983-01-01,3532.5070495329787
NN3-078_TWARP77,1983-02-01,4876.99703353609
NN3-078_TWARP77,1983-03-01,4941.465451975405
NN3-078_TWARP77,1983-04-01,6211.279874170837
NN3-078_TWARP77,1983-05-01,6438.605474285425
NN3-078_TWARP77,1983-06-01,6617.932148229363
NN3-078_TWARP77,1983-07-01,5137.972496242619
NN3-078_TWARP77,1983-08-01,3261.2947173081798
NN3-078_TWARP77,1983-09-01,4604.816532712592
NN3-078_TWARP77,1983-10-01,6918.463230418958
NN3-078_TWARP77,1983-11-01,7023.420803150653
NN3-078_TWARP77,1983-12-01,6095.346420076361
NN3-078_TWARP77,1984-01-01,8304.735181947652
NN3-078_TWARP77,1984-02-01,6322.9622252372965
NN3-078_TWARP77,1984-03-01,7475.35046061962
NN3-078_TWARP77,1984-04-01,7066.8619102118
NN3-078_TWARP77,1984-05-01,5955.9540359902585
NN3-078_TWARP77,1984-06-01,5717.436323378988
NN3-078_TWARP77,1984-07-01,6581.329803592201
NN3-078_TWARP77,1984-08-01,6363.664477635378
NN3-078_TWARP77,1984-09-01,6502.790058885621
NN3-078_TWARP77,1984-10-01,6322.735687815949
NN3-078_TWARP77,1984-11-01,6324.885189449619
NN3-078_TWARP77,1984-12-01,7084.752229275463
NN3-078_TWARP77,1985-01-01,7282.41037393145
NN3-078_TWARP77,1985-02-01,8789.978604245856
NN3-078_TWARP77,1985-03-01,6599.502298583911
NN3-078_TWARP77,1985-04-01,8563.919976316232
NN3-078_TWARP77,1985-05-01,4956.445673870863
NN3-078_TWARP77,1985-06-01,5937.619665787673
NN3-078_TWARP77,1985-07-01,4533.689441607046
NN3-078_TWARP77,1985-08-01,4683.756601481808
NN3-078_TWARP77,1985-09-01,7108.874991488982
NN3-078_TWARP77,1985-10-01,7105.311919674483
NN3-078_TWARP77,1985-11-01,6527.482399015658
NN3-078_TWARP77,1985-12-01,6676.254162974656
NN3-078_TWARP77,1986-01-01,7356.039108202576
NN3-078_TWARP77,1986-02-01,8012.793971169548
NN3-078_TWARP77,1986-03-01,7163.018053033304
NN3-078_TWARP77,1986-04-01,5073.533727049052
NN3-078_TWARP77,1986-05-01,6035.290147332554
NN3-078_TWARP77,1986-06-01,6121.649245452522
NN3-078_TWARP77,1986-07-01,5163.1297713722815
NN3-078_TWARP77,1986-08-01,6705.472695205284
NN3-078_TWARP77,1986-09-01,6756.220430615825
NN3-078_TWARP77,1986-10-01,5473.362263753684
NN3-078_TWARP77,1986-11-01,5652.108208080148
NN3-078_TWARP77,1986-12-01,6289.674256838188
NN3-078_TWARP77,1987-01-01,8989.271230557879
NN3-078_TWARP77,1987-02-01,7732.882863275403
NN3-078_TWARP77,1987-03-01,3431.039305507706
NN3-078_TWARP77,1987-04-01,6354.138626846738
NN3-078_TWARP77,1987-05-01,5956.251914458727
NN3-078_TWARP77,1987-06-01,6321.63420787396
NN3-078_TWARP77,1987-07-01,5224.976728178708
NN3-078_TWARP77,1987-08-01,5496.0041998209035
NN3-078_TWARP77,1987-09-01,5850.29346293305
NN3-078_TWARP77,1987-10-01,6021.979749485697
NN3-078_TWARP77,1987-11-01,6831.055162217822
NN3-078_TWARP77,1987-12-01,7965.094406054129
NN3-078_TWARP77,1988-01-01,8261.551007848064
NN3-078_TWARP77,1988-02-01,7087.516245652466
NN3-078_TWARP77,1988-03-01,8285.464378628345
NN3-078_TWARP77,1988-04-01,7578.219994028702
NN3-078_TWARP77,1988-05-01,6798.002582028167
NN3-078_TWARP77,1988-06-01,6655.32925603769
NN3-079_TWARP78,1979-01-01,6780.0
NN3-079_TWARP78,1979-02-01,6062.904673660849
NN3-079_TWARP78,1979-03-01,6692.549981138524
NN3-079_TWARP78,1979-04-01,6101.596887466916
NN3-079_TWARP78,1979-05-01,6326.752294660033
NN3-079_TWARP78,1979-06-01,5510.2031227873695
NN3-079_TWARP78,1979-07-01,5309.253096694814
NN3-079_TWARP78,1979-08-01,5943.28424108769
NN3-079_TWARP78,1979-09-01,5714.564606995514
NN3-079_TWARP78,1979-10-01,5999.753693936389
NN3-079_TWARP78,1979-11-01,5407.381432411592
NN3-079_TWARP78,1979-12-01,4969.368295744138
NN3-079_TWARP78,1980-01-01,5073.813585143803
NN3-079_TWARP78,1980-02-01,5247.115777486641
NN3-079_TWARP78,1980-03-01,5629.537653816219
NN3-079_TWARP78,1980-04-01,4758.486010240402
NN3-079_TWARP78,1980-05-01,4163.240144545086
NN3-079_TWARP78,1980-06-01,3711.6108841152463
NN3-079_TWARP78,1980-07-01,3856.666561920762
NN3-079_TWARP78,1980-08-01,3993.9225248828825
NN3-079_TWARP78,1980-09-01,4768.616837263577
NN3-079_TWARP78,1980-10-01,5024.0004059537205
NN3-079_TWARP78,1980-11-01,4792.639446310981
NN3-079_TWARP78,1980-12-01,4668.81048443444
NN3-079_TWARP78,1981-01-01,4600.78523272109
NN3-079_TWARP78,1981-02-01,4930.520852463689
NN3-079_TWARP78,1981-03-01,5692.401145680729
NN3-079_TWARP78,1981-04-01,4553.894531956742
NN3-079_TWARP78,1981-05-01,4929.358522176086
NN3-079_TWARP78,1981-06-01,4666.298558191966
NN3-079_TWARP78,1981-07-01,4366.782987428179
NN3-079_TWARP78,1981-08-01,4905.810077553507
NN3-079_TWARP78,1981-09-01,4908.3389347509665
NN3-079_TWARP78,1981-10-01,4912.769354208978
NN3-079_TWARP78,1981-11-01,4242.142714927261
NN3-079_TWARP78,1981-12-01,3962.213969294959
NN3-079_TWARP78,1982-01-01,4586.8859303352
NN3-079_TWARP78,1982-02-01,4242.375050388626
NN3-079_TWARP78,1982-03-01,4606.953508341225
NN3-079_TWARP78,1982-04-01,4368.69976584686
NN3-079_TWARP78,1982-05-01,4476.999788642061
NN3-079_TWARP78,1982-06-01,4551.29403375504
NN3-079_TWARP78,1982-07-01,4152.2203546483715
NN3-079_TWARP78,1982-08-01,4560.239904804544
NN3-079_TWARP78,1982-09-01,4559.742718003326
NN3-079_TWARP78,1982-10-01,3974.063950711797
NN3-079_TWARP78,1982-11-01,4098.622425462117
NN3-079_TWARP78,1982-12-01,4042.336151500854
NN3-079_TWARP78,1983-01-01,4035.021888711507
NN3-079_TWARP78,1983-02-01,4397.550849596931
NN3-079_TWARP78,1983-03-01,4611.194345707067
NN3-079_TWARP78,1983-04-01,4388.789274470818
NN3-079_TWARP78,1983-05-01,4521.8802950449535
NN3-079_TWARP78,1983-06-01,4414.688913748664
NN3-079_TWARP78,1983-07-01,4563.800159795018
NN3-079_TWARP78,1983-08-01,5112.998284833512
NN3-079_TWARP78,1983-09-01,5270.163556626993
NN3-079_TWARP78,1983-10-01,5048.105238391306
NN3-079_TWARP78,1983-11-01,4558.034567885033
NN3-079_TWARP78,1983-12-01,4950.27402147959
NN3-079_TWARP78,1984-01-01,5286.489176821539
NN3-079_TWARP78,1984-02-01,5356.990826657203
NN3-079_TWARP78,1984-03-01,5147.798672610111
NN3-079_TWARP78,1984-04-01,5009.304009352228
NN3-079_TWARP78,1984-05-01,5091.994919142901
NN3-079_TWARP78,1984-06-01,4630.612187114536
NN3-079_TWARP78,1984-07-01,4985.123085314761
NN3-079_TWARP78,1984-08-01,4728.00627895069
NN3-079_TWARP78,1984-09-01,5268.3930303712195
NN3-079_TWARP78,1984-10-01,5122.929582161895
NN3-079_TWARP78,1984-11-01,4551.956450302256
NN3-079_TWARP78,1984-12-01,4614.786352845178
NN3-079_TWARP78,1985-01-01,4995.240944152485
NN3-079_TWARP78,1985-02-01,4851.539373509683
NN3-079_TWARP78,1985-03-01,4673.080902763759
NN3-079_TWARP78,1985-04-01,4853.399291127849
NN3-079_TWARP78,1985-05-01,4290.19454067567
NN3-079_TWARP78,1985-06-01,4181.692806295889
NN3-079_TWARP78,1985-07-01,4454.384635478966
NN3-079_TWARP78,1985-08-01,5021.692807857829
NN3-079_TWARP78,1985-09-01,5212.404109734104
NN3-079_TWARP78,1985-10-01,4745.945634622562
NN3-079_TWARP78,1985-11-01,4295.683248068061
NN3-079_TWARP78,1985-12-01,4685.071607538926
NN3-079_TWARP78,1986-01-01,4457.998478586548
NN3-079_TWARP78,1986-02-01,5049.987605538017
NN3-079_TWARP78,1986-03-01,4865.176183083441
NN3-079_TWARP78,1986-04-01,4865.341366887717
NN3-079_TWARP78,1986-05-01,4575.339865405225
NN3-079_TWARP78,1986-06-01,4512.546103554006
NN3-079_TWARP78,1986-07-01,4890.928139133079
NN3-079_TWARP78,1986-08-01,4899.931512063661
NN3-079_TWARP78,1986-09-01,5138.423270146597
NN3-079_TWARP78,1986-10-01,4747.79036391325
NN3-079_TWARP78,1986-11-01,4545.4423747324645
NN3-079_TWARP78,1986-12-01,4787.943792381868
NN3-079_TWARP78,1987-01-01,4935.221229372771
NN3-079_TWARP78,1987-02-01,5224.852052014677
NN3-079_TWARP78,1987-03-01,5184.657262216714
NN3-079_TWARP78,1987-04-01,4848.170419568903
NN3-079_TWARP78,1987-05-01,4834.13709256792
NN3-079_TWARP78,1987-06-01,4774.034318613117
NN3-079_TWARP78,1987-07-01,4870.481239358669
NN3-079_TWARP78,1987-08-01,4968.53167737648
NN3-079_TWARP78,1987-09-01,5238.959914233326
NN3-079_TWARP78,1987-10-01,5479.418188699699
NN3-079_TWARP78,1987-11-01,5043.711620315963
NN3-079_TWARP78,1987-12-01,5209.694485972996
NN3-079_TWARP78,1988-01-01,4792.191995635138
NN3-079_TWARP78,1988-02-01,5007.228123149963
NN3-079_TWARP78,1988-03-01,5534.957599985453
NN3-079_TWARP78,1988-04-01,5062.92274851855
NN3-079_TWARP78,1988-05-01,5093.337246571177
NN3-079_TWARP78,1988-06-01,5067.533437966973
NN3-080_TWARP79,1982-01-01,4080.0
NN3-080_TWARP79,1982-02-01,4156.133277551656
NN3-080_TWARP79,1982-03-01,4194.713751391143
NN3-080_TWARP79,1982-04-01,4164.920566779485
NN3-080_TWARP79,1982-05-01,4136.086824968548
NN3-080_TWARP79,1982-06-01,4084.6936963072867
NN3-080_TWARP79,1982-07-01,4067.7772355817956
NN3-080_TWARP79,1982-08-01,4131.023990701516
NN3-080_TWARP79,1982-09-01,4276.398675196863
NN3-080_TWARP79,1982-10-01,4272.3442616657485
NN3-080_TWARP79,1982-11-01,4141.908430403509
NN3-080_TWARP79,1982-12-01,4170.907884909072
NN3-080_TWARP79,1983-01-01,4177.586340045426
NN3-080_TWARP79,1983-02-01,4114.0435851796865
NN3-080_TWARP79,1983-03-01,4282.111113120006
NN3-080_TWARP79,1983-04-01,4347.777606549161
NN3-080_TWARP79,1983-05-01,4332.110446218638
NN3-080_TWARP79,1983-06-01,4257.044756017355
NN3-080_TWARP79,1983-07-01,4245.198062983839
NN3-080_TWARP79,1983-08-01,4295.418698311231
NN3-080_TWARP79,1983-09-01,4323.218059244855
NN3-080_TWARP79,1983-10-01,4315.608762316108
NN3-080_TWARP79,1983-11-01,4322.20882411168
NN3-080_TWARP79,1983-12-01,4443.1034883827315
NN3-080_TWARP79,1984-01-01,4558.801789866275
NN3-080_TWARP79,1984-02-01,4442.522589398096
NN3-080_TWARP79,1984-03-01,4523.364497810989
NN3-080_TWARP79,1984-04-01,4634.322354166797
NN3-080_TWARP79,1984-05-01,4716.416009425403
NN3-080_TWARP79,1984-06-01,4697.640034774464
NN3-080_TWARP79,1984-07-01,4626.774096960924
NN3-080_TWARP79,1984-08-01,4542.9620647182255
NN3-080_TWARP79,1984-09-01,4531.448945987243
NN3-080_TWARP79,1984-10-01,4551.62349670822
NN3-080_TWARP79,1984-11-01,4544.049634811827
NN3-080_TWARP79,1984-12-01,4591.627728555502
NN3-080_TWARP79,1985-01-01,4567.938756444869
NN3-080_TWARP79,1985-02-01,4579.601745697046
NN3-080_TWARP79,1985-03-01,4682.059825693329
NN3-080_TWARP79,1985-04-01,4622.540345722208
NN3-080_TWARP79,1985-05-01,4460.3254987465125
NN3-080_TWARP79,1985-06-01,4531.482685816552
NN3-080_TWARP79,1985-07-01,4659.12620573302
NN3-080_TWARP79,1985-08-01,4684.04002174414
NN3-080_TWARP79,1985-09-01,4694.175902344032
NN3-080_TWARP79,1985-10-01,4792.359502106504
NN3-080_TWARP79,1985-11-01,4862.757121946256
NN3-080_TWARP79,1985-12-01,4801.057241097938
NN3-080_TWARP79,1986-01-01,4816.925940330076
NN3-080_TWARP79,1986-02-01,4922.8488763458245
NN3-080_TWARP79,1986-03-01,4879.174184822992
NN3-080_TWARP79,1986-04-01,4874.81806818084
NN3-080_TWARP79,1986-05-01,4784.849998897967
NN3-080_TWARP79,1986-06-01,4641.629116370662
NN3-080_TWARP79,1986-07-01,4612.5296896056825
NN3-080_TWARP79,1986-08-01,4696.341021795208
NN3-080_TWARP79,1986-09-01,4812.318708760901
NN3-080_TWARP79,1986-10-01,4908.396723342291
NN3-080_TWARP79,1986-11-01,5012.869948543741
NN3-080_TWARP79,1986-12-01,4935.808086667663
NN3-080_TWARP79,1987-01-01,5007.560169291624
NN3-080_TWARP79,1987-02-01,5094.525885530081
NN3-080_TWARP79,1987-03-01,5180.637431591322
NN3-080_TWARP79,1987-04-01,5186.579337594649
NN3-080_TWARP79,1987-05-01,5119.077890931543
NN3-080_TWARP79,1987-06-01,4973.45946966238
NN3-080_TWARP79,1987-07-01,4927.715144109976
NN3-080_TWARP79,1987-08-01,4806.450353380885
NN3-080_TWARP79,1987-09-01,4823.919857427704
NN3-080_TWARP79,1987-10-01,4809.095515006017
NN3-080_TWARP79,1987-11-01,4810.771656185181
NN3-080_TWARP79,1987-12-01,4833.966594607292
NN3-080_TWARP79,1988-01-01,4856.996422478483
NN3-080_TWARP79,1988-02-01,4917.9333167499335
NN3-080_TWARP79,1988-03-01,4976.2981841555575
NN3-080_TWARP79,1988-04-01,4962.005837128364
NN3-080_TWARP79,1988-05-01,4913.536627580481
NN3-080_TWARP79,1988-06-01,4779.002284766139
NN3-080_TWARP79,1988-07-01,4680.720324931268
NN3-080_TWARP79,1988-08-01,4722.774695299394
NN3-080_TWARP79,1988-09-01,4794.346419723024
NN3-080_TWARP79,1988-10-01,4886.039878141954
NN3-080_TWARP79,1988-11-01,4964.436336592583
NN3-080_TWARP79,1988-12-01,4988.364149242391
NN3-080_TWARP79,1989-01-01,4951.863127800159
NN3-080_TWARP79,1989-02-01,4861.033194457646
NN3-080_TWARP79,1989-03-01,4826.365596518619
NN3-080_TWARP79,1989-04-01,4825.288038077662
NN3-080_TWARP79,1989-05-01,4779.979096469919
NN3-080_TWARP79,1989-06-01,4742.554259639415
NN3-080_TWARP79,1989-07-01,4746.848865342241
NN3-080_TWARP79,1989-08-01,4768.833691313851
NN3-080_TWARP79,1989-09-01,4782.0169943492765
NN3-080_TWARP79,1989-10-01,4825.262225563039
NN3-080_TWARP79,1989-11-01,4919.465385320989
NN3-080_TWARP79,1989-12-01,4917.754732406422
NN3-080_TWARP79,1990-01-01,4955.573319416471
NN3-080_TWARP79,1990-02-01,5022.0
NN3-080_TWARP79,1990-03-01,5021.001371629449
NN3-080_TWARP79,1990-04-01,4989.224784454879
NN3-080_TWARP79,1990-05-01,5005.881582137359
NN3-080_TWARP79,1990-06-01,4920.748370982769
NN3-080_TWARP79,1990-07-01,4801.731390313532
NN3-080_TWARP79,1990-08-01,4762.9480741874095
NN3-080_TWARP79,1990-09-01,4791.908244328496
NN3-080_TWARP79,1990-10-01,4827.608160333393
NN3-080_TWARP79,1990-11-01,4814.40390913622
NN3-080_TWARP79,1990-12-01,4746.090148565506
NN3-080_TWARP79,1991-01-01,4905.662795648462
NN3-080_TWARP79,1991-02-01,4948.134884702784
NN3-080_TWARP79,1991-03-01,4942.62476021212
NN3-080_TWARP79,1991-04-01,4821.214620535395
NN3-080_TWARP79,1991-05-01,4619.247095807979
NN3-080_TWARP79,1991-06-01,4699.0
NN3-081_TWARP80,1978-01-01,2041.0
NN3-081_TWARP80,1978-02-01,1983.6053324571974
NN3-081_TWARP80,1978-03-01,2203.73443379315
NN3-081_TWARP80,1978-04-01,2163.313595179684
NN3-081_TWARP80,1978-05-01,2708.900132513015
NN3-081_TWARP80,1978-06-01,2651.387748107559
NN3-081_TWARP80,1978-07-01,2793.553140137989
NN3-081_TWARP80,1978-08-01,2667.6121426164923
NN3-081_TWARP80,1978-09-01,2433.8496588513403
NN3-081_TWARP80,1978-10-01,2542.698668013527
NN3-081_TWARP80,1978-11-01,2360.0063573604853
NN3-081_TWARP80,1978-12-01,2262.708509183923
NN3-081_TWARP80,1979-01-01,2197.0611670209873
NN3-081_TWARP80,1979-02-01,1878.727329106052
NN3-081_TWARP80,1979-03-01,2232.318185528992
NN3-081_TWARP80,1979-04-01,2221.5195919621688
NN3-081_TWARP80,1979-05-01,2751.7168740783914
NN3-081_TWARP80,1979-06-01,2508.3459575327397
NN3-081_TWARP80,1979-07-01,2384.4615721389773
NN3-081_TWARP80,1979-08-01,2443.2061846771726
NN3-081_TWARP80,1979-09-01,2381.743558953019
NN3-081_TWARP80,1979-10-01,2221.5598462135445
NN3-081_TWARP80,1979-11-01,2153.1739912830503
NN3-081_TWARP80,1979-12-01,1892.8985386722095
NN3-081_TWARP80,1980-01-01,1738.9806814597532
NN3-081_TWARP80,1980-02-01,2077.6890815347206
NN3-081_TWARP80,1980-03-01,2128.4090525594543
NN3-081_TWARP80,1980-04-01,1664.465065681441
NN3-081_TWARP80,1980-05-01,1687.021706489501
NN3-081_TWARP80,1980-06-01,1912.2432179954392
NN3-081_TWARP80,1980-07-01,2046.173543715705
NN3-081_TWARP80,1980-08-01,1928.8730732826168
NN3-081_TWARP80,1980-09-01,2011.4989991380492
NN3-081_TWARP80,1980-10-01,2044.407933292989
NN3-081_TWARP80,1980-11-01,2094.863669151521
NN3-081_TWARP80,1980-12-01,1922.5603667907951
NN3-081_TWARP80,1981-01-01,1800.563880116408
NN3-081_TWARP80,1981-02-01,1966.6657409237864
NN3-081_TWARP80,1981-03-01,2236.891586154802
NN3-081_TWARP80,1981-04-01,2308.006152645051
NN3-081_TWARP80,1981-05-01,2336.83498954084
NN3-081_TWARP80,1981-06-01,2224.118203122705
NN3-081_TWARP80,1981-07-01,2018.6156961634606
NN3-081_TWARP80,1981-08-01,1226.3711756492671
NN3-081_TWARP80,1981-09-01,1490.7315238902288
NN3-081_TWARP80,1981-10-01,1748.973852384202
NN3-081_TWARP80,1981-11-01,1727.5993193577667
NN3-081_TWARP80,1981-12-01,1444.6261446823717
NN3-081_TWARP80,1982-01-01,1273.8185745169624
NN3-081_TWARP80,1982-02-01,1359.612415637033
NN3-081_TWARP80,1982-03-01,1411.640417565071
NN3-081_TWARP80,1982-04-01,1787.5447939250835
NN3-081_TWARP80,1982-05-01,1975.8179036897322
NN3-081_TWARP80,1982-06-01,2076.7687603086556
NN3-081_TWARP80,1982-07-01,2070.1166110600875
NN3-081_TWARP80,1982-08-01,2088.3935839583282
NN3-081_TWARP80,1982-09-01,2227.018104857583
NN3-081_TWARP80,1982-10-01,1916.60213125349
NN3-081_TWARP80,1982-11-01,2055.6019130981435
NN3-081_TWARP80,1982-12-01,1940.8582013173796
NN3-081_TWARP80,1983-01-01,1997.850610197102
NN3-081_TWARP80,1983-02-01,2156.723154136153
NN3-081_TWARP80,1983-03-01,2380.9027225266923
NN3-081_TWARP80,1983-04-01,2251.2960729995325
NN3-081_TWARP80,1983-05-01,2448.4149436368552
NN3-081_TWARP80,1983-06-01,2652.212679238985
NN3-081_TWARP80,1983-07-01,2531.774753518497
NN3-081_TWARP80,1983-08-01,2521.18767193326
NN3-081_TWARP80,1983-09-01,2536.63680852739
NN3-081_TWARP80,1983-10-01,2556.773783213167
NN3-081_TWARP80,1983-11-01,2613.289911192057
NN3-081_TWARP80,1983-12-01,2392.1787060814854
NN3-081_TWARP80,1984-01-01,2135.6098469313465
NN3-081_TWARP80,1984-02-01,2371.3967609454658
NN3-081_TWARP80,1984-03-01,2659.4975140769257
NN3-081_TWARP80,1984-04-01,2608.2240411709504
NN3-081_TWARP80,1984-05-01,2575.5788901421342
NN3-081_TWARP80,1984-06-01,2588.637404306667
NN3-081_TWARP80,1984-07-01,2781.94060469889
NN3-081_TWARP80,1984-08-01,2831.566208665452
NN3-081_TWARP80,1984-09-01,2860.307447749698
NN3-081_TWARP80,1984-10-01,3013.8611719391306
NN3-081_TWARP80,1984-11-01,2763.131199618315
NN3-081_TWARP80,1984-12-01,2606.7087654085108
NN3-081_TWARP80,1985-01-01,2558.9304178470675
NN3-081_TWARP80,1985-02-01,2370.9587113842676
NN3-081_TWARP80,1985-03-01,2817.013797333002
NN3-081_TWARP80,1985-04-01,2521.2061427713497
NN3-081_TWARP80,1985-05-01,1451.855458783131
NN3-081_TWARP80,1985-06-01,3383.9046906682534
NN3-081_TWARP80,1985-07-01,3341.0657804020116
NN3-081_TWARP80,1985-08-01,3104.13353561644
NN3-081_TWARP80,1985-09-01,3086.429273320598
NN3-081_TWARP80,1985-10-01,3151.441350819427
NN3-081_TWARP80,1985-11-01,3079.3902999220686
NN3-081_TWARP80,1985-12-01,2601.433146482034
NN3-081_TWARP80,1986-01-01,2532.98646403537
NN3-081_TWARP80,1986-02-01,2683.4644922121806
NN3-081_TWARP80,1986-03-01,2966.2168105333703
NN3-081_TWARP80,1986-04-01,3213.348709809195
NN3-081_TWARP80,1986-05-01,3359.252344099114
NN3-081_TWARP80,1986-06-01,3340.451112141757
NN3-081_TWARP80,1986-07-01,3734.208374412311
NN3-081_TWARP80,1986-08-01,3008.4357719634572
NN3-081_TWARP80,1986-09-01,3024.3329605061904
NN3-081_TWARP80,1986-10-01,2244.225277948056
NN3-081_TWARP80,1986-11-01,1857.469257338481
NN3-081_TWARP80,1986-12-01,2236.786637942366
NN3-081_TWARP80,1987-01-01,2797.599805256793
NN3-081_TWARP80,1987-02-01,3116.329749231177
NN3-081_TWARP80,1987-03-01,3061.477064446573
NN3-081_TWARP80,1987-04-01,3182.244618413872
NN3-081_TWARP80,1987-05-01,3264.0
NN3-081_TWARP80,1987-06-01,3264.0
NN3-082_TWARP81,1983-01-01,4692.0
NN3-082_TWARP81,1983-02-01,5563.620265497077
NN3-082_TWARP81,1983-03-01,5651.936917238879
NN3-082_TWARP81,1983-04-01,5644.006634754164
NN3-082_TWARP81,1983-05-01,5863.833205537189
NN3-082_TWARP81,1983-06-01,6079.894493248053
NN3-082_TWARP81,1983-07-01,6115.999806050489
NN3-082_TWARP81,1983-08-01,5731.615874328429
NN3-082_TWARP81,1983-09-01,5187.667823659204
NN3-082_TWARP81,1983-10-01,4987.42522208262
NN3-082_TWARP81,1983-11-01,4788.401133711416
NN3-082_TWARP81,1983-12-01,4879.8282280339145
NN3-082_TWARP81,1984-01-01,4855.547876894801
NN3-082_TWARP81,1984-02-01,5286.885698503852
NN3-082_TWARP81,1984-03-01,5554.879488227623
NN3-082_TWARP81,1984-04-01,5464.972822718081
NN3-082_TWARP81,1984-05-01,5040.186473705688
NN3-082_TWARP81,1984-06-01,4846.599773013945
NN3-082_TWARP81,1984-07-01,4624.669679513592
NN3-082_TWARP81,1984-08-01,4649.561531267636
NN3-082_TWARP81,1984-09-01,4689.835814407956
NN3-082_TWARP81,1984-10-01,4539.237892303893
NN3-082_TWARP81,1984-11-01,4709.611084143629
NN3-082_TWARP81,1984-12-01,4901.989958501386
NN3-082_TWARP81,1985-01-01,5011.984358000032
NN3-082_TWARP81,1985-02-01,5144.005199534946
NN3-082_TWARP81,1985-03-01,5294.671421536348
NN3-082_TWARP81,1985-04-01,5201.93277688735
NN3-082_TWARP81,1985-05-01,5431.621979457658
NN3-082_TWARP81,1985-06-01,5796.6768524037925
NN3-082_TWARP81,1985-07-01,5637.884876295004
NN3-082_TWARP81,1985-08-01,5103.635480145809
NN3-082_TWARP81,1985-09-01,4682.361044377702
NN3-082_TWARP81,1985-10-01,4461.3726660080865
NN3-082_TWARP81,1985-11-01,4308.049151518872
NN3-082_TWARP81,1985-12-01,4568.255775818058
NN3-082_TWARP81,1986-01-01,4689.704676089273
NN3-082_TWARP81,1986-02-01,4598.368979763303
NN3-082_TWARP81,1986-03-01,4853.385844340748
NN3-082_TWARP81,1986-04-01,5264.77755272493
NN3-082_TWARP81,1986-05-01,5280.895653797659
NN3-082_TWARP81,1986-06-01,5018.187210280008
NN3-082_TWARP81,1986-07-01,5122.753810978954
NN3-082_TWARP81,1986-08-01,5127.12706674189
NN3-082_TWARP81,1986-09-01,5130.200757954971
NN3-082_TWARP81,1986-10-01,4989.639082971499
NN3-082_TWARP81,1986-11-01,4882.662846998879
NN3-082_TWARP81,1986-12-01,4754.665915013746
NN3-082_TWARP81,1987-01-01,4801.493311840665
NN3-082_TWARP81,1987-02-01,4900.463121669979
NN3-082_TWARP81,1987-03-01,4901.6109310070715
NN3-082_TWARP81,1987-04-01,4880.336281597587
NN3-082_TWARP81,1987-05-01,4856.170446900166
NN3-082_TWARP81,1987-06-01,4928.114077706819
NN3-082_TWARP81,1987-07-01,5053.326423667323
NN3-082_TWARP81,1987-08-01,5361.0554270803295
NN3-082_TWARP81,1987-09-01,5274.139158510691
NN3-082_TWARP81,1987-10-01,5072.341121113243
NN3-082_TWARP81,1987-11-01,5088.149906653994
NN3-082_TWARP81,1987-12-01,5168.150922533882
NN3-082_TWARP81,1988-01-01,5224.606162627616
NN3-082_TWARP81,1988-02-01,5257.405128071982
NN3-082_TWARP81,1988-03-01,5345.751470751145
NN3-082_TWARP81,1988-04-01,5297.107817614784
NN3-082_TWARP81,1988-05-01,5401.7703245760285
NN3-082_TWARP81,1988-06-01,5592.1218362889595
NN3-082_TWARP81,1988-07-01,5556.072240539417
NN3-082_TWARP81,1988-08-01,5684.671655978276
NN3-082_TWARP81,1988-09-01,5632.04769964225
NN3-082_TWARP81,1988-10-01,5557.727707775845
NN3-082_TWARP81,1988-11-01,5371.9616082165685
NN3-082_TWARP81,1988-12-01,5422.8446994877695
NN3-082_TWARP81,1989-01-01,5598.608122465913
NN3-082_TWARP81,1989-02-01,5671.288612584355
NN3-082_TWARP81,1989-03-01,6080.2401956967105
NN3-082_TWARP81,1989-04-01,6348.9190132067115
NN3-082_TWARP81,1989-05-01,6490.398254053832
NN3-082_TWARP81,1989-06-01,6639.34692580146
NN3-082_TWARP81,1989-07-01,6565.487639836289
NN3-082_TWARP81,1989-08-01,6457.8158945755
NN3-082_TWARP81,1989-09-01,6335.07418896477
NN3-082_TWARP81,1989-10-01,5860.9870050171085
NN3-082_TWARP81,1989-11-01,5523.5280927103195
NN3-082_TWARP81,1989-12-01,5582.388597339734
NN3-082_TWARP81,1990-01-01,5697.286974438964
NN3-082_TWARP81,1990-02-01,5812.104390429728
NN3-082_TWARP81,1990-03-01,5888.261938222506
NN3-082_TWARP81,1990-04-01,5951.861026409185
NN3-082_TWARP81,1990-05-01,5673.289460541901
NN3-082_TWARP81,1990-06-01,5514.740495636715
NN3-082_TWARP81,1990-07-01,5678.150770329409
NN3-082_TWARP81,1990-08-01,5639.475587102689
NN3-082_TWARP81,1990-09-01,5512.39439207542
NN3-082_TWARP81,1990-10-01,5286.521453362004
NN3-082_TWARP81,1990-11-01,5054.568228068282
NN3-082_TWARP81,1990-12-01,5027.165717000887
NN3-082_TWARP81,1991-01-01,5112.431325686808
NN3-082_TWARP81,1991-02-01,5166.690693302761
NN3-082_TWARP81,1991-03-01,5137.0116311559295
NN3-082_TWARP81,1991-04-01,5071.0669818402785
NN3-082_TWARP81,1991-05-01,5088.744393562121
NN3-082_TWARP81,1991-06-01,5303.5077974572905
NN3-082_TWARP81,1991-07-01,5778.980780944777
NN3-082_TWARP81,1991-08-01,6511.601004982498
NN3-083_TWARP82,1979-01-01,4580.0
NN3-083_TWARP82,1979-02-01,4895.848945370724
NN3-083_TWARP82,1979-03-01,4997.075469971284
NN3-083_TWARP82,1979-04-01,5007.991477483394
NN3-083_TWARP82,1979-05-01,5141.451025801846
NN3-083_TWARP82,1979-06-01,5300.508864004553
NN3-083_TWARP82,1979-07-01,5370.797491280324
NN3-083_TWARP82,1979-08-01,5269.5688948027755
NN3-083_TWARP82,1979-09-01,5357.8561522075315
NN3-083_TWARP82,1979-10-01,5266.732647024518
NN3-083_TWARP82,1979-11-01,5554.6812210983135
NN3-083_TWARP82,1979-12-01,5422.547596699428
NN3-083_TWARP82,1980-01-01,4947.982955394775
NN3-083_TWARP82,1980-02-01,5029.161639292505
NN3-083_TWARP82,1980-03-01,4875.095701003008
NN3-083_TWARP82,1980-04-01,4523.591190539896
NN3-083_TWARP82,1980-05-01,4591.938298055416
NN3-083_TWARP82,1980-06-01,4110.153940373863
NN3-083_TWARP82,1980-07-01,4511.916493839569
NN3-083_TWARP82,1980-08-01,4929.947585216883
NN3-083_TWARP82,1980-09-01,4863.741652737327
NN3-083_TWARP82,1980-10-01,4670.781750820785
NN3-083_TWARP82,1980-11-01,5027.724167675635
NN3-083_TWARP82,1980-12-01,5124.130401354354
NN3-083_TWARP82,1981-01-01,4700.962514918664
NN3-083_TWARP82,1981-02-01,4476.6160950856665
NN3-083_TWARP82,1981-03-01,4504.4268123370175
NN3-083_TWARP82,1981-04-01,4420.0
NN3-083_TWARP82,1981-05-01,4469.404251981335
NN3-083_TWARP82,1981-06-01,4642.695318726549
NN3-083_TWARP82,1981-07-01,4642.797782627007
NN3-083_TWARP82,1981-08-01,4280.189439340496
NN3-083_TWARP82,1981-09-01,3918.11392409986
NN3-083_TWARP82,1981-10-01,3708.2062538449836
NN3-083_TWARP82,1981-11-01,3646.748116247377
NN3-083_TWARP82,1981-12-01,3775.815038640427
NN3-083_TWARP82,1982-01-01,4001.986062603131
NN3-083_TWARP82,1982-02-01,4266.731798238425
NN3-083_TWARP82,1982-03-01,4607.369540902167
NN3-083_TWARP82,1982-04-01,4823.562969899847
NN3-083_TWARP82,1982-05-01,4292.94571469905
NN3-083_TWARP82,1982-06-01,4220.3238220516205
NN3-083_TWARP82,1982-07-01,4401.161178506898
NN3-083_TWARP82,1982-08-01,3994.690608132045
NN3-083_TWARP82,1982-09-01,3914.6515840599473
NN3-083_TWARP82,1982-10-01,3711.941499322538
NN3-083_TWARP82,1982-11-01,3714.21465111072
NN3-083_TWARP82,1982-12-01,3760.3500423265014
NN3-083_TWARP82,1983-01-01,3660.6082840131553
NN3-083_TWARP82,1983-02-01,3687.1863350557214
NN3-083_TWARP82,1983-03-01,3956.7616230311187
NN3-083_TWARP82,1983-04-01,4159.08208299452
NN3-083_TWARP82,1983-05-01,4103.667917953121
NN3-083_TWARP82,1983-06-01,3625.751218500604
NN3-083_TWARP82,1983-07-01,3828.4629070989363
NN3-083_TWARP82,1983-08-01,4232.4918099137985
NN3-083_TWARP82,1983-09-01,4154.800659352117
NN3-083_TWARP82,1983-10-01,4423.93453087513
NN3-083_TWARP82,1983-11-01,4512.245746522298
NN3-083_TWARP82,1983-12-01,4297.522873057369
NN3-083_TWARP82,1984-01-01,4220.374727569426
NN3-083_TWARP82,1984-02-01,3986.003384579293
NN3-083_TWARP82,1984-03-01,4878.937588624516
NN3-083_TWARP82,1984-04-01,4623.3527856400115
NN3-083_TWARP82,1984-05-01,4919.861792559037
NN3-083_TWARP82,1984-06-01,4937.219310191314
NN3-083_TWARP82,1984-07-01,4358.682199632604
NN3-083_TWARP82,1984-08-01,4465.010516300437
NN3-083_TWARP82,1984-09-01,4472.424235168518
NN3-083_TWARP82,1984-10-01,4470.586065367744
NN3-083_TWARP82,1984-11-01,4110.164124941548
NN3-083_TWARP82,1984-12-01,3930.7003677561706
NN3-083_TWARP82,1985-01-01,4217.87495285809
NN3-083_TWARP82,1985-02-01,4234.967010814921
NN3-083_TWARP82,1985-03-01,4678.6812889182
NN3-083_TWARP82,1985-04-01,5149.364200618002
NN3-083_TWARP82,1985-05-01,4839.792645545574
NN3-083_TWARP82,1985-06-01,4960.0
NN3-083_TWARP82,1985-07-01,4844.780037880458
NN3-083_TWARP82,1985-08-01,4476.135142305965
NN3-083_TWARP82,1985-09-01,4748.5411154273625
NN3-083_TWARP82,1985-10-01,4899.278284211899
NN3-083_TWARP82,1985-11-01,4105.071787557197
NN3-083_TWARP82,1985-12-01,4188.561741448114
NN3-083_TWARP82,1986-01-01,3674.825059974059
NN3-083_TWARP82,1986-02-01,3784.741082442935
NN3-083_TWARP82,1986-03-01,4150.739636134845
NN3-083_TWARP82,1986-04-01,4655.710036894766
NN3-083_TWARP82,1986-05-01,4614.615137501387
NN3-083_TWARP82,1986-06-01,4518.624339132823
NN3-083_TWARP82,1986-07-01,4016.408919021215
NN3-083_TWARP82,1986-08-01,3812.4024419718735
NN3-083_TWARP82,1986-09-01,3604.7854760247537
NN3-083_TWARP82,1986-10-01,3322.3841402837506
NN3-083_TWARP82,1986-11-01,3733.686072154958
NN3-083_TWARP82,1986-12-01,5231.119386244305
NN3-083_TWARP82,1987-01-01,5031.971344967193
NN3-083_TWARP82,1987-02-01,4963.089070286016
NN3-083_TWARP82,1987-03-01,5294.413105966813
NN3-083_TWARP82,1987-04-01,4996.59172950056
NN3-083_TWARP82,1987-05-01,4994.269133393225
NN3-083_TWARP82,1987-06-01,5048.239852067895
NN3-083_TWARP82,1987-07-01,4985.984546512491
NN3-083_TWARP82,1987-08-01,4880.173307379401
NN3-083_TWARP82,1987-09-01,4828.414905311607
NN3-083_TWARP82,1987-10-01,4781.4133478604645
NN3-083_TWARP82,1987-11-01,4822.40440544051
NN3-083_TWARP82,1987-12-01,4842.201647468809
NN3-083_TWARP82,1988-01-01,4530.4896450059005
NN3-083_TWARP82,1988-02-01,4736.982526633213
NN3-083_TWARP82,1988-03-01,4840.268113854924
NN3-083_TWARP82,1988-04-01,4657.949932391763
NN3-083_TWARP82,1988-05-01,4459.71056163709
NN3-083_TWARP82,1988-06-01,4334.428547680068
NN3-084_TWARP83,1979-01-01,5370.0
NN3-084_TWARP83,1979-02-01,5360.233997881344
NN3-084_TWARP83,1979-03-01,5517.473802542797
NN3-084_TWARP83,1979-04-01,5389.6639216860285
NN3-084_TWARP83,1979-05-01,5284.083582700954
NN3-084_TWARP83,1979-06-01,5628.442667012864
NN3-084_TWARP83,1979-07-01,5542.798696545449
NN3-084_TWARP83,1979-08-01,5757.431786738203
NN3-084_TWARP83,1979-09-01,5389.108110704722
NN3-084_TWARP83,1979-10-01,5206.906120012768
NN3-084_TWARP83,1979-11-01,5029.484941352849
NN3-084_TWARP83,1979-12-01,4942.56926143878
NN3-084_TWARP83,1980-01-01,4683.282640444419
NN3-084_TWARP83,1980-02-01,4509.9321334084625
NN3-084_TWARP83,1980-03-01,4355.579512622345
NN3-084_TWARP83,1980-04-01,4312.2985916490015
NN3-084_TWARP83,1980-05-01,4569.667751823197
NN3-084_TWARP83,1980-06-01,4900.266302377182
NN3-084_TWARP83,1980-07-01,4961.147649448845
NN3-084_TWARP83,1980-08-01,5202.781640116585
NN3-084_TWARP83,1980-09-01,4775.916758832454
NN3-084_TWARP83,1980-10-01,4552.676413461031
NN3-084_TWARP83,1980-11-01,4695.675511364397
NN3-084_TWARP83,1980-12-01,4794.89120336718
NN3-084_TWARP83,1981-01-01,4802.499535781308
NN3-084_TWARP83,1981-02-01,4736.00373228623
NN3-084_TWARP83,1981-03-01,4518.250367836899
NN3-084_TWARP83,1981-04-01,4375.039070127612
NN3-084_TWARP83,1981-05-01,4307.798661210883
NN3-084_TWARP83,1981-06-01,4159.547843789924
NN3-084_TWARP83,1981-07-01,3889.4079201721775
NN3-084_TWARP83,1981-08-01,3840.805076820159
NN3-084_TWARP83,1981-09-01,3876.990362669064
NN3-084_TWARP83,1981-10-01,3901.2034611885138
NN3-084_TWARP83,1981-11-01,4044.6524544123267
NN3-084_TWARP83,1981-12-01,4229.231552184003
NN3-084_TWARP83,1982-01-01,4128.752328292118
NN3-084_TWARP83,1982-02-01,4010.323084364467
NN3-084_TWARP83,1982-03-01,4034.397186412433
NN3-084_TWARP83,1982-04-01,3750.3829946649657
NN3-084_TWARP83,1982-05-01,3556.1706198680763
NN3-084_TWARP83,1982-06-01,3877.5823459619146
NN3-084_TWARP83,1982-07-01,3829.5617865455447
NN3-084_TWARP83,1982-08-01,3680.7197519668775
NN3-084_TWARP83,1982-09-01,4033.263295135218
NN3-084_TWARP83,1982-10-01,3870.498016483147
NN3-084_TWARP83,1982-11-01,4121.160748630789
NN3-084_TWARP83,1982-12-01,4177.003851708126
NN3-084_TWARP83,1983-01-01,4303.274134957284
NN3-084_TWARP83,1983-02-01,4040.159819183001
NN3-084_TWARP83,1983-03-01,4383.649350726491
NN3-084_TWARP83,1983-04-01,4338.507681292027
NN3-084_TWARP83,1983-05-01,4352.537456008518
NN3-084_TWARP83,1983-06-01,4308.278780483378
NN3-084_TWARP83,1983-07-01,4216.520326196699
NN3-084_TWARP83,1983-08-01,3976.448930384729
NN3-084_TWARP83,1983-09-01,4070.8222555314446
NN3-084_TWARP83,1983-10-01,4493.576434764023
NN3-084_TWARP83,1983-11-01,4741.041433874503
NN3-084_TWARP83,1983-12-01,4892.824037649271
NN3-084_TWARP83,1984-01-01,4801.941139330377
NN3-084_TWARP83,1984-02-01,4703.007720269394
NN3-084_TWARP83,1984-03-01,4533.3679854364555
NN3-084_TWARP83,1984-04-01,4549.43143284778
NN3-084_TWARP83,1984-05-01,4508.113468821843
NN3-084_TWARP83,1984-06-01,4378.683801575331
NN3-084_TWARP83,1984-07-01,4483.735546899645
NN3-084_TWARP83,1984-08-01,4450.042717008151
NN3-084_TWARP83,1984-09-01,4325.260547968147
NN3-084_TWARP83,1984-10-01,4555.57706578129
NN3-084_TWARP83,1984-11-01,4775.807471730606
NN3-084_TWARP83,1984-12-01,4773.239369190934
NN3-084_TWARP83,1985-01-01,4658.145115056165
NN3-084_TWARP83,1985-02-01,4636.699856088533
NN3-084_TWARP83,1985-03-01,4457.198025074451
NN3-084_TWARP83,1985-04-01,4341.095988116623
NN3-084_TWARP83,1985-05-01,4429.583258875997
NN3-084_TWARP83,1985-06-01,4227.394216070231
NN3-084_TWARP83,1985-07-01,4361.917415063353
NN3-084_TWARP83,1985-08-01,4175.394974762809
NN3-084_TWARP83,1985-09-01,3907.1698368122698
NN3-084_TWARP83,1985-10-01,4321.190444628505
NN3-084_TWARP83,1985-11-01,4458.316727976221
NN3-084_TWARP83,1985-12-01,4440.836432940112
NN3-084_TWARP83,1986-01-01,4483.190089752403
NN3-084_TWARP83,1986-02-01,4486.289220372474
NN3-084_TWARP83,1986-03-01,4455.191169250009
NN3-084_TWARP83,1986-04-01,4396.148887162799
NN3-084_TWARP83,1986-05-01,4295.0976257550055
NN3-084_TWARP83,1986-06-01,4174.462111937641
NN3-084_TWARP83,1986-07-01,4308.993473685596
NN3-084_TWARP83,1986-08-01,4577.110512411628
NN3-084_TWARP83,1986-09-01,4528.24854073413
NN3-084_TWARP83,1986-10-01,4611.732736025874
NN3-084_TWARP83,1986-11-01,4666.009679575959
NN3-084_TWARP83,1986-12-01,4512.879608316693
NN3-084_TWARP83,1987-01-01,4622.9414438785525
NN3-084_TWARP83,1987-02-01,4562.8877946935945
NN3-084_TWARP83,1987-03-01,4813.674083746024
NN3-084_TWARP83,1987-04-01,4996.02119741583
NN3-084_TWARP83,1987-05-01,5014.022746229538
NN3-084_TWARP83,1987-06-01,5038.24911978617
NN3-084_TWARP83,1987-07-01,5102.93759931724
NN3-084_TWARP83,1987-08-01,5165.054191362867
NN3-084_TWARP83,1987-09-01,4923.136748974422
NN3-084_TWARP83,1987-10-01,4245.324430430993
NN3-084_TWARP83,1987-11-01,4177.462619920131
NN3-084_TWARP83,1987-12-01,4501.858971713501
NN3-084_TWARP83,1988-01-01,4472.410024723003
NN3-084_TWARP83,1988-02-01,4301.1501930888
NN3-085_TWARP84,1979-01-01,4780.0
NN3-085_TWARP84,1979-02-01,4013.0140564976437
NN3-085_TWARP84,1979-03-01,4404.7579381184505
NN3-085_TWARP84,1979-04-01,4686.097797246472
NN3-085_TWARP84,1979-05-01,4896.813960033085
NN3-085_TWARP84,1979-06-01,4808.819692167921
NN3-085_TWARP84,1979-07-01,4618.824482768247
NN3-085_TWARP84,1979-08-01,4738.326620789524
NN3-085_TWARP84,1979-09-01,4741.110012269799
NN3-085_TWARP84,1979-10-01,4947.754578343864
NN3-085_TWARP84,1979-11-01,4988.138549057515
NN3-085_TWARP84,1979-12-01,4516.5350806298875
NN3-085_TWARP84,1980-01-01,5086.460640195064
NN3-085_TWARP84,1980-02-01,5044.27057211895
NN3-085_TWARP84,1980-03-01,4889.5295945194475
NN3-085_TWARP84,1980-04-01,4618.254168249988
NN3-085_TWARP84,1980-05-01,4327.361673461197
NN3-085_TWARP84,1980-06-01,4150.941747931118
NN3-085_TWARP84,1980-07-01,3881.640556354594
NN3-085_TWARP84,1980-08-01,4396.246025115511
NN3-085_TWARP84,1980-09-01,4810.46227155096
NN3-085_TWARP84,1980-10-01,4548.828617995795
NN3-085_TWARP84,1980-11-01,4329.659569681596
NN3-085_TWARP84,1980-12-01,4977.914856475727
NN3-085_TWARP84,1981-01-01,4734.801737990194
NN3-085_TWARP84,1981-02-01,4470.08462897583
NN3-085_TWARP84,1981-03-01,4478.0912447759165
NN3-085_TWARP84,1981-04-01,4238.3619772181155
NN3-085_TWARP84,1981-05-01,4122.108084543868
NN3-085_TWARP84,1981-06-01,4080.0
NN3-085_TWARP84,1981-07-01,3857.4058113071883
NN3-085_TWARP84,1981-08-01,4155.134063570664
NN3-085_TWARP84,1981-09-01,4267.958949616225
NN3-085_TWARP84,1981-10-01,4074.034796515762
NN3-085_TWARP84,1981-11-01,4466.594780858495
NN3-085_TWARP84,1981-12-01,3636.888121793687
NN3-085_TWARP84,1982-01-01,3603.4495301676584
NN3-085_TWARP84,1982-02-01,4776.085151922803
NN3-085_TWARP84,1982-03-01,4711.184619901133
NN3-085_TWARP84,1982-04-01,3422.2357936931185
NN3-085_TWARP84,1982-05-01,2929.0661512307674
NN3-085_TWARP84,1982-06-01,2568.713571940258
NN3-085_TWARP84,1982-07-01,2589.346596544506
NN3-085_TWARP84,1982-08-01,2766.025720585418
NN3-085_TWARP84,1982-09-01,2697.0103260867327
NN3-085_TWARP84,1982-10-01,2621.8566061024653
NN3-085_TWARP84,1982-11-01,2596.0206041686024
NN3-085_TWARP84,1982-12-01,2714.609549282302
NN3-085_TWARP84,1983-01-01,2708.4905988208648
NN3-085_TWARP84,1983-02-01,2841.3748937266214
NN3-085_TWARP84,1983-03-01,3058.408417559947
NN3-085_TWARP84,1983-04-01,3483.900782691795
NN3-085_TWARP84,1983-05-01,3248.444283459993
NN3-085_TWARP84,1983-06-01,2959.7503229321537
NN3-085_TWARP84,1983-07-01,3277.5910978722914
NN3-085_TWARP84,1983-08-01,3525.5657122599355
NN3-085_TWARP84,1983-09-01,3487.7200839345837
NN3-085_TWARP84,1983-10-01,3584.421240699229
NN3-085_TWARP84,1983-11-01,3701.4090321536087
NN3-085_TWARP84,1983-12-01,3525.4026405686245
NN3-085_TWARP84,1984-01-01,3547.3764565122015
NN3-085_TWARP84,1984-02-01,4189.23632726525
NN3-085_TWARP84,1984-03-01,4520.5060180025885
NN3-085_TWARP84,1984-04-01,4238.796844456019
NN3-085_TWARP84,1984-05-01,4604.688990672873
NN3-085_TWARP84,1984-06-01,4394.405278617603
NN3-085_TWARP84,1984-07-01,4352.896875808052
NN3-085_TWARP84,1984-08-01,3666.076851536099
NN3-085_TWARP84,1984-09-01,3774.881302501399
NN3-085_TWARP84,1984-10-01,4869.282306532461
NN3-085_TWARP84,1984-11-01,4531.486497127897
NN3-085_TWARP84,1984-12-01,3545.609245401788
NN3-085_TWARP84,1985-01-01,3944.78915336207
NN3-085_TWARP84,1985-02-01,4151.296258655405
NN3-085_TWARP84,1985-03-01,4336.719342916714
NN3-085_TWARP84,1985-04-01,4236.439277961451
NN3-085_TWARP84,1985-05-01,4300.058958281992
NN3-085_TWARP84,1985-06-01,4285.535542621155
NN3-085_TWARP84,1985-07-01,4124.125669032235
NN3-085_TWARP84,1985-08-01,4413.909995940256
NN3-085_TWARP84,1985-09-01,4531.116343720911
NN3-085_TWARP84,1985-10-01,4042.7489510105993
NN3-085_TWARP84,1985-11-01,3545.8837490686747
NN3-085_TWARP84,1985-12-01,3593.680076527318
NN3-085_TWARP84,1986-01-01,4080.7633440604814
NN3-085_TWARP84,1986-02-01,3540.7417638248094
NN3-085_TWARP84,1986-03-01,3487.0568457025242
NN3-085_TWARP84,1986-04-01,3696.334430928816
NN3-085_TWARP84,1986-05-01,3694.2167259977628
NN3-085_TWARP84,1986-06-01,4175.840222294262
NN3-085_TWARP84,1986-07-01,3759.606086102424
NN3-085_TWARP84,1986-08-01,3728.6161438608647
NN3-085_TWARP84,1986-09-01,4474.093049843466
NN3-085_TWARP84,1986-10-01,4543.656002904844
NN3-085_TWARP84,1986-11-01,4883.341612326366
NN3-085_TWARP84,1986-12-01,4924.015074146474
NN3-085_TWARP84,1987-01-01,4949.62609353609
NN3-085_TWARP84,1987-02-01,4716.504701062329
NN3-085_TWARP84,1987-03-01,4686.8762617904895
NN3-085_TWARP84,1987-04-01,4737.424055164831
NN3-085_TWARP84,1987-05-01,4644.078790597085
NN3-085_TWARP84,1987-06-01,4562.130912537625
NN3-085_TWARP84,1987-07-01,4057.2998742783243
NN3-085_TWARP84,1987-08-01,4155.107871258923
NN3-085_TWARP84,1987-09-01,4120.021461517595
NN3-085_TWARP84,1987-10-01,4566.461676354684
NN3-085_TWARP84,1987-11-01,4122.009121502341
NN3-085_TWARP84,1987-12-01,4177.613656064365
NN3-085_TWARP84,1988-01-01,4033.512477658384
NN3-085_TWARP84,1988-02-01,3873.6427479129197
NN3-085_TWARP84,1988-03-01,4177.586535625825
NN3-085_TWARP84,1988-04-01,3929.2849918717493
NN3-085_TWARP84,1988-05-01,3458.5501047193015
NN3-085_TWARP84,1988-06-01,3280.0
NN3-086_TWARP85,1979-01-01,4094.0
NN3-086_TWARP85,1979-02-01,4015.3229231535265
NN3-086_TWARP85,1979-03-01,4477.385850877267
NN3-086_TWARP85,1979-04-01,4761.83026607699
NN3-086_TWARP85,1979-05-01,4640.329918559347
NN3-086_TWARP85,1979-06-01,4460.263013511539
NN3-086_TWARP85,1979-07-01,4461.195604517897
NN3-086_TWARP85,1979-08-01,4518.203301655209
NN3-086_TWARP85,1979-09-01,4451.192536345545
NN3-086_TWARP85,1979-10-01,4248.138472603573
NN3-086_TWARP85,1979-11-01,4167.9268101302205
NN3-086_TWARP85,1979-12-01,4575.923197064688
NN3-086_TWARP85,1980-01-01,4779.370371291635
NN3-086_TWARP85,1980-02-01,4530.079766135967
NN3-086_TWARP85,1980-03-01,4710.755746665367
NN3-086_TWARP85,1980-04-01,4679.401814980413
NN3-086_TWARP85,1980-05-01,4631.79582639773
NN3-086_TWARP85,1980-06-01,4480.031885007915
NN3-086_TWARP85,1980-07-01,4162.428358880903
NN3-086_TWARP85,1980-08-01,3803.8399575773688
NN3-086_TWARP85,1980-09-01,3778.9484319680137
NN3-086_TWARP85,1980-10-01,4361.54710899187
NN3-086_TWARP85,1980-11-01,4379.918630506229
NN3-086_TWARP85,1980-12-01,4853.095727972765
NN3-086_TWARP85,1981-01-01,4915.536802410538
NN3-086_TWARP85,1981-02-01,4601.316637583631
NN3-086_TWARP85,1981-03-01,4740.186776877826
NN3-086_TWARP85,1981-04-01,4440.379650585569
NN3-086_TWARP85,1981-05-01,4483.566392133263
NN3-086_TWARP85,1981-06-01,4441.533109216756
NN3-086_TWARP85,1981-07-01,4393.650818861449
NN3-086_TWARP85,1981-08-01,4084.8490366042947
NN3-086_TWARP85,1981-09-01,4370.631037180426
NN3-086_TWARP85,1981-10-01,4336.793563173873
NN3-086_TWARP85,1981-11-01,3993.1041548349185
NN3-086_TWARP85,1981-12-01,4143.343468907293
NN3-086_TWARP85,1982-01-01,3469.4149681482854
NN3-086_TWARP85,1982-02-01,3716.655166094322
NN3-086_TWARP85,1982-03-01,3777.1925685459328
NN3-086_TWARP85,1982-04-01,3689.1237081559057
NN3-086_TWARP85,1982-05-01,3755.374894861528
NN3-086_TWARP85,1982-06-01,3698.3229614601005
NN3-086_TWARP85,1982-07-01,3681.595620413337
NN3-086_TWARP85,1982-08-01,3564.2694268730793
NN3-086_TWARP85,1982-09-01,3723.4715784506416
NN3-086_TWARP85,1982-10-01,3603.883885909655
NN3-086_TWARP85,1982-11-01,3680.55759053719
NN3-086_TWARP85,1982-12-01,3963.1682575077784
NN3-086_TWARP85,1983-01-01,4121.396852678826
NN3-086_TWARP85,1983-02-01,4118.313298523541
NN3-086_TWARP85,1983-03-01,4178.724364159915
NN3-086_TWARP85,1983-04-01,4151.665083576566
NN3-086_TWARP85,1983-05-01,4196.612418009977
NN3-086_TWARP85,1983-06-01,4328.993089528676
NN3-086_TWARP85,1983-07-01,3957.640390825685
NN3-086_TWARP85,1983-08-01,4064.3790756227313
NN3-086_TWARP85,1983-09-01,5009.8520767626105
NN3-086_TWARP85,1983-10-01,4690.510265027884
NN3-086_TWARP85,1983-11-01,4796.825245318512
NN3-086_TWARP85,1983-12-01,4912.0171275357725
NN3-086_TWARP85,1984-01-01,4685.139436172188
NN3-086_TWARP85,1984-02-01,4798.679925560316
NN3-086_TWARP85,1984-03-01,4664.793485860095
NN3-086_TWARP85,1984-04-01,5351.739447842033
NN3-086_TWARP85,1984-05-01,5040.9331186394065
NN3-086_TWARP85,1984-06-01,4812.0772154327005
NN3-086_TWARP85,1984-07-01,4693.440024098795
NN3-086_TWARP85,1984-08-01,4521.840821338967
NN3-086_TWARP85,1984-09-01,4354.366757468415
NN3-086_TWARP85,1984-10-01,4164.691882087167
NN3-086_TWARP85,1984-11-01,4389.241138373463
NN3-086_TWARP85,1984-12-01,4595.460779802576
NN3-086_TWARP85,1985-01-01,4643.265532279613
NN3-086_TWARP85,1985-02-01,5002.550882598212
NN3-086_TWARP85,1985-03-01,5191.553413089213
NN3-086_TWARP85,1985-04-01,5132.4195018251485
NN3-086_TWARP85,1985-05-01,5302.499835530553
NN3-086_TWARP85,1985-06-01,5086.18274771908
NN3-086_TWARP85,1985-07-01,4741.523555726781
NN3-086_TWARP85,1985-08-01,4640.998901619349
NN3-086_TWARP85,1985-09-01,4518.019197618806
NN3-086_TWARP85,1985-10-01,5493.596249855097
NN3-086_TWARP85,1985-11-01,5444.442770490823
NN3-086_TWARP85,1985-12-01,5537.298020501849
NN3-086_TWARP85,1986-01-01,5679.342255713881
NN3-086_TWARP85,1986-02-01,5370.270935751378
NN3-086_TWARP85,1986-03-01,5371.072398493094
NN3-086_TWARP85,1986-04-01,5519.706353824994
NN3-086_TWARP85,1986-05-01,5501.710972603706
NN3-086_TWARP85,1986-06-01,5608.805781534067
NN3-086_TWARP85,1986-07-01,5841.033233452603
NN3-086_TWARP85,1986-08-01,5725.346851812955
NN3-086_TWARP85,1986-09-01,5710.282737209332
NN3-086_TWARP85,1986-10-01,5726.098162428777
NN3-086_TWARP85,1986-11-01,5588.695108193395
NN3-086_TWARP85,1986-12-01,6087.40750470315
NN3-086_TWARP85,1987-01-01,6106.131144884585
NN3-086_TWARP85,1987-02-01,5648.846979735701
NN3-086_TWARP85,1987-03-01,5745.848689422958
NN3-086_TWARP85,1987-04-01,5951.274667165696
NN3-086_TWARP85,1987-05-01,5965.666663992792
NN3-086_TWARP85,1987-06-01,6175.793785693736
NN3-086_TWARP85,1987-07-01,6307.392338777228
NN3-086_TWARP85,1987-08-01,6579.598761145861
NN3-086_TWARP85,1987-09-01,6998.077796463918
NN3-086_TWARP85,1987-10-01,6539.276985723582
NN3-086_TWARP85,1987-11-01,6164.587642837564
NN3-086_TWARP85,1987-12-01,6840.967117106956
NN3-086_TWARP85,1988-01-01,7737.224228055708
NN3-086_TWARP85,1988-02-01,7370.4773623755345
NN3-086_TWARP85,1988-03-01,7424.7467366268775
NN3-086_TWARP85,1988-04-01,8180.368837780178
NN3-086_TWARP85,1988-05-01,7982.0
NN3-086_TWARP85,1988-06-01,7982.0
NN3-087_TWARP86,1982-01-01,3990.0
NN3-087_TWARP86,1982-02-01,4075.034042948122
NN3-087_TWARP86,1982-03-01,3687.2018105028237
NN3-087_TWARP86,1982-04-01,3268.7874549708135
NN3-087_TWARP86,1982-05-01,2944.765004744602
NN3-087_TWARP86,1982-06-01,2895.090322601825
NN3-087_TWARP86,1982-07-01,2967.8625573548948
NN3-087_TWARP86,1982-08-01,2852.820627528694
NN3-087_TWARP86,1982-09-01,2572.950103447046
NN3-087_TWARP86,1982-10-01,2421.401230427328
NN3-087_TWARP86,1982-11-01,2330.168632820581
NN3-087_TWARP86,1982-12-01,3652.448368435487
NN3-087_TWARP86,1983-01-01,4292.488955982297
NN3-087_TWARP86,1983-02-01,3706.076264238148
NN3-087_TWARP86,1983-03-01,3527.53840981112
NN3-087_TWARP86,1983-04-01,3248.8121726511786
NN3-087_TWARP86,1983-05-01,2961.1854362974277
NN3-087_TWARP86,1983-06-01,2871.7552585712865
NN3-087_TWARP86,1983-07-01,2868.1384169553157
NN3-087_TWARP86,1983-08-01,2653.8250041260712
NN3-087_TWARP86,1983-09-01,2306.9112728649525
NN3-087_TWARP86,1983-10-01,2646.6685376022833
NN3-087_TWARP86,1983-11-01,3159.151320520307
NN3-087_TWARP86,1983-12-01,3726.762931884741
NN3-087_TWARP86,1984-01-01,3820.2437300774923
NN3-087_TWARP86,1984-02-01,3316.054604474908
NN3-087_TWARP86,1984-03-01,3401.785818542876
NN3-087_TWARP86,1984-04-01,4115.727846046077
NN3-087_TWARP86,1984-05-01,4476.820475630241
NN3-087_TWARP86,1984-06-01,4551.207503493121
NN3-087_TWARP86,1984-07-01,4158.312882561762
NN3-087_TWARP86,1984-08-01,3892.2383571195983
NN3-087_TWARP86,1984-09-01,3688.3589929154737
NN3-087_TWARP86,1984-10-01,4392.59727033086
NN3-087_TWARP86,1984-11-01,5025.271562339018
NN3-087_TWARP86,1984-12-01,6441.799404343148
NN3-087_TWARP86,1985-01-01,7466.328452591855
NN3-087_TWARP86,1985-02-01,6836.874767667192
NN3-087_TWARP86,1985-03-01,6370.843953531373
NN3-087_TWARP86,1985-04-01,6459.066244210598
NN3-087_TWARP86,1985-05-01,6047.1059143621915
NN3-087_TWARP86,1985-06-01,5233.51172149892
NN3-087_TWARP86,1985-07-01,4797.974528219202
NN3-087_TWARP86,1985-08-01,3512.49696908217
NN3-087_TWARP86,1985-09-01,2759.1723825118725
NN3-087_TWARP86,1985-10-01,2437.413367981282
NN3-087_TWARP86,1985-11-01,2393.6782272010414
NN3-087_TWARP86,1985-12-01,2355.4048271513325
NN3-087_TWARP86,1986-01-01,2116.175630793515
NN3-087_TWARP86,1986-02-01,2057.205246000072
NN3-087_TWARP86,1986-03-01,2255.885239031926
NN3-087_TWARP86,1986-04-01,2316.2650892362108
NN3-087_TWARP86,1986-05-01,2233.3110921975094
NN3-087_TWARP86,1986-06-01,2266.8951339598734
NN3-087_TWARP86,1986-07-01,2208.336931194221
NN3-087_TWARP86,1986-08-01,1997.4330090775113
NN3-087_TWARP86,1986-09-01,1793.7336788088737
NN3-087_TWARP86,1986-10-01,2377.8980850386806
NN3-087_TWARP86,1986-11-01,2286.080268444878
NN3-087_TWARP86,1986-12-01,2386.5923640698343
NN3-087_TWARP86,1987-01-01,2454.6986232785043
NN3-087_TWARP86,1987-02-01,2549.429157550397
NN3-087_TWARP86,1987-03-01,2078.064171515361
NN3-087_TWARP86,1987-04-01,2287.5571649422754
NN3-087_TWARP86,1987-05-01,2427.1149177774037
NN3-087_TWARP86,1987-06-01,2245.579406758439
NN3-087_TWARP86,1987-07-01,2329.4914458449216
NN3-087_TWARP86,1987-08-01,2168.2571644356817
NN3-087_TWARP86,1987-09-01,1902.4650570736233
NN3-087_TWARP86,1987-10-01,1766.2551239307245
NN3-087_TWARP86,1987-11-01,2097.6650933933533
NN3-087_TWARP86,1987-12-01,2209.0902860864326
NN3-087_TWARP86,1988-01-01,2394.570941134017
NN3-087_TWARP86,1988-02-01,2208.962004890123
NN3-087_TWARP86,1988-03-01,1849.8042246640239
NN3-087_TWARP86,1988-04-01,1926.0970824189167
NN3-087_TWARP86,1988-05-01,1698.343710752012
NN3-087_TWARP86,1988-06-01,1675.549387212972
NN3-087_TWARP86,1988-07-01,2021.1088337919384
NN3-087_TWARP86,1988-08-01,1801.6508827778134
NN3-087_TWARP86,1988-09-01,1524.2306715084321
NN3-087_TWARP86,1988-10-01,1800.6585278456328
NN3-087_TWARP86,1988-11-01,1865.732577522199
NN3-087_TWARP86,1988-12-01,2068.4106501881015
NN3-087_TWARP86,1989-01-01,2314.736528491726
NN3-087_TWARP86,1989-02-01,2401.2290460380477
NN3-087_TWARP86,1989-03-01,2264.593046349288
NN3-087_TWARP86,1989-04-01,2216.762227449313
NN3-087_TWARP86,1989-05-01,2166.654466671333
NN3-087_TWARP86,1989-06-01,2107.1388505967075
NN3-087_TWARP86,1989-07-01,2159.274824694683
NN3-087_TWARP86,1989-08-01,2083.4883557695644
NN3-087_TWARP86,1989-09-01,2137.6500756171254
NN3-087_TWARP86,1989-10-01,2330.7192227004875
NN3-087_TWARP86,1989-11-01,2620.6885693970066
NN3-087_TWARP86,1989-12-01,2615.0415826782473
NN3-087_TWARP86,1990-01-01,2184.164415061147
NN3-087_TWARP86,1990-02-01,2015.0880671678433
NN3-087_TWARP86,1990-03-01,2119.6129646925992
NN3-087_TWARP86,1990-04-01,2192.202191562127
NN3-087_TWARP86,1990-05-01,2142.1982953930733
NN3-087_TWARP86,1990-06-01,2439.6860937372708
NN3-087_TWARP86,1990-07-01,2120.692536593522
NN3-087_TWARP86,1990-08-01,1880.7961406950867
NN3-087_TWARP86,1990-09-01,1486.3153414070116
NN3-087_TWARP86,1990-10-01,1385.9126334222701
NN3-087_TWARP86,1990-11-01,1863.5731554938184
NN3-087_TWARP86,1990-12-01,2140.0
NN3-087_TWARP86,1991-01-01,2140.0
NN3-088_TWARP87,1977-01-01,2992.0
NN3-088_TWARP87,1977-02-01,3298.2717623593117
NN3-088_TWARP87,1977-03-01,4282.274129326003
NN3-088_TWARP87,1977-04-01,4177.967923887587
NN3-088_TWARP87,1977-05-01,4091.2747116163646
NN3-088_TWARP87,1977-06-01,4085.2897058624117
NN3-088_TWARP87,1977-07-01,3716.855444028729
NN3-088_TWARP87,1977-08-01,3844.39921727707
NN3-088_TWARP87,1977-09-01,3874.457605647134
NN3-088_TWARP87,1977-10-01,4063.575010840911
NN3-088_TWARP87,1977-11-01,4181.2503452769115
NN3-088_TWARP87,1977-12-01,3897.2575621487745
NN3-088_TWARP87,1978-01-01,3712.2851748894395
NN3-088_TWARP87,1978-02-01,3754.413406206306
NN3-088_TWARP87,1978-03-01,4255.2670532407565
NN3-088_TWARP87,1978-04-01,4318.28377068105
NN3-088_TWARP87,1978-05-01,4358.692866039409
NN3-088_TWARP87,1978-06-01,4314.989971295047
NN3-088_TWARP87,1978-07-01,4038.0099218410096
NN3-088_TWARP87,1978-08-01,3971.0616100123943
NN3-088_TWARP87,1978-09-01,4302.632964537715
NN3-088_TWARP87,1978-10-01,4253.173960387206
NN3-088_TWARP87,1978-11-01,4028.0117078568883
NN3-088_TWARP87,1978-12-01,4407.621863068665
NN3-088_TWARP87,1979-01-01,4517.850100489766
NN3-088_TWARP87,1979-02-01,4407.947059771462
NN3-088_TWARP87,1979-03-01,5168.629834050033
NN3-088_TWARP87,1979-04-01,4886.494437686929
NN3-088_TWARP87,1979-05-01,4871.1937259048445
NN3-088_TWARP87,1979-06-01,4801.124491910181
NN3-088_TWARP87,1979-07-01,4637.507150569999
NN3-088_TWARP87,1979-08-01,4797.598652034736
NN3-088_TWARP87,1979-09-01,4769.658129830821
NN3-088_TWARP87,1979-10-01,4653.349829274909
NN3-088_TWARP87,1979-11-01,4397.984274725743
NN3-088_TWARP87,1979-12-01,4695.638404019523
NN3-088_TWARP87,1980-01-01,4582.198621486853
NN3-088_TWARP87,1980-02-01,4547.802612825353
NN3-088_TWARP87,1980-03-01,3889.4738891715638
NN3-088_TWARP87,1980-04-01,4277.524614019053
NN3-088_TWARP87,1980-05-01,3571.569860741277
NN3-088_TWARP87,1980-06-01,3306.4837123495513
NN3-088_TWARP87,1980-07-01,3895.3768174695465
NN3-088_TWARP87,1980-08-01,3672.6168103139257
NN3-088_TWARP87,1980-09-01,4169.114468324676
NN3-088_TWARP87,1980-10-01,4461.368455121985
NN3-088_TWARP87,1980-11-01,4252.190768320952
NN3-088_TWARP87,1980-12-01,4461.486304223765
NN3-088_TWARP87,1981-01-01,4076.663757203078
NN3-088_TWARP87,1981-02-01,4232.906362595264
NN3-088_TWARP87,1981-03-01,5197.278777615687
NN3-088_TWARP87,1981-04-01,4531.325759319363
NN3-088_TWARP87,1981-05-01,4458.081993134971
NN3-088_TWARP87,1981-06-01,4491.209180583474
NN3-088_TWARP87,1981-07-01,4235.326415294676
NN3-088_TWARP87,1981-08-01,4182.453736606126
NN3-088_TWARP87,1981-09-01,4497.655248087144
NN3-088_TWARP87,1981-10-01,4410.889678721427
NN3-088_TWARP87,1981-11-01,3909.2282181371293
NN3-088_TWARP87,1981-12-01,3638.9218441549033
NN3-088_TWARP87,1982-01-01,3211.8387638325303
NN3-088_TWARP87,1982-02-01,3615.114991097364
NN3-088_TWARP87,1982-03-01,3924.9045777128526
NN3-088_TWARP87,1982-04-01,3762.9706943099964
NN3-088_TWARP87,1982-05-01,3941.433506513737
NN3-088_TWARP87,1982-06-01,3839.007183869402
NN3-089_TWARP88,1981-01-01,1370.0
NN3-089_TWARP88,1981-02-01,1472.067007257324
NN3-089_TWARP88,1981-03-01,1445.5572503443102
NN3-089_TWARP88,1981-04-01,1511.9568815003984
NN3-089_TWARP88,1981-05-01,1700.9342077060837
NN3-089_TWARP88,1981-06-01,1849.9638813229014
NN3-089_TWARP88,1981-07-01,1890.0
NN3-089_TWARP88,1981-08-01,1974.6943033574357
NN3-089_TWARP88,1981-09-01,1961.7306137191115
NN3-089_TWARP88,1981-10-01,1931.5100353180235
NN3-089_TWARP88,1981-11-01,2047.1641238794082
NN3-089_TWARP88,1981-12-01,2007.7715273632946
NN3-089_TWARP88,1982-01-01,1888.9073813237449
NN3-089_TWARP88,1982-02-01,1933.0065116887788
NN3-089_TWARP88,1982-03-01,1987.1174177739495
NN3-089_TWARP88,1982-04-01,2033.4412769926416
NN3-089_TWARP88,1982-05-01,2063.4477409660612
NN3-089_TWARP88,1982-06-01,2061.9012966392265
NN3-089_TWARP88,1982-07-01,1966.3153924954079
NN3-089_TWARP88,1982-08-01,1983.9044014685226
NN3-089_TWARP88,1982-09-01,1992.7270969783592
NN3-089_TWARP88,1982-10-01,1900.2520577874163
NN3-089_TWARP88,1982-11-01,1935.846519511742
NN3-089_TWARP88,1982-12-01,1850.4278638581322
NN3-089_TWARP88,1983-01-01,1822.2905760242422
NN3-089_TWARP88,1983-02-01,1896.6910184778492
NN3-089_TWARP88,1983-03-01,1926.445213531583
NN3-089_TWARP88,1983-04-01,1963.9912984663897
NN3-089_TWARP88,1983-05-01,2051.7232912561585
NN3-089_TWARP88,1983-06-01,2027.04218156401
NN3-089_TWARP88,1983-07-01,2073.803395528871
NN3-089_TWARP88,1983-08-01,2115.2009175238322
NN3-089_TWARP88,1983-09-01,1952.0793493792928
NN3-089_TWARP88,1983-10-01,1864.996944715615
NN3-089_TWARP88,1983-11-01,1918.4568409001376
NN3-089_TWARP88,1983-12-01,1696.0899685125758
NN3-089_TWARP88,1984-01-01,1503.9448058973933
NN3-089_TWARP88,1984-02-01,1433.697779592615
NN3-089_TWARP88,1984-03-01,1544.8288889590126
NN3-089_TWARP88,1984-04-01,1547.1745960967646
NN3-089_TWARP88,1984-05-01,1492.9615268176028
NN3-089_TWARP88,1984-06-01,1572.0669895085082
NN3-089_TWARP88,1984-07-01,1550.5971571914404
NN3-089_TWARP88,1984-08-01,1593.8654176696764
NN3-089_TWARP88,1984-09-01,1617.1374972670415
NN3-089_TWARP88,1984-10-01,1625.937137502977
NN3-089_TWARP88,1984-11-01,1675.9500267340638
NN3-089_TWARP88,1984-12-01,1691.0516579648584
NN3-089_TWARP88,1985-01-01,1690.4774410387326
NN3-089_TWARP88,1985-02-01,1835.9470172506394
NN3-089_TWARP88,1985-03-01,1743.684938505049
NN3-089_TWARP88,1985-04-01,1716.6339427967575
NN3-089_TWARP88,1985-05-01,1867.310807136353
NN3-089_TWARP88,1985-06-01,1877.3598690169501
NN3-089_TWARP88,1985-07-01,1816.3209622109243
NN3-089_TWARP88,1985-08-01,1829.6737377059487
NN3-089_TWARP88,1985-09-01,1772.3116053943825
NN3-089_TWARP88,1985-10-01,1863.806878041678
NN3-089_TWARP88,1985-11-01,1694.3003354517764
NN3-089_TWARP88,1985-12-01,1645.2339890029407
NN3-089_TWARP88,1986-01-01,1589.324232594025
NN3-089_TWARP88,1986-02-01,1464.6813139373594
NN3-089_TWARP88,1986-03-01,1474.6019034911833
NN3-089_TWARP88,1986-04-01,1599.7829947424807
NN3-089_TWARP88,1986-05-01,1690.2607128613593
NN3-089_TWARP88,1986-06-01,1745.09504734549
NN3-089_TWARP88,1986-07-01,1889.9069050365358
NN3-089_TWARP88,1986-08-01,1890.2735410810437
NN3-089_TWARP88,1986-09-01,1795.822346209762
NN3-089_TWARP88,1986-10-01,1753.816792791102
NN3-089_TWARP88,1986-11-01,1755.9340987928765
NN3-089_TWARP88,1986-12-01,1799.7034233581662
NN3-089_TWARP88,1987-01-01,1921.7680571919445
NN3-089_TWARP88,1987-02-01,1984.6575546574577
NN3-089_TWARP88,1987-03-01,1916.964337202401
NN3-089_TWARP88,1987-04-01,1846.4359259509836
NN3-089_TWARP88,1987-05-01,1804.7078974892006
NN3-089_TWARP88,1987-06-01,1754.380832894236
NN3-089_TWARP88,1987-07-01,1744.3642639736638
NN3-089_TWARP88,1987-08-01,1737.2444768674357
NN3-089_TWARP88,1987-09-01,1652.242235463347
NN3-089_TWARP88,1987-10-01,1612.6446675460209
NN3-089_TWARP88,1987-11-01,1638.6564042984503
NN3-089_TWARP88,1987-12-01,1683.8147361626045
NN3-089_TWARP88,1988-01-01,1625.1581318865321
NN3-089_TWARP88,1988-02-01,1655.6884155043767
NN3-089_TWARP88,1988-03-01,1690.0
NN3-089_TWARP88,1988-04-01,1682.3255811440545
NN3-089_TWARP88,1988-05-01,1608.7516922905895
NN3-089_TWARP88,1988-06-01,1756.2014339780017
NN3-089_TWARP88,1988-07-01,1940.4150843369098
NN3-089_TWARP88,1988-08-01,1989.275333038384
NN3-089_TWARP88,1988-09-01,1980.3560275588643
NN3-089_TWARP88,1988-10-01,1630.3081096008873
NN3-089_TWARP88,1988-11-01,1693.5029350048087
NN3-089_TWARP88,1988-12-01,1718.2529529608069
NN3-089_TWARP88,1989-01-01,1773.98723452823
NN3-089_TWARP88,1989-02-01,1780.0
NN3-089_TWARP88,1989-03-01,1788.8164096873993
NN3-089_TWARP88,1989-04-01,1886.4368965911399
NN3-089_TWARP88,1989-05-01,1655.0705458844575
NN3-089_TWARP88,1989-06-01,1637.5194318983285
NN3-089_TWARP88,1989-07-01,1877.750837737387
NN3-089_TWARP88,1989-08-01,1927.7740780080544
NN3-089_TWARP88,1989-09-01,2038.072969872723
NN3-089_TWARP88,1989-10-01,1885.0338708557397
NN3-089_TWARP88,1989-11-01,1879.3652941535788
NN3-089_TWARP88,1989-12-01,1928.0491292501924
NN3-089_TWARP88,1990-01-01,1920.0993227567164
NN3-089_TWARP88,1990-02-01,2146.8620297415237
NN3-089_TWARP88,1990-03-01,2016.1953828978487
NN3-089_TWARP88,1990-04-01,1947.0280361148118
NN3-089_TWARP88,1990-05-01,1887.5436407764719
NN3-089_TWARP88,1990-06-01,2140.0
NN3-090_TWARP89,1982-01-01,3690.0
NN3-090_TWARP89,1982-02-01,3690.0
NN3-090_TWARP89,1982-03-01,4213.858577732558
NN3-090_TWARP89,1982-04-01,4395.629308986579
NN3-090_TWARP89,1982-05-01,4196.534074239873
NN3-090_TWARP89,1982-06-01,4012.8356612007565
NN3-090_TWARP89,1982-07-01,3981.3884294991194
NN3-090_TWARP89,1982-08-01,4056.8053291750825
NN3-090_TWARP89,1982-09-01,3976.530707828049
NN3-090_TWARP89,1982-10-01,4062.001749871821
NN3-090_TWARP89,1982-11-01,4062.9171988668522
NN3-090_TWARP89,1982-12-01,3732.456236123695
NN3-090_TWARP89,1983-01-01,4020.5948447647625
NN3-090_TWARP89,1983-02-01,3954.5500564946938
NN3-090_TWARP89,1983-03-01,4139.335070447846
NN3-090_TWARP89,1983-04-01,4039.472754566485
NN3-090_TWARP89,1983-05-01,4106.088005091816
NN3-090_TWARP89,1983-06-01,4110.0
NN3-090_TWARP89,1983-07-01,4079.4352605474023
NN3-090_TWARP89,1983-08-01,4005.423078920338
NN3-090_TWARP89,1983-09-01,4153.065212481389
NN3-090_TWARP89,1983-10-01,4346.018478358897
NN3-090_TWARP89,1983-11-01,4457.788454735959
NN3-090_TWARP89,1983-12-01,3804.4392405937747
NN3-090_TWARP89,1984-01-01,3639.017767504518
NN3-090_TWARP89,1984-02-01,3952.799698063733
NN3-090_TWARP89,1984-03-01,4073.101936107872
NN3-090_TWARP89,1984-04-01,4090.6092492765074
NN3-090_TWARP89,1984-05-01,4185.549871598881
NN3-090_TWARP89,1984-06-01,4326.5169446290265
NN3-090_TWARP89,1984-07-01,4457.276647232725
NN3-090_TWARP89,1984-08-01,4528.156785675352
NN3-090_TWARP89,1984-09-01,4482.757586067425
NN3-090_TWARP89,1984-10-01,4482.365030939634
NN3-090_TWARP89,1984-11-01,4298.3035894174445
NN3-090_TWARP89,1984-12-01,4136.7436075934465
NN3-090_TWARP89,1985-01-01,4139.740936379063
NN3-090_TWARP89,1985-02-01,4314.396365217715
NN3-090_TWARP89,1985-03-01,4163.057316400687
NN3-090_TWARP89,1985-04-01,4222.790412664094
NN3-090_TWARP89,1985-05-01,4275.624766562054
NN3-090_TWARP89,1985-06-01,4298.449956513514
NN3-090_TWARP89,1985-07-01,4176.235736578155
NN3-090_TWARP89,1985-08-01,4199.371149815487
NN3-090_TWARP89,1985-09-01,4230.299159595069
NN3-090_TWARP89,1985-10-01,4313.339538610087
NN3-090_TWARP89,1985-11-01,4054.7251942461744
NN3-090_TWARP89,1985-12-01,4174.505984712223
NN3-090_TWARP89,1986-01-01,4433.70241492216
NN3-090_TWARP89,1986-02-01,4734.425807307723
NN3-090_TWARP89,1986-03-01,4548.352973002238
NN3-090_TWARP89,1986-04-01,4538.301373868043
NN3-090_TWARP89,1986-05-01,4648.336515154131
NN3-090_TWARP89,1986-06-01,4859.27645709072
NN3-090_TWARP89,1986-07-01,4852.431334514625
NN3-090_TWARP89,1986-08-01,4897.632466364899
NN3-090_TWARP89,1986-09-01,5058.769947063182
NN3-090_TWARP89,1986-10-01,5009.999744361831
NN3-090_TWARP89,1986-11-01,4971.147695605091
NN3-090_TWARP89,1986-12-01,4970.0
NN3-090_TWARP89,1987-01-01,4843.5582575171
NN3-090_TWARP89,1987-02-01,4812.714269230982
NN3-090_TWARP89,1987-03-01,4735.96630792116
NN3-090_TWARP89,1987-04-01,4735.56710596483
NN3-090_TWARP89,1987-05-01,4630.226219337733
NN3-090_TWARP89,1987-06-01,4644.660981402236
NN3-090_TWARP89,1987-07-01,4733.291671114186
NN3-090_TWARP89,1987-08-01,4915.258441821327
NN3-090_TWARP89,1987-09-01,4998.88582392692
NN3-090_TWARP89,1987-10-01,5036.833921748185
NN3-090_TWARP89,1987-11-01,5053.959156976314
NN3-090_TWARP89,1987-12-01,4830.32487928023
NN3-090_TWARP89,1988-01-01,4467.1420280639095
NN3-090_TWARP89,1988-02-01,4365.249228429327
NN3-090_TWARP89,1988-03-01,4602.478581956138
NN3-090_TWARP89,1988-04-01,4541.116750791737
NN3-090_TWARP89,1988-05-01,4605.81026525092
NN3-090_TWARP89,1988-06-01,4563.824697260576
NN3-090_TWARP89,1988-07-01,4686.893844838913
NN3-090_TWARP89,1988-08-01,4662.276495535733
NN3-090_TWARP89,1988-09-01,4660.0
NN3-090_TWARP89,1988-10-01,4701.248634574238
NN3-090_TWARP89,1988-11-01,4632.168910372687
NN3-090_TWARP89,1988-12-01,4441.196921743012
NN3-090_TWARP89,1989-01-01,4421.524789891579
NN3-090_TWARP89,1989-02-01,4368.16573481032
NN3-090_TWARP89,1989-03-01,4323.829211034417
NN3-090_TWARP89,1989-04-01,4378.448472062792
NN3-090_TWARP89,1989-05-01,4486.666073732345
NN3-090_TWARP89,1989-06-01,4497.553454669578
NN3-090_TWARP89,1989-07-01,4602.770749392523
NN3-090_TWARP89,1989-08-01,4784.443990406386
NN3-090_TWARP89,1989-09-01,4810.691747076772
NN3-090_TWARP89,1989-10-01,4899.688999028548
NN3-090_TWARP89,1989-11-01,5067.680700890755
NN3-090_TWARP89,1989-12-01,4622.718143361856
NN3-090_TWARP89,1990-01-01,4203.918692613197
NN3-090_TWARP89,1990-02-01,4495.01465382753
NN3-090_TWARP89,1990-03-01,4811.651692446991
NN3-090_TWARP89,1990-04-01,4784.376741061324
NN3-090_TWARP89,1990-05-01,4682.391544896024
NN3-090_TWARP89,1990-06-01,4716.870007661936
NN3-090_TWARP89,1990-07-01,4994.056035259614
NN3-090_TWARP89,1990-08-01,4888.6450510824
NN3-090_TWARP89,1990-09-01,4964.3495323344005
NN3-090_TWARP89,1990-10-01,5107.7350145102455
NN3-090_TWARP89,1990-11-01,5064.440379900165
NN3-090_TWARP89,1990-12-01,5174.042245028324
NN3-090_TWARP89,1991-01-01,4935.868928814491
NN3-090_TWARP89,1991-02-01,4585.619042815729
NN3-090_TWARP89,1991-03-01,4410.041501023447
NN3-090_TWARP89,1991-04-01,4629.527381125519
NN3-090_TWARP89,1991-05-01,4840.0
NN3-090_TWARP89,1991-06-01,4840.0
NN3-091_TWARP90,1982-12-01,5045.0
NN3-091_TWARP90,1983-01-01,5022.451646798618
NN3-091_TWARP90,1983-02-01,5032.179973843983
NN3-091_TWARP90,1983-03-01,5056.90557182649
NN3-091_TWARP90,1983-04-01,5078.129447581424
NN3-091_TWARP90,1983-05-01,5090.908157487499
NN3-091_TWARP90,1983-06-01,5097.665771666035
NN3-091_TWARP90,1983-07-01,5114.502207190769
NN3-091_TWARP90,1983-08-01,5134.414719079716
NN3-091_TWARP90,1983-09-01,5162.397480130835
NN3-091_TWARP90,1983-10-01,5223.539613511493
NN3-091_TWARP90,1983-11-01,5264.581845189613
NN3-091_TWARP90,1983-12-01,5228.818546823505
NN3-091_TWARP90,1984-01-01,5209.2354125358925
NN3-091_TWARP90,1984-02-01,5277.09456279067
NN3-091_TWARP90,1984-03-01,5301.768357534715
NN3-091_TWARP90,1984-04-01,5317.880308918453
NN3-091_TWARP90,1984-05-01,5338.058626433909
NN3-091_TWARP90,1984-06-01,5335.0
NN3-091_TWARP90,1984-07-01,5339.453044387857
NN3-091_TWARP90,1984-08-01,5316.117497690887
NN3-091_TWARP90,1984-09-01,5298.049737193989
NN3-091_TWARP90,1984-10-01,5278.828419808958
NN3-091_TWARP90,1984-11-01,5236.54199616947
NN3-091_TWARP90,1984-12-01,5208.322514955574
NN3-091_TWARP90,1985-01-01,5167.518182934857
NN3-091_TWARP90,1985-02-01,5131.630727646654
NN3-091_TWARP90,1985-03-01,5116.618851353525
NN3-091_TWARP90,1985-04-01,5146.456948967867
NN3-091_TWARP90,1985-05-01,5121.185927404279
NN3-091_TWARP90,1985-06-01,5094.772628654001
NN3-091_TWARP90,1985-07-01,5085.425307999976
NN3-091_TWARP90,1985-08-01,5091.46944372572
NN3-091_TWARP90,1985-09-01,5103.118619666152
NN3-091_TWARP90,1985-10-01,5116.337394822676
NN3-091_TWARP90,1985-11-01,5120.0
NN3-091_TWARP90,1985-12-01,5121.902903160016
NN3-091_TWARP90,1986-01-01,5125.0
NN3-091_TWARP90,1986-02-01,5137.065308253668
NN3-091_TWARP90,1986-03-01,5134.148368801141
NN3-091_TWARP90,1986-04-01,5125.701152370733
NN3-091_TWARP90,1986-05-01,5133.036992418353
NN3-091_TWARP90,1986-06-01,5096.608525665083
NN3-091_TWARP90,1986-07-01,5034.972081013861
NN3-091_TWARP90,1986-08-01,5039.110737250376
NN3-091_TWARP90,1986-09-01,5046.476130348015
NN3-091_TWARP90,1986-10-01,5048.572585389395
NN3-091_TWARP90,1986-11-01,5082.302202251897
NN3-091_TWARP90,1986-12-01,5095.0
NN3-091_TWARP90,1987-01-01,5105.561948320206
NN3-091_TWARP90,1987-02-01,5151.200226926052
NN3-091_TWARP90,1987-03-01,5186.547117061989
NN3-091_TWARP90,1987-04-01,5239.092946839366
NN3-091_TWARP90,1987-05-01,5297.517409183285
NN3-091_TWARP90,1987-06-01,5333.662187490362
NN3-091_TWARP90,1987-07-01,5369.813921311739
NN3-091_TWARP90,1987-08-01,5410.440587369727
NN3-091_TWARP90,1987-09-01,5437.633281136649
NN3-091_TWARP90,1987-10-01,5453.182999117218
NN3-091_TWARP90,1987-11-01,5470.062163053851
NN3-091_TWARP90,1987-12-01,5510.004232175305
NN3-091_TWARP90,1988-01-01,5557.744405274267
NN3-091_TWARP90,1988-02-01,5580.356376823113
NN3-091_TWARP90,1988-03-01,5589.598573528542
NN3-091_TWARP90,1988-04-01,5607.658500361419
NN3-091_TWARP90,1988-05-01,5642.212995679561
NN3-091_TWARP90,1988-06-01,5664.549429148224
NN3-091_TWARP90,1988-07-01,5682.995551178045
NN3-091_TWARP90,1988-08-01,5667.093734823771
NN3-091_TWARP90,1988-09-01,5662.413123055261
NN3-091_TWARP90,1988-10-01,5683.436075472445
NN3-091_TWARP90,1988-11-01,5707.2122672797805
NN3-091_TWARP90,1988-12-01,5725.825231317772
NN3-091_TWARP90,1989-01-01,5690.79910009395
NN3-091_TWARP90,1989-02-01,5601.4576185343
NN3-091_TWARP90,1989-03-01,5610.0
NN3-091_TWARP90,1989-04-01,5609.860302523724
NN3-091_TWARP90,1989-05-01,5605.120136800243
NN3-091_TWARP90,1989-06-01,5651.472421529524
NN3-091_TWARP90,1989-07-01,5726.103660169733
NN3-091_TWARP90,1989-08-01,5747.819377166344
NN3-091_TWARP90,1989-09-01,5750.0
NN3-091_TWARP90,1989-10-01,5782.3348752861975
NN3-091_TWARP90,1989-11-01,5793.988629411484
NN3-091_TWARP90,1989-12-01,5771.106576078611
NN3-091_TWARP90,1990-01-01,5777.080993616716
NN3-091_TWARP90,1990-02-01,5784.127584872546
NN3-091_TWARP90,1990-03-01,5780.710921525444
NN3-091_TWARP90,1990-04-01,5784.517019321044
NN3-091_TWARP90,1990-05-01,5775.365058389795
NN3-091_TWARP90,1990-06-01,5780.200055295909
NN3-091_TWARP90,1990-07-01,5781.631102235098
NN3-091_TWARP90,1990-08-01,5761.244587007956
NN3-091_TWARP90,1990-09-01,5770.765927432625
NN3-091_TWARP90,1990-10-01,5785.4331162148155
NN3-091_TWARP90,1990-11-01,5800.920711513372
NN3-091_TWARP90,1990-12-01,5786.174324816137
NN3-091_TWARP90,1991-01-01,5732.143588809143
NN3-091_TWARP90,1991-02-01,5712.839308603717
NN3-091_TWARP90,1991-03-01,5713.050846666504
NN3-091_TWARP90,1991-04-01,5703.266700162299
NN3-091_TWARP90,1991-05-01,5789.759198608807
NN3-091_TWARP90,1991-06-01,5820.0
NN3-091_TWARP90,1991-07-01,5820.0
NN3-092_TWARP91,1983-01-01,2780.0
NN3-092_TWARP91,1983-02-01,2759.5946353282206
NN3-092_TWARP91,1983-03-01,2720.0
NN3-092_TWARP91,1983-04-01,2718.4514648086265
NN3-092_TWARP91,1983-05-01,2659.3709188968687
NN3-092_TWARP91,1983-06-01,2640.0
NN3-092_TWARP91,1983-07-01,2640.772316047527
NN3-092_TWARP91,1983-08-01,2661.6093155043336
NN3-092_TWARP91,1983-09-01,2702.436405138564
NN3-092_TWARP91,1983-10-01,2760.7957231196983
NN3-092_TWARP91,1983-11-01,2778.487227489023
NN3-092_TWARP91,1983-12-01,2739.3049216825407
NN3-092_TWARP91,1984-01-01,2718.7745135422783
NN3-092_TWARP91,1984-02-01,2679.4896845591434
NN3-092_TWARP91,1984-03-01,2659.22255921615
NN3-092_TWARP91,1984-04-01,2619.751125041418
NN3-092_TWARP91,1984-05-01,2599.9083121020976
NN3-092_TWARP91,1984-06-01,2580.082004590884
NN3-092_TWARP91,1984-07-01,2599.728683357345
NN3-092_TWARP91,1984-08-01,2639.0494360980497
NN3-092_TWARP91,1984-09-01,2717.2279300683927
NN3-092_TWARP91,1984-10-01,2796.3054144699745
NN3-092_TWARP91,1984-11-01,2856.5011073044925
NN3-092_TWARP91,1984-12-01,2804.2603159519567
NN3-092_TWARP91,1985-01-01,2781.6842089012202
NN3-092_TWARP91,1985-02-01,2743.9155043288547
NN3-092_TWARP91,1985-03-01,2668.9595326141016
NN3-092_TWARP91,1985-04-01,2590.119014927158
NN3-092_TWARP91,1985-05-01,2511.306076801591
NN3-092_TWARP91,1985-06-01,2449.388013768521
NN3-092_TWARP91,1985-07-01,2423.43737095217
NN3-092_TWARP91,1985-08-01,2420.0
NN3-092_TWARP91,1985-09-01,2451.8685292557143
NN3-092_TWARP91,1985-10-01,2506.846803015531
NN3-092_TWARP91,1985-11-01,2520.0
NN3-092_TWARP91,1985-12-01,2520.0
NN3-092_TWARP91,1986-01-01,2505.3483345351347
NN3-092_TWARP91,1986-02-01,2485.6695258383365
NN3-092_TWARP91,1986-03-01,2451.9785452650217
NN3-092_TWARP91,1986-04-01,2426.3067437022105
NN3-092_TWARP91,1986-05-01,2406.6211068752523
NN3-092_TWARP91,1986-06-01,2386.931528658835
NN3-092_TWARP91,1986-07-01,2392.7628261255427
NN3-092_TWARP91,1986-08-01,2437.3883841260795
NN3-092_TWARP91,1986-09-01,2520.8460837111365
NN3-092_TWARP91,1986-10-01,2607.531738677017
NN3-092_TWARP91,1986-11-01,2663.20958819528
NN3-092_TWARP91,1986-12-01,2680.0
NN3-092_TWARP91,1987-01-01,2657.8473240519884
NN3-092_TWARP91,1987-02-01,2607.51680140896
NN3-092_TWARP91,1987-03-01,2537.637236367243
NN3-092_TWARP91,1987-04-01,2468.9017622429237
NN3-092_TWARP91,1987-05-01,2409.535888379625
NN3-092_TWARP91,1987-06-01,2380.0
NN3-092_TWARP91,1987-07-01,2389.77330983704
NN3-092_TWARP91,1987-08-01,2419.2071773647594
NN3-092_TWARP91,1987-09-01,2477.7920353538734
NN3-092_TWARP91,1987-10-01,2547.9200677791528
NN3-092_TWARP91,1987-11-01,2580.0
NN3-092_TWARP91,1987-12-01,2561.865379232328
NN3-092_TWARP91,1988-01-01,2522.0610146232907
NN3-092_TWARP91,1988-02-01,2473.3407445667244
NN3-092_TWARP91,1988-03-01,2413.545368654312
NN3-092_TWARP91,1988-04-01,2353.705023788049
NN3-092_TWARP91,1988-05-01,2302.5462248084073
NN3-092_TWARP91,1988-06-01,2271.2959779337157
NN3-092_TWARP91,1988-07-01,2268.696521323615
NN3-092_TWARP91,1988-08-01,2314.818048069248
NN3-092_TWARP91,1988-09-01,2412.3687296829353
NN3-092_TWARP91,1988-10-01,2532.6048704330788
NN3-092_TWARP91,1988-11-01,2635.2908460790704
NN3-092_TWARP91,1988-12-01,2688.8939509281845
NN3-092_TWARP91,1989-01-01,2691.0186725441263
NN3-092_TWARP91,1989-02-01,2652.745081627424
NN3-092_TWARP91,1989-03-01,2583.1799220256626
NN3-092_TWARP91,1989-04-01,2511.9751969804224
NN3-092_TWARP91,1989-05-01,2470.50514833609
NN3-092_TWARP91,1989-06-01,2469.6649067015455
NN3-092_TWARP91,1989-07-01,2499.7038045335207
NN3-092_TWARP91,1989-08-01,2580.3358525707276
NN3-092_TWARP91,1989-09-01,2722.2181134981383
NN3-092_TWARP91,1989-10-01,2884.127259886854
NN3-092_TWARP91,1989-11-01,3046.176361754401
NN3-092_TWARP91,1989-12-01,3164.1832729824428
NN3-092_TWARP91,1990-01-01,3143.3131580181116
NN3-092_TWARP91,1990-02-01,2983.5316151247393
NN3-092_TWARP91,1990-03-01,2828.1537660187882
NN3-092_TWARP91,1990-04-01,2718.3994262910724
NN3-092_TWARP91,1990-05-01,2692.684211557029
NN3-092_TWARP91,1990-06-01,2739.2004289179754
NN3-092_TWARP91,1990-07-01,2786.936113784223
NN3-092_TWARP91,1990-08-01,2827.776204540802
NN3-092_TWARP91,1990-09-01,2797.018712622634
NN3-092_TWARP91,1990-10-01,2661.7184915872804
NN3-092_TWARP91,1990-11-01,2558.949869087503
NN3-092_TWARP91,1990-12-01,2382.407183985315
NN3-092_TWARP91,1991-01-01,2340.0
NN3-092_TWARP91,1991-02-01,2340.0
NN3-092_TWARP91,1991-03-01,2287.8974821777197
NN3-092_TWARP91,1991-04-01,2262.05657119148
NN3-092_TWARP91,1991-05-01,2260.0
NN3-092_TWARP91,1991-06-01,2279.1559987207193
NN3-092_TWARP91,1991-07-01,2359.171868900391
NN3-093_TWARP92,1978-01-01,3480.0
NN3-093_TWARP92,1978-02-01,1091.5642113431468
NN3-093_TWARP92,1978-03-01,585.6316706539453
NN3-093_TWARP92,1978-04-01,4589.829196734433
NN3-093_TWARP92,1978-05-01,6906.990250886822
NN3-093_TWARP92,1978-06-01,9194.633745766077
NN3-093_TWARP92,1978-07-01,10987.072694668994
NN3-093_TWARP92,1978-08-01,10950.835020370752
NN3-093_TWARP92,1978-09-01,9600.81483248587
NN3-093_TWARP92,1978-10-01,7335.087375446721
NN3-093_TWARP92,1978-11-01,3097.4630010272253
NN3-093_TWARP92,1978-12-01,1261.8041698421057
NN3-093_TWARP92,1979-01-01,1397.8658485191654
NN3-093_TWARP92,1979-02-01,487.11732172152597
NN3-093_TWARP92,1979-03-01,118.86501410827191
NN3-093_TWARP92,1979-04-01,550.1018350910035
NN3-093_TWARP92,1979-05-01,2028.1384152547644
NN3-093_TWARP92,1979-06-01,4443.202368223643
NN3-093_TWARP92,1979-07-01,5394.163534541158
NN3-093_TWARP92,1979-08-01,5999.265318272821
NN3-093_TWARP92,1979-09-01,5178.782847120294
NN3-093_TWARP92,1979-10-01,17861.238794565812
NN3-093_TWARP92,1979-11-01,18595.07624163249
NN3-093_TWARP92,1979-12-01,11169.86696240812
NN3-093_TWARP92,1980-01-01,7355.360550784537
NN3-093_TWARP92,1980-02-01,8289.1044898499
NN3-093_TWARP92,1980-03-01,8780.378283281456
NN3-093_TWARP92,1980-04-01,13879.022304359129
NN3-093_TWARP92,1980-05-01,10795.976008555115
NN3-093_TWARP92,1980-06-01,11027.77005427449
NN3-093_TWARP92,1980-07-01,8309.253315159012
NN3-093_TWARP92,1980-08-01,19514.477144357188
NN3-093_TWARP92,1980-09-01,14994.56692880462
NN3-093_TWARP92,1980-10-01,12198.783701647235
NN3-093_TWARP92,1980-11-01,14741.670023902981
NN3-093_TWARP92,1980-12-01,19702.897380260234
NN3-093_TWARP92,1981-01-01,13925.554480906605
NN3-093_TWARP92,1981-02-01,24895.08965269375
NN3-093_TWARP92,1981-03-01,10340.79170508259
NN3-093_TWARP92,1981-04-01,7756.365593066232
NN3-093_TWARP92,1981-05-01,8831.034864424206
NN3-093_TWARP92,1981-06-01,3895.3506843659043
NN3-093_TWARP92,1981-07-01,15298.92409155609
NN3-093_TWARP92,1981-08-01,26866.032096538915
NN3-093_TWARP92,1981-09-01,26966.358761853327
NN3-093_TWARP92,1981-10-01,34462.641690695
NN3-093_TWARP92,1981-11-01,18793.655024544336
NN3-093_TWARP92,1981-12-01,17019.153751667545
NN3-093_TWARP92,1982-01-01,18356.113591774774
NN3-093_TWARP92,1982-02-01,17487.934580824414
NN3-093_TWARP92,1982-03-01,13522.83745849811
NN3-093_TWARP92,1982-04-01,9205.866422454443
NN3-093_TWARP92,1982-05-01,16112.214814989955
NN3-093_TWARP92,1982-06-01,13422.51233099299
NN3-093_TWARP92,1982-07-01,11282.530932482781
NN3-093_TWARP92,1982-08-01,18191.98511836488
NN3-093_TWARP92,1982-09-01,11753.757170738016
NN3-093_TWARP92,1982-10-01,3475.370881868647
NN3-093_TWARP92,1982-11-01,6417.458754145125
NN3-093_TWARP92,1982-12-01,4519.64077990768
NN3-093_TWARP92,1983-01-01,16421.481712851742
NN3-093_TWARP92,1983-02-01,3416.9710509117267
NN3-093_TWARP92,1983-03-01,7832.2434899694645
NN3-093_TWARP92,1983-04-01,904.4146318440453
NN3-093_TWARP92,1983-05-01,4840.019473468821
NN3-093_TWARP92,1983-06-01,4366.395520621616
NN3-093_TWARP92,1983-07-01,3074.8394265684356
NN3-093_TWARP92,1983-08-01,11416.008718180765
NN3-093_TWARP92,1983-09-01,27596.965052835745
NN3-093_TWARP92,1983-10-01,20367.12256412647
NN3-093_TWARP92,1983-11-01,19346.919542618354
NN3-093_TWARP92,1983-12-01,30329.647448412754
NN3-093_TWARP92,1984-01-01,21971.843439455195
NN3-093_TWARP92,1984-02-01,14399.076264921827
NN3-093_TWARP92,1984-03-01,20522.737685904733
NN3-093_TWARP92,1984-04-01,17274.118889836347
NN3-093_TWARP92,1984-05-01,10571.40295326031
NN3-093_TWARP92,1984-06-01,9905.030043121642
NN3-093_TWARP92,1984-07-01,7385.408662669908
NN3-093_TWARP92,1984-08-01,8065.579820940196
NN3-093_TWARP92,1984-09-01,24452.24482932203
NN3-093_TWARP92,1984-10-01,29357.44351455468
NN3-093_TWARP92,1984-11-01,20458.977756901706
NN3-093_TWARP92,1984-12-01,23329.12087369772
NN3-093_TWARP92,1985-01-01,21501.301347991528
NN3-093_TWARP92,1985-02-01,13252.767368025356
NN3-093_TWARP92,1985-03-01,7249.670452166931
NN3-093_TWARP92,1985-04-01,2063.9975272152196
NN3-093_TWARP92,1985-05-01,2723.00911837386
NN3-093_TWARP92,1985-06-01,5606.114265338891
NN3-093_TWARP92,1985-07-01,5086.836924279424
NN3-093_TWARP92,1985-08-01,9358.64850517425
NN3-093_TWARP92,1985-09-01,8734.765855186999
NN3-093_TWARP92,1985-10-01,3224.3377960225225
NN3-093_TWARP92,1985-11-01,6772.037990387407
NN3-093_TWARP92,1985-12-01,6039.571712100365
NN3-093_TWARP92,1986-01-01,1201.1058002818547
NN3-093_TWARP92,1986-02-01,2415.2876322905427
NN3-093_TWARP92,1986-03-01,303.9217780662172
NN3-093_TWARP92,1986-04-01,871.2930643774814
NN3-093_TWARP92,1986-05-01,1517.4146072486267
NN3-093_TWARP92,1986-06-01,869.9487183925482
NN3-093_TWARP92,1986-07-01,1747.1542708857341
NN3-093_TWARP92,1986-08-01,13668.407700071266
NN3-093_TWARP92,1986-09-01,27514.10136072475
NN3-093_TWARP92,1986-10-01,31956.88858833516
NN3-093_TWARP92,1986-11-01,33436.235324690155
NN3-093_TWARP92,1986-12-01,31657.412543204293
NN3-093_TWARP92,1987-01-01,12944.55963729851
NN3-093_TWARP92,1987-02-01,26353.908796931155
NN3-093_TWARP92,1987-03-01,38725.982982958136
NN3-093_TWARP92,1987-04-01,37679.46232837097
NN3-093_TWARP92,1987-05-01,24381.412838275653
NN3-093_TWARP92,1987-06-01,1620.0
NN3-094_TWARP93,1983-01-01,4935.0
NN3-094_TWARP93,1983-02-01,5570.777113507604
NN3-094_TWARP93,1983-03-01,5781.074300333569
NN3-094_TWARP93,1983-04-01,6318.293561613551
NN3-094_TWARP93,1983-05-01,6423.538447424059
NN3-094_TWARP93,1983-06-01,6532.684436147632
NN3-094_TWARP93,1983-07-01,6531.91657702204
NN3-094_TWARP93,1983-08-01,7007.016391854832
NN3-094_TWARP93,1983-09-01,7060.891292011512
NN3-094_TWARP93,1983-10-01,6957.581089917296
NN3-094_TWARP93,1983-11-01,7125.14349094808
NN3-094_TWARP93,1983-12-01,6738.250929566838
NN3-094_TWARP93,1984-01-01,6613.77030601539
NN3-094_TWARP93,1984-02-01,6438.495468715045
NN3-094_TWARP93,1984-03-01,6769.4265989790665
NN3-094_TWARP93,1984-04-01,7155.72987516573
NN3-094_TWARP93,1984-05-01,7142.540760120703
NN3-094_TWARP93,1984-06-01,7133.180639614943
NN3-094_TWARP93,1984-07-01,7057.88553789283
NN3-094_TWARP93,1984-08-01,6727.396523667267
NN3-094_TWARP93,1984-09-01,6340.602198673508
NN3-094_TWARP93,1984-10-01,5852.548952541231
NN3-094_TWARP93,1984-11-01,5602.4883581238255
NN3-094_TWARP93,1984-12-01,5490.4597486667135
NN3-094_TWARP93,1985-01-01,5500.91696994842
NN3-094_TWARP93,1985-02-01,5556.494109907996
NN3-094_TWARP93,1985-03-01,5589.76173208372
NN3-094_TWARP93,1985-04-01,5704.447576503069
NN3-094_TWARP93,1985-05-01,5729.935740243283
NN3-094_TWARP93,1985-06-01,5680.1153449241
NN3-094_TWARP93,1985-07-01,5615.413034148777
NN3-094_TWARP93,1985-08-01,5301.00333108512
NN3-094_TWARP93,1985-09-01,4917.254322847502
NN3-094_TWARP93,1985-10-01,4644.475516591849
NN3-094_TWARP93,1985-11-01,4628.185175058225
NN3-094_TWARP93,1985-12-01,4904.66362865091
NN3-094_TWARP93,1986-01-01,4950.416364438409
NN3-094_TWARP93,1986-02-01,4954.511811539076
NN3-094_TWARP93,1986-03-01,4927.853898341258
NN3-094_TWARP93,1986-04-01,4862.574580643185
NN3-094_TWARP93,1986-05-01,5003.807475737015
NN3-094_TWARP93,1986-06-01,5152.367481327686
NN3-094_TWARP93,1986-07-01,4744.811772083292
NN3-094_TWARP93,1986-08-01,3852.097902284068
NN3-094_TWARP93,1986-09-01,3291.891940101729
NN3-094_TWARP93,1986-10-01,2976.2847710268907
NN3-094_TWARP93,1986-11-01,3033.7674895609207
NN3-094_TWARP93,1986-12-01,3327.5078814852363
NN3-094_TWARP93,1987-01-01,3311.8680174888623
NN3-094_TWARP93,1987-02-01,3087.4980428521058
NN3-094_TWARP93,1987-03-01,3075.713126703675
NN3-094_TWARP93,1987-04-01,3204.099374412153
NN3-094_TWARP93,1987-05-01,3541.807326222162
NN3-094_TWARP93,1987-06-01,3769.727766790609
NN3-094_TWARP93,1987-07-01,3590.3870618444057
NN3-094_TWARP93,1987-08-01,3213.544423600294
NN3-094_TWARP93,1987-09-01,3070.407186971329
NN3-094_TWARP93,1987-10-01,3306.019612418218
NN3-094_TWARP93,1987-11-01,3507.063742011454
NN3-094_TWARP93,1987-12-01,3705.8252444405007
NN3-094_TWARP93,1988-01-01,3737.0717740234504
NN3-094_TWARP93,1988-02-01,3818.363126452461
NN3-094_TWARP93,1988-03-01,4027.4084787540223
NN3-094_TWARP93,1988-04-01,4007.841479024672
NN3-094_TWARP93,1988-05-01,4031.6990779631165
NN3-094_TWARP93,1988-06-01,4549.8940257672775
NN3-094_TWARP93,1988-07-01,5431.5527609722285
NN3-094_TWARP93,1988-08-01,5723.218598184787
NN3-094_TWARP93,1988-09-01,5654.634500838987
NN3-094_TWARP93,1988-10-01,5682.623509365914
NN3-094_TWARP93,1988-11-01,5436.925400450417
NN3-094_TWARP93,1988-12-01,5273.690838531517
NN3-094_TWARP93,1989-01-01,5519.562272896417
NN3-094_TWARP93,1989-02-01,5514.057451307744
NN3-094_TWARP93,1989-03-01,5530.952587508058
NN3-094_TWARP93,1989-04-01,5417.109177580673
NN3-094_TWARP93,1989-05-01,5497.583575814615
NN3-094_TWARP93,1989-06-01,5250.153066315431
NN3-094_TWARP93,1989-07-01,5127.006736742385
NN3-094_TWARP93,1989-08-01,4800.903102113232
NN3-094_TWARP93,1989-09-01,4735.590241394204
NN3-094_TWARP93,1989-10-01,4600.650413813457
NN3-094_TWARP93,1989-11-01,4789.58670912634
NN3-094_TWARP93,1989-12-01,4709.651759953666
NN3-094_TWARP93,1990-01-01,4706.326552793161
NN3-094_TWARP93,1990-02-01,4860.006861036474
NN3-094_TWARP93,1990-03-01,5050.359307711718
NN3-094_TWARP93,1990-04-01,5498.480841136896
NN3-094_TWARP93,1990-05-01,5720.297475609445
NN3-094_TWARP93,1990-06-01,5747.997740077133
NN3-094_TWARP93,1990-07-01,5351.849007035648
NN3-094_TWARP93,1990-08-01,4871.80255564497
NN3-094_TWARP93,1990-09-01,4622.480101996298
NN3-094_TWARP93,1990-10-01,4509.526054911159
NN3-094_TWARP93,1990-11-01,4628.038076857013
NN3-094_TWARP93,1990-12-01,4682.702184046886
NN3-094_TWARP93,1991-01-01,4759.966640572375
NN3-094_TWARP93,1991-02-01,5095.156171223976
NN3-094_TWARP93,1991-03-01,5076.6906951138035
NN3-094_TWARP93,1991-04-01,4884.074734500079
NN3-094_TWARP93,1991-05-01,4678.7627312806635
NN3-094_TWARP93,1991-06-01,4738.908006600461
NN3-094_TWARP93,1991-07-01,5020.0
NN3-094_TWARP93,1991-08-01,5020.0
NN3-095_TWARP94,1978-01-01,1860.0
NN3-095_TWARP94,1978-02-01,3852.2792902416077
NN3-095_TWARP94,1978-03-01,2679.8646974615094
NN3-095_TWARP94,1978-04-01,3096.1961968401906
NN3-095_TWARP94,1978-05-01,3604.7420191085193
NN3-095_TWARP94,1978-06-01,5885.811777181438
NN3-095_TWARP94,1978-07-01,3107.603469551447
NN3-095_TWARP94,1978-08-01,3328.3987847538124
NN3-095_TWARP94,1978-09-01,4780.674059005217
NN3-095_TWARP94,1978-10-01,4009.356654694823
NN3-095_TWARP94,1978-11-01,3966.985036492833
NN3-095_TWARP94,1978-12-01,4692.276161295398
NN3-095_TWARP94,1979-01-01,3465.4236683915938
NN3-095_TWARP94,1979-02-01,4033.2505288002258
NN3-095_TWARP94,1979-03-01,4453.589121777734
NN3-095_TWARP94,1979-04-01,4665.514792812725
NN3-095_TWARP94,1979-05-01,3887.6933301493973
NN3-095_TWARP94,1979-06-01,3546.3494568324954
NN3-095_TWARP94,1979-07-01,3266.3688734957873
NN3-095_TWARP94,1979-08-01,2845.6073703428906
NN3-095_TWARP94,1979-09-01,3538.6732197083616
NN3-095_TWARP94,1979-10-01,3171.8695736540994
NN3-095_TWARP94,1979-11-01,4454.170809247223
NN3-095_TWARP94,1979-12-01,5229.110465139858
NN3-095_TWARP94,1980-01-01,5101.320341197348
NN3-095_TWARP94,1980-02-01,5267.1980188980615
NN3-095_TWARP94,1980-03-01,4761.2819813395345
NN3-095_TWARP94,1980-04-01,5258.798170156193
NN3-095_TWARP94,1980-05-01,4914.555803341976
NN3-095_TWARP94,1980-06-01,5834.914508809327
NN3-095_TWARP94,1980-07-01,3834.7342666892378
NN3-095_TWARP94,1980-08-01,5160.783181079967
NN3-095_TWARP94,1980-09-01,3765.5149945707726
NN3-095_TWARP94,1980-10-01,4539.1623939304645
NN3-095_TWARP94,1980-11-01,6395.986427327291
NN3-095_TWARP94,1980-12-01,4945.595185632603
NN3-095_TWARP94,1981-01-01,5854.438429170981
NN3-095_TWARP94,1981-02-01,7139.782753758717
NN3-095_TWARP94,1981-03-01,6428.510810191395
NN3-095_TWARP94,1981-04-01,6637.402806196189
NN3-095_TWARP94,1981-05-01,4251.554121446268
NN3-095_TWARP94,1981-06-01,3526.479571193065
NN3-095_TWARP94,1981-07-01,4136.703051599353
NN3-095_TWARP94,1981-08-01,4389.4244397708535
NN3-095_TWARP94,1981-09-01,4925.824400695075
NN3-095_TWARP94,1981-10-01,5026.736300467793
NN3-095_TWARP94,1981-11-01,4199.467493345648
NN3-095_TWARP94,1981-12-01,4411.191047979673
NN3-095_TWARP94,1982-01-01,4471.793136302981
NN3-095_TWARP94,1982-02-01,3764.2428589996553
NN3-095_TWARP94,1982-03-01,4674.325639419736
NN3-095_TWARP94,1982-04-01,5845.054018063198
NN3-095_TWARP94,1982-05-01,4709.181596392192
NN3-095_TWARP94,1982-06-01,3690.4038137293323
NN3-095_TWARP94,1982-07-01,7117.126404661329
NN3-095_TWARP94,1982-08-01,2914.1487209633865
NN3-095_TWARP94,1982-09-01,3893.3730721502816
NN3-095_TWARP94,1982-10-01,1947.5200221693185
NN3-095_TWARP94,1982-11-01,2666.0649235903165
NN3-095_TWARP94,1982-12-01,2279.528233160723
NN3-095_TWARP94,1983-01-01,2711.6224297488366
NN3-095_TWARP94,1983-02-01,4008.6755018752797
NN3-095_TWARP94,1983-03-01,4172.005819086929
NN3-095_TWARP94,1983-04-01,4003.343097363625
NN3-095_TWARP94,1983-05-01,4530.117262440635
NN3-095_TWARP94,1983-06-01,4141.145168798352
NN3-095_TWARP94,1983-07-01,3751.753882495542
NN3-095_TWARP94,1983-08-01,4865.138396403187
NN3-095_TWARP94,1983-09-01,5226.240332904762
NN3-095_TWARP94,1983-10-01,4007.9189679045567
NN3-095_TWARP94,1983-11-01,3394.5268361602884
NN3-095_TWARP94,1983-12-01,3210.517532403633
NN3-095_TWARP94,1984-01-01,2702.7911679442836
NN3-095_TWARP94,1984-02-01,2031.5222164394413
NN3-095_TWARP94,1984-03-01,3955.3765686644065
NN3-095_TWARP94,1984-04-01,3969.8782833300006
NN3-095_TWARP94,1984-05-01,3844.4414292629463
NN3-095_TWARP94,1984-06-01,3889.017570318362
NN3-095_TWARP94,1984-07-01,3244.096931396927
NN3-095_TWARP94,1984-08-01,3200.1744601773635
NN3-095_TWARP94,1984-09-01,4311.9812477844935
NN3-095_TWARP94,1984-10-01,4195.59412268503
NN3-095_TWARP94,1984-11-01,3046.001027558761
NN3-095_TWARP94,1984-12-01,3008.647645339365
NN3-095_TWARP94,1985-01-01,2604.618985942747
NN3-095_TWARP94,1985-02-01,2251.5761294634176
NN3-095_TWARP94,1985-03-01,2829.112922348035
NN3-095_TWARP94,1985-04-01,3608.082586059348
NN3-095_TWARP94,1985-05-01,2891.861138204946
NN3-095_TWARP94,1985-06-01,3192.747035848573
NN3-095_TWARP94,1985-07-01,2685.870250251684
NN3-095_TWARP94,1985-08-01,3035.0916249568627
NN3-095_TWARP94,1985-09-01,3424.3781314587113
NN3-095_TWARP94,1985-10-01,4380.277304930658
NN3-095_TWARP94,1985-11-01,3829.7117866941894
NN3-095_TWARP94,1985-12-01,2737.48947144437
NN3-095_TWARP94,1986-01-01,2567.1970567069097
NN3-095_TWARP94,1986-02-01,2523.5317579860143
NN3-095_TWARP94,1986-03-01,1563.3302257260211
NN3-095_TWARP94,1986-04-01,2209.259020049372
NN3-095_TWARP94,1986-05-01,1896.20672689687
NN3-095_TWARP94,1986-06-01,1919.5014112974732
NN3-095_TWARP94,1986-07-01,4116.665425452852
NN3-095_TWARP94,1986-08-01,5596.613590499171
NN3-095_TWARP94,1986-09-01,7128.036397526058
NN3-095_TWARP94,1986-10-01,7093.224227194403
NN3-095_TWARP94,1986-11-01,4822.413009533495
NN3-095_TWARP94,1986-12-01,3639.039663959752
NN3-095_TWARP94,1987-01-01,3023.788052442475
NN3-095_TWARP94,1987-02-01,3467.549466856235
NN3-095_TWARP94,1987-03-01,3437.355393038554
NN3-095_TWARP94,1987-04-01,3574.5381210325017
NN3-095_TWARP94,1987-05-01,5063.820628990542
NN3-095_TWARP94,1987-06-01,2300.0
NN3-096_TWARP95,1978-01-01,1640.0
NN3-096_TWARP95,1978-02-01,3403.2272639086036
NN3-096_TWARP95,1978-03-01,3976.280542488718
NN3-096_TWARP95,1978-04-01,5556.093458913755
NN3-096_TWARP95,1978-05-01,5309.372517507934
NN3-096_TWARP95,1978-06-01,5923.220069084019
NN3-096_TWARP95,1978-07-01,4353.3286365971335
NN3-096_TWARP95,1978-08-01,4573.617905048231
NN3-096_TWARP95,1978-09-01,4574.91901506951
NN3-096_TWARP95,1978-10-01,3753.7592434105327
NN3-096_TWARP95,1978-11-01,1725.0279642698858
NN3-096_TWARP95,1978-12-01,991.8496224696698
NN3-096_TWARP95,1979-01-01,957.2106647385073
NN3-096_TWARP95,1979-02-01,1912.8169501497027
NN3-096_TWARP95,1979-03-01,2640.0
NN3-096_TWARP95,1979-04-01,2114.5763260975004
NN3-096_TWARP95,1979-05-01,4125.522623801939
NN3-096_TWARP95,1979-06-01,4916.966181554077
NN3-096_TWARP95,1979-07-01,3845.5865367591296
NN3-096_TWARP95,1979-08-01,4767.489263183254
NN3-096_TWARP95,1979-09-01,5322.63373183923
NN3-096_TWARP95,1979-10-01,3853.489233270032
NN3-096_TWARP95,1979-11-01,2324.4825420224306
NN3-096_TWARP95,1979-12-01,3244.738040379051
NN3-096_TWARP95,1980-01-01,3339.64027160469
NN3-096_TWARP95,1980-02-01,2646.991240956115
NN3-096_TWARP95,1980-03-01,4651.870436548924
NN3-096_TWARP95,1980-04-01,3906.637247715772
NN3-096_TWARP95,1980-05-01,2027.474794615756
NN3-096_TWARP95,1980-06-01,2939.393666489079
NN3-096_TWARP95,1980-07-01,2739.3310163590704
NN3-096_TWARP95,1980-08-01,3631.0598499155226
NN3-096_TWARP95,1980-09-01,3872.575667756317
NN3-096_TWARP95,1980-10-01,2681.587039668472
NN3-096_TWARP95,1980-11-01,1648.087859170987
NN3-096_TWARP95,1980-12-01,1304.4399786238046
NN3-096_TWARP95,1981-01-01,1907.80429751079
NN3-096_TWARP95,1981-02-01,3546.8219027768946
NN3-096_TWARP95,1981-03-01,4806.712846986669
NN3-096_TWARP95,1981-04-01,6119.906439465764
NN3-096_TWARP95,1981-05-01,4800.166086978597
NN3-096_TWARP95,1981-06-01,4886.715067370383
NN3-096_TWARP95,1981-07-01,3165.794290560581
NN3-096_TWARP95,1981-08-01,2938.468055909629
NN3-096_TWARP95,1981-09-01,2074.9152036220657
NN3-096_TWARP95,1981-10-01,907.3343821428126
NN3-096_TWARP95,1981-11-01,360.96280472651176
NN3-096_TWARP95,1981-12-01,378.7011758057399
NN3-096_TWARP95,1982-01-01,1148.3313394737015
NN3-096_TWARP95,1982-02-01,4120.637537669905
NN3-096_TWARP95,1982-03-01,5216.2722139363
NN3-096_TWARP95,1982-04-01,6235.378544086607
NN3-096_TWARP95,1982-05-01,4490.305586442317
NN3-096_TWARP95,1982-06-01,2501.9114257479227
NN3-096_TWARP95,1982-07-01,1056.601046068145
NN3-096_TWARP95,1982-08-01,2349.768325432265
NN3-096_TWARP95,1982-09-01,1795.415744834523
NN3-096_TWARP95,1982-10-01,1389.848773334086
NN3-096_TWARP95,1982-11-01,1771.2246114175018
NN3-096_TWARP95,1982-12-01,696.7361794231988
NN3-096_TWARP95,1983-01-01,2979.9564732129397
NN3-096_TWARP95,1983-02-01,7493.4771438708085
NN3-096_TWARP95,1983-03-01,6595.608427045098
NN3-096_TWARP95,1983-04-01,8885.166128376522
NN3-096_TWARP95,1983-05-01,7783.25657713992
NN3-096_TWARP95,1983-06-01,8935.115930177844
NN3-096_TWARP95,1983-07-01,7965.083985615296
NN3-096_TWARP95,1983-08-01,7138.106493218287
NN3-096_TWARP95,1983-09-01,7879.8469955094415
NN3-096_TWARP95,1983-10-01,7969.862868858114
NN3-096_TWARP95,1983-11-01,4202.5127223397
NN3-096_TWARP95,1983-12-01,1439.6539768429445
NN3-096_TWARP95,1984-01-01,1535.0813442874432
NN3-096_TWARP95,1984-02-01,1958.5636534806897
NN3-096_TWARP95,1984-03-01,4695.466142033066
NN3-096_TWARP95,1984-04-01,6392.602333141099
NN3-096_TWARP95,1984-05-01,6873.222175395709
NN3-096_TWARP95,1984-06-01,6374.216990532041
NN3-096_TWARP95,1984-07-01,4723.732600285274
NN3-096_TWARP95,1984-08-01,2347.892662535513
NN3-096_TWARP95,1984-09-01,794.2646543840476
NN3-096_TWARP95,1984-10-01,1629.1054901574325
NN3-096_TWARP95,1984-11-01,1675.9741132395293
NN3-096_TWARP95,1984-12-01,355.44906270072954
NN3-096_TWARP95,1985-01-01,445.0324409214847
NN3-096_TWARP95,1985-02-01,1763.0742395788366
NN3-096_TWARP95,1985-03-01,5170.091630854556
NN3-096_TWARP95,1985-04-01,4586.027287537658
NN3-096_TWARP95,1985-05-01,5606.306791090513
NN3-096_TWARP95,1985-06-01,3260.506535806562
NN3-096_TWARP95,1985-07-01,1601.6934341961478
NN3-096_TWARP95,1985-08-01,1880.5409741986975
NN3-096_TWARP95,1985-09-01,862.8389406026694
NN3-096_TWARP95,1985-10-01,322.5108003013605
NN3-096_TWARP95,1985-11-01,295.4225549043228
NN3-096_TWARP95,1985-12-01,2165.141033113942
NN3-096_TWARP95,1986-01-01,5227.4171518746025
NN3-096_TWARP95,1986-02-01,3723.120643650832
NN3-096_TWARP95,1986-03-01,4663.607878709769
NN3-096_TWARP95,1986-04-01,5028.185724071039
NN3-096_TWARP95,1986-05-01,5429.821342694108
NN3-096_TWARP95,1986-06-01,3591.1116296787695
NN3-096_TWARP95,1986-07-01,3441.4400175971477
NN3-096_TWARP95,1986-08-01,4690.620789748916
NN3-096_TWARP95,1986-09-01,5340.451260853512
NN3-096_TWARP95,1986-10-01,5537.109893003688
NN3-096_TWARP95,1986-11-01,4632.766307890239
NN3-096_TWARP95,1986-12-01,4862.35509931537
NN3-096_TWARP95,1987-01-01,2697.7545767151146
NN3-096_TWARP95,1987-02-01,5248.483655489842
NN3-096_TWARP95,1987-03-01,6134.937468246098
NN3-096_TWARP95,1987-04-01,3447.408165186016
NN3-096_TWARP95,1987-05-01,5381.827606577544
NN3-096_TWARP95,1987-06-01,6361.651317274141
NN3-097_TWARP96,1978-01-01,4093.0
NN3-097_TWARP96,1978-02-01,5773.398438440669
NN3-097_TWARP96,1978-03-01,8373.787188588285
NN3-097_TWARP96,1978-04-01,7074.828084822182
NN3-097_TWARP96,1978-05-01,7892.780570538031
NN3-097_TWARP96,1978-06-01,4052.0794172195965
NN3-097_TWARP96,1978-07-01,5783.800426413559
NN3-097_TWARP96,1978-08-01,6227.762842565244
NN3-097_TWARP96,1978-09-01,4453.659454585824
NN3-097_TWARP96,1978-10-01,5523.34448507985
NN3-097_TWARP96,1978-11-01,4208.821617863902
NN3-097_TWARP96,1978-12-01,5412.689310058558
NN3-097_TWARP96,1979-01-01,6577.891032629224
NN3-097_TWARP96,1979-02-01,5030.682625470368
NN3-097_TWARP96,1979-03-01,6782.116403381546
NN3-097_TWARP96,1979-04-01,6372.366693112502
NN3-097_TWARP96,1979-05-01,6164.670348689119
NN3-097_TWARP96,1979-06-01,6462.951835236545
NN3-097_TWARP96,1979-07-01,6118.787525790949
NN3-097_TWARP96,1979-08-01,6631.260395892432
NN3-097_TWARP96,1979-09-01,7124.171413577681
NN3-097_TWARP96,1979-10-01,7639.59880467458
NN3-097_TWARP96,1979-11-01,7090.4949843361865
NN3-097_TWARP96,1979-12-01,7057.639858807376
NN3-097_TWARP96,1980-01-01,8323.973015575282
NN3-097_TWARP96,1980-02-01,8032.513434847486
NN3-097_TWARP96,1980-03-01,7923.858145123751
NN3-097_TWARP96,1980-04-01,8334.885404434182
NN3-097_TWARP96,1980-05-01,7341.0178381686255
NN3-097_TWARP96,1980-06-01,7434.5611030541395
NN3-097_TWARP96,1980-07-01,6519.957808257934
NN3-097_TWARP96,1980-08-01,5506.458558950492
NN3-097_TWARP96,1980-09-01,5384.692549051088
NN3-097_TWARP96,1980-10-01,6347.360611231407
NN3-097_TWARP96,1980-11-01,5612.652738972615
NN3-097_TWARP96,1980-12-01,7026.330378452136
NN3-097_TWARP96,1981-01-01,6010.255525300496
NN3-097_TWARP96,1981-02-01,8026.739480296655
NN3-097_TWARP96,1981-03-01,6870.404818811384
NN3-097_TWARP96,1981-04-01,8457.780573457301
NN3-097_TWARP96,1981-05-01,8627.647935098039
NN3-097_TWARP96,1981-06-01,8122.679767332305
NN3-097_TWARP96,1981-07-01,6819.973335454235
NN3-097_TWARP96,1981-08-01,8367.118055136276
NN3-097_TWARP96,1981-09-01,6414.893436698465
NN3-097_TWARP96,1981-10-01,6990.62870813785
NN3-097_TWARP96,1981-11-01,6303.443232809819
NN3-097_TWARP96,1981-12-01,5614.299311510944
NN3-097_TWARP96,1982-01-01,6559.235502227904
NN3-097_TWARP96,1982-02-01,6973.865104520865
NN3-097_TWARP96,1982-03-01,6430.757215418991
NN3-097_TWARP96,1982-04-01,6046.1443971044755
NN3-097_TWARP96,1982-05-01,7085.789089622271
NN3-097_TWARP96,1982-06-01,6778.722704582688
NN3-097_TWARP96,1982-07-01,6483.097284861269
NN3-097_TWARP96,1982-08-01,6876.912660446731
NN3-097_TWARP96,1982-09-01,7607.41080702236
NN3-097_TWARP96,1982-10-01,7563.525571095233
NN3-097_TWARP96,1982-11-01,7887.944978037843
NN3-097_TWARP96,1982-12-01,6834.493284064343
NN3-097_TWARP96,1983-01-01,5982.235863142388
NN3-097_TWARP96,1983-02-01,6537.465149817442
NN3-097_TWARP96,1983-03-01,6652.9229724598645
NN3-097_TWARP96,1983-04-01,6742.198261876607
NN3-097_TWARP96,1983-05-01,7205.151338809214
NN3-097_TWARP96,1983-06-01,6444.479579084477
NN3-097_TWARP96,1983-07-01,5136.22503487845
NN3-097_TWARP96,1983-08-01,5461.937425699691
NN3-097_TWARP96,1983-09-01,5695.965035794405
NN3-097_TWARP96,1983-10-01,6959.2657970098835
NN3-097_TWARP96,1983-11-01,7265.129398413054
NN3-097_TWARP96,1983-12-01,6297.580152456589
NN3-097_TWARP96,1984-01-01,7088.536390362797
NN3-097_TWARP96,1984-02-01,7087.370043041509
NN3-097_TWARP96,1984-03-01,7309.191293023607
NN3-097_TWARP96,1984-04-01,9173.764292003007
NN3-097_TWARP96,1984-05-01,8205.952836795252
NN3-097_TWARP96,1984-06-01,7971.500525554679
NN3-097_TWARP96,1984-07-01,5990.1761095536185
NN3-097_TWARP96,1984-08-01,9628.450749053638
NN3-097_TWARP96,1984-09-01,6088.942491577635
NN3-097_TWARP96,1984-10-01,6272.263416745819
NN3-097_TWARP96,1984-11-01,8949.484510832648
NN3-097_TWARP96,1984-12-01,6384.35708810994
NN3-097_TWARP96,1985-01-01,5688.858114299542
NN3-097_TWARP96,1985-02-01,6991.852878875903
NN3-097_TWARP96,1985-03-01,6538.456613834097
NN3-097_TWARP96,1985-04-01,6848.219256721269
NN3-097_TWARP96,1985-05-01,6289.674817209603
NN3-097_TWARP96,1985-06-01,6737.142143869886
NN3-097_TWARP96,1985-07-01,6858.730568451584
NN3-097_TWARP96,1985-08-01,7014.487943091656
NN3-097_TWARP96,1985-09-01,6059.676492251754
NN3-097_TWARP96,1985-10-01,6580.203677461637
NN3-097_TWARP96,1985-11-01,6754.09571162578
NN3-097_TWARP96,1985-12-01,6276.080194511003
NN3-097_TWARP96,1986-01-01,6128.483561980029
NN3-097_TWARP96,1986-02-01,7558.256328851813
NN3-097_TWARP96,1986-03-01,6047.523036888084
NN3-097_TWARP96,1986-04-01,9826.33969745606
NN3-097_TWARP96,1986-05-01,8502.06446101326
NN3-097_TWARP96,1986-06-01,7091.902335435711
NN3-097_TWARP96,1986-07-01,7260.390036087579
NN3-097_TWARP96,1986-08-01,8258.249059571826
NN3-097_TWARP96,1986-09-01,7247.271948765909
NN3-097_TWARP96,1986-10-01,7499.31853748388
NN3-097_TWARP96,1986-11-01,6769.279987110094
NN3-097_TWARP96,1986-12-01,6504.741580425354
NN3-097_TWARP96,1987-01-01,6814.204661265473
NN3-097_TWARP96,1987-02-01,6583.0888412408685
NN3-097_TWARP96,1987-03-01,8699.82921907642
NN3-097_TWARP96,1987-04-01,6925.397462161461
NN3-097_TWARP96,1987-05-01,6707.962292449114
NN3-097_TWARP96,1987-06-01,5634.0
NN3-098_TWARP97,1978-01-01,3528.0
NN3-098_TWARP97,1978-02-01,3671.4157228085737
NN3-098_TWARP97,1978-03-01,3780.353152135712
NN3-098_TWARP97,1978-04-01,3971.0994038930535
NN3-098_TWARP97,1978-05-01,4276.010255533954
NN3-098_TWARP97,1978-06-01,4046.683681863379
NN3-098_TWARP97,1978-07-01,4772.712926355958
NN3-098_TWARP97,1978-08-01,3812.067959490553
NN3-098_TWARP97,1978-09-01,3653.7152422569025
NN3-098_TWARP97,1978-10-01,4334.848523399238
NN3-098_TWARP97,1978-11-01,2922.1842497332864
NN3-098_TWARP97,1978-12-01,2985.520622928701
NN3-098_TWARP97,1979-01-01,5804.154790826536
NN3-098_TWARP97,1979-02-01,4249.255772867541
NN3-098_TWARP97,1979-03-01,3937.746921360745
NN3-098_TWARP97,1979-04-01,4104.441545112605
NN3-098_TWARP97,1979-05-01,4805.0762759352765
NN3-098_TWARP97,1979-06-01,3551.2187626191476
NN3-098_TWARP97,1979-07-01,3886.774097587208
NN3-098_TWARP97,1979-08-01,4457.663406485363
NN3-098_TWARP97,1979-09-01,4380.527306066071
NN3-098_TWARP97,1979-10-01,5306.610147243094
NN3-098_TWARP97,1979-11-01,3540.2317348806428
NN3-098_TWARP97,1979-12-01,3272.733318502478
NN3-098_TWARP97,1980-01-01,4001.0495461489736
NN3-098_TWARP97,1980-02-01,4670.359845603381
NN3-098_TWARP97,1980-03-01,5258.387928908151
NN3-098_TWARP97,1980-04-01,4927.145112728776
NN3-098_TWARP97,1980-05-01,3706.0856529383987
NN3-098_TWARP97,1980-06-01,5528.278785340942
NN3-098_TWARP97,1980-07-01,3493.2697598365694
NN3-098_TWARP97,1980-08-01,3418.6156482679835
NN3-098_TWARP97,1980-09-01,3714.4271674894726
NN3-098_TWARP97,1980-10-01,4435.313874451798
NN3-098_TWARP97,1980-11-01,3528.6029878710747
NN3-098_TWARP97,1980-12-01,3102.0013324440806
NN3-098_TWARP97,1981-01-01,4685.507380374874
NN3-098_TWARP97,1981-02-01,5938.6586654373195
NN3-098_TWARP97,1981-03-01,4262.506449072892
NN3-098_TWARP97,1981-04-01,3343.0334485172825
NN3-098_TWARP97,1981-05-01,3854.645437338763
NN3-098_TWARP97,1981-06-01,3039.0219560134
NN3-098_TWARP97,1981-07-01,3142.468132141737
NN3-098_TWARP97,1981-08-01,4378.097632435587
NN3-098_TWARP97,1981-09-01,4334.823096034428
NN3-098_TWARP97,1981-10-01,3708.991162880687
NN3-098_TWARP97,1981-11-01,2929.905550476172
NN3-098_TWARP97,1981-12-01,2154.180293723047
NN3-098_TWARP97,1982-01-01,3909.8559748313223
NN3-098_TWARP97,1982-02-01,2354.220937723393
NN3-098_TWARP97,1982-03-01,2838.884910836132
NN3-098_TWARP97,1982-04-01,3149.6760676409162
NN3-098_TWARP97,1982-05-01,3383.679901603494
NN3-098_TWARP97,1982-06-01,3136.851185690304
NN3-098_TWARP97,1982-07-01,3374.42270624806
NN3-098_TWARP97,1982-08-01,4996.07852786272
NN3-098_TWARP97,1982-09-01,3637.6152527666327
NN3-098_TWARP97,1982-10-01,3952.9287953426415
NN3-098_TWARP97,1982-11-01,3017.1464224259735
NN3-098_TWARP97,1982-12-01,2305.4167504692896
NN3-098_TWARP97,1983-01-01,2981.1719182826146
NN3-098_TWARP97,1983-02-01,2893.3972579118654
NN3-098_TWARP97,1983-03-01,3626.956344813191
NN3-098_TWARP97,1983-04-01,3659.1654430199924
NN3-098_TWARP97,1983-05-01,3154.1044102339893
NN3-098_TWARP97,1983-06-01,3565.2550660449187
NN3-098_TWARP97,1983-07-01,3763.4720668995474
NN3-098_TWARP97,1983-08-01,3166.0951143371103
NN3-098_TWARP97,1983-09-01,4331.640578545286
NN3-098_TWARP97,1983-10-01,5091.57299409999
NN3-098_TWARP97,1983-11-01,3552.427911597889
NN3-098_TWARP97,1983-12-01,3859.9173978217377
NN3-098_TWARP97,1984-01-01,5610.876432470473
NN3-098_TWARP97,1984-02-01,5516.876331300002
NN3-098_TWARP97,1984-03-01,3978.196049324152
NN3-098_TWARP97,1984-04-01,3601.4785109376417
NN3-098_TWARP97,1984-05-01,3159.8360933287113
NN3-098_TWARP97,1984-06-01,6489.968645616169
NN3-098_TWARP97,1984-07-01,5117.421966150679
NN3-098_TWARP97,1984-08-01,4538.997039696787
NN3-098_TWARP97,1984-09-01,4614.162910174772
NN3-098_TWARP97,1984-10-01,5263.232386994624
NN3-098_TWARP97,1984-11-01,3637.412935941918
NN3-098_TWARP97,1984-12-01,4370.728727736774
NN3-098_TWARP97,1985-01-01,5788.999445845169
NN3-098_TWARP97,1985-02-01,3773.6445518678365
NN3-098_TWARP97,1985-03-01,4405.723524887921
NN3-098_TWARP97,1985-04-01,4664.799478465439
NN3-098_TWARP97,1985-05-01,4604.138163101118
NN3-098_TWARP97,1985-06-01,4724.642116654989
NN3-098_TWARP97,1985-07-01,6145.466530765512
NN3-098_TWARP97,1985-08-01,4902.346666255939
NN3-098_TWARP97,1985-09-01,4222.980388275482
NN3-098_TWARP97,1985-10-01,5886.641050878048
NN3-098_TWARP97,1985-11-01,5163.569040600223
NN3-098_TWARP97,1985-12-01,4478.097137806977
NN3-098_TWARP97,1986-01-01,3932.552541051374
NN3-098_TWARP97,1986-02-01,4581.582707818785
NN3-098_TWARP97,1986-03-01,5930.649302252132
NN3-098_TWARP97,1986-04-01,6203.626927286814
NN3-098_TWARP97,1986-05-01,5253.281336177514
NN3-098_TWARP97,1986-06-01,4434.87870738072
NN3-098_TWARP97,1986-07-01,5647.805921337675
NN3-098_TWARP97,1986-08-01,6167.36706630155
NN3-098_TWARP97,1986-09-01,5401.896032489237
NN3-098_TWARP97,1986-10-01,5939.743012791297
NN3-098_TWARP97,1986-11-01,5779.223300413551
NN3-098_TWARP97,1986-12-01,4319.333090687529
NN3-098_TWARP97,1987-01-01,3966.136682190235
NN3-098_TWARP97,1987-02-01,5359.18275364349
NN3-098_TWARP97,1987-03-01,6664.406468521691
NN3-098_TWARP97,1987-04-01,5750.786794616407
NN3-098_TWARP97,1987-05-01,3436.43028425884
NN3-098_TWARP97,1987-06-01,6407.976638415448
NN3-099_TWARP98,1983-01-01,3125.0
NN3-099_TWARP98,1983-02-01,1864.4454668426872
NN3-099_TWARP98,1983-03-01,2815.040258776599
NN3-099_TWARP98,1983-04-01,2826.346478872774
NN3-099_TWARP98,1983-05-01,3446.5834355453208
NN3-099_TWARP98,1983-06-01,4011.4539692061708
NN3-099_TWARP98,1983-07-01,2813.0895743598353
NN3-099_TWARP98,1983-08-01,3123.7198720978395
NN3-099_TWARP98,1983-09-01,3596.7066580829055
NN3-099_TWARP98,1983-10-01,2875.186158205365
NN3-099_TWARP98,1983-11-01,3352.755603010638
NN3-099_TWARP98,1983-12-01,3750.7589079283093
NN3-099_TWARP98,1984-01-01,3140.8440400578247
NN3-099_TWARP98,1984-02-01,3310.3976976424196
NN3-099_TWARP98,1984-03-01,3411.685812657796
NN3-099_TWARP98,1984-04-01,3046.2096803233135
NN3-099_TWARP98,1984-05-01,4419.230072496941
NN3-099_TWARP98,1984-06-01,4752.963087792181
NN3-099_TWARP98,1984-07-01,4783.90860370149
NN3-099_TWARP98,1984-08-01,4304.153593954324
NN3-099_TWARP98,1984-09-01,3581.954685250292
NN3-099_TWARP98,1984-10-01,4499.861783997103
NN3-099_TWARP98,1984-11-01,4110.146240766683
NN3-099_TWARP98,1984-12-01,4117.937495886802
NN3-099_TWARP98,1985-01-01,3520.42790067402
NN3-099_TWARP98,1985-02-01,3473.7178070304208
NN3-099_TWARP98,1985-03-01,3728.3287714804383
NN3-099_TWARP98,1985-04-01,4011.032275741964
NN3-099_TWARP98,1985-05-01,3591.2293016095477
NN3-099_TWARP98,1985-06-01,4216.545462330152
NN3-099_TWARP98,1985-07-01,4313.77234953903
NN3-099_TWARP98,1985-08-01,5826.150117601718
NN3-099_TWARP98,1985-09-01,4129.4170510646145
NN3-099_TWARP98,1985-10-01,3692.0072140878237
NN3-099_TWARP98,1985-11-01,4600.543082316711
NN3-099_TWARP98,1985-12-01,4517.670189132911
NN3-099_TWARP98,1986-01-01,5875.0165708517725
NN3-099_TWARP98,1986-02-01,5177.085312226829
NN3-099_TWARP98,1986-03-01,5413.448783388341
NN3-099_TWARP98,1986-04-01,5536.451852522067
NN3-099_TWARP98,1986-05-01,4993.954223498378
NN3-099_TWARP98,1986-06-01,4610.858395972217
NN3-099_TWARP98,1986-07-01,4206.312789684593
NN3-099_TWARP98,1986-08-01,4623.124489229259
NN3-099_TWARP98,1986-09-01,4313.392249250416
NN3-099_TWARP98,1986-10-01,4354.745535877204
NN3-099_TWARP98,1986-11-01,4102.241370329978
NN3-099_TWARP98,1986-12-01,4731.544807213291
NN3-099_TWARP98,1987-01-01,4649.9718758105155
NN3-099_TWARP98,1987-02-01,3647.1958572698536
NN3-099_TWARP98,1987-03-01,3819.0825757762586
NN3-099_TWARP98,1987-04-01,4246.9226863700505
NN3-099_TWARP98,1987-05-01,3849.4182666658344
NN3-099_TWARP98,1987-06-01,4709.742016909022
NN3-099_TWARP98,1987-07-01,5841.7661711136425
NN3-099_TWARP98,1987-08-01,4859.017079207064
NN3-099_TWARP98,1987-09-01,4112.756355970454
NN3-099_TWARP98,1987-10-01,3965.737662315003
NN3-099_TWARP98,1987-11-01,3981.7574086932077
NN3-099_TWARP98,1987-12-01,4438.781448513893
NN3-099_TWARP98,1988-01-01,4210.129963952539
NN3-099_TWARP98,1988-02-01,3201.089454878407
NN3-099_TWARP98,1988-03-01,3366.692595572682
NN3-099_TWARP98,1988-04-01,4031.9457314650535
NN3-099_TWARP98,1988-05-01,4751.826874291207
NN3-099_TWARP98,1988-06-01,5678.262409642936
NN3-099_TWARP98,1988-07-01,5352.2317518581
NN3-099_TWARP98,1988-08-01,4038.1703132338616
NN3-099_TWARP98,1988-09-01,4308.481896119039
NN3-099_TWARP98,1988-10-01,3852.9939392177866
NN3-099_TWARP98,1988-11-01,3420.1961487021063
NN3-099_TWARP98,1988-12-01,4396.358242673197
NN3-099_TWARP98,1989-01-01,6965.111747258941
NN3-099_TWARP98,1989-02-01,6828.320387867691
NN3-099_TWARP98,1989-03-01,4629.146842465146
NN3-099_TWARP98,1989-04-01,4778.950706084854
NN3-099_TWARP98,1989-05-01,4724.362261276165
NN3-099_TWARP98,1989-06-01,5944.621620900972
NN3-099_TWARP98,1989-07-01,5926.225812282298
NN3-099_TWARP98,1989-08-01,5815.53729798691
NN3-099_TWARP98,1989-09-01,5037.886866068016
NN3-099_TWARP98,1989-10-01,4475.626602107197
NN3-099_TWARP98,1989-11-01,5114.935112355961
NN3-099_TWARP98,1989-12-01,5479.350808958381
NN3-099_TWARP98,1990-01-01,5853.810799164433
NN3-099_TWARP98,1990-02-01,5631.595814604321
NN3-099_TWARP98,1990-03-01,5471.682525224131
NN3-099_TWARP98,1990-04-01,5752.834371129336
NN3-099_TWARP98,1990-05-01,6184.63457145628
NN3-099_TWARP98,1990-06-01,5899.198711646148
NN3-099_TWARP98,1990-07-01,5644.779665709011
NN3-099_TWARP98,1990-08-01,5310.093300888063
NN3-099_TWARP98,1990-09-01,4634.143344640514
NN3-099_TWARP98,1990-10-01,4909.502645226874
NN3-099_TWARP98,1990-11-01,5387.959498498227
NN3-099_TWARP98,1990-12-01,4252.640722066792
NN3-099_TWARP98,1991-01-01,3938.7322565787463
NN3-099_TWARP98,1991-02-01,3896.233875537832
NN3-099_TWARP98,1991-03-01,4278.171970750472
NN3-099_TWARP98,1991-04-01,4313.127889681645
NN3-099_TWARP98,1991-05-01,5015.248259551946
NN3-099_TWARP98,1991-06-01,6273.91589590354
NN3-099_TWARP98,1991-07-01,5628.835628958014
NN3-100_TWARP99,1983-01-01,3765.0
NN3-100_TWARP99,1983-02-01,3688.5181902828485
NN3-100_TWARP99,1983-03-01,3344.968821535918
NN3-100_TWARP99,1983-04-01,3037.3969049285993
NN3-100_TWARP99,1983-05-01,2966.1375652333622
NN3-100_TWARP99,1983-06-01,3119.031940766882
NN3-100_TWARP99,1983-07-01,3248.146782940463
NN3-100_TWARP99,1983-08-01,3341.3262199246396
NN3-100_TWARP99,1983-09-01,3487.0144746682613
NN3-100_TWARP99,1983-10-01,3530.113949338264
NN3-100_TWARP99,1983-11-01,3413.9710392865964
NN3-100_TWARP99,1983-12-01,3458.575770689818
NN3-100_TWARP99,1984-01-01,3775.787276026815
NN3-100_TWARP99,1984-02-01,3966.8478843556663
NN3-100_TWARP99,1984-03-01,4242.493792412792
NN3-100_TWARP99,1984-04-01,4430.3330655470545
NN3-100_TWARP99,1984-05-01,4135.5751732944545
NN3-100_TWARP99,1984-06-01,3635.42636654453
NN3-100_TWARP99,1984-07-01,3293.378453617799
NN3-100_TWARP99,1984-08-01,3373.675134700079
NN3-100_TWARP99,1984-09-01,3838.0329575975497
NN3-100_TWARP99,1984-10-01,4342.940459900456
NN3-100_TWARP99,1984-11-01,4614.600826259993
NN3-100_TWARP99,1984-12-01,5169.1046291664425
NN3-100_TWARP99,1985-01-01,5125.924130166939
NN3-100_TWARP99,1985-02-01,4519.238323320332
NN3-100_TWARP99,1985-03-01,4034.578459507222
NN3-100_TWARP99,1985-04-01,3899.6039036077573
NN3-100_TWARP99,1985-05-01,3906.2383618934373
NN3-100_TWARP99,1985-06-01,3417.7696874340404
NN3-100_TWARP99,1985-07-01,3715.573628325491
NN3-100_TWARP99,1985-08-01,3826.266146449508
NN3-100_TWARP99,1985-09-01,3509.831403266712
NN3-100_TWARP99,1985-10-01,3502.0911206801693
NN3-100_TWARP99,1985-11-01,3401.105171822906
NN3-100_TWARP99,1985-12-01,3068.2321499745817
NN3-100_TWARP99,1986-01-01,3118.788174479156
NN3-100_TWARP99,1986-02-01,3155.543633516417
NN3-100_TWARP99,1986-03-01,2920.263559996422
NN3-100_TWARP99,1986-04-01,2703.698932436073
NN3-100_TWARP99,1986-05-01,2585.0603276310408
NN3-100_TWARP99,1986-06-01,3198.963769680262
NN3-100_TWARP99,1986-07-01,3650.238414865943
NN3-100_TWARP99,1986-08-01,3657.9856240442596
NN3-100_TWARP99,1986-09-01,3653.773715399762
NN3-100_TWARP99,1986-10-01,3429.0344997023967
NN3-100_TWARP99,1986-11-01,3522.9095610556506
NN3-100_TWARP99,1986-12-01,3481.245463239811
NN3-100_TWARP99,1987-01-01,2919.269725705695
NN3-100_TWARP99,1987-02-01,2854.37462053625
NN3-100_TWARP99,1987-03-01,2877.8637582345514
NN3-100_TWARP99,1987-04-01,2826.893277706453
NN3-100_TWARP99,1987-05-01,2882.4158058686617
NN3-100_TWARP99,1987-06-01,2925.812566794245
NN3-100_TWARP99,1987-07-01,3181.3588880921475
NN3-100_TWARP99,1987-08-01,3366.857621389221
NN3-100_TWARP99,1987-09-01,3414.7217705208986
NN3-100_TWARP99,1987-10-01,3334.5687454662343
NN3-100_TWARP99,1987-11-01,3070.0578247204658
NN3-100_TWARP99,1987-12-01,2922.8873512771197
NN3-100_TWARP99,1988-01-01,2891.0119578587587
NN3-100_TWARP99,1988-02-01,2927.420912903875
NN3-100_TWARP99,1988-03-01,2737.0699578956314
NN3-100_TWARP99,1988-04-01,2943.861629194166
NN3-100_TWARP99,1988-05-01,2895.6322594572143
NN3-100_TWARP99,1988-06-01,3035.643664483707
NN3-100_TWARP99,1988-07-01,2954.229640034794
NN3-100_TWARP99,1988-08-01,3532.673849040145
NN3-100_TWARP99,1988-09-01,3913.38886212157
NN3-100_TWARP99,1988-10-01,3679.809216294495
NN3-100_TWARP99,1988-11-01,3474.7211007231685
NN3-100_TWARP99,1988-12-01,3385.440953448083
NN3-100_TWARP99,1989-01-01,3181.8464623099057
NN3-100_TWARP99,1989-02-01,2904.6465264846765
NN3-100_TWARP99,1989-03-01,2804.221621897122
NN3-100_TWARP99,1989-04-01,2850.5847396350628
NN3-100_TWARP99,1989-05-01,2834.124630039881
NN3-100_TWARP99,1989-06-01,3205.8305840127673
NN3-100_TWARP99,1989-07-01,3387.523587997805
NN3-100_TWARP99,1989-08-01,3663.535232496026
NN3-100_TWARP99,1989-09-01,3880.142746939597
NN3-100_TWARP99,1989-10-01,3705.1050655999834
NN3-100_TWARP99,1989-11-01,4080.2545245090078
NN3-100_TWARP99,1989-12-01,3973.617990636933
NN3-100_TWARP99,1990-01-01,3736.8465969939552
NN3-100_TWARP99,1990-02-01,3463.3179440513786
NN3-100_TWARP99,1990-03-01,3253.7501096373835
NN3-100_TWARP99,1990-04-01,3057.9814891026735
NN3-100_TWARP99,1990-05-01,2714.9140703434746
NN3-100_TWARP99,1990-06-01,2722.6940492094423
NN3-100_TWARP99,1990-07-01,2689.4664555587315
NN3-100_TWARP99,1990-08-01,2799.67715387523
NN3-100_TWARP99,1990-09-01,3086.041588488873
NN3-100_TWARP99,1990-10-01,3127.3304770987666
NN3-100_TWARP99,1990-11-01,2792.2924593505777
NN3-100_TWARP99,1990-12-01,2726.4948652406374
NN3-100_TWARP99,1991-01-01,2722.446343484373
NN3-100_TWARP99,1991-02-01,2933.420431381239
NN3-100_TWARP99,1991-03-01,3152.1430834740136
NN3-100_TWARP99,1991-04-01,3066.080374430822
NN3-100_TWARP99,1991-05-01,2972.5212084185646
NN3-100_TWARP99,1991-06-01,3322.506109171726
NN3-100_TWARP99,1991-07-01,3686.673624314024
NN3-100_TWARP99,1991-08-01,3737.8926077806377
NN3_101_TWARP100,1982-01-01,4998.0
NN3_101_TWARP100,1982-02-01,4488.605790070302
NN3_101_TWARP100,1982-03-01,4813.379438271907
NN3_101_TWARP100,1982-04-01,4814.428582676529
NN3_101_TWARP100,1982-05-01,4613.161119669859
NN3_101_TWARP100,1982-06-01,4505.213064152168
NN3_101_TWARP100,1982-07-01,4587.733360179519
NN3_101_TWARP100,1982-08-01,4599.582020373456
NN3_101_TWARP100,1982-09-01,4513.649910853724
NN3_101_TWARP100,1982-10-01,4598.913843294871
NN3_101_TWARP100,1982-11-01,4510.207221596408
NN3_101_TWARP100,1982-12-01,4781.098339018613
NN3_101_TWARP100,1983-01-01,4578.718823706191
NN3_101_TWARP100,1983-02-01,4165.644921322613
NN3_101_TWARP100,1983-03-01,4785.106662190268
NN3_101_TWARP100,1983-04-01,4424.43591206963
NN3_101_TWARP100,1983-05-01,4493.323338646602
NN3_101_TWARP100,1983-06-01,4585.203067031004
NN3_101_TWARP100,1983-07-01,4655.4356471752735
NN3_101_TWARP100,1983-08-01,4798.384650412346
NN3_101_TWARP100,1983-09-01,4651.758546500486
NN3_101_TWARP100,1983-10-01,4638.370704918083
NN3_101_TWARP100,1983-11-01,4674.084218167797
NN3_101_TWARP100,1983-12-01,5186.368883062364
NN3_101_TWARP100,1984-01-01,5153.6980285536065
NN3_101_TWARP100,1984-02-01,4521.51812025827
NN3_101_TWARP100,1984-03-01,4944.114523180854
NN3_101_TWARP100,1984-04-01,4690.4915493919825
NN3_101_TWARP100,1984-05-01,4824.724774441238
NN3_101_TWARP100,1984-06-01,4726.507452412445
NN3_101_TWARP100,1984-07-01,4835.215810792829
NN3_101_TWARP100,1984-08-01,4921.619327544423
NN3_101_TWARP100,1984-09-01,4624.557564626333
NN3_101_TWARP100,1984-10-01,4810.129489495747
NN3_101_TWARP100,1984-11-01,4704.644852918885
NN3_101_TWARP100,1984-12-01,4817.102536988518
NN3_101_TWARP100,1985-01-01,4881.736957513611
NN3_101_TWARP100,1985-02-01,4575.119302340043
NN3_101_TWARP100,1985-03-01,4734.99988660382
NN3_101_TWARP100,1985-04-01,4684.012665674745
NN3_101_TWARP100,1985-05-01,4763.985233531616
NN3_101_TWARP100,1985-06-01,4681.732766505721
NN3_101_TWARP100,1985-07-01,4835.868059145353
NN3_101_TWARP100,1985-08-01,4859.545781300314
NN3_101_TWARP100,1985-09-01,4638.907344458688
NN3_101_TWARP100,1985-10-01,4866.1130023815085
NN3_101_TWARP100,1985-11-01,4778.386120723995
NN3_101_TWARP100,1985-12-01,5109.615031763943
NN3_101_TWARP100,1986-01-01,4878.651184458433
NN3_101_TWARP100,1986-02-01,4648.321775799681
NN3_101_TWARP100,1986-03-01,4990.187814690108
NN3_101_TWARP100,1986-04-01,4817.2599947697545
NN3_101_TWARP100,1986-05-01,4932.702655633045
NN3_101_TWARP100,1986-06-01,4852.329454909676
NN3_101_TWARP100,1986-07-01,5067.76565998686
NN3_101_TWARP100,1986-08-01,5112.193063275139
NN3_101_TWARP100,1986-09-01,4801.331804572299
NN3_101_TWARP100,1986-10-01,5134.71447014226
NN3_101_TWARP100,1986-11-01,4870.020399877494
NN3_101_TWARP100,1986-12-01,5298.486996759798
NN3_101_TWARP100,1987-01-01,5181.37300843422
NN3_101_TWARP100,1987-02-01,4781.580814702135
NN3_101_TWARP100,1987-03-01,4969.040802579883
NN3_101_TWARP100,1987-04-01,4967.569377074912
NN3_101_TWARP100,1987-05-01,4965.347312695001
NN3_101_TWARP100,1987-06-01,5025.711004618442
NN3_101_TWARP100,1987-07-01,5219.34353156273
NN3_101_TWARP100,1987-08-01,5157.953557929885
NN3_101_TWARP100,1987-09-01,5029.378646653399
NN3_101_TWARP100,1987-10-01,5132.063240175795
NN3_101_TWARP100,1987-11-01,5086.400048083609
NN3_101_TWARP100,1987-12-01,5118.760345214526
NN3_101_TWARP100,1988-01-01,5403.051679459419
NN3_101_TWARP100,1988-02-01,5312.94900827814
NN3_101_TWARP100,1988-03-01,5239.981984731745
NN3_101_TWARP100,1988-04-01,5338.495341072653
NN3_101_TWARP100,1988-05-01,4978.87705663483
NN3_101_TWARP100,1988-06-01,5037.034668625347
NN3_101_TWARP100,1988-07-01,5125.264177833586
NN3_101_TWARP100,1988-08-01,5197.512199630042
NN3_101_TWARP100,1988-09-01,5402.389463641181
NN3_101_TWARP100,1988-10-01,5130.455920296376
NN3_101_TWARP100,1988-11-01,5449.722964898611
NN3_101_TWARP100,1988-12-01,5289.590331376227
NN3_101_TWARP100,1989-01-01,5675.990714828086
NN3_101_TWARP100,1989-02-01,5372.624030834876
NN3_101_TWARP100,1989-03-01,5040.305230843195
NN3_101_TWARP100,1989-04-01,5534.21623580499
NN3_101_TWARP100,1989-05-01,5033.314431665737
NN3_101_TWARP100,1989-06-01,5118.306069225854
NN3_101_TWARP100,1989-07-01,5241.024243382539
NN3_101_TWARP100,1989-08-01,5107.685612990334
NN3_101_TWARP100,1989-09-01,5373.467632952256
NN3_101_TWARP100,1989-10-01,5039.708979164142
NN3_101_TWARP100,1989-11-01,5358.241242175855
NN3_101_TWARP100,1989-12-01,5243.477872583395
NN3_101_TWARP100,1990-01-01,5770.098792371871
NN3_101_TWARP100,1990-02-01,5173.39854689306
NN3_101_TWARP100,1990-03-01,4936.193812955089
NN3_101_TWARP100,1990-04-01,5207.272462210462
NN3_101_TWARP100,1990-05-01,5124.3836537132875
NN3_101_TWARP100,1990-06-01,5193.22586921318
NN3_101_TWARP100,1990-07-01,5244.923316552729
NN3_101_TWARP100,1990-08-01,5529.435783472836
NN3_101_TWARP100,1990-09-01,5005.396759382164
NN3_101_TWARP100,1990-10-01,5231.328648326568
NN3_101_TWARP100,1990-11-01,5035.214216784533
NN3_101_TWARP100,1990-12-01,5168.042355982407
NN3_101_TWARP100,1991-01-01,4803.935496956699
NN3_101_TWARP100,1991-02-01,4973.78864720666
NN3_101_TWARP100,1991-03-01,4866.345116579545
NN3_101_TWARP100,1991-04-01,5037.302081376626
NN3_101_TWARP100,1991-05-01,5063.0
NN3_101_TWARP100,1991-06-01,5063.0
NN3_102_TWARP101,1979-01-01,5033.0
NN3_102_TWARP101,1979-02-01,4503.391695465357
NN3_102_TWARP101,1979-03-01,3956.700989043127
NN3_102_TWARP101,1979-04-01,3362.247863617483
NN3_102_TWARP101,1979-05-01,2845.526116670977
NN3_102_TWARP101,1979-06-01,2298.349650157292
NN3_102_TWARP101,1979-07-01,2187.4606335656044
NN3_102_TWARP101,1979-08-01,8385.215120631194
NN3_102_TWARP101,1979-09-01,8016.588440833483
NN3_102_TWARP101,1979-10-01,7516.199281433245
NN3_102_TWARP101,1979-11-01,7108.025120012703
NN3_102_TWARP101,1979-12-01,6436.720028408043
NN3_102_TWARP101,1980-01-01,5637.337431830694
NN3_102_TWARP101,1980-02-01,4874.6976552581145
NN3_102_TWARP101,1980-03-01,4051.156703422379
NN3_102_TWARP101,1980-04-01,3289.4223802521765
NN3_102_TWARP101,1980-05-01,2594.1332905078425
NN3_102_TWARP101,1980-06-01,2013.2308974652929
NN3_102_TWARP101,1980-07-01,1524.7601620413718
NN3_102_TWARP101,1980-08-01,6471.811347587001
NN3_102_TWARP101,1980-09-01,6241.596810551779
NN3_102_TWARP101,1980-10-01,5518.49214218744
NN3_102_TWARP101,1980-11-01,5160.723025256879
NN3_102_TWARP101,1980-12-01,4675.0617263388995
NN3_102_TWARP101,1981-01-01,4211.508636856774
NN3_102_TWARP101,1981-02-01,3666.6005026439184
NN3_102_TWARP101,1981-03-01,3052.138198666962
NN3_102_TWARP101,1981-04-01,2572.2384387661014
NN3_102_TWARP101,1981-05-01,2127.763758802559
NN3_102_TWARP101,1981-06-01,1688.1227021434702
NN3_102_TWARP101,1981-07-01,1357.937787726719
NN3_102_TWARP101,1981-08-01,6990.440455410086
NN3_102_TWARP101,1981-09-01,8235.589396723815
NN3_102_TWARP101,1981-10-01,7897.250772901831
NN3_102_TWARP101,1981-11-01,7544.865592464713
NN3_102_TWARP101,1981-12-01,7039.6221700681945
NN3_102_TWARP101,1982-01-01,6453.607112784448
NN3_102_TWARP101,1982-02-01,5879.939153532621
NN3_102_TWARP101,1982-03-01,5238.891514762612
NN3_102_TWARP101,1982-04-01,4660.546620889641
NN3_102_TWARP101,1982-05-01,4200.444917739638
NN3_102_TWARP101,1982-06-01,3746.2990251680258
NN3_102_TWARP101,1982-07-01,3334.7639836211424
NN3_102_TWARP101,1982-08-01,6393.483913752692
NN3_102_TWARP101,1982-09-01,8205.698159891212
NN3_102_TWARP101,1982-10-01,7998.220844315653
NN3_102_TWARP101,1982-11-01,7649.329742817706
NN3_102_TWARP101,1982-12-01,7269.8355039853
NN3_102_TWARP101,1983-01-01,6809.407481388205
NN3_102_TWARP101,1983-02-01,6372.070900269202
NN3_102_TWARP101,1983-03-01,5901.141516032544
NN3_102_TWARP101,1983-04-01,5381.125342019853
NN3_102_TWARP101,1983-05-01,4901.7588100119165
NN3_102_TWARP101,1983-06-01,4416.607594825915
NN3_102_TWARP101,1983-07-01,3947.4293842867582
NN3_102_TWARP101,1983-08-01,5834.057598150945
NN3_102_TWARP101,1983-09-01,6724.409774784889
NN3_102_TWARP101,1983-10-01,6361.58581747466
NN3_102_TWARP101,1983-11-01,5993.916881397012
NN3_102_TWARP101,1983-12-01,5507.098081151129
NN3_102_TWARP101,1984-01-01,4930.7786273436395
NN3_102_TWARP101,1984-02-01,4335.803494407209
NN3_102_TWARP101,1984-03-01,3637.1328657310705
NN3_102_TWARP101,1984-04-01,2989.5069219091392
NN3_102_TWARP101,1984-05-01,2454.5122166797846
NN3_102_TWARP101,1984-06-01,1971.8027942854053
NN3_102_TWARP101,1984-07-01,1488.8274438209276
NN3_102_TWARP101,1984-08-01,6666.722960824179
NN3_102_TWARP101,1984-09-01,7048.047890644682
NN3_102_TWARP101,1984-10-01,6666.237627639411
NN3_102_TWARP101,1984-11-01,6248.424291192542
NN3_102_TWARP101,1984-12-01,5713.623460416126
NN3_102_TWARP101,1985-01-01,5099.078560722679
NN3_102_TWARP101,1985-02-01,4303.523981875624
NN3_102_TWARP101,1985-03-01,3696.4222754058637
NN3_102_TWARP101,1985-04-01,3245.9894244800785
NN3_102_TWARP101,1985-05-01,2775.8696788593593
NN3_102_TWARP101,1985-06-01,2347.7677945366163
NN3_102_TWARP101,1985-07-01,3913.82143099315
NN3_102_TWARP101,1985-08-01,8225.711659069242
NN3_102_TWARP101,1985-09-01,7823.514286585891
NN3_102_TWARP101,1985-10-01,7460.060021290523
NN3_102_TWARP101,1985-11-01,7009.382508360436
NN3_102_TWARP101,1985-12-01,6635.406139736359
NN3_102_TWARP101,1986-01-01,6226.553914256343
NN3_102_TWARP101,1986-02-01,5860.914796633439
NN3_102_TWARP101,1986-03-01,5487.147825904711
NN3_102_TWARP101,1986-04-01,5160.366926366832
NN3_102_TWARP101,1986-05-01,4837.694270885037
NN3_102_TWARP101,1986-06-01,4567.185535563729
NN3_102_TWARP101,1986-07-01,8448.911881382297
NN3_102_TWARP101,1986-08-01,8411.83182967576
NN3_102_TWARP101,1986-09-01,7706.85859229573
NN3_102_TWARP101,1986-10-01,7311.783549891746
NN3_102_TWARP101,1986-11-01,6676.65226534397
NN3_102_TWARP101,1986-12-01,6135.317248480002
NN3_102_TWARP101,1987-01-01,5449.582721315092
NN3_102_TWARP101,1987-02-01,4674.027357934026
NN3_102_TWARP101,1987-03-01,4187.819611840468
NN3_102_TWARP101,1987-04-01,3728.3161042920788
NN3_102_TWARP101,1987-05-01,2977.640653365934
NN3_102_TWARP101,1987-06-01,4652.158897664476
NN3_102_TWARP101,1987-07-01,8127.176846527525
NN3_102_TWARP101,1987-08-01,7961.744381541813
NN3_102_TWARP101,1987-09-01,7591.70228876283
NN3_102_TWARP101,1987-10-01,7098.933295078578
NN3_102_TWARP101,1987-11-01,6456.284789529645
NN3_102_TWARP101,1987-12-01,5824.02493457407
NN3_102_TWARP101,1988-01-01,5094.590750760621
NN3_102_TWARP101,1988-02-01,4454.756398440648
NN3_102_TWARP101,1988-03-01,3960.3790908222754
NN3_102_TWARP101,1988-04-01,3398.5684855222635
NN3_102_TWARP101,1988-05-01,3284.0
NN3_102_TWARP101,1988-06-01,3284.0
NN3_103_TWARP102,1979-01-01,5304.0
NN3_103_TWARP102,1979-02-01,4286.372093564627
NN3_103_TWARP102,1979-03-01,3265.7854446428773
NN3_103_TWARP102,1979-04-01,2446.206003072831
NN3_103_TWARP102,1979-05-01,1997.9290837050326
NN3_103_TWARP102,1979-06-01,1566.8250211449508
NN3_103_TWARP102,1979-07-01,1046.7836156293681
NN3_103_TWARP102,1979-08-01,49969.43314457764
NN3_103_TWARP102,1979-09-01,53922.13142361117
NN3_103_TWARP102,1979-10-01,43641.98069272217
NN3_103_TWARP102,1979-11-01,28115.520739749387
NN3_103_TWARP102,1979-12-01,16759.154402695185
NN3_103_TWARP102,1980-01-01,10846.122931270955
NN3_103_TWARP102,1980-02-01,9092.872603907772
NN3_103_TWARP102,1980-03-01,7339.652028095522
NN3_103_TWARP102,1980-04-01,7486.001186315395
NN3_103_TWARP102,1980-05-01,4028.9965197503807
NN3_103_TWARP102,1980-06-01,2725.7977776974103
NN3_103_TWARP102,1980-07-01,1035.286620625294
NN3_103_TWARP102,1980-08-01,43357.74286204375
NN3_103_TWARP102,1980-09-01,40166.00239989436
NN3_103_TWARP102,1980-10-01,27777.212636021122
NN3_103_TWARP102,1980-11-01,17412.1920564433
NN3_103_TWARP102,1980-12-01,9735.670902819476
NN3_103_TWARP102,1981-01-01,5961.1174320862765
NN3_103_TWARP102,1981-02-01,4014.585755363128
NN3_103_TWARP102,1981-03-01,2345.655879190212
NN3_103_TWARP102,1981-04-01,1726.2639796247004
NN3_103_TWARP102,1981-05-01,971.3276660654158
NN3_103_TWARP102,1981-06-01,278.99952252486764
NN3_103_TWARP102,1981-07-01,13176.68352795734
NN3_103_TWARP102,1981-08-01,57716.80412455217
NN3_103_TWARP102,1981-09-01,51788.31145035639
NN3_103_TWARP102,1981-10-01,39306.16421266201
NN3_103_TWARP102,1981-11-01,24441.835270650055
NN3_103_TWARP102,1981-12-01,13032.048929308394
NN3_103_TWARP102,1982-01-01,8401.963369969033
NN3_103_TWARP102,1982-02-01,6370.657781520757
NN3_103_TWARP102,1982-03-01,4469.256428322495
NN3_103_TWARP102,1982-04-01,3765.1696459616064
NN3_103_TWARP102,1982-05-01,3367.2329769117705
NN3_103_TWARP102,1982-06-01,2169.532539349775
NN3_103_TWARP102,1982-07-01,19630.967595795886
NN3_103_TWARP102,1982-08-01,42207.836373946964
NN3_103_TWARP102,1982-09-01,36417.00291679378
NN3_103_TWARP102,1982-10-01,23829.510232056437
NN3_103_TWARP102,1982-11-01,13410.788404454022
NN3_103_TWARP102,1982-12-01,7784.16801967374
NN3_103_TWARP102,1983-01-01,5728.0
NN3_103_TWARP102,1983-02-01,4679.72376681415
NN3_103_TWARP102,1983-03-01,3332.7655804051064
NN3_103_TWARP102,1983-04-01,3031.3274735816
NN3_103_TWARP102,1983-05-01,2088.018646474329
NN3_103_TWARP102,1983-06-01,862.4621117567376
NN3_103_TWARP102,1983-07-01,13181.490827571923
NN3_103_TWARP102,1983-08-01,27556.526183455717
NN3_103_TWARP102,1983-09-01,23443.385466460488
NN3_103_TWARP102,1983-10-01,15421.905693783494
NN3_103_TWARP102,1983-11-01,7973.148700941979
NN3_103_TWARP102,1983-12-01,4725.650292583391
NN3_103_TWARP102,1984-01-01,4957.694147124761
NN3_103_TWARP102,1984-02-01,4969.274094160117
NN3_103_TWARP102,1984-03-01,4444.310464970027
NN3_103_TWARP102,1984-04-01,3829.9762913595705
NN3_103_TWARP102,1984-05-01,3607.3110530628796
NN3_103_TWARP102,1984-06-01,2665.1006716138822
NN3_103_TWARP102,1984-07-01,7799.579034854486
NN3_103_TWARP102,1984-08-01,50114.98751000429
NN3_103_TWARP102,1984-09-01,47211.121895165554
NN3_103_TWARP102,1984-10-01,37847.82490929308
NN3_103_TWARP102,1984-11-01,17954.08891182399
NN3_103_TWARP102,1984-12-01,13063.49722219957
NN3_103_TWARP102,1985-01-01,8189.404385333531
NN3_103_TWARP102,1985-02-01,5497.3685925908085
NN3_103_TWARP102,1985-03-01,4094.36744531471
NN3_103_TWARP102,1985-04-01,4084.7178172949593
NN3_103_TWARP102,1985-05-01,3806.159446313232
NN3_103_TWARP102,1985-06-01,2803.594341061289
NN3_103_TWARP102,1985-07-01,1923.0751535174127
NN3_103_TWARP102,1985-08-01,4200.646528493093
NN3_103_TWARP102,1985-09-01,32419.026486422412
NN3_103_TWARP102,1985-10-01,38582.04414047432
NN3_103_TWARP102,1985-11-01,24947.518345538236
NN3_103_TWARP102,1985-12-01,13289.611961086208
NN3_103_TWARP102,1986-01-01,7397.502724916592
NN3_103_TWARP102,1986-02-01,5109.844405669907
NN3_103_TWARP102,1986-03-01,6258.563390642177
NN3_103_TWARP102,1986-04-01,5303.7075697123255
NN3_103_TWARP102,1986-05-01,3230.961835465219
NN3_103_TWARP102,1986-06-01,3063.204492748375
NN3_103_TWARP102,1986-07-01,1656.1854455916184
NN3_103_TWARP102,1986-08-01,2757.4969339367235
NN3_103_TWARP102,1986-09-01,21724.274036445448
NN3_103_TWARP102,1986-10-01,25162.905970679018
NN3_103_TWARP102,1986-11-01,17426.232250839974
NN3_103_TWARP102,1986-12-01,11725.391996460168
NN3_103_TWARP102,1987-01-01,7992.984970649237
NN3_103_TWARP102,1987-02-01,5895.2580660560725
NN3_103_TWARP102,1987-03-01,3960.586648526983
NN3_103_TWARP102,1987-04-01,4043.4707420023396
NN3_103_TWARP102,1987-05-01,5013.634497898532
NN3_103_TWARP102,1987-06-01,4060.5746445535997
NN3_103_TWARP102,1987-07-01,10809.755213155031
NN3_103_TWARP102,1987-08-01,47576.23220875583
NN3_103_TWARP102,1987-09-01,37867.12368444929
NN3_103_TWARP102,1987-10-01,24357.08124978468
NN3_103_TWARP102,1987-11-01,12908.76860426247
NN3_103_TWARP102,1987-12-01,6513.698986662177
NN3_103_TWARP102,1988-01-01,5220.387152089237
NN3_103_TWARP102,1988-02-01,3678.846932187069
NN3_103_TWARP102,1988-03-01,3452.8365625833176
NN3_103_TWARP102,1988-04-01,3352.2453297569627
NN3_103_TWARP102,1988-05-01,3044.0
NN3_103_TWARP102,1988-06-01,3044.0
NN3_104_TWARP103,1983-01-01,685.0
NN3_104_TWARP103,1983-02-01,738.0200473517147
NN3_104_TWARP103,1983-03-01,1931.3032849047522
NN3_104_TWARP103,1983-04-01,4927.086995649164
NN3_104_TWARP103,1983-05-01,6953.2940622577635
NN3_104_TWARP103,1983-06-01,7288.585272066819
NN3_104_TWARP103,1983-07-01,6794.758321837016
NN3_104_TWARP103,1983-08-01,5826.125312574387
NN3_104_TWARP103,1983-09-01,6104.933595577335
NN3_104_TWARP103,1983-10-01,6349.904942648939
NN3_104_TWARP103,1983-11-01,5785.201562372084
NN3_104_TWARP103,1983-12-01,2196.1343589383787
NN3_104_TWARP103,1984-01-01,1493.9466320186452
NN3_104_TWARP103,1984-02-01,1809.8091496349296
NN3_104_TWARP103,1984-03-01,4535.512690751685
NN3_104_TWARP103,1984-04-01,7452.352352282685
NN3_104_TWARP103,1984-05-01,8007.7895099379875
NN3_104_TWARP103,1984-06-01,8930.241824313824
NN3_104_TWARP103,1984-07-01,8365.27106736942
NN3_104_TWARP103,1984-08-01,6588.096207162841
NN3_104_TWARP103,1984-09-01,6284.748271868838
NN3_104_TWARP103,1984-10-01,6704.93410433992
NN3_104_TWARP103,1984-11-01,4690.2899891823545
NN3_104_TWARP103,1984-12-01,2305.2158994995866
NN3_104_TWARP103,1985-01-01,1817.6977155316354
NN3_104_TWARP103,1985-02-01,2307.7693345348184
NN3_104_TWARP103,1985-03-01,3813.1852390683052
NN3_104_TWARP103,1985-04-01,6174.568893929765
NN3_104_TWARP103,1985-05-01,7225.519367481553
NN3_104_TWARP103,1985-06-01,6890.507707240392
NN3_104_TWARP103,1985-07-01,7054.464727637287
NN3_104_TWARP103,1985-08-01,7036.514922980197
NN3_104_TWARP103,1985-09-01,6294.436674104463
NN3_104_TWARP103,1985-10-01,5829.979369660591
NN3_104_TWARP103,1985-11-01,5614.239560547271
NN3_104_TWARP103,1985-12-01,4641.751235329907
NN3_104_TWARP103,1986-01-01,1332.2656711518355
NN3_104_TWARP103,1986-02-01,2195.347223058689
NN3_104_TWARP103,1986-03-01,2756.221940343103
NN3_104_TWARP103,1986-04-01,4551.480309523728
NN3_104_TWARP103,1986-05-01,6550.720063696392
NN3_104_TWARP103,1986-06-01,6281.352407774477
NN3_104_TWARP103,1986-07-01,5743.150984214166
NN3_104_TWARP103,1986-08-01,4584.643363428302
NN3_104_TWARP103,1986-09-01,4558.787501129337
NN3_104_TWARP103,1986-10-01,4650.809939142443
NN3_104_TWARP103,1986-11-01,4578.734480558455
NN3_104_TWARP103,1986-12-01,4401.734669316261
NN3_104_TWARP103,1987-01-01,2351.077760464275
NN3_104_TWARP103,1987-02-01,1216.9875898149517
NN3_104_TWARP103,1987-03-01,1952.2586569071418
NN3_104_TWARP103,1987-04-01,4016.880670033694
NN3_104_TWARP103,1987-05-01,5098.574598325454
NN3_104_TWARP103,1987-06-01,6051.472551673943
NN3_104_TWARP103,1987-07-01,6181.941756768386
NN3_104_TWARP103,1987-08-01,6098.07200753031
NN3_104_TWARP103,1987-09-01,6415.507755163495
NN3_104_TWARP103,1987-10-01,6765.51931241025
NN3_104_TWARP103,1987-11-01,6414.353052380432
NN3_104_TWARP103,1987-12-01,6430.582723931384
NN3_104_TWARP103,1988-01-01,4259.764860614876
NN3_104_TWARP103,1988-02-01,2821.787065631569
NN3_104_TWARP103,1988-03-01,4066.769878263991
NN3_104_TWARP103,1988-04-01,6409.125117631682
NN3_104_TWARP103,1988-05-01,6782.421824695929
NN3_104_TWARP103,1988-06-01,7032.4638028446525
NN3_104_TWARP103,1988-07-01,7237.814207727781
NN3_104_TWARP103,1988-08-01,7007.667653707578
NN3_104_TWARP103,1988-09-01,6727.029519645578
NN3_104_TWARP103,1988-10-01,6401.605197054368
NN3_104_TWARP103,1988-11-01,7082.253545142424
NN3_104_TWARP103,1988-12-01,4293.697219580544
NN3_104_TWARP103,1989-01-01,3301.096992787018
NN3_104_TWARP103,1989-02-01,4025.4055120434264
NN3_104_TWARP103,1989-03-01,6131.063346042176
NN3_104_TWARP103,1989-04-01,7264.822300021524
NN3_104_TWARP103,1989-05-01,6904.856484314506
NN3_104_TWARP103,1989-06-01,7209.113203540791
NN3_104_TWARP103,1989-07-01,7210.452161864783
NN3_104_TWARP103,1989-08-01,6686.945422368142
NN3_104_TWARP103,1989-09-01,6544.103734452542
NN3_104_TWARP103,1989-10-01,6056.759253074993
NN3_104_TWARP103,1989-11-01,5185.178544879173
NN3_104_TWARP103,1989-12-01,3264.16646081183
NN3_104_TWARP103,1990-01-01,2579.9102634365618
NN3_104_TWARP103,1990-02-01,3322.60832363443
NN3_104_TWARP103,1990-03-01,5951.14847225794
NN3_104_TWARP103,1990-04-01,7033.09198128071
NN3_104_TWARP103,1990-05-01,7438.686667077574
NN3_104_TWARP103,1990-06-01,8050.3493002570685
NN3_104_TWARP103,1990-07-01,8176.128453603125
NN3_104_TWARP103,1990-08-01,7533.502648469221
NN3_104_TWARP103,1990-09-01,7285.180170515757
NN3_104_TWARP103,1990-10-01,7317.970204446811
NN3_104_TWARP103,1990-11-01,6805.432723487558
NN3_104_TWARP103,1990-12-01,6158.979743206547
NN3_104_TWARP103,1991-01-01,3475.7275087639664
NN3_104_TWARP103,1991-02-01,2160.7895785096207
NN3_104_TWARP103,1991-03-01,2236.090923453459
NN3_104_TWARP103,1991-04-01,3496.940336889632
NN3_104_TWARP103,1991-05-01,5249.439135717404
NN3_104_TWARP103,1991-06-01,6257.829755022081
NN3_104_TWARP103,1991-07-01,6464.522121620393
NN3_105_TWARP104,1981-01-01,5007.0
NN3_105_TWARP104,1981-02-01,5162.673830629934
NN3_105_TWARP104,1981-03-01,4976.204513349637
NN3_105_TWARP104,1981-04-01,4988.805131114621
NN3_105_TWARP104,1981-05-01,5100.6792613792395
NN3_105_TWARP104,1981-06-01,5013.4600705497005
NN3_105_TWARP104,1981-07-01,4857.995973265261
NN3_105_TWARP104,1981-08-01,4945.623463266714
NN3_105_TWARP104,1981-09-01,4825.957470018693
NN3_105_TWARP104,1981-10-01,5040.039394221231
NN3_105_TWARP104,1981-11-01,4970.837133819843
NN3_105_TWARP104,1981-12-01,4664.0852037998
NN3_105_TWARP104,1982-01-01,4698.524679167316
NN3_105_TWARP104,1982-02-01,4940.028164566251
NN3_105_TWARP104,1982-03-01,5055.239103704551
NN3_105_TWARP104,1982-04-01,5111.816570974804
NN3_105_TWARP104,1982-05-01,5102.709093143632
NN3_105_TWARP104,1982-06-01,5014.403738585897
NN3_105_TWARP104,1982-07-01,5043.760007642099
NN3_105_TWARP104,1982-08-01,5117.2026829828765
NN3_105_TWARP104,1982-09-01,5172.602529385993
NN3_105_TWARP104,1982-10-01,4918.570964838834
NN3_105_TWARP104,1982-11-01,4748.780704489767
NN3_105_TWARP104,1982-12-01,4570.108807895444
NN3_105_TWARP104,1983-01-01,4723.833757183061
NN3_105_TWARP104,1983-02-01,4951.3862260934775
NN3_105_TWARP104,1983-03-01,5061.2310554591295
NN3_105_TWARP104,1983-04-01,5094.078052498221
NN3_105_TWARP104,1983-05-01,5002.564599604938
NN3_105_TWARP104,1983-06-01,4875.142722810799
NN3_105_TWARP104,1983-07-01,4690.660715392472
NN3_105_TWARP104,1983-08-01,4488.6006386894815
NN3_105_TWARP104,1983-09-01,4493.280265646078
NN3_105_TWARP104,1983-10-01,4529.508133750444
NN3_105_TWARP104,1983-11-01,4403.369428639064
NN3_105_TWARP104,1983-12-01,4596.318041975214
NN3_105_TWARP104,1984-01-01,4865.819491931799
NN3_105_TWARP104,1984-02-01,4772.131348719593
NN3_105_TWARP104,1984-03-01,4739.5262594074
NN3_105_TWARP104,1984-04-01,4731.69970532438
NN3_105_TWARP104,1984-05-01,4644.107702146537
NN3_105_TWARP104,1984-06-01,4631.588877995085
NN3_105_TWARP104,1984-07-01,4642.057103289311
NN3_105_TWARP104,1984-08-01,4508.075098599448
NN3_105_TWARP104,1984-09-01,4525.381481438373
NN3_105_TWARP104,1984-10-01,4528.175470888342
NN3_105_TWARP104,1984-11-01,4367.635597349715
NN3_105_TWARP104,1984-12-01,4410.933621952104
NN3_105_TWARP104,1985-01-01,4133.798371764338
NN3_105_TWARP104,1985-02-01,3886.6130884681324
NN3_105_TWARP104,1985-03-01,3984.8562439238835
NN3_105_TWARP104,1985-04-01,3871.7457362808796
NN3_105_TWARP104,1985-05-01,3688.6203164776593
NN3_105_TWARP104,1985-06-01,3652.1312212075923
NN3_105_TWARP104,1985-07-01,3586.7809656894133
NN3_105_TWARP104,1985-08-01,3571.5188880123314
NN3_105_TWARP104,1985-09-01,3693.27542845832
NN3_105_TWARP104,1985-10-01,3893.7105242777952
NN3_105_TWARP104,1985-11-01,3957.7373642290036
NN3_105_TWARP104,1985-12-01,3869.526346521939
NN3_105_TWARP104,1986-01-01,3926.026301132316
NN3_105_TWARP104,1986-02-01,4105.469491330182
NN3_105_TWARP104,1986-03-01,4183.109223355668
NN3_105_TWARP104,1986-04-01,4151.327579041962
NN3_105_TWARP104,1986-05-01,4226.725619860857
NN3_105_TWARP104,1986-06-01,4178.708581406072
NN3_105_TWARP104,1986-07-01,4081.7071780178517
NN3_105_TWARP104,1986-08-01,4134.40949829279
NN3_105_TWARP104,1986-09-01,4075.419988442231
NN3_105_TWARP104,1986-10-01,4196.493134976784
NN3_105_TWARP104,1986-11-01,4238.5257779134245
NN3_105_TWARP104,1986-12-01,3991.249040559832
NN3_105_TWARP104,1987-01-01,4097.036230259849
NN3_105_TWARP104,1987-02-01,4207.471730465159
NN3_105_TWARP104,1987-03-01,4292.370037248933
NN3_105_TWARP104,1987-04-01,4260.318279140134
NN3_105_TWARP104,1987-05-01,4266.0215480613215
NN3_105_TWARP104,1987-06-01,4209.89044704905
NN3_105_TWARP104,1987-07-01,4125.431100240862
NN3_105_TWARP104,1987-08-01,4206.822297738967
NN3_105_TWARP104,1987-09-01,4171.685315636985
NN3_105_TWARP104,1987-10-01,4233.061990085311
NN3_105_TWARP104,1987-11-01,4346.828873093269
NN3_105_TWARP104,1987-12-01,4272.476110093305
NN3_105_TWARP104,1988-01-01,4117.29032836414
NN3_105_TWARP104,1988-02-01,4151.5772319451235
NN3_105_TWARP104,1988-03-01,4328.976195813059
NN3_105_TWARP104,1988-04-01,4440.44495463714
NN3_105_TWARP104,1988-05-01,4462.935815231417
NN3_105_TWARP104,1988-06-01,4403.497481280742
NN3_105_TWARP104,1988-07-01,4366.334306739791
NN3_105_TWARP104,1988-08-01,4374.585024868399
NN3_105_TWARP104,1988-09-01,4277.758995736251
NN3_105_TWARP104,1988-10-01,4313.565076607306
NN3_105_TWARP104,1988-11-01,4465.794990147405
NN3_105_TWARP104,1988-12-01,4378.615902946954
NN3_105_TWARP104,1989-01-01,4229.579193781369
NN3_105_TWARP104,1989-02-01,4286.709886992178
NN3_105_TWARP104,1989-03-01,4398.131564332342
NN3_105_TWARP104,1989-04-01,4446.631229294716
NN3_105_TWARP104,1989-05-01,4453.4584698248755
NN3_105_TWARP104,1989-06-01,4403.596002505541
NN3_105_TWARP104,1989-07-01,4384.538957554247
NN3_105_TWARP104,1989-08-01,4396.1224251704
NN3_105_TWARP104,1989-09-01,4363.71647266362
NN3_105_TWARP104,1989-10-01,4416.553198515285
NN3_105_TWARP104,1989-11-01,4480.345337062525
NN3_105_TWARP104,1989-12-01,4263.087080131763
NN3_105_TWARP104,1990-01-01,4348.0355735369185
NN3_105_TWARP104,1990-02-01,4482.250137156725
NN3_105_TWARP104,1990-03-01,4516.5737295193185
NN3_105_TWARP104,1990-04-01,4525.51403330674
NN3_105_TWARP104,1990-05-01,4442.321633393632
NN3_105_TWARP104,1990-06-01,4447.0
NN3_106_TWARP105,1979-01-01,4950.0
NN3_106_TWARP105,1979-02-01,4904.353595896437
NN3_106_TWARP105,1979-03-01,5399.562208403543
NN3_106_TWARP105,1979-04-01,5537.949156320027
NN3_106_TWARP105,1979-05-01,5792.203531482525
NN3_106_TWARP105,1979-06-01,5426.288578126566
NN3_106_TWARP105,1979-07-01,5467.743730963781
NN3_106_TWARP105,1979-08-01,6097.661817578624
NN3_106_TWARP105,1979-09-01,5643.14211047099
NN3_106_TWARP105,1979-10-01,5480.938279736861
NN3_106_TWARP105,1979-11-01,6045.036148236946
NN3_106_TWARP105,1979-12-01,5378.563940698153
NN3_106_TWARP105,1980-01-01,4900.0
NN3_106_TWARP105,1980-02-01,5123.469068614749
NN3_106_TWARP105,1980-03-01,5518.293551001625
NN3_106_TWARP105,1980-04-01,5422.45392136766
NN3_106_TWARP105,1980-05-01,5310.359608495096
NN3_106_TWARP105,1980-06-01,5293.2111976392325
NN3_106_TWARP105,1980-07-01,5319.086407605957
NN3_106_TWARP105,1980-08-01,5818.95961988363
NN3_106_TWARP105,1980-09-01,5529.689229707543
NN3_106_TWARP105,1980-10-01,5412.488366443119
NN3_106_TWARP105,1980-11-01,5096.434519509666
NN3_106_TWARP105,1980-12-01,5133.320805536518
NN3_106_TWARP105,1981-01-01,5271.228511582403
NN3_106_TWARP105,1981-02-01,4892.3351212243615
NN3_106_TWARP105,1981-03-01,4972.847213514518
NN3_106_TWARP105,1981-04-01,5344.088109556103
NN3_106_TWARP105,1981-05-01,5361.162441237671
NN3_106_TWARP105,1981-06-01,5263.206623573439
NN3_106_TWARP105,1981-07-01,5911.48744698976
NN3_106_TWARP105,1981-08-01,5361.192918145023
NN3_106_TWARP105,1981-09-01,6236.254074867102
NN3_106_TWARP105,1981-10-01,5765.930033542136
NN3_106_TWARP105,1981-11-01,5036.852106744247
NN3_106_TWARP105,1981-12-01,5395.126694439703
NN3_106_TWARP105,1982-01-01,4268.7692677832365
NN3_106_TWARP105,1982-02-01,5001.20832243389
NN3_106_TWARP105,1982-03-01,5636.044466776103
NN3_106_TWARP105,1982-04-01,4580.240297278729
NN3_106_TWARP105,1982-05-01,4603.530244673791
NN3_106_TWARP105,1982-06-01,5249.263850485746
NN3_106_TWARP105,1982-07-01,4769.487198526039
NN3_106_TWARP105,1982-08-01,5272.599793721214
NN3_106_TWARP105,1982-09-01,4664.394710259202
NN3_106_TWARP105,1982-10-01,4242.505926895422
NN3_106_TWARP105,1982-11-01,4663.313219472525
NN3_106_TWARP105,1982-12-01,4485.0255163597385
NN3_106_TWARP105,1983-01-01,3979.869618252607
NN3_106_TWARP105,1983-02-01,4419.80049393083
NN3_106_TWARP105,1983-03-01,4853.53235420112
NN3_106_TWARP105,1983-04-01,4397.569063628903
NN3_106_TWARP105,1983-05-01,4970.961519430201
NN3_106_TWARP105,1983-06-01,5077.423646241342
NN3_106_TWARP105,1983-07-01,4447.735245503642
NN3_106_TWARP105,1983-08-01,5629.505995754452
NN3_106_TWARP105,1983-09-01,4916.005312805077
NN3_106_TWARP105,1983-10-01,4207.3434286080255
NN3_106_TWARP105,1983-11-01,4432.150315191704
NN3_106_TWARP105,1983-12-01,4794.559938371273
NN3_106_TWARP105,1984-01-01,5441.853969589138
NN3_106_TWARP105,1984-02-01,5279.454744528479
NN3_106_TWARP105,1984-03-01,5465.715976551353
NN3_106_TWARP105,1984-04-01,5212.461314424536
NN3_106_TWARP105,1984-05-01,5378.120015489689
NN3_106_TWARP105,1984-06-01,5704.970147339631
NN3_106_TWARP105,1984-07-01,5255.197543299482
NN3_106_TWARP105,1984-08-01,5418.12308959833
NN3_106_TWARP105,1984-09-01,5432.078351778478
NN3_106_TWARP105,1984-10-01,4710.10654569018
NN3_106_TWARP105,1984-11-01,4877.797122001119
NN3_106_TWARP105,1984-12-01,4623.411420974
NN3_106_TWARP105,1985-01-01,4515.423175869395
NN3_106_TWARP105,1985-02-01,4766.941285624226
NN3_106_TWARP105,1985-03-01,4751.7516112281555
NN3_106_TWARP105,1985-04-01,4869.330596318015
NN3_106_TWARP105,1985-05-01,5213.106526180821
NN3_106_TWARP105,1985-06-01,4931.67101422012
NN3_106_TWARP105,1985-07-01,5062.03558470946
NN3_106_TWARP105,1985-08-01,5154.839368286411
NN3_106_TWARP105,1985-09-01,5292.126482447981
NN3_106_TWARP105,1985-10-01,5343.325340558304
NN3_106_TWARP105,1985-11-01,5034.1667883827995
NN3_106_TWARP105,1985-12-01,5093.442391827843
NN3_106_TWARP105,1986-01-01,4922.537910935231
NN3_106_TWARP105,1986-02-01,4741.1851667293
NN3_106_TWARP105,1986-03-01,4566.865042187715
NN3_106_TWARP105,1986-04-01,4353.267991661327
NN3_106_TWARP105,1986-05-01,4537.393204503103
NN3_106_TWARP105,1986-06-01,4879.566497380597
NN3_106_TWARP105,1986-07-01,4850.0
NN3_106_TWARP105,1986-08-01,5015.977296649982
NN3_106_TWARP105,1986-09-01,5409.237677160412
NN3_106_TWARP105,1986-10-01,5803.919596062756
NN3_106_TWARP105,1986-11-01,5896.65344493571
NN3_106_TWARP105,1986-12-01,5521.1118656831295
NN3_106_TWARP105,1987-01-01,4963.250410577433
NN3_106_TWARP105,1987-02-01,4566.295280953171
NN3_106_TWARP105,1987-03-01,4708.006519533843
NN3_106_TWARP105,1987-04-01,4543.02928107817
NN3_106_TWARP105,1987-05-01,4625.094053053095
NN3_106_TWARP105,1987-06-01,4796.669127603532
NN3_106_TWARP105,1987-07-01,5029.996799256435
NN3_106_TWARP105,1987-08-01,5305.444447150785
NN3_106_TWARP105,1987-09-01,5500.0
NN3_106_TWARP105,1987-10-01,5884.277066412906
NN3_106_TWARP105,1987-11-01,5383.1204879100615
NN3_106_TWARP105,1987-12-01,5065.135625970848
NN3_106_TWARP105,1988-01-01,5016.210935899132
NN3_106_TWARP105,1988-02-01,5080.657651691257
NN3_106_TWARP105,1988-03-01,4900.404612272215
NN3_106_TWARP105,1988-04-01,5602.37943184421
NN3_106_TWARP105,1988-05-01,5750.0
NN3_106_TWARP105,1988-06-01,5750.0
NN3_107_TWARP106,1982-01-01,4318.0
NN3_107_TWARP106,1982-02-01,4213.658601198462
NN3_107_TWARP106,1982-03-01,3977.0580234673066
NN3_107_TWARP106,1982-04-01,3605.5543457649737
NN3_107_TWARP106,1982-05-01,3525.2154000279784
NN3_107_TWARP106,1982-06-01,3612.106774946937
NN3_107_TWARP106,1982-07-01,3711.8856529674545
NN3_107_TWARP106,1982-08-01,3780.7745022099884
NN3_107_TWARP106,1982-09-01,3873.089140615424
NN3_107_TWARP106,1982-10-01,3876.367284036715
NN3_107_TWARP106,1982-11-01,3867.7018431392908
NN3_107_TWARP106,1982-12-01,4018.7841348056777
NN3_107_TWARP106,1983-01-01,4194.8617546424275
NN3_107_TWARP106,1983-02-01,4028.8596402776916
NN3_107_TWARP106,1983-03-01,3708.0
NN3_107_TWARP106,1983-04-01,3725.0429978678335
NN3_107_TWARP106,1983-05-01,3743.095944382201
NN3_107_TWARP106,1983-06-01,3752.188037961006
NN3_107_TWARP106,1983-07-01,3815.300331224661
NN3_107_TWARP106,1983-08-01,3774.7861452082525
NN3_107_TWARP106,1983-09-01,3822.489214421185
NN3_107_TWARP106,1983-10-01,3840.082985151199
NN3_107_TWARP106,1983-11-01,3911.295939302666
NN3_107_TWARP106,1983-12-01,3757.0086336065046
NN3_107_TWARP106,1984-01-01,3813.2337456506575
NN3_107_TWARP106,1984-02-01,4009.9537134576567
NN3_107_TWARP106,1984-03-01,4115.494064392681
NN3_107_TWARP106,1984-04-01,4204.748424645977
NN3_107_TWARP106,1984-05-01,4234.340675177001
NN3_107_TWARP106,1984-06-01,4118.197068783745
NN3_107_TWARP106,1984-07-01,4011.9305667286044
NN3_107_TWARP106,1984-08-01,3781.252170910231
NN3_107_TWARP106,1984-09-01,3928.594236408823
NN3_107_TWARP106,1984-10-01,3915.3960036236604
NN3_107_TWARP106,1984-11-01,4027.249581705955
NN3_107_TWARP106,1984-12-01,4157.838468594198
NN3_107_TWARP106,1985-01-01,4021.0573429599267
NN3_107_TWARP106,1985-02-01,3844.119123085078
NN3_107_TWARP106,1985-03-01,3768.827551555322
NN3_107_TWARP106,1985-04-01,3691.12318877956
NN3_107_TWARP106,1985-05-01,3669.76747293266
NN3_107_TWARP106,1985-06-01,3756.6160541722056
NN3_107_TWARP106,1985-07-01,3870.1622259208802
NN3_107_TWARP106,1985-08-01,3821.616543854092
NN3_107_TWARP106,1985-09-01,3796.634998700847
NN3_107_TWARP106,1985-10-01,3676.350342719615
NN3_107_TWARP106,1985-11-01,3697.436929417858
NN3_107_TWARP106,1985-12-01,3816.0618351585395
NN3_107_TWARP106,1986-01-01,4010.5387267764136
NN3_107_TWARP106,1986-02-01,4132.215658180493
NN3_107_TWARP106,1986-03-01,3839.6764624989873
NN3_107_TWARP106,1986-04-01,3576.1219331784173
NN3_107_TWARP106,1986-05-01,3718.6079376237044
NN3_107_TWARP106,1986-06-01,3910.635314854364
NN3_107_TWARP106,1986-07-01,3872.9832830295186
NN3_107_TWARP106,1986-08-01,3807.003852655577
NN3_107_TWARP106,1986-09-01,3920.993541912949
NN3_107_TWARP106,1986-10-01,3802.43469672482
NN3_107_TWARP106,1986-11-01,3828.597138427976
NN3_107_TWARP106,1986-12-01,3911.048758521743
NN3_107_TWARP106,1987-01-01,4182.173568154027
NN3_107_TWARP106,1987-02-01,4197.382682061833
NN3_107_TWARP106,1987-03-01,4151.130811795238
NN3_107_TWARP106,1987-04-01,4073.222022233688
NN3_107_TWARP106,1987-05-01,3970.042341351933
NN3_107_TWARP106,1987-06-01,3898.322805722732
NN3_107_TWARP106,1987-07-01,3823.7390361557636
NN3_107_TWARP106,1987-08-01,3801.249259004114
NN3_107_TWARP106,1987-09-01,3864.5490291524384
NN3_107_TWARP106,1987-10-01,3686.2427230959834
NN3_107_TWARP106,1987-11-01,3804.099404356492
NN3_107_TWARP106,1987-12-01,3830.1663542193623
NN3_107_TWARP106,1988-01-01,4064.498985423851
NN3_107_TWARP106,1988-02-01,4086.2271893923817
NN3_107_TWARP106,1988-03-01,3917.8236540159623
NN3_107_TWARP106,1988-04-01,3838.2221601736483
NN3_107_TWARP106,1988-05-01,3767.6796629715045
NN3_107_TWARP106,1988-06-01,3551.663190174716
NN3_107_TWARP106,1988-07-01,3642.464650215472
NN3_107_TWARP106,1988-08-01,3704.1308941060797
NN3_107_TWARP106,1988-09-01,3679.945332136373
NN3_107_TWARP106,1988-10-01,3665.6232539506927
NN3_107_TWARP106,1988-11-01,3752.759046682611
NN3_107_TWARP106,1988-12-01,3937.4026829490767
NN3_107_TWARP106,1989-01-01,4142.429227418542
NN3_107_TWARP106,1989-02-01,4021.011739686652
NN3_107_TWARP106,1989-03-01,3817.2906827970646
NN3_107_TWARP106,1989-04-01,3770.8800725179235
NN3_107_TWARP106,1989-05-01,3670.9309740119643
NN3_107_TWARP106,1989-06-01,3681.928497259219
NN3_107_TWARP106,1989-07-01,3787.999753696919
NN3_107_TWARP106,1989-08-01,3699.2252665379833
NN3_107_TWARP106,1989-09-01,3733.8783172438084
NN3_107_TWARP106,1989-10-01,3708.845548297782
NN3_107_TWARP106,1989-11-01,3701.067190197025
NN3_107_TWARP106,1989-12-01,3669.6152206842817
NN3_107_TWARP106,1990-01-01,3984.4371319538714
NN3_107_TWARP106,1990-02-01,4010.190062094064
NN3_107_TWARP106,1990-03-01,3744.6795830595056
NN3_107_TWARP106,1990-04-01,3711.547876428577
NN3_107_TWARP106,1990-05-01,3602.746105645576
NN3_107_TWARP106,1990-06-01,3549.853254249084
NN3_107_TWARP106,1990-07-01,3618.6955583823888
NN3_107_TWARP106,1990-08-01,3506.6083393193926
NN3_107_TWARP106,1990-09-01,3721.204504288446
NN3_107_TWARP106,1990-10-01,3685.066419537866
NN3_107_TWARP106,1990-11-01,3598.740640799585
NN3_107_TWARP106,1990-12-01,3613.017600516465
NN3_107_TWARP106,1991-01-01,3692.456925897372
NN3_107_TWARP106,1991-02-01,3702.517308057621
NN3_107_TWARP106,1991-03-01,3574.8983509129616
NN3_107_TWARP106,1991-04-01,3456.2856856881367
NN3_107_TWARP106,1991-05-01,3419.03471976182
NN3_107_TWARP106,1991-06-01,3471.9146007161485
NN3_108_TWARP107,1983-01-01,1740.0
NN3_108_TWARP107,1983-02-01,1013.1461855444513
NN3_108_TWARP107,1983-03-01,1777.9633786542918
NN3_108_TWARP107,1983-04-01,1960.8527769533616
NN3_108_TWARP107,1983-05-01,2081.844951547772
NN3_108_TWARP107,1983-06-01,2430.8600079817143
NN3_108_TWARP107,1983-07-01,2320.757478269712
NN3_108_TWARP107,1983-08-01,2313.0849530202513
NN3_108_TWARP107,1983-09-01,2664.788657174878
NN3_108_TWARP107,1983-10-01,3653.4551746094958
NN3_108_TWARP107,1983-11-01,2255.0500409084443
NN3_108_TWARP107,1983-12-01,2994.3756069159135
NN3_108_TWARP107,1984-01-01,2825.238505201716
NN3_108_TWARP107,1984-02-01,3468.9771945728717
NN3_108_TWARP107,1984-03-01,3143.229387914989
NN3_108_TWARP107,1984-04-01,3954.0680457410076
NN3_108_TWARP107,1984-05-01,6128.20285457485
NN3_108_TWARP107,1984-06-01,3879.5337274930794
NN3_108_TWARP107,1984-07-01,7943.060187259683
NN3_108_TWARP107,1984-08-01,3265.301895149166
NN3_108_TWARP107,1984-09-01,3502.2061819285764
NN3_108_TWARP107,1984-10-01,4114.749573840349
NN3_108_TWARP107,1984-11-01,3183.4582152097373
NN3_108_TWARP107,1984-12-01,4479.072674752284
NN3_108_TWARP107,1985-01-01,3685.943422727231
NN3_108_TWARP107,1985-02-01,3324.369591162643
NN3_108_TWARP107,1985-03-01,2780.0859013005843
NN3_108_TWARP107,1985-04-01,2887.7532047145746
NN3_108_TWARP107,1985-05-01,2606.1719910053907
NN3_108_TWARP107,1985-06-01,2567.2462906012497
NN3_108_TWARP107,1985-07-01,2583.3438166241476
NN3_108_TWARP107,1985-08-01,2598.1211869821805
NN3_108_TWARP107,1985-09-01,3081.33129212264
NN3_108_TWARP107,1985-10-01,2427.039080056873
NN3_108_TWARP107,1985-11-01,2081.388899304896
NN3_108_TWARP107,1985-12-01,2851.429918736657
NN3_108_TWARP107,1986-01-01,2410.6883997456434
NN3_108_TWARP107,1986-02-01,2443.9733721867915
NN3_108_TWARP107,1986-03-01,2801.5657162640405
NN3_108_TWARP107,1986-04-01,3061.526736449648
NN3_108_TWARP107,1986-05-01,2662.0247324669317
NN3_108_TWARP107,1986-06-01,2129.957649985836
NN3_108_TWARP107,1986-07-01,2007.5067795308003
NN3_108_TWARP107,1986-08-01,1850.564410040235
NN3_108_TWARP107,1986-09-01,2134.3009565954526
NN3_108_TWARP107,1986-10-01,2448.3493288942627
NN3_108_TWARP107,1986-11-01,2449.100584273043
NN3_108_TWARP107,1986-12-01,2426.395842739391
NN3_108_TWARP107,1987-01-01,2418.4675744558945
NN3_108_TWARP107,1987-02-01,2277.075779985604
NN3_108_TWARP107,1987-03-01,2237.6987063164065
NN3_108_TWARP107,1987-04-01,2402.123306847723
NN3_108_TWARP107,1987-05-01,2889.2858363477735
NN3_108_TWARP107,1987-06-01,4008.792890392092
NN3_108_TWARP107,1987-07-01,2863.388993697994
NN3_108_TWARP107,1987-08-01,2388.772991406183
NN3_108_TWARP107,1987-09-01,2925.806428261834
NN3_108_TWARP107,1987-10-01,3369.9416697279366
NN3_108_TWARP107,1987-11-01,2442.746304242554
NN3_108_TWARP107,1987-12-01,3338.349049108987
NN3_108_TWARP107,1988-01-01,3653.3173395022095
NN3_108_TWARP107,1988-02-01,2556.945924492086
NN3_108_TWARP107,1988-03-01,2984.9598095434912
NN3_108_TWARP107,1988-04-01,2945.7208918772503
NN3_108_TWARP107,1988-05-01,3721.3327768567615
NN3_108_TWARP107,1988-06-01,6080.285370667001
NN3_108_TWARP107,1988-07-01,5011.493342709731
NN3_108_TWARP107,1988-08-01,3660.2399053619124
NN3_108_TWARP107,1988-09-01,3518.6879261007984
NN3_108_TWARP107,1988-10-01,2777.140947546867
NN3_108_TWARP107,1988-11-01,3139.736970041232
NN3_108_TWARP107,1988-12-01,4208.665708620031
NN3_108_TWARP107,1989-01-01,3419.7751231712436
NN3_108_TWARP107,1989-02-01,3228.305432849396
NN3_108_TWARP107,1989-03-01,3376.7454721895942
NN3_108_TWARP107,1989-04-01,3641.5145163368256
NN3_108_TWARP107,1989-05-01,4302.465403144495
NN3_108_TWARP107,1989-06-01,2973.0701982456026
NN3_108_TWARP107,1989-07-01,4018.0641849499248
NN3_108_TWARP107,1989-08-01,2906.364829619184
NN3_108_TWARP107,1989-09-01,3600.262739993836
NN3_108_TWARP107,1989-10-01,5453.946754327473
NN3_108_TWARP107,1989-11-01,3000.285360442239
NN3_108_TWARP107,1989-12-01,2764.798457759247
NN3_108_TWARP107,1990-01-01,2412.6279181821064
NN3_108_TWARP107,1990-02-01,3063.3484083199573
NN3_108_TWARP107,1990-03-01,3864.6214203352306
NN3_108_TWARP107,1990-04-01,3480.663576140438
NN3_108_TWARP107,1990-05-01,4004.373218256169
NN3_108_TWARP107,1990-06-01,3529.209680417808
NN3_108_TWARP107,1990-07-01,4002.3213814026085
NN3_108_TWARP107,1990-08-01,3596.6012523969794
NN3_108_TWARP107,1990-09-01,2584.581017866444
NN3_108_TWARP107,1990-10-01,3685.0832600859017
NN3_108_TWARP107,1990-11-01,3565.421755067592
NN3_108_TWARP107,1990-12-01,5571.839625542195
NN3_108_TWARP107,1991-01-01,3467.334867254677
NN3_108_TWARP107,1991-02-01,2865.82737081667
NN3_108_TWARP107,1991-03-01,2710.8865099839722
NN3_108_TWARP107,1991-04-01,2404.229698434615
NN3_108_TWARP107,1991-05-01,2103.977373954989
NN3_108_TWARP107,1991-06-01,2383.0
NN3_108_TWARP107,1991-07-01,2383.0
NN3_109_TWARP108,1980-01-01,6318.0
NN3_109_TWARP108,1980-02-01,5998.452348577003
NN3_109_TWARP108,1980-03-01,6399.306057298116
NN3_109_TWARP108,1980-04-01,6224.786386068983
NN3_109_TWARP108,1980-05-01,6069.692714350591
NN3_109_TWARP108,1980-06-01,5292.676399854132
NN3_109_TWARP108,1980-07-01,4891.439272362648
NN3_109_TWARP108,1980-08-01,4862.064355669604
NN3_109_TWARP108,1980-09-01,4803.222885073854
NN3_109_TWARP108,1980-10-01,5101.310607775536
NN3_109_TWARP108,1980-11-01,5151.160529806451
NN3_109_TWARP108,1980-12-01,5339.529828514294
NN3_109_TWARP108,1981-01-01,5441.422879698826
NN3_109_TWARP108,1981-02-01,5167.565169969049
NN3_109_TWARP108,1981-03-01,5512.007286430182
NN3_109_TWARP108,1981-04-01,4855.1053014581985
NN3_109_TWARP108,1981-05-01,4263.39645522089
NN3_109_TWARP108,1981-06-01,4443.396710118611
NN3_109_TWARP108,1981-07-01,5388.475362138229
NN3_109_TWARP108,1981-08-01,5427.131588519783
NN3_109_TWARP108,1981-09-01,5337.518097503325
NN3_109_TWARP108,1981-10-01,5168.818686360282
NN3_109_TWARP108,1981-11-01,5044.702816410604
NN3_109_TWARP108,1981-12-01,4860.5479976784245
NN3_109_TWARP108,1982-01-01,4499.1415744210735
NN3_109_TWARP108,1982-02-01,4351.883744664093
NN3_109_TWARP108,1982-03-01,4197.076456354472
NN3_109_TWARP108,1982-04-01,3798.6381547771857
NN3_109_TWARP108,1982-05-01,3635.354401557505
NN3_109_TWARP108,1982-06-01,3508.7024120478495
NN3_109_TWARP108,1982-07-01,3206.0997235082154
NN3_109_TWARP108,1982-08-01,3071.951196660441
NN3_109_TWARP108,1982-09-01,2957.777187453539
NN3_109_TWARP108,1982-10-01,2800.9375212546074
NN3_109_TWARP108,1982-11-01,2709.006687365734
NN3_109_TWARP108,1982-12-01,2615.9946707771405
NN3_109_TWARP108,1983-01-01,2745.526099365179
NN3_109_TWARP108,1983-02-01,2760.1374524180055
NN3_109_TWARP108,1983-03-01,2614.879871346155
NN3_109_TWARP108,1983-04-01,3025.2743237129307
NN3_109_TWARP108,1983-05-01,3163.932149785981
NN3_109_TWARP108,1983-06-01,2840.514937333408
NN3_109_TWARP108,1983-07-01,3135.550889251902
NN3_109_TWARP108,1983-08-01,3253.870967441086
NN3_109_TWARP108,1983-09-01,3205.537740723508
NN3_109_TWARP108,1983-10-01,3284.1490356365584
NN3_109_TWARP108,1983-11-01,3327.7782660879056
NN3_109_TWARP108,1983-12-01,3443.2910498742126
NN3_109_TWARP108,1984-01-01,3761.30262891076
NN3_109_TWARP108,1984-02-01,3594.8926866035345
NN3_109_TWARP108,1984-03-01,3843.7325526733493
NN3_109_TWARP108,1984-04-01,4171.542660399822
NN3_109_TWARP108,1984-05-01,4028.322267109176
NN3_109_TWARP108,1984-06-01,3575.5528422114444
NN3_109_TWARP108,1984-07-01,3631.207516631961
NN3_109_TWARP108,1984-08-01,3596.2621630441877
NN3_109_TWARP108,1984-09-01,3451.7028946252826
NN3_109_TWARP108,1984-10-01,3330.1332948917957
NN3_109_TWARP108,1984-11-01,3421.960667837738
NN3_109_TWARP108,1984-12-01,3463.5158659470117
NN3_109_TWARP108,1985-01-01,3311.4316388701204
NN3_109_TWARP108,1985-02-01,3493.340257343544
NN3_109_TWARP108,1985-03-01,3845.502959416556
NN3_109_TWARP108,1985-04-01,3695.7277639009644
NN3_109_TWARP108,1985-05-01,3323.4736423475124
NN3_109_TWARP108,1985-06-01,3427.3109168591823
NN3_109_TWARP108,1985-07-01,3386.9674324122698
NN3_109_TWARP108,1985-08-01,3236.415301447564
NN3_109_TWARP108,1985-09-01,3182.87708178869
NN3_109_TWARP108,1985-10-01,3292.405469851492
NN3_109_TWARP108,1985-11-01,3495.9223848015176
NN3_109_TWARP108,1985-12-01,3334.9170907900143
NN3_109_TWARP108,1986-01-01,3560.0725402919657
NN3_109_TWARP108,1986-02-01,3582.256904706613
NN3_109_TWARP108,1986-03-01,3377.2831044448626
NN3_109_TWARP108,1986-04-01,2870.9196527280133
NN3_109_TWARP108,1986-05-01,2582.688274909483
NN3_109_TWARP108,1986-06-01,2551.766514981575
NN3_109_TWARP108,1986-07-01,2524.0969537481005
NN3_109_TWARP108,1986-08-01,2533.444779323688
NN3_109_TWARP108,1986-09-01,2607.8476732934764
NN3_109_TWARP108,1986-10-01,2639.907279642569
NN3_109_TWARP108,1986-11-01,2537.064549536742
NN3_109_TWARP108,1986-12-01,2634.791323771882
NN3_109_TWARP108,1987-01-01,3145.794863780106
NN3_109_TWARP108,1987-02-01,3247.4683491107185
NN3_109_TWARP108,1987-03-01,2922.8758420483073
NN3_109_TWARP108,1987-04-01,3127.0337210311413
NN3_109_TWARP108,1987-05-01,3251.7868073575028
NN3_109_TWARP108,1987-06-01,3211.9524094698804
NN3_109_TWARP108,1987-07-01,3247.295853457249
NN3_109_TWARP108,1987-08-01,3308.234394682879
NN3_109_TWARP108,1987-09-01,3372.0113308465793
NN3_109_TWARP108,1987-10-01,3452.8311873362577
NN3_109_TWARP108,1987-11-01,3430.091470072095
NN3_109_TWARP108,1987-12-01,3316.2807677396613
NN3_109_TWARP108,1988-01-01,3576.6952381744204
NN3_109_TWARP108,1988-02-01,3521.426879609643
NN3_109_TWARP108,1988-03-01,3622.456289493822
NN3_109_TWARP108,1988-04-01,3513.988937598796
NN3_109_TWARP108,1988-05-01,3435.0323242946897
NN3_109_TWARP108,1988-06-01,3570.7136909624387
NN3_109_TWARP108,1988-07-01,3418.586626122105
NN3_109_TWARP108,1988-08-01,3447.4239986941825
NN3_109_TWARP108,1988-09-01,3507.1686592892383
NN3_109_TWARP108,1988-10-01,3493.2993508882614
NN3_109_TWARP108,1988-11-01,3420.3852437882783
NN3_109_TWARP108,1988-12-01,3546.711997727973
NN3_109_TWARP108,1989-01-01,3566.6025717898797
NN3_109_TWARP108,1989-02-01,3459.304796551745
NN3_109_TWARP108,1989-03-01,3353.935971827111
NN3_110_TWARP109,1978-01-01,2605.0
NN3_110_TWARP109,1978-02-01,2545.3922537937556
NN3_110_TWARP109,1978-03-01,3499.056833353981
NN3_110_TWARP109,1978-04-01,3140.578800209715
NN3_110_TWARP109,1978-05-01,2560.183062160871
NN3_110_TWARP109,1978-06-01,2592.9053261666118
NN3_110_TWARP109,1978-07-01,2329.1704148819226
NN3_110_TWARP109,1978-08-01,2514.7891131782544
NN3_110_TWARP109,1978-09-01,1855.3185211411449
NN3_110_TWARP109,1978-10-01,1474.2245996481454
NN3_110_TWARP109,1978-11-01,1864.667080940468
NN3_110_TWARP109,1978-12-01,2362.7965026360953
NN3_110_TWARP109,1979-01-01,2631.6719878118533
NN3_110_TWARP109,1979-02-01,2882.7964090408923
NN3_110_TWARP109,1979-03-01,2888.9894605752056
NN3_110_TWARP109,1979-04-01,2973.426066799614
NN3_110_TWARP109,1979-05-01,2748.111812086444
NN3_110_TWARP109,1979-06-01,2980.6145014510757
NN3_110_TWARP109,1979-07-01,2067.846455231604
NN3_110_TWARP109,1979-08-01,2307.1018570877036
NN3_110_TWARP109,1979-09-01,2135.986995433635
NN3_110_TWARP109,1979-10-01,1950.8685431759188
NN3_110_TWARP109,1979-11-01,3111.782477188035
NN3_110_TWARP109,1979-12-01,4427.651514342554
NN3_110_TWARP109,1980-01-01,3759.7112419682426
NN3_110_TWARP109,1980-02-01,4949.67092518892
NN3_110_TWARP109,1980-03-01,5653.733928901108
NN3_110_TWARP109,1980-04-01,4799.08525935302
NN3_110_TWARP109,1980-05-01,4560.533061902594
NN3_110_TWARP109,1980-06-01,3718.1387792034293
NN3_110_TWARP109,1980-07-01,2912.826542976035
NN3_110_TWARP109,1980-08-01,2235.9549877167074
NN3_110_TWARP109,1980-09-01,1981.3708343936619
NN3_110_TWARP109,1980-10-01,1497.3192308931166
NN3_110_TWARP109,1980-11-01,1744.9857057111844
NN3_110_TWARP109,1980-12-01,2456.118466002008
NN3_110_TWARP109,1981-01-01,3018.037226991918
NN3_110_TWARP109,1981-02-01,7152.376780795061
NN3_110_TWARP109,1981-03-01,8392.148238271464
NN3_110_TWARP109,1981-04-01,3218.5001972593645
NN3_110_TWARP109,1981-05-01,2421.1124039289975
NN3_110_TWARP109,1981-06-01,2076.4682807125764
NN3_110_TWARP109,1981-07-01,1522.9450557471282
NN3_110_TWARP109,1981-08-01,2197.5173459768675
NN3_110_TWARP109,1981-09-01,4187.42242433232
NN3_110_TWARP109,1981-10-01,1305.8886286932411
NN3_110_TWARP109,1981-11-01,1469.189366599817
NN3_110_TWARP109,1981-12-01,2543.2564818238297
NN3_110_TWARP109,1982-01-01,3646.911739524602
NN3_110_TWARP109,1982-02-01,3297.594202060538
NN3_110_TWARP109,1982-03-01,3793.8222281443796
NN3_110_TWARP109,1982-04-01,4347.965158351689
NN3_110_TWARP109,1982-05-01,3383.498528975976
NN3_110_TWARP109,1982-06-01,2441.450046515386
NN3_110_TWARP109,1982-07-01,2487.2710697625917
NN3_110_TWARP109,1982-08-01,2007.2037500750112
NN3_110_TWARP109,1982-09-01,1727.6242130500198
NN3_110_TWARP109,1982-10-01,1751.6408744717723
NN3_110_TWARP109,1982-11-01,1488.5827307695836
NN3_110_TWARP109,1982-12-01,1872.0528472074761
NN3_110_TWARP109,1983-01-01,1887.1656431370661
NN3_110_TWARP109,1983-02-01,2163.9204388860476
NN3_110_TWARP109,1983-03-01,1868.7192704261986
NN3_110_TWARP109,1983-04-01,2389.5351077470823
NN3_110_TWARP109,1983-05-01,3017.0496211777113
NN3_110_TWARP109,1983-06-01,2363.755848812029
NN3_110_TWARP109,1983-07-01,4067.3077922852344
NN3_110_TWARP109,1983-08-01,2118.5357877659885
NN3_110_TWARP109,1983-09-01,1917.6614017417724
NN3_110_TWARP109,1983-10-01,1611.4671133230986
NN3_110_TWARP109,1983-11-01,1315.7878656930907
NN3_110_TWARP109,1983-12-01,2233.407185895074
NN3_110_TWARP109,1984-01-01,3167.4862573384353
NN3_110_TWARP109,1984-02-01,3333.894278918706
NN3_110_TWARP109,1984-03-01,3672.1040091310174
NN3_110_TWARP109,1984-04-01,4387.3908555809385
NN3_110_TWARP109,1984-05-01,3541.264169818364
NN3_110_TWARP109,1984-06-01,2898.876664321875
NN3_110_TWARP109,1984-07-01,2062.4094730387333
NN3_110_TWARP109,1984-08-01,1906.0995632687384
NN3_110_TWARP109,1984-09-01,2066.9723026544534
NN3_110_TWARP109,1984-10-01,1351.2980546473827
NN3_110_TWARP109,1984-11-01,1691.262458816787
NN3_110_TWARP109,1984-12-01,2606.47612860299
NN3_110_TWARP109,1985-01-01,3368.3078181048277
NN3_110_TWARP109,1985-02-01,3926.3773583000066
NN3_110_TWARP109,1985-03-01,3619.6615112062004
NN3_110_TWARP109,1985-04-01,2999.8759212245714
NN3_110_TWARP109,1985-05-01,2532.539824867078
NN3_110_TWARP109,1985-06-01,2011.5409290357459
NN3_110_TWARP109,1985-07-01,1598.728326778169
NN3_110_TWARP109,1985-08-01,1162.1478378513634
NN3_110_TWARP109,1985-09-01,955.0472054511581
NN3_110_TWARP109,1985-10-01,967.9287313316341
NN3_110_TWARP109,1985-11-01,1060.932176340936
NN3_110_TWARP109,1985-12-01,1058.0793487003118
NN3_110_TWARP109,1986-01-01,1254.1258508293677
NN3_110_TWARP109,1986-02-01,1665.1746360251188
NN3_110_TWARP109,1986-03-01,894.5105248564394
NN3_110_TWARP109,1986-04-01,863.4784220919512
NN3_110_TWARP109,1986-05-01,714.7278487225869
NN3_110_TWARP109,1986-06-01,358.64629092826755
NN3_110_TWARP109,1986-07-01,245.6488485217797
NN3_110_TWARP109,1986-08-01,270.9272608565824
NN3_110_TWARP109,1986-09-01,1347.558033567611
NN3_110_TWARP109,1986-10-01,1720.6941862237884
NN3_110_TWARP109,1986-11-01,1583.187971266333
NN3_110_TWARP109,1986-12-01,2604.3756777338544
NN3_110_TWARP109,1987-01-01,14539.84828439506
NN3_110_TWARP109,1987-02-01,4189.9325658362795
NN3_110_TWARP109,1987-03-01,2420.4672642395885
NN3_110_TWARP109,1987-04-01,2840.6878666595767
NN3_110_TWARP109,1987-05-01,2760.834422699086
NN3_110_TWARP109,1987-06-01,2596.2599132700657
NN3_111_TWARP110,1978-01-01,3140.0
NN3_111_TWARP110,1978-02-01,3258.469698272071
NN3_111_TWARP110,1978-03-01,3617.998965714573
NN3_111_TWARP110,1978-04-01,4193.683611890791
NN3_111_TWARP110,1978-05-01,3788.0725966578366
NN3_111_TWARP110,1978-06-01,3901.8124381495936
NN3_111_TWARP110,1978-07-01,3750.380569506773
NN3_111_TWARP110,1978-08-01,3595.96912751148
NN3_111_TWARP110,1978-09-01,3927.582986647938
NN3_111_TWARP110,1978-10-01,4747.356795267868
NN3_111_TWARP110,1978-11-01,5512.10423794637
NN3_111_TWARP110,1978-12-01,4977.065369359503
NN3_111_TWARP110,1979-01-01,3915.435289193768
NN3_111_TWARP110,1979-02-01,2980.742181385281
NN3_111_TWARP110,1979-03-01,2800.7148815697037
NN3_111_TWARP110,1979-04-01,3480.8731965929837
NN3_111_TWARP110,1979-05-01,3670.0
NN3_111_TWARP110,1979-06-01,3545.120507190754
NN3_111_TWARP110,1979-07-01,3334.5544873676536
NN3_111_TWARP110,1979-08-01,3625.24668643368
NN3_111_TWARP110,1979-09-01,3632.152937283047
NN3_111_TWARP110,1979-10-01,4355.478888013175
NN3_111_TWARP110,1979-11-01,5337.142573950666
NN3_111_TWARP110,1979-12-01,5743.251333207009
NN3_111_TWARP110,1980-01-01,3818.9396112201007
NN3_111_TWARP110,1980-02-01,2804.4253714326574
NN3_111_TWARP110,1980-03-01,3220.2415261854226
NN3_111_TWARP110,1980-04-01,3035.048319876745
NN3_111_TWARP110,1980-05-01,3395.4392639791718
NN3_111_TWARP110,1980-06-01,3281.055443358233
NN3_111_TWARP110,1980-07-01,3418.7119988052436
NN3_111_TWARP110,1980-08-01,3236.046947432658
NN3_111_TWARP110,1980-09-01,3874.130454895063
NN3_111_TWARP110,1980-10-01,5211.018543516525
NN3_111_TWARP110,1980-11-01,4641.609347190404
NN3_111_TWARP110,1980-12-01,3753.2393685992247
NN3_111_TWARP110,1981-01-01,3384.182732473347
NN3_111_TWARP110,1981-02-01,3303.886397798016
NN3_111_TWARP110,1981-03-01,3785.520940459646
NN3_111_TWARP110,1981-04-01,3428.5483551200628
NN3_111_TWARP110,1981-05-01,3795.542435003387
NN3_111_TWARP110,1981-06-01,2938.7374011883753
NN3_111_TWARP110,1981-07-01,3225.6416908623537
NN3_111_TWARP110,1981-08-01,3416.838952471515
NN3_111_TWARP110,1981-09-01,4602.766482947877
NN3_111_TWARP110,1981-10-01,4931.0726757288
NN3_111_TWARP110,1981-11-01,4266.8080953541485
NN3_111_TWARP110,1981-12-01,3164.959708123985
NN3_111_TWARP110,1982-01-01,2557.5626118483747
NN3_111_TWARP110,1982-02-01,2315.1479999589287
NN3_111_TWARP110,1982-03-01,2570.145359352503
NN3_111_TWARP110,1982-04-01,3224.328846531291
NN3_111_TWARP110,1982-05-01,3776.970688715588
NN3_111_TWARP110,1982-06-01,3418.9685671269294
NN3_111_TWARP110,1982-07-01,3090.3621690786426
NN3_111_TWARP110,1982-08-01,3576.463274373091
NN3_111_TWARP110,1982-09-01,4325.118616758219
NN3_111_TWARP110,1982-10-01,4626.13273781184
NN3_111_TWARP110,1982-11-01,3753.1323294943654
NN3_111_TWARP110,1982-12-01,3956.5743131486256
NN3_111_TWARP110,1983-01-01,3488.501813255436
NN3_111_TWARP110,1983-02-01,2533.110653905895
NN3_111_TWARP110,1983-03-01,2616.1629563817437
NN3_111_TWARP110,1983-04-01,2575.362080413649
NN3_111_TWARP110,1983-05-01,4045.7130891014904
NN3_111_TWARP110,1983-06-01,4485.752135480044
NN3_111_TWARP110,1983-07-01,2921.1416795967057
NN3_111_TWARP110,1983-08-01,3401.906717266532
NN3_111_TWARP110,1983-09-01,3663.744220885075
NN3_111_TWARP110,1983-10-01,5278.753106087561
NN3_111_TWARP110,1983-11-01,4220.874620493617
NN3_111_TWARP110,1983-12-01,4133.689297065151
NN3_111_TWARP110,1984-01-01,2855.1093004120994
NN3_111_TWARP110,1984-02-01,3505.803984242008
NN3_111_TWARP110,1984-03-01,2951.3739004507815
NN3_111_TWARP110,1984-04-01,4214.647941351728
NN3_111_TWARP110,1984-05-01,4491.45846059329
NN3_111_TWARP110,1984-06-01,3631.0009374618444
NN3_111_TWARP110,1984-07-01,3770.7111189368
NN3_111_TWARP110,1984-08-01,3351.1554765763303
NN3_111_TWARP110,1984-09-01,3377.6476520179094
NN3_111_TWARP110,1984-10-01,3741.872303678897
NN3_111_TWARP110,1984-11-01,4647.604638277469
NN3_111_TWARP110,1984-12-01,4252.219331906793
NN3_111_TWARP110,1985-01-01,3462.6769627357717
NN3_111_TWARP110,1985-02-01,3054.9072264246333
NN3_111_TWARP110,1985-03-01,3286.812627055175
NN3_111_TWARP110,1985-04-01,3224.0775001843567
NN3_111_TWARP110,1985-05-01,2993.5321188680027
NN3_111_TWARP110,1985-06-01,3697.818392964866
NN3_111_TWARP110,1985-07-01,3868.217892590424
NN3_111_TWARP110,1985-08-01,3142.206241701182
NN3_111_TWARP110,1985-09-01,3891.367685259528
NN3_111_TWARP110,1985-10-01,4878.2814743904455
NN3_111_TWARP110,1985-11-01,4246.640393014954
NN3_111_TWARP110,1985-12-01,4338.539520947842
NN3_111_TWARP110,1986-01-01,3285.3257166733547
NN3_111_TWARP110,1986-02-01,2596.4304255310035
NN3_111_TWARP110,1986-03-01,2675.7017244910853
NN3_111_TWARP110,1986-04-01,2972.7296048330513
NN3_111_TWARP110,1986-05-01,2992.277612552966
NN3_111_TWARP110,1986-06-01,2907.3833454816317
NN3_111_TWARP110,1986-07-01,3032.536700799962
NN3_111_TWARP110,1986-08-01,3361.174708527003
NN3_111_TWARP110,1986-09-01,3062.4450591415907
NN3_111_TWARP110,1986-10-01,3157.1704000989744
NN3_111_TWARP110,1986-11-01,4053.4546133946533
NN3_111_TWARP110,1986-12-01,5158.409595844533
NN3_111_TWARP110,1987-01-01,3269.2527715946735
NN3_111_TWARP110,1987-02-01,3449.9293622584382
NN3_111_TWARP110,1987-03-01,4578.604277482692
NN3_111_TWARP110,1987-04-01,2889.9430421891902
NN3_111_TWARP110,1987-05-01,2882.1991040515286
NN3_111_TWARP110,1987-06-01,3010.9819985584577
