unique_id,ds,y
NN3-001_JITTER0,1990-01-01,5434.263394249214
NN3-001_JITTER0,1990-02-01,3929.692032046092
NN3-001_JITTER0,1990-03-01,4440.711248800829
NN3-001_JITTER0,1990-04-01,5067.13076925883
NN3-001_JITTER0,1990-05-01,5689.764876245736
NN3-001_JITTER0,1990-06-01,4817.322564749349
NN3-001_JITTER0,1990-07-01,5528.160153379079
NN3-001_JITTER0,1990-08-01,5574.680454979683
NN3-001_JITTER0,1990-09-01,5164.588803275578
NN3-001_JITTER0,1990-10-01,6654.580707606326
NN3-001_JITTER0,1990-11-01,5907.256129969036
NN3-001_JITTER0,1990-12-01,5299.581082783005
NN3-001_JITTER0,1991-01-01,6413.454457357547
NN3-001_JITTER0,1991-02-01,5563.729212756463
NN3-001_JITTER0,1991-03-01,5081.0033722872295
NN3-001_JITTER0,1991-04-01,7041.991587560181
NN3-001_JITTER0,1991-05-01,6521.437976940113
NN3-001_JITTER0,1991-06-01,5907.0655032421755
NN3-001_JITTER0,1991-07-01,6644.184626598113
NN3-001_JITTER0,1991-08-01,6395.416475643022
NN3-001_JITTER0,1991-09-01,5600.009544683405
NN3-001_JITTER0,1991-10-01,6607.158831698357
NN3-001_JITTER0,1991-11-01,5354.3678927130895
NN3-001_JITTER0,1991-12-01,5628.417814461229
NN3-001_JITTER0,1992-01-01,7123.015746566405
NN3-001_JITTER0,1992-02-01,5444.92810667966
NN3-001_JITTER0,1992-03-01,5822.784050508211
NN3-001_JITTER0,1992-04-01,6146.789087292781
NN3-001_JITTER0,1992-05-01,6927.0507738676415
NN3-001_JITTER0,1992-06-01,6469.171051180048
NN3-001_JITTER0,1992-07-01,6115.242665047498
NN3-001_JITTER0,1992-08-01,6488.964363165206
NN3-001_JITTER0,1992-09-01,5786.852417945085
NN3-001_JITTER0,1992-10-01,6309.224099729377
NN3-001_JITTER0,1992-11-01,6331.276972051829
NN3-001_JITTER0,1992-12-01,6844.929660573338
NN3-001_JITTER0,1993-01-01,6256.548386757871
NN3-001_JITTER0,1993-02-01,5408.227339139632
NN3-001_JITTER0,1993-03-01,5630.375503799542
NN3-002_JITTER1,1990-01-01,5042.772492926666
NN3-002_JITTER1,1990-02-01,3697.850272056031
NN3-002_JITTER1,1990-03-01,4244.341285109996
NN3-002_JITTER1,1990-04-01,3908.4854313602705
NN3-002_JITTER1,1990-05-01,4326.7777118444865
NN3-002_JITTER1,1990-06-01,3836.1976731337422
NN3-002_JITTER1,1990-07-01,4859.260417781867
NN3-002_JITTER1,1990-08-01,4104.743612927811
NN3-002_JITTER1,1990-09-01,4548.790615815179
NN3-002_JITTER1,1990-10-01,4643.916685571029
NN3-002_JITTER1,1990-11-01,4513.7486147151785
NN3-002_JITTER1,1990-12-01,4670.943954550791
NN3-002_JITTER1,1991-01-01,5318.381545088449
NN3-002_JITTER1,1991-02-01,3984.258287965845
NN3-002_JITTER1,1991-03-01,3682.1883913068687
NN3-002_JITTER1,1991-04-01,4334.353244569423
NN3-002_JITTER1,1991-05-01,4448.120202186394
NN3-002_JITTER1,1991-06-01,4296.050048756107
NN3-002_JITTER1,1991-07-01,4382.1659297866445
NN3-002_JITTER1,1991-08-01,4316.948704871907
NN3-002_JITTER1,1991-09-01,4025.765931090551
NN3-002_JITTER1,1991-10-01,4174.768222024366
NN3-002_JITTER1,1991-11-01,4371.498883645008
NN3-002_JITTER1,1991-12-01,4632.137416874102
NN3-002_JITTER1,1992-01-01,5115.6613469257245
NN3-002_JITTER1,1992-02-01,3986.431817055594
NN3-002_JITTER1,1992-03-01,4419.613420243116
NN3-002_JITTER1,1992-04-01,4227.259904677954
NN3-002_JITTER1,1992-05-01,4199.902696114143
NN3-002_JITTER1,1992-06-01,4925.297776155045
NN3-002_JITTER1,1992-07-01,5160.514482252122
NN3-002_JITTER1,1992-08-01,4242.880309885351
NN3-002_JITTER1,1992-09-01,4518.537758297615
NN3-002_JITTER1,1992-10-01,4374.848923285051
NN3-002_JITTER1,1992-11-01,4432.743144659754
NN3-002_JITTER1,1992-12-01,5635.416048986909
NN3-002_JITTER1,1993-01-01,4507.97012336572
NN3-002_JITTER1,1993-02-01,4461.282773634917
NN3-002_JITTER1,1993-03-01,5096.291712788966
NN3-003_JITTER2,1990-01-01,6323.984801819924
NN3-003_JITTER2,1990-02-01,4707.748170753348
NN3-003_JITTER2,1990-03-01,5694.022070214074
NN3-003_JITTER2,1990-04-01,5286.08494996433
NN3-003_JITTER2,1990-05-01,5034.347679286906
NN3-003_JITTER2,1990-06-01,5402.123086838366
NN3-003_JITTER2,1990-07-01,5206.301393478288
NN3-003_JITTER2,1990-08-01,5489.758600731446
NN3-003_JITTER2,1990-09-01,4729.311329370857
NN3-003_JITTER2,1990-10-01,6251.9554802186485
NN3-003_JITTER2,1990-11-01,6170.487978455456
NN3-003_JITTER2,1990-12-01,5624.962205018652
NN3-003_JITTER2,1991-01-01,7120.896942465215
NN3-003_JITTER2,1991-02-01,5498.615097737367
NN3-003_JITTER2,1991-03-01,4927.208567475348
NN3-003_JITTER2,1991-04-01,5648.014310086353
NN3-003_JITTER2,1991-05-01,6455.9975137376805
NN3-003_JITTER2,1991-06-01,5275.42691633696
NN3-003_JITTER2,1991-07-01,6232.583485149475
NN3-003_JITTER2,1991-08-01,5214.617258747599
NN3-003_JITTER2,1991-09-01,4646.620523553623
NN3-003_JITTER2,1991-10-01,6029.25087804613
NN3-003_JITTER2,1991-11-01,5222.722042945573
NN3-003_JITTER2,1991-12-01,6668.185314214472
NN3-003_JITTER2,1992-01-01,6252.527460296448
NN3-003_JITTER2,1992-02-01,5356.531967441794
NN3-003_JITTER2,1992-03-01,6163.886379123435
NN3-003_JITTER2,1992-04-01,5217.636655252865
NN3-003_JITTER2,1992-05-01,5824.347901580818
NN3-003_JITTER2,1992-06-01,6123.50120055155
NN3-003_JITTER2,1992-07-01,6136.519389299694
NN3-003_JITTER2,1992-08-01,5834.39077437577
NN3-003_JITTER2,1992-09-01,5450.386775786893
NN3-003_JITTER2,1992-10-01,5765.771094295253
NN3-003_JITTER2,1992-11-01,5597.4328455652885
NN3-003_JITTER2,1992-12-01,6650.250510822172
NN3-003_JITTER2,1993-01-01,6022.4077105813
NN3-003_JITTER2,1993-02-01,5662.745277738622
NN3-003_JITTER2,1993-03-01,6861.785742101777
NN3-004_JITTER3,1990-01-01,5464.812600353945
NN3-004_JITTER3,1990-02-01,3886.953365443106
NN3-004_JITTER3,1990-03-01,4856.669760098198
NN3-004_JITTER3,1990-04-01,4470.601696777751
NN3-004_JITTER3,1990-05-01,4886.894982712014
NN3-004_JITTER3,1990-06-01,4222.779582755377
NN3-004_JITTER3,1990-07-01,3966.768003616124
NN3-004_JITTER3,1990-08-01,4686.978775697372
NN3-004_JITTER3,1990-09-01,4209.046004350795
NN3-004_JITTER3,1990-10-01,4951.416417002874
NN3-004_JITTER3,1990-11-01,5619.300188620038
NN3-004_JITTER3,1990-12-01,4998.395566969908
NN3-004_JITTER3,1991-01-01,6019.6841844924975
NN3-004_JITTER3,1991-02-01,4666.057830238214
NN3-004_JITTER3,1991-03-01,4084.33722061134
NN3-004_JITTER3,1991-04-01,5048.712336500404
NN3-004_JITTER3,1991-05-01,5064.975803238409
NN3-004_JITTER3,1991-06-01,4515.852234721837
NN3-004_JITTER3,1991-07-01,5096.2459092303325
NN3-004_JITTER3,1991-08-01,4286.985188430306
NN3-004_JITTER3,1991-09-01,4386.969972784884
NN3-004_JITTER3,1991-10-01,5008.938661039452
NN3-004_JITTER3,1991-11-01,4213.997699837667
NN3-004_JITTER3,1991-12-01,5197.924426992138
NN3-004_JITTER3,1992-01-01,5199.530379496946
NN3-004_JITTER3,1992-02-01,3803.289447509266
NN3-004_JITTER3,1992-03-01,5046.3037744248995
NN3-004_JITTER3,1992-04-01,4405.889728340085
NN3-004_JITTER3,1992-05-01,4810.591446488065
NN3-004_JITTER3,1992-06-01,4696.271258321888
NN3-004_JITTER3,1992-07-01,5331.649715428168
NN3-004_JITTER3,1992-08-01,4728.328344890969
NN3-004_JITTER3,1992-09-01,4724.820180254246
NN3-004_JITTER3,1992-10-01,4667.850882734989
NN3-004_JITTER3,1992-11-01,4420.806391195946
NN3-004_JITTER3,1992-12-01,5367.558678226054
NN3-004_JITTER3,1993-01-01,5551.903376985707
NN3-004_JITTER3,1993-02-01,4322.804784594837
NN3-004_JITTER3,1993-03-01,5341.827428199411
NN3-005_JITTER4,1990-01-01,4713.053450463734
NN3-005_JITTER4,1990-02-01,3140.291066206667
NN3-005_JITTER4,1990-03-01,3765.9157790044105
NN3-005_JITTER4,1990-04-01,3398.853365964878
NN3-005_JITTER4,1990-05-01,3935.174440193482
NN3-005_JITTER4,1990-06-01,3360.3027897878824
NN3-005_JITTER4,1990-07-01,3596.472630427569
NN3-005_JITTER4,1990-08-01,3689.5957206704093
NN3-005_JITTER4,1990-09-01,3587.3426245475225
NN3-005_JITTER4,1990-10-01,3729.0851857774246
NN3-005_JITTER4,1990-11-01,3868.622420605625
NN3-005_JITTER4,1990-12-01,4049.8054766919495
NN3-005_JITTER4,1991-01-01,4777.537813390826
NN3-005_JITTER4,1991-02-01,3309.3036358271747
NN3-005_JITTER4,1991-03-01,2902.147266106237
NN3-005_JITTER4,1991-04-01,4018.114224225949
NN3-005_JITTER4,1991-05-01,3978.4682883520845
NN3-005_JITTER4,1991-06-01,3419.8428413386023
NN3-005_JITTER4,1991-07-01,4068.4506553007095
NN3-005_JITTER4,1991-08-01,3587.1680092501624
NN3-005_JITTER4,1991-09-01,3530.6200883005245
NN3-005_JITTER4,1991-10-01,3660.2278975600548
NN3-005_JITTER4,1991-11-01,3734.91857631862
NN3-005_JITTER4,1991-12-01,4362.452845847726
NN3-005_JITTER4,1992-01-01,4201.634598507922
NN3-005_JITTER4,1992-02-01,3335.528925319227
NN3-005_JITTER4,1992-03-01,3753.8716043541917
NN3-005_JITTER4,1992-04-01,3489.7095307049526
NN3-005_JITTER4,1992-05-01,3483.3613748353314
NN3-005_JITTER4,1992-06-01,3892.113608914348
NN3-005_JITTER4,1992-07-01,4413.295902899847
NN3-005_JITTER4,1992-08-01,3441.093393762617
NN3-005_JITTER4,1992-09-01,3742.594399909415
NN3-005_JITTER4,1992-10-01,4005.7457885143936
NN3-005_JITTER4,1992-11-01,3883.1516505435134
NN3-005_JITTER4,1992-12-01,4302.582128627102
NN3-005_JITTER4,1993-01-01,4162.905804999818
NN3-005_JITTER4,1993-02-01,3505.0244347196085
NN3-005_JITTER4,1993-03-01,3722.4807822522657
NN3-006_JITTER5,1990-01-01,4540.765229373569
NN3-006_JITTER5,1990-02-01,4019.0482229176223
NN3-006_JITTER5,1990-03-01,3740.386601403386
NN3-006_JITTER5,1990-04-01,3401.9324779627264
NN3-006_JITTER5,1990-05-01,4205.948340090463
NN3-006_JITTER5,1990-06-01,3948.592191414639
NN3-006_JITTER5,1990-07-01,3869.3254727587846
NN3-006_JITTER5,1990-08-01,3745.5364357993844
NN3-006_JITTER5,1990-09-01,3481.4809452447735
NN3-006_JITTER5,1990-10-01,4103.230074828943
NN3-006_JITTER5,1990-11-01,3981.72519918608
NN3-006_JITTER5,1990-12-01,3873.263184885702
NN3-006_JITTER5,1991-01-01,5395.288641353006
NN3-006_JITTER5,1991-02-01,3633.7829279310945
NN3-006_JITTER5,1991-03-01,3397.834795032313
NN3-006_JITTER5,1991-04-01,4170.624453350091
NN3-006_JITTER5,1991-05-01,4320.298116898518
NN3-006_JITTER5,1991-06-01,3811.169359576316
NN3-006_JITTER5,1991-07-01,3984.422011415589
NN3-006_JITTER5,1991-08-01,3623.34237880329
NN3-006_JITTER5,1991-09-01,3743.330347352825
NN3-006_JITTER5,1991-10-01,3792.884716162481
NN3-006_JITTER5,1991-11-01,3579.3998253764757
NN3-006_JITTER5,1991-12-01,4424.468815611806
NN3-006_JITTER5,1992-01-01,4362.9061460846515
NN3-006_JITTER5,1992-02-01,3536.1222668632936
NN3-006_JITTER5,1992-03-01,3726.7073183034054
NN3-006_JITTER5,1992-04-01,3750.610952395726
NN3-006_JITTER5,1992-05-01,3921.392430052717
NN3-006_JITTER5,1992-06-01,4203.548496938902
NN3-006_JITTER5,1992-07-01,3781.5188023868786
NN3-006_JITTER5,1992-08-01,3675.3086859712625
NN3-006_JITTER5,1992-09-01,3982.7527005492825
NN3-006_JITTER5,1992-10-01,3798.599025352666
NN3-006_JITTER5,1992-11-01,3851.8104754310766
NN3-006_JITTER5,1992-12-01,4227.075581030397
NN3-006_JITTER5,1993-01-01,4270.85633792908
NN3-006_JITTER5,1993-02-01,3377.0045905866045
NN3-006_JITTER5,1993-03-01,4562.415183434827
NN3-007_JITTER6,1990-01-01,7668.127192877515
NN3-007_JITTER6,1990-02-01,5652.574597746501
NN3-007_JITTER6,1990-03-01,6883.828825392316
NN3-007_JITTER6,1990-04-01,5233.76888140698
NN3-007_JITTER6,1990-05-01,5746.65120777566
NN3-007_JITTER6,1990-06-01,4515.053306898247
NN3-007_JITTER6,1990-07-01,5696.7290911656355
NN3-007_JITTER6,1990-08-01,4913.8082464515655
NN3-007_JITTER6,1990-09-01,4938.22312783618
NN3-007_JITTER6,1990-10-01,5645.31278225053
NN3-007_JITTER6,1990-11-01,7129.288025756313
NN3-007_JITTER6,1990-12-01,5314.029109539076
NN3-007_JITTER6,1991-01-01,8336.99975845765
NN3-007_JITTER6,1991-02-01,5677.257435540164
NN3-007_JITTER6,1991-03-01,5628.348996322282
NN3-007_JITTER6,1991-04-01,5300.5406108781335
NN3-007_JITTER6,1991-05-01,6038.936490314107
NN3-007_JITTER6,1991-06-01,4716.28910636599
NN3-007_JITTER6,1991-07-01,6511.210057505007
NN3-007_JITTER6,1991-08-01,5937.29821830514
NN3-007_JITTER6,1991-09-01,5384.887747284803
NN3-007_JITTER6,1991-10-01,5333.184148487885
NN3-007_JITTER6,1991-11-01,5998.480655859887
NN3-007_JITTER6,1991-12-01,6815.389557769394
NN3-007_JITTER6,1992-01-01,6982.255708536832
NN3-007_JITTER6,1992-02-01,5208.036509907411
NN3-007_JITTER6,1992-03-01,6675.514436637865
NN3-007_JITTER6,1992-04-01,4907.334505622772
NN3-007_JITTER6,1992-05-01,5945.387310670721
NN3-007_JITTER6,1992-06-01,5158.501664715461
NN3-007_JITTER6,1992-07-01,5855.864823222027
NN3-007_JITTER6,1992-08-01,5728.357154661969
NN3-007_JITTER6,1992-09-01,5300.900639384185
NN3-007_JITTER6,1992-10-01,6122.874450365957
NN3-007_JITTER6,1992-11-01,4524.417726179391
NN3-007_JITTER6,1992-12-01,6859.8351210404235
NN3-007_JITTER6,1993-01-01,5469.616877409316
NN3-007_JITTER6,1993-02-01,6479.050152092656
NN3-007_JITTER6,1993-03-01,6948.604404578868
NN3-008_JITTER7,1990-01-01,8431.897852853153
NN3-008_JITTER7,1990-02-01,7346.9957991660185
NN3-008_JITTER7,1990-03-01,7826.54368482851
NN3-008_JITTER7,1990-04-01,8947.568330606755
NN3-008_JITTER7,1990-05-01,7208.248007144211
NN3-008_JITTER7,1990-06-01,6853.611007554451
NN3-008_JITTER7,1990-07-01,8262.119322167391
NN3-008_JITTER7,1990-08-01,5481.68097775336
NN3-008_JITTER7,1990-09-01,5417.970034304518
NN3-008_JITTER7,1990-10-01,7185.389500814674
NN3-008_JITTER7,1990-11-01,5109.143888410397
NN3-008_JITTER7,1990-12-01,6819.322863429748
NN3-008_JITTER7,1991-01-01,8394.63674699534
NN3-008_JITTER7,1991-02-01,7496.961733341504
NN3-008_JITTER7,1991-03-01,5558.121206670456
NN3-008_JITTER7,1991-04-01,5779.629180282862
NN3-008_JITTER7,1991-05-01,6022.175241583725
NN3-008_JITTER7,1991-06-01,6563.780358909025
NN3-008_JITTER7,1991-07-01,7194.687234510059
NN3-008_JITTER7,1991-08-01,6457.297107776627
NN3-008_JITTER7,1991-09-01,6426.156433509892
NN3-008_JITTER7,1991-10-01,5779.792688322072
NN3-008_JITTER7,1991-11-01,4541.87618746217
NN3-008_JITTER7,1991-12-01,6314.680076802415
NN3-008_JITTER7,1992-01-01,6585.664458921226
NN3-008_JITTER7,1992-02-01,5314.784726161349
NN3-008_JITTER7,1992-03-01,5301.3078018737115
NN3-008_JITTER7,1992-04-01,6313.995908851263
NN3-008_JITTER7,1992-05-01,5230.533748862486
NN3-008_JITTER7,1992-06-01,5122.08414604682
NN3-008_JITTER7,1992-07-01,5626.435692422007
NN3-008_JITTER7,1992-08-01,5102.657005135515
NN3-008_JITTER7,1992-09-01,6772.160237720046
NN3-008_JITTER7,1992-10-01,4985.268357752141
NN3-008_JITTER7,1992-11-01,8062.660863824482
NN3-008_JITTER7,1992-12-01,5078.192861626903
NN3-008_JITTER7,1993-01-01,6530.086498004315
NN3-008_JITTER7,1993-02-01,8094.567030294549
NN3-008_JITTER7,1993-03-01,6648.930909594121
NN3-009_JITTER8,1990-01-01,5429.987993000592
NN3-009_JITTER8,1990-02-01,5229.524939807048
NN3-009_JITTER8,1990-03-01,4626.782825559892
NN3-009_JITTER8,1990-04-01,3906.629446808054
NN3-009_JITTER8,1990-05-01,4679.660453122677
NN3-009_JITTER8,1990-06-01,4528.655654920516
NN3-009_JITTER8,1990-07-01,4123.6759040730485
NN3-009_JITTER8,1990-08-01,5420.022908856551
NN3-009_JITTER8,1990-09-01,5113.521393689583
NN3-009_JITTER8,1990-10-01,5307.431737733182
NN3-009_JITTER8,1990-11-01,5139.879155831872
NN3-009_JITTER8,1990-12-01,4194.652961956892
NN3-009_JITTER8,1991-01-01,6011.787337144882
NN3-009_JITTER8,1991-02-01,4678.429110638451
NN3-009_JITTER8,1991-03-01,4323.962822611412
NN3-009_JITTER8,1991-04-01,3723.609132367257
NN3-009_JITTER8,1991-05-01,4103.086176777495
NN3-009_JITTER8,1991-06-01,4222.7281616060955
NN3-009_JITTER8,1991-07-01,4306.522941848759
NN3-009_JITTER8,1991-08-01,4369.061529924415
NN3-009_JITTER8,1991-09-01,3805.806218691336
NN3-009_JITTER8,1991-10-01,4244.4420371373335
NN3-009_JITTER8,1991-11-01,3587.9467447664415
NN3-009_JITTER8,1991-12-01,4756.622128857275
NN3-009_JITTER8,1992-01-01,5552.594211286835
NN3-009_JITTER8,1992-02-01,4583.502519994312
NN3-009_JITTER8,1992-03-01,4356.037426296057
NN3-009_JITTER8,1992-04-01,3992.843287775004
NN3-009_JITTER8,1992-05-01,4315.322937087566
NN3-009_JITTER8,1992-06-01,4220.323947287893
NN3-009_JITTER8,1992-07-01,3810.1293072399217
NN3-009_JITTER8,1992-08-01,4024.1252598622254
NN3-009_JITTER8,1992-09-01,4267.576830719041
NN3-009_JITTER8,1992-10-01,4325.749118920891
NN3-009_JITTER8,1992-11-01,4148.784036093075
NN3-009_JITTER8,1992-12-01,5024.451314956687
NN3-009_JITTER8,1993-01-01,4565.367079248022
NN3-009_JITTER8,1993-02-01,3910.374699826392
NN3-009_JITTER8,1993-03-01,5007.113247667682
NN3-010_JITTER9,1990-01-01,1860.0975817220447
NN3-010_JITTER9,1990-02-01,1180.5432796836637
NN3-010_JITTER9,1990-03-01,2161.0316299290853
NN3-010_JITTER9,1990-04-01,1608.076592462252
NN3-010_JITTER9,1990-05-01,1928.570889414657
NN3-010_JITTER9,1990-06-01,1887.0736649376124
NN3-010_JITTER9,1990-07-01,1793.076470737095
NN3-010_JITTER9,1990-08-01,2043.0564581023905
NN3-010_JITTER9,1990-09-01,2979.9814205681387
NN3-010_JITTER9,1990-10-01,2431.23589929431
NN3-010_JITTER9,1990-11-01,2646.509765374927
NN3-010_JITTER9,1990-12-01,1967.1733842772057
NN3-010_JITTER9,1991-01-01,2511.6016794020907
NN3-010_JITTER9,1991-02-01,2203.6698524176973
NN3-010_JITTER9,1991-03-01,2870.0756181729125
NN3-010_JITTER9,1991-04-01,2559.280254198408
NN3-010_JITTER9,1991-05-01,3277.7240080777237
NN3-010_JITTER9,1991-06-01,2553.5720918645156
NN3-010_JITTER9,1991-07-01,3119.678353856107
NN3-010_JITTER9,1991-08-01,2119.1410473027195
NN3-010_JITTER9,1991-09-01,2156.159670113379
NN3-010_JITTER9,1991-10-01,2744.0940572499226
NN3-010_JITTER9,1991-11-01,2364.7270462758966
NN3-010_JITTER9,1991-12-01,2966.4877108622527
NN3-010_JITTER9,1992-01-01,3582.477758178585
NN3-010_JITTER9,1992-02-01,2461.7279849065976
NN3-010_JITTER9,1992-03-01,3059.3681695639657
NN3-010_JITTER9,1992-04-01,2600.31906098741
NN3-010_JITTER9,1992-05-01,3732.5015334233653
NN3-010_JITTER9,1992-06-01,3562.4431596949585
NN3-010_JITTER9,1992-07-01,3117.750210060696
NN3-010_JITTER9,1992-08-01,2343.837610280481
NN3-010_JITTER9,1992-09-01,2555.788661762911
NN3-010_JITTER9,1992-10-01,2533.291677786991
NN3-010_JITTER9,1992-11-01,2460.869166859063
NN3-010_JITTER9,1992-12-01,2797.680013372718
NN3-010_JITTER9,1993-01-01,4297.139629299823
NN3-010_JITTER9,1993-02-01,2825.379783438503
NN3-010_JITTER9,1993-03-01,3347.144310770325
NN3-011_JITTER10,1990-01-01,2974.098690186607
NN3-011_JITTER10,1990-02-01,2713.4305388910575
NN3-011_JITTER10,1990-03-01,3646.7126239611866
NN3-011_JITTER10,1990-04-01,2715.7627917264144
NN3-011_JITTER10,1990-05-01,3495.731701350969
NN3-011_JITTER10,1990-06-01,2976.1434821746725
NN3-011_JITTER10,1990-07-01,3175.0711743303746
NN3-011_JITTER10,1990-08-01,4158.545632485908
NN3-011_JITTER10,1990-09-01,4333.423981279429
NN3-011_JITTER10,1990-10-01,4237.589790152556
NN3-011_JITTER10,1990-11-01,4160.774489419464
NN3-011_JITTER10,1990-12-01,3069.16130410245
NN3-011_JITTER10,1991-01-01,4779.675962898154
NN3-011_JITTER10,1991-02-01,4115.5256620495675
NN3-011_JITTER10,1991-03-01,4322.7387694822455
NN3-011_JITTER10,1991-04-01,5522.508665749237
NN3-011_JITTER10,1991-05-01,5081.877327940868
NN3-011_JITTER10,1991-06-01,3758.233136628005
NN3-011_JITTER10,1991-07-01,4944.626792117077
NN3-011_JITTER10,1991-08-01,4728.528771080202
NN3-011_JITTER10,1991-09-01,4692.441901267937
NN3-011_JITTER10,1991-10-01,5236.740930146922
NN3-011_JITTER10,1991-11-01,4658.077531838307
NN3-011_JITTER10,1991-12-01,5531.6029054607525
NN3-011_JITTER10,1992-01-01,6509.580243859808
NN3-011_JITTER10,1992-02-01,4417.43480234147
NN3-011_JITTER10,1992-03-01,5605.105559826161
NN3-011_JITTER10,1992-04-01,4790.371677843946
NN3-011_JITTER10,1992-05-01,6421.050107373099
NN3-011_JITTER10,1992-06-01,5776.066646736025
NN3-011_JITTER10,1992-07-01,6176.004496816
NN3-011_JITTER10,1992-08-01,5548.903902398815
NN3-011_JITTER10,1992-09-01,4485.318022492733
NN3-011_JITTER10,1992-10-01,4849.0878899359095
NN3-011_JITTER10,1992-11-01,5283.12740062316
NN3-011_JITTER10,1992-12-01,6100.324729771821
NN3-011_JITTER10,1993-01-01,6933.678889414431
NN3-011_JITTER10,1993-02-01,5298.503216793786
NN3-011_JITTER10,1993-03-01,7205.443286691741
NN3-012_JITTER11,1990-01-01,2276.0288875598094
NN3-012_JITTER11,1990-02-01,2143.191621693491
NN3-012_JITTER11,1990-03-01,2693.7995929455237
NN3-012_JITTER11,1990-04-01,1873.6203228069867
NN3-012_JITTER11,1990-05-01,3232.156254162362
NN3-012_JITTER11,1990-06-01,2114.984360728599
NN3-012_JITTER11,1990-07-01,1991.7861548252972
NN3-012_JITTER11,1990-08-01,3394.400238535231
NN3-012_JITTER11,1990-09-01,3337.548347329069
NN3-012_JITTER11,1990-10-01,3148.0561961121093
NN3-012_JITTER11,1990-11-01,2808.541944608774
NN3-012_JITTER11,1990-12-01,2805.8554271944304
NN3-012_JITTER11,1991-01-01,4164.690387710531
NN3-012_JITTER11,1991-02-01,2724.679404669989
NN3-012_JITTER11,1991-03-01,3443.7425036710265
NN3-012_JITTER11,1991-04-01,3855.5572066272307
NN3-012_JITTER11,1991-05-01,4053.9178768745264
NN3-012_JITTER11,1991-06-01,2978.3445663524853
NN3-012_JITTER11,1991-07-01,4404.383937115336
NN3-012_JITTER11,1991-08-01,3672.043166999086
NN3-012_JITTER11,1991-09-01,2965.4854888621003
NN3-012_JITTER11,1991-10-01,3970.976037762525
NN3-012_JITTER11,1991-11-01,3376.3439003251824
NN3-012_JITTER11,1991-12-01,3428.8059879141247
NN3-012_JITTER11,1992-01-01,4826.20468505312
NN3-012_JITTER11,1992-02-01,3142.2118889361363
NN3-012_JITTER11,1992-03-01,3307.0025914701614
NN3-012_JITTER11,1992-04-01,3395.0006051629034
NN3-012_JITTER11,1992-05-01,4304.344073875796
NN3-012_JITTER11,1992-06-01,4070.2735735316282
NN3-012_JITTER11,1992-07-01,3582.547377511084
NN3-012_JITTER11,1992-08-01,3890.430589656007
NN3-012_JITTER11,1992-09-01,3194.771237258125
NN3-012_JITTER11,1992-10-01,3309.752388472215
NN3-012_JITTER11,1992-11-01,3631.933609441849
NN3-012_JITTER11,1992-12-01,4797.6264865189005
NN3-012_JITTER11,1993-01-01,5399.4117500327375
NN3-012_JITTER11,1993-02-01,3708.192418708209
NN3-012_JITTER11,1993-03-01,5845.858371101327
NN3-013_JITTER12,1990-01-01,5741.428402713824
NN3-013_JITTER12,1990-02-01,4176.630901737834
NN3-013_JITTER12,1990-03-01,4910.807866021205
NN3-013_JITTER12,1990-04-01,4878.498846387318
NN3-013_JITTER12,1990-05-01,4694.890287878181
NN3-013_JITTER12,1990-06-01,4960.082911023429
NN3-013_JITTER12,1990-07-01,4915.584736513664
NN3-013_JITTER12,1990-08-01,4714.274532959911
NN3-013_JITTER12,1990-09-01,5086.631710199754
NN3-013_JITTER12,1990-10-01,6335.990810608234
NN3-013_JITTER12,1990-11-01,5903.645207099058
NN3-013_JITTER12,1990-12-01,5810.976846523748
NN3-013_JITTER12,1991-01-01,7373.754893490779
NN3-013_JITTER12,1991-02-01,5360.130697927022
NN3-013_JITTER12,1991-03-01,5492.20900958418
NN3-013_JITTER12,1991-04-01,6274.549096234398
NN3-013_JITTER12,1991-05-01,6544.223126638068
NN3-013_JITTER12,1991-06-01,5499.751203681891
NN3-013_JITTER12,1991-07-01,6529.348676273457
NN3-013_JITTER12,1991-08-01,6330.200079519162
NN3-013_JITTER12,1991-09-01,5419.571167987988
NN3-013_JITTER12,1991-10-01,6249.588586201341
NN3-013_JITTER12,1991-11-01,5705.929123540221
NN3-013_JITTER12,1991-12-01,6955.809246305013
NN3-013_JITTER12,1992-01-01,6839.21574899249
NN3-013_JITTER12,1992-02-01,5386.717053892432
NN3-013_JITTER12,1992-03-01,6856.367480576269
NN3-013_JITTER12,1992-04-01,5832.035119505286
NN3-013_JITTER12,1992-05-01,6176.626882034147
NN3-013_JITTER12,1992-06-01,6437.918923732644
NN3-013_JITTER12,1992-07-01,6680.619443611718
NN3-013_JITTER12,1992-08-01,6540.518837370358
NN3-013_JITTER12,1992-09-01,5861.9167778491565
NN3-013_JITTER12,1992-10-01,5937.304353671629
NN3-013_JITTER12,1992-11-01,6290.079365313832
NN3-013_JITTER12,1992-12-01,7067.298317756016
NN3-013_JITTER12,1993-01-01,6431.032691084542
NN3-013_JITTER12,1993-02-01,5367.2554347615
NN3-013_JITTER12,1993-03-01,6787.953452794269
NN3-014_JITTER13,1990-01-01,5585.293755583975
NN3-014_JITTER13,1990-02-01,3872.2627031700204
NN3-014_JITTER13,1990-03-01,4865.037339407581
NN3-014_JITTER13,1990-04-01,4301.9577907065695
NN3-014_JITTER13,1990-05-01,3826.6235816613707
NN3-014_JITTER13,1990-06-01,4549.103020573724
NN3-014_JITTER13,1990-07-01,4562.902915935406
NN3-014_JITTER13,1990-08-01,5139.720958239369
NN3-014_JITTER13,1990-09-01,4374.671378281078
NN3-014_JITTER13,1990-10-01,5356.234405019727
NN3-014_JITTER13,1990-11-01,4920.7696925706905
NN3-014_JITTER13,1990-12-01,4535.254924624393
NN3-014_JITTER13,1991-01-01,5768.939243437505
NN3-014_JITTER13,1991-02-01,4250.072840327953
NN3-014_JITTER13,1991-03-01,3765.675206403374
NN3-014_JITTER13,1991-04-01,4559.027251959763
NN3-014_JITTER13,1991-05-01,5227.3963822888445
NN3-014_JITTER13,1991-06-01,4292.016582532036
NN3-014_JITTER13,1991-07-01,5440.513020285648
NN3-014_JITTER13,1991-08-01,4805.443863774138
NN3-014_JITTER13,1991-09-01,4467.417457632946
NN3-014_JITTER13,1991-10-01,4659.310774624939
NN3-014_JITTER13,1991-11-01,4616.121535325646
NN3-014_JITTER13,1991-12-01,5414.462919011892
NN3-014_JITTER13,1992-01-01,5253.51601537155
NN3-014_JITTER13,1992-02-01,3691.2128687764375
NN3-014_JITTER13,1992-03-01,5162.652854415285
NN3-014_JITTER13,1992-04-01,4323.931861441957
NN3-014_JITTER13,1992-05-01,3940.3789510869533
NN3-014_JITTER13,1992-06-01,4729.804117901929
NN3-014_JITTER13,1992-07-01,4563.808909319608
NN3-014_JITTER13,1992-08-01,4569.766659425302
NN3-014_JITTER13,1992-09-01,4307.863497894526
NN3-014_JITTER13,1992-10-01,4892.1736991473235
NN3-014_JITTER13,1992-11-01,3944.1791640953666
NN3-014_JITTER13,1992-12-01,5623.4687105571375
NN3-014_JITTER13,1993-01-01,4793.313175739901
NN3-014_JITTER13,1993-02-01,4150.595992763357
NN3-014_JITTER13,1993-03-01,4958.049003884749
NN3-015_JITTER14,1990-01-01,7783.144700320005
NN3-015_JITTER14,1990-02-01,4925.932533883125
NN3-015_JITTER14,1990-03-01,6225.936153919482
NN3-015_JITTER14,1990-04-01,6182.020790971022
NN3-015_JITTER14,1990-05-01,6519.124574460278
NN3-015_JITTER14,1990-06-01,5899.999545509267
NN3-015_JITTER14,1990-07-01,5567.080127213622
NN3-015_JITTER14,1990-08-01,6304.491472927909
NN3-015_JITTER14,1990-09-01,5461.14676862544
NN3-015_JITTER14,1990-10-01,6467.661461466699
NN3-015_JITTER14,1990-11-01,6147.471122868185
NN3-015_JITTER14,1990-12-01,5450.557021184158
NN3-015_JITTER14,1991-01-01,7695.689504268725
NN3-015_JITTER14,1991-02-01,5644.062904875667
NN3-015_JITTER14,1991-03-01,5099.673070666279
NN3-015_JITTER14,1991-04-01,6061.102308561121
NN3-015_JITTER14,1991-05-01,6172.058080864246
NN3-015_JITTER14,1991-06-01,5804.066930045437
NN3-015_JITTER14,1991-07-01,5927.312648915039
NN3-015_JITTER14,1991-08-01,5710.112951929282
NN3-015_JITTER14,1991-09-01,5114.3636495764
NN3-015_JITTER14,1991-10-01,6176.241816936472
NN3-015_JITTER14,1991-11-01,6215.963195076947
NN3-015_JITTER14,1991-12-01,6665.242091244354
NN3-015_JITTER14,1992-01-01,6683.725287072059
NN3-015_JITTER14,1992-02-01,5552.518081594594
NN3-015_JITTER14,1992-03-01,6552.218682312046
NN3-015_JITTER14,1992-04-01,5616.05180935568
NN3-015_JITTER14,1992-05-01,5617.625395121455
NN3-015_JITTER14,1992-06-01,6497.799704717949
NN3-015_JITTER14,1992-07-01,5506.3368208708525
NN3-015_JITTER14,1992-08-01,5789.9025774172505
NN3-015_JITTER14,1992-09-01,6001.988861172546
NN3-015_JITTER14,1992-10-01,6153.727182431027
NN3-015_JITTER14,1992-11-01,6004.978584203415
NN3-015_JITTER14,1992-12-01,6729.088593316572
NN3-015_JITTER14,1993-01-01,6361.748327407519
NN3-015_JITTER14,1993-02-01,5842.8805210167575
NN3-015_JITTER14,1993-03-01,7600.7261050704665
NN3-016_JITTER15,1990-01-01,9557.121191463677
NN3-016_JITTER15,1990-02-01,5918.776870722025
NN3-016_JITTER15,1990-03-01,7452.229286378935
NN3-016_JITTER15,1990-04-01,7378.015339340322
NN3-016_JITTER15,1990-05-01,7096.197301220582
NN3-016_JITTER15,1990-06-01,7219.543599759383
NN3-016_JITTER15,1990-07-01,7675.121403653916
NN3-016_JITTER15,1990-08-01,7877.324726223198
NN3-016_JITTER15,1990-09-01,6373.061552597043
NN3-016_JITTER15,1990-10-01,8229.961411408616
NN3-016_JITTER15,1990-11-01,8254.252063474984
NN3-016_JITTER15,1990-12-01,7405.458603774517
NN3-016_JITTER15,1991-01-01,9771.202655221256
NN3-016_JITTER15,1991-02-01,7364.638606762172
NN3-016_JITTER15,1991-03-01,6248.381419893128
NN3-016_JITTER15,1991-04-01,7864.9494659236225
NN3-016_JITTER15,1991-05-01,7568.816862523643
NN3-016_JITTER15,1991-06-01,7834.271243179269
NN3-016_JITTER15,1991-07-01,7709.849103352279
NN3-016_JITTER15,1991-08-01,7531.578898363512
NN3-016_JITTER15,1991-09-01,7064.269661898336
NN3-016_JITTER15,1991-10-01,8002.503299094878
NN3-016_JITTER15,1991-11-01,7581.179104159095
NN3-016_JITTER15,1991-12-01,8957.064387779785
NN3-016_JITTER15,1992-01-01,8588.486930324938
NN3-016_JITTER15,1992-02-01,7138.286076254935
NN3-016_JITTER15,1992-03-01,8519.063411690267
NN3-016_JITTER15,1992-04-01,7034.091050327775
NN3-016_JITTER15,1992-05-01,6623.13986119719
NN3-016_JITTER15,1992-06-01,8127.801570583997
NN3-016_JITTER15,1992-07-01,6798.822199101605
NN3-016_JITTER15,1992-08-01,7136.045639792432
NN3-016_JITTER15,1992-09-01,8270.022086854391
NN3-016_JITTER15,1992-10-01,7762.365206553518
NN3-016_JITTER15,1992-11-01,7659.99219768702
NN3-016_JITTER15,1992-12-01,9654.569236343372
NN3-016_JITTER15,1993-01-01,7468.233481533483
NN3-016_JITTER15,1993-02-01,6860.1335755517275
NN3-016_JITTER15,1993-03-01,9045.893829760935
NN3-017_JITTER16,1990-01-01,8354.270811742028
NN3-017_JITTER16,1990-02-01,5819.983318709047
NN3-017_JITTER16,1990-03-01,7157.355793485651
NN3-017_JITTER16,1990-04-01,6228.893802607703
NN3-017_JITTER16,1990-05-01,7403.852891394507
NN3-017_JITTER16,1990-06-01,7169.848943783795
NN3-017_JITTER16,1990-07-01,6994.7938676692265
NN3-017_JITTER16,1990-08-01,7249.336142587505
NN3-017_JITTER16,1990-09-01,6666.026278956214
NN3-017_JITTER16,1990-10-01,7833.045050335132
NN3-017_JITTER16,1990-11-01,8212.52166699805
NN3-017_JITTER16,1990-12-01,7194.537447427326
NN3-017_JITTER16,1991-01-01,9001.996096417512
NN3-017_JITTER16,1991-02-01,6823.731330925866
NN3-017_JITTER16,1991-03-01,6507.868024495758
NN3-017_JITTER16,1991-04-01,7178.729786230909
NN3-017_JITTER16,1991-05-01,7793.232409258353
NN3-017_JITTER16,1991-06-01,7756.8400872413295
NN3-017_JITTER16,1991-07-01,7551.479367923771
NN3-017_JITTER16,1991-08-01,6425.553669952297
NN3-017_JITTER16,1991-09-01,7145.780184127068
NN3-017_JITTER16,1991-10-01,7516.914156850259
NN3-017_JITTER16,1991-11-01,7415.232450701155
NN3-017_JITTER16,1991-12-01,8189.132834664462
NN3-017_JITTER16,1992-01-01,7810.320929722769
NN3-017_JITTER16,1992-02-01,5402.5371442252945
NN3-017_JITTER16,1992-03-01,7619.698824563131
NN3-017_JITTER16,1992-04-01,6052.641592922831
NN3-017_JITTER16,1992-05-01,7162.722658892005
NN3-017_JITTER16,1992-06-01,6950.585172649021
NN3-017_JITTER16,1992-07-01,7286.028679161861
NN3-017_JITTER16,1992-08-01,6646.188553867714
NN3-017_JITTER16,1992-09-01,7880.032987674952
NN3-017_JITTER16,1992-10-01,6614.384907221112
NN3-017_JITTER16,1992-11-01,7974.229806185886
NN3-017_JITTER16,1992-12-01,7327.538975333599
NN3-017_JITTER16,1993-01-01,7513.887440949455
NN3-017_JITTER16,1993-02-01,6455.874460190027
NN3-017_JITTER16,1993-03-01,8667.952172266974
NN3-018_JITTER17,1990-01-01,5530.777397238243
NN3-018_JITTER17,1990-02-01,3447.8500316232185
NN3-018_JITTER17,1990-03-01,4430.754411348032
NN3-018_JITTER17,1990-04-01,4197.737081828471
NN3-018_JITTER17,1990-05-01,4148.246857739314
NN3-018_JITTER17,1990-06-01,3865.6083110681293
NN3-018_JITTER17,1990-07-01,4626.078973333693
NN3-018_JITTER17,1990-08-01,4569.714569373708
NN3-018_JITTER17,1990-09-01,4147.271646682098
NN3-018_JITTER17,1990-10-01,4508.963025510855
NN3-018_JITTER17,1990-11-01,4166.349302819575
NN3-018_JITTER17,1990-12-01,4240.033282572526
NN3-018_JITTER17,1991-01-01,5798.54419511558
NN3-018_JITTER17,1991-02-01,4028.8698607150845
NN3-018_JITTER17,1991-03-01,3575.944252372528
NN3-018_JITTER17,1991-04-01,4457.077846726125
NN3-018_JITTER17,1991-05-01,4228.478427420998
NN3-018_JITTER17,1991-06-01,4525.795313633119
NN3-018_JITTER17,1991-07-01,4321.795405613682
NN3-018_JITTER17,1991-08-01,3498.4672889821463
NN3-018_JITTER17,1991-09-01,3755.7144397057473
NN3-018_JITTER17,1991-10-01,3763.29123516124
NN3-018_JITTER17,1991-11-01,4446.2376138662075
NN3-018_JITTER17,1991-12-01,4086.1899035673123
NN3-018_JITTER17,1992-01-01,4982.739048483088
NN3-018_JITTER17,1992-02-01,3288.230089257263
NN3-018_JITTER17,1992-03-01,4646.1091255565525
NN3-018_JITTER17,1992-04-01,3348.8931755767835
NN3-018_JITTER17,1992-05-01,3582.824750217873
NN3-018_JITTER17,1992-06-01,3915.2800200070747
NN3-018_JITTER17,1992-07-01,3552.4962833543245
NN3-018_JITTER17,1992-08-01,3940.8790317796324
NN3-018_JITTER17,1992-09-01,4629.136863145229
NN3-018_JITTER17,1992-10-01,4034.2733856374343
NN3-018_JITTER17,1992-11-01,4122.186108727655
NN3-018_JITTER17,1992-12-01,4159.175925183544
NN3-018_JITTER17,1993-01-01,4007.382883996048
NN3-018_JITTER17,1993-02-01,3760.4040914051707
NN3-018_JITTER17,1993-03-01,5342.752462258994
NN3-019_JITTER18,1990-01-01,5045.268511714546
NN3-019_JITTER18,1990-02-01,5714.788122712634
NN3-019_JITTER18,1990-03-01,7007.836240637276
NN3-019_JITTER18,1990-04-01,3694.0707680797923
NN3-019_JITTER18,1990-05-01,6143.793155360969
NN3-019_JITTER18,1990-06-01,5191.826808265831
NN3-019_JITTER18,1990-07-01,5108.166862051573
NN3-019_JITTER18,1990-08-01,4391.784782596084
NN3-019_JITTER18,1990-09-01,3193.754788116502
NN3-019_JITTER18,1990-10-01,4018.069806821454
NN3-019_JITTER18,1990-11-01,4216.694219681321
NN3-019_JITTER18,1990-12-01,6668.290161272376
NN3-019_JITTER18,1991-01-01,6529.730895389771
NN3-019_JITTER18,1991-02-01,7072.6796576093675
NN3-019_JITTER18,1991-03-01,5416.303568092038
NN3-019_JITTER18,1991-04-01,5230.571444654868
NN3-019_JITTER18,1991-05-01,4393.2103942519525
NN3-019_JITTER18,1991-06-01,3476.783868577947
NN3-019_JITTER18,1991-07-01,3403.266240952427
NN3-019_JITTER18,1991-08-01,3901.11270556567
NN3-019_JITTER18,1991-09-01,4175.29509280717
NN3-019_JITTER18,1991-10-01,5888.242081070161
NN3-019_JITTER18,1991-11-01,3555.1467106989444
NN3-019_JITTER18,1991-12-01,5683.986138953548
NN3-019_JITTER18,1992-01-01,6633.250081302937
NN3-019_JITTER18,1992-02-01,4716.836446661888
NN3-019_JITTER18,1992-03-01,4035.062860091674
NN3-019_JITTER18,1992-04-01,5715.176256559048
NN3-019_JITTER18,1992-05-01,4935.067384866192
NN3-019_JITTER18,1992-06-01,3401.0974140438825
NN3-019_JITTER18,1992-07-01,3431.345982613677
NN3-019_JITTER18,1992-08-01,3196.595231442675
NN3-019_JITTER18,1992-09-01,4806.562836527726
NN3-019_JITTER18,1992-10-01,5562.393057214427
NN3-019_JITTER18,1992-11-01,3968.4351254312974
NN3-019_JITTER18,1992-12-01,5132.539312149043
NN3-019_JITTER18,1993-01-01,5221.7455627892805
NN3-019_JITTER18,1993-02-01,3442.1363655050804
NN3-019_JITTER18,1993-03-01,3971.9230942082413
NN3-020_JITTER19,1990-01-01,9270.186167392005
NN3-020_JITTER19,1990-02-01,6139.804009679294
NN3-020_JITTER19,1990-03-01,8138.492404270228
NN3-020_JITTER19,1990-04-01,8356.288064516615
NN3-020_JITTER19,1990-05-01,6807.779066846126
NN3-020_JITTER19,1990-06-01,8710.568031944455
NN3-020_JITTER19,1990-07-01,6162.911342616178
NN3-020_JITTER19,1990-08-01,5672.341308281004
NN3-020_JITTER19,1990-09-01,5809.337643309745
NN3-020_JITTER19,1990-10-01,6703.152362147597
NN3-020_JITTER19,1990-11-01,7396.529516256489
NN3-020_JITTER19,1990-12-01,7275.824153110102
NN3-020_JITTER19,1991-01-01,8743.990124651762
NN3-020_JITTER19,1991-02-01,8297.70475984747
NN3-020_JITTER19,1991-03-01,7786.719911211682
NN3-020_JITTER19,1991-04-01,8315.422794006554
NN3-020_JITTER19,1991-05-01,6640.298074215086
NN3-020_JITTER19,1991-06-01,5478.458113147119
NN3-020_JITTER19,1991-07-01,6490.591749153235
NN3-020_JITTER19,1991-08-01,4424.369752532571
NN3-020_JITTER19,1991-09-01,4869.930582430162
NN3-020_JITTER19,1991-10-01,6993.686819162777
NN3-020_JITTER19,1991-11-01,6056.741758335829
NN3-020_JITTER19,1991-12-01,9782.529163239702
NN3-020_JITTER19,1992-01-01,7898.305292173529
NN3-020_JITTER19,1992-02-01,7755.1349619416405
NN3-020_JITTER19,1992-03-01,7913.415439310407
NN3-020_JITTER19,1992-04-01,7818.488477063587
NN3-020_JITTER19,1992-05-01,5393.747640666949
NN3-020_JITTER19,1992-06-01,7039.254361060354
NN3-020_JITTER19,1992-07-01,6961.201588275499
NN3-020_JITTER19,1992-08-01,4067.815110505272
NN3-020_JITTER19,1992-09-01,4876.446224660209
NN3-020_JITTER19,1992-10-01,4841.288331429152
NN3-020_JITTER19,1992-11-01,6132.079453291656
NN3-020_JITTER19,1992-12-01,6349.293347504755
NN3-020_JITTER19,1993-01-01,7639.682728302914
NN3-020_JITTER19,1993-02-01,5191.3356271451
NN3-020_JITTER19,1993-03-01,6904.090325187323
NN3-021_JITTER20,1990-01-01,4296.81247519106
NN3-021_JITTER20,1990-02-01,6257.524136007279
NN3-021_JITTER20,1990-03-01,6734.059527581779
NN3-021_JITTER20,1990-04-01,5919.153532005152
NN3-021_JITTER20,1990-05-01,5883.901414204804
NN3-021_JITTER20,1990-06-01,6034.507193215231
NN3-021_JITTER20,1990-07-01,4522.708489484824
NN3-021_JITTER20,1990-08-01,5930.424298305372
NN3-021_JITTER20,1990-09-01,4844.37096726172
NN3-021_JITTER20,1990-10-01,7125.495878855479
NN3-021_JITTER20,1990-11-01,5412.839069860022
NN3-021_JITTER20,1990-12-01,5863.005536197306
NN3-021_JITTER20,1991-01-01,7085.320400061057
NN3-021_JITTER20,1991-02-01,7998.590385500367
NN3-021_JITTER20,1991-03-01,5888.935678816972
NN3-021_JITTER20,1991-04-01,6923.028432276789
NN3-021_JITTER20,1991-05-01,6951.658595331527
NN3-021_JITTER20,1991-06-01,4963.0671252995035
NN3-021_JITTER20,1991-07-01,5987.822675674936
NN3-021_JITTER20,1991-08-01,5577.780196878913
NN3-021_JITTER20,1991-09-01,5118.653805103577
NN3-021_JITTER20,1991-10-01,7035.053939904828
NN3-021_JITTER20,1991-11-01,6032.7924454736385
NN3-021_JITTER20,1991-12-01,7830.457361258019
NN3-021_JITTER20,1992-01-01,8059.276393978504
NN3-021_JITTER20,1992-02-01,6431.126352981255
NN3-021_JITTER20,1992-03-01,9314.151104983974
NN3-021_JITTER20,1992-04-01,7027.252557070814
NN3-021_JITTER20,1992-05-01,5423.0880281407635
NN3-021_JITTER20,1992-06-01,5705.37437943519
NN3-021_JITTER20,1992-07-01,6301.909301259399
NN3-021_JITTER20,1992-08-01,5011.361174127064
NN3-021_JITTER20,1992-09-01,5041.477351165002
NN3-021_JITTER20,1992-10-01,6248.094509798381
NN3-021_JITTER20,1992-11-01,6578.225700084997
NN3-021_JITTER20,1992-12-01,6878.2233383113335
NN3-021_JITTER20,1993-01-01,6523.7185676878935
NN3-021_JITTER20,1993-02-01,6554.463592494099
NN3-021_JITTER20,1993-03-01,7262.664643385778
NN3-022_JITTER21,1990-01-01,4141.27563515522
NN3-022_JITTER21,1990-02-01,5032.857277559167
NN3-022_JITTER21,1990-03-01,3706.044907939681
NN3-022_JITTER21,1990-04-01,5687.380893648598
NN3-022_JITTER21,1990-05-01,5007.195552822511
NN3-022_JITTER21,1990-06-01,1980.2778118288718
NN3-022_JITTER21,1990-07-01,3872.1155094346486
NN3-022_JITTER21,1990-08-01,3651.016519566975
NN3-022_JITTER21,1990-09-01,6584.915796949987
NN3-022_JITTER21,1990-10-01,3746.219578301038
NN3-022_JITTER21,1990-11-01,5380.419738654939
NN3-022_JITTER21,1990-12-01,3268.504369592037
NN3-022_JITTER21,1991-01-01,5012.414566490794
NN3-022_JITTER21,1991-02-01,6211.186533089639
NN3-022_JITTER21,1991-03-01,5481.706225600882
NN3-022_JITTER21,1991-04-01,5221.089759647706
NN3-022_JITTER21,1991-05-01,5212.624778539
NN3-022_JITTER21,1991-06-01,4548.255954711024
NN3-022_JITTER21,1991-07-01,2190.703821709958
NN3-022_JITTER21,1991-08-01,2545.5258373159472
NN3-022_JITTER21,1991-09-01,5392.309448611215
NN3-022_JITTER21,1991-10-01,4418.096256353691
NN3-022_JITTER21,1991-11-01,5744.546989227308
NN3-022_JITTER21,1991-12-01,5639.762519279271
NN3-022_JITTER21,1992-01-01,8181.804364204807
NN3-022_JITTER21,1992-02-01,7031.825295920346
NN3-022_JITTER21,1992-03-01,4269.442168639439
NN3-022_JITTER21,1992-04-01,2451.478977382171
NN3-022_JITTER21,1992-05-01,3593.693599678064
NN3-022_JITTER21,1992-06-01,3051.6451000019147
NN3-022_JITTER21,1992-07-01,3144.026686805975
NN3-022_JITTER21,1992-08-01,3620.4722833764868
NN3-022_JITTER21,1992-09-01,3104.335604498238
NN3-022_JITTER21,1992-10-01,4836.726561097232
NN3-022_JITTER21,1992-11-01,6401.285821555163
NN3-022_JITTER21,1992-12-01,3885.6994790986323
NN3-022_JITTER21,1993-01-01,5206.714853395797
NN3-022_JITTER21,1993-02-01,4759.101425612346
NN3-023_JITTER22,1990-01-01,5166.5253902587065
NN3-023_JITTER22,1990-02-01,4018.4725841655913
NN3-023_JITTER22,1990-03-01,4530.425454721046
NN3-023_JITTER22,1990-04-01,3349.012532329515
NN3-023_JITTER22,1990-05-01,3785.096039221261
NN3-023_JITTER22,1990-06-01,3445.8622890024885
NN3-023_JITTER22,1990-07-01,3708.2388083077963
NN3-023_JITTER22,1990-08-01,3892.161022890773
NN3-023_JITTER22,1990-09-01,3176.0880183178383
NN3-023_JITTER22,1990-10-01,4173.786823989461
NN3-023_JITTER22,1990-11-01,4223.5974435869575
NN3-023_JITTER22,1990-12-01,4482.347732333232
NN3-023_JITTER22,1991-01-01,4728.8404186307525
NN3-023_JITTER22,1991-02-01,4914.0702285455
NN3-023_JITTER22,1991-03-01,5993.267419886056
NN3-023_JITTER22,1991-04-01,4347.467354017923
NN3-023_JITTER22,1991-05-01,4312.040573136932
NN3-023_JITTER22,1991-06-01,3242.8554617550167
NN3-023_JITTER22,1991-07-01,3457.9401642878743
NN3-023_JITTER22,1991-08-01,2978.6559702841664
NN3-023_JITTER22,1991-09-01,3373.2432657859026
NN3-023_JITTER22,1991-10-01,3717.8867966520793
NN3-023_JITTER22,1991-11-01,3095.451298397266
NN3-023_JITTER22,1991-12-01,4743.293808367187
NN3-023_JITTER22,1992-01-01,5036.8301823070315
NN3-023_JITTER22,1992-02-01,3757.307130825463
NN3-023_JITTER22,1992-03-01,5137.994730483281
NN3-023_JITTER22,1992-04-01,4026.651754994116
NN3-023_JITTER22,1992-05-01,3301.7173046637936
NN3-023_JITTER22,1992-06-01,3646.591969437025
NN3-023_JITTER22,1992-07-01,3436.199849579861
NN3-023_JITTER22,1992-08-01,3207.318263572563
NN3-023_JITTER22,1992-09-01,3298.4707838746936
NN3-023_JITTER22,1992-10-01,3575.2830594636466
NN3-023_JITTER22,1992-11-01,3693.6538379104873
NN3-023_JITTER22,1992-12-01,3894.4438283338545
NN3-023_JITTER22,1993-01-01,3984.109194615367
NN3-023_JITTER22,1993-02-01,3853.9480653698406
NN3-023_JITTER22,1993-03-01,3969.773134933366
NN3-024_JITTER23,1990-01-01,9056.382331666899
NN3-024_JITTER23,1990-02-01,6617.962809213065
NN3-024_JITTER23,1990-03-01,8000.386641721947
NN3-024_JITTER23,1990-04-01,6895.202189559557
NN3-024_JITTER23,1990-05-01,7610.145405957117
NN3-024_JITTER23,1990-06-01,5194.8810767208715
NN3-024_JITTER23,1990-07-01,4784.138107113133
NN3-024_JITTER23,1990-08-01,5561.958213792063
NN3-024_JITTER23,1990-09-01,7158.734244904809
NN3-024_JITTER23,1990-10-01,10471.795729325664
NN3-024_JITTER23,1990-11-01,8567.298131627742
NN3-024_JITTER23,1990-12-01,4426.799702744308
NN3-024_JITTER23,1991-01-01,8818.273282065737
NN3-024_JITTER23,1991-02-01,6721.756946811802
NN3-024_JITTER23,1991-03-01,5717.220114605729
NN3-024_JITTER23,1991-04-01,6320.485219332011
NN3-024_JITTER23,1991-05-01,9925.978845559666
NN3-024_JITTER23,1991-06-01,5502.945296819853
NN3-024_JITTER23,1991-07-01,7081.339149725594
NN3-024_JITTER23,1991-08-01,5656.425481724356
NN3-024_JITTER23,1991-09-01,5365.48868527796
NN3-024_JITTER23,1991-10-01,10156.755515023813
NN3-024_JITTER23,1991-11-01,7520.338598249257
NN3-024_JITTER23,1991-12-01,5191.284250726097
NN3-024_JITTER23,1992-01-01,7476.453256181378
NN3-024_JITTER23,1992-02-01,5324.3807214756125
NN3-024_JITTER23,1992-03-01,7134.144093583546
NN3-024_JITTER23,1992-04-01,6389.878692274766
NN3-024_JITTER23,1992-05-01,7943.387388604545
NN3-024_JITTER23,1992-06-01,4833.79738066727
NN3-024_JITTER23,1992-07-01,7641.076223335402
NN3-024_JITTER23,1992-08-01,5657.526377022955
NN3-024_JITTER23,1992-09-01,7070.364843447064
NN3-024_JITTER23,1992-10-01,11108.440510057944
NN3-024_JITTER23,1992-11-01,7127.141200644967
NN3-024_JITTER23,1992-12-01,8969.919354315107
NN3-024_JITTER23,1993-01-01,9432.731118479502
NN3-024_JITTER23,1993-02-01,7862.653345319191
NN3-024_JITTER23,1993-03-01,9550.203537770749
NN3-025_JITTER24,1990-01-01,1435.0223090267818
NN3-025_JITTER24,1990-02-01,6384.679224883728
NN3-025_JITTER24,1990-03-01,3196.6543649029536
NN3-025_JITTER24,1990-04-01,5848.710761261448
NN3-025_JITTER24,1990-05-01,1367.885464864066
NN3-025_JITTER24,1990-06-01,2544.1772963911103
NN3-025_JITTER24,1990-07-01,5617.745349097498
NN3-025_JITTER24,1990-08-01,3341.7772875119135
NN3-025_JITTER24,1990-09-01,4774.755122037767
NN3-025_JITTER24,1990-10-01,5127.68733003318
NN3-025_JITTER24,1990-11-01,2781.2125986452374
NN3-025_JITTER24,1990-12-01,3690.0799242049134
NN3-025_JITTER24,1991-01-01,4704.933208401405
NN3-025_JITTER24,1991-02-01,1437.4119646278602
NN3-025_JITTER24,1991-03-01,890.7096523990631
NN3-025_JITTER24,1991-04-01,581.4517490645462
NN3-025_JITTER24,1991-05-01,5313.513163349958
NN3-025_JITTER24,1991-06-01,2501.790660825642
NN3-025_JITTER24,1991-07-01,526.2460807405749
NN3-025_JITTER24,1991-08-01,1300.7631060725812
NN3-025_JITTER24,1991-09-01,3212.2546203704073
NN3-025_JITTER24,1991-10-01,2456.738302168157
NN3-025_JITTER24,1991-11-01,6852.534158769665
NN3-025_JITTER24,1991-12-01,5446.762578286035
NN3-025_JITTER24,1992-01-01,2091.7025028949242
NN3-025_JITTER24,1992-02-01,10497.286416731795
NN3-025_JITTER24,1992-03-01,1665.0440520875554
NN3-025_JITTER24,1992-04-01,1358.769787739576
NN3-025_JITTER24,1992-05-01,2584.237593021159
NN3-025_JITTER24,1992-06-01,8429.311855197126
NN3-025_JITTER24,1992-07-01,2162.168454371307
NN3-025_JITTER24,1992-08-01,4865.993733481264
NN3-025_JITTER24,1992-09-01,2532.157693401829
NN3-025_JITTER24,1992-10-01,4878.247534078754
NN3-025_JITTER24,1992-11-01,4142.095753347253
NN3-025_JITTER24,1992-12-01,3320.2946378562588
NN3-025_JITTER24,1993-01-01,803.2053739859825
NN3-025_JITTER24,1993-02-01,705.8842523811566
NN3-025_JITTER24,1993-03-01,3453.8355040434817
NN3-026_JITTER25,1990-01-01,6866.208526969942
NN3-026_JITTER25,1990-02-01,4173.097311802003
NN3-026_JITTER25,1990-03-01,4188.726118574245
NN3-026_JITTER25,1990-04-01,4403.164057864883
NN3-026_JITTER25,1990-05-01,4141.861469913286
NN3-026_JITTER25,1990-06-01,4266.215304427275
NN3-026_JITTER25,1990-07-01,3874.8504207521464
NN3-026_JITTER25,1990-08-01,2938.419801193809
NN3-026_JITTER25,1990-09-01,2191.8496137534426
NN3-026_JITTER25,1990-10-01,3688.4169090444325
NN3-026_JITTER25,1990-11-01,2020.675258848787
NN3-026_JITTER25,1990-12-01,3715.913445453467
NN3-026_JITTER25,1991-01-01,4519.872924892889
NN3-026_JITTER25,1991-02-01,5829.7297449122025
NN3-026_JITTER25,1991-03-01,5011.878406042316
NN3-026_JITTER25,1991-04-01,2478.7279965640514
NN3-026_JITTER25,1991-05-01,3154.926077748318
NN3-026_JITTER25,1991-06-01,4308.253363652425
NN3-026_JITTER25,1991-07-01,3900.0284693881313
NN3-026_JITTER25,1991-08-01,4513.617670783355
NN3-026_JITTER25,1991-09-01,6381.751779694421
NN3-026_JITTER25,1991-10-01,5067.5745393613815
NN3-026_JITTER25,1991-11-01,3066.9632957277445
NN3-026_JITTER25,1991-12-01,3144.814384700738
NN3-026_JITTER25,1992-01-01,5163.083948297707
NN3-026_JITTER25,1992-02-01,2919.408461239711
NN3-026_JITTER25,1992-03-01,4786.8707380574015
NN3-026_JITTER25,1992-04-01,2167.5872661651083
NN3-026_JITTER25,1992-05-01,2582.347331843372
NN3-026_JITTER25,1992-06-01,5285.5683365202185
NN3-026_JITTER25,1992-07-01,1500.793923830202
NN3-026_JITTER25,1992-08-01,4630.410676113844
NN3-026_JITTER25,1992-09-01,1697.8688489428043
NN3-026_JITTER25,1992-10-01,4706.278199709746
NN3-026_JITTER25,1992-11-01,4959.169534753792
NN3-026_JITTER25,1992-12-01,2371.6898833374385
NN3-026_JITTER25,1993-01-01,3950.4746533270245
NN3-026_JITTER25,1993-02-01,1602.2456534876662
NN3-026_JITTER25,1993-03-01,2241.9875045413164
NN3-027_JITTER26,1990-01-01,6679.149193845802
NN3-027_JITTER26,1990-02-01,4939.016445186598
NN3-027_JITTER26,1990-03-01,4192.811524370064
NN3-027_JITTER26,1990-04-01,5005.235326977348
NN3-027_JITTER26,1990-05-01,6190.751896441319
NN3-027_JITTER26,1990-06-01,6339.272324520846
NN3-027_JITTER26,1990-07-01,5695.734347775128
NN3-027_JITTER26,1990-08-01,4382.890452241737
NN3-027_JITTER26,1990-09-01,4185.0513395572025
NN3-027_JITTER26,1990-10-01,5930.064230167185
NN3-027_JITTER26,1990-11-01,5197.197893602741
NN3-027_JITTER26,1990-12-01,6606.05715069551
NN3-027_JITTER26,1991-01-01,4378.231968513505
NN3-027_JITTER26,1991-02-01,6187.641956851002
NN3-027_JITTER26,1991-03-01,3462.2668494102727
NN3-027_JITTER26,1991-04-01,3485.182772632476
NN3-027_JITTER26,1991-05-01,3764.165160203817
NN3-027_JITTER26,1991-06-01,3862.742788360624
NN3-027_JITTER26,1991-07-01,6002.321078710832
NN3-027_JITTER26,1991-08-01,5065.761983677587
NN3-027_JITTER26,1991-09-01,3523.8699049442052
NN3-027_JITTER26,1991-10-01,4100.242255282208
NN3-027_JITTER26,1991-11-01,3990.0902096561485
NN3-027_JITTER26,1991-12-01,4108.619185008079
NN3-027_JITTER26,1992-01-01,4792.850591958601
NN3-027_JITTER26,1992-02-01,4048.8471091445326
NN3-027_JITTER26,1992-03-01,3691.173632751416
NN3-027_JITTER26,1992-04-01,3189.5246686741834
NN3-027_JITTER26,1992-05-01,3358.116642233076
NN3-027_JITTER26,1992-06-01,4882.2530143910135
NN3-027_JITTER26,1992-07-01,2883.4070791031586
NN3-027_JITTER26,1992-08-01,4309.2894753178
NN3-027_JITTER26,1992-09-01,4797.993315443178
NN3-027_JITTER26,1992-10-01,4616.619134165743
NN3-027_JITTER26,1992-11-01,4890.607164300534
NN3-027_JITTER26,1992-12-01,3644.7946897865545
NN3-027_JITTER26,1993-01-01,4966.127884629187
NN3-027_JITTER26,1993-02-01,1917.3670124187302
NN3-027_JITTER26,1993-03-01,3659.228287186081
NN3-028_JITTER27,1990-01-01,7546.509858789445
NN3-028_JITTER27,1990-02-01,6084.700759898231
NN3-028_JITTER27,1990-03-01,6061.056548623589
NN3-028_JITTER27,1990-04-01,6268.776369329267
NN3-028_JITTER27,1990-05-01,5911.013467869543
NN3-028_JITTER27,1990-06-01,5809.607689049209
NN3-028_JITTER27,1990-07-01,5833.753285677015
NN3-028_JITTER27,1990-08-01,5174.015211726729
NN3-028_JITTER27,1990-09-01,5498.8301816437315
NN3-028_JITTER27,1990-10-01,6607.6526611222625
NN3-028_JITTER27,1990-11-01,7151.743298531267
NN3-028_JITTER27,1990-12-01,5547.117685897673
NN3-028_JITTER27,1991-01-01,7654.367292381839
NN3-028_JITTER27,1991-02-01,5308.572062629624
NN3-028_JITTER27,1991-03-01,5320.325647425414
NN3-028_JITTER27,1991-04-01,6646.292684120234
NN3-028_JITTER27,1991-05-01,6435.016993624903
NN3-028_JITTER27,1991-06-01,5097.303029433623
NN3-028_JITTER27,1991-07-01,6278.589335305232
NN3-028_JITTER27,1991-08-01,5918.76818622557
NN3-028_JITTER27,1991-09-01,5885.214217192867
NN3-028_JITTER27,1991-10-01,6036.252161327752
NN3-028_JITTER27,1991-11-01,6114.299513501606
NN3-028_JITTER27,1991-12-01,6591.212699780363
NN3-028_JITTER27,1992-01-01,6477.79857125142
NN3-028_JITTER27,1992-02-01,5763.818877904041
NN3-028_JITTER27,1992-03-01,6837.721300599886
NN3-028_JITTER27,1992-04-01,5569.250868459144
NN3-028_JITTER27,1992-05-01,6019.676426088131
NN3-028_JITTER27,1992-06-01,6997.069349254928
NN3-028_JITTER27,1992-07-01,6186.38187593657
NN3-028_JITTER27,1992-08-01,6655.3815674957505
NN3-028_JITTER27,1992-09-01,5823.34899352785
NN3-028_JITTER27,1992-10-01,7151.3334079630185
NN3-028_JITTER27,1992-11-01,6077.305237735922
NN3-028_JITTER27,1992-12-01,6407.6596229783045
NN3-028_JITTER27,1993-01-01,6543.889535404603
NN3-028_JITTER27,1993-02-01,5240.079899391238
NN3-028_JITTER27,1993-03-01,7332.365181163202
NN3-029_JITTER28,1990-01-01,4617.259768243273
NN3-029_JITTER28,1990-02-01,3322.6824310500156
NN3-029_JITTER28,1990-03-01,3867.6798793269486
NN3-029_JITTER28,1990-04-01,6301.349229786334
NN3-029_JITTER28,1990-05-01,5043.985212980427
NN3-029_JITTER28,1990-06-01,7504.14356574466
NN3-029_JITTER28,1990-07-01,2884.3877347620523
NN3-029_JITTER28,1990-08-01,2504.5633914226414
NN3-029_JITTER28,1990-09-01,3053.2636709157723
NN3-029_JITTER28,1990-10-01,3428.3577577527417
NN3-029_JITTER28,1990-11-01,4052.686134654741
NN3-029_JITTER28,1990-12-01,2580.7369457491986
NN3-029_JITTER28,1991-01-01,6415.541042231207
NN3-029_JITTER28,1991-02-01,4428.564461375872
NN3-029_JITTER28,1991-03-01,1779.602801214883
NN3-029_JITTER28,1991-04-01,7195.392070277057
NN3-029_JITTER28,1991-05-01,2520.3502335043627
NN3-029_JITTER28,1991-06-01,4006.1142218501363
NN3-029_JITTER28,1991-07-01,4815.748429805076
NN3-029_JITTER28,1991-08-01,3374.7413563137206
NN3-029_JITTER28,1991-09-01,4136.819226015541
NN3-029_JITTER28,1991-10-01,3730.7573437408437
NN3-029_JITTER28,1991-11-01,4951.700275940868
NN3-029_JITTER28,1991-12-01,4114.65551319024
NN3-029_JITTER28,1992-01-01,3894.101989747845
NN3-029_JITTER28,1992-02-01,3343.4701682432337
NN3-029_JITTER28,1992-03-01,3102.07654613302
NN3-029_JITTER28,1992-04-01,2815.4067132007945
NN3-029_JITTER28,1992-05-01,5981.377070206011
NN3-029_JITTER28,1992-06-01,6324.648529432644
NN3-029_JITTER28,1992-07-01,6264.586229263978
NN3-029_JITTER28,1992-08-01,3116.6134445369676
NN3-029_JITTER28,1992-09-01,3369.8313360736247
NN3-029_JITTER28,1992-10-01,3004.1681714671936
NN3-029_JITTER28,1992-11-01,3657.4792488422354
NN3-029_JITTER28,1992-12-01,5469.361003732403
NN3-029_JITTER28,1993-01-01,1941.6894980351135
NN3-029_JITTER28,1993-02-01,3525.8400018249395
NN3-029_JITTER28,1993-03-01,4712.535387909952
NN3-030_JITTER29,1990-01-01,6298.062044794279
NN3-030_JITTER29,1990-02-01,5960.563784780033
NN3-030_JITTER29,1990-03-01,6843.7232879808535
NN3-030_JITTER29,1990-04-01,6086.735428464355
NN3-030_JITTER29,1990-05-01,6658.1655746995775
NN3-030_JITTER29,1990-06-01,5620.204004772257
NN3-030_JITTER29,1990-07-01,5449.983508656838
NN3-030_JITTER29,1990-08-01,6773.217593331383
NN3-030_JITTER29,1990-09-01,5435.700829083774
NN3-030_JITTER29,1990-10-01,7165.257139205034
NN3-030_JITTER29,1990-11-01,7215.7198104430645
NN3-030_JITTER29,1990-12-01,6435.690536901481
NN3-030_JITTER29,1991-01-01,7889.804357222065
NN3-030_JITTER29,1991-02-01,7031.477919438351
NN3-030_JITTER29,1991-03-01,7169.56793251128
NN3-030_JITTER29,1991-04-01,7418.812061691624
NN3-030_JITTER29,1991-05-01,6483.986796518978
NN3-030_JITTER29,1991-06-01,6514.662819742511
NN3-030_JITTER29,1991-07-01,6472.144669268824
NN3-030_JITTER29,1991-08-01,6072.53985926659
NN3-030_JITTER29,1991-09-01,5787.868948667788
NN3-030_JITTER29,1991-10-01,8272.063624727487
NN3-030_JITTER29,1991-11-01,6387.912230222393
NN3-030_JITTER29,1991-12-01,7213.373806252043
NN3-030_JITTER29,1992-01-01,7820.125464078704
NN3-030_JITTER29,1992-02-01,6949.882503675533
NN3-030_JITTER29,1992-03-01,7626.044722297766
NN3-030_JITTER29,1992-04-01,7037.8143540605315
NN3-030_JITTER29,1992-05-01,6627.9819931590855
NN3-030_JITTER29,1992-06-01,6989.21315642401
NN3-030_JITTER29,1992-07-01,6994.177686736814
NN3-030_JITTER29,1992-08-01,5853.373631351899
NN3-030_JITTER29,1992-09-01,7338.237424655809
NN3-030_JITTER29,1992-10-01,6164.274958000913
NN3-030_JITTER29,1992-11-01,6721.838091604173
NN3-030_JITTER29,1992-12-01,7518.103820686787
NN3-030_JITTER29,1993-01-01,7346.607532376948
NN3-030_JITTER29,1993-02-01,7084.791436237264
NN3-030_JITTER29,1993-03-01,7442.5522901510785
NN3-031_JITTER30,1990-01-01,1653.38584462203
NN3-031_JITTER30,1990-02-01,1947.9219784322431
NN3-031_JITTER30,1990-03-01,268.90094306441284
NN3-031_JITTER30,1990-04-01,995.1291003041875
NN3-031_JITTER30,1990-05-01,777.0028314390738
NN3-031_JITTER30,1990-06-01,1531.9723933478315
NN3-031_JITTER30,1990-07-01,475.3651312336821
NN3-031_JITTER30,1990-08-01,592.3624649595049
NN3-031_JITTER30,1990-09-01,4034.7940544721814
NN3-031_JITTER30,1990-10-01,1474.2248786720713
NN3-031_JITTER30,1990-11-01,473.28325482587854
NN3-031_JITTER30,1990-12-01,750.1510046657538
NN3-031_JITTER30,1991-01-01,6063.375927132005
NN3-031_JITTER30,1991-02-01,1976.4660505188863
NN3-031_JITTER30,1991-03-01,4008.141289071764
NN3-031_JITTER30,1991-04-01,2266.321987558731
NN3-031_JITTER30,1991-05-01,182.76508617464623
NN3-031_JITTER30,1991-06-01,1141.0506400928239
NN3-031_JITTER30,1991-07-01,1204.7854791614616
NN3-031_JITTER30,1991-08-01,1200.1040532727095
NN3-031_JITTER30,1991-09-01,915.2909012141245
NN3-031_JITTER30,1991-10-01,2086.5927591761774
NN3-031_JITTER30,1991-11-01,110.0134174124002
NN3-031_JITTER30,1991-12-01,1431.5720015393786
NN3-031_JITTER30,1992-01-01,1254.4355702289604
NN3-031_JITTER30,1992-02-01,1639.3727130604607
NN3-031_JITTER30,1992-03-01,2610.357965058196
NN3-031_JITTER30,1992-04-01,512.1034006528154
NN3-031_JITTER30,1992-05-01,1624.9952884686038
NN3-031_JITTER30,1992-06-01,3322.1445212363833
NN3-031_JITTER30,1992-07-01,7247.614617240894
NN3-031_JITTER30,1992-08-01,517.0861377641422
NN3-031_JITTER30,1992-09-01,2628.669744927291
NN3-031_JITTER30,1992-10-01,863.9293125554761
NN3-031_JITTER30,1992-11-01,3065.2022999868327
NN3-031_JITTER30,1992-12-01,1174.148260137011
NN3-031_JITTER30,1993-01-01,949.2991767549262
NN3-031_JITTER30,1993-02-01,350.2522993453101
NN3-032_JITTER31,1990-01-01,7677.52878950729
NN3-032_JITTER31,1990-02-01,4958.519112912496
NN3-032_JITTER31,1990-03-01,4143.688559664308
NN3-032_JITTER31,1990-04-01,6397.720885842956
NN3-032_JITTER31,1990-05-01,6058.401065641444
NN3-032_JITTER31,1990-06-01,5275.380276932018
NN3-032_JITTER31,1990-07-01,5048.439499777828
NN3-032_JITTER31,1990-08-01,3456.4907881804615
NN3-032_JITTER31,1990-09-01,3965.179207620316
NN3-032_JITTER31,1990-10-01,6622.813861577299
NN3-032_JITTER31,1990-11-01,4222.219284916668
NN3-032_JITTER31,1990-12-01,5541.270786302125
NN3-032_JITTER31,1991-01-01,6470.634924575725
NN3-032_JITTER31,1991-02-01,5237.571606029887
NN3-032_JITTER31,1991-03-01,3190.4202359283695
NN3-032_JITTER31,1991-04-01,6999.364900327035
NN3-032_JITTER31,1991-05-01,6291.62648452296
NN3-032_JITTER31,1991-06-01,4493.535899285597
NN3-032_JITTER31,1991-07-01,4757.695822583904
NN3-032_JITTER31,1991-08-01,8293.459977475764
NN3-032_JITTER31,1991-09-01,5568.172938087498
NN3-032_JITTER31,1991-10-01,6555.2886150664535
NN3-032_JITTER31,1991-11-01,5628.4782238206435
NN3-032_JITTER31,1991-12-01,4136.484629163313
NN3-032_JITTER31,1992-01-01,8099.300411934681
NN3-032_JITTER31,1992-02-01,4460.344257508067
NN3-032_JITTER31,1992-03-01,4865.849291041199
NN3-032_JITTER31,1992-04-01,4676.407161469511
NN3-032_JITTER31,1992-05-01,6973.100107385273
NN3-032_JITTER31,1992-06-01,4506.6641095304085
NN3-032_JITTER31,1992-07-01,6642.688775938876
NN3-032_JITTER31,1992-08-01,6259.419548863052
NN3-032_JITTER31,1992-09-01,6021.517744725991
NN3-032_JITTER31,1992-10-01,5416.938386864973
NN3-032_JITTER31,1992-11-01,2854.1891731677497
NN3-032_JITTER31,1992-12-01,6082.645101478191
NN3-032_JITTER31,1993-01-01,4537.037820463629
NN3-032_JITTER31,1993-02-01,3085.858392164138
NN3-032_JITTER31,1993-03-01,5175.490432723452
NN3-033_JITTER32,1990-01-01,5401.267756986438
NN3-033_JITTER32,1990-02-01,4358.853137426913
NN3-033_JITTER32,1990-03-01,3137.5559477476495
NN3-033_JITTER32,1990-04-01,5249.3487706218875
NN3-033_JITTER32,1990-05-01,4647.875364819438
NN3-033_JITTER32,1990-06-01,4267.636713850092
NN3-033_JITTER32,1990-07-01,5009.04896929336
NN3-033_JITTER32,1990-08-01,3738.557763759539
NN3-033_JITTER32,1990-09-01,3097.4578656203917
NN3-033_JITTER32,1990-10-01,4887.207531709144
NN3-033_JITTER32,1990-11-01,3805.5193550791673
NN3-033_JITTER32,1990-12-01,4845.843603917551
NN3-033_JITTER32,1991-01-01,4624.039463364901
NN3-033_JITTER32,1991-02-01,5057.634914566524
NN3-033_JITTER32,1991-03-01,2849.6194734829423
NN3-033_JITTER32,1991-04-01,5241.071751593739
NN3-033_JITTER32,1991-05-01,4306.11732865971
NN3-033_JITTER32,1991-06-01,4927.089205961589
NN3-033_JITTER32,1991-07-01,5424.080288270152
NN3-033_JITTER32,1991-08-01,5210.604042295384
NN3-033_JITTER32,1991-09-01,4220.374306384262
NN3-033_JITTER32,1991-10-01,6433.715755205262
NN3-033_JITTER32,1991-11-01,3474.4889770091786
NN3-033_JITTER32,1991-12-01,6102.031409132495
NN3-033_JITTER32,1992-01-01,5932.899066762322
NN3-033_JITTER32,1992-02-01,4065.5840085272666
NN3-033_JITTER32,1992-03-01,6295.35375797392
NN3-033_JITTER32,1992-04-01,4593.400548955989
NN3-033_JITTER32,1992-05-01,5608.954939078183
NN3-033_JITTER32,1992-06-01,4629.26284462481
NN3-033_JITTER32,1992-07-01,4703.818059666799
NN3-033_JITTER32,1992-08-01,4983.451189450225
NN3-033_JITTER32,1992-09-01,4355.660983360502
NN3-033_JITTER32,1992-10-01,4876.981525224241
NN3-033_JITTER32,1992-11-01,4042.870325649818
NN3-033_JITTER32,1992-12-01,4563.422652793619
NN3-033_JITTER32,1993-01-01,5525.120904902366
NN3-033_JITTER32,1993-02-01,3132.905152972542
NN3-033_JITTER32,1993-03-01,5685.792400433578
NN3-034_JITTER33,1990-01-01,5694.455274584748
NN3-034_JITTER33,1990-02-01,4106.241305110283
NN3-034_JITTER33,1990-03-01,4683.9946213519415
NN3-034_JITTER33,1990-04-01,4214.899975770971
NN3-034_JITTER33,1990-05-01,4160.995183039072
NN3-034_JITTER33,1990-06-01,3584.2270184287036
NN3-034_JITTER33,1990-07-01,4586.530317149004
NN3-034_JITTER33,1990-08-01,4380.587639324483
NN3-034_JITTER33,1990-09-01,4658.974950245929
NN3-034_JITTER33,1990-10-01,4950.511093243538
NN3-034_JITTER33,1990-11-01,4618.045622042527
NN3-034_JITTER33,1990-12-01,4611.540279238351
NN3-034_JITTER33,1991-01-01,5958.817181525182
NN3-034_JITTER33,1991-02-01,4952.501964994898
NN3-034_JITTER33,1991-03-01,4540.5625939965985
NN3-034_JITTER33,1991-04-01,4100.299973203084
NN3-034_JITTER33,1991-05-01,5049.606179744897
NN3-034_JITTER33,1991-06-01,4495.264109261499
NN3-034_JITTER33,1991-07-01,5241.096781917135
NN3-034_JITTER33,1991-08-01,4509.771289873746
NN3-034_JITTER33,1991-09-01,3544.84786145234
NN3-034_JITTER33,1991-10-01,4996.80439891422
NN3-034_JITTER33,1991-11-01,3634.6196908863635
NN3-034_JITTER33,1991-12-01,5160.58972220072
NN3-034_JITTER33,1992-01-01,5168.6866250949
NN3-034_JITTER33,1992-02-01,3665.4916700262406
NN3-034_JITTER33,1992-03-01,4863.415882160924
NN3-034_JITTER33,1992-04-01,4569.906700503936
NN3-034_JITTER33,1992-05-01,4377.6701661744455
NN3-034_JITTER33,1992-06-01,4709.584830385742
NN3-034_JITTER33,1992-07-01,4805.384539901782
NN3-034_JITTER33,1992-08-01,3600.742891847662
NN3-034_JITTER33,1992-09-01,4469.028473776735
NN3-034_JITTER33,1992-10-01,4567.676825814588
NN3-034_JITTER33,1992-11-01,4341.673224324748
NN3-034_JITTER33,1992-12-01,4871.501691410567
NN3-034_JITTER33,1993-01-01,4389.001909064447
NN3-034_JITTER33,1993-02-01,3991.3533848507864
NN3-034_JITTER33,1993-03-01,4737.090349842479
NN3-035_JITTER34,1990-01-01,3626.515236548687
NN3-035_JITTER34,1990-02-01,2416.237661838438
NN3-035_JITTER34,1990-03-01,3320.1455773711423
NN3-035_JITTER34,1990-04-01,2448.8668443998613
NN3-035_JITTER34,1990-05-01,3200.0881534048744
NN3-035_JITTER34,1990-06-01,2988.1775342162573
NN3-035_JITTER34,1990-07-01,3906.0384180201595
NN3-035_JITTER34,1990-08-01,3313.831730216492
NN3-035_JITTER34,1990-09-01,3372.006587160138
NN3-035_JITTER34,1990-10-01,3753.0986032470464
NN3-035_JITTER34,1990-11-01,4037.9430194791967
NN3-035_JITTER34,1990-12-01,3126.4090639396236
NN3-035_JITTER34,1991-01-01,3452.490238026489
NN3-035_JITTER34,1991-02-01,3765.9316835426393
NN3-035_JITTER34,1991-03-01,3015.6151866401888
NN3-035_JITTER34,1991-04-01,2682.0637450717936
NN3-035_JITTER34,1991-05-01,3826.439984457987
NN3-035_JITTER34,1991-06-01,3345.9846192945656
NN3-035_JITTER34,1991-07-01,3964.286827640326
NN3-035_JITTER34,1991-08-01,2729.709866637828
NN3-035_JITTER34,1991-09-01,2426.6717201337838
NN3-035_JITTER34,1991-10-01,2867.4853929510496
NN3-035_JITTER34,1991-11-01,3104.7527436988157
NN3-035_JITTER34,1991-12-01,3953.3588947450453
NN3-035_JITTER34,1992-01-01,3291.0732936675267
NN3-035_JITTER34,1992-02-01,2741.280218550411
NN3-035_JITTER34,1992-03-01,3158.437703142962
NN3-035_JITTER34,1992-04-01,2532.4450342423584
NN3-035_JITTER34,1992-05-01,3190.4334720673223
NN3-035_JITTER34,1992-06-01,2787.1452679495915
NN3-035_JITTER34,1992-07-01,2577.951329162576
NN3-035_JITTER34,1992-08-01,3023.2904556499066
NN3-035_JITTER34,1992-09-01,2293.1484370888243
NN3-035_JITTER34,1992-10-01,2746.229064368454
NN3-035_JITTER34,1992-11-01,2697.5748131612695
NN3-035_JITTER34,1992-12-01,3014.909769337447
NN3-035_JITTER34,1993-01-01,3026.838749881811
NN3-035_JITTER34,1993-02-01,2427.7318759285763
NN3-035_JITTER34,1993-03-01,3358.6332468455093
NN3-036_JITTER35,1990-01-01,6499.496535561966
NN3-036_JITTER35,1990-02-01,5182.015687682574
NN3-036_JITTER35,1990-03-01,5182.151702492658
NN3-036_JITTER35,1990-04-01,5103.3734610349975
NN3-036_JITTER35,1990-05-01,5286.412295450326
NN3-036_JITTER35,1990-06-01,4780.832744635611
NN3-036_JITTER35,1990-07-01,5820.848200526807
NN3-036_JITTER35,1990-08-01,5195.66717399561
NN3-036_JITTER35,1990-09-01,4156.327099564358
NN3-036_JITTER35,1990-10-01,4947.866431932417
NN3-036_JITTER35,1990-11-01,5701.369260259348
NN3-036_JITTER35,1990-12-01,5763.468946833605
NN3-036_JITTER35,1991-01-01,6797.759253681406
NN3-036_JITTER35,1991-02-01,4450.046680061394
NN3-036_JITTER35,1991-03-01,4301.00379649292
NN3-036_JITTER35,1991-04-01,5505.760238706667
NN3-036_JITTER35,1991-05-01,5620.464423546756
NN3-036_JITTER35,1991-06-01,4471.318637024499
NN3-036_JITTER35,1991-07-01,5292.609653782858
NN3-036_JITTER35,1991-08-01,4493.141489808707
NN3-036_JITTER35,1991-09-01,5372.651630901834
NN3-036_JITTER35,1991-10-01,4494.791056458343
NN3-036_JITTER35,1991-11-01,4625.867752305267
NN3-036_JITTER35,1991-12-01,5847.904807665798
NN3-036_JITTER35,1992-01-01,5424.565592193892
NN3-036_JITTER35,1992-02-01,4857.252827314752
NN3-036_JITTER35,1992-03-01,6117.277979548387
NN3-036_JITTER35,1992-04-01,4596.574980938738
NN3-036_JITTER35,1992-05-01,5011.208040402083
NN3-036_JITTER35,1992-06-01,5241.594746487992
NN3-036_JITTER35,1992-07-01,4789.280940479628
NN3-036_JITTER35,1992-08-01,5065.915209207788
NN3-036_JITTER35,1992-09-01,4786.9766403594995
NN3-036_JITTER35,1992-10-01,5078.126107131645
NN3-036_JITTER35,1992-11-01,5332.284545789306
NN3-036_JITTER35,1992-12-01,5170.419804916252
NN3-036_JITTER35,1993-01-01,5240.672564491886
NN3-036_JITTER35,1993-02-01,4504.329605226715
NN3-036_JITTER35,1993-03-01,6256.173360240568
NN3-037_JITTER36,1990-01-01,6909.022381964819
NN3-037_JITTER36,1990-02-01,6587.489106323656
NN3-037_JITTER36,1990-03-01,6881.410956505234
NN3-037_JITTER36,1990-04-01,6229.432238431266
NN3-037_JITTER36,1990-05-01,6911.778905472156
NN3-037_JITTER36,1990-06-01,4923.047375571697
NN3-037_JITTER36,1990-07-01,6965.211048067321
NN3-037_JITTER36,1990-08-01,7248.9907713433295
NN3-037_JITTER36,1990-09-01,5330.41634450727
NN3-037_JITTER36,1990-10-01,7590.309322807429
NN3-037_JITTER36,1990-11-01,7073.166967435509
NN3-037_JITTER36,1990-12-01,7535.9398623513125
NN3-037_JITTER36,1991-01-01,7100.724727022378
NN3-037_JITTER36,1991-02-01,5739.758570616012
NN3-037_JITTER36,1991-03-01,5917.323738361365
NN3-037_JITTER36,1991-04-01,7824.964046478165
NN3-037_JITTER36,1991-05-01,6997.964824796969
NN3-037_JITTER36,1991-06-01,6327.755566824337
NN3-037_JITTER36,1991-07-01,8067.7209294033755
NN3-037_JITTER36,1991-08-01,7430.870750532414
NN3-037_JITTER36,1991-09-01,7532.833781818206
NN3-037_JITTER36,1991-10-01,6062.213065332656
NN3-037_JITTER36,1991-11-01,6380.055248847371
NN3-037_JITTER36,1991-12-01,7207.4579665983665
NN3-037_JITTER36,1992-01-01,8759.683177727513
NN3-037_JITTER36,1992-02-01,7480.2708904371
NN3-037_JITTER36,1992-03-01,7811.11417166707
NN3-037_JITTER36,1992-04-01,7858.092489836445
NN3-037_JITTER36,1992-05-01,7029.323603612878
NN3-037_JITTER36,1992-06-01,7257.310177085447
NN3-037_JITTER36,1992-07-01,6054.80170514049
NN3-037_JITTER36,1992-08-01,5024.623005301788
NN3-037_JITTER36,1992-09-01,7224.895869682612
NN3-037_JITTER36,1992-10-01,7738.448737954624
NN3-037_JITTER36,1992-11-01,6956.787180650108
NN3-037_JITTER36,1992-12-01,9749.454577151277
NN3-037_JITTER36,1993-01-01,7603.439918271939
NN3-037_JITTER36,1993-02-01,7792.530303543151
NN3-037_JITTER36,1993-03-01,9044.003727661391
NN3-038_JITTER37,1990-01-01,3986.3940218193466
NN3-038_JITTER37,1990-02-01,2746.527243118344
NN3-038_JITTER37,1990-03-01,2057.236660728838
NN3-038_JITTER37,1990-04-01,2779.753095955084
NN3-038_JITTER37,1990-05-01,3076.682450358011
NN3-038_JITTER37,1990-06-01,2587.1681498762046
NN3-038_JITTER37,1990-07-01,2606.808609363351
NN3-038_JITTER37,1990-08-01,3712.233657902038
NN3-038_JITTER37,1990-09-01,2445.807021850882
NN3-038_JITTER37,1990-10-01,3556.968560590281
NN3-038_JITTER37,1990-11-01,2514.958478377881
NN3-038_JITTER37,1990-12-01,2522.1759456114346
NN3-038_JITTER37,1991-01-01,3735.1458442291273
NN3-038_JITTER37,1991-02-01,2528.641059838486
NN3-038_JITTER37,1991-03-01,1889.458641500176
NN3-038_JITTER37,1991-04-01,4416.556391642682
NN3-038_JITTER37,1991-05-01,5356.141001325333
NN3-038_JITTER37,1991-06-01,4717.562558273512
NN3-038_JITTER37,1991-07-01,4210.420320041134
NN3-038_JITTER37,1991-08-01,6384.978194893708
NN3-038_JITTER37,1991-09-01,4456.54164320236
NN3-038_JITTER37,1991-10-01,6410.6930377796625
NN3-038_JITTER37,1991-11-01,4011.9271838140576
NN3-038_JITTER37,1991-12-01,4163.586243614655
NN3-038_JITTER37,1992-01-01,4809.042562496082
NN3-038_JITTER37,1992-02-01,3740.171213679404
NN3-038_JITTER37,1992-03-01,5196.758825121791
NN3-038_JITTER37,1992-04-01,4729.077765612899
NN3-038_JITTER37,1992-05-01,4389.327027653806
NN3-038_JITTER37,1992-06-01,6019.411969164954
NN3-038_JITTER37,1992-07-01,5505.076802340356
NN3-038_JITTER37,1992-08-01,4140.425513560139
NN3-038_JITTER37,1992-09-01,4190.766771475953
NN3-038_JITTER37,1992-10-01,4070.7205501957324
NN3-038_JITTER37,1992-11-01,3705.7251905661183
NN3-038_JITTER37,1992-12-01,4110.731307443798
NN3-038_JITTER37,1993-01-01,5131.284823776427
NN3-038_JITTER37,1993-02-01,3097.314245199241
NN3-038_JITTER37,1993-03-01,3680.5163494589683
NN3-039_JITTER38,1990-01-01,4569.723554962455
NN3-039_JITTER38,1990-02-01,3882.9906818173513
NN3-039_JITTER38,1990-03-01,4199.381341462578
NN3-039_JITTER38,1990-04-01,3204.0061304837755
NN3-039_JITTER38,1990-05-01,4333.688954229234
NN3-039_JITTER38,1990-06-01,4627.993403218442
NN3-039_JITTER38,1990-07-01,3660.806919357729
NN3-039_JITTER38,1990-08-01,4894.052240876852
NN3-039_JITTER38,1990-09-01,4864.389719061906
NN3-039_JITTER38,1990-10-01,4344.106581576913
NN3-039_JITTER38,1990-11-01,4673.371703898032
NN3-039_JITTER38,1990-12-01,3994.6401216747904
NN3-039_JITTER38,1991-01-01,5471.2343364471935
NN3-039_JITTER38,1991-02-01,4218.940340437944
NN3-039_JITTER38,1991-03-01,4158.810245907458
NN3-039_JITTER38,1991-04-01,4602.621496655671
NN3-039_JITTER38,1991-05-01,4413.295893833596
NN3-039_JITTER38,1991-06-01,4191.128639217275
NN3-039_JITTER38,1991-07-01,5115.054992808676
NN3-039_JITTER38,1991-08-01,5283.143256693002
NN3-039_JITTER38,1991-09-01,3955.7796041297033
NN3-039_JITTER38,1991-10-01,4976.188439940073
NN3-039_JITTER38,1991-11-01,3889.0414545331373
NN3-039_JITTER38,1991-12-01,4049.283226620332
NN3-039_JITTER38,1992-01-01,5466.853341121545
NN3-039_JITTER38,1992-02-01,3897.270189399716
NN3-039_JITTER38,1992-03-01,3878.986016546614
NN3-039_JITTER38,1992-04-01,4732.948221605992
NN3-039_JITTER38,1992-05-01,5492.341454133868
NN3-039_JITTER38,1992-06-01,4293.680256356027
NN3-039_JITTER38,1992-07-01,4503.753231065606
NN3-039_JITTER38,1992-08-01,4673.046145219513
NN3-039_JITTER38,1992-09-01,3650.507819818521
NN3-039_JITTER38,1992-10-01,5004.716008568339
NN3-039_JITTER38,1992-11-01,3955.252860414115
NN3-039_JITTER38,1992-12-01,3899.7283053749998
NN3-039_JITTER38,1993-01-01,3722.719369005232
NN3-039_JITTER38,1993-02-01,3614.536504829336
NN3-039_JITTER38,1993-03-01,4442.846729809716
NN3-040_JITTER39,1990-01-01,2838.289550368321
NN3-040_JITTER39,1990-02-01,3627.8684185870293
NN3-040_JITTER39,1990-03-01,3519.136240915243
NN3-040_JITTER39,1990-04-01,3178.815455427016
NN3-040_JITTER39,1990-05-01,3367.1797895763348
NN3-040_JITTER39,1990-06-01,3141.9608031956586
NN3-040_JITTER39,1990-07-01,4262.999548866814
NN3-040_JITTER39,1990-08-01,3148.1326994339297
NN3-040_JITTER39,1990-09-01,4140.723295276955
NN3-040_JITTER39,1990-10-01,3946.034942524166
NN3-040_JITTER39,1990-11-01,3767.178957026498
NN3-040_JITTER39,1990-12-01,2760.515051788639
NN3-040_JITTER39,1991-01-01,4005.218556461208
NN3-040_JITTER39,1991-02-01,2805.1719151358616
NN3-040_JITTER39,1991-03-01,3049.5820767081364
NN3-040_JITTER39,1991-04-01,4179.798315700234
NN3-040_JITTER39,1991-05-01,3417.990995639706
NN3-040_JITTER39,1991-06-01,3313.1662473883716
NN3-040_JITTER39,1991-07-01,3815.126375851841
NN3-040_JITTER39,1991-08-01,3343.533999209261
NN3-040_JITTER39,1991-09-01,3747.7392707828735
NN3-040_JITTER39,1991-10-01,3567.7037528434294
NN3-040_JITTER39,1991-11-01,4026.4310900272544
NN3-040_JITTER39,1991-12-01,3489.2474388791597
NN3-040_JITTER39,1992-01-01,3396.9237092988146
NN3-040_JITTER39,1992-02-01,3975.710085416731
NN3-040_JITTER39,1992-03-01,3719.0524542221433
NN3-040_JITTER39,1992-04-01,3025.0106778992385
NN3-040_JITTER39,1992-05-01,3012.116811460663
NN3-040_JITTER39,1992-06-01,3936.1960856439055
NN3-040_JITTER39,1992-07-01,4671.331110891788
NN3-040_JITTER39,1992-08-01,3497.6446312694925
NN3-040_JITTER39,1992-09-01,3114.6646576749836
NN3-040_JITTER39,1992-10-01,3617.8437186760184
NN3-040_JITTER39,1992-11-01,3250.6782295680673
NN3-040_JITTER39,1992-12-01,3656.795298934521
NN3-040_JITTER39,1993-01-01,3588.7035538159807
NN3-040_JITTER39,1993-02-01,2888.0510994838182
NN3-040_JITTER39,1993-03-01,3269.516434505618
NN3-041_JITTER40,1990-01-01,6117.776079242269
NN3-041_JITTER40,1990-02-01,3843.304345236443
NN3-041_JITTER40,1990-03-01,3913.567115379004
NN3-041_JITTER40,1990-04-01,4449.602061884866
NN3-041_JITTER40,1990-05-01,5044.435912231368
NN3-041_JITTER40,1990-06-01,5618.2817744421245
NN3-041_JITTER40,1990-07-01,5237.155918641779
NN3-041_JITTER40,1990-08-01,4967.610047128572
NN3-041_JITTER40,1990-09-01,6398.7435748912985
NN3-041_JITTER40,1990-10-01,4375.011970043328
NN3-041_JITTER40,1990-11-01,5061.969012860306
NN3-041_JITTER40,1990-12-01,4029.210854401947
NN3-041_JITTER40,1991-01-01,5558.908785319925
NN3-041_JITTER40,1991-02-01,3308.475033625054
NN3-041_JITTER40,1991-03-01,4978.188167431557
NN3-041_JITTER40,1991-04-01,5078.286041167809
NN3-041_JITTER40,1991-05-01,5785.752174692668
NN3-041_JITTER40,1991-06-01,3767.5161231184106
NN3-041_JITTER40,1991-07-01,5447.930866863827
NN3-041_JITTER40,1991-08-01,5901.844232101595
NN3-041_JITTER40,1991-09-01,3578.1045128822157
NN3-041_JITTER40,1991-10-01,3695.175351061604
NN3-041_JITTER40,1991-11-01,4550.81515188736
NN3-041_JITTER40,1991-12-01,5283.988067516589
NN3-041_JITTER40,1992-01-01,4410.757171858993
NN3-041_JITTER40,1992-02-01,3643.4033209900476
NN3-041_JITTER40,1992-03-01,6424.9251019555
NN3-041_JITTER40,1992-04-01,4354.090955872941
NN3-041_JITTER40,1992-05-01,4702.019659521486
NN3-041_JITTER40,1992-06-01,5723.537568269904
NN3-041_JITTER40,1992-07-01,4472.449157457175
NN3-041_JITTER40,1992-08-01,5413.898365965973
NN3-041_JITTER40,1992-09-01,3971.871891604183
NN3-041_JITTER40,1992-10-01,5385.481058215065
NN3-041_JITTER40,1992-11-01,4989.405545602295
NN3-041_JITTER40,1992-12-01,4020.242688966016
NN3-041_JITTER40,1993-01-01,4279.6269776814315
NN3-041_JITTER40,1993-02-01,5060.393254707004
NN3-041_JITTER40,1993-03-01,4924.98132265887
NN3-042_JITTER41,1990-01-01,5866.898751997039
NN3-042_JITTER41,1990-02-01,4977.062174408468
NN3-042_JITTER41,1990-03-01,5506.62316871396
NN3-042_JITTER41,1990-04-01,4964.986828522551
NN3-042_JITTER41,1990-05-01,5125.2109986911
NN3-042_JITTER41,1990-06-01,5802.4443223186
NN3-042_JITTER41,1990-07-01,6586.718078896885
NN3-042_JITTER41,1990-08-01,5778.159997018695
NN3-042_JITTER41,1990-09-01,5166.450595194813
NN3-042_JITTER41,1990-10-01,7248.678096946196
NN3-042_JITTER41,1990-11-01,7256.78737408541
NN3-042_JITTER41,1990-12-01,4323.24735965609
NN3-042_JITTER41,1991-01-01,6854.017417580866
NN3-042_JITTER41,1991-02-01,2976.7332304999463
NN3-042_JITTER41,1991-03-01,3438.4560931536844
NN3-042_JITTER41,1991-04-01,4825.253076342408
NN3-042_JITTER41,1991-05-01,4943.843040473172
NN3-042_JITTER41,1991-06-01,5866.432474562541
NN3-042_JITTER41,1991-07-01,6821.5356888425995
NN3-042_JITTER41,1991-08-01,5979.9409902896905
NN3-042_JITTER41,1991-09-01,4529.514952232577
NN3-042_JITTER41,1991-10-01,5244.844928688487
NN3-042_JITTER41,1991-11-01,5262.044310015902
NN3-042_JITTER41,1991-12-01,4948.324820907041
NN3-042_JITTER41,1992-01-01,5821.973067522462
NN3-042_JITTER41,1992-02-01,4483.105255375552
NN3-042_JITTER41,1992-03-01,7657.096988706274
NN3-042_JITTER41,1992-04-01,3983.7446656247284
NN3-042_JITTER41,1992-05-01,6422.921540150937
NN3-042_JITTER41,1992-06-01,4839.9256044555805
NN3-042_JITTER41,1992-07-01,6450.11192921429
NN3-042_JITTER41,1992-08-01,5951.067211490518
NN3-042_JITTER41,1992-09-01,4488.751504592634
NN3-042_JITTER41,1992-10-01,6471.171222051294
NN3-042_JITTER41,1992-11-01,4453.487294444777
NN3-042_JITTER41,1992-12-01,5077.678779237904
NN3-042_JITTER41,1993-01-01,4347.026040678907
NN3-042_JITTER41,1993-02-01,4466.008555775882
NN3-042_JITTER41,1993-03-01,5750.728306664087
NN3-043_JITTER42,1990-01-01,3052.95782957683
NN3-043_JITTER42,1990-02-01,3007.2119773369795
NN3-043_JITTER42,1990-03-01,2758.0419005532135
NN3-043_JITTER42,1990-04-01,1768.1605514176972
NN3-043_JITTER42,1990-05-01,2394.2920961983423
NN3-043_JITTER42,1990-06-01,3112.1042733490244
NN3-043_JITTER42,1990-07-01,4640.701218695598
NN3-043_JITTER42,1990-08-01,2380.488365255098
NN3-043_JITTER42,1990-09-01,2178.813587220018
NN3-043_JITTER42,1990-10-01,3921.0136034067145
NN3-043_JITTER42,1990-11-01,3004.5593216509783
NN3-043_JITTER42,1990-12-01,2153.5389150188807
NN3-043_JITTER42,1991-01-01,4663.255871389165
NN3-043_JITTER42,1991-02-01,3446.5895249308905
NN3-043_JITTER42,1991-03-01,931.8698078637092
NN3-043_JITTER42,1991-04-01,2714.9485164519897
NN3-043_JITTER42,1991-05-01,2167.4480867449233
NN3-043_JITTER42,1991-06-01,2132.0831246722105
NN3-043_JITTER42,1991-07-01,2716.9230094460436
NN3-043_JITTER42,1991-08-01,1805.0535044876265
NN3-043_JITTER42,1991-09-01,2516.666668391797
NN3-043_JITTER42,1991-10-01,2545.790321076997
NN3-043_JITTER42,1991-11-01,3192.1261315541933
NN3-043_JITTER42,1991-12-01,1684.332159919266
NN3-043_JITTER42,1992-01-01,2869.7340096531975
NN3-043_JITTER42,1992-02-01,5127.11146455883
NN3-043_JITTER42,1992-03-01,1633.9487353898305
NN3-043_JITTER42,1992-04-01,1348.861306919785
NN3-043_JITTER42,1992-05-01,3003.5802581943854
NN3-043_JITTER42,1992-06-01,3090.341217661994
NN3-043_JITTER42,1992-07-01,2980.1388943401666
NN3-043_JITTER42,1992-08-01,3081.0294117075273
NN3-043_JITTER42,1992-09-01,3892.5490871986726
NN3-043_JITTER42,1992-10-01,2637.6880023992535
NN3-043_JITTER42,1992-11-01,2262.8773494074335
NN3-043_JITTER42,1992-12-01,2018.3081085811525
NN3-043_JITTER42,1993-01-01,1795.119596591246
NN3-043_JITTER42,1993-02-01,704.2509273074219
NN3-043_JITTER42,1993-03-01,1736.3268050343283
NN3-044_JITTER43,1990-01-01,2722.623881362746
NN3-044_JITTER43,1990-02-01,3227.6237974734086
NN3-044_JITTER43,1990-03-01,3275.0551598234347
NN3-044_JITTER43,1990-04-01,1281.5786207634014
NN3-044_JITTER43,1990-05-01,941.8291075671892
NN3-044_JITTER43,1990-06-01,1785.4342719025542
NN3-044_JITTER43,1990-07-01,5602.487252988855
NN3-044_JITTER43,1990-08-01,4555.067257861399
NN3-044_JITTER43,1990-09-01,1418.5885855186816
NN3-044_JITTER43,1990-10-01,2478.7003750919466
NN3-044_JITTER43,1990-11-01,4135.915684349792
NN3-044_JITTER43,1990-12-01,2376.2363637606304
NN3-044_JITTER43,1991-01-01,2889.4922252674673
NN3-044_JITTER43,1991-02-01,1582.9519608868732
NN3-044_JITTER43,1991-03-01,4303.519406103194
NN3-044_JITTER43,1991-04-01,1937.6384453554333
NN3-044_JITTER43,1991-05-01,2034.219179137588
NN3-044_JITTER43,1991-06-01,1811.6338115641074
NN3-044_JITTER43,1991-07-01,5423.379300075647
NN3-044_JITTER43,1991-08-01,3960.7922675378077
NN3-044_JITTER43,1991-09-01,3103.193609259111
NN3-044_JITTER43,1991-10-01,3541.79394965057
NN3-044_JITTER43,1991-11-01,4643.280638094895
NN3-044_JITTER43,1991-12-01,758.3780296743563
NN3-044_JITTER43,1992-01-01,2893.4530565491823
NN3-044_JITTER43,1992-02-01,1451.3491629895127
NN3-044_JITTER43,1992-03-01,2638.77683239388
NN3-044_JITTER43,1992-04-01,2389.5785972272843
NN3-044_JITTER43,1992-05-01,2567.3491159200435
NN3-044_JITTER43,1992-06-01,2983.7511245624805
NN3-044_JITTER43,1992-07-01,4368.945307125759
NN3-044_JITTER43,1992-08-01,2947.631970780341
NN3-044_JITTER43,1992-09-01,1811.890272892325
NN3-044_JITTER43,1992-10-01,1268.869200866542
NN3-044_JITTER43,1992-11-01,3385.3061834455793
NN3-044_JITTER43,1992-12-01,3747.25405581166
NN3-044_JITTER43,1993-01-01,3148.0261196585666
NN3-044_JITTER43,1993-02-01,1654.6998192516396
NN3-044_JITTER43,1993-03-01,8166.594014872853
NN3-045_JITTER44,1990-01-01,2342.283393536303
NN3-045_JITTER44,1990-02-01,1244.5183398772476
NN3-045_JITTER44,1990-03-01,5850.246558561889
NN3-045_JITTER44,1990-04-01,2496.993591469022
NN3-045_JITTER44,1990-05-01,4689.123522691285
NN3-045_JITTER44,1990-06-01,2524.647509527181
NN3-045_JITTER44,1990-07-01,2442.8771004344426
NN3-045_JITTER44,1990-08-01,3497.3042089013184
NN3-045_JITTER44,1990-09-01,2774.6879231770668
NN3-045_JITTER44,1990-10-01,4558.606898311186
NN3-045_JITTER44,1990-11-01,4398.902003979986
NN3-045_JITTER44,1990-12-01,2459.4706805914266
NN3-045_JITTER44,1991-01-01,4391.697576894051
NN3-045_JITTER44,1991-02-01,2354.421881985496
NN3-045_JITTER44,1991-03-01,1988.7628890145704
NN3-045_JITTER44,1991-04-01,2910.3681085969893
NN3-045_JITTER44,1991-05-01,7226.081478224554
NN3-045_JITTER44,1991-06-01,5230.232566283816
NN3-045_JITTER44,1991-07-01,1250.5349339491493
NN3-045_JITTER44,1991-08-01,3633.0411355561696
NN3-045_JITTER44,1991-09-01,1610.6579084088642
NN3-045_JITTER44,1991-10-01,2842.252727354719
NN3-045_JITTER44,1991-11-01,2831.562545513767
NN3-045_JITTER44,1991-12-01,3734.495176364505
NN3-045_JITTER44,1992-01-01,4156.144351349279
NN3-045_JITTER44,1992-02-01,1679.8685809516078
NN3-045_JITTER44,1992-03-01,2200.3711736596956
NN3-045_JITTER44,1992-04-01,3364.5248551907316
NN3-045_JITTER44,1992-05-01,3510.2858723515524
NN3-045_JITTER44,1992-06-01,2034.8223703908877
NN3-045_JITTER44,1992-07-01,4154.5473186484805
NN3-045_JITTER44,1992-08-01,1219.2907138988105
NN3-045_JITTER44,1992-09-01,2464.6143879373767
NN3-045_JITTER44,1992-10-01,4116.691442689224
NN3-045_JITTER44,1992-11-01,3422.3154885740673
NN3-045_JITTER44,1992-12-01,3566.9887382244788
NN3-045_JITTER44,1993-01-01,931.1101607075457
NN3-045_JITTER44,1993-02-01,4361.279428696542
NN3-045_JITTER44,1993-03-01,1444.7419590907123
NN3-046_JITTER45,1990-01-01,5131.289992111242
NN3-046_JITTER45,1990-02-01,4642.635985324602
NN3-046_JITTER45,1990-03-01,5754.3646945067685
NN3-046_JITTER45,1990-04-01,3691.331646815648
NN3-046_JITTER45,1990-05-01,4075.0675745857657
NN3-046_JITTER45,1990-06-01,3947.9696489336634
NN3-046_JITTER45,1990-07-01,2907.5324245205434
NN3-046_JITTER45,1990-08-01,2429.385513074062
NN3-046_JITTER45,1990-09-01,3734.7171385016213
NN3-046_JITTER45,1990-10-01,4603.132295922297
NN3-046_JITTER45,1990-11-01,3186.5885967914196
NN3-046_JITTER45,1990-12-01,4607.503700895034
NN3-046_JITTER45,1991-01-01,4532.583512996846
NN3-046_JITTER45,1991-02-01,5170.278925730596
NN3-046_JITTER45,1991-03-01,3659.034082205311
NN3-046_JITTER45,1991-04-01,3742.4858278922843
NN3-046_JITTER45,1991-05-01,3268.9799854097573
NN3-046_JITTER45,1991-06-01,3555.1398369752824
NN3-046_JITTER45,1991-07-01,5153.615380478482
NN3-046_JITTER45,1991-08-01,4568.859533329377
NN3-046_JITTER45,1991-09-01,2375.0509947606524
NN3-046_JITTER45,1991-10-01,6899.762546656329
NN3-046_JITTER45,1991-11-01,3455.5479139937997
NN3-046_JITTER45,1991-12-01,4704.2949408705945
NN3-046_JITTER45,1992-01-01,5751.928118188464
NN3-046_JITTER45,1992-02-01,5237.44575019371
NN3-046_JITTER45,1992-03-01,5938.80859646576
NN3-046_JITTER45,1992-04-01,4294.887205153523
NN3-046_JITTER45,1992-05-01,2917.236999717987
NN3-046_JITTER45,1992-06-01,2060.207928917996
NN3-046_JITTER45,1992-07-01,3397.183090708134
NN3-046_JITTER45,1992-08-01,4271.497911810565
NN3-046_JITTER45,1992-09-01,5411.067405031478
NN3-046_JITTER45,1992-10-01,7002.675228852156
NN3-046_JITTER45,1992-11-01,3202.036157722301
NN3-046_JITTER45,1992-12-01,5068.480493971826
NN3-046_JITTER45,1993-01-01,5137.145564936638
NN3-046_JITTER45,1993-02-01,3601.385910763402
NN3-046_JITTER45,1993-03-01,3396.706085730919
NN3-047_JITTER46,1990-01-01,12092.612199298319
NN3-047_JITTER46,1990-02-01,4461.9349383581
NN3-047_JITTER46,1990-03-01,5496.259313035253
NN3-047_JITTER46,1990-04-01,8798.124015721962
NN3-047_JITTER46,1990-05-01,6291.544424526952
NN3-047_JITTER46,1990-06-01,5455.566819666864
NN3-047_JITTER46,1990-07-01,10372.089886339978
NN3-047_JITTER46,1990-08-01,6995.857036826085
NN3-047_JITTER46,1990-09-01,3796.40937114564
NN3-047_JITTER46,1990-10-01,7486.882565972165
NN3-047_JITTER46,1990-11-01,5287.904228538801
NN3-047_JITTER46,1990-12-01,5262.313487753132
NN3-047_JITTER46,1991-01-01,7186.198402401214
NN3-047_JITTER46,1991-02-01,5412.879871110271
NN3-047_JITTER46,1991-03-01,8243.457281264584
NN3-047_JITTER46,1991-04-01,8292.447505764014
NN3-047_JITTER46,1991-05-01,5976.668991225535
NN3-047_JITTER46,1991-06-01,6867.654120249642
NN3-047_JITTER46,1991-07-01,5730.336359745206
NN3-047_JITTER46,1991-08-01,6940.362578914412
NN3-047_JITTER46,1991-09-01,4401.387404033284
NN3-047_JITTER46,1991-10-01,4064.2426028953105
NN3-047_JITTER46,1991-11-01,7124.909121573809
NN3-047_JITTER46,1991-12-01,7311.724019911131
NN3-047_JITTER46,1992-01-01,5889.8874285105185
NN3-047_JITTER46,1992-02-01,4255.290750606975
NN3-047_JITTER46,1992-03-01,3392.4812022105752
NN3-047_JITTER46,1992-04-01,4129.323334804688
NN3-047_JITTER46,1992-05-01,6046.018289804493
NN3-047_JITTER46,1992-06-01,6665.043537447135
NN3-047_JITTER46,1992-07-01,6313.673761502002
NN3-047_JITTER46,1992-08-01,6973.620691992271
NN3-047_JITTER46,1992-09-01,4892.398515134974
NN3-047_JITTER46,1992-10-01,7000.115465659222
NN3-047_JITTER46,1992-11-01,7092.0279999826535
NN3-047_JITTER46,1992-12-01,5118.455598513241
NN3-047_JITTER46,1993-01-01,7599.201736756041
NN3-047_JITTER46,1993-02-01,3014.503352333316
NN3-047_JITTER46,1993-03-01,4703.045319215155
NN3-048_JITTER47,1990-01-01,6449.025379668137
NN3-048_JITTER47,1990-02-01,6932.533629986456
NN3-048_JITTER47,1990-03-01,7951.589491396476
NN3-048_JITTER47,1990-04-01,4471.732651591367
NN3-048_JITTER47,1990-05-01,5467.306113637067
NN3-048_JITTER47,1990-06-01,4637.6195955902
NN3-048_JITTER47,1990-07-01,7165.858017154575
NN3-048_JITTER47,1990-08-01,6049.740271168981
NN3-048_JITTER47,1990-09-01,6251.723735957147
NN3-048_JITTER47,1990-10-01,6661.5111355115205
NN3-048_JITTER47,1990-11-01,7687.8591515747685
NN3-048_JITTER47,1990-12-01,4386.952587669752
NN3-048_JITTER47,1991-01-01,7815.665170876661
NN3-048_JITTER47,1991-02-01,6007.321438764823
NN3-048_JITTER47,1991-03-01,7337.277991123682
NN3-048_JITTER47,1991-04-01,6871.79227301656
NN3-048_JITTER47,1991-05-01,7308.3945741903135
NN3-048_JITTER47,1991-06-01,5609.821584443719
NN3-048_JITTER47,1991-07-01,7682.857814128428
NN3-048_JITTER47,1991-08-01,7269.794942329105
NN3-048_JITTER47,1991-09-01,8573.206528448893
NN3-048_JITTER47,1991-10-01,8385.963775457736
NN3-048_JITTER47,1991-11-01,7322.220455633797
NN3-048_JITTER47,1991-12-01,5224.436377840483
NN3-048_JITTER47,1992-01-01,6232.154492332087
NN3-048_JITTER47,1992-02-01,7264.677502329318
NN3-048_JITTER47,1992-03-01,6566.445555494696
NN3-048_JITTER47,1992-04-01,6012.822248536112
NN3-048_JITTER47,1992-05-01,7318.1465560096285
NN3-048_JITTER47,1992-06-01,6714.905573756446
NN3-048_JITTER47,1992-07-01,7070.004071796282
NN3-048_JITTER47,1992-08-01,5622.417003668615
NN3-048_JITTER47,1992-09-01,7385.378433894331
NN3-048_JITTER47,1992-10-01,4115.595739978579
NN3-048_JITTER47,1992-11-01,6829.992500611212
NN3-048_JITTER47,1992-12-01,5499.604843313224
NN3-048_JITTER47,1993-01-01,6214.450066441765
NN3-048_JITTER47,1993-02-01,6163.703862873073
NN3-048_JITTER47,1993-03-01,7731.410738117762
NN3-049_JITTER48,1990-01-01,4135.5314790275
NN3-049_JITTER48,1990-02-01,5253.014485870475
NN3-049_JITTER48,1990-03-01,4018.7402425430155
NN3-049_JITTER48,1990-04-01,5491.759968765199
NN3-049_JITTER48,1990-05-01,4327.7299384411435
NN3-049_JITTER48,1990-06-01,4225.568678655473
NN3-049_JITTER48,1990-07-01,4466.393020225281
NN3-049_JITTER48,1990-08-01,2250.9794707266024
NN3-049_JITTER48,1990-09-01,1738.536942726234
NN3-049_JITTER48,1990-10-01,6268.679711432215
NN3-049_JITTER48,1990-11-01,6611.281170032834
NN3-049_JITTER48,1990-12-01,3206.302396608018
NN3-049_JITTER48,1991-01-01,8012.558347323005
NN3-049_JITTER48,1991-02-01,3743.749314945518
NN3-049_JITTER48,1991-03-01,1787.9875583748947
NN3-049_JITTER48,1991-04-01,5513.179917555356
NN3-049_JITTER48,1991-05-01,6621.90773307017
NN3-049_JITTER48,1991-06-01,3634.6655803996355
NN3-049_JITTER48,1991-07-01,2431.735308921678
NN3-049_JITTER48,1991-08-01,2140.3776665359123
NN3-049_JITTER48,1991-09-01,3689.761068016268
NN3-049_JITTER48,1991-10-01,2997.5683332073345
NN3-049_JITTER48,1991-11-01,2263.6886051136944
NN3-049_JITTER48,1991-12-01,3448.2845725603356
NN3-049_JITTER48,1992-01-01,2064.9552161932083
NN3-049_JITTER48,1992-02-01,4567.932800909538
NN3-049_JITTER48,1992-03-01,1772.1200773557239
NN3-049_JITTER48,1992-04-01,4192.5928583074665
NN3-049_JITTER48,1992-05-01,2704.0153180477714
NN3-049_JITTER48,1992-06-01,8782.12784851935
NN3-049_JITTER48,1992-07-01,3023.295591902155
NN3-049_JITTER48,1992-08-01,2078.838617708537
NN3-049_JITTER48,1992-09-01,3725.6780933117147
NN3-049_JITTER48,1992-10-01,2625.2346723058367
NN3-049_JITTER48,1992-11-01,2703.8189211910812
NN3-049_JITTER48,1992-12-01,6328.880334828843
NN3-049_JITTER48,1993-01-01,3814.92007383834
NN3-049_JITTER48,1993-02-01,4855.732068962366
NN3-049_JITTER48,1993-03-01,4846.7223513068475
NN3-050_JITTER49,1990-01-01,8405.91141803217
NN3-050_JITTER49,1990-02-01,8216.271091489354
NN3-050_JITTER49,1990-03-01,8421.304727298451
NN3-050_JITTER49,1990-04-01,7081.27150611716
NN3-050_JITTER49,1990-05-01,6926.377261384383
NN3-050_JITTER49,1990-06-01,6814.771556946949
NN3-050_JITTER49,1990-07-01,7301.6598428407515
NN3-050_JITTER49,1990-08-01,6924.661519686079
NN3-050_JITTER49,1990-09-01,4132.6363772884715
NN3-050_JITTER49,1990-10-01,7228.308015508405
NN3-050_JITTER49,1990-11-01,8058.590735338916
NN3-050_JITTER49,1990-12-01,5576.880092658988
NN3-050_JITTER49,1991-01-01,8592.582513106192
NN3-050_JITTER49,1991-02-01,7076.426908763054
NN3-050_JITTER49,1991-03-01,5542.364660889734
NN3-050_JITTER49,1991-04-01,8381.611661349287
NN3-050_JITTER49,1991-05-01,5894.5909299264595
NN3-050_JITTER49,1991-06-01,5215.808832508508
NN3-050_JITTER49,1991-07-01,6658.674442958294
NN3-050_JITTER49,1991-08-01,5903.950141017728
NN3-050_JITTER49,1991-09-01,6018.235367612313
NN3-050_JITTER49,1991-10-01,7119.6225385697635
NN3-050_JITTER49,1991-11-01,5877.3177651856195
NN3-050_JITTER49,1991-12-01,6814.452280374925
NN3-050_JITTER49,1992-01-01,7179.077340905849
NN3-050_JITTER49,1992-02-01,6386.445708390314
NN3-050_JITTER49,1992-03-01,6308.42750028299
NN3-050_JITTER49,1992-04-01,5893.45280324575
NN3-050_JITTER49,1992-05-01,6366.671140165979
NN3-050_JITTER49,1992-06-01,6053.472604677313
NN3-050_JITTER49,1992-07-01,7672.212990297799
NN3-050_JITTER49,1992-08-01,6379.093819206675
NN3-050_JITTER49,1992-09-01,6217.325585373089
NN3-050_JITTER49,1992-10-01,7179.59444547311
NN3-050_JITTER49,1992-11-01,6326.647656204255
NN3-050_JITTER49,1992-12-01,7485.413839881576
NN3-050_JITTER49,1993-01-01,6561.326156245254
NN3-050_JITTER49,1993-02-01,6190.2155397292745
NN3-050_JITTER49,1993-03-01,9103.724256323732
NN3-051_JITTER50,1982-01-01,5441.302346852721
NN3-051_JITTER50,1982-02-01,5329.289144489209
NN3-051_JITTER50,1982-03-01,5929.848853123745
NN3-051_JITTER50,1982-04-01,5572.217374770801
NN3-051_JITTER50,1982-05-01,5597.30869463688
NN3-051_JITTER50,1982-06-01,5617.883886627345
NN3-051_JITTER50,1982-07-01,5481.691707272615
NN3-051_JITTER50,1982-08-01,4805.266934979392
NN3-051_JITTER50,1982-09-01,4054.005191584598
NN3-051_JITTER50,1982-10-01,3918.898750688442
NN3-051_JITTER50,1982-11-01,4622.314515432425
NN3-051_JITTER50,1982-12-01,5604.6248708040575
NN3-051_JITTER50,1983-01-01,5797.224026827072
NN3-051_JITTER50,1983-02-01,5623.194636709068
NN3-051_JITTER50,1983-03-01,5991.205414416701
NN3-051_JITTER50,1983-04-01,5947.987655143698
NN3-051_JITTER50,1983-05-01,6230.357972791486
NN3-051_JITTER50,1983-06-01,6224.890673914669
NN3-051_JITTER50,1983-07-01,5652.272953228186
NN3-051_JITTER50,1983-08-01,5135.828309373223
NN3-051_JITTER50,1983-09-01,4330.910577938761
NN3-051_JITTER50,1983-10-01,4143.423739798302
NN3-051_JITTER50,1983-11-01,4930.228118884923
NN3-051_JITTER50,1983-12-01,6324.421208719434
NN3-051_JITTER50,1984-01-01,5980.636049324556
NN3-051_JITTER50,1984-02-01,5522.435371356231
NN3-051_JITTER50,1984-03-01,6105.4901338193295
NN3-051_JITTER50,1984-04-01,5986.465047911386
NN3-051_JITTER50,1984-05-01,6287.6862373838885
NN3-051_JITTER50,1984-06-01,5802.199759469205
NN3-051_JITTER50,1984-07-01,5465.900296665623
NN3-051_JITTER50,1984-08-01,4994.949813588288
NN3-051_JITTER50,1984-09-01,4134.477241754829
NN3-051_JITTER50,1984-10-01,4198.062299100421
NN3-051_JITTER50,1984-11-01,4456.7958933289565
NN3-051_JITTER50,1984-12-01,5181.876391458397
NN3-051_JITTER50,1985-01-01,5503.622814144751
NN3-051_JITTER50,1985-02-01,5157.096505699604
NN3-051_JITTER50,1985-03-01,4882.818382972685
NN3-051_JITTER50,1985-04-01,4933.494197332658
NN3-051_JITTER50,1985-05-01,5228.71976286976
NN3-051_JITTER50,1985-06-01,4762.197290796347
NN3-051_JITTER50,1985-07-01,4244.827509254198
NN3-051_JITTER50,1985-08-01,4024.083842075961
NN3-051_JITTER50,1985-09-01,3708.0957147691515
NN3-051_JITTER50,1985-10-01,4087.407148522892
NN3-051_JITTER50,1985-11-01,4622.09139587097
NN3-051_JITTER50,1985-12-01,5077.809102918142
NN3-051_JITTER50,1986-01-01,4340.282548122424
NN3-051_JITTER50,1986-02-01,4659.822519891805
NN3-051_JITTER50,1986-03-01,5725.837299165435
NN3-051_JITTER50,1986-04-01,5524.78992151093
NN3-051_JITTER50,1986-05-01,5408.256447235079
NN3-051_JITTER50,1986-06-01,5303.059886631558
NN3-051_JITTER50,1986-07-01,4907.994737868381
NN3-051_JITTER50,1986-08-01,4208.7627273546905
NN3-051_JITTER50,1986-09-01,4207.935506786663
NN3-051_JITTER50,1986-10-01,4187.922239961761
NN3-051_JITTER50,1986-11-01,4623.053985904983
NN3-051_JITTER50,1986-12-01,5199.303901519335
NN3-051_JITTER50,1987-01-01,5015.273473960742
NN3-051_JITTER50,1987-02-01,4239.503846167521
NN3-051_JITTER50,1987-03-01,4635.9887023157435
NN3-051_JITTER50,1987-04-01,4431.539773664321
NN3-051_JITTER50,1987-05-01,4781.271412101851
NN3-051_JITTER50,1987-06-01,4139.442627607149
NN3-051_JITTER50,1987-07-01,4031.936371560736
NN3-051_JITTER50,1987-08-01,3656.8212462868396
NN3-051_JITTER50,1987-09-01,3730.684455845783
NN3-051_JITTER50,1987-10-01,3540.967293284577
NN3-051_JITTER50,1987-11-01,3375.3041745967093
NN3-051_JITTER50,1987-12-01,4286.358548166018
NN3-051_JITTER50,1988-01-01,4491.2742139034135
NN3-051_JITTER50,1988-02-01,3766.7512163635297
NN3-051_JITTER50,1988-03-01,3951.468819816244
NN3-051_JITTER50,1988-04-01,3791.1842315790705
NN3-051_JITTER50,1988-05-01,4171.564289945948
NN3-051_JITTER50,1988-06-01,3619.7222173221585
NN3-051_JITTER50,1988-07-01,3423.0835903209017
NN3-051_JITTER50,1988-08-01,3308.703745094326
NN3-051_JITTER50,1988-09-01,3204.9710534377014
NN3-051_JITTER50,1988-10-01,3013.675827306211
NN3-051_JITTER50,1988-11-01,3702.320507598326
NN3-051_JITTER50,1988-12-01,3916.3490507614647
NN3-051_JITTER50,1989-01-01,4183.364672244354
NN3-051_JITTER50,1989-02-01,3778.850797492182
NN3-051_JITTER50,1989-03-01,4522.036186600135
NN3-051_JITTER50,1989-04-01,4849.3856749196075
NN3-051_JITTER50,1989-05-01,5537.45527970876
NN3-051_JITTER50,1989-06-01,5201.316574010426
NN3-051_JITTER50,1989-07-01,4493.057812193671
NN3-051_JITTER50,1989-08-01,4049.7361153271036
NN3-051_JITTER50,1989-09-01,3811.0522455719774
NN3-051_JITTER50,1989-10-01,3993.9615539628653
NN3-051_JITTER50,1989-11-01,4282.512232480127
NN3-051_JITTER50,1989-12-01,4330.643923184163
NN3-051_JITTER50,1990-01-01,4614.85794798651
NN3-051_JITTER50,1990-02-01,4813.807360451339
NN3-051_JITTER50,1990-03-01,5549.030349114565
NN3-051_JITTER50,1990-04-01,5056.976270473427
NN3-051_JITTER50,1990-05-01,5371.040255961568
NN3-051_JITTER50,1990-06-01,5514.940845817039
NN3-051_JITTER50,1990-07-01,4781.726871304662
NN3-051_JITTER50,1990-08-01,4202.463171876701
NN3-051_JITTER50,1990-09-01,3414.2389017484666
NN3-051_JITTER50,1990-10-01,3793.835481021245
NN3-051_JITTER50,1990-11-01,4020.488464113361
NN3-051_JITTER50,1990-12-01,4821.094198062358
NN3-051_JITTER50,1991-01-01,5110.094098946502
NN3-051_JITTER50,1991-02-01,4315.579274719616
NN3-051_JITTER50,1991-03-01,5139.655330562564
NN3-052_JITTER51,1982-01-01,7445.33496520604
NN3-052_JITTER51,1982-02-01,7609.0663577443975
NN3-052_JITTER51,1982-03-01,8491.00945195527
NN3-052_JITTER51,1982-04-01,7562.421724262184
NN3-052_JITTER51,1982-05-01,7428.765572600929
NN3-052_JITTER51,1982-06-01,7827.031726065703
NN3-052_JITTER51,1982-07-01,6157.62194212831
NN3-052_JITTER51,1982-08-01,7398.001224540986
NN3-052_JITTER51,1982-09-01,7811.223522708906
NN3-052_JITTER51,1982-10-01,7682.512191726351
NN3-052_JITTER51,1982-11-01,6846.33577507415
NN3-052_JITTER51,1982-12-01,6942.471279662131
NN3-052_JITTER51,1983-01-01,7745.523086680634
NN3-052_JITTER51,1983-02-01,7508.169589137763
NN3-052_JITTER51,1983-03-01,7665.453533216966
NN3-052_JITTER51,1983-04-01,8174.7250238362985
NN3-052_JITTER51,1983-05-01,7823.285484872705
NN3-052_JITTER51,1983-06-01,7832.057426933128
NN3-052_JITTER51,1983-07-01,6339.505946569506
NN3-052_JITTER51,1983-08-01,8243.105113690233
NN3-052_JITTER51,1983-09-01,8092.5359389764635
NN3-052_JITTER51,1983-10-01,8484.253037863313
NN3-052_JITTER51,1983-11-01,7574.364917995888
NN3-052_JITTER51,1983-12-01,7745.448083277803
NN3-052_JITTER51,1984-01-01,8393.806881599263
NN3-052_JITTER51,1984-02-01,8686.62201743088
NN3-052_JITTER51,1984-03-01,9548.57777723162
NN3-052_JITTER51,1984-04-01,8528.180538587578
NN3-052_JITTER51,1984-05-01,9039.571154587005
NN3-052_JITTER51,1984-06-01,9331.264161296296
NN3-052_JITTER51,1984-07-01,7730.732827727444
NN3-052_JITTER51,1984-08-01,8996.815929686001
NN3-052_JITTER51,1984-09-01,8685.977542317472
NN3-052_JITTER51,1984-10-01,9532.680847735708
NN3-052_JITTER51,1984-11-01,8289.35935720105
NN3-052_JITTER51,1984-12-01,7794.418980714295
NN3-052_JITTER51,1985-01-01,9207.442599077976
NN3-052_JITTER51,1985-02-01,8749.806517933353
NN3-052_JITTER51,1985-03-01,9378.711892334475
NN3-052_JITTER51,1985-04-01,8670.834167098425
NN3-052_JITTER51,1985-05-01,8459.63279193095
NN3-052_JITTER51,1985-06-01,7575.229329470739
NN3-052_JITTER51,1985-07-01,6525.359537106155
NN3-052_JITTER51,1985-08-01,8347.426598291431
NN3-052_JITTER51,1985-09-01,8373.570333164012
NN3-052_JITTER51,1985-10-01,8820.70109911348
NN3-052_JITTER51,1985-11-01,7566.563675916585
NN3-052_JITTER51,1985-12-01,6898.67072746835
NN3-052_JITTER51,1986-01-01,8132.034485895172
NN3-052_JITTER51,1986-02-01,7986.068250353786
NN3-052_JITTER51,1986-03-01,8515.058654743269
NN3-052_JITTER51,1986-04-01,7988.04340281468
NN3-052_JITTER51,1986-05-01,7524.736484538292
NN3-052_JITTER51,1986-06-01,7326.462067808788
NN3-052_JITTER51,1986-07-01,7071.537309167776
NN3-052_JITTER51,1986-08-01,8074.537849285743
NN3-052_JITTER51,1986-09-01,8212.520471573405
NN3-052_JITTER51,1986-10-01,9027.729380043842
NN3-052_JITTER51,1986-11-01,7538.439092898858
NN3-052_JITTER51,1986-12-01,7604.370682676651
NN3-052_JITTER51,1987-01-01,8466.779297499665
NN3-052_JITTER51,1987-02-01,8245.304038085573
NN3-052_JITTER51,1987-03-01,8865.856065627364
NN3-052_JITTER51,1987-04-01,8329.547781124731
NN3-052_JITTER51,1987-05-01,8463.437283384994
NN3-052_JITTER51,1987-06-01,8278.429989216325
NN3-052_JITTER51,1987-07-01,7888.983609471343
NN3-052_JITTER51,1987-08-01,8387.198936135526
NN3-052_JITTER51,1987-09-01,8668.259426871577
NN3-052_JITTER51,1987-10-01,9507.472507816625
NN3-052_JITTER51,1987-11-01,8214.245408155291
NN3-052_JITTER51,1987-12-01,8224.965884005498
NN3-052_JITTER51,1988-01-01,8620.753580259701
NN3-052_JITTER51,1988-02-01,9117.958086565457
NN3-052_JITTER51,1988-03-01,9553.79614818603
NN3-052_JITTER51,1988-04-01,8820.716307256434
NN3-052_JITTER51,1988-05-01,8736.216134687988
NN3-052_JITTER51,1988-06-01,9029.600114347179
NN3-052_JITTER51,1988-07-01,7478.926643768718
NN3-052_JITTER51,1988-08-01,9016.869544335232
NN3-052_JITTER51,1988-09-01,9137.150747221758
NN3-052_JITTER51,1988-10-01,9532.486045266352
NN3-052_JITTER51,1988-11-01,8721.19276870854
NN3-052_JITTER51,1988-12-01,8114.997922707569
NN3-052_JITTER51,1989-01-01,9476.264493876202
NN3-052_JITTER51,1989-02-01,9061.704134885193
NN3-052_JITTER51,1989-03-01,9852.040959281272
NN3-052_JITTER51,1989-04-01,9592.571591416357
NN3-052_JITTER51,1989-05-01,9559.91830224825
NN3-052_JITTER51,1989-06-01,9146.136723605361
NN3-052_JITTER51,1989-07-01,7426.177745298145
NN3-052_JITTER51,1989-08-01,9202.065530897986
NN3-052_JITTER51,1989-09-01,8514.566033094135
NN3-052_JITTER51,1989-10-01,9216.971881947655
NN3-052_JITTER51,1989-11-01,8092.42460426441
NN3-052_JITTER51,1989-12-01,7376.536840389859
NN3-052_JITTER51,1990-01-01,9579.50042753452
NN3-052_JITTER51,1990-02-01,8609.97038035227
NN3-052_JITTER51,1990-03-01,9717.927942645576
NN3-052_JITTER51,1990-04-01,8831.25525697923
NN3-052_JITTER51,1990-05-01,8966.127878920322
NN3-052_JITTER51,1990-06-01,9027.885089966081
NN3-052_JITTER51,1990-07-01,7463.53778116772
NN3-052_JITTER51,1990-08-01,9168.208857827749
NN3-052_JITTER51,1990-09-01,8837.107313832914
NN3-052_JITTER51,1990-10-01,10089.96961496785
NN3-052_JITTER51,1990-11-01,8049.930943410802
NN3-052_JITTER51,1990-12-01,6884.007579864431
NN3-052_JITTER51,1991-01-01,8941.018593974219
NN3-052_JITTER51,1991-02-01,8698.031164414684
NN3-052_JITTER51,1991-03-01,8079.479186106714
NN3-052_JITTER51,1991-04-01,8480.587631184622
NN3-052_JITTER51,1991-05-01,8623.998236750533
NN3-052_JITTER51,1991-06-01,8225.552924255175
NN3-053_JITTER52,1982-01-01,4277.208918164381
NN3-053_JITTER52,1982-02-01,4068.3697629894027
NN3-053_JITTER52,1982-03-01,5217.604786880715
NN3-053_JITTER52,1982-04-01,5278.065645931666
NN3-053_JITTER52,1982-05-01,5484.0418115542425
NN3-053_JITTER52,1982-06-01,5876.0009425571325
NN3-053_JITTER52,1982-07-01,4838.402491611772
NN3-053_JITTER52,1982-08-01,5335.961051364215
NN3-053_JITTER52,1982-09-01,5654.452488362001
NN3-053_JITTER52,1982-10-01,5407.981450623077
NN3-053_JITTER52,1982-11-01,4583.693837886881
NN3-053_JITTER52,1982-12-01,4284.0888395848215
NN3-053_JITTER52,1983-01-01,4225.983470372156
NN3-053_JITTER52,1983-02-01,4476.1140259321
NN3-053_JITTER52,1983-03-01,5453.612663445167
NN3-053_JITTER52,1983-04-01,5320.0015667973
NN3-053_JITTER52,1983-05-01,5645.766860885836
NN3-053_JITTER52,1983-06-01,6113.848388826673
NN3-053_JITTER52,1983-07-01,5439.74412874444
NN3-053_JITTER52,1983-08-01,6034.702452030071
NN3-053_JITTER52,1983-09-01,6349.630278370321
NN3-053_JITTER52,1983-10-01,6082.588819363163
NN3-053_JITTER52,1983-11-01,5314.925483901053
NN3-053_JITTER52,1983-12-01,4971.263677939077
NN3-053_JITTER52,1984-01-01,5511.1667948907425
NN3-053_JITTER52,1984-02-01,5361.572813979152
NN3-053_JITTER52,1984-03-01,6401.373964815239
NN3-053_JITTER52,1984-04-01,6210.762998064128
NN3-053_JITTER52,1984-05-01,6300.219423332591
NN3-053_JITTER52,1984-06-01,6311.648446911927
NN3-053_JITTER52,1984-07-01,6261.107318773788
NN3-053_JITTER52,1984-08-01,6140.897257657868
NN3-053_JITTER52,1984-09-01,6112.362622490078
NN3-053_JITTER52,1984-10-01,7049.550383585083
NN3-053_JITTER52,1984-11-01,5734.5427173467515
NN3-053_JITTER52,1984-12-01,5158.24878086416
NN3-053_JITTER52,1985-01-01,6087.800581334492
NN3-053_JITTER52,1985-02-01,4852.519783979729
NN3-053_JITTER52,1985-03-01,6166.068165184608
NN3-053_JITTER52,1985-04-01,6179.277936892358
NN3-053_JITTER52,1985-05-01,6243.9654078716585
NN3-053_JITTER52,1985-06-01,6204.150453285059
NN3-053_JITTER52,1985-07-01,5802.272952256838
NN3-053_JITTER52,1985-08-01,6306.78707925859
NN3-053_JITTER52,1985-09-01,6741.4396704873125
NN3-053_JITTER52,1985-10-01,6751.540066883813
NN3-053_JITTER52,1985-11-01,5746.130356027814
NN3-053_JITTER52,1985-12-01,5342.677324073817
NN3-053_JITTER52,1986-01-01,5735.536014682115
NN3-053_JITTER52,1986-02-01,5124.718470951448
NN3-053_JITTER52,1986-03-01,5635.801579818022
NN3-053_JITTER52,1986-04-01,6011.951255349114
NN3-053_JITTER52,1986-05-01,6033.519745680548
NN3-053_JITTER52,1986-06-01,6548.89913940131
NN3-053_JITTER52,1986-07-01,5621.179506337446
NN3-053_JITTER52,1986-08-01,6385.203547541087
NN3-053_JITTER52,1986-09-01,6551.622387819594
NN3-053_JITTER52,1986-10-01,7043.542208707145
NN3-053_JITTER52,1986-11-01,5967.543063619645
NN3-053_JITTER52,1986-12-01,5399.8730044879185
NN3-053_JITTER52,1987-01-01,5674.736752629858
NN3-053_JITTER52,1987-02-01,5566.299709959179
NN3-053_JITTER52,1987-03-01,6132.086474650887
NN3-053_JITTER52,1987-04-01,6363.84843143921
NN3-053_JITTER52,1987-05-01,6348.612463558874
NN3-053_JITTER52,1987-06-01,7111.554795349024
NN3-053_JITTER52,1987-07-01,6252.462441301832
NN3-053_JITTER52,1987-08-01,6097.278534887957
NN3-053_JITTER52,1987-09-01,7052.559246968007
NN3-053_JITTER52,1987-10-01,7473.439116667837
NN3-053_JITTER52,1987-11-01,6385.147840606459
NN3-053_JITTER52,1987-12-01,6085.036286214443
NN3-053_JITTER52,1988-01-01,5618.481794186777
NN3-053_JITTER52,1988-02-01,5973.760832181751
NN3-053_JITTER52,1988-03-01,6766.630139704646
NN3-053_JITTER52,1988-04-01,6304.950243022803
NN3-053_JITTER52,1988-05-01,6743.56741767846
NN3-053_JITTER52,1988-06-01,7383.3307930283945
NN3-053_JITTER52,1988-07-01,5977.804033644292
NN3-053_JITTER52,1988-08-01,7219.959541283516
NN3-053_JITTER52,1988-09-01,7097.441082387592
NN3-053_JITTER52,1988-10-01,7293.764187401975
NN3-053_JITTER52,1988-11-01,6809.175320837406
NN3-053_JITTER52,1988-12-01,6213.820172623851
NN3-053_JITTER52,1989-01-01,6398.500463526501
NN3-053_JITTER52,1989-02-01,5825.167740389072
NN3-053_JITTER52,1989-03-01,6580.684812720046
NN3-053_JITTER52,1989-04-01,6560.930574380957
NN3-053_JITTER52,1989-05-01,6852.076314375514
NN3-053_JITTER52,1989-06-01,7308.839439647286
NN3-053_JITTER52,1989-07-01,5864.361413822278
NN3-053_JITTER52,1989-08-01,7201.805086416593
NN3-053_JITTER52,1989-09-01,6948.809997519219
NN3-053_JITTER52,1989-10-01,6934.353047078736
NN3-053_JITTER52,1989-11-01,6520.174051909964
NN3-053_JITTER52,1989-12-01,5532.049324962453
NN3-053_JITTER52,1990-01-01,5972.836998475014
NN3-053_JITTER52,1990-02-01,5654.656478555877
NN3-053_JITTER52,1990-03-01,6825.740251173226
NN3-053_JITTER52,1990-04-01,6403.028282795339
NN3-053_JITTER52,1990-05-01,7093.68937437652
NN3-053_JITTER52,1990-06-01,7088.861678262492
NN3-053_JITTER52,1990-07-01,6621.087327723816
NN3-053_JITTER52,1990-08-01,7289.015825253698
NN3-053_JITTER52,1990-09-01,6801.647818195667
NN3-053_JITTER52,1990-10-01,7358.2625215014195
NN3-053_JITTER52,1990-11-01,6062.712834292422
NN3-053_JITTER52,1990-12-01,5038.634155177822
NN3-053_JITTER52,1991-01-01,5551.566703236407
NN3-053_JITTER52,1991-02-01,5260.923485831205
NN3-053_JITTER52,1991-03-01,5963.1766304064895
NN3-053_JITTER52,1991-04-01,6337.206180191271
NN3-053_JITTER52,1991-05-01,6593.881596062649
NN3-053_JITTER52,1991-06-01,7197.374462860267
NN3-054_JITTER53,1982-01-01,2528.4258020587554
NN3-054_JITTER53,1982-02-01,2803.943728692097
NN3-054_JITTER53,1982-03-01,3744.8167416084198
NN3-054_JITTER53,1982-04-01,3651.5619916962432
NN3-054_JITTER53,1982-05-01,3944.1811765426623
NN3-054_JITTER53,1982-06-01,4083.96255204575
NN3-054_JITTER53,1982-07-01,2986.866428664379
NN3-054_JITTER53,1982-08-01,2826.8440879573627
NN3-054_JITTER53,1982-09-01,3024.8784609322624
NN3-054_JITTER53,1982-10-01,2975.347322373399
NN3-054_JITTER53,1982-11-01,2726.606831708572
NN3-054_JITTER53,1982-12-01,3590.1310281363235
NN3-054_JITTER53,1983-01-01,2410.530282230219
NN3-054_JITTER53,1983-02-01,3679.1171222805456
NN3-054_JITTER53,1983-03-01,4241.2320480554
NN3-054_JITTER53,1983-04-01,4144.013122176261
NN3-054_JITTER53,1983-05-01,4344.983073226569
NN3-054_JITTER53,1983-06-01,4435.83945049677
NN3-054_JITTER53,1983-07-01,3166.8003428565603
NN3-054_JITTER53,1983-08-01,3952.3079332135826
NN3-054_JITTER53,1983-09-01,5011.952715299054
NN3-054_JITTER53,1983-10-01,4942.707321893204
NN3-054_JITTER53,1983-11-01,4656.353862194568
NN3-054_JITTER53,1983-12-01,4596.38459656486
NN3-054_JITTER53,1984-01-01,4882.816065051026
NN3-054_JITTER53,1984-02-01,5193.911536980888
NN3-054_JITTER53,1984-03-01,5733.1174704184405
NN3-054_JITTER53,1984-04-01,4959.905446569133
NN3-054_JITTER53,1984-05-01,5280.900299846684
NN3-054_JITTER53,1984-06-01,5109.750241752363
NN3-054_JITTER53,1984-07-01,4067.1419040995984
NN3-054_JITTER53,1984-08-01,4496.670058601025
NN3-054_JITTER53,1984-09-01,4533.432268889826
NN3-054_JITTER53,1984-10-01,5408.0434298802
NN3-054_JITTER53,1984-11-01,4794.2760862411615
NN3-054_JITTER53,1984-12-01,4279.29713283061
NN3-054_JITTER53,1985-01-01,5565.32821054792
NN3-054_JITTER53,1985-02-01,4948.205814229833
NN3-054_JITTER53,1985-03-01,5828.375417684475
NN3-054_JITTER53,1985-04-01,5704.320967535161
NN3-054_JITTER53,1985-05-01,5727.509483399017
NN3-054_JITTER53,1985-06-01,5261.331157685618
NN3-054_JITTER53,1985-07-01,4412.04958708437
NN3-054_JITTER53,1985-08-01,4844.849726299435
NN3-054_JITTER53,1985-09-01,5361.3393093396735
NN3-054_JITTER53,1985-10-01,5553.075099392661
NN3-054_JITTER53,1985-11-01,5118.190925077469
NN3-054_JITTER53,1985-12-01,4260.036302353044
NN3-054_JITTER53,1986-01-01,5609.969816637671
NN3-054_JITTER53,1986-02-01,5310.062794390031
NN3-054_JITTER53,1986-03-01,5405.114648388156
NN3-054_JITTER53,1986-04-01,5407.70151724557
NN3-054_JITTER53,1986-05-01,5501.666973702715
NN3-054_JITTER53,1986-06-01,5520.90470613324
NN3-054_JITTER53,1986-07-01,3966.218950482265
NN3-054_JITTER53,1986-08-01,4548.628294382186
NN3-054_JITTER53,1986-09-01,5407.198540684754
NN3-054_JITTER53,1986-10-01,5706.1090046922955
NN3-054_JITTER53,1986-11-01,4646.199480077365
NN3-054_JITTER53,1986-12-01,4298.285303294768
NN3-054_JITTER53,1987-01-01,5490.259178835214
NN3-054_JITTER53,1987-02-01,5543.187259960986
NN3-054_JITTER53,1987-03-01,5920.891111157786
NN3-054_JITTER53,1987-04-01,5441.663961751612
NN3-054_JITTER53,1987-05-01,5348.341343312439
NN3-054_JITTER53,1987-06-01,5083.391057395663
NN3-054_JITTER53,1987-07-01,3508.1972319584556
NN3-054_JITTER53,1987-08-01,4287.660569879326
NN3-054_JITTER53,1987-09-01,4927.186219698424
NN3-054_JITTER53,1987-10-01,5757.935828878377
NN3-054_JITTER53,1987-11-01,4985.047570728669
NN3-054_JITTER53,1987-12-01,4125.671551441775
NN3-054_JITTER53,1988-01-01,4746.505540220707
NN3-054_JITTER53,1988-02-01,5095.706653395113
NN3-054_JITTER53,1988-03-01,5771.63287626709
NN3-054_JITTER53,1988-04-01,5592.866477315869
NN3-054_JITTER53,1988-05-01,5982.949895228218
NN3-054_JITTER53,1988-06-01,5555.9639185515225
NN3-054_JITTER53,1988-07-01,3564.842643294445
NN3-054_JITTER53,1988-08-01,4875.120216083631
NN3-054_JITTER53,1988-09-01,5566.568203777929
NN3-054_JITTER53,1988-10-01,5575.550183887487
NN3-054_JITTER53,1988-11-01,5517.529028640448
NN3-054_JITTER53,1988-12-01,4916.86440334575
NN3-054_JITTER53,1989-01-01,5475.782829229833
NN3-054_JITTER53,1989-02-01,5378.086574722417
NN3-054_JITTER53,1989-03-01,5483.7047653560285
NN3-054_JITTER53,1989-04-01,5802.366755166254
NN3-054_JITTER53,1989-05-01,5827.22622697739
NN3-054_JITTER53,1989-06-01,5155.168884811912
NN3-054_JITTER53,1989-07-01,3166.667274922983
NN3-054_JITTER53,1989-08-01,4943.546857022309
NN3-054_JITTER53,1989-09-01,5014.4312480795425
NN3-054_JITTER53,1989-10-01,4997.799257059841
NN3-054_JITTER53,1989-11-01,4684.011152999662
NN3-054_JITTER53,1989-12-01,3561.526934118183
NN3-054_JITTER53,1990-01-01,3490.6389047926214
NN3-054_JITTER53,1990-02-01,4470.800606959878
NN3-054_JITTER53,1990-03-01,5458.566382033916
NN3-054_JITTER53,1990-04-01,4835.1785336671755
NN3-054_JITTER53,1990-05-01,5547.216095025088
NN3-054_JITTER53,1990-06-01,5355.278235631759
NN3-054_JITTER53,1990-07-01,3568.8994461673065
NN3-054_JITTER53,1990-08-01,4654.633947942885
NN3-054_JITTER53,1990-09-01,4713.691072951151
NN3-054_JITTER53,1990-10-01,5380.198815971442
NN3-054_JITTER53,1990-11-01,3795.5710624940557
NN3-054_JITTER53,1990-12-01,2708.577175843491
NN3-054_JITTER53,1991-01-01,3720.5887627308134
NN3-054_JITTER53,1991-02-01,3430.353408955674
NN3-054_JITTER53,1991-03-01,3703.0730767177743
NN3-054_JITTER53,1991-04-01,4340.263524256977
NN3-054_JITTER53,1991-05-01,4634.603593761662
NN3-054_JITTER53,1991-06-01,4252.541317225901
NN3-055_JITTER54,1982-01-01,5692.367751256154
NN3-055_JITTER54,1982-02-01,5288.690503015532
NN3-055_JITTER54,1982-03-01,6597.561348337452
NN3-055_JITTER54,1982-04-01,6745.4157517486055
NN3-055_JITTER54,1982-05-01,7064.173017461958
NN3-055_JITTER54,1982-06-01,7427.078223578506
NN3-055_JITTER54,1982-07-01,6593.440880556674
NN3-055_JITTER54,1982-08-01,7308.497673819283
NN3-055_JITTER54,1982-09-01,7756.011666916447
NN3-055_JITTER54,1982-10-01,7279.480819153772
NN3-055_JITTER54,1982-11-01,6202.78268968179
NN3-055_JITTER54,1982-12-01,5211.781376015496
NN3-055_JITTER54,1983-01-01,5574.229774165314
NN3-055_JITTER54,1983-02-01,5506.845190862163
NN3-055_JITTER54,1983-03-01,6717.033344013599
NN3-055_JITTER54,1983-04-01,6580.8650041153505
NN3-055_JITTER54,1983-05-01,7027.9002965270465
NN3-055_JITTER54,1983-06-01,7849.8427763363425
NN3-055_JITTER54,1983-07-01,7154.016418036103
NN3-055_JITTER54,1983-08-01,7860.915315325121
NN3-055_JITTER54,1983-09-01,7825.173951541797
NN3-055_JITTER54,1983-10-01,7518.260821681052
NN3-055_JITTER54,1983-11-01,6320.256972637637
NN3-055_JITTER54,1983-12-01,5776.257811713054
NN3-055_JITTER54,1984-01-01,6524.797066512785
NN3-055_JITTER54,1984-02-01,6162.407053737889
NN3-055_JITTER54,1984-03-01,7462.0835477168
NN3-055_JITTER54,1984-04-01,7591.662156362571
NN3-055_JITTER54,1984-05-01,7624.752354315194
NN3-055_JITTER54,1984-06-01,7675.7306034600515
NN3-055_JITTER54,1984-07-01,8158.700565100732
NN3-055_JITTER54,1984-08-01,7510.51042601032
NN3-055_JITTER54,1984-09-01,7661.296018706221
NN3-055_JITTER54,1984-10-01,8734.050737546431
NN3-055_JITTER54,1984-11-01,6792.930246826071
NN3-055_JITTER54,1984-12-01,6040.598665510179
NN3-055_JITTER54,1985-01-01,6782.986325988529
NN3-055_JITTER54,1985-02-01,5179.328701147564
NN3-055_JITTER54,1985-03-01,7027.358196012374
NN3-055_JITTER54,1985-04-01,7381.045026146954
NN3-055_JITTER54,1985-05-01,7337.602974757784
NN3-055_JITTER54,1985-06-01,7749.962912086697
NN3-055_JITTER54,1985-07-01,7214.3040409645155
NN3-055_JITTER54,1985-08-01,7914.297706948169
NN3-055_JITTER54,1985-09-01,8404.08111602314
NN3-055_JITTER54,1985-10-01,8257.262972034634
NN3-055_JITTER54,1985-11-01,6999.400717854184
NN3-055_JITTER54,1985-12-01,6639.31437692843
NN3-055_JITTER54,1986-01-01,6679.799128234701
NN3-055_JITTER54,1986-02-01,5520.86521065824
NN3-055_JITTER54,1986-03-01,6596.717830816634
NN3-055_JITTER54,1986-04-01,7238.94187655085
NN3-055_JITTER54,1986-05-01,7079.445720538508
NN3-055_JITTER54,1986-06-01,8157.366345303707
NN3-055_JITTER54,1986-07-01,7156.88034232986
NN3-055_JITTER54,1986-08-01,8047.430443188814
NN3-055_JITTER54,1986-09-01,8052.462468387987
NN3-055_JITTER54,1986-10-01,8613.751986654326
NN3-055_JITTER54,1986-11-01,7374.150734154559
NN3-055_JITTER54,1986-12-01,6618.316195641883
NN3-055_JITTER54,1987-01-01,6472.295362950449
NN3-055_JITTER54,1987-02-01,6218.170420561425
NN3-055_JITTER54,1987-03-01,7016.984586149867
NN3-055_JITTER54,1987-04-01,7494.989746309984
NN3-055_JITTER54,1987-05-01,7434.266457292187
NN3-055_JITTER54,1987-06-01,8945.970013099752
NN3-055_JITTER54,1987-07-01,8295.464328027263
NN3-055_JITTER54,1987-08-01,7790.172734768645
NN3-055_JITTER54,1987-09-01,8702.136060137433
NN3-055_JITTER54,1987-10-01,9173.061281227583
NN3-055_JITTER54,1987-11-01,7771.969440983619
NN3-055_JITTER54,1987-12-01,7677.434111316716
NN3-055_JITTER54,1988-01-01,6520.184106393705
NN3-055_JITTER54,1988-02-01,6579.386283724771
NN3-055_JITTER54,1988-03-01,7828.781304021696
NN3-055_JITTER54,1988-04-01,7233.828263629861
NN3-055_JITTER54,1988-05-01,7673.686285340571
NN3-055_JITTER54,1988-06-01,9086.037954645373
NN3-055_JITTER54,1988-07-01,7844.7001711921575
NN3-055_JITTER54,1988-08-01,9068.690460747486
NN3-055_JITTER54,1988-09-01,8594.478997427099
NN3-055_JITTER54,1988-10-01,8747.39898756203
NN3-055_JITTER54,1988-11-01,8047.305385154499
NN3-055_JITTER54,1988-12-01,7307.00476543994
NN3-055_JITTER54,1989-01-01,7107.889858643366
NN3-055_JITTER54,1989-02-01,6367.6864573885405
NN3-055_JITTER54,1989-03-01,7374.380727791585
NN3-055_JITTER54,1989-04-01,7528.47190106991
NN3-055_JITTER54,1989-05-01,7816.957601122129
NN3-055_JITTER54,1989-06-01,9126.860148159107
NN3-055_JITTER54,1989-07-01,7714.221759320887
NN3-055_JITTER54,1989-08-01,8764.227069572822
NN3-055_JITTER54,1989-09-01,8247.516134882937
NN3-055_JITTER54,1989-10-01,8456.366001418757
NN3-055_JITTER54,1989-11-01,7939.069781794588
NN3-055_JITTER54,1989-12-01,6886.052046697851
NN3-055_JITTER54,1990-01-01,7449.286930576658
NN3-055_JITTER54,1990-02-01,6551.668466414727
NN3-055_JITTER54,1990-03-01,7791.857300069497
NN3-055_JITTER54,1990-04-01,7458.5337284589905
NN3-055_JITTER54,1990-05-01,8226.024395325625
NN3-055_JITTER54,1990-06-01,8508.5245680341
NN3-055_JITTER54,1990-07-01,8682.048379984253
NN3-055_JITTER54,1990-08-01,8876.208884702266
NN3-055_JITTER54,1990-09-01,8262.416099561773
NN3-055_JITTER54,1990-10-01,8663.368868950212
NN3-055_JITTER54,1990-11-01,7376.503617872023
NN3-055_JITTER54,1990-12-01,6462.671993343757
NN3-055_JITTER54,1991-01-01,6371.671258910951
NN3-055_JITTER54,1991-02-01,6283.699032135126
NN3-055_JITTER54,1991-03-01,7254.853169247308
NN3-055_JITTER54,1991-04-01,7566.000082767518
NN3-055_JITTER54,1991-05-01,7924.79039526649
NN3-055_JITTER54,1991-06-01,8892.145633837044
NN3-056_JITTER55,1982-01-01,5576.7681336696205
NN3-056_JITTER55,1982-02-01,5534.273377216251
NN3-056_JITTER55,1982-03-01,6057.832758012913
NN3-056_JITTER55,1982-04-01,6129.068714031452
NN3-056_JITTER55,1982-05-01,5822.945909033441
NN3-056_JITTER55,1982-06-01,6333.8113883959195
NN3-056_JITTER55,1982-07-01,6323.329636092084
NN3-056_JITTER55,1982-08-01,6394.956091751824
NN3-056_JITTER55,1982-09-01,5496.170031106356
NN3-056_JITTER55,1982-10-01,5643.267496385331
NN3-056_JITTER55,1982-11-01,5537.366236435365
NN3-056_JITTER55,1982-12-01,5823.401374062125
NN3-056_JITTER55,1983-01-01,5671.64340237009
NN3-056_JITTER55,1983-02-01,6035.036316360154
NN3-056_JITTER55,1983-03-01,6751.8772545839975
NN3-056_JITTER55,1983-04-01,6046.805967173524
NN3-056_JITTER55,1983-05-01,5911.754192673297
NN3-056_JITTER55,1983-06-01,6489.686479626124
NN3-056_JITTER55,1983-07-01,6324.915718017887
NN3-056_JITTER55,1983-08-01,6406.822208295738
NN3-056_JITTER55,1983-09-01,5725.256642333791
NN3-056_JITTER55,1983-10-01,5911.197597071178
NN3-056_JITTER55,1983-11-01,5720.451905893034
NN3-056_JITTER55,1983-12-01,5696.85975121077
NN3-056_JITTER55,1984-01-01,5355.570140009441
NN3-056_JITTER55,1984-02-01,5432.621641542742
NN3-056_JITTER55,1984-03-01,6047.184997523432
NN3-056_JITTER55,1984-04-01,5917.805101319405
NN3-056_JITTER55,1984-05-01,6005.539022109088
NN3-056_JITTER55,1984-06-01,6438.807833671547
NN3-056_JITTER55,1984-07-01,6211.735147968359
NN3-056_JITTER55,1984-08-01,6528.077432042323
NN3-056_JITTER55,1984-09-01,5824.446622115845
NN3-056_JITTER55,1984-10-01,5806.679891945281
NN3-056_JITTER55,1984-11-01,5704.919768110775
NN3-056_JITTER55,1984-12-01,5694.383746982164
NN3-056_JITTER55,1985-01-01,5523.887484918752
NN3-056_JITTER55,1985-02-01,5673.623695717066
NN3-056_JITTER55,1985-03-01,6746.021461869869
NN3-056_JITTER55,1985-04-01,6329.648691401126
NN3-056_JITTER55,1985-05-01,6460.906906820786
NN3-056_JITTER55,1985-06-01,7102.216382752658
NN3-056_JITTER55,1985-07-01,6538.140074060585
NN3-056_JITTER55,1985-08-01,6730.891031155076
NN3-056_JITTER55,1985-09-01,5580.7739035210325
NN3-056_JITTER55,1985-10-01,5613.628473073599
NN3-056_JITTER55,1985-11-01,5380.92602964607
NN3-056_JITTER55,1985-12-01,5938.698929090337
NN3-056_JITTER55,1986-01-01,5552.221981349795
NN3-056_JITTER55,1986-02-01,5748.643948900714
NN3-056_JITTER55,1986-03-01,6409.953634406205
NN3-056_JITTER55,1986-04-01,5988.147796951322
NN3-056_JITTER55,1986-05-01,5889.953340916772
NN3-056_JITTER55,1986-06-01,6223.897507104989
NN3-056_JITTER55,1986-07-01,6466.315743306778
NN3-056_JITTER55,1986-08-01,6912.606757018618
NN3-056_JITTER55,1986-09-01,5713.50698347433
NN3-056_JITTER55,1986-10-01,5793.383442106808
NN3-056_JITTER55,1986-11-01,5701.455342819943
NN3-056_JITTER55,1986-12-01,5876.547397161719
NN3-056_JITTER55,1987-01-01,5582.721651474195
NN3-056_JITTER55,1987-02-01,5876.825244353803
NN3-056_JITTER55,1987-03-01,6500.45574847261
NN3-056_JITTER55,1987-04-01,6487.103541326377
NN3-056_JITTER55,1987-05-01,6368.792281212885
NN3-056_JITTER55,1987-06-01,6502.012410589965
NN3-056_JITTER55,1987-07-01,6839.392034941737
NN3-056_JITTER55,1987-08-01,7110.05346798747
NN3-056_JITTER55,1987-09-01,5884.806205280682
NN3-056_JITTER55,1987-10-01,5997.662300807969
NN3-056_JITTER55,1987-11-01,5799.638387730855
NN3-056_JITTER55,1987-12-01,5840.244854657986
NN3-056_JITTER55,1988-01-01,5595.464912688434
NN3-056_JITTER55,1988-02-01,5784.255749292893
NN3-056_JITTER55,1988-03-01,6434.97329286151
NN3-056_JITTER55,1988-04-01,6285.1543969877885
NN3-056_JITTER55,1988-05-01,6225.442034958318
NN3-056_JITTER55,1988-06-01,6658.633513537249
NN3-056_JITTER55,1988-07-01,6822.071971343822
NN3-056_JITTER55,1988-08-01,7082.340383010009
NN3-056_JITTER55,1988-09-01,6089.108540660898
NN3-056_JITTER55,1988-10-01,6169.055273873629
NN3-056_JITTER55,1988-11-01,5971.485638810831
NN3-056_JITTER55,1988-12-01,5802.933224891166
NN3-056_JITTER55,1989-01-01,5627.847485458294
NN3-056_JITTER55,1989-02-01,5681.892188346631
NN3-056_JITTER55,1989-03-01,6519.010022202567
NN3-056_JITTER55,1989-04-01,6128.465998026688
NN3-056_JITTER55,1989-05-01,6242.349018875865
NN3-056_JITTER55,1989-06-01,6937.083579640318
NN3-056_JITTER55,1989-07-01,6919.339817831141
NN3-056_JITTER55,1989-08-01,7206.937549193028
NN3-056_JITTER55,1989-09-01,6043.319103585909
NN3-056_JITTER55,1989-10-01,6202.39766452891
NN3-056_JITTER55,1989-11-01,6073.080068483328
NN3-056_JITTER55,1989-12-01,6012.833916887323
NN3-056_JITTER55,1990-01-01,5718.102778826367
NN3-056_JITTER55,1990-02-01,5896.722553318977
NN3-056_JITTER55,1990-03-01,6360.472799797219
NN3-056_JITTER55,1990-04-01,6183.148234367678
NN3-056_JITTER55,1990-05-01,6041.197261679869
NN3-056_JITTER55,1990-06-01,6688.386767070408
NN3-056_JITTER55,1990-07-01,6757.727908128497
NN3-056_JITTER55,1990-08-01,7080.357159721402
NN3-056_JITTER55,1990-09-01,6054.964411623339
NN3-056_JITTER55,1990-10-01,6049.00568824763
NN3-056_JITTER55,1990-11-01,5878.347696304859
NN3-056_JITTER55,1990-12-01,5933.998505512551
NN3-056_JITTER55,1991-01-01,5685.149916111056
NN3-056_JITTER55,1991-02-01,5616.801904406597
NN3-056_JITTER55,1991-03-01,5984.343286632015
NN3-056_JITTER55,1991-04-01,6274.6391354013085
NN3-056_JITTER55,1991-05-01,6344.343734267732
NN3-056_JITTER55,1991-06-01,6657.322446840565
NN3-057_JITTER56,1982-01-01,6360.141938360634
NN3-057_JITTER56,1982-02-01,6571.838519342309
NN3-057_JITTER56,1982-03-01,7662.3141910457825
NN3-057_JITTER56,1982-04-01,6939.842200913681
NN3-057_JITTER56,1982-05-01,6713.3165387106465
NN3-057_JITTER56,1982-06-01,6854.636638178503
NN3-057_JITTER56,1982-07-01,6208.905632493343
NN3-057_JITTER56,1982-08-01,6727.43622357794
NN3-057_JITTER56,1982-09-01,6677.052168447058
NN3-057_JITTER56,1982-10-01,7185.535474673305
NN3-057_JITTER56,1982-11-01,6926.038052708652
NN3-057_JITTER56,1982-12-01,6935.441477738165
NN3-057_JITTER56,1983-01-01,6891.864714433666
NN3-057_JITTER56,1983-02-01,6803.4560881448815
NN3-057_JITTER56,1983-03-01,7865.17177207021
NN3-057_JITTER56,1983-04-01,7210.819688695646
NN3-057_JITTER56,1983-05-01,7286.258107727695
NN3-057_JITTER56,1983-06-01,7285.773789833287
NN3-057_JITTER56,1983-07-01,6480.097423379476
NN3-057_JITTER56,1983-08-01,7173.839143244514
NN3-057_JITTER56,1983-09-01,7221.6455227693
NN3-057_JITTER56,1983-10-01,7536.891667317452
NN3-057_JITTER56,1983-11-01,7393.002037322185
NN3-057_JITTER56,1983-12-01,7225.370003487317
NN3-057_JITTER56,1984-01-01,7150.063626812888
NN3-057_JITTER56,1984-02-01,7284.006544989202
NN3-057_JITTER56,1984-03-01,8001.446327829114
NN3-057_JITTER56,1984-04-01,7320.8729948199025
NN3-057_JITTER56,1984-05-01,7605.930702156854
NN3-057_JITTER56,1984-06-01,7190.69456476714
NN3-057_JITTER56,1984-07-01,6734.434579868407
NN3-057_JITTER56,1984-08-01,7329.781115550554
NN3-057_JITTER56,1984-09-01,6990.825081891544
NN3-057_JITTER56,1984-10-01,8044.1856937990315
NN3-057_JITTER56,1984-11-01,7491.892510646335
NN3-057_JITTER56,1984-12-01,7190.614945229799
NN3-057_JITTER56,1985-01-01,6993.731233892328
NN3-057_JITTER56,1985-02-01,6900.07174531963
NN3-057_JITTER56,1985-03-01,7672.056148479559
NN3-057_JITTER56,1985-04-01,7611.871276207605
NN3-057_JITTER56,1985-05-01,7472.7064275298835
NN3-057_JITTER56,1985-06-01,6951.690443008572
NN3-057_JITTER56,1985-07-01,6782.776948767505
NN3-057_JITTER56,1985-08-01,7109.995062278303
NN3-057_JITTER56,1985-09-01,6781.908891175089
NN3-057_JITTER56,1985-10-01,7855.643989664374
NN3-057_JITTER56,1985-11-01,7158.452618112667
NN3-057_JITTER56,1985-12-01,7035.407725664283
NN3-057_JITTER56,1986-01-01,7229.497986206629
NN3-057_JITTER56,1986-02-01,6965.3573304746305
NN3-057_JITTER56,1986-03-01,7643.198574041256
NN3-057_JITTER56,1986-04-01,7735.036001304648
NN3-057_JITTER56,1986-05-01,7377.411493108332
NN3-057_JITTER56,1986-06-01,7091.668270727468
NN3-057_JITTER56,1986-07-01,6995.5151477762
NN3-057_JITTER56,1986-08-01,6931.744325165996
NN3-057_JITTER56,1986-09-01,7243.101034531198
NN3-057_JITTER56,1986-10-01,7973.071006228063
NN3-057_JITTER56,1986-11-01,7094.652401077396
NN3-057_JITTER56,1986-12-01,7359.081459056945
NN3-057_JITTER56,1987-01-01,7169.240872383987
NN3-057_JITTER56,1987-02-01,6856.902401832596
NN3-057_JITTER56,1987-03-01,7689.918111600221
NN3-057_JITTER56,1987-04-01,7528.5390292148195
NN3-057_JITTER56,1987-05-01,7110.029129903331
NN3-057_JITTER56,1987-06-01,7333.268366436791
NN3-057_JITTER56,1987-07-01,7045.7308916978645
NN3-057_JITTER56,1987-08-01,7008.294380324314
NN3-057_JITTER56,1987-09-01,7147.670705763679
NN3-057_JITTER56,1987-10-01,7918.158511773688
NN3-057_JITTER56,1987-11-01,7275.853912043676
NN3-057_JITTER56,1987-12-01,7416.044286752215
NN3-057_JITTER56,1988-01-01,7034.402547522174
NN3-057_JITTER56,1988-02-01,7168.02472759402
NN3-057_JITTER56,1988-03-01,7504.199874085665
NN3-057_JITTER56,1988-04-01,7507.284843699937
NN3-057_JITTER56,1988-05-01,7285.74535799072
NN3-057_JITTER56,1988-06-01,7365.760826563538
NN3-057_JITTER56,1988-07-01,6678.748799935287
NN3-057_JITTER56,1988-08-01,7296.604340275848
NN3-057_JITTER56,1988-09-01,7128.45699707598
NN3-057_JITTER56,1988-10-01,7377.297955918404
NN3-057_JITTER56,1988-11-01,7236.317489164131
NN3-057_JITTER56,1988-12-01,7096.643892014883
NN3-057_JITTER56,1989-01-01,7259.640368338438
NN3-057_JITTER56,1989-02-01,6928.9889143296505
NN3-057_JITTER56,1989-03-01,7949.738934084985
NN3-057_JITTER56,1989-04-01,7413.282118063199
NN3-057_JITTER56,1989-05-01,7715.475695041634
NN3-057_JITTER56,1989-06-01,7457.277750709735
NN3-057_JITTER56,1989-07-01,6974.162942485862
NN3-057_JITTER56,1989-08-01,7444.3177031455725
NN3-057_JITTER56,1989-09-01,7546.890532239282
NN3-057_JITTER56,1989-10-01,7953.364459169721
NN3-057_JITTER56,1989-11-01,7578.46642893881
NN3-057_JITTER56,1989-12-01,7116.814783882513
NN3-057_JITTER56,1990-01-01,7616.322055046402
NN3-057_JITTER56,1990-02-01,7196.215550770398
NN3-057_JITTER56,1990-03-01,8260.932763971661
NN3-057_JITTER56,1990-04-01,7315.257551955685
NN3-057_JITTER56,1990-05-01,7657.743492707649
NN3-057_JITTER56,1990-06-01,7257.281832757843
NN3-057_JITTER56,1990-07-01,6547.665922038481
NN3-057_JITTER56,1990-08-01,6874.14890788589
NN3-057_JITTER56,1990-09-01,6880.171939529172
NN3-057_JITTER56,1990-10-01,8024.635212457618
NN3-057_JITTER56,1990-11-01,7320.764915572895
NN3-057_JITTER56,1990-12-01,6936.663663508036
NN3-057_JITTER56,1991-01-01,7246.31591169866
NN3-057_JITTER56,1991-02-01,6931.752062627784
NN3-057_JITTER56,1991-03-01,7638.0572770747585
NN3-058_JITTER57,1979-01-01,6657.986417950346
NN3-058_JITTER57,1979-02-01,6821.013241337114
NN3-058_JITTER57,1979-03-01,7598.210552378841
NN3-058_JITTER57,1979-04-01,7528.509326094851
NN3-058_JITTER57,1979-05-01,7402.211319267802
NN3-058_JITTER57,1979-06-01,7609.907622638575
NN3-058_JITTER57,1979-07-01,7324.52389339016
NN3-058_JITTER57,1979-08-01,7877.367410652055
NN3-058_JITTER57,1979-09-01,7087.935039145105
NN3-058_JITTER57,1979-10-01,7722.57011629888
NN3-058_JITTER57,1979-11-01,6476.551489404342
NN3-058_JITTER57,1979-12-01,5028.805963650634
NN3-058_JITTER57,1980-01-01,6163.524463128286
NN3-058_JITTER57,1980-02-01,6950.592808152243
NN3-058_JITTER57,1980-03-01,7431.060804968796
NN3-058_JITTER57,1980-04-01,7233.198409911626
NN3-058_JITTER57,1980-05-01,6892.213837306218
NN3-058_JITTER57,1980-06-01,7378.22405575623
NN3-058_JITTER57,1980-07-01,6435.357608575124
NN3-058_JITTER57,1980-08-01,5507.139365611992
NN3-058_JITTER57,1980-09-01,6613.489365498947
NN3-058_JITTER57,1980-10-01,7018.401374301367
NN3-058_JITTER57,1980-11-01,6156.280831537348
NN3-058_JITTER57,1980-12-01,5009.811025148824
NN3-058_JITTER57,1981-01-01,5631.162385057733
NN3-058_JITTER57,1981-02-01,6393.406768371491
NN3-058_JITTER57,1981-03-01,7157.429732750404
NN3-058_JITTER57,1981-04-01,7102.243359115896
NN3-058_JITTER57,1981-05-01,7005.803991579075
NN3-058_JITTER57,1981-06-01,7332.900688914415
NN3-058_JITTER57,1981-07-01,7644.575660423859
NN3-058_JITTER57,1981-08-01,7569.598055359822
NN3-058_JITTER57,1981-09-01,6726.923742453806
NN3-058_JITTER57,1981-10-01,6784.736143588942
NN3-058_JITTER57,1981-11-01,5867.530083769084
NN3-058_JITTER57,1981-12-01,5033.540947778517
NN3-058_JITTER57,1982-01-01,5614.111262568138
NN3-058_JITTER57,1982-02-01,5633.595683838182
NN3-058_JITTER57,1982-03-01,7110.525904497822
NN3-058_JITTER57,1982-04-01,7027.7931259228635
NN3-058_JITTER57,1982-05-01,6628.50558725978
NN3-058_JITTER57,1982-06-01,7261.37213639719
NN3-058_JITTER57,1982-07-01,7108.865657224714
NN3-058_JITTER57,1982-08-01,7177.7390138676765
NN3-058_JITTER57,1982-09-01,6277.773381972818
NN3-058_JITTER57,1982-10-01,6486.219252504587
NN3-058_JITTER57,1982-11-01,5926.459904103006
NN3-058_JITTER57,1982-12-01,4841.608617272391
NN3-058_JITTER57,1983-01-01,5817.7815281235025
NN3-058_JITTER57,1983-02-01,6788.6357073195295
NN3-058_JITTER57,1983-03-01,7103.859609552533
NN3-058_JITTER57,1983-04-01,6906.411964229513
NN3-058_JITTER57,1983-05-01,6776.570876447309
NN3-058_JITTER57,1983-06-01,7138.107813241575
NN3-058_JITTER57,1983-07-01,7258.474654363035
NN3-058_JITTER57,1983-08-01,7435.645407018495
NN3-058_JITTER57,1983-09-01,6438.489919971148
NN3-058_JITTER57,1983-10-01,6695.303388500006
NN3-058_JITTER57,1983-11-01,6128.850255830981
NN3-058_JITTER57,1983-12-01,5084.995419697879
NN3-058_JITTER57,1984-01-01,5622.172454453115
NN3-058_JITTER57,1984-02-01,6770.560026596423
NN3-058_JITTER57,1984-03-01,7033.952784313171
NN3-058_JITTER57,1984-04-01,6881.84054107091
NN3-058_JITTER57,1984-05-01,6920.448576213518
NN3-058_JITTER57,1984-06-01,7126.5878933159365
NN3-058_JITTER57,1984-07-01,7277.115676857747
NN3-058_JITTER57,1984-08-01,7271.018740902531
NN3-058_JITTER57,1984-09-01,6578.777111017935
NN3-058_JITTER57,1984-10-01,6823.680293611019
NN3-058_JITTER57,1984-11-01,5838.323289321954
NN3-058_JITTER57,1984-12-01,4881.7701027121
NN3-058_JITTER57,1985-01-01,5500.9653191425505
NN3-058_JITTER57,1985-02-01,6307.52572070612
NN3-058_JITTER57,1985-03-01,7078.836521010188
NN3-058_JITTER57,1985-04-01,6719.287228791074
NN3-058_JITTER57,1985-05-01,6628.197422082641
NN3-058_JITTER57,1985-06-01,7153.3859848648535
NN3-058_JITTER57,1985-07-01,7361.465614523132
NN3-058_JITTER57,1985-08-01,7358.453936194345
NN3-058_JITTER57,1985-09-01,6226.318773137004
NN3-058_JITTER57,1985-10-01,6458.298781749727
NN3-058_JITTER57,1985-11-01,5773.48103453128
NN3-058_JITTER57,1985-12-01,4740.540766333563
NN3-058_JITTER57,1986-01-01,5574.693954601562
NN3-058_JITTER57,1986-02-01,6548.127563706791
NN3-058_JITTER57,1986-03-01,6817.422335079579
NN3-058_JITTER57,1986-04-01,6570.891348494568
NN3-058_JITTER57,1986-05-01,6319.961417851006
NN3-058_JITTER57,1986-06-01,6697.772030682905
NN3-058_JITTER57,1986-07-01,7236.164943812455
NN3-058_JITTER57,1986-08-01,7258.429176388726
NN3-058_JITTER57,1986-09-01,5863.050583632785
NN3-058_JITTER57,1986-10-01,6094.365554175142
NN3-058_JITTER57,1986-11-01,5484.7553244528835
NN3-058_JITTER57,1986-12-01,4722.984532856572
NN3-058_JITTER57,1987-01-01,5392.016888652346
NN3-058_JITTER57,1987-02-01,6428.636273249697
NN3-058_JITTER57,1987-03-01,7453.781492086456
NN3-058_JITTER57,1987-04-01,6828.676816411285
NN3-058_JITTER57,1987-05-01,6342.9827324304615
NN3-058_JITTER57,1987-06-01,6741.826504209383
NN3-058_JITTER57,1987-07-01,7131.617102489001
NN3-058_JITTER57,1987-08-01,7214.416326356587
NN3-058_JITTER57,1987-09-01,3997.02421475892
NN3-058_JITTER57,1987-10-01,6277.883564083875
NN3-058_JITTER57,1987-11-01,5416.91854786984
NN3-058_JITTER57,1987-12-01,4641.164433477544
NN3-058_JITTER57,1988-01-01,5422.882428630979
NN3-058_JITTER57,1988-02-01,5984.713275772912
NN3-059_JITTER58,1983-01-01,1209.209112056112
NN3-059_JITTER58,1983-02-01,1390.9423873282224
NN3-059_JITTER58,1983-03-01,1639.8669847924
NN3-059_JITTER58,1983-04-01,2146.0128617617165
NN3-059_JITTER58,1983-05-01,4183.6924753557105
NN3-059_JITTER58,1983-06-01,6375.552899562933
NN3-059_JITTER58,1983-07-01,9940.331952570912
NN3-059_JITTER58,1983-08-01,9262.926582358346
NN3-059_JITTER58,1983-09-01,6221.267083199868
NN3-059_JITTER58,1983-10-01,4535.674513084535
NN3-059_JITTER58,1983-11-01,2214.4067848258765
NN3-059_JITTER58,1983-12-01,1150.6694327768303
NN3-059_JITTER58,1984-01-01,1126.3523661735178
NN3-059_JITTER58,1984-02-01,1668.8964128623097
NN3-059_JITTER58,1984-03-01,1334.6188329402685
NN3-059_JITTER58,1984-04-01,2911.315710721804
NN3-059_JITTER58,1984-05-01,3912.440999179177
NN3-059_JITTER58,1984-06-01,6718.415223916726
NN3-059_JITTER58,1984-07-01,9390.007989124899
NN3-059_JITTER58,1984-08-01,9228.479427400525
NN3-059_JITTER58,1984-09-01,5922.819768627174
NN3-059_JITTER58,1984-10-01,3918.4217421074613
NN3-059_JITTER58,1984-11-01,1678.6947902282113
NN3-059_JITTER58,1984-12-01,1314.3028479526695
NN3-059_JITTER58,1985-01-01,1174.6660077132328
NN3-059_JITTER58,1985-02-01,1375.868639492103
NN3-059_JITTER58,1985-03-01,1879.2735630069387
NN3-059_JITTER58,1985-04-01,2792.5908218215845
NN3-059_JITTER58,1985-05-01,4092.8646102569296
NN3-059_JITTER58,1985-06-01,6625.197320356724
NN3-059_JITTER58,1985-07-01,9375.59256607814
NN3-059_JITTER58,1985-08-01,9139.899256638642
NN3-059_JITTER58,1985-09-01,5698.769931200196
NN3-059_JITTER58,1985-10-01,3947.6439497432566
NN3-059_JITTER58,1985-11-01,1988.7331741684213
NN3-059_JITTER58,1985-12-01,1518.7049760462364
NN3-059_JITTER58,1986-01-01,1325.8143776580937
NN3-059_JITTER58,1986-02-01,1256.7239712078401
NN3-059_JITTER58,1986-03-01,2148.5506333096896
NN3-059_JITTER58,1986-04-01,2903.022857269638
NN3-059_JITTER58,1986-05-01,4840.589612403567
NN3-059_JITTER58,1986-06-01,7280.0366327629545
NN3-059_JITTER58,1986-07-01,9541.573771205163
NN3-059_JITTER58,1986-08-01,9817.381180876222
NN3-059_JITTER58,1986-09-01,5430.2560832168265
NN3-059_JITTER58,1986-10-01,4435.846330171454
NN3-059_JITTER58,1986-11-01,2441.941468356491
NN3-059_JITTER58,1986-12-01,1522.575322172164
NN3-059_JITTER58,1987-01-01,1523.3565297963842
NN3-059_JITTER58,1987-02-01,1611.9608265306401
NN3-059_JITTER58,1987-03-01,2291.248961400121
NN3-059_JITTER58,1987-04-01,3012.4438965843106
NN3-059_JITTER58,1987-05-01,5146.57092102298
NN3-059_JITTER58,1987-06-01,7422.33385730364
NN3-059_JITTER58,1987-07-01,10100.728345998674
NN3-059_JITTER58,1987-08-01,9676.044875810108
NN3-059_JITTER58,1987-09-01,6166.939501037337
NN3-059_JITTER58,1987-10-01,5154.123361605934
NN3-059_JITTER58,1987-11-01,2160.3738638382742
NN3-059_JITTER58,1987-12-01,1333.9973553655398
NN3-059_JITTER58,1988-01-01,1407.5669157972854
NN3-059_JITTER58,1988-02-01,2151.6306992534787
NN3-059_JITTER58,1988-03-01,2613.2438220346935
NN3-059_JITTER58,1988-04-01,2942.790347947326
NN3-059_JITTER58,1988-05-01,4517.166491874223
NN3-059_JITTER58,1988-06-01,7777.201908288703
NN3-059_JITTER58,1988-07-01,10420.36484628642
NN3-059_JITTER58,1988-08-01,10226.652303893328
NN3-059_JITTER58,1988-09-01,6161.315104418705
NN3-059_JITTER58,1988-10-01,4847.131266264017
NN3-059_JITTER58,1988-11-01,2270.6816344298727
NN3-059_JITTER58,1988-12-01,1568.741405959223
NN3-059_JITTER58,1989-01-01,1412.8009719952254
NN3-059_JITTER58,1989-02-01,1668.750522702286
NN3-059_JITTER58,1989-03-01,2251.293008841008
NN3-059_JITTER58,1989-04-01,3405.86842945975
NN3-059_JITTER58,1989-05-01,5238.431493800948
NN3-059_JITTER58,1989-06-01,7657.76419894797
NN3-059_JITTER58,1989-07-01,10495.021981191401
NN3-059_JITTER58,1989-08-01,10076.156167980422
NN3-059_JITTER58,1989-09-01,6532.515702897818
NN3-059_JITTER58,1989-10-01,5212.334865712597
NN3-059_JITTER58,1989-11-01,2257.894502721844
NN3-059_JITTER58,1989-12-01,1607.6124047564044
NN3-059_JITTER58,1990-01-01,1531.2268601835824
NN3-059_JITTER58,1990-02-01,1488.1007957027841
NN3-059_JITTER58,1990-03-01,2403.5010470788256
NN3-059_JITTER58,1990-04-01,3353.3065222010055
NN3-059_JITTER58,1990-05-01,4412.6500650862
NN3-059_JITTER58,1990-06-01,7372.852923478852
NN3-059_JITTER58,1990-07-01,9924.968596007695
NN3-059_JITTER58,1990-08-01,9663.72868927253
NN3-059_JITTER58,1990-09-01,6387.854942628628
NN3-059_JITTER58,1990-10-01,3718.8247223885173
NN3-059_JITTER58,1990-11-01,1963.9715738850232
NN3-059_JITTER58,1990-12-01,1489.7522356559134
NN3-059_JITTER58,1991-01-01,1507.3977469536567
NN3-059_JITTER58,1991-02-01,1559.351662263279
NN3-059_JITTER58,1991-03-01,2088.9489370903307
NN3-059_JITTER58,1991-04-01,2776.133126620837
NN3-059_JITTER58,1991-05-01,4916.908915874736
NN3-059_JITTER58,1991-06-01,7456.9793790804515
NN3-059_JITTER58,1991-07-01,10854.598960296293
NN3-059_JITTER58,1991-08-01,10675.790134869378
NN3-060_JITTER59,1981-01-01,4718.087977964344
NN3-060_JITTER59,1981-02-01,4725.510749340263
NN3-060_JITTER59,1981-03-01,5962.072037543365
NN3-060_JITTER59,1981-04-01,5521.837447485321
NN3-060_JITTER59,1981-05-01,5440.376177899225
NN3-060_JITTER59,1981-06-01,6151.67072295867
NN3-060_JITTER59,1981-07-01,5981.068708478715
NN3-060_JITTER59,1981-08-01,5480.702740951386
NN3-060_JITTER59,1981-09-01,5394.89906774316
NN3-060_JITTER59,1981-10-01,5240.273310866788
NN3-060_JITTER59,1981-11-01,4873.999131540523
NN3-060_JITTER59,1981-12-01,4780.217234153321
NN3-060_JITTER59,1982-01-01,4998.332841231438
NN3-060_JITTER59,1982-02-01,4717.0295243001
NN3-060_JITTER59,1982-03-01,5563.1662704545515
NN3-060_JITTER59,1982-04-01,5340.746366432584
NN3-060_JITTER59,1982-05-01,5381.860863995986
NN3-060_JITTER59,1982-06-01,5825.83386899285
NN3-060_JITTER59,1982-07-01,5041.094507931291
NN3-060_JITTER59,1982-08-01,5603.789426689177
NN3-060_JITTER59,1982-09-01,5263.656759097818
NN3-060_JITTER59,1982-10-01,5258.368937466179
NN3-060_JITTER59,1982-11-01,4646.623429664487
NN3-060_JITTER59,1982-12-01,4265.694780935843
NN3-060_JITTER59,1983-01-01,4670.611839487462
NN3-060_JITTER59,1983-02-01,4277.154457827339
NN3-060_JITTER59,1983-03-01,5277.807382569346
NN3-060_JITTER59,1983-04-01,4976.311542101469
NN3-060_JITTER59,1983-05-01,5326.948045418913
NN3-060_JITTER59,1983-06-01,5447.477942129985
NN3-060_JITTER59,1983-07-01,5271.750540777997
NN3-060_JITTER59,1983-08-01,5785.487104198601
NN3-060_JITTER59,1983-09-01,5108.763676660485
NN3-060_JITTER59,1983-10-01,4711.510604896004
NN3-060_JITTER59,1983-11-01,4089.3914774628192
NN3-060_JITTER59,1983-12-01,3779.5302108804617
NN3-060_JITTER59,1984-01-01,4532.989479194257
NN3-060_JITTER59,1984-02-01,4616.9846188467545
NN3-060_JITTER59,1984-03-01,4984.2474228226465
NN3-060_JITTER59,1984-04-01,4774.297594390767
NN3-060_JITTER59,1984-05-01,5001.692563776992
NN3-060_JITTER59,1984-06-01,5281.756007298423
NN3-060_JITTER59,1984-07-01,5305.793806713971
NN3-060_JITTER59,1984-08-01,5729.225245200271
NN3-060_JITTER59,1984-09-01,4605.110487048689
NN3-060_JITTER59,1984-10-01,5049.803060443293
NN3-060_JITTER59,1984-11-01,4282.190826408989
NN3-060_JITTER59,1984-12-01,3807.3657045660534
NN3-060_JITTER59,1985-01-01,4484.877535877692
NN3-060_JITTER59,1985-02-01,3901.458659864938
NN3-060_JITTER59,1985-03-01,3921.0431792150125
NN3-060_JITTER59,1985-04-01,4845.783636473227
NN3-060_JITTER59,1985-05-01,4920.03250287278
NN3-060_JITTER59,1985-06-01,4942.8693252978155
NN3-060_JITTER59,1985-07-01,5225.014499872112
NN3-060_JITTER59,1985-08-01,5132.260571287437
NN3-060_JITTER59,1985-09-01,4633.553010330558
NN3-060_JITTER59,1985-10-01,4796.128718134461
NN3-060_JITTER59,1985-11-01,3960.1067035629444
NN3-060_JITTER59,1985-12-01,3783.316566320916
NN3-060_JITTER59,1986-01-01,4524.86431963041
NN3-060_JITTER59,1986-02-01,4254.805323805774
NN3-060_JITTER59,1986-03-01,4601.64234242757
NN3-060_JITTER59,1986-04-01,5111.618817850894
NN3-060_JITTER59,1986-05-01,5003.519669086785
NN3-060_JITTER59,1986-06-01,5236.6219055526035
NN3-060_JITTER59,1986-07-01,5300.614987239796
NN3-060_JITTER59,1986-08-01,4984.849625370025
NN3-060_JITTER59,1986-09-01,4674.232263609132
NN3-060_JITTER59,1986-10-01,4832.974448607785
NN3-060_JITTER59,1986-11-01,4114.202265151768
NN3-060_JITTER59,1986-12-01,4024.6599265099685
NN3-060_JITTER59,1987-01-01,4395.851376570363
NN3-060_JITTER59,1987-02-01,4333.023940437443
NN3-060_JITTER59,1987-03-01,4936.965312199636
NN3-060_JITTER59,1987-04-01,5019.352764055846
NN3-060_JITTER59,1987-05-01,5008.413497478886
NN3-060_JITTER59,1987-06-01,5350.016933409745
NN3-060_JITTER59,1987-07-01,5190.667186070641
NN3-060_JITTER59,1987-08-01,4846.876146276115
NN3-060_JITTER59,1987-09-01,4681.455683429092
NN3-060_JITTER59,1987-10-01,4699.17163663537
NN3-060_JITTER59,1987-11-01,3854.581837452074
NN3-060_JITTER59,1987-12-01,4049.057881233857
NN3-060_JITTER59,1988-01-01,4397.383705195501
NN3-060_JITTER59,1988-02-01,4183.733990261582
NN3-060_JITTER59,1988-03-01,4588.005056258284
NN3-060_JITTER59,1988-04-01,4970.9330731000755
NN3-060_JITTER59,1988-05-01,5045.300830957001
NN3-060_JITTER59,1988-06-01,5213.205562621846
NN3-060_JITTER59,1988-07-01,4937.052385120647
NN3-060_JITTER59,1988-08-01,5266.015117583295
NN3-060_JITTER59,1988-09-01,4731.302752840011
NN3-060_JITTER59,1988-10-01,4683.073679515703
NN3-060_JITTER59,1988-11-01,4168.350895170458
NN3-060_JITTER59,1988-12-01,3984.6243649747357
NN3-060_JITTER59,1989-01-01,4495.468430450004
NN3-060_JITTER59,1989-02-01,4284.392894735616
NN3-060_JITTER59,1989-03-01,4977.775293778534
NN3-060_JITTER59,1989-04-01,4962.939332546508
NN3-060_JITTER59,1989-05-01,5185.420424526112
NN3-060_JITTER59,1989-06-01,5413.149670043279
NN3-060_JITTER59,1989-07-01,4773.180809243548
NN3-060_JITTER59,1989-08-01,5323.799501355336
NN3-060_JITTER59,1989-09-01,4547.776066408436
NN3-060_JITTER59,1989-10-01,4795.247392009807
NN3-060_JITTER59,1989-11-01,4264.123744003019
NN3-060_JITTER59,1989-12-01,4098.805367317848
NN3-060_JITTER59,1990-01-01,4472.0844657413
NN3-060_JITTER59,1990-02-01,4208.720853138813
NN3-060_JITTER59,1990-03-01,5021.20293864545
NN3-060_JITTER59,1990-04-01,4912.574015242848
NN3-060_JITTER59,1990-05-01,5364.585484965941
NN3-060_JITTER59,1990-06-01,5020.920902823516
NN3-061_JITTER60,1981-01-01,4016.4136158172773
NN3-061_JITTER60,1981-02-01,3750.625568132911
NN3-061_JITTER60,1981-03-01,5119.191049540082
NN3-061_JITTER60,1981-04-01,5448.080353182387
NN3-061_JITTER60,1981-05-01,5169.223873297422
NN3-061_JITTER60,1981-06-01,6351.671372956696
NN3-061_JITTER60,1981-07-01,6451.773861800414
NN3-061_JITTER60,1981-08-01,5629.450259845027
NN3-061_JITTER60,1981-09-01,4733.624625842369
NN3-061_JITTER60,1981-10-01,4618.285731429941
NN3-061_JITTER60,1981-11-01,4362.396572463658
NN3-061_JITTER60,1981-12-01,4489.587905985733
NN3-061_JITTER60,1982-01-01,3671.544212196618
NN3-061_JITTER60,1982-02-01,4176.224563631377
NN3-061_JITTER60,1982-03-01,5337.586573519118
NN3-061_JITTER60,1982-04-01,5110.786014255596
NN3-061_JITTER60,1982-05-01,5725.1898689938
NN3-061_JITTER60,1982-06-01,6301.721206439833
NN3-061_JITTER60,1982-07-01,5718.049426371274
NN3-061_JITTER60,1982-08-01,6061.605782745995
NN3-061_JITTER60,1982-09-01,5202.810278269492
NN3-061_JITTER60,1982-10-01,4893.334165145602
NN3-061_JITTER60,1982-11-01,4458.162565145012
NN3-061_JITTER60,1982-12-01,4494.782705449799
NN3-061_JITTER60,1983-01-01,4523.692663693069
NN3-061_JITTER60,1983-02-01,3514.710355358113
NN3-061_JITTER60,1983-03-01,5347.8158948602995
NN3-061_JITTER60,1983-04-01,5140.0265145726535
NN3-061_JITTER60,1983-05-01,6082.342503518171
NN3-061_JITTER60,1983-06-01,6624.948418255001
NN3-061_JITTER60,1983-07-01,6093.494476662143
NN3-061_JITTER60,1983-08-01,6694.605092697859
NN3-061_JITTER60,1983-09-01,5644.222566816755
NN3-061_JITTER60,1983-10-01,4710.302551546647
NN3-061_JITTER60,1983-11-01,4483.000204248581
NN3-061_JITTER60,1983-12-01,3900.6438647460664
NN3-061_JITTER60,1984-01-01,4161.185035011816
NN3-061_JITTER60,1984-02-01,4571.042499395891
NN3-061_JITTER60,1984-03-01,4574.355626892615
NN3-061_JITTER60,1984-04-01,5053.945153156871
NN3-061_JITTER60,1984-05-01,5421.599363429491
NN3-061_JITTER60,1984-06-01,6116.134815265122
NN3-061_JITTER60,1984-07-01,6521.285664303442
NN3-061_JITTER60,1984-08-01,6664.912870673691
NN3-061_JITTER60,1984-09-01,4851.354270410743
NN3-061_JITTER60,1984-10-01,5199.711036974028
NN3-061_JITTER60,1984-11-01,4438.864679300487
NN3-061_JITTER60,1984-12-01,3857.643669659888
NN3-061_JITTER60,1985-01-01,4478.58006227008
NN3-061_JITTER60,1985-02-01,4017.375242070471
NN3-061_JITTER60,1985-03-01,4369.211769081322
NN3-061_JITTER60,1985-04-01,5587.854998113226
NN3-061_JITTER60,1985-05-01,5791.575814132645
NN3-061_JITTER60,1985-06-01,5967.8612492587035
NN3-061_JITTER60,1985-07-01,6314.702692355716
NN3-061_JITTER60,1985-08-01,5879.041727749237
NN3-061_JITTER60,1985-09-01,4822.415927869213
NN3-061_JITTER60,1985-10-01,4873.138141150179
NN3-061_JITTER60,1985-11-01,4189.83767068179
NN3-061_JITTER60,1985-12-01,3897.6261585102366
NN3-061_JITTER60,1986-01-01,4357.50088008247
NN3-061_JITTER60,1986-02-01,4104.342066343687
NN3-061_JITTER60,1986-03-01,4858.8512175913
NN3-061_JITTER60,1986-04-01,6158.725195608994
NN3-061_JITTER60,1986-05-01,5842.067242858356
NN3-061_JITTER60,1986-06-01,5861.220887844756
NN3-061_JITTER60,1986-07-01,5925.297990128209
NN3-061_JITTER60,1986-08-01,5334.315297096854
NN3-061_JITTER60,1986-09-01,4786.374716663017
NN3-061_JITTER60,1986-10-01,4827.310617357638
NN3-061_JITTER60,1986-11-01,3982.9757506536926
NN3-061_JITTER60,1986-12-01,4043.4615701297857
NN3-061_JITTER60,1987-01-01,3964.3471106101933
NN3-061_JITTER60,1987-02-01,4165.103901899483
NN3-061_JITTER60,1987-03-01,5281.350400568839
NN3-061_JITTER60,1987-04-01,5934.029270478127
NN3-061_JITTER60,1987-05-01,6263.594649439093
NN3-061_JITTER60,1987-06-01,6433.646605372954
NN3-061_JITTER60,1987-07-01,5898.24106630064
NN3-061_JITTER60,1987-08-01,5987.679054747758
NN3-061_JITTER60,1987-09-01,5199.784716718172
NN3-061_JITTER60,1987-10-01,4958.0686271758195
NN3-061_JITTER60,1987-11-01,4040.3002474020536
NN3-061_JITTER60,1987-12-01,4254.0822045967025
NN3-061_JITTER60,1988-01-01,4041.7770611799738
NN3-061_JITTER60,1988-02-01,4362.388777700207
NN3-061_JITTER60,1988-03-01,5304.447263581795
NN3-061_JITTER60,1988-04-01,6020.550327559305
NN3-061_JITTER60,1988-05-01,5818.440569572667
NN3-061_JITTER60,1988-06-01,6666.056127202807
NN3-061_JITTER60,1988-07-01,6108.055074057085
NN3-061_JITTER60,1988-08-01,6207.50113182089
NN3-061_JITTER60,1988-09-01,5338.91740916387
NN3-061_JITTER60,1988-10-01,4988.014474387009
NN3-061_JITTER60,1988-11-01,4370.7377938882
NN3-061_JITTER60,1988-12-01,4566.465593917412
NN3-061_JITTER60,1989-01-01,4585.726442874396
NN3-061_JITTER60,1989-02-01,4448.482544465165
NN3-061_JITTER60,1989-03-01,5266.435469305512
NN3-061_JITTER60,1989-04-01,6035.617485754365
NN3-061_JITTER60,1989-05-01,6170.823926030711
NN3-061_JITTER60,1989-06-01,6417.78117029181
NN3-061_JITTER60,1989-07-01,5847.744899426489
NN3-061_JITTER60,1989-08-01,6166.84043556708
NN3-061_JITTER60,1989-09-01,4986.277276080287
NN3-061_JITTER60,1989-10-01,5033.983895256824
NN3-061_JITTER60,1989-11-01,4676.826353814672
NN3-061_JITTER60,1989-12-01,4219.078004666606
NN3-061_JITTER60,1990-01-01,4179.435913809041
NN3-061_JITTER60,1990-02-01,4280.6014333954845
NN3-061_JITTER60,1990-03-01,5357.726935164294
NN3-061_JITTER60,1990-04-01,5130.894477862705
NN3-061_JITTER60,1990-05-01,5973.422578377238
NN3-061_JITTER60,1990-06-01,5851.894531090363
NN3-062_JITTER61,1979-01-01,1361.5712862632106
NN3-062_JITTER61,1979-02-01,1085.0294629340465
NN3-062_JITTER61,1979-03-01,2167.968005930834
NN3-062_JITTER61,1979-04-01,1775.2359119767443
NN3-062_JITTER61,1979-05-01,1870.4621982006224
NN3-062_JITTER61,1979-06-01,1583.8608427938104
NN3-062_JITTER61,1979-07-01,2061.629692893892
NN3-062_JITTER61,1979-08-01,2030.8834998000386
NN3-062_JITTER61,1979-09-01,1731.9936985678307
NN3-062_JITTER61,1979-10-01,1582.7874197493115
NN3-062_JITTER61,1979-11-01,1905.522641657549
NN3-062_JITTER61,1979-12-01,2484.235354169861
NN3-062_JITTER61,1980-01-01,1278.0159691744416
NN3-062_JITTER61,1980-02-01,2167.3631432315196
NN3-062_JITTER61,1980-03-01,2382.288641477222
NN3-062_JITTER61,1980-04-01,2381.088780024304
NN3-062_JITTER61,1980-05-01,2584.952511928131
NN3-062_JITTER61,1980-06-01,2070.868549180543
NN3-062_JITTER61,1980-07-01,2001.8948179179313
NN3-062_JITTER61,1980-08-01,1418.463891459951
NN3-062_JITTER61,1980-09-01,2538.4141515314473
NN3-062_JITTER61,1980-10-01,2357.7512611242796
NN3-062_JITTER61,1980-11-01,2420.834031170408
NN3-062_JITTER61,1980-12-01,2474.2404562450156
NN3-062_JITTER61,1981-01-01,1406.9360048882688
NN3-062_JITTER61,1981-02-01,2089.142191719132
NN3-062_JITTER61,1981-03-01,2462.2663930940516
NN3-062_JITTER61,1981-04-01,2789.2002076452595
NN3-062_JITTER61,1981-05-01,2420.5438309009287
NN3-062_JITTER61,1981-06-01,2892.8775497656334
NN3-062_JITTER61,1981-07-01,1446.0598680383612
NN3-062_JITTER61,1981-08-01,1477.5956526133455
NN3-062_JITTER61,1981-09-01,2517.471718499593
NN3-062_JITTER61,1981-10-01,1620.3775075440856
NN3-062_JITTER61,1981-11-01,2009.966170507127
NN3-062_JITTER61,1981-12-01,3167.0885088575114
NN3-062_JITTER61,1982-01-01,1324.1880293586296
NN3-062_JITTER61,1982-02-01,1543.9775226457846
NN3-062_JITTER61,1982-03-01,2160.1876786291036
NN3-062_JITTER61,1982-04-01,1510.002315324052
NN3-062_JITTER61,1982-05-01,1724.1356757625992
NN3-062_JITTER61,1982-06-01,1332.628480713447
NN3-062_JITTER61,1982-07-01,1007.638752149917
NN3-062_JITTER61,1982-08-01,889.9723648736649
NN3-062_JITTER61,1982-09-01,1168.9449294721653
NN3-062_JITTER61,1982-10-01,1095.9274373080575
NN3-062_JITTER61,1982-11-01,1199.3489975097182
NN3-062_JITTER61,1982-12-01,2487.054922721133
NN3-062_JITTER61,1983-01-01,1393.7811490382355
NN3-062_JITTER61,1983-02-01,1556.7432984016693
NN3-062_JITTER61,1983-03-01,2628.2545600342423
NN3-062_JITTER61,1983-04-01,2066.3617970280693
NN3-062_JITTER61,1983-05-01,1511.3423651003409
NN3-062_JITTER61,1983-06-01,2441.4548543768747
NN3-062_JITTER61,1983-07-01,872.1095388540127
NN3-062_JITTER61,1983-08-01,985.477672069674
NN3-062_JITTER61,1983-09-01,1577.0824657038943
NN3-062_JITTER61,1983-10-01,895.8898331380383
NN3-062_JITTER61,1983-11-01,1660.5212722621766
NN3-062_JITTER61,1983-12-01,2463.5927938316304
NN3-062_JITTER61,1984-01-01,504.70364567304483
NN3-062_JITTER61,1984-02-01,1145.2085579698771
NN3-062_JITTER61,1984-03-01,1225.5600256027212
NN3-062_JITTER61,1984-04-01,1098.3834120944682
NN3-062_JITTER61,1984-05-01,1419.4003691353173
NN3-062_JITTER61,1984-06-01,1750.2994256845093
NN3-062_JITTER61,1984-07-01,724.6653448807076
NN3-062_JITTER61,1984-08-01,944.855591802137
NN3-062_JITTER61,1984-09-01,1401.7363480645558
NN3-062_JITTER61,1984-10-01,1217.0353568849466
NN3-062_JITTER61,1984-11-01,1835.371194222285
NN3-062_JITTER61,1984-12-01,2427.6750225642545
NN3-062_JITTER61,1985-01-01,698.8342152628256
NN3-062_JITTER61,1985-02-01,1752.286595085934
NN3-062_JITTER61,1985-03-01,1954.8427182630319
NN3-062_JITTER61,1985-04-01,1977.309026315243
NN3-062_JITTER61,1985-05-01,1580.1680022706926
NN3-062_JITTER61,1985-06-01,1819.52861128106
NN3-062_JITTER61,1985-07-01,1579.6392898691997
NN3-062_JITTER61,1985-08-01,1546.2242423384678
NN3-062_JITTER61,1985-09-01,1403.7024244325853
NN3-062_JITTER61,1985-10-01,1987.2633325311842
NN3-062_JITTER61,1985-11-01,1374.2717219779347
NN3-062_JITTER61,1985-12-01,4404.490901474086
NN3-062_JITTER61,1986-01-01,1274.4399456407573
NN3-062_JITTER61,1986-02-01,1429.671125029988
NN3-062_JITTER61,1986-03-01,2701.5242055023364
NN3-062_JITTER61,1986-04-01,1910.4619413254163
NN3-062_JITTER61,1986-05-01,2311.1028650524486
NN3-062_JITTER61,1986-06-01,2085.298995774426
NN3-062_JITTER61,1986-07-01,2164.810601542792
NN3-062_JITTER61,1986-08-01,1853.6920449021302
NN3-062_JITTER61,1986-09-01,1538.0424204281612
NN3-062_JITTER61,1986-10-01,2179.0730654804897
NN3-062_JITTER61,1986-11-01,2184.5853400119777
NN3-062_JITTER61,1986-12-01,3243.6358695716926
NN3-062_JITTER61,1987-01-01,1115.6274759727146
NN3-062_JITTER61,1987-02-01,1611.7781982206243
NN3-062_JITTER61,1987-03-01,2824.8981146790275
NN3-062_JITTER61,1987-04-01,2235.613700677133
NN3-062_JITTER61,1987-05-01,1807.7804006038018
NN3-062_JITTER61,1987-06-01,2082.9220758525344
NN3-062_JITTER61,1987-07-01,2287.353780942167
NN3-062_JITTER61,1987-08-01,1366.3438239704499
NN3-062_JITTER61,1987-09-01,2268.116218146359
NN3-062_JITTER61,1987-10-01,1879.63076749969
NN3-062_JITTER61,1987-11-01,1866.4557940862253
NN3-062_JITTER61,1987-12-01,3629.50848503127
NN3-062_JITTER61,1988-01-01,1606.6734176041887
NN3-062_JITTER61,1988-02-01,2626.5671231177653
NN3-063_JITTER62,1982-01-01,2740.1279534314267
NN3-063_JITTER62,1982-02-01,3142.6620954263626
NN3-063_JITTER62,1982-03-01,4711.177308529302
NN3-063_JITTER62,1982-04-01,4845.852620743051
NN3-063_JITTER62,1982-05-01,5182.558064647695
NN3-063_JITTER62,1982-06-01,5594.317540260872
NN3-063_JITTER62,1982-07-01,4393.44359402377
NN3-063_JITTER62,1982-08-01,3592.415518810957
NN3-063_JITTER62,1982-09-01,4188.235788431844
NN3-063_JITTER62,1982-10-01,4449.375547557545
NN3-063_JITTER62,1982-11-01,4156.626841737443
NN3-063_JITTER62,1982-12-01,3736.0025419726394
NN3-063_JITTER62,1983-01-01,4514.164706459587
NN3-063_JITTER62,1983-02-01,4675.414771290469
NN3-063_JITTER62,1983-03-01,5880.412535080461
NN3-063_JITTER62,1983-04-01,5333.406172698707
NN3-063_JITTER62,1983-05-01,5862.178424394333
NN3-063_JITTER62,1983-06-01,6332.095460011443
NN3-063_JITTER62,1983-07-01,4471.791688229985
NN3-063_JITTER62,1983-08-01,4954.773812654569
NN3-063_JITTER62,1983-09-01,6263.524888080475
NN3-063_JITTER62,1983-10-01,6764.592658135464
NN3-063_JITTER62,1983-11-01,6319.217099652254
NN3-063_JITTER62,1983-12-01,5820.185756146083
NN3-063_JITTER62,1984-01-01,6435.2715683912675
NN3-063_JITTER62,1984-02-01,6941.106969869311
NN3-063_JITTER62,1984-03-01,7720.670436293174
NN3-063_JITTER62,1984-04-01,6662.260196664343
NN3-063_JITTER62,1984-05-01,6882.654166591162
NN3-063_JITTER62,1984-06-01,6695.153718004363
NN3-063_JITTER62,1984-07-01,5144.374325152981
NN3-063_JITTER62,1984-08-01,5070.788349513378
NN3-063_JITTER62,1984-09-01,5298.297872335706
NN3-063_JITTER62,1984-10-01,6837.506735325907
NN3-063_JITTER62,1984-11-01,6660.547319548735
NN3-063_JITTER62,1984-12-01,5488.195153197846
NN3-063_JITTER62,1985-01-01,7372.641283882185
NN3-063_JITTER62,1985-02-01,6656.9089010618445
NN3-063_JITTER62,1985-03-01,7389.659634966013
NN3-063_JITTER62,1985-04-01,7456.549913001991
NN3-063_JITTER62,1985-05-01,7661.775360942683
NN3-063_JITTER62,1985-06-01,6713.882089650889
NN3-063_JITTER62,1985-07-01,5498.84874435448
NN3-063_JITTER62,1985-08-01,5525.352226396144
NN3-063_JITTER62,1985-09-01,6413.059818363923
NN3-063_JITTER62,1985-10-01,7338.644621655727
NN3-063_JITTER62,1985-11-01,6554.132106302772
NN3-063_JITTER62,1985-12-01,5411.032045779106
NN3-063_JITTER62,1986-01-01,7102.849313365324
NN3-063_JITTER62,1986-02-01,6808.73630789511
NN3-063_JITTER62,1986-03-01,6649.4419472844365
NN3-063_JITTER62,1986-04-01,7215.004887467944
NN3-063_JITTER62,1986-05-01,6845.747507895821
NN3-063_JITTER62,1986-06-01,7089.595242381868
NN3-063_JITTER62,1986-07-01,5008.123558639996
NN3-063_JITTER62,1986-08-01,4220.689037944743
NN3-063_JITTER62,1986-09-01,6415.928551734668
NN3-063_JITTER62,1986-10-01,6810.132480006395
NN3-063_JITTER62,1986-11-01,5513.180048252205
NN3-063_JITTER62,1986-12-01,5581.776148929806
NN3-063_JITTER62,1987-01-01,6077.370775446585
NN3-063_JITTER62,1987-02-01,6908.00027987168
NN3-063_JITTER62,1987-03-01,7425.515697266334
NN3-063_JITTER62,1987-04-01,6705.984696960994
NN3-063_JITTER62,1987-05-01,6292.759821248922
NN3-063_JITTER62,1987-06-01,6661.6279248195115
NN3-063_JITTER62,1987-07-01,3733.0898430841903
NN3-063_JITTER62,1987-08-01,3673.446474560221
NN3-063_JITTER62,1987-09-01,5918.927059149298
NN3-063_JITTER62,1987-10-01,6616.1073301096385
NN3-063_JITTER62,1987-11-01,5835.533678465767
NN3-063_JITTER62,1987-12-01,5099.6800850325535
NN3-063_JITTER62,1988-01-01,4622.552676572584
NN3-063_JITTER62,1988-02-01,5728.483036661897
NN3-063_JITTER62,1988-03-01,6662.021564318577
NN3-063_JITTER62,1988-04-01,6240.7044623388
NN3-063_JITTER62,1988-05-01,6889.20822915244
NN3-063_JITTER62,1988-06-01,7334.563281905428
NN3-063_JITTER62,1988-07-01,3933.0300214668487
NN3-063_JITTER62,1988-08-01,4891.809779137713
NN3-063_JITTER62,1988-09-01,6182.033910169307
NN3-063_JITTER62,1988-10-01,6537.08852997517
NN3-063_JITTER62,1988-11-01,6524.293340258031
NN3-063_JITTER62,1988-12-01,5848.794361947261
NN3-063_JITTER62,1989-01-01,6113.033521797624
NN3-063_JITTER62,1989-02-01,6057.635720200262
NN3-063_JITTER62,1989-03-01,6591.686603285313
NN3-063_JITTER62,1989-04-01,6425.984985888792
NN3-063_JITTER62,1989-05-01,6671.303044678985
NN3-063_JITTER62,1989-06-01,6033.033689954709
NN3-063_JITTER62,1989-07-01,2743.2555862164136
NN3-063_JITTER62,1989-08-01,5428.649979705729
NN3-063_JITTER62,1989-09-01,5730.206706799383
NN3-063_JITTER62,1989-10-01,6183.822437734358
NN3-063_JITTER62,1989-11-01,5391.637023516301
NN3-063_JITTER62,1989-12-01,4583.984156652634
NN3-063_JITTER62,1990-01-01,3391.179198715304
NN3-063_JITTER62,1990-02-01,4886.776947051937
NN3-063_JITTER62,1990-03-01,6214.928279635471
NN3-063_JITTER62,1990-04-01,5158.429306504836
NN3-063_JITTER62,1990-05-01,6359.679283242627
NN3-063_JITTER62,1990-06-01,6218.728210421969
NN3-063_JITTER62,1990-07-01,3358.9023629327503
NN3-063_JITTER62,1990-08-01,5276.613978118045
NN3-063_JITTER62,1990-09-01,5364.623083430858
NN3-063_JITTER62,1990-10-01,6301.859194216502
NN3-063_JITTER62,1990-11-01,4359.14344675217
NN3-063_JITTER62,1990-12-01,3782.908735348932
NN3-063_JITTER62,1991-01-01,4405.766403498955
NN3-063_JITTER62,1991-02-01,4010.89342058824
NN3-063_JITTER62,1991-03-01,4414.962762572236
NN3-063_JITTER62,1991-04-01,4634.364726672365
NN3-063_JITTER62,1991-05-01,5315.5138094095255
NN3-063_JITTER62,1991-06-01,4842.57145315747
NN3-064_JITTER63,1983-01-01,6034.326407991829
NN3-064_JITTER63,1983-02-01,6232.941317546915
NN3-064_JITTER63,1983-03-01,6210.265168896416
NN3-064_JITTER63,1983-04-01,5965.752360283243
NN3-064_JITTER63,1983-05-01,5948.259832976752
NN3-064_JITTER63,1983-06-01,5936.911592018583
NN3-064_JITTER63,1983-07-01,5547.813575160484
NN3-064_JITTER63,1983-08-01,5481.42953785399
NN3-064_JITTER63,1983-09-01,5992.633884211767
NN3-064_JITTER63,1983-10-01,6192.342123448395
NN3-064_JITTER63,1983-11-01,6415.190153632599
NN3-064_JITTER63,1983-12-01,6681.331656230601
NN3-064_JITTER63,1984-01-01,7386.923701972063
NN3-064_JITTER63,1984-02-01,7704.801277102574
NN3-064_JITTER63,1984-03-01,7797.542443374295
NN3-064_JITTER63,1984-04-01,7661.786288156017
NN3-064_JITTER63,1984-05-01,7263.542753236976
NN3-064_JITTER63,1984-06-01,7227.821955383037
NN3-064_JITTER63,1984-07-01,6406.4625091318
NN3-064_JITTER63,1984-08-01,6309.089308395585
NN3-064_JITTER63,1984-09-01,6224.192402442825
NN3-064_JITTER63,1984-10-01,6529.729352681039
NN3-064_JITTER63,1984-11-01,7008.8080980020995
NN3-064_JITTER63,1984-12-01,7014.441456529425
NN3-064_JITTER63,1985-01-01,8018.944263574485
NN3-064_JITTER63,1985-02-01,8039.902163566436
NN3-064_JITTER63,1985-03-01,7860.410958510606
NN3-064_JITTER63,1985-04-01,7873.038770025824
NN3-064_JITTER63,1985-05-01,7734.004946042377
NN3-064_JITTER63,1985-06-01,7929.658787123939
NN3-064_JITTER63,1985-07-01,7873.450247334151
NN3-064_JITTER63,1985-08-01,7028.412548308433
NN3-064_JITTER63,1985-09-01,6260.273995023846
NN3-064_JITTER63,1985-10-01,7216.171866594333
NN3-064_JITTER63,1985-11-01,8089.594312186484
NN3-064_JITTER63,1985-12-01,8086.044221390699
NN3-064_JITTER63,1986-01-01,8842.650869325264
NN3-064_JITTER63,1986-02-01,9292.645216756677
NN3-064_JITTER63,1986-03-01,9520.346799968975
NN3-064_JITTER63,1986-04-01,9697.454255801234
NN3-064_JITTER63,1986-05-01,9284.602155344171
NN3-064_JITTER63,1986-06-01,9206.078184098165
NN3-064_JITTER63,1986-07-01,8603.220970156148
NN3-064_JITTER63,1986-08-01,7740.424337742277
NN3-064_JITTER63,1986-09-01,6593.133954326081
NN3-064_JITTER63,1986-10-01,7217.748462784346
NN3-064_JITTER63,1986-11-01,7564.831998862983
NN3-064_JITTER63,1986-12-01,7562.657007540824
NN3-064_JITTER63,1987-01-01,8726.059865475256
NN3-064_JITTER63,1987-02-01,9281.751191145524
NN3-064_JITTER63,1987-03-01,9743.199826080167
NN3-064_JITTER63,1987-04-01,9547.12058769274
NN3-064_JITTER63,1987-05-01,9477.525095106585
NN3-064_JITTER63,1987-06-01,9427.068616249006
NN3-064_JITTER63,1987-07-01,8311.163315135555
NN3-064_JITTER63,1987-08-01,7087.255563822667
NN3-064_JITTER63,1987-09-01,6994.510478025154
NN3-064_JITTER63,1987-10-01,7867.023245510398
NN3-064_JITTER63,1987-11-01,8401.669874988907
NN3-064_JITTER63,1987-12-01,8408.248749510263
NN3-064_JITTER63,1988-01-01,8406.865135654276
NN3-064_JITTER63,1988-02-01,7984.040851713546
NN3-064_JITTER63,1988-03-01,7845.624843066075
NN3-064_JITTER63,1988-04-01,7916.613051315189
NN3-064_JITTER63,1988-05-01,7981.343393490913
NN3-064_JITTER63,1988-06-01,8282.1316305732
NN3-064_JITTER63,1988-07-01,7174.777607124699
NN3-064_JITTER63,1988-08-01,6719.918035728829
NN3-064_JITTER63,1988-09-01,7018.098564159733
NN3-064_JITTER63,1988-10-01,7345.35372923063
NN3-064_JITTER63,1988-11-01,8176.3391577107805
NN3-064_JITTER63,1988-12-01,7925.446305249426
NN3-064_JITTER63,1989-01-01,8634.415415462987
NN3-064_JITTER63,1989-02-01,9144.782634573716
NN3-064_JITTER63,1989-03-01,9227.06288649008
NN3-064_JITTER63,1989-04-01,9179.590072967432
NN3-064_JITTER63,1989-05-01,9116.905180423486
NN3-064_JITTER63,1989-06-01,9184.568194905482
NN3-064_JITTER63,1989-07-01,7769.62954232209
NN3-064_JITTER63,1989-08-01,7229.744995499914
NN3-064_JITTER63,1989-09-01,7095.347380547675
NN3-064_JITTER63,1989-10-01,7761.497988846716
NN3-064_JITTER63,1989-11-01,8286.908658148534
NN3-064_JITTER63,1989-12-01,8274.740388528771
NN3-064_JITTER63,1990-01-01,7513.405606509504
NN3-064_JITTER63,1990-02-01,7339.116228668082
NN3-064_JITTER63,1990-03-01,7377.793773485077
NN3-064_JITTER63,1990-04-01,6976.775996690431
NN3-064_JITTER63,1990-05-01,7295.111877148813
NN3-064_JITTER63,1990-06-01,7457.130328314072
NN3-064_JITTER63,1990-07-01,6541.578868310769
NN3-064_JITTER63,1990-08-01,6691.734323595782
NN3-064_JITTER63,1990-09-01,6684.118365180844
NN3-064_JITTER63,1990-10-01,7392.166984471432
NN3-064_JITTER63,1990-11-01,7530.193949052362
NN3-064_JITTER63,1990-12-01,7017.59990862469
NN3-064_JITTER63,1991-01-01,7312.595361579968
NN3-064_JITTER63,1991-02-01,7315.577739117726
NN3-064_JITTER63,1991-03-01,6761.572296080928
NN3-064_JITTER63,1991-04-01,6856.61532310981
NN3-064_JITTER63,1991-05-01,6841.992870523968
NN3-064_JITTER63,1991-06-01,6614.260669615014
NN3-064_JITTER63,1991-07-01,5605.344273937912
NN3-064_JITTER63,1991-08-01,5526.6566548823475
NN3-065_JITTER64,1978-01-01,4782.270989333069
NN3-065_JITTER64,1978-02-01,5388.5878956323995
NN3-065_JITTER64,1978-03-01,6416.011252190523
NN3-065_JITTER64,1978-04-01,7151.135952059942
NN3-065_JITTER64,1978-05-01,6862.178453048691
NN3-065_JITTER64,1978-06-01,6987.996825259232
NN3-065_JITTER64,1978-07-01,4515.291204418402
NN3-065_JITTER64,1978-08-01,3566.1799753590176
NN3-065_JITTER64,1978-09-01,6181.038599450049
NN3-065_JITTER64,1978-10-01,6802.912743816759
NN3-065_JITTER64,1978-11-01,5887.599593312577
NN3-065_JITTER64,1978-12-01,5303.701169035178
NN3-065_JITTER64,1979-01-01,4986.4642788367
NN3-065_JITTER64,1979-02-01,6592.6721741470055
NN3-065_JITTER64,1979-03-01,7413.38366007687
NN3-065_JITTER64,1979-04-01,7372.059903732447
NN3-065_JITTER64,1979-05-01,8585.15947806277
NN3-065_JITTER64,1979-06-01,7300.512109994536
NN3-065_JITTER64,1979-07-01,4517.6935033800155
NN3-065_JITTER64,1979-08-01,3901.665686127381
NN3-065_JITTER64,1979-09-01,6532.290807745552
NN3-065_JITTER64,1979-10-01,8216.158472120085
NN3-065_JITTER64,1979-11-01,7670.262200721315
NN3-065_JITTER64,1979-12-01,5635.162774952678
NN3-065_JITTER64,1980-01-01,4882.1064614871275
NN3-065_JITTER64,1980-02-01,6362.311270112015
NN3-065_JITTER64,1980-03-01,7261.315466971586
NN3-065_JITTER64,1980-04-01,6868.485758520624
NN3-065_JITTER64,1980-05-01,5876.279221846487
NN3-065_JITTER64,1980-06-01,5240.827072956492
NN3-065_JITTER64,1980-07-01,2954.6093651482474
NN3-065_JITTER64,1980-08-01,2258.47737048222
NN3-065_JITTER64,1980-09-01,4049.877591426196
NN3-065_JITTER64,1980-10-01,5860.20871205137
NN3-065_JITTER64,1980-11-01,4571.865279232547
NN3-065_JITTER64,1980-12-01,4004.25764897148
NN3-065_JITTER64,1981-01-01,3183.887884632795
NN3-065_JITTER64,1981-02-01,5447.053414170307
NN3-065_JITTER64,1981-03-01,5932.838225666187
NN3-065_JITTER64,1981-04-01,5923.500437159747
NN3-065_JITTER64,1981-05-01,6393.506005272005
NN3-065_JITTER64,1981-06-01,5750.868308385535
NN3-065_JITTER64,1981-07-01,5068.397813571261
NN3-065_JITTER64,1981-08-01,3067.687679277734
NN3-065_JITTER64,1981-09-01,3754.4495101985594
NN3-065_JITTER64,1981-10-01,3428.544101031485
NN3-065_JITTER64,1981-11-01,2834.548898428395
NN3-065_JITTER64,1981-12-01,2837.3123047004233
NN3-065_JITTER64,1982-01-01,1817.6124292383622
NN3-065_JITTER64,1982-02-01,2489.1074989010667
NN3-065_JITTER64,1982-03-01,3905.3642580280907
NN3-065_JITTER64,1982-04-01,4850.314846339068
NN3-065_JITTER64,1982-05-01,4644.314362743644
NN3-065_JITTER64,1982-06-01,3913.216959684764
NN3-065_JITTER64,1982-07-01,3478.559426723454
NN3-065_JITTER64,1982-08-01,2068.026854800242
NN3-065_JITTER64,1982-09-01,2701.2474377665803
NN3-065_JITTER64,1982-10-01,2903.077693982828
NN3-065_JITTER64,1982-11-01,2776.2184671610244
NN3-065_JITTER64,1982-12-01,2211.1424981799937
NN3-065_JITTER64,1983-01-01,2766.2405466497967
NN3-065_JITTER64,1983-02-01,4421.47032605911
NN3-065_JITTER64,1983-03-01,5721.831014748803
NN3-065_JITTER64,1983-04-01,5517.4436831418825
NN3-065_JITTER64,1983-05-01,6045.045874597078
NN3-065_JITTER64,1983-06-01,5146.056055102369
NN3-065_JITTER64,1983-07-01,3434.176329201239
NN3-065_JITTER64,1983-08-01,3150.7762753463267
NN3-065_JITTER64,1983-09-01,4723.375317470725
NN3-065_JITTER64,1983-10-01,5710.3962072683025
NN3-065_JITTER64,1983-11-01,4889.225779632285
NN3-065_JITTER64,1983-12-01,3730.743362686824
NN3-065_JITTER64,1984-01-01,3911.038461028656
NN3-065_JITTER64,1984-02-01,5517.768228336304
NN3-065_JITTER64,1984-03-01,7158.845550556901
NN3-065_JITTER64,1984-04-01,6495.387941536888
NN3-065_JITTER64,1984-05-01,6332.891676219723
NN3-065_JITTER64,1984-06-01,5836.86340781559
NN3-065_JITTER64,1984-07-01,4134.072568365851
NN3-065_JITTER64,1984-08-01,3187.77700039695
NN3-065_JITTER64,1984-09-01,4690.38620102504
NN3-065_JITTER64,1984-10-01,4209.307330225869
NN3-065_JITTER64,1984-11-01,5302.625303407231
NN3-065_JITTER64,1984-12-01,4569.470997868863
NN3-065_JITTER64,1985-01-01,5375.757887610662
NN3-065_JITTER64,1985-02-01,5946.470602442923
NN3-065_JITTER64,1985-03-01,7262.0957291413815
NN3-065_JITTER64,1985-04-01,7139.9434061741085
NN3-065_JITTER64,1985-05-01,6745.308111948629
NN3-065_JITTER64,1985-06-01,6808.75566172838
NN3-065_JITTER64,1985-07-01,5291.008042829779
NN3-065_JITTER64,1985-08-01,3373.9602402657424
NN3-065_JITTER64,1985-09-01,5902.492456841813
NN3-065_JITTER64,1985-10-01,6036.527100476932
NN3-065_JITTER64,1985-11-01,5973.078306772479
NN3-065_JITTER64,1985-12-01,4310.479844141776
NN3-065_JITTER64,1986-01-01,5732.183751247678
NN3-065_JITTER64,1986-02-01,6342.802258439348
NN3-065_JITTER64,1986-03-01,7051.234587635465
NN3-065_JITTER64,1986-04-01,7411.488041348745
NN3-065_JITTER64,1986-05-01,5820.551054720325
NN3-065_JITTER64,1986-06-01,7920.1237949953
NN3-065_JITTER64,1986-07-01,3993.9227379587633
NN3-065_JITTER64,1986-08-01,2059.4789111162627
NN3-065_JITTER64,1986-09-01,5953.190553698533
NN3-065_JITTER64,1986-10-01,5114.4667732627995
NN3-065_JITTER64,1986-11-01,5429.808956679503
NN3-065_JITTER64,1986-12-01,4114.203195895618
NN3-065_JITTER64,1987-01-01,3284.4757623746623
NN3-065_JITTER64,1987-02-01,6044.962740164353
NN3-065_JITTER64,1987-03-01,5689.8374252193
NN3-065_JITTER64,1987-04-01,5973.013765931443
NN3-065_JITTER64,1987-05-01,6557.107624984806
NN3-065_JITTER64,1987-06-01,7755.944893149215
NN3-066_JITTER65,1979-01-01,7020.36796266802
NN3-066_JITTER65,1979-02-01,6476.089617517623
NN3-066_JITTER65,1979-03-01,8007.576291168847
NN3-066_JITTER65,1979-04-01,8193.35323920526
NN3-066_JITTER65,1979-05-01,8182.177019187422
NN3-066_JITTER65,1979-06-01,7823.966768412429
NN3-066_JITTER65,1979-07-01,7287.760596714659
NN3-066_JITTER65,1979-08-01,7905.820306384081
NN3-066_JITTER65,1979-09-01,7599.261522202633
NN3-066_JITTER65,1979-10-01,7451.871539046205
NN3-066_JITTER65,1979-11-01,8513.351010716051
NN3-066_JITTER65,1979-12-01,8892.858036242507
NN3-066_JITTER65,1980-01-01,8268.22876982608
NN3-066_JITTER65,1980-02-01,8311.392308257726
NN3-066_JITTER65,1980-03-01,8604.911351349649
NN3-066_JITTER65,1980-04-01,8506.950972460747
NN3-066_JITTER65,1980-05-01,8427.08018008496
NN3-066_JITTER65,1980-06-01,7773.3571650246
NN3-066_JITTER65,1980-07-01,7850.7301474326605
NN3-066_JITTER65,1980-08-01,8439.92204226921
NN3-066_JITTER65,1980-09-01,7673.593163481543
NN3-066_JITTER65,1980-10-01,7612.887347844065
NN3-066_JITTER65,1980-11-01,8080.298912175687
NN3-066_JITTER65,1980-12-01,8896.137961519673
NN3-066_JITTER65,1981-01-01,8246.039634712266
NN3-066_JITTER65,1981-02-01,7654.762680767429
NN3-066_JITTER65,1981-03-01,8544.160779801343
NN3-066_JITTER65,1981-04-01,8508.290124619816
NN3-066_JITTER65,1981-05-01,8108.1221461412815
NN3-066_JITTER65,1981-06-01,7875.363076287549
NN3-066_JITTER65,1981-07-01,7723.2109963184475
NN3-066_JITTER65,1981-08-01,7517.966687963663
NN3-066_JITTER65,1981-09-01,7701.671384631368
NN3-066_JITTER65,1981-10-01,7782.023764553624
NN3-066_JITTER65,1981-11-01,7554.874977103793
NN3-066_JITTER65,1981-12-01,7869.194770135802
NN3-066_JITTER65,1982-01-01,6972.480460624575
NN3-066_JITTER65,1982-02-01,6609.108756515934
NN3-066_JITTER65,1982-03-01,7180.233570931866
NN3-066_JITTER65,1982-04-01,7700.118676759505
NN3-066_JITTER65,1982-05-01,7756.592235619074
NN3-066_JITTER65,1982-06-01,6891.538674256604
NN3-066_JITTER65,1982-07-01,6109.121774760188
NN3-066_JITTER65,1982-08-01,5864.001965608763
NN3-066_JITTER65,1982-09-01,6023.902409627673
NN3-066_JITTER65,1982-10-01,6023.111713917933
NN3-066_JITTER65,1982-11-01,5757.076370019271
NN3-066_JITTER65,1982-12-01,5978.206604802788
NN3-066_JITTER65,1983-01-01,5657.649053002982
NN3-066_JITTER65,1983-02-01,5490.386140485389
NN3-066_JITTER65,1983-03-01,6405.416845675341
NN3-066_JITTER65,1983-04-01,6047.026023984163
NN3-066_JITTER65,1983-05-01,5763.451765797669
NN3-066_JITTER65,1983-06-01,5163.490393365429
NN3-066_JITTER65,1983-07-01,4984.017327029051
NN3-066_JITTER65,1983-08-01,5629.9914572495545
NN3-066_JITTER65,1983-09-01,5800.893284052872
NN3-066_JITTER65,1983-10-01,6214.132284025521
NN3-066_JITTER65,1983-11-01,6320.791664873605
NN3-066_JITTER65,1983-12-01,6317.382306411331
NN3-066_JITTER65,1984-01-01,6614.636332033314
NN3-066_JITTER65,1984-02-01,6692.814052336033
NN3-066_JITTER65,1984-03-01,7538.678214621766
NN3-066_JITTER65,1984-04-01,7448.3041952788635
NN3-066_JITTER65,1984-05-01,7255.618957283775
NN3-066_JITTER65,1984-06-01,6506.490570493172
NN3-066_JITTER65,1984-07-01,6026.536380471399
NN3-066_JITTER65,1984-08-01,6745.491656715707
NN3-066_JITTER65,1984-09-01,6564.8334975624875
NN3-066_JITTER65,1984-10-01,7151.55516633085
NN3-066_JITTER65,1984-11-01,7425.951538436139
NN3-066_JITTER65,1984-12-01,7726.994683783337
NN3-066_JITTER65,1985-01-01,7864.091253086991
NN3-066_JITTER65,1985-02-01,7302.641961408001
NN3-066_JITTER65,1985-03-01,7878.0029368923615
NN3-066_JITTER65,1985-04-01,7791.911053338919
NN3-066_JITTER65,1985-05-01,7906.094136744308
NN3-066_JITTER65,1985-06-01,7481.978245902838
NN3-066_JITTER65,1985-07-01,6996.336556344224
NN3-066_JITTER65,1985-08-01,6552.006207150758
NN3-066_JITTER65,1985-09-01,6667.442783327978
NN3-066_JITTER65,1985-10-01,7119.6888795594605
NN3-066_JITTER65,1985-11-01,6395.659583865214
NN3-066_JITTER65,1985-12-01,6698.520954217512
NN3-066_JITTER65,1986-01-01,6397.128376008617
NN3-066_JITTER65,1986-02-01,6109.665236788691
NN3-066_JITTER65,1986-03-01,6474.624798859708
NN3-066_JITTER65,1986-04-01,6571.294072680231
NN3-066_JITTER65,1986-05-01,6521.386712575278
NN3-066_JITTER65,1986-06-01,5757.379483291682
NN3-066_JITTER65,1986-07-01,5209.629692871527
NN3-066_JITTER65,1986-08-01,5692.930594666797
NN3-066_JITTER65,1986-09-01,5848.119202979062
NN3-066_JITTER65,1986-10-01,5957.861672140018
NN3-066_JITTER65,1986-11-01,5687.87446482123
NN3-066_JITTER65,1986-12-01,6305.686818202559
NN3-066_JITTER65,1987-01-01,6906.384200751325
NN3-066_JITTER65,1987-02-01,6282.586817115345
NN3-066_JITTER65,1987-03-01,7248.249662641841
NN3-066_JITTER65,1987-04-01,7073.168225795865
NN3-066_JITTER65,1987-05-01,7092.160092965501
NN3-066_JITTER65,1987-06-01,6570.931341315968
NN3-066_JITTER65,1987-07-01,6283.4285578533245
NN3-066_JITTER65,1987-08-01,6045.583310617895
NN3-066_JITTER65,1987-09-01,6196.873462962487
NN3-066_JITTER65,1987-10-01,7025.98276466197
NN3-066_JITTER65,1987-11-01,6792.245857718229
NN3-066_JITTER65,1987-12-01,7209.976626831489
NN3-066_JITTER65,1988-01-01,6969.435887985775
NN3-066_JITTER65,1988-02-01,6503.737642579725
NN3-066_JITTER65,1988-03-01,7189.617567101423
NN3-066_JITTER65,1988-04-01,7275.86782166728
NN3-066_JITTER65,1988-05-01,7477.397988414929
NN3-066_JITTER65,1988-06-01,6884.478705721051
NN3-067_JITTER66,1982-01-01,4095.882662803622
NN3-067_JITTER66,1982-02-01,3886.0781102037736
NN3-067_JITTER66,1982-03-01,4141.231670661656
NN3-067_JITTER66,1982-04-01,6271.130708422811
NN3-067_JITTER66,1982-05-01,5589.998369566375
NN3-067_JITTER66,1982-06-01,3656.21201301682
NN3-067_JITTER66,1982-07-01,3351.094245235599
NN3-067_JITTER66,1982-08-01,5181.935084598404
NN3-067_JITTER66,1982-09-01,3828.9793751444126
NN3-067_JITTER66,1982-10-01,3648.537416959045
NN3-067_JITTER66,1982-11-01,3151.6383388542617
NN3-067_JITTER66,1982-12-01,4854.797229784171
NN3-067_JITTER66,1983-01-01,4416.923565194452
NN3-067_JITTER66,1983-02-01,3816.8909966039523
NN3-067_JITTER66,1983-03-01,5525.297942800951
NN3-067_JITTER66,1983-04-01,4800.328530101897
NN3-067_JITTER66,1983-05-01,6231.312816773396
NN3-067_JITTER66,1983-06-01,4807.607904215548
NN3-067_JITTER66,1983-07-01,3363.821506128711
NN3-067_JITTER66,1983-08-01,5895.787184891628
NN3-067_JITTER66,1983-09-01,7031.245298348427
NN3-067_JITTER66,1983-10-01,6288.682208546909
NN3-067_JITTER66,1983-11-01,6456.888930696138
NN3-067_JITTER66,1983-12-01,4575.136964779581
NN3-067_JITTER66,1984-01-01,5602.223224547784
NN3-067_JITTER66,1984-02-01,5241.48346311756
NN3-067_JITTER66,1984-03-01,4137.911514113052
NN3-067_JITTER66,1984-04-01,5361.370117035866
NN3-067_JITTER66,1984-05-01,6360.299849925416
NN3-067_JITTER66,1984-06-01,3665.8441504156635
NN3-067_JITTER66,1984-07-01,3018.472740428208
NN3-067_JITTER66,1984-08-01,8383.714581216007
NN3-067_JITTER66,1984-09-01,6205.058183552578
NN3-067_JITTER66,1984-10-01,4333.663660451472
NN3-067_JITTER66,1984-11-01,3848.939204629767
NN3-067_JITTER66,1984-12-01,5872.83003887074
NN3-067_JITTER66,1985-01-01,6298.983100474112
NN3-067_JITTER66,1985-02-01,4513.263733507612
NN3-067_JITTER66,1985-03-01,4481.2777272322155
NN3-067_JITTER66,1985-04-01,7672.961282874563
NN3-067_JITTER66,1985-05-01,6876.406850640516
NN3-067_JITTER66,1985-06-01,3140.293725270467
NN3-067_JITTER66,1985-07-01,2272.8592982799873
NN3-067_JITTER66,1985-08-01,5446.054707758232
NN3-067_JITTER66,1985-09-01,5572.365355399545
NN3-067_JITTER66,1985-10-01,4327.058852700598
NN3-067_JITTER66,1985-11-01,2636.309657521192
NN3-067_JITTER66,1985-12-01,6540.236766059109
NN3-067_JITTER66,1986-01-01,7724.974422033825
NN3-067_JITTER66,1986-02-01,4075.899988550628
NN3-067_JITTER66,1986-03-01,4139.6603151255695
NN3-067_JITTER66,1986-04-01,8454.438919784754
NN3-067_JITTER66,1986-05-01,6298.619180178921
NN3-067_JITTER66,1986-06-01,2287.12596879746
NN3-067_JITTER66,1986-07-01,1629.2652973486613
NN3-067_JITTER66,1986-08-01,3676.966494591094
NN3-067_JITTER66,1986-09-01,5468.658584132943
NN3-067_JITTER66,1986-10-01,3082.6489845243054
NN3-067_JITTER66,1986-11-01,3362.3508759725464
NN3-067_JITTER66,1986-12-01,5543.149361339659
NN3-067_JITTER66,1987-01-01,7408.447592708863
NN3-067_JITTER66,1987-02-01,4679.827401398018
NN3-067_JITTER66,1987-03-01,5763.945928339956
NN3-067_JITTER66,1987-04-01,7683.636337950195
NN3-067_JITTER66,1987-05-01,4708.14485801981
NN3-067_JITTER66,1987-06-01,5747.131588352153
NN3-067_JITTER66,1987-07-01,2349.931313185234
NN3-067_JITTER66,1987-08-01,4301.294175515245
NN3-067_JITTER66,1987-09-01,5409.810979963543
NN3-067_JITTER66,1987-10-01,4067.8743058016607
NN3-067_JITTER66,1987-11-01,3825.1655906082833
NN3-067_JITTER66,1987-12-01,5729.514387532192
NN3-067_JITTER66,1988-01-01,6939.30802433285
NN3-067_JITTER66,1988-02-01,4335.111251201501
NN3-067_JITTER66,1988-03-01,4347.581215723044
NN3-067_JITTER66,1988-04-01,6902.402255978005
NN3-067_JITTER66,1988-05-01,5488.173218131407
NN3-067_JITTER66,1988-06-01,3962.044224059472
NN3-067_JITTER66,1988-07-01,2816.9442586627824
NN3-067_JITTER66,1988-08-01,4596.776169707352
NN3-067_JITTER66,1988-09-01,3419.980233028012
NN3-067_JITTER66,1988-10-01,4486.574967238485
NN3-067_JITTER66,1988-11-01,4569.459830317025
NN3-067_JITTER66,1988-12-01,5339.32291373704
NN3-067_JITTER66,1989-01-01,5767.361455587788
NN3-067_JITTER66,1989-02-01,3446.075619931735
NN3-067_JITTER66,1989-03-01,3954.90163913799
NN3-067_JITTER66,1989-04-01,7297.465729652031
NN3-067_JITTER66,1989-05-01,6353.602721653158
NN3-067_JITTER66,1989-06-01,2580.99777342273
NN3-067_JITTER66,1989-07-01,2490.439929980034
NN3-067_JITTER66,1989-08-01,5340.645763328838
NN3-067_JITTER66,1989-09-01,4153.848641996348
NN3-067_JITTER66,1989-10-01,4837.3403704910625
NN3-067_JITTER66,1989-11-01,3957.1655991990106
NN3-067_JITTER66,1989-12-01,7607.123350911645
NN3-067_JITTER66,1990-01-01,5490.346291523815
NN3-067_JITTER66,1990-02-01,3483.3875091621953
NN3-067_JITTER66,1990-03-01,4537.76158938782
NN3-067_JITTER66,1990-04-01,7279.50665103609
NN3-067_JITTER66,1990-05-01,6322.114574934364
NN3-067_JITTER66,1990-06-01,3270.6161615855826
NN3-067_JITTER66,1990-07-01,2828.645331601634
NN3-067_JITTER66,1990-08-01,6751.752548517503
NN3-067_JITTER66,1990-09-01,2968.4265145044
NN3-067_JITTER66,1990-10-01,4204.587322524645
NN3-067_JITTER66,1990-11-01,4388.295383630191
NN3-067_JITTER66,1990-12-01,5477.0464268728965
NN3-067_JITTER66,1991-01-01,6023.488762371977
NN3-067_JITTER66,1991-02-01,3336.4349629119956
NN3-067_JITTER66,1991-03-01,4055.094274523696
NN3-067_JITTER66,1991-04-01,7422.171690253274
NN3-067_JITTER66,1991-05-01,7352.392864538298
NN3-067_JITTER66,1991-06-01,2338.6594601894403
NN3-068_JITTER67,1982-01-01,3149.8165100526576
NN3-068_JITTER67,1982-02-01,2998.80492763412
NN3-068_JITTER67,1982-03-01,3548.0350989194726
NN3-068_JITTER67,1982-04-01,3620.558808124882
NN3-068_JITTER67,1982-05-01,3373.168461470342
NN3-068_JITTER67,1982-06-01,3742.891165986272
NN3-068_JITTER67,1982-07-01,3366.526466846839
NN3-068_JITTER67,1982-08-01,3309.662926432681
NN3-068_JITTER67,1982-09-01,3543.193857810983
NN3-068_JITTER67,1982-10-01,3584.378262152929
NN3-068_JITTER67,1982-11-01,4318.793475187905
NN3-068_JITTER67,1982-12-01,5160.424204241086
NN3-068_JITTER67,1983-01-01,2940.6294775821225
NN3-068_JITTER67,1983-02-01,2926.176029442109
NN3-068_JITTER67,1983-03-01,3602.3336676093213
NN3-068_JITTER67,1983-04-01,3342.7417642100395
NN3-068_JITTER67,1983-05-01,3436.705852886806
NN3-068_JITTER67,1983-06-01,3913.588152154494
NN3-068_JITTER67,1983-07-01,3227.9986574536274
NN3-068_JITTER67,1983-08-01,3417.6394843374464
NN3-068_JITTER67,1983-09-01,3313.0536312487475
NN3-068_JITTER67,1983-10-01,3420.7290310277976
NN3-068_JITTER67,1983-11-01,4371.866393129009
NN3-068_JITTER67,1983-12-01,5065.511789831092
NN3-068_JITTER67,1984-01-01,3082.364284429214
NN3-068_JITTER67,1984-02-01,3097.6953892810134
NN3-068_JITTER67,1984-03-01,3387.1374221851756
NN3-068_JITTER67,1984-04-01,3297.132275162229
NN3-068_JITTER67,1984-05-01,3474.9166011947264
NN3-068_JITTER67,1984-06-01,3631.554529550597
NN3-068_JITTER67,1984-07-01,3137.327868342213
NN3-068_JITTER67,1984-08-01,3334.5962549079154
NN3-068_JITTER67,1984-09-01,3235.4473367941473
NN3-068_JITTER67,1984-10-01,3782.3062440612184
NN3-068_JITTER67,1984-11-01,4154.152590095078
NN3-068_JITTER67,1984-12-01,4911.206615255922
NN3-068_JITTER67,1985-01-01,2852.302747752673
NN3-068_JITTER67,1985-02-01,3015.4279582508707
NN3-068_JITTER67,1985-03-01,3193.99472616892
NN3-068_JITTER67,1985-04-01,3227.904369095941
NN3-068_JITTER67,1985-05-01,3398.493642464538
NN3-068_JITTER67,1985-06-01,3394.8019348223256
NN3-068_JITTER67,1985-07-01,3220.986629204905
NN3-068_JITTER67,1985-08-01,3530.49917931423
NN3-068_JITTER67,1985-09-01,4897.51811365876
NN3-068_JITTER67,1985-10-01,2941.0478114483903
NN3-068_JITTER67,1985-11-01,3319.9760183074845
NN3-068_JITTER67,1985-12-01,4708.816664999294
NN3-068_JITTER67,1986-01-01,2592.4613395766787
NN3-068_JITTER67,1986-02-01,2738.9710914077355
NN3-068_JITTER67,1986-03-01,3068.004883464311
NN3-068_JITTER67,1986-04-01,3034.6489902392445
NN3-068_JITTER67,1986-05-01,3100.039848998558
NN3-068_JITTER67,1986-06-01,3432.78584615776
NN3-068_JITTER67,1986-07-01,3328.9865174819456
NN3-068_JITTER67,1986-08-01,3041.1916045518255
NN3-068_JITTER67,1986-09-01,3229.021059814107
NN3-068_JITTER67,1986-10-01,3360.0159289449866
NN3-068_JITTER67,1986-11-01,3724.148705161408
NN3-068_JITTER67,1986-12-01,4854.470278148587
NN3-068_JITTER67,1987-01-01,2651.450659311656
NN3-068_JITTER67,1987-02-01,2769.464857303305
NN3-068_JITTER67,1987-03-01,3134.34788484976
NN3-068_JITTER67,1987-04-01,3079.2181457289053
NN3-068_JITTER67,1987-05-01,3013.503930436147
NN3-068_JITTER67,1987-06-01,3364.1095708885096
NN3-068_JITTER67,1987-07-01,3022.0102440098926
NN3-068_JITTER67,1987-08-01,2877.017225115795
NN3-068_JITTER67,1987-09-01,3120.209983408947
NN3-068_JITTER67,1987-10-01,3106.5947336474655
NN3-068_JITTER67,1987-11-01,3760.8443052139696
NN3-068_JITTER67,1987-12-01,4899.157307048573
NN3-068_JITTER67,1988-01-01,2527.108202338817
NN3-068_JITTER67,1988-02-01,2636.3550722070668
NN3-068_JITTER67,1988-03-01,3003.4436815635845
NN3-068_JITTER67,1988-04-01,2988.322928841198
NN3-068_JITTER67,1988-05-01,3002.6237663608686
NN3-068_JITTER67,1988-06-01,3320.9694978164766
NN3-068_JITTER67,1988-07-01,2806.4721133935627
NN3-068_JITTER67,1988-08-01,2933.40714552592
NN3-068_JITTER67,1988-09-01,3035.0182792899113
NN3-068_JITTER67,1988-10-01,3113.627312785777
NN3-068_JITTER67,1988-11-01,3889.042409393065
NN3-068_JITTER67,1988-12-01,4450.3967297447825
NN3-068_JITTER67,1989-01-01,2483.4748567938464
NN3-068_JITTER67,1989-02-01,2719.797502713342
NN3-068_JITTER67,1989-03-01,2990.42520600254
NN3-068_JITTER67,1989-04-01,2847.8144519441644
NN3-068_JITTER67,1989-05-01,3074.1209905932305
NN3-068_JITTER67,1989-06-01,3137.517028088998
NN3-068_JITTER67,1989-07-01,2758.7767613939727
NN3-068_JITTER67,1989-08-01,2970.2927036575443
NN3-068_JITTER67,1989-09-01,2873.1630557479266
NN3-068_JITTER67,1989-10-01,3058.8751581117654
NN3-068_JITTER67,1989-11-01,3750.7803922724997
NN3-068_JITTER67,1989-12-01,4343.529410939289
NN3-068_JITTER67,1990-01-01,2552.833949585809
NN3-068_JITTER67,1990-02-01,2610.9794903046477
NN3-068_JITTER67,1990-03-01,2861.576938986136
NN3-068_JITTER67,1990-04-01,2875.356610665958
NN3-068_JITTER67,1990-05-01,3064.523161720291
NN3-068_JITTER67,1990-06-01,3184.569711777754
NN3-068_JITTER67,1990-07-01,3023.043329521983
NN3-068_JITTER67,1990-08-01,2942.5880021652997
NN3-068_JITTER67,1990-09-01,2692.8549392571044
NN3-068_JITTER67,1990-10-01,3144.2213445944485
NN3-068_JITTER67,1990-11-01,3715.8708853549174
NN3-068_JITTER67,1990-12-01,4828.8196973048825
NN3-068_JITTER67,1991-01-01,2449.513700563388
NN3-069_JITTER68,1981-01-01,997.4618967623658
NN3-069_JITTER68,1981-02-01,1626.4992665301133
NN3-069_JITTER68,1981-03-01,1490.608430188538
NN3-069_JITTER68,1981-04-01,485.38597675923086
NN3-069_JITTER68,1981-05-01,274.6360609161831
NN3-069_JITTER68,1981-06-01,123.5527038106076
NN3-069_JITTER68,1981-07-01,341.41124034167876
NN3-069_JITTER68,1981-08-01,3043.262911274118
NN3-069_JITTER68,1981-09-01,6581.108641867107
NN3-069_JITTER68,1981-10-01,3397.068525012232
NN3-069_JITTER68,1981-11-01,1717.587145853641
NN3-069_JITTER68,1981-12-01,1558.9119632203767
NN3-069_JITTER68,1982-01-01,1129.5910832345396
NN3-069_JITTER68,1982-02-01,1522.143216006172
NN3-069_JITTER68,1982-03-01,1608.8788172908298
NN3-069_JITTER68,1982-04-01,1409.9457847105984
NN3-069_JITTER68,1982-05-01,1121.7796105189
NN3-069_JITTER68,1982-06-01,758.1115613785611
NN3-069_JITTER68,1982-07-01,820.5957929782168
NN3-069_JITTER68,1982-08-01,2410.012534043317
NN3-069_JITTER68,1982-09-01,6462.994637348775
NN3-069_JITTER68,1982-10-01,2984.534941491422
NN3-069_JITTER68,1982-11-01,1487.385077425692
NN3-069_JITTER68,1982-12-01,1610.6272444987844
NN3-069_JITTER68,1983-01-01,1013.6166740511214
NN3-069_JITTER68,1983-02-01,1463.8537226970789
NN3-069_JITTER68,1983-03-01,1124.6266365874658
NN3-069_JITTER68,1983-04-01,727.1635969179057
NN3-069_JITTER68,1983-05-01,636.6004472287269
NN3-069_JITTER68,1983-06-01,489.76193821843276
NN3-069_JITTER68,1983-07-01,278.86156667400144
NN3-069_JITTER68,1983-08-01,1961.6590330327565
NN3-069_JITTER68,1983-09-01,4667.438325055231
NN3-069_JITTER68,1983-10-01,2592.953512470311
NN3-069_JITTER68,1983-11-01,1593.7569197204566
NN3-069_JITTER68,1983-12-01,1872.4205196306218
NN3-069_JITTER68,1984-01-01,1686.6372749561422
NN3-069_JITTER68,1984-02-01,1070.2360678768716
NN3-069_JITTER68,1984-03-01,1003.3292546310909
NN3-069_JITTER68,1984-04-01,724.4459257925224
NN3-069_JITTER68,1984-05-01,574.5760097571334
NN3-069_JITTER68,1984-06-01,232.70723565876486
NN3-069_JITTER68,1984-07-01,132.80199412018476
NN3-069_JITTER68,1984-08-01,1425.8838990834065
NN3-069_JITTER68,1984-09-01,5079.014130212599
NN3-069_JITTER68,1984-10-01,3830.722040846414
NN3-069_JITTER68,1984-11-01,1934.7219271516767
NN3-069_JITTER68,1984-12-01,1447.8797035634338
NN3-069_JITTER68,1985-01-01,968.3684351577286
NN3-069_JITTER68,1985-02-01,787.1995701803402
NN3-069_JITTER68,1985-03-01,1426.373517067202
NN3-069_JITTER68,1985-04-01,558.7367015806499
NN3-069_JITTER68,1985-05-01,605.7902118481682
NN3-069_JITTER68,1985-06-01,257.2775011639352
NN3-069_JITTER68,1985-07-01,455.56452854899334
NN3-069_JITTER68,1985-08-01,1771.8588778609253
NN3-069_JITTER68,1985-09-01,5617.825587542469
NN3-069_JITTER68,1985-10-01,2966.0166504871686
NN3-069_JITTER68,1985-11-01,1397.3879631649213
NN3-069_JITTER68,1985-12-01,1611.2218893500358
NN3-069_JITTER68,1986-01-01,509.7923441309539
NN3-069_JITTER68,1986-02-01,383.0792267250725
NN3-069_JITTER68,1986-03-01,265.0892462798258
NN3-069_JITTER68,1986-04-01,796.5462599451357
NN3-069_JITTER68,1986-05-01,1335.0714400381319
NN3-069_JITTER68,1986-06-01,875.678486060785
NN3-069_JITTER68,1986-07-01,719.53759966236
NN3-069_JITTER68,1986-08-01,2315.2297428954157
NN3-069_JITTER68,1986-09-01,7088.6622712762055
NN3-069_JITTER68,1986-10-01,2364.0343681314007
NN3-069_JITTER68,1986-11-01,1620.7977097443681
NN3-069_JITTER68,1986-12-01,1948.2324627397434
NN3-069_JITTER68,1987-01-01,574.1685965834225
NN3-069_JITTER68,1987-02-01,1127.4828056477359
NN3-069_JITTER68,1987-03-01,886.6817002063493
NN3-069_JITTER68,1987-04-01,817.4959189294192
NN3-069_JITTER68,1987-05-01,657.2116630184912
NN3-069_JITTER68,1987-06-01,956.849644145987
NN3-069_JITTER68,1987-07-01,408.97563296335255
NN3-069_JITTER68,1987-08-01,1612.0021913117469
NN3-069_JITTER68,1987-09-01,6976.0376397143555
NN3-069_JITTER68,1987-10-01,2191.9505579365696
NN3-069_JITTER68,1987-11-01,1552.1375042130765
NN3-069_JITTER68,1987-12-01,1550.0417580725705
NN3-069_JITTER68,1988-01-01,1362.5677963266496
NN3-069_JITTER68,1988-02-01,1267.564499623081
NN3-069_JITTER68,1988-03-01,827.175184133795
NN3-069_JITTER68,1988-04-01,446.4841236626527
NN3-069_JITTER68,1988-05-01,479.62124112636906
NN3-069_JITTER68,1988-06-01,659.1184593627424
NN3-069_JITTER68,1988-07-01,239.54262857139156
NN3-069_JITTER68,1988-08-01,981.6982746322715
NN3-069_JITTER68,1988-09-01,5162.530233332066
NN3-069_JITTER68,1988-10-01,4111.455809403594
NN3-069_JITTER68,1988-11-01,1173.7010077460106
NN3-069_JITTER68,1988-12-01,1197.2355225164524
NN3-069_JITTER68,1989-01-01,1455.6860194156015
NN3-069_JITTER68,1989-02-01,1982.3426288175885
NN3-069_JITTER68,1989-03-01,2239.1797180213316
NN3-069_JITTER68,1989-04-01,2078.4977944060365
NN3-069_JITTER68,1989-05-01,1166.9096502121808
NN3-069_JITTER68,1989-06-01,1153.5724946031405
NN3-069_JITTER68,1989-07-01,826.2793984404686
NN3-069_JITTER68,1989-08-01,931.0962982522707
NN3-069_JITTER68,1989-09-01,7759.347970461226
NN3-069_JITTER68,1989-10-01,3159.7010156709207
NN3-069_JITTER68,1989-11-01,1312.7180929206395
NN3-069_JITTER68,1989-12-01,1937.017250834945
NN3-069_JITTER68,1990-01-01,2289.9008884188434
NN3-070_JITTER69,1981-01-01,13024.818030035973
NN3-070_JITTER69,1981-02-01,13089.081535127934
NN3-070_JITTER69,1981-03-01,11916.329275989265
NN3-070_JITTER69,1981-04-01,9271.874318812856
NN3-070_JITTER69,1981-05-01,7392.268000121105
NN3-070_JITTER69,1981-06-01,5254.543318493056
NN3-070_JITTER69,1981-07-01,3761.986162563365
NN3-070_JITTER69,1981-08-01,6103.352645407393
NN3-070_JITTER69,1981-09-01,13996.31490349333
NN3-070_JITTER69,1981-10-01,15110.072666153243
NN3-070_JITTER69,1981-11-01,14709.02812490751
NN3-070_JITTER69,1981-12-01,13545.87964017721
NN3-070_JITTER69,1982-01-01,12763.183574960984
NN3-070_JITTER69,1982-02-01,11539.218246282468
NN3-070_JITTER69,1982-03-01,10330.790670029639
NN3-070_JITTER69,1982-04-01,9261.441568747232
NN3-070_JITTER69,1982-05-01,8338.157596759194
NN3-070_JITTER69,1982-06-01,6629.40128242989
NN3-070_JITTER69,1982-07-01,5209.352980654207
NN3-070_JITTER69,1982-08-01,6322.754192400999
NN3-070_JITTER69,1982-09-01,14211.4609420215
NN3-070_JITTER69,1982-10-01,16454.144207113335
NN3-070_JITTER69,1982-11-01,16412.8574438033
NN3-070_JITTER69,1982-12-01,15731.219774402442
NN3-070_JITTER69,1983-01-01,15921.845412160432
NN3-070_JITTER69,1983-02-01,15361.23971685783
NN3-070_JITTER69,1983-03-01,13302.265312926938
NN3-070_JITTER69,1983-04-01,12422.226102678536
NN3-070_JITTER69,1983-05-01,8298.666405267153
NN3-070_JITTER69,1983-06-01,6255.798408193603
NN3-070_JITTER69,1983-07-01,4947.255136497386
NN3-070_JITTER69,1983-08-01,5946.933651975354
NN3-070_JITTER69,1983-09-01,11031.541275326894
NN3-070_JITTER69,1983-10-01,12497.890445618825
NN3-070_JITTER69,1983-11-01,13119.818297117865
NN3-070_JITTER69,1983-12-01,13624.454039562539
NN3-070_JITTER69,1984-01-01,14129.555450680837
NN3-070_JITTER69,1984-02-01,12816.326580385798
NN3-070_JITTER69,1984-03-01,12045.308014990685
NN3-070_JITTER69,1984-04-01,9641.004406636432
NN3-070_JITTER69,1984-05-01,8159.31632808774
NN3-070_JITTER69,1984-06-01,6752.255395424722
NN3-070_JITTER69,1984-07-01,4826.888031790239
NN3-070_JITTER69,1984-08-01,4577.462386780986
NN3-070_JITTER69,1984-09-01,10072.206867341376
NN3-070_JITTER69,1984-10-01,13963.955469033253
NN3-070_JITTER69,1984-11-01,14413.153405173322
NN3-070_JITTER69,1984-12-01,14430.708507078814
NN3-070_JITTER69,1985-01-01,13751.806397789263
NN3-070_JITTER69,1985-02-01,13496.259731977047
NN3-070_JITTER69,1985-03-01,13729.972902829766
NN3-070_JITTER69,1985-04-01,9253.917346168666
NN3-070_JITTER69,1985-05-01,7162.089428221029
NN3-070_JITTER69,1985-06-01,5670.869972489201
NN3-070_JITTER69,1985-07-01,4318.785856612883
NN3-070_JITTER69,1985-08-01,5417.186035036896
NN3-070_JITTER69,1985-09-01,11805.828301951462
NN3-070_JITTER69,1985-10-01,14671.228843125553
NN3-070_JITTER69,1985-11-01,14210.6542235409
NN3-070_JITTER69,1985-12-01,13607.591283336738
NN3-070_JITTER69,1986-01-01,13017.01136868
NN3-070_JITTER69,1986-02-01,11444.717807478526
NN3-070_JITTER69,1986-03-01,11053.49380831059
NN3-070_JITTER69,1986-04-01,8337.994793845817
NN3-070_JITTER69,1986-05-01,8054.748021006104
NN3-070_JITTER69,1986-06-01,6637.605241629757
NN3-070_JITTER69,1986-07-01,4515.666359821407
NN3-070_JITTER69,1986-08-01,5800.367446722312
NN3-070_JITTER69,1986-09-01,14328.532720851128
NN3-070_JITTER69,1986-10-01,15323.44613682869
NN3-070_JITTER69,1986-11-01,14792.115696101057
NN3-070_JITTER69,1986-12-01,15371.800202371758
NN3-070_JITTER69,1987-01-01,13431.212613944972
NN3-070_JITTER69,1987-02-01,12903.160548645403
NN3-070_JITTER69,1987-03-01,11457.20935212674
NN3-070_JITTER69,1987-04-01,9968.825235934486
NN3-070_JITTER69,1987-05-01,8794.161493437749
NN3-070_JITTER69,1987-06-01,8143.325679836056
NN3-070_JITTER69,1987-07-01,6604.373303206625
NN3-070_JITTER69,1987-08-01,5583.251906520842
NN3-070_JITTER69,1987-09-01,12948.52683626107
NN3-070_JITTER69,1987-10-01,13113.855904471866
NN3-070_JITTER69,1987-11-01,13710.700264625182
NN3-070_JITTER69,1987-12-01,13876.263755562179
NN3-070_JITTER69,1988-01-01,12779.568841734468
NN3-070_JITTER69,1988-02-01,12304.620563403956
NN3-070_JITTER69,1988-03-01,11172.774504781353
NN3-070_JITTER69,1988-04-01,10368.13568131692
NN3-070_JITTER69,1988-05-01,9265.786313027787
NN3-070_JITTER69,1988-06-01,8073.867349487676
NN3-070_JITTER69,1988-07-01,6493.998947427902
NN3-070_JITTER69,1988-08-01,5521.2847167659065
NN3-070_JITTER69,1988-09-01,8942.009324902647
NN3-070_JITTER69,1988-10-01,12366.237430846986
NN3-070_JITTER69,1988-11-01,12104.080527784865
NN3-070_JITTER69,1988-12-01,10023.047505198463
NN3-070_JITTER69,1989-01-01,10181.965070510505
NN3-070_JITTER69,1989-02-01,10396.560990962564
NN3-070_JITTER69,1989-03-01,9509.613129921914
NN3-070_JITTER69,1989-04-01,9829.88777289828
NN3-070_JITTER69,1989-05-01,7919.989171027412
NN3-070_JITTER69,1989-06-01,5827.660903787917
NN3-070_JITTER69,1989-07-01,4639.989816277441
NN3-070_JITTER69,1989-08-01,3689.7940270501886
NN3-070_JITTER69,1989-09-01,12598.655468483188
NN3-070_JITTER69,1989-10-01,14900.037144765163
NN3-070_JITTER69,1989-11-01,13518.713386433412
NN3-070_JITTER69,1989-12-01,13421.754712461365
NN3-070_JITTER69,1990-01-01,14169.738186361561
NN3-071_JITTER70,1978-01-01,7185.18486568882
NN3-071_JITTER70,1978-02-01,7599.448047364795
NN3-071_JITTER70,1978-03-01,9793.031438595484
NN3-071_JITTER70,1978-04-01,5330.753985678019
NN3-071_JITTER70,1978-05-01,4304.316969478154
NN3-071_JITTER70,1978-06-01,4001.2717545795094
NN3-071_JITTER70,1978-07-01,5774.678008506838
NN3-071_JITTER70,1978-08-01,7016.2279908125465
NN3-071_JITTER70,1978-09-01,5247.042140086658
NN3-071_JITTER70,1978-10-01,11791.689606107844
NN3-071_JITTER70,1978-11-01,13204.619991602765
NN3-071_JITTER70,1978-12-01,11692.660674390105
NN3-071_JITTER70,1979-01-01,4812.940474163217
NN3-071_JITTER70,1979-02-01,6800.194948249822
NN3-071_JITTER70,1979-03-01,7547.242210524963
NN3-071_JITTER70,1979-04-01,7259.793274706004
NN3-071_JITTER70,1979-05-01,5709.642027748839
NN3-071_JITTER70,1979-06-01,3256.2193647587874
NN3-071_JITTER70,1979-07-01,5083.683702187241
NN3-071_JITTER70,1979-08-01,4348.991647436426
NN3-071_JITTER70,1979-09-01,3987.6426607214275
NN3-071_JITTER70,1979-10-01,5818.628004943023
NN3-071_JITTER70,1979-11-01,10765.804900920097
NN3-071_JITTER70,1979-12-01,11357.38258922254
NN3-071_JITTER70,1980-01-01,3732.1957391896494
NN3-071_JITTER70,1980-02-01,7089.692375631673
NN3-071_JITTER70,1980-03-01,10796.37176839521
NN3-071_JITTER70,1980-04-01,7738.1657951817
NN3-071_JITTER70,1980-05-01,6904.721528197204
NN3-071_JITTER70,1980-06-01,5839.087425368844
NN3-071_JITTER70,1980-07-01,5659.306580286606
NN3-071_JITTER70,1980-08-01,3897.4118471443785
NN3-071_JITTER70,1980-09-01,4380.006267196804
NN3-071_JITTER70,1980-10-01,6348.595449259632
NN3-071_JITTER70,1980-11-01,8917.371294842987
NN3-071_JITTER70,1980-12-01,9425.94398456166
NN3-071_JITTER70,1981-01-01,5931.285595816713
NN3-071_JITTER70,1981-02-01,4654.778623497476
NN3-071_JITTER70,1981-03-01,7510.524988963359
NN3-071_JITTER70,1981-04-01,6554.093279090966
NN3-071_JITTER70,1981-05-01,6272.781763621805
NN3-071_JITTER70,1981-06-01,5284.570786977188
NN3-071_JITTER70,1981-07-01,4134.219838069522
NN3-071_JITTER70,1981-08-01,3667.3219216013063
NN3-071_JITTER70,1981-09-01,6078.2238842145625
NN3-071_JITTER70,1981-10-01,8461.104102830393
NN3-071_JITTER70,1981-11-01,11921.287152585512
NN3-071_JITTER70,1981-12-01,7560.254130323894
NN3-071_JITTER70,1982-01-01,4150.357270762773
NN3-071_JITTER70,1982-02-01,5515.232367388326
NN3-071_JITTER70,1982-03-01,8139.380454952452
NN3-071_JITTER70,1982-04-01,5632.450832094493
NN3-071_JITTER70,1982-05-01,7065.99586771245
NN3-071_JITTER70,1982-06-01,4825.25160162326
NN3-071_JITTER70,1982-07-01,2841.6271348438704
NN3-071_JITTER70,1982-08-01,4187.9582643073
NN3-071_JITTER70,1982-09-01,3072.8647753946793
NN3-071_JITTER70,1982-10-01,10020.72365740666
NN3-071_JITTER70,1982-11-01,12262.018782429881
NN3-071_JITTER70,1982-12-01,6937.874465555695
NN3-071_JITTER70,1983-01-01,3404.665439316665
NN3-071_JITTER70,1983-02-01,5213.800133451197
NN3-071_JITTER70,1983-03-01,6191.272069055965
NN3-071_JITTER70,1983-04-01,6074.471541927283
NN3-071_JITTER70,1983-05-01,4553.302183598081
NN3-071_JITTER70,1983-06-01,4427.160275588405
NN3-071_JITTER70,1983-07-01,3690.123203147815
NN3-071_JITTER70,1983-08-01,4486.5170649204965
NN3-071_JITTER70,1983-09-01,3733.929369691198
NN3-071_JITTER70,1983-10-01,7031.998019548864
NN3-071_JITTER70,1983-11-01,11962.978022449437
NN3-071_JITTER70,1983-12-01,7905.629629131145
NN3-071_JITTER70,1984-01-01,5779.375435484682
NN3-071_JITTER70,1984-02-01,5067.709675487261
NN3-071_JITTER70,1984-03-01,5665.971919228991
NN3-071_JITTER70,1984-04-01,4392.345356369768
NN3-071_JITTER70,1984-05-01,3595.9291867675556
NN3-071_JITTER70,1984-06-01,3987.8675166459684
NN3-071_JITTER70,1984-07-01,2029.2012817814505
NN3-071_JITTER70,1984-08-01,2656.5361147611734
NN3-071_JITTER70,1984-09-01,5305.693191176836
NN3-071_JITTER70,1984-10-01,9195.342005644761
NN3-071_JITTER70,1984-11-01,13199.007468914546
NN3-071_JITTER70,1984-12-01,10441.509497132252
NN3-071_JITTER70,1985-01-01,4667.8764304152955
NN3-071_JITTER70,1985-02-01,6608.41550392013
NN3-071_JITTER70,1985-03-01,6584.659896781706
NN3-071_JITTER70,1985-04-01,7544.054077865265
NN3-071_JITTER70,1985-05-01,2081.386885094461
NN3-071_JITTER70,1985-06-01,2086.1648869618225
NN3-071_JITTER70,1985-07-01,2636.254862298734
NN3-071_JITTER70,1985-08-01,5322.993324194689
NN3-071_JITTER70,1985-09-01,5487.9713146439635
NN3-071_JITTER70,1985-10-01,6330.108235531421
NN3-071_JITTER70,1985-11-01,11747.139551056507
NN3-071_JITTER70,1985-12-01,11970.228589120445
NN3-071_JITTER70,1986-01-01,2838.964147822713
NN3-071_JITTER70,1986-02-01,4594.442479989083
NN3-071_JITTER70,1986-03-01,6477.586080215936
NN3-071_JITTER70,1986-04-01,6244.327094876389
NN3-071_JITTER70,1986-05-01,3959.3886860220255
NN3-071_JITTER70,1986-06-01,2784.664087453685
NN3-071_JITTER70,1986-07-01,2035.5416984198368
NN3-071_JITTER70,1986-08-01,3009.76715274892
NN3-071_JITTER70,1986-09-01,3478.4961544980592
NN3-071_JITTER70,1986-10-01,4614.536853656754
NN3-071_JITTER70,1986-11-01,9139.840743036197
NN3-071_JITTER70,1986-12-01,14490.99618954097
NN3-071_JITTER70,1987-01-01,8195.817182072513
NN3-071_JITTER70,1987-02-01,3425.8378775742394
NN3-071_JITTER70,1987-03-01,5750.100854779155
NN3-071_JITTER70,1987-04-01,5660.703420753144
NN3-071_JITTER70,1987-05-01,4238.248878382933
NN3-071_JITTER70,1987-06-01,2815.086995390955
NN3-072_JITTER71,1981-01-01,5256.187827395615
NN3-072_JITTER71,1981-02-01,5121.16015696035
NN3-072_JITTER71,1981-03-01,5621.196673402679
NN3-072_JITTER71,1981-04-01,5369.21163186318
NN3-072_JITTER71,1981-05-01,5077.900186201362
NN3-072_JITTER71,1981-06-01,5583.544510901607
NN3-072_JITTER71,1981-07-01,5149.15244743513
NN3-072_JITTER71,1981-08-01,5838.298415770413
NN3-072_JITTER71,1981-09-01,5804.958776428475
NN3-072_JITTER71,1981-10-01,5705.352198186385
NN3-072_JITTER71,1981-11-01,4864.055794202834
NN3-072_JITTER71,1981-12-01,4187.347789988728
NN3-072_JITTER71,1982-01-01,4778.155302172947
NN3-072_JITTER71,1982-02-01,5315.59196404829
NN3-072_JITTER71,1982-03-01,5808.5146847250635
NN3-072_JITTER71,1982-04-01,4792.864885849667
NN3-072_JITTER71,1982-05-01,4866.622281322201
NN3-072_JITTER71,1982-06-01,6012.276064697836
NN3-072_JITTER71,1982-07-01,4869.710276957621
NN3-072_JITTER71,1982-08-01,5529.723262512082
NN3-072_JITTER71,1982-09-01,5649.253507254702
NN3-072_JITTER71,1982-10-01,5326.722832243636
NN3-072_JITTER71,1982-11-01,4908.220229344693
NN3-072_JITTER71,1982-12-01,3292.602229174555
NN3-072_JITTER71,1983-01-01,4852.725668096763
NN3-072_JITTER71,1983-02-01,4263.82022855065
NN3-072_JITTER71,1983-03-01,5450.644922504708
NN3-072_JITTER71,1983-04-01,4743.220299879372
NN3-072_JITTER71,1983-05-01,4867.673084225307
NN3-072_JITTER71,1983-06-01,6029.736089558745
NN3-072_JITTER71,1983-07-01,4401.658140253751
NN3-072_JITTER71,1983-08-01,5483.327473807794
NN3-072_JITTER71,1983-09-01,5145.037611107054
NN3-072_JITTER71,1983-10-01,4958.829030480123
NN3-072_JITTER71,1983-11-01,5274.599632894719
NN3-072_JITTER71,1983-12-01,4366.984844896967
NN3-072_JITTER71,1984-01-01,5045.506771923629
NN3-072_JITTER71,1984-02-01,4511.455960314087
NN3-072_JITTER71,1984-03-01,5061.634956004752
NN3-072_JITTER71,1984-04-01,4746.338016983654
NN3-072_JITTER71,1984-05-01,5023.196382102651
NN3-072_JITTER71,1984-06-01,5834.552400054883
NN3-072_JITTER71,1984-07-01,4487.499915188951
NN3-072_JITTER71,1984-08-01,5288.276357176925
NN3-072_JITTER71,1984-09-01,4680.716073953576
NN3-072_JITTER71,1984-10-01,5610.587742204126
NN3-072_JITTER71,1984-11-01,5295.480648857247
NN3-072_JITTER71,1984-12-01,4249.167000876461
NN3-072_JITTER71,1985-01-01,4404.845774807962
NN3-072_JITTER71,1985-02-01,4616.483609165972
NN3-072_JITTER71,1985-03-01,5533.3641995522285
NN3-072_JITTER71,1985-04-01,4588.232415203349
NN3-072_JITTER71,1985-05-01,4919.654995092783
NN3-072_JITTER71,1985-06-01,5741.661720079786
NN3-072_JITTER71,1985-07-01,4171.255626806552
NN3-072_JITTER71,1985-08-01,5001.725908238843
NN3-072_JITTER71,1985-09-01,3564.1212469130464
NN3-072_JITTER71,1985-10-01,7060.968173663661
NN3-072_JITTER71,1985-11-01,4947.492072818046
NN3-072_JITTER71,1985-12-01,4837.918928429255
NN3-072_JITTER71,1986-01-01,4192.672429808492
NN3-072_JITTER71,1986-02-01,4315.1128808515305
NN3-072_JITTER71,1986-03-01,5148.045181990162
NN3-072_JITTER71,1986-04-01,4788.348036439027
NN3-072_JITTER71,1986-05-01,5214.083594073341
NN3-072_JITTER71,1986-06-01,5560.6730644380505
NN3-072_JITTER71,1986-07-01,3817.4550706831214
NN3-072_JITTER71,1986-08-01,5121.3177847655825
NN3-072_JITTER71,1986-09-01,5110.462367915422
NN3-072_JITTER71,1986-10-01,5213.564776105222
NN3-072_JITTER71,1986-11-01,4934.234292599089
NN3-072_JITTER71,1986-12-01,4946.966533415434
NN3-072_JITTER71,1987-01-01,3785.2752559967016
NN3-072_JITTER71,1987-02-01,4274.7896558875755
NN3-072_JITTER71,1987-03-01,5345.60462887672
NN3-072_JITTER71,1987-04-01,4229.3528240450005
NN3-072_JITTER71,1987-05-01,5113.793093687028
NN3-072_JITTER71,1987-06-01,6130.082335467484
NN3-072_JITTER71,1987-07-01,3757.986659417965
NN3-072_JITTER71,1987-08-01,4995.079404463001
NN3-072_JITTER71,1987-09-01,5092.570418698632
NN3-072_JITTER71,1987-10-01,4822.331858810649
NN3-072_JITTER71,1987-11-01,5276.593520083729
NN3-072_JITTER71,1987-12-01,4892.307852635993
NN3-072_JITTER71,1988-01-01,3216.1219656937005
NN3-072_JITTER71,1988-02-01,4669.638358661553
NN3-072_JITTER71,1988-03-01,5539.215604422993
NN3-072_JITTER71,1988-04-01,4522.070669430479
NN3-072_JITTER71,1988-05-01,5155.590384363887
NN3-072_JITTER71,1988-06-01,5246.523600478125
NN3-072_JITTER71,1988-07-01,3074.5852576706147
NN3-072_JITTER71,1988-08-01,3449.056165073527
NN3-072_JITTER71,1988-09-01,5192.749560163553
NN3-072_JITTER71,1988-10-01,4691.70073538494
NN3-072_JITTER71,1988-11-01,5574.938960843437
NN3-072_JITTER71,1988-12-01,3991.9515915246243
NN3-072_JITTER71,1989-01-01,5800.166535082411
NN3-072_JITTER71,1989-02-01,4199.663993973168
NN3-072_JITTER71,1989-03-01,5176.843193307259
NN3-072_JITTER71,1989-04-01,4475.901640614336
NN3-072_JITTER71,1989-05-01,5383.8698129294535
NN3-072_JITTER71,1989-06-01,5158.010577414103
NN3-072_JITTER71,1989-07-01,2634.2280668050767
NN3-072_JITTER71,1989-08-01,4675.363777986803
NN3-072_JITTER71,1989-09-01,4449.991664191402
NN3-072_JITTER71,1989-10-01,4771.47416179578
NN3-072_JITTER71,1989-11-01,5015.218611120501
NN3-072_JITTER71,1989-12-01,3435.4305123426466
NN3-072_JITTER71,1990-01-01,3845.693956961531
NN3-072_JITTER71,1990-02-01,4141.7184631278615
NN3-072_JITTER71,1990-03-01,4868.526420326945
NN3-072_JITTER71,1990-04-01,4555.941841904979
NN3-072_JITTER71,1990-05-01,4727.078705806396
NN3-072_JITTER71,1990-06-01,4595.853974031537
NN3-073_JITTER72,1982-01-01,1022.0523900654134
NN3-073_JITTER72,1982-02-01,1295.7240607966462
NN3-073_JITTER72,1982-03-01,1305.1208198573365
NN3-073_JITTER72,1982-04-01,2294.1812814530654
NN3-073_JITTER72,1982-05-01,5365.597531884837
NN3-073_JITTER72,1982-06-01,4921.278427726187
NN3-073_JITTER72,1982-07-01,4962.544048064112
NN3-073_JITTER72,1982-08-01,4340.72019619541
NN3-073_JITTER72,1982-09-01,3957.4423687336457
NN3-073_JITTER72,1982-10-01,3107.5789020761968
NN3-073_JITTER72,1982-11-01,3203.642980213067
NN3-073_JITTER72,1982-12-01,1663.9332784112773
NN3-073_JITTER72,1983-01-01,351.6648110963446
NN3-073_JITTER72,1983-02-01,713.2010376407428
NN3-073_JITTER72,1983-03-01,503.56946274431925
NN3-073_JITTER72,1983-04-01,2939.3820372679647
NN3-073_JITTER72,1983-05-01,5311.069675658994
NN3-073_JITTER72,1983-06-01,5816.056688157234
NN3-073_JITTER72,1983-07-01,6142.352476466073
NN3-073_JITTER72,1983-08-01,5821.0770870599845
NN3-073_JITTER72,1983-09-01,4119.491274047882
NN3-073_JITTER72,1983-10-01,4778.571095320582
NN3-073_JITTER72,1983-11-01,5186.84633281462
NN3-073_JITTER72,1983-12-01,4044.045107460511
NN3-073_JITTER72,1984-01-01,1079.6116370276281
NN3-073_JITTER72,1984-02-01,1126.6338026027308
NN3-073_JITTER72,1984-03-01,1625.3959009785854
NN3-073_JITTER72,1984-04-01,3783.0631337270397
NN3-073_JITTER72,1984-05-01,6335.202731373857
NN3-073_JITTER72,1984-06-01,6135.568006565438
NN3-073_JITTER72,1984-07-01,7541.560151055498
NN3-073_JITTER72,1984-08-01,5971.249696184858
NN3-073_JITTER72,1984-09-01,4631.685845282607
NN3-073_JITTER72,1984-10-01,5131.126439666849
NN3-073_JITTER72,1984-11-01,5072.962878625202
NN3-073_JITTER72,1984-12-01,2391.9333845872893
NN3-073_JITTER72,1985-01-01,575.4395231384217
NN3-073_JITTER72,1985-02-01,1093.462249678178
NN3-073_JITTER72,1985-03-01,1054.8892907697216
NN3-073_JITTER72,1985-04-01,4212.195118567718
NN3-073_JITTER72,1985-05-01,5922.234127125162
NN3-073_JITTER72,1985-06-01,6109.223202468377
NN3-073_JITTER72,1985-07-01,5241.352582612025
NN3-073_JITTER72,1985-08-01,6047.565914856784
NN3-073_JITTER72,1985-09-01,5252.623221344603
NN3-073_JITTER72,1985-10-01,5483.1646630793475
NN3-073_JITTER72,1985-11-01,5054.22426823133
NN3-073_JITTER72,1985-12-01,3153.063159534431
NN3-073_JITTER72,1986-01-01,831.3693498362541
NN3-073_JITTER72,1986-02-01,1052.6821232761095
NN3-073_JITTER72,1986-03-01,1318.11778454819
NN3-073_JITTER72,1986-04-01,4252.517892656726
NN3-073_JITTER72,1986-05-01,5423.805917350459
NN3-073_JITTER72,1986-06-01,4461.86210076928
NN3-073_JITTER72,1986-07-01,4863.266701342808
NN3-073_JITTER72,1986-08-01,4539.839569237471
NN3-073_JITTER72,1986-09-01,4222.339344941228
NN3-073_JITTER72,1986-10-01,4322.324922197626
NN3-073_JITTER72,1986-11-01,4236.482634800195
NN3-073_JITTER72,1986-12-01,3250.3084358299216
NN3-073_JITTER72,1987-01-01,383.5412972214982
NN3-073_JITTER72,1987-02-01,282.625093377563
NN3-073_JITTER72,1987-03-01,880.9107114659953
NN3-073_JITTER72,1987-04-01,3291.5256350711165
NN3-073_JITTER72,1987-05-01,4679.166639193731
NN3-073_JITTER72,1987-06-01,5478.247742549944
NN3-073_JITTER72,1987-07-01,5085.580230229882
NN3-073_JITTER72,1987-08-01,5252.075434581393
NN3-073_JITTER72,1987-09-01,5665.910720462128
NN3-073_JITTER72,1987-10-01,5914.437986323081
NN3-073_JITTER72,1987-11-01,5528.037911808887
NN3-073_JITTER72,1987-12-01,5513.61261969396
NN3-073_JITTER72,1988-01-01,2365.032797148281
NN3-073_JITTER72,1988-02-01,1202.102058052097
NN3-073_JITTER72,1988-03-01,1061.0191661246424
NN3-073_JITTER72,1988-04-01,5401.663760497139
NN3-073_JITTER72,1988-05-01,6077.6171348317075
NN3-073_JITTER72,1988-06-01,5710.79132237055
NN3-073_JITTER72,1988-07-01,6460.423527192882
NN3-073_JITTER72,1988-08-01,5714.472135848622
NN3-073_JITTER72,1988-09-01,5573.775217195007
NN3-073_JITTER72,1988-10-01,5312.927749535646
NN3-073_JITTER72,1988-11-01,4829.36040408443
NN3-073_JITTER72,1988-12-01,5640.889550602689
NN3-073_JITTER72,1989-01-01,2234.527868774826
NN3-073_JITTER72,1989-02-01,1316.768892175246
NN3-073_JITTER72,1989-03-01,1815.6594106974735
NN3-073_JITTER72,1989-04-01,5458.598410138203
NN3-073_JITTER72,1989-05-01,6338.918193868627
NN3-073_JITTER72,1989-06-01,6338.07456024677
NN3-073_JITTER72,1989-07-01,6446.074473821808
NN3-073_JITTER72,1989-08-01,6345.1323497466055
NN3-073_JITTER72,1989-09-01,5461.722033950081
NN3-073_JITTER72,1989-10-01,5786.244712697144
NN3-073_JITTER72,1989-11-01,5613.24190818541
NN3-073_JITTER72,1989-12-01,4037.38067859825
NN3-073_JITTER72,1990-01-01,2127.2360819457713
NN3-073_JITTER72,1990-02-01,1139.7287931037663
NN3-073_JITTER72,1990-03-01,1988.5658811659196
NN3-073_JITTER72,1990-04-01,5428.032549654867
NN3-073_JITTER72,1990-05-01,6149.1565230249025
NN3-073_JITTER72,1990-06-01,6088.883754419406
NN3-073_JITTER72,1990-07-01,6951.859035566325
NN3-073_JITTER72,1990-08-01,5451.6563687670905
NN3-073_JITTER72,1990-09-01,5034.84240151195
NN3-073_JITTER72,1990-10-01,5366.503750761042
NN3-073_JITTER72,1990-11-01,4364.411123927384
NN3-073_JITTER72,1990-12-01,5263.497373852062
NN3-073_JITTER72,1991-01-01,2286.017232792778
NN3-073_JITTER72,1991-02-01,1484.5285474615612
NN3-073_JITTER72,1991-03-01,1834.067916430467
NN3-073_JITTER72,1991-04-01,5256.116503480605
NN3-073_JITTER72,1991-05-01,5694.923369109565
NN3-073_JITTER72,1991-06-01,5620.428010783509
NN3-074_JITTER73,1978-01-01,6712.876758682782
NN3-074_JITTER73,1978-02-01,6129.090670218796
NN3-074_JITTER73,1978-03-01,6759.347553355224
NN3-074_JITTER73,1978-04-01,6782.015325731777
NN3-074_JITTER73,1978-05-01,7234.5417892982
NN3-074_JITTER73,1978-06-01,7329.69943157208
NN3-074_JITTER73,1978-07-01,5599.651523261978
NN3-074_JITTER73,1978-08-01,6758.028205970041
NN3-074_JITTER73,1978-09-01,7173.47309381599
NN3-074_JITTER73,1978-10-01,8165.530023005928
NN3-074_JITTER73,1978-11-01,7555.73260768021
NN3-074_JITTER73,1978-12-01,7468.1513023872785
NN3-074_JITTER73,1979-01-01,7863.8704652732085
NN3-074_JITTER73,1979-02-01,7831.243935580249
NN3-074_JITTER73,1979-03-01,8771.43940240133
NN3-074_JITTER73,1979-04-01,7255.167705295885
NN3-074_JITTER73,1979-05-01,8133.003593923743
NN3-074_JITTER73,1979-06-01,7922.670353550769
NN3-074_JITTER73,1979-07-01,6680.563826068642
NN3-074_JITTER73,1979-08-01,8026.945890980897
NN3-074_JITTER73,1979-09-01,7110.228156294101
NN3-074_JITTER73,1979-10-01,8682.809484106492
NN3-074_JITTER73,1979-11-01,6892.030259960079
NN3-074_JITTER73,1979-12-01,7073.469965727109
NN3-074_JITTER73,1980-01-01,8237.495285352075
NN3-074_JITTER73,1980-02-01,8169.707778924742
NN3-074_JITTER73,1980-03-01,8519.595559810208
NN3-074_JITTER73,1980-04-01,7870.170120865147
NN3-074_JITTER73,1980-05-01,7802.688681817626
NN3-074_JITTER73,1980-06-01,7483.601590631747
NN3-074_JITTER73,1980-07-01,5476.37958562477
NN3-074_JITTER73,1980-08-01,5668.991936434678
NN3-074_JITTER73,1980-09-01,6596.683686712821
NN3-074_JITTER73,1980-10-01,6544.56818052099
NN3-074_JITTER73,1980-11-01,6218.992356140219
NN3-074_JITTER73,1980-12-01,6791.909817348728
NN3-074_JITTER73,1981-01-01,7150.044932577775
NN3-074_JITTER73,1981-02-01,7384.071308316665
NN3-074_JITTER73,1981-03-01,7707.835253339177
NN3-074_JITTER73,1981-04-01,6766.634699358997
NN3-074_JITTER73,1981-05-01,6733.272717144639
NN3-074_JITTER73,1981-06-01,6706.3494440475915
NN3-074_JITTER73,1981-07-01,5773.411669781677
NN3-074_JITTER73,1981-08-01,6092.894885899985
NN3-074_JITTER73,1981-09-01,6510.471777899871
NN3-074_JITTER73,1981-10-01,6018.152557292961
NN3-074_JITTER73,1981-11-01,5810.706621133368
NN3-074_JITTER73,1981-12-01,5193.5502365260345
NN3-074_JITTER73,1982-01-01,5122.078512496122
NN3-074_JITTER73,1982-02-01,5050.57360102715
NN3-074_JITTER73,1982-03-01,5902.52407408768
NN3-074_JITTER73,1982-04-01,5017.26371449096
NN3-074_JITTER73,1982-05-01,4684.806564680688
NN3-074_JITTER73,1982-06-01,4047.454230686973
NN3-074_JITTER73,1982-07-01,2814.368836314216
NN3-074_JITTER73,1982-08-01,2927.804387145813
NN3-074_JITTER73,1982-09-01,3102.8625030798626
NN3-074_JITTER73,1982-10-01,2772.810585554687
NN3-074_JITTER73,1982-11-01,2511.294932361821
NN3-074_JITTER73,1982-12-01,2112.012933927851
NN3-074_JITTER73,1983-01-01,2294.217727875681
NN3-074_JITTER73,1983-02-01,2347.792697554659
NN3-074_JITTER73,1983-03-01,2719.131116639555
NN3-074_JITTER73,1983-04-01,2630.1079141335895
NN3-074_JITTER73,1983-05-01,2634.4345951677246
NN3-074_JITTER73,1983-06-01,2845.7131388331945
NN3-074_JITTER73,1983-07-01,2374.8093745998654
NN3-074_JITTER73,1983-08-01,2809.3174526558655
NN3-074_JITTER73,1983-09-01,2998.3628576874958
NN3-074_JITTER73,1983-10-01,3164.900796853019
NN3-074_JITTER73,1983-11-01,3160.2021491711193
NN3-074_JITTER73,1983-12-01,3109.3564465183163
NN3-074_JITTER73,1984-01-01,3375.7173360939605
NN3-074_JITTER73,1984-02-01,3430.998318746695
NN3-074_JITTER73,1984-03-01,3531.1671856724456
NN3-074_JITTER73,1984-04-01,3698.630417379819
NN3-074_JITTER73,1984-05-01,3845.961280212153
NN3-074_JITTER73,1984-06-01,3815.999559359258
NN3-074_JITTER73,1984-07-01,3224.895406778625
NN3-074_JITTER73,1984-08-01,3989.5495772246954
NN3-074_JITTER73,1984-09-01,3139.1027593354147
NN3-074_JITTER73,1984-10-01,3959.856498520255
NN3-074_JITTER73,1984-11-01,3714.4396274545497
NN3-074_JITTER73,1984-12-01,3407.695828257611
NN3-074_JITTER73,1985-01-01,3901.3132278861676
NN3-074_JITTER73,1985-02-01,4119.960620854305
NN3-074_JITTER73,1985-03-01,4324.509217716997
NN3-074_JITTER73,1985-04-01,4215.617716485069
NN3-074_JITTER73,1985-05-01,4213.986812519205
NN3-074_JITTER73,1985-06-01,3535.608169752779
NN3-074_JITTER73,1985-07-01,3333.4247097087086
NN3-074_JITTER73,1985-08-01,3140.5885899267228
NN3-074_JITTER73,1985-09-01,3603.6583328088936
NN3-074_JITTER73,1985-10-01,3411.118475182825
NN3-074_JITTER73,1985-11-01,3340.723841359744
NN3-074_JITTER73,1985-12-01,3341.7914951333814
NN3-074_JITTER73,1986-01-01,3567.178404051607
NN3-074_JITTER73,1986-02-01,3105.1529906058345
NN3-074_JITTER73,1986-03-01,3025.5293788802883
NN3-074_JITTER73,1986-04-01,3622.737663203327
NN3-074_JITTER73,1986-05-01,3862.177349247902
NN3-074_JITTER73,1986-06-01,3316.5739804373866
NN3-074_JITTER73,1986-07-01,2919.672311068453
NN3-074_JITTER73,1986-08-01,2938.062465418181
NN3-074_JITTER73,1986-09-01,3213.9157600338767
NN3-074_JITTER73,1986-10-01,3436.351159098533
NN3-074_JITTER73,1986-11-01,3575.9860046778817
NN3-074_JITTER73,1986-12-01,3674.9144504647493
NN3-074_JITTER73,1987-01-01,3324.411156599256
NN3-074_JITTER73,1987-02-01,3469.9761326745943
NN3-074_JITTER73,1987-03-01,3611.8144053205806
NN3-074_JITTER73,1987-04-01,2862.4648264122534
NN3-074_JITTER73,1987-05-01,2524.687541560105
NN3-074_JITTER73,1987-06-01,2759.3764074180913
NN3-075_JITTER74,1982-01-01,4949.820902426015
NN3-075_JITTER74,1982-02-01,4381.17921075515
NN3-075_JITTER74,1982-03-01,4858.668535678828
NN3-075_JITTER74,1982-04-01,4731.13614349618
NN3-075_JITTER74,1982-05-01,4216.076418921833
NN3-075_JITTER74,1982-06-01,4382.754178249366
NN3-075_JITTER74,1982-07-01,3633.1398621503768
NN3-075_JITTER74,1982-08-01,4763.620448763934
NN3-075_JITTER74,1982-09-01,4413.467566549474
NN3-075_JITTER74,1982-10-01,4888.120454547737
NN3-075_JITTER74,1982-11-01,4072.445355802784
NN3-075_JITTER74,1982-12-01,4322.859690052356
NN3-075_JITTER74,1983-01-01,4616.210580605693
NN3-075_JITTER74,1983-02-01,3708.713899423358
NN3-075_JITTER74,1983-03-01,4175.153382999839
NN3-075_JITTER74,1983-04-01,4292.639142294603
NN3-075_JITTER74,1983-05-01,4205.098513497866
NN3-075_JITTER74,1983-06-01,4802.376262791838
NN3-075_JITTER74,1983-07-01,3963.946017016461
NN3-075_JITTER74,1983-08-01,5141.969872737842
NN3-075_JITTER74,1983-09-01,5800.436183780224
NN3-075_JITTER74,1983-10-01,5622.0168307856775
NN3-075_JITTER74,1983-11-01,5117.183890783499
NN3-075_JITTER74,1983-12-01,6041.2775958980055
NN3-075_JITTER74,1984-01-01,6214.8383401679985
NN3-075_JITTER74,1984-02-01,5014.910297689045
NN3-075_JITTER74,1984-03-01,5151.875707963322
NN3-075_JITTER74,1984-04-01,4661.420619197827
NN3-075_JITTER74,1984-05-01,4558.588252359001
NN3-075_JITTER74,1984-06-01,5074.492382493101
NN3-075_JITTER74,1984-07-01,4208.55245317061
NN3-075_JITTER74,1984-08-01,5134.921579008184
NN3-075_JITTER74,1984-09-01,5138.696712220153
NN3-075_JITTER74,1984-10-01,5558.069819391782
NN3-075_JITTER74,1984-11-01,4862.2679495950115
NN3-075_JITTER74,1984-12-01,4763.536994939427
NN3-075_JITTER74,1985-01-01,4808.281333782183
NN3-075_JITTER74,1985-02-01,5138.10817619586
NN3-075_JITTER74,1985-03-01,5077.3520233769605
NN3-075_JITTER74,1985-04-01,4528.196249749685
NN3-075_JITTER74,1985-05-01,4651.774036834861
NN3-075_JITTER74,1985-06-01,4151.170704392512
NN3-075_JITTER74,1985-07-01,3613.510355895579
NN3-075_JITTER74,1985-08-01,5558.589921388606
NN3-075_JITTER74,1985-09-01,5443.2377619161725
NN3-075_JITTER74,1985-10-01,5371.535461577269
NN3-075_JITTER74,1985-11-01,4808.922997435195
NN3-075_JITTER74,1985-12-01,4175.046125470917
NN3-075_JITTER74,1986-01-01,5055.173690665926
NN3-075_JITTER74,1986-02-01,4499.098577950425
NN3-075_JITTER74,1986-03-01,4182.27639162487
NN3-075_JITTER74,1986-04-01,4687.546559147612
NN3-075_JITTER74,1986-05-01,4548.340001372669
NN3-075_JITTER74,1986-06-01,4421.331130299476
NN3-075_JITTER74,1986-07-01,3683.103382124548
NN3-075_JITTER74,1986-08-01,4940.626474997162
NN3-075_JITTER74,1986-09-01,5306.03534442559
NN3-075_JITTER74,1986-10-01,5539.460237985361
NN3-075_JITTER74,1986-11-01,4702.087879390985
NN3-075_JITTER74,1986-12-01,4843.246261787075
NN3-075_JITTER74,1987-01-01,4842.879072879945
NN3-075_JITTER74,1987-02-01,4593.486743822205
NN3-075_JITTER74,1987-03-01,5149.839467750752
NN3-075_JITTER74,1987-04-01,5058.591192030771
NN3-075_JITTER74,1987-05-01,5089.215061469869
NN3-075_JITTER74,1987-06-01,5121.4999184657945
NN3-075_JITTER74,1987-07-01,4853.0595460374825
NN3-075_JITTER74,1987-08-01,5178.834910845785
NN3-075_JITTER74,1987-09-01,5447.329684667406
NN3-075_JITTER74,1987-10-01,5960.799680528312
NN3-075_JITTER74,1987-11-01,5293.201208474897
NN3-075_JITTER74,1987-12-01,4989.467827949587
NN3-075_JITTER74,1988-01-01,4962.308844951367
NN3-075_JITTER74,1988-02-01,5062.795476931576
NN3-075_JITTER74,1988-03-01,5807.711970919913
NN3-075_JITTER74,1988-04-01,4988.283226281391
NN3-075_JITTER74,1988-05-01,5218.498028990955
NN3-075_JITTER74,1988-06-01,5194.209153169548
NN3-075_JITTER74,1988-07-01,4644.923545087543
NN3-075_JITTER74,1988-08-01,5139.074039283907
NN3-075_JITTER74,1988-09-01,5126.860947506621
NN3-075_JITTER74,1988-10-01,5527.947894131931
NN3-075_JITTER74,1988-11-01,5249.1065112963415
NN3-075_JITTER74,1988-12-01,4753.483797156103
NN3-075_JITTER74,1989-01-01,5199.8289767131555
NN3-075_JITTER74,1989-02-01,4909.102290725195
NN3-075_JITTER74,1989-03-01,5059.928384020808
NN3-075_JITTER74,1989-04-01,4948.856509078844
NN3-075_JITTER74,1989-05-01,5062.542920036537
NN3-075_JITTER74,1989-06-01,5087.250610682532
NN3-075_JITTER74,1989-07-01,4789.042255967883
NN3-075_JITTER74,1989-08-01,5139.578425670669
NN3-075_JITTER74,1989-09-01,5288.80857711493
NN3-075_JITTER74,1989-10-01,5741.558160826409
NN3-075_JITTER74,1989-11-01,5367.042264192748
NN3-075_JITTER74,1989-12-01,4836.144590174136
NN3-075_JITTER74,1990-01-01,5199.182767255646
NN3-075_JITTER74,1990-02-01,5362.545771404758
NN3-075_JITTER74,1990-03-01,5588.072750543975
NN3-075_JITTER74,1990-04-01,5063.175703133113
NN3-075_JITTER74,1990-05-01,5275.600096285493
NN3-075_JITTER74,1990-06-01,5193.208947839868
NN3-075_JITTER74,1990-07-01,4839.638352311195
NN3-075_JITTER74,1990-08-01,5639.227681716727
NN3-075_JITTER74,1990-09-01,5231.300422305501
NN3-075_JITTER74,1990-10-01,5429.8248532381685
NN3-075_JITTER74,1990-11-01,5213.617337968025
NN3-075_JITTER74,1990-12-01,4872.808660456288
NN3-075_JITTER74,1991-01-01,5085.137078072099
NN3-075_JITTER74,1991-02-01,5254.4789981485
NN3-075_JITTER74,1991-03-01,5052.799880765546
NN3-075_JITTER74,1991-04-01,5079.017226825903
NN3-075_JITTER74,1991-05-01,4938.40351169948
NN3-075_JITTER74,1991-06-01,4639.427506045156
NN3-076_JITTER75,1977-01-01,9209.329048266727
NN3-076_JITTER75,1977-02-01,9622.121846440015
NN3-076_JITTER75,1977-03-01,11533.066162375913
NN3-076_JITTER75,1977-04-01,9206.65658406978
NN3-076_JITTER75,1977-05-01,8256.869134070272
NN3-076_JITTER75,1977-06-01,8061.566355947905
NN3-076_JITTER75,1977-07-01,9451.195420089169
NN3-076_JITTER75,1977-08-01,6045.790129442318
NN3-076_JITTER75,1977-09-01,8350.508822853093
NN3-076_JITTER75,1977-10-01,6563.889230203589
NN3-076_JITTER75,1977-11-01,7642.795847853497
NN3-076_JITTER75,1977-12-01,9236.184764718444
NN3-076_JITTER75,1978-01-01,8644.144683748762
NN3-076_JITTER75,1978-02-01,7596.515321034622
NN3-076_JITTER75,1978-03-01,8162.70571448968
NN3-076_JITTER75,1978-04-01,8452.329724542684
NN3-076_JITTER75,1978-05-01,9509.398034567337
NN3-076_JITTER75,1978-06-01,10726.958756095026
NN3-076_JITTER75,1978-07-01,7171.228028559148
NN3-076_JITTER75,1978-08-01,9888.120932346044
NN3-076_JITTER75,1978-09-01,8248.08578460879
NN3-076_JITTER75,1978-10-01,8803.875000699567
NN3-076_JITTER75,1978-11-01,9008.759068999492
NN3-076_JITTER75,1978-12-01,8688.9368750243
NN3-076_JITTER75,1979-01-01,6926.7086834199945
NN3-076_JITTER75,1979-02-01,8121.542637168078
NN3-076_JITTER75,1979-03-01,9338.074253616625
NN3-076_JITTER75,1979-04-01,8230.150921850318
NN3-076_JITTER75,1979-05-01,7595.699630368331
NN3-076_JITTER75,1979-06-01,9196.71227730472
NN3-076_JITTER75,1979-07-01,6581.811610267838
NN3-076_JITTER75,1979-08-01,7563.084930640117
NN3-076_JITTER75,1979-09-01,7348.846333150513
NN3-076_JITTER75,1979-10-01,6910.423970245618
NN3-076_JITTER75,1979-11-01,8095.517594041937
NN3-076_JITTER75,1979-12-01,7732.940702290094
NN3-076_JITTER75,1980-01-01,7950.836055244201
NN3-076_JITTER75,1980-02-01,8451.984158847374
NN3-076_JITTER75,1980-03-01,9492.616877341326
NN3-076_JITTER75,1980-04-01,6317.852882077509
NN3-076_JITTER75,1980-05-01,6369.919464040453
NN3-076_JITTER75,1980-06-01,7752.771670571825
NN3-076_JITTER75,1980-07-01,7585.67779905918
NN3-076_JITTER75,1980-08-01,7648.41060917878
NN3-076_JITTER75,1980-09-01,7822.267278408404
NN3-076_JITTER75,1980-10-01,9574.765400055658
NN3-076_JITTER75,1980-11-01,10596.236616993452
NN3-076_JITTER75,1980-12-01,6696.868389747873
NN3-076_JITTER75,1981-01-01,9801.74188657835
NN3-076_JITTER75,1981-02-01,7198.026260924272
NN3-076_JITTER75,1981-03-01,9882.572509799742
NN3-076_JITTER75,1981-04-01,8888.391246173267
NN3-076_JITTER75,1981-05-01,9018.253156065999
NN3-076_JITTER75,1981-06-01,9363.11953802096
NN3-076_JITTER75,1981-07-01,6804.556827140644
NN3-076_JITTER75,1981-08-01,5478.050540687107
NN3-076_JITTER75,1981-09-01,7813.295822897114
NN3-076_JITTER75,1981-10-01,6283.198958961898
NN3-076_JITTER75,1981-11-01,9805.680221916355
NN3-076_JITTER75,1981-12-01,5748.651263385983
NN3-076_JITTER75,1982-01-01,5529.7934406521645
NN3-076_JITTER75,1982-02-01,5352.3329608345575
NN3-076_JITTER75,1982-03-01,6946.428406035446
NN3-076_JITTER75,1982-04-01,7765.02391703954
NN3-076_JITTER75,1982-05-01,8783.59687319247
NN3-076_JITTER75,1982-06-01,9431.734222678499
NN3-076_JITTER75,1982-07-01,9328.26763983756
NN3-076_JITTER75,1982-08-01,5991.847804802024
NN3-076_JITTER75,1982-09-01,5390.4113021746025
NN3-076_JITTER75,1982-10-01,5796.648046020998
NN3-076_JITTER75,1982-11-01,4819.441104021663
NN3-076_JITTER75,1982-12-01,5276.214514705228
NN3-076_JITTER75,1983-01-01,5571.267906385781
NN3-076_JITTER75,1983-02-01,6183.164828370963
NN3-076_JITTER75,1983-03-01,7529.885069865968
NN3-076_JITTER75,1983-04-01,7482.359798083414
NN3-076_JITTER75,1983-05-01,6864.0790503915905
NN3-076_JITTER75,1983-06-01,7333.110404882515
NN3-076_JITTER75,1983-07-01,6164.072548013885
NN3-076_JITTER75,1983-08-01,6504.3361785893585
NN3-076_JITTER75,1983-09-01,6266.162287573942
NN3-076_JITTER75,1983-10-01,7074.946871087893
NN3-076_JITTER75,1983-11-01,6245.842491946598
NN3-076_JITTER75,1983-12-01,4717.000737543683
NN3-076_JITTER75,1984-01-01,6937.865199751405
NN3-076_JITTER75,1984-02-01,6508.589050415055
NN3-076_JITTER75,1984-03-01,8932.156260615122
NN3-076_JITTER75,1984-04-01,7426.157255286075
NN3-076_JITTER75,1984-05-01,9797.851702944583
NN3-076_JITTER75,1984-06-01,7080.035498498651
NN3-076_JITTER75,1984-07-01,6519.185006188571
NN3-076_JITTER75,1984-08-01,6979.767096635655
NN3-076_JITTER75,1984-09-01,5484.600634203074
NN3-076_JITTER75,1984-10-01,5854.84016858268
NN3-076_JITTER75,1984-11-01,5174.714672422702
NN3-076_JITTER75,1984-12-01,5110.320249695856
NN3-076_JITTER75,1985-01-01,5071.08007655838
NN3-076_JITTER75,1985-02-01,4515.7034929962
NN3-076_JITTER75,1985-03-01,5367.493331965783
NN3-076_JITTER75,1985-04-01,5923.652593617457
NN3-076_JITTER75,1985-05-01,6197.661121892856
NN3-076_JITTER75,1985-06-01,8156.311144527514
NN3-076_JITTER75,1985-07-01,4892.984851924296
NN3-076_JITTER75,1985-08-01,5479.28425091947
NN3-076_JITTER75,1985-09-01,4049.720566304754
NN3-076_JITTER75,1985-10-01,6017.980961746092
NN3-076_JITTER75,1985-11-01,6115.117877617218
NN3-076_JITTER75,1985-12-01,3931.3731552974386
NN3-076_JITTER75,1986-01-01,6165.772712718062
NN3-076_JITTER75,1986-02-01,5364.103081342794
NN3-076_JITTER75,1986-03-01,6634.8785027552385
NN3-076_JITTER75,1986-04-01,6838.813662332203
NN3-076_JITTER75,1986-05-01,7353.657575698434
NN3-076_JITTER75,1986-06-01,7120.716529148372
NN3-077_JITTER76,1981-12-01,4823.337845134005
NN3-077_JITTER76,1982-01-01,4822.283175320761
NN3-077_JITTER76,1982-02-01,4862.168470957147
NN3-077_JITTER76,1982-03-01,5044.314999531995
NN3-077_JITTER76,1982-04-01,5034.1738580095835
NN3-077_JITTER76,1982-05-01,5019.523306127106
NN3-077_JITTER76,1982-06-01,5061.52435557713
NN3-077_JITTER76,1982-07-01,5053.333069612485
NN3-077_JITTER76,1982-08-01,5099.625522988383
NN3-077_JITTER76,1982-09-01,5094.591446051812
NN3-077_JITTER76,1982-10-01,5090.469501813212
NN3-077_JITTER76,1982-11-01,5082.027089402656
NN3-077_JITTER76,1982-12-01,5063.605745691975
NN3-077_JITTER76,1983-01-01,5044.077828348165
NN3-077_JITTER76,1983-02-01,5025.98673531808
NN3-077_JITTER76,1983-03-01,5095.429402179888
NN3-077_JITTER76,1983-04-01,5127.212529014701
NN3-077_JITTER76,1983-05-01,5088.670089680291
NN3-077_JITTER76,1983-06-01,5186.548658731281
NN3-077_JITTER76,1983-07-01,5226.800724523419
NN3-077_JITTER76,1983-08-01,5226.645887518287
NN3-077_JITTER76,1983-09-01,5245.908985811754
NN3-077_JITTER76,1983-10-01,5229.3148710719415
NN3-077_JITTER76,1983-11-01,5132.631117431859
NN3-077_JITTER76,1983-12-01,5214.028387733663
NN3-077_JITTER76,1984-01-01,5266.216777198612
NN3-077_JITTER76,1984-02-01,5245.866587089077
NN3-077_JITTER76,1984-03-01,5354.709235037239
NN3-077_JITTER76,1984-04-01,5365.443462629935
NN3-077_JITTER76,1984-05-01,5363.577703801037
NN3-077_JITTER76,1984-06-01,5222.240077083891
NN3-077_JITTER76,1984-07-01,5195.039966546546
NN3-077_JITTER76,1984-08-01,5182.134736575429
NN3-077_JITTER76,1984-09-01,5183.647789303558
NN3-077_JITTER76,1984-10-01,5176.0470474472195
NN3-077_JITTER76,1984-11-01,5245.417199488304
NN3-077_JITTER76,1984-12-01,5220.1569164035445
NN3-077_JITTER76,1985-01-01,5315.06259065296
NN3-077_JITTER76,1985-02-01,5196.728249848711
NN3-077_JITTER76,1985-03-01,5243.437928919608
NN3-077_JITTER76,1985-04-01,5329.91188639657
NN3-077_JITTER76,1985-05-01,5298.699715918122
NN3-077_JITTER76,1985-06-01,5242.486034646315
NN3-077_JITTER76,1985-07-01,5342.152554724627
NN3-077_JITTER76,1985-08-01,5375.075901158178
NN3-077_JITTER76,1985-09-01,5375.369166302773
NN3-077_JITTER76,1985-10-01,5376.988136748166
NN3-077_JITTER76,1985-11-01,5383.843326345737
NN3-077_JITTER76,1985-12-01,5375.426170385851
NN3-077_JITTER76,1986-01-01,5393.177144078237
NN3-077_JITTER76,1986-02-01,5353.055890008411
NN3-077_JITTER76,1986-03-01,5358.565930450264
NN3-077_JITTER76,1986-04-01,5331.289719330982
NN3-077_JITTER76,1986-05-01,5146.147724731988
NN3-077_JITTER76,1986-06-01,5331.311838389309
NN3-077_JITTER76,1986-07-01,5301.752356433426
NN3-077_JITTER76,1986-08-01,5345.878027267328
NN3-077_JITTER76,1986-09-01,5346.357988869963
NN3-077_JITTER76,1986-10-01,5334.826278898686
NN3-077_JITTER76,1986-11-01,5331.945562362126
NN3-077_JITTER76,1986-12-01,5350.450632325814
NN3-077_JITTER76,1987-01-01,5106.206743797557
NN3-077_JITTER76,1987-02-01,5329.666337869288
NN3-077_JITTER76,1987-03-01,5253.284774149084
NN3-077_JITTER76,1987-04-01,5367.614552005005
NN3-077_JITTER76,1987-05-01,4733.4960548243835
NN3-077_JITTER76,1987-06-01,5230.431611793132
NN3-077_JITTER76,1987-07-01,5322.1846966179855
NN3-077_JITTER76,1987-08-01,5299.208177315298
NN3-077_JITTER76,1987-09-01,5288.1423529529
NN3-077_JITTER76,1987-10-01,5336.3870797874315
NN3-077_JITTER76,1987-11-01,5369.98305155349
NN3-077_JITTER76,1987-12-01,5363.582863000362
NN3-077_JITTER76,1988-01-01,5374.646895848413
NN3-077_JITTER76,1988-02-01,5371.164903141232
NN3-077_JITTER76,1988-03-01,5339.280928477306
NN3-077_JITTER76,1988-04-01,5346.137337321352
NN3-077_JITTER76,1988-05-01,5366.188137936347
NN3-077_JITTER76,1988-06-01,5352.677638755022
NN3-077_JITTER76,1988-07-01,5359.410348322322
NN3-077_JITTER76,1988-08-01,5384.549927509039
NN3-077_JITTER76,1988-09-01,5302.294166807438
NN3-077_JITTER76,1988-10-01,5403.635267731628
NN3-077_JITTER76,1988-11-01,5461.2637362254645
NN3-077_JITTER76,1988-12-01,5462.178337910836
NN3-077_JITTER76,1989-01-01,5504.262270916068
NN3-077_JITTER76,1989-02-01,5476.4920154984775
NN3-077_JITTER76,1989-03-01,5483.943316613612
NN3-077_JITTER76,1989-04-01,5496.284451289095
NN3-077_JITTER76,1989-05-01,5509.221438843747
NN3-077_JITTER76,1989-06-01,5464.730597192885
NN3-077_JITTER76,1989-07-01,5437.238347367092
NN3-077_JITTER76,1989-08-01,5498.302780057545
NN3-077_JITTER76,1989-09-01,5467.369302575728
NN3-077_JITTER76,1989-10-01,5528.951637843282
NN3-077_JITTER76,1989-11-01,5622.5115503334855
NN3-077_JITTER76,1989-12-01,5725.123854846876
NN3-077_JITTER76,1990-01-01,5714.841824278131
NN3-077_JITTER76,1990-02-01,5715.778459668896
NN3-077_JITTER76,1990-03-01,5713.36748736775
NN3-077_JITTER76,1990-04-01,5693.32292799879
NN3-077_JITTER76,1990-05-01,5707.080654746999
NN3-077_JITTER76,1990-06-01,5677.264048854159
NN3-077_JITTER76,1990-07-01,5658.908811748591
NN3-077_JITTER76,1990-08-01,5685.004122898232
NN3-077_JITTER76,1990-09-01,5677.471488267941
NN3-077_JITTER76,1990-10-01,5545.908517356095
NN3-077_JITTER76,1990-11-01,5548.298174095751
NN3-077_JITTER76,1990-12-01,5526.332451274203
NN3-077_JITTER76,1991-01-01,5544.449174011484
NN3-077_JITTER76,1991-02-01,5639.001724512886
NN3-077_JITTER76,1991-03-01,5673.465452537373
NN3-077_JITTER76,1991-04-01,5793.421971381251
NN3-077_JITTER76,1991-05-01,5853.778985277694
NN3-078_JITTER77,1979-01-01,7378.338467199131
NN3-078_JITTER77,1979-02-01,6559.700584231878
NN3-078_JITTER77,1979-03-01,7300.884827760305
NN3-078_JITTER77,1979-04-01,9159.579092546413
NN3-078_JITTER77,1979-05-01,5764.752339002778
NN3-078_JITTER77,1979-06-01,8301.790936156474
NN3-078_JITTER77,1979-07-01,5713.152282905064
NN3-078_JITTER77,1979-08-01,5914.332020936263
NN3-078_JITTER77,1979-09-01,5831.7744712290205
NN3-078_JITTER77,1979-10-01,4644.4126170079435
NN3-078_JITTER77,1979-11-01,4447.267597606938
NN3-078_JITTER77,1979-12-01,4740.414709467823
NN3-078_JITTER77,1980-01-01,7752.623453915085
NN3-078_JITTER77,1980-02-01,5781.621550828143
NN3-078_JITTER77,1980-03-01,7511.927795925833
NN3-078_JITTER77,1980-04-01,3989.260041156857
NN3-078_JITTER77,1980-05-01,5549.489214295743
NN3-078_JITTER77,1980-06-01,4581.232840488664
NN3-078_JITTER77,1980-07-01,3842.7218588984074
NN3-078_JITTER77,1980-08-01,3179.17102486568
NN3-078_JITTER77,1980-09-01,5611.787826382467
NN3-078_JITTER77,1980-10-01,3217.843951715452
NN3-078_JITTER77,1980-11-01,5145.276927707625
NN3-078_JITTER77,1980-12-01,4480.175919243213
NN3-078_JITTER77,1981-01-01,3098.3544800875898
NN3-078_JITTER77,1981-02-01,8805.724080490183
NN3-078_JITTER77,1981-03-01,5450.909650298069
NN3-078_JITTER77,1981-04-01,6793.851484766583
NN3-078_JITTER77,1981-05-01,6664.402744311437
NN3-078_JITTER77,1981-06-01,5099.391978424091
NN3-078_JITTER77,1981-07-01,4208.168730779308
NN3-078_JITTER77,1981-08-01,4273.8650528370135
NN3-078_JITTER77,1981-09-01,6370.537311716295
NN3-078_JITTER77,1981-10-01,6932.447664974612
NN3-078_JITTER77,1981-11-01,5645.960405156173
NN3-078_JITTER77,1981-12-01,4990.903919242909
NN3-078_JITTER77,1982-01-01,5093.631200745506
NN3-078_JITTER77,1982-02-01,5957.050587553451
NN3-078_JITTER77,1982-03-01,4568.385460635776
NN3-078_JITTER77,1982-04-01,5553.013742089817
NN3-078_JITTER77,1982-05-01,5750.996265063894
NN3-078_JITTER77,1982-06-01,6477.281896621899
NN3-078_JITTER77,1982-07-01,3885.0767790833174
NN3-078_JITTER77,1982-08-01,5479.605589636106
NN3-078_JITTER77,1982-09-01,4217.679216316563
NN3-078_JITTER77,1982-10-01,5577.974414005803
NN3-078_JITTER77,1982-11-01,5205.910787566694
NN3-078_JITTER77,1982-12-01,4873.237338658429
NN3-078_JITTER77,1983-01-01,3403.223481629011
NN3-078_JITTER77,1983-02-01,5000.393800477986
NN3-078_JITTER77,1983-03-01,4792.359552557756
NN3-078_JITTER77,1983-04-01,6385.513739005246
NN3-078_JITTER77,1983-05-01,6509.443909569298
NN3-078_JITTER77,1983-06-01,6686.254801251902
NN3-078_JITTER77,1983-07-01,5154.912657047869
NN3-078_JITTER77,1983-08-01,3192.596035084601
NN3-078_JITTER77,1983-09-01,4412.618917680749
NN3-078_JITTER77,1983-10-01,6781.326481857105
NN3-078_JITTER77,1983-11-01,7315.529170195369
NN3-078_JITTER77,1983-12-01,5503.282402094533
NN3-078_JITTER77,1984-01-01,8816.845203921092
NN3-078_JITTER77,1984-02-01,5940.2646662945945
NN3-078_JITTER77,1984-03-01,7679.0397394681295
NN3-078_JITTER77,1984-04-01,7105.745719530644
NN3-078_JITTER77,1984-05-01,6980.63413273892
NN3-078_JITTER77,1984-06-01,4201.408070276477
NN3-078_JITTER77,1984-07-01,7497.555423695559
NN3-078_JITTER77,1984-08-01,5742.284680627961
NN3-078_JITTER77,1984-09-01,6787.754091268865
NN3-078_JITTER77,1984-10-01,6216.507227569109
NN3-078_JITTER77,1984-11-01,6302.701902015969
NN3-078_JITTER77,1984-12-01,6479.733858955257
NN3-078_JITTER77,1985-01-01,7336.096156411716
NN3-078_JITTER77,1985-02-01,7245.29838443113
NN3-078_JITTER77,1985-03-01,9115.965100706295
NN3-078_JITTER77,1985-04-01,6469.733003496837
NN3-078_JITTER77,1985-05-01,8649.996261479379
NN3-078_JITTER77,1985-06-01,4775.943719673681
NN3-078_JITTER77,1985-07-01,6164.789124053331
NN3-078_JITTER77,1985-08-01,4652.075120660703
NN3-078_JITTER77,1985-09-01,4227.5489133475785
NN3-078_JITTER77,1985-10-01,7039.4158184541675
NN3-078_JITTER77,1985-11-01,7295.974274159829
NN3-078_JITTER77,1985-12-01,6595.258272230866
NN3-078_JITTER77,1986-01-01,6455.004462569914
NN3-078_JITTER77,1986-02-01,7076.97368643147
NN3-078_JITTER77,1986-03-01,7869.3382716880515
NN3-078_JITTER77,1986-04-01,8416.095856932903
NN3-078_JITTER77,1986-05-01,4734.72461704393
NN3-078_JITTER77,1986-06-01,5492.551665719239
NN3-078_JITTER77,1986-07-01,7059.473466565268
NN3-078_JITTER77,1986-08-01,4389.859876391057
NN3-078_JITTER77,1986-09-01,6359.488047215812
NN3-078_JITTER77,1986-10-01,7444.770326667539
NN3-078_JITTER77,1986-11-01,5514.07291993156
NN3-078_JITTER77,1986-12-01,5662.512423407645
NN3-078_JITTER77,1987-01-01,5394.031766008542
NN3-078_JITTER77,1987-02-01,9023.156496813297
NN3-078_JITTER77,1987-03-01,8295.6095812598
NN3-078_JITTER77,1987-04-01,3283.9107414788505
NN3-078_JITTER77,1987-05-01,6464.9794056055325
NN3-078_JITTER77,1987-06-01,5969.56150304531
NN3-078_JITTER77,1987-07-01,6477.27304732103
NN3-078_JITTER77,1987-08-01,4751.316731910778
NN3-078_JITTER77,1987-09-01,6092.967016287643
NN3-078_JITTER77,1987-10-01,5799.6313524111465
NN3-078_JITTER77,1987-11-01,6426.503178667504
NN3-078_JITTER77,1987-12-01,7788.435283299495
NN3-078_JITTER77,1988-01-01,8294.625999648875
NN3-078_JITTER77,1988-02-01,6953.433277026419
NN3-078_JITTER77,1988-03-01,8763.705402035032
NN3-078_JITTER77,1988-04-01,6735.055040629223
NN3-078_JITTER77,1988-05-01,6672.145463510954
NN3-078_JITTER77,1988-06-01,6414.597522218573
NN3-079_JITTER78,1979-01-01,6795.909110527202
NN3-079_JITTER78,1979-02-01,6037.788918062363
NN3-079_JITTER78,1979-03-01,6671.262357501269
NN3-079_JITTER78,1979-04-01,6002.948388299429
NN3-079_JITTER78,1979-05-01,6288.728302020724
NN3-079_JITTER78,1979-06-01,5355.475814826411
NN3-079_JITTER78,1979-07-01,5268.412538732945
NN3-079_JITTER78,1979-08-01,6108.191631900424
NN3-079_JITTER78,1979-09-01,5643.978589323122
NN3-079_JITTER78,1979-10-01,6088.333055157805
NN3-079_JITTER78,1979-11-01,5237.61446883979
NN3-079_JITTER78,1979-12-01,4900.407235883127
NN3-079_JITTER78,1980-01-01,5131.919052941363
NN3-079_JITTER78,1980-02-01,5278.812927615385
NN3-079_JITTER78,1980-03-01,5726.693055179221
NN3-079_JITTER78,1980-04-01,4478.601997265626
NN3-079_JITTER78,1980-05-01,4055.6177059098663
NN3-079_JITTER78,1980-06-01,3626.848396379765
NN3-079_JITTER78,1980-07-01,3935.015413373345
NN3-079_JITTER78,1980-08-01,4015.6344024724663
NN3-079_JITTER78,1980-09-01,5007.41580619005
NN3-079_JITTER78,1980-10-01,5060.096559829708
NN3-079_JITTER78,1980-11-01,4734.381621997479
NN3-079_JITTER78,1980-12-01,4667.687101751564
NN3-079_JITTER78,1981-01-01,4551.738804674804
NN3-079_JITTER78,1981-02-01,4929.0659132846595
NN3-079_JITTER78,1981-03-01,5802.20627116068
NN3-079_JITTER78,1981-04-01,4421.316122680753
NN3-079_JITTER78,1981-05-01,5001.123495117483
NN3-079_JITTER78,1981-06-01,4594.228240982025
NN3-079_JITTER78,1981-07-01,4292.589190713903
NN3-079_JITTER78,1981-08-01,4906.449387415222
NN3-079_JITTER78,1981-09-01,4935.357442473116
NN3-079_JITTER78,1981-10-01,4921.485529397839
NN3-079_JITTER78,1981-11-01,4185.767535263051
NN3-079_JITTER78,1981-12-01,3989.3969774647135
NN3-079_JITTER78,1982-01-01,4606.837531044928
NN3-079_JITTER78,1982-02-01,4224.696415125131
NN3-079_JITTER78,1982-03-01,4607.698702667447
NN3-079_JITTER78,1982-04-01,4383.812785504612
NN3-079_JITTER78,1982-05-01,4450.433390537356
NN3-079_JITTER78,1982-06-01,4657.490568936751
NN3-079_JITTER78,1982-07-01,4049.525849477129
NN3-079_JITTER78,1982-08-01,4520.831728744094
NN3-079_JITTER78,1982-09-01,4735.412091688129
NN3-079_JITTER78,1982-10-01,3925.0949716861323
NN3-079_JITTER78,1982-11-01,4103.9518164827
NN3-079_JITTER78,1982-12-01,4063.367726535545
NN3-079_JITTER78,1983-01-01,4006.7948242958314
NN3-079_JITTER78,1983-02-01,4201.54660756156
NN3-079_JITTER78,1983-03-01,4719.919759059408
NN3-079_JITTER78,1983-04-01,4380.297540965938
NN3-079_JITTER78,1983-05-01,4365.404343169182
NN3-079_JITTER78,1983-06-01,4657.190886463284
NN3-079_JITTER78,1983-07-01,4098.293971969279
NN3-079_JITTER78,1983-08-01,5123.611114881802
NN3-079_JITTER78,1983-09-01,5123.918438016729
NN3-079_JITTER78,1983-10-01,5448.855954066559
NN3-079_JITTER78,1983-11-01,4762.748978662802
NN3-079_JITTER78,1983-12-01,4410.547194202934
NN3-079_JITTER78,1984-01-01,5346.2597479111055
NN3-079_JITTER78,1984-02-01,5231.177936760141
NN3-079_JITTER78,1984-03-01,5364.907367063497
NN3-079_JITTER78,1984-04-01,5008.9913902181415
NN3-079_JITTER78,1984-05-01,5001.895755264159
NN3-079_JITTER78,1984-06-01,5135.270470519859
NN3-079_JITTER78,1984-07-01,4447.864472963338
NN3-079_JITTER78,1984-08-01,5237.396724197994
NN3-079_JITTER78,1984-09-01,4544.5969748181515
NN3-079_JITTER78,1984-10-01,5486.681564410623
NN3-079_JITTER78,1984-11-01,4984.134408285125
NN3-079_JITTER78,1984-12-01,4454.501954090769
NN3-079_JITTER78,1985-01-01,4618.812223959349
NN3-079_JITTER78,1985-02-01,5113.440694125782
NN3-079_JITTER78,1985-03-01,4776.127641509746
NN3-079_JITTER78,1985-04-01,4616.2500191471845
NN3-079_JITTER78,1985-05-01,4924.624838276526
NN3-079_JITTER78,1985-06-01,4185.360392248211
NN3-079_JITTER78,1985-07-01,4227.31407981732
NN3-079_JITTER78,1985-08-01,4567.652808203498
NN3-079_JITTER78,1985-09-01,5129.769970064937
NN3-079_JITTER78,1985-10-01,5247.287248075171
NN3-079_JITTER78,1985-11-01,4625.919954636757
NN3-079_JITTER78,1985-12-01,4201.093123759096
NN3-079_JITTER78,1986-01-01,4840.75018049071
NN3-079_JITTER78,1986-02-01,4320.874404115969
NN3-079_JITTER78,1986-03-01,5273.2520612842645
NN3-079_JITTER78,1986-04-01,4727.93456239827
NN3-079_JITTER78,1986-05-01,4877.521141333991
NN3-079_JITTER78,1986-06-01,4454.272528413113
NN3-079_JITTER78,1986-07-01,4508.546951143205
NN3-079_JITTER78,1986-08-01,5074.480283904496
NN3-079_JITTER78,1986-09-01,4818.389990533108
NN3-079_JITTER78,1986-10-01,5341.554555784415
NN3-079_JITTER78,1986-11-01,4321.162993479231
NN3-079_JITTER78,1986-12-01,4618.492471903065
NN3-079_JITTER78,1987-01-01,4915.484906537018
NN3-079_JITTER78,1987-02-01,5004.676405913656
NN3-079_JITTER78,1987-03-01,5480.941920581606
NN3-079_JITTER78,1987-04-01,4815.904461796978
NN3-079_JITTER78,1987-05-01,4924.529526322459
NN3-079_JITTER78,1987-06-01,4746.443570491992
NN3-079_JITTER78,1987-07-01,4834.732328962847
NN3-079_JITTER78,1987-08-01,4934.72973216288
NN3-079_JITTER78,1987-09-01,5097.564538235848
NN3-079_JITTER78,1987-10-01,5568.902993919789
NN3-079_JITTER78,1987-11-01,4935.7692068319675
NN3-079_JITTER78,1987-12-01,5227.3721891584555
NN3-079_JITTER78,1988-01-01,4832.568844171496
NN3-079_JITTER78,1988-02-01,5027.280587860485
NN3-079_JITTER78,1988-03-01,5604.580990423636
NN3-079_JITTER78,1988-04-01,4917.918158762428
NN3-079_JITTER78,1988-05-01,5204.90524276574
NN3-079_JITTER78,1988-06-01,5051.322064147692
NN3-080_JITTER79,1982-01-01,4096.644950798901
NN3-080_JITTER79,1982-02-01,4155.178085121235
NN3-080_JITTER79,1982-03-01,4232.971577695551
NN3-080_JITTER79,1982-04-01,4146.5856978652
NN3-080_JITTER79,1982-05-01,4125.218141423043
NN3-080_JITTER79,1982-06-01,4060.79249404554
NN3-080_JITTER79,1982-07-01,4045.741538151906
NN3-080_JITTER79,1982-08-01,4181.6354696876415
NN3-080_JITTER79,1982-09-01,4359.180181210233
NN3-080_JITTER79,1982-10-01,4197.155589957353
NN3-080_JITTER79,1982-11-01,4088.8738228745365
NN3-080_JITTER79,1982-12-01,4274.256709380608
NN3-080_JITTER79,1983-01-01,4052.65447187951
NN3-080_JITTER79,1983-02-01,4244.028625565046
NN3-080_JITTER79,1983-03-01,4352.367455268827
NN3-080_JITTER79,1983-04-01,4381.288981006359
NN3-080_JITTER79,1983-05-01,4268.318223977605
NN3-080_JITTER79,1983-06-01,4228.398711168712
NN3-080_JITTER79,1983-07-01,4279.063587857676
NN3-080_JITTER79,1983-08-01,4321.010826426568
NN3-080_JITTER79,1983-09-01,4324.640571180798
NN3-080_JITTER79,1983-10-01,4301.339305667798
NN3-080_JITTER79,1983-11-01,4374.824856671162
NN3-080_JITTER79,1983-12-01,4612.507326024394
NN3-080_JITTER79,1984-01-01,4424.877929623701
NN3-080_JITTER79,1984-02-01,4484.292302943822
NN3-080_JITTER79,1984-03-01,4619.937646171693
NN3-080_JITTER79,1984-04-01,4701.221645373642
NN3-080_JITTER79,1984-05-01,4714.248573881059
NN3-080_JITTER79,1984-06-01,4637.38285172717
NN3-080_JITTER79,1984-07-01,4541.150358787384
NN3-080_JITTER79,1984-08-01,4495.943936661631
NN3-080_JITTER79,1984-09-01,4545.691078111103
NN3-080_JITTER79,1984-10-01,4517.578022449122
NN3-080_JITTER79,1984-11-01,4597.464350942357
NN3-080_JITTER79,1984-12-01,4618.6935410046335
NN3-080_JITTER79,1985-01-01,4548.3678710011145
NN3-080_JITTER79,1985-02-01,4622.960321118352
NN3-080_JITTER79,1985-03-01,4714.2482145484855
NN3-080_JITTER79,1985-04-01,4492.3678026507
NN3-080_JITTER79,1985-05-01,4424.940585887373
NN3-080_JITTER79,1985-06-01,4646.438699881436
NN3-080_JITTER79,1985-07-01,4662.683362064333
NN3-080_JITTER79,1985-08-01,4664.48022066736
NN3-080_JITTER79,1985-09-01,4690.252004979963
NN3-080_JITTER79,1985-10-01,4835.615123782759
NN3-080_JITTER79,1985-11-01,4851.215300430261
NN3-080_JITTER79,1985-12-01,4795.486359666574
NN3-080_JITTER79,1986-01-01,4829.897087220696
NN3-080_JITTER79,1986-02-01,4947.917374207077
NN3-080_JITTER79,1986-03-01,4859.555776024511
NN3-080_JITTER79,1986-04-01,4883.288855591791
NN3-080_JITTER79,1986-05-01,4763.824654440009
NN3-080_JITTER79,1986-06-01,4595.979276050389
NN3-080_JITTER79,1986-07-01,4592.537619389081
NN3-080_JITTER79,1986-08-01,4721.710746998595
NN3-080_JITTER79,1986-09-01,4825.113853592947
NN3-080_JITTER79,1986-10-01,4947.49803223822
NN3-080_JITTER79,1986-11-01,5040.207405412568
NN3-080_JITTER79,1986-12-01,4904.7615609237055
NN3-080_JITTER79,1987-01-01,5052.7978455212315
NN3-080_JITTER79,1987-02-01,5120.681510220811
NN3-080_JITTER79,1987-03-01,5199.838259810463
NN3-080_JITTER79,1987-04-01,5175.842910649053
NN3-080_JITTER79,1987-05-01,5104.129196361781
NN3-080_JITTER79,1987-06-01,4950.114480107216
NN3-080_JITTER79,1987-07-01,4935.426628879516
NN3-080_JITTER79,1987-08-01,4767.6041343114
NN3-080_JITTER79,1987-09-01,4863.723937277448
NN3-080_JITTER79,1987-10-01,4767.995011010812
NN3-080_JITTER79,1987-11-01,4824.108140682614
NN3-080_JITTER79,1987-12-01,4849.5164380913975
NN3-080_JITTER79,1988-01-01,4853.876889007711
NN3-080_JITTER79,1988-02-01,4939.1614435056035
NN3-080_JITTER79,1988-03-01,5000.156728355252
NN3-080_JITTER79,1988-04-01,4929.551167492164
NN3-080_JITTER79,1988-05-01,4901.91737854755
NN3-080_JITTER79,1988-06-01,4680.511291999808
NN3-080_JITTER79,1988-07-01,4683.304812370411
NN3-080_JITTER79,1988-08-01,4764.9652563575
NN3-080_JITTER79,1988-09-01,4835.264959082111
NN3-080_JITTER79,1988-10-01,4931.982628733376
NN3-080_JITTER79,1988-11-01,4951.539336938187
NN3-080_JITTER79,1988-12-01,4985.810626158948
NN3-080_JITTER79,1989-01-01,4891.778074575111
NN3-080_JITTER79,1989-02-01,4804.847740465352
NN3-080_JITTER79,1989-03-01,4865.377683684498
NN3-080_JITTER79,1989-04-01,4796.058047657906
NN3-080_JITTER79,1989-05-01,4734.1577046726625
NN3-080_JITTER79,1989-06-01,4754.149173139866
NN3-080_JITTER79,1989-07-01,4735.017552735661
NN3-080_JITTER79,1989-08-01,4805.131278874405
NN3-080_JITTER79,1989-09-01,4747.614238421651
NN3-080_JITTER79,1989-10-01,4908.139058346542
NN3-080_JITTER79,1989-11-01,4955.126380613488
NN3-080_JITTER79,1989-12-01,4906.840309084509
NN3-080_JITTER79,1990-01-01,5037.654255356998
NN3-080_JITTER79,1990-02-01,5037.038751099183
NN3-080_JITTER79,1990-03-01,5028.362539292624
NN3-080_JITTER79,1990-04-01,4948.05747013247
NN3-080_JITTER79,1990-05-01,5032.968380748192
NN3-080_JITTER79,1990-06-01,4837.335845498491
NN3-080_JITTER79,1990-07-01,4809.47986139046
NN3-080_JITTER79,1990-08-01,4721.495984457638
NN3-080_JITTER79,1990-09-01,4792.2068344112695
NN3-080_JITTER79,1990-10-01,4860.061205691524
NN3-080_JITTER79,1990-11-01,4801.174672450903
NN3-080_JITTER79,1990-12-01,4717.1801756472
NN3-080_JITTER79,1991-01-01,4930.1566288362765
NN3-080_JITTER79,1991-02-01,4927.533732161944
NN3-080_JITTER79,1991-03-01,4913.287667852224
NN3-080_JITTER79,1991-04-01,4842.091170397979
NN3-080_JITTER79,1991-05-01,4610.860904090871
NN3-080_JITTER79,1991-06-01,4724.172473067187
NN3-081_JITTER80,1978-01-01,1996.0530320359549
NN3-081_JITTER80,1978-02-01,1979.251259970257
NN3-081_JITTER80,1978-03-01,2153.321940902317
NN3-081_JITTER80,1978-04-01,2196.509017096892
NN3-081_JITTER80,1978-05-01,2818.6954567796665
NN3-081_JITTER80,1978-06-01,2617.2707545941603
NN3-081_JITTER80,1978-07-01,2858.2808599607197
NN3-081_JITTER80,1978-08-01,2642.698250984417
NN3-081_JITTER80,1978-09-01,2389.0663230872506
NN3-081_JITTER80,1978-10-01,2540.3328781597834
NN3-081_JITTER80,1978-11-01,2311.2721657575376
NN3-081_JITTER80,1978-12-01,2236.0016171053194
NN3-081_JITTER80,1979-01-01,2198.9311262752994
NN3-081_JITTER80,1979-02-01,1798.1606032613975
NN3-081_JITTER80,1979-03-01,2344.223865694516
NN3-081_JITTER80,1979-04-01,2155.8564958786687
NN3-081_JITTER80,1979-05-01,2912.9558030576536
NN3-081_JITTER80,1979-06-01,2374.108220273617
NN3-081_JITTER80,1979-07-01,2347.3890261970023
NN3-081_JITTER80,1979-08-01,2443.901380187041
NN3-081_JITTER80,1979-09-01,2369.6956019356912
NN3-081_JITTER80,1979-10-01,2164.4222411048295
NN3-081_JITTER80,1979-11-01,2118.9043844181306
NN3-081_JITTER80,1979-12-01,1816.9496656541842
NN3-081_JITTER80,1980-01-01,1752.1331224128548
NN3-081_JITTER80,1980-02-01,2188.9661798378397
NN3-081_JITTER80,1980-03-01,2082.9553361198296
NN3-081_JITTER80,1980-04-01,1563.0719197326755
NN3-081_JITTER80,1980-05-01,1693.2292586875287
NN3-081_JITTER80,1980-06-01,1971.2066938032783
NN3-081_JITTER80,1980-07-01,2052.047941217843
NN3-081_JITTER80,1980-08-01,1907.433655892289
NN3-081_JITTER80,1980-09-01,2019.524390609734
NN3-081_JITTER80,1980-10-01,2064.4272584181176
NN3-081_JITTER80,1980-11-01,2133.294427714436
NN3-081_JITTER80,1980-12-01,1917.0865459317547
NN3-081_JITTER80,1981-01-01,1809.2639866554055
NN3-081_JITTER80,1981-02-01,1993.7501462611672
NN3-081_JITTER80,1981-03-01,2224.7429367588743
NN3-081_JITTER80,1981-04-01,2351.293807193385
NN3-081_JITTER80,1981-05-01,2372.7741988605144
NN3-081_JITTER80,1981-06-01,2171.9488752896873
NN3-081_JITTER80,1981-07-01,1944.9150622465102
NN3-081_JITTER80,1981-08-01,1050.2032029576324
NN3-081_JITTER80,1981-09-01,1627.2695865671149
NN3-081_JITTER80,1981-10-01,1757.7431726621019
NN3-081_JITTER80,1981-11-01,1787.3818362579098
NN3-081_JITTER80,1981-12-01,1394.1607729154532
NN3-081_JITTER80,1982-01-01,1208.1843312594642
NN3-081_JITTER80,1982-02-01,1370.6600893550105
NN3-081_JITTER80,1982-03-01,1363.7511085764047
NN3-081_JITTER80,1982-04-01,1855.9193985127129
NN3-081_JITTER80,1982-05-01,1953.4256139901781
NN3-081_JITTER80,1982-06-01,2081.036959336562
NN3-081_JITTER80,1982-07-01,2063.3440080130026
NN3-081_JITTER80,1982-08-01,2063.1833792295456
NN3-081_JITTER80,1982-09-01,2249.491387451798
NN3-081_JITTER80,1982-10-01,1802.9774710275415
NN3-081_JITTER80,1982-11-01,2158.931851815359
NN3-081_JITTER80,1982-12-01,1829.1128559104936
NN3-081_JITTER80,1983-01-01,2059.709959204953
NN3-081_JITTER80,1983-02-01,2217.126822444123
NN3-081_JITTER80,1983-03-01,2503.8312857853775
NN3-081_JITTER80,1983-04-01,2070.361735292759
NN3-081_JITTER80,1983-05-01,2777.2859524316336
NN3-081_JITTER80,1983-06-01,2621.050363741354
NN3-081_JITTER80,1983-07-01,2460.0923118968853
NN3-081_JITTER80,1983-08-01,2527.5403950709665
NN3-081_JITTER80,1983-09-01,2473.626661316852
NN3-081_JITTER80,1983-10-01,2650.3359906795513
NN3-081_JITTER80,1983-11-01,2599.2234193473014
NN3-081_JITTER80,1983-12-01,2088.80186106736
NN3-081_JITTER80,1984-01-01,2203.1386671084656
NN3-081_JITTER80,1984-02-01,2705.7952295512832
NN3-081_JITTER80,1984-03-01,2629.0621117370183
NN3-081_JITTER80,1984-04-01,2593.1524255495133
NN3-081_JITTER80,1984-05-01,2569.2210010289054
NN3-081_JITTER80,1984-06-01,2771.1405822174715
NN3-081_JITTER80,1984-07-01,2880.575999989116
NN3-081_JITTER80,1984-08-01,2782.2989340978984
NN3-081_JITTER80,1984-09-01,3045.275985974099
NN3-081_JITTER80,1984-10-01,2798.958345000331
NN3-081_JITTER80,1984-11-01,2605.950198849892
NN3-081_JITTER80,1984-12-01,2612.0635658863844
NN3-081_JITTER80,1985-01-01,2265.4819308568267
NN3-081_JITTER80,1985-02-01,2849.771961522775
NN3-081_JITTER80,1985-03-01,2853.2453041413246
NN3-081_JITTER80,1985-04-01,1041.8577954923076
NN3-081_JITTER80,1985-05-01,3344.1806238809295
NN3-081_JITTER80,1985-06-01,3335.9929481738477
NN3-081_JITTER80,1985-07-01,3126.029252394569
NN3-081_JITTER80,1985-08-01,3065.302161823076
NN3-081_JITTER80,1985-09-01,3089.4372421708717
NN3-081_JITTER80,1985-10-01,3303.3339383645616
NN3-081_JITTER80,1985-11-01,2677.424367059119
NN3-081_JITTER80,1985-12-01,2415.935054234712
NN3-081_JITTER80,1986-01-01,2644.938544442405
NN3-081_JITTER80,1986-02-01,2711.714471028009
NN3-081_JITTER80,1986-03-01,3108.912095910019
NN3-081_JITTER80,1986-04-01,3216.247522636613
NN3-081_JITTER80,1986-05-01,3386.4011430288856
NN3-081_JITTER80,1986-06-01,3370.2079107801896
NN3-081_JITTER80,1986-07-01,3780.0725130313517
NN3-081_JITTER80,1986-08-01,3008.8023398482874
NN3-081_JITTER80,1986-09-01,3184.154761801484
NN3-081_JITTER80,1986-10-01,2370.8175383022367
NN3-081_JITTER80,1986-11-01,1866.6321073105348
NN3-081_JITTER80,1986-12-01,1814.0223722576927
NN3-081_JITTER80,1987-01-01,2572.588150018474
NN3-081_JITTER80,1987-02-01,2882.4087947232056
NN3-081_JITTER80,1987-03-01,3090.678861177061
NN3-081_JITTER80,1987-04-01,3015.8853772438156
NN3-081_JITTER80,1987-05-01,3138.7017150239312
NN3-081_JITTER80,1987-06-01,3273.780761112336
NN3-082_JITTER81,1983-01-01,4762.489489105093
NN3-082_JITTER81,1983-02-01,5584.531883685571
NN3-082_JITTER81,1983-03-01,5637.6246683777
NN3-082_JITTER81,1983-04-01,5669.415276182381
NN3-082_JITTER81,1983-05-01,5836.551746687081
NN3-082_JITTER81,1983-06-01,6063.716077098743
NN3-082_JITTER81,1983-07-01,6096.810431862665
NN3-082_JITTER81,1983-08-01,5724.040850862492
NN3-082_JITTER81,1983-09-01,5158.859491153278
NN3-082_JITTER81,1983-10-01,4977.9630239647
NN3-082_JITTER81,1983-11-01,4791.63022473349
NN3-082_JITTER81,1983-12-01,4813.61844779998
NN3-082_JITTER81,1984-01-01,4840.655016696474
NN3-082_JITTER81,1984-02-01,5345.498676136056
NN3-082_JITTER81,1984-03-01,5562.3786262229505
NN3-082_JITTER81,1984-04-01,5469.166107379115
NN3-082_JITTER81,1984-05-01,5047.401241384071
NN3-082_JITTER81,1984-06-01,4812.884150409545
NN3-082_JITTER81,1984-07-01,4634.470540541393
NN3-082_JITTER81,1984-08-01,4632.478630856713
NN3-082_JITTER81,1984-09-01,4693.596917014331
NN3-082_JITTER81,1984-10-01,4542.613257718284
NN3-082_JITTER81,1984-11-01,4765.029233952787
NN3-082_JITTER81,1984-12-01,4914.60393468556
NN3-082_JITTER81,1985-01-01,5030.467056413229
NN3-082_JITTER81,1985-02-01,5158.523678713734
NN3-082_JITTER81,1985-03-01,5252.226549363406
NN3-082_JITTER81,1985-04-01,5198.689362354003
NN3-082_JITTER81,1985-05-01,5441.642338821094
NN3-082_JITTER81,1985-06-01,5828.677270812291
NN3-082_JITTER81,1985-07-01,5675.62284212539
NN3-082_JITTER81,1985-08-01,5116.473873484087
NN3-082_JITTER81,1985-09-01,4666.712273484768
NN3-082_JITTER81,1985-10-01,4502.325653193211
NN3-082_JITTER81,1985-11-01,4281.367421215044
NN3-082_JITTER81,1985-12-01,4497.908219305447
NN3-082_JITTER81,1986-01-01,4691.884218849442
NN3-082_JITTER81,1986-02-01,4550.677453339135
NN3-082_JITTER81,1986-03-01,4760.524155835347
NN3-082_JITTER81,1986-04-01,5236.636320899811
NN3-082_JITTER81,1986-05-01,5354.434776974367
NN3-082_JITTER81,1986-06-01,4962.361413115086
NN3-082_JITTER81,1986-07-01,5118.480261705876
NN3-082_JITTER81,1986-08-01,5111.613247404018
NN3-082_JITTER81,1986-09-01,5163.391866918663
NN3-082_JITTER81,1986-10-01,5013.762496396349
NN3-082_JITTER81,1986-11-01,4965.588753422714
NN3-082_JITTER81,1986-12-01,4787.63875965801
NN3-082_JITTER81,1987-01-01,4761.701175712243
NN3-082_JITTER81,1987-02-01,4899.683338101807
NN3-082_JITTER81,1987-03-01,4819.591783751694
NN3-082_JITTER81,1987-04-01,4914.299856249086
NN3-082_JITTER81,1987-05-01,4855.800771959277
NN3-082_JITTER81,1987-06-01,4856.557990119348
NN3-082_JITTER81,1987-07-01,4970.77807476413
NN3-082_JITTER81,1987-08-01,5146.157203480471
NN3-082_JITTER81,1987-09-01,5528.420345446437
NN3-082_JITTER81,1987-10-01,5145.340910015366
NN3-082_JITTER81,1987-11-01,5031.742777367636
NN3-082_JITTER81,1987-12-01,5094.572807224467
NN3-082_JITTER81,1988-01-01,5202.504456940384
NN3-082_JITTER81,1988-02-01,5220.294375513629
NN3-082_JITTER81,1988-03-01,5305.108894235203
NN3-082_JITTER81,1988-04-01,5379.0820933747345
NN3-082_JITTER81,1988-05-01,5250.023831650157
NN3-082_JITTER81,1988-06-01,5442.430081096854
NN3-082_JITTER81,1988-07-01,5613.696410176211
NN3-082_JITTER81,1988-08-01,5566.651800685225
NN3-082_JITTER81,1988-09-01,5704.57558360916
NN3-082_JITTER81,1988-10-01,5670.085799724287
NN3-082_JITTER81,1988-11-01,5495.393167810955
NN3-082_JITTER81,1988-12-01,5315.440079770308
NN3-082_JITTER81,1989-01-01,5467.958152281921
NN3-082_JITTER81,1989-02-01,5664.830907725936
NN3-082_JITTER81,1989-03-01,5679.584084110205
NN3-082_JITTER81,1989-04-01,6153.258960250427
NN3-082_JITTER81,1989-05-01,6416.108601456566
NN3-082_JITTER81,1989-06-01,6499.968473103279
NN3-082_JITTER81,1989-07-01,6680.56160111251
NN3-082_JITTER81,1989-08-01,6520.11431811415
NN3-082_JITTER81,1989-09-01,6437.398188872588
NN3-082_JITTER81,1989-10-01,6303.628202990302
NN3-082_JITTER81,1989-11-01,5517.129584506002
NN3-082_JITTER81,1989-12-01,5535.488594154641
NN3-082_JITTER81,1990-01-01,5670.1630948399725
NN3-082_JITTER81,1990-02-01,5791.445277513532
NN3-082_JITTER81,1990-03-01,5840.299679603723
NN3-082_JITTER81,1990-04-01,5956.715834680405
NN3-082_JITTER81,1990-05-01,5678.986885989841
NN3-082_JITTER81,1990-06-01,5511.885619863495
NN3-082_JITTER81,1990-07-01,5764.623915932085
NN3-082_JITTER81,1990-08-01,5593.564541368453
NN3-082_JITTER81,1990-09-01,5472.214963306149
NN3-082_JITTER81,1990-10-01,5065.416873100159
NN3-082_JITTER81,1990-11-01,4999.0541971581315
NN3-082_JITTER81,1990-12-01,5110.433860493015
NN3-082_JITTER81,1991-01-01,5197.815171839355
NN3-082_JITTER81,1991-02-01,5180.00527328013
NN3-082_JITTER81,1991-03-01,4990.1329468026215
NN3-082_JITTER81,1991-04-01,5191.190880312024
NN3-082_JITTER81,1991-05-01,5781.882343723547
NN3-082_JITTER81,1991-06-01,6697.332307231325
NN3-082_JITTER81,1991-07-01,6480.265989604778
NN3-082_JITTER81,1991-08-01,5276.7677478736
NN3-083_JITTER82,1979-01-01,4579.31138164512
NN3-083_JITTER82,1979-02-01,4846.3747360315865
NN3-083_JITTER82,1979-03-01,4928.7802622904355
NN3-083_JITTER82,1979-04-01,5094.239384810221
NN3-083_JITTER82,1979-05-01,4969.057303740484
NN3-083_JITTER82,1979-06-01,5270.490493828668
NN3-083_JITTER82,1979-07-01,5324.359100529634
NN3-083_JITTER82,1979-08-01,5361.852622060213
NN3-083_JITTER82,1979-09-01,5304.605836843984
NN3-083_JITTER82,1979-10-01,5295.975082762844
NN3-083_JITTER82,1979-11-01,5288.470354802949
NN3-083_JITTER82,1979-12-01,5588.750371600299
NN3-083_JITTER82,1980-01-01,5464.901469152467
NN3-083_JITTER82,1980-02-01,4918.957288969674
NN3-083_JITTER82,1980-03-01,5117.341257498588
NN3-083_JITTER82,1980-04-01,4902.843938588546
NN3-083_JITTER82,1980-05-01,4542.620889379692
NN3-083_JITTER82,1980-06-01,4593.3334989387395
NN3-083_JITTER82,1980-07-01,4045.650760666043
NN3-083_JITTER82,1980-08-01,4541.978427116911
NN3-083_JITTER82,1980-09-01,5008.9628600124815
NN3-083_JITTER82,1980-10-01,4827.88562428046
NN3-083_JITTER82,1980-11-01,4634.31941143589
NN3-083_JITTER82,1980-12-01,5199.577005952904
NN3-083_JITTER82,1981-01-01,5090.620975047714
NN3-083_JITTER82,1981-02-01,4403.824584550311
NN3-083_JITTER82,1981-03-01,4532.924669652196
NN3-083_JITTER82,1981-04-01,4396.107847040542
NN3-083_JITTER82,1981-05-01,4475.31532891618
NN3-083_JITTER82,1981-06-01,4618.371546721003
NN3-083_JITTER82,1981-07-01,4666.57978023878
NN3-083_JITTER82,1981-08-01,4243.196931103426
NN3-083_JITTER82,1981-09-01,3822.2245959444344
NN3-083_JITTER82,1981-10-01,3645.4987896459743
NN3-083_JITTER82,1981-11-01,3640.0219967974667
NN3-083_JITTER82,1981-12-01,3894.9063409832797
NN3-083_JITTER82,1982-01-01,4143.306126630066
NN3-083_JITTER82,1982-02-01,4484.539186999265
NN3-083_JITTER82,1982-03-01,4930.694368169014
NN3-083_JITTER82,1982-04-01,4275.359336800465
NN3-083_JITTER82,1982-05-01,4242.324250220315
NN3-083_JITTER82,1982-06-01,4481.080412606818
NN3-083_JITTER82,1982-07-01,3868.0357073753967
NN3-083_JITTER82,1982-08-01,3954.123603172058
NN3-083_JITTER82,1982-09-01,3570.1680732535424
NN3-083_JITTER82,1982-10-01,3786.724920696488
NN3-083_JITTER82,1982-11-01,3738.554915972372
NN3-083_JITTER82,1982-12-01,3617.558288816564
NN3-083_JITTER82,1983-01-01,3919.3302015933577
NN3-083_JITTER82,1983-02-01,4188.275202674977
NN3-083_JITTER82,1983-03-01,4222.809099448931
NN3-083_JITTER82,1983-04-01,3602.793219889235
NN3-083_JITTER82,1983-05-01,3749.980310429408
NN3-083_JITTER82,1983-06-01,4234.175136153854
NN3-083_JITTER82,1983-07-01,4129.879139504263
NN3-083_JITTER82,1983-08-01,4435.615586433962
NN3-083_JITTER82,1983-09-01,4490.586982911786
NN3-083_JITTER82,1983-10-01,4272.361666982044
NN3-083_JITTER82,1983-11-01,4280.09474547423
NN3-083_JITTER82,1983-12-01,3861.8910521700514
NN3-083_JITTER82,1984-01-01,4913.273832854316
NN3-083_JITTER82,1984-02-01,4587.248133567889
NN3-083_JITTER82,1984-03-01,4846.819767415518
NN3-083_JITTER82,1984-04-01,5156.5506724011375
NN3-083_JITTER82,1984-05-01,4289.655912232059
NN3-083_JITTER82,1984-06-01,4524.71158075387
NN3-083_JITTER82,1984-07-01,4401.894315770449
NN3-083_JITTER82,1984-08-01,4590.45458269237
NN3-083_JITTER82,1984-09-01,4384.509622825398
NN3-083_JITTER82,1984-10-01,4004.908130119677
NN3-083_JITTER82,1984-11-01,3926.552652581681
NN3-083_JITTER82,1984-12-01,4216.528547288905
NN3-083_JITTER82,1985-01-01,4180.8690893350295
NN3-083_JITTER82,1985-02-01,4551.068082770814
NN3-083_JITTER82,1985-03-01,5309.819111370878
NN3-083_JITTER82,1985-04-01,4764.998001680025
NN3-083_JITTER82,1985-05-01,4982.9498682254825
NN3-083_JITTER82,1985-06-01,4927.136931190603
NN3-083_JITTER82,1985-07-01,4771.270921723438
NN3-083_JITTER82,1985-08-01,4378.560741823361
NN3-083_JITTER82,1985-09-01,4824.601412154508
NN3-083_JITTER82,1985-10-01,4889.102837945052
NN3-083_JITTER82,1985-11-01,4122.032558932772
NN3-083_JITTER82,1985-12-01,4278.511560098415
NN3-083_JITTER82,1986-01-01,3740.448490995441
NN3-083_JITTER82,1986-02-01,3663.594842379203
NN3-083_JITTER82,1986-03-01,4040.9277719460006
NN3-083_JITTER82,1986-04-01,4286.255150409703
NN3-083_JITTER82,1986-05-01,4957.964051911366
NN3-083_JITTER82,1986-06-01,4486.590161567738
NN3-083_JITTER82,1986-07-01,4521.326675043283
NN3-083_JITTER82,1986-08-01,3871.6696612034275
NN3-083_JITTER82,1986-09-01,3795.1248982282555
NN3-083_JITTER82,1986-10-01,3622.820390111964
NN3-083_JITTER82,1986-11-01,3262.9234792235916
NN3-083_JITTER82,1986-12-01,3704.653508043894
NN3-083_JITTER82,1987-01-01,5304.02287400217
NN3-083_JITTER82,1987-02-01,5006.064347759231
NN3-083_JITTER82,1987-03-01,4980.540718985215
NN3-083_JITTER82,1987-04-01,5292.340547219097
NN3-083_JITTER82,1987-05-01,4922.976528079503
NN3-083_JITTER82,1987-06-01,5026.734900973087
NN3-083_JITTER82,1987-07-01,5056.051012288353
NN3-083_JITTER82,1987-08-01,4972.21970752567
NN3-083_JITTER82,1987-09-01,4886.130822795554
NN3-083_JITTER82,1987-10-01,4818.138670070857
NN3-083_JITTER82,1987-11-01,4745.100737676754
NN3-083_JITTER82,1987-12-01,4950.564444619139
NN3-083_JITTER82,1988-01-01,4518.810405249392
NN3-083_JITTER82,1988-02-01,4712.323782172544
NN3-083_JITTER82,1988-03-01,4825.531755247573
NN3-083_JITTER82,1988-04-01,4598.024299356967
NN3-083_JITTER82,1988-05-01,4335.613654573537
NN3-083_JITTER82,1988-06-01,4267.743616129849
NN3-084_JITTER83,1979-01-01,5356.210500577468
NN3-084_JITTER83,1979-02-01,5348.958565881887
NN3-084_JITTER83,1979-03-01,5537.983879474789
NN3-084_JITTER83,1979-04-01,5352.908960689191
NN3-084_JITTER83,1979-05-01,5283.641756939696
NN3-084_JITTER83,1979-06-01,5627.662419442755
NN3-084_JITTER83,1979-07-01,5494.665093667509
NN3-084_JITTER83,1979-08-01,5796.442034960731
NN3-084_JITTER83,1979-09-01,5348.71798735016
NN3-084_JITTER83,1979-10-01,5150.366073366225
NN3-084_JITTER83,1979-11-01,5019.545260123076
NN3-084_JITTER83,1979-12-01,4903.874746537696
NN3-084_JITTER83,1980-01-01,4642.580521462618
NN3-084_JITTER83,1980-02-01,4490.700005571336
NN3-084_JITTER83,1980-03-01,4315.303207532132
NN3-084_JITTER83,1980-04-01,4312.374189494424
NN3-084_JITTER83,1980-05-01,4660.272563077132
NN3-084_JITTER83,1980-06-01,5000.164233893659
NN3-084_JITTER83,1980-07-01,4978.956628613224
NN3-084_JITTER83,1980-08-01,5260.820605348761
NN3-084_JITTER83,1980-09-01,4633.9827990029735
NN3-084_JITTER83,1980-10-01,4539.01232646204
NN3-084_JITTER83,1980-11-01,4809.457476630974
NN3-084_JITTER83,1980-12-01,4797.980564401174
NN3-084_JITTER83,1981-01-01,4767.91318856383
NN3-084_JITTER83,1981-02-01,4749.028756379025
NN3-084_JITTER83,1981-03-01,4450.047474076569
NN3-084_JITTER83,1981-04-01,4337.2722483980815
NN3-084_JITTER83,1981-05-01,4243.242213573064
NN3-084_JITTER83,1981-06-01,4165.182287576341
NN3-084_JITTER83,1981-07-01,3841.2594770697874
NN3-084_JITTER83,1981-08-01,3804.1538937502605
NN3-084_JITTER83,1981-09-01,3882.452225331435
NN3-084_JITTER83,1981-10-01,3928.338406303414
NN3-084_JITTER83,1981-11-01,4075.0578154976465
NN3-084_JITTER83,1981-12-01,4264.153527690238
NN3-084_JITTER83,1982-01-01,4055.1127443887617
NN3-084_JITTER83,1982-02-01,3988.505640260411
NN3-084_JITTER83,1982-03-01,4055.162425249572
NN3-084_JITTER83,1982-04-01,3753.3632685244056
NN3-084_JITTER83,1982-05-01,3530.9355857973596
NN3-084_JITTER83,1982-06-01,3918.3276682078777
NN3-084_JITTER83,1982-07-01,3835.6760451537784
NN3-084_JITTER83,1982-08-01,3681.864677424862
NN3-084_JITTER83,1982-09-01,4009.030769562165
NN3-084_JITTER83,1982-10-01,3788.366789786111
NN3-084_JITTER83,1982-11-01,4114.85255696252
NN3-084_JITTER83,1982-12-01,4227.883192312538
NN3-084_JITTER83,1983-01-01,4368.462230047886
NN3-084_JITTER83,1983-02-01,3964.3130249620017
NN3-084_JITTER83,1983-03-01,4386.446693849755
NN3-084_JITTER83,1983-04-01,4323.002891677162
NN3-084_JITTER83,1983-05-01,4332.68882040692
NN3-084_JITTER83,1983-06-01,4335.575985510768
NN3-084_JITTER83,1983-07-01,4286.84795971534
NN3-084_JITTER83,1983-08-01,3972.0689341531265
NN3-084_JITTER83,1983-09-01,3921.5434694803703
NN3-084_JITTER83,1983-10-01,4411.974838996226
NN3-084_JITTER83,1983-11-01,4630.762791981816
NN3-084_JITTER83,1983-12-01,4971.949160987858
NN3-084_JITTER83,1984-01-01,4849.546943257321
NN3-084_JITTER83,1984-02-01,4800.31355883517
NN3-084_JITTER83,1984-03-01,4526.539975925122
NN3-084_JITTER83,1984-04-01,4468.668609925648
NN3-084_JITTER83,1984-05-01,4592.246532542935
NN3-084_JITTER83,1984-06-01,4369.536234356174
NN3-084_JITTER83,1984-07-01,4360.530525009647
NN3-084_JITTER83,1984-08-01,4626.872833964069
NN3-084_JITTER83,1984-09-01,4370.385976113961
NN3-084_JITTER83,1984-10-01,4345.964666911009
NN3-084_JITTER83,1984-11-01,4734.597629560788
NN3-084_JITTER83,1984-12-01,4828.0428951034
NN3-084_JITTER83,1985-01-01,4715.954784086012
NN3-084_JITTER83,1985-02-01,4603.2835289651675
NN3-084_JITTER83,1985-03-01,4667.02909216751
NN3-084_JITTER83,1985-04-01,4386.278046080167
NN3-084_JITTER83,1985-05-01,4324.929387188529
NN3-084_JITTER83,1985-06-01,4484.570922793731
NN3-084_JITTER83,1985-07-01,4072.3536488549767
NN3-084_JITTER83,1985-08-01,4461.415087980028
NN3-084_JITTER83,1985-09-01,4074.8885498712793
NN3-084_JITTER83,1985-10-01,3844.308150664143
NN3-084_JITTER83,1985-11-01,4557.434129063121
NN3-084_JITTER83,1985-12-01,4411.902704849686
NN3-084_JITTER83,1986-01-01,4479.415662441466
NN3-084_JITTER83,1986-02-01,4495.138864953477
NN3-084_JITTER83,1986-03-01,4486.320065811742
NN3-084_JITTER83,1986-04-01,4438.375674519472
NN3-084_JITTER83,1986-05-01,4365.049274568979
NN3-084_JITTER83,1986-06-01,4192.952836099803
NN3-084_JITTER83,1986-07-01,4154.915088475266
NN3-084_JITTER83,1986-08-01,4600.88252615754
NN3-084_JITTER83,1986-09-01,4576.926494588866
NN3-084_JITTER83,1986-10-01,4622.013053775357
NN3-084_JITTER83,1986-11-01,4732.358655350572
NN3-084_JITTER83,1986-12-01,4517.104501602192
NN3-084_JITTER83,1987-01-01,4654.343859966738
NN3-084_JITTER83,1987-02-01,4574.267634555528
NN3-084_JITTER83,1987-03-01,4855.593066411101
NN3-084_JITTER83,1987-04-01,5014.8613701292015
NN3-084_JITTER83,1987-05-01,4985.5654967440805
NN3-084_JITTER83,1987-06-01,5043.147283071453
NN3-084_JITTER83,1987-07-01,5117.12144656692
NN3-084_JITTER83,1987-08-01,5187.327865015051
NN3-084_JITTER83,1987-09-01,4270.49265813315
NN3-084_JITTER83,1987-10-01,4173.093257634799
NN3-084_JITTER83,1987-11-01,4583.759514697928
NN3-084_JITTER83,1987-12-01,4450.782280412653
NN3-084_JITTER83,1988-01-01,4236.219256527961
NN3-084_JITTER83,1988-02-01,4253.281503421483
NN3-085_JITTER84,1979-01-01,4684.851635608919
NN3-085_JITTER84,1979-02-01,3903.2451956111054
NN3-085_JITTER84,1979-03-01,4453.117628978688
NN3-085_JITTER84,1979-04-01,4711.452408628672
NN3-085_JITTER84,1979-05-01,4871.190600061446
NN3-085_JITTER84,1979-06-01,4865.36049229739
NN3-085_JITTER84,1979-07-01,4631.108575198555
NN3-085_JITTER84,1979-08-01,4735.296823926664
NN3-085_JITTER84,1979-09-01,4740.950905917558
NN3-085_JITTER84,1979-10-01,4945.55821069213
NN3-085_JITTER84,1979-11-01,5062.014829294625
NN3-085_JITTER84,1979-12-01,4498.21269139171
NN3-085_JITTER84,1980-01-01,5137.733259514447
NN3-085_JITTER84,1980-02-01,5060.271083843808
NN3-085_JITTER84,1980-03-01,4881.105590264245
NN3-085_JITTER84,1980-04-01,4697.299856619301
NN3-085_JITTER84,1980-05-01,4263.729408779538
NN3-085_JITTER84,1980-06-01,4339.737535608525
NN3-085_JITTER84,1980-07-01,3723.8671303865367
NN3-085_JITTER84,1980-08-01,4247.387257014472
NN3-085_JITTER84,1980-09-01,4684.198717552903
NN3-085_JITTER84,1980-10-01,4959.064418173324
NN3-085_JITTER84,1980-11-01,3917.356788017395
NN3-085_JITTER84,1980-12-01,4902.282123309705
NN3-085_JITTER84,1981-01-01,5047.070344829197
NN3-085_JITTER84,1981-02-01,4291.666213990805
NN3-085_JITTER84,1981-03-01,4630.346053527055
NN3-085_JITTER84,1981-04-01,4300.025470429765
NN3-085_JITTER84,1981-05-01,4139.941587436779
NN3-085_JITTER84,1981-06-01,4076.666407303776
NN3-085_JITTER84,1981-07-01,4178.89027446815
NN3-085_JITTER84,1981-08-01,3668.3429723120776
NN3-085_JITTER84,1981-09-01,4470.52774761359
NN3-085_JITTER84,1981-10-01,4137.530429959552
NN3-085_JITTER84,1981-11-01,4031.229335375736
NN3-085_JITTER84,1981-12-01,4619.983059576102
NN3-085_JITTER84,1982-01-01,3044.4894832148993
NN3-085_JITTER84,1982-02-01,3902.425685767014
NN3-085_JITTER84,1982-03-01,5214.6755359559465
NN3-085_JITTER84,1982-04-01,4448.358202880214
NN3-085_JITTER84,1982-05-01,2949.9783413714167
NN3-085_JITTER84,1982-06-01,2928.471519778704
NN3-085_JITTER84,1982-07-01,2445.334973208918
NN3-085_JITTER84,1982-08-01,2636.1837305094027
NN3-085_JITTER84,1982-09-01,2823.8925818529856
NN3-085_JITTER84,1982-10-01,2618.830437407663
NN3-085_JITTER84,1982-11-01,2657.670474557405
NN3-085_JITTER84,1982-12-01,2551.972954781903
NN3-085_JITTER84,1983-01-01,2762.617373925008
NN3-085_JITTER84,1983-02-01,2787.843096761723
NN3-085_JITTER84,1983-03-01,2974.607001698097
NN3-085_JITTER84,1983-04-01,3140.358009549447
NN3-085_JITTER84,1983-05-01,3728.2715651650283
NN3-085_JITTER84,1983-06-01,2994.4024747876724
NN3-085_JITTER84,1983-07-01,3013.53265757845
NN3-085_JITTER84,1983-08-01,3522.4831535261724
NN3-085_JITTER84,1983-09-01,3539.2961367850435
NN3-085_JITTER84,1983-10-01,3425.7866534031587
NN3-085_JITTER84,1983-11-01,3784.8018050957826
NN3-085_JITTER84,1983-12-01,3692.941048256936
NN3-085_JITTER84,1984-01-01,3334.708172264383
NN3-085_JITTER84,1984-02-01,3931.095886083824
NN3-085_JITTER84,1984-03-01,4709.371450257279
NN3-085_JITTER84,1984-04-01,4151.632750299207
NN3-085_JITTER84,1984-05-01,4732.737099778492
NN3-085_JITTER84,1984-06-01,4405.376214700579
NN3-085_JITTER84,1984-07-01,4505.169209707902
NN3-085_JITTER84,1984-08-01,3696.1865676775546
NN3-085_JITTER84,1984-09-01,3684.1572228888654
NN3-085_JITTER84,1984-10-01,4871.017038545311
NN3-085_JITTER84,1984-11-01,4540.843911284905
NN3-085_JITTER84,1984-12-01,3466.6255971678456
NN3-085_JITTER84,1985-01-01,4081.846690673708
NN3-085_JITTER84,1985-02-01,4137.58505991011
NN3-085_JITTER84,1985-03-01,4395.270558144524
NN3-085_JITTER84,1985-04-01,4171.692109187801
NN3-085_JITTER84,1985-05-01,4433.815333176609
NN3-085_JITTER84,1985-06-01,4221.930060945106
NN3-085_JITTER84,1985-07-01,4029.4362040997453
NN3-085_JITTER84,1985-08-01,4830.916343969407
NN3-085_JITTER84,1985-09-01,4204.5755223384895
NN3-085_JITTER84,1985-10-01,3718.251196401203
NN3-085_JITTER84,1985-11-01,3256.4845077863506
NN3-085_JITTER84,1985-12-01,4362.005261116714
NN3-085_JITTER84,1986-01-01,3615.9828178026314
NN3-085_JITTER84,1986-02-01,3426.8491074052076
NN3-085_JITTER84,1986-03-01,3757.2548350510388
NN3-085_JITTER84,1986-04-01,3547.800528857476
NN3-085_JITTER84,1986-05-01,4234.342676248659
NN3-085_JITTER84,1986-06-01,3828.428241227328
NN3-085_JITTER84,1986-07-01,3655.17017215217
NN3-085_JITTER84,1986-08-01,4453.899423837984
NN3-085_JITTER84,1986-09-01,4495.735203395481
NN3-085_JITTER84,1986-10-01,4929.317829771712
NN3-085_JITTER84,1986-11-01,4942.577036985797
NN3-085_JITTER84,1986-12-01,4986.646951004757
NN3-085_JITTER84,1987-01-01,4683.267377539061
NN3-085_JITTER84,1987-02-01,4645.94674729236
NN3-085_JITTER84,1987-03-01,4728.500333737703
NN3-085_JITTER84,1987-04-01,4589.731584807173
NN3-085_JITTER84,1987-05-01,4695.622700063169
NN3-085_JITTER84,1987-06-01,3977.144830056692
NN3-085_JITTER84,1987-07-01,4202.048269766299
NN3-085_JITTER84,1987-08-01,3834.0151289341666
NN3-085_JITTER84,1987-09-01,4821.881172144548
NN3-085_JITTER84,1987-10-01,4151.800989875053
NN3-085_JITTER84,1987-11-01,4152.185336474616
NN3-085_JITTER84,1987-12-01,4139.915917606807
NN3-085_JITTER84,1988-01-01,3854.5473919687147
NN3-085_JITTER84,1988-02-01,3805.174698575061
NN3-085_JITTER84,1988-03-01,4303.260110659358
NN3-085_JITTER84,1988-04-01,3833.330295407164
NN3-085_JITTER84,1988-05-01,3468.326148772059
NN3-085_JITTER84,1988-06-01,3274.047416742435
NN3-086_JITTER85,1979-01-01,4105.656536536385
NN3-086_JITTER85,1979-02-01,3927.750601430434
NN3-086_JITTER85,1979-03-01,4579.383518414342
NN3-086_JITTER85,1979-04-01,4767.264523933119
NN3-086_JITTER85,1979-05-01,4552.97169286
NN3-086_JITTER85,1979-06-01,4426.842411467063
NN3-086_JITTER85,1979-07-01,4478.862021213644
NN3-086_JITTER85,1979-08-01,4506.234022349967
NN3-086_JITTER85,1979-09-01,4244.907598779131
NN3-086_JITTER85,1979-10-01,4124.633747763949
NN3-086_JITTER85,1979-11-01,4515.918123084992
NN3-086_JITTER85,1979-12-01,4787.264484044416
NN3-086_JITTER85,1980-01-01,4483.5946827433045
NN3-086_JITTER85,1980-02-01,4692.990218527639
NN3-086_JITTER85,1980-03-01,4681.26429932742
NN3-086_JITTER85,1980-04-01,4596.170474897587
NN3-086_JITTER85,1980-05-01,4458.810575257376
NN3-086_JITTER85,1980-06-01,4228.531117270588
NN3-086_JITTER85,1980-07-01,3850.802705273268
NN3-086_JITTER85,1980-08-01,3677.883105673453
NN3-086_JITTER85,1980-09-01,4304.1122914304
NN3-086_JITTER85,1980-10-01,4264.829890727212
NN3-086_JITTER85,1980-11-01,4878.089742617199
NN3-086_JITTER85,1980-12-01,5041.0217728976295
NN3-086_JITTER85,1981-01-01,4490.290171871447
NN3-086_JITTER85,1981-02-01,4910.727528545469
NN3-086_JITTER85,1981-03-01,4555.057336006143
NN3-086_JITTER85,1981-04-01,4476.474634404513
NN3-086_JITTER85,1981-05-01,4343.239378415178
NN3-086_JITTER85,1981-06-01,4269.371363415806
NN3-086_JITTER85,1981-07-01,4512.133296557792
NN3-086_JITTER85,1981-08-01,4032.085206510876
NN3-086_JITTER85,1981-09-01,4422.966376978618
NN3-086_JITTER85,1981-10-01,4319.110225831838
NN3-086_JITTER85,1981-11-01,3864.5011880298475
NN3-086_JITTER85,1981-12-01,4169.825659975794
NN3-086_JITTER85,1982-01-01,3579.6383920753033
NN3-086_JITTER85,1982-02-01,3832.8545953604535
NN3-086_JITTER85,1982-03-01,3811.929533209381
NN3-086_JITTER85,1982-04-01,3691.915486789498
NN3-086_JITTER85,1982-05-01,3799.2163540551796
NN3-086_JITTER85,1982-06-01,3720.714419940113
NN3-086_JITTER85,1982-07-01,3716.910755996266
NN3-086_JITTER85,1982-08-01,3553.1777020494915
NN3-086_JITTER85,1982-09-01,3468.251229451255
NN3-086_JITTER85,1982-10-01,3923.8798094112462
NN3-086_JITTER85,1982-11-01,3498.8830063348587
NN3-086_JITTER85,1982-12-01,3755.202845241552
NN3-086_JITTER85,1983-01-01,4018.6760922642584
NN3-086_JITTER85,1983-02-01,4092.21262039824
NN3-086_JITTER85,1983-03-01,4126.65012254759
NN3-086_JITTER85,1983-04-01,4167.544706663753
NN3-086_JITTER85,1983-05-01,4139.62991599749
NN3-086_JITTER85,1983-06-01,4174.214818642767
NN3-086_JITTER85,1983-07-01,4350.261467808051
NN3-086_JITTER85,1983-08-01,4005.5029500612227
NN3-086_JITTER85,1983-09-01,4109.622088831123
NN3-086_JITTER85,1983-10-01,5003.806422577983
NN3-086_JITTER85,1983-11-01,4687.2612026058005
NN3-086_JITTER85,1983-12-01,4751.278373776082
NN3-086_JITTER85,1984-01-01,4952.60933314235
NN3-086_JITTER85,1984-02-01,4689.765980499114
NN3-086_JITTER85,1984-03-01,4800.641788371534
NN3-086_JITTER85,1984-04-01,4677.383974016454
NN3-086_JITTER85,1984-05-01,5538.036168702487
NN3-086_JITTER85,1984-06-01,5025.750581683163
NN3-086_JITTER85,1984-07-01,4749.075925596556
NN3-086_JITTER85,1984-08-01,4665.119435062513
NN3-086_JITTER85,1984-09-01,4500.324671916569
NN3-086_JITTER85,1984-10-01,4318.524188463218
NN3-086_JITTER85,1984-11-01,4066.307722351483
NN3-086_JITTER85,1984-12-01,4654.085422226335
NN3-086_JITTER85,1985-01-01,4508.131377542652
NN3-086_JITTER85,1985-02-01,4855.423102825903
NN3-086_JITTER85,1985-03-01,5154.937802721917
NN3-086_JITTER85,1985-04-01,5109.633233885426
NN3-086_JITTER85,1985-05-01,5472.554017935541
NN3-086_JITTER85,1985-06-01,5090.132010192003
NN3-086_JITTER85,1985-07-01,4827.5682662014715
NN3-086_JITTER85,1985-08-01,4566.9493055460225
NN3-086_JITTER85,1985-09-01,4472.489688667101
NN3-086_JITTER85,1985-10-01,5611.134408066481
NN3-086_JITTER85,1985-11-01,5427.879033326141
NN3-086_JITTER85,1985-12-01,5590.68276143855
NN3-086_JITTER85,1986-01-01,5691.943926094329
NN3-086_JITTER85,1986-02-01,5253.963050942934
NN3-086_JITTER85,1986-03-01,5459.673367485467
NN3-086_JITTER85,1986-04-01,5581.993637336023
NN3-086_JITTER85,1986-05-01,5403.842392686073
NN3-086_JITTER85,1986-06-01,5790.3349633508715
NN3-086_JITTER85,1986-07-01,5914.27114700313
NN3-086_JITTER85,1986-08-01,5510.087034701236
NN3-086_JITTER85,1986-09-01,5881.026096528505
NN3-086_JITTER85,1986-10-01,5567.993572262368
NN3-086_JITTER85,1986-11-01,5516.987844602891
NN3-086_JITTER85,1986-12-01,6669.665665905126
NN3-086_JITTER85,1987-01-01,5760.931558895922
NN3-086_JITTER85,1987-02-01,5626.299374258031
NN3-086_JITTER85,1987-03-01,5814.962641283987
NN3-086_JITTER85,1987-04-01,6136.223803208076
NN3-086_JITTER85,1987-05-01,6031.062807126766
NN3-086_JITTER85,1987-06-01,6340.122408451595
NN3-086_JITTER85,1987-07-01,6328.3236926670525
NN3-086_JITTER85,1987-08-01,6632.84889182825
NN3-086_JITTER85,1987-09-01,7036.263594967298
NN3-086_JITTER85,1987-10-01,6582.1077906852415
NN3-086_JITTER85,1987-11-01,6058.009361738875
NN3-086_JITTER85,1987-12-01,6609.735227638485
NN3-086_JITTER85,1988-01-01,7839.877685734834
NN3-086_JITTER85,1988-02-01,7463.665540777571
NN3-086_JITTER85,1988-03-01,7267.023789730917
NN3-086_JITTER85,1988-04-01,7479.822408654049
NN3-086_JITTER85,1988-05-01,8179.747637074732
NN3-086_JITTER85,1988-06-01,7957.314170114832
NN3-087_JITTER86,1982-01-01,3994.8685162282927
NN3-087_JITTER86,1982-02-01,4211.203663773325
NN3-087_JITTER86,1982-03-01,3669.583177771915
NN3-087_JITTER86,1982-04-01,3202.444992690421
NN3-087_JITTER86,1982-05-01,2996.413329261289
NN3-087_JITTER86,1982-06-01,2735.1025092719256
NN3-087_JITTER86,1982-07-01,2946.520076893526
NN3-087_JITTER86,1982-08-01,2835.7603513121567
NN3-087_JITTER86,1982-09-01,2310.911139517096
NN3-087_JITTER86,1982-10-01,2419.655283337636
NN3-087_JITTER86,1982-11-01,2348.705885353906
NN3-087_JITTER86,1982-12-01,4758.914942560806
NN3-087_JITTER86,1983-01-01,3957.176975939572
NN3-087_JITTER86,1983-02-01,3447.7769512278287
NN3-087_JITTER86,1983-03-01,3476.975318537766
NN3-087_JITTER86,1983-04-01,2918.98251565761
NN3-087_JITTER86,1983-05-01,2982.332086882616
NN3-087_JITTER86,1983-06-01,2750.9505407175416
NN3-087_JITTER86,1983-07-01,2986.718830651333
NN3-087_JITTER86,1983-08-01,2115.2620095620796
NN3-087_JITTER86,1983-09-01,2657.1402466847676
NN3-087_JITTER86,1983-10-01,2857.9552921567283
NN3-087_JITTER86,1983-11-01,3667.6856907238757
NN3-087_JITTER86,1983-12-01,4031.9284090701576
NN3-087_JITTER86,1984-01-01,3625.3424978150547
NN3-087_JITTER86,1984-02-01,2820.9807679972314
NN3-087_JITTER86,1984-03-01,4077.3118864054127
NN3-087_JITTER86,1984-04-01,4106.016280802389
NN3-087_JITTER86,1984-05-01,4796.050972651214
NN3-087_JITTER86,1984-06-01,4168.424912034031
NN3-087_JITTER86,1984-07-01,4071.34785266938
NN3-087_JITTER86,1984-08-01,3701.297986913771
NN3-087_JITTER86,1984-09-01,3800.840315496906
NN3-087_JITTER86,1984-10-01,5065.563856547025
NN3-087_JITTER86,1984-11-01,5099.828569726734
NN3-087_JITTER86,1984-12-01,7489.812776235336
NN3-087_JITTER86,1985-01-01,7397.882383806276
NN3-087_JITTER86,1985-02-01,6553.629453296607
NN3-087_JITTER86,1985-03-01,6468.958001065047
NN3-087_JITTER86,1985-04-01,6644.7626506197685
NN3-087_JITTER86,1985-05-01,5774.515516249013
NN3-087_JITTER86,1985-06-01,4983.179873056214
NN3-087_JITTER86,1985-07-01,4669.397060624098
NN3-087_JITTER86,1985-08-01,3061.696045562622
NN3-087_JITTER86,1985-09-01,2692.640918168957
NN3-087_JITTER86,1985-10-01,2376.2976686524853
NN3-087_JITTER86,1985-11-01,2440.4717159955176
NN3-087_JITTER86,1985-12-01,2222.2953514981955
NN3-087_JITTER86,1986-01-01,2071.4992572833103
NN3-087_JITTER86,1986-02-01,2039.1599299796508
NN3-087_JITTER86,1986-03-01,2406.0826731900183
NN3-087_JITTER86,1986-04-01,2233.8776078365004
NN3-087_JITTER86,1986-05-01,2177.247072953371
NN3-087_JITTER86,1986-06-01,2240.5882935362724
NN3-087_JITTER86,1986-07-01,2142.9137457689762
NN3-087_JITTER86,1986-08-01,1922.328277112969
NN3-087_JITTER86,1986-09-01,1843.1871415534076
NN3-087_JITTER86,1986-10-01,2560.1221378961154
NN3-087_JITTER86,1986-11-01,2319.644729348664
NN3-087_JITTER86,1986-12-01,2264.5717466941396
NN3-087_JITTER86,1987-01-01,2567.995097763531
NN3-087_JITTER86,1987-02-01,2583.5333271146537
NN3-087_JITTER86,1987-03-01,2005.920130041965
NN3-087_JITTER86,1987-04-01,2182.7238622526497
NN3-087_JITTER86,1987-05-01,2441.3772473653376
NN3-087_JITTER86,1987-06-01,2158.020233055729
NN3-087_JITTER86,1987-07-01,2401.7421468584794
NN3-087_JITTER86,1987-08-01,2194.759257672842
NN3-087_JITTER86,1987-09-01,1831.2481388333804
NN3-087_JITTER86,1987-10-01,1589.593508417746
NN3-087_JITTER86,1987-11-01,2199.43775095577
NN3-087_JITTER86,1987-12-01,2237.877545208038
NN3-087_JITTER86,1988-01-01,2385.150780656244
NN3-087_JITTER86,1988-02-01,2296.8499854040806
NN3-087_JITTER86,1988-03-01,1798.5236739057098
NN3-087_JITTER86,1988-04-01,2015.627394275294
NN3-087_JITTER86,1988-05-01,1610.5992112795968
NN3-087_JITTER86,1988-06-01,1531.605882784378
NN3-087_JITTER86,1988-07-01,1946.6790120832727
NN3-087_JITTER86,1988-08-01,1958.2129497938074
NN3-087_JITTER86,1988-09-01,1548.9296023790716
NN3-087_JITTER86,1988-10-01,1860.7224891927328
NN3-087_JITTER86,1988-11-01,1863.3547207686283
NN3-087_JITTER86,1988-12-01,1954.2459561306741
NN3-087_JITTER86,1989-01-01,2060.9713640302352
NN3-087_JITTER86,1989-02-01,2450.8360764763343
NN3-087_JITTER86,1989-03-01,2235.5335481533893
NN3-087_JITTER86,1989-04-01,2233.482539325274
NN3-087_JITTER86,1989-05-01,2399.5364773798688
NN3-087_JITTER86,1989-06-01,2099.711646603658
NN3-087_JITTER86,1989-07-01,2170.998195318498
NN3-087_JITTER86,1989-08-01,2043.1558833483693
NN3-087_JITTER86,1989-09-01,2065.9567176937526
NN3-087_JITTER86,1989-10-01,2244.4396129831143
NN3-087_JITTER86,1989-11-01,2580.1621312650323
NN3-087_JITTER86,1989-12-01,2756.3111905960964
NN3-087_JITTER86,1990-01-01,2550.3321043739397
NN3-087_JITTER86,1990-02-01,2019.398448450634
NN3-087_JITTER86,1990-03-01,2041.6124524962859
NN3-087_JITTER86,1990-04-01,2090.6037023440076
NN3-087_JITTER86,1990-05-01,2258.216963740092
NN3-087_JITTER86,1990-06-01,2073.433912720771
NN3-087_JITTER86,1990-07-01,2424.5155802282475
NN3-087_JITTER86,1990-08-01,1970.1481370014787
NN3-087_JITTER86,1990-09-01,1766.5053635132479
NN3-087_JITTER86,1990-10-01,1549.2231204177735
NN3-087_JITTER86,1990-11-01,1386.069296803164
NN3-087_JITTER86,1990-12-01,1789.1826969679887
NN3-087_JITTER86,1991-01-01,2181.4814544732276
NN3-088_JITTER87,1977-01-01,2995.522657900641
NN3-088_JITTER87,1977-02-01,3295.9929376227537
NN3-088_JITTER87,1977-03-01,4287.130809269106
NN3-088_JITTER87,1977-04-01,4216.096689667147
NN3-088_JITTER87,1977-05-01,4121.057625686397
NN3-088_JITTER87,1977-06-01,4150.375695516384
NN3-088_JITTER87,1977-07-01,3667.418274622729
NN3-088_JITTER87,1977-08-01,3806.463060934488
NN3-088_JITTER87,1977-09-01,3836.377195640973
NN3-088_JITTER87,1977-10-01,3981.9382988203256
NN3-088_JITTER87,1977-11-01,4184.63992068595
NN3-088_JITTER87,1977-12-01,3990.464870143254
NN3-088_JITTER87,1978-01-01,3766.408000286349
NN3-088_JITTER87,1978-02-01,3586.6353114321214
NN3-088_JITTER87,1978-03-01,4293.162290646205
NN3-088_JITTER87,1978-04-01,4324.453990274565
NN3-088_JITTER87,1978-05-01,4394.270138700627
NN3-088_JITTER87,1978-06-01,4373.674863981262
NN3-088_JITTER87,1978-07-01,4080.2367272690926
NN3-088_JITTER87,1978-08-01,3887.2989504016396
NN3-088_JITTER87,1978-09-01,4284.739877435271
NN3-088_JITTER87,1978-10-01,4327.978035112262
NN3-088_JITTER87,1978-11-01,3939.3793641761295
NN3-088_JITTER87,1978-12-01,4337.236761040991
NN3-088_JITTER87,1979-01-01,4622.33768384239
NN3-088_JITTER87,1979-02-01,4257.477235058397
NN3-088_JITTER87,1979-03-01,5224.008663709076
NN3-088_JITTER87,1979-04-01,4908.283210486253
NN3-088_JITTER87,1979-05-01,4864.528743522177
NN3-088_JITTER87,1979-06-01,4832.949796741479
NN3-088_JITTER87,1979-07-01,4612.327348393175
NN3-088_JITTER87,1979-08-01,4821.92946754308
NN3-088_JITTER87,1979-09-01,4778.453248881342
NN3-088_JITTER87,1979-10-01,4668.74975742564
NN3-088_JITTER87,1979-11-01,4349.729633952818
NN3-088_JITTER87,1979-12-01,4745.028749153242
NN3-088_JITTER87,1980-01-01,4552.117228573916
NN3-088_JITTER87,1980-02-01,4647.487033478278
NN3-088_JITTER87,1980-03-01,3815.6101716509024
NN3-088_JITTER87,1980-04-01,4384.700603276087
NN3-088_JITTER87,1980-05-01,3599.584492133486
NN3-088_JITTER87,1980-06-01,3226.5090024193273
NN3-088_JITTER87,1980-07-01,3917.9555833206873
NN3-088_JITTER87,1980-08-01,3605.5525624119387
NN3-088_JITTER87,1980-09-01,4157.354051687084
NN3-088_JITTER87,1980-10-01,4457.294396223366
NN3-088_JITTER87,1980-11-01,4220.055710844092
NN3-088_JITTER87,1980-12-01,4461.108695662277
NN3-088_JITTER87,1981-01-01,4038.790690157298
NN3-088_JITTER87,1981-02-01,4070.038704360302
NN3-088_JITTER87,1981-03-01,5275.68963321311
NN3-088_JITTER87,1981-04-01,4562.721553423005
NN3-088_JITTER87,1981-05-01,4416.982829831437
NN3-088_JITTER87,1981-06-01,4488.077471718764
NN3-088_JITTER87,1981-07-01,4263.199871241881
NN3-088_JITTER87,1981-08-01,4170.313853008964
NN3-088_JITTER87,1981-09-01,4500.7276564768645
NN3-088_JITTER87,1981-10-01,4481.1789509003065
NN3-088_JITTER87,1981-11-01,3955.6516847319185
NN3-088_JITTER87,1981-12-01,3686.087014704732
NN3-088_JITTER87,1982-01-01,3195.9032850645153
NN3-088_JITTER87,1982-02-01,3600.4075267092635
NN3-088_JITTER87,1982-03-01,3939.9997513563526
NN3-088_JITTER87,1982-04-01,3746.1963285264605
NN3-088_JITTER87,1982-05-01,3927.9027234584496
NN3-088_JITTER87,1982-06-01,3867.8280160646163
NN3-089_JITTER88,1981-01-01,1379.5141616792332
NN3-089_JITTER88,1981-02-01,1467.8829525064675
NN3-089_JITTER88,1981-03-01,1452.2044524590951
NN3-089_JITTER88,1981-04-01,1529.5504348258528
NN3-089_JITTER88,1981-05-01,1766.153769412938
NN3-089_JITTER88,1981-06-01,1886.5943772671494
NN3-089_JITTER88,1981-07-01,1905.964781407116
NN3-089_JITTER88,1981-08-01,2029.3792952785088
NN3-089_JITTER88,1981-09-01,1908.8737782699563
NN3-089_JITTER88,1981-10-01,1947.7035789331883
NN3-089_JITTER88,1981-11-01,2148.9096131616225
NN3-089_JITTER88,1981-12-01,1870.9155081837405
NN3-089_JITTER88,1982-01-01,1912.3465767281134
NN3-089_JITTER88,1982-02-01,1952.3307279777985
NN3-089_JITTER88,1982-03-01,2012.5375609182304
NN3-089_JITTER88,1982-04-01,2064.2862365456754
NN3-089_JITTER88,1982-05-01,2086.1342483875933
NN3-089_JITTER88,1982-06-01,2048.1324926221428
NN3-089_JITTER88,1982-07-01,1885.0660233538297
NN3-089_JITTER88,1982-08-01,2086.373029233642
NN3-089_JITTER88,1982-09-01,1874.269413024866
NN3-089_JITTER88,1982-10-01,1923.014162099978
NN3-089_JITTER88,1982-11-01,1948.4610162986467
NN3-089_JITTER88,1982-12-01,1773.8383263020553
NN3-089_JITTER88,1983-01-01,1856.8148882180997
NN3-089_JITTER88,1983-02-01,1909.4275094562536
NN3-089_JITTER88,1983-03-01,1924.8633901564021
NN3-089_JITTER88,1983-04-01,1972.8345390187933
NN3-089_JITTER88,1983-05-01,2065.898900616779
NN3-089_JITTER88,1983-06-01,2006.09321242582
NN3-089_JITTER88,1983-07-01,2099.10669635973
NN3-089_JITTER88,1983-08-01,2119.2663804341823
NN3-089_JITTER88,1983-09-01,1948.6062078111738
NN3-089_JITTER88,1983-10-01,1855.5833784592687
NN3-089_JITTER88,1983-11-01,1917.203621749456
NN3-089_JITTER88,1983-12-01,1692.1312933022348
NN3-089_JITTER88,1984-01-01,1509.913260727527
NN3-089_JITTER88,1984-02-01,1422.6346129351052
NN3-089_JITTER88,1984-03-01,1573.573136506065
NN3-089_JITTER88,1984-04-01,1581.8395166575442
NN3-089_JITTER88,1984-05-01,1462.774492036398
NN3-089_JITTER88,1984-06-01,1586.36649874027
NN3-089_JITTER88,1984-07-01,1519.2531155130907
NN3-089_JITTER88,1984-08-01,1573.1352805293054
NN3-089_JITTER88,1984-09-01,1595.8921297146258
NN3-089_JITTER88,1984-10-01,1642.2041551483035
NN3-089_JITTER88,1984-11-01,1618.3377530271157
NN3-089_JITTER88,1984-12-01,1730.1742846614868
NN3-089_JITTER88,1985-01-01,1674.3335894023767
NN3-089_JITTER88,1985-02-01,1715.3016372806824
NN3-089_JITTER88,1985-03-01,1898.0887085494578
NN3-089_JITTER88,1985-04-01,1641.8992821041074
NN3-089_JITTER88,1985-05-01,1754.411793774631
NN3-089_JITTER88,1985-06-01,1933.652648114197
NN3-089_JITTER88,1985-07-01,1863.224135155472
NN3-089_JITTER88,1985-08-01,1809.0634979945296
NN3-089_JITTER88,1985-09-01,1838.665550283138
NN3-089_JITTER88,1985-10-01,1747.6227757196862
NN3-089_JITTER88,1985-11-01,1908.0277928346086
NN3-089_JITTER88,1985-12-01,1632.3507653756847
NN3-089_JITTER88,1986-01-01,1641.215454611518
NN3-089_JITTER88,1986-02-01,1580.9514315176364
NN3-089_JITTER88,1986-03-01,1457.6131110644326
NN3-089_JITTER88,1986-04-01,1487.8963905412274
NN3-089_JITTER88,1986-05-01,1648.6551625574318
NN3-089_JITTER88,1986-06-01,1705.4964405245407
NN3-089_JITTER88,1986-07-01,1767.116944055385
NN3-089_JITTER88,1986-08-01,1944.1068008433915
NN3-089_JITTER88,1986-09-01,1855.6286387728323
NN3-089_JITTER88,1986-10-01,1759.8423415813388
NN3-089_JITTER88,1986-11-01,1734.808097864911
NN3-089_JITTER88,1986-12-01,1740.1434864018104
NN3-089_JITTER88,1987-01-01,1831.315108335163
NN3-089_JITTER88,1987-02-01,2003.0655112373713
NN3-089_JITTER88,1987-03-01,1983.541333654293
NN3-089_JITTER88,1987-04-01,1856.6353286923725
NN3-089_JITTER88,1987-05-01,1838.273385912086
NN3-089_JITTER88,1987-06-01,1769.1759287249265
NN3-089_JITTER88,1987-07-01,1738.2120120526965
NN3-089_JITTER88,1987-08-01,1779.827110275086
NN3-089_JITTER88,1987-09-01,1665.691523815662
NN3-089_JITTER88,1987-10-01,1595.866485896801
NN3-089_JITTER88,1987-11-01,1615.3643080831387
NN3-089_JITTER88,1987-12-01,1709.704355653872
NN3-089_JITTER88,1988-01-01,1638.3735716553645
NN3-089_JITTER88,1988-02-01,1626.7183510588584
NN3-089_JITTER88,1988-03-01,1717.632749370052
NN3-089_JITTER88,1988-04-01,1685.6088001718044
NN3-089_JITTER88,1988-05-01,1598.0397873232828
NN3-089_JITTER88,1988-06-01,1749.2278751580482
NN3-089_JITTER88,1988-07-01,1945.6383876848063
NN3-089_JITTER88,1988-08-01,1987.803131431366
NN3-089_JITTER88,1988-09-01,1969.1219538249834
NN3-089_JITTER88,1988-10-01,1621.2403105472536
NN3-089_JITTER88,1988-11-01,1694.9499564128967
NN3-089_JITTER88,1988-12-01,1706.969461385449
NN3-089_JITTER88,1989-01-01,1779.087482154889
NN3-089_JITTER88,1989-02-01,1769.2994999519294
NN3-089_JITTER88,1989-03-01,1776.6423223548763
NN3-089_JITTER88,1989-04-01,1903.0096865780301
NN3-089_JITTER88,1989-05-01,1606.545911074075
NN3-089_JITTER88,1989-06-01,1629.470628717811
NN3-089_JITTER88,1989-07-01,1910.527914742982
NN3-089_JITTER88,1989-08-01,1937.45554175827
NN3-089_JITTER88,1989-09-01,2062.437972972858
NN3-089_JITTER88,1989-10-01,1865.0958240003788
NN3-089_JITTER88,1989-11-01,1882.716279920579
NN3-089_JITTER88,1989-12-01,1921.4787245793725
NN3-089_JITTER88,1990-01-01,1932.9983928854604
NN3-089_JITTER88,1990-02-01,2137.3737560783907
NN3-089_JITTER88,1990-03-01,2016.424250110188
NN3-089_JITTER88,1990-04-01,1980.5457342595748
NN3-089_JITTER88,1990-05-01,1813.4439235797602
NN3-089_JITTER88,1990-06-01,2162.554507789257
NN3-090_JITTER89,1982-01-01,3685.5781285286453
NN3-090_JITTER89,1982-02-01,3675.711341728457
NN3-090_JITTER89,1982-03-01,4237.989227508002
NN3-090_JITTER89,1982-04-01,4416.8761834385605
NN3-090_JITTER89,1982-05-01,4173.671750879612
NN3-090_JITTER89,1982-06-01,3977.909864857865
NN3-090_JITTER89,1982-07-01,3970.647404400558
NN3-090_JITTER89,1982-08-01,4103.249551288189
NN3-090_JITTER89,1982-09-01,3963.9145263563805
NN3-090_JITTER89,1982-10-01,4051.5978437318595
NN3-090_JITTER89,1982-11-01,4084.9421637744167
NN3-090_JITTER89,1982-12-01,3707.249654675084
NN3-090_JITTER89,1983-01-01,4061.495318712474
NN3-090_JITTER89,1983-02-01,3943.105444387055
NN3-090_JITTER89,1983-03-01,4186.779947385046
NN3-090_JITTER89,1983-04-01,4002.6978196927275
NN3-090_JITTER89,1983-05-01,4079.8622537445326
NN3-090_JITTER89,1983-06-01,4136.272496005755
NN3-090_JITTER89,1983-07-01,4061.04666101802
NN3-090_JITTER89,1983-08-01,4009.933685957212
NN3-090_JITTER89,1983-09-01,4147.147346342153
NN3-090_JITTER89,1983-10-01,4322.66739206456
NN3-090_JITTER89,1983-11-01,4537.1769009063355
NN3-090_JITTER89,1983-12-01,3895.757685904945
NN3-090_JITTER89,1984-01-01,3558.0220040094696
NN3-090_JITTER89,1984-02-01,3920.4087707783515
NN3-090_JITTER89,1984-03-01,4066.4375749749393
NN3-090_JITTER89,1984-04-01,4093.8495005670693
NN3-090_JITTER89,1984-05-01,4105.816378226731
NN3-090_JITTER89,1984-06-01,4278.433852969452
NN3-090_JITTER89,1984-07-01,4324.321012481434
NN3-090_JITTER89,1984-08-01,4492.936396630875
NN3-090_JITTER89,1984-09-01,4495.802806964886
NN3-090_JITTER89,1984-10-01,4495.363896376622
NN3-090_JITTER89,1984-11-01,4510.603976164355
NN3-090_JITTER89,1984-12-01,4190.93551131796
NN3-090_JITTER89,1985-01-01,4114.442147494033
NN3-090_JITTER89,1985-02-01,4143.195586982214
NN3-090_JITTER89,1985-03-01,4391.532738004782
NN3-090_JITTER89,1985-04-01,4122.646805187387
NN3-090_JITTER89,1985-05-01,4227.20500232886
NN3-090_JITTER89,1985-06-01,4317.166466949579
NN3-090_JITTER89,1985-07-01,4285.120348347126
NN3-090_JITTER89,1985-08-01,4167.782852049695
NN3-090_JITTER89,1985-09-01,4213.696966182148
NN3-090_JITTER89,1985-10-01,4227.5673856898
NN3-090_JITTER89,1985-11-01,4358.604704893531
NN3-090_JITTER89,1985-12-01,4045.5652112590064
NN3-090_JITTER89,1986-01-01,4142.899526696134
NN3-090_JITTER89,1986-02-01,4405.604220130071
NN3-090_JITTER89,1986-03-01,4724.6569480194
NN3-090_JITTER89,1986-04-01,4560.709442226909
NN3-090_JITTER89,1986-05-01,4516.295268694499
NN3-090_JITTER89,1986-06-01,4636.317568277932
NN3-090_JITTER89,1986-07-01,4882.985727139519
NN3-090_JITTER89,1986-08-01,4801.193337124328
NN3-090_JITTER89,1986-09-01,4896.916687238271
NN3-090_JITTER89,1986-10-01,5075.970335958921
NN3-090_JITTER89,1986-11-01,5039.346589328295
NN3-090_JITTER89,1986-12-01,4966.282268378753
NN3-090_JITTER89,1987-01-01,4971.484681889199
NN3-090_JITTER89,1987-02-01,4806.601560718898
NN3-090_JITTER89,1987-03-01,4856.729896140251
NN3-090_JITTER89,1987-04-01,4696.556275369173
NN3-090_JITTER89,1987-05-01,4729.787350658234
NN3-090_JITTER89,1987-06-01,4533.778069822308
NN3-090_JITTER89,1987-07-01,4661.4164797131425
NN3-090_JITTER89,1987-08-01,4758.624273504421
NN3-090_JITTER89,1987-09-01,4997.312424301444
NN3-090_JITTER89,1987-10-01,4983.853995286253
NN3-090_JITTER89,1987-11-01,5109.225933921377
NN3-090_JITTER89,1987-12-01,5009.734558396387
NN3-090_JITTER89,1988-01-01,4516.226710741553
NN3-090_JITTER89,1988-02-01,4251.215587334921
NN3-090_JITTER89,1988-03-01,4632.493273141211
NN3-090_JITTER89,1988-04-01,4508.392066320473
NN3-090_JITTER89,1988-05-01,4614.610395526873
NN3-090_JITTER89,1988-06-01,4563.406394550143
NN3-090_JITTER89,1988-07-01,4686.451007972119
NN3-090_JITTER89,1988-08-01,4651.578725257524
NN3-090_JITTER89,1988-09-01,4653.62427938148
NN3-090_JITTER89,1988-10-01,4694.842053688359
NN3-090_JITTER89,1988-11-01,4611.744026857285
NN3-090_JITTER89,1988-12-01,4360.631181155188
NN3-090_JITTER89,1989-01-01,4448.800242813088
NN3-090_JITTER89,1989-02-01,4344.627503149128
NN3-090_JITTER89,1989-03-01,4307.136321225936
NN3-090_JITTER89,1989-04-01,4417.812362130841
NN3-090_JITTER89,1989-05-01,4497.782898921598
NN3-090_JITTER89,1989-06-01,4440.256167975053
NN3-090_JITTER89,1989-07-01,4719.962476844807
NN3-090_JITTER89,1989-08-01,4852.090468224604
NN3-090_JITTER89,1989-09-01,4800.610902497909
NN3-090_JITTER89,1989-10-01,5021.699507396827
NN3-090_JITTER89,1989-11-01,5134.48265029311
NN3-090_JITTER89,1989-12-01,4071.067977789607
NN3-090_JITTER89,1990-01-01,4338.210457021996
NN3-090_JITTER89,1990-02-01,4670.516277858796
NN3-090_JITTER89,1990-03-01,4920.405596489215
NN3-090_JITTER89,1990-04-01,4688.9607407129715
NN3-090_JITTER89,1990-05-01,4685.824990049392
NN3-090_JITTER89,1990-06-01,4717.548047575578
NN3-090_JITTER89,1990-07-01,5088.084751644937
NN3-090_JITTER89,1990-08-01,4823.58367410173
NN3-090_JITTER89,1990-09-01,4967.779423428772
NN3-090_JITTER89,1990-10-01,5086.444332004167
NN3-090_JITTER89,1990-11-01,5043.858457243801
NN3-090_JITTER89,1990-12-01,5151.2164496834575
NN3-090_JITTER89,1991-01-01,5029.824294674095
NN3-090_JITTER89,1991-02-01,4752.685531214863
NN3-090_JITTER89,1991-03-01,4431.56607240882
NN3-090_JITTER89,1991-04-01,4413.071402485507
NN3-090_JITTER89,1991-05-01,4692.899443994335
NN3-090_JITTER89,1991-06-01,4836.506636906724
NN3-091_JITTER90,1982-12-01,5051.840320551989
NN3-091_JITTER90,1983-01-01,5000.0911304266765
NN3-091_JITTER90,1983-02-01,5052.033720725081
NN3-091_JITTER90,1983-03-01,5083.233825049017
NN3-091_JITTER90,1983-04-01,5097.494287337573
NN3-091_JITTER90,1983-05-01,5096.858023294167
NN3-091_JITTER90,1983-06-01,5107.744843238325
NN3-091_JITTER90,1983-07-01,5136.570561013278
NN3-091_JITTER90,1983-08-01,5143.458252545551
NN3-091_JITTER90,1983-09-01,5186.0828117707415
NN3-091_JITTER90,1983-10-01,5260.248858481563
NN3-091_JITTER90,1983-11-01,5256.661072180058
NN3-091_JITTER90,1983-12-01,5175.219125861479
NN3-091_JITTER90,1984-01-01,5282.577449180641
NN3-091_JITTER90,1984-02-01,5299.160218190107
NN3-091_JITTER90,1984-03-01,5309.260938366335
NN3-091_JITTER90,1984-04-01,5317.51090794578
NN3-091_JITTER90,1984-05-01,5341.971364429843
NN3-091_JITTER90,1984-06-01,5328.141150682858
NN3-091_JITTER90,1984-07-01,5350.281569349639
NN3-091_JITTER90,1984-08-01,5282.010318624936
NN3-091_JITTER90,1984-09-01,5289.508546554988
NN3-091_JITTER90,1984-10-01,5251.036607825172
NN3-091_JITTER90,1984-11-01,5198.569132038063
NN3-091_JITTER90,1984-12-01,5201.14592553711
NN3-091_JITTER90,1985-01-01,5159.533269700573
NN3-091_JITTER90,1985-02-01,5096.437318835592
NN3-091_JITTER90,1985-03-01,5124.334407608161
NN3-091_JITTER90,1985-04-01,5143.270259908158
NN3-091_JITTER90,1985-05-01,5136.0316723192345
NN3-091_JITTER90,1985-06-01,5104.412475336778
NN3-091_JITTER90,1985-07-01,5106.58158319398
NN3-091_JITTER90,1985-08-01,5087.373222652788
NN3-091_JITTER90,1985-09-01,5084.81620812367
NN3-091_JITTER90,1985-10-01,5098.617808396892
NN3-091_JITTER90,1985-11-01,5109.139165004991
NN3-091_JITTER90,1985-12-01,5141.58964736043
NN3-091_JITTER90,1986-01-01,5111.046709980084
NN3-091_JITTER90,1986-02-01,5132.292608449269
NN3-091_JITTER90,1986-03-01,5135.530206372338
NN3-091_JITTER90,1986-04-01,5139.521872727938
NN3-091_JITTER90,1986-05-01,5132.7089585659
NN3-091_JITTER90,1986-06-01,5143.418497485564
NN3-091_JITTER90,1986-07-01,5059.064352329728
NN3-091_JITTER90,1986-08-01,5015.514606409786
NN3-091_JITTER90,1986-09-01,5073.999572390377
NN3-091_JITTER90,1986-10-01,5062.724539831372
NN3-091_JITTER90,1986-11-01,5041.149254573147
NN3-091_JITTER90,1986-12-01,5090.129437407189
NN3-091_JITTER90,1987-01-01,5071.802107577102
NN3-091_JITTER90,1987-02-01,5123.997074687844
NN3-091_JITTER90,1987-03-01,5159.159368191741
NN3-091_JITTER90,1987-04-01,5210.643996449549
NN3-091_JITTER90,1987-05-01,5282.108982974694
NN3-091_JITTER90,1987-06-01,5345.46069404525
NN3-091_JITTER90,1987-07-01,5319.485190561551
NN3-091_JITTER90,1987-08-01,5376.191422364105
NN3-091_JITTER90,1987-09-01,5430.560525440697
NN3-091_JITTER90,1987-10-01,5456.399096005011
NN3-091_JITTER90,1987-11-01,5463.114333728201
NN3-091_JITTER90,1987-12-01,5499.1768156460475
NN3-091_JITTER90,1988-01-01,5565.312301654711
NN3-091_JITTER90,1988-02-01,5574.74838223336
NN3-091_JITTER90,1988-03-01,5577.3129032780125
NN3-091_JITTER90,1988-04-01,5611.077421496573
NN3-091_JITTER90,1988-05-01,5646.6488803713355
NN3-091_JITTER90,1988-06-01,5672.903543164143
NN3-091_JITTER90,1988-07-01,5695.558064964157
NN3-091_JITTER90,1988-08-01,5651.919363440917
NN3-091_JITTER90,1988-09-01,5689.8526373059785
NN3-091_JITTER90,1988-10-01,5682.465206326987
NN3-091_JITTER90,1988-11-01,5724.645608793399
NN3-091_JITTER90,1988-12-01,5728.199754833429
NN3-091_JITTER90,1989-01-01,5608.564601772887
NN3-091_JITTER90,1989-02-01,5609.4303741672475
NN3-091_JITTER90,1989-03-01,5628.852223281815
NN3-091_JITTER90,1989-04-01,5581.981126357349
NN3-091_JITTER90,1989-05-01,5653.121369284341
NN3-091_JITTER90,1989-06-01,5741.509340683627
NN3-091_JITTER90,1989-07-01,5773.329237270661
NN3-091_JITTER90,1989-08-01,5761.519679064394
NN3-091_JITTER90,1989-09-01,5790.811576162803
NN3-091_JITTER90,1989-10-01,5777.728773207833
NN3-091_JITTER90,1989-11-01,5789.793637850015
NN3-091_JITTER90,1989-12-01,5766.457416719548
NN3-091_JITTER90,1990-01-01,5803.645141599772
NN3-091_JITTER90,1990-02-01,5771.733038223907
NN3-091_JITTER90,1990-03-01,5797.86170110423
NN3-091_JITTER90,1990-04-01,5775.939912172669
NN3-091_JITTER90,1990-05-01,5768.702093399066
NN3-091_JITTER90,1990-06-01,5775.607610285086
NN3-091_JITTER90,1990-07-01,5753.807360276164
NN3-091_JITTER90,1990-08-01,5775.058826461517
NN3-091_JITTER90,1990-09-01,5778.497570864319
NN3-091_JITTER90,1990-10-01,5787.768517450759
NN3-091_JITTER90,1990-11-01,5810.34093559768
NN3-091_JITTER90,1990-12-01,5771.582084027877
NN3-091_JITTER90,1991-01-01,5727.541699264338
NN3-091_JITTER90,1991-02-01,5736.578491134152
NN3-091_JITTER90,1991-03-01,5694.113778353742
NN3-091_JITTER90,1991-04-01,5709.417396759831
NN3-091_JITTER90,1991-05-01,5682.6028632778925
NN3-091_JITTER90,1991-06-01,5732.968416276679
NN3-091_JITTER90,1991-07-01,5818.880901537483
NN3-092_JITTER91,1983-01-01,2800.2301077419093
NN3-092_JITTER91,1983-02-01,2749.1627971490566
NN3-092_JITTER91,1983-03-01,2712.8770082805718
NN3-092_JITTER91,1983-04-01,2721.3536009976615
NN3-092_JITTER91,1983-05-01,2639.8250115167175
NN3-092_JITTER91,1983-06-01,2635.56660420208
NN3-092_JITTER91,1983-07-01,2631.933417949924
NN3-092_JITTER91,1983-08-01,2669.2238928849224
NN3-092_JITTER91,1983-09-01,2714.580583179593
NN3-092_JITTER91,1983-10-01,2737.5256285369223
NN3-092_JITTER91,1983-11-01,2782.9496991401065
NN3-092_JITTER91,1983-12-01,2758.232722030919
NN3-092_JITTER91,1984-01-01,2743.0735698257395
NN3-092_JITTER91,1984-02-01,2696.0305807879467
NN3-092_JITTER91,1984-03-01,2665.364271223498
NN3-092_JITTER91,1984-04-01,2625.920502267931
NN3-092_JITTER91,1984-05-01,2609.21187770676
NN3-092_JITTER91,1984-06-01,2566.68847166264
NN3-092_JITTER91,1984-07-01,2602.965170107748
NN3-092_JITTER91,1984-08-01,2650.2399499624626
NN3-092_JITTER91,1984-09-01,2726.9891384524635
NN3-092_JITTER91,1984-10-01,2785.1560456367893
NN3-092_JITTER91,1984-11-01,2853.705737058525
NN3-092_JITTER91,1984-12-01,2807.01659543882
NN3-092_JITTER91,1985-01-01,2775.165717549248
NN3-092_JITTER91,1985-02-01,2731.302015698628
NN3-092_JITTER91,1985-03-01,2635.328190929523
NN3-092_JITTER91,1985-04-01,2564.56466628497
NN3-092_JITTER91,1985-05-01,2521.361113972672
NN3-092_JITTER91,1985-06-01,2442.27091432763
NN3-092_JITTER91,1985-07-01,2420.764402386321
NN3-092_JITTER91,1985-08-01,2412.9148635566444
NN3-092_JITTER91,1985-09-01,2451.974738049366
NN3-092_JITTER91,1985-10-01,2524.484415180916
NN3-092_JITTER91,1985-11-01,2513.056401513744
NN3-092_JITTER91,1985-12-01,2518.29786477636
NN3-092_JITTER91,1986-01-01,2509.9486263734902
NN3-092_JITTER91,1986-02-01,2479.2119023564182
NN3-092_JITTER91,1986-03-01,2444.9996238501662
NN3-092_JITTER91,1986-04-01,2426.075099566108
NN3-092_JITTER91,1986-05-01,2413.546452496595
NN3-092_JITTER91,1986-06-01,2386.5720547794003
NN3-092_JITTER91,1986-07-01,2401.3097225916767
NN3-092_JITTER91,1986-08-01,2470.319706495492
NN3-092_JITTER91,1986-09-01,2568.5484173004843
NN3-092_JITTER91,1986-10-01,2632.0746239785985
NN3-092_JITTER91,1986-11-01,2687.302221911218
NN3-092_JITTER91,1986-12-01,2677.2577063217723
NN3-092_JITTER91,1987-01-01,2635.5083800721227
NN3-092_JITTER91,1987-02-01,2572.5906794471216
NN3-092_JITTER91,1987-03-01,2488.192496040771
NN3-092_JITTER91,1987-04-01,2428.989952960261
NN3-092_JITTER91,1987-05-01,2373.3632175122902
NN3-092_JITTER91,1987-06-01,2366.2590917889465
NN3-092_JITTER91,1987-07-01,2383.3845167160143
NN3-092_JITTER91,1987-08-01,2429.655177440618
NN3-092_JITTER91,1987-09-01,2532.3488574512808
NN3-092_JITTER91,1987-10-01,2564.219368921294
NN3-092_JITTER91,1987-11-01,2591.0680065726974
NN3-092_JITTER91,1987-12-01,2539.466049680012
NN3-092_JITTER91,1988-01-01,2503.5759577049876
NN3-092_JITTER91,1988-02-01,2448.9031433059054
NN3-092_JITTER91,1988-03-01,2377.8384353139286
NN3-092_JITTER91,1988-04-01,2328.6101119099594
NN3-092_JITTER91,1988-05-01,2308.7421470479694
NN3-092_JITTER91,1988-06-01,2281.006127304663
NN3-092_JITTER91,1988-07-01,2290.0509957457275
NN3-092_JITTER91,1988-08-01,2366.9481440508885
NN3-092_JITTER91,1988-09-01,2460.327459381046
NN3-092_JITTER91,1988-10-01,2587.617339769923
NN3-092_JITTER91,1988-11-01,2675.0847695679213
NN3-092_JITTER91,1988-12-01,2692.468087378605
NN3-092_JITTER91,1989-01-01,2683.4660358913866
NN3-092_JITTER91,1989-02-01,2613.410789785502
NN3-092_JITTER91,1989-03-01,2543.6383299637373
NN3-092_JITTER91,1989-04-01,2481.0497344258324
NN3-092_JITTER91,1989-05-01,2455.053414466124
NN3-092_JITTER91,1989-06-01,2502.5789886015696
NN3-092_JITTER91,1989-07-01,2517.0690171919914
NN3-092_JITTER91,1989-08-01,2628.5673883134477
NN3-092_JITTER91,1989-09-01,2809.4660779444503
NN3-092_JITTER91,1989-10-01,2977.669541081617
NN3-092_JITTER91,1989-11-01,3115.679783546238
NN3-092_JITTER91,1989-12-01,3214.668473860439
NN3-092_JITTER91,1990-01-01,3079.323160998417
NN3-092_JITTER91,1990-02-01,2894.628681095578
NN3-092_JITTER91,1990-03-01,2793.3208624884983
NN3-092_JITTER91,1990-04-01,2684.908655410461
NN3-092_JITTER91,1990-05-01,2690.7895316305276
NN3-092_JITTER91,1990-06-01,2770.1535362806317
NN3-092_JITTER91,1990-07-01,2786.4465940334403
NN3-092_JITTER91,1990-08-01,2833.0326585079006
NN3-092_JITTER91,1990-09-01,2774.9795363115513
NN3-092_JITTER91,1990-10-01,2617.531989250445
NN3-092_JITTER91,1990-11-01,2537.677908562804
NN3-092_JITTER91,1990-12-01,2317.7941264543806
NN3-092_JITTER91,1991-01-01,2337.664669695242
NN3-092_JITTER91,1991-02-01,2340.4421631144523
NN3-092_JITTER91,1991-03-01,2274.770307953779
NN3-092_JITTER91,1991-04-01,2258.263629755117
NN3-092_JITTER91,1991-05-01,2239.495921746364
NN3-092_JITTER91,1991-06-01,2269.7874174958374
NN3-092_JITTER91,1991-07-01,2341.3492273533407
NN3-093_JITTER92,1978-01-01,4648.257216815409
NN3-093_JITTER92,1978-02-01,-638.3450089004648
NN3-093_JITTER92,1978-03-01,493.80183160017805
NN3-093_JITTER92,1978-04-01,5692.214469539099
NN3-093_JITTER92,1978-05-01,7255.557850724455
NN3-093_JITTER92,1978-06-01,9539.640137712118
NN3-093_JITTER92,1978-07-01,11272.089112219317
NN3-093_JITTER92,1978-08-01,10791.765955756995
NN3-093_JITTER92,1978-09-01,9516.090107539865
NN3-093_JITTER92,1978-10-01,7625.114373308501
NN3-093_JITTER92,1978-11-01,1980.4216467972378
NN3-093_JITTER92,1978-12-01,314.5677014496408
NN3-093_JITTER92,1979-01-01,1875.5096784826558
NN3-093_JITTER92,1979-02-01,-921.2955761109902
NN3-093_JITTER92,1979-03-01,-490.0664671518431
NN3-093_JITTER92,1979-04-01,474.56095287276185
NN3-093_JITTER92,1979-05-01,1689.1631521610086
NN3-093_JITTER92,1979-06-01,3555.086732212927
NN3-093_JITTER92,1979-07-01,4982.648445857274
NN3-093_JITTER92,1979-08-01,4457.830949905742
NN3-093_JITTER92,1979-09-01,4671.186634484041
NN3-093_JITTER92,1979-10-01,19516.613463626414
NN3-093_JITTER92,1979-11-01,17533.754850932048
NN3-093_JITTER92,1979-12-01,9694.266010320554
NN3-093_JITTER92,1980-01-01,7669.9225499447
NN3-093_JITTER92,1980-02-01,8705.89837403602
NN3-093_JITTER92,1980-03-01,9087.386306706936
NN3-093_JITTER92,1980-04-01,14542.30049839397
NN3-093_JITTER92,1980-05-01,10820.653880043881
NN3-093_JITTER92,1980-06-01,11863.111680300635
NN3-093_JITTER92,1980-07-01,7647.282213299089
NN3-093_JITTER92,1980-08-01,20532.89162949361
NN3-093_JITTER92,1980-09-01,15062.179402161657
NN3-093_JITTER92,1980-10-01,12275.689858028389
NN3-093_JITTER92,1980-11-01,15528.04097177019
NN3-093_JITTER92,1980-12-01,20171.301131383323
NN3-093_JITTER92,1981-01-01,15315.32811623423
NN3-093_JITTER92,1981-02-01,24882.19682872266
NN3-093_JITTER92,1981-03-01,10662.655328765637
NN3-093_JITTER92,1981-04-01,8004.3832044980645
NN3-093_JITTER92,1981-05-01,7798.485089148803
NN3-093_JITTER92,1981-06-01,3554.616323471241
NN3-093_JITTER92,1981-07-01,14189.21666863564
NN3-093_JITTER92,1981-08-01,26892.621752049225
NN3-093_JITTER92,1981-09-01,25647.796636586452
NN3-093_JITTER92,1981-10-01,36079.750066321794
NN3-093_JITTER92,1981-11-01,19688.38856769409
NN3-093_JITTER92,1981-12-01,17238.27598678446
NN3-093_JITTER92,1982-01-01,18681.078432277547
NN3-093_JITTER92,1982-02-01,17640.666524570235
NN3-093_JITTER92,1982-03-01,14130.539770981897
NN3-093_JITTER92,1982-04-01,8599.465951501566
NN3-093_JITTER92,1982-05-01,17005.82014649769
NN3-093_JITTER92,1982-06-01,13444.927507676999
NN3-093_JITTER92,1982-07-01,10028.227159935146
NN3-093_JITTER92,1982-08-01,18736.460644135535
NN3-093_JITTER92,1982-09-01,12231.050907235789
NN3-093_JITTER92,1982-10-01,3789.3269693999414
NN3-093_JITTER92,1982-11-01,6712.596637690613
NN3-093_JITTER92,1982-12-01,2821.193124891879
NN3-093_JITTER92,1983-01-01,17403.889993774173
NN3-093_JITTER92,1983-02-01,3171.867810336559
NN3-093_JITTER92,1983-03-01,8846.991319848665
NN3-093_JITTER92,1983-04-01,-137.5418395941888
NN3-093_JITTER92,1983-05-01,5340.645830821803
NN3-093_JITTER92,1983-06-01,4921.324965698024
NN3-093_JITTER92,1983-07-01,3475.320524658458
NN3-093_JITTER92,1983-08-01,13277.486900194375
NN3-093_JITTER92,1983-09-01,30947.222700655664
NN3-093_JITTER92,1983-10-01,17631.413892036664
NN3-093_JITTER92,1983-11-01,19003.104812358815
NN3-093_JITTER92,1983-12-01,35699.24984133815
NN3-093_JITTER92,1984-01-01,17018.14235960723
NN3-093_JITTER92,1984-02-01,13911.95619555121
NN3-093_JITTER92,1984-03-01,24202.645847592208
NN3-093_JITTER92,1984-04-01,13992.621935313522
NN3-093_JITTER92,1984-05-01,9478.970013907347
NN3-093_JITTER92,1984-06-01,11241.543289527175
NN3-093_JITTER92,1984-07-01,4003.1724140352167
NN3-093_JITTER92,1984-08-01,12950.254630379197
NN3-093_JITTER92,1984-09-01,38158.233194764995
NN3-093_JITTER92,1984-10-01,19176.90354957717
NN3-093_JITTER92,1984-11-01,21119.23935147829
NN3-093_JITTER92,1984-12-01,25503.27447883055
NN3-093_JITTER92,1985-01-01,15548.195244774377
NN3-093_JITTER92,1985-02-01,9865.283272645947
NN3-093_JITTER92,1985-03-01,2640.7855126289974
NN3-093_JITTER92,1985-04-01,474.49342188869036
NN3-093_JITTER92,1985-05-01,7261.100647610327
NN3-093_JITTER92,1985-06-01,3685.79235309285
NN3-093_JITTER92,1985-07-01,7672.233389447671
NN3-093_JITTER92,1985-08-01,11024.467607671735
NN3-093_JITTER92,1985-09-01,1977.4998081481458
NN3-093_JITTER92,1985-10-01,6083.489677217528
NN3-093_JITTER92,1985-11-01,8209.121504077017
NN3-093_JITTER92,1985-12-01,422.8297514972037
NN3-093_JITTER92,1986-01-01,3971.9166360656973
NN3-093_JITTER92,1986-02-01,-151.63613573258266
NN3-093_JITTER92,1986-03-01,120.58789775378017
NN3-093_JITTER92,1986-04-01,1850.5303234587152
NN3-093_JITTER92,1986-05-01,64.19132558673334
NN3-093_JITTER92,1986-06-01,1417.8693091949995
NN3-093_JITTER92,1986-07-01,3050.268714130299
NN3-093_JITTER92,1986-08-01,27630.576842199636
NN3-093_JITTER92,1986-09-01,27629.53134823942
NN3-093_JITTER92,1986-10-01,36711.67591029086
NN3-093_JITTER92,1986-11-01,31996.289644675395
NN3-093_JITTER92,1986-12-01,31925.194276597365
NN3-093_JITTER92,1987-01-01,3521.7353173420556
NN3-093_JITTER92,1987-02-01,35740.37426504198
NN3-093_JITTER92,1987-03-01,39902.21454819592
NN3-093_JITTER92,1987-04-01,37085.38248990151
NN3-093_JITTER92,1987-05-01,23542.267349384187
NN3-093_JITTER92,1987-06-01,814.7871058197202
NN3-094_JITTER93,1983-01-01,4942.541684442663
NN3-094_JITTER93,1983-02-01,5631.409411384801
NN3-094_JITTER93,1983-03-01,5899.859313700106
NN3-094_JITTER93,1983-04-01,6404.096374165644
NN3-094_JITTER93,1983-05-01,6362.0566513645035
NN3-094_JITTER93,1983-06-01,6631.466872482252
NN3-094_JITTER93,1983-07-01,6622.0535629163805
NN3-094_JITTER93,1983-08-01,7109.6103557304095
NN3-094_JITTER93,1983-09-01,7087.366447591463
NN3-094_JITTER93,1983-10-01,6926.149048370764
NN3-094_JITTER93,1983-11-01,7110.659586737698
NN3-094_JITTER93,1983-12-01,6511.073882764299
NN3-094_JITTER93,1984-01-01,6604.839591522682
NN3-094_JITTER93,1984-02-01,6368.4448536486925
NN3-094_JITTER93,1984-03-01,7055.573385671357
NN3-094_JITTER93,1984-04-01,7281.587540259697
NN3-094_JITTER93,1984-05-01,7030.475642851466
NN3-094_JITTER93,1984-06-01,7277.4806152523615
NN3-094_JITTER93,1984-07-01,7000.562583022429
NN3-094_JITTER93,1984-08-01,6459.674764049606
NN3-094_JITTER93,1984-09-01,6060.972721074314
NN3-094_JITTER93,1984-10-01,5665.414222658991
NN3-094_JITTER93,1984-11-01,5498.693162311449
NN3-094_JITTER93,1984-12-01,5551.039577088352
NN3-094_JITTER93,1985-01-01,5657.706581292303
NN3-094_JITTER93,1985-02-01,5529.511539077213
NN3-094_JITTER93,1985-03-01,5575.400677670739
NN3-094_JITTER93,1985-04-01,5813.27016398018
NN3-094_JITTER93,1985-05-01,5667.255424642908
NN3-094_JITTER93,1985-06-01,5684.528166192203
NN3-094_JITTER93,1985-07-01,5426.759796594733
NN3-094_JITTER93,1985-08-01,4970.158068809108
NN3-094_JITTER93,1985-09-01,4767.312494152864
NN3-094_JITTER93,1985-10-01,4485.451195828348
NN3-094_JITTER93,1985-11-01,4906.952825578875
NN3-094_JITTER93,1985-12-01,4914.814836025543
NN3-094_JITTER93,1986-01-01,4923.1514227832595
NN3-094_JITTER93,1986-02-01,4828.885561461417
NN3-094_JITTER93,1986-03-01,4909.5706166467335
NN3-094_JITTER93,1986-04-01,4893.7526227163635
NN3-094_JITTER93,1986-05-01,5158.538360200165
NN3-094_JITTER93,1986-06-01,5194.967447203229
NN3-094_JITTER93,1986-07-01,4068.5432851125483
NN3-094_JITTER93,1986-08-01,3475.415584351746
NN3-094_JITTER93,1986-09-01,3064.18205944903
NN3-094_JITTER93,1986-10-01,2880.6636473294693
NN3-094_JITTER93,1986-11-01,3315.6639585148296
NN3-094_JITTER93,1986-12-01,3354.6159665679384
NN3-094_JITTER93,1987-01-01,2946.3006156765746
NN3-094_JITTER93,1987-02-01,3187.322008696768
NN3-094_JITTER93,1987-03-01,3124.8500882046087
NN3-094_JITTER93,1987-04-01,3470.490132412881
NN3-094_JITTER93,1987-05-01,3780.795808327162
NN3-094_JITTER93,1987-06-01,3793.3702952559925
NN3-094_JITTER93,1987-07-01,3305.050281563478
NN3-094_JITTER93,1987-08-01,2969.3069068679924
NN3-094_JITTER93,1987-09-01,3322.5391969393863
NN3-094_JITTER93,1987-10-01,3541.009541481776
NN3-094_JITTER93,1987-11-01,3702.163067672542
NN3-094_JITTER93,1987-12-01,3895.1972630938185
NN3-094_JITTER93,1988-01-01,3817.8203308330526
NN3-094_JITTER93,1988-02-01,3979.4115274023675
NN3-094_JITTER93,1988-03-01,3859.541917504785
NN3-094_JITTER93,1988-04-01,3990.005323071956
NN3-094_JITTER93,1988-05-01,4024.913494711535
NN3-094_JITTER93,1988-06-01,5131.978041892826
NN3-094_JITTER93,1988-07-01,5765.7742450744145
NN3-094_JITTER93,1988-08-01,5808.241618693057
NN3-094_JITTER93,1988-09-01,5718.747215678474
NN3-094_JITTER93,1988-10-01,5740.637539821138
NN3-094_JITTER93,1988-11-01,5180.34732098112
NN3-094_JITTER93,1988-12-01,5424.058592341651
NN3-094_JITTER93,1989-01-01,5572.2874591183045
NN3-094_JITTER93,1989-02-01,5496.149916183477
NN3-094_JITTER93,1989-03-01,5655.531298892946
NN3-094_JITTER93,1989-04-01,5339.729520563525
NN3-094_JITTER93,1989-05-01,5591.515715507206
NN3-094_JITTER93,1989-06-01,5157.615653823044
NN3-094_JITTER93,1989-07-01,5008.837442261516
NN3-094_JITTER93,1989-08-01,4791.156966368136
NN3-094_JITTER93,1989-09-01,4640.067561079888
NN3-094_JITTER93,1989-10-01,4544.293508057726
NN3-094_JITTER93,1989-11-01,4736.885587877257
NN3-094_JITTER93,1989-12-01,4693.000542682871
NN3-094_JITTER93,1990-01-01,4720.9531219819355
NN3-094_JITTER93,1990-02-01,4775.669543197696
NN3-094_JITTER93,1990-03-01,4979.538387552389
NN3-094_JITTER93,1990-04-01,5408.06847267301
NN3-094_JITTER93,1990-05-01,5683.94612823192
NN3-094_JITTER93,1990-06-01,5748.722841516912
NN3-094_JITTER93,1990-07-01,5654.040413356714
NN3-094_JITTER93,1990-08-01,4933.334126565526
NN3-094_JITTER93,1990-09-01,4731.935016675776
NN3-094_JITTER93,1990-10-01,4637.35152037397
NN3-094_JITTER93,1990-11-01,4464.475178862919
NN3-094_JITTER93,1990-12-01,4699.448370732391
NN3-094_JITTER93,1991-01-01,4703.528680344524
NN3-094_JITTER93,1991-02-01,4830.425201506542
NN3-094_JITTER93,1991-03-01,5160.0350334374825
NN3-094_JITTER93,1991-04-01,5067.776664443707
NN3-094_JITTER93,1991-05-01,4857.904882454373
NN3-094_JITTER93,1991-06-01,4705.741379372156
NN3-094_JITTER93,1991-07-01,4426.346255089377
NN3-094_JITTER93,1991-08-01,4992.845556015874
NN3-095_JITTER94,1978-01-01,1811.021541804229
NN3-095_JITTER94,1978-02-01,3753.0562752246733
NN3-095_JITTER94,1978-03-01,2637.5704981723497
NN3-095_JITTER94,1978-04-01,3120.508408056594
NN3-095_JITTER94,1978-05-01,3321.109722785344
NN3-095_JITTER94,1978-06-01,6408.24507298739
NN3-095_JITTER94,1978-07-01,3239.772996801569
NN3-095_JITTER94,1978-08-01,2857.52424510193
NN3-095_JITTER94,1978-09-01,4962.945752559976
NN3-095_JITTER94,1978-10-01,4229.29360122515
NN3-095_JITTER94,1978-11-01,3364.89972021428
NN3-095_JITTER94,1978-12-01,5447.15016264101
NN3-095_JITTER94,1979-01-01,3252.7707075120456
NN3-095_JITTER94,1979-02-01,3804.7809069544564
NN3-095_JITTER94,1979-03-01,4278.012323495927
NN3-095_JITTER94,1979-04-01,4447.403520378901
NN3-095_JITTER94,1979-05-01,4859.216479326948
NN3-095_JITTER94,1979-06-01,3012.0977792650515
NN3-095_JITTER94,1979-07-01,3959.5778460465076
NN3-095_JITTER94,1979-08-01,2688.5879793896634
NN3-095_JITTER94,1979-09-01,2871.473698562235
NN3-095_JITTER94,1979-10-01,3822.445176801723
NN3-095_JITTER94,1979-11-01,2862.777551811825
NN3-095_JITTER94,1979-12-01,4958.775341346189
NN3-095_JITTER94,1980-01-01,5164.301151222793
NN3-095_JITTER94,1980-02-01,5125.667560356153
NN3-095_JITTER94,1980-03-01,5298.219300168736
NN3-095_JITTER94,1980-04-01,4681.139991254883
NN3-095_JITTER94,1980-05-01,5433.699681687231
NN3-095_JITTER94,1980-06-01,4881.521828417072
NN3-095_JITTER94,1980-07-01,5857.1514126327875
NN3-095_JITTER94,1980-08-01,3747.345840996632
NN3-095_JITTER94,1980-09-01,5211.268980597899
NN3-095_JITTER94,1980-10-01,3765.9541548047755
NN3-095_JITTER94,1980-11-01,4451.450859922792
NN3-095_JITTER94,1980-12-01,6615.676280705771
NN3-095_JITTER94,1981-01-01,4761.010162249752
NN3-095_JITTER94,1981-02-01,5592.401039119047
NN3-095_JITTER94,1981-03-01,7351.209508900579
NN3-095_JITTER94,1981-04-01,6319.360424455226
NN3-095_JITTER94,1981-05-01,7213.144875416956
NN3-095_JITTER94,1981-06-01,4343.745848585063
NN3-095_JITTER94,1981-07-01,3263.6576791400894
NN3-095_JITTER94,1981-08-01,4119.688852005999
NN3-095_JITTER94,1981-09-01,4308.720843180419
NN3-095_JITTER94,1981-10-01,4875.945498872025
NN3-095_JITTER94,1981-11-01,5150.357518652556
NN3-095_JITTER94,1981-12-01,4122.076275941893
NN3-095_JITTER94,1982-01-01,4240.3246611783925
NN3-095_JITTER94,1982-02-01,4668.055745855669
NN3-095_JITTER94,1982-03-01,3680.153416616945
NN3-095_JITTER94,1982-04-01,4366.351963247113
NN3-095_JITTER94,1982-05-01,5902.232855669476
NN3-095_JITTER94,1982-06-01,4896.30289478195
NN3-095_JITTER94,1982-07-01,3365.0443894560412
NN3-095_JITTER94,1982-08-01,7422.755130189888
NN3-095_JITTER94,1982-09-01,2905.231439296426
NN3-095_JITTER94,1982-10-01,3932.975500910046
NN3-095_JITTER94,1982-11-01,1792.7396916694734
NN3-095_JITTER94,1982-12-01,2821.1649011328177
NN3-095_JITTER94,1983-01-01,2186.266487913088
NN3-095_JITTER94,1983-02-01,2762.145646713479
NN3-095_JITTER94,1983-03-01,4432.88000651756
NN3-095_JITTER94,1983-04-01,4095.8105176894715
NN3-095_JITTER94,1983-05-01,4101.020543194976
NN3-095_JITTER94,1983-06-01,5069.911930017138
NN3-095_JITTER94,1983-07-01,3268.4856184312107
NN3-095_JITTER94,1983-08-01,4457.8074898343375
NN3-095_JITTER94,1983-09-01,5736.7160303533365
NN3-095_JITTER94,1983-10-01,4142.854484448945
NN3-095_JITTER94,1983-11-01,3515.384385097528
NN3-095_JITTER94,1983-12-01,3190.0490468660164
NN3-095_JITTER94,1984-01-01,2835.622191291538
NN3-095_JITTER94,1984-02-01,2004.8395423028728
NN3-095_JITTER94,1984-03-01,4296.243034506147
NN3-095_JITTER94,1984-04-01,3855.145633755991
NN3-095_JITTER94,1984-05-01,3812.478154658661
NN3-095_JITTER94,1984-06-01,3952.0343546095955
NN3-095_JITTER94,1984-07-01,2778.7602377943617
NN3-095_JITTER94,1984-08-01,3441.7267319940574
NN3-095_JITTER94,1984-09-01,5292.72962472873
NN3-095_JITTER94,1984-10-01,3070.788542502486
NN3-095_JITTER94,1984-11-01,3186.798315437829
NN3-095_JITTER94,1984-12-01,2863.7622017343047
NN3-095_JITTER94,1985-01-01,2161.8491318813003
NN3-095_JITTER94,1985-02-01,2548.942078031401
NN3-095_JITTER94,1985-03-01,3751.3511994098476
NN3-095_JITTER94,1985-04-01,2884.8829322051997
NN3-095_JITTER94,1985-05-01,3220.7132017592558
NN3-095_JITTER94,1985-06-01,2593.7187581904886
NN3-095_JITTER94,1985-07-01,2980.623926680381
NN3-095_JITTER94,1985-08-01,3591.0023884901434
NN3-095_JITTER94,1985-09-01,4349.115457685936
NN3-095_JITTER94,1985-10-01,3795.488025826429
NN3-095_JITTER94,1985-11-01,2669.443355701507
NN3-095_JITTER94,1985-12-01,2499.184801810146
NN3-095_JITTER94,1986-01-01,2453.0397149109253
NN3-095_JITTER94,1986-02-01,1416.9755534298345
NN3-095_JITTER94,1986-03-01,2200.463973582451
NN3-095_JITTER94,1986-04-01,1874.5115708431724
NN3-095_JITTER94,1986-05-01,1914.8281153389403
NN3-095_JITTER94,1986-06-01,4121.558263350709
NN3-095_JITTER94,1986-07-01,5543.343361798231
NN3-095_JITTER94,1986-08-01,7075.769541766439
NN3-095_JITTER94,1986-09-01,7562.794392187804
NN3-095_JITTER94,1986-10-01,5184.961507534794
NN3-095_JITTER94,1986-11-01,4049.3159334815596
NN3-095_JITTER94,1986-12-01,2982.6711793400045
NN3-095_JITTER94,1987-01-01,3192.203255356322
NN3-095_JITTER94,1987-02-01,3759.385276664956
NN3-095_JITTER94,1987-03-01,3338.637867623761
NN3-095_JITTER94,1987-04-01,3682.7301498955285
NN3-095_JITTER94,1987-05-01,4948.363619349161
NN3-095_JITTER94,1987-06-01,2371.98423573355
NN3-096_JITTER95,1978-01-01,1605.269214834553
NN3-096_JITTER95,1978-02-01,3708.4528742626153
NN3-096_JITTER95,1978-03-01,4061.2304654562004
NN3-096_JITTER95,1978-04-01,5776.281972072837
NN3-096_JITTER95,1978-05-01,5314.434767166403
NN3-096_JITTER95,1978-06-01,6019.370783148197
NN3-096_JITTER95,1978-07-01,3840.130206061046
NN3-096_JITTER95,1978-08-01,4974.27669153076
NN3-096_JITTER95,1978-09-01,4639.588578359486
NN3-096_JITTER95,1978-10-01,3444.0841926649664
NN3-096_JITTER95,1978-11-01,976.1363688800179
NN3-096_JITTER95,1978-12-01,1047.5470895583246
NN3-096_JITTER95,1979-01-01,824.3904761465501
NN3-096_JITTER95,1979-02-01,2613.9104734822886
NN3-096_JITTER95,1979-03-01,2817.9701958229075
NN3-096_JITTER95,1979-04-01,1591.5615041834212
NN3-096_JITTER95,1979-05-01,6105.836761374534
NN3-096_JITTER95,1979-06-01,3834.9111451910094
NN3-096_JITTER95,1979-07-01,3755.1125452195693
NN3-096_JITTER95,1979-08-01,5511.748956112496
NN3-096_JITTER95,1979-09-01,5220.836474755012
NN3-096_JITTER95,1979-10-01,2939.3229836602827
NN3-096_JITTER95,1979-11-01,1811.0665114410872
NN3-096_JITTER95,1979-12-01,4493.313037118403
NN3-096_JITTER95,1980-01-01,2445.509348210555
NN3-096_JITTER95,1980-02-01,2982.784141041159
NN3-096_JITTER95,1980-03-01,6055.129101736992
NN3-096_JITTER95,1980-04-01,2070.8027689167466
NN3-096_JITTER95,1980-05-01,1849.9227396470787
NN3-096_JITTER95,1980-06-01,3654.343585724977
NN3-096_JITTER95,1980-07-01,1932.6691734269987
NN3-096_JITTER95,1980-08-01,4638.205287742405
NN3-096_JITTER95,1980-09-01,3165.4702654913885
NN3-096_JITTER95,1980-10-01,2356.411311056614
NN3-096_JITTER95,1980-11-01,1062.621433297119
NN3-096_JITTER95,1980-12-01,1456.0402441390736
NN3-096_JITTER95,1981-01-01,2129.9414196045886
NN3-096_JITTER95,1981-02-01,4546.625653754887
NN3-096_JITTER95,1981-03-01,5136.020614109475
NN3-096_JITTER95,1981-04-01,6591.166802341243
NN3-096_JITTER95,1981-05-01,3830.9458524589254
NN3-096_JITTER95,1981-06-01,5274.424903879162
NN3-096_JITTER95,1981-07-01,2445.349405669831
NN3-096_JITTER95,1981-08-01,3192.6321237340194
NN3-096_JITTER95,1981-09-01,1740.2782685978818
NN3-096_JITTER95,1981-10-01,734.7420484216317
NN3-096_JITTER95,1981-11-01,156.48164011519194
NN3-096_JITTER95,1981-12-01,421.1177549149549
NN3-096_JITTER95,1982-01-01,1603.7739328419837
NN3-096_JITTER95,1982-02-01,4786.827596878936
NN3-096_JITTER95,1982-03-01,5076.461512717607
NN3-096_JITTER95,1982-04-01,6653.872742745886
NN3-096_JITTER95,1982-05-01,4140.3556358996875
NN3-096_JITTER95,1982-06-01,2131.9281095579117
NN3-096_JITTER95,1982-07-01,775.0420013188808
NN3-096_JITTER95,1982-08-01,2799.0071707786988
NN3-096_JITTER95,1982-09-01,1660.104149300426
NN3-096_JITTER95,1982-10-01,1085.9860024706675
NN3-096_JITTER95,1982-11-01,1756.880854723067
NN3-096_JITTER95,1982-12-01,332.5425243341604
NN3-096_JITTER95,1983-01-01,3524.2901124517794
NN3-096_JITTER95,1983-02-01,8348.14117807935
NN3-096_JITTER95,1983-03-01,5915.466815748992
NN3-096_JITTER95,1983-04-01,9690.37637066492
NN3-096_JITTER95,1983-05-01,7316.637317665038
NN3-096_JITTER95,1983-06-01,9667.469679696236
NN3-096_JITTER95,1983-07-01,7575.594029462497
NN3-096_JITTER95,1983-08-01,7030.360259703352
NN3-096_JITTER95,1983-09-01,8220.98157781004
NN3-096_JITTER95,1983-10-01,7727.976770785959
NN3-096_JITTER95,1983-11-01,2699.553688131722
NN3-096_JITTER95,1983-12-01,1020.5863368285849
NN3-096_JITTER95,1984-01-01,1800.5454609888548
NN3-096_JITTER95,1984-02-01,2055.7176975435814
NN3-096_JITTER95,1984-03-01,6436.943510779995
NN3-096_JITTER95,1984-04-01,6486.639340287089
NN3-096_JITTER95,1984-05-01,7155.693376552662
NN3-096_JITTER95,1984-06-01,5647.8065628790555
NN3-096_JITTER95,1984-07-01,4019.0147411217745
NN3-096_JITTER95,1984-08-01,752.5393206420547
NN3-096_JITTER95,1984-09-01,947.0100550602716
NN3-096_JITTER95,1984-10-01,2454.9008850948776
NN3-096_JITTER95,1984-11-01,261.8565132255568
NN3-096_JITTER95,1984-12-01,725.1069421964223
NN3-096_JITTER95,1985-01-01,266.0127711844606
NN3-096_JITTER95,1985-02-01,5565.777245690713
NN3-096_JITTER95,1985-03-01,4244.1572511815275
NN3-096_JITTER95,1985-04-01,6026.054844127818
NN3-096_JITTER95,1985-05-01,3566.259430093765
NN3-096_JITTER95,1985-06-01,1407.830993271071
NN3-096_JITTER95,1985-07-01,1599.8818385821621
NN3-096_JITTER95,1985-08-01,618.402652215048
NN3-096_JITTER95,1985-09-01,299.2548505252822
NN3-096_JITTER95,1985-10-01,374.92797230574945
NN3-096_JITTER95,1985-11-01,2378.7910564326044
NN3-096_JITTER95,1985-12-01,5721.227787208723
NN3-096_JITTER95,1986-01-01,3176.3274647187964
NN3-096_JITTER95,1986-02-01,5202.733691404286
NN3-096_JITTER95,1986-03-01,4816.737121435347
NN3-096_JITTER95,1986-04-01,5915.62415751835
NN3-096_JITTER95,1986-05-01,1921.9470625766082
NN3-096_JITTER95,1986-06-01,4414.836947579398
NN3-096_JITTER95,1986-07-01,4697.504670232546
NN3-096_JITTER95,1986-08-01,6116.247151285265
NN3-096_JITTER95,1986-09-01,4327.747166108393
NN3-096_JITTER95,1986-10-01,5851.122683053441
NN3-096_JITTER95,1986-11-01,2214.3144308575697
NN3-096_JITTER95,1986-12-01,5045.132242947618
NN3-096_JITTER95,1987-01-01,6462.043643962485
NN3-096_JITTER95,1987-02-01,3499.256118939046
NN3-096_JITTER95,1987-03-01,5495.98936515578
NN3-096_JITTER95,1987-04-01,6499.918553151461
NN3-096_JITTER95,1987-05-01,6428.770455039668
NN3-096_JITTER95,1987-06-01,4868.797908891898
NN3-097_JITTER96,1978-01-01,4031.1437632223656
NN3-097_JITTER96,1978-02-01,5726.162340301091
NN3-097_JITTER96,1978-03-01,8415.545888896755
NN3-097_JITTER96,1978-04-01,6982.113573782271
NN3-097_JITTER96,1978-05-01,7871.613831123129
NN3-097_JITTER96,1978-06-01,3810.0750953787942
NN3-097_JITTER96,1978-07-01,6065.213836309341
NN3-097_JITTER96,1978-08-01,6224.84876039404
NN3-097_JITTER96,1978-09-01,4285.521528939487
NN3-097_JITTER96,1978-10-01,5765.158916381656
NN3-097_JITTER96,1978-11-01,4107.728039914325
NN3-097_JITTER96,1978-12-01,5606.667448531504
NN3-097_JITTER96,1979-01-01,6717.932652516623
NN3-097_JITTER96,1979-02-01,4765.682172051943
NN3-097_JITTER96,1979-03-01,6995.582981326295
NN3-097_JITTER96,1979-04-01,6351.764325415379
NN3-097_JITTER96,1979-05-01,6191.962157707683
NN3-097_JITTER96,1979-06-01,6420.303423055859
NN3-097_JITTER96,1979-07-01,6077.08149974966
NN3-097_JITTER96,1979-08-01,6820.317269406252
NN3-097_JITTER96,1979-09-01,7192.37399306074
NN3-097_JITTER96,1979-10-01,7783.7141987029045
NN3-097_JITTER96,1979-11-01,6988.54621243252
NN3-097_JITTER96,1979-12-01,7016.1450338421455
NN3-097_JITTER96,1980-01-01,8491.328660016563
NN3-097_JITTER96,1980-02-01,8009.487261931993
NN3-097_JITTER96,1980-03-01,7968.797077359339
NN3-097_JITTER96,1980-04-01,8360.190123946024
NN3-097_JITTER96,1980-05-01,7209.691876872218
NN3-097_JITTER96,1980-06-01,7469.460837002589
NN3-097_JITTER96,1980-07-01,6400.117361633044
NN3-097_JITTER96,1980-08-01,5451.4326457768075
NN3-097_JITTER96,1980-09-01,5366.766518171156
NN3-097_JITTER96,1980-10-01,6524.323333713703
NN3-097_JITTER96,1980-11-01,5517.261354753566
NN3-097_JITTER96,1980-12-01,7205.463616149682
NN3-097_JITTER96,1981-01-01,5819.04847226953
NN3-097_JITTER96,1981-02-01,8402.522249640278
NN3-097_JITTER96,1981-03-01,6602.302597067991
NN3-097_JITTER96,1981-04-01,8682.520802464802
NN3-097_JITTER96,1981-05-01,8696.365958346298
NN3-097_JITTER96,1981-06-01,8055.410312310175
NN3-097_JITTER96,1981-07-01,6530.287303205966
NN3-097_JITTER96,1981-08-01,8659.601729989683
NN3-097_JITTER96,1981-09-01,6085.136739560364
NN3-097_JITTER96,1981-10-01,7117.177038024701
NN3-097_JITTER96,1981-11-01,6063.248916998353
NN3-097_JITTER96,1981-12-01,5468.590152045663
NN3-097_JITTER96,1982-01-01,6752.268776696301
NN3-097_JITTER96,1982-02-01,6978.904439663916
NN3-097_JITTER96,1982-03-01,6248.807482269819
NN3-097_JITTER96,1982-04-01,5995.691237281517
NN3-097_JITTER96,1982-05-01,7590.5252965996415
NN3-097_JITTER96,1982-06-01,6466.289935593397
NN3-097_JITTER96,1982-07-01,6462.92898210608
NN3-097_JITTER96,1982-08-01,7025.537060803912
NN3-097_JITTER96,1982-09-01,7948.4264159584245
NN3-097_JITTER96,1982-10-01,7329.584313564281
NN3-097_JITTER96,1982-11-01,8222.75486907147
NN3-097_JITTER96,1982-12-01,5643.714977264418
NN3-097_JITTER96,1983-01-01,6155.780941211475
NN3-097_JITTER96,1983-02-01,6796.826437066009
NN3-097_JITTER96,1983-03-01,6504.855789232561
NN3-097_JITTER96,1983-04-01,7212.431545528925
NN3-097_JITTER96,1983-05-01,7198.9897410203
NN3-097_JITTER96,1983-06-01,4975.844608692661
NN3-097_JITTER96,1983-07-01,5581.497037462118
NN3-097_JITTER96,1983-08-01,5307.902468512406
NN3-097_JITTER96,1983-09-01,6635.148806439139
NN3-097_JITTER96,1983-10-01,7563.961316612926
NN3-097_JITTER96,1983-11-01,6154.820059387477
NN3-097_JITTER96,1983-12-01,7147.210021236356
NN3-097_JITTER96,1984-01-01,7015.3982652505765
NN3-097_JITTER96,1984-02-01,7231.967446852415
NN3-097_JITTER96,1984-03-01,9245.390510421743
NN3-097_JITTER96,1984-04-01,8076.984390880282
NN3-097_JITTER96,1984-05-01,7842.3599560487755
NN3-097_JITTER96,1984-06-01,5822.489021494678
NN3-097_JITTER96,1984-07-01,10101.205837656571
NN3-097_JITTER96,1984-08-01,5545.951376213905
NN3-097_JITTER96,1984-09-01,6434.3120641058385
NN3-097_JITTER96,1984-10-01,9604.968702762806
NN3-097_JITTER96,1984-11-01,5659.409424909813
NN3-097_JITTER96,1984-12-01,5760.799740608098
NN3-097_JITTER96,1985-01-01,7351.095277593367
NN3-097_JITTER96,1985-02-01,6280.0355747942585
NN3-097_JITTER96,1985-03-01,7003.800997914978
NN3-097_JITTER96,1985-04-01,6046.462447329715
NN3-097_JITTER96,1985-05-01,6980.213787131722
NN3-097_JITTER96,1985-06-01,6756.718928186996
NN3-097_JITTER96,1985-07-01,6972.061211762129
NN3-097_JITTER96,1985-08-01,5786.172299545721
NN3-097_JITTER96,1985-09-01,6666.372318463314
NN3-097_JITTER96,1985-10-01,6787.551205081142
NN3-097_JITTER96,1985-11-01,6069.379185110466
NN3-097_JITTER96,1985-12-01,6231.645673655418
NN3-097_JITTER96,1986-01-01,7677.504530265718
NN3-097_JITTER96,1986-02-01,6079.657759934992
NN3-097_JITTER96,1986-03-01,9784.896714719225
NN3-097_JITTER96,1986-04-01,8594.2314624025
NN3-097_JITTER96,1986-05-01,7196.500262236879
NN3-097_JITTER96,1986-06-01,6811.341559303212
NN3-097_JITTER96,1986-07-01,8978.18181051772
NN3-097_JITTER96,1986-08-01,6629.496760451397
NN3-097_JITTER96,1986-09-01,8159.6028966388085
NN3-097_JITTER96,1986-10-01,6711.4110032108265
NN3-097_JITTER96,1986-11-01,6805.445585485775
NN3-097_JITTER96,1986-12-01,6384.263366258156
NN3-097_JITTER96,1987-01-01,6962.910841142918
NN3-097_JITTER96,1987-02-01,6568.382863128687
NN3-097_JITTER96,1987-03-01,8975.794981798264
NN3-097_JITTER96,1987-04-01,6695.290687941501
NN3-097_JITTER96,1987-05-01,7659.50937525152
NN3-097_JITTER96,1987-06-01,5611.945312160981
NN3-098_JITTER97,1978-01-01,3570.8334063506136
NN3-098_JITTER97,1978-02-01,3663.6683638906743
NN3-098_JITTER97,1978-03-01,3742.3173493822783
NN3-098_JITTER97,1978-04-01,3902.8790582327847
NN3-098_JITTER97,1978-05-01,4301.586463659137
NN3-098_JITTER97,1978-06-01,4176.619499965097
NN3-098_JITTER97,1978-07-01,4836.622307147606
NN3-098_JITTER97,1978-08-01,3783.2887945024404
NN3-098_JITTER97,1978-09-01,3591.2253558333077
NN3-098_JITTER97,1978-10-01,4282.04576557689
NN3-098_JITTER97,1978-11-01,3002.836673228909
NN3-098_JITTER97,1978-12-01,2960.873459200956
NN3-098_JITTER97,1979-01-01,5718.359813730249
NN3-098_JITTER97,1979-02-01,4199.887647356963
NN3-098_JITTER97,1979-03-01,3988.285035503122
NN3-098_JITTER97,1979-04-01,4012.134236079813
NN3-098_JITTER97,1979-05-01,4756.170648553485
NN3-098_JITTER97,1979-06-01,3591.013148377655
NN3-098_JITTER97,1979-07-01,3852.3749412498078
NN3-098_JITTER97,1979-08-01,4584.085867287927
NN3-098_JITTER97,1979-09-01,4473.138407492228
NN3-098_JITTER97,1979-10-01,5289.819480151674
NN3-098_JITTER97,1979-11-01,3517.0518054357635
NN3-098_JITTER97,1979-12-01,3229.4313557763444
NN3-098_JITTER97,1980-01-01,4018.861685174778
NN3-098_JITTER97,1980-02-01,4712.342587505962
NN3-098_JITTER97,1980-03-01,5211.629813028686
NN3-098_JITTER97,1980-04-01,4913.638415594602
NN3-098_JITTER97,1980-05-01,3646.6923123808324
NN3-098_JITTER97,1980-06-01,5598.014939524548
NN3-098_JITTER97,1980-07-01,3441.1422332560687
NN3-098_JITTER97,1980-08-01,3359.3613893457014
NN3-098_JITTER97,1980-09-01,3698.87918982685
NN3-098_JITTER97,1980-10-01,4443.182355299028
NN3-098_JITTER97,1980-11-01,3505.7147668599027
NN3-098_JITTER97,1980-12-01,2990.442945531811
NN3-098_JITTER97,1981-01-01,4668.706475774863
NN3-098_JITTER97,1981-02-01,6035.249133102985
NN3-098_JITTER97,1981-03-01,4303.936906364525
NN3-098_JITTER97,1981-04-01,3293.9089918813083
NN3-098_JITTER97,1981-05-01,3878.785480034894
NN3-098_JITTER97,1981-06-01,3121.701813310621
NN3-098_JITTER97,1981-07-01,3147.14539864587
NN3-098_JITTER97,1981-08-01,4336.625153990753
NN3-098_JITTER97,1981-09-01,4393.25146513123
NN3-098_JITTER97,1981-10-01,3893.318669468139
NN3-098_JITTER97,1981-11-01,3114.4782340710717
NN3-098_JITTER97,1981-12-01,1714.52057107311
NN3-098_JITTER97,1982-01-01,4403.124145242597
NN3-098_JITTER97,1982-02-01,2344.712104055272
NN3-098_JITTER97,1982-03-01,2729.3107272273005
NN3-098_JITTER97,1982-04-01,3031.5549902108523
NN3-098_JITTER97,1982-05-01,3472.1520064471533
NN3-098_JITTER97,1982-06-01,3383.889782262439
NN3-098_JITTER97,1982-07-01,2475.441141960425
NN3-098_JITTER97,1982-08-01,5717.096330603701
NN3-098_JITTER97,1982-09-01,3473.31112258255
NN3-098_JITTER97,1982-10-01,3860.0733844879082
NN3-098_JITTER97,1982-11-01,4006.2332996973228
NN3-098_JITTER97,1982-12-01,1690.4904459495528
NN3-098_JITTER97,1983-01-01,3339.9530235042002
NN3-098_JITTER97,1983-02-01,2585.035998903333
NN3-098_JITTER97,1983-03-01,3221.9041300681088
NN3-098_JITTER97,1983-04-01,4088.565628766747
NN3-098_JITTER97,1983-05-01,3374.1488967345413
NN3-098_JITTER97,1983-06-01,3067.457883335902
NN3-098_JITTER97,1983-07-01,3931.385494512189
NN3-098_JITTER97,1983-08-01,3662.972022971384
NN3-098_JITTER97,1983-09-01,2878.9904638536764
NN3-098_JITTER97,1983-10-01,4883.274664694586
NN3-098_JITTER97,1983-11-01,5145.782708440389
NN3-098_JITTER97,1983-12-01,3063.0028357432034
NN3-098_JITTER97,1984-01-01,4171.092256251735
NN3-098_JITTER97,1984-02-01,5863.743477386541
NN3-098_JITTER97,1984-03-01,5416.104261530554
NN3-098_JITTER97,1984-04-01,3728.793663629353
NN3-098_JITTER97,1984-05-01,3575.0552946688854
NN3-098_JITTER97,1984-06-01,3134.2282055055994
NN3-098_JITTER97,1984-07-01,6979.8142245057
NN3-098_JITTER97,1984-08-01,5049.676222362313
NN3-098_JITTER97,1984-09-01,4413.592132646594
NN3-098_JITTER97,1984-10-01,4637.8074207672225
NN3-098_JITTER97,1984-11-01,5265.57127271338
NN3-098_JITTER97,1984-12-01,3724.5526606588037
NN3-098_JITTER97,1985-01-01,4483.372342870896
NN3-098_JITTER97,1985-02-01,5844.981130684722
NN3-098_JITTER97,1985-03-01,3686.1827940492726
NN3-098_JITTER97,1985-04-01,4323.340831196008
NN3-098_JITTER97,1985-05-01,4656.5948720701435
NN3-098_JITTER97,1985-06-01,4609.288990033985
NN3-098_JITTER97,1985-07-01,4859.429935518304
NN3-098_JITTER97,1985-08-01,6373.501816978966
NN3-098_JITTER97,1985-09-01,4447.687351657693
NN3-098_JITTER97,1985-10-01,4160.152715625698
NN3-098_JITTER97,1985-11-01,6563.674199466536
NN3-098_JITTER97,1985-12-01,4640.369280818351
NN3-098_JITTER97,1986-01-01,4410.264235356558
NN3-098_JITTER97,1986-02-01,3565.922601528329
NN3-098_JITTER97,1986-03-01,5592.947854322983
NN3-098_JITTER97,1986-04-01,6480.630142933961
NN3-098_JITTER97,1986-05-01,5857.075353239125
NN3-098_JITTER97,1986-06-01,4088.16949225857
NN3-098_JITTER97,1986-07-01,5533.1329600708195
NN3-098_JITTER97,1986-08-01,6339.6434311872345
NN3-098_JITTER97,1986-09-01,5482.214474583425
NN3-098_JITTER97,1986-10-01,6088.779393332894
NN3-098_JITTER97,1986-11-01,5685.405702833772
NN3-098_JITTER97,1986-12-01,3547.5832755702777
NN3-098_JITTER97,1987-01-01,4238.366914674449
NN3-098_JITTER97,1987-02-01,6849.343759614348
NN3-098_JITTER97,1987-03-01,6252.990911859083
NN3-098_JITTER97,1987-04-01,3370.8611379204053
NN3-098_JITTER97,1987-05-01,6828.357245204762
NN3-098_JITTER97,1987-06-01,5082.8990904478605
NN3-099_JITTER98,1983-01-01,3127.0216157857863
NN3-099_JITTER98,1983-02-01,1957.5169765502853
NN3-099_JITTER98,1983-03-01,2788.1096469138683
NN3-099_JITTER98,1983-04-01,2873.9203336005844
NN3-099_JITTER98,1983-05-01,3453.3160797938185
NN3-099_JITTER98,1983-06-01,4061.760287998271
NN3-099_JITTER98,1983-07-01,2826.616385568185
NN3-099_JITTER98,1983-08-01,3234.684862154658
NN3-099_JITTER98,1983-09-01,3564.6139003233475
NN3-099_JITTER98,1983-10-01,2797.288631786556
NN3-099_JITTER98,1983-11-01,3441.9243904753353
NN3-099_JITTER98,1983-12-01,3815.9567207141126
NN3-099_JITTER98,1984-01-01,3205.5450045037583
NN3-099_JITTER98,1984-02-01,3389.6236184400564
NN3-099_JITTER98,1984-03-01,3525.8349067801846
NN3-099_JITTER98,1984-04-01,3020.466655024476
NN3-099_JITTER98,1984-05-01,4568.670736099477
NN3-099_JITTER98,1984-06-01,4572.510394583129
NN3-099_JITTER98,1984-07-01,4777.852398745599
NN3-099_JITTER98,1984-08-01,4282.1739317789425
NN3-099_JITTER98,1984-09-01,3428.9621094534127
NN3-099_JITTER98,1984-10-01,4755.764671532848
NN3-099_JITTER98,1984-11-01,4129.866378194185
NN3-099_JITTER98,1984-12-01,4105.016391439258
NN3-099_JITTER98,1985-01-01,3402.3246622466386
NN3-099_JITTER98,1985-02-01,3502.761281237613
NN3-099_JITTER98,1985-03-01,3757.216225981631
NN3-099_JITTER98,1985-04-01,3975.913541142099
NN3-099_JITTER98,1985-05-01,3502.8231937204155
NN3-099_JITTER98,1985-06-01,4501.997235102875
NN3-099_JITTER98,1985-07-01,4260.8374357690855
NN3-099_JITTER98,1985-08-01,6409.307933276017
NN3-099_JITTER98,1985-09-01,3319.254151152546
NN3-099_JITTER98,1985-10-01,3854.0144215359724
NN3-099_JITTER98,1985-11-01,4856.112654575047
NN3-099_JITTER98,1985-12-01,4353.996594952668
NN3-099_JITTER98,1986-01-01,6531.428482922692
NN3-099_JITTER98,1986-02-01,4339.738845023307
NN3-099_JITTER98,1986-03-01,5886.816723591187
NN3-099_JITTER98,1986-04-01,5377.789186904726
NN3-099_JITTER98,1986-05-01,4864.687151845614
NN3-099_JITTER98,1986-06-01,4537.580894340566
NN3-099_JITTER98,1986-07-01,3924.0327732789897
NN3-099_JITTER98,1986-08-01,4983.205938937617
NN3-099_JITTER98,1986-09-01,3853.518835746052
NN3-099_JITTER98,1986-10-01,4786.6860868976755
NN3-099_JITTER98,1986-11-01,3529.0992791445037
NN3-099_JITTER98,1986-12-01,5830.894984346202
NN3-099_JITTER98,1987-01-01,3710.9800084179915
NN3-099_JITTER98,1987-02-01,3542.885256690557
NN3-099_JITTER98,1987-03-01,3978.5618270727673
NN3-099_JITTER98,1987-04-01,4563.303651525989
NN3-099_JITTER98,1987-05-01,3189.756003101634
NN3-099_JITTER98,1987-06-01,6254.654018103558
NN3-099_JITTER98,1987-07-01,5232.415488483848
NN3-099_JITTER98,1987-08-01,4265.387995296886
NN3-099_JITTER98,1987-09-01,3875.653523375634
NN3-099_JITTER98,1987-10-01,4125.287620044434
NN3-099_JITTER98,1987-11-01,3838.1373675818086
NN3-099_JITTER98,1987-12-01,5046.114965669947
NN3-099_JITTER98,1988-01-01,3277.917590526491
NN3-099_JITTER98,1988-02-01,3148.652815772962
NN3-099_JITTER98,1988-03-01,3666.5009015849164
NN3-099_JITTER98,1988-04-01,4425.973020215982
NN3-099_JITTER98,1988-05-01,5002.527992068698
NN3-099_JITTER98,1988-06-01,6372.35860555355
NN3-099_JITTER98,1988-07-01,4019.4089639231934
NN3-099_JITTER98,1988-08-01,4000.383856212834
NN3-099_JITTER98,1988-09-01,4623.647611354935
NN3-099_JITTER98,1988-10-01,2941.4777358089723
NN3-099_JITTER98,1988-11-01,4143.866819657597
NN3-099_JITTER98,1988-12-01,4783.922388598406
NN3-099_JITTER98,1989-01-01,9420.719355970565
NN3-099_JITTER98,1989-02-01,3850.8785874347636
NN3-099_JITTER98,1989-03-01,5526.105404841388
NN3-099_JITTER98,1989-04-01,3879.749342498708
NN3-099_JITTER98,1989-05-01,5579.524463332325
NN3-099_JITTER98,1989-06-01,6362.119000356459
NN3-099_JITTER98,1989-07-01,5440.5152477992
NN3-099_JITTER98,1989-08-01,6179.494423044177
NN3-099_JITTER98,1989-09-01,3823.8807749251146
NN3-099_JITTER98,1989-10-01,5277.107530828265
NN3-099_JITTER98,1989-11-01,4895.292673514569
NN3-099_JITTER98,1989-12-01,6085.1808755325965
NN3-099_JITTER98,1990-01-01,5627.626430637247
NN3-099_JITTER98,1990-02-01,5658.955480615557
NN3-099_JITTER98,1990-03-01,5255.842862152061
NN3-099_JITTER98,1990-04-01,6302.805651587984
NN3-099_JITTER98,1990-05-01,5965.270809639048
NN3-099_JITTER98,1990-06-01,5759.215207974701
NN3-099_JITTER98,1990-07-01,5396.233790968233
NN3-099_JITTER98,1990-08-01,5194.493231882499
NN3-099_JITTER98,1990-09-01,3824.7147875532783
NN3-099_JITTER98,1990-10-01,6157.084920521373
NN3-099_JITTER98,1990-11-01,4265.916728086543
NN3-099_JITTER98,1990-12-01,4166.863686605458
NN3-099_JITTER98,1991-01-01,3728.5403737399006
NN3-099_JITTER98,1991-02-01,4257.39209602313
NN3-099_JITTER98,1991-03-01,4406.54090347465
NN3-099_JITTER98,1991-04-01,4274.2688789581425
NN3-099_JITTER98,1991-05-01,6329.698592499297
NN3-099_JITTER98,1991-06-01,6190.832524855688
NN3-099_JITTER98,1991-07-01,4239.927600950252
NN3-100_JITTER99,1983-01-01,3713.470955573308
NN3-100_JITTER99,1983-02-01,3712.286549829828
NN3-100_JITTER99,1983-03-01,3277.134756738807
NN3-100_JITTER99,1983-04-01,2934.6519025912844
NN3-100_JITTER99,1983-05-01,2961.662411083761
NN3-100_JITTER99,1983-06-01,3187.8601339059114
NN3-100_JITTER99,1983-07-01,3307.207789457036
NN3-100_JITTER99,1983-08-01,3401.940651045843
NN3-100_JITTER99,1983-09-01,3575.5499212217287
NN3-100_JITTER99,1983-10-01,3434.0891406704563
NN3-100_JITTER99,1983-11-01,3339.3748928243085
NN3-100_JITTER99,1983-12-01,3714.1877526623384
NN3-100_JITTER99,1984-01-01,3915.204524432121
NN3-100_JITTER99,1984-02-01,4145.671248768981
NN3-100_JITTER99,1984-03-01,4487.782469282441
NN3-100_JITTER99,1984-04-01,4300.848269166968
NN3-100_JITTER99,1984-05-01,3792.6021895989516
NN3-100_JITTER99,1984-06-01,3297.742067002332
NN3-100_JITTER99,1984-07-01,3267.2897355925356
NN3-100_JITTER99,1984-08-01,3509.061610485211
NN3-100_JITTER99,1984-09-01,4369.877566873867
NN3-100_JITTER99,1984-10-01,4354.397168516865
NN3-100_JITTER99,1984-11-01,4961.626164349367
NN3-100_JITTER99,1984-12-01,5374.656133046863
NN3-100_JITTER99,1985-01-01,4881.214875369149
NN3-100_JITTER99,1985-02-01,4276.703332106733
NN3-100_JITTER99,1985-03-01,3880.8641398094596
NN3-100_JITTER99,1985-04-01,3878.639058041317
NN3-100_JITTER99,1985-05-01,3947.6506179206363
NN3-100_JITTER99,1985-06-01,3372.366583589682
NN3-100_JITTER99,1985-07-01,3788.770967439835
NN3-100_JITTER99,1985-08-01,3884.9947074502693
NN3-100_JITTER99,1985-09-01,3478.4671192128417
NN3-100_JITTER99,1985-10-01,3522.1897200320354
NN3-100_JITTER99,1985-11-01,3387.4655875571602
NN3-100_JITTER99,1985-12-01,3114.927031183241
NN3-100_JITTER99,1986-01-01,3045.4901407964153
NN3-100_JITTER99,1986-02-01,3307.9327326087746
NN3-100_JITTER99,1986-03-01,2924.9535456018007
NN3-100_JITTER99,1986-04-01,2891.904000441339
NN3-100_JITTER99,1986-05-01,2404.7205446830317
NN3-100_JITTER99,1986-06-01,2885.8598386438216
NN3-100_JITTER99,1986-07-01,3593.537156030122
NN3-100_JITTER99,1986-08-01,3758.5985938517183
NN3-100_JITTER99,1986-09-01,3630.9021742132823
NN3-100_JITTER99,1986-10-01,3676.0000449311938
NN3-100_JITTER99,1986-11-01,3230.6391318613237
NN3-100_JITTER99,1986-12-01,3727.2141044675645
NN3-100_JITTER99,1987-01-01,3364.4213758105166
NN3-100_JITTER99,1987-02-01,2623.0192472733684
NN3-100_JITTER99,1987-03-01,2886.921512012751
NN3-100_JITTER99,1987-04-01,2826.259460905517
NN3-100_JITTER99,1987-05-01,2823.3922462139576
NN3-100_JITTER99,1987-06-01,2933.9415730518795
NN3-100_JITTER99,1987-07-01,2920.185037058488
NN3-100_JITTER99,1987-08-01,3431.760979178983
NN3-100_JITTER99,1987-09-01,3361.8090164151354
NN3-100_JITTER99,1987-10-01,3424.756618816925
NN3-100_JITTER99,1987-11-01,3078.746883272959
NN3-100_JITTER99,1987-12-01,2941.899708166096
NN3-100_JITTER99,1988-01-01,2828.31668777803
NN3-100_JITTER99,1988-02-01,2987.274885642169
NN3-100_JITTER99,1988-03-01,2661.0037487292143
NN3-100_JITTER99,1988-04-01,2953.3913630903767
NN3-100_JITTER99,1988-05-01,2873.8247319898646
NN3-100_JITTER99,1988-06-01,3042.3031201063277
NN3-100_JITTER99,1988-07-01,2914.3400280592195
NN3-100_JITTER99,1988-08-01,3665.553772241191
NN3-100_JITTER99,1988-09-01,3991.497045668187
NN3-100_JITTER99,1988-10-01,3487.7360055990052
NN3-100_JITTER99,1988-11-01,3421.9818637016297
NN3-100_JITTER99,1988-12-01,3369.1074337038003
NN3-100_JITTER99,1989-01-01,3020.884767491923
NN3-100_JITTER99,1989-02-01,2712.3302702020264
NN3-100_JITTER99,1989-03-01,2875.8987241349428
NN3-100_JITTER99,1989-04-01,2755.3748552735055
NN3-100_JITTER99,1989-05-01,3150.9982229916986
NN3-100_JITTER99,1989-06-01,3359.6680715890666
NN3-100_JITTER99,1989-07-01,3663.2790752387787
NN3-100_JITTER99,1989-08-01,3847.1147345471077
NN3-100_JITTER99,1989-09-01,3671.877694580214
NN3-100_JITTER99,1989-10-01,4169.4339931476125
NN3-100_JITTER99,1989-11-01,3970.863506639924
NN3-100_JITTER99,1989-12-01,3670.7265315827676
NN3-100_JITTER99,1990-01-01,3351.082173631755
NN3-100_JITTER99,1990-02-01,3176.180756345596
NN3-100_JITTER99,1990-03-01,2956.3105928494915
NN3-100_JITTER99,1990-04-01,2543.3561374947885
NN3-100_JITTER99,1990-05-01,2828.2323771041074
NN3-100_JITTER99,1990-06-01,2593.331256569199
NN3-100_JITTER99,1990-07-01,2933.3655041214765
NN3-100_JITTER99,1990-08-01,3191.9665158108546
NN3-100_JITTER99,1990-09-01,3120.2387575620087
NN3-100_JITTER99,1990-10-01,2632.5069303403707
NN3-100_JITTER99,1990-11-01,2792.2622230478783
NN3-100_JITTER99,1990-12-01,2729.0448464150977
NN3-100_JITTER99,1991-01-01,3042.87901389727
NN3-100_JITTER99,1991-02-01,3209.493404036396
NN3-100_JITTER99,1991-03-01,3057.3326108898236
NN3-100_JITTER99,1991-04-01,2950.149278149337
NN3-100_JITTER99,1991-05-01,3353.1477688136956
NN3-100_JITTER99,1991-06-01,3719.548412860413
NN3-100_JITTER99,1991-07-01,3654.103330431016
NN3-100_JITTER99,1991-08-01,3770.5780601000583
NN3_101_JITTER100,1982-01-01,4997.703053480714
NN3_101_JITTER100,1982-02-01,4487.437661753836
NN3_101_JITTER100,1982-03-01,4796.630545293742
NN3_101_JITTER100,1982-04-01,4794.993427511256
NN3_101_JITTER100,1982-05-01,4592.4736736225905
NN3_101_JITTER100,1982-06-01,4517.8781553027475
NN3_101_JITTER100,1982-07-01,4587.541449174891
NN3_101_JITTER100,1982-08-01,4602.309674977909
NN3_101_JITTER100,1982-09-01,4521.134801159896
NN3_101_JITTER100,1982-10-01,4596.673188728432
NN3_101_JITTER100,1982-11-01,4502.937189377965
NN3_101_JITTER100,1982-12-01,4831.884299869069
NN3_101_JITTER100,1983-01-01,4591.510048529481
NN3_101_JITTER100,1983-02-01,4135.672820199435
NN3_101_JITTER100,1983-03-01,4845.094773524748
NN3_101_JITTER100,1983-04-01,4375.893524996296
NN3_101_JITTER100,1983-05-01,4470.293350510742
NN3_101_JITTER100,1983-06-01,4563.096498707183
NN3_101_JITTER100,1983-07-01,4653.8811474248905
NN3_101_JITTER100,1983-08-01,4791.8023089521375
NN3_101_JITTER100,1983-09-01,4671.3152440678305
NN3_101_JITTER100,1983-10-01,4604.464832889386
NN3_101_JITTER100,1983-11-01,4664.737802068237
NN3_101_JITTER100,1983-12-01,5179.060867820305
NN3_101_JITTER100,1984-01-01,5235.163605985433
NN3_101_JITTER100,1984-02-01,4496.162196885015
NN3_101_JITTER100,1984-03-01,4999.721375698284
NN3_101_JITTER100,1984-04-01,4654.439460100117
NN3_101_JITTER100,1984-05-01,4863.230863331653
NN3_101_JITTER100,1984-06-01,4703.936242918442
NN3_101_JITTER100,1984-07-01,4799.700026168679
NN3_101_JITTER100,1984-08-01,5010.365870049504
NN3_101_JITTER100,1984-09-01,4555.353427256136
NN3_101_JITTER100,1984-10-01,4859.369648134636
NN3_101_JITTER100,1984-11-01,4713.597394695818
NN3_101_JITTER100,1984-12-01,4759.13446959194
NN3_101_JITTER100,1985-01-01,4984.00109363335
NN3_101_JITTER100,1985-02-01,4538.083951523948
NN3_101_JITTER100,1985-03-01,4779.15457716847
NN3_101_JITTER100,1985-04-01,4595.241968179103
NN3_101_JITTER100,1985-05-01,4821.707134975923
NN3_101_JITTER100,1985-06-01,4663.021905881332
NN3_101_JITTER100,1985-07-01,4771.42817626627
NN3_101_JITTER100,1985-08-01,4952.484789710482
NN3_101_JITTER100,1985-09-01,4524.024014879561
NN3_101_JITTER100,1985-10-01,4929.298970298301
NN3_101_JITTER100,1985-11-01,4679.0130634434045
NN3_101_JITTER100,1985-12-01,5144.502962220368
NN3_101_JITTER100,1986-01-01,4972.997084651079
NN3_101_JITTER100,1986-02-01,4554.903834332506
NN3_101_JITTER100,1986-03-01,5064.732652873287
NN3_101_JITTER100,1986-04-01,4768.739045872557
NN3_101_JITTER100,1986-05-01,4951.425799367539
NN3_101_JITTER100,1986-06-01,4795.954847483494
NN3_101_JITTER100,1986-07-01,5047.532621198876
NN3_101_JITTER100,1986-08-01,5129.115456986792
NN3_101_JITTER100,1986-09-01,4777.68489020641
NN3_101_JITTER100,1986-10-01,5158.937684107993
NN3_101_JITTER100,1986-11-01,4887.226971786154
NN3_101_JITTER100,1986-12-01,5312.459056122194
NN3_101_JITTER100,1987-01-01,5156.497513513629
NN3_101_JITTER100,1987-02-01,4725.184238975394
NN3_101_JITTER100,1987-03-01,5030.623253186463
NN3_101_JITTER100,1987-04-01,4962.044203470615
NN3_101_JITTER100,1987-05-01,4982.858747138963
NN3_101_JITTER100,1987-06-01,5061.477429576098
NN3_101_JITTER100,1987-07-01,5303.696729455357
NN3_101_JITTER100,1987-08-01,5050.036133532726
NN3_101_JITTER100,1987-09-01,5011.854097519072
NN3_101_JITTER100,1987-10-01,5233.084696722334
NN3_101_JITTER100,1987-11-01,4908.019168368639
NN3_101_JITTER100,1987-12-01,5433.576324748031
NN3_101_JITTER100,1988-01-01,5394.087280510754
NN3_101_JITTER100,1988-02-01,5156.965602862728
NN3_101_JITTER100,1988-03-01,5454.523592404805
NN3_101_JITTER100,1988-04-01,4965.863297939243
NN3_101_JITTER100,1988-05-01,5027.581093066511
NN3_101_JITTER100,1988-06-01,5118.712066591242
NN3_101_JITTER100,1988-07-01,5185.659386389411
NN3_101_JITTER100,1988-08-01,5419.951931276677
NN3_101_JITTER100,1988-09-01,5085.130205636508
NN3_101_JITTER100,1988-10-01,5457.6477485113155
NN3_101_JITTER100,1988-11-01,5294.5770426933195
NN3_101_JITTER100,1988-12-01,5698.361284722268
NN3_101_JITTER100,1989-01-01,5365.809862119014
NN3_101_JITTER100,1989-02-01,5008.081302525273
NN3_101_JITTER100,1989-03-01,5583.048902813385
NN3_101_JITTER100,1989-04-01,4967.078737688105
NN3_101_JITTER100,1989-05-01,5168.736241004232
NN3_101_JITTER100,1989-06-01,5244.36251839826
NN3_101_JITTER100,1989-07-01,5080.183732230296
NN3_101_JITTER100,1989-08-01,5401.178913198228
NN3_101_JITTER100,1989-09-01,5037.297095280464
NN3_101_JITTER100,1989-10-01,5361.185222865225
NN3_101_JITTER100,1989-11-01,5204.731338210401
NN3_101_JITTER100,1989-12-01,5827.262858374576
NN3_101_JITTER100,1990-01-01,5275.767165429118
NN3_101_JITTER100,1990-02-01,4811.497833713888
NN3_101_JITTER100,1990-03-01,5284.916102848893
NN3_101_JITTER100,1990-04-01,5031.372994788079
NN3_101_JITTER100,1990-05-01,5265.604943294974
NN3_101_JITTER100,1990-06-01,5123.722702229539
NN3_101_JITTER100,1990-07-01,5304.942760111545
NN3_101_JITTER100,1990-08-01,5568.55297917133
NN3_101_JITTER100,1990-09-01,4926.586451698248
NN3_101_JITTER100,1990-10-01,5269.6957779542245
NN3_101_JITTER100,1990-11-01,5007.471257033367
NN3_101_JITTER100,1990-12-01,5102.173848052634
NN3_101_JITTER100,1991-01-01,5257.543787515209
NN3_101_JITTER100,1991-02-01,4572.948139970968
NN3_101_JITTER100,1991-03-01,5015.350804387385
NN3_101_JITTER100,1991-04-01,4830.695898117186
NN3_101_JITTER100,1991-05-01,5003.940039748398
NN3_101_JITTER100,1991-06-01,5061.511629424978
NN3_102_JITTER101,1979-01-01,4839.348351336201
NN3_102_JITTER101,1979-02-01,4638.208712966499
NN3_102_JITTER101,1979-03-01,4067.7532290178992
NN3_102_JITTER101,1979-04-01,3387.204597960873
NN3_102_JITTER101,1979-05-01,2646.139726659351
NN3_102_JITTER101,1979-06-01,2589.2956647484166
NN3_102_JITTER101,1979-07-01,1975.1786230896994
NN3_102_JITTER101,1979-08-01,8680.345756267418
NN3_102_JITTER101,1979-09-01,7981.444126679595
NN3_102_JITTER101,1979-10-01,7528.247731430896
NN3_102_JITTER101,1979-11-01,7082.982590564182
NN3_102_JITTER101,1979-12-01,6743.5274030956025
NN3_102_JITTER101,1980-01-01,5784.330675383301
NN3_102_JITTER101,1980-02-01,4931.549392149552
NN3_102_JITTER101,1980-03-01,4029.2485742703216
NN3_102_JITTER101,1980-04-01,3163.0759587562884
NN3_102_JITTER101,1980-05-01,2642.3167063560686
NN3_102_JITTER101,1980-06-01,2192.0968753399734
NN3_102_JITTER101,1980-07-01,1647.9881013994159
NN3_102_JITTER101,1980-08-01,6663.4531343154285
NN3_102_JITTER101,1980-09-01,6358.134674124831
NN3_102_JITTER101,1980-10-01,5470.722882030024
NN3_102_JITTER101,1980-11-01,5143.888426828655
NN3_102_JITTER101,1980-12-01,4539.188610100614
NN3_102_JITTER101,1981-01-01,4338.02192870289
NN3_102_JITTER101,1981-02-01,3810.1754409250057
NN3_102_JITTER101,1981-03-01,3062.7498828719195
NN3_102_JITTER101,1981-04-01,2396.5019926416544
NN3_102_JITTER101,1981-05-01,1877.4730726050784
NN3_102_JITTER101,1981-06-01,1480.1580544196331
NN3_102_JITTER101,1981-07-01,1315.1190858937455
NN3_102_JITTER101,1981-08-01,8399.092294904744
NN3_102_JITTER101,1981-09-01,8286.071099230747
NN3_102_JITTER101,1981-10-01,7767.648837296693
NN3_102_JITTER101,1981-11-01,7408.222684694247
NN3_102_JITTER101,1981-12-01,6910.26719336318
NN3_102_JITTER101,1982-01-01,5927.735088074752
NN3_102_JITTER101,1982-02-01,5574.300656733468
NN3_102_JITTER101,1982-03-01,5036.6409352642495
NN3_102_JITTER101,1982-04-01,4624.290465525469
NN3_102_JITTER101,1982-05-01,4008.1310195357314
NN3_102_JITTER101,1982-06-01,3507.8267595853576
NN3_102_JITTER101,1982-07-01,2985.6714019257975
NN3_102_JITTER101,1982-08-01,8141.828302562938
NN3_102_JITTER101,1982-09-01,8246.793069183981
NN3_102_JITTER101,1982-10-01,7655.4662486226125
NN3_102_JITTER101,1982-11-01,7616.2471920641765
NN3_102_JITTER101,1982-12-01,7001.8315688296525
NN3_102_JITTER101,1983-01-01,6748.706328187015
NN3_102_JITTER101,1983-02-01,6141.447405227172
NN3_102_JITTER101,1983-03-01,5455.272373084691
NN3_102_JITTER101,1983-04-01,5377.701062993071
NN3_102_JITTER101,1983-05-01,4766.952462972591
NN3_102_JITTER101,1983-06-01,4190.098977554577
NN3_102_JITTER101,1983-07-01,3833.580105262371
NN3_102_JITTER101,1983-08-01,6965.473933797089
NN3_102_JITTER101,1983-09-01,6508.219263311822
NN3_102_JITTER101,1983-10-01,6129.843603544226
NN3_102_JITTER101,1983-11-01,5836.456711641969
NN3_102_JITTER101,1983-12-01,5257.46378363849
NN3_102_JITTER101,1984-01-01,4876.985903346088
NN3_102_JITTER101,1984-02-01,4051.5277561450334
NN3_102_JITTER101,1984-03-01,3633.228883071748
NN3_102_JITTER101,1984-04-01,2802.7647983468128
NN3_102_JITTER101,1984-05-01,2163.574396338388
NN3_102_JITTER101,1984-06-01,1816.7775176821494
NN3_102_JITTER101,1984-07-01,1428.4299685573385
NN3_102_JITTER101,1984-08-01,7279.692688332711
NN3_102_JITTER101,1984-09-01,7064.552736623954
NN3_102_JITTER101,1984-10-01,6598.3194355035575
NN3_102_JITTER101,1984-11-01,5973.98585667241
NN3_102_JITTER101,1984-12-01,5728.217013264265
NN3_102_JITTER101,1985-01-01,5264.950555042946
NN3_102_JITTER101,1985-02-01,4261.652845549225
NN3_102_JITTER101,1985-03-01,3832.7122317593835
NN3_102_JITTER101,1985-04-01,3521.7262352739767
NN3_102_JITTER101,1985-05-01,2815.5046452923602
NN3_102_JITTER101,1985-06-01,2435.8277134586524
NN3_102_JITTER101,1985-07-01,2018.108537949957
NN3_102_JITTER101,1985-08-01,8395.194360917652
NN3_102_JITTER101,1985-09-01,7879.578557342825
NN3_102_JITTER101,1985-10-01,7743.7402526856895
NN3_102_JITTER101,1985-11-01,7343.742199243315
NN3_102_JITTER101,1985-12-01,6955.285116097109
NN3_102_JITTER101,1986-01-01,6408.016372207838
NN3_102_JITTER101,1986-02-01,6130.085354297657
NN3_102_JITTER101,1986-03-01,5705.400473147669
NN3_102_JITTER101,1986-04-01,5393.293417477106
NN3_102_JITTER101,1986-05-01,5216.610712226533
NN3_102_JITTER101,1986-06-01,4757.509811232819
NN3_102_JITTER101,1986-07-01,4415.838169807823
NN3_102_JITTER101,1986-08-01,9013.233367295094
NN3_102_JITTER101,1986-09-01,8435.81800712249
NN3_102_JITTER101,1986-10-01,7521.2658112447925
NN3_102_JITTER101,1986-11-01,7292.225401727074
NN3_102_JITTER101,1986-12-01,6644.66212485476
NN3_102_JITTER101,1987-01-01,6289.43371939452
NN3_102_JITTER101,1987-02-01,5483.310360390829
NN3_102_JITTER101,1987-03-01,4814.5996283611685
NN3_102_JITTER101,1987-04-01,4041.3834753473425
NN3_102_JITTER101,1987-05-01,3887.109849412643
NN3_102_JITTER101,1987-06-01,3470.4976245633657
NN3_102_JITTER101,1987-07-01,2575.319473961011
NN3_102_JITTER101,1987-08-01,7950.7446892507305
NN3_102_JITTER101,1987-09-01,8239.42321589019
NN3_102_JITTER101,1987-10-01,7865.15685669734
NN3_102_JITTER101,1987-11-01,7614.241911390877
NN3_102_JITTER101,1987-12-01,6806.887224129003
NN3_102_JITTER101,1988-01-01,6077.687690128759
NN3_102_JITTER101,1988-02-01,5570.846237195328
NN3_102_JITTER101,1988-03-01,4954.795331361329
NN3_102_JITTER101,1988-04-01,4356.473442488422
NN3_102_JITTER101,1988-05-01,3758.604697545371
NN3_102_JITTER101,1988-06-01,3468.1427084693423
NN3_103_JITTER102,1979-01-01,4742.495838273606
NN3_103_JITTER102,1979-02-01,6209.916674959956
NN3_103_JITTER102,1979-03-01,4115.160950219092
NN3_103_JITTER102,1979-04-01,2737.347441893331
NN3_103_JITTER102,1979-05-01,4308.218258516452
NN3_103_JITTER102,1979-06-01,1859.6623297762658
NN3_103_JITTER102,1979-07-01,119.50956833429575
NN3_103_JITTER102,1979-08-01,55393.07873097583
NN3_103_JITTER102,1979-09-01,52934.749449387426
NN3_103_JITTER102,1979-10-01,41436.847093454395
NN3_103_JITTER102,1979-11-01,26679.4517057048
NN3_103_JITTER102,1979-12-01,16928.880107725236
NN3_103_JITTER102,1980-01-01,9227.523997966155
NN3_103_JITTER102,1980-02-01,9332.308822239698
NN3_103_JITTER102,1980-03-01,7213.945254072461
NN3_103_JITTER102,1980-04-01,7323.496512844164
NN3_103_JITTER102,1980-05-01,3820.4956867974242
NN3_103_JITTER102,1980-06-01,2596.9036356890256
NN3_103_JITTER102,1980-07-01,1044.8757058719473
NN3_103_JITTER102,1980-08-01,43789.33999867203
NN3_103_JITTER102,1980-09-01,38610.13643876174
NN3_103_JITTER102,1980-10-01,27446.303223211053
NN3_103_JITTER102,1980-11-01,17631.701177136994
NN3_103_JITTER102,1980-12-01,10603.370174880127
NN3_103_JITTER102,1981-01-01,6485.229378460579
NN3_103_JITTER102,1981-02-01,5624.425222061741
NN3_103_JITTER102,1981-03-01,3389.7548532396477
NN3_103_JITTER102,1981-04-01,2873.2648866318323
NN3_103_JITTER102,1981-05-01,659.0800335342125
NN3_103_JITTER102,1981-06-01,-982.1580957065974
NN3_103_JITTER102,1981-07-01,708.9811208450406
NN3_103_JITTER102,1981-08-01,58936.70373262803
NN3_103_JITTER102,1981-09-01,54691.08983223473
NN3_103_JITTER102,1981-10-01,43842.66726919111
NN3_103_JITTER102,1981-11-01,28184.645071208557
NN3_103_JITTER102,1981-12-01,15577.588026120127
NN3_103_JITTER102,1982-01-01,10752.226091937242
NN3_103_JITTER102,1982-02-01,8026.360565803901
NN3_103_JITTER102,1982-03-01,5693.317337554621
NN3_103_JITTER102,1982-04-01,3492.377418011583
NN3_103_JITTER102,1982-05-01,3147.1566934147845
NN3_103_JITTER102,1982-06-01,3822.4072484666235
NN3_103_JITTER102,1982-07-01,805.3823156674796
NN3_103_JITTER102,1982-08-01,42707.00243151252
NN3_103_JITTER102,1982-09-01,42720.33644290643
NN3_103_JITTER102,1982-10-01,28394.23998967718
NN3_103_JITTER102,1982-11-01,15748.69389044788
NN3_103_JITTER102,1982-12-01,10720.347111757197
NN3_103_JITTER102,1983-01-01,5333.295268978395
NN3_103_JITTER102,1983-02-01,6107.426669802286
NN3_103_JITTER102,1983-03-01,3474.172528764454
NN3_103_JITTER102,1983-04-01,3565.191208355303
NN3_103_JITTER102,1983-05-01,3169.6968044871983
NN3_103_JITTER102,1983-06-01,2125.8139804170937
NN3_103_JITTER102,1983-07-01,57.95620622211152
NN3_103_JITTER102,1983-08-01,27363.81729452794
NN3_103_JITTER102,1983-09-01,25974.5882886012
NN3_103_JITTER102,1983-10-01,20555.276562218096
NN3_103_JITTER102,1983-11-01,9470.42238804691
NN3_103_JITTER102,1983-12-01,5053.78132213866
NN3_103_JITTER102,1984-01-01,4099.605973030897
NN3_103_JITTER102,1984-02-01,6355.327180455648
NN3_103_JITTER102,1984-03-01,5260.482497753944
NN3_103_JITTER102,1984-04-01,4625.6046901866375
NN3_103_JITTER102,1984-05-01,4792.369255350226
NN3_103_JITTER102,1984-06-01,2390.3388933442398
NN3_103_JITTER102,1984-07-01,1439.0484708745769
NN3_103_JITTER102,1984-08-01,51336.07309452996
NN3_103_JITTER102,1984-09-01,47085.71807369945
NN3_103_JITTER102,1984-10-01,39816.60874562552
NN3_103_JITTER102,1984-11-01,18152.41867186002
NN3_103_JITTER102,1984-12-01,12899.146189656489
NN3_103_JITTER102,1985-01-01,7580.647503828183
NN3_103_JITTER102,1985-02-01,4446.037113595164
NN3_103_JITTER102,1985-03-01,4342.982799287447
NN3_103_JITTER102,1985-04-01,4208.685913082148
NN3_103_JITTER102,1985-05-01,2199.758717493778
NN3_103_JITTER102,1985-06-01,2434.3651325419396
NN3_103_JITTER102,1985-07-01,2331.9144893007638
NN3_103_JITTER102,1985-08-01,4177.5103725769495
NN3_103_JITTER102,1985-09-01,47398.207299500646
NN3_103_JITTER102,1985-10-01,34263.94497488474
NN3_103_JITTER102,1985-11-01,19747.750815440904
NN3_103_JITTER102,1985-12-01,7731.710606918626
NN3_103_JITTER102,1986-01-01,6012.305349654101
NN3_103_JITTER102,1986-02-01,4068.1740830652234
NN3_103_JITTER102,1986-03-01,6689.536091621233
NN3_103_JITTER102,1986-04-01,3519.647358432424
NN3_103_JITTER102,1986-05-01,4610.509884840264
NN3_103_JITTER102,1986-06-01,3081.7878189397834
NN3_103_JITTER102,1986-07-01,98.64217795441903
NN3_103_JITTER102,1986-08-01,4696.160249751594
NN3_103_JITTER102,1986-09-01,31862.580838816128
NN3_103_JITTER102,1986-10-01,21263.650379242725
NN3_103_JITTER102,1986-11-01,16669.257277258188
NN3_103_JITTER102,1986-12-01,10545.906010962277
NN3_103_JITTER102,1987-01-01,6638.1860489095025
NN3_103_JITTER102,1987-02-01,6466.202846627622
NN3_103_JITTER102,1987-03-01,4064.910552506546
NN3_103_JITTER102,1987-04-01,3538.479103242643
NN3_103_JITTER102,1987-05-01,6423.149723932497
NN3_103_JITTER102,1987-06-01,4914.4203417382005
NN3_103_JITTER102,1987-07-01,431.54350243066835
NN3_103_JITTER102,1987-08-01,49886.423643795155
NN3_103_JITTER102,1987-09-01,43684.874484152824
NN3_103_JITTER102,1987-10-01,30539.801650091336
NN3_103_JITTER102,1987-11-01,20592.4388551397
NN3_103_JITTER102,1987-12-01,9935.623746782172
NN3_103_JITTER102,1988-01-01,6267.356845219183
NN3_103_JITTER102,1988-02-01,5295.014845674305
NN3_103_JITTER102,1988-03-01,3120.0600019593567
NN3_103_JITTER102,1988-04-01,2691.9971618606537
NN3_103_JITTER102,1988-05-01,4358.999635811248
NN3_103_JITTER102,1988-06-01,2855.9653420635123
NN3_104_JITTER103,1983-01-01,697.7080127579209
NN3_104_JITTER103,1983-02-01,600.9729120095986
NN3_104_JITTER103,1983-03-01,1159.9827324905573
NN3_104_JITTER103,1983-04-01,3893.9492498263476
NN3_104_JITTER103,1983-05-01,6742.359472064941
NN3_104_JITTER103,1983-06-01,7101.892877283551
NN3_104_JITTER103,1983-07-01,7381.314094145945
NN3_104_JITTER103,1983-08-01,6322.499856643047
NN3_104_JITTER103,1983-09-01,5698.925158235019
NN3_104_JITTER103,1983-10-01,6363.080513296438
NN3_104_JITTER103,1983-11-01,6590.722044293227
NN3_104_JITTER103,1983-12-01,5668.849089629967
NN3_104_JITTER103,1984-01-01,1087.7376875326113
NN3_104_JITTER103,1984-02-01,1728.462208233554
NN3_104_JITTER103,1984-03-01,1801.8117801950727
NN3_104_JITTER103,1984-04-01,5243.198373758702
NN3_104_JITTER103,1984-05-01,8010.462243649358
NN3_104_JITTER103,1984-06-01,7869.758066773019
NN3_104_JITTER103,1984-07-01,9060.785656485863
NN3_104_JITTER103,1984-08-01,7926.873925778887
NN3_104_JITTER103,1984-09-01,6176.694231166095
NN3_104_JITTER103,1984-10-01,6480.775830314901
NN3_104_JITTER103,1984-11-01,7150.668880351026
NN3_104_JITTER103,1984-12-01,3256.8116523166914
NN3_104_JITTER103,1985-01-01,1653.4211189562347
NN3_104_JITTER103,1985-02-01,2048.0388616738023
NN3_104_JITTER103,1985-03-01,2632.59098970638
NN3_104_JITTER103,1985-04-01,5178.587080233612
NN3_104_JITTER103,1985-05-01,7587.513369160768
NN3_104_JITTER103,1985-06-01,6716.114046137786
NN3_104_JITTER103,1985-07-01,7098.721303219951
NN3_104_JITTER103,1985-08-01,7152.341388099653
NN3_104_JITTER103,1985-09-01,6518.459452485674
NN3_104_JITTER103,1985-10-01,5587.47215208544
NN3_104_JITTER103,1985-11-01,5366.904495382415
NN3_104_JITTER103,1985-12-01,4804.0105048478445
NN3_104_JITTER103,1986-01-01,1259.7501053482517
NN3_104_JITTER103,1986-02-01,2081.9290129401215
NN3_104_JITTER103,1986-03-01,2846.67789051318
NN3_104_JITTER103,1986-04-01,4749.393878596339
NN3_104_JITTER103,1986-05-01,6709.169869415411
NN3_104_JITTER103,1986-06-01,6141.1573387603075
NN3_104_JITTER103,1986-07-01,5654.965842775379
NN3_104_JITTER103,1986-08-01,4425.350107337416
NN3_104_JITTER103,1986-09-01,4618.709537850002
NN3_104_JITTER103,1986-10-01,4582.6147777476845
NN3_104_JITTER103,1986-11-01,4557.503534743145
NN3_104_JITTER103,1986-12-01,4468.76465853124
NN3_104_JITTER103,1987-01-01,1728.988670105769
NN3_104_JITTER103,1987-02-01,1036.347957613073
NN3_104_JITTER103,1987-03-01,2272.632983069748
NN3_104_JITTER103,1987-04-01,4491.4989287320195
NN3_104_JITTER103,1987-05-01,5140.243000528343
NN3_104_JITTER103,1987-06-01,6431.809677438449
NN3_104_JITTER103,1987-07-01,6039.867242945852
NN3_104_JITTER103,1987-08-01,6084.630891243781
NN3_104_JITTER103,1987-09-01,6321.852763911837
NN3_104_JITTER103,1987-10-01,6823.7022638665185
NN3_104_JITTER103,1987-11-01,6418.67863478458
NN3_104_JITTER103,1987-12-01,6887.065638145939
NN3_104_JITTER103,1988-01-01,4467.627911058564
NN3_104_JITTER103,1988-02-01,2635.8938774790686
NN3_104_JITTER103,1988-03-01,3147.600121359819
NN3_104_JITTER103,1988-04-01,6055.235603401511
NN3_104_JITTER103,1988-05-01,6704.67985744227
NN3_104_JITTER103,1988-06-01,7004.698394817499
NN3_104_JITTER103,1988-07-01,7254.98971847902
NN3_104_JITTER103,1988-08-01,7125.576824322741
NN3_104_JITTER103,1988-09-01,7069.941941031326
NN3_104_JITTER103,1988-10-01,6684.068276527399
NN3_104_JITTER103,1988-11-01,6391.5223729934
NN3_104_JITTER103,1988-12-01,7162.77824589566
NN3_104_JITTER103,1989-01-01,4127.655687825103
NN3_104_JITTER103,1989-02-01,3299.0218743625255
NN3_104_JITTER103,1989-03-01,3963.6855202571537
NN3_104_JITTER103,1989-04-01,5864.296197705824
NN3_104_JITTER103,1989-05-01,7308.912414582662
NN3_104_JITTER103,1989-06-01,6727.135695221674
NN3_104_JITTER103,1989-07-01,7145.926856180771
NN3_104_JITTER103,1989-08-01,7316.654325256853
NN3_104_JITTER103,1989-09-01,6672.496082530842
NN3_104_JITTER103,1989-10-01,6674.255323576749
NN3_104_JITTER103,1989-11-01,6157.260637120547
NN3_104_JITTER103,1989-12-01,5784.3265537130565
NN3_104_JITTER103,1990-01-01,3394.3906626954113
NN3_104_JITTER103,1990-02-01,2671.3147797882275
NN3_104_JITTER103,1990-03-01,3010.645809271277
NN3_104_JITTER103,1990-04-01,5967.758556443079
NN3_104_JITTER103,1990-05-01,6921.255114985892
NN3_104_JITTER103,1990-06-01,7414.671025339707
NN3_104_JITTER103,1990-07-01,8438.246223929962
NN3_104_JITTER103,1990-08-01,7984.6837698944755
NN3_104_JITTER103,1990-09-01,7129.262233760762
NN3_104_JITTER103,1990-10-01,7617.891662156102
NN3_104_JITTER103,1990-11-01,6887.507872595267
NN3_104_JITTER103,1990-12-01,6418.599642338009
NN3_104_JITTER103,1991-01-01,3090.807778381827
NN3_104_JITTER103,1991-02-01,1853.3928661835748
NN3_104_JITTER103,1991-03-01,2666.6216147084046
NN3_104_JITTER103,1991-04-01,4953.0542157018035
NN3_104_JITTER103,1991-05-01,6190.730555258224
NN3_104_JITTER103,1991-06-01,6618.615209195232
NN3_104_JITTER103,1991-07-01,6587.984951832508
NN3_105_JITTER104,1981-01-01,4981.209872913876
NN3_105_JITTER104,1981-02-01,5192.091840124971
NN3_105_JITTER104,1981-03-01,4978.32675809962
NN3_105_JITTER104,1981-04-01,5013.751916156063
NN3_105_JITTER104,1981-05-01,5110.837657344056
NN3_105_JITTER104,1981-06-01,5047.368371480786
NN3_105_JITTER104,1981-07-01,4840.334951725091
NN3_105_JITTER104,1981-08-01,4929.777669665317
NN3_105_JITTER104,1981-09-01,4785.261786870224
NN3_105_JITTER104,1981-10-01,5059.652622910548
NN3_105_JITTER104,1981-11-01,5031.551458336183
NN3_105_JITTER104,1981-12-01,4616.812360988646
NN3_105_JITTER104,1982-01-01,4623.626964011654
NN3_105_JITTER104,1982-02-01,4889.454522033907
NN3_105_JITTER104,1982-03-01,4974.0313771037845
NN3_105_JITTER104,1982-04-01,5087.603010537277
NN3_105_JITTER104,1982-05-01,5156.862882984326
NN3_105_JITTER104,1982-06-01,5003.739207139548
NN3_105_JITTER104,1982-07-01,5037.449795692247
NN3_105_JITTER104,1982-08-01,5019.204662083188
NN3_105_JITTER104,1982-09-01,5308.38730035423
NN3_105_JITTER104,1982-10-01,4944.906520566996
NN3_105_JITTER104,1982-11-01,4886.335653940611
NN3_105_JITTER104,1982-12-01,4593.87265366141
NN3_105_JITTER104,1983-01-01,4577.988228929629
NN3_105_JITTER104,1983-02-01,4929.0289281667
NN3_105_JITTER104,1983-03-01,5009.638886461171
NN3_105_JITTER104,1983-04-01,5109.847208695383
NN3_105_JITTER104,1983-05-01,5075.998145369687
NN3_105_JITTER104,1983-06-01,4928.098112837035
NN3_105_JITTER104,1983-07-01,4817.276894166231
NN3_105_JITTER104,1983-08-01,4542.178797008322
NN3_105_JITTER104,1983-09-01,4402.038532926812
NN3_105_JITTER104,1983-10-01,4572.357477884004
NN3_105_JITTER104,1983-11-01,4526.7230983272275
NN3_105_JITTER104,1983-12-01,4330.079558316692
NN3_105_JITTER104,1984-01-01,4820.837440684526
NN3_105_JITTER104,1984-02-01,4868.687810257956
NN3_105_JITTER104,1984-03-01,4692.943167634729
NN3_105_JITTER104,1984-04-01,4780.905273197229
NN3_105_JITTER104,1984-05-01,4722.0006172625435
NN3_105_JITTER104,1984-06-01,4581.126822785103
NN3_105_JITTER104,1984-07-01,4639.578145022687
NN3_105_JITTER104,1984-08-01,4661.784375391623
NN3_105_JITTER104,1984-09-01,4460.362941077447
NN3_105_JITTER104,1984-10-01,4558.732503206017
NN3_105_JITTER104,1984-11-01,4466.042526384898
NN3_105_JITTER104,1984-12-01,4292.742695374069
NN3_105_JITTER104,1985-01-01,4468.834963691469
NN3_105_JITTER104,1985-02-01,3923.8676710382924
NN3_105_JITTER104,1985-03-01,3847.37194239225
NN3_105_JITTER104,1985-04-01,4064.8610426427435
NN3_105_JITTER104,1985-05-01,3728.0459112048693
NN3_105_JITTER104,1985-06-01,3658.73045503431
NN3_105_JITTER104,1985-07-01,3647.4083667981213
NN3_105_JITTER104,1985-08-01,3510.561588883989
NN3_105_JITTER104,1985-09-01,3607.1365280224363
NN3_105_JITTER104,1985-10-01,3758.3366372833957
NN3_105_JITTER104,1985-11-01,4014.7530529322967
NN3_105_JITTER104,1985-12-01,3874.692307738965
NN3_105_JITTER104,1986-01-01,3877.803418498974
NN3_105_JITTER104,1986-02-01,3993.9759578107078
NN3_105_JITTER104,1986-03-01,4259.369912527849
NN3_105_JITTER104,1986-04-01,4087.0362366157387
NN3_105_JITTER104,1986-05-01,4228.850956762679
NN3_105_JITTER104,1986-06-01,4245.544028624429
NN3_105_JITTER104,1986-07-01,4065.941543290571
NN3_105_JITTER104,1986-08-01,4154.844279140905
NN3_105_JITTER104,1986-09-01,4075.7466666424684
NN3_105_JITTER104,1986-10-01,4190.1799778531295
NN3_105_JITTER104,1986-11-01,4292.17035173882
NN3_105_JITTER104,1986-12-01,4033.7663753992915
NN3_105_JITTER104,1987-01-01,4094.733795281972
NN3_105_JITTER104,1987-02-01,4219.627300932952
NN3_105_JITTER104,1987-03-01,4298.103421857006
NN3_105_JITTER104,1987-04-01,4237.437805475009
NN3_105_JITTER104,1987-05-01,4293.134493037415
NN3_105_JITTER104,1987-06-01,4182.477225399569
NN3_105_JITTER104,1987-07-01,4090.7383422477646
NN3_105_JITTER104,1987-08-01,4289.174733111405
NN3_105_JITTER104,1987-09-01,4128.461921709382
NN3_105_JITTER104,1987-10-01,4343.911624284713
NN3_105_JITTER104,1987-11-01,4385.27627132517
NN3_105_JITTER104,1987-12-01,4162.4536098182125
NN3_105_JITTER104,1988-01-01,4052.624746156478
NN3_105_JITTER104,1988-02-01,4239.961948085763
NN3_105_JITTER104,1988-03-01,4399.83486012587
NN3_105_JITTER104,1988-04-01,4469.410166032568
NN3_105_JITTER104,1988-05-01,4462.498988629288
NN3_105_JITTER104,1988-06-01,4330.998166532735
NN3_105_JITTER104,1988-07-01,4381.538503042753
NN3_105_JITTER104,1988-08-01,4315.232411493414
NN3_105_JITTER104,1988-09-01,4217.674220607717
NN3_105_JITTER104,1988-10-01,4436.159954226551
NN3_105_JITTER104,1988-11-01,4492.901134687292
NN3_105_JITTER104,1988-12-01,4220.26359216405
NN3_105_JITTER104,1989-01-01,4211.186303356231
NN3_105_JITTER104,1989-02-01,4364.731698514645
NN3_105_JITTER104,1989-03-01,4469.99936593012
NN3_105_JITTER104,1989-04-01,4457.8333036242175
NN3_105_JITTER104,1989-05-01,4460.403697042541
NN3_105_JITTER104,1989-06-01,4363.33655746379
NN3_105_JITTER104,1989-07-01,4364.396915348864
NN3_105_JITTER104,1989-08-01,4391.592055863478
NN3_105_JITTER104,1989-09-01,4312.360607006301
NN3_105_JITTER104,1989-10-01,4452.89737921152
NN3_105_JITTER104,1989-11-01,4495.7003611368
NN3_105_JITTER104,1989-12-01,4223.8835483119055
NN3_105_JITTER104,1990-01-01,4400.370926924782
NN3_105_JITTER104,1990-02-01,4503.648716465347
NN3_105_JITTER104,1990-03-01,4518.011314432587
NN3_105_JITTER104,1990-04-01,4540.56268473451
NN3_105_JITTER104,1990-05-01,4464.89994850263
NN3_105_JITTER104,1990-06-01,4453.748016868947
NN3_106_JITTER105,1979-01-01,4965.667134506536
NN3_106_JITTER105,1979-02-01,4912.388013101879
NN3_106_JITTER105,1979-03-01,5551.233170826331
NN3_106_JITTER105,1979-04-01,5574.806629239006
NN3_106_JITTER105,1979-05-01,5902.32448277733
NN3_106_JITTER105,1979-06-01,5124.689012939389
NN3_106_JITTER105,1979-07-01,5698.195955694248
NN3_106_JITTER105,1979-08-01,6516.166231506969
NN3_106_JITTER105,1979-09-01,4814.701077486694
NN3_106_JITTER105,1979-10-01,6271.8790937762005
NN3_106_JITTER105,1979-11-01,5691.224979249172
NN3_106_JITTER105,1979-12-01,4892.4292191471495
NN3_106_JITTER105,1980-01-01,4933.271203540147
NN3_106_JITTER105,1980-02-01,5571.236806551789
NN3_106_JITTER105,1980-03-01,5535.041431479438
NN3_106_JITTER105,1980-04-01,5187.997252943456
NN3_106_JITTER105,1980-05-01,5524.4030715270865
NN3_106_JITTER105,1980-06-01,4949.693585949359
NN3_106_JITTER105,1980-07-01,5850.965630447766
NN3_106_JITTER105,1980-08-01,5674.971995088818
NN3_106_JITTER105,1980-09-01,5312.974216314435
NN3_106_JITTER105,1980-10-01,5561.569022231725
NN3_106_JITTER105,1980-11-01,4612.961774488686
NN3_106_JITTER105,1980-12-01,5655.589106839767
NN3_106_JITTER105,1981-01-01,4963.501688286795
NN3_106_JITTER105,1981-02-01,4841.071688546924
NN3_106_JITTER105,1981-03-01,5026.685480925058
NN3_106_JITTER105,1981-04-01,5439.974583472235
NN3_106_JITTER105,1981-05-01,5282.878954184854
NN3_106_JITTER105,1981-06-01,5221.298799268863
NN3_106_JITTER105,1981-07-01,6073.272127456859
NN3_106_JITTER105,1981-08-01,5208.901152605786
NN3_106_JITTER105,1981-09-01,6384.86760260971
NN3_106_JITTER105,1981-10-01,5721.643300757972
NN3_106_JITTER105,1981-11-01,4972.102691878881
NN3_106_JITTER105,1981-12-01,5381.394342260741
NN3_106_JITTER105,1982-01-01,4233.42935061886
NN3_106_JITTER105,1982-02-01,4991.540244496105
NN3_106_JITTER105,1982-03-01,5698.301582264276
NN3_106_JITTER105,1982-04-01,4578.1376542294165
NN3_106_JITTER105,1982-05-01,4413.893981862532
NN3_106_JITTER105,1982-06-01,5367.7608734434825
NN3_106_JITTER105,1982-07-01,4583.969170132635
NN3_106_JITTER105,1982-08-01,5385.073910901622
NN3_106_JITTER105,1982-09-01,4808.940923822088
NN3_106_JITTER105,1982-10-01,4107.82650736464
NN3_106_JITTER105,1982-11-01,4626.178457859562
NN3_106_JITTER105,1982-12-01,4663.370698616359
NN3_106_JITTER105,1983-01-01,3921.649640043211
NN3_106_JITTER105,1983-02-01,4185.498697297411
NN3_106_JITTER105,1983-03-01,5032.881743461876
NN3_106_JITTER105,1983-04-01,4200.9858978719885
NN3_106_JITTER105,1983-05-01,4979.333785578923
NN3_106_JITTER105,1983-06-01,5248.993753295049
NN3_106_JITTER105,1983-07-01,4247.126381916009
NN3_106_JITTER105,1983-08-01,5665.216600877541
NN3_106_JITTER105,1983-09-01,4910.3545248326745
NN3_106_JITTER105,1983-10-01,4136.026353729023
NN3_106_JITTER105,1983-11-01,4438.191807612995
NN3_106_JITTER105,1983-12-01,4828.634436733013
NN3_106_JITTER105,1984-01-01,5595.9277531386015
NN3_106_JITTER105,1984-02-01,5155.787756902491
NN3_106_JITTER105,1984-03-01,5629.211293477338
NN3_106_JITTER105,1984-04-01,4845.484488300345
NN3_106_JITTER105,1984-05-01,6033.8045353364905
NN3_106_JITTER105,1984-06-01,5232.161752308421
NN3_106_JITTER105,1984-07-01,5386.9801151334705
NN3_106_JITTER105,1984-08-01,5500.128993618051
NN3_106_JITTER105,1984-09-01,4704.340034836412
NN3_106_JITTER105,1984-10-01,4888.379685923937
NN3_106_JITTER105,1984-11-01,4544.3211417758985
NN3_106_JITTER105,1984-12-01,4450.400107564308
NN3_106_JITTER105,1985-01-01,4886.9180049668375
NN3_106_JITTER105,1985-02-01,4562.157838217139
NN3_106_JITTER105,1985-03-01,5327.092038033606
NN3_106_JITTER105,1985-04-01,4949.094948917566
NN3_106_JITTER105,1985-05-01,5123.3589658708115
NN3_106_JITTER105,1985-06-01,5164.742398332599
NN3_106_JITTER105,1985-07-01,5280.07069099859
NN3_106_JITTER105,1985-08-01,5346.805277035315
NN3_106_JITTER105,1985-09-01,4968.212931862737
NN3_106_JITTER105,1985-10-01,5148.757763276342
NN3_106_JITTER105,1985-11-01,4731.461758137492
NN3_106_JITTER105,1985-12-01,4697.6299270307245
NN3_106_JITTER105,1986-01-01,4433.957660811163
NN3_106_JITTER105,1986-02-01,4234.727642832339
NN3_106_JITTER105,1986-03-01,4864.045381368987
NN3_106_JITTER105,1986-04-01,4918.662986241613
NN3_106_JITTER105,1986-05-01,4832.64205971208
NN3_106_JITTER105,1986-06-01,5272.9002768408045
NN3_106_JITTER105,1986-07-01,5637.050007569244
NN3_106_JITTER105,1986-08-01,6161.938380531936
NN3_106_JITTER105,1986-09-01,5506.1918548140475
NN3_106_JITTER105,1986-10-01,5533.502191919916
NN3_106_JITTER105,1986-11-01,4277.6500816465195
NN3_106_JITTER105,1986-12-01,4806.474158845064
NN3_106_JITTER105,1987-01-01,4627.068809168941
NN3_106_JITTER105,1987-02-01,4477.662715152292
NN3_106_JITTER105,1987-03-01,4656.319041839204
NN3_106_JITTER105,1987-04-01,4817.99971007583
NN3_106_JITTER105,1987-05-01,5001.251968622804
NN3_106_JITTER105,1987-06-01,5208.059234439135
NN3_106_JITTER105,1987-07-01,5531.633726473158
NN3_106_JITTER105,1987-08-01,5524.675895673687
NN3_106_JITTER105,1987-09-01,5937.813933210962
NN3_106_JITTER105,1987-10-01,5532.904861297543
NN3_106_JITTER105,1987-11-01,4827.637838730714
NN3_106_JITTER105,1987-12-01,5302.550953406549
NN3_106_JITTER105,1988-01-01,5002.762231577688
NN3_106_JITTER105,1988-02-01,4980.146531172945
NN3_106_JITTER105,1988-03-01,5221.951728163297
NN3_106_JITTER105,1988-04-01,4864.487482776364
NN3_106_JITTER105,1988-05-01,5302.656834300598
NN3_106_JITTER105,1988-06-01,5723.5043167983595
NN3_107_JITTER106,1982-01-01,4331.658966549098
NN3_107_JITTER106,1982-02-01,4209.370242472169
NN3_107_JITTER106,1982-03-01,4027.154968792955
NN3_107_JITTER106,1982-04-01,3650.754526505324
NN3_107_JITTER106,1982-05-01,3512.087280371333
NN3_107_JITTER106,1982-06-01,3584.7326234666493
NN3_107_JITTER106,1982-07-01,3705.0619811070264
NN3_107_JITTER106,1982-08-01,3754.247612663938
NN3_107_JITTER106,1982-09-01,3866.070679584452
NN3_107_JITTER106,1982-10-01,3898.6065888821586
NN3_107_JITTER106,1982-11-01,3832.0714588336214
NN3_107_JITTER106,1982-12-01,3921.366649936964
NN3_107_JITTER106,1983-01-01,4197.231714659678
NN3_107_JITTER106,1983-02-01,4162.197808275477
NN3_107_JITTER106,1983-03-01,3717.582533275527
NN3_107_JITTER106,1983-04-01,3696.7170182885493
NN3_107_JITTER106,1983-05-01,3751.3936168201412
NN3_107_JITTER106,1983-06-01,3713.2266017231923
NN3_107_JITTER106,1983-07-01,3827.38022972787
NN3_107_JITTER106,1983-08-01,3751.0191992045616
NN3_107_JITTER106,1983-09-01,3836.791956317571
NN3_107_JITTER106,1983-10-01,3799.127770682807
NN3_107_JITTER106,1983-11-01,3968.541875522114
NN3_107_JITTER106,1983-12-01,3746.915392909969
NN3_107_JITTER106,1984-01-01,3766.771073248822
NN3_107_JITTER106,1984-02-01,3989.5107067432723
NN3_107_JITTER106,1984-03-01,4093.2582841873987
NN3_107_JITTER106,1984-04-01,4192.250194531019
NN3_107_JITTER106,1984-05-01,4242.36541748817
NN3_107_JITTER106,1984-06-01,4135.394790353152
NN3_107_JITTER106,1984-07-01,4034.2113224345844
NN3_107_JITTER106,1984-08-01,3755.3085854008614
NN3_107_JITTER106,1984-09-01,3919.627056187643
NN3_107_JITTER106,1984-10-01,3906.752666599392
NN3_107_JITTER106,1984-11-01,4023.7479981258944
NN3_107_JITTER106,1984-12-01,4158.319068165517
NN3_107_JITTER106,1985-01-01,4013.9844195724377
NN3_107_JITTER106,1985-02-01,3839.2750737199062
NN3_107_JITTER106,1985-03-01,3758.7808350235996
NN3_107_JITTER106,1985-04-01,3667.5419253198047
NN3_107_JITTER106,1985-05-01,3661.5375020528095
NN3_107_JITTER106,1985-06-01,3766.3442962636295
NN3_107_JITTER106,1985-07-01,3885.009178128941
NN3_107_JITTER106,1985-08-01,3813.5296864767224
NN3_107_JITTER106,1985-09-01,3806.3487864043177
NN3_107_JITTER106,1985-10-01,3645.0520746124553
NN3_107_JITTER106,1985-11-01,3697.849982372554
NN3_107_JITTER106,1985-12-01,3852.8678254773326
NN3_107_JITTER106,1986-01-01,4054.128018015543
NN3_107_JITTER106,1986-02-01,4154.032718034485
NN3_107_JITTER106,1986-03-01,3709.4408263674027
NN3_107_JITTER106,1986-04-01,3523.244509540535
NN3_107_JITTER106,1986-05-01,3798.729912274648
NN3_107_JITTER106,1986-06-01,3954.9446440271277
NN3_107_JITTER106,1986-07-01,3832.3476428581607
NN3_107_JITTER106,1986-08-01,3805.5489949833204
NN3_107_JITTER106,1986-09-01,3976.2737528720163
NN3_107_JITTER106,1986-10-01,3732.900439617855
NN3_107_JITTER106,1986-11-01,3871.5367905138
NN3_107_JITTER106,1986-12-01,3940.3110394039277
NN3_107_JITTER106,1987-01-01,4261.453998381636
NN3_107_JITTER106,1987-02-01,4164.446568764186
NN3_107_JITTER106,1987-03-01,4150.398872098855
NN3_107_JITTER106,1987-04-01,4050.045504135233
NN3_107_JITTER106,1987-05-01,3948.1804802781976
NN3_107_JITTER106,1987-06-01,3903.5324304776077
NN3_107_JITTER106,1987-07-01,3797.4031633165114
NN3_107_JITTER106,1987-08-01,3808.5012751824884
NN3_107_JITTER106,1987-09-01,3876.708182432039
NN3_107_JITTER106,1987-10-01,3687.5289935271544
NN3_107_JITTER106,1987-11-01,3806.261077084231
NN3_107_JITTER106,1987-12-01,3835.2022581295364
NN3_107_JITTER106,1988-01-01,4049.2570372022055
NN3_107_JITTER106,1988-02-01,4126.042786469104
NN3_107_JITTER106,1988-03-01,3922.186545295413
NN3_107_JITTER106,1988-04-01,3834.341551743685
NN3_107_JITTER106,1988-05-01,3811.9181316325685
NN3_107_JITTER106,1988-06-01,3531.2110833694883
NN3_107_JITTER106,1988-07-01,3643.0734893600365
NN3_107_JITTER106,1988-08-01,3707.320599932867
NN3_107_JITTER106,1988-09-01,3693.6897962218814
NN3_107_JITTER106,1988-10-01,3648.563876019781
NN3_107_JITTER106,1988-11-01,3719.2293950453113
NN3_107_JITTER106,1988-12-01,3825.2985669372856
NN3_107_JITTER106,1989-01-01,4178.948767365137
NN3_107_JITTER106,1989-02-01,4104.5556220946555
NN3_107_JITTER106,1989-03-01,3833.594257434284
NN3_107_JITTER106,1989-04-01,3797.7378355984247
NN3_107_JITTER106,1989-05-01,3693.499446504546
NN3_107_JITTER106,1989-06-01,3592.41512279197
NN3_107_JITTER106,1989-07-01,3835.5568367372657
NN3_107_JITTER106,1989-08-01,3686.6932338208844
NN3_107_JITTER106,1989-09-01,3736.7305890717003
NN3_107_JITTER106,1989-10-01,3704.454272883097
NN3_107_JITTER106,1989-11-01,3746.2357374766093
NN3_107_JITTER106,1989-12-01,3567.1354057626486
NN3_107_JITTER106,1990-01-01,3956.3340599182
NN3_107_JITTER106,1990-02-01,4061.1106924677188
NN3_107_JITTER106,1990-03-01,3751.3954263364863
NN3_107_JITTER106,1990-04-01,3736.809633198894
NN3_107_JITTER106,1990-05-01,3602.8964548383815
NN3_107_JITTER106,1990-06-01,3532.031686909821
NN3_107_JITTER106,1990-07-01,3638.3616148847304
NN3_107_JITTER106,1990-08-01,3506.479442806223
NN3_107_JITTER106,1990-09-01,3791.9611303384922
NN3_107_JITTER106,1990-10-01,3638.464004094009
NN3_107_JITTER106,1990-11-01,3580.8683797198923
NN3_107_JITTER106,1990-12-01,3647.6897144894488
NN3_107_JITTER106,1991-01-01,3763.6259102624313
NN3_107_JITTER106,1991-02-01,3614.109000510697
NN3_107_JITTER106,1991-03-01,3475.078064177773
NN3_107_JITTER106,1991-04-01,3419.4282855206566
NN3_107_JITTER106,1991-05-01,3478.3594304830444
NN3_107_JITTER106,1991-06-01,3560.547381764229
NN3_108_JITTER107,1983-01-01,1684.1174202682002
NN3_108_JITTER107,1983-02-01,1031.5966302466418
NN3_108_JITTER107,1983-03-01,1718.2532409101555
NN3_108_JITTER107,1983-04-01,2062.086164909099
NN3_108_JITTER107,1983-05-01,2153.0852104161086
NN3_108_JITTER107,1983-06-01,2392.8025332121765
NN3_108_JITTER107,1983-07-01,2365.3688077017905
NN3_108_JITTER107,1983-08-01,2294.3645430203105
NN3_108_JITTER107,1983-09-01,2673.185049463651
NN3_108_JITTER107,1983-10-01,3664.87772207627
NN3_108_JITTER107,1983-11-01,2192.8980088029475
NN3_108_JITTER107,1983-12-01,2853.1718965406944
NN3_108_JITTER107,1984-01-01,2848.5876492142506
NN3_108_JITTER107,1984-02-01,3535.9902518970553
NN3_108_JITTER107,1984-03-01,3181.5571578785257
NN3_108_JITTER107,1984-04-01,3705.9523349836063
NN3_108_JITTER107,1984-05-01,6543.46741715419
NN3_108_JITTER107,1984-06-01,3032.9872889873413
NN3_108_JITTER107,1984-07-01,8870.085357872718
NN3_108_JITTER107,1984-08-01,3329.6958298321565
NN3_108_JITTER107,1984-09-01,3195.726555926244
NN3_108_JITTER107,1984-10-01,4679.360892907487
NN3_108_JITTER107,1984-11-01,2600.650724129496
NN3_108_JITTER107,1984-12-01,4820.457111641851
NN3_108_JITTER107,1985-01-01,3737.706932579562
NN3_108_JITTER107,1985-02-01,3694.435572988404
NN3_108_JITTER107,1985-03-01,2601.2135741941074
NN3_108_JITTER107,1985-04-01,3038.060077446523
NN3_108_JITTER107,1985-05-01,2667.7238724823264
NN3_108_JITTER107,1985-06-01,2724.84704470031
NN3_108_JITTER107,1985-07-01,2561.993968834367
NN3_108_JITTER107,1985-08-01,2671.2686427256713
NN3_108_JITTER107,1985-09-01,2538.992977766051
NN3_108_JITTER107,1985-10-01,3708.093686830745
NN3_108_JITTER107,1985-11-01,1160.0648797711153
NN3_108_JITTER107,1985-12-01,2897.4396298565543
NN3_108_JITTER107,1986-01-01,2825.739060767091
NN3_108_JITTER107,1986-02-01,2115.164120225713
NN3_108_JITTER107,1986-03-01,2755.6941066814684
NN3_108_JITTER107,1986-04-01,2875.338355119153
NN3_108_JITTER107,1986-05-01,3263.7784627139536
NN3_108_JITTER107,1986-06-01,2172.405814040615
NN3_108_JITTER107,1986-07-01,2006.2299455188593
NN3_108_JITTER107,1986-08-01,1909.7011245175554
NN3_108_JITTER107,1986-09-01,1765.2436556812431
NN3_108_JITTER107,1986-10-01,2516.9680589451987
NN3_108_JITTER107,1986-11-01,2463.9198025914075
NN3_108_JITTER107,1986-12-01,2474.7071495517607
NN3_108_JITTER107,1987-01-01,2379.5088251796337
NN3_108_JITTER107,1987-02-01,2487.371330114903
NN3_108_JITTER107,1987-03-01,2083.4010187615972
NN3_108_JITTER107,1987-04-01,2504.324698005193
NN3_108_JITTER107,1987-05-01,2229.088770422211
NN3_108_JITTER107,1987-06-01,4454.110984167067
NN3_108_JITTER107,1987-07-01,3000.7264355497396
NN3_108_JITTER107,1987-08-01,2209.552002519698
NN3_108_JITTER107,1987-09-01,2764.1684886346393
NN3_108_JITTER107,1987-10-01,3463.606909360704
NN3_108_JITTER107,1987-11-01,2401.1745929835492
NN3_108_JITTER107,1987-12-01,3415.793943189062
NN3_108_JITTER107,1988-01-01,3564.482576728598
NN3_108_JITTER107,1988-02-01,2324.210969469053
NN3_108_JITTER107,1988-03-01,3110.2973869181587
NN3_108_JITTER107,1988-04-01,2881.4767441653285
NN3_108_JITTER107,1988-05-01,4087.520127542082
NN3_108_JITTER107,1988-06-01,7303.471039905662
NN3_108_JITTER107,1988-07-01,3321.1592491822034
NN3_108_JITTER107,1988-08-01,3951.765469458314
NN3_108_JITTER107,1988-09-01,3186.6492750982625
NN3_108_JITTER107,1988-10-01,2242.800971526192
NN3_108_JITTER107,1988-11-01,4452.218755758849
NN3_108_JITTER107,1988-12-01,3551.008833280194
NN3_108_JITTER107,1989-01-01,3159.0949583435263
NN3_108_JITTER107,1989-02-01,3328.894262876539
NN3_108_JITTER107,1989-03-01,3526.27176894337
NN3_108_JITTER107,1989-04-01,4541.994331992753
NN3_108_JITTER107,1989-05-01,2811.768570954958
NN3_108_JITTER107,1989-06-01,4081.0088518675
NN3_108_JITTER107,1989-07-01,2793.4325454625587
NN3_108_JITTER107,1989-08-01,3433.9593617878973
NN3_108_JITTER107,1989-09-01,5487.181838140271
NN3_108_JITTER107,1989-10-01,3028.6215292805023
NN3_108_JITTER107,1989-11-01,2738.1819895297317
NN3_108_JITTER107,1989-12-01,2412.9572088226514
NN3_108_JITTER107,1990-01-01,2859.429464611093
NN3_108_JITTER107,1990-02-01,3909.325281660943
NN3_108_JITTER107,1990-03-01,3286.117665861761
NN3_108_JITTER107,1990-04-01,4218.441945861119
NN3_108_JITTER107,1990-05-01,3405.9031541708655
NN3_108_JITTER107,1990-06-01,3808.975715108267
NN3_108_JITTER107,1990-07-01,4436.950088303785
NN3_108_JITTER107,1990-08-01,2377.3407411316643
NN3_108_JITTER107,1990-09-01,2716.9258076863775
NN3_108_JITTER107,1990-10-01,4272.317294503969
NN3_108_JITTER107,1990-11-01,3204.0316174723775
NN3_108_JITTER107,1990-12-01,5853.235771552261
NN3_108_JITTER107,1991-01-01,3579.2460591241106
NN3_108_JITTER107,1991-02-01,2907.2092766051824
NN3_108_JITTER107,1991-03-01,2546.36001560466
NN3_108_JITTER107,1991-04-01,2840.0547967176076
NN3_108_JITTER107,1991-05-01,2178.030701886635
NN3_108_JITTER107,1991-06-01,2068.4106480390024
NN3_108_JITTER107,1991-07-01,2409.7757277309884
NN3_109_JITTER108,1980-01-01,6340.564816133869
NN3_109_JITTER108,1980-02-01,5935.753147877628
NN3_109_JITTER108,1980-03-01,6436.855060348191
NN3_109_JITTER108,1980-04-01,6207.032526219948
NN3_109_JITTER108,1980-05-01,6145.171353723769
NN3_109_JITTER108,1980-06-01,5372.916726544128
NN3_109_JITTER108,1980-07-01,4857.489447958326
NN3_109_JITTER108,1980-08-01,4861.149680445141
NN3_109_JITTER108,1980-09-01,4732.2275287908515
NN3_109_JITTER108,1980-10-01,5071.407674452824
NN3_109_JITTER108,1980-11-01,5222.55454453336
NN3_109_JITTER108,1980-12-01,5362.038126574758
NN3_109_JITTER108,1981-01-01,5459.547517001078
NN3_109_JITTER108,1981-02-01,5180.343832515506
NN3_109_JITTER108,1981-03-01,5528.713610309529
NN3_109_JITTER108,1981-04-01,4890.675388911133
NN3_109_JITTER108,1981-05-01,4254.996284748207
NN3_109_JITTER108,1981-06-01,4520.784841877564
NN3_109_JITTER108,1981-07-01,5404.368234405514
NN3_109_JITTER108,1981-08-01,5332.122717417234
NN3_109_JITTER108,1981-09-01,5366.696688739254
NN3_109_JITTER108,1981-10-01,5100.211381031371
NN3_109_JITTER108,1981-11-01,5147.3048157278035
NN3_109_JITTER108,1981-12-01,4774.62225443065
NN3_109_JITTER108,1982-01-01,4502.891241821851
NN3_109_JITTER108,1982-02-01,4331.608067653187
NN3_109_JITTER108,1982-03-01,4169.424481737051
NN3_109_JITTER108,1982-04-01,3749.3856664217424
NN3_109_JITTER108,1982-05-01,3583.951432585559
NN3_109_JITTER108,1982-06-01,3362.06572036244
NN3_109_JITTER108,1982-07-01,3041.3890939396715
NN3_109_JITTER108,1982-08-01,3029.84669873957
NN3_109_JITTER108,1982-09-01,3036.3827845807386
NN3_109_JITTER108,1982-10-01,2758.874721523862
NN3_109_JITTER108,1982-11-01,2643.9326883026997
NN3_109_JITTER108,1982-12-01,2660.044040071578
NN3_109_JITTER108,1983-01-01,2726.383003862853
NN3_109_JITTER108,1983-02-01,2765.186141778159
NN3_109_JITTER108,1983-03-01,2605.696695816552
NN3_109_JITTER108,1983-04-01,3200.77601667546
NN3_109_JITTER108,1983-05-01,3149.9192797433507
NN3_109_JITTER108,1983-06-01,2705.393522595985
NN3_109_JITTER108,1983-07-01,3309.1169782447073
NN3_109_JITTER108,1983-08-01,3285.736472806814
NN3_109_JITTER108,1983-09-01,3179.5963113370576
NN3_109_JITTER108,1983-10-01,3339.240806645754
NN3_109_JITTER108,1983-11-01,3336.2487321276535
NN3_109_JITTER108,1983-12-01,3528.9241851765246
NN3_109_JITTER108,1984-01-01,3771.4002109279772
NN3_109_JITTER108,1984-02-01,3590.7335530152127
NN3_109_JITTER108,1984-03-01,3804.538741392917
NN3_109_JITTER108,1984-04-01,4240.869577769363
NN3_109_JITTER108,1984-05-01,4137.410893603522
NN3_109_JITTER108,1984-06-01,3479.082715809089
NN3_109_JITTER108,1984-07-01,3623.7792950092517
NN3_109_JITTER108,1984-08-01,3639.373478625683
NN3_109_JITTER108,1984-09-01,3632.4517073645247
NN3_109_JITTER108,1984-10-01,3344.7588335708583
NN3_109_JITTER108,1984-11-01,3274.7496007774685
NN3_109_JITTER108,1984-12-01,3530.7142899488713
NN3_109_JITTER108,1985-01-01,3467.9538691157786
NN3_109_JITTER108,1985-02-01,3296.604316333578
NN3_109_JITTER108,1985-03-01,3438.3781043384793
NN3_109_JITTER108,1985-04-01,3852.2569149919127
NN3_109_JITTER108,1985-05-01,3716.15234098204
NN3_109_JITTER108,1985-06-01,3302.143495209554
NN3_109_JITTER108,1985-07-01,3495.0439672420584
NN3_109_JITTER108,1985-08-01,3428.437307059722
NN3_109_JITTER108,1985-09-01,3448.461402576305
NN3_109_JITTER108,1985-10-01,3128.198766503149
NN3_109_JITTER108,1985-11-01,3236.1794748209154
NN3_109_JITTER108,1985-12-01,3326.6284521683656
NN3_109_JITTER108,1986-01-01,3467.0602601991236
NN3_109_JITTER108,1986-02-01,3352.4925137165615
NN3_109_JITTER108,1986-03-01,3548.506716948833
NN3_109_JITTER108,1986-04-01,3647.782241460031
NN3_109_JITTER108,1986-05-01,3485.0577270083622
NN3_109_JITTER108,1986-06-01,2948.6847478031677
NN3_109_JITTER108,1986-07-01,2562.584303232446
NN3_109_JITTER108,1986-08-01,2631.7408519012074
NN3_109_JITTER108,1986-09-01,2570.346978045558
NN3_109_JITTER108,1986-10-01,2522.7450538952016
NN3_109_JITTER108,1986-11-01,2493.7390317722225
NN3_109_JITTER108,1986-12-01,2651.657070339207
NN3_109_JITTER108,1987-01-01,2619.59228461348
NN3_109_JITTER108,1987-02-01,2457.028921444302
NN3_109_JITTER108,1987-03-01,2634.5526364237135
NN3_109_JITTER108,1987-04-01,3358.1681149811584
NN3_109_JITTER108,1987-05-01,3226.237155185935
NN3_109_JITTER108,1987-06-01,2789.379078824927
NN3_109_JITTER108,1987-07-01,3303.9408507666058
NN3_109_JITTER108,1987-08-01,3353.153888957313
NN3_109_JITTER108,1987-09-01,3243.100171422744
NN3_109_JITTER108,1987-10-01,3249.4162802865717
NN3_109_JITTER108,1987-11-01,3304.3662297751557
NN3_109_JITTER108,1987-12-01,3494.766694981246
NN3_109_JITTER108,1988-01-01,3457.6030256422273
NN3_109_JITTER108,1988-02-01,3330.3354604259453
NN3_109_JITTER108,1988-03-01,3615.6626387024253
NN3_109_JITTER108,1988-04-01,3506.5721081342367
NN3_109_JITTER108,1988-05-01,3727.809054245956
NN3_109_JITTER108,1988-06-01,3466.352770283633
NN3_109_JITTER108,1988-07-01,3566.639459346643
NN3_109_JITTER108,1988-08-01,3441.262456916023
NN3_109_JITTER108,1988-09-01,3430.2210085153047
NN3_109_JITTER108,1988-10-01,3593.3335113669873
NN3_109_JITTER108,1988-11-01,3519.7869539640046
NN3_109_JITTER108,1988-12-01,3565.6161684573067
NN3_109_JITTER108,1989-01-01,3621.623321834615
NN3_109_JITTER108,1989-02-01,3248.2830243771377
NN3_109_JITTER108,1989-03-01,3668.1630376728785
NN3_110_JITTER109,1978-01-01,2550.9302614654753
NN3_110_JITTER109,1978-02-01,2345.9662415479347
NN3_110_JITTER109,1978-03-01,3452.73476818933
NN3_110_JITTER109,1978-04-01,3103.6796534992545
NN3_110_JITTER109,1978-05-01,2408.1809338201774
NN3_110_JITTER109,1978-06-01,2736.1640660318194
NN3_110_JITTER109,1978-07-01,2132.758934441549
NN3_110_JITTER109,1978-08-01,2642.3507914890715
NN3_110_JITTER109,1978-09-01,1969.6728964392305
NN3_110_JITTER109,1978-10-01,1434.7715019093998
NN3_110_JITTER109,1978-11-01,1906.745944625444
NN3_110_JITTER109,1978-12-01,2566.972808018676
NN3_110_JITTER109,1979-01-01,2481.943903038045
NN3_110_JITTER109,1979-02-01,2851.3609158176955
NN3_110_JITTER109,1979-03-01,2797.321924709397
NN3_110_JITTER109,1979-04-01,3115.498803058056
NN3_110_JITTER109,1979-05-01,2779.9572278382234
NN3_110_JITTER109,1979-06-01,2947.949784751693
NN3_110_JITTER109,1979-07-01,2053.2790167527814
NN3_110_JITTER109,1979-08-01,2198.4565193362705
NN3_110_JITTER109,1979-09-01,2083.504993941746
NN3_110_JITTER109,1979-10-01,1969.187081665174
NN3_110_JITTER109,1979-11-01,3142.235381508756
NN3_110_JITTER109,1979-12-01,4547.047300971695
NN3_110_JITTER109,1980-01-01,3767.632533520887
NN3_110_JITTER109,1980-02-01,5099.057656814671
NN3_110_JITTER109,1980-03-01,5824.340182493124
NN3_110_JITTER109,1980-04-01,4654.6804343251915
NN3_110_JITTER109,1980-05-01,4424.160091818923
NN3_110_JITTER109,1980-06-01,3405.2732389743264
NN3_110_JITTER109,1980-07-01,2673.8757332841424
NN3_110_JITTER109,1980-08-01,2069.7012215399773
NN3_110_JITTER109,1980-09-01,2066.9481515263465
NN3_110_JITTER109,1980-10-01,1211.350101405538
NN3_110_JITTER109,1980-11-01,2179.8136830432586
NN3_110_JITTER109,1980-12-01,2854.192561547814
NN3_110_JITTER109,1981-01-01,3370.217061230219
NN3_110_JITTER109,1981-02-01,11743.405795031364
NN3_110_JITTER109,1981-03-01,3690.12154341283
NN3_110_JITTER109,1981-04-01,2636.2057473369114
NN3_110_JITTER109,1981-05-01,2256.223770531446
NN3_110_JITTER109,1981-06-01,1474.2491710584495
NN3_110_JITTER109,1981-07-01,1346.5623856526736
NN3_110_JITTER109,1981-08-01,4904.018501802748
NN3_110_JITTER109,1981-09-01,1317.433238502331
NN3_110_JITTER109,1981-10-01,1400.544169556701
NN3_110_JITTER109,1981-11-01,2317.3880853039054
NN3_110_JITTER109,1981-12-01,3724.288310896165
NN3_110_JITTER109,1982-01-01,3465.683377251914
NN3_110_JITTER109,1982-02-01,3578.772268589688
NN3_110_JITTER109,1982-03-01,4499.565455303404
NN3_110_JITTER109,1982-04-01,3226.647305014698
NN3_110_JITTER109,1982-05-01,2579.2806666179736
NN3_110_JITTER109,1982-06-01,2581.563873642597
NN3_110_JITTER109,1982-07-01,1970.3750023950886
NN3_110_JITTER109,1982-08-01,1720.6712861016988
NN3_110_JITTER109,1982-09-01,1687.5195435161816
NN3_110_JITTER109,1982-10-01,1423.4400702844264
NN3_110_JITTER109,1982-11-01,1939.1173777155177
NN3_110_JITTER109,1982-12-01,1969.0160569771401
NN3_110_JITTER109,1983-01-01,2260.1744894694616
NN3_110_JITTER109,1983-02-01,1765.7054747104253
NN3_110_JITTER109,1983-03-01,2508.9745799431557
NN3_110_JITTER109,1983-04-01,3155.601958157869
NN3_110_JITTER109,1983-05-01,2358.7345472535408
NN3_110_JITTER109,1983-06-01,4272.970587653543
NN3_110_JITTER109,1983-07-01,1875.5389722434004
NN3_110_JITTER109,1983-08-01,1886.167322603016
NN3_110_JITTER109,1983-09-01,1659.752680802279
NN3_110_JITTER109,1983-10-01,1360.286178008977
NN3_110_JITTER109,1983-11-01,2419.128610818025
NN3_110_JITTER109,1983-12-01,3232.452649228787
NN3_110_JITTER109,1984-01-01,3481.8649006039677
NN3_110_JITTER109,1984-02-01,3644.2553824049046
NN3_110_JITTER109,1984-03-01,4481.22537914181
NN3_110_JITTER109,1984-04-01,3669.808571634558
NN3_110_JITTER109,1984-05-01,3147.7822450850367
NN3_110_JITTER109,1984-06-01,2179.0653537014314
NN3_110_JITTER109,1984-07-01,1512.2000387791559
NN3_110_JITTER109,1984-08-01,2341.848208738295
NN3_110_JITTER109,1984-09-01,1319.6530217290235
NN3_110_JITTER109,1984-10-01,1545.0707911064183
NN3_110_JITTER109,1984-11-01,2271.5467242429145
NN3_110_JITTER109,1984-12-01,3163.7087671512604
NN3_110_JITTER109,1985-01-01,4059.3747566886973
NN3_110_JITTER109,1985-02-01,3910.686925279943
NN3_110_JITTER109,1985-03-01,3118.2424322979455
NN3_110_JITTER109,1985-04-01,2669.3866380024742
NN3_110_JITTER109,1985-05-01,1936.687937754183
NN3_110_JITTER109,1985-06-01,1741.592933662421
NN3_110_JITTER109,1985-07-01,1350.4572085539423
NN3_110_JITTER109,1985-08-01,936.757104498245
NN3_110_JITTER109,1985-09-01,1010.2400836505129
NN3_110_JITTER109,1985-10-01,1041.3514000298505
NN3_110_JITTER109,1985-11-01,1001.2587394903411
NN3_110_JITTER109,1985-12-01,850.6403547782357
NN3_110_JITTER109,1986-01-01,2048.5810438440503
NN3_110_JITTER109,1986-02-01,971.0689264889302
NN3_110_JITTER109,1986-03-01,763.734941085166
NN3_110_JITTER109,1986-04-01,825.2481606667448
NN3_110_JITTER109,1986-05-01,249.8482552572323
NN3_110_JITTER109,1986-06-01,321.7249503858931
NN3_110_JITTER109,1986-07-01,98.4556163209292
NN3_110_JITTER109,1986-08-01,1348.4357915429568
NN3_110_JITTER109,1986-09-01,1625.317133147357
NN3_110_JITTER109,1986-10-01,1554.4795643179398
NN3_110_JITTER109,1986-11-01,2599.8313010928728
NN3_110_JITTER109,1986-12-01,15857.432583783879
NN3_110_JITTER109,1987-01-01,2058.54132959045
NN3_110_JITTER109,1987-02-01,2514.5713864386057
NN3_110_JITTER109,1987-03-01,2990.920440276276
NN3_110_JITTER109,1987-04-01,2736.904073840568
NN3_110_JITTER109,1987-05-01,2325.1312640722867
NN3_110_JITTER109,1987-06-01,2084.5189077452565
NN3_111_JITTER110,1978-01-01,3139.2487927411057
NN3_111_JITTER110,1978-02-01,3279.0719128732744
NN3_111_JITTER110,1978-03-01,3590.148508692939
NN3_111_JITTER110,1978-04-01,4414.202816680266
NN3_111_JITTER110,1978-05-01,3598.852089101846
NN3_111_JITTER110,1978-06-01,4183.323478711934
NN3_111_JITTER110,1978-07-01,3491.100682187083
NN3_111_JITTER110,1978-08-01,3797.2576225669686
NN3_111_JITTER110,1978-09-01,4126.851686749582
NN3_111_JITTER110,1978-10-01,5660.974423969564
NN3_111_JITTER110,1978-11-01,5415.550722762747
NN3_111_JITTER110,1978-12-01,4247.35629642052
NN3_111_JITTER110,1979-01-01,3190.682602795537
NN3_111_JITTER110,1979-02-01,2659.6857845226677
NN3_111_JITTER110,1979-03-01,3378.587347650713
NN3_111_JITTER110,1979-04-01,3628.911855619691
NN3_111_JITTER110,1979-05-01,3640.3075767737537
NN3_111_JITTER110,1979-06-01,3219.009429153513
NN3_111_JITTER110,1979-07-01,3650.5647990822777
NN3_111_JITTER110,1979-08-01,3461.9773011585453
NN3_111_JITTER110,1979-09-01,4195.058011135546
NN3_111_JITTER110,1979-10-01,4846.043794980373
NN3_111_JITTER110,1979-11-01,6312.092798519845
NN3_111_JITTER110,1979-12-01,4732.9597707517805
NN3_111_JITTER110,1980-01-01,2373.6643582967063
NN3_111_JITTER110,1980-02-01,3393.8067710230657
NN3_111_JITTER110,1980-03-01,2907.5814596521586
NN3_111_JITTER110,1980-04-01,3099.503253796631
NN3_111_JITTER110,1980-05-01,3580.753549049948
NN3_111_JITTER110,1980-06-01,2977.3613979625807
NN3_111_JITTER110,1980-07-01,3837.9247722754817
NN3_111_JITTER110,1980-08-01,2981.014515323058
NN3_111_JITTER110,1980-09-01,4319.598956868611
NN3_111_JITTER110,1980-10-01,5570.39150329318
NN3_111_JITTER110,1980-11-01,4305.980396165478
NN3_111_JITTER110,1980-12-01,3553.756371963424
NN3_111_JITTER110,1981-01-01,3335.82951561059
NN3_111_JITTER110,1981-02-01,3304.0124899364228
NN3_111_JITTER110,1981-03-01,3764.3774913843836
NN3_111_JITTER110,1981-04-01,3354.740803375462
NN3_111_JITTER110,1981-05-01,3860.2650463079935
NN3_111_JITTER110,1981-06-01,3006.6413032124165
NN3_111_JITTER110,1981-07-01,3317.2337973099225
NN3_111_JITTER110,1981-08-01,3173.955813546936
NN3_111_JITTER110,1981-09-01,4434.124427028637
NN3_111_JITTER110,1981-10-01,5048.666592465087
NN3_111_JITTER110,1981-11-01,4661.720493996068
NN3_111_JITTER110,1981-12-01,3499.8030589028767
NN3_111_JITTER110,1982-01-01,2743.1858730574572
NN3_111_JITTER110,1982-02-01,2471.977500800238
NN3_111_JITTER110,1982-03-01,2231.8341619180837
NN3_111_JITTER110,1982-04-01,2901.194320612181
NN3_111_JITTER110,1982-05-01,3448.000295228898
NN3_111_JITTER110,1982-06-01,4141.283278853769
NN3_111_JITTER110,1982-07-01,2704.136600561372
NN3_111_JITTER110,1982-08-01,3444.611802898944
NN3_111_JITTER110,1982-09-01,3710.0125718497734
NN3_111_JITTER110,1982-10-01,4830.969818302732
NN3_111_JITTER110,1982-11-01,4451.781810071264
NN3_111_JITTER110,1982-12-01,3167.730941254469
NN3_111_JITTER110,1983-01-01,4656.220484992021
NN3_111_JITTER110,1983-02-01,2363.1956946698247
NN3_111_JITTER110,1983-03-01,2748.7627848878033
NN3_111_JITTER110,1983-04-01,2467.6910185603747
NN3_111_JITTER110,1983-05-01,2629.5716748928535
NN3_111_JITTER110,1983-06-01,5879.804985939093
NN3_111_JITTER110,1983-07-01,2336.8400497048424
NN3_111_JITTER110,1983-08-01,3689.812867131303
NN3_111_JITTER110,1983-09-01,2825.5740802963196
NN3_111_JITTER110,1983-10-01,5668.413989138596
NN3_111_JITTER110,1983-11-01,4131.922730854393
NN3_111_JITTER110,1983-12-01,4470.32996012057
NN3_111_JITTER110,1984-01-01,2693.0335625743164
NN3_111_JITTER110,1984-02-01,3619.6786548937616
NN3_111_JITTER110,1984-03-01,2862.544427006363
NN3_111_JITTER110,1984-04-01,4182.17082433316
NN3_111_JITTER110,1984-05-01,4451.232175011891
NN3_111_JITTER110,1984-06-01,3586.7995447748726
NN3_111_JITTER110,1984-07-01,3779.691277018488
NN3_111_JITTER110,1984-08-01,3265.0141205409545
NN3_111_JITTER110,1984-09-01,3495.5211453646684
NN3_111_JITTER110,1984-10-01,3884.634391600024
NN3_111_JITTER110,1984-11-01,4933.1914286865385
NN3_111_JITTER110,1984-12-01,3861.3380384804186
NN3_111_JITTER110,1985-01-01,3175.4055082546065
NN3_111_JITTER110,1985-02-01,2940.3749346524005
NN3_111_JITTER110,1985-03-01,3606.115579662516
NN3_111_JITTER110,1985-04-01,2672.428706199548
NN3_111_JITTER110,1985-05-01,3345.1331518949914
NN3_111_JITTER110,1985-06-01,4356.216541988951
NN3_111_JITTER110,1985-07-01,3029.8663133782993
NN3_111_JITTER110,1985-08-01,3356.2801963089332
NN3_111_JITTER110,1985-09-01,5113.70687091852
NN3_111_JITTER110,1985-10-01,4244.8744509646685
NN3_111_JITTER110,1985-11-01,4598.440178974605
NN3_111_JITTER110,1985-12-01,3424.9268512043013
NN3_111_JITTER110,1986-01-01,2560.2705927877337
NN3_111_JITTER110,1986-02-01,2617.689863282654
NN3_111_JITTER110,1986-03-01,3022.6723596152783
NN3_111_JITTER110,1986-04-01,3005.7297167841016
NN3_111_JITTER110,1986-05-01,2920.6625194301223
NN3_111_JITTER110,1986-06-01,3068.014685136727
NN3_111_JITTER110,1986-07-01,3255.357317083417
NN3_111_JITTER110,1986-08-01,3009.7552688457004
NN3_111_JITTER110,1986-09-01,3024.907349834443
NN3_111_JITTER110,1986-10-01,3897.4344498088426
NN3_111_JITTER110,1986-11-01,5398.205669025961
NN3_111_JITTER110,1986-12-01,3298.77789257772
NN3_111_JITTER110,1987-01-01,3256.7156577860833
NN3_111_JITTER110,1987-02-01,4927.67227960488
NN3_111_JITTER110,1987-03-01,2901.357536547573
NN3_111_JITTER110,1987-04-01,2880.7442278931517
NN3_111_JITTER110,1987-05-01,3000.4670239958477
NN3_111_JITTER110,1987-06-01,2954.1897008640103
