unique_id,ds,y
TSMixup_0,1978-01-01,3690.0
TSMixup_0,1978-02-01,4360.0
TSMixup_0,1978-03-01,3520.0
TSMixup_0,1978-04-01,4140.0
TSMixup_0,1978-05-01,3440.0
TSMixup_0,1978-06-01,3750.0
TSMixup_0,1978-07-01,4140.0
TSMixup_0,1978-08-01,5610.0
TSMixup_0,1978-09-01,5350.0
TSMixup_0,1978-10-01,4270.0
TSMixup_0,1978-11-01,3160.0
TSMixup_0,1978-12-01,2560.0
TSMixup_0,1979-01-01,3410.0
TSMixup_0,1979-02-01,3670.0
TSMixup_0,1979-03-01,3670.0
TSMixup_0,1979-04-01,3200.0
TSMixup_0,1979-05-01,3700.0
TSMixup_0,1979-06-01,3430.0
TSMixup_0,1979-07-01,4130.0
TSMixup_0,1979-08-01,4870.0
TSMixup_0,1979-09-01,6310.0
TSMixup_0,1979-10-01,4680.0
TSMixup_0,1979-11-01,2380.0
TSMixup_0,1979-12-01,3430.0
TSMixup_0,1980-01-01,2950.0
TSMixup_0,1980-02-01,3130.0
TSMixup_0,1980-03-01,3650.0
TSMixup_0,1980-04-01,2980.0
TSMixup_0,1980-05-01,3720.0
TSMixup_0,1980-06-01,2960.0
TSMixup_0,1980-07-01,4300.0
TSMixup_0,1980-08-01,5550.0
TSMixup_0,1980-09-01,4380.0
TSMixup_0,1980-10-01,3620.0
TSMixup_0,1980-11-01,3350.0
TSMixup_0,1980-12-01,3300.0
TSMixup_0,1981-01-01,3800.0
TSMixup_0,1981-02-01,3420.0
TSMixup_0,1981-03-01,3860.0
TSMixup_0,1981-04-01,2900.0
TSMixup_0,1981-05-01,3240.0
TSMixup_0,1981-06-01,3150.0
TSMixup_0,1981-07-01,4460.0
TSMixup_0,1981-08-01,5040.0
TSMixup_0,1981-09-01,4660.0
TSMixup_0,1981-10-01,3450.0
TSMixup_0,1981-11-01,2660.0
TSMixup_0,1981-12-01,2400.0
TSMixup_0,1982-01-01,2200.0
TSMixup_0,1982-02-01,3020.0
TSMixup_0,1982-03-01,3450.0
TSMixup_0,1982-04-01,4110.0
TSMixup_0,1982-05-01,2760.0
TSMixup_0,1982-06-01,3390.0
TSMixup_0,1982-07-01,3740.0
TSMixup_0,1982-08-01,4830.0
TSMixup_0,1982-09-01,4450.0
TSMixup_0,1982-10-01,3140.0
TSMixup_0,1982-11-01,4700.0
TSMixup_0,1982-12-01,2330.0
TSMixup_0,1983-01-01,2740.0
TSMixup_0,1983-02-01,2480.0
TSMixup_0,1983-03-01,2690.0
TSMixup_0,1983-04-01,5850.0
TSMixup_0,1983-05-01,2450.0
TSMixup_0,1983-06-01,3720.0
TSMixup_0,1983-07-01,2780.0
TSMixup_0,1983-08-01,5690.0
TSMixup_0,1983-09-01,4150.0
TSMixup_0,1983-10-01,4460.0
TSMixup_0,1983-11-01,2730.0
TSMixup_0,1983-12-01,3580.0
TSMixup_0,1984-01-01,2870.0
TSMixup_0,1984-02-01,4210.0
TSMixup_0,1984-03-01,4500.0
TSMixup_0,1984-04-01,3560.0
TSMixup_0,1984-05-01,3800.0
TSMixup_0,1984-06-01,3260.0
TSMixup_0,1984-07-01,3410.0
TSMixup_0,1984-08-01,3860.0
TSMixup_0,1984-09-01,5000.0
TSMixup_0,1984-10-01,3840.0
TSMixup_0,1984-11-01,3210.0
TSMixup_0,1984-12-01,2930.0
TSMixup_0,1985-01-01,3630.0
TSMixup_0,1985-02-01,2760.0
TSMixup_0,1985-03-01,3310.0
TSMixup_0,1985-04-01,4320.0
TSMixup_0,1985-05-01,3010.0
TSMixup_0,1985-06-01,3440.0
TSMixup_1,1982-01-01,4162.0
TSMixup_1,1982-02-01,4200.0
TSMixup_1,1982-03-01,4156.0
TSMixup_1,1982-04-01,4129.0
TSMixup_1,1982-05-01,4064.0
TSMixup_1,1982-06-01,4070.0
TSMixup_1,1982-07-01,4175.0
TSMixup_1,1982-08-01,4364.0
TSMixup_1,1982-09-01,4179.0
TSMixup_1,1982-10-01,4098.0
TSMixup_1,1982-11-01,4270.0
TSMixup_1,1982-12-01,4035.0
TSMixup_1,1983-01-01,4251.0
TSMixup_1,1983-02-01,4342.0
TSMixup_1,1983-03-01,4360.0
TSMixup_1,1983-04-01,4268.0
TSMixup_1,1983-05-01,4230.0
TSMixup_1,1983-06-01,4285.0
TSMixup_1,1983-07-01,4324.0
TSMixup_1,1983-08-01,4321.0
TSMixup_1,1983-09-01,4300.0
TSMixup_1,1983-10-01,4387.0
TSMixup_1,1983-11-01,4606.0
TSMixup_1,1983-12-01,4424.0
TSMixup_1,1984-01-01,4494.0
TSMixup_1,1984-02-01,4602.0
TSMixup_1,1984-03-01,4717.0
TSMixup_1,1984-04-01,4715.0
TSMixup_1,1984-05-01,4658.0
TSMixup_1,1984-06-01,4560.0
TSMixup_1,1984-07-01,4509.0
TSMixup_1,1984-08-01,4573.0
TSMixup_1,1984-09-01,4515.0
TSMixup_1,1984-10-01,4590.0
TSMixup_1,1984-11-01,4594.0
TSMixup_1,1984-12-01,4533.0
TSMixup_1,1985-01-01,4637.0
TSMixup_1,1985-02-01,4733.0
TSMixup_1,1985-03-01,4508.0
TSMixup_1,1985-04-01,4415.0
TSMixup_1,1985-05-01,4633.0
TSMixup_1,1985-06-01,4680.0
TSMixup_1,1985-07-01,4687.0
TSMixup_1,1985-08-01,4699.0
TSMixup_1,1985-09-01,4850.0
TSMixup_1,1985-10-01,4870.0
TSMixup_1,1985-11-01,4765.0
TSMixup_1,1985-12-01,4842.0
TSMixup_1,1986-01-01,4959.0
TSMixup_1,1986-02-01,4846.0
TSMixup_1,1986-03-01,4886.0
TSMixup_1,1986-04-01,4748.0
TSMixup_1,1986-05-01,4605.0
TSMixup_1,1986-06-01,4615.0
TSMixup_1,1986-07-01,4722.0
TSMixup_1,1986-08-01,4840.0
TSMixup_1,1986-09-01,4929.0
TSMixup_1,1986-10-01,5038.0
TSMixup_1,1986-11-01,4905.0
TSMixup_1,1986-12-01,5039.0
TSMixup_1,1987-01-01,5112.0
TSMixup_1,1987-02-01,5203.0
TSMixup_1,1987-03-01,5181.0
TSMixup_1,1987-04-01,5097.0
TSMixup_1,1987-05-01,4927.0
TSMixup_1,1987-06-01,4928.0
TSMixup_1,1987-07-01,4755.0
TSMixup_1,1987-08-01,4855.0
TSMixup_1,1987-09-01,4787.0
TSMixup_1,1987-10-01,4823.0
TSMixup_1,1987-11-01,4840.0
TSMixup_1,1987-12-01,4867.0
TSMixup_1,1988-01-01,4950.0
TSMixup_1,1988-02-01,4994.0
TSMixup_1,1988-03-01,4939.0
TSMixup_1,1988-04-01,4894.0
TSMixup_1,1988-05-01,4685.0
TSMixup_1,1988-06-01,4677.0
TSMixup_1,1988-07-01,4765.0
TSMixup_1,1988-08-01,4823.0
TSMixup_1,1988-09-01,4951.0
TSMixup_1,1988-10-01,4979.0
TSMixup_1,1988-11-01,4999.0
TSMixup_1,1988-12-01,4896.0
TSMixup_1,1989-01-01,4818.0
TSMixup_1,1989-02-01,4837.0
TSMixup_1,1989-03-01,4810.0
TSMixup_1,1989-04-01,4740.0
TSMixup_1,1989-05-01,4746.0
TSMixup_1,1989-06-01,4748.0
TSMixup_1,1989-07-01,4797.0
TSMixup_1,1989-08-01,4762.0
TSMixup_1,1989-09-01,4908.0
TSMixup_1,1989-10-01,4934.0
TSMixup_1,1989-11-01,4898.0
TSMixup_1,1989-12-01,5022.0
TSMixup_1,1990-01-01,5022.0
TSMixup_1,1990-02-01,5020.0
TSMixup_1,1990-03-01,4961.0
TSMixup_1,1990-04-01,5043.0
TSMixup_1,1990-05-01,4831.0
TSMixup_1,1990-06-01,4783.0
TSMixup_1,1990-07-01,4752.0
TSMixup_1,1990-08-01,4810.0
TSMixup_1,1990-09-01,4834.0
TSMixup_1,1990-10-01,4809.0
TSMixup_1,1990-11-01,4734.0
TSMixup_1,1990-12-01,4925.0
TSMixup_1,1991-01-01,4949.0
TSMixup_1,1991-02-01,4946.0
TSMixup_1,1991-03-01,4849.0
TSMixup_1,1991-04-01,4600.0
TSMixup_2,1990-01-01,3860.0
TSMixup_2,1990-02-01,4880.0
TSMixup_2,1990-03-01,4420.0
TSMixup_2,1990-04-01,4900.0
TSMixup_2,1990-05-01,4230.0
TSMixup_2,1990-06-01,3970.0
TSMixup_2,1990-07-01,4690.0
TSMixup_2,1990-08-01,4190.0
TSMixup_2,1990-09-01,4960.0
TSMixup_2,1990-10-01,5590.0
TSMixup_2,1990-11-01,5000.0
TSMixup_2,1990-12-01,6030.0
TSMixup_2,1991-01-01,4690.0
TSMixup_2,1991-02-01,4090.0
TSMixup_2,1991-03-01,5070.0
TSMixup_2,1991-04-01,5050.0
TSMixup_2,1991-05-01,4520.0
TSMixup_2,1991-06-01,5070.0
TSMixup_2,1991-07-01,4290.0
TSMixup_2,1991-08-01,4400.0
TSMixup_2,1991-09-01,5080.0
TSMixup_2,1991-10-01,4180.0
TSMixup_2,1991-11-01,5230.0
TSMixup_2,1991-12-01,5200.0
TSMixup_2,1992-01-01,3800.0
TSMixup_2,1992-02-01,5010.0
TSMixup_2,1992-03-01,4420.0
TSMixup_2,1992-04-01,4810.0
TSMixup_2,1992-05-01,4690.0
TSMixup_2,1992-06-01,5390.0
TSMixup_2,1992-07-01,4730.0
TSMixup_2,1992-08-01,4770.0
TSMixup_2,1992-09-01,4690.0
TSMixup_2,1992-10-01,4450.0
TSMixup_2,1992-11-01,5400.0
TSMixup_2,1992-12-01,5590.0
TSMixup_2,1993-01-01,4360.0
TSMixup_2,1993-02-01,5370.0
TSMixup_3,1990-01-01,5430.0
TSMixup_3,1990-02-01,4365.0
TSMixup_3,1990-03-01,3165.0
TSMixup_3,1990-04-01,5255.0
TSMixup_3,1990-05-01,4650.0
TSMixup_3,1990-06-01,4345.0
TSMixup_3,1990-07-01,4965.0
TSMixup_3,1990-08-01,3780.0
TSMixup_3,1990-09-01,3090.0
TSMixup_3,1990-10-01,4955.0
TSMixup_3,1990-11-01,3815.0
TSMixup_3,1990-12-01,4840.0
TSMixup_3,1991-01-01,4650.0
TSMixup_3,1991-02-01,5000.0
TSMixup_3,1991-03-01,2810.0
TSMixup_3,1991-04-01,5260.0
TSMixup_3,1991-05-01,4180.0
TSMixup_3,1991-06-01,4860.0
TSMixup_3,1991-07-01,5370.0
TSMixup_3,1991-08-01,5275.0
TSMixup_3,1991-09-01,4220.0
TSMixup_3,1991-10-01,6365.0
TSMixup_3,1991-11-01,3520.0
TSMixup_3,1991-12-01,6180.0
TSMixup_3,1992-01-01,6025.0
TSMixup_3,1992-02-01,4070.0
TSMixup_3,1992-03-01,6280.0
TSMixup_3,1992-04-01,4600.0
TSMixup_3,1992-05-01,5660.0
TSMixup_3,1992-06-01,4625.0
TSMixup_3,1992-07-01,4665.0
TSMixup_3,1992-08-01,5040.0
TSMixup_3,1992-09-01,4340.0
TSMixup_3,1992-10-01,4825.0
TSMixup_3,1992-11-01,3955.0
TSMixup_3,1992-12-01,4515.0
TSMixup_3,1993-01-01,5415.0
TSMixup_3,1993-02-01,3135.0
TSMixup_3,1993-03-01,5695.0
TSMixup_4,1982-01-01,5998.0
TSMixup_4,1982-02-01,4770.0
TSMixup_4,1982-03-01,5152.0
TSMixup_4,1982-04-01,5065.0
TSMixup_4,1982-05-01,2471.0
TSMixup_4,1982-06-01,617.0
TSMixup_4,1982-07-01,1063.0
TSMixup_4,1982-08-01,1082.0
TSMixup_4,1982-09-01,4264.0
TSMixup_4,1982-10-01,5962.0
TSMixup_4,1982-11-01,5921.0
TSMixup_4,1982-12-01,5118.0
TSMixup_4,1983-01-01,5912.0
TSMixup_4,1983-02-01,5318.0
TSMixup_4,1983-03-01,5625.0
TSMixup_4,1983-04-01,5037.0
TSMixup_4,1983-05-01,2966.0
TSMixup_4,1983-06-01,767.0
TSMixup_4,1983-07-01,1124.0
TSMixup_4,1983-08-01,1246.0
TSMixup_4,1983-09-01,4345.0
TSMixup_4,1983-10-01,5440.0
TSMixup_4,1983-11-01,4599.0
TSMixup_4,1983-12-01,4851.0
TSMixup_4,1984-01-01,4447.0
TSMixup_4,1984-02-01,4213.0
TSMixup_4,1984-03-01,4158.0
TSMixup_4,1984-04-01,4101.0
TSMixup_4,1984-05-01,3429.0
TSMixup_4,1984-06-01,335.0
TSMixup_4,1984-07-01,258.0
TSMixup_4,1984-08-01,914.0
TSMixup_4,1984-09-01,3492.0
TSMixup_4,1984-10-01,4608.0
TSMixup_4,1984-11-01,5440.0
TSMixup_4,1984-12-01,5133.0
TSMixup_4,1985-01-01,5417.0
TSMixup_4,1985-02-01,5694.0
TSMixup_4,1985-03-01,5792.0
TSMixup_4,1985-04-01,5443.0
TSMixup_4,1985-05-01,5548.0
TSMixup_4,1985-06-01,2326.0
TSMixup_4,1985-07-01,1348.0
TSMixup_4,1985-08-01,1171.0
TSMixup_4,1985-09-01,5367.0
TSMixup_4,1985-10-01,5919.0
TSMixup_4,1985-11-01,5815.0
TSMixup_4,1985-12-01,6430.0
TSMixup_4,1986-01-01,5795.0
TSMixup_4,1986-02-01,5527.0
TSMixup_4,1986-03-01,5550.0
TSMixup_4,1986-04-01,4890.0
TSMixup_4,1986-05-01,5658.0
TSMixup_4,1986-06-01,2155.0
TSMixup_4,1986-07-01,1158.0
TSMixup_4,1986-08-01,1817.0
TSMixup_4,1986-09-01,5418.0
TSMixup_4,1986-10-01,6243.0
TSMixup_4,1986-11-01,6495.0
TSMixup_4,1986-12-01,6289.0
TSMixup_4,1987-01-01,6220.0
TSMixup_4,1987-02-01,5437.0
TSMixup_4,1987-03-01,5735.0
TSMixup_4,1987-04-01,5520.0
TSMixup_4,1987-05-01,4078.0
TSMixup_4,1987-06-01,2021.0
TSMixup_4,1987-07-01,1378.0
TSMixup_4,1987-08-01,1976.0
TSMixup_4,1987-09-01,5123.0
TSMixup_4,1987-10-01,6299.0
TSMixup_4,1987-11-01,6162.0
TSMixup_4,1987-12-01,6849.0
TSMixup_4,1988-01-01,5273.0
TSMixup_4,1988-02-01,5053.0
TSMixup_4,1988-03-01,5140.0
TSMixup_4,1988-04-01,4540.0
TSMixup_4,1988-05-01,5452.0
TSMixup_4,1988-06-01,2269.0
TSMixup_4,1988-07-01,1585.0
TSMixup_5,1990-01-01,4190.0
TSMixup_5,1990-02-01,4910.0
TSMixup_5,1990-03-01,4870.0
TSMixup_5,1990-04-01,4750.0
TSMixup_5,1990-05-01,4930.0
TSMixup_5,1990-06-01,4910.0
TSMixup_5,1990-07-01,4750.0
TSMixup_5,1990-08-01,5020.0
TSMixup_5,1990-09-01,6380.0
TSMixup_5,1990-10-01,5910.0
TSMixup_5,1990-11-01,5880.0
TSMixup_5,1990-12-01,7400.0
TSMixup_5,1991-01-01,5300.0
TSMixup_5,1991-02-01,5500.0
TSMixup_5,1991-03-01,6290.0
TSMixup_5,1991-04-01,6530.0
TSMixup_5,1991-05-01,5560.0
TSMixup_5,1991-06-01,6560.0
TSMixup_5,1991-07-01,6270.0
TSMixup_5,1991-08-01,5410.0
TSMixup_5,1991-09-01,6220.0
TSMixup_5,1991-10-01,5700.0
TSMixup_5,1991-11-01,6930.0
TSMixup_5,1991-12-01,6890.0
TSMixup_5,1992-01-01,5390.0
TSMixup_5,1992-02-01,6790.0
TSMixup_5,1992-03-01,5810.0
TSMixup_5,1992-04-01,6130.0
TSMixup_5,1992-05-01,6440.0
TSMixup_5,1992-06-01,6660.0
TSMixup_5,1992-07-01,6470.0
TSMixup_5,1992-08-01,5860.0
TSMixup_5,1992-09-01,5910.0
TSMixup_5,1992-10-01,6240.0
TSMixup_5,1992-11-01,7160.0
TSMixup_5,1992-12-01,6450.0
TSMixup_5,1993-01-01,5340.0
TSMixup_5,1993-02-01,6750.0
TSMixup_6,1990-01-01,6120.0
TSMixup_6,1990-02-01,3810.0
TSMixup_6,1990-03-01,3900.0
TSMixup_6,1990-04-01,4500.0
TSMixup_6,1990-05-01,4970.0
TSMixup_6,1990-06-01,5580.0
TSMixup_6,1990-07-01,5250.0
TSMixup_6,1990-08-01,4890.0
TSMixup_6,1990-09-01,6360.0
TSMixup_6,1990-10-01,4350.0
TSMixup_6,1990-11-01,5070.0
TSMixup_6,1990-12-01,4000.0
TSMixup_6,1991-01-01,5550.0
TSMixup_6,1991-02-01,3270.0
TSMixup_6,1991-03-01,4950.0
TSMixup_6,1991-04-01,5100.0
TSMixup_6,1991-05-01,5790.0
TSMixup_6,1991-06-01,3750.0
TSMixup_6,1991-07-01,5370.0
TSMixup_6,1991-08-01,5940.0
TSMixup_6,1991-09-01,3540.0
TSMixup_6,1991-10-01,3630.0
TSMixup_6,1991-11-01,4530.0
TSMixup_6,1991-12-01,5220.0
TSMixup_6,1992-01-01,4440.0
TSMixup_6,1992-02-01,3690.0
TSMixup_6,1992-03-01,6420.0
TSMixup_6,1992-04-01,4320.0
TSMixup_6,1992-05-01,4680.0
TSMixup_6,1992-06-01,5640.0
TSMixup_6,1992-07-01,4440.0
TSMixup_6,1992-08-01,5400.0
TSMixup_6,1992-09-01,3840.0
TSMixup_6,1992-10-01,5370.0
TSMixup_6,1992-11-01,4980.0
TSMixup_6,1992-12-01,4050.0
TSMixup_6,1993-01-01,4290.0
TSMixup_6,1993-02-01,5160.0
TSMixup_7,1990-01-01,3120.0
TSMixup_7,1990-02-01,3000.0
TSMixup_7,1990-03-01,2760.0
TSMixup_7,1990-04-01,1800.0
TSMixup_7,1990-05-01,2400.0
TSMixup_7,1990-06-01,3120.0
TSMixup_7,1990-07-01,4560.0
TSMixup_7,1990-08-01,2400.0
TSMixup_7,1990-09-01,2160.0
TSMixup_7,1990-10-01,3840.0
TSMixup_7,1990-11-01,2880.0
TSMixup_7,1990-12-01,2160.0
TSMixup_7,1991-01-01,4800.0
TSMixup_7,1991-02-01,3480.0
TSMixup_7,1991-03-01,960.0
TSMixup_7,1991-04-01,2760.0
TSMixup_7,1991-05-01,2160.0
TSMixup_7,1991-06-01,2160.0
TSMixup_7,1991-07-01,2760.0
TSMixup_7,1991-08-01,1800.0
TSMixup_7,1991-09-01,2520.0
TSMixup_7,1991-10-01,2520.0
TSMixup_7,1991-11-01,3240.0
TSMixup_7,1991-12-01,1680.0
TSMixup_7,1992-01-01,2760.0
TSMixup_7,1992-02-01,5040.0
TSMixup_7,1992-03-01,1680.0
TSMixup_7,1992-04-01,1320.0
TSMixup_7,1992-05-01,3000.0
TSMixup_7,1992-06-01,3120.0
TSMixup_7,1992-07-01,3000.0
TSMixup_7,1992-08-01,3000.0
TSMixup_7,1992-09-01,3960.0
TSMixup_7,1992-10-01,2640.0
TSMixup_7,1992-11-01,2280.0
TSMixup_7,1992-12-01,1920.0
TSMixup_7,1993-01-01,1800.0
TSMixup_7,1993-02-01,720.0
TSMixup_7,1993-03-01,1680.0
TSMixup_8,1990-01-01,7400.0
TSMixup_8,1990-02-01,7800.0
TSMixup_8,1990-03-01,9000.0
TSMixup_8,1990-04-01,7200.0
TSMixup_8,1990-05-01,6800.0
TSMixup_8,1990-06-01,8300.0
TSMixup_8,1990-07-01,5500.0
TSMixup_8,1990-08-01,5400.0
TSMixup_8,1990-09-01,7200.0
TSMixup_8,1990-10-01,5000.0
TSMixup_8,1990-11-01,6800.0
TSMixup_8,1990-12-01,8400.0
TSMixup_8,1991-01-01,7500.0
TSMixup_8,1991-02-01,5500.0
TSMixup_8,1991-03-01,5900.0
TSMixup_8,1991-04-01,6100.0
TSMixup_8,1991-05-01,6600.0
TSMixup_8,1991-06-01,7200.0
TSMixup_8,1991-07-01,6400.0
TSMixup_8,1991-08-01,6300.0
TSMixup_8,1991-09-01,5800.0
TSMixup_8,1991-10-01,4600.0
TSMixup_8,1991-11-01,6300.0
TSMixup_8,1991-12-01,6600.0
TSMixup_8,1992-01-01,5300.0
TSMixup_8,1992-02-01,5300.0
TSMixup_8,1992-03-01,6400.0
TSMixup_8,1992-04-01,5300.0
TSMixup_8,1992-05-01,5200.0
TSMixup_8,1992-06-01,5600.0
TSMixup_8,1992-07-01,5000.0
TSMixup_8,1992-08-01,6800.0
TSMixup_8,1992-09-01,4900.0
TSMixup_8,1992-10-01,8000.0
TSMixup_8,1992-11-01,5100.0
TSMixup_8,1992-12-01,6500.0
TSMixup_8,1993-01-01,8100.0
TSMixup_8,1993-02-01,6700.0
TSMixup_9,1977-01-01,2992.0
TSMixup_9,1977-02-01,3256.0
TSMixup_9,1977-03-01,4290.0
TSMixup_9,1977-04-01,4190.0
TSMixup_9,1977-05-01,4080.0
TSMixup_9,1977-06-01,4162.0
TSMixup_9,1977-07-01,3688.0
TSMixup_9,1977-08-01,3846.0
TSMixup_9,1977-09-01,3838.0
TSMixup_9,1977-10-01,4008.0
TSMixup_9,1977-11-01,4254.0
TSMixup_9,1977-12-01,3944.0
TSMixup_9,1978-01-01,3750.0
TSMixup_9,1978-02-01,3596.0
TSMixup_9,1978-03-01,4238.0
TSMixup_9,1978-04-01,4308.0
TSMixup_9,1978-05-01,4350.0
TSMixup_9,1978-06-01,4386.0
TSMixup_9,1978-07-01,4086.0
TSMixup_9,1978-08-01,3878.0
TSMixup_9,1978-09-01,4294.0
TSMixup_9,1978-10-01,4334.0
TSMixup_9,1978-11-01,3944.0
TSMixup_9,1978-12-01,4368.0
TSMixup_9,1979-01-01,4578.0
TSMixup_9,1979-02-01,4242.0
TSMixup_9,1979-03-01,5222.0
TSMixup_9,1979-04-01,4888.0
TSMixup_9,1979-05-01,4878.0
TSMixup_9,1979-06-01,4830.0
TSMixup_9,1979-07-01,4614.0
TSMixup_9,1979-08-01,4800.0
TSMixup_9,1979-09-01,4780.0
TSMixup_9,1979-10-01,4690.0
TSMixup_9,1979-11-01,4360.0
TSMixup_9,1979-12-01,4710.0
TSMixup_9,1980-01-01,4576.0
TSMixup_9,1980-02-01,4634.0
TSMixup_9,1980-03-01,3832.0
TSMixup_9,1980-04-01,4360.0
TSMixup_9,1980-05-01,3616.0
TSMixup_9,1980-06-01,3224.0
TSMixup_9,1980-07-01,3934.0
TSMixup_9,1980-08-01,3610.0
TSMixup_9,1980-09-01,4122.0
TSMixup_9,1980-10-01,4498.0
TSMixup_9,1980-11-01,4212.0
TSMixup_9,1980-12-01,4520.0
TSMixup_9,1981-01-01,4078.0
TSMixup_9,1981-02-01,4068.0
TSMixup_9,1981-03-01,5298.0
TSMixup_9,1981-04-01,4544.0
TSMixup_9,1981-05-01,4448.0
TSMixup_9,1981-06-01,4526.0
TSMixup_9,1981-07-01,4248.0
TSMixup_9,1981-08-01,4142.0
TSMixup_9,1981-09-01,4502.0
TSMixup_9,1981-10-01,4460.0
TSMixup_9,1981-11-01,3930.0
TSMixup_9,1981-12-01,3670.0
TSMixup_9,1982-01-01,3192.0
TSMixup_9,1982-02-01,3606.0
TSMixup_9,1982-03-01,3926.0
TSMixup_9,1982-04-01,3760.0
TSMixup_9,1982-05-01,3950.0
TSMixup_9,1982-06-01,3830.0
TSMixup_10,1982-01-01,3708.0
TSMixup_10,1982-02-01,3708.0
TSMixup_10,1982-03-01,3760.0
TSMixup_10,1982-04-01,3708.0
TSMixup_10,1982-05-01,3846.0
TSMixup_10,1982-06-01,3748.0
TSMixup_10,1982-07-01,3836.0
TSMixup_10,1982-08-01,3790.0
TSMixup_10,1982-09-01,3968.0
TSMixup_10,1982-10-01,3756.0
TSMixup_10,1982-11-01,3760.0
TSMixup_10,1982-12-01,3986.0
TSMixup_10,1983-01-01,4096.0
TSMixup_10,1983-02-01,4194.0
TSMixup_10,1983-03-01,4254.0
TSMixup_10,1983-04-01,4130.0
TSMixup_10,1983-05-01,4044.0
TSMixup_10,1983-06-01,3766.0
TSMixup_10,1983-07-01,3930.0
TSMixup_10,1983-08-01,3910.0
TSMixup_10,1983-09-01,4024.0
TSMixup_10,1983-10-01,4158.0
TSMixup_10,1983-11-01,4018.0
TSMixup_10,1983-12-01,3836.0
TSMixup_10,1984-01-01,3764.0
TSMixup_10,1984-02-01,3684.0
TSMixup_10,1984-03-01,3668.0
TSMixup_10,1984-04-01,3770.0
TSMixup_10,1984-05-01,3888.0
TSMixup_10,1984-06-01,3808.0
TSMixup_10,1984-07-01,3794.0
TSMixup_10,1984-08-01,3646.0
TSMixup_10,1984-09-01,3712.0
TSMixup_10,1984-10-01,3848.0
TSMixup_10,1984-11-01,4064.0
TSMixup_10,1984-12-01,4156.0
TSMixup_10,1985-01-01,3724.0
TSMixup_10,1985-02-01,3520.0
TSMixup_10,1985-03-01,3796.0
TSMixup_10,1985-04-01,3956.0
TSMixup_10,1985-05-01,3840.0
TSMixup_10,1985-06-01,3794.0
TSMixup_10,1985-07-01,3970.0
TSMixup_10,1985-08-01,3740.0
TSMixup_10,1985-09-01,3860.0
TSMixup_10,1985-10-01,3928.0
TSMixup_10,1985-11-01,4260.0
TSMixup_10,1985-12-01,4180.0
TSMixup_10,1986-01-01,4144.0
TSMixup_10,1986-02-01,4058.0
TSMixup_10,1986-03-01,3954.0
TSMixup_10,1986-04-01,3890.0
TSMixup_10,1986-05-01,3816.0
TSMixup_10,1986-06-01,3800.0
TSMixup_10,1986-07-01,3868.0
TSMixup_10,1986-08-01,3682.0
TSMixup_10,1986-09-01,3804.0
TSMixup_10,1986-10-01,3822.0
TSMixup_10,1986-11-01,4062.0
TSMixup_10,1986-12-01,4102.0
TSMixup_10,1987-01-01,3928.0
TSMixup_10,1987-02-01,3842.0
TSMixup_10,1987-03-01,3816.0
TSMixup_10,1987-04-01,3534.0
TSMixup_10,1987-05-01,3624.0
TSMixup_10,1987-06-01,3708.0
TSMixup_10,1987-07-01,3692.0
TSMixup_10,1987-08-01,3646.0
TSMixup_10,1987-09-01,3716.0
TSMixup_10,1987-10-01,3840.0
TSMixup_10,1987-11-01,4154.0
TSMixup_10,1987-12-01,4118.0
TSMixup_10,1988-01-01,3824.0
TSMixup_10,1988-02-01,3804.0
TSMixup_10,1988-03-01,3706.0
TSMixup_10,1988-04-01,3602.0
TSMixup_10,1988-05-01,3842.0
TSMixup_10,1988-06-01,3676.0
TSMixup_10,1988-07-01,3750.0
TSMixup_10,1988-08-01,3696.0
TSMixup_10,1988-09-01,3742.0
TSMixup_10,1988-10-01,3582.0
TSMixup_10,1988-11-01,3966.0
TSMixup_10,1988-12-01,4060.0
TSMixup_10,1989-01-01,3748.0
TSMixup_10,1989-02-01,3720.0
TSMixup_10,1989-03-01,3604.0
TSMixup_10,1989-04-01,3548.0
TSMixup_10,1989-05-01,3626.0
TSMixup_10,1989-06-01,3484.0
TSMixup_10,1989-07-01,3792.0
TSMixup_10,1989-08-01,3638.0
TSMixup_10,1989-09-01,3574.0
TSMixup_11,1978-01-01,2216.0
TSMixup_11,1978-02-01,2159.0
TSMixup_11,1978-03-01,2768.0
TSMixup_11,1978-04-01,2636.0
TSMixup_11,1978-05-01,2818.0
TSMixup_11,1978-06-01,2641.0
TSMixup_11,1978-07-01,2393.0
TSMixup_11,1978-08-01,2575.0
TSMixup_11,1978-09-01,2310.0
TSMixup_11,1978-10-01,2251.0
TSMixup_11,1978-11-01,2183.0
TSMixup_11,1978-12-01,1796.0
TSMixup_11,1979-01-01,2355.0
TSMixup_11,1979-02-01,2183.0
TSMixup_11,1979-03-01,2919.0
TSMixup_11,1979-04-01,2386.0
TSMixup_11,1979-05-01,2384.0
TSMixup_11,1979-06-01,2461.0
TSMixup_11,1979-07-01,2358.0
TSMixup_11,1979-08-01,2181.0
TSMixup_11,1979-09-01,2145.0
TSMixup_11,1979-10-01,1820.0
TSMixup_11,1979-11-01,1716.0
TSMixup_11,1979-12-01,2178.0
TSMixup_11,1980-01-01,2115.0
TSMixup_11,1980-02-01,1546.0
TSMixup_11,1980-03-01,1723.0
TSMixup_11,1980-04-01,1959.0
TSMixup_11,1980-05-01,2067.0
TSMixup_11,1980-06-01,1897.0
TSMixup_11,1980-07-01,2037.0
TSMixup_11,1980-08-01,2046.0
TSMixup_11,1980-09-01,2105.0
TSMixup_11,1980-10-01,1886.0
TSMixup_11,1980-11-01,1784.0
TSMixup_11,1980-12-01,2001.0
TSMixup_11,1981-01-01,2280.0
TSMixup_11,1981-02-01,2313.0
TSMixup_11,1981-03-01,2341.0
TSMixup_11,1981-04-01,2204.0
TSMixup_11,1981-05-01,1987.0
TSMixup_11,1981-06-01,1097.0
TSMixup_11,1981-07-01,1558.0
TSMixup_11,1981-08-01,1782.0
TSMixup_11,1981-09-01,1718.0
TSMixup_11,1981-10-01,1395.0
TSMixup_11,1981-11-01,1251.0
TSMixup_11,1981-12-01,1381.0
TSMixup_11,1982-01-01,1418.0
TSMixup_11,1982-02-01,1869.0
TSMixup_11,1982-03-01,2001.0
TSMixup_11,1982-04-01,2096.0
TSMixup_11,1982-05-01,2063.0
TSMixup_11,1982-06-01,2096.0
TSMixup_11,1982-07-01,2270.0
TSMixup_11,1982-08-01,1789.0
TSMixup_11,1982-09-01,2162.0
TSMixup_11,1982-10-01,1843.0
TSMixup_11,1982-11-01,2074.0
TSMixup_11,1982-12-01,2202.0
TSMixup_11,1983-01-01,2490.0
TSMixup_11,1983-02-01,2089.0
TSMixup_11,1983-03-01,2721.0
TSMixup_11,1983-04-01,2594.0
TSMixup_11,1983-05-01,2473.0
TSMixup_11,1983-06-01,2572.0
TSMixup_11,1983-07-01,2495.0
TSMixup_11,1983-08-01,2638.0
TSMixup_11,1983-09-01,2577.0
TSMixup_11,1983-10-01,2089.0
TSMixup_11,1983-11-01,2221.0
TSMixup_11,1983-12-01,2679.0
TSMixup_11,1984-01-01,2615.0
TSMixup_11,1984-02-01,2591.0
TSMixup_11,1984-03-01,2532.0
TSMixup_11,1984-04-01,2766.0
TSMixup_11,1984-05-01,2837.0
TSMixup_11,1984-06-01,2811.0
TSMixup_11,1984-07-01,3063.0
TSMixup_11,1984-08-01,2797.0
TSMixup_11,1984-09-01,2605.0
TSMixup_11,1984-10-01,2615.0
TSMixup_11,1984-11-01,2282.0
TSMixup_11,1984-12-01,2808.0
TSMixup_11,1985-01-01,2860.0
TSMixup_11,1985-02-01,991.0
TSMixup_11,1985-03-01,3377.0
TSMixup_11,1985-04-01,3410.0
TSMixup_11,1985-05-01,3110.0
TSMixup_11,1985-06-01,3087.0
TSMixup_11,1985-07-01,3085.0
TSMixup_12,1990-01-01,7700.0
TSMixup_12,1990-02-01,5700.0
TSMixup_12,1990-03-01,6850.0
TSMixup_12,1990-04-01,5200.0
TSMixup_12,1990-05-01,5750.0
TSMixup_12,1990-06-01,4500.0
TSMixup_12,1990-07-01,5650.0
TSMixup_12,1990-08-01,4900.0
TSMixup_12,1990-09-01,4950.0
TSMixup_12,1990-10-01,5650.0
TSMixup_12,1990-11-01,7200.0
TSMixup_12,1990-12-01,5350.0
TSMixup_12,1991-01-01,8300.0
TSMixup_12,1991-02-01,5700.0
TSMixup_12,1991-03-01,5650.0
TSMixup_12,1991-04-01,5350.0
TSMixup_12,1991-05-01,5950.0
TSMixup_12,1991-06-01,4750.0
TSMixup_12,1991-07-01,6500.0
TSMixup_12,1991-08-01,5900.0
TSMixup_12,1991-09-01,5400.0
TSMixup_12,1991-10-01,5300.0
TSMixup_12,1991-11-01,6000.0
TSMixup_12,1991-12-01,6850.0
TSMixup_12,1992-01-01,7000.0
TSMixup_12,1992-02-01,5150.0
TSMixup_12,1992-03-01,6700.0
TSMixup_12,1992-04-01,4850.0
TSMixup_12,1992-05-01,6000.0
TSMixup_12,1992-06-01,5150.0
TSMixup_12,1992-07-01,5850.0
TSMixup_12,1992-08-01,5750.0
TSMixup_12,1992-09-01,5300.0
TSMixup_12,1992-10-01,6100.0
TSMixup_12,1992-11-01,4400.0
TSMixup_12,1992-12-01,6850.0
TSMixup_12,1993-01-01,5450.0
TSMixup_12,1993-02-01,6450.0
TSMixup_13,1982-01-01,6030.0
TSMixup_13,1982-02-01,6760.0
TSMixup_13,1982-03-01,6050.0
TSMixup_13,1982-04-01,5910.0
TSMixup_13,1982-05-01,6510.0
TSMixup_13,1982-06-01,6360.0
TSMixup_13,1982-07-01,6460.0
TSMixup_13,1982-08-01,5710.0
TSMixup_13,1982-09-01,5910.0
TSMixup_13,1982-10-01,5680.0
TSMixup_13,1982-11-01,5690.0
TSMixup_13,1982-12-01,5360.0
TSMixup_13,1983-01-01,5380.0
TSMixup_13,1983-02-01,6000.0
TSMixup_13,1983-03-01,5950.0
TSMixup_13,1983-04-01,5960.0
TSMixup_13,1983-05-01,6440.0
TSMixup_13,1983-06-01,6190.0
TSMixup_13,1983-07-01,6550.0
TSMixup_13,1983-08-01,5780.0
TSMixup_13,1983-09-01,5800.0
TSMixup_13,1983-10-01,5720.0
TSMixup_13,1983-11-01,5730.0
TSMixup_13,1983-12-01,5530.0
TSMixup_13,1984-01-01,5650.0
TSMixup_13,1984-02-01,6750.0
TSMixup_13,1984-03-01,6370.0
TSMixup_13,1984-04-01,6500.0
TSMixup_13,1984-05-01,7050.0
TSMixup_13,1984-06-01,6570.0
TSMixup_13,1984-07-01,6710.0
TSMixup_13,1984-08-01,5570.0
TSMixup_13,1984-09-01,5610.0
TSMixup_13,1984-10-01,5430.0
TSMixup_13,1984-11-01,5910.0
TSMixup_13,1984-12-01,5510.0
TSMixup_13,1985-01-01,5790.0
TSMixup_13,1985-02-01,6420.0
TSMixup_13,1985-03-01,6020.0
TSMixup_13,1985-04-01,5870.0
TSMixup_13,1985-05-01,6210.0
TSMixup_13,1985-06-01,6430.0
TSMixup_13,1985-07-01,6920.0
TSMixup_13,1985-08-01,5710.0
TSMixup_13,1985-09-01,5800.0
TSMixup_13,1985-10-01,5690.0
TSMixup_13,1985-11-01,5880.0
TSMixup_13,1985-12-01,5560.0
TSMixup_13,1986-01-01,5860.0
TSMixup_13,1986-02-01,6510.0
TSMixup_13,1986-03-01,6460.0
TSMixup_13,1986-04-01,6360.0
TSMixup_13,1986-05-01,6530.0
TSMixup_13,1986-06-01,6840.0
TSMixup_13,1986-07-01,7110.0
TSMixup_13,1986-08-01,5860.0
TSMixup_13,1986-09-01,5960.0
TSMixup_13,1986-10-01,5770.0
TSMixup_13,1986-11-01,5810.0
TSMixup_13,1986-12-01,5580.0
TSMixup_13,1987-01-01,5750.0
TSMixup_13,1987-02-01,6440.0
TSMixup_13,1987-03-01,6260.0
TSMixup_13,1987-04-01,6250.0
TSMixup_13,1987-05-01,6660.0
TSMixup_13,1987-06-01,6820.0
TSMixup_14,1979-01-01,2050.0
TSMixup_14,1979-02-01,2065.0
TSMixup_14,1979-03-01,1401.0
TSMixup_14,1979-04-01,2577.0
TSMixup_14,1979-05-01,2349.0
TSMixup_14,1979-06-01,2431.0
TSMixup_14,1979-07-01,2471.0
TSMixup_14,1979-08-01,1423.0
TSMixup_14,1979-09-01,2051.0
TSMixup_14,1979-10-01,2489.0
TSMixup_14,1979-11-01,2798.0
TSMixup_14,1979-12-01,2464.0
TSMixup_14,1980-01-01,2859.0
TSMixup_14,1980-02-01,1472.0
TSMixup_14,1980-03-01,1475.0
TSMixup_14,1980-04-01,2576.0
TSMixup_14,1980-05-01,1563.0
TSMixup_14,1980-06-01,2035.0
TSMixup_14,1980-07-01,3185.0
TSMixup_14,1980-08-01,1313.0
TSMixup_14,1980-09-01,1445.0
TSMixup_14,1980-10-01,2141.0
TSMixup_14,1980-11-01,1510.0
TSMixup_14,1980-12-01,1810.0
TSMixup_14,1981-01-01,1377.0
TSMixup_14,1981-02-01,1025.0
TSMixup_14,1981-03-01,834.0
TSMixup_14,1981-04-01,1190.0
TSMixup_14,1981-05-01,1101.0
TSMixup_14,1981-06-01,1146.0
TSMixup_14,1981-07-01,2471.0
TSMixup_14,1981-08-01,1333.0
TSMixup_14,1981-09-01,1488.0
TSMixup_14,1981-10-01,2618.0
TSMixup_14,1981-11-01,2139.0
TSMixup_14,1981-12-01,1544.0
TSMixup_14,1982-01-01,2335.0
TSMixup_14,1982-02-01,875.0
TSMixup_14,1982-03-01,948.0
TSMixup_14,1982-04-01,1565.0
TSMixup_14,1982-05-01,885.0
TSMixup_14,1982-06-01,1670.0
TSMixup_14,1982-07-01,2455.0
TSMixup_14,1982-08-01,506.0
TSMixup_14,1982-09-01,1149.0
TSMixup_14,1982-10-01,1241.0
TSMixup_14,1982-11-01,1117.0
TSMixup_14,1982-12-01,1449.0
TSMixup_14,1983-01-01,1759.0
TSMixup_14,1983-02-01,758.0
TSMixup_14,1983-03-01,914.0
TSMixup_14,1983-04-01,1392.0
TSMixup_14,1983-05-01,1259.0
TSMixup_14,1983-06-01,1798.0
TSMixup_14,1983-07-01,2480.0
TSMixup_14,1983-08-01,674.0
TSMixup_15,1982-01-01,3200.0
TSMixup_15,1982-02-01,4690.0
TSMixup_15,1982-03-01,4880.0
TSMixup_15,1982-04-01,5100.0
TSMixup_15,1982-05-01,5610.0
TSMixup_15,1982-06-01,4390.0
TSMixup_15,1982-07-01,3560.0
TSMixup_15,1982-08-01,4290.0
TSMixup_15,1982-09-01,4310.0
TSMixup_15,1982-10-01,4070.0
TSMixup_15,1982-11-01,3660.0
TSMixup_15,1982-12-01,4570.0
TSMixup_15,1983-01-01,4740.0
TSMixup_15,1983-02-01,5750.0
TSMixup_15,1983-03-01,5290.0
TSMixup_15,1983-04-01,5870.0
TSMixup_15,1983-05-01,6440.0
TSMixup_15,1983-06-01,4610.0
TSMixup_15,1983-07-01,4920.0
TSMixup_15,1983-08-01,6270.0
TSMixup_15,1983-09-01,6780.0
TSMixup_15,1983-10-01,6360.0
TSMixup_15,1983-11-01,5810.0
TSMixup_15,1983-12-01,6470.0
TSMixup_15,1984-01-01,6820.0
TSMixup_15,1984-02-01,7720.0
TSMixup_15,1984-03-01,6650.0
TSMixup_15,1984-04-01,6990.0
TSMixup_15,1984-05-01,6760.0
TSMixup_15,1984-06-01,5170.0
TSMixup_15,1984-07-01,5190.0
TSMixup_15,1984-08-01,5380.0
TSMixup_15,1984-09-01,6860.0
TSMixup_15,1984-10-01,6680.0
TSMixup_15,1984-11-01,5530.0
TSMixup_15,1984-12-01,7330.0
TSMixup_15,1985-01-01,6590.0
TSMixup_15,1985-02-01,7360.0
TSMixup_15,1985-03-01,7440.0
TSMixup_15,1985-04-01,7600.0
TSMixup_15,1985-05-01,6770.0
TSMixup_15,1985-06-01,5650.0
TSMixup_15,1985-07-01,5540.0
TSMixup_15,1985-08-01,6380.0
TSMixup_15,1985-09-01,7390.0
TSMixup_15,1985-10-01,6580.0
TSMixup_15,1985-11-01,5400.0
TSMixup_15,1985-12-01,7130.0
TSMixup_15,1986-01-01,6750.0
TSMixup_15,1986-02-01,6550.0
TSMixup_15,1986-03-01,7130.0
TSMixup_15,1986-04-01,6850.0
TSMixup_15,1986-05-01,7060.0
TSMixup_15,1986-06-01,5050.0
TSMixup_15,1986-07-01,4260.0
TSMixup_15,1986-08-01,6370.0
TSMixup_15,1986-09-01,6840.0
TSMixup_15,1986-10-01,5560.0
TSMixup_15,1986-11-01,5610.0
TSMixup_15,1986-12-01,6170.0
TSMixup_15,1987-01-01,6910.0
TSMixup_15,1987-02-01,7410.0
TSMixup_15,1987-03-01,6600.0
TSMixup_15,1987-04-01,6260.0
TSMixup_15,1987-05-01,6650.0
TSMixup_15,1987-06-01,3730.0
TSMixup_15,1987-07-01,3770.0
TSMixup_15,1987-08-01,5820.0
TSMixup_15,1987-09-01,6700.0
TSMixup_15,1987-10-01,5830.0
TSMixup_15,1987-11-01,5000.0
TSMixup_15,1987-12-01,4720.0
TSMixup_15,1988-01-01,5630.0
TSMixup_15,1988-02-01,6650.0
TSMixup_15,1988-03-01,6130.0
TSMixup_15,1988-04-01,6900.0
TSMixup_15,1988-05-01,7260.0
TSMixup_15,1988-06-01,3860.0
TSMixup_15,1988-07-01,4840.0
TSMixup_15,1988-08-01,6180.0
TSMixup_15,1988-09-01,6550.0
TSMixup_15,1988-10-01,6480.0
TSMixup_15,1988-11-01,5840.0
TSMixup_15,1988-12-01,6160.0
TSMixup_15,1989-01-01,6060.0
TSMixup_15,1989-02-01,6540.0
TSMixup_15,1989-03-01,6510.0
TSMixup_15,1989-04-01,6720.0
TSMixup_15,1989-05-01,6120.0
TSMixup_15,1989-06-01,2750.0
TSMixup_15,1989-07-01,5400.0
TSMixup_15,1989-08-01,5760.0
TSMixup_15,1989-09-01,6180.0
TSMixup_15,1989-10-01,5350.0
TSMixup_15,1989-11-01,4530.0
TSMixup_15,1989-12-01,3350.0
TSMixup_15,1990-01-01,4880.0
TSMixup_15,1990-02-01,6170.0
TSMixup_15,1990-03-01,5090.0
TSMixup_15,1990-04-01,6250.0
TSMixup_15,1990-05-01,6270.0
TSMixup_15,1990-06-01,3460.0
TSMixup_15,1990-07-01,5300.0
TSMixup_15,1990-08-01,5420.0
TSMixup_15,1990-09-01,6250.0
TSMixup_16,1981-01-01,11710.0
TSMixup_16,1981-02-01,9265.0
TSMixup_16,1981-03-01,7280.0
TSMixup_16,1981-04-01,5040.0
TSMixup_16,1981-05-01,3860.0
TSMixup_16,1981-06-01,6160.0
TSMixup_16,1981-07-01,13610.0
TSMixup_16,1981-08-01,15455.0
TSMixup_16,1981-09-01,14530.0
TSMixup_16,1981-10-01,13815.0
TSMixup_16,1981-11-01,12860.0
TSMixup_16,1981-12-01,11500.0
TSMixup_16,1982-01-01,10660.0
TSMixup_16,1982-02-01,9340.0
TSMixup_16,1982-03-01,8050.0
TSMixup_16,1982-04-01,6540.0
TSMixup_16,1982-05-01,5060.0
TSMixup_16,1982-06-01,6350.0
TSMixup_16,1982-07-01,14130.0
TSMixup_16,1982-08-01,16380.0
TSMixup_16,1982-09-01,16160.0
TSMixup_16,1982-10-01,15850.0
TSMixup_16,1982-11-01,15930.0
TSMixup_16,1982-12-01,15320.0
TSMixup_16,1983-01-01,13420.0
TSMixup_16,1983-02-01,12255.0
TSMixup_16,1983-03-01,8785.0
TSMixup_16,1983-04-01,6380.0
TSMixup_16,1983-05-01,4760.0
TSMixup_16,1983-06-01,5730.0
TSMixup_16,1983-07-01,10810.0
TSMixup_16,1983-08-01,12845.0
TSMixup_16,1983-09-01,12865.0
TSMixup_16,1983-10-01,13515.0
TSMixup_16,1983-11-01,13880.0
TSMixup_16,1983-12-01,12960.0
TSMixup_16,1984-01-01,12090.0
TSMixup_16,1984-02-01,9510.0
TSMixup_16,1984-03-01,8130.0
TSMixup_16,1984-04-01,6625.0
TSMixup_16,1984-05-01,4920.0
TSMixup_16,1984-06-01,4650.0
TSMixup_16,1984-07-01,10085.0
TSMixup_16,1984-08-01,13960.0
TSMixup_16,1984-09-01,14495.0
TSMixup_16,1984-10-01,14340.0
TSMixup_16,1984-11-01,13875.0
TSMixup_16,1984-12-01,13135.0
TSMixup_16,1985-01-01,13415.0
TSMixup_16,1985-02-01,9280.0
TSMixup_16,1985-03-01,7075.0
TSMixup_16,1985-04-01,5660.0
TSMixup_16,1985-05-01,4270.0
TSMixup_16,1985-06-01,5085.0
TSMixup_16,1985-07-01,11945.0
TSMixup_16,1985-08-01,14335.0
TSMixup_16,1985-09-01,14105.0
TSMixup_16,1985-10-01,13755.0
TSMixup_16,1985-11-01,12920.0
TSMixup_16,1985-12-01,11650.0
TSMixup_16,1986-01-01,10720.0
TSMixup_16,1986-02-01,8600.0
TSMixup_16,1986-03-01,7795.0
TSMixup_16,1986-04-01,6550.0
TSMixup_16,1986-05-01,4800.0
TSMixup_16,1986-06-01,5900.0
TSMixup_17,1990-01-01,6650.0
TSMixup_17,1990-02-01,6900.0
TSMixup_17,1990-03-01,6250.0
TSMixup_17,1990-04-01,6900.0
TSMixup_17,1990-05-01,4950.0
TSMixup_17,1990-06-01,6950.0
TSMixup_17,1990-07-01,7300.0
TSMixup_17,1990-08-01,5400.0
TSMixup_17,1990-09-01,7600.0
TSMixup_17,1990-10-01,7000.0
TSMixup_17,1990-11-01,7600.0
TSMixup_17,1990-12-01,7100.0
TSMixup_17,1991-01-01,5850.0
TSMixup_17,1991-02-01,5950.0
TSMixup_17,1991-03-01,7850.0
TSMixup_17,1991-04-01,7050.0
TSMixup_17,1991-05-01,6300.0
TSMixup_17,1991-06-01,7950.0
TSMixup_17,1991-07-01,7300.0
TSMixup_17,1991-08-01,7450.0
TSMixup_17,1991-09-01,6050.0
TSMixup_17,1991-10-01,6400.0
TSMixup_17,1991-11-01,7200.0
TSMixup_17,1991-12-01,8800.0
TSMixup_17,1992-01-01,7450.0
TSMixup_17,1992-02-01,7900.0
TSMixup_17,1992-03-01,7900.0
TSMixup_17,1992-04-01,7050.0
TSMixup_17,1992-05-01,7300.0
TSMixup_17,1992-06-01,6150.0
TSMixup_17,1992-07-01,5050.0
TSMixup_17,1992-08-01,7150.0
TSMixup_17,1992-09-01,7800.0
TSMixup_17,1992-10-01,6900.0
TSMixup_17,1992-11-01,9700.0
TSMixup_17,1992-12-01,7600.0
TSMixup_17,1993-01-01,7850.0
TSMixup_17,1993-02-01,9100.0
TSMixup_18,1990-01-01,5100.0
TSMixup_18,1990-02-01,5750.0
TSMixup_18,1990-03-01,6950.0
TSMixup_18,1990-04-01,3700.0
TSMixup_18,1990-05-01,6050.0
TSMixup_18,1990-06-01,5200.0
TSMixup_18,1990-07-01,5050.0
TSMixup_18,1990-08-01,4400.0
TSMixup_18,1990-09-01,3250.0
TSMixup_18,1990-10-01,3950.0
TSMixup_18,1990-11-01,4150.0
TSMixup_18,1990-12-01,6550.0
TSMixup_18,1991-01-01,6550.0
TSMixup_18,1991-02-01,7000.0
TSMixup_18,1991-03-01,5350.0
TSMixup_18,1991-04-01,5150.0
TSMixup_18,1991-05-01,4400.0
TSMixup_18,1991-06-01,3500.0
TSMixup_18,1991-07-01,3300.0
TSMixup_18,1991-08-01,3800.0
TSMixup_18,1991-09-01,4050.0
TSMixup_18,1991-10-01,5900.0
TSMixup_18,1991-11-01,3650.0
TSMixup_18,1991-12-01,5600.0
TSMixup_18,1992-01-01,6650.0
TSMixup_18,1992-02-01,4750.0
TSMixup_18,1992-03-01,4100.0
TSMixup_18,1992-04-01,5700.0
TSMixup_18,1992-05-01,4900.0
TSMixup_18,1992-06-01,3500.0
TSMixup_18,1992-07-01,3350.0
TSMixup_18,1992-08-01,3250.0
TSMixup_18,1992-09-01,4900.0
TSMixup_18,1992-10-01,5550.0
TSMixup_18,1992-11-01,4000.0
TSMixup_18,1992-12-01,5100.0
TSMixup_18,1993-01-01,5300.0
TSMixup_18,1993-02-01,3450.0
TSMixup_19,1990-01-01,3120.0
TSMixup_19,1990-02-01,3000.0
TSMixup_19,1990-03-01,2760.0
TSMixup_19,1990-04-01,1800.0
TSMixup_19,1990-05-01,2400.0
TSMixup_19,1990-06-01,3120.0
TSMixup_19,1990-07-01,4560.0
TSMixup_19,1990-08-01,2400.0
TSMixup_19,1990-09-01,2160.0
TSMixup_19,1990-10-01,3840.0
TSMixup_19,1990-11-01,2880.0
TSMixup_19,1990-12-01,2160.0
TSMixup_19,1991-01-01,4800.0
TSMixup_19,1991-02-01,3480.0
TSMixup_19,1991-03-01,960.0
TSMixup_19,1991-04-01,2760.0
TSMixup_19,1991-05-01,2160.0
TSMixup_19,1991-06-01,2160.0
TSMixup_19,1991-07-01,2760.0
TSMixup_19,1991-08-01,1800.0
TSMixup_19,1991-09-01,2520.0
TSMixup_19,1991-10-01,2520.0
TSMixup_19,1991-11-01,3240.0
TSMixup_19,1991-12-01,1680.0
TSMixup_19,1992-01-01,2760.0
TSMixup_19,1992-02-01,5040.0
TSMixup_19,1992-03-01,1680.0
TSMixup_19,1992-04-01,1320.0
TSMixup_19,1992-05-01,3000.0
TSMixup_19,1992-06-01,3120.0
TSMixup_19,1992-07-01,3000.0
TSMixup_19,1992-08-01,3000.0
TSMixup_19,1992-09-01,3960.0
TSMixup_19,1992-10-01,2640.0
TSMixup_19,1992-11-01,2280.0
TSMixup_19,1992-12-01,1920.0
TSMixup_19,1993-01-01,1800.0
TSMixup_19,1993-02-01,720.0
TSMixup_19,1993-03-01,1680.0
TSMixup_20,1983-01-01,3780.0
TSMixup_20,1983-02-01,4065.0
TSMixup_20,1983-03-01,3470.0
TSMixup_20,1983-04-01,4425.0
TSMixup_20,1983-05-01,4280.0
TSMixup_20,1983-06-01,6335.0
TSMixup_20,1983-07-01,3345.0
TSMixup_20,1983-08-01,3825.0
TSMixup_20,1983-09-01,4920.0
TSMixup_20,1983-10-01,4340.0
TSMixup_20,1983-11-01,6600.0
TSMixup_20,1983-12-01,4460.0
TSMixup_20,1984-01-01,5925.0
TSMixup_20,1984-02-01,5315.0
TSMixup_20,1984-03-01,4800.0
TSMixup_20,1984-04-01,4490.0
TSMixup_20,1984-05-01,4015.0
TSMixup_20,1984-06-01,5055.0
TSMixup_20,1984-07-01,3760.0
TSMixup_20,1984-08-01,4820.0
TSMixup_20,1984-09-01,3515.0
TSMixup_20,1984-10-01,5770.0
TSMixup_20,1984-11-01,3655.0
TSMixup_20,1984-12-01,3640.0
TSMixup_20,1985-01-01,3990.0
TSMixup_20,1985-02-01,4500.0
TSMixup_20,1985-03-01,3190.0
TSMixup_20,1985-04-01,6290.0
TSMixup_20,1985-05-01,5365.0
TSMixup_20,1985-06-01,4310.0
TSMixup_20,1985-07-01,3895.0
TSMixup_20,1985-08-01,4045.0
TSMixup_20,1985-09-01,3910.0
TSMixup_20,1985-10-01,5045.0
TSMixup_20,1985-11-01,3245.0
TSMixup_20,1985-12-01,3150.0
TSMixup_20,1986-01-01,3620.0
TSMixup_20,1986-02-01,4515.0
TSMixup_20,1986-03-01,5030.0
TSMixup_20,1986-04-01,6440.0
TSMixup_20,1986-05-01,4075.0
TSMixup_20,1986-06-01,3995.0
TSMixup_20,1986-07-01,4675.0
TSMixup_20,1986-08-01,2895.0
TSMixup_20,1986-09-01,4030.0
TSMixup_20,1986-10-01,4820.0
TSMixup_20,1986-11-01,9435.0
TSMixup_20,1986-12-01,3840.0
TSMixup_20,1987-01-01,5530.0
TSMixup_20,1987-02-01,3925.0
TSMixup_20,1987-03-01,5630.0
TSMixup_20,1987-04-01,6300.0
TSMixup_20,1987-05-01,5505.0
TSMixup_20,1987-06-01,6165.0
TSMixup_20,1987-07-01,3770.0
TSMixup_20,1987-08-01,5270.0
TSMixup_20,1987-09-01,4940.0
TSMixup_20,1987-10-01,6090.0
TSMixup_20,1987-11-01,5585.0
TSMixup_20,1987-12-01,5685.0
TSMixup_20,1988-01-01,5225.0
TSMixup_20,1988-02-01,6370.0
TSMixup_20,1988-03-01,5965.0
TSMixup_20,1988-04-01,5820.0
TSMixup_20,1988-05-01,5430.0
TSMixup_20,1988-06-01,5160.0
TSMixup_20,1988-07-01,3960.0
TSMixup_20,1988-08-01,6160.0
TSMixup_20,1988-09-01,4340.0
TSMixup_20,1988-10-01,4130.0
TSMixup_21,1990-01-01,4540.0
TSMixup_21,1990-02-01,4035.0
TSMixup_21,1990-03-01,3725.0
TSMixup_21,1990-04-01,3405.0
TSMixup_21,1990-05-01,4195.0
TSMixup_21,1990-06-01,3955.0
TSMixup_21,1990-07-01,3840.0
TSMixup_21,1990-08-01,3795.0
TSMixup_21,1990-09-01,3495.0
TSMixup_21,1990-10-01,4110.0
TSMixup_21,1990-11-01,4005.0
TSMixup_21,1990-12-01,3910.0
TSMixup_21,1991-01-01,5355.0
TSMixup_21,1991-02-01,3610.0
TSMixup_21,1991-03-01,3395.0
TSMixup_21,1991-04-01,4155.0
TSMixup_21,1991-05-01,4345.0
TSMixup_21,1991-06-01,3795.0
TSMixup_21,1991-07-01,3960.0
TSMixup_21,1991-08-01,3615.0
TSMixup_21,1991-09-01,3755.0
TSMixup_21,1991-10-01,3810.0
TSMixup_21,1991-11-01,3570.0
TSMixup_21,1991-12-01,4410.0
TSMixup_21,1992-01-01,4345.0
TSMixup_21,1992-02-01,3550.0
TSMixup_21,1992-03-01,3685.0
TSMixup_21,1992-04-01,3735.0
TSMixup_21,1992-05-01,3905.0
TSMixup_21,1992-06-01,4205.0
TSMixup_21,1992-07-01,3770.0
TSMixup_21,1992-08-01,3640.0
TSMixup_21,1992-09-01,3995.0
TSMixup_21,1992-10-01,3825.0
TSMixup_21,1992-11-01,3885.0
TSMixup_21,1992-12-01,4265.0
TSMixup_21,1993-01-01,4265.0
TSMixup_21,1993-02-01,3365.0
TSMixup_21,1993-03-01,4515.0
TSMixup_22,1981-01-01,4979.0
TSMixup_22,1981-02-01,5333.0
TSMixup_22,1981-03-01,5451.0
TSMixup_22,1981-04-01,5224.0
TSMixup_22,1981-05-01,5790.0
TSMixup_22,1981-06-01,5079.0
TSMixup_22,1981-07-01,4706.0
TSMixup_22,1981-08-01,4140.0
TSMixup_22,1981-09-01,3721.0
TSMixup_22,1981-10-01,4594.0
TSMixup_22,1981-11-01,4639.0
TSMixup_22,1981-12-01,4969.0
TSMixup_22,1982-01-01,4764.0
TSMixup_22,1982-02-01,5011.0
TSMixup_22,1982-03-01,5268.0
TSMixup_22,1982-04-01,5312.0
TSMixup_22,1982-05-01,5723.0
TSMixup_22,1982-06-01,4580.0
TSMixup_22,1982-07-01,5015.0
TSMixup_22,1982-08-01,4282.0
TSMixup_22,1982-09-01,3834.0
TSMixup_22,1982-10-01,4523.0
TSMixup_22,1982-11-01,3884.0
TSMixup_22,1982-12-01,3898.0
TSMixup_22,1983-01-01,4846.0
TSMixup_22,1983-02-01,4929.0
TSMixup_22,1983-03-01,4955.0
TSMixup_22,1983-04-01,5198.0
TSMixup_22,1983-05-01,5122.0
TSMixup_22,1983-06-01,4643.0
TSMixup_22,1983-07-01,4790.0
TSMixup_22,1983-08-01,3951.0
TSMixup_22,1983-09-01,3824.0
TSMixup_22,1983-10-01,4512.0
TSMixup_22,1983-11-01,4262.0
TSMixup_22,1983-12-01,4617.0
TSMixup_22,1984-01-01,5140.0
TSMixup_22,1984-02-01,4973.0
TSMixup_22,1984-03-01,5222.0
TSMixup_22,1984-04-01,5242.0
TSMixup_22,1984-05-01,4980.0
TSMixup_22,1984-06-01,4692.0
TSMixup_22,1984-07-01,4822.0
TSMixup_22,1984-08-01,4124.0
TSMixup_22,1984-09-01,4027.0
TSMixup_22,1984-10-01,4365.0
TSMixup_22,1984-11-01,4334.0
TSMixup_22,1984-12-01,4930.0
TSMixup_22,1985-01-01,5053.0
TSMixup_22,1985-02-01,5031.0
TSMixup_22,1985-03-01,5342.0
TSMixup_22,1985-04-01,5191.0
TSMixup_22,1985-05-01,4852.0
TSMixup_22,1985-06-01,4676.0
TSMixup_23,1990-01-01,2160.0
TSMixup_23,1990-02-01,1320.0
TSMixup_23,1990-03-01,5760.0
TSMixup_23,1990-04-01,2520.0
TSMixup_23,1990-05-01,4560.0
TSMixup_23,1990-06-01,2640.0
TSMixup_23,1990-07-01,2520.0
TSMixup_23,1990-08-01,3480.0
TSMixup_23,1990-09-01,2760.0
TSMixup_23,1990-10-01,4560.0
TSMixup_23,1990-11-01,4440.0
TSMixup_23,1990-12-01,2400.0
TSMixup_23,1991-01-01,4440.0
TSMixup_23,1991-02-01,2400.0
TSMixup_23,1991-03-01,1920.0
TSMixup_23,1991-04-01,3000.0
TSMixup_23,1991-05-01,7200.0
TSMixup_23,1991-06-01,5280.0
TSMixup_23,1991-07-01,1200.0
TSMixup_23,1991-08-01,3740.0
TSMixup_23,1991-09-01,1560.0
TSMixup_23,1991-10-01,2760.0
TSMixup_23,1991-11-01,2760.0
TSMixup_23,1991-12-01,3720.0
TSMixup_23,1992-01-01,4200.0
TSMixup_23,1992-02-01,1680.0
TSMixup_23,1992-03-01,2280.0
TSMixup_23,1992-04-01,3360.0
TSMixup_23,1992-05-01,3480.0
TSMixup_23,1992-06-01,1920.0
TSMixup_23,1992-07-01,4200.0
TSMixup_23,1992-08-01,1200.0
TSMixup_23,1992-09-01,2400.0
TSMixup_23,1992-10-01,4080.0
TSMixup_23,1992-11-01,3360.0
TSMixup_23,1992-12-01,3600.0
TSMixup_23,1993-01-01,960.0
TSMixup_23,1993-02-01,4320.0
TSMixup_23,1993-03-01,1440.0
TSMixup_24,1990-01-01,9520.0
TSMixup_24,1990-02-01,5894.0
TSMixup_24,1990-03-01,7400.0
TSMixup_24,1990-04-01,7378.0
TSMixup_24,1990-05-01,7112.0
TSMixup_24,1990-06-01,7232.0
TSMixup_24,1990-07-01,7702.0
TSMixup_24,1990-08-01,7854.0
TSMixup_24,1990-09-01,6324.0
TSMixup_24,1990-10-01,8262.0
TSMixup_24,1990-11-01,8248.0
TSMixup_24,1990-12-01,7304.0
TSMixup_24,1991-01-01,9692.0
TSMixup_24,1991-02-01,7388.0
TSMixup_24,1991-03-01,6290.0
TSMixup_24,1991-04-01,7794.0
TSMixup_24,1991-05-01,7586.0
TSMixup_24,1991-06-01,7850.0
TSMixup_24,1991-07-01,7634.0
TSMixup_24,1991-08-01,7504.0
TSMixup_24,1991-09-01,7094.0
TSMixup_24,1991-10-01,8008.0
TSMixup_24,1991-11-01,7514.0
TSMixup_24,1991-12-01,8988.0
TSMixup_24,1992-01-01,8674.0
TSMixup_24,1992-02-01,7242.0
TSMixup_24,1992-03-01,8520.0
TSMixup_24,1992-04-01,6980.0
TSMixup_24,1992-05-01,6596.0
TSMixup_24,1992-06-01,8080.0
TSMixup_24,1992-07-01,6778.0
TSMixup_24,1992-08-01,7126.0
TSMixup_24,1992-09-01,8284.0
TSMixup_24,1992-10-01,7786.0
TSMixup_24,1992-11-01,7702.0
TSMixup_24,1992-12-01,9572.0
TSMixup_24,1993-01-01,7466.0
TSMixup_24,1993-02-01,6922.0
TSMixup_25,1990-01-01,6500.0
TSMixup_25,1990-02-01,5200.0
TSMixup_25,1990-03-01,5160.0
TSMixup_25,1990-04-01,5120.0
TSMixup_25,1990-05-01,5300.0
TSMixup_25,1990-06-01,4820.0
TSMixup_25,1990-07-01,5800.0
TSMixup_25,1990-08-01,5180.0
TSMixup_25,1990-09-01,4140.0
TSMixup_25,1990-10-01,4920.0
TSMixup_25,1990-11-01,5680.0
TSMixup_25,1990-12-01,5700.0
TSMixup_25,1991-01-01,6800.0
TSMixup_25,1991-02-01,4500.0
TSMixup_25,1991-03-01,4280.0
TSMixup_25,1991-04-01,5500.0
TSMixup_25,1991-05-01,5620.0
TSMixup_25,1991-06-01,4500.0
TSMixup_25,1991-07-01,5260.0
TSMixup_25,1991-08-01,4500.0
TSMixup_25,1991-09-01,5380.0
TSMixup_25,1991-10-01,4500.0
TSMixup_25,1991-11-01,4640.0
TSMixup_25,1991-12-01,5880.0
TSMixup_25,1992-01-01,5400.0
TSMixup_25,1992-02-01,4840.0
TSMixup_25,1992-03-01,6120.0
TSMixup_25,1992-04-01,4540.0
TSMixup_25,1992-05-01,5000.0
TSMixup_25,1992-06-01,5240.0
TSMixup_25,1992-07-01,4780.0
TSMixup_25,1992-08-01,5060.0
TSMixup_25,1992-09-01,4780.0
TSMixup_25,1992-10-01,5120.0
TSMixup_25,1992-11-01,5320.0
TSMixup_25,1992-12-01,5140.0
TSMixup_25,1993-01-01,5160.0
TSMixup_25,1993-02-01,4480.0
TSMixup_26,1982-01-01,4565.0
TSMixup_26,1982-02-01,4655.0
TSMixup_26,1982-03-01,4165.0
TSMixup_26,1982-04-01,3650.0
TSMixup_26,1982-05-01,5560.0
TSMixup_26,1982-06-01,5445.0
TSMixup_26,1982-07-01,5380.0
TSMixup_26,1982-08-01,4815.0
TSMixup_26,1982-09-01,4165.0
TSMixup_26,1982-10-01,5040.0
TSMixup_26,1982-11-01,4450.0
TSMixup_26,1982-12-01,4150.0
TSMixup_26,1983-01-01,4735.0
TSMixup_26,1983-02-01,4490.0
TSMixup_26,1983-03-01,4385.0
TSMixup_26,1983-04-01,3690.0
TSMixup_26,1983-05-01,4945.0
TSMixup_26,1983-06-01,5295.0
TSMixup_26,1983-07-01,5525.0
TSMixup_26,1983-08-01,4745.0
TSMixup_26,1983-09-01,4830.0
TSMixup_26,1983-10-01,4825.0
TSMixup_26,1983-11-01,4555.0
TSMixup_26,1983-12-01,5150.0
TSMixup_26,1984-01-01,5050.0
TSMixup_26,1984-02-01,5070.0
TSMixup_26,1984-03-01,5175.0
TSMixup_26,1984-04-01,4870.0
TSMixup_26,1984-05-01,5160.0
TSMixup_26,1984-06-01,5425.0
TSMixup_26,1984-07-01,5955.0
TSMixup_26,1984-08-01,5290.0
TSMixup_26,1984-09-01,5005.0
TSMixup_26,1984-10-01,4990.0
TSMixup_26,1984-11-01,5070.0
TSMixup_26,1984-12-01,5800.0
TSMixup_26,1985-01-01,4965.0
TSMixup_26,1985-02-01,5200.0
TSMixup_26,1985-03-01,5180.0
TSMixup_26,1985-04-01,4605.0
TSMixup_26,1985-05-01,5125.0
TSMixup_26,1985-06-01,5150.0
TSMixup_26,1985-07-01,5530.0
TSMixup_26,1985-08-01,5170.0
TSMixup_26,1985-09-01,4755.0
TSMixup_27,1982-12-01,5150.0
TSMixup_27,1983-01-01,5120.0
TSMixup_27,1983-02-01,5095.0
TSMixup_27,1983-03-01,5085.0
TSMixup_27,1983-04-01,5090.0
TSMixup_27,1983-05-01,5100.0
TSMixup_27,1983-06-01,5115.0
TSMixup_27,1983-07-01,5120.0
TSMixup_27,1983-08-01,5120.0
TSMixup_27,1983-09-01,5125.0
TSMixup_27,1983-10-01,5125.0
TSMixup_27,1983-11-01,5150.0
TSMixup_27,1983-12-01,5120.0
TSMixup_27,1984-01-01,5130.0
TSMixup_27,1984-02-01,5135.0
TSMixup_27,1984-03-01,5075.0
TSMixup_27,1984-04-01,5015.0
TSMixup_27,1984-05-01,5050.0
TSMixup_27,1984-06-01,5045.0
TSMixup_27,1984-07-01,5050.0
TSMixup_27,1984-08-01,5095.0
TSMixup_27,1984-09-01,5095.0
TSMixup_27,1984-10-01,5110.0
TSMixup_27,1984-11-01,5170.0
TSMixup_27,1984-12-01,5195.0
TSMixup_27,1985-01-01,5265.0
TSMixup_27,1985-02-01,5320.0
TSMixup_27,1985-03-01,5345.0
TSMixup_27,1985-04-01,5395.0
TSMixup_27,1985-05-01,5430.0
TSMixup_27,1985-06-01,5450.0
TSMixup_27,1985-07-01,5460.0
TSMixup_27,1985-08-01,5500.0
TSMixup_27,1985-09-01,5555.0
TSMixup_27,1985-10-01,5580.0
TSMixup_27,1985-11-01,5590.0
TSMixup_27,1985-12-01,5610.0
TSMixup_27,1986-01-01,5650.0
TSMixup_27,1986-02-01,5670.0
TSMixup_27,1986-03-01,5690.0
TSMixup_27,1986-04-01,5650.0
TSMixup_27,1986-05-01,5675.0
TSMixup_27,1986-06-01,5695.0
TSMixup_27,1986-07-01,5730.0
TSMixup_27,1986-08-01,5715.0
TSMixup_27,1986-09-01,5600.0
TSMixup_27,1986-10-01,5610.0
TSMixup_27,1986-11-01,5610.0
TSMixup_27,1986-12-01,5605.0
TSMixup_27,1987-01-01,5655.0
TSMixup_27,1987-02-01,5735.0
TSMixup_27,1987-03-01,5750.0
TSMixup_27,1987-04-01,5750.0
TSMixup_28,1979-01-01,1765.0
TSMixup_28,1979-02-01,1849.0
TSMixup_28,1979-03-01,1618.0
TSMixup_28,1979-04-01,2100.0
TSMixup_28,1979-05-01,2023.0
TSMixup_28,1979-06-01,1753.0
TSMixup_28,1979-07-01,1568.0
TSMixup_28,1979-08-01,1912.0
TSMixup_28,1979-09-01,2492.0
TSMixup_28,1979-10-01,1240.0
TSMixup_28,1979-11-01,2168.0
TSMixup_28,1979-12-01,2379.0
TSMixup_28,1980-01-01,2389.0
TSMixup_28,1980-02-01,2566.0
TSMixup_28,1980-03-01,2050.0
TSMixup_28,1980-04-01,2065.0
TSMixup_28,1980-05-01,1401.0
TSMixup_28,1980-06-01,2577.0
TSMixup_28,1980-07-01,2349.0
TSMixup_28,1980-08-01,2431.0
TSMixup_28,1980-09-01,2471.0
TSMixup_28,1980-10-01,1423.0
TSMixup_28,1980-11-01,2051.0
TSMixup_28,1980-12-01,2489.0
TSMixup_28,1981-01-01,2798.0
TSMixup_28,1981-02-01,2464.0
TSMixup_28,1981-03-01,2859.0
TSMixup_28,1981-04-01,1472.0
TSMixup_28,1981-05-01,1475.0
TSMixup_28,1981-06-01,2576.0
TSMixup_28,1981-07-01,1563.0
TSMixup_28,1981-08-01,2035.0
TSMixup_28,1981-09-01,3185.0
TSMixup_28,1981-10-01,1313.0
TSMixup_28,1981-11-01,1445.0
TSMixup_28,1981-12-01,2141.0
TSMixup_28,1982-01-01,1510.0
TSMixup_28,1982-02-01,1810.0
TSMixup_28,1982-03-01,1377.0
TSMixup_28,1982-04-01,1025.0
TSMixup_28,1982-05-01,834.0
TSMixup_28,1982-06-01,1190.0
TSMixup_28,1982-07-01,1101.0
TSMixup_28,1982-08-01,1146.0
TSMixup_28,1982-09-01,2471.0
TSMixup_28,1982-10-01,1333.0
TSMixup_28,1982-11-01,1488.0
TSMixup_28,1982-12-01,2618.0
TSMixup_28,1983-01-01,2139.0
TSMixup_28,1983-02-01,1544.0
TSMixup_28,1983-03-01,2335.0
TSMixup_28,1983-04-01,875.0
TSMixup_28,1983-05-01,948.0
TSMixup_28,1983-06-01,1565.0
TSMixup_28,1983-07-01,885.0
TSMixup_28,1983-08-01,1670.0
TSMixup_28,1983-09-01,2455.0
TSMixup_28,1983-10-01,506.0
TSMixup_28,1983-11-01,1149.0
TSMixup_29,1990-01-01,3980.0
TSMixup_29,1990-02-01,2870.0
TSMixup_29,1990-03-01,2010.0
TSMixup_29,1990-04-01,2800.0
TSMixup_29,1990-05-01,3060.0
TSMixup_29,1990-06-01,2670.0
TSMixup_29,1990-07-01,2590.0
TSMixup_29,1990-08-01,3660.0
TSMixup_29,1990-09-01,2480.0
TSMixup_29,1990-10-01,3460.0
TSMixup_29,1990-11-01,2530.0
TSMixup_29,1990-12-01,2430.0
TSMixup_29,1991-01-01,3660.0
TSMixup_29,1991-02-01,2550.0
TSMixup_29,1991-03-01,1770.0
TSMixup_29,1991-04-01,4410.0
TSMixup_29,1991-05-01,5390.0
TSMixup_29,1991-06-01,4840.0
TSMixup_29,1991-07-01,4290.0
TSMixup_29,1991-08-01,6390.0
TSMixup_29,1991-09-01,4420.0
TSMixup_29,1991-10-01,6370.0
TSMixup_29,1991-11-01,4050.0
TSMixup_29,1991-12-01,4170.0
TSMixup_29,1992-01-01,4760.0
TSMixup_29,1992-02-01,3710.0
TSMixup_29,1992-03-01,5130.0
TSMixup_29,1992-04-01,4730.0
TSMixup_29,1992-05-01,4390.0
TSMixup_29,1992-06-01,6070.0
TSMixup_29,1992-07-01,5510.0
TSMixup_29,1992-08-01,4240.0
TSMixup_29,1992-09-01,4160.0
TSMixup_29,1992-10-01,4040.0
TSMixup_29,1992-11-01,3780.0
TSMixup_29,1992-12-01,4200.0
TSMixup_29,1993-01-01,5170.0
TSMixup_29,1993-02-01,3200.0
TSMixup_29,1993-03-01,3670.0
TSMixup_30,1990-01-01,6880.0
TSMixup_30,1990-02-01,7850.0
TSMixup_30,1990-03-01,4540.0
TSMixup_30,1990-04-01,5560.0
TSMixup_30,1990-05-01,4690.0
TSMixup_30,1990-06-01,7160.0
TSMixup_30,1990-07-01,6000.0
TSMixup_30,1990-08-01,6280.0
TSMixup_30,1990-09-01,6660.0
TSMixup_30,1990-10-01,7600.0
TSMixup_30,1990-11-01,4330.0
TSMixup_30,1990-12-01,7780.0
TSMixup_30,1991-01-01,6070.0
TSMixup_30,1991-02-01,7350.0
TSMixup_30,1991-03-01,6940.0
TSMixup_30,1991-04-01,7320.0
TSMixup_30,1991-05-01,5480.0
TSMixup_30,1991-06-01,7640.0
TSMixup_30,1991-07-01,7310.0
TSMixup_30,1991-08-01,8560.0
TSMixup_30,1991-09-01,8360.0
TSMixup_30,1991-10-01,7230.0
TSMixup_30,1991-11-01,5270.0
TSMixup_30,1991-12-01,6210.0
TSMixup_30,1992-01-01,7280.0
TSMixup_30,1992-02-01,6560.0
TSMixup_30,1992-03-01,6040.0
TSMixup_30,1992-04-01,7370.0
TSMixup_30,1992-05-01,6800.0
TSMixup_30,1992-06-01,7100.0
TSMixup_30,1992-07-01,5670.0
TSMixup_30,1992-08-01,7420.0
TSMixup_30,1992-09-01,4150.0
TSMixup_30,1992-10-01,6800.0
TSMixup_30,1992-11-01,5490.0
TSMixup_30,1992-12-01,6240.0
TSMixup_30,1993-01-01,6230.0
TSMixup_30,1993-02-01,7750.0
TSMixup_31,1990-01-01,9000.0
TSMixup_31,1990-02-01,6600.0
TSMixup_31,1990-03-01,8100.0
TSMixup_31,1990-04-01,7000.0
TSMixup_31,1990-05-01,7700.0
TSMixup_31,1990-06-01,5100.0
TSMixup_31,1990-07-01,4900.0
TSMixup_31,1990-08-01,5600.0
TSMixup_31,1990-09-01,7100.0
TSMixup_31,1990-10-01,10300.0
TSMixup_31,1990-11-01,8600.0
TSMixup_31,1990-12-01,4300.0
TSMixup_31,1991-01-01,8800.0
TSMixup_31,1991-02-01,6800.0
TSMixup_31,1991-03-01,5700.0
TSMixup_31,1991-04-01,6500.0
TSMixup_31,1991-05-01,9900.0
TSMixup_31,1991-06-01,5600.0
TSMixup_31,1991-07-01,7100.0
TSMixup_31,1991-08-01,5800.0
TSMixup_31,1991-09-01,5300.0
TSMixup_31,1991-10-01,10200.0
TSMixup_31,1991-11-01,7500.0
TSMixup_31,1991-12-01,5300.0
TSMixup_31,1992-01-01,7400.0
TSMixup_31,1992-02-01,5300.0
TSMixup_31,1992-03-01,7300.0
TSMixup_31,1992-04-01,6300.0
TSMixup_31,1992-05-01,8100.0
TSMixup_31,1992-06-01,4900.0
TSMixup_31,1992-07-01,7500.0
TSMixup_31,1992-08-01,5700.0
TSMixup_31,1992-09-01,7000.0
TSMixup_31,1992-10-01,11000.0
TSMixup_31,1992-11-01,7400.0
TSMixup_31,1992-12-01,8900.0
TSMixup_31,1993-01-01,9300.0
TSMixup_31,1993-02-01,7900.0
TSMixup_31,1993-03-01,9400.0
TSMixup_32,1990-01-01,3860.0
TSMixup_32,1990-02-01,4880.0
TSMixup_32,1990-03-01,4420.0
TSMixup_32,1990-04-01,4900.0
TSMixup_32,1990-05-01,4230.0
TSMixup_32,1990-06-01,3970.0
TSMixup_32,1990-07-01,4690.0
TSMixup_32,1990-08-01,4190.0
TSMixup_32,1990-09-01,4960.0
TSMixup_32,1990-10-01,5590.0
TSMixup_32,1990-11-01,5000.0
TSMixup_32,1990-12-01,6030.0
TSMixup_32,1991-01-01,4690.0
TSMixup_32,1991-02-01,4090.0
TSMixup_32,1991-03-01,5070.0
TSMixup_32,1991-04-01,5050.0
TSMixup_32,1991-05-01,4520.0
TSMixup_32,1991-06-01,5070.0
TSMixup_32,1991-07-01,4290.0
TSMixup_32,1991-08-01,4400.0
TSMixup_32,1991-09-01,5080.0
TSMixup_32,1991-10-01,4180.0
TSMixup_32,1991-11-01,5230.0
TSMixup_32,1991-12-01,5200.0
TSMixup_32,1992-01-01,3800.0
TSMixup_32,1992-02-01,5010.0
TSMixup_32,1992-03-01,4420.0
TSMixup_32,1992-04-01,4810.0
TSMixup_32,1992-05-01,4690.0
TSMixup_32,1992-06-01,5390.0
TSMixup_32,1992-07-01,4730.0
TSMixup_32,1992-08-01,4770.0
TSMixup_32,1992-09-01,4690.0
TSMixup_32,1992-10-01,4450.0
TSMixup_32,1992-11-01,5400.0
TSMixup_32,1992-12-01,5590.0
TSMixup_32,1993-01-01,4360.0
TSMixup_32,1993-02-01,5370.0
TSMixup_33,1990-01-01,6012.0
TSMixup_33,1990-02-01,6740.0
TSMixup_33,1990-03-01,6058.0
TSMixup_33,1990-04-01,6684.0
TSMixup_33,1990-05-01,5692.0
TSMixup_33,1990-06-01,5472.0
TSMixup_33,1990-07-01,6662.0
TSMixup_33,1990-08-01,5424.0
TSMixup_33,1990-09-01,7192.0
TSMixup_33,1990-10-01,7214.0
TSMixup_33,1990-11-01,6444.0
TSMixup_33,1990-12-01,7886.0
TSMixup_33,1991-01-01,7056.0
TSMixup_33,1991-02-01,7212.0
TSMixup_33,1991-03-01,7344.0
TSMixup_33,1991-04-01,6504.0
TSMixup_33,1991-05-01,6504.0
TSMixup_33,1991-06-01,6362.0
TSMixup_33,1991-07-01,6080.0
TSMixup_33,1991-08-01,5842.0
TSMixup_33,1991-09-01,8282.0
TSMixup_33,1991-10-01,6372.0
TSMixup_33,1991-11-01,7222.0
TSMixup_33,1991-12-01,7860.0
TSMixup_33,1992-01-01,7000.0
TSMixup_33,1992-02-01,7644.0
TSMixup_33,1992-03-01,7056.0
TSMixup_33,1992-04-01,6600.0
TSMixup_33,1992-05-01,6972.0
TSMixup_33,1992-06-01,6984.0
TSMixup_33,1992-07-01,5892.0
TSMixup_33,1992-08-01,7284.0
TSMixup_33,1992-09-01,6174.0
TSMixup_33,1992-10-01,6730.0
TSMixup_33,1992-11-01,7452.0
TSMixup_33,1992-12-01,7296.0
TSMixup_33,1993-01-01,7032.0
TSMixup_33,1993-02-01,7440.0
TSMixup_34,1981-01-01,1910.0
TSMixup_34,1981-02-01,1960.0
TSMixup_34,1981-03-01,2020.0
TSMixup_34,1981-04-01,2050.0
TSMixup_34,1981-05-01,2080.0
TSMixup_34,1981-06-01,2040.0
TSMixup_34,1981-07-01,1880.0
TSMixup_34,1981-08-01,2100.0
TSMixup_34,1981-09-01,1880.0
TSMixup_34,1981-10-01,1920.0
TSMixup_34,1981-11-01,1950.0
TSMixup_34,1981-12-01,1770.0
TSMixup_34,1982-01-01,1860.0
TSMixup_34,1982-02-01,1920.0
TSMixup_34,1982-03-01,1930.0
TSMixup_34,1982-04-01,1980.0
TSMixup_34,1982-05-01,2080.0
TSMixup_34,1982-06-01,2010.0
TSMixup_34,1982-07-01,2090.0
TSMixup_34,1982-08-01,2120.0
TSMixup_34,1982-09-01,1930.0
TSMixup_34,1982-10-01,1860.0
TSMixup_34,1982-11-01,1920.0
TSMixup_34,1982-12-01,1700.0
TSMixup_34,1983-01-01,1510.0
TSMixup_34,1983-02-01,1420.0
TSMixup_34,1983-03-01,1540.0
TSMixup_34,1983-04-01,1570.0
TSMixup_34,1983-05-01,1460.0
TSMixup_34,1983-06-01,1590.0
TSMixup_34,1983-07-01,1530.0
TSMixup_34,1983-08-01,1590.0
TSMixup_34,1983-09-01,1600.0
TSMixup_34,1983-10-01,1640.0
TSMixup_34,1983-11-01,1610.0
TSMixup_34,1983-12-01,1740.0
TSMixup_34,1984-01-01,1650.0
TSMixup_34,1984-02-01,1720.0
TSMixup_34,1984-03-01,1910.0
TSMixup_34,1984-04-01,1650.0
TSMixup_34,1984-05-01,1750.0
TSMixup_34,1984-06-01,1920.0
TSMixup_34,1984-07-01,1860.0
TSMixup_34,1984-08-01,1800.0
TSMixup_34,1984-09-01,1840.0
TSMixup_34,1984-10-01,1750.0
TSMixup_34,1984-11-01,1900.0
TSMixup_34,1984-12-01,1630.0
TSMixup_34,1985-01-01,1650.0
TSMixup_34,1985-02-01,1570.0
TSMixup_34,1985-03-01,1430.0
TSMixup_34,1985-04-01,1490.0
TSMixup_34,1985-05-01,1640.0
TSMixup_34,1985-06-01,1710.0
TSMixup_34,1985-07-01,1760.0
TSMixup_34,1985-08-01,1950.0
TSMixup_34,1985-09-01,1860.0
TSMixup_34,1985-10-01,1760.0
TSMixup_34,1985-11-01,1750.0
TSMixup_34,1985-12-01,1760.0
TSMixup_34,1986-01-01,1830.0
TSMixup_34,1986-02-01,2000.0
TSMixup_34,1986-03-01,1970.0
TSMixup_34,1986-04-01,1860.0
TSMixup_34,1986-05-01,1830.0
TSMixup_34,1986-06-01,1770.0
TSMixup_34,1986-07-01,1730.0
TSMixup_34,1986-08-01,1770.0
TSMixup_34,1986-09-01,1670.0
TSMixup_34,1986-10-01,1610.0
TSMixup_35,1990-01-01,2940.0
TSMixup_35,1990-02-01,2720.0
TSMixup_35,1990-03-01,3620.0
TSMixup_35,1990-04-01,2680.0
TSMixup_35,1990-05-01,3460.0
TSMixup_35,1990-06-01,2880.0
TSMixup_35,1990-07-01,3140.0
TSMixup_35,1990-08-01,4000.0
TSMixup_35,1990-09-01,4360.0
TSMixup_35,1990-10-01,4220.0
TSMixup_35,1990-11-01,4300.0
TSMixup_35,1990-12-01,3020.0
TSMixup_35,1991-01-01,4840.0
TSMixup_35,1991-02-01,4080.0
TSMixup_35,1991-03-01,4280.0
TSMixup_35,1991-04-01,5540.0
TSMixup_35,1991-05-01,5100.0
TSMixup_35,1991-06-01,3820.0
TSMixup_35,1991-07-01,4980.0
TSMixup_35,1991-08-01,4720.0
TSMixup_35,1991-09-01,4780.0
TSMixup_35,1991-10-01,5160.0
TSMixup_35,1991-11-01,4740.0
TSMixup_35,1991-12-01,5580.0
TSMixup_35,1992-01-01,6500.0
TSMixup_35,1992-02-01,4360.0
TSMixup_35,1992-03-01,5600.0
TSMixup_35,1992-04-01,4820.0
TSMixup_35,1992-05-01,6340.0
TSMixup_35,1992-06-01,5880.0
TSMixup_35,1992-07-01,6320.0
TSMixup_35,1992-08-01,5540.0
TSMixup_35,1992-09-01,4440.0
TSMixup_35,1992-10-01,4800.0
TSMixup_35,1992-11-01,5320.0
TSMixup_35,1992-12-01,6000.0
TSMixup_35,1993-01-01,7040.0
TSMixup_35,1993-02-01,5320.0
TSMixup_36,1982-01-01,5750.0
TSMixup_36,1982-02-01,5290.0
TSMixup_36,1982-03-01,5870.0
TSMixup_36,1982-04-01,6440.0
TSMixup_36,1982-05-01,4610.0
TSMixup_36,1982-06-01,4920.0
TSMixup_36,1982-07-01,6270.0
TSMixup_36,1982-08-01,6780.0
TSMixup_36,1982-09-01,6360.0
TSMixup_36,1982-10-01,5810.0
TSMixup_36,1982-11-01,6470.0
TSMixup_36,1982-12-01,6820.0
TSMixup_36,1983-01-01,7720.0
TSMixup_36,1983-02-01,6650.0
TSMixup_36,1983-03-01,6990.0
TSMixup_36,1983-04-01,6760.0
TSMixup_36,1983-05-01,5170.0
TSMixup_36,1983-06-01,5190.0
TSMixup_36,1983-07-01,5380.0
TSMixup_36,1983-08-01,6860.0
TSMixup_36,1983-09-01,6680.0
TSMixup_36,1983-10-01,5530.0
TSMixup_36,1983-11-01,7330.0
TSMixup_36,1983-12-01,6590.0
TSMixup_36,1984-01-01,7360.0
TSMixup_36,1984-02-01,7440.0
TSMixup_36,1984-03-01,7600.0
TSMixup_36,1984-04-01,6770.0
TSMixup_36,1984-05-01,5650.0
TSMixup_36,1984-06-01,5540.0
TSMixup_36,1984-07-01,6380.0
TSMixup_36,1984-08-01,7390.0
TSMixup_36,1984-09-01,6580.0
TSMixup_36,1984-10-01,5400.0
TSMixup_36,1984-11-01,7130.0
TSMixup_36,1984-12-01,6750.0
TSMixup_36,1985-01-01,6550.0
TSMixup_36,1985-02-01,7130.0
TSMixup_36,1985-03-01,6850.0
TSMixup_36,1985-04-01,7060.0
TSMixup_36,1985-05-01,5050.0
TSMixup_36,1985-06-01,4260.0
TSMixup_36,1985-07-01,6370.0
TSMixup_36,1985-08-01,6840.0
TSMixup_36,1985-09-01,5560.0
TSMixup_36,1985-10-01,5610.0
TSMixup_36,1985-11-01,6170.0
TSMixup_36,1985-12-01,6910.0
TSMixup_36,1986-01-01,7410.0
TSMixup_36,1986-02-01,6600.0
TSMixup_36,1986-03-01,6260.0
TSMixup_36,1986-04-01,6650.0
TSMixup_36,1986-05-01,3730.0
TSMixup_36,1986-06-01,3770.0
TSMixup_36,1986-07-01,5820.0
TSMixup_36,1986-08-01,6700.0
TSMixup_36,1986-09-01,5830.0
TSMixup_36,1986-10-01,5000.0
TSMixup_36,1986-11-01,4720.0
TSMixup_36,1986-12-01,5630.0
TSMixup_36,1987-01-01,6650.0
TSMixup_36,1987-02-01,6130.0
TSMixup_36,1987-03-01,6900.0
TSMixup_36,1987-04-01,7260.0
TSMixup_36,1987-05-01,3860.0
TSMixup_36,1987-06-01,4840.0
TSMixup_36,1987-07-01,6180.0
TSMixup_36,1987-08-01,6550.0
TSMixup_36,1987-09-01,6480.0
TSMixup_36,1987-10-01,5840.0
TSMixup_36,1987-11-01,6160.0
TSMixup_36,1987-12-01,6060.0
TSMixup_36,1988-01-01,6540.0
TSMixup_36,1988-02-01,6510.0
TSMixup_37,1990-01-01,5400.0
TSMixup_37,1990-02-01,5200.0
TSMixup_37,1990-03-01,4650.0
TSMixup_37,1990-04-01,3950.0
TSMixup_37,1990-05-01,4650.0
TSMixup_37,1990-06-01,4500.0
TSMixup_37,1990-07-01,4100.0
TSMixup_37,1990-08-01,5450.0
TSMixup_37,1990-09-01,5100.0
TSMixup_37,1990-10-01,5250.0
TSMixup_37,1990-11-01,5150.0
TSMixup_37,1990-12-01,4200.0
TSMixup_37,1991-01-01,6050.0
TSMixup_37,1991-02-01,4700.0
TSMixup_37,1991-03-01,4300.0
TSMixup_37,1991-04-01,3750.0
TSMixup_37,1991-05-01,4050.0
TSMixup_37,1991-06-01,4250.0
TSMixup_37,1991-07-01,4250.0
TSMixup_37,1991-08-01,4350.0
TSMixup_37,1991-09-01,3800.0
TSMixup_37,1991-10-01,4300.0
TSMixup_37,1991-11-01,3600.0
TSMixup_37,1991-12-01,4750.0
TSMixup_37,1992-01-01,5500.0
TSMixup_37,1992-02-01,4600.0
TSMixup_37,1992-03-01,4350.0
TSMixup_37,1992-04-01,4000.0
TSMixup_37,1992-05-01,4300.0
TSMixup_37,1992-06-01,4200.0
TSMixup_37,1992-07-01,3750.0
TSMixup_37,1992-08-01,4050.0
TSMixup_37,1992-09-01,4200.0
TSMixup_37,1992-10-01,4300.0
TSMixup_37,1992-11-01,4150.0
TSMixup_37,1992-12-01,5050.0
TSMixup_37,1993-01-01,4600.0
TSMixup_37,1993-02-01,3950.0
TSMixup_37,1993-03-01,5000.0
TSMixup_38,1979-01-01,2168.0
TSMixup_38,1979-02-01,2379.0
TSMixup_38,1979-03-01,2389.0
TSMixup_38,1979-04-01,2566.0
TSMixup_38,1979-05-01,2050.0
TSMixup_38,1979-06-01,2065.0
TSMixup_38,1979-07-01,1401.0
TSMixup_38,1979-08-01,2577.0
TSMixup_38,1979-09-01,2349.0
TSMixup_38,1979-10-01,2431.0
TSMixup_38,1979-11-01,2471.0
TSMixup_38,1979-12-01,1423.0
TSMixup_38,1980-01-01,2051.0
TSMixup_38,1980-02-01,2489.0
TSMixup_38,1980-03-01,2798.0
TSMixup_38,1980-04-01,2464.0
TSMixup_38,1980-05-01,2859.0
TSMixup_38,1980-06-01,1472.0
TSMixup_38,1980-07-01,1475.0
TSMixup_38,1980-08-01,2576.0
TSMixup_38,1980-09-01,1563.0
TSMixup_38,1980-10-01,2035.0
TSMixup_38,1980-11-01,3185.0
TSMixup_38,1980-12-01,1313.0
TSMixup_38,1981-01-01,1445.0
TSMixup_38,1981-02-01,2141.0
TSMixup_38,1981-03-01,1510.0
TSMixup_38,1981-04-01,1810.0
TSMixup_38,1981-05-01,1377.0
TSMixup_38,1981-06-01,1025.0
TSMixup_38,1981-07-01,834.0
TSMixup_38,1981-08-01,1190.0
TSMixup_38,1981-09-01,1101.0
TSMixup_38,1981-10-01,1146.0
TSMixup_38,1981-11-01,2471.0
TSMixup_38,1981-12-01,1333.0
TSMixup_38,1982-01-01,1488.0
TSMixup_38,1982-02-01,2618.0
TSMixup_38,1982-03-01,2139.0
TSMixup_38,1982-04-01,1544.0
TSMixup_38,1982-05-01,2335.0
TSMixup_38,1982-06-01,875.0
TSMixup_38,1982-07-01,948.0
TSMixup_38,1982-08-01,1565.0
TSMixup_38,1982-09-01,885.0
TSMixup_38,1982-10-01,1670.0
TSMixup_38,1982-11-01,2455.0
TSMixup_38,1982-12-01,506.0
TSMixup_38,1983-01-01,1149.0
TSMixup_38,1983-02-01,1241.0
TSMixup_38,1983-03-01,1117.0
TSMixup_38,1983-04-01,1449.0
TSMixup_38,1983-05-01,1759.0
TSMixup_38,1983-06-01,758.0
TSMixup_38,1983-07-01,914.0
TSMixup_38,1983-08-01,1392.0
TSMixup_38,1983-09-01,1259.0
TSMixup_38,1983-10-01,1798.0
TSMixup_38,1983-11-01,2480.0
TSMixup_38,1983-12-01,674.0
TSMixup_38,1984-01-01,1737.0
TSMixup_39,1983-01-01,2810.0
TSMixup_39,1983-02-01,3120.0
TSMixup_39,1983-03-01,3600.0
TSMixup_39,1983-04-01,2875.0
TSMixup_39,1983-05-01,3355.0
TSMixup_39,1983-06-01,3755.0
TSMixup_39,1983-07-01,3130.0
TSMixup_39,1983-08-01,3315.0
TSMixup_39,1983-09-01,3415.0
TSMixup_39,1983-10-01,3030.0
TSMixup_39,1983-11-01,4495.0
TSMixup_39,1983-12-01,4770.0
TSMixup_39,1984-01-01,4785.0
TSMixup_39,1984-02-01,4260.0
TSMixup_39,1984-03-01,3510.0
TSMixup_39,1984-04-01,4620.0
TSMixup_39,1984-05-01,4040.0
TSMixup_39,1984-06-01,4130.0
TSMixup_39,1984-07-01,3415.0
TSMixup_39,1984-08-01,3485.0
TSMixup_39,1984-09-01,3780.0
TSMixup_39,1984-10-01,4065.0
TSMixup_39,1984-11-01,3470.0
TSMixup_39,1984-12-01,4425.0
TSMixup_39,1985-01-01,4280.0
TSMixup_39,1985-02-01,6335.0
TSMixup_39,1985-03-01,3345.0
TSMixup_39,1985-04-01,3825.0
TSMixup_39,1985-05-01,4920.0
TSMixup_39,1985-06-01,4340.0
TSMixup_39,1985-07-01,6600.0
TSMixup_39,1985-08-01,4460.0
TSMixup_39,1985-09-01,5925.0
TSMixup_39,1985-10-01,5315.0
TSMixup_39,1985-11-01,4800.0
TSMixup_39,1985-12-01,4490.0
TSMixup_39,1986-01-01,4015.0
TSMixup_39,1986-02-01,5055.0
TSMixup_39,1986-03-01,3760.0
TSMixup_39,1986-04-01,4820.0
TSMixup_39,1986-05-01,3515.0
TSMixup_39,1986-06-01,5770.0
TSMixup_39,1986-07-01,3655.0
TSMixup_39,1986-08-01,3640.0
TSMixup_39,1986-09-01,3990.0
TSMixup_39,1986-10-01,4500.0
TSMixup_39,1986-11-01,3190.0
TSMixup_39,1986-12-01,6290.0
TSMixup_39,1987-01-01,5365.0
TSMixup_39,1987-02-01,4310.0
TSMixup_39,1987-03-01,3895.0
TSMixup_39,1987-04-01,4045.0
TSMixup_39,1987-05-01,3910.0
TSMixup_39,1987-06-01,5045.0
TSMixup_39,1987-07-01,3245.0
TSMixup_39,1987-08-01,3150.0
TSMixup_39,1987-09-01,3620.0
TSMixup_39,1987-10-01,4515.0
TSMixup_39,1987-11-01,5030.0
TSMixup_39,1987-12-01,6440.0
TSMixup_39,1988-01-01,4075.0
TSMixup_39,1988-02-01,3995.0
TSMixup_39,1988-03-01,4675.0
TSMixup_39,1988-04-01,2895.0
TSMixup_39,1988-05-01,4030.0
TSMixup_39,1988-06-01,4820.0
TSMixup_39,1988-07-01,9435.0
TSMixup_39,1988-08-01,3840.0
TSMixup_39,1988-09-01,5530.0
TSMixup_39,1988-10-01,3925.0
TSMixup_39,1988-11-01,5630.0
TSMixup_39,1988-12-01,6300.0
TSMixup_39,1989-01-01,5505.0
TSMixup_39,1989-02-01,6165.0
TSMixup_39,1989-03-01,3770.0
TSMixup_39,1989-04-01,5270.0
TSMixup_39,1989-05-01,4940.0
TSMixup_39,1989-06-01,6090.0
TSMixup_39,1989-07-01,5585.0
TSMixup_39,1989-08-01,5685.0
TSMixup_39,1989-09-01,5225.0
TSMixup_39,1989-10-01,6370.0
TSMixup_40,1990-01-01,8300.0
TSMixup_40,1990-02-01,8155.0
TSMixup_40,1990-03-01,8405.0
TSMixup_40,1990-04-01,7145.0
TSMixup_40,1990-05-01,6945.0
TSMixup_40,1990-06-01,6725.0
TSMixup_40,1990-07-01,7270.0
TSMixup_40,1990-08-01,6825.0
TSMixup_40,1990-09-01,4150.0
TSMixup_40,1990-10-01,7145.0
TSMixup_40,1990-11-01,8080.0
TSMixup_40,1990-12-01,5500.0
TSMixup_40,1991-01-01,8660.0
TSMixup_40,1991-02-01,7080.0
TSMixup_40,1991-03-01,5560.0
TSMixup_40,1991-04-01,8345.0
TSMixup_40,1991-05-01,5890.0
TSMixup_40,1991-06-01,5175.0
TSMixup_40,1991-07-01,6650.0
TSMixup_40,1991-08-01,5915.0
TSMixup_40,1991-09-01,5905.0
TSMixup_40,1991-10-01,7060.0
TSMixup_40,1991-11-01,5905.0
TSMixup_40,1991-12-01,6735.0
TSMixup_40,1992-01-01,7235.0
TSMixup_40,1992-02-01,6375.0
TSMixup_40,1992-03-01,6315.0
TSMixup_40,1992-04-01,5910.0
TSMixup_40,1992-05-01,6330.0
TSMixup_40,1992-06-01,6070.0
TSMixup_40,1992-07-01,7675.0
TSMixup_40,1992-08-01,6280.0
TSMixup_40,1992-09-01,6130.0
TSMixup_40,1992-10-01,7120.0
TSMixup_40,1992-11-01,6380.0
TSMixup_40,1992-12-01,7465.0
TSMixup_40,1993-01-01,6600.0
TSMixup_40,1993-02-01,6190.0
TSMixup_40,1993-03-01,9185.0
TSMixup_41,1990-01-01,6052.0
TSMixup_41,1990-02-01,6074.0
TSMixup_41,1990-03-01,6160.0
TSMixup_41,1990-04-01,5912.0
TSMixup_41,1990-05-01,5798.0
TSMixup_41,1990-06-01,5862.0
TSMixup_41,1990-07-01,5232.0
TSMixup_41,1990-08-01,5474.0
TSMixup_41,1990-09-01,6570.0
TSMixup_41,1990-10-01,7202.0
TSMixup_41,1990-11-01,5522.0
TSMixup_41,1990-12-01,7654.0
TSMixup_41,1991-01-01,5198.0
TSMixup_41,1991-02-01,5294.0
TSMixup_41,1991-03-01,6588.0
TSMixup_41,1991-04-01,6408.0
TSMixup_41,1991-05-01,5106.0
TSMixup_41,1991-06-01,6294.0
TSMixup_41,1991-07-01,5898.0
TSMixup_41,1991-08-01,5884.0
TSMixup_41,1991-09-01,6066.0
TSMixup_41,1991-10-01,6174.0
TSMixup_41,1991-11-01,6542.0
TSMixup_41,1991-12-01,6476.0
TSMixup_41,1992-01-01,5808.0
TSMixup_41,1992-02-01,6748.0
TSMixup_41,1992-03-01,5628.0
TSMixup_41,1992-04-01,6008.0
TSMixup_41,1992-05-01,6978.0
TSMixup_41,1992-06-01,6194.0
TSMixup_41,1992-07-01,6672.0
TSMixup_41,1992-08-01,5768.0
TSMixup_41,1992-09-01,7158.0
TSMixup_41,1992-10-01,6086.0
TSMixup_41,1992-11-01,6438.0
TSMixup_41,1992-12-01,6546.0
TSMixup_41,1993-01-01,5256.0
TSMixup_41,1993-02-01,7364.0
TSMixup_42,1978-01-01,3480.0
TSMixup_42,1978-02-01,1020.0
TSMixup_42,1978-03-01,560.0
TSMixup_42,1978-04-01,4940.0
TSMixup_42,1978-05-01,7130.0
TSMixup_42,1978-06-01,9480.0
TSMixup_42,1978-07-01,11230.0
TSMixup_42,1978-08-01,10900.0
TSMixup_42,1978-09-01,9340.0
TSMixup_42,1978-10-01,6900.0
TSMixup_42,1978-11-01,2220.0
TSMixup_42,1978-12-01,1030.0
TSMixup_42,1979-01-01,1490.0
TSMixup_42,1979-02-01,230.0
TSMixup_42,1979-03-01,90.0
TSMixup_42,1979-04-01,670.0
TSMixup_42,1979-05-01,2380.0
TSMixup_42,1979-06-01,4970.0
TSMixup_42,1979-07-01,5500.0
TSMixup_42,1979-08-01,6120.0
TSMixup_42,1979-09-01,4960.0
TSMixup_42,1979-10-01,20720.0
TSMixup_42,1979-11-01,18150.0
TSMixup_42,1979-12-01,9800.0
TSMixup_42,1980-01-01,6910.0
TSMixup_42,1980-02-01,8520.0
TSMixup_42,1980-03-01,8820.0
TSMixup_42,1980-04-01,14570.0
TSMixup_42,1980-05-01,10340.0
TSMixup_42,1980-06-01,11100.0
TSMixup_42,1980-07-01,8060.0
TSMixup_42,1980-08-01,20360.0
TSMixup_42,1980-09-01,14680.0
TSMixup_42,1980-10-01,12090.0
TSMixup_42,1980-11-01,14820.0
TSMixup_42,1980-12-01,19780.0
TSMixup_42,1981-01-01,13910.0
TSMixup_42,1981-02-01,25040.0
TSMixup_42,1981-03-01,10400.0
TSMixup_42,1981-04-01,7710.0
TSMixup_42,1981-05-01,9090.0
TSMixup_42,1981-06-01,3280.0
TSMixup_42,1981-07-01,14500.0
TSMixup_42,1981-08-01,26920.0
TSMixup_42,1981-09-01,26180.0
TSMixup_42,1981-10-01,35940.0
TSMixup_42,1981-11-01,18990.0
TSMixup_42,1981-12-01,16870.0
TSMixup_42,1982-01-01,18410.0
TSMixup_42,1982-02-01,17870.0
TSMixup_42,1982-03-01,14100.0
TSMixup_42,1982-04-01,8410.0
TSMixup_42,1982-05-01,16370.0
TSMixup_42,1982-06-01,13710.0
TSMixup_42,1982-07-01,10590.0
TSMixup_42,1982-08-01,18680.0
TSMixup_42,1982-09-01,12360.0
TSMixup_42,1982-10-01,3300.0
TSMixup_42,1982-11-01,6510.0
TSMixup_42,1982-12-01,4220.0
TSMixup_42,1983-01-01,16510.0
TSMixup_42,1983-02-01,3250.0
TSMixup_42,1983-03-01,7990.0
TSMixup_42,1983-04-01,490.0
TSMixup_42,1983-05-01,5210.0
TSMixup_42,1983-06-01,4270.0
TSMixup_42,1983-07-01,2900.0
TSMixup_42,1983-08-01,12960.0
TSMixup_42,1983-09-01,30810.0
TSMixup_42,1983-10-01,17640.0
TSMixup_42,1983-11-01,19870.0
TSMixup_42,1983-12-01,34050.0
TSMixup_42,1984-01-01,17030.0
TSMixup_42,1984-02-01,13170.0
TSMixup_42,1984-03-01,24420.0
TSMixup_42,1984-04-01,13000.0
TSMixup_42,1984-05-01,8940.0
TSMixup_42,1984-06-01,10630.0
TSMixup_42,1984-07-01,4670.0
TSMixup_42,1984-08-01,11220.0
TSMixup_42,1984-09-01,38050.0
TSMixup_42,1984-10-01,19510.0
TSMixup_42,1984-11-01,21640.0
TSMixup_42,1984-12-01,25630.0
TSMixup_42,1985-01-01,15370.0
TSMixup_42,1985-02-01,9840.0
TSMixup_42,1985-03-01,2740.0
TSMixup_42,1985-04-01,800.0
TSMixup_42,1985-05-01,6560.0
TSMixup_42,1985-06-01,3590.0
TSMixup_42,1985-07-01,8410.0
TSMixup_42,1985-08-01,11550.0
TSMixup_42,1985-09-01,2040.0
TSMixup_42,1985-10-01,6090.0
TSMixup_42,1985-11-01,8430.0
TSMixup_42,1985-12-01,280.0
TSMixup_42,1986-01-01,3370.0
TSMixup_42,1986-02-01,250.0
TSMixup_42,1986-03-01,420.0
TSMixup_42,1986-04-01,1780.0
TSMixup_42,1986-05-01,1030.0
TSMixup_42,1986-06-01,600.0
TSMixup_42,1986-07-01,3480.0
TSMixup_42,1986-08-01,27250.0
TSMixup_42,1986-09-01,27820.0
TSMixup_42,1986-10-01,36050.0
TSMixup_42,1986-11-01,31270.0
TSMixup_42,1986-12-01,31920.0
TSMixup_42,1987-01-01,2750.0
TSMixup_42,1987-02-01,35970.0
TSMixup_42,1987-03-01,39520.0
TSMixup_42,1987-04-01,37350.0
TSMixup_42,1987-05-01,23350.0
TSMixup_42,1987-06-01,1620.0
TSMixup_43,1983-01-01,9335.0
TSMixup_43,1983-02-01,9535.0
TSMixup_43,1983-03-01,9725.0
TSMixup_43,1983-04-01,9335.0
TSMixup_43,1983-05-01,9300.0
TSMixup_43,1983-06-01,8630.0
TSMixup_43,1983-07-01,7785.0
TSMixup_43,1983-08-01,6465.0
TSMixup_43,1983-09-01,7065.0
TSMixup_43,1983-10-01,7685.0
TSMixup_43,1983-11-01,7495.0
TSMixup_43,1983-12-01,8630.0
TSMixup_43,1984-01-01,9305.0
TSMixup_43,1984-02-01,9680.0
TSMixup_43,1984-03-01,9520.0
TSMixup_43,1984-04-01,9515.0
TSMixup_43,1984-05-01,9510.0
TSMixup_43,1984-06-01,8285.0
TSMixup_43,1984-07-01,7190.0
TSMixup_43,1984-08-01,6985.0
TSMixup_43,1984-09-01,7795.0
TSMixup_43,1984-10-01,8460.0
TSMixup_43,1984-11-01,8400.0
TSMixup_43,1984-12-01,8385.0
TSMixup_43,1985-01-01,8045.0
TSMixup_43,1985-02-01,7860.0
TSMixup_43,1985-03-01,7855.0
TSMixup_43,1985-04-01,7975.0
TSMixup_43,1985-05-01,8315.0
TSMixup_43,1985-06-01,7155.0
TSMixup_43,1985-07-01,6630.0
TSMixup_43,1985-08-01,7045.0
TSMixup_43,1985-09-01,7520.0
TSMixup_43,1985-10-01,8155.0
TSMixup_43,1985-11-01,8005.0
TSMixup_43,1985-12-01,8680.0
TSMixup_43,1986-01-01,9050.0
TSMixup_43,1986-02-01,9190.0
TSMixup_43,1986-03-01,9180.0
TSMixup_43,1986-04-01,9220.0
TSMixup_43,1986-05-01,9225.0
TSMixup_43,1986-06-01,7825.0
TSMixup_43,1986-07-01,7250.0
TSMixup_43,1986-08-01,7195.0
TSMixup_43,1986-09-01,7745.0
TSMixup_43,1986-10-01,8295.0
TSMixup_43,1986-11-01,8345.0
TSMixup_43,1986-12-01,7420.0
TSMixup_43,1987-01-01,7335.0
TSMixup_43,1987-02-01,7395.0
TSMixup_43,1987-03-01,7110.0
TSMixup_44,1978-01-01,2355.0
TSMixup_44,1978-02-01,2183.0
TSMixup_44,1978-03-01,2919.0
TSMixup_44,1978-04-01,2386.0
TSMixup_44,1978-05-01,2384.0
TSMixup_44,1978-06-01,2461.0
TSMixup_44,1978-07-01,2358.0
TSMixup_44,1978-08-01,2181.0
TSMixup_44,1978-09-01,2145.0
TSMixup_44,1978-10-01,1820.0
TSMixup_44,1978-11-01,1716.0
TSMixup_44,1978-12-01,2178.0
TSMixup_44,1979-01-01,2115.0
TSMixup_44,1979-02-01,1546.0
TSMixup_44,1979-03-01,1723.0
TSMixup_44,1979-04-01,1959.0
TSMixup_44,1979-05-01,2067.0
TSMixup_44,1979-06-01,1897.0
TSMixup_44,1979-07-01,2037.0
TSMixup_44,1979-08-01,2046.0
TSMixup_44,1979-09-01,2105.0
TSMixup_44,1979-10-01,1886.0
TSMixup_44,1979-11-01,1784.0
TSMixup_44,1979-12-01,2001.0
TSMixup_44,1980-01-01,2280.0
TSMixup_44,1980-02-01,2313.0
TSMixup_44,1980-03-01,2341.0
TSMixup_44,1980-04-01,2204.0
TSMixup_44,1980-05-01,1987.0
TSMixup_44,1980-06-01,1097.0
TSMixup_44,1980-07-01,1558.0
TSMixup_44,1980-08-01,1782.0
TSMixup_44,1980-09-01,1718.0
TSMixup_44,1980-10-01,1395.0
TSMixup_44,1980-11-01,1251.0
TSMixup_44,1980-12-01,1381.0
TSMixup_44,1981-01-01,1418.0
TSMixup_44,1981-02-01,1869.0
TSMixup_44,1981-03-01,2001.0
TSMixup_44,1981-04-01,2096.0
TSMixup_44,1981-05-01,2063.0
TSMixup_44,1981-06-01,2096.0
TSMixup_44,1981-07-01,2270.0
TSMixup_44,1981-08-01,1789.0
TSMixup_44,1981-09-01,2162.0
TSMixup_44,1981-10-01,1843.0
TSMixup_44,1981-11-01,2074.0
TSMixup_44,1981-12-01,2202.0
TSMixup_44,1982-01-01,2490.0
TSMixup_44,1982-02-01,2089.0
TSMixup_44,1982-03-01,2721.0
TSMixup_44,1982-04-01,2594.0
TSMixup_44,1982-05-01,2473.0
TSMixup_44,1982-06-01,2572.0
TSMixup_44,1982-07-01,2495.0
TSMixup_44,1982-08-01,2638.0
TSMixup_44,1982-09-01,2577.0
TSMixup_44,1982-10-01,2089.0
TSMixup_44,1982-11-01,2221.0
TSMixup_44,1982-12-01,2679.0
TSMixup_44,1983-01-01,2615.0
TSMixup_44,1983-02-01,2591.0
TSMixup_44,1983-03-01,2532.0
TSMixup_44,1983-04-01,2766.0
TSMixup_44,1983-05-01,2837.0
TSMixup_44,1983-06-01,2811.0
TSMixup_44,1983-07-01,3063.0
TSMixup_44,1983-08-01,2797.0
TSMixup_44,1983-09-01,2605.0
TSMixup_44,1983-10-01,2615.0
TSMixup_44,1983-11-01,2282.0
TSMixup_44,1983-12-01,2808.0
TSMixup_44,1984-01-01,2860.0
TSMixup_44,1984-02-01,991.0
TSMixup_44,1984-03-01,3377.0
TSMixup_44,1984-04-01,3410.0
TSMixup_44,1984-05-01,3110.0
TSMixup_44,1984-06-01,3087.0
TSMixup_44,1984-07-01,3085.0
TSMixup_45,1990-01-01,4600.0
TSMixup_45,1990-02-01,3880.0
TSMixup_45,1990-03-01,4240.0
TSMixup_45,1990-04-01,3220.0
TSMixup_45,1990-05-01,4320.0
TSMixup_45,1990-06-01,4680.0
TSMixup_45,1990-07-01,3640.0
TSMixup_45,1990-08-01,4900.0
TSMixup_45,1990-09-01,4840.0
TSMixup_45,1990-10-01,4320.0
TSMixup_45,1990-11-01,4720.0
TSMixup_45,1990-12-01,3980.0
TSMixup_45,1991-01-01,5440.0
TSMixup_45,1991-02-01,4240.0
TSMixup_45,1991-03-01,4140.0
TSMixup_45,1991-04-01,4620.0
TSMixup_45,1991-05-01,4420.0
TSMixup_45,1991-06-01,4160.0
TSMixup_45,1991-07-01,5120.0
TSMixup_45,1991-08-01,5260.0
TSMixup_45,1991-09-01,3980.0
TSMixup_45,1991-10-01,4980.0
TSMixup_45,1991-11-01,3940.0
TSMixup_45,1991-12-01,4040.0
TSMixup_45,1992-01-01,5500.0
TSMixup_45,1992-02-01,3880.0
TSMixup_45,1992-03-01,3860.0
TSMixup_45,1992-04-01,4680.0
TSMixup_45,1992-05-01,5500.0
TSMixup_45,1992-06-01,4300.0
TSMixup_45,1992-07-01,4480.0
TSMixup_45,1992-08-01,4720.0
TSMixup_45,1992-09-01,3660.0
TSMixup_45,1992-10-01,5000.0
TSMixup_45,1992-11-01,3940.0
TSMixup_45,1992-12-01,3900.0
TSMixup_45,1993-01-01,3720.0
TSMixup_45,1993-02-01,3640.0
TSMixup_45,1993-03-01,4440.0
TSMixup_46,1990-01-01,4885.0
TSMixup_46,1990-02-01,4100.0
TSMixup_46,1990-03-01,5010.0
TSMixup_46,1990-04-01,6210.0
TSMixup_46,1990-05-01,6360.0
TSMixup_46,1990-06-01,5655.0
TSMixup_46,1990-07-01,4455.0
TSMixup_46,1990-08-01,4195.0
TSMixup_46,1990-09-01,5900.0
TSMixup_46,1990-10-01,5185.0
TSMixup_46,1990-11-01,6605.0
TSMixup_46,1990-12-01,4380.0
TSMixup_46,1991-01-01,6185.0
TSMixup_46,1991-02-01,3445.0
TSMixup_46,1991-03-01,3445.0
TSMixup_46,1991-04-01,3620.0
TSMixup_46,1991-05-01,3865.0
TSMixup_46,1991-06-01,6050.0
TSMixup_46,1991-07-01,4960.0
TSMixup_46,1991-08-01,3615.0
TSMixup_46,1991-09-01,4080.0
TSMixup_46,1991-10-01,3970.0
TSMixup_46,1991-11-01,4065.0
TSMixup_46,1991-12-01,4790.0
TSMixup_46,1992-01-01,4055.0
TSMixup_46,1992-02-01,3665.0
TSMixup_46,1992-03-01,3125.0
TSMixup_46,1992-04-01,3365.0
TSMixup_46,1992-05-01,4930.0
TSMixup_46,1992-06-01,2905.0
TSMixup_46,1992-07-01,4325.0
TSMixup_46,1992-08-01,4820.0
TSMixup_46,1992-09-01,4725.0
TSMixup_46,1992-10-01,4925.0
TSMixup_46,1992-11-01,3610.0
TSMixup_46,1992-12-01,5045.0
TSMixup_46,1993-01-01,1850.0
TSMixup_46,1993-02-01,3685.0
TSMixup_47,1978-01-01,3750.0
TSMixup_47,1978-02-01,4140.0
TSMixup_47,1978-03-01,5610.0
TSMixup_47,1978-04-01,5350.0
TSMixup_47,1978-05-01,4270.0
TSMixup_47,1978-06-01,3160.0
TSMixup_47,1978-07-01,2560.0
TSMixup_47,1978-08-01,3410.0
TSMixup_47,1978-09-01,3670.0
TSMixup_47,1978-10-01,3670.0
TSMixup_47,1978-11-01,3200.0
TSMixup_47,1978-12-01,3700.0
TSMixup_47,1979-01-01,3430.0
TSMixup_47,1979-02-01,4130.0
TSMixup_47,1979-03-01,4870.0
TSMixup_47,1979-04-01,6310.0
TSMixup_47,1979-05-01,4680.0
TSMixup_47,1979-06-01,2380.0
TSMixup_47,1979-07-01,3430.0
TSMixup_47,1979-08-01,2950.0
TSMixup_47,1979-09-01,3130.0
TSMixup_47,1979-10-01,3650.0
TSMixup_47,1979-11-01,2980.0
TSMixup_47,1979-12-01,3720.0
TSMixup_47,1980-01-01,2960.0
TSMixup_47,1980-02-01,4300.0
TSMixup_47,1980-03-01,5550.0
TSMixup_47,1980-04-01,4380.0
TSMixup_47,1980-05-01,3620.0
TSMixup_47,1980-06-01,3350.0
TSMixup_47,1980-07-01,3300.0
TSMixup_47,1980-08-01,3800.0
TSMixup_47,1980-09-01,3420.0
TSMixup_47,1980-10-01,3860.0
TSMixup_47,1980-11-01,2900.0
TSMixup_47,1980-12-01,3240.0
TSMixup_47,1981-01-01,3150.0
TSMixup_47,1981-02-01,4460.0
TSMixup_47,1981-03-01,5040.0
TSMixup_47,1981-04-01,4660.0
TSMixup_47,1981-05-01,3450.0
TSMixup_47,1981-06-01,2660.0
TSMixup_47,1981-07-01,2400.0
TSMixup_47,1981-08-01,2200.0
TSMixup_47,1981-09-01,3020.0
TSMixup_47,1981-10-01,3450.0
TSMixup_47,1981-11-01,4110.0
TSMixup_47,1981-12-01,2760.0
TSMixup_47,1982-01-01,3390.0
TSMixup_47,1982-02-01,3740.0
TSMixup_47,1982-03-01,4830.0
TSMixup_47,1982-04-01,4450.0
TSMixup_47,1982-05-01,3140.0
TSMixup_47,1982-06-01,4700.0
TSMixup_47,1982-07-01,2330.0
TSMixup_47,1982-08-01,2740.0
TSMixup_47,1982-09-01,2480.0
TSMixup_47,1982-10-01,2690.0
TSMixup_47,1982-11-01,5850.0
TSMixup_47,1982-12-01,2450.0
TSMixup_47,1983-01-01,3720.0
TSMixup_47,1983-02-01,2780.0
TSMixup_47,1983-03-01,5690.0
TSMixup_47,1983-04-01,4150.0
TSMixup_47,1983-05-01,4460.0
TSMixup_47,1983-06-01,2730.0
TSMixup_47,1983-07-01,3580.0
TSMixup_47,1983-08-01,2870.0
TSMixup_47,1983-09-01,4210.0
TSMixup_47,1983-10-01,4500.0
TSMixup_47,1983-11-01,3560.0
TSMixup_47,1983-12-01,3800.0
TSMixup_47,1984-01-01,3260.0
TSMixup_47,1984-02-01,3410.0
TSMixup_47,1984-03-01,3860.0
TSMixup_47,1984-04-01,5000.0
TSMixup_47,1984-05-01,3840.0
TSMixup_47,1984-06-01,3210.0
TSMixup_47,1984-07-01,2930.0
TSMixup_47,1984-08-01,3630.0
TSMixup_47,1984-09-01,2760.0
TSMixup_47,1984-10-01,3310.0
TSMixup_47,1984-11-01,4320.0
TSMixup_47,1984-12-01,3010.0
TSMixup_47,1985-01-01,3440.0
TSMixup_47,1985-02-01,5100.0
TSMixup_47,1985-03-01,4170.0
TSMixup_47,1985-04-01,4540.0
TSMixup_47,1985-05-01,3410.0
TSMixup_47,1985-06-01,2590.0
TSMixup_47,1985-07-01,2640.0
TSMixup_47,1985-08-01,2970.0
TSMixup_47,1985-09-01,3000.0
TSMixup_47,1985-10-01,2900.0
TSMixup_47,1985-11-01,3010.0
TSMixup_47,1985-12-01,3380.0
TSMixup_47,1986-01-01,3060.0
TSMixup_47,1986-02-01,3100.0
TSMixup_47,1986-03-01,3940.0
TSMixup_47,1986-04-01,5360.0
TSMixup_47,1986-05-01,3280.0
TSMixup_47,1986-06-01,3190.0
TSMixup_47,1986-07-01,4950.0
TSMixup_47,1986-08-01,2910.0
TSMixup_47,1986-09-01,2820.0
TSMixup_47,1986-10-01,3050.0
TSMixup_48,1990-01-01,2160.0
TSMixup_48,1990-02-01,1320.0
TSMixup_48,1990-03-01,5760.0
TSMixup_48,1990-04-01,2520.0
TSMixup_48,1990-05-01,4560.0
TSMixup_48,1990-06-01,2640.0
TSMixup_48,1990-07-01,2520.0
TSMixup_48,1990-08-01,3480.0
TSMixup_48,1990-09-01,2760.0
TSMixup_48,1990-10-01,4560.0
TSMixup_48,1990-11-01,4440.0
TSMixup_48,1990-12-01,2400.0
TSMixup_48,1991-01-01,4440.0
TSMixup_48,1991-02-01,2400.0
TSMixup_48,1991-03-01,1920.0
TSMixup_48,1991-04-01,3000.0
TSMixup_48,1991-05-01,7200.0
TSMixup_48,1991-06-01,5280.0
TSMixup_48,1991-07-01,1200.0
TSMixup_48,1991-08-01,3740.0
TSMixup_48,1991-09-01,1560.0
TSMixup_48,1991-10-01,2760.0
TSMixup_48,1991-11-01,2760.0
TSMixup_48,1991-12-01,3720.0
TSMixup_48,1992-01-01,4200.0
TSMixup_48,1992-02-01,1680.0
TSMixup_48,1992-03-01,2280.0
TSMixup_48,1992-04-01,3360.0
TSMixup_48,1992-05-01,3480.0
TSMixup_48,1992-06-01,1920.0
TSMixup_48,1992-07-01,4200.0
TSMixup_48,1992-08-01,1200.0
TSMixup_48,1992-09-01,2400.0
TSMixup_48,1992-10-01,4080.0
TSMixup_48,1992-11-01,3360.0
TSMixup_48,1992-12-01,3600.0
TSMixup_48,1993-01-01,960.0
TSMixup_48,1993-02-01,4320.0
TSMixup_49,1990-01-01,4650.0
TSMixup_49,1990-02-01,5650.0
TSMixup_49,1990-03-01,3800.0
TSMixup_49,1990-04-01,4100.0
TSMixup_49,1990-05-01,3950.0
TSMixup_49,1990-06-01,3000.0
TSMixup_49,1990-07-01,2450.0
TSMixup_49,1990-08-01,3750.0
TSMixup_49,1990-09-01,4600.0
TSMixup_49,1990-10-01,3250.0
TSMixup_49,1990-11-01,4650.0
TSMixup_49,1990-12-01,4500.0
TSMixup_49,1991-01-01,5150.0
TSMixup_49,1991-02-01,3700.0
TSMixup_49,1991-03-01,3850.0
TSMixup_49,1991-04-01,3350.0
TSMixup_49,1991-05-01,3550.0
TSMixup_49,1991-06-01,5250.0
TSMixup_49,1991-07-01,4550.0
TSMixup_49,1991-08-01,2200.0
TSMixup_49,1991-09-01,6900.0
TSMixup_49,1991-10-01,3450.0
TSMixup_49,1991-11-01,4650.0
TSMixup_49,1991-12-01,5750.0
TSMixup_49,1992-01-01,5150.0
TSMixup_49,1992-02-01,5950.0
TSMixup_49,1992-03-01,4250.0
TSMixup_49,1992-04-01,2950.0
TSMixup_49,1992-05-01,2000.0
TSMixup_49,1992-06-01,3400.0
TSMixup_49,1992-07-01,4150.0
TSMixup_49,1992-08-01,5400.0
TSMixup_49,1992-09-01,7050.0
TSMixup_49,1992-10-01,3150.0
TSMixup_49,1992-11-01,5150.0
TSMixup_49,1992-12-01,5150.0
TSMixup_49,1993-01-01,3700.0
TSMixup_49,1993-02-01,3500.0
TSMixup_50,1990-01-01,2720.0
TSMixup_50,1990-02-01,3620.0
TSMixup_50,1990-03-01,2680.0
TSMixup_50,1990-04-01,3460.0
TSMixup_50,1990-05-01,2880.0
TSMixup_50,1990-06-01,3140.0
TSMixup_50,1990-07-01,4000.0
TSMixup_50,1990-08-01,4360.0
TSMixup_50,1990-09-01,4220.0
TSMixup_50,1990-10-01,4300.0
TSMixup_50,1990-11-01,3020.0
TSMixup_50,1990-12-01,4840.0
TSMixup_50,1991-01-01,4080.0
TSMixup_50,1991-02-01,4280.0
TSMixup_50,1991-03-01,5540.0
TSMixup_50,1991-04-01,5100.0
TSMixup_50,1991-05-01,3820.0
TSMixup_50,1991-06-01,4980.0
TSMixup_50,1991-07-01,4720.0
TSMixup_50,1991-08-01,4780.0
TSMixup_50,1991-09-01,5160.0
TSMixup_50,1991-10-01,4740.0
TSMixup_50,1991-11-01,5580.0
TSMixup_50,1991-12-01,6500.0
TSMixup_50,1992-01-01,4360.0
TSMixup_50,1992-02-01,5600.0
TSMixup_50,1992-03-01,4820.0
TSMixup_50,1992-04-01,6340.0
TSMixup_50,1992-05-01,5880.0
TSMixup_50,1992-06-01,6320.0
TSMixup_50,1992-07-01,5540.0
TSMixup_50,1992-08-01,4440.0
TSMixup_50,1992-09-01,4800.0
TSMixup_50,1992-10-01,5320.0
TSMixup_50,1992-11-01,6000.0
TSMixup_50,1992-12-01,7040.0
TSMixup_50,1993-01-01,5320.0
TSMixup_50,1993-02-01,7240.0
TSMixup_51,1990-01-01,3380.0
TSMixup_51,1990-02-01,3240.0
TSMixup_51,1990-03-01,1440.0
TSMixup_51,1990-04-01,1080.0
TSMixup_51,1990-05-01,1800.0
TSMixup_51,1990-06-01,5640.0
TSMixup_51,1990-07-01,4560.0
TSMixup_51,1990-08-01,1440.0
TSMixup_51,1990-09-01,2520.0
TSMixup_51,1990-10-01,4080.0
TSMixup_51,1990-11-01,2400.0
TSMixup_51,1990-12-01,2880.0
TSMixup_51,1991-01-01,1680.0
TSMixup_51,1991-02-01,4200.0
TSMixup_51,1991-03-01,2040.0
TSMixup_51,1991-04-01,2160.0
TSMixup_51,1991-05-01,1800.0
TSMixup_51,1991-06-01,5400.0
TSMixup_51,1991-07-01,3840.0
TSMixup_51,1991-08-01,3000.0
TSMixup_51,1991-09-01,3600.0
TSMixup_51,1991-10-01,4560.0
TSMixup_51,1991-11-01,720.0
TSMixup_51,1991-12-01,2880.0
TSMixup_51,1992-01-01,1440.0
TSMixup_51,1992-02-01,2640.0
TSMixup_51,1992-03-01,2400.0
TSMixup_51,1992-04-01,2640.0
TSMixup_51,1992-05-01,3000.0
TSMixup_51,1992-06-01,4320.0
TSMixup_51,1992-07-01,2880.0
TSMixup_51,1992-08-01,1800.0
TSMixup_51,1992-09-01,1200.0
TSMixup_51,1992-10-01,3360.0
TSMixup_51,1992-11-01,3840.0
TSMixup_51,1992-12-01,3240.0
TSMixup_51,1993-01-01,1740.0
TSMixup_51,1993-02-01,8160.0
TSMixup_52,1983-01-01,7997.0
TSMixup_52,1983-02-01,9216.0
TSMixup_52,1983-03-01,8077.0
TSMixup_52,1983-04-01,6021.0
TSMixup_52,1983-05-01,6399.0
TSMixup_52,1983-06-01,6857.0
TSMixup_52,1983-07-01,3446.0
TSMixup_52,1983-08-01,1544.0
TSMixup_52,1983-09-01,2031.0
TSMixup_52,1983-10-01,2561.0
TSMixup_52,1983-11-01,5166.0
TSMixup_52,1983-12-01,7470.0
TSMixup_52,1984-01-01,6849.0
TSMixup_52,1984-02-01,6968.0
TSMixup_52,1984-03-01,7253.0
TSMixup_52,1984-04-01,6413.0
TSMixup_52,1984-05-01,5854.0
TSMixup_52,1984-06-01,5710.0
TSMixup_52,1984-07-01,4926.0
TSMixup_52,1984-08-01,1300.0
TSMixup_52,1984-09-01,2200.0
TSMixup_52,1984-10-01,2782.0
TSMixup_52,1984-11-01,4708.0
TSMixup_52,1984-12-01,6792.0
TSMixup_52,1985-01-01,6193.0
TSMixup_52,1985-02-01,5647.0
TSMixup_52,1985-03-01,4317.0
TSMixup_52,1985-04-01,4628.0
TSMixup_52,1985-05-01,4658.0
TSMixup_52,1985-06-01,4552.0
TSMixup_52,1985-07-01,4349.0
TSMixup_52,1985-08-01,1642.0
TSMixup_52,1985-09-01,1069.0
TSMixup_52,1985-10-01,2244.0
TSMixup_52,1985-11-01,4551.0
TSMixup_52,1985-12-01,5242.0
TSMixup_52,1986-01-01,6225.0
TSMixup_52,1986-02-01,6175.0
TSMixup_52,1986-03-01,6090.0
TSMixup_52,1986-04-01,6431.0
TSMixup_52,1986-05-01,6769.0
TSMixup_52,1986-06-01,6393.0
TSMixup_52,1986-07-01,6704.0
TSMixup_52,1986-08-01,4632.0
TSMixup_52,1986-09-01,2757.0
TSMixup_52,1986-10-01,2999.0
TSMixup_52,1986-11-01,6150.0
TSMixup_52,1986-12-01,6780.0
TSMixup_52,1987-01-01,6785.0
TSMixup_52,1987-02-01,7229.0
TSMixup_52,1987-03-01,7243.0
TSMixup_52,1987-04-01,6907.0
TSMixup_52,1987-05-01,6673.0
TSMixup_52,1987-06-01,6348.0
TSMixup_52,1987-07-01,7166.0
TSMixup_53,1990-01-01,4200.0
TSMixup_53,1990-02-01,4100.0
TSMixup_53,1990-03-01,4250.0
TSMixup_53,1990-04-01,4200.0
TSMixup_53,1990-05-01,4200.0
TSMixup_53,1990-06-01,3750.0
TSMixup_53,1990-07-01,3000.0
TSMixup_53,1990-08-01,2150.0
TSMixup_53,1990-09-01,3500.0
TSMixup_53,1990-10-01,2000.0
TSMixup_53,1990-11-01,3750.0
TSMixup_53,1990-12-01,4550.0
TSMixup_53,1991-01-01,5950.0
TSMixup_53,1991-02-01,5000.0
TSMixup_53,1991-03-01,2500.0
TSMixup_53,1991-04-01,3150.0
TSMixup_53,1991-05-01,4250.0
TSMixup_53,1991-06-01,3750.0
TSMixup_53,1991-07-01,4500.0
TSMixup_53,1991-08-01,6250.0
TSMixup_53,1991-09-01,5050.0
TSMixup_53,1991-10-01,3050.0
TSMixup_53,1991-11-01,3050.0
TSMixup_53,1991-12-01,5100.0
TSMixup_53,1992-01-01,2900.0
TSMixup_53,1992-02-01,4750.0
TSMixup_53,1992-03-01,2250.0
TSMixup_53,1992-04-01,2500.0
TSMixup_53,1992-05-01,5250.0
TSMixup_53,1992-06-01,1500.0
TSMixup_53,1992-07-01,4600.0
TSMixup_53,1992-08-01,1750.0
TSMixup_53,1992-09-01,4650.0
TSMixup_53,1992-10-01,4900.0
TSMixup_53,1992-11-01,2400.0
TSMixup_53,1992-12-01,3900.0
TSMixup_53,1993-01-01,1600.0
TSMixup_53,1993-02-01,2350.0
TSMixup_54,1990-01-01,6030.0
TSMixup_54,1990-02-01,5010.0
TSMixup_54,1990-03-01,5520.0
TSMixup_54,1990-04-01,4950.0
TSMixup_54,1990-05-01,5160.0
TSMixup_54,1990-06-01,5820.0
TSMixup_54,1990-07-01,6540.0
TSMixup_54,1990-08-01,5670.0
TSMixup_54,1990-09-01,5160.0
TSMixup_54,1990-10-01,7230.0
TSMixup_54,1990-11-01,7170.0
TSMixup_54,1990-12-01,4290.0
TSMixup_54,1991-01-01,6810.0
TSMixup_54,1991-02-01,3030.0
TSMixup_54,1991-03-01,3510.0
TSMixup_54,1991-04-01,4890.0
TSMixup_54,1991-05-01,4950.0
TSMixup_54,1991-06-01,5850.0
TSMixup_54,1991-07-01,6720.0
TSMixup_54,1991-08-01,5910.0
TSMixup_54,1991-09-01,4500.0
TSMixup_54,1991-10-01,5310.0
TSMixup_54,1991-11-01,5280.0
TSMixup_54,1991-12-01,5040.0
TSMixup_54,1992-01-01,5820.0
TSMixup_54,1992-02-01,4470.0
TSMixup_54,1992-03-01,7740.0
TSMixup_54,1992-04-01,4020.0
TSMixup_54,1992-05-01,6480.0
TSMixup_54,1992-06-01,4860.0
TSMixup_54,1992-07-01,6390.0
TSMixup_54,1992-08-01,6030.0
TSMixup_54,1992-09-01,4530.0
TSMixup_54,1992-10-01,6450.0
TSMixup_54,1992-11-01,4530.0
TSMixup_54,1992-12-01,5130.0
TSMixup_54,1993-01-01,4380.0
TSMixup_54,1993-02-01,4410.0
TSMixup_55,1983-01-01,5900.0
TSMixup_55,1983-02-01,6240.0
TSMixup_55,1983-03-01,6175.0
TSMixup_55,1983-04-01,5955.0
TSMixup_55,1983-05-01,5955.0
TSMixup_55,1983-06-01,6045.0
TSMixup_55,1983-07-01,5510.0
TSMixup_55,1983-08-01,5440.0
TSMixup_55,1983-09-01,5960.0
TSMixup_55,1983-10-01,6100.0
TSMixup_55,1983-11-01,6515.0
TSMixup_55,1983-12-01,6760.0
TSMixup_55,1984-01-01,7355.0
TSMixup_55,1984-02-01,7660.0
TSMixup_55,1984-03-01,7860.0
TSMixup_55,1984-04-01,7675.0
TSMixup_55,1984-05-01,7300.0
TSMixup_55,1984-06-01,7230.0
TSMixup_55,1984-07-01,6490.0
TSMixup_55,1984-08-01,6340.0
TSMixup_55,1984-09-01,6330.0
TSMixup_55,1984-10-01,6465.0
TSMixup_55,1984-11-01,7020.0
TSMixup_55,1984-12-01,7075.0
TSMixup_55,1985-01-01,8040.0
TSMixup_55,1985-02-01,8020.0
TSMixup_55,1985-03-01,7855.0
TSMixup_55,1985-04-01,7815.0
TSMixup_55,1985-05-01,7730.0
TSMixup_55,1985-06-01,7885.0
TSMixup_55,1985-07-01,7900.0
TSMixup_55,1985-08-01,7065.0
TSMixup_55,1985-09-01,6210.0
TSMixup_55,1985-10-01,7170.0
TSMixup_55,1985-11-01,8030.0
TSMixup_55,1985-12-01,8150.0
TSMixup_55,1986-01-01,8815.0
TSMixup_55,1986-02-01,9335.0
TSMixup_55,1986-03-01,9535.0
TSMixup_55,1986-04-01,9725.0
TSMixup_55,1986-05-01,9335.0
TSMixup_55,1986-06-01,9300.0
TSMixup_55,1986-07-01,8630.0
TSMixup_55,1986-08-01,7785.0
TSMixup_55,1986-09-01,6465.0
TSMixup_55,1986-10-01,7065.0
TSMixup_55,1986-11-01,7685.0
TSMixup_55,1986-12-01,7495.0
TSMixup_55,1987-01-01,8630.0
TSMixup_55,1987-02-01,9305.0
TSMixup_55,1987-03-01,9680.0
TSMixup_55,1987-04-01,9520.0
TSMixup_55,1987-05-01,9515.0
TSMixup_55,1987-06-01,9510.0
TSMixup_55,1987-07-01,8285.0
TSMixup_55,1987-08-01,7190.0
TSMixup_55,1987-09-01,6985.0
TSMixup_55,1987-10-01,7795.0
TSMixup_55,1987-11-01,8460.0
TSMixup_55,1987-12-01,8400.0
TSMixup_55,1988-01-01,8385.0
TSMixup_55,1988-02-01,8045.0
TSMixup_55,1988-03-01,7860.0
TSMixup_55,1988-04-01,7855.0
TSMixup_55,1988-05-01,7975.0
TSMixup_55,1988-06-01,8315.0
TSMixup_55,1988-07-01,7155.0
TSMixup_55,1988-08-01,6630.0
TSMixup_55,1988-09-01,7045.0
TSMixup_55,1988-10-01,7520.0
TSMixup_55,1988-11-01,8155.0
TSMixup_55,1988-12-01,8005.0
TSMixup_55,1989-01-01,8680.0
TSMixup_55,1989-02-01,9050.0
TSMixup_55,1989-03-01,9190.0
TSMixup_55,1989-04-01,9180.0
TSMixup_55,1989-05-01,9220.0
TSMixup_55,1989-06-01,9225.0
TSMixup_55,1989-07-01,7825.0
TSMixup_55,1989-08-01,7250.0
TSMixup_55,1989-09-01,7195.0
TSMixup_55,1989-10-01,7745.0
TSMixup_55,1989-11-01,8295.0
TSMixup_55,1989-12-01,8345.0
TSMixup_55,1990-01-01,7420.0
TSMixup_55,1990-02-01,7335.0
TSMixup_55,1990-03-01,7395.0
TSMixup_55,1990-04-01,7110.0
TSMixup_55,1990-05-01,7355.0
TSMixup_55,1990-06-01,7525.0
TSMixup_55,1990-07-01,6590.0
TSMixup_55,1990-08-01,6685.0
TSMixup_55,1990-09-01,6700.0
TSMixup_55,1990-10-01,7415.0
TSMixup_55,1990-11-01,7550.0
TSMixup_55,1990-12-01,7040.0
TSMixup_56,1990-01-01,5100.0
TSMixup_56,1990-02-01,5750.0
TSMixup_56,1990-03-01,6950.0
TSMixup_56,1990-04-01,3700.0
TSMixup_56,1990-05-01,6050.0
TSMixup_56,1990-06-01,5200.0
TSMixup_56,1990-07-01,5050.0
TSMixup_56,1990-08-01,4400.0
TSMixup_56,1990-09-01,3250.0
TSMixup_56,1990-10-01,3950.0
TSMixup_56,1990-11-01,4150.0
TSMixup_56,1990-12-01,6550.0
TSMixup_56,1991-01-01,6550.0
TSMixup_56,1991-02-01,7000.0
TSMixup_56,1991-03-01,5350.0
TSMixup_56,1991-04-01,5150.0
TSMixup_56,1991-05-01,4400.0
TSMixup_56,1991-06-01,3500.0
TSMixup_56,1991-07-01,3300.0
TSMixup_56,1991-08-01,3800.0
TSMixup_56,1991-09-01,4050.0
TSMixup_56,1991-10-01,5900.0
TSMixup_56,1991-11-01,3650.0
TSMixup_56,1991-12-01,5600.0
TSMixup_56,1992-01-01,6650.0
TSMixup_56,1992-02-01,4750.0
TSMixup_56,1992-03-01,4100.0
TSMixup_56,1992-04-01,5700.0
TSMixup_56,1992-05-01,4900.0
TSMixup_56,1992-06-01,3500.0
TSMixup_56,1992-07-01,3350.0
TSMixup_56,1992-08-01,3250.0
TSMixup_56,1992-09-01,4900.0
TSMixup_56,1992-10-01,5550.0
TSMixup_56,1992-11-01,4000.0
TSMixup_56,1992-12-01,5100.0
TSMixup_56,1993-01-01,5300.0
TSMixup_56,1993-02-01,3450.0
TSMixup_56,1993-03-01,3850.0
TSMixup_57,1979-01-01,4820.0
TSMixup_57,1979-02-01,4610.0
TSMixup_57,1979-03-01,4740.0
TSMixup_57,1979-04-01,4720.0
TSMixup_57,1979-05-01,4930.0
TSMixup_57,1979-06-01,5080.0
TSMixup_57,1979-07-01,4410.0
TSMixup_57,1979-08-01,5090.0
TSMixup_57,1979-09-01,5070.0
TSMixup_57,1979-10-01,4940.0
TSMixup_57,1979-11-01,4710.0
TSMixup_57,1979-12-01,4330.0
TSMixup_57,1980-01-01,4320.0
TSMixup_57,1980-02-01,3730.0
TSMixup_57,1980-03-01,4220.0
TSMixup_57,1980-04-01,4750.0
TSMixup_57,1980-05-01,4920.0
TSMixup_57,1980-06-01,3940.0
TSMixup_57,1980-07-01,4910.0
TSMixup_57,1980-08-01,5070.0
TSMixup_57,1980-09-01,4320.0
TSMixup_57,1980-10-01,4640.0
TSMixup_57,1980-11-01,4310.0
TSMixup_57,1980-12-01,4170.0
TSMixup_57,1981-01-01,4080.0
TSMixup_57,1981-02-01,4080.0
TSMixup_57,1981-03-01,3690.0
TSMixup_57,1981-04-01,4480.0
TSMixup_57,1981-05-01,4130.0
TSMixup_57,1981-06-01,4040.0
TSMixup_57,1981-07-01,4710.0
TSMixup_57,1981-08-01,3060.0
TSMixup_57,1981-09-01,3880.0
TSMixup_57,1981-10-01,5210.0
TSMixup_57,1981-11-01,4480.0
TSMixup_57,1981-12-01,2950.0
TSMixup_57,1982-01-01,2920.0
TSMixup_57,1982-02-01,2420.0
TSMixup_57,1982-03-01,2660.0
TSMixup_58,1979-01-01,4512.0
TSMixup_58,1979-02-01,4713.0
TSMixup_58,1979-03-01,4682.0
TSMixup_58,1979-04-01,4640.0
TSMixup_58,1979-05-01,4499.0
TSMixup_58,1979-06-01,4189.0
TSMixup_58,1979-07-01,3813.0
TSMixup_58,1979-08-01,3707.0
TSMixup_58,1979-09-01,4372.0
TSMixup_58,1979-10-01,4295.0
TSMixup_58,1979-11-01,4798.0
TSMixup_58,1979-12-01,5064.0
TSMixup_58,1980-01-01,4471.0
TSMixup_58,1980-02-01,4908.0
TSMixup_58,1980-03-01,4429.0
TSMixup_58,1980-04-01,4457.0
TSMixup_58,1980-05-01,4514.0
TSMixup_58,1980-06-01,4377.0
TSMixup_58,1980-07-01,4405.0
TSMixup_58,1980-08-01,3922.0
TSMixup_58,1980-09-01,4534.0
TSMixup_58,1980-10-01,4289.0
TSMixup_58,1980-11-01,3952.0
TSMixup_58,1980-12-01,4153.0
TSMixup_58,1981-01-01,3463.0
TSMixup_58,1981-02-01,3707.0
TSMixup_58,1981-03-01,3803.0
TSMixup_58,1981-04-01,3655.0
TSMixup_58,1981-05-01,3793.0
TSMixup_58,1981-06-01,3675.0
TSMixup_58,1981-07-01,3735.0
TSMixup_58,1981-08-01,3618.0
TSMixup_58,1981-09-01,3515.0
TSMixup_58,1981-10-01,3872.0
TSMixup_58,1981-11-01,3455.0
TSMixup_58,1981-12-01,3778.0
TSMixup_58,1982-01-01,4025.0
TSMixup_58,1982-02-01,4146.0
TSMixup_58,1982-03-01,4113.0
TSMixup_58,1982-04-01,4188.0
TSMixup_58,1982-05-01,4148.0
TSMixup_58,1982-06-01,4200.0
TSMixup_58,1982-07-01,4335.0
TSMixup_58,1982-08-01,3946.0
TSMixup_58,1982-09-01,4067.0
TSMixup_58,1982-10-01,5029.0
TSMixup_58,1982-11-01,4682.0
TSMixup_58,1982-12-01,4801.0
TSMixup_58,1983-01-01,4918.0
TSMixup_58,1983-02-01,4667.0
TSMixup_58,1983-03-01,4813.0
TSMixup_58,1983-04-01,4643.0
TSMixup_58,1983-05-01,5489.0
TSMixup_58,1983-06-01,4929.0
TSMixup_58,1983-07-01,4775.0
TSMixup_58,1983-08-01,4661.0
TSMixup_58,1983-09-01,4453.0
TSMixup_58,1983-10-01,4294.0
TSMixup_59,1990-01-01,8300.0
TSMixup_59,1990-02-01,8155.0
TSMixup_59,1990-03-01,8405.0
TSMixup_59,1990-04-01,7145.0
TSMixup_59,1990-05-01,6945.0
TSMixup_59,1990-06-01,6725.0
TSMixup_59,1990-07-01,7270.0
TSMixup_59,1990-08-01,6825.0
TSMixup_59,1990-09-01,4150.0
TSMixup_59,1990-10-01,7145.0
TSMixup_59,1990-11-01,8080.0
TSMixup_59,1990-12-01,5500.0
TSMixup_59,1991-01-01,8660.0
TSMixup_59,1991-02-01,7080.0
TSMixup_59,1991-03-01,5560.0
TSMixup_59,1991-04-01,8345.0
TSMixup_59,1991-05-01,5890.0
TSMixup_59,1991-06-01,5175.0
TSMixup_59,1991-07-01,6650.0
TSMixup_59,1991-08-01,5915.0
TSMixup_59,1991-09-01,5905.0
TSMixup_59,1991-10-01,7060.0
TSMixup_59,1991-11-01,5905.0
TSMixup_59,1991-12-01,6735.0
TSMixup_59,1992-01-01,7235.0
TSMixup_59,1992-02-01,6375.0
TSMixup_59,1992-03-01,6315.0
TSMixup_59,1992-04-01,5910.0
TSMixup_59,1992-05-01,6330.0
TSMixup_59,1992-06-01,6070.0
TSMixup_59,1992-07-01,7675.0
TSMixup_59,1992-08-01,6280.0
TSMixup_59,1992-09-01,6130.0
TSMixup_59,1992-10-01,7120.0
TSMixup_59,1992-11-01,6380.0
TSMixup_59,1992-12-01,7465.0
TSMixup_59,1993-01-01,6600.0
TSMixup_59,1993-02-01,6190.0
TSMixup_60,1979-01-01,1532.0
TSMixup_60,1979-02-01,1000.0
TSMixup_60,1979-03-01,55024.0
TSMixup_60,1979-04-01,53804.0
TSMixup_60,1979-05-01,42540.0
TSMixup_60,1979-06-01,26572.0
TSMixup_60,1979-07-01,15748.0
TSMixup_60,1979-08-01,10372.0
TSMixup_60,1979-09-01,8980.0
TSMixup_60,1979-10-01,7212.0
TSMixup_60,1979-11-01,7504.0
TSMixup_60,1979-12-01,3848.0
TSMixup_60,1980-01-01,2684.0
TSMixup_60,1980-02-01,1000.0
TSMixup_60,1980-03-01,43560.0
TSMixup_60,1980-04-01,40320.0
TSMixup_60,1980-05-01,28096.0
TSMixup_60,1980-06-01,17804.0
TSMixup_60,1980-07-01,10008.0
TSMixup_60,1980-08-01,6136.0
TSMixup_60,1980-09-01,4216.0
TSMixup_60,1980-10-01,2424.0
TSMixup_60,1980-11-01,1840.0
TSMixup_60,1980-12-01,1112.0
TSMixup_60,1981-01-01,324.0
TSMixup_60,1981-02-01,100.0
TSMixup_60,1981-03-01,58676.0
TSMixup_60,1981-04-01,54768.0
TSMixup_60,1981-05-01,43624.0
TSMixup_60,1981-06-01,28680.0
TSMixup_60,1981-07-01,15008.0
TSMixup_60,1981-08-01,9028.0
TSMixup_60,1981-09-01,7240.0
TSMixup_60,1981-10-01,4884.0
TSMixup_60,1981-11-01,3812.0
TSMixup_60,1981-12-01,3696.0
TSMixup_60,1982-01-01,2912.0
TSMixup_60,1982-02-01,1200.0
TSMixup_60,1982-03-01,42468.0
TSMixup_60,1982-04-01,41900.0
TSMixup_60,1982-05-01,30180.0
TSMixup_60,1982-06-01,16836.0
TSMixup_60,1982-07-01,9732.0
TSMixup_60,1982-08-01,5728.0
TSMixup_60,1982-09-01,5728.0
TSMixup_60,1982-10-01,3584.0
TSMixup_60,1982-11-01,3068.0
TSMixup_60,1982-12-01,2992.0
TSMixup_60,1983-01-01,1092.0
TSMixup_60,1983-02-01,600.0
TSMixup_60,1983-03-01,28268.0
TSMixup_60,1983-04-01,26652.0
TSMixup_60,1983-05-01,19068.0
TSMixup_60,1983-06-01,10024.0
TSMixup_60,1983-07-01,4636.0
TSMixup_60,1983-08-01,4888.0
TSMixup_60,1983-09-01,5100.0
TSMixup_60,1983-10-01,4664.0
TSMixup_60,1983-11-01,3848.0
TSMixup_60,1983-12-01,3772.0
TSMixup_60,1984-01-01,2964.0
TSMixup_60,1984-02-01,1200.0
TSMixup_60,1984-03-01,50368.0
TSMixup_60,1984-04-01,47796.0
TSMixup_60,1984-05-01,38376.0
TSMixup_60,1984-06-01,17728.0
TSMixup_60,1984-07-01,12832.0
TSMixup_60,1984-08-01,7768.0
TSMixup_60,1984-09-01,5192.0
TSMixup_60,1984-10-01,3896.0
TSMixup_60,1984-11-01,4128.0
TSMixup_60,1984-12-01,3716.0
TSMixup_60,1985-01-01,2500.0
TSMixup_60,1985-02-01,1700.0
TSMixup_60,1985-03-01,5304.0
TSMixup_60,1985-04-01,45856.0
TSMixup_60,1985-05-01,34592.0
TSMixup_60,1985-06-01,19172.0
TSMixup_60,1985-07-01,9496.0
TSMixup_60,1985-08-01,5960.0
TSMixup_60,1985-09-01,4500.0
TSMixup_60,1985-10-01,7560.0
TSMixup_60,1985-11-01,3608.0
TSMixup_60,1985-12-01,2948.0
TSMixup_60,1986-01-01,3148.0
TSMixup_60,1986-02-01,600.0
TSMixup_60,1986-03-01,4196.0
TSMixup_60,1986-04-01,32476.0
TSMixup_60,1986-05-01,21144.0
TSMixup_60,1986-06-01,15652.0
TSMixup_60,1986-07-01,10160.0
TSMixup_60,1986-08-01,7308.0
TSMixup_60,1986-09-01,5568.0
TSMixup_60,1986-10-01,3724.0
TSMixup_60,1986-11-01,4064.0
TSMixup_60,1986-12-01,5024.0
TSMixup_60,1987-01-01,4388.0
TSMixup_60,1987-02-01,1200.0
TSMixup_60,1987-03-01,49504.0
TSMixup_60,1987-04-01,43196.0
TSMixup_60,1987-05-01,30608.0
TSMixup_60,1987-06-01,19300.0
TSMixup_60,1987-07-01,10100.0
TSMixup_60,1987-08-01,5880.0
TSMixup_60,1987-09-01,5248.0
TSMixup_60,1987-10-01,3812.0
TSMixup_60,1987-11-01,3164.0
TSMixup_61,1978-01-01,6400.0
TSMixup_61,1978-02-01,6150.0
TSMixup_61,1978-03-01,6750.0
TSMixup_61,1978-04-01,7200.0
TSMixup_61,1978-05-01,7350.0
TSMixup_61,1978-06-01,7750.0
TSMixup_61,1978-07-01,6800.0
TSMixup_61,1978-08-01,6650.0
TSMixup_61,1978-09-01,6600.0
TSMixup_61,1978-10-01,5700.0
TSMixup_61,1978-11-01,6050.0
TSMixup_61,1978-12-01,6600.0
TSMixup_61,1979-01-01,6200.0
TSMixup_61,1979-02-01,5650.0
TSMixup_61,1979-03-01,5350.0
TSMixup_61,1979-04-01,5150.0
TSMixup_61,1979-05-01,5150.0
TSMixup_61,1979-06-01,5750.0
TSMixup_61,1979-07-01,5050.0
TSMixup_61,1979-08-01,4550.0
TSMixup_61,1979-09-01,4100.0
TSMixup_61,1979-10-01,2800.0
TSMixup_61,1979-11-01,2900.0
TSMixup_61,1979-12-01,3100.0
TSMixup_61,1980-01-01,2800.0
TSMixup_61,1980-02-01,2500.0
TSMixup_61,1980-03-01,1950.0
TSMixup_61,1980-04-01,2400.0
TSMixup_61,1980-05-01,2350.0
TSMixup_61,1980-06-01,2800.0
TSMixup_61,1980-07-01,2500.0
TSMixup_61,1980-08-01,2850.0
TSMixup_61,1980-09-01,2850.0
TSMixup_61,1980-10-01,2400.0
TSMixup_61,1980-11-01,2800.0
TSMixup_61,1980-12-01,2900.0
TSMixup_61,1981-01-01,3250.0
TSMixup_61,1981-02-01,3200.0
TSMixup_61,1981-03-01,3150.0
TSMixup_61,1981-04-01,3250.0
TSMixup_61,1981-05-01,3250.0
TSMixup_61,1981-06-01,3650.0
TSMixup_61,1981-07-01,3750.0
TSMixup_61,1981-08-01,4000.0
TSMixup_61,1981-09-01,3800.0
TSMixup_61,1981-10-01,3200.0
TSMixup_61,1981-11-01,3950.0
TSMixup_61,1981-12-01,3350.0
TSMixup_61,1982-01-01,3950.0
TSMixup_61,1982-02-01,3600.0
TSMixup_61,1982-03-01,3350.0
TSMixup_61,1982-04-01,3850.0
TSMixup_61,1982-05-01,3950.0
TSMixup_61,1982-06-01,4200.0
TSMixup_61,1982-07-01,4150.0
TSMixup_61,1982-08-01,4050.0
TSMixup_61,1982-09-01,3350.0
TSMixup_61,1982-10-01,3150.0
TSMixup_61,1982-11-01,3150.0
TSMixup_61,1982-12-01,3550.0
TSMixup_61,1983-01-01,3300.0
TSMixup_61,1983-02-01,3250.0
TSMixup_61,1983-03-01,3250.0
TSMixup_61,1983-04-01,3500.0
TSMixup_61,1983-05-01,3250.0
TSMixup_61,1983-06-01,3000.0
TSMixup_61,1983-07-01,3650.0
TSMixup_62,1977-01-01,6138.0
TSMixup_62,1977-02-01,8419.0
TSMixup_62,1977-03-01,6404.0
TSMixup_62,1977-04-01,7490.0
TSMixup_62,1977-05-01,9120.0
TSMixup_62,1977-06-01,8682.0
TSMixup_62,1977-07-01,7655.0
TSMixup_62,1977-08-01,8204.0
TSMixup_62,1977-09-01,8360.0
TSMixup_62,1977-10-01,9450.0
TSMixup_62,1977-11-01,10714.0
TSMixup_62,1977-12-01,7080.0
TSMixup_62,1978-01-01,9863.0
TSMixup_62,1978-02-01,8112.0
TSMixup_62,1978-03-01,8719.0
TSMixup_62,1978-04-01,8974.0
TSMixup_62,1978-05-01,8588.0
TSMixup_62,1978-06-01,6927.0
TSMixup_62,1978-07-01,8007.0
TSMixup_62,1978-08-01,9417.0
TSMixup_62,1978-09-01,8240.0
TSMixup_62,1978-10-01,7832.0
TSMixup_62,1978-11-01,9263.0
TSMixup_62,1978-12-01,6577.0
TSMixup_62,1979-01-01,7633.0
TSMixup_62,1979-02-01,7229.0
TSMixup_62,1979-03-01,6948.0
TSMixup_62,1979-04-01,8045.0
TSMixup_62,1979-05-01,7717.0
TSMixup_62,1979-06-01,7885.0
TSMixup_62,1979-07-01,8437.0
TSMixup_62,1979-08-01,9355.0
TSMixup_62,1979-09-01,6512.0
TSMixup_62,1979-10-01,6326.0
TSMixup_62,1979-11-01,7742.0
TSMixup_62,1979-12-01,7741.0
TSMixup_62,1980-01-01,7608.0
TSMixup_62,1980-02-01,7909.0
TSMixup_62,1980-03-01,9526.0
TSMixup_62,1980-04-01,10440.0
TSMixup_62,1980-05-01,6821.0
TSMixup_62,1980-06-01,9817.0
TSMixup_62,1980-07-01,7209.0
TSMixup_62,1980-08-01,9859.0
TSMixup_62,1980-09-01,8839.0
TSMixup_62,1980-10-01,9008.0
TSMixup_62,1980-11-01,9346.0
TSMixup_62,1980-12-01,6961.0
TSMixup_62,1981-01-01,5459.0
TSMixup_62,1981-02-01,7697.0
TSMixup_62,1981-03-01,6341.0
TSMixup_62,1981-04-01,9732.0
TSMixup_62,1981-05-01,5830.0
TSMixup_62,1981-06-01,5425.0
TSMixup_62,1981-07-01,5172.0
TSMixup_62,1981-08-01,6848.0
TSMixup_62,1981-09-01,7767.0
TSMixup_62,1981-10-01,8725.0
TSMixup_62,1981-11-01,9305.0
TSMixup_62,1981-12-01,9243.0
TSMixup_62,1982-01-01,6033.0
TSMixup_62,1982-02-01,5209.0
TSMixup_62,1982-03-01,5921.0
TSMixup_62,1982-04-01,4863.0
TSMixup_62,1982-05-01,5393.0
TSMixup_62,1982-06-01,5526.0
TSMixup_62,1982-07-01,6227.0
TSMixup_62,1982-08-01,7539.0
TSMixup_62,1982-09-01,7600.0
TSMixup_62,1982-10-01,6746.0
TSMixup_62,1982-11-01,7434.0
TSMixup_62,1982-12-01,6007.0
TSMixup_62,1983-01-01,6550.0
TSMixup_62,1983-02-01,6358.0
TSMixup_62,1983-03-01,7014.0
TSMixup_62,1983-04-01,6200.0
TSMixup_62,1983-05-01,4706.0
TSMixup_62,1983-06-01,6812.0
TSMixup_62,1983-07-01,6508.0
TSMixup_62,1983-08-01,8894.0
TSMixup_62,1983-09-01,7386.0
TSMixup_62,1983-10-01,9757.0
TSMixup_62,1983-11-01,7147.0
TSMixup_62,1983-12-01,6454.0
TSMixup_62,1984-01-01,7023.0
TSMixup_62,1984-02-01,5610.0
TSMixup_62,1984-03-01,5767.0
TSMixup_62,1984-04-01,5116.0
TSMixup_62,1984-05-01,5216.0
TSMixup_62,1984-06-01,5133.0
TSMixup_62,1984-07-01,4428.0
TSMixup_62,1984-08-01,5525.0
TSMixup_62,1984-09-01,5819.0
TSMixup_62,1984-10-01,6056.0
TSMixup_62,1984-11-01,8117.0
TSMixup_62,1984-12-01,4960.0
TSMixup_62,1985-01-01,5382.0
TSMixup_62,1985-02-01,4043.0
TSMixup_62,1985-03-01,6155.0
TSMixup_62,1985-04-01,6226.0
TSMixup_63,1990-01-01,7740.0
TSMixup_63,1990-02-01,4940.0
TSMixup_63,1990-03-01,4140.0
TSMixup_63,1990-04-01,6400.0
TSMixup_63,1990-05-01,5880.0
TSMixup_63,1990-06-01,5280.0
TSMixup_63,1990-07-01,5060.0
TSMixup_63,1990-08-01,3620.0
TSMixup_63,1990-09-01,3920.0
TSMixup_63,1990-10-01,6480.0
TSMixup_63,1990-11-01,4340.0
TSMixup_63,1990-12-01,5400.0
TSMixup_63,1991-01-01,6400.0
TSMixup_63,1991-02-01,5320.0
TSMixup_63,1991-03-01,3340.0
TSMixup_63,1991-04-01,7120.0
TSMixup_63,1991-05-01,6380.0
TSMixup_63,1991-06-01,4420.0
TSMixup_63,1991-07-01,4820.0
TSMixup_63,1991-08-01,8160.0
TSMixup_63,1991-09-01,5520.0
TSMixup_63,1991-10-01,6640.0
TSMixup_63,1991-11-01,5600.0
TSMixup_63,1991-12-01,4220.0
TSMixup_63,1992-01-01,8120.0
TSMixup_63,1992-02-01,4480.0
TSMixup_63,1992-03-01,4860.0
TSMixup_63,1992-04-01,4740.0
TSMixup_63,1992-05-01,6880.0
TSMixup_63,1992-06-01,4520.0
TSMixup_63,1992-07-01,6620.0
TSMixup_63,1992-08-01,6300.0
TSMixup_63,1992-09-01,6040.0
TSMixup_63,1992-10-01,5460.0
TSMixup_63,1992-11-01,2860.0
TSMixup_63,1992-12-01,6120.0
TSMixup_63,1993-01-01,4720.0
TSMixup_63,1993-02-01,3180.0
TSMixup_64,1990-01-01,2660.0
TSMixup_64,1990-02-01,3380.0
TSMixup_64,1990-03-01,3240.0
TSMixup_64,1990-04-01,1440.0
TSMixup_64,1990-05-01,1080.0
TSMixup_64,1990-06-01,1800.0
TSMixup_64,1990-07-01,5640.0
TSMixup_64,1990-08-01,4560.0
TSMixup_64,1990-09-01,1440.0
TSMixup_64,1990-10-01,2520.0
TSMixup_64,1990-11-01,4080.0
TSMixup_64,1990-12-01,2400.0
TSMixup_64,1991-01-01,2880.0
TSMixup_64,1991-02-01,1680.0
TSMixup_64,1991-03-01,4200.0
TSMixup_64,1991-04-01,2040.0
TSMixup_64,1991-05-01,2160.0
TSMixup_64,1991-06-01,1800.0
TSMixup_64,1991-07-01,5400.0
TSMixup_64,1991-08-01,3840.0
TSMixup_64,1991-09-01,3000.0
TSMixup_64,1991-10-01,3600.0
TSMixup_64,1991-11-01,4560.0
TSMixup_64,1991-12-01,720.0
TSMixup_64,1992-01-01,2880.0
TSMixup_64,1992-02-01,1440.0
TSMixup_64,1992-03-01,2640.0
TSMixup_64,1992-04-01,2400.0
TSMixup_64,1992-05-01,2640.0
TSMixup_64,1992-06-01,3000.0
TSMixup_64,1992-07-01,4320.0
TSMixup_64,1992-08-01,2880.0
TSMixup_64,1992-09-01,1800.0
TSMixup_64,1992-10-01,1200.0
TSMixup_64,1992-11-01,3360.0
TSMixup_64,1992-12-01,3840.0
TSMixup_64,1993-01-01,3240.0
TSMixup_64,1993-02-01,1740.0
TSMixup_64,1993-03-01,8160.0
TSMixup_65,1979-01-01,6222.0
TSMixup_65,1979-02-01,5474.0
TSMixup_65,1979-03-01,5136.0
TSMixup_65,1979-04-01,4631.0
TSMixup_65,1979-05-01,4164.0
TSMixup_65,1979-06-01,3601.0
TSMixup_65,1979-07-01,2969.0
TSMixup_65,1979-08-01,2504.0
TSMixup_65,1979-09-01,2055.0
TSMixup_65,1979-10-01,1609.0
TSMixup_65,1979-11-01,1298.0
TSMixup_65,1979-12-01,8485.0
TSMixup_65,1980-01-01,8164.0
TSMixup_65,1980-02-01,7814.0
TSMixup_65,1980-03-01,7454.0
TSMixup_65,1980-04-01,6889.0
TSMixup_65,1980-05-01,6284.0
TSMixup_65,1980-06-01,5712.0
TSMixup_65,1980-07-01,5030.0
TSMixup_65,1980-08-01,4488.0
TSMixup_65,1980-09-01,4059.0
TSMixup_65,1980-10-01,3585.0
TSMixup_65,1980-11-01,3200.0
TSMixup_65,1980-12-01,8181.0
TSMixup_65,1981-01-01,8220.0
TSMixup_65,1981-02-01,7866.0
TSMixup_65,1981-03-01,7517.0
TSMixup_65,1981-04-01,7116.0
TSMixup_65,1981-05-01,6616.0
TSMixup_65,1981-06-01,6217.0
TSMixup_65,1981-07-01,5700.0
TSMixup_65,1981-08-01,5179.0
TSMixup_65,1981-09-01,4728.0
TSMixup_65,1981-10-01,4225.0
TSMixup_65,1981-11-01,3781.0
TSMixup_65,1981-12-01,7024.0
TSMixup_65,1982-01-01,6558.0
TSMixup_65,1982-02-01,6258.0
TSMixup_65,1982-03-01,5863.0
TSMixup_65,1982-04-01,5343.0
TSMixup_65,1982-05-01,4756.0
TSMixup_65,1982-06-01,4174.0
TSMixup_65,1982-07-01,3452.0
TSMixup_65,1982-08-01,2849.0
TSMixup_65,1982-09-01,2351.0
TSMixup_65,1982-10-01,1888.0
TSMixup_65,1982-11-01,1417.0
TSMixup_65,1982-12-01,7399.0
TSMixup_65,1983-01-01,7013.0
TSMixup_65,1983-02-01,6645.0
TSMixup_65,1983-03-01,6239.0
TSMixup_65,1983-04-01,5721.0
TSMixup_65,1983-05-01,5138.0
TSMixup_65,1983-06-01,4357.0
TSMixup_65,1983-07-01,3751.0
TSMixup_65,1983-08-01,3324.0
TSMixup_65,1983-09-01,2861.0
TSMixup_65,1983-10-01,2456.0
TSMixup_65,1983-11-01,2028.0
TSMixup_65,1983-12-01,8389.0
TSMixup_65,1984-01-01,7910.0
TSMixup_65,1984-02-01,7686.0
TSMixup_65,1984-03-01,7163.0
TSMixup_65,1984-04-01,6842.0
TSMixup_65,1984-05-01,6449.0
TSMixup_65,1984-06-01,6061.0
TSMixup_65,1984-07-01,5739.0
TSMixup_65,1984-08-01,5363.0
TSMixup_65,1984-09-01,5081.0
TSMixup_65,1984-10-01,4764.0
TSMixup_65,1984-11-01,4523.0
TSMixup_65,1984-12-01,9057.0
TSMixup_65,1985-01-01,8352.0
TSMixup_65,1985-02-01,7683.0
TSMixup_65,1985-03-01,7320.0
TSMixup_65,1985-04-01,6708.0
TSMixup_65,1985-05-01,6205.0
TSMixup_65,1985-06-01,5577.0
TSMixup_65,1985-07-01,4777.0
TSMixup_65,1985-08-01,4280.0
TSMixup_65,1985-09-01,3918.0
TSMixup_65,1985-10-01,3289.0
TSMixup_65,1985-11-01,2394.0
TSMixup_66,1990-01-01,3880.0
TSMixup_66,1990-02-01,4840.0
TSMixup_66,1990-03-01,4360.0
TSMixup_66,1990-04-01,3800.0
TSMixup_66,1990-05-01,4560.0
TSMixup_66,1990-06-01,4560.0
TSMixup_66,1990-07-01,5120.0
TSMixup_66,1990-08-01,4320.0
TSMixup_66,1990-09-01,5380.0
TSMixup_66,1990-10-01,4860.0
TSMixup_66,1990-11-01,4560.0
TSMixup_66,1990-12-01,5820.0
TSMixup_66,1991-01-01,4260.0
TSMixup_66,1991-02-01,3720.0
TSMixup_66,1991-03-01,4500.0
TSMixup_66,1991-04-01,5200.0
TSMixup_66,1991-05-01,4300.0
TSMixup_66,1991-06-01,5460.0
TSMixup_66,1991-07-01,4800.0
TSMixup_66,1991-08-01,4500.0
TSMixup_66,1991-09-01,4640.0
TSMixup_66,1991-10-01,4600.0
TSMixup_66,1991-11-01,5400.0
TSMixup_66,1991-12-01,5220.0
TSMixup_66,1992-01-01,3700.0
TSMixup_66,1992-02-01,5180.0
TSMixup_66,1992-03-01,4360.0
TSMixup_66,1992-04-01,3920.0
TSMixup_66,1992-05-01,4760.0
TSMixup_66,1992-06-01,4600.0
TSMixup_66,1992-07-01,4580.0
TSMixup_66,1992-08-01,4300.0
TSMixup_66,1992-09-01,4920.0
TSMixup_66,1992-10-01,3940.0
TSMixup_66,1992-11-01,5640.0
TSMixup_66,1992-12-01,4800.0
TSMixup_66,1993-01-01,4120.0
TSMixup_66,1993-02-01,4940.0
TSMixup_67,1990-01-01,6800.0
TSMixup_67,1990-02-01,4200.0
TSMixup_67,1990-03-01,4100.0
TSMixup_67,1990-04-01,4250.0
TSMixup_67,1990-05-01,4200.0
TSMixup_67,1990-06-01,4200.0
TSMixup_67,1990-07-01,3750.0
TSMixup_67,1990-08-01,3000.0
TSMixup_67,1990-09-01,2150.0
TSMixup_67,1990-10-01,3500.0
TSMixup_67,1990-11-01,2000.0
TSMixup_67,1990-12-01,3750.0
TSMixup_67,1991-01-01,4550.0
TSMixup_67,1991-02-01,5950.0
TSMixup_67,1991-03-01,5000.0
TSMixup_67,1991-04-01,2500.0
TSMixup_67,1991-05-01,3150.0
TSMixup_67,1991-06-01,4250.0
TSMixup_67,1991-07-01,3750.0
TSMixup_67,1991-08-01,4500.0
TSMixup_67,1991-09-01,6250.0
TSMixup_67,1991-10-01,5050.0
TSMixup_67,1991-11-01,3050.0
TSMixup_67,1991-12-01,3050.0
TSMixup_67,1992-01-01,5100.0
TSMixup_67,1992-02-01,2900.0
TSMixup_67,1992-03-01,4750.0
TSMixup_67,1992-04-01,2250.0
TSMixup_67,1992-05-01,2500.0
TSMixup_67,1992-06-01,5250.0
TSMixup_67,1992-07-01,1500.0
TSMixup_67,1992-08-01,4600.0
TSMixup_67,1992-09-01,1750.0
TSMixup_67,1992-10-01,4650.0
TSMixup_67,1992-11-01,4900.0
TSMixup_67,1992-12-01,2400.0
TSMixup_67,1993-01-01,3900.0
TSMixup_67,1993-02-01,1600.0
TSMixup_68,1982-01-01,4755.0
TSMixup_68,1982-02-01,4790.0
TSMixup_68,1982-03-01,5130.0
TSMixup_68,1982-04-01,5095.0
TSMixup_68,1982-05-01,4565.0
TSMixup_68,1982-06-01,4655.0
TSMixup_68,1982-07-01,4165.0
TSMixup_68,1982-08-01,3650.0
TSMixup_68,1982-09-01,5560.0
TSMixup_68,1982-10-01,5445.0
TSMixup_68,1982-11-01,5380.0
TSMixup_68,1982-12-01,4815.0
TSMixup_68,1983-01-01,4165.0
TSMixup_68,1983-02-01,5040.0
TSMixup_68,1983-03-01,4450.0
TSMixup_68,1983-04-01,4150.0
TSMixup_68,1983-05-01,4735.0
TSMixup_68,1983-06-01,4490.0
TSMixup_68,1983-07-01,4385.0
TSMixup_68,1983-08-01,3690.0
TSMixup_68,1983-09-01,4945.0
TSMixup_68,1983-10-01,5295.0
TSMixup_68,1983-11-01,5525.0
TSMixup_68,1983-12-01,4745.0
TSMixup_68,1984-01-01,4830.0
TSMixup_68,1984-02-01,4825.0
TSMixup_68,1984-03-01,4555.0
TSMixup_68,1984-04-01,5150.0
TSMixup_68,1984-05-01,5050.0
TSMixup_68,1984-06-01,5070.0
TSMixup_68,1984-07-01,5175.0
TSMixup_68,1984-08-01,4870.0
TSMixup_68,1984-09-01,5160.0
TSMixup_68,1984-10-01,5425.0
TSMixup_68,1984-11-01,5955.0
TSMixup_68,1984-12-01,5290.0
TSMixup_68,1985-01-01,5005.0
TSMixup_68,1985-02-01,4990.0
TSMixup_68,1985-03-01,5070.0
TSMixup_68,1985-04-01,5800.0
TSMixup_68,1985-05-01,4965.0
TSMixup_68,1985-06-01,5200.0
TSMixup_68,1985-07-01,5180.0
TSMixup_68,1985-08-01,4605.0
TSMixup_69,1981-01-01,4429.0
TSMixup_69,1981-02-01,3916.0
TSMixup_69,1981-03-01,4117.0
TSMixup_69,1981-04-01,4636.0
TSMixup_69,1981-05-01,4639.0
TSMixup_69,1981-06-01,5033.0
TSMixup_69,1981-07-01,5431.0
TSMixup_69,1981-08-01,6100.0
TSMixup_69,1981-09-01,6499.0
TSMixup_69,1981-10-01,6716.0
TSMixup_69,1981-11-01,4880.0
TSMixup_69,1981-12-01,5206.0
TSMixup_69,1982-01-01,4421.0
TSMixup_69,1982-02-01,3897.0
TSMixup_69,1982-03-01,4479.0
TSMixup_69,1982-04-01,4102.0
TSMixup_69,1982-05-01,4301.0
TSMixup_69,1982-06-01,5606.0
TSMixup_69,1982-07-01,5762.0
TSMixup_69,1982-08-01,5998.0
TSMixup_69,1982-09-01,6279.0
TSMixup_69,1982-10-01,5893.0
TSMixup_69,1982-11-01,4825.0
TSMixup_69,1982-12-01,4870.0
TSMixup_69,1983-01-01,4088.0
TSMixup_69,1983-02-01,3882.0
TSMixup_69,1983-03-01,4303.0
TSMixup_69,1983-04-01,4065.0
TSMixup_69,1983-05-01,4861.0
TSMixup_69,1983-06-01,6173.0
TSMixup_69,1983-07-01,5884.0
TSMixup_69,1983-08-01,5856.0
TSMixup_69,1983-09-01,5899.0
TSMixup_69,1983-10-01,5293.0
TSMixup_69,1983-11-01,4687.0
TSMixup_69,1983-12-01,4796.0
TSMixup_69,1984-01-01,3988.0
TSMixup_69,1984-02-01,4080.0
TSMixup_69,1984-03-01,4048.0
TSMixup_69,1984-04-01,4174.0
TSMixup_69,1984-05-01,5353.0
TSMixup_69,1984-06-01,5913.0
TSMixup_70,1990-01-01,1500.0
TSMixup_70,1990-02-01,6300.0
TSMixup_70,1990-03-01,3000.0
TSMixup_70,1990-04-01,6000.0
TSMixup_70,1990-05-01,1200.0
TSMixup_70,1990-06-01,3000.0
TSMixup_70,1990-07-01,5400.0
TSMixup_70,1990-08-01,3300.0
TSMixup_70,1990-09-01,4800.0
TSMixup_70,1990-10-01,5100.0
TSMixup_70,1990-11-01,2700.0
TSMixup_70,1990-12-01,3600.0
TSMixup_70,1991-01-01,4800.0
TSMixup_70,1991-02-01,1500.0
TSMixup_70,1991-03-01,900.0
TSMixup_70,1991-04-01,600.0
TSMixup_70,1991-05-01,5400.0
TSMixup_70,1991-06-01,2400.0
TSMixup_70,1991-07-01,600.0
TSMixup_70,1991-08-01,1200.0
TSMixup_70,1991-09-01,3300.0
TSMixup_70,1991-10-01,2400.0
TSMixup_70,1991-11-01,6900.0
TSMixup_70,1991-12-01,5400.0
TSMixup_70,1992-01-01,2100.0
TSMixup_70,1992-02-01,10500.0
TSMixup_70,1992-03-01,1800.0
TSMixup_70,1992-04-01,1500.0
TSMixup_70,1992-05-01,2400.0
TSMixup_70,1992-06-01,8400.0
TSMixup_70,1992-07-01,2100.0
TSMixup_70,1992-08-01,4800.0
TSMixup_70,1992-09-01,2700.0
TSMixup_70,1992-10-01,4800.0
TSMixup_70,1992-11-01,3900.0
TSMixup_70,1992-12-01,3300.0
TSMixup_70,1993-01-01,900.0
TSMixup_70,1993-02-01,600.0
TSMixup_70,1993-03-01,3300.0
TSMixup_71,1990-01-01,2160.0
TSMixup_71,1990-02-01,1320.0
TSMixup_71,1990-03-01,5760.0
TSMixup_71,1990-04-01,2520.0
TSMixup_71,1990-05-01,4560.0
TSMixup_71,1990-06-01,2640.0
TSMixup_71,1990-07-01,2520.0
TSMixup_71,1990-08-01,3480.0
TSMixup_71,1990-09-01,2760.0
TSMixup_71,1990-10-01,4560.0
TSMixup_71,1990-11-01,4440.0
TSMixup_71,1990-12-01,2400.0
TSMixup_71,1991-01-01,4440.0
TSMixup_71,1991-02-01,2400.0
TSMixup_71,1991-03-01,1920.0
TSMixup_71,1991-04-01,3000.0
TSMixup_71,1991-05-01,7200.0
TSMixup_71,1991-06-01,5280.0
TSMixup_71,1991-07-01,1200.0
TSMixup_71,1991-08-01,3740.0
TSMixup_71,1991-09-01,1560.0
TSMixup_71,1991-10-01,2760.0
TSMixup_71,1991-11-01,2760.0
TSMixup_71,1991-12-01,3720.0
TSMixup_71,1992-01-01,4200.0
TSMixup_71,1992-02-01,1680.0
TSMixup_71,1992-03-01,2280.0
TSMixup_71,1992-04-01,3360.0
TSMixup_71,1992-05-01,3480.0
TSMixup_71,1992-06-01,1920.0
TSMixup_71,1992-07-01,4200.0
TSMixup_71,1992-08-01,1200.0
TSMixup_71,1992-09-01,2400.0
TSMixup_71,1992-10-01,4080.0
TSMixup_71,1992-11-01,3360.0
TSMixup_71,1992-12-01,3600.0
TSMixup_71,1993-01-01,960.0
TSMixup_71,1993-02-01,4320.0
TSMixup_71,1993-03-01,1440.0
TSMixup_72,1979-01-01,4620.0
TSMixup_72,1979-02-01,5200.0
TSMixup_72,1979-03-01,5080.0
TSMixup_72,1979-04-01,4400.0
TSMixup_72,1979-05-01,4560.0
TSMixup_72,1979-06-01,4420.0
TSMixup_72,1979-07-01,4420.0
TSMixup_72,1979-08-01,4640.0
TSMixup_72,1979-09-01,4660.0
TSMixup_72,1979-10-01,4260.0
TSMixup_72,1979-11-01,3860.0
TSMixup_72,1979-12-01,3660.0
TSMixup_72,1980-01-01,3640.0
TSMixup_72,1980-02-01,3880.0
TSMixup_72,1980-03-01,4140.0
TSMixup_72,1980-04-01,4480.0
TSMixup_72,1980-05-01,4940.0
TSMixup_72,1980-06-01,4300.0
TSMixup_72,1980-07-01,4220.0
TSMixup_72,1980-08-01,4420.0
TSMixup_72,1980-09-01,3900.0
TSMixup_72,1980-10-01,3920.0
TSMixup_72,1980-11-01,3600.0
TSMixup_72,1980-12-01,3800.0
TSMixup_72,1981-01-01,3720.0
TSMixup_72,1981-02-01,3580.0
TSMixup_72,1981-03-01,3880.0
TSMixup_72,1981-04-01,4140.0
TSMixup_72,1981-05-01,4220.0
TSMixup_72,1981-06-01,3600.0
TSMixup_72,1981-07-01,3780.0
TSMixup_72,1981-08-01,4240.0
TSMixup_72,1981-09-01,4140.0
TSMixup_72,1981-10-01,4420.0
TSMixup_72,1981-11-01,4520.0
TSMixup_72,1981-12-01,4300.0
TSMixup_72,1982-01-01,4240.0
TSMixup_72,1982-02-01,3900.0
TSMixup_72,1982-03-01,4920.0
TSMixup_72,1982-04-01,4580.0
TSMixup_72,1982-05-01,4840.0
TSMixup_72,1982-06-01,5200.0
TSMixup_72,1982-07-01,4280.0
TSMixup_72,1982-08-01,4500.0
TSMixup_72,1982-09-01,4420.0
TSMixup_72,1982-10-01,4520.0
TSMixup_72,1982-11-01,4440.0
TSMixup_72,1982-12-01,3980.0
TSMixup_72,1983-01-01,3920.0
TSMixup_72,1983-02-01,4240.0
TSMixup_72,1983-03-01,4220.0
TSMixup_72,1983-04-01,4560.0
TSMixup_72,1983-05-01,5300.0
TSMixup_72,1983-06-01,4760.0
TSMixup_72,1983-07-01,4960.0
TSMixup_72,1983-08-01,4960.0
TSMixup_72,1983-09-01,4780.0
TSMixup_72,1983-10-01,4380.0
TSMixup_72,1983-11-01,4800.0
TSMixup_72,1983-12-01,4900.0
TSMixup_72,1984-01-01,4080.0
TSMixup_72,1984-02-01,4320.0
TSMixup_72,1984-03-01,3700.0
TSMixup_72,1984-04-01,3620.0
TSMixup_72,1984-05-01,4020.0
TSMixup_72,1984-06-01,4280.0
TSMixup_72,1984-07-01,4920.0
TSMixup_72,1984-08-01,4460.0
TSMixup_72,1984-09-01,4540.0
TSMixup_72,1984-10-01,3880.0
TSMixup_72,1984-11-01,3800.0
TSMixup_72,1984-12-01,3580.0
TSMixup_72,1985-01-01,3300.0
TSMixup_72,1985-02-01,3760.0
TSMixup_72,1985-03-01,5300.0
TSMixup_72,1985-04-01,5020.0
TSMixup_72,1985-05-01,4960.0
TSMixup_72,1985-06-01,5320.0
TSMixup_72,1985-07-01,4960.0
TSMixup_72,1985-08-01,5000.0
TSMixup_72,1985-09-01,5060.0
TSMixup_72,1985-10-01,4960.0
TSMixup_72,1985-11-01,4840.0
TSMixup_72,1985-12-01,4820.0
TSMixup_72,1986-01-01,4740.0
TSMixup_73,1990-01-01,5548.0
TSMixup_73,1990-02-01,3436.0
TSMixup_73,1990-03-01,4486.0
TSMixup_73,1990-04-01,4188.0
TSMixup_73,1990-05-01,4142.0
TSMixup_73,1990-06-01,3866.0
TSMixup_73,1990-07-01,4582.0
TSMixup_73,1990-08-01,4506.0
TSMixup_73,1990-09-01,4180.0
TSMixup_73,1990-10-01,4514.0
TSMixup_73,1990-11-01,4150.0
TSMixup_73,1990-12-01,4240.0
TSMixup_73,1991-01-01,5800.0
TSMixup_73,1991-02-01,4008.0
TSMixup_73,1991-03-01,3608.0
TSMixup_73,1991-04-01,4432.0
TSMixup_73,1991-05-01,4240.0
TSMixup_73,1991-06-01,4576.0
TSMixup_73,1991-07-01,4320.0
TSMixup_73,1991-08-01,3490.0
TSMixup_73,1991-09-01,3854.0
TSMixup_73,1991-10-01,3808.0
TSMixup_73,1991-11-01,4396.0
TSMixup_73,1991-12-01,4038.0
TSMixup_73,1992-01-01,5000.0
TSMixup_73,1992-02-01,3248.0
TSMixup_73,1992-03-01,4694.0
TSMixup_73,1992-04-01,3390.0
TSMixup_73,1992-05-01,3568.0
TSMixup_73,1992-06-01,3882.0
TSMixup_73,1992-07-01,3558.0
TSMixup_73,1992-08-01,3924.0
TSMixup_73,1992-09-01,4576.0
TSMixup_73,1992-10-01,4014.0
TSMixup_73,1992-11-01,4140.0
TSMixup_73,1992-12-01,4192.0
TSMixup_73,1993-01-01,3988.0
TSMixup_73,1993-02-01,3748.0
TSMixup_74,1979-01-01,4310.0
TSMixup_74,1979-02-01,4170.0
TSMixup_74,1979-03-01,4080.0
TSMixup_74,1979-04-01,4080.0
TSMixup_74,1979-05-01,3690.0
TSMixup_74,1979-06-01,4480.0
TSMixup_74,1979-07-01,4130.0
TSMixup_74,1979-08-01,4040.0
TSMixup_74,1979-09-01,4710.0
TSMixup_74,1979-10-01,3060.0
TSMixup_74,1979-11-01,3880.0
TSMixup_74,1979-12-01,5210.0
TSMixup_74,1980-01-01,4480.0
TSMixup_74,1980-02-01,2950.0
TSMixup_74,1980-03-01,2920.0
TSMixup_74,1980-04-01,2420.0
TSMixup_74,1980-05-01,2660.0
TSMixup_74,1980-06-01,2810.0
TSMixup_74,1980-07-01,2650.0
TSMixup_74,1980-08-01,2610.0
TSMixup_74,1980-09-01,2590.0
TSMixup_74,1980-10-01,2770.0
TSMixup_74,1980-11-01,2680.0
TSMixup_74,1980-12-01,2920.0
TSMixup_74,1981-01-01,3130.0
TSMixup_74,1981-02-01,3680.0
TSMixup_74,1981-03-01,2990.0
TSMixup_74,1981-04-01,2940.0
TSMixup_74,1981-05-01,3520.0
TSMixup_74,1981-06-01,3530.0
TSMixup_74,1981-07-01,3450.0
TSMixup_74,1981-08-01,3720.0
TSMixup_74,1981-09-01,3680.0
TSMixup_74,1981-10-01,3320.0
TSMixup_74,1981-11-01,3900.0
TSMixup_74,1981-12-01,4720.0
TSMixup_74,1982-01-01,4080.0
TSMixup_74,1982-02-01,4670.0
TSMixup_74,1982-03-01,4380.0
TSMixup_74,1982-04-01,4460.0
TSMixup_74,1982-05-01,3660.0
TSMixup_74,1982-06-01,3730.0
TSMixup_74,1982-07-01,4880.0
TSMixup_74,1982-08-01,4510.0
TSMixup_74,1982-09-01,3430.0
TSMixup_74,1982-10-01,4040.0
TSMixup_74,1982-11-01,4180.0
TSMixup_74,1982-12-01,4390.0
TSMixup_74,1983-01-01,4170.0
TSMixup_74,1983-02-01,4370.0
TSMixup_74,1983-03-01,4230.0
TSMixup_74,1983-04-01,4040.0
TSMixup_74,1983-05-01,4770.0
TSMixup_74,1983-06-01,4260.0
TSMixup_74,1983-07-01,3750.0
TSMixup_74,1983-08-01,3220.0
TSMixup_75,1990-01-01,5080.0
TSMixup_75,1990-02-01,3690.0
TSMixup_75,1990-03-01,4260.0
TSMixup_75,1990-04-01,3920.0
TSMixup_75,1990-05-01,4290.0
TSMixup_75,1990-06-01,3840.0
TSMixup_75,1990-07-01,4830.0
TSMixup_75,1990-08-01,4120.0
TSMixup_75,1990-09-01,4530.0
TSMixup_75,1990-10-01,4640.0
TSMixup_75,1990-11-01,4510.0
TSMixup_75,1990-12-01,4660.0
TSMixup_75,1991-01-01,5340.0
TSMixup_75,1991-02-01,3960.0
TSMixup_75,1991-03-01,3680.0
TSMixup_75,1991-04-01,4320.0
TSMixup_75,1991-05-01,4420.0
TSMixup_75,1991-06-01,4310.0
TSMixup_75,1991-07-01,4410.0
TSMixup_75,1991-08-01,4340.0
TSMixup_75,1991-09-01,4010.0
TSMixup_75,1991-10-01,4210.0
TSMixup_75,1991-11-01,4330.0
TSMixup_75,1991-12-01,4600.0
TSMixup_75,1992-01-01,5140.0
TSMixup_75,1992-02-01,4010.0
TSMixup_75,1992-03-01,4440.0
TSMixup_75,1992-04-01,4230.0
TSMixup_75,1992-05-01,4160.0
TSMixup_75,1992-06-01,4980.0
TSMixup_75,1992-07-01,5130.0
TSMixup_75,1992-08-01,4220.0
TSMixup_75,1992-09-01,4520.0
TSMixup_75,1992-10-01,4390.0
TSMixup_75,1992-11-01,4420.0
TSMixup_75,1992-12-01,5620.0
TSMixup_75,1993-01-01,4510.0
TSMixup_75,1993-02-01,4520.0
TSMixup_75,1993-03-01,5120.0
TSMixup_76,1990-01-01,3200.0
TSMixup_76,1990-02-01,3800.0
TSMixup_76,1990-03-01,6500.0
TSMixup_76,1990-04-01,5050.0
TSMixup_76,1990-05-01,7400.0
TSMixup_76,1990-06-01,3100.0
TSMixup_76,1990-07-01,2500.0
TSMixup_76,1990-08-01,2850.0
TSMixup_76,1990-09-01,3300.0
TSMixup_76,1990-10-01,3950.0
TSMixup_76,1990-11-01,2600.0
TSMixup_76,1990-12-01,6400.0
TSMixup_76,1991-01-01,4500.0
TSMixup_76,1991-02-01,1700.0
TSMixup_76,1991-03-01,7200.0
TSMixup_76,1991-04-01,2550.0
TSMixup_76,1991-05-01,4100.0
TSMixup_76,1991-06-01,4800.0
TSMixup_76,1991-07-01,3300.0
TSMixup_76,1991-08-01,4100.0
TSMixup_76,1991-09-01,3900.0
TSMixup_76,1991-10-01,5000.0
TSMixup_76,1991-11-01,4100.0
TSMixup_76,1991-12-01,3950.0
TSMixup_76,1992-01-01,3300.0
TSMixup_76,1992-02-01,3100.0
TSMixup_76,1992-03-01,2900.0
TSMixup_76,1992-04-01,6000.0
TSMixup_76,1992-05-01,6350.0
TSMixup_76,1992-06-01,6200.0
TSMixup_76,1992-07-01,3050.0
TSMixup_76,1992-08-01,3250.0
TSMixup_76,1992-09-01,3050.0
TSMixup_76,1992-10-01,3550.0
TSMixup_76,1992-11-01,5450.0
TSMixup_76,1992-12-01,2000.0
TSMixup_76,1993-01-01,3500.0
TSMixup_76,1993-02-01,4800.0
TSMixup_77,1982-01-01,6880.0
TSMixup_77,1982-02-01,6180.0
TSMixup_77,1982-03-01,6700.0
TSMixup_77,1982-04-01,6720.0
TSMixup_77,1982-05-01,7170.0
TSMixup_77,1982-06-01,6910.0
TSMixup_77,1982-07-01,6960.0
TSMixup_77,1982-08-01,6880.0
TSMixup_77,1982-09-01,6790.0
TSMixup_77,1982-10-01,7880.0
TSMixup_77,1982-11-01,7220.0
TSMixup_77,1982-12-01,7290.0
TSMixup_77,1983-01-01,7260.0
TSMixup_77,1983-02-01,6490.0
TSMixup_77,1983-03-01,7220.0
TSMixup_77,1983-04-01,7190.0
TSMixup_77,1983-05-01,7550.0
TSMixup_77,1983-06-01,7400.0
TSMixup_77,1983-07-01,7220.0
TSMixup_77,1983-08-01,7120.0
TSMixup_77,1983-09-01,7280.0
TSMixup_77,1983-10-01,7990.0
TSMixup_77,1983-11-01,7320.0
TSMixup_77,1983-12-01,7610.0
TSMixup_77,1984-01-01,7200.0
TSMixup_77,1984-02-01,6730.0
TSMixup_77,1984-03-01,7340.0
TSMixup_77,1984-04-01,7000.0
TSMixup_77,1984-05-01,8070.0
TSMixup_77,1984-06-01,7470.0
TSMixup_77,1984-07-01,7160.0
TSMixup_77,1984-08-01,6980.0
TSMixup_77,1984-09-01,6900.0
TSMixup_77,1984-10-01,7650.0
TSMixup_77,1984-11-01,7600.0
TSMixup_77,1984-12-01,7460.0
TSMixup_77,1985-01-01,6920.0
TSMixup_77,1985-02-01,6800.0
TSMixup_77,1985-03-01,7120.0
TSMixup_77,1985-04-01,6790.0
TSMixup_77,1985-05-01,7850.0
TSMixup_77,1985-06-01,7190.0
TSMixup_77,1985-07-01,7080.0
TSMixup_77,1985-08-01,7250.0
TSMixup_77,1985-09-01,6980.0
TSMixup_77,1985-10-01,7630.0
TSMixup_77,1985-11-01,7730.0
TSMixup_77,1985-12-01,7370.0
TSMixup_77,1986-01-01,7130.0
TSMixup_77,1986-02-01,7000.0
TSMixup_77,1986-03-01,6940.0
TSMixup_77,1986-04-01,7270.0
TSMixup_77,1986-05-01,7990.0
TSMixup_77,1986-06-01,7090.0
TSMixup_77,1986-07-01,7390.0
TSMixup_77,1986-08-01,7170.0
TSMixup_77,1986-09-01,6840.0
TSMixup_77,1986-10-01,7680.0
TSMixup_77,1986-11-01,7510.0
TSMixup_77,1986-12-01,7110.0
TSMixup_77,1987-01-01,7310.0
TSMixup_77,1987-02-01,7040.0
TSMixup_77,1987-03-01,7020.0
TSMixup_77,1987-04-01,7120.0
TSMixup_77,1987-05-01,7910.0
TSMixup_77,1987-06-01,7240.0
TSMixup_77,1987-07-01,7380.0
TSMixup_77,1987-08-01,7030.0
TSMixup_77,1987-09-01,7150.0
TSMixup_77,1987-10-01,7480.0
TSMixup_77,1987-11-01,7540.0
TSMixup_77,1987-12-01,7270.0
TSMixup_77,1988-01-01,7360.0
TSMixup_77,1988-02-01,6690.0
TSMixup_77,1988-03-01,7290.0
TSMixup_77,1988-04-01,7130.0
TSMixup_77,1988-05-01,7380.0
TSMixup_77,1988-06-01,7220.0
TSMixup_77,1988-07-01,7100.0
TSMixup_77,1988-08-01,7260.0
TSMixup_77,1988-09-01,6930.0
TSMixup_77,1988-10-01,7940.0
TSMixup_77,1988-11-01,7390.0
TSMixup_77,1988-12-01,7710.0
TSMixup_77,1989-01-01,7470.0
TSMixup_77,1989-02-01,6980.0
TSMixup_77,1989-03-01,7440.0
TSMixup_77,1989-04-01,7520.0
TSMixup_77,1989-05-01,7950.0
TSMixup_78,1990-01-01,5050.0
TSMixup_78,1990-02-01,4650.0
TSMixup_78,1990-03-01,5650.0
TSMixup_78,1990-04-01,3800.0
TSMixup_78,1990-05-01,4100.0
TSMixup_78,1990-06-01,3950.0
TSMixup_78,1990-07-01,3000.0
TSMixup_78,1990-08-01,2450.0
TSMixup_78,1990-09-01,3750.0
TSMixup_78,1990-10-01,4600.0
TSMixup_78,1990-11-01,3250.0
TSMixup_78,1990-12-01,4650.0
TSMixup_78,1991-01-01,4500.0
TSMixup_78,1991-02-01,5150.0
TSMixup_78,1991-03-01,3700.0
TSMixup_78,1991-04-01,3850.0
TSMixup_78,1991-05-01,3350.0
TSMixup_78,1991-06-01,3550.0
TSMixup_78,1991-07-01,5250.0
TSMixup_78,1991-08-01,4550.0
TSMixup_78,1991-09-01,2200.0
TSMixup_78,1991-10-01,6900.0
TSMixup_78,1991-11-01,3450.0
TSMixup_78,1991-12-01,4650.0
TSMixup_78,1992-01-01,5750.0
TSMixup_78,1992-02-01,5150.0
TSMixup_78,1992-03-01,5950.0
TSMixup_78,1992-04-01,4250.0
TSMixup_78,1992-05-01,2950.0
TSMixup_78,1992-06-01,2000.0
TSMixup_78,1992-07-01,3400.0
TSMixup_78,1992-08-01,4150.0
TSMixup_78,1992-09-01,5400.0
TSMixup_78,1992-10-01,7050.0
TSMixup_78,1992-11-01,3150.0
TSMixup_78,1992-12-01,5150.0
TSMixup_78,1993-01-01,5150.0
TSMixup_78,1993-02-01,3700.0
TSMixup_78,1993-03-01,3500.0
TSMixup_79,1981-01-01,1104.0
TSMixup_79,1981-02-01,812.0
TSMixup_79,1981-03-01,868.0
TSMixup_79,1981-04-01,2396.0
TSMixup_79,1981-05-01,6556.0
TSMixup_79,1981-06-01,3014.0
TSMixup_79,1981-07-01,1428.0
TSMixup_79,1981-08-01,1440.0
TSMixup_79,1981-09-01,1176.0
TSMixup_79,1981-10-01,1424.0
TSMixup_79,1981-11-01,1052.0
TSMixup_79,1981-12-01,714.0
TSMixup_79,1982-01-01,650.0
TSMixup_79,1982-02-01,432.0
TSMixup_79,1982-03-01,270.0
TSMixup_79,1982-04-01,1902.0
TSMixup_79,1982-05-01,4664.0
TSMixup_79,1982-06-01,2680.0
TSMixup_79,1982-07-01,1464.0
TSMixup_79,1982-08-01,1860.0
TSMixup_79,1982-09-01,1658.0
TSMixup_79,1982-10-01,976.0
TSMixup_79,1982-11-01,1044.0
TSMixup_79,1982-12-01,694.0
TSMixup_79,1983-01-01,466.0
TSMixup_79,1983-02-01,284.0
TSMixup_79,1983-03-01,216.0
TSMixup_79,1983-04-01,1390.0
TSMixup_79,1983-05-01,5120.0
TSMixup_79,1983-06-01,3868.0
TSMixup_79,1983-07-01,1928.0
TSMixup_79,1983-08-01,1306.0
TSMixup_79,1983-09-01,1070.0
TSMixup_79,1983-10-01,782.0
TSMixup_79,1983-11-01,1230.0
TSMixup_79,1983-12-01,716.0
TSMixup_79,1984-01-01,456.0
TSMixup_79,1984-02-01,360.0
TSMixup_79,1984-03-01,366.0
TSMixup_79,1984-04-01,1800.0
TSMixup_79,1984-05-01,5752.0
TSMixup_79,1984-06-01,3106.0
TSMixup_79,1984-07-01,1346.0
TSMixup_79,1984-08-01,1478.0
TSMixup_79,1984-09-01,414.0
TSMixup_79,1984-10-01,402.0
TSMixup_79,1984-11-01,296.0
TSMixup_79,1984-12-01,904.0
TSMixup_79,1985-01-01,1384.0
TSMixup_79,1985-02-01,974.0
TSMixup_79,1985-03-01,782.0
TSMixup_79,1985-04-01,2338.0
TSMixup_79,1985-05-01,7048.0
TSMixup_79,1985-06-01,2310.0
TSMixup_79,1985-07-01,1570.0
TSMixup_79,1985-08-01,1980.0
TSMixup_79,1985-09-01,440.0
TSMixup_79,1985-10-01,1026.0
TSMixup_79,1985-11-01,866.0
TSMixup_79,1985-12-01,878.0
TSMixup_79,1986-01-01,724.0
TSMixup_79,1986-02-01,836.0
TSMixup_79,1986-03-01,542.0
TSMixup_79,1986-04-01,1550.0
TSMixup_79,1986-05-01,7004.0
TSMixup_79,1986-06-01,1936.0
TSMixup_79,1986-07-01,1720.0
TSMixup_79,1986-08-01,1548.0
TSMixup_79,1986-09-01,1296.0
TSMixup_79,1986-10-01,1200.0
TSMixup_79,1986-11-01,840.0
TSMixup_79,1986-12-01,556.0
TSMixup_79,1987-01-01,516.0
TSMixup_79,1987-02-01,554.0
TSMixup_79,1987-03-01,326.0
TSMixup_79,1987-04-01,914.0
TSMixup_79,1987-05-01,5134.0
TSMixup_79,1987-06-01,4126.0
TSMixup_79,1987-07-01,1280.0
TSMixup_79,1987-08-01,1228.0
TSMixup_79,1987-09-01,1568.0
TSMixup_79,1987-10-01,1914.0
TSMixup_80,1982-01-01,5962.0
TSMixup_80,1982-02-01,5921.0
TSMixup_80,1982-03-01,5118.0
TSMixup_80,1982-04-01,5912.0
TSMixup_80,1982-05-01,5318.0
TSMixup_80,1982-06-01,5625.0
TSMixup_80,1982-07-01,5037.0
TSMixup_80,1982-08-01,2966.0
TSMixup_80,1982-09-01,767.0
TSMixup_80,1982-10-01,1124.0
TSMixup_80,1982-11-01,1246.0
TSMixup_80,1982-12-01,4345.0
TSMixup_80,1983-01-01,5440.0
TSMixup_80,1983-02-01,4599.0
TSMixup_80,1983-03-01,4851.0
TSMixup_80,1983-04-01,4447.0
TSMixup_80,1983-05-01,4213.0
TSMixup_80,1983-06-01,4158.0
TSMixup_80,1983-07-01,4101.0
TSMixup_80,1983-08-01,3429.0
TSMixup_80,1983-09-01,335.0
TSMixup_80,1983-10-01,258.0
TSMixup_80,1983-11-01,914.0
TSMixup_80,1983-12-01,3492.0
TSMixup_80,1984-01-01,4608.0
TSMixup_80,1984-02-01,5440.0
TSMixup_80,1984-03-01,5133.0
TSMixup_80,1984-04-01,5417.0
TSMixup_80,1984-05-01,5694.0
TSMixup_80,1984-06-01,5792.0
TSMixup_80,1984-07-01,5443.0
TSMixup_80,1984-08-01,5548.0
TSMixup_80,1984-09-01,2326.0
TSMixup_80,1984-10-01,1348.0
TSMixup_80,1984-11-01,1171.0
TSMixup_80,1984-12-01,5367.0
TSMixup_80,1985-01-01,5919.0
TSMixup_80,1985-02-01,5815.0
TSMixup_80,1985-03-01,6430.0
TSMixup_80,1985-04-01,5795.0
TSMixup_80,1985-05-01,5527.0
TSMixup_80,1985-06-01,5550.0
TSMixup_80,1985-07-01,4890.0
TSMixup_80,1985-08-01,5658.0
TSMixup_80,1985-09-01,2155.0
TSMixup_80,1985-10-01,1158.0
TSMixup_80,1985-11-01,1817.0
TSMixup_80,1985-12-01,5418.0
TSMixup_80,1986-01-01,6243.0
TSMixup_80,1986-02-01,6495.0
TSMixup_80,1986-03-01,6289.0
TSMixup_81,1990-01-01,6320.0
TSMixup_81,1990-02-01,4770.0
TSMixup_81,1990-03-01,5740.0
TSMixup_81,1990-04-01,5360.0
TSMixup_81,1990-05-01,4990.0
TSMixup_81,1990-06-01,5330.0
TSMixup_81,1990-07-01,5210.0
TSMixup_81,1990-08-01,5470.0
TSMixup_81,1990-09-01,4740.0
TSMixup_81,1990-10-01,6280.0
TSMixup_81,1990-11-01,6200.0
TSMixup_81,1990-12-01,5640.0
TSMixup_81,1991-01-01,7160.0
TSMixup_81,1991-02-01,5530.0
TSMixup_81,1991-03-01,4890.0
TSMixup_81,1991-04-01,5660.0
TSMixup_81,1991-05-01,6430.0
TSMixup_81,1991-06-01,5270.0
TSMixup_81,1991-07-01,6240.0
TSMixup_81,1991-08-01,5220.0
TSMixup_81,1991-09-01,4660.0
TSMixup_81,1991-10-01,6110.0
TSMixup_81,1991-11-01,5240.0
TSMixup_81,1991-12-01,6680.0
TSMixup_81,1992-01-01,6210.0
TSMixup_81,1992-02-01,5320.0
TSMixup_81,1992-03-01,6160.0
TSMixup_81,1992-04-01,5230.0
TSMixup_81,1992-05-01,5770.0
TSMixup_81,1992-06-01,6100.0
TSMixup_81,1992-07-01,6090.0
TSMixup_81,1992-08-01,5810.0
TSMixup_81,1992-09-01,5470.0
TSMixup_81,1992-10-01,5780.0
TSMixup_81,1992-11-01,5570.0
TSMixup_81,1992-12-01,6660.0
TSMixup_81,1993-01-01,6030.0
TSMixup_81,1993-02-01,5600.0
TSMixup_81,1993-03-01,6870.0
TSMixup_82,1979-01-01,7700.0
TSMixup_82,1979-02-01,6500.0
TSMixup_82,1979-03-01,5000.0
TSMixup_82,1979-04-01,6200.0
TSMixup_82,1979-05-01,7000.0
TSMixup_82,1979-06-01,7400.0
TSMixup_82,1979-07-01,7200.0
TSMixup_82,1979-08-01,6900.0
TSMixup_82,1979-09-01,7400.0
TSMixup_82,1979-10-01,6400.0
TSMixup_82,1979-11-01,5500.0
TSMixup_82,1979-12-01,6600.0
TSMixup_82,1980-01-01,7000.0
TSMixup_82,1980-02-01,6200.0
TSMixup_82,1980-03-01,5100.0
TSMixup_82,1980-04-01,5600.0
TSMixup_82,1980-05-01,6400.0
TSMixup_82,1980-06-01,7200.0
TSMixup_82,1980-07-01,7100.0
TSMixup_82,1980-08-01,7000.0
TSMixup_82,1980-09-01,7300.0
TSMixup_82,1980-10-01,7600.0
TSMixup_82,1980-11-01,7600.0
TSMixup_82,1980-12-01,6700.0
TSMixup_82,1981-01-01,6800.0
TSMixup_82,1981-02-01,5900.0
TSMixup_82,1981-03-01,5000.0
TSMixup_82,1981-04-01,5600.0
TSMixup_82,1981-05-01,5600.0
TSMixup_82,1981-06-01,7100.0
TSMixup_82,1981-07-01,7000.0
TSMixup_82,1981-08-01,6600.0
TSMixup_82,1981-09-01,7200.0
TSMixup_82,1981-10-01,7200.0
TSMixup_82,1981-11-01,7200.0
TSMixup_82,1981-12-01,6200.0
TSMixup_82,1982-01-01,6500.0
TSMixup_82,1982-02-01,5800.0
TSMixup_82,1982-03-01,4900.0
TSMixup_82,1982-04-01,5800.0
TSMixup_82,1982-05-01,6800.0
TSMixup_82,1982-06-01,7100.0
TSMixup_82,1982-07-01,6900.0
TSMixup_82,1982-08-01,6800.0
TSMixup_82,1982-09-01,7200.0
TSMixup_82,1982-10-01,7200.0
TSMixup_82,1982-11-01,7400.0
TSMixup_82,1982-12-01,6400.0
TSMixup_82,1983-01-01,6700.0
TSMixup_82,1983-02-01,6200.0
TSMixup_82,1983-03-01,5000.0
TSMixup_82,1983-04-01,5600.0
TSMixup_82,1983-05-01,6700.0
TSMixup_82,1983-06-01,7000.0
TSMixup_82,1983-07-01,6800.0
TSMixup_82,1983-08-01,6900.0
TSMixup_82,1983-09-01,7100.0
TSMixup_82,1983-10-01,7300.0
TSMixup_82,1983-11-01,7300.0
TSMixup_82,1983-12-01,6600.0
TSMixup_82,1984-01-01,6800.0
TSMixup_82,1984-02-01,5900.0
TSMixup_82,1984-03-01,4900.0
TSMixup_82,1984-04-01,5500.0
TSMixup_82,1984-05-01,6300.0
TSMixup_82,1984-06-01,7100.0
TSMixup_82,1984-07-01,6700.0
TSMixup_82,1984-08-01,6700.0
TSMixup_82,1984-09-01,7100.0
TSMixup_82,1984-10-01,7300.0
TSMixup_82,1984-11-01,7300.0
TSMixup_82,1984-12-01,6200.0
TSMixup_82,1985-01-01,6500.0
TSMixup_82,1985-02-01,5800.0
TSMixup_82,1985-03-01,4700.0
TSMixup_82,1985-04-01,5500.0
TSMixup_82,1985-05-01,6500.0
TSMixup_82,1985-06-01,6800.0
TSMixup_82,1985-07-01,6600.0
TSMixup_82,1985-08-01,6300.0
TSMixup_82,1985-09-01,6700.0
TSMixup_82,1985-10-01,7200.0
TSMixup_82,1985-11-01,7200.0
TSMixup_82,1985-12-01,5900.0
TSMixup_82,1986-01-01,6100.0
TSMixup_83,1990-01-01,5010.0
TSMixup_83,1990-02-01,5520.0
TSMixup_83,1990-03-01,4950.0
TSMixup_83,1990-04-01,5160.0
TSMixup_83,1990-05-01,5820.0
TSMixup_83,1990-06-01,6540.0
TSMixup_83,1990-07-01,5670.0
TSMixup_83,1990-08-01,5160.0
TSMixup_83,1990-09-01,7230.0
TSMixup_83,1990-10-01,7170.0
TSMixup_83,1990-11-01,4290.0
TSMixup_83,1990-12-01,6810.0
TSMixup_83,1991-01-01,3030.0
TSMixup_83,1991-02-01,3510.0
TSMixup_83,1991-03-01,4890.0
TSMixup_83,1991-04-01,4950.0
TSMixup_83,1991-05-01,5850.0
TSMixup_83,1991-06-01,6720.0
TSMixup_83,1991-07-01,5910.0
TSMixup_83,1991-08-01,4500.0
TSMixup_83,1991-09-01,5310.0
TSMixup_83,1991-10-01,5280.0
TSMixup_83,1991-11-01,5040.0
TSMixup_83,1991-12-01,5820.0
TSMixup_83,1992-01-01,4470.0
TSMixup_83,1992-02-01,7740.0
TSMixup_83,1992-03-01,4020.0
TSMixup_83,1992-04-01,6480.0
TSMixup_83,1992-05-01,4860.0
TSMixup_83,1992-06-01,6390.0
TSMixup_83,1992-07-01,6030.0
TSMixup_83,1992-08-01,4530.0
TSMixup_83,1992-09-01,6450.0
TSMixup_83,1992-10-01,4530.0
TSMixup_83,1992-11-01,5130.0
TSMixup_83,1992-12-01,4380.0
TSMixup_83,1993-01-01,4410.0
TSMixup_83,1993-02-01,5760.0
TSMixup_84,1990-01-01,4365.0
TSMixup_84,1990-02-01,3165.0
TSMixup_84,1990-03-01,5255.0
TSMixup_84,1990-04-01,4650.0
TSMixup_84,1990-05-01,4345.0
TSMixup_84,1990-06-01,4965.0
TSMixup_84,1990-07-01,3780.0
TSMixup_84,1990-08-01,3090.0
TSMixup_84,1990-09-01,4955.0
TSMixup_84,1990-10-01,3815.0
TSMixup_84,1990-11-01,4840.0
TSMixup_84,1990-12-01,4650.0
TSMixup_84,1991-01-01,5000.0
TSMixup_84,1991-02-01,2810.0
TSMixup_84,1991-03-01,5260.0
TSMixup_84,1991-04-01,4180.0
TSMixup_84,1991-05-01,4860.0
TSMixup_84,1991-06-01,5370.0
TSMixup_84,1991-07-01,5275.0
TSMixup_84,1991-08-01,4220.0
TSMixup_84,1991-09-01,6365.0
TSMixup_84,1991-10-01,3520.0
TSMixup_84,1991-11-01,6180.0
TSMixup_84,1991-12-01,6025.0
TSMixup_84,1992-01-01,4070.0
TSMixup_84,1992-02-01,6280.0
TSMixup_84,1992-03-01,4600.0
TSMixup_84,1992-04-01,5660.0
TSMixup_84,1992-05-01,4625.0
TSMixup_84,1992-06-01,4665.0
TSMixup_84,1992-07-01,5040.0
TSMixup_84,1992-08-01,4340.0
TSMixup_84,1992-09-01,4825.0
TSMixup_84,1992-10-01,3955.0
TSMixup_84,1992-11-01,4515.0
TSMixup_84,1992-12-01,5415.0
TSMixup_84,1993-01-01,3135.0
TSMixup_84,1993-02-01,5695.0
TSMixup_85,1983-01-01,656.0
TSMixup_85,1983-02-01,1288.0
TSMixup_85,1983-03-01,3914.0
TSMixup_85,1983-04-01,6837.0
TSMixup_85,1983-05-01,7104.0
TSMixup_85,1983-06-01,7464.0
TSMixup_85,1983-07-01,6308.0
TSMixup_85,1983-08-01,5549.0
TSMixup_85,1983-09-01,6365.0
TSMixup_85,1983-10-01,6344.0
TSMixup_85,1983-11-01,5597.0
TSMixup_85,1983-12-01,1178.0
TSMixup_85,1984-01-01,1581.0
TSMixup_85,1984-02-01,1870.0
TSMixup_85,1984-03-01,5230.0
TSMixup_85,1984-04-01,8046.0
TSMixup_85,1984-05-01,7997.0
TSMixup_85,1984-06-01,9216.0
TSMixup_85,1984-07-01,8077.0
TSMixup_85,1984-08-01,6021.0
TSMixup_85,1984-09-01,6399.0
TSMixup_85,1984-10-01,6857.0
TSMixup_85,1984-11-01,3446.0
TSMixup_85,1984-12-01,1544.0
TSMixup_85,1985-01-01,2031.0
TSMixup_85,1985-02-01,2561.0
TSMixup_85,1985-03-01,5166.0
TSMixup_85,1985-04-01,7470.0
TSMixup_85,1985-05-01,6849.0
TSMixup_85,1985-06-01,6968.0
TSMixup_85,1985-07-01,7253.0
TSMixup_85,1985-08-01,6413.0
TSMixup_85,1985-09-01,5854.0
TSMixup_85,1985-10-01,5710.0
TSMixup_85,1985-11-01,4926.0
TSMixup_85,1985-12-01,1300.0
TSMixup_85,1986-01-01,2200.0
TSMixup_85,1986-02-01,2782.0
TSMixup_85,1986-03-01,4708.0
TSMixup_85,1986-04-01,6792.0
TSMixup_85,1986-05-01,6193.0
TSMixup_85,1986-06-01,5647.0
TSMixup_85,1986-07-01,4317.0
TSMixup_85,1986-08-01,4628.0
TSMixup_85,1986-09-01,4658.0
TSMixup_85,1986-10-01,4552.0
TSMixup_85,1986-11-01,4349.0
TSMixup_85,1986-12-01,1642.0
TSMixup_85,1987-01-01,1069.0
TSMixup_85,1987-02-01,2244.0
TSMixup_85,1987-03-01,4551.0
TSMixup_85,1987-04-01,5242.0
TSMixup_85,1987-05-01,6225.0
TSMixup_85,1987-06-01,6175.0
TSMixup_85,1987-07-01,6090.0
TSMixup_85,1987-08-01,6431.0
TSMixup_85,1987-09-01,6769.0
TSMixup_85,1987-10-01,6393.0
TSMixup_85,1987-11-01,6704.0
TSMixup_85,1987-12-01,4632.0
TSMixup_85,1988-01-01,2757.0
TSMixup_85,1988-02-01,2999.0
TSMixup_85,1988-03-01,6150.0
TSMixup_85,1988-04-01,6780.0
TSMixup_85,1988-05-01,6785.0
TSMixup_85,1988-06-01,7229.0
TSMixup_85,1988-07-01,7243.0
TSMixup_85,1988-08-01,6907.0
TSMixup_85,1988-09-01,6673.0
TSMixup_85,1988-10-01,6348.0
TSMixup_85,1988-11-01,7166.0
TSMixup_85,1988-12-01,4162.0
TSMixup_85,1989-01-01,3295.0
TSMixup_85,1989-02-01,3903.0
TSMixup_85,1989-03-01,5996.0
TSMixup_85,1989-04-01,7331.0
TSMixup_85,1989-05-01,6850.0
TSMixup_85,1989-06-01,7178.0
TSMixup_85,1989-07-01,7342.0
TSMixup_85,1989-08-01,6699.0
TSMixup_85,1989-09-01,6642.0
TSMixup_85,1989-10-01,6176.0
TSMixup_85,1989-11-01,5580.0
TSMixup_85,1989-12-01,3401.0
TSMixup_85,1990-01-01,2508.0
TSMixup_85,1990-02-01,3128.0
TSMixup_85,1990-03-01,5936.0
TSMixup_85,1990-04-01,7095.0
TSMixup_85,1990-05-01,7490.0
TSMixup_85,1990-06-01,8205.0
TSMixup_85,1990-07-01,8163.0
TSMixup_85,1990-08-01,7080.0
TSMixup_85,1990-09-01,7521.0
TSMixup_85,1990-10-01,6923.0
TSMixup_85,1990-11-01,6347.0
TSMixup_85,1990-12-01,3169.0
TSMixup_85,1991-01-01,1802.0
TSMixup_85,1991-02-01,2574.0
TSMixup_85,1991-03-01,5016.0
TSMixup_85,1991-04-01,6280.0
TSMixup_86,1990-01-01,1680.0
TSMixup_86,1990-02-01,1920.0
TSMixup_86,1990-03-01,120.0
TSMixup_86,1990-04-01,1080.0
TSMixup_86,1990-05-01,840.0
TSMixup_86,1990-06-01,1440.0
TSMixup_86,1990-07-01,480.0
TSMixup_86,1990-08-01,720.0
TSMixup_86,1990-09-01,4080.0
TSMixup_86,1990-10-01,1560.0
TSMixup_86,1990-11-01,480.0
TSMixup_86,1990-12-01,720.0
TSMixup_86,1991-01-01,6120.0
TSMixup_86,1991-02-01,2040.0
TSMixup_86,1991-03-01,3960.0
TSMixup_86,1991-04-01,2160.0
TSMixup_86,1991-05-01,120.0
TSMixup_86,1991-06-01,1200.0
TSMixup_86,1991-07-01,1080.0
TSMixup_86,1991-08-01,1080.0
TSMixup_86,1991-09-01,1080.0
TSMixup_86,1991-10-01,2160.0
TSMixup_86,1991-11-01,240.0
TSMixup_86,1991-12-01,1440.0
TSMixup_86,1992-01-01,1200.0
TSMixup_86,1992-02-01,1560.0
TSMixup_86,1992-03-01,2520.0
TSMixup_86,1992-04-01,600.0
TSMixup_86,1992-05-01,1560.0
TSMixup_86,1992-06-01,3240.0
TSMixup_86,1992-07-01,7440.0
TSMixup_86,1992-08-01,480.0
TSMixup_86,1992-09-01,2640.0
TSMixup_86,1992-10-01,960.0
TSMixup_86,1992-11-01,3120.0
TSMixup_86,1992-12-01,1200.0
TSMixup_86,1993-01-01,960.0
TSMixup_86,1993-02-01,480.0
TSMixup_87,1983-01-01,1860.0
TSMixup_87,1983-02-01,2815.0
TSMixup_87,1983-03-01,2820.0
TSMixup_87,1983-04-01,3440.0
TSMixup_87,1983-05-01,4025.0
TSMixup_87,1983-06-01,2810.0
TSMixup_87,1983-07-01,3120.0
TSMixup_87,1983-08-01,3600.0
TSMixup_87,1983-09-01,2875.0
TSMixup_87,1983-10-01,3355.0
TSMixup_87,1983-11-01,3755.0
TSMixup_87,1983-12-01,3130.0
TSMixup_87,1984-01-01,3315.0
TSMixup_87,1984-02-01,3415.0
TSMixup_87,1984-03-01,3030.0
TSMixup_87,1984-04-01,4495.0
TSMixup_87,1984-05-01,4770.0
TSMixup_87,1984-06-01,4785.0
TSMixup_87,1984-07-01,4260.0
TSMixup_87,1984-08-01,3510.0
TSMixup_87,1984-09-01,4620.0
TSMixup_87,1984-10-01,4040.0
TSMixup_87,1984-11-01,4130.0
TSMixup_87,1984-12-01,3415.0
TSMixup_87,1985-01-01,3485.0
TSMixup_87,1985-02-01,3780.0
TSMixup_87,1985-03-01,4065.0
TSMixup_87,1985-04-01,3470.0
TSMixup_87,1985-05-01,4425.0
TSMixup_87,1985-06-01,4280.0
TSMixup_87,1985-07-01,6335.0
TSMixup_87,1985-08-01,3345.0
TSMixup_87,1985-09-01,3825.0
TSMixup_87,1985-10-01,4920.0
TSMixup_87,1985-11-01,4340.0
TSMixup_87,1985-12-01,6600.0
TSMixup_87,1986-01-01,4460.0
TSMixup_87,1986-02-01,5925.0
TSMixup_87,1986-03-01,5315.0
TSMixup_87,1986-04-01,4800.0
TSMixup_87,1986-05-01,4490.0
TSMixup_87,1986-06-01,4015.0
TSMixup_87,1986-07-01,5055.0
TSMixup_87,1986-08-01,3760.0
TSMixup_87,1986-09-01,4820.0
TSMixup_87,1986-10-01,3515.0
TSMixup_87,1986-11-01,5770.0
TSMixup_87,1986-12-01,3655.0
TSMixup_87,1987-01-01,3640.0
TSMixup_87,1987-02-01,3990.0
TSMixup_87,1987-03-01,4500.0
TSMixup_87,1987-04-01,3190.0
TSMixup_87,1987-05-01,6290.0
TSMixup_87,1987-06-01,5365.0
TSMixup_87,1987-07-01,4310.0
TSMixup_87,1987-08-01,3895.0
TSMixup_87,1987-09-01,4045.0
TSMixup_87,1987-10-01,3910.0
TSMixup_87,1987-11-01,5045.0
TSMixup_87,1987-12-01,3245.0
TSMixup_87,1988-01-01,3150.0
TSMixup_87,1988-02-01,3620.0
TSMixup_87,1988-03-01,4515.0
TSMixup_87,1988-04-01,5030.0
TSMixup_87,1988-05-01,6440.0
TSMixup_87,1988-06-01,4075.0
TSMixup_87,1988-07-01,3995.0
TSMixup_87,1988-08-01,4675.0
TSMixup_87,1988-09-01,2895.0
TSMixup_87,1988-10-01,4030.0
TSMixup_87,1988-11-01,4820.0
TSMixup_87,1988-12-01,9435.0
TSMixup_87,1989-01-01,3840.0
TSMixup_87,1989-02-01,5530.0
TSMixup_87,1989-03-01,3925.0
TSMixup_87,1989-04-01,5630.0
TSMixup_87,1989-05-01,6300.0
TSMixup_87,1989-06-01,5505.0
TSMixup_87,1989-07-01,6165.0
TSMixup_87,1989-08-01,3770.0
TSMixup_87,1989-09-01,5270.0
TSMixup_87,1989-10-01,4940.0
TSMixup_87,1989-11-01,6090.0
TSMixup_87,1989-12-01,5585.0
TSMixup_87,1990-01-01,5685.0
TSMixup_87,1990-02-01,5225.0
TSMixup_87,1990-03-01,6370.0
TSMixup_87,1990-04-01,5965.0
TSMixup_87,1990-05-01,5820.0
TSMixup_87,1990-06-01,5430.0
TSMixup_87,1990-07-01,5160.0
TSMixup_87,1990-08-01,3960.0
TSMixup_87,1990-09-01,6160.0
TSMixup_87,1990-10-01,4340.0
TSMixup_87,1990-11-01,4130.0
TSMixup_87,1990-12-01,3660.0
TSMixup_87,1991-01-01,4255.0
TSMixup_88,1979-01-01,6800.0
TSMixup_88,1979-02-01,7500.0
TSMixup_88,1979-03-01,7500.0
TSMixup_88,1979-04-01,7400.0
TSMixup_88,1979-05-01,7600.0
TSMixup_88,1979-06-01,7300.0
TSMixup_88,1979-07-01,7900.0
TSMixup_88,1979-08-01,7100.0
TSMixup_88,1979-09-01,7700.0
TSMixup_88,1979-10-01,6500.0
TSMixup_88,1979-11-01,5000.0
TSMixup_88,1979-12-01,6200.0
TSMixup_88,1980-01-01,7000.0
TSMixup_88,1980-02-01,7400.0
TSMixup_88,1980-03-01,7200.0
TSMixup_88,1980-04-01,6900.0
TSMixup_88,1980-05-01,7400.0
TSMixup_88,1980-06-01,6400.0
TSMixup_88,1980-07-01,5500.0
TSMixup_88,1980-08-01,6600.0
TSMixup_88,1980-09-01,7000.0
TSMixup_88,1980-10-01,6200.0
TSMixup_88,1980-11-01,5100.0
TSMixup_88,1980-12-01,5600.0
TSMixup_88,1981-01-01,6400.0
TSMixup_88,1981-02-01,7200.0
TSMixup_88,1981-03-01,7100.0
TSMixup_88,1981-04-01,7000.0
TSMixup_88,1981-05-01,7300.0
TSMixup_88,1981-06-01,7600.0
TSMixup_88,1981-07-01,7600.0
TSMixup_88,1981-08-01,6700.0
TSMixup_88,1981-09-01,6800.0
TSMixup_88,1981-10-01,5900.0
TSMixup_88,1981-11-01,5000.0
TSMixup_88,1981-12-01,5600.0
TSMixup_88,1982-01-01,5600.0
TSMixup_88,1982-02-01,7100.0
TSMixup_88,1982-03-01,7000.0
TSMixup_88,1982-04-01,6600.0
TSMixup_88,1982-05-01,7200.0
TSMixup_88,1982-06-01,7200.0
TSMixup_88,1982-07-01,7200.0
TSMixup_88,1982-08-01,6200.0
TSMixup_88,1982-09-01,6500.0
TSMixup_88,1982-10-01,5800.0
TSMixup_88,1982-11-01,4900.0
TSMixup_88,1982-12-01,5800.0
TSMixup_88,1983-01-01,6800.0
TSMixup_88,1983-02-01,7100.0
TSMixup_88,1983-03-01,6900.0
TSMixup_88,1983-04-01,6800.0
TSMixup_88,1983-05-01,7200.0
TSMixup_88,1983-06-01,7200.0
TSMixup_88,1983-07-01,7400.0
TSMixup_88,1983-08-01,6400.0
TSMixup_88,1983-09-01,6700.0
TSMixup_88,1983-10-01,6200.0
TSMixup_88,1983-11-01,5000.0
TSMixup_88,1983-12-01,5600.0
TSMixup_88,1984-01-01,6700.0
TSMixup_88,1984-02-01,7000.0
TSMixup_88,1984-03-01,6800.0
TSMixup_88,1984-04-01,6900.0
TSMixup_88,1984-05-01,7100.0
TSMixup_88,1984-06-01,7300.0
TSMixup_88,1984-07-01,7300.0
TSMixup_88,1984-08-01,6600.0
TSMixup_88,1984-09-01,6800.0
TSMixup_88,1984-10-01,5900.0
TSMixup_88,1984-11-01,4900.0
TSMixup_88,1984-12-01,5500.0
TSMixup_89,1982-12-01,5020.0
TSMixup_89,1983-01-01,5035.0
TSMixup_89,1983-02-01,5065.0
TSMixup_89,1983-03-01,5085.0
TSMixup_89,1983-04-01,5095.0
TSMixup_89,1983-05-01,5100.0
TSMixup_89,1983-06-01,5130.0
TSMixup_89,1983-07-01,5140.0
TSMixup_89,1983-08-01,5195.0
TSMixup_89,1983-09-01,5270.0
TSMixup_89,1983-10-01,5255.0
TSMixup_89,1983-11-01,5180.0
TSMixup_89,1983-12-01,5265.0
TSMixup_89,1984-01-01,5300.0
TSMixup_89,1984-02-01,5305.0
TSMixup_89,1984-03-01,5340.0
TSMixup_89,1984-04-01,5335.0
TSMixup_89,1984-05-01,5335.0
TSMixup_89,1984-06-01,5345.0
TSMixup_89,1984-07-01,5285.0
TSMixup_89,1984-08-01,5310.0
TSMixup_89,1984-09-01,5255.0
TSMixup_89,1984-10-01,5225.0
TSMixup_89,1984-11-01,5200.0
TSMixup_89,1984-12-01,5155.0
TSMixup_89,1985-01-01,5125.0
TSMixup_89,1985-02-01,5115.0
TSMixup_89,1985-03-01,5150.0
TSMixup_89,1985-04-01,5120.0
TSMixup_89,1985-05-01,5095.0
TSMixup_89,1985-06-01,5085.0
TSMixup_89,1985-07-01,5090.0
TSMixup_89,1985-08-01,5100.0
TSMixup_89,1985-09-01,5115.0
TSMixup_89,1985-10-01,5120.0
TSMixup_89,1985-11-01,5120.0
TSMixup_89,1985-12-01,5125.0
TSMixup_89,1986-01-01,5125.0
TSMixup_89,1986-02-01,5150.0
TSMixup_89,1986-03-01,5120.0
TSMixup_89,1986-04-01,5130.0
TSMixup_89,1986-05-01,5135.0
TSMixup_89,1986-06-01,5075.0
TSMixup_89,1986-07-01,5015.0
TSMixup_89,1986-08-01,5050.0
TSMixup_89,1986-09-01,5045.0
TSMixup_89,1986-10-01,5050.0
TSMixup_89,1986-11-01,5095.0
TSMixup_89,1986-12-01,5095.0
TSMixup_89,1987-01-01,5110.0
TSMixup_89,1987-02-01,5170.0
TSMixup_89,1987-03-01,5195.0
TSMixup_89,1987-04-01,5265.0
TSMixup_89,1987-05-01,5320.0
TSMixup_89,1987-06-01,5345.0
TSMixup_89,1987-07-01,5395.0
TSMixup_89,1987-08-01,5430.0
TSMixup_89,1987-09-01,5450.0
TSMixup_89,1987-10-01,5460.0
TSMixup_89,1987-11-01,5500.0
TSMixup_89,1987-12-01,5555.0
TSMixup_89,1988-01-01,5580.0
TSMixup_89,1988-02-01,5590.0
TSMixup_89,1988-03-01,5610.0
TSMixup_89,1988-04-01,5650.0
TSMixup_89,1988-05-01,5670.0
TSMixup_89,1988-06-01,5690.0
TSMixup_89,1988-07-01,5650.0
TSMixup_89,1988-08-01,5675.0
TSMixup_89,1988-09-01,5695.0
TSMixup_89,1988-10-01,5730.0
TSMixup_89,1988-11-01,5715.0
TSMixup_89,1988-12-01,5600.0
TSMixup_89,1989-01-01,5610.0
TSMixup_89,1989-02-01,5610.0
TSMixup_89,1989-03-01,5605.0
TSMixup_90,1982-01-01,3748.0
TSMixup_90,1982-02-01,3836.0
TSMixup_90,1982-03-01,3790.0
TSMixup_90,1982-04-01,3968.0
TSMixup_90,1982-05-01,3756.0
TSMixup_90,1982-06-01,3760.0
TSMixup_90,1982-07-01,3986.0
TSMixup_90,1982-08-01,4096.0
TSMixup_90,1982-09-01,4194.0
TSMixup_90,1982-10-01,4254.0
TSMixup_90,1982-11-01,4130.0
TSMixup_90,1982-12-01,4044.0
TSMixup_90,1983-01-01,3766.0
TSMixup_90,1983-02-01,3930.0
TSMixup_90,1983-03-01,3910.0
TSMixup_90,1983-04-01,4024.0
TSMixup_90,1983-05-01,4158.0
TSMixup_90,1983-06-01,4018.0
TSMixup_90,1983-07-01,3836.0
TSMixup_90,1983-08-01,3764.0
TSMixup_90,1983-09-01,3684.0
TSMixup_90,1983-10-01,3668.0
TSMixup_90,1983-11-01,3770.0
TSMixup_90,1983-12-01,3888.0
TSMixup_90,1984-01-01,3808.0
TSMixup_90,1984-02-01,3794.0
TSMixup_90,1984-03-01,3646.0
TSMixup_90,1984-04-01,3712.0
TSMixup_90,1984-05-01,3848.0
TSMixup_90,1984-06-01,4064.0
TSMixup_90,1984-07-01,4156.0
TSMixup_90,1984-08-01,3724.0
TSMixup_90,1984-09-01,3520.0
TSMixup_90,1984-10-01,3796.0
TSMixup_90,1984-11-01,3956.0
TSMixup_90,1984-12-01,3840.0
TSMixup_90,1985-01-01,3794.0
TSMixup_90,1985-02-01,3970.0
TSMixup_90,1985-03-01,3740.0
TSMixup_90,1985-04-01,3860.0
TSMixup_90,1985-05-01,3928.0
TSMixup_90,1985-06-01,4260.0
TSMixup_90,1985-07-01,4180.0
TSMixup_90,1985-08-01,4144.0
TSMixup_90,1985-09-01,4058.0
TSMixup_90,1985-10-01,3954.0
TSMixup_90,1985-11-01,3890.0
TSMixup_90,1985-12-01,3816.0
TSMixup_90,1986-01-01,3800.0
TSMixup_90,1986-02-01,3868.0
TSMixup_90,1986-03-01,3682.0
TSMixup_90,1986-04-01,3804.0
TSMixup_90,1986-05-01,3822.0
TSMixup_90,1986-06-01,4062.0
TSMixup_90,1986-07-01,4102.0
TSMixup_90,1986-08-01,3928.0
TSMixup_90,1986-09-01,3842.0
TSMixup_90,1986-10-01,3816.0
TSMixup_90,1986-11-01,3534.0
TSMixup_90,1986-12-01,3624.0
TSMixup_90,1987-01-01,3708.0
TSMixup_90,1987-02-01,3692.0
TSMixup_90,1987-03-01,3646.0
TSMixup_90,1987-04-01,3716.0
TSMixup_91,1990-01-01,5100.0
TSMixup_91,1990-02-01,4200.0
TSMixup_91,1990-03-01,5500.0
TSMixup_91,1990-04-01,4500.0
TSMixup_91,1990-05-01,4200.0
TSMixup_91,1990-06-01,4500.0
TSMixup_91,1990-07-01,2100.0
TSMixup_91,1990-08-01,1800.0
TSMixup_91,1990-09-01,6300.0
TSMixup_91,1990-10-01,6600.0
TSMixup_91,1990-11-01,3300.0
TSMixup_91,1990-12-01,8100.0
TSMixup_91,1991-01-01,3600.0
TSMixup_91,1991-02-01,1800.0
TSMixup_91,1991-03-01,5500.0
TSMixup_91,1991-04-01,6700.0
TSMixup_91,1991-05-01,3600.0
TSMixup_91,1991-06-01,2400.0
TSMixup_91,1991-07-01,2100.0
TSMixup_91,1991-08-01,3600.0
TSMixup_91,1991-09-01,3100.0
TSMixup_91,1991-10-01,2400.0
TSMixup_91,1991-11-01,3450.0
TSMixup_91,1991-12-01,2100.0
TSMixup_91,1992-01-01,4500.0
TSMixup_91,1992-02-01,1800.0
TSMixup_91,1992-03-01,4200.0
TSMixup_91,1992-04-01,2700.0
TSMixup_91,1992-05-01,8750.0
TSMixup_91,1992-06-01,3000.0
TSMixup_91,1992-07-01,2100.0
TSMixup_91,1992-08-01,3600.0
TSMixup_91,1992-09-01,2700.0
TSMixup_91,1992-10-01,2700.0
TSMixup_91,1992-11-01,6300.0
TSMixup_91,1992-12-01,3900.0
TSMixup_91,1993-01-01,4800.0
TSMixup_91,1993-02-01,4800.0
TSMixup_92,1983-01-01,3070.0
TSMixup_92,1983-02-01,2598.0
TSMixup_92,1983-03-01,2618.0
TSMixup_92,1983-04-01,2500.0
TSMixup_92,1983-05-01,2685.0
TSMixup_92,1983-06-01,2500.0
TSMixup_92,1983-07-01,3693.0
TSMixup_92,1983-08-01,1178.0
TSMixup_92,1983-09-01,2923.0
TSMixup_92,1983-10-01,2788.0
TSMixup_92,1983-11-01,2090.0
TSMixup_92,1983-12-01,2735.0
TSMixup_92,1984-01-01,2855.0
TSMixup_92,1984-02-01,3225.0
TSMixup_92,1984-03-01,2218.0
TSMixup_92,1984-04-01,2060.0
TSMixup_92,1984-05-01,1965.0
TSMixup_92,1984-06-01,1755.0
TSMixup_92,1984-07-01,2465.0
TSMixup_92,1984-08-01,2433.0
TSMixup_92,1984-09-01,2465.0
TSMixup_92,1984-10-01,2385.0
TSMixup_92,1984-11-01,2458.0
TSMixup_92,1984-12-01,2038.0
TSMixup_92,1985-01-01,2538.0
TSMixup_92,1985-02-01,2165.0
TSMixup_92,1985-03-01,4390.0
TSMixup_92,1985-04-01,3045.0
TSMixup_92,1985-05-01,2283.0
TSMixup_92,1985-06-01,2838.0
TSMixup_92,1985-07-01,3463.0
TSMixup_92,1985-08-01,2410.0
TSMixup_92,1985-09-01,3358.0
TSMixup_92,1985-10-01,3678.0
TSMixup_92,1985-11-01,2383.0
TSMixup_92,1985-12-01,3128.0
TSMixup_92,1986-01-01,2885.0
TSMixup_92,1986-02-01,4093.0
TSMixup_92,1986-03-01,7223.0
TSMixup_92,1986-04-01,3398.0
TSMixup_92,1986-05-01,3900.0
TSMixup_92,1986-06-01,3085.0
TSMixup_92,1986-07-01,2343.0
TSMixup_92,1986-08-01,4533.0
TSMixup_92,1986-09-01,3503.0
TSMixup_92,1986-10-01,3193.0
TSMixup_92,1986-11-01,3350.0
TSMixup_92,1986-12-01,3495.0
TSMixup_92,1987-01-01,4488.0
TSMixup_92,1987-02-01,2868.0
TSMixup_92,1987-03-01,4093.0
TSMixup_92,1987-04-01,2878.0
TSMixup_92,1987-05-01,3543.0
TSMixup_92,1987-06-01,5508.0
TSMixup_92,1987-07-01,3005.0
TSMixup_92,1987-08-01,2775.0
TSMixup_92,1987-09-01,2388.0
TSMixup_92,1987-10-01,3008.0
TSMixup_92,1987-11-01,3913.0
TSMixup_93,1981-01-01,4770.0
TSMixup_93,1981-02-01,4926.0
TSMixup_93,1981-03-01,4679.0
TSMixup_93,1981-04-01,4775.0
TSMixup_93,1981-05-01,4707.0
TSMixup_93,1981-06-01,4609.0
TSMixup_93,1981-07-01,4644.0
TSMixup_93,1981-08-01,4641.0
TSMixup_93,1981-09-01,4436.0
TSMixup_93,1981-10-01,4574.0
TSMixup_93,1981-11-01,4503.0
TSMixup_93,1981-12-01,4292.0
TSMixup_93,1982-01-01,4479.0
TSMixup_93,1982-02-01,3930.0
TSMixup_93,1982-03-01,3860.0
TSMixup_93,1982-04-01,4065.0
TSMixup_93,1982-05-01,3741.0
TSMixup_93,1982-06-01,3651.0
TSMixup_93,1982-07-01,3653.0
TSMixup_93,1982-08-01,3532.0
TSMixup_93,1982-09-01,3607.0
TSMixup_93,1982-10-01,3778.0
TSMixup_93,1982-11-01,4019.0
TSMixup_93,1982-12-01,3884.0
TSMixup_93,1983-01-01,3850.0
TSMixup_93,1983-02-01,4042.0
TSMixup_93,1983-03-01,4216.0
TSMixup_93,1983-04-01,4117.0
TSMixup_93,1983-05-01,4232.0
TSMixup_93,1983-06-01,4212.0
TSMixup_93,1983-07-01,4066.0
TSMixup_93,1983-08-01,4148.0
TSMixup_93,1983-09-01,4060.0
TSMixup_93,1983-10-01,4192.0
TSMixup_93,1983-11-01,4249.0
TSMixup_93,1983-12-01,3991.0
TSMixup_93,1984-01-01,4101.0
TSMixup_93,1984-02-01,4216.0
TSMixup_93,1984-03-01,4302.0
TSMixup_93,1984-04-01,4253.0
TSMixup_93,1984-05-01,4269.0
TSMixup_93,1984-06-01,4193.0
TSMixup_93,1984-07-01,4102.0
TSMixup_93,1984-08-01,4250.0
TSMixup_93,1984-09-01,4134.0
TSMixup_93,1984-10-01,4288.0
TSMixup_93,1984-11-01,4384.0
TSMixup_93,1984-12-01,4193.0
TSMixup_93,1985-01-01,4057.0
TSMixup_93,1985-02-01,4235.0
TSMixup_93,1985-03-01,4420.0
TSMixup_93,1985-04-01,4462.0
TSMixup_93,1985-05-01,4464.0
TSMixup_93,1985-06-01,4330.0
TSMixup_93,1985-07-01,4413.0
TSMixup_93,1985-08-01,4323.0
TSMixup_93,1985-09-01,4215.0
TSMixup_93,1985-10-01,4453.0
TSMixup_93,1985-11-01,4484.0
TSMixup_93,1985-12-01,4230.0
TSMixup_93,1986-01-01,4229.0
TSMixup_93,1986-02-01,4363.0
TSMixup_93,1986-03-01,4442.0
TSMixup_94,1982-01-01,4342.0
TSMixup_94,1982-02-01,4360.0
TSMixup_94,1982-03-01,4268.0
TSMixup_94,1982-04-01,4230.0
TSMixup_94,1982-05-01,4285.0
TSMixup_94,1982-06-01,4324.0
TSMixup_94,1982-07-01,4321.0
TSMixup_94,1982-08-01,4300.0
TSMixup_94,1982-09-01,4387.0
TSMixup_94,1982-10-01,4606.0
TSMixup_94,1982-11-01,4424.0
TSMixup_94,1982-12-01,4494.0
TSMixup_94,1983-01-01,4602.0
TSMixup_94,1983-02-01,4717.0
TSMixup_94,1983-03-01,4715.0
TSMixup_94,1983-04-01,4658.0
TSMixup_94,1983-05-01,4560.0
TSMixup_94,1983-06-01,4509.0
TSMixup_94,1983-07-01,4573.0
TSMixup_94,1983-08-01,4515.0
TSMixup_94,1983-09-01,4590.0
TSMixup_94,1983-10-01,4594.0
TSMixup_94,1983-11-01,4533.0
TSMixup_94,1983-12-01,4637.0
TSMixup_94,1984-01-01,4733.0
TSMixup_94,1984-02-01,4508.0
TSMixup_94,1984-03-01,4415.0
TSMixup_94,1984-04-01,4633.0
TSMixup_94,1984-05-01,4680.0
TSMixup_94,1984-06-01,4687.0
TSMixup_94,1984-07-01,4699.0
TSMixup_94,1984-08-01,4850.0
TSMixup_94,1984-09-01,4870.0
TSMixup_94,1984-10-01,4765.0
TSMixup_94,1984-11-01,4842.0
TSMixup_94,1984-12-01,4959.0
TSMixup_94,1985-01-01,4846.0
TSMixup_94,1985-02-01,4886.0
TSMixup_94,1985-03-01,4748.0
TSMixup_94,1985-04-01,4605.0
TSMixup_94,1985-05-01,4615.0
TSMixup_95,1978-01-01,3611.0
TSMixup_95,1978-02-01,6160.0
TSMixup_95,1978-03-01,6674.0
TSMixup_95,1978-04-01,5873.0
TSMixup_95,1978-05-01,5203.0
TSMixup_95,1978-06-01,4977.0
TSMixup_95,1978-07-01,6449.0
TSMixup_95,1978-08-01,7317.0
TSMixup_95,1978-09-01,7332.0
TSMixup_95,1978-10-01,8573.0
TSMixup_95,1978-11-01,7347.0
TSMixup_95,1978-12-01,4678.0
TSMixup_95,1979-01-01,3757.0
TSMixup_95,1979-02-01,6420.0
TSMixup_95,1979-03-01,7979.0
TSMixup_95,1979-04-01,7491.0
TSMixup_95,1979-05-01,5595.0
TSMixup_95,1979-06-01,4943.0
TSMixup_95,1979-07-01,6332.0
TSMixup_95,1979-08-01,7244.0
TSMixup_95,1979-09-01,6938.0
TSMixup_95,1979-10-01,6021.0
TSMixup_95,1979-11-01,5192.0
TSMixup_95,1979-12-01,3104.0
TSMixup_95,1980-01-01,2261.0
TSMixup_95,1980-02-01,4164.0
TSMixup_95,1980-03-01,5839.0
TSMixup_95,1980-04-01,4695.0
TSMixup_95,1980-05-01,4046.0
TSMixup_95,1980-06-01,3102.0
TSMixup_95,1980-07-01,5282.0
TSMixup_95,1980-08-01,6036.0
TSMixup_95,1980-09-01,5852.0
TSMixup_95,1980-10-01,6381.0
TSMixup_95,1980-11-01,5784.0
TSMixup_95,1980-12-01,4985.0
TSMixup_95,1981-01-01,3179.0
TSMixup_95,1981-02-01,3799.0
TSMixup_95,1981-03-01,3522.0
TSMixup_95,1981-04-01,2973.0
TSMixup_95,1981-05-01,2918.0
TSMixup_95,1981-06-01,1727.0
TSMixup_95,1981-07-01,2387.0
TSMixup_95,1981-08-01,4021.0
TSMixup_95,1981-09-01,4959.0
TSMixup_95,1981-10-01,4570.0
TSMixup_95,1981-11-01,3866.0
TSMixup_95,1981-12-01,3429.0
TSMixup_95,1982-01-01,2118.0
TSMixup_95,1982-02-01,2630.0
TSMixup_95,1982-03-01,2742.0
TSMixup_95,1982-04-01,2739.0
TSMixup_95,1982-05-01,2242.0
TSMixup_95,1982-06-01,2688.0
TSMixup_95,1982-07-01,4433.0
TSMixup_95,1982-08-01,5659.0
TSMixup_95,1982-09-01,5445.0
TSMixup_95,1982-10-01,6081.0
TSMixup_95,1982-11-01,5192.0
TSMixup_95,1982-12-01,3426.0
TSMixup_95,1983-01-01,3187.0
TSMixup_95,1983-02-01,4627.0
TSMixup_95,1983-03-01,5722.0
TSMixup_95,1983-04-01,4816.0
TSMixup_95,1983-05-01,3814.0
TSMixup_95,1983-06-01,4071.0
TSMixup_95,1983-07-01,5369.0
TSMixup_95,1983-08-01,7088.0
TSMixup_95,1983-09-01,6539.0
TSMixup_95,1983-10-01,6319.0
TSMixup_95,1983-11-01,5831.0
TSMixup_96,1990-01-01,6500.0
TSMixup_96,1990-02-01,5200.0
TSMixup_96,1990-03-01,5160.0
TSMixup_96,1990-04-01,5120.0
TSMixup_96,1990-05-01,5300.0
TSMixup_96,1990-06-01,4820.0
TSMixup_96,1990-07-01,5800.0
TSMixup_96,1990-08-01,5180.0
TSMixup_96,1990-09-01,4140.0
TSMixup_96,1990-10-01,4920.0
TSMixup_96,1990-11-01,5680.0
TSMixup_96,1990-12-01,5700.0
TSMixup_96,1991-01-01,6800.0
TSMixup_96,1991-02-01,4500.0
TSMixup_96,1991-03-01,4280.0
TSMixup_96,1991-04-01,5500.0
TSMixup_96,1991-05-01,5620.0
TSMixup_96,1991-06-01,4500.0
TSMixup_96,1991-07-01,5260.0
TSMixup_96,1991-08-01,4500.0
TSMixup_96,1991-09-01,5380.0
TSMixup_96,1991-10-01,4500.0
TSMixup_96,1991-11-01,4640.0
TSMixup_96,1991-12-01,5880.0
TSMixup_96,1992-01-01,5400.0
TSMixup_96,1992-02-01,4840.0
TSMixup_96,1992-03-01,6120.0
TSMixup_96,1992-04-01,4540.0
TSMixup_96,1992-05-01,5000.0
TSMixup_96,1992-06-01,5240.0
TSMixup_96,1992-07-01,4780.0
TSMixup_96,1992-08-01,5060.0
TSMixup_96,1992-09-01,4780.0
TSMixup_96,1992-10-01,5120.0
TSMixup_96,1992-11-01,5320.0
TSMixup_96,1992-12-01,5140.0
TSMixup_96,1993-01-01,5160.0
TSMixup_96,1993-02-01,4480.0
TSMixup_96,1993-03-01,6220.0
TSMixup_97,1983-01-01,6365.0
TSMixup_97,1983-02-01,6344.0
TSMixup_97,1983-03-01,5597.0
TSMixup_97,1983-04-01,1178.0
TSMixup_97,1983-05-01,1581.0
TSMixup_97,1983-06-01,1870.0
TSMixup_97,1983-07-01,5230.0
TSMixup_97,1983-08-01,8046.0
TSMixup_97,1983-09-01,7997.0
TSMixup_97,1983-10-01,9216.0
TSMixup_97,1983-11-01,8077.0
TSMixup_97,1983-12-01,6021.0
TSMixup_97,1984-01-01,6399.0
TSMixup_97,1984-02-01,6857.0
TSMixup_97,1984-03-01,3446.0
TSMixup_97,1984-04-01,1544.0
TSMixup_97,1984-05-01,2031.0
TSMixup_97,1984-06-01,2561.0
TSMixup_97,1984-07-01,5166.0
TSMixup_97,1984-08-01,7470.0
TSMixup_97,1984-09-01,6849.0
TSMixup_97,1984-10-01,6968.0
TSMixup_97,1984-11-01,7253.0
TSMixup_97,1984-12-01,6413.0
TSMixup_97,1985-01-01,5854.0
TSMixup_97,1985-02-01,5710.0
TSMixup_97,1985-03-01,4926.0
TSMixup_97,1985-04-01,1300.0
TSMixup_97,1985-05-01,2200.0
TSMixup_97,1985-06-01,2782.0
TSMixup_97,1985-07-01,4708.0
TSMixup_97,1985-08-01,6792.0
TSMixup_97,1985-09-01,6193.0
TSMixup_97,1985-10-01,5647.0
TSMixup_97,1985-11-01,4317.0
TSMixup_97,1985-12-01,4628.0
TSMixup_97,1986-01-01,4658.0
TSMixup_97,1986-02-01,4552.0
TSMixup_97,1986-03-01,4349.0
TSMixup_98,1990-01-01,6185.0
TSMixup_98,1990-02-01,6820.0
TSMixup_98,1990-03-01,5950.0
TSMixup_98,1990-04-01,5885.0
TSMixup_98,1990-05-01,6020.0
TSMixup_98,1990-06-01,4470.0
TSMixup_98,1990-07-01,5885.0
TSMixup_98,1990-08-01,4885.0
TSMixup_98,1990-09-01,7200.0
TSMixup_98,1990-10-01,5460.0
TSMixup_98,1990-11-01,5925.0
TSMixup_98,1990-12-01,7170.0
TSMixup_98,1991-01-01,8030.0
TSMixup_98,1991-02-01,5905.0
TSMixup_98,1991-03-01,6940.0
TSMixup_98,1991-04-01,7045.0
TSMixup_98,1991-05-01,5000.0
TSMixup_98,1991-06-01,5875.0
TSMixup_98,1991-07-01,5625.0
TSMixup_98,1991-08-01,5165.0
TSMixup_98,1991-09-01,7015.0
TSMixup_98,1991-10-01,5990.0
TSMixup_98,1991-11-01,7905.0
TSMixup_98,1991-12-01,7980.0
TSMixup_98,1992-01-01,6460.0
TSMixup_98,1992-02-01,9300.0
TSMixup_98,1992-03-01,7145.0
TSMixup_98,1992-04-01,5355.0
TSMixup_98,1992-05-01,5765.0
TSMixup_98,1992-06-01,6305.0
TSMixup_98,1992-07-01,4985.0
TSMixup_98,1992-08-01,5055.0
TSMixup_98,1992-09-01,6145.0
TSMixup_98,1992-10-01,6615.0
TSMixup_98,1992-11-01,6935.0
TSMixup_98,1992-12-01,6550.0
TSMixup_98,1993-01-01,6560.0
TSMixup_98,1993-02-01,7260.0
TSMixup_99,1979-01-01,7212.0
TSMixup_99,1979-02-01,7504.0
TSMixup_99,1979-03-01,3848.0
TSMixup_99,1979-04-01,2684.0
TSMixup_99,1979-05-01,1000.0
TSMixup_99,1979-06-01,43560.0
TSMixup_99,1979-07-01,40320.0
TSMixup_99,1979-08-01,28096.0
TSMixup_99,1979-09-01,17804.0
TSMixup_99,1979-10-01,10008.0
TSMixup_99,1979-11-01,6136.0
TSMixup_99,1979-12-01,4216.0
TSMixup_99,1980-01-01,2424.0
TSMixup_99,1980-02-01,1840.0
TSMixup_99,1980-03-01,1112.0
TSMixup_99,1980-04-01,324.0
TSMixup_99,1980-05-01,100.0
TSMixup_99,1980-06-01,58676.0
TSMixup_99,1980-07-01,54768.0
TSMixup_99,1980-08-01,43624.0
TSMixup_99,1980-09-01,28680.0
TSMixup_99,1980-10-01,15008.0
TSMixup_99,1980-11-01,9028.0
TSMixup_99,1980-12-01,7240.0
TSMixup_99,1981-01-01,4884.0
TSMixup_99,1981-02-01,3812.0
TSMixup_99,1981-03-01,3696.0
TSMixup_99,1981-04-01,2912.0
TSMixup_99,1981-05-01,1200.0
TSMixup_99,1981-06-01,42468.0
TSMixup_99,1981-07-01,41900.0
TSMixup_99,1981-08-01,30180.0
TSMixup_99,1981-09-01,16836.0
TSMixup_99,1981-10-01,9732.0
TSMixup_99,1981-11-01,5728.0
TSMixup_99,1981-12-01,5728.0
TSMixup_99,1982-01-01,3584.0
TSMixup_99,1982-02-01,3068.0
TSMixup_99,1982-03-01,2992.0
TSMixup_99,1982-04-01,1092.0
TSMixup_99,1982-05-01,600.0
TSMixup_99,1982-06-01,28268.0
TSMixup_99,1982-07-01,26652.0
TSMixup_99,1982-08-01,19068.0
TSMixup_99,1982-09-01,10024.0
TSMixup_99,1982-10-01,4636.0
TSMixup_99,1982-11-01,4888.0
TSMixup_99,1982-12-01,5100.0
TSMixup_99,1983-01-01,4664.0
TSMixup_99,1983-02-01,3848.0
TSMixup_99,1983-03-01,3772.0
TSMixup_99,1983-04-01,2964.0
TSMixup_99,1983-05-01,1200.0
TSMixup_99,1983-06-01,50368.0
TSMixup_99,1983-07-01,47796.0
TSMixup_99,1983-08-01,38376.0
TSMixup_99,1983-09-01,17728.0
TSMixup_99,1983-10-01,12832.0
TSMixup_99,1983-11-01,7768.0
TSMixup_99,1983-12-01,5192.0
TSMixup_99,1984-01-01,3896.0
TSMixup_99,1984-02-01,4128.0
TSMixup_99,1984-03-01,3716.0
TSMixup_99,1984-04-01,2500.0
TSMixup_99,1984-05-01,1700.0
TSMixup_99,1984-06-01,5304.0
TSMixup_99,1984-07-01,45856.0
TSMixup_99,1984-08-01,34592.0
TSMixup_99,1984-09-01,19172.0
TSMixup_99,1984-10-01,9496.0
TSMixup_99,1984-11-01,5960.0
TSMixup_99,1984-12-01,4500.0
TSMixup_99,1985-01-01,7560.0
TSMixup_99,1985-02-01,3608.0
TSMixup_99,1985-03-01,2948.0
TSMixup_99,1985-04-01,3148.0
TSMixup_99,1985-05-01,600.0
TSMixup_99,1985-06-01,4196.0
TSMixup_99,1985-07-01,32476.0
TSMixup_99,1985-08-01,21144.0
TSMixup_99,1985-09-01,15652.0
TSMixup_99,1985-10-01,10160.0
TSMixup_99,1985-11-01,7308.0
TSMixup_99,1985-12-01,5568.0
TSMixup_99,1986-01-01,3724.0
TSMixup_99,1986-02-01,4064.0
TSMixup_99,1986-03-01,5024.0
TSMixup_99,1986-04-01,4388.0
TSMixup_99,1986-05-01,1200.0
TSMixup_99,1986-06-01,49504.0
TSMixup_99,1986-07-01,43196.0
TSMixup_99,1986-08-01,30608.0
TSMixup_99,1986-09-01,19300.0
TSMixup_100,1982-01-01,8530.0
TSMixup_100,1982-02-01,6200.0
TSMixup_100,1982-03-01,2260.0
TSMixup_100,1982-04-01,1600.0
TSMixup_100,1982-05-01,3580.0
TSMixup_100,1982-06-01,5480.0
TSMixup_100,1982-07-01,2990.0
TSMixup_100,1982-08-01,3260.0
TSMixup_100,1982-09-01,5490.0
TSMixup_100,1982-10-01,7520.0
TSMixup_100,1982-11-01,4730.0
TSMixup_100,1982-12-01,5710.0
TSMixup_100,1983-01-01,7680.0
TSMixup_100,1983-02-01,4860.0
TSMixup_100,1983-03-01,5920.0
TSMixup_100,1983-04-01,2260.0
TSMixup_100,1983-05-01,4400.0
TSMixup_100,1983-06-01,5520.0
TSMixup_100,1983-07-01,4000.0
TSMixup_100,1983-08-01,3660.0
TSMixup_100,1983-09-01,5770.0
TSMixup_100,1983-10-01,6990.0
TSMixup_100,1983-11-01,4220.0
TSMixup_100,1983-12-01,4360.0
TSMixup_100,1984-01-01,6880.0
TSMixup_100,1984-02-01,5360.0
TSMixup_100,1984-03-01,3920.0
TSMixup_100,1984-04-01,2800.0
TSMixup_100,1984-05-01,4670.0
TSMixup_100,1984-06-01,3470.0
TSMixup_100,1984-07-01,4400.0
TSMixup_100,1984-08-01,4470.0
TSMixup_100,1984-09-01,5480.0
TSMixup_100,1984-10-01,5790.0
TSMixup_100,1984-11-01,3440.0
TSMixup_100,1984-12-01,4010.0
TSMixup_100,1985-01-01,7310.0
TSMixup_100,1985-02-01,6370.0
TSMixup_100,1985-03-01,2380.0
TSMixup_100,1985-04-01,2560.0
TSMixup_100,1985-05-01,5290.0
TSMixup_100,1985-06-01,4090.0
TSMixup_100,1985-07-01,4890.0
TSMixup_100,1985-08-01,4140.0
TSMixup_100,1985-09-01,7620.0
TSMixup_100,1985-10-01,5600.0
TSMixup_100,1985-11-01,3650.0
TSMixup_100,1985-12-01,4540.0
TSMixup_101,1990-01-01,8300.0
TSMixup_101,1990-02-01,8155.0
TSMixup_101,1990-03-01,8405.0
TSMixup_101,1990-04-01,7145.0
TSMixup_101,1990-05-01,6945.0
TSMixup_101,1990-06-01,6725.0
TSMixup_101,1990-07-01,7270.0
TSMixup_101,1990-08-01,6825.0
TSMixup_101,1990-09-01,4150.0
TSMixup_101,1990-10-01,7145.0
TSMixup_101,1990-11-01,8080.0
TSMixup_101,1990-12-01,5500.0
TSMixup_101,1991-01-01,8660.0
TSMixup_101,1991-02-01,7080.0
TSMixup_101,1991-03-01,5560.0
TSMixup_101,1991-04-01,8345.0
TSMixup_101,1991-05-01,5890.0
TSMixup_101,1991-06-01,5175.0
TSMixup_101,1991-07-01,6650.0
TSMixup_101,1991-08-01,5915.0
TSMixup_101,1991-09-01,5905.0
TSMixup_101,1991-10-01,7060.0
TSMixup_101,1991-11-01,5905.0
TSMixup_101,1991-12-01,6735.0
TSMixup_101,1992-01-01,7235.0
TSMixup_101,1992-02-01,6375.0
TSMixup_101,1992-03-01,6315.0
TSMixup_101,1992-04-01,5910.0
TSMixup_101,1992-05-01,6330.0
TSMixup_101,1992-06-01,6070.0
TSMixup_101,1992-07-01,7675.0
TSMixup_101,1992-08-01,6280.0
TSMixup_101,1992-09-01,6130.0
TSMixup_101,1992-10-01,7120.0
TSMixup_101,1992-11-01,6380.0
TSMixup_101,1992-12-01,7465.0
TSMixup_101,1993-01-01,6600.0
TSMixup_101,1993-02-01,6190.0
TSMixup_102,1983-01-01,7155.0
TSMixup_102,1983-02-01,7005.0
TSMixup_102,1983-03-01,6565.0
TSMixup_102,1983-04-01,6200.0
TSMixup_102,1983-05-01,5620.0
TSMixup_102,1983-06-01,5590.0
TSMixup_102,1983-07-01,5415.0
TSMixup_102,1983-08-01,5570.0
TSMixup_102,1983-09-01,5545.0
TSMixup_102,1983-10-01,5630.0
TSMixup_102,1983-11-01,5775.0
TSMixup_102,1983-12-01,5685.0
TSMixup_102,1984-01-01,5675.0
TSMixup_102,1984-02-01,5550.0
TSMixup_102,1984-03-01,5015.0
TSMixup_102,1984-04-01,4800.0
TSMixup_102,1984-05-01,4450.0
TSMixup_102,1984-06-01,4860.0
TSMixup_102,1984-07-01,4965.0
TSMixup_102,1984-08-01,4930.0
TSMixup_102,1984-09-01,4990.0
TSMixup_102,1984-10-01,4835.0
TSMixup_102,1984-11-01,4905.0
TSMixup_102,1984-12-01,5160.0
TSMixup_102,1985-01-01,5140.0
TSMixup_102,1985-02-01,4090.0
TSMixup_102,1985-03-01,3450.0
TSMixup_102,1985-04-01,3020.0
TSMixup_102,1985-05-01,2900.0
TSMixup_102,1985-06-01,3270.0
TSMixup_102,1985-07-01,3430.0
TSMixup_102,1985-08-01,3100.0
TSMixup_102,1985-09-01,3065.0
TSMixup_102,1985-10-01,3095.0
TSMixup_102,1985-11-01,3400.0
TSMixup_102,1985-12-01,3795.0
TSMixup_102,1986-01-01,3725.0
TSMixup_102,1986-02-01,3355.0
TSMixup_102,1986-03-01,2970.0
TSMixup_102,1986-04-01,3240.0
TSMixup_102,1986-05-01,3415.0
TSMixup_102,1986-06-01,3655.0
TSMixup_102,1986-07-01,3785.0
TSMixup_102,1986-08-01,3665.0
TSMixup_102,1986-09-01,4040.0
TSMixup_102,1986-10-01,4010.0
TSMixup_102,1986-11-01,4005.0
TSMixup_102,1986-12-01,4065.0
TSMixup_102,1987-01-01,5120.0
TSMixup_102,1987-02-01,5775.0
TSMixup_102,1987-03-01,5670.0
TSMixup_102,1987-04-01,5640.0
TSMixup_102,1987-05-01,5720.0
TSMixup_102,1987-06-01,5210.0
TSMixup_102,1987-07-01,5320.0
TSMixup_102,1987-08-01,5650.0
TSMixup_102,1987-09-01,5435.0
TSMixup_103,1990-01-01,8372.0
TSMixup_103,1990-02-01,5820.0
TSMixup_103,1990-03-01,7124.0
TSMixup_103,1990-04-01,6218.0
TSMixup_103,1990-05-01,7464.0
TSMixup_103,1990-06-01,7200.0
TSMixup_103,1990-07-01,7022.0
TSMixup_103,1990-08-01,7198.0
TSMixup_103,1990-09-01,6694.0
TSMixup_103,1990-10-01,7812.0
TSMixup_103,1990-11-01,8120.0
TSMixup_103,1990-12-01,7192.0
TSMixup_103,1991-01-01,9026.0
TSMixup_103,1991-02-01,6780.0
TSMixup_103,1991-03-01,6432.0
TSMixup_103,1991-04-01,7140.0
TSMixup_103,1991-05-01,7774.0
TSMixup_103,1991-06-01,7784.0
TSMixup_103,1991-07-01,7574.0
TSMixup_103,1991-08-01,6468.0
TSMixup_103,1991-09-01,7130.0
TSMixup_103,1991-10-01,7468.0
TSMixup_103,1991-11-01,7328.0
TSMixup_103,1991-12-01,8080.0
TSMixup_103,1992-01-01,7858.0
TSMixup_103,1992-02-01,5472.0
TSMixup_103,1992-03-01,7584.0
TSMixup_103,1992-04-01,6048.0
TSMixup_103,1992-05-01,7120.0
TSMixup_103,1992-06-01,6906.0
TSMixup_103,1992-07-01,7234.0
TSMixup_103,1992-08-01,6682.0
TSMixup_103,1992-09-01,7900.0
TSMixup_103,1992-10-01,6582.0
TSMixup_103,1992-11-01,7976.0
TSMixup_103,1992-12-01,7358.0
TSMixup_103,1993-01-01,7494.0
TSMixup_103,1993-02-01,6406.0
TSMixup_104,1990-01-01,7552.0
TSMixup_104,1990-02-01,6052.0
TSMixup_104,1990-03-01,6074.0
TSMixup_104,1990-04-01,6160.0
TSMixup_104,1990-05-01,5912.0
TSMixup_104,1990-06-01,5798.0
TSMixup_104,1990-07-01,5862.0
TSMixup_104,1990-08-01,5232.0
TSMixup_104,1990-09-01,5474.0
TSMixup_104,1990-10-01,6570.0
TSMixup_104,1990-11-01,7202.0
TSMixup_104,1990-12-01,5522.0
TSMixup_104,1991-01-01,7654.0
TSMixup_104,1991-02-01,5198.0
TSMixup_104,1991-03-01,5294.0
TSMixup_104,1991-04-01,6588.0
TSMixup_104,1991-05-01,6408.0
TSMixup_104,1991-06-01,5106.0
TSMixup_104,1991-07-01,6294.0
TSMixup_104,1991-08-01,5898.0
TSMixup_104,1991-09-01,5884.0
TSMixup_104,1991-10-01,6066.0
TSMixup_104,1991-11-01,6174.0
TSMixup_104,1991-12-01,6542.0
TSMixup_104,1992-01-01,6476.0
TSMixup_104,1992-02-01,5808.0
TSMixup_104,1992-03-01,6748.0
TSMixup_104,1992-04-01,5628.0
TSMixup_104,1992-05-01,6008.0
TSMixup_104,1992-06-01,6978.0
TSMixup_104,1992-07-01,6194.0
TSMixup_104,1992-08-01,6672.0
TSMixup_104,1992-09-01,5768.0
TSMixup_104,1992-10-01,7158.0
TSMixup_104,1992-11-01,6086.0
TSMixup_104,1992-12-01,6438.0
TSMixup_104,1993-01-01,6546.0
TSMixup_104,1993-02-01,5256.0
TSMixup_104,1993-03-01,7364.0
TSMixup_105,1990-01-01,6300.0
TSMixup_105,1990-02-01,3000.0
TSMixup_105,1990-03-01,6000.0
TSMixup_105,1990-04-01,1200.0
TSMixup_105,1990-05-01,3000.0
TSMixup_105,1990-06-01,5400.0
TSMixup_105,1990-07-01,3300.0
TSMixup_105,1990-08-01,4800.0
TSMixup_105,1990-09-01,5100.0
TSMixup_105,1990-10-01,2700.0
TSMixup_105,1990-11-01,3600.0
TSMixup_105,1990-12-01,4800.0
TSMixup_105,1991-01-01,1500.0
TSMixup_105,1991-02-01,900.0
TSMixup_105,1991-03-01,600.0
TSMixup_105,1991-04-01,5400.0
TSMixup_105,1991-05-01,2400.0
TSMixup_105,1991-06-01,600.0
TSMixup_105,1991-07-01,1200.0
TSMixup_105,1991-08-01,3300.0
TSMixup_105,1991-09-01,2400.0
TSMixup_105,1991-10-01,6900.0
TSMixup_105,1991-11-01,5400.0
TSMixup_105,1991-12-01,2100.0
TSMixup_105,1992-01-01,10500.0
TSMixup_105,1992-02-01,1800.0
TSMixup_105,1992-03-01,1500.0
TSMixup_105,1992-04-01,2400.0
TSMixup_105,1992-05-01,8400.0
TSMixup_105,1992-06-01,2100.0
TSMixup_105,1992-07-01,4800.0
TSMixup_105,1992-08-01,2700.0
TSMixup_105,1992-09-01,4800.0
TSMixup_105,1992-10-01,3900.0
TSMixup_105,1992-11-01,3300.0
TSMixup_105,1992-12-01,900.0
TSMixup_105,1993-01-01,600.0
TSMixup_105,1993-02-01,3300.0
TSMixup_106,1990-01-01,7740.0
TSMixup_106,1990-02-01,4940.0
TSMixup_106,1990-03-01,4140.0
TSMixup_106,1990-04-01,6400.0
TSMixup_106,1990-05-01,5880.0
TSMixup_106,1990-06-01,5280.0
TSMixup_106,1990-07-01,5060.0
TSMixup_106,1990-08-01,3620.0
TSMixup_106,1990-09-01,3920.0
TSMixup_106,1990-10-01,6480.0
TSMixup_106,1990-11-01,4340.0
TSMixup_106,1990-12-01,5400.0
TSMixup_106,1991-01-01,6400.0
TSMixup_106,1991-02-01,5320.0
TSMixup_106,1991-03-01,3340.0
TSMixup_106,1991-04-01,7120.0
TSMixup_106,1991-05-01,6380.0
TSMixup_106,1991-06-01,4420.0
TSMixup_106,1991-07-01,4820.0
TSMixup_106,1991-08-01,8160.0
TSMixup_106,1991-09-01,5520.0
TSMixup_106,1991-10-01,6640.0
TSMixup_106,1991-11-01,5600.0
TSMixup_106,1991-12-01,4220.0
TSMixup_106,1992-01-01,8120.0
TSMixup_106,1992-02-01,4480.0
TSMixup_106,1992-03-01,4860.0
TSMixup_106,1992-04-01,4740.0
TSMixup_106,1992-05-01,6880.0
TSMixup_106,1992-06-01,4520.0
TSMixup_106,1992-07-01,6620.0
TSMixup_106,1992-08-01,6300.0
TSMixup_106,1992-09-01,6040.0
TSMixup_106,1992-10-01,5460.0
TSMixup_106,1992-11-01,2860.0
TSMixup_106,1992-12-01,6120.0
TSMixup_106,1993-01-01,4720.0
TSMixup_106,1993-02-01,3180.0
TSMixup_106,1993-03-01,5160.0
TSMixup_107,1990-01-01,5520.0
TSMixup_107,1990-02-01,3940.0
TSMixup_107,1990-03-01,4490.0
TSMixup_107,1990-04-01,5030.0
TSMixup_107,1990-05-01,5660.0
TSMixup_107,1990-06-01,4790.0
TSMixup_107,1990-07-01,5520.0
TSMixup_107,1990-08-01,5560.0
TSMixup_107,1990-09-01,5200.0
TSMixup_107,1990-10-01,6670.0
TSMixup_107,1990-11-01,5900.0
TSMixup_107,1990-12-01,5280.0
TSMixup_107,1991-01-01,6490.0
TSMixup_107,1991-02-01,5560.0
TSMixup_107,1991-03-01,5090.0
TSMixup_107,1991-04-01,7090.0
TSMixup_107,1991-05-01,6570.0
TSMixup_107,1991-06-01,5890.0
TSMixup_107,1991-07-01,6640.0
TSMixup_107,1991-08-01,6360.0
TSMixup_107,1991-09-01,5640.0
TSMixup_107,1991-10-01,6630.0
TSMixup_107,1991-11-01,5330.0
TSMixup_107,1991-12-01,5540.0
TSMixup_107,1992-01-01,7100.0
TSMixup_107,1992-02-01,5410.0
TSMixup_107,1992-03-01,5800.0
TSMixup_107,1992-04-01,6110.0
TSMixup_107,1992-05-01,6870.0
TSMixup_107,1992-06-01,6560.0
TSMixup_107,1992-07-01,6120.0
TSMixup_107,1992-08-01,6540.0
TSMixup_107,1992-09-01,5810.0
TSMixup_107,1992-10-01,6300.0
TSMixup_107,1992-11-01,6270.0
TSMixup_107,1992-12-01,6900.0
TSMixup_107,1993-01-01,6310.0
TSMixup_107,1993-02-01,5330.0
TSMixup_107,1993-03-01,5700.0
TSMixup_108,1979-01-01,10008.0
TSMixup_108,1979-02-01,6136.0
TSMixup_108,1979-03-01,4216.0
TSMixup_108,1979-04-01,2424.0
TSMixup_108,1979-05-01,1840.0
TSMixup_108,1979-06-01,1112.0
TSMixup_108,1979-07-01,324.0
TSMixup_108,1979-08-01,100.0
TSMixup_108,1979-09-01,58676.0
TSMixup_108,1979-10-01,54768.0
TSMixup_108,1979-11-01,43624.0
TSMixup_108,1979-12-01,28680.0
TSMixup_108,1980-01-01,15008.0
TSMixup_108,1980-02-01,9028.0
TSMixup_108,1980-03-01,7240.0
TSMixup_108,1980-04-01,4884.0
TSMixup_108,1980-05-01,3812.0
TSMixup_108,1980-06-01,3696.0
TSMixup_108,1980-07-01,2912.0
TSMixup_108,1980-08-01,1200.0
TSMixup_108,1980-09-01,42468.0
TSMixup_108,1980-10-01,41900.0
TSMixup_108,1980-11-01,30180.0
TSMixup_108,1980-12-01,16836.0
TSMixup_108,1981-01-01,9732.0
TSMixup_108,1981-02-01,5728.0
TSMixup_108,1981-03-01,5728.0
TSMixup_108,1981-04-01,3584.0
TSMixup_108,1981-05-01,3068.0
TSMixup_108,1981-06-01,2992.0
TSMixup_108,1981-07-01,1092.0
TSMixup_108,1981-08-01,600.0
TSMixup_108,1981-09-01,28268.0
TSMixup_108,1981-10-01,26652.0
TSMixup_108,1981-11-01,19068.0
TSMixup_108,1981-12-01,10024.0
TSMixup_108,1982-01-01,4636.0
TSMixup_108,1982-02-01,4888.0
TSMixup_108,1982-03-01,5100.0
TSMixup_108,1982-04-01,4664.0
TSMixup_108,1982-05-01,3848.0
TSMixup_108,1982-06-01,3772.0
TSMixup_108,1982-07-01,2964.0
TSMixup_108,1982-08-01,1200.0
TSMixup_108,1982-09-01,50368.0
TSMixup_108,1982-10-01,47796.0
TSMixup_108,1982-11-01,38376.0
TSMixup_108,1982-12-01,17728.0
TSMixup_108,1983-01-01,12832.0
TSMixup_108,1983-02-01,7768.0
TSMixup_108,1983-03-01,5192.0
TSMixup_108,1983-04-01,3896.0
TSMixup_108,1983-05-01,4128.0
TSMixup_108,1983-06-01,3716.0
TSMixup_108,1983-07-01,2500.0
TSMixup_108,1983-08-01,1700.0
TSMixup_108,1983-09-01,5304.0
TSMixup_108,1983-10-01,45856.0
TSMixup_108,1983-11-01,34592.0
TSMixup_108,1983-12-01,19172.0
TSMixup_108,1984-01-01,9496.0
TSMixup_108,1984-02-01,5960.0
TSMixup_108,1984-03-01,4500.0
TSMixup_108,1984-04-01,7560.0
TSMixup_108,1984-05-01,3608.0
TSMixup_108,1984-06-01,2948.0
TSMixup_108,1984-07-01,3148.0
TSMixup_108,1984-08-01,600.0
TSMixup_108,1984-09-01,4196.0
TSMixup_108,1984-10-01,32476.0
TSMixup_108,1984-11-01,21144.0
TSMixup_108,1984-12-01,15652.0
TSMixup_108,1985-01-01,10160.0
TSMixup_108,1985-02-01,7308.0
TSMixup_108,1985-03-01,5568.0
TSMixup_108,1985-04-01,3724.0
TSMixup_108,1985-05-01,4064.0
TSMixup_108,1985-06-01,5024.0
TSMixup_108,1985-07-01,4388.0
TSMixup_108,1985-08-01,1200.0
TSMixup_108,1985-09-01,49504.0
TSMixup_108,1985-10-01,43196.0
TSMixup_108,1985-11-01,30608.0
TSMixup_109,1982-01-01,7691.0
TSMixup_109,1982-02-01,6793.0
TSMixup_109,1982-03-01,6986.0
TSMixup_109,1982-04-01,7749.0
TSMixup_109,1982-05-01,7496.0
TSMixup_109,1982-06-01,7685.0
TSMixup_109,1982-07-01,8163.0
TSMixup_109,1982-08-01,7827.0
TSMixup_109,1982-09-01,7737.0
TSMixup_109,1982-10-01,6285.0
TSMixup_109,1982-11-01,8220.0
TSMixup_109,1982-12-01,8180.0
TSMixup_109,1983-01-01,8367.0
TSMixup_109,1983-02-01,7568.0
TSMixup_109,1983-03-01,7742.0
TSMixup_109,1983-04-01,8375.0
TSMixup_109,1983-05-01,8749.0
TSMixup_109,1983-06-01,9561.0
TSMixup_109,1983-07-01,8494.0
TSMixup_109,1983-08-01,9022.0
TSMixup_109,1983-09-01,9279.0
TSMixup_109,1983-10-01,7773.0
TSMixup_109,1983-11-01,9039.0
TSMixup_109,1983-12-01,8667.0
TSMixup_109,1984-01-01,9568.0
TSMixup_109,1984-02-01,8323.0
TSMixup_109,1984-03-01,7841.0
TSMixup_109,1984-04-01,9191.0
TSMixup_109,1984-05-01,8688.0
TSMixup_109,1984-06-01,9352.0
TSMixup_109,1984-07-01,8694.0
TSMixup_109,1984-08-01,8391.0
TSMixup_109,1984-09-01,7608.0
TSMixup_109,1984-10-01,6495.0
TSMixup_109,1984-11-01,8318.0
TSMixup_109,1984-12-01,8422.0
TSMixup_109,1985-01-01,8813.0
TSMixup_109,1985-02-01,7599.0
TSMixup_109,1985-03-01,6893.0
TSMixup_109,1985-04-01,8153.0
TSMixup_109,1985-05-01,7983.0
TSMixup_109,1985-06-01,8484.0
TSMixup_109,1985-07-01,8019.0
TSMixup_109,1985-08-01,7502.0
TSMixup_109,1985-09-01,7324.0
TSMixup_109,1985-10-01,7102.0
TSMixup_109,1985-11-01,8056.0
TSMixup_109,1985-12-01,8270.0
TSMixup_109,1986-01-01,9090.0
TSMixup_109,1986-02-01,7572.0
TSMixup_109,1986-03-01,7592.0
TSMixup_109,1986-04-01,8440.0
TSMixup_109,1986-05-01,8297.0
TSMixup_109,1986-06-01,8867.0
TSMixup_109,1986-07-01,8340.0
TSMixup_109,1986-08-01,8491.0
TSMixup_109,1986-09-01,8274.0
TSMixup_109,1986-10-01,7898.0
TSMixup_109,1986-11-01,8362.0
TSMixup_109,1986-12-01,8602.0
TSMixup_109,1987-01-01,9478.0
TSMixup_109,1987-02-01,8228.0
TSMixup_109,1987-03-01,8214.0
TSMixup_109,1987-04-01,8673.0
TSMixup_109,1987-05-01,9014.0
TSMixup_109,1987-06-01,9653.0
TSMixup_109,1987-07-01,8821.0
TSMixup_109,1987-08-01,8702.0
TSMixup_109,1987-09-01,8971.0
TSMixup_109,1987-10-01,7511.0
TSMixup_109,1987-11-01,9029.0
TSMixup_109,1987-12-01,9058.0
TSMixup_109,1988-01-01,9569.0
TSMixup_109,1988-02-01,8627.0
TSMixup_109,1988-03-01,8051.0
TSMixup_109,1988-04-01,9472.0
TSMixup_109,1988-05-01,9051.0
TSMixup_109,1988-06-01,9835.0
TSMixup_109,1988-07-01,9612.0
TSMixup_109,1988-08-01,9545.0
TSMixup_109,1988-09-01,9156.0
TSMixup_109,1988-10-01,7418.0
TSMixup_109,1988-11-01,9144.0
TSMixup_109,1988-12-01,8482.0
TSMixup_110,1982-01-01,4806.0
TSMixup_110,1982-02-01,4645.0
TSMixup_110,1982-03-01,4784.0
TSMixup_110,1982-04-01,4979.0
TSMixup_110,1982-05-01,4530.0
TSMixup_110,1982-06-01,4942.0
TSMixup_110,1982-07-01,4651.0
TSMixup_110,1982-08-01,5150.0
TSMixup_110,1982-09-01,4987.0
TSMixup_110,1982-10-01,4532.0
TSMixup_110,1982-11-01,5046.0
TSMixup_110,1982-12-01,4783.0
TSMixup_110,1983-01-01,4958.0
TSMixup_110,1983-02-01,4815.0
TSMixup_110,1983-03-01,5055.0
TSMixup_110,1983-04-01,5152.0
TSMixup_110,1983-05-01,4773.0
TSMixup_110,1983-06-01,5147.0
TSMixup_110,1983-07-01,4866.0
TSMixup_110,1983-08-01,5311.0
TSMixup_110,1983-09-01,5172.0
TSMixup_110,1983-10-01,4734.0
TSMixup_110,1983-11-01,5011.0
TSMixup_110,1983-12-01,4957.0
TSMixup_110,1984-01-01,4968.0
TSMixup_110,1984-02-01,5049.0
TSMixup_110,1984-03-01,5305.0
TSMixup_110,1984-04-01,5067.0
TSMixup_110,1984-05-01,5001.0
TSMixup_110,1984-06-01,5252.0
TSMixup_110,1984-07-01,4903.0
TSMixup_110,1984-08-01,5408.0
TSMixup_110,1984-09-01,5395.0
TSMixup_110,1984-10-01,5150.0
TSMixup_110,1984-11-01,5460.0
TSMixup_110,1984-12-01,4968.0
TSMixup_110,1985-01-01,5021.0
TSMixup_110,1985-02-01,5118.0
TSMixup_110,1985-03-01,5175.0
TSMixup_110,1985-04-01,5420.0
TSMixup_110,1985-05-01,5121.0
TSMixup_110,1985-06-01,5450.0
TSMixup_110,1985-07-01,5286.0
TSMixup_110,1985-08-01,5693.0
TSMixup_110,1985-09-01,5353.0
TSMixup_110,1985-10-01,5017.0
TSMixup_110,1985-11-01,5577.0
TSMixup_110,1985-12-01,4987.0
TSMixup_110,1986-01-01,5129.0
TSMixup_110,1986-02-01,5249.0
TSMixup_110,1986-03-01,5100.0
TSMixup_110,1986-04-01,5382.0
TSMixup_110,1986-05-01,5039.0
TSMixup_110,1986-06-01,5364.0
TSMixup_110,1986-07-01,5193.0
TSMixup_110,1986-08-01,5846.0
TSMixup_110,1986-09-01,5259.0
TSMixup_110,1986-10-01,4809.0
TSMixup_110,1986-11-01,5297.0
TSMixup_110,1986-12-01,5034.0
TSMixup_110,1987-01-01,5243.0
TSMixup_110,1987-02-01,5150.0
TSMixup_110,1987-03-01,5296.0
