unique_id,ds,y
DBA_0,1982-01-01,3329.228082148125
DBA_0,1982-02-01,3223.4016529115747
DBA_0,1982-03-01,3885.0842881552253
DBA_0,1982-04-01,3566.4593946182745
DBA_0,1982-05-01,3787.0458593746253
DBA_0,1982-06-01,3369.3164477855753
DBA_0,1982-07-01,3543.89702835185
DBA_0,1982-08-01,4056.213872463925
DBA_0,1982-09-01,4202.4797275828
DBA_0,1982-10-01,4085.7918965337494
DBA_0,1982-11-01,4175.447013712601
DBA_0,1982-12-01,3362.52071229035
DBA_0,1983-01-01,4440.392502327924
DBA_0,1983-02-01,4050.2798588163
DBA_0,1983-03-01,4226.447802527599
DBA_0,1983-04-01,4814.907109102625
DBA_0,1983-05-01,4635.933726889725
DBA_0,1983-06-01,3935.166202525
DBA_0,1983-07-01,4537.231312470151
DBA_0,1983-08-01,4386.112877398
DBA_0,1983-09-01,4471.7517680485
DBA_0,1983-10-01,4718.6633664589
DBA_0,1983-11-01,4638.5059054967505
DBA_0,1983-12-01,4692.380669263749
DBA_0,1984-01-01,4947.856156739201
DBA_0,1984-02-01,4276.489696740626
DBA_0,1984-03-01,4821.619960169425
DBA_0,1984-04-01,4511.5049269153005
DBA_0,1984-05-01,5179.960952039325
DBA_0,1984-06-01,5047.2258794508
DBA_0,1984-07-01,5296.009910876401
DBA_0,1984-08-01,5036.3740773435
DBA_0,1984-09-01,4529.356494308699
DBA_0,1984-10-01,4691.481574228799
DBA_0,1984-11-01,4913.8642043952
DBA_0,1984-12-01,5073.887122602
DBA_0,1985-01-01,5592.323112755
DBA_0,1985-02-01,4799.938025992574
DBA_0,1985-03-01,5788.2554596352
DBA_0,1985-04-01,4190.71669544235
DBA_0,1985-05-01,4258.9262470278
DBA_0,1985-06-01,4291.605723288
DBA_0,1985-07-01,4307.945461418101
DBA_0,1985-08-01,4201.737163572449
DBA_0,1985-09-01,4226.2467707676
DBA_0,1985-10-01,4250.75637796275
DBA_0,1985-11-01,4324.2851995482
DBA_0,1985-12-01,4103.69873479185
DBA_0,1986-01-01,4193.567294507399
DBA_0,1986-02-01,4397.81402113365
DBA_0,1986-03-01,4713.151859146649
DBA_0,1986-04-01,4546.5014805492
DBA_0,1986-05-01,4526.78610033885
DBA_0,1986-06-01,4654.7037180021
DBA_0,1986-07-01,4839.076255325249
DBA_0,1986-08-01,4830.9063862602
DBA_0,1986-09-01,4863.585862520399
DBA_0,1986-10-01,5002.47363662625
DBA_0,1986-11-01,4961.624291301001
DBA_0,1986-12-01,4928.9448150408
DBA_0,1987-01-01,4928.9448150408
DBA_0,1987-02-01,4814.5666481301005
DBA_0,1987-03-01,4798.22691
DBA_0,1987-04-01,4724.6980884145505
DBA_0,1987-05-01,4741.03782654465
DBA_0,1987-06-01,4618.4897905689
DBA_0,1987-07-01,4683.848743089301
DBA_0,1987-08-01,4765.547433739799
DBA_0,1987-09-01,4969.79416036605
DBA_0,1987-10-01,4937.11468410585
DBA_0,1987-11-01,5035.15311288645
DBA_0,1987-12-01,4945.2845531709
DBA_0,1988-01-01,4574.7625820142
DBA_0,1988-02-01,4354.176117257849
DBA_0,1988-03-01,4631.95166546955
DBA_0,1988-04-01,4558.4228438841
DBA_0,1988-05-01,4623.7817964045
DBA_0,1988-06-01,4582.93245107925
DBA_0,1988-07-01,4689.1407489248995
DBA_0,1988-08-01,4664.63114172975
DBA_0,1988-09-01,4664.63114172975
DBA_0,1988-10-01,4705.480487055
DBA_0,1988-11-01,4623.7817964045
DBA_0,1988-12-01,4410.465023631001
DBA_0,1989-01-01,4466.112877398
DBA_0,1989-02-01,4364.091812158501
DBA_0,1989-03-01,4354.817169864
DBA_0,1989-04-01,4447.563592809
DBA_0,1989-05-01,4558.8593003430005
DBA_0,1989-06-01,4484.662161986998
DBA_0,1989-07-01,4744.352146233
DBA_0,1989-08-01,4827.8239268835005
DBA_0,1989-09-01,4790.7253577055
DBA_0,1989-10-01,5004.042130478999
DBA_0,1989-11-01,5096.7885534239995
DBA_0,1989-12-01,4141.5003970905
DBA_0,1990-01-01,4354.817169864
DBA_0,1990-02-01,4670.155007877001
DBA_0,1990-03-01,4929.844992122999
DBA_0,1990-04-01,4679.4296501715
DBA_0,1990-05-01,4697.9789347605
DBA_0,1990-06-01,4735.077503938501
DBA_0,1990-07-01,5068.9646265405
DBA_0,1990-08-01,4837.098569178
DBA_0,1990-09-01,4966.943561301
DBA_0,1990-10-01,5125.2325118154995
DBA_0,1990-11-01,5069.5846580485
DBA_0,1990-12-01,5397.004654164
DBA_0,1991-01-01,5060.310015753999
DBA_0,1991-02-01,4782.070746918999
DBA_0,1991-03-01,4494.5568357895
DBA_0,1991-04-01,4466.732908906
DBA_0,1991-05-01,4717.1482508575
DBA_0,1991-06-01,5014.08584932
DBA_1,1978-01-01,4592.403237946263
DBA_1,1978-02-01,5751.635597552038
DBA_1,1978-03-01,5970.12607678567
DBA_1,1978-04-01,4802.120959221185
DBA_1,1978-05-01,3566.720508531141
DBA_1,1978-06-01,3901.8956618904904
DBA_1,1978-07-01,4718.645106218306
DBA_1,1978-08-01,4478.450068427082
DBA_1,1978-09-01,4753.71570726758
DBA_1,1978-10-01,7236.102550590647
DBA_1,1978-11-01,5721.791776793723
DBA_1,1978-12-01,5923.882580619728
DBA_1,1979-01-01,4350.938245246347
DBA_1,1979-02-01,4470.905158462968
DBA_1,1979-03-01,4321.658159839557
DBA_1,1979-04-01,4123.292532120944
DBA_1,1979-05-01,4677.41775773048
DBA_1,1979-06-01,3442.152289960739
DBA_1,1979-07-01,4023.0333609459567
DBA_1,1979-08-01,3723.204115151815
DBA_1,1979-09-01,3672.914237702026
DBA_1,1979-10-01,4782.846025498817
DBA_1,1979-11-01,5953.210561092905
DBA_1,1979-12-01,6738.758793587986
DBA_1,1980-01-01,4399.369730681084
DBA_1,1980-02-01,6712.697652555163
DBA_1,1980-03-01,5627.758653473447
DBA_1,1980-04-01,4567.031584761114
DBA_1,1980-05-01,4541.195376629315
DBA_1,1980-06-01,5088.7962644159115
DBA_1,1980-07-01,4297.506772937438
DBA_1,1980-08-01,4597.849096595901
DBA_1,1980-09-01,4484.696872333877
DBA_1,1980-10-01,6070.161372656502
DBA_1,1980-11-01,5174.171181378246
DBA_1,1980-12-01,5448.902919298391
DBA_1,1981-01-01,4313.971726734796
DBA_1,1981-02-01,2998.820518754351
DBA_1,1981-03-01,4919.852035792883
DBA_1,1981-04-01,5787.0806854419125
DBA_1,1981-05-01,5400.079627985623
DBA_1,1981-06-01,5145.362983527237
DBA_1,1981-07-01,4699.297522780699
DBA_1,1981-08-01,4558.109433285618
DBA_1,1981-09-01,5400.130015455262
DBA_1,1981-10-01,6299.262368023062
DBA_1,1981-11-01,7671.8987444676195
DBA_1,1981-12-01,6139.100536595215
DBA_1,1982-01-01,4798.881239217043
DBA_1,1982-02-01,5096.054597931707
DBA_1,1982-03-01,6443.034023825453
DBA_1,1982-04-01,5302.480057566329
DBA_1,1982-05-01,5991.389967200587
DBA_1,1982-06-01,5043.89210902252
DBA_1,1982-07-01,4483.429281041808
DBA_1,1982-08-01,4778.339056210324
DBA_1,1982-09-01,4014.9703313861805
DBA_1,1982-10-01,7291.6632717447765
DBA_1,1982-11-01,8127.4639550866905
DBA_1,1982-12-01,6097.474288693884
DBA_1,1983-01-01,4302.806888018754
DBA_1,1983-02-01,5032.152497461477
DBA_1,1983-03-01,5517.41137162246
DBA_1,1983-04-01,5396.348531907049
DBA_1,1983-05-01,4857.592229112635
DBA_1,1983-06-01,4844.554112736764
DBA_1,1983-07-01,4751.114278709686
DBA_1,1983-08-01,4996.499056850227
DBA_1,1983-09-01,4486.2592178234245
DBA_1,1983-10-01,6048.856864710972
DBA_1,1983-11-01,7846.192262254213
DBA_1,1983-12-01,6365.737838446527
DBA_1,1984-01-01,5570.107179210459
DBA_1,1984-02-01,5378.460461569424
DBA_1,1984-03-01,5638.975515808268
DBA_1,1984-04-01,4817.5661759074255
DBA_1,1984-05-01,4583.811375168592
DBA_1,1984-06-01,4714.502970269586
DBA_1,1984-07-01,3248.8919696274857
DBA_1,1984-08-01,3958.771619020704
DBA_1,1984-09-01,5370.841575608149
DBA_1,1984-10-01,6817.274878333296
DBA_1,1984-11-01,8642.821712266626
DBA_1,1984-12-01,7645.953164965545
DBA_1,1985-01-01,5198.990511602699
DBA_1,1985-02-01,5816.377319502427
DBA_1,1985-03-01,5966.531794519931
DBA_1,1985-04-01,6098.5682420109815
DBA_1,1985-05-01,3907.892915822653
DBA_1,1985-06-01,3532.1630213393064
DBA_1,1985-07-01,4126.17316447819
DBA_1,1985-08-01,5336.651618802907
DBA_1,1985-09-01,5276.52199611349
DBA_1,1985-10-01,5511.781055163546
DBA_1,1985-11-01,8026.1045650635115
DBA_1,1985-12-01,8996.810475969545
DBA_1,1986-01-01,3626.219881678003
DBA_1,1986-02-01,4499.7673419193625
DBA_1,1986-03-01,6069.907605208239
DBA_1,1986-04-01,5274.376358717258
DBA_1,1986-05-01,4619.4774033084595
DBA_1,1986-06-01,4336.364019146686
DBA_1,1986-07-01,3671.138209235281
DBA_1,1986-08-01,4571.969358538425
DBA_1,1986-09-01,4307.481854913607
DBA_1,1986-10-01,5027.995834647066
DBA_1,1986-11-01,6281.875718234828
DBA_1,1986-12-01,8719.489892922451
DBA_1,1987-01-01,6327.580834818882
DBA_1,1987-02-01,4270.1545614138
DBA_1,1987-03-01,5365.9233419136945
DBA_1,1987-04-01,5181.518265615117
DBA_1,1987-05-01,4798.982692571207
DBA_1,1987-06-01,3329.82291507294
DBA_2,1982-01-01,4903.307350179433
DBA_2,1982-02-01,5046.905496741607
DBA_2,1982-03-01,5324.059401031668
DBA_2,1982-04-01,5702.440950262804
DBA_2,1982-05-01,4927.770606554717
DBA_2,1982-06-01,4867.741223741125
DBA_2,1982-07-01,4712.968227387171
DBA_2,1982-08-01,4143.8564516351535
DBA_2,1982-09-01,4494.004853909125
DBA_2,1982-10-01,5293.223562789011
DBA_2,1982-11-01,5406.567056109023
DBA_2,1982-12-01,5136.365487692574
DBA_2,1983-01-01,5458.7023219602115
DBA_2,1983-02-01,4761.676006906788
DBA_2,1983-03-01,4818.909674150363
DBA_2,1983-04-01,5082.505249364848
DBA_2,1983-05-01,5157.994482884392
DBA_2,1983-06-01,4848.0324693344955
DBA_2,1983-07-01,4650.68825101068
DBA_2,1983-08-01,4729.384543470599
DBA_2,1983-09-01,4897.631789419385
DBA_2,1983-10-01,4862.970883179202
DBA_2,1983-11-01,4862.4774894960665
DBA_2,1983-12-01,5062.693242059261
DBA_2,1984-01-01,4233.013697340861
DBA_2,1984-02-01,5077.971636319247
DBA_2,1984-03-01,4646.733362529467
DBA_2,1984-04-01,5062.90054636619
DBA_2,1984-05-01,4492.565983138172
DBA_2,1984-06-01,7232.463361242526
DBA_2,1984-07-01,4419.023148449631
DBA_2,1984-08-01,3066.811845968667
DBA_2,1984-09-01,4504.999191986391
DBA_2,1984-10-01,4588.595127998436
DBA_2,1984-11-01,4560.767624185534
DBA_2,1984-12-01,5176.010809804934
DBA_2,1985-01-01,4548.2221695369235
DBA_2,1985-02-01,4673.790861894595
DBA_2,1985-03-01,4776.293399565743
DBA_2,1985-04-01,4809.443287651324
DBA_2,1985-05-01,4790.478467955852
DBA_2,1985-06-01,4671.601427425688
DBA_2,1985-07-01,4722.17427994695
DBA_2,1985-08-01,4811.601885015036
DBA_2,1985-09-01,4972.879945189552
DBA_2,1985-10-01,4869.729828309293
DBA_2,1985-11-01,4830.566704710509
DBA_2,1985-12-01,5030.391146379888
DBA_2,1986-01-01,4791.866137689663
DBA_2,1986-02-01,4761.337403545733
DBA_2,1986-03-01,4942.351211045617
DBA_2,1986-04-01,5009.576100372661
DBA_2,1986-05-01,4926.624287395713
DBA_2,1986-06-01,4828.870663924737
DBA_2,1986-07-01,4803.121681086165
DBA_2,1986-08-01,4780.148037715227
DBA_2,1986-09-01,4855.6989454451605
DBA_2,1986-10-01,4962.703700474907
DBA_2,1986-11-01,4904.421571654671
DBA_2,1986-12-01,5131.845222474376
DBA_2,1987-01-01,4777.835254825533
DBA_2,1987-02-01,4729.420999667986
DBA_2,1987-03-01,4958.386505747481
DBA_2,1987-04-01,4968.100193884189
DBA_2,1987-05-01,4882.218855913628
DBA_2,1987-06-01,4855.6989454451605
DBA_2,1987-07-01,4788.628241644096
DBA_2,1987-08-01,4737.592832544894
DBA_2,1987-09-01,4791.557766637707
DBA_2,1987-10-01,4872.196796724964
DBA_2,1987-11-01,4878.672588816102
DBA_2,1987-12-01,5085.435379154556
DBA_2,1988-01-01,4709.685252342614
DBA_2,1988-02-01,4734.817493077266
DBA_2,1988-03-01,4891.315801946416
DBA_2,1988-04-01,4894.399512466005
DBA_2,1988-05-01,4832.262745496284
DBA_2,1988-06-01,4737.9206721276705
DBA_2,1988-07-01,-481.9782552700201
DBA_2,1988-08-01,4413.29972534397
DBA_2,1988-09-01,4019.895882172988
DBA_2,1988-10-01,4609.360294013711
DBA_2,1988-11-01,4683.7462444362445
DBA_2,1988-12-01,4797.158264656692
DBA_2,1989-01-01,4486.148927031016
DBA_2,1989-02-01,4429.888341773619
DBA_2,1989-03-01,4679.840211111433
DBA_2,1989-04-01,4645.936527121061
DBA_2,1989-05-01,4720.459531344465
DBA_2,1989-06-01,4635.469043079566
DBA_2,1989-07-01,4552.46583492729
DBA_2,1989-08-01,4694.135428973056
DBA_2,1989-09-01,4671.92375495614
DBA_2,1989-10-01,4826.689658346021
DBA_2,1989-11-01,4879.15897547327
DBA_2,1989-12-01,4917.396985916174
DBA_2,1990-01-01,4734.521479348789
DBA_2,1990-02-01,4653.111521631633
DBA_2,1990-03-01,4899.910915771699
DBA_2,1990-04-01,4728.459968367817
DBA_2,1990-05-01,4854.62097256767
DBA_2,1990-06-01,4717.753047229919
DBA_2,1990-07-01,4600.164350918779
DBA_2,1990-08-01,4620.912982247698
DBA_2,1990-09-01,4600.6332244528285
DBA_2,1990-10-01,4892.285893054007
DBA_2,1990-11-01,4863.494000392011
DBA_2,1990-12-01,5024.331952949854
DBA_2,1991-01-01,4727.429208622041
DBA_2,1991-02-01,4983.96260753995
DBA_2,1991-03-01,17494.959379564974
DBA_2,1991-04-01,4908.861989929316
DBA_2,1991-05-01,3239.225393016669
DBA_2,1991-06-01,4845.883995351728
DBA_3,1979-01-01,6895.747820280004
DBA_3,1979-02-01,5462.039802533274
DBA_3,1979-03-01,5335.510193469502
DBA_3,1979-04-01,7172.508170130326
DBA_3,1979-05-01,5226.790507925798
DBA_3,1979-06-01,6191.842167324383
DBA_3,1979-07-01,5433.374789864105
DBA_3,1979-08-01,4779.484120036348
DBA_3,1979-09-01,4539.500910140311
DBA_3,1979-10-01,4756.024222915101
DBA_3,1979-11-01,4070.932876000746
DBA_3,1979-12-01,4896.591566863568
DBA_3,1980-01-01,6425.325911774638
DBA_3,1980-02-01,5150.756451130316
DBA_3,1980-03-01,5231.260512086372
DBA_3,1980-04-01,4598.449813261036
DBA_3,1980-05-01,4822.280307106378
DBA_3,1980-06-01,4661.906912031623
DBA_3,1980-07-01,4624.986418201462
DBA_3,1980-08-01,4095.9190089043896
DBA_3,1980-09-01,5018.395563265911
DBA_3,1980-10-01,4899.942312227483
DBA_3,1980-11-01,4173.602139884985
DBA_3,1980-12-01,5302.876360836147
DBA_3,1981-01-01,4394.409958362126
DBA_3,1981-02-01,6607.800024274096
DBA_3,1981-03-01,5707.849291729643
DBA_3,1981-04-01,5618.240176496026
DBA_3,1981-05-01,6239.41869895292
DBA_3,1981-06-01,4918.6281652048665
DBA_3,1981-07-01,4467.028886736029
DBA_3,1981-08-01,4705.992199478876
DBA_3,1981-09-01,5455.13414795012
DBA_3,1981-10-01,5960.891609111703
DBA_3,1981-11-01,4867.8323514004705
DBA_3,1981-12-01,4805.913606539473
DBA_3,1982-01-01,5345.077960850511
DBA_3,1982-02-01,4627.285640590384
DBA_3,1982-03-01,5189.794019353983
DBA_3,1982-04-01,5422.470048179466
DBA_3,1982-05-01,5636.316993778153
DBA_3,1982-06-01,6295.903986320934
DBA_3,1982-07-01,3835.8419233081436
DBA_3,1982-08-01,5466.608515419641
DBA_3,1982-09-01,4094.715414074231
DBA_3,1982-10-01,5456.276218750642
DBA_3,1982-11-01,5181.97465140043
DBA_3,1982-12-01,4986.4727585795945
DBA_3,1983-01-01,3300.8554363109074
DBA_3,1983-02-01,5063.296902360702
DBA_3,1983-03-01,4854.305409722581
DBA_3,1983-04-01,6218.169320096052
DBA_3,1983-05-01,6338.20384317378
DBA_3,1983-06-01,6500.215125494716
DBA_3,1983-07-01,5136.946908537558
DBA_3,1983-08-01,3336.640676197834
DBA_3,1983-09-01,4466.33002594279
DBA_3,1983-10-01,6840.516203926191
DBA_3,1983-11-01,7136.473158172476
DBA_3,1983-12-01,5637.739923407002
DBA_3,1984-01-01,8674.90793558074
DBA_3,1984-02-01,5922.8691842052485
DBA_3,1984-03-01,7538.902431324431
DBA_3,1984-04-01,6964.132370791255
DBA_3,1984-05-01,7061.581611823568
DBA_3,1984-06-01,4143.494681049331
DBA_3,1984-07-01,7370.143971496482
DBA_3,1984-08-01,5758.622263313983
DBA_3,1984-09-01,6788.155448664618
DBA_3,1984-10-01,6282.86308775633
DBA_3,1984-11-01,6320.760014824452
DBA_3,1984-12-01,6307.22539801441
DBA_3,1985-01-01,7171.636258282514
DBA_3,1985-02-01,7175.245489431858
DBA_3,1985-03-01,8674.881031984663
DBA_3,1985-04-01,6468.738491947592
DBA_3,1985-05-01,8364.487153141003
DBA_3,1985-06-01,4997.271430224039
DBA_3,1985-07-01,6086.356929538864
DBA_3,1985-08-01,4550.027742862872
DBA_3,1985-09-01,4131.356929538864
DBA_3,1985-10-01,6979.288535185575
DBA_3,1985-11-01,7196.744711933606
DBA_3,1985-12-01,6525.427718155453
DBA_3,1986-01-01,6447.829248444538
DBA_3,1986-02-01,7060.496236045836
DBA_3,1986-03-01,7637.973219941022
DBA_3,1986-04-01,8233.496359582929
DBA_3,1986-05-01,4980.676786235834
DBA_3,1986-06-01,5564.469924642372
DBA_3,1986-07-01,6935.0754536061
DBA_3,1986-08-01,4690.133678713569
DBA_3,1986-09-01,6381.058472181657
DBA_3,1986-10-01,7245.469332449762
DBA_3,1986-11-01,5484.1645315694495
DBA_3,1986-12-01,5731.3968652995745
DBA_3,1987-01-01,5656.505318950669
DBA_3,1987-02-01,8850.674886120909
DBA_3,1987-03-01,8008.821720536209
DBA_3,1987-04-01,3449.5575711463116
DBA_3,1987-05-01,6383.650845443653
DBA_3,1987-06-01,5871.140022236677
DBA_3,1987-07-01,6348.460841737539
DBA_3,1987-08-01,4588.264889935364
DBA_3,1987-09-01,5916.967715684713
DBA_3,1987-10-01,5759.96616068821
DBA_3,1987-11-01,6318.494681049331
DBA_3,1987-12-01,7676.467900990354
DBA_3,1988-01-01,8063.5579417575955
DBA_3,1988-02-01,6835.51704319299
DBA_3,1988-03-01,8408.239516520034
DBA_3,1988-04-01,6745.286264459368
DBA_3,1988-05-01,6623.474713168976
DBA_3,1988-06-01,6407.82315199562
DBA_4,1978-01-01,4287.137947801953
DBA_4,1978-02-01,3183.445098998521
DBA_4,1978-03-01,5013.473601000598
DBA_4,1978-04-01,4847.818669847038
DBA_4,1978-05-01,5161.092107303401
DBA_4,1978-06-01,5094.725068289449
DBA_4,1978-07-01,4780.400965307799
DBA_4,1978-08-01,4583.926512079157
DBA_4,1978-09-01,4919.088814645663
DBA_4,1978-10-01,5257.421850480005
DBA_4,1978-11-01,5065.500281194274
DBA_4,1978-12-01,4883.384923477887
DBA_4,1979-01-01,5506.176009235706
DBA_4,1979-02-01,5282.384252349608
DBA_4,1979-03-01,5168.2119319351
DBA_4,1979-04-01,5520.184882906197
DBA_4,1979-05-01,6051.609192454231
DBA_4,1979-06-01,5061.114329219205
DBA_4,1979-07-01,4988.618407974413
DBA_4,1979-08-01,4628.590354642785
DBA_4,1979-09-01,4869.874585648291
DBA_4,1979-10-01,5642.2704294535315
DBA_4,1979-11-01,5512.533916882138
DBA_4,1979-12-01,5034.473313850643
DBA_4,1980-01-01,5236.376205626601
DBA_4,1980-02-01,5463.845291851205
DBA_4,1980-03-01,5226.044661294614
DBA_4,1980-04-01,5113.798561009802
DBA_4,1980-05-01,5351.599191566393
DBA_4,1980-06-01,5119.860161838942
DBA_4,1980-07-01,4619.407100260068
DBA_4,1980-08-01,4491.05079525419
DBA_4,1980-09-01,4885.575699999403
DBA_4,1980-10-01,4992.3933617368975
DBA_4,1980-11-01,4714.142108456764
DBA_4,1980-12-01,4827.263763345982
DBA_4,1981-01-01,4584.910248846482
DBA_4,1981-02-01,4418.554874009396
DBA_4,1981-03-01,5221.263335328553
DBA_4,1981-04-01,6445.666215652969
DBA_4,1981-05-01,8199.626245134734
DBA_4,1981-06-01,6021.59044961246
DBA_4,1981-07-01,5394.724936026531
DBA_4,1981-08-01,4257.206858765685
DBA_4,1981-09-01,5298.924470072045
DBA_4,1981-10-01,4786.269956396958
DBA_4,1981-11-01,4335.114331000795
DBA_4,1981-12-01,4408.07970246561
DBA_4,1982-01-01,2500.554363262768
DBA_4,1982-02-01,3501.8069632641686
DBA_4,1982-03-01,5184.8284775538805
DBA_4,1982-04-01,5433.539275023847
DBA_4,1982-05-01,5144.084274698202
DBA_4,1982-06-01,4668.132791743257
DBA_4,1982-07-01,4304.230722236485
DBA_4,1982-08-01,4034.981573569532
DBA_4,1982-09-01,4408.047301939524
DBA_4,1982-10-01,4587.360884921813
DBA_4,1982-11-01,4735.5511898442965
DBA_4,1982-12-01,4395.92853826134
DBA_4,1983-01-01,4668.453254484936
DBA_4,1983-02-01,5486.536665765453
DBA_4,1983-03-01,6355.606912405944
DBA_4,1983-04-01,6189.394876592819
DBA_4,1983-05-01,6357.851582480477
DBA_4,1983-06-01,5726.748241300499
DBA_4,1983-07-01,4566.292334833893
DBA_4,1983-08-01,5059.762670021626
DBA_4,1983-09-01,5577.076475847707
DBA_4,1983-10-01,6153.339049952372
DBA_4,1983-11-01,5956.864596723731
DBA_4,1983-12-01,5712.759973015419
DBA_4,1984-01-01,5836.038061315741
DBA_4,1984-02-01,6208.507889193728
DBA_4,1984-03-01,7179.921051135189
DBA_4,1984-04-01,6882.489707451351
DBA_4,1984-05-01,6742.7511325942605
DBA_4,1984-06-01,6471.674259689871
DBA_4,1984-07-01,5551.756893019737
DBA_4,1984-08-01,4890.576161996359
DBA_4,1984-09-01,5698.438913823976
DBA_4,1984-10-01,5642.403419142012
DBA_4,1984-11-01,5777.939271904016
DBA_4,1984-12-01,5630.846098363855
DBA_4,1985-01-01,5792.998811099793
DBA_4,1985-02-01,5884.056489957988
DBA_4,1985-03-01,6554.055571051451
DBA_4,1985-04-01,6542.498250273296
DBA_4,1985-05-01,6372.290435176827
DBA_4,1985-06-01,6102.96983886163
DBA_4,1985-07-01,5336.613938003448
DBA_4,1985-08-01,4715.793098724523
DBA_4,1985-09-01,5755.9443279817715
DBA_4,1985-10-01,5931.405470704676
DBA_4,1985-11-01,5747.539003779475
DBA_4,1985-12-01,5366.147418100347
DBA_4,1986-01-01,6140.971907624741
DBA_4,1986-02-01,6146.5754570929375
DBA_4,1986-03-01,6779.575995892433
DBA_4,1986-04-01,7193.270890955583
DBA_4,1986-05-01,6300.038891707461
DBA_4,1986-06-01,7005.446262305373
DBA_4,1986-07-01,5092.19835339537
DBA_4,1986-08-01,3232.6258917265404
DBA_4,1986-09-01,5810.277099810561
DBA_4,1986-10-01,5781.5589087860535
DBA_4,1986-11-01,5832.341075841586
DBA_4,1986-12-01,5506.216616068752
DBA_4,1987-01-01,4746.642321917835
DBA_4,1987-02-01,5777.565884212868
DBA_4,1987-03-01,5910.621334140113
DBA_4,1987-04-01,6054.264621551184
DBA_4,1987-05-01,6252.010618050492
DBA_4,1987-06-01,6753.06388471052
DBA_5,1978-01-01,3283.26515735483
DBA_5,1978-02-01,2818.7089761572224
DBA_5,1978-03-01,947.0917413072457
DBA_5,1978-04-01,3135.82112464198
DBA_5,1978-05-01,3314.3182095135694
DBA_5,1978-06-01,3136.0039151762444
DBA_5,1978-07-01,3160.986973152076
DBA_5,1978-08-01,3408.8661936329754
DBA_5,1978-09-01,3021.034819167439
DBA_5,1978-10-01,3344.3116865697916
DBA_5,1978-11-01,3037.929944062881
DBA_5,1978-12-01,2902.0124467696924
DBA_5,1979-01-01,3293.3741458402474
DBA_5,1979-02-01,2830.9211160208747
DBA_5,1979-03-01,2231.5553208181054
DBA_5,1979-04-01,3556.3103185686873
DBA_5,1979-05-01,4060.516619360053
DBA_5,1979-06-01,3737.1601171965053
DBA_5,1979-07-01,3590.399480045048
DBA_5,1979-08-01,4151.474845618196
DBA_5,1979-09-01,3653.2768264324745
DBA_5,1979-10-01,4137.816874012357
DBA_5,1979-11-01,3605.5515720652375
DBA_5,1979-12-01,3352.508092993528
DBA_5,1980-01-01,3399.4109770316227
DBA_5,1980-02-01,3339.3954587463195
DBA_5,1980-03-01,3721.93134630433
DBA_5,1980-04-01,3480.104110860604
DBA_5,1980-05-01,3446.5660271129336
DBA_5,1980-06-01,3977.627714124911
DBA_5,1980-07-01,3878.7786251844104
DBA_5,1980-08-01,3566.0927315971107
DBA_5,1980-09-01,3566.0927315971107
DBA_5,1980-10-01,3530.5373195037164
DBA_5,1980-11-01,3484.895265681699
DBA_5,1980-12-01,3462.4524878355137
DBA_5,1981-01-01,3658.6376694572227
DBA_5,1981-02-01,3086.837929033587
DBA_5,1981-03-01,3441.03899772801
DBA_5,1981-04-01,3274.4833261841304
DBA_5,1981-05-01,3330.464187777986
DBA_5,1981-06-01,3293.7740284901206
DBA_5,1981-07-01,3219.2589627199222
DBA_5,1981-08-01,2686.692430164189
DBA_5,1981-09-01,2890.9770988271925
DBA_5,1981-10-01,2987.0523612923234
DBA_5,1981-11-01,2996.8868369777306
DBA_5,1981-12-01,2772.5851415374855
DBA_5,1982-01-01,2759.7246733334914
DBA_5,1982-02-01,2893.093484192511
DBA_5,1982-03-01,3185.5630741511013
DBA_5,1982-04-01,3287.922191011647
DBA_5,1982-05-01,3330.286086271861
DBA_5,1982-06-01,3411.862718664831
DBA_5,1982-07-01,3486.3777844350307
DBA_5,1982-08-01,3495.077512925967
DBA_5,1982-09-01,3576.022812798163
DBA_5,1982-10-01,3458.3873536381025
DBA_5,1982-11-01,3580.5618015760438
DBA_5,1982-12-01,3444.770387304462
DBA_5,1983-01-01,3532.145921278656
DBA_5,1983-02-01,3527.606932500775
DBA_5,1983-03-01,3628.9776818734317
DBA_5,1983-04-01,3439.6051564163026
DBA_5,1983-05-01,3710.8761304259733
DBA_5,1983-06-01,3606.1011394699067
DBA_5,1983-07-01,3590.5929278121484
DBA_5,1983-08-01,3665.864491711994
DBA_5,1983-09-01,3731.3015799264335
DBA_5,1983-10-01,3770.261233603238
DBA_5,1983-11-01,3792.5779284278165
DBA_5,1983-12-01,3566.384987663455
DBA_5,1984-01-01,3449.884275697864
DBA_5,1984-02-01,3520.995099884654
DBA_5,1984-03-01,3625.3918417758973
DBA_5,1984-04-01,3582.271448386036
DBA_5,1984-05-01,3590.214678747326
DBA_5,1984-06-01,3659.812506674822
DBA_5,1984-07-01,3735.8405687043137
DBA_5,1984-08-01,3714.6586210742066
DBA_5,1984-09-01,3809.9773854096898
DBA_5,1984-10-01,3728.275587407847
DBA_5,1984-11-01,3617.8268604794303
DBA_5,1984-12-01,3534.612066218294
DBA_5,1985-01-01,3431.350071521521
DBA_5,1985-02-01,3588.701682488033
DBA_5,1985-03-01,3604.5881432106125
DBA_5,1985-04-01,2723.0243208943025
DBA_5,1985-05-01,3990.0735355778706
DBA_5,1985-06-01,3972.2958295311737
DBA_5,1985-07-01,3964.7308482347066
DBA_5,1985-08-01,4017.242460435586
DBA_5,1985-09-01,3995.62002328779
DBA_5,1985-10-01,5294.749180191176
DBA_5,1985-11-01,4004.6941610516087
DBA_5,1985-12-01,3461.4624607041033
DBA_5,1986-01-01,3614.653331957558
DBA_5,1986-02-01,3784.108912998416
DBA_5,1986-03-01,4038.2922845597054
DBA_5,1986-04-01,3985.337415484436
DBA_5,1986-05-01,4045.1029146816613
DBA_5,1986-06-01,4090.1623014312913
DBA_5,1986-07-01,4766.94808299954
DBA_5,1986-08-01,3979.8457974216203
DBA_5,1986-09-01,4200.928064498765
DBA_5,1986-10-01,3746.7214983572653
DBA_5,1986-11-01,3167.7750653814896
DBA_5,1986-12-01,3577.4410044004
DBA_5,1987-01-01,3795.032281246185
DBA_5,1987-02-01,3814.681348556244
DBA_5,1987-03-01,3792.7429027964895
DBA_5,1987-04-01,3749.244260341805
DBA_5,1987-05-01,3908.8985598381405
DBA_5,1987-06-01,4032.662940948498
DBA_6,1990-01-01,12050.0
DBA_6,1990-02-01,4500.0
DBA_6,1990-03-01,5480.0
DBA_6,1990-04-01,8650.0
DBA_6,1990-05-01,6430.0
DBA_6,1990-06-01,5390.0
DBA_6,1990-07-01,10520.0
DBA_6,1990-08-01,7010.0
DBA_6,1990-09-01,3850.0
DBA_6,1990-10-01,7530.0
DBA_6,1990-11-01,5320.0
DBA_6,1990-12-01,5350.0
DBA_6,1991-01-01,7180.0
DBA_6,1991-02-01,5380.0
DBA_6,1991-03-01,8260.0
DBA_6,1991-04-01,8250.0
DBA_6,1991-05-01,6060.0
DBA_6,1991-06-01,6950.0
DBA_6,1991-07-01,5530.0
DBA_6,1991-08-01,6910.0
DBA_6,1991-09-01,4420.0
DBA_6,1991-10-01,4240.0
DBA_6,1991-11-01,7190.0
DBA_6,1991-12-01,7210.0
DBA_6,1992-01-01,5900.0
DBA_6,1992-02-01,4300.0
DBA_6,1992-03-01,3320.0
DBA_6,1992-04-01,3940.0
DBA_6,1992-05-01,6160.0
DBA_6,1992-06-01,6630.0
DBA_6,1992-07-01,6210.0
DBA_6,1992-08-01,7040.0
DBA_6,1992-09-01,5020.0
DBA_6,1992-10-01,7120.0
DBA_6,1992-11-01,7270.0
DBA_6,1992-12-01,5050.0
DBA_6,1993-01-01,7680.0
DBA_6,1993-02-01,2910.0
DBA_6,1993-03-01,4670.0
DBA_7,1990-01-01,7778.0
DBA_7,1990-02-01,4960.0
DBA_7,1990-03-01,6152.0
DBA_7,1990-04-01,6210.0
DBA_7,1990-05-01,6516.0
DBA_7,1990-06-01,5904.0
DBA_7,1990-07-01,5554.0
DBA_7,1990-08-01,6298.0
DBA_7,1990-09-01,5466.0
DBA_7,1990-10-01,6482.0
DBA_7,1990-11-01,6134.0
DBA_7,1990-12-01,5446.0
DBA_7,1991-01-01,7620.0
DBA_7,1991-02-01,5628.0
DBA_7,1991-03-01,5042.0
DBA_7,1991-04-01,6062.0
DBA_7,1991-05-01,6150.0
DBA_7,1991-06-01,5750.0
DBA_7,1991-07-01,5896.0
DBA_7,1991-08-01,5752.0
DBA_7,1991-09-01,5118.0
DBA_7,1991-10-01,6196.0
DBA_7,1991-11-01,6134.0
DBA_7,1991-12-01,6694.0
DBA_7,1992-01-01,6688.0
DBA_7,1992-02-01,5578.0
DBA_7,1992-03-01,6518.0
DBA_7,1992-04-01,5658.0
DBA_7,1992-05-01,5614.0
DBA_7,1992-06-01,6504.0
DBA_7,1992-07-01,5504.0
DBA_7,1992-08-01,5838.0
DBA_7,1992-09-01,5970.0
DBA_7,1992-10-01,6152.0
DBA_7,1992-11-01,6030.0
DBA_7,1992-12-01,6730.0
DBA_7,1993-01-01,6366.0
DBA_7,1993-02-01,5864.0
DBA_7,1993-03-01,7614.0
DBA_8,1977-01-01,2992.0
DBA_8,1977-02-01,3256.0
DBA_8,1977-03-01,4290.0
DBA_8,1977-04-01,4190.0
DBA_8,1977-05-01,4080.0
DBA_8,1977-06-01,4162.0
DBA_8,1977-07-01,3688.0
DBA_8,1977-08-01,3846.0
DBA_8,1977-09-01,3838.0
DBA_8,1977-10-01,4008.0
DBA_8,1977-11-01,4254.0
DBA_8,1977-12-01,3944.0
DBA_8,1978-01-01,3750.0
DBA_8,1978-02-01,3596.0
DBA_8,1978-03-01,4238.0
DBA_8,1978-04-01,4308.0
DBA_8,1978-05-01,4350.0
DBA_8,1978-06-01,4386.0
DBA_8,1978-07-01,4086.0
DBA_8,1978-08-01,3878.0
DBA_8,1978-09-01,4294.0
DBA_8,1978-10-01,4334.0
DBA_8,1978-11-01,3944.0
DBA_8,1978-12-01,4368.0
DBA_8,1979-01-01,4578.0
DBA_8,1979-02-01,4242.0
DBA_8,1979-03-01,5222.0
DBA_8,1979-04-01,4888.0
DBA_8,1979-05-01,4878.0
DBA_8,1979-06-01,4830.0
DBA_8,1979-07-01,4614.0
DBA_8,1979-08-01,4800.0
DBA_8,1979-09-01,4780.0
DBA_8,1979-10-01,4690.0
DBA_8,1979-11-01,4360.0
DBA_8,1979-12-01,4710.0
DBA_8,1980-01-01,4576.0
DBA_8,1980-02-01,4634.0
DBA_8,1980-03-01,3832.0
DBA_8,1980-04-01,4360.0
DBA_8,1980-05-01,3616.0
DBA_8,1980-06-01,3224.0
DBA_8,1980-07-01,3934.0
DBA_8,1980-08-01,3610.0
DBA_8,1980-09-01,4122.0
DBA_8,1980-10-01,4498.0
DBA_8,1980-11-01,4212.0
DBA_8,1980-12-01,4520.0
DBA_8,1981-01-01,4078.0
DBA_8,1981-02-01,4068.0
DBA_8,1981-03-01,5298.0
DBA_8,1981-04-01,4544.0
DBA_8,1981-05-01,4448.0
DBA_8,1981-06-01,4526.0
DBA_8,1981-07-01,4248.0
DBA_8,1981-08-01,4142.0
DBA_8,1981-09-01,4502.0
DBA_8,1981-10-01,4460.0
DBA_8,1981-11-01,3930.0
DBA_8,1981-12-01,3670.0
DBA_8,1982-01-01,3192.0
DBA_8,1982-02-01,3606.0
DBA_8,1982-03-01,3926.0
DBA_8,1982-04-01,3760.0
DBA_8,1982-05-01,3950.0
DBA_8,1982-06-01,3830.0
DBA_9,1982-01-01,5696.44373712782
DBA_9,1982-02-01,5954.715039322838
DBA_9,1982-03-01,6911.784959150122
DBA_9,1982-04-01,6135.400446354395
DBA_9,1982-05-01,5948.090576995178
DBA_9,1982-06-01,6004.450546870406
DBA_9,1982-07-01,7.535672359423849
DBA_9,1982-08-01,6131.095460483708
DBA_9,1982-09-01,5866.1294617419235
DBA_9,1982-10-01,6771.325992824291
DBA_9,1982-11-01,6467.199073317129
DBA_9,1982-12-01,6174.252562061066
DBA_9,1983-01-01,6359.281005698219
DBA_9,1983-02-01,6036.073684940905
DBA_9,1983-03-01,6452.615550665926
DBA_9,1983-04-01,6490.897297625336
DBA_9,1983-05-01,6289.280096972439
DBA_9,1983-06-01,6181.7266174198085
DBA_9,1983-07-01,5841.930539646751
DBA_9,1983-08-01,6227.1178316716805
DBA_9,1983-09-01,6298.577092662582
DBA_9,1983-10-01,7197.768427612221
DBA_9,1983-11-01,6796.768962683229
DBA_9,1983-12-01,6653.485852635146
DBA_9,1984-01-01,6447.675889220028
DBA_9,1984-02-01,6579.656769213426
DBA_9,1984-03-01,6887.004509087554
DBA_9,1984-04-01,6495.983808002141
DBA_9,1984-05-01,6656.767145231668
DBA_9,1984-06-01,6574.552536285504
DBA_9,1984-07-01,6351.424639722081
DBA_9,1984-08-01,6355.799696517441
DBA_9,1984-09-01,6751.257461330035
DBA_9,1984-10-01,7727.119523203072
DBA_9,1984-11-01,6640.709740119469
DBA_9,1984-12-01,6475.7926482835865
DBA_9,1985-01-01,6611.419408939784
DBA_9,1985-02-01,6447.901661213156
DBA_9,1985-03-01,6871.188406164358
DBA_9,1985-04-01,6514.499747986991
DBA_9,1985-05-01,6524.661007318142
DBA_9,1985-06-01,5916.273364699934
DBA_9,1985-07-01,5699.2219359078435
DBA_9,1985-08-01,6198.221469289881
DBA_9,1985-09-01,6461.69711185497
DBA_9,1985-10-01,6955.3493535982325
DBA_9,1985-11-01,6407.49501933466
DBA_9,1985-12-01,5915.058071145666
DBA_9,1986-01-01,6070.615646091845
DBA_9,1986-02-01,5900.474548494463
DBA_9,1986-03-01,6131.623382516048
DBA_9,1986-04-01,6242.215095954346
DBA_9,1986-05-01,6133.567852202876
DBA_9,1986-06-01,6192.388060229399
DBA_9,1986-07-01,5778.702134356909
DBA_9,1986-08-01,6149.1236096974935
DBA_9,1986-09-01,6422.742068114319
DBA_9,1986-10-01,7044.323552641062
DBA_9,1986-11-01,6346.684452488007
DBA_9,1986-12-01,6106.056328743138
DBA_9,1987-01-01,6637.868788090383
DBA_9,1987-02-01,5946.852873134157
DBA_9,1987-03-01,6389.219726887351
DBA_9,1987-04-01,6156.612540600645
DBA_9,1987-05-01,6147.133250877361
DBA_9,1987-06-01,7208.61682031866
DBA_9,1987-07-01,5934.719943340656
DBA_9,1987-08-01,6416.991182848789
DBA_9,1987-09-01,6235.96835423901
DBA_9,1987-10-01,13606.454666575923
DBA_9,1987-11-01,6602.626141087329
DBA_9,1987-12-01,6699.194891608323
DBA_9,1988-01-01,6263.213688086574
DBA_9,1988-02-01,6581.863658015384
DBA_9,1988-03-01,6644.815864126417
DBA_9,1988-04-01,6782.87321189115
DBA_9,1988-05-01,6758.810399516663
DBA_9,1988-06-01,6617.593288510836
DBA_9,1988-07-01,6158.212324997902
DBA_9,1988-08-01,6541.758970724573
DBA_9,1988-09-01,6546.377086230789
DBA_9,1988-10-01,6840.721185074259
DBA_9,1988-11-01,6849.957416086688
DBA_9,1988-12-01,6398.840448742772
DBA_9,1989-01-01,6629.989282764359
DBA_9,1989-02-01,6379.395751874501
DBA_9,1989-03-01,7207.056947942566
DBA_9,1989-04-01,6586.769781180027
DBA_9,1989-05-01,6781.94592599531
DBA_9,1989-06-01,6874.551294830456
DBA_9,1989-07-01,6014.609575831114
DBA_9,1989-08-01,6650.45116342362
DBA_9,1989-09-01,6934.249324651009
DBA_9,1989-10-01,6987.236123617052
DBA_9,1989-11-01,6712.479658607314
DBA_9,1989-12-01,6136.187455173895
DBA_9,1990-01-01,6585.359952830983
DBA_9,1990-02-01,6293.446441096048
DBA_9,1990-03-01,6877.516523276774
DBA_9,1990-04-01,6437.337197921262
DBA_9,1990-05-01,6530.914801599823
DBA_9,1990-06-01,6484.247529115969
DBA_9,1990-07-01,6018.790097831701
DBA_9,1990-08-01,6468.448712910497
DBA_9,1990-09-01,6346.43324006209
DBA_9,1990-10-01,8135.446861546577
DBA_9,1990-11-01,6863.708866130877
DBA_9,1990-12-01,1287.961898712451
DBA_9,1991-01-01,6443.094901355486
DBA_9,1991-02-01,7174.304745373176
DBA_9,1991-03-01,6424.017199967723
DBA_9,1991-04-01,5810.869908008711
DBA_9,1991-05-01,6202.94902865022
DBA_9,1991-06-01,4000.0965825025164
DBA_10,1982-01-01,2946.5085625693405
DBA_10,1982-02-01,1792.5680698929623
DBA_10,1982-03-01,4044.706819566948
DBA_10,1982-04-01,2772.9318913605116
DBA_10,1982-05-01,2993.45631820908
DBA_10,1982-06-01,2724.4871660116255
DBA_10,1982-07-01,2609.9355758637407
DBA_10,1982-08-01,3595.785180849486
DBA_10,1982-09-01,4506.731186948552
DBA_10,1982-10-01,4028.434237400738
DBA_10,1982-11-01,3316.2932876825876
DBA_10,1982-12-01,3044.02274729621
DBA_10,1983-01-01,3465.8975656382504
DBA_10,1983-02-01,3077.498708587641
DBA_10,1983-03-01,3165.304773282494
DBA_10,1983-04-01,3307.6111539948456
DBA_10,1983-05-01,3862.7069652841524
DBA_10,1983-06-01,3513.333025875699
DBA_10,1983-07-01,1781.137588626287
DBA_10,1983-08-01,3540.276503822154
DBA_10,1983-09-01,4620.647733942553
DBA_10,1983-10-01,3782.405444045789
DBA_10,1983-11-01,3536.351941240412
DBA_10,1983-12-01,3933.12236735343
DBA_10,1984-01-01,3914.7873844956925
DBA_10,1984-02-01,3165.030502986836
DBA_10,1984-03-01,3182.3562207331393
DBA_10,1984-04-01,3218.857975596708
DBA_10,1984-05-01,3204.728264036617
DBA_10,1984-06-01,2896.3977724931924
DBA_10,1984-07-01,3185.3840160674436
DBA_10,1984-08-01,3124.323476825619
DBA_10,1984-09-01,3763.2868261270055
DBA_10,1984-10-01,3793.3227271258406
DBA_10,1984-11-01,3310.9534464301178
DBA_10,1984-12-01,3348.5587999045524
DBA_10,1985-01-01,2763.2091413999683
DBA_10,1985-02-01,3292.620254672602
DBA_10,1985-03-01,2755.653993156348
DBA_10,1985-04-01,2815.5589332166305
DBA_10,1985-05-01,2527.4013351344765
DBA_10,1985-06-01,1520.2667389500555
DBA_10,1985-07-01,2536.7164565007274
DBA_10,1985-08-01,3592.031443839401
DBA_10,1985-09-01,4572.457829910764
DBA_10,1985-10-01,4250.484541266506
DBA_10,1985-11-01,3226.018831638069
DBA_10,1985-12-01,3010.7077502380175
DBA_10,1986-01-01,3075.524998505738
DBA_10,1986-02-01,2651.5219949922093
DBA_10,1986-03-01,2749.7571325052263
DBA_10,1986-04-01,2736.524545488633
DBA_10,1986-05-01,2622.141166192654
DBA_10,1986-06-01,2598.367365789961
DBA_10,1986-07-01,993.3929807779062
DBA_10,1986-08-01,3069.326658795513
DBA_10,1986-09-01,4682.050259216598
DBA_10,1986-10-01,3929.2159219147256
DBA_10,1986-11-01,3027.716675672685
DBA_10,1986-12-01,3042.731006288046
DBA_10,1987-01-01,2755.5334984829065
DBA_10,1987-02-01,1475.6310149477551
DBA_10,1987-03-01,2759.0975837555484
DBA_10,1987-04-01,2946.3793480707564
DBA_10,1987-05-01,3055.093346113047
DBA_10,1987-06-01,3020.3297700525045
DBA_10,1987-07-01,2880.344822221925
DBA_10,1987-08-01,3505.995614069176
DBA_10,1987-09-01,5657.361280339819
DBA_10,1987-10-01,4069.3277727337772
DBA_10,1987-11-01,3122.5602720988613
DBA_10,1987-12-01,3353.9347885189104
DBA_10,1988-01-01,2361.963185909131
DBA_10,1988-02-01,2784.550947740849
DBA_10,1988-03-01,2936.8267629269326
DBA_10,1988-04-01,2712.5846797872
DBA_10,1988-05-01,2814.2727949455452
DBA_10,1988-06-01,2886.6102702757776
DBA_10,1988-07-01,2728.293966657777
DBA_10,1988-08-01,3524.093839125679
DBA_10,1988-09-01,5066.120044558281
DBA_10,1988-10-01,3744.364305587175
DBA_10,1988-11-01,3500.8399963619245
DBA_10,1988-12-01,3030.215556679127
DBA_10,1989-01-01,3095.3556068069697
DBA_10,1989-02-01,3045.501497846567
DBA_10,1989-03-01,2949.000515707155
DBA_10,1989-04-01,2561.9937635283663
DBA_10,1989-05-01,2878.6052847469723
DBA_10,1989-06-01,1806.0669634491842
DBA_10,1989-07-01,2482.053502695226
DBA_10,1989-08-01,2851.659469168329
DBA_10,1989-09-01,4370.567146087058
DBA_10,1989-10-01,4036.8876753773493
DBA_10,1989-11-01,3274.933067635197
DBA_10,1989-12-01,3143.2800408768853
DBA_10,1990-01-01,3367.5611767513524
DBA_10,1990-02-01,3512.4467905262586
DBA_10,1990-03-01,3558.4244233805243
DBA_10,1990-04-01,3437.312610008312
DBA_10,1990-05-01,3385.279386485435
DBA_10,1990-06-01,3400.9238186743705
DBA_10,1990-07-01,1929.445149476218
DBA_10,1990-08-01,3409.2529662002003
DBA_10,1990-09-01,6024.195064124282
DBA_10,1990-10-01,4330.518363696454
DBA_10,1990-11-01,3433.340880084048
DBA_10,1990-12-01,3452.8533389051263
DBA_10,1991-01-01,3701.805399725785
DBA_10,1991-02-01,5093.20063536292
DBA_10,1991-03-01,4718.788712204444
DBA_10,1991-04-01,4719.242032242559
DBA_10,1991-05-01,4607.528143369184
DBA_10,1991-06-01,3535.7535787248617
DBA_11,1982-01-01,4990.462279357047
DBA_11,1982-02-01,4517.981575965624
DBA_11,1982-03-01,5241.001745148403
DBA_11,1982-04-01,4278.890361693327
DBA_11,1982-05-01,4169.892106841729
DBA_11,1982-06-01,4193.328075671205
DBA_11,1982-07-01,3237.769539511248
DBA_11,1982-08-01,3650.0064691291777
DBA_11,1982-09-01,3988.444329238973
DBA_11,1982-10-01,4729.975478366228
DBA_11,1982-11-01,3677.1184306994537
DBA_11,1982-12-01,4489.507013918993
DBA_11,1983-01-01,4538.828948245404
DBA_11,1983-02-01,4515.796479062422
DBA_11,1983-03-01,3874.98775721586
DBA_11,1983-04-01,4001.1722475606994
DBA_11,1983-05-01,3719.650112403329
DBA_11,1983-06-01,4136.438140859292
DBA_11,1983-07-01,4697.891894388781
DBA_11,1983-08-01,4808.340987513976
DBA_11,1983-09-01,3813.725610905302
DBA_11,1983-10-01,6170.162232946228
DBA_11,1983-11-01,4349.669449642138
DBA_11,1983-12-01,5451.377996686396
DBA_11,1984-01-01,6015.136946557328
DBA_11,1984-02-01,5059.399120760722
DBA_11,1984-03-01,5559.121920996257
DBA_11,1984-04-01,4558.133596370982
DBA_11,1984-05-01,3851.7288655902003
DBA_11,1984-06-01,3410.28428529055
DBA_11,1984-07-01,3890.0332039985096
DBA_11,1984-08-01,4545.7565579612365
DBA_11,1984-09-01,5235.681199825904
DBA_11,1984-10-01,6281.186824740983
DBA_11,1984-11-01,4027.534230346151
DBA_11,1984-12-01,4925.034727120301
DBA_11,1985-01-01,5023.425391403936
DBA_11,1985-02-01,4506.773401189059
DBA_11,1985-03-01,4416.395109000647
DBA_11,1985-04-01,4623.923034408306
DBA_11,1985-05-01,4703.357645268568
DBA_11,1985-06-01,4261.226829473817
DBA_11,1985-07-01,3796.53831899566
DBA_11,1985-08-01,5519.946192807852
DBA_11,1985-09-01,5416.180797264186
DBA_11,1985-10-01,5357.530791087333
DBA_11,1985-11-01,4847.726891242363
DBA_11,1985-12-01,4261.226829473817
DBA_11,1986-01-01,5050.746143393014
DBA_11,1986-02-01,4518.384548864641
DBA_11,1986-03-01,4247.692212663773
DBA_11,1986-04-01,4775.5422682554645
DBA_11,1986-05-01,4554.4768603580915
DBA_11,1986-06-01,4459.734542687786
DBA_11,1986-07-01,3832.63063048911
DBA_11,1986-08-01,4965.026903596072
DBA_11,1986-09-01,5280.834629163754
DBA_11,1986-10-01,5488.365420251086
DBA_11,1986-11-01,4784.565346128828
DBA_11,1986-12-01,4861.261508052408
DBA_11,1987-01-01,4856.749969115726
DBA_11,1987-02-01,4613.126866534945
DBA_11,1987-03-01,5150.0
DBA_11,1987-04-01,5059.769221266378
DBA_11,1987-05-01,5077.815377013102
DBA_11,1987-06-01,5172.557694683404
DBA_11,1987-07-01,4897.353819545856
DBA_11,1987-08-01,5159.023077873363
DBA_11,1987-09-01,5398.134641517461
DBA_11,1987-10-01,5876.357768805663
DBA_11,1987-11-01,5276.323090227071
DBA_11,1987-12-01,5019.165370836246
DBA_11,1988-01-01,5005.630754026205
DBA_11,1988-02-01,5077.815377013102
DBA_11,1988-03-01,5736.500061768546
DBA_11,1988-04-01,4983.073059342798
DBA_11,1988-05-01,5195.1153893668115
DBA_11,1988-06-01,5177.069233620088
DBA_11,1988-07-01,4658.242255901757
DBA_11,1988-08-01,5127.442305316596
DBA_11,1988-09-01,5150.0
DBA_11,1988-10-01,5492.876959187765
DBA_11,1988-11-01,5168.046155746724
DBA_11,1988-12-01,4793.58842400219
DBA_11,1989-01-01,5226.696161923579
DBA_11,1989-02-01,4937.957669975986
DBA_11,1989-03-01,5068.792299139738
DBA_11,1989-04-01,4978.561520406115
DBA_11,1989-05-01,5073.303838076421
DBA_11,1989-06-01,5086.838454886464
DBA_11,1989-07-01,4798.0999629388725
DBA_11,1989-08-01,5136.465383189958
DBA_11,1989-09-01,5280.834629163754
DBA_11,1989-10-01,5646.269283034925
DBA_11,1989-11-01,5294.369245973795
DBA_11,1989-12-01,4892.842280609175
DBA_11,1990-01-01,5199.626928303493
DBA_11,1990-02-01,5316.926940657202
DBA_11,1990-03-01,5551.52696536462
DBA_11,1990-04-01,5064.28076020306
DBA_11,1990-05-01,5294.369245973795
DBA_11,1990-06-01,5159.023077873363
DBA_11,1990-07-01,4910.888436355901
DBA_11,1990-08-01,5574.084660048027
DBA_11,1990-09-01,5222.184622986898
DBA_11,1990-10-01,5420.692336200867
DBA_11,1990-11-01,5208.650006176856
DBA_11,1990-12-01,4892.842280609175
DBA_11,1991-01-01,5073.303838076421
DBA_11,1991-02-01,5253.765395543666
DBA_11,1991-03-01,5068.792299139738
DBA_11,1991-04-01,5073.303838076421
DBA_11,1991-05-01,4942.469208912667
DBA_11,1991-06-01,4427.6493153326055
DBA_12,1982-01-01,5993.649058571116
DBA_12,1982-02-01,5191.77185268448
DBA_12,1982-03-01,5602.457618274152
DBA_12,1982-04-01,5430.438897547813
DBA_12,1982-05-01,5391.582379351643
DBA_12,1982-06-01,4822.3567144978315
DBA_12,1982-07-01,5387.028972684108
DBA_12,1982-08-01,5362.13116742296
DBA_12,1982-09-01,3396.5878083012817
DBA_12,1982-10-01,5301.1223379717985
DBA_12,1982-11-01,5633.654197579805
DBA_12,1982-12-01,5698.235239786993
DBA_12,1983-01-01,5915.375115249368
DBA_12,1983-02-01,5120.82058720362
DBA_12,1983-03-01,5593.579772570873
DBA_12,1983-04-01,5620.721965307448
DBA_12,1983-05-01,5675.531683543247
DBA_12,1983-06-01,5489.213663725711
DBA_12,1983-07-01,5499.545208057698
DBA_12,1983-08-01,5521.18385132608
DBA_12,1983-09-01,5637.762533778434
DBA_12,1983-10-01,5549.2171895754445
DBA_12,1983-11-01,5541.508539819769
DBA_12,1983-12-01,5825.94757074101
DBA_12,1984-01-01,5717.4691456482515
DBA_12,1984-02-01,5522.362316247794
DBA_12,1984-03-01,5952.960070694522
DBA_12,1984-04-01,5495.735130670118
DBA_12,1984-05-01,5663.316281953371
DBA_12,1984-06-01,5605.704788983476
DBA_12,1984-07-01,5454.408953342168
DBA_12,1984-08-01,5642.127860526754
DBA_12,1984-09-01,5460.53783557301
DBA_12,1984-10-01,5756.636073625008
DBA_12,1984-11-01,5662.426398190953
DBA_12,1984-12-01,5590.813196129573
DBA_12,1985-01-01,5602.720738749491
DBA_12,1985-02-01,5091.694488303748
DBA_12,1985-03-01,5918.194588089718
DBA_12,1985-04-01,5823.578427856764
DBA_12,1985-05-01,5791.497365158376
DBA_12,1985-06-01,5659.8128402629545
DBA_12,1985-07-01,5664.387217942883
DBA_12,1985-08-01,5771.307291136286
DBA_12,1985-09-01,5574.044311926226
DBA_12,1985-10-01,5928.988037648206
DBA_12,1985-11-01,5705.77998383171
DBA_12,1985-12-01,5797.77158760127
DBA_12,1986-01-01,5809.912611449029
DBA_12,1986-02-01,5640.6387212639265
DBA_12,1986-03-01,5921.402005093181
DBA_12,1986-04-01,5897.353438625503
DBA_12,1986-05-01,5859.996442170859
DBA_12,1986-06-01,5786.916817856464
DBA_12,1986-07-01,5825.441220450314
DBA_12,1986-08-01,5839.91705657649
DBA_12,1986-09-01,5840.150537804331
DBA_12,1986-10-01,6103.7508440374095
DBA_12,1986-11-01,5832.6791385134
DBA_12,1986-12-01,6008.957465533751
DBA_12,1987-01-01,5934.476953852306
DBA_12,1987-02-01,5653.7488564760815
DBA_12,1987-03-01,6054.966511900725
DBA_12,1987-04-01,6005.00152914264
DBA_12,1987-05-01,5918.8469560691165
DBA_12,1987-06-01,5993.794430206246
DBA_12,1987-07-01,5995.195317573297
DBA_12,1987-08-01,5939.626785347011
DBA_12,1987-09-01,5938.225897979964
DBA_12,1987-10-01,6187.116886859028
DBA_12,1987-11-01,5953.869140245346
DBA_12,1987-12-01,6112.63637517758
DBA_12,1988-01-01,6024.380471053486
DBA_12,1988-02-01,5968.344976371522
DBA_12,1988-03-01,6120.10777446851
DBA_12,1988-04-01,6019.243884040972
DBA_12,1988-05-01,5967.411051460155
DBA_12,1988-06-01,6022.746102458595
DBA_12,1988-07-01,5898.3006080190635
DBA_12,1988-08-01,6099.094463962772
DBA_12,1988-09-01,5991.926580383514
DBA_12,1988-10-01,6136.4514604174165
DBA_12,1988-11-01,6061.97094873597
DBA_12,1988-12-01,6121.975624291242
DBA_12,1989-01-01,6083.451221697389
DBA_12,1989-02-01,5929.120130094144
DBA_12,1989-03-01,7248.894655321678
DBA_12,1989-04-01,6036.5920698532545
DBA_12,1989-05-01,6142.125584837621
DBA_12,1989-06-01,6115.275243635847
DBA_12,1989-07-01,5967.248145184323
DBA_12,1989-08-01,6134.654185546694
DBA_12,1989-09-01,6074.416028763581
DBA_12,1989-10-01,6254.1965742015545
DBA_12,1989-11-01,6130.218042217704
DBA_12,1989-12-01,6183.451762165573
DBA_12,1990-01-01,6163.138895343361
DBA_12,1990-02-01,5946.001353450743
DBA_12,1990-03-01,6289.919202061305
DBA_12,1990-04-01,6010.208691107161
DBA_12,1990-05-01,6138.3898851921585
DBA_12,1990-06-01,6018.6140153094575
DBA_12,1990-07-01,5902.106882616536
DBA_12,1990-08-01,6089.344872911348
DBA_12,1990-09-01,5943.247995906067
DBA_12,1990-10-01,8871.59067174986
DBA_12,1990-11-01,6166.280303823627
DBA_12,1990-12-01,6047.5791073655355
DBA_12,1991-01-01,6203.07760510799
DBA_12,1991-02-01,5859.159756497427
DBA_12,1991-03-01,6270.976133465923
DBA_12,1991-04-01,5018.18576377548
DBA_12,1991-05-01,5151.596153752667
DBA_12,1991-06-01,5376.717217699355
DBA_13,1979-01-01,6621.99732675
DBA_13,1979-02-01,6169.1866766
DBA_13,1979-03-01,7328.295475524999
DBA_13,1979-04-01,7089.893011225
DBA_13,1979-05-01,7380.1508189
DBA_13,1979-06-01,6783.48373635
DBA_13,1979-07-01,6418.794651975
DBA_13,1979-08-01,7160.676446475
DBA_13,1979-09-01,6505.55283915
DBA_13,1979-10-01,7416.371138375
DBA_13,1979-11-01,7861.08342755
DBA_13,1979-12-01,7694.36841755
DBA_13,1980-01-01,8097.4368839
DBA_13,1980-02-01,7705.004143475
DBA_13,1980-03-01,7903.3950053749995
DBA_13,1980-04-01,7889.641017049999
DBA_13,1980-05-01,7397.9851866750005
DBA_13,1980-06-01,7122.9054201750005
DBA_13,1980-07-01,7128.323657999999
DBA_13,1980-08-01,7253.9474112749995
DBA_13,1980-09-01,6815.070147449999
DBA_13,1980-10-01,7861.618787400001
DBA_13,1980-11-01,7220.185380225
DBA_13,1980-12-01,8028.7439222250005
DBA_13,1981-01-01,8175.8223243
DBA_13,1981-02-01,7371.293290200001
DBA_13,1981-03-01,8160.8962329
DBA_13,1981-04-01,7713.0948690000005
DBA_13,1981-05-01,7381.0911123
DBA_13,1981-06-01,7431.93919035
DBA_13,1981-07-01,7385.038121025
DBA_13,1981-08-01,6788.5344729
DBA_13,1981-09-01,7457.671797524999
DBA_13,1981-10-01,7017.96095865
DBA_13,1981-11-01,7130.910377925
DBA_13,1981-12-01,7596.46204335
DBA_13,1982-01-01,7147.99866645
DBA_13,1982-02-01,6900.4268766000005
DBA_13,1982-03-01,7358.05957905
DBA_13,1982-04-01,7596.163934550001
DBA_13,1982-05-01,7712.82340605
DBA_13,1982-06-01,6872.82340605
DBA_13,1982-07-01,6203.5699264
DBA_13,1982-08-01,5994.748847749999
DBA_13,1982-09-01,6097.947611
DBA_13,1982-10-01,5943.4040021499995
DBA_13,1982-11-01,5804.310016900001
DBA_13,1982-12-01,5898.53497465
DBA_13,1983-01-01,5719.05886465
DBA_13,1983-02-01,5472.2792134
DBA_13,1983-03-01,6374.146666149999
DBA_13,1983-04-01,6006.22064065
DBA_13,1983-05-01,5817.77072515
DBA_13,1983-06-01,5229.9864649
DBA_13,1983-07-01,5072.94486865
DBA_13,1983-08-01,5611.37319865
DBA_13,1983-09-01,5795.336211399999
DBA_13,1983-10-01,6154.288431399999
DBA_13,1983-11-01,6253.0002919
DBA_13,1983-12-01,6288.8955139
DBA_13,1984-01-01,6531.1882624
DBA_13,1984-02-01,6598.491803649999
DBA_13,1984-03-01,7535.3793823999995
DBA_13,1984-04-01,7499.484160399999
DBA_13,1984-05-01,7164.3870256499995
DBA_13,1984-06-01,6450.9694884
DBA_13,1984-07-01,6069.5827546499995
DBA_13,1984-08-01,6706.72294515
DBA_13,1984-09-01,6625.958695649999
DBA_13,1984-10-01,7085.598156399999
DBA_13,1984-11-01,7395.19444615
DBA_13,1984-12-01,7734.366722999999
DBA_13,1985-01-01,7819.617875250001
DBA_13,1985-02-01,7233.318943000001
DBA_13,1985-03-01,7896.16393455
DBA_13,1985-04-01,7806.42587955
DBA_13,1985-05-01,7788.47826855
DBA_13,1985-06-01,7541.6986173
DBA_13,1985-07-01,7019.20739745
DBA_13,1985-08-01,6577.5654862500005
DBA_13,1985-09-01,6635.895222
DBA_13,1985-10-01,7026.25576125
DBA_13,1985-11-01,6425.01079275
DBA_13,1985-12-01,6707.685666
DBA_13,1986-01-01,6407.063181750001
DBA_13,1986-02-01,6137.8490167499995
DBA_13,1986-03-01,6487.82743125
DBA_13,1986-04-01,6597.792310649999
DBA_13,1986-05-01,6549.6678138
DBA_13,1986-06-01,5800.4671839
DBA_13,1986-07-01,5266.52575665
DBA_13,1986-08-01,5701.7553234
DBA_13,1986-09-01,5760.08505915
DBA_13,1986-10-01,5997.890904899999
DBA_13,1986-11-01,5724.18983715
DBA_13,1986-12-01,6267.1050699
DBA_13,1987-01-01,6769.6381779
DBA_13,1987-02-01,6222.2360424
DBA_13,1987-03-01,7217.5938393
DBA_13,1987-04-01,7109.908173299999
DBA_13,1987-05-01,7078.499854049999
DBA_13,1987-06-01,6497.95437855
DBA_13,1987-07-01,6305.017560299999
DBA_13,1987-08-01,6026.8295898
DBA_13,1987-09-01,6165.92357505
DBA_13,1987-10-01,6958.832040249999
DBA_13,1987-11-01,6756.921416499999
DBA_13,1987-12-01,7251.3186412000005
DBA_13,1988-01-01,6998.796919650001
DBA_13,1988-02-01,6532.15903365
DBA_13,1988-03-01,7205.19444615
DBA_13,1988-04-01,7336.80123675
DBA_13,1988-05-01,7507.30354125
DBA_13,1988-06-01,6977.8490167499995
DBA_14,1978-01-01,3733.7259511262996
DBA_14,1978-02-01,4392.3077333799465
DBA_14,1978-03-01,3972.1192188242835
DBA_14,1978-04-01,3599.318497074554
DBA_14,1978-05-01,2485.868381928307
DBA_14,1978-06-01,3325.3710105216464
DBA_14,1978-07-01,4029.037515639101
DBA_14,1978-08-01,22996.891508961842
DBA_14,1978-09-01,11644.12215354082
DBA_14,1978-10-01,9684.379793650518
DBA_14,1978-11-01,7311.770853256784
DBA_14,1978-12-01,5479.962933093109
DBA_14,1979-01-01,4648.226452653245
DBA_14,1979-02-01,4561.019119159263
DBA_14,1979-03-01,4676.596589433466
DBA_14,1979-04-01,4303.714313404741
DBA_14,1979-05-01,4484.648344474091
DBA_14,1979-06-01,2870.4531774513443
DBA_14,1979-07-01,4020.5315894386126
DBA_14,1979-08-01,17792.119390132368
DBA_14,1979-09-01,9688.10986220788
DBA_14,1979-10-01,7929.336021313979
DBA_14,1979-11-01,6437.928966443743
DBA_14,1979-12-01,5023.180775933735
DBA_14,1980-01-01,4482.667996060142
DBA_14,1980-02-01,4057.732686460752
DBA_14,1980-03-01,4305.416315394156
DBA_14,1980-04-01,3549.3453175112345
DBA_14,1980-05-01,3425.9631080480967
DBA_14,1980-06-01,3330.3480495305507
DBA_14,1980-07-01,2434.8699754351164
DBA_14,1980-08-01,23844.195176813686
DBA_14,1980-09-01,11519.779759389114
DBA_14,1980-10-01,9396.49647622144
DBA_14,1980-11-01,7517.255400256649
DBA_14,1980-12-01,5507.009598396689
DBA_14,1981-01-01,4782.954368397144
DBA_14,1981-02-01,4638.883412921941
DBA_14,1981-03-01,5203.695831689895
DBA_14,1981-04-01,4667.955950431623
DBA_14,1981-05-01,4081.9276253691023
DBA_14,1981-06-01,4311.2615095675455
DBA_14,1981-07-01,3430.4546512596344
DBA_14,1981-08-01,18251.656337846078
DBA_14,1981-09-01,11188.296521600349
DBA_14,1981-10-01,8729.448543630579
DBA_14,1981-11-01,6010.577148365364
DBA_14,1981-12-01,4895.935717609636
DBA_14,1982-01-01,4336.16692287414
DBA_14,1982-02-01,4727.798158861966
DBA_14,1982-03-01,4561.431976330129
DBA_14,1982-04-01,4635.28684327429
DBA_14,1982-05-01,4242.730494130586
DBA_14,1982-06-01,3662.5988867703145
DBA_14,1982-07-01,2986.280618383466
DBA_14,1982-08-01,12745.611009231237
DBA_14,1982-09-01,8155.670839885052
DBA_14,1982-10-01,6527.4816152995
DBA_14,1982-11-01,5193.160073473257
DBA_14,1982-12-01,4158.112637573146
DBA_14,1983-01-01,4654.964213596571
DBA_14,1983-02-01,5484.824052991029
DBA_14,1983-03-01,4968.919283063757
DBA_14,1983-04-01,5434.285463919985
DBA_14,1983-05-01,5028.040866414325
DBA_14,1983-06-01,5226.69417187986
DBA_14,1983-07-01,4146.037125728763
DBA_14,1983-08-01,21603.40802474759
DBA_14,1983-09-01,13352.23010050185
DBA_14,1983-10-01,11437.862609940876
DBA_14,1983-11-01,6946.492220658619
DBA_14,1983-12-01,5560.729541711196
DBA_14,1984-01-01,4436.926901336523
DBA_14,1984-02-01,3946.116662234743
DBA_14,1984-03-01,4479.43401050512
DBA_14,1984-04-01,4435.028579023038
DBA_14,1984-05-01,4576.570891872181
DBA_14,1984-06-01,4135.326453428225
DBA_14,1984-07-01,3177.0613278050087
DBA_14,1984-08-01,4530.18474572844
DBA_14,1984-09-01,16901.17608168073
DBA_14,1984-10-01,9562.816705646837
DBA_14,1984-11-01,6571.7758000218
DBA_14,1984-12-01,4634.015658762182
DBA_14,1985-01-01,3940.368587338603
DBA_14,1985-02-01,4437.8870663259895
DBA_14,1985-03-01,4980.495372782417
DBA_14,1985-04-01,4214.524124533256
DBA_14,1985-05-01,3702.921548703318
DBA_14,1985-06-01,3100.501917550267
DBA_14,1985-07-01,2102.7665673711185
DBA_14,1985-08-01,3403.6748713781303
DBA_14,1985-09-01,12304.02862938566
DBA_14,1985-10-01,6638.543186528075
DBA_14,1985-11-01,5999.599169800513
DBA_14,1985-12-01,5629.24553639785
DBA_14,1986-01-01,4362.130743345826
DBA_14,1986-02-01,4748.215095872537
DBA_14,1986-03-01,4102.723595712906
DBA_14,1986-04-01,4573.3437879442845
DBA_14,1986-05-01,3773.791466496005
DBA_14,1986-06-01,4699.167843852665
DBA_14,1986-07-01,2867.656087955066
DBA_14,1986-08-01,16573.492374884965
DBA_14,1986-09-01,18026.059097624595
DBA_14,1986-10-01,11116.77766618238
DBA_14,1986-11-01,8121.878009557357
DBA_14,1986-12-01,6416.132571975472
DBA_14,1987-01-01,5624.614947521769
DBA_14,1987-02-01,4766.278162661577
DBA_14,1987-03-01,4989.090743389388
DBA_14,1987-04-01,5073.13982750387
DBA_14,1987-05-01,5300.383159360252
DBA_14,1987-06-01,578.4237634827493
DBA_15,1978-01-01,6292.644147580181
DBA_15,1978-02-01,5005.334830096006
DBA_15,1978-03-01,5310.252126272984
DBA_15,1978-04-01,5364.525431417755
DBA_15,1978-05-01,5325.053936767011
DBA_15,1978-06-01,5095.8725709511455
DBA_15,1978-07-01,5099.079629891514
DBA_15,1978-08-01,5033.458270034659
DBA_15,1978-09-01,4847.164061159623
DBA_15,1978-10-01,5975.291241573794
DBA_15,1978-11-01,5724.8974572250245
DBA_15,1978-12-01,5221.956830611921
DBA_15,1979-01-01,7699.807985585889
DBA_15,1979-02-01,5340.960235361769
DBA_15,1979-03-01,5072.554071736727
DBA_15,1979-04-01,5504.766938162348
DBA_15,1979-05-01,5873.085322622082
DBA_15,1979-06-01,5328.2935205409585
DBA_15,1979-07-01,4858.372787353572
DBA_15,1979-08-01,4834.797279549894
DBA_15,1979-09-01,4178.664373641018
DBA_15,1979-10-01,5405.465949085762
DBA_15,1979-11-01,5022.592450973566
DBA_15,1979-12-01,5373.148662840465
DBA_15,1980-01-01,5475.034458407696
DBA_15,1980-02-01,5208.35517267362
DBA_15,1980-03-01,5363.280789177781
DBA_15,1980-04-01,5281.06120648602
DBA_15,1980-05-01,4813.842176982127
DBA_15,1980-06-01,6106.901256644826
DBA_15,1980-07-01,4465.657209977196
DBA_15,1980-08-01,4218.8392417945
DBA_15,1980-09-01,5067.965771396453
DBA_15,1980-10-01,4872.591881850766
DBA_15,1980-11-01,4812.4048661017605
DBA_15,1980-12-01,5700.259339191779
DBA_15,1981-01-01,5332.9277420983135
DBA_15,1981-02-01,5316.645750554883
DBA_15,1981-03-01,5936.842469422517
DBA_15,1981-04-01,6665.800152054868
DBA_15,1981-05-01,6408.522701577593
DBA_15,1981-06-01,6367.947919720271
DBA_15,1981-07-01,5722.573971867393
DBA_15,1981-08-01,5966.066035431916
DBA_15,1981-09-01,6409.528918337754
DBA_15,1981-10-01,6075.512469926179
DBA_15,1981-11-01,5689.719251925737
DBA_15,1981-12-01,5350.103497698838
DBA_15,1982-01-01,5210.965175661968
DBA_15,1982-02-01,5210.965175661968
DBA_15,1982-03-01,5628.3801417725745
DBA_15,1982-04-01,5232.280347687876
DBA_15,1982-05-01,4541.504336351609
DBA_15,1982-06-01,4163.890565298449
DBA_15,1982-07-01,3040.2991064273388
DBA_15,1982-08-01,3097.7025996738485
DBA_15,1982-09-01,3324.813879833466
DBA_15,1982-10-01,3083.342881711347
DBA_15,1982-11-01,2806.646587678298
DBA_15,1982-12-01,2420.0252169573023
DBA_15,1983-01-01,2741.7113122234778
DBA_15,1983-02-01,2691.4927002953705
DBA_15,1983-03-01,3044.04813130365
DBA_15,1983-04-01,2829.618075868375
DBA_15,1983-05-01,3063.3423003705307
DBA_15,1983-06-01,3063.3423003705307
DBA_15,1983-07-01,2732.084057444743
DBA_15,1983-08-01,3039.954611801432
DBA_15,1983-09-01,3183.70559652921
DBA_15,1983-10-01,3415.757410720662
DBA_15,1983-11-01,3384.9203055247694
DBA_15,1983-12-01,3348.541840276247
DBA_15,1984-01-01,3415.757410720662
DBA_15,1984-02-01,3415.757410720662
DBA_15,1984-03-01,3694.0340547944015
DBA_15,1984-04-01,3763.603215812837
DBA_15,1984-05-01,4155.488669493362
DBA_15,1984-06-01,3815.425470684826
DBA_15,1984-07-01,3277.318608810113
DBA_15,1984-08-01,4022.93487711568
DBA_15,1984-09-01,3364.136119476863
DBA_15,1984-10-01,4012.4921850026476
DBA_15,1984-11-01,3769.000121438126
DBA_15,1984-12-01,3595.0772188920396
DBA_15,1985-01-01,3942.923023984213
DBA_15,1985-02-01,3878.3900785980886
DBA_15,1985-03-01,4897.480311729416
DBA_15,1985-04-01,4194.585426013848
DBA_15,1985-05-01,3974.779660897435
DBA_15,1985-06-01,3470.8962208690496
DBA_15,1985-07-01,3337.3395211535308
DBA_15,1985-08-01,3248.7306675396285
DBA_15,1985-09-01,3663.675385467743
DBA_15,1985-10-01,3494.5576462914228
DBA_15,1985-11-01,3460.7340984561583
DBA_15,1985-12-01,3460.7340984561583
DBA_15,1986-01-01,3629.851837632479
DBA_15,1986-02-01,3462.9059629880812
DBA_15,1986-03-01,3286.5050251758707
DBA_15,1986-04-01,3730.3614484643176
DBA_15,1986-05-01,3764.1849962995802
DBA_15,1986-06-01,3353.4972589066465
DBA_15,1986-07-01,3322.6601537107535
DBA_15,1986-08-01,3245.810249963425
DBA_15,1986-09-01,3430.5701075943407
DBA_15,1986-10-01,3565.8642989353953
DBA_15,1986-11-01,3699.4209986509136
DBA_15,1986-12-01,3687.8254134755903
DBA_15,1987-01-01,3511.450496792048
DBA_15,1987-02-01,3522.760674432547
DBA_15,1987-03-01,5715.157571308429
DBA_15,1987-04-01,3353.7748183844124
DBA_15,1987-05-01,3229.3214555391205
DBA_15,1987-06-01,3708.574163984404
DBA_16,1979-01-01,5566.4841074048
DBA_16,1979-02-01,5095.00840129856
DBA_16,1979-03-01,13350.8238276608
DBA_16,1979-04-01,6261.629114544
DBA_16,1979-05-01,5429.60164392896
DBA_16,1979-06-01,5065.35682253312
DBA_16,1979-07-01,4781.77043970848
DBA_16,1979-08-01,4933.34321205792
DBA_16,1979-09-01,4853.467102598401
DBA_16,1979-10-01,4923.28791369824
DBA_16,1979-11-01,5217.647225195519
DBA_16,1979-12-01,5367.5025188388
DBA_16,1980-01-01,5247.4356624896
DBA_16,1980-02-01,5142.0375118537595
DBA_16,1980-03-01,5326.746693066559
DBA_16,1980-04-01,5066.2407117472
DBA_16,1980-05-01,4891.4927739104005
DBA_16,1980-06-01,4720.29064982704
DBA_16,1980-07-01,5095.663005936321
DBA_16,1980-08-01,5246.88775272744
DBA_16,1980-09-01,5017.00163465024
DBA_16,1980-10-01,4994.2905097008
DBA_16,1980-11-01,5087.3682733184005
DBA_16,1980-12-01,5266.98304592608
DBA_16,1981-01-01,4993.796295157119
DBA_16,1981-02-01,4759.03912875424
DBA_16,1981-03-01,4950.3097460608
DBA_16,1981-04-01,4761.624005290239
DBA_16,1981-05-01,4608.994493815359
DBA_16,1981-06-01,4486.829968519361
DBA_16,1981-07-01,4330.28111943328
DBA_16,1981-08-01,4266.07558074016
DBA_16,1981-09-01,4274.127354713921
DBA_16,1981-10-01,4260.6133407376
DBA_16,1981-11-01,4164.28935863776
DBA_16,1981-12-01,4243.56822061216
DBA_16,1982-01-01,4057.4906435536004
DBA_16,1982-02-01,3948.3389922064
DBA_16,1982-03-01,4070.4802303264
DBA_16,1982-04-01,4317.106327959039
DBA_16,1982-05-01,4328.79183287584
DBA_16,1982-06-01,3995.6147539475205
DBA_16,1982-07-01,3938.43542199712
DBA_16,1982-08-01,3906.7248086944
DBA_16,1982-09-01,3949.3505871318407
DBA_16,1982-10-01,3964.957652487041
DBA_16,1982-11-01,3948.8680768451204
DBA_16,1982-12-01,4014.1178125100805
DBA_16,1983-01-01,4039.8557309123207
DBA_16,1983-02-01,3901.0772027708804
DBA_16,1983-03-01,4204.093662831039
DBA_16,1983-04-01,4165.8766125539205
DBA_16,1983-05-01,4069.70057567392
DBA_16,1983-06-01,3394.6865328745603
DBA_16,1983-07-01,1408.9854069491196
DBA_16,1983-08-01,3600.4057694756802
DBA_16,1983-09-01,3962.4108590176
DBA_16,1983-10-01,4046.4828308608
DBA_16,1983-11-01,4093.0394846070403
DBA_16,1983-12-01,4131.001307435199
DBA_16,1984-01-01,4188.43586683456
DBA_16,1984-02-01,4145.294976064001
DBA_16,1984-03-01,4387.767572985279
DBA_16,1984-04-01,4450.3998300678395
DBA_16,1984-05-01,4380.75068111296
DBA_16,1984-06-01,4040.30148286336
DBA_16,1984-07-01,3974.8104920550404
DBA_16,1984-08-01,4175.70150751072
DBA_16,1984-09-01,4168.164845870079
DBA_16,1984-10-01,4256.52570648448
DBA_16,1984-11-01,4373.993674124799
DBA_16,1984-12-01,4489.902332460159
DBA_16,1985-01-01,4559.8113662992
DBA_16,1985-02-01,4352.42322873952
DBA_16,1985-03-01,4564.4892942140805
DBA_16,1985-04-01,4534.862417419841
DBA_16,1985-05-01,4506.79484993056
DBA_16,1985-06-01,4320.457387987841
DBA_16,1985-07-01,4068.37036681504
DBA_16,1985-08-01,3981.8287003897603
DBA_16,1985-09-01,4028.86786442272
DBA_16,1985-10-01,4180.12086700384
DBA_16,1985-11-01,4053.2970435337606
DBA_16,1985-12-01,4180.90052165632
DBA_16,1986-01-01,4068.8901365833603
DBA_16,1986-02-01,3902.82369560512
DBA_16,1986-03-01,4018.4724690563203
DBA_16,1986-04-01,4173.62374489984
DBA_16,1986-05-01,4148.41491113632
DBA_16,1986-06-01,3752.1735112153597
DBA_16,1986-07-01,2576.5144057467196
DBA_16,1986-08-01,3955.43729328576
DBA_16,1986-09-01,3943.2603641936
DBA_16,1986-10-01,3999.0835898672
DBA_16,1986-11-01,3850.3034062131205
DBA_16,1986-12-01,4039.4858504310396
DBA_16,1987-01-01,4173.359070494721
DBA_16,1987-02-01,3962.14413948224
DBA_16,1987-03-01,4263.366972584321
DBA_16,1987-04-01,4205.877185736
DBA_16,1987-05-01,4247.29308485472
DBA_16,1987-06-01,4034.0770249456
DBA_16,1987-07-01,4067.2318352201605
DBA_16,1987-08-01,4544.80604976896
DBA_16,1987-09-01,4609.959205516479
DBA_16,1987-10-01,4957.906090318401
DBA_16,1987-11-01,4798.23933372336
DBA_16,1987-12-01,5041.88141262336
DBA_16,1988-01-01,4955.72957352432
DBA_16,1988-02-01,4642.084258248
DBA_16,1988-03-01,5396.8355137504
DBA_16,1988-04-01,6472.947521094399
DBA_16,1988-05-01,7038.248341439999
DBA_16,1988-06-01,5256.620071241602
DBA_17,1982-01-01,5736.686027626896
DBA_17,1982-02-01,5595.089179278847
DBA_17,1982-03-01,6343.072071948511
DBA_17,1982-04-01,5143.21455716679
DBA_17,1982-05-01,4508.23155703501
DBA_17,1982-06-01,5634.536579124924
DBA_17,1982-07-01,5373.00194167355
DBA_17,1982-08-01,5791.173245704114
DBA_17,1982-09-01,5655.625479504471
DBA_17,1982-10-01,6889.23715146894
DBA_17,1982-11-01,6723.715029552902
DBA_17,1982-12-01,8608.076345003075
DBA_17,1983-01-01,5495.057873206642
DBA_17,1983-02-01,5606.742880270272
DBA_17,1983-03-01,6463.446494833755
DBA_17,1983-04-01,5905.871964276327
DBA_17,1983-05-01,5712.489134683142
DBA_17,1983-06-01,4366.1034492364315
DBA_17,1983-07-01,5347.388667402696
DBA_17,1983-08-01,5002.074099440486
DBA_17,1983-09-01,4048.5657946894526
DBA_17,1983-10-01,5294.6603895822045
DBA_17,1983-11-01,6131.419876813285
DBA_17,1983-12-01,7739.16428844707
DBA_17,1984-01-01,5350.10164039207
DBA_17,1984-02-01,6049.104822138318
DBA_17,1984-03-01,7380.845617763418
DBA_17,1984-04-01,5935.2001727194975
DBA_17,1984-05-01,5993.603249477251
DBA_17,1984-06-01,5930.5341379712
DBA_17,1984-07-01,5717.595072943692
DBA_17,1984-08-01,5038.645885677346
DBA_17,1984-09-01,5304.059386743424
DBA_17,1984-10-01,5679.603846316863
DBA_17,1984-11-01,6294.389458343083
DBA_17,1984-12-01,7292.192502548684
DBA_17,1985-01-01,5878.524609260476
DBA_17,1985-02-01,5505.396250243851
DBA_17,1985-03-01,7019.577926465053
DBA_17,1985-04-01,6414.289520416683
DBA_17,1985-05-01,6515.319877613025
DBA_17,1985-06-01,5666.501792565783
DBA_17,1985-07-01,4905.451995711501
DBA_17,1985-08-01,4912.346902189957
DBA_17,1985-09-01,5590.128162492641
DBA_17,1985-10-01,6154.89348559822
DBA_17,1985-11-01,7931.088818096574
DBA_17,1985-12-01,5645.209071024205
DBA_17,1986-01-01,5010.6470648063605
DBA_17,1986-02-01,5412.221864624244
DBA_17,1986-03-01,6321.025459912565
DBA_17,1986-04-01,5518.608500043687
DBA_17,1986-05-01,6331.5444456423065
DBA_17,1986-06-01,5439.712451920399
DBA_17,1986-07-01,4821.048700913834
DBA_17,1986-08-01,5879.257938255715
DBA_17,1986-09-01,4307.437073926941
DBA_17,1986-10-01,6801.516374256914
DBA_17,1986-11-01,7127.14321954861
DBA_17,1986-12-01,5518.453947443259
DBA_17,1987-01-01,3977.4804672832283
DBA_17,1987-02-01,4899.00006166282
DBA_17,1987-03-01,5672.372675695505
DBA_17,1987-04-01,5496.02419345506
DBA_17,1987-05-01,5017.359861964852
DBA_17,1987-06-01,5225.50283989026
DBA_17,1987-07-01,4725.704149717981
DBA_17,1987-08-01,5358.324963979408
DBA_17,1987-09-01,4774.3422524348025
DBA_17,1987-10-01,6222.860931353056
DBA_17,1987-11-01,7576.845052694757
DBA_17,1987-12-01,5833.304144015255
DBA_17,1988-01-01,4795.338409438281
DBA_17,1988-02-01,4636.895282975481
DBA_17,1988-03-01,5296.909310398936
DBA_17,1988-04-01,4909.846867208132
DBA_17,1988-05-01,4727.746611449131
DBA_17,1988-06-01,4893.545315928395
DBA_17,1988-07-01,3856.261162109197
DBA_17,1988-08-01,4716.951672756922
DBA_17,1988-09-01,5474.479813268391
DBA_17,1988-10-01,6195.863982543038
DBA_17,1988-11-01,8519.160718640534
DBA_17,1988-12-01,6169.311576544024
DBA_17,1989-01-01,4429.848087814153
DBA_17,1989-02-01,5060.049249984086
DBA_17,1989-03-01,5875.645176326976
DBA_17,1989-04-01,5717.751261629255
DBA_17,1989-05-01,4047.540321659299
DBA_17,1989-06-01,4015.5318935898486
DBA_17,1989-07-01,4346.3467747310815
DBA_17,1989-08-01,5445.889379666639
DBA_17,1989-09-01,5371.720217121394
DBA_17,1989-10-01,5375.1509481339945
DBA_17,1989-11-01,6677.4702881166
DBA_17,1989-12-01,8072.913742582213
DBA_17,1990-01-01,3583.895787125758
DBA_17,1990-02-01,4350.511016656779
DBA_17,1990-03-01,5666.7976052003805
DBA_17,1990-04-01,4793.349659197911
DBA_17,1990-05-01,3169.057888862248
DBA_17,1990-06-01,4762.80801196714
DBA_17,1990-07-01,5002.283126517782
DBA_17,1990-08-01,5581.783394571805
DBA_17,1990-09-01,5422.7438698914575
DBA_17,1990-10-01,5227.522853346325
DBA_17,1990-11-01,6170.33785320129
DBA_17,1990-12-01,8506.523877818463
DBA_17,1991-01-01,5612.815958362723
DBA_17,1991-02-01,4100.458500358696
DBA_17,1991-03-01,5293.76202841363
DBA_17,1991-04-01,5366.240869375721
DBA_17,1991-05-01,5595.730821513365
DBA_17,1991-06-01,4355.848176112236
DBA_18,1981-01-01,3314.4435513480116
DBA_18,1981-02-01,2730.139921261758
DBA_18,1981-03-01,2208.3438111948462
DBA_18,1981-04-01,3804.5675568652814
DBA_18,1981-05-01,4388.33194690931
DBA_18,1981-06-01,5113.309321154058
DBA_18,1981-07-01,5527.484082851084
DBA_18,1981-08-01,5544.8149327583305
DBA_18,1981-09-01,4992.617380596186
DBA_18,1981-10-01,4350.683074633325
DBA_18,1981-11-01,3170.545992384486
DBA_18,1981-12-01,2785.992776480752
DBA_18,1982-01-01,2833.9043246917086
DBA_18,1982-02-01,2337.84219989292
DBA_18,1982-03-01,2229.3279942936438
DBA_18,1982-04-01,2342.5500316151592
DBA_18,1982-05-01,3229.6202669432446
DBA_18,1982-06-01,3955.858471404068
DBA_18,1982-07-01,4042.8557563134377
DBA_18,1982-08-01,4337.890026875646
DBA_18,1982-09-01,3818.427977851586
DBA_18,1982-10-01,7807.618405042942
DBA_18,1982-11-01,7221.332354566755
DBA_18,1982-12-01,5085.485968530928
DBA_18,1983-01-01,4376.8993870951945
DBA_18,1983-02-01,4776.5825655918625
DBA_18,1983-03-01,4789.190867752642
DBA_18,1983-04-01,6225.276483865278
DBA_18,1983-05-01,5169.961593008144
DBA_18,1983-06-01,5299.8271052641585
DBA_18,1983-07-01,4479.026634597498
DBA_18,1983-08-01,7593.277268309712
DBA_18,1983-09-01,6123.149236362975
DBA_18,1983-10-01,5457.430882273885
DBA_18,1983-11-01,6203.842370191955
DBA_18,1983-12-01,7445.760133028606
DBA_18,1984-01-01,5878.548174443877
DBA_18,1984-02-01,8634.723026789989
DBA_18,1984-03-01,4984.619551244704
DBA_18,1984-04-01,4231.903912246246
DBA_18,1984-05-01,4508.02572956729
DBA_18,1984-06-01,3167.763209876566
DBA_18,1984-07-01,6143.04540142487
DBA_18,1984-08-01,9446.77952563883
DBA_18,1984-09-01,9354.738919865149
DBA_18,1984-10-01,11796.238419607533
DBA_18,1984-11-01,7552.771181719219
DBA_18,1984-12-01,6861.592283526482
DBA_18,1985-01-01,7266.318782887462
DBA_18,1985-02-01,7067.1076087471665
DBA_18,1985-03-01,6261.437100673441
DBA_18,1985-04-01,4747.18001116398
DBA_18,1985-05-01,6785.942470561812
DBA_18,1985-06-01,6146.701551010359
DBA_18,1985-07-01,5335.987722072321
DBA_18,1985-08-01,7287.752896560785
DBA_18,1985-09-01,5690.2810127901885
DBA_18,1985-10-01,3112.08281494162
DBA_18,1985-11-01,4012.3155892211835
DBA_18,1985-12-01,3443.681161770087
DBA_18,1986-01-01,6511.2810774874215
DBA_18,1986-02-01,3148.646891207877
DBA_18,1986-03-01,4246.830009411658
DBA_18,1986-04-01,1773.8796248327706
DBA_18,1986-05-01,3623.549198539559
DBA_18,1986-06-01,3354.9923625149827
DBA_18,1986-07-01,3007.0032228775044
DBA_18,1986-08-01,5763.624637502981
DBA_18,1986-09-01,12015.319404731035
DBA_18,1986-10-01,7105.547151696428
DBA_18,1986-11-01,7958.615378935947
DBA_18,1986-12-01,13777.113765846661
DBA_18,1987-01-01,7197.7732427321
DBA_18,1987-02-01,6179.495664874182
DBA_18,1987-03-01,9133.118077304898
DBA_18,1987-04-01,5672.839777122894
DBA_18,1987-05-01,4632.654848858692
DBA_18,1987-06-01,5080.2495755663185
DBA_18,1987-07-01,3476.4735407153325
DBA_18,1987-08-01,5229.0275410635
DBA_18,1987-09-01,17554.748876546488
DBA_18,1987-10-01,7088.780805732936
DBA_18,1987-11-01,7959.124956413972
DBA_18,1987-12-01,10064.695983746038
DBA_18,1988-01-01,6309.9708484905805
DBA_18,1988-02-01,4657.566855472226
DBA_18,1988-03-01,2956.45719428539
DBA_18,1988-04-01,2455.9075985024965
DBA_18,1988-05-01,3877.194327603748
DBA_18,1988-06-01,3124.202751410507
DBA_18,1988-07-01,4388.704791204764
DBA_18,1988-08-01,5717.317408591366
DBA_18,1988-09-01,2642.932797155425
DBA_18,1988-10-01,3970.906472473385
DBA_18,1988-11-01,4479.017045819773
DBA_18,1988-12-01,2358.416934131147
DBA_18,1989-01-01,3184.260725662119
DBA_18,1989-02-01,2381.1118780205484
DBA_18,1989-03-01,2506.787692828869
DBA_18,1989-04-01,2920.400451612184
DBA_18,1989-05-01,2669.710482636737
DBA_18,1989-06-01,2590.7850435507794
DBA_18,1989-07-01,3404.8243274738475
DBA_18,1989-08-01,10252.352525891369
DBA_18,1989-09-01,10196.699962177598
DBA_18,1989-10-01,19077.893895359146
DBA_18,1989-11-01,10886.555231118073
DBA_18,1989-12-01,10994.090918800484
DBA_18,1990-01-01,3723.550066380999
DBA_18,1990-02-01,11480.07353112454
DBA_18,1990-03-01,25125.41209739586
DBA_18,1990-04-01,17320.902763356433
DBA_18,1990-05-01,10181.273793163811
DBA_18,1990-06-01,2165.7610714155803
DBA_19,1979-01-01,5303.992455644456
DBA_19,1979-02-01,3704.365388208649
DBA_19,1979-03-01,4750.56783595411
DBA_19,1979-04-01,4507.0771092464465
DBA_19,1979-05-01,4711.11843058236
DBA_19,1979-06-01,4626.533052908726
DBA_19,1979-07-01,2988.1718888561354
DBA_19,1979-08-01,23352.736570003202
DBA_19,1979-09-01,11510.789780993418
DBA_19,1979-10-01,10417.764744195105
DBA_19,1979-11-01,8717.026429414373
DBA_19,1979-12-01,7042.592518985975
DBA_19,1980-01-01,7259.803369139446
DBA_19,1980-02-01,5987.829385599677
DBA_19,1980-03-01,5638.813529400935
DBA_19,1980-04-01,6216.228489123023
DBA_19,1980-05-01,6223.37678705284
DBA_19,1980-06-01,5647.486177744499
DBA_19,1980-07-01,5437.741004744471
DBA_19,1980-08-01,9744.735380974684
DBA_19,1980-09-01,9473.549702752429
DBA_19,1980-10-01,8417.660823186145
DBA_19,1980-11-01,7127.359628166337
DBA_19,1980-12-01,6611.033527978346
DBA_19,1981-01-01,5518.200147990385
DBA_19,1981-02-01,4538.185440665675
DBA_19,1981-03-01,4524.63912125261
DBA_19,1981-04-01,4513.607762083171
DBA_19,1981-05-01,4369.237707940295
DBA_19,1981-06-01,5166.0171690463985
DBA_19,1981-07-01,4078.3809773631774
DBA_19,1981-08-01,19364.07986146659
DBA_19,1981-09-01,11963.157488675595
DBA_19,1981-10-01,10278.260239687586
DBA_19,1981-11-01,9054.998949343506
DBA_19,1981-12-01,7553.814247635916
DBA_19,1982-01-01,6818.195632903593
DBA_19,1982-02-01,6171.013343449067
DBA_19,1982-03-01,6531.069725083449
DBA_19,1982-04-01,5499.904953419784
DBA_19,1982-05-01,5253.470227022134
DBA_19,1982-06-01,4855.513425718572
DBA_19,1982-07-01,3174.0417095145654
DBA_19,1982-08-01,26879.148914857265
DBA_19,1982-09-01,16770.52384381608
DBA_19,1982-10-01,13397.379469583315
DBA_19,1982-11-01,9049.144495685858
DBA_19,1982-12-01,7399.714564126454
DBA_19,1983-01-01,4938.331985723744
DBA_19,1983-02-01,4777.196856651868
DBA_19,1983-03-01,4173.278818670318
DBA_19,1983-04-01,4370.246856057522
DBA_19,1983-05-01,3722.429202773063
DBA_19,1983-06-01,4191.220743881774
DBA_19,1983-07-01,3669.0387309803086
DBA_19,1983-08-01,19510.90630628767
DBA_19,1983-09-01,11903.925314801965
DBA_19,1983-10-01,9122.929756861993
DBA_19,1983-11-01,6468.043521250152
DBA_19,1983-12-01,4907.896232912284
DBA_19,1984-01-01,4396.410002366427
DBA_19,1984-02-01,4477.912225511905
DBA_19,1984-03-01,4492.219679200461
DBA_19,1984-04-01,4510.295866910831
DBA_19,1984-05-01,4703.902097892818
DBA_19,1984-06-01,4939.757300276682
DBA_19,1984-07-01,3380.851351009783
DBA_19,1984-08-01,25654.334726340938
DBA_19,1984-09-01,19470.944233396145
DBA_19,1984-10-01,15612.34670185875
DBA_19,1984-11-01,10155.776544721353
DBA_19,1984-12-01,8566.783113824236
DBA_19,1985-01-01,8431.013311206832
DBA_19,1985-02-01,5846.556166824542
DBA_19,1985-03-01,5945.930382988575
DBA_19,1985-04-01,5599.6339393509625
DBA_19,1985-05-01,5925.752877168467
DBA_19,1985-06-01,5788.041399946224
DBA_19,1985-07-01,4656.144376020311
DBA_19,1985-08-01,6870.150997439199
DBA_19,1985-09-01,22050.986322820285
DBA_19,1985-10-01,15396.505232176263
DBA_19,1985-11-01,10366.686464852652
DBA_19,1985-12-01,8216.268782074587
DBA_19,1986-01-01,6676.925199905446
DBA_19,1986-02-01,6333.907600963603
DBA_19,1986-03-01,6989.6765401171315
DBA_19,1986-04-01,6281.698304654074
DBA_19,1986-05-01,5853.539622714392
DBA_19,1986-06-01,6201.801825959577
DBA_19,1986-07-01,4459.305427197498
DBA_19,1986-08-01,5932.052100059211
DBA_19,1986-09-01,16388.226664958434
DBA_19,1986-10-01,11566.416156745847
DBA_19,1986-11-01,9407.816161291448
DBA_19,1986-12-01,7598.283748665283
DBA_19,1987-01-01,6487.755259707158
DBA_19,1987-02-01,6181.910967656855
DBA_19,1987-03-01,5614.747398446583
DBA_19,1987-04-01,5789.210412383164
DBA_19,1987-05-01,6523.167186589611
DBA_19,1987-06-01,6372.844768229802
DBA_19,1987-07-01,4651.81013432378
DBA_19,1987-08-01,34071.152669375624
DBA_19,1987-09-01,29087.45079056179
DBA_19,1987-10-01,21605.159174860826
DBA_19,1987-11-01,15167.474059329325
DBA_19,1987-12-01,9521.291660069224
DBA_19,1988-01-01,6227.70525491545
DBA_19,1988-02-01,5426.405749756737
DBA_19,1988-03-01,4390.342516346611
DBA_19,1988-04-01,3730.4393383280376
DBA_19,1988-05-01,4904.72701193422
DBA_19,1988-06-01,4214.607882887691
DBA_20,1978-01-01,2659.2031277989154
DBA_20,1978-02-01,2682.0570906335115
DBA_20,1978-03-01,2332.614116850334
DBA_20,1978-04-01,2740.6979267074476
DBA_20,1978-05-01,2736.5365964913894
DBA_20,1978-06-01,2867.72745673179
DBA_20,1978-07-01,2631.601917931039
DBA_20,1978-08-01,2670.729368985379
DBA_20,1978-09-01,3597.233098376362
DBA_20,1978-10-01,2809.3971375786223
DBA_20,1978-11-01,2522.1143155817845
DBA_20,1978-12-01,2651.854335319194
DBA_20,1979-01-01,4567.329466720056
DBA_20,1979-02-01,2864.0747050115206
DBA_20,1979-03-01,3481.377178803221
DBA_20,1979-04-01,2973.514767767075
DBA_20,1979-05-01,2594.466764601551
DBA_20,1979-06-01,2654.230116843639
DBA_20,1979-07-01,2528.6514273222883
DBA_20,1979-08-01,2521.3386120690366
DBA_20,1979-09-01,2663.055928356184
DBA_20,1979-10-01,2871.345080052239
DBA_20,1979-11-01,2502.541477740025
DBA_20,1979-12-01,2792.028877228984
DBA_20,1980-01-01,2555.749294736
DBA_20,1980-02-01,2873.2263431443953
DBA_20,1980-03-01,2978.6317492085
DBA_20,1980-04-01,2286.6759319203525
DBA_20,1980-05-01,2682.815756573431
DBA_20,1980-06-01,3241.368266319916
DBA_20,1980-07-01,4334.7602297026
DBA_20,1980-08-01,1331.8879289761562
DBA_20,1980-09-01,3043.8512634708677
DBA_20,1980-10-01,2543.4454244724584
DBA_20,1980-11-01,3023.5768013224388
DBA_20,1980-12-01,2567.955240816256
DBA_20,1981-01-01,2292.5911972769472
DBA_20,1981-02-01,1950.1656774735677
DBA_20,1981-03-01,3133.9058669429965
DBA_20,1981-04-01,3049.406743121253
DBA_20,1981-05-01,3112.1960878819286
DBA_20,1981-06-01,3028.8389418222037
DBA_20,1981-07-01,2932.3158360796065
DBA_20,1981-08-01,2522.0192880524714
DBA_20,1981-09-01,2658.634608717133
DBA_20,1981-10-01,2948.900010848806
DBA_20,1981-11-01,2720.1545211825146
DBA_20,1981-12-01,2725.7816424127827
DBA_20,1982-01-01,2765.7892190095863
DBA_20,1982-02-01,2860.7297342802462
DBA_20,1982-03-01,2862.24273053954
DBA_20,1982-04-01,3093.6869574042007
DBA_20,1982-05-01,3128.485871367948
DBA_20,1982-06-01,3184.0884838969796
DBA_20,1982-07-01,3222.669888508962
DBA_20,1982-08-01,3088.0132214318505
DBA_20,1982-09-01,3210.3698548399047
DBA_20,1982-10-01,3403.6609074973785
DBA_20,1982-11-01,3413.4953831827866
DBA_20,1982-12-01,3337.8455702181163
DBA_20,1983-01-01,3469.476244776641
DBA_20,1983-02-01,3422.951609803369
DBA_20,1983-03-01,3650.256831014138
DBA_20,1983-04-01,3376.5065328309224
DBA_20,1983-05-01,3972.460401260623
DBA_20,1983-06-01,3712.6032937269842
DBA_20,1983-07-01,3565.4810753855177
DBA_20,1983-08-01,3559.8073394131675
DBA_20,1983-09-01,3452.006355938514
DBA_20,1983-10-01,3445.9543709013396
DBA_20,1983-11-01,3337.0186402322165
DBA_20,1983-12-01,3388.0822639833686
DBA_20,1984-01-01,3355.5446221295438
DBA_20,1984-02-01,3743.5959189655146
DBA_20,1984-03-01,3860.4748799959284
DBA_20,1984-04-01,3784.4468179664364
DBA_20,1984-05-01,3865.3921178386317
DBA_20,1984-06-01,3876.3613407185085
DBA_20,1984-07-01,3757.212885299155
DBA_20,1984-08-01,3707.284008742473
DBA_20,1984-09-01,3753.4303946509217
DBA_20,1984-10-01,4086.4783476669704
DBA_20,1984-11-01,3948.795688071272
DBA_20,1984-12-01,4007.42429311889
DBA_20,1985-01-01,3938.204714256218
DBA_20,1985-02-01,3955.604171238091
DBA_20,1985-03-01,4081.981386562958
DBA_20,1985-04-01,3387.2639375040803
DBA_20,1985-05-01,4252.01398700126
DBA_20,1985-06-01,4686.441841615921
DBA_20,1985-07-01,4378.8412965668
DBA_20,1985-08-01,4215.059451498292
DBA_20,1985-09-01,4347.446624186462
DBA_20,1985-10-01,4306.595725185541
DBA_20,1985-11-01,4087.0851845663924
DBA_20,1985-12-01,4357.155016850263
DBA_20,1986-01-01,4041.580227094471
DBA_20,1986-02-01,4092.710975417062
DBA_20,1986-03-01,4354.249189905471
DBA_20,1986-04-01,4508.995939521913
DBA_20,1986-05-01,4484.76951704528
DBA_20,1986-06-01,4643.84426264043
DBA_20,1986-07-01,4808.997740398127
DBA_20,1986-08-01,4649.808030132282
DBA_20,1986-09-01,4917.308205579092
DBA_20,1986-10-01,4606.006098038906
DBA_20,1986-11-01,2984.687591393945
DBA_20,1986-12-01,4050.451735079953
DBA_20,1987-01-01,4943.528586588134
DBA_20,1987-02-01,4892.366415450397
DBA_20,1987-03-01,4944.1229104124795
DBA_20,1987-04-01,5090.79976148957
DBA_20,1987-05-01,6627.288388478764
DBA_20,1987-06-01,5376.834824665475
DBA_21,1978-01-01,7118.113435110146
DBA_21,1978-02-01,6181.658004348519
DBA_21,1978-03-01,6440.936136731635
DBA_21,1978-04-01,6394.36788306085
DBA_21,1978-05-01,6597.35070041146
DBA_21,1978-06-01,6488.342331387071
DBA_21,1978-07-01,5641.877928960249
DBA_21,1978-08-01,6056.576092242854
DBA_21,1978-09-01,6420.37618200096
DBA_21,1978-10-01,7334.565552694191
DBA_21,1978-11-01,7368.062015860895
DBA_21,1978-12-01,6640.943669071445
DBA_21,1979-01-01,7831.997950300399
DBA_21,1979-02-01,6655.19118788351
DBA_21,1979-03-01,7123.324685310875
DBA_21,1979-04-01,6998.3256886156105
DBA_21,1979-05-01,7408.09682248628
DBA_21,1979-06-01,6494.682058728905
DBA_21,1979-07-01,6469.3554646272505
DBA_21,1979-08-01,6899.907564355385
DBA_21,1979-09-01,6608.2432387331
DBA_21,1979-10-01,7380.07853623868
DBA_21,1979-11-01,6740.257330263575
DBA_21,1979-12-01,6911.0075937231195
DBA_21,1980-01-01,7479.413151508955
DBA_21,1980-02-01,7022.87288873228
DBA_21,1980-03-01,7789.730577994999
DBA_21,1980-04-01,6583.96410904661
DBA_21,1980-05-01,7036.007534469175
DBA_21,1980-06-01,7207.574784835225
DBA_21,1980-07-01,5649.07519848904
DBA_21,1980-08-01,6040.106060283234
DBA_21,1980-09-01,6285.223344649726
DBA_21,1980-10-01,6718.312469695001
DBA_21,1980-11-01,6108.393467827201
DBA_21,1980-12-01,6622.32908395933
DBA_21,1981-01-01,6850.268430874224
DBA_21,1981-02-01,6229.5589616768
DBA_21,1981-03-01,7475.180064658365
DBA_21,1981-04-01,6819.665317704209
DBA_21,1981-05-01,6599.621433297079
DBA_21,1981-06-01,6607.95451053204
DBA_21,1981-07-01,5707.51259328026
DBA_21,1981-08-01,6018.84483374951
DBA_21,1981-09-01,6661.64745662331
DBA_21,1981-10-01,6250.126726937349
DBA_21,1981-11-01,5606.471150699671
DBA_21,1981-12-01,5339.61494458317
DBA_21,1982-01-01,5161.7108071721705
DBA_21,1982-02-01,5161.7108071721705
DBA_21,1982-03-01,5695.42321940517
DBA_21,1982-04-01,5072.75873846667
DBA_21,1982-05-01,4627.998394939171
DBA_21,1982-06-01,4227.71408576442
DBA_21,1982-07-01,3060.79933891536
DBA_21,1982-08-01,3174.7960174084196
DBA_21,1982-09-01,3338.19339870942
DBA_21,1982-10-01,3093.0973267579197
DBA_21,1982-11-01,2826.24112064142
DBA_21,1982-12-01,2342.86193829888
DBA_21,1983-01-01,2744.5424299909196
DBA_21,1983-02-01,2681.93295050067
DBA_21,1983-03-01,3074.9638816204206
DBA_21,1983-04-01,2829.86780966892
DBA_21,1983-05-01,3115.81322694567
DBA_21,1983-06-01,3115.81322694567
DBA_21,1983-07-01,2723.5242297993595
DBA_21,1983-08-01,3078.5905706479202
DBA_21,1983-09-01,3190.1223578963404
DBA_21,1983-10-01,3471.62150176767
DBA_21,1983-11-01,3430.7721564424196
DBA_21,1983-12-01,3389.9228111171697
DBA_21,1984-01-01,3500.6350139876695
DBA_21,1984-02-01,3500.6350139876695
DBA_21,1984-03-01,3834.6831546446697
DBA_21,1984-04-01,3934.51529043267
DBA_21,1984-05-01,4138.762017058921
DBA_21,1984-06-01,3960.8578796479196
DBA_21,1984-07-01,3427.14546741492
DBA_21,1984-08-01,4094.2859827061698
DBA_21,1984-09-01,3560.57357047317
DBA_21,1984-10-01,4094.2859827061698
DBA_21,1984-11-01,3782.95374223692
DBA_21,1984-12-01,3560.57357047317
DBA_21,1985-01-01,4002.3526135773595
DBA_21,1985-02-01,4112.41942784367
DBA_21,1985-03-01,4316.666154469921
DBA_21,1985-04-01,4275.8168091446705
DBA_21,1985-05-01,4181.696094465361
DBA_21,1985-06-01,3560.57357047317
DBA_21,1985-07-01,3372.5044060843497
DBA_21,1985-08-01,3387.95271111717
DBA_21,1985-09-01,3735.83606885667
DBA_21,1985-10-01,3531.58934223042
DBA_21,1985-11-01,3490.73999690517
DBA_21,1985-12-01,3490.73999690517
DBA_21,1986-01-01,3694.9867235314196
DBA_21,1986-02-01,3490.73999690517
DBA_21,1986-03-01,3257.8539296162403
DBA_21,1986-04-01,3827.42977658967
DBA_21,1986-05-01,3871.90581094242
DBA_21,1986-06-01,3338.19339870942
DBA_21,1986-07-01,3297.3440533841704
DBA_21,1986-08-01,3196.68405049809
DBA_21,1986-09-01,3441.65222352492
DBA_21,1986-10-01,3619.5563609359197
DBA_21,1986-11-01,3782.95374223692
DBA_21,1986-12-01,3742.10439691167
DBA_21,1987-01-01,3602.39842368936
DBA_21,1987-02-01,3605.04960482592
DBA_21,1987-03-01,3738.4777078841703
DBA_21,1987-04-01,3115.81322694567
DBA_21,1987-05-01,2937.90908953467
DBA_21,1987-06-01,3259.75154992823
DBA_22,1979-01-01,3027.762413546024
DBA_22,1979-02-01,2072.8672344690917
DBA_22,1979-03-01,3454.2444395592124
DBA_22,1979-04-01,3326.958505002228
DBA_22,1979-05-01,3441.2160877369597
DBA_22,1979-06-01,3328.1102951507632
DBA_22,1979-07-01,3642.318647671278
DBA_22,1979-08-01,3394.6837657361216
DBA_22,1979-09-01,3557.3165347093504
DBA_22,1979-10-01,3518.846743748261
DBA_22,1979-11-01,3582.886276006841
DBA_22,1979-12-01,3335.48175210139
DBA_22,1980-01-01,3491.203780183406
DBA_22,1980-02-01,3423.939235508926
DBA_22,1980-03-01,3511.70564482734
DBA_22,1980-04-01,4569.044287124141
DBA_22,1980-05-01,3474.0766752543063
DBA_22,1980-06-01,3269.9711357197684
DBA_22,1980-07-01,3256.380011967048
DBA_22,1980-08-01,3100.1972678256197
DBA_22,1980-09-01,3616.4558586868798
DBA_22,1980-10-01,3545.0448694776724
DBA_22,1980-11-01,3462.576694842522
DBA_22,1980-12-01,3562.552079735414
DBA_22,1981-01-01,3335.879778503605
DBA_22,1981-02-01,3448.755213060094
DBA_22,1981-03-01,3560.7092154977568
DBA_22,1981-04-01,3397.3853724354067
DBA_22,1981-05-01,3263.3169991458617
DBA_22,1981-06-01,3759.867545539864
DBA_22,1981-07-01,3374.449036613573
DBA_22,1981-08-01,3000.4237721125787
DBA_22,1981-09-01,3344.809026524727
DBA_22,1981-10-01,3157.98866443225
DBA_22,1981-11-01,3163.0565410858067
DBA_22,1981-12-01,4434.0793808212975
DBA_22,1982-01-01,2755.0218423104016
DBA_22,1982-02-01,2813.9934979154245
DBA_22,1982-03-01,3459.714066802778
DBA_22,1982-04-01,2971.955975953969
DBA_22,1982-05-01,2407.9231956183385
DBA_22,1982-06-01,2187.475461560739
DBA_22,1982-07-01,1444.9044635986588
DBA_22,1982-08-01,1852.4465824741696
DBA_22,1982-09-01,2136.888028542133
DBA_22,1982-10-01,2050.8493044465226
DBA_22,1982-11-01,2002.741413204932
DBA_22,1982-12-01,2693.87958116231
DBA_22,1983-01-01,2113.2733562090293
DBA_22,1983-02-01,2148.6565902550738
DBA_22,1983-03-01,2723.8135347313096
DBA_22,1983-04-01,2630.8640697444853
DBA_22,1983-05-01,2615.3149027392546
DBA_22,1983-06-01,2650.2141442398834
DBA_22,1983-07-01,2067.8515503305503
DBA_22,1983-08-01,2318.7112917168483
DBA_22,1983-09-01,2535.363018656397
DBA_22,1983-10-01,2272.7548647902763
DBA_22,1983-11-01,2662.3622720039803
DBA_22,1983-12-01,2999.0235136564224
DBA_22,1984-01-01,2002.74700212343
DBA_22,1984-02-01,2588.231136352121
DBA_22,1984-03-01,2919.0270617428287
DBA_22,1984-04-01,2655.0367596984647
DBA_22,1984-05-01,2973.621914783417
DBA_22,1984-06-01,2980.53265567463
DBA_22,1984-07-01,2643.547443761285
DBA_22,1984-08-01,2416.790174501826
DBA_22,1984-09-01,2606.14447492108
DBA_22,1984-10-01,2976.3550181409328
DBA_22,1984-11-01,3034.7507786716883
DBA_22,1984-12-01,2897.227034936536
DBA_22,1985-01-01,2474.565045191141
DBA_22,1985-02-01,2915.311934999825
DBA_22,1985-03-01,3052.1446046458564
DBA_22,1985-04-01,2991.330084803175
DBA_22,1985-05-01,2899.4172309500327
DBA_22,1985-06-01,2948.829028322211
DBA_22,1985-07-01,2811.305284587059
DBA_22,1985-08-01,3053.526752824098
DBA_22,1985-09-01,2831.346433171579
DBA_22,1985-10-01,2859.6804708255545
DBA_22,1985-11-01,2223.104322290114
DBA_22,1985-12-01,4165.612994970543
DBA_22,1986-01-01,2632.050957262221
DBA_22,1986-02-01,2625.1402163710063
DBA_22,1986-03-01,3208.20300200725
DBA_22,1986-04-01,2867.5034760704157
DBA_22,1986-05-01,3242.411169418758
DBA_22,1986-06-01,3020.5763868107992
DBA_22,1986-07-01,3010.9013495630993
DBA_22,1986-08-01,3206.129779739886
DBA_22,1986-09-01,3091.3724896970293
DBA_22,1986-10-01,3476.404023544582
DBA_22,1986-11-01,3535.9196806339633
DBA_22,1986-12-01,4209.642270339609
DBA_22,1987-01-01,3073.0736317459023
DBA_22,1987-02-01,3232.442751191668
DBA_22,1987-03-01,3825.102085248772
DBA_22,1987-04-01,3458.4693985612275
DBA_22,1987-05-01,3295.235545033225
DBA_22,1987-06-01,3167.3868385457718
DBA_22,1987-07-01,3320.8052863307157
DBA_22,1987-08-01,2866.0785356888555
DBA_22,1987-09-01,3603.605859553965
DBA_22,1987-10-01,3129.7874517679847
DBA_22,1987-11-01,3144.6455446840932
DBA_22,1987-12-01,3860.3032449094635
DBA_22,1988-01-01,2947.655048237135
DBA_22,1988-02-01,3281.7252192479905
DBA_22,1988-03-01,4503.175412157809
DBA_22,1988-04-01,3889.7760094244163
DBA_22,1988-05-01,3460.61205045829
DBA_22,1988-06-01,3060.8139169126193
DBA_23,1982-01-01,7242.468707587685
DBA_23,1982-02-01,4706.915972988673
DBA_23,1982-03-01,5753.994763199781
DBA_23,1982-04-01,5693.485054746823
DBA_23,1982-05-01,5730.608569973623
DBA_23,1982-06-01,5726.5810187933575
DBA_23,1982-07-01,5752.847656925528
DBA_23,1982-08-01,5877.701743513781
DBA_23,1982-09-01,5332.233079646336
DBA_23,1982-10-01,6063.309033716437
DBA_23,1982-11-01,5708.826525344468
DBA_23,1982-12-01,4381.663456525763
DBA_23,1983-01-01,6754.338857221346
DBA_23,1983-02-01,5576.9211915034275
DBA_23,1983-03-01,5535.419903254596
DBA_23,1983-04-01,5825.053366392007
DBA_23,1983-05-01,5784.777854589342
DBA_23,1983-06-01,5838.186685458091
DBA_23,1983-07-01,5666.227761152809
DBA_23,1983-08-01,5374.352022981111
DBA_23,1983-09-01,5544.712171040351
DBA_23,1983-10-01,5781.987468834299
DBA_23,1983-11-01,5515.468647253201
DBA_23,1983-12-01,5821.73764787432
DBA_23,1984-01-01,5846.953620481204
DBA_23,1984-02-01,5469.0642532197
DBA_23,1984-03-01,5943.965070649358
DBA_23,1984-04-01,5611.954764658711
DBA_23,1984-05-01,5587.089013893589
DBA_23,1984-06-01,5929.430864216222
DBA_23,1984-07-01,5693.731564710204
DBA_23,1984-08-01,5765.527042271471
DBA_23,1984-09-01,5798.973228159769
DBA_23,1984-10-01,5746.264840974546
DBA_23,1984-11-01,5557.670379185555
DBA_23,1984-12-01,5807.728774203829
DBA_23,1985-01-01,5583.937017317726
DBA_23,1985-02-01,5247.023605542411
DBA_23,1985-03-01,6558.389453775612
DBA_23,1985-04-01,5768.78818680855
DBA_23,1985-05-01,5686.135832152651
DBA_23,1985-06-01,5839.8832206862935
DBA_23,1985-07-01,5888.564056691253
DBA_23,1985-08-01,5956.857315834895
DBA_23,1985-09-01,5399.964745021329
DBA_23,1985-10-01,5690.796489960148
DBA_23,1985-11-01,5226.965255143402
DBA_23,1985-12-01,5090.289441108349
DBA_23,1986-01-01,5430.9967676647775
DBA_23,1986-02-01,5670.701668102584
DBA_23,1986-03-01,5955.782247297083
DBA_23,1986-04-01,5793.629534561144
DBA_23,1986-05-01,5819.896172693317
DBA_23,1986-06-01,5909.903186026222
DBA_23,1986-07-01,5993.95642804917
DBA_23,1986-08-01,6097.97231505257
DBA_23,1986-09-01,5615.01639526238
DBA_23,1986-10-01,5851.065916610158
DBA_23,1986-11-01,5577.5426581938145
DBA_23,1986-12-01,5313.12516766329
DBA_23,1987-01-01,5474.577436715705
DBA_23,1987-02-01,5706.424295962335
DBA_23,1987-03-01,5908.502298659174
DBA_23,1987-04-01,5819.545950851553
DBA_23,1987-05-01,5858.420575287167
DBA_23,1987-06-01,5956.8329128223695
DBA_23,1987-07-01,6645.942557658959
DBA_23,1987-08-01,6067.020867058161
DBA_23,1987-09-01,5798.7509362682495
DBA_23,1987-10-01,5956.70098690304
DBA_23,1987-11-01,5417.755128347107
DBA_23,1987-12-01,5244.395316674775
DBA_23,1988-01-01,5500.734926886657
DBA_23,1988-02-01,5695.1080490647255
DBA_23,1988-03-01,6083.854293420861
DBA_23,1988-04-01,5771.456410568904
DBA_23,1988-05-01,5790.018168182302
DBA_23,1988-06-01,5964.078423538158
DBA_23,1988-07-01,6147.144316883004
DBA_23,1988-08-01,6631.305930186444
DBA_23,1988-09-01,5675.3091260261
DBA_23,1988-10-01,5895.598664494578
DBA_23,1988-11-01,5593.006993211963
DBA_23,1988-12-01,5265.704275041668
DBA_23,1989-01-01,5477.565711349738
DBA_23,1989-02-01,5710.113014279896
DBA_23,1989-03-01,6011.3037981954585
DBA_23,1989-04-01,5734.628543203255
DBA_23,1989-05-01,5679.293492204814
DBA_23,1989-06-01,5929.088035384428
DBA_23,1989-07-01,6052.015901842991
DBA_23,1989-08-01,6546.6005433084865
DBA_23,1989-09-01,5533.064484290005
DBA_23,1989-10-01,5716.930951215202
DBA_23,1989-11-01,5252.100371189595
DBA_23,1989-12-01,5332.366307025532
DBA_23,1990-01-01,5371.941375144669
DBA_23,1990-02-01,5585.1168238793
DBA_23,1990-03-01,6463.257799816871
DBA_23,1990-04-01,5889.483126965918
DBA_23,1990-05-01,5648.265458538541
DBA_23,1990-06-01,5801.14912626602
DBA_23,1990-07-01,6136.223049977536
DBA_23,1990-08-01,7676.65178924773
DBA_23,1990-09-01,3623.2093369981185
DBA_23,1990-10-01,5717.612964938428
DBA_23,1990-11-01,5241.870759841533
DBA_23,1990-12-01,4984.4918289396355
DBA_23,1991-01-01,5314.742098425688
DBA_23,1991-02-01,5299.116936690905
DBA_23,1991-03-01,5035.074864351985
DBA_23,1991-04-01,4889.380061260324
DBA_23,1991-05-01,5096.112311008387
DBA_23,1991-06-01,5283.270226672936
DBA_24,1990-01-01,8372.0
DBA_24,1990-02-01,5820.0
DBA_24,1990-03-01,7124.0
DBA_24,1990-04-01,6218.0
DBA_24,1990-05-01,7464.0
DBA_24,1990-06-01,7200.0
DBA_24,1990-07-01,7022.0
DBA_24,1990-08-01,7198.0
DBA_24,1990-09-01,6694.0
DBA_24,1990-10-01,7812.0
DBA_24,1990-11-01,8120.0
DBA_24,1990-12-01,7192.0
DBA_24,1991-01-01,9026.0
DBA_24,1991-02-01,6780.0
DBA_24,1991-03-01,6432.0
DBA_24,1991-04-01,7140.0
DBA_24,1991-05-01,7774.0
DBA_24,1991-06-01,7784.0
DBA_24,1991-07-01,7574.0
DBA_24,1991-08-01,6468.0
DBA_24,1991-09-01,7130.0
DBA_24,1991-10-01,7468.0
DBA_24,1991-11-01,7328.0
DBA_24,1991-12-01,8080.0
DBA_24,1992-01-01,7858.0
DBA_24,1992-02-01,5472.0
DBA_24,1992-03-01,7584.0
DBA_24,1992-04-01,6048.0
DBA_24,1992-05-01,7120.0
DBA_24,1992-06-01,6906.0
DBA_24,1992-07-01,7234.0
DBA_24,1992-08-01,6682.0
DBA_24,1992-09-01,7900.0
DBA_24,1992-10-01,6582.0
DBA_24,1992-11-01,7976.0
DBA_24,1992-12-01,7358.0
DBA_24,1993-01-01,7494.0
DBA_24,1993-02-01,6406.0
DBA_24,1993-03-01,8642.0
DBA_25,1982-01-01,5390.830539588496
DBA_25,1982-02-01,3067.8939237403447
DBA_25,1982-03-01,5244.514969073276
DBA_25,1982-04-01,4886.069145889621
DBA_25,1982-05-01,5399.386894755409
DBA_25,1982-06-01,5485.8541377246875
DBA_25,1982-07-01,5262.346799264865
DBA_25,1982-08-01,5274.804989764007
DBA_25,1982-09-01,5117.4124048441745
DBA_25,1982-10-01,5232.743178276808
DBA_25,1982-11-01,5226.822454079198
DBA_25,1982-12-01,5277.739367544908
DBA_25,1983-01-01,5476.95222765465
DBA_25,1983-02-01,5314.379009061906
DBA_25,1983-03-01,5527.344696255822
DBA_25,1983-04-01,5467.027318492659
DBA_25,1983-05-01,5544.120081482389
DBA_25,1983-06-01,5805.591824121416
DBA_25,1983-07-01,5171.763598426095
DBA_25,1983-08-01,5231.232497428597
DBA_25,1983-09-01,5411.103688744051
DBA_25,1983-10-01,5363.367849900813
DBA_25,1983-11-01,5329.940427868466
DBA_25,1983-12-01,5462.0465865276665
DBA_25,1984-01-01,5582.311296791646
DBA_25,1984-02-01,4791.224370840519
DBA_25,1984-03-01,7012.551966676914
DBA_25,1984-04-01,5240.100131276847
DBA_25,1984-05-01,5543.046869352202
DBA_25,1984-06-01,5647.148910150885
DBA_25,1984-07-01,5144.710703510474
DBA_25,1984-08-01,5174.220169890758
DBA_25,1984-09-01,5139.189218388226
DBA_25,1984-10-01,5012.724206788079
DBA_25,1984-11-01,5216.815638130047
DBA_25,1984-12-01,4896.037762844981
DBA_25,1985-01-01,5505.442894824078
DBA_25,1985-02-01,5046.133264728671
DBA_25,1985-03-01,5717.298179249458
DBA_25,1985-04-01,5018.482907416466
DBA_25,1985-05-01,5122.049299090055
DBA_25,1985-06-01,5105.014135655917
DBA_25,1985-07-01,4354.101988541711
DBA_25,1985-08-01,4538.5466738883615
DBA_25,1985-09-01,4442.797462255117
DBA_25,1985-10-01,4725.802269472091
DBA_25,1985-11-01,4678.467312996398
DBA_25,1985-12-01,4388.067221909064
DBA_25,1986-01-01,4588.192689186821
DBA_25,1986-02-01,4699.957860886417
DBA_25,1986-03-01,5278.676557629949
DBA_25,1986-04-01,4852.264199419418
DBA_25,1986-05-01,4837.5063294881975
DBA_25,1986-06-01,5367.512966132578
DBA_25,1986-07-01,4241.333434759296
DBA_25,1986-08-01,4628.98961682305
DBA_25,1986-09-01,4440.962676349889
DBA_25,1986-10-01,5458.146985340704
DBA_25,1986-11-01,4716.90715645833
DBA_25,1986-12-01,4589.028482049518
DBA_25,1987-01-01,4986.10219111651
DBA_25,1987-02-01,4622.657368501647
DBA_25,1987-03-01,5377.226295253251
DBA_25,1987-04-01,5019.958545342289
DBA_25,1987-05-01,4977.575211938016
DBA_25,1987-06-01,4921.128651269365
DBA_25,1987-07-01,4002.608864982525
DBA_25,1987-08-01,4407.214328197165
DBA_25,1987-09-01,4520.0279977281225
DBA_25,1987-10-01,4584.785918639493
DBA_25,1987-11-01,4354.513508310959
DBA_25,1987-12-01,4406.011473988098
DBA_25,1988-01-01,4344.569543536684
DBA_25,1988-02-01,4425.611172773155
DBA_25,1988-03-01,5143.91222818244
DBA_25,1988-04-01,4558.489841038479
DBA_25,1988-05-01,5062.989286207994
DBA_25,1988-06-01,5451.851932392335
DBA_25,1988-07-01,3831.331339136382
DBA_25,1988-08-01,4543.309587040414
DBA_25,1988-09-01,4743.6093337499215
DBA_25,1988-10-01,4685.123477805881
DBA_25,1988-11-01,4729.506116767157
DBA_25,1988-12-01,4622.093998245883
DBA_25,1989-01-01,4220.03939239309
DBA_25,1989-02-01,4494.609772985758
DBA_25,1989-03-01,4935.763261391614
DBA_25,1989-04-01,4806.6831907183305
DBA_25,1989-05-01,5468.373743079644
DBA_25,1989-06-01,5005.496725802181
DBA_25,1989-07-01,3867.964715640591
DBA_25,1989-08-01,4210.8571598780245
DBA_25,1989-09-01,4646.378132738064
DBA_25,1989-10-01,4460.207011768723
DBA_25,1989-11-01,4635.913817313274
DBA_25,1989-12-01,3851.4781322887643
DBA_25,1990-01-01,4955.58706306065
DBA_25,1990-02-01,4688.55531730189
DBA_25,1990-03-01,5306.534232128858
DBA_25,1990-04-01,4895.911096430183
DBA_25,1990-05-01,6157.887745638385
DBA_25,1990-06-01,5329.311019631854
DBA_25,1990-07-01,4093.1465515070486
DBA_25,1990-08-01,4747.301000941628
DBA_25,1990-09-01,4532.632922845722
DBA_25,1990-10-01,4872.557209689919
DBA_25,1990-11-01,4490.256063401763
DBA_25,1990-12-01,3846.1335298429562
DBA_25,1991-01-01,4403.442218964693
DBA_25,1991-02-01,4284.571371628763
DBA_25,1991-03-01,4772.7130418895695
DBA_25,1991-04-01,4588.335260738216
DBA_25,1991-05-01,4670.9451209863455
DBA_25,1991-06-01,4653.884298072533
DBA_26,1978-01-01,2896.623196516215
DBA_26,1978-02-01,4119.368237439953
DBA_26,1978-03-01,4879.27550770636
DBA_26,1978-04-01,3524.42517953578
DBA_26,1978-05-01,2919.3454176701453
DBA_26,1978-06-01,4255.315991953117
DBA_26,1978-07-01,7521.815805488253
DBA_26,1978-08-01,5974.191994192955
DBA_26,1978-09-01,4513.344513903276
DBA_26,1978-10-01,5430.164601523537
DBA_26,1978-11-01,5562.016062837979
DBA_26,1978-12-01,4741.591994429494
DBA_26,1979-01-01,3214.235655331443
DBA_26,1979-02-01,3477.439011265296
DBA_26,1979-03-01,4365.835757477427
DBA_26,1979-04-01,4050.911127450657
DBA_26,1979-05-01,4053.173284875169
DBA_26,1979-06-01,4090.6604650528047
DBA_26,1979-07-01,5459.721891921586
DBA_26,1979-08-01,4934.25503874198
DBA_26,1979-09-01,4289.537388751538
DBA_26,1979-10-01,4339.046945071428
DBA_26,1979-11-01,4927.692623464204
DBA_26,1979-12-01,4338.5621970518905
DBA_26,1980-01-01,3142.4733984960894
DBA_26,1980-02-01,3757.84324415883
DBA_26,1980-03-01,4860.3752584197955
DBA_26,1980-04-01,4351.2282552313145
DBA_26,1980-05-01,4571.973603590897
DBA_26,1980-06-01,4852.804289576802
DBA_26,1980-07-01,5390.551425918049
DBA_26,1980-08-01,4879.465430651412
DBA_26,1980-09-01,4173.440948121407
DBA_26,1980-10-01,4178.450010989972
DBA_26,1980-11-01,4479.963279142847
DBA_26,1980-12-01,4569.480080084267
DBA_26,1981-01-01,3987.13612594549
DBA_26,1981-02-01,2313.1923765949045
DBA_26,1981-03-01,5214.0027060831035
DBA_26,1981-04-01,4743.635544457691
DBA_26,1981-05-01,4798.358209774468
DBA_26,1981-06-01,5421.922305343197
DBA_26,1981-07-01,7276.136440778333
DBA_26,1981-08-01,5718.482338345889
DBA_26,1981-09-01,5399.990970072434
DBA_26,1981-10-01,5731.989502565166
DBA_26,1981-11-01,5876.336690605484
DBA_26,1981-12-01,4572.9032256543005
DBA_26,1982-01-01,2734.9198377676103
DBA_26,1982-02-01,3958.769189498157
DBA_26,1982-03-01,5054.416139917357
DBA_26,1982-04-01,4511.4983580343705
DBA_26,1982-05-01,5710.379150968995
DBA_26,1982-06-01,5756.268630151963
DBA_26,1982-07-01,5869.807388506065
DBA_26,1982-08-01,6361.814839069734
DBA_26,1982-09-01,4965.677186088371
DBA_26,1982-10-01,7305.386017297743
DBA_26,1982-11-01,6040.956730417737
DBA_26,1982-12-01,4298.719571667383
DBA_26,1983-01-01,2551.6923964111297
DBA_26,1983-02-01,3651.5438988022483
DBA_26,1983-03-01,4333.226848962062
DBA_26,1983-04-01,4379.978102401984
DBA_26,1983-05-01,4496.317627091195
DBA_26,1983-06-01,5093.763764163163
DBA_26,1983-07-01,6946.624872027353
DBA_26,1983-08-01,7798.077624168268
DBA_26,1983-09-01,4954.151993259971
DBA_26,1983-10-01,5745.194604427693
DBA_26,1983-11-01,6511.748878851402
DBA_26,1983-12-01,4740.392568549903
DBA_26,1984-01-01,3801.706600612434
DBA_26,1984-02-01,2883.436031988313
DBA_26,1984-03-01,4091.0657297455336
DBA_26,1984-04-01,3853.4349740882785
DBA_26,1984-05-01,4425.429186410707
DBA_26,1984-06-01,5731.23964680826
DBA_26,1984-07-01,5933.217988282584
DBA_26,1984-08-01,6011.747167447802
DBA_26,1984-09-01,5795.549550733683
DBA_26,1984-10-01,6789.147737638377
DBA_26,1984-11-01,8151.613306904816
DBA_26,1984-12-01,5758.223243998356
DBA_26,1985-01-01,2808.2121726836135
DBA_26,1985-02-01,4205.350136089321
DBA_26,1985-03-01,4523.719973229789
DBA_26,1985-04-01,5089.905660050622
DBA_26,1985-05-01,3636.197548668296
DBA_26,1985-06-01,4815.500103827098
DBA_26,1985-07-01,6064.498260243627
DBA_26,1985-08-01,8188.782755756544
DBA_26,1985-09-01,5714.470617405435
DBA_26,1985-10-01,5275.28891170366
DBA_26,1985-11-01,6444.176570045864
DBA_26,1985-12-01,6241.444374936013
DBA_26,1986-01-01,2131.039641657029
DBA_26,1986-02-01,3096.93918400245
DBA_26,1986-03-01,4579.2161681772195
DBA_26,1986-04-01,4726.256400770529
DBA_26,1986-05-01,4542.69848403866
DBA_26,1986-06-01,5128.909836899111
DBA_26,1986-07-01,6178.719239123929
DBA_26,1986-08-01,7766.636060557473
DBA_26,1986-09-01,2757.1579800944337
DBA_26,1986-10-01,4158.066297218597
DBA_26,1986-11-01,8479.241350413238
DBA_26,1986-12-01,12580.921401107978
DBA_26,1987-01-01,7849.841274385827
DBA_26,1987-02-01,3183.5495070249567
DBA_26,1987-03-01,5922.305068693717
DBA_26,1987-04-01,6051.997298137405
DBA_26,1987-05-01,5592.483059547154
DBA_26,1987-06-01,4295.916589488086
DBA_27,1982-01-01,8206.613029971762
DBA_27,1982-02-01,6500.5517069363095
DBA_27,1982-03-01,6111.1682541932805
DBA_27,1982-04-01,5853.582433494148
DBA_27,1982-05-01,5479.870836816043
DBA_27,1982-06-01,4685.876466874603
DBA_27,1982-07-01,4359.33498332664
DBA_27,1982-08-01,5074.894643744178
DBA_27,1982-09-01,6809.57820608428
DBA_27,1982-10-01,6806.5631102107245
DBA_27,1982-11-01,6911.470539140725
DBA_27,1982-12-01,6496.027442589869
DBA_27,1983-01-01,6943.249344622128
DBA_27,1983-02-01,6726.253295176159
DBA_27,1983-03-01,6459.611386523196
DBA_27,1983-04-01,6365.911646756147
DBA_27,1983-05-01,6111.497349443706
DBA_27,1983-06-01,5701.307976046675
DBA_27,1983-07-01,4958.243589514975
DBA_27,1983-08-01,5245.4711910342085
DBA_27,1983-09-01,6705.564970327414
DBA_27,1983-10-01,7109.635407340757
DBA_27,1983-11-01,7341.497936604202
DBA_27,1983-12-01,7415.315482665863
DBA_27,1984-01-01,7900.026683293384
DBA_27,1984-02-01,7476.681259135134
DBA_27,1984-03-01,6930.4134345121465
DBA_27,1984-04-01,6390.215275993059
DBA_27,1984-05-01,6027.934880576208
DBA_27,1984-06-01,5706.286284623515
DBA_27,1984-07-01,5076.742321544637
DBA_27,1984-08-01,5469.906144297953
DBA_27,1984-09-01,6104.809010889101
DBA_27,1984-10-01,6762.456406578792
DBA_27,1984-11-01,7104.853534024747
DBA_27,1984-12-01,6962.18988366618
DBA_27,1985-01-01,7208.917833854721
DBA_27,1985-02-01,7056.434123433232
DBA_27,1985-03-01,7772.739560965992
DBA_27,1985-04-01,7330.826135282916
DBA_27,1985-05-01,6907.336045069386
DBA_27,1985-06-01,6562.0043514675335
DBA_27,1985-07-01,6009.828974257177
DBA_27,1985-08-01,5708.891395216709
DBA_27,1985-09-01,6840.9284929965
DBA_27,1985-10-01,8036.786357275554
DBA_27,1985-11-01,8919.747438793274
DBA_27,1985-12-01,8960.780486626189
DBA_27,1986-01-01,9080.839560923177
DBA_27,1986-02-01,9037.116579086989
DBA_27,1986-03-01,9415.077353233117
DBA_27,1986-04-01,7669.144339264819
DBA_27,1986-05-01,6948.909111057232
DBA_27,1986-06-01,6593.6138823917745
DBA_27,1986-07-01,5886.484163380549
DBA_27,1986-08-01,5860.058459887828
DBA_27,1986-09-01,7522.906297859473
DBA_27,1986-10-01,8981.873227289936
DBA_27,1986-11-01,11954.277276376135
DBA_27,1986-12-01,8519.41663575946
DBA_27,1987-01-01,8356.65823286473
DBA_27,1987-02-01,8007.273225533437
DBA_27,1987-03-01,7717.100800962665
DBA_27,1987-04-01,7031.478789301549
DBA_27,1987-05-01,6856.672627533322
DBA_27,1987-06-01,6612.307706986062
DBA_27,1987-07-01,5825.198226038806
DBA_27,1987-08-01,5991.931958372502
DBA_27,1987-09-01,8408.947050549496
DBA_27,1987-10-01,8918.424541507971
DBA_27,1987-11-01,9005.249096872123
DBA_27,1987-12-01,10128.80771484566
DBA_27,1988-01-01,8516.80620195866
DBA_27,1988-02-01,8407.389572593709
DBA_27,1988-03-01,8145.4393015710875
DBA_27,1988-04-01,7803.547601316118
DBA_27,1988-05-01,7336.2938028384215
DBA_27,1988-06-01,7092.156198496324
DBA_27,1988-07-01,6467.248361101867
DBA_27,1988-08-01,5851.565893167827
DBA_27,1988-09-01,8148.447538123778
DBA_27,1988-10-01,8681.976915877101
DBA_27,1988-11-01,8932.13432027188
DBA_27,1988-12-01,10152.249348218302
DBA_27,1989-01-01,8146.428941491689
DBA_27,1989-02-01,7817.968578820756
DBA_27,1989-03-01,7578.745791868921
DBA_27,1989-04-01,7290.145383012826
DBA_27,1989-05-01,6952.0232349941725
DBA_27,1989-06-01,6577.462909431172
DBA_27,1989-07-01,6038.754953812041
DBA_27,1989-08-01,5893.401806888641
DBA_27,1989-09-01,6799.3626367411225
DBA_27,1989-10-01,7822.08519834449
DBA_27,1989-11-01,7642.452649112129
DBA_27,1989-12-01,7075.161968430925
DBA_27,1990-01-01,7228.091924271159
DBA_27,1990-02-01,7192.5400780021855
DBA_27,1990-03-01,6866.076049973275
DBA_27,1990-04-01,6899.26421592667
DBA_27,1990-05-01,6540.387492905453
DBA_27,1990-06-01,5794.980341302375
DBA_27,1990-07-01,4995.834292690153
DBA_27,1990-08-01,4552.036447640463
DBA_27,1990-09-01,8463.64253289373
DBA_27,1990-10-01,13054.61013014787
DBA_27,1990-11-01,8284.914347635377
DBA_27,1990-12-01,8278.588051894945
DBA_27,1991-01-01,9652.835616753
DBA_27,1991-02-01,5739.565642012656
DBA_27,1991-03-01,6182.963842605153
DBA_27,1991-04-01,5853.3267049793385
DBA_27,1991-05-01,5458.513956750601
DBA_27,1991-06-01,5658.5724757217595
DBA_28,1981-01-01,1579.6900915534568
DBA_28,1981-02-01,3111.7931286177154
DBA_28,1981-03-01,2256.5480911942914
DBA_28,1981-04-01,3145.9274517262297
DBA_28,1981-05-01,1687.768993165031
DBA_28,1981-06-01,2293.827397829377
DBA_28,1981-07-01,2954.203759734217
DBA_28,1981-08-01,2552.934366045948
DBA_28,1981-09-01,3608.0386816857354
DBA_28,1981-10-01,3025.0395517776346
DBA_28,1981-11-01,2485.624512896776
DBA_28,1981-12-01,2473.3906899184763
DBA_28,1982-01-01,3172.0759794627406
DBA_28,1982-02-01,1865.9272605518902
DBA_28,1982-03-01,1941.359136960195
DBA_28,1982-04-01,1605.7094353672528
DBA_28,1982-05-01,3539.8967363245056
DBA_28,1982-06-01,2311.555024295158
DBA_28,1982-07-01,1850.5150354920606
DBA_28,1982-08-01,1820.7222241612133
DBA_28,1982-09-01,2475.194741977654
DBA_28,1982-10-01,2433.1169410125417
DBA_28,1982-11-01,3511.1161403972897
DBA_28,1982-12-01,3251.7590932573107
DBA_28,1983-01-01,2486.9375378825093
DBA_28,1983-02-01,5069.151708673751
DBA_28,1983-03-01,2244.9450393700286
DBA_28,1983-04-01,2044.1899612951652
DBA_28,1983-05-01,2648.901960115418
DBA_28,1983-06-01,4648.04040478566
DBA_28,1983-07-01,2436.083969059199
DBA_28,1983-08-01,2957.244827934818
DBA_28,1983-09-01,2406.7227939112768
DBA_28,1983-10-01,2927.8836527868966
DBA_28,1983-11-01,2692.9942516035185
DBA_28,1983-12-01,2474.947352594852
DBA_28,1984-01-01,2222.9305992418526
DBA_28,1984-02-01,1761.5491822876465
DBA_28,1984-03-01,2554.831328851468
DBA_28,1984-04-01,1691.401627941066
DBA_28,1984-05-01,1581.280307132084
DBA_28,1984-06-01,1703.1542920014856
DBA_28,1984-07-01,1656.5485675228313
DBA_28,1984-08-01,1708.500831190721
DBA_28,1984-09-01,1710.8492397073899
DBA_28,1984-10-01,1744.0929922877767
DBA_28,1984-11-01,1722.0721109268354
DBA_28,1984-12-01,1817.495930157582
DBA_28,1985-01-01,1751.4332860747572
DBA_28,1985-02-01,1802.8153425836208
DBA_28,1985-03-01,1954.7193489957992
DBA_28,1985-04-01,1746.8507086422924
DBA_28,1985-05-01,1826.8001857013335
DBA_28,1985-06-01,1962.7142967017032
DBA_28,1985-07-01,1918.6725339798202
DBA_28,1985-08-01,1870.7028477443955
DBA_28,1985-09-01,1900.0640228923173
DBA_28,1985-10-01,1827.2966366928747
DBA_28,1985-11-01,1946.724401289895
DBA_28,1985-12-01,1730.8608132304842
DBA_28,1986-01-01,1746.8507086422924
DBA_28,1986-02-01,1688.1283583464478
DBA_28,1986-03-01,1568.3150015465837
DBA_28,1986-04-01,1628.7513541316803
DBA_28,1986-05-01,1743.4383383688528
DBA_28,1986-06-01,1798.0936644723347
DBA_28,1986-07-01,1834.7951334072375
DBA_28,1986-08-01,1986.6991398194154
DBA_28,1986-09-01,1917.3478336456492
DBA_28,1986-10-01,1837.6876036065385
DBA_28,1986-11-01,1821.5783698810644
DBA_28,1986-12-01,1839.377710839702
DBA_28,1987-01-01,1890.7597673485664
DBA_28,1987-02-01,2026.6738783489361
DBA_28,1987-03-01,2002.9890352312236
DBA_28,1987-04-01,1915.8446104662787
DBA_28,1987-05-01,1892.7237291053368
DBA_28,1987-06-01,1847.018004626683
DBA_28,1987-07-01,1817.3568294787608
DBA_28,1987-08-01,1846.7180046266828
DBA_28,1987-09-01,1769.3871432433361
DBA_28,1987-10-01,1722.7267648457585
DBA_28,1987-11-01,1730.0670586327394
DBA_28,1987-12-01,1789.1894089285834
DBA_28,1988-01-01,1730.4670586327393
DBA_28,1988-02-01,1752.4879399936808
DBA_28,1988-03-01,1784.0677308172972
DBA_28,1988-04-01,1784.0677308172972
DBA_28,1988-05-01,1690.965997996426
DBA_28,1988-06-01,1826.8001857013335
DBA_28,1988-07-01,1978.7041921135115
DBA_28,1988-08-01,2018.678930643032
DBA_28,1988-09-01,2010.683982937128
DBA_28,1988-10-01,1716.1091930420891
DBA_28,1988-11-01,1791.9726024607126
DBA_28,1988-12-01,1807.0325131170925
DBA_28,1989-01-01,1852.5396827379695
DBA_28,1989-02-01,1852.5396827379695
DBA_28,1989-03-01,1865.9811696331085
DBA_28,1989-04-01,1946.724401289895
DBA_28,1989-05-01,1722.8658655245802
DBA_28,1989-06-01,1738.8557609363882
DBA_28,1989-07-01,1954.7193489957992
DBA_28,1989-08-01,1970.7092444076075
DBA_28,1989-09-01,2066.6486168784563
DBA_28,1989-10-01,1920.4736451603228
DBA_28,1989-11-01,1934.0077754727045
DBA_28,1989-12-01,1970.7092444076075
DBA_28,1990-01-01,1962.7142967017032
DBA_28,1990-02-01,2146.598093937498
DBA_28,1990-03-01,2042.6637737607443
DBA_28,1990-04-01,2000.9687514474297
DBA_28,1990-05-01,1900.9693023210978
DBA_28,1990-06-01,3084.3955112947824
DBA_29,1979-01-01,5370.0
DBA_29,1979-02-01,5360.0
DBA_29,1979-03-01,5525.0
DBA_29,1979-04-01,5380.0
DBA_29,1979-05-01,5275.0
DBA_29,1979-06-01,5670.0
DBA_29,1979-07-01,5525.0
DBA_29,1979-08-01,5795.0
DBA_29,1979-09-01,5315.0
DBA_29,1979-10-01,5185.0
DBA_29,1979-11-01,4995.0
DBA_29,1979-12-01,4930.0
DBA_29,1980-01-01,4620.0
DBA_29,1980-02-01,4480.0
DBA_29,1980-03-01,4320.0
DBA_29,1980-04-01,4310.0
DBA_29,1980-05-01,4650.0
DBA_29,1980-06-01,4980.0
DBA_29,1980-07-01,4955.0
DBA_29,1980-08-01,5285.0
DBA_29,1980-09-01,4605.0
DBA_29,1980-10-01,4535.0
DBA_29,1980-11-01,4750.0
DBA_29,1980-12-01,4810.0
DBA_29,1981-01-01,4800.0
DBA_29,1981-02-01,4715.0
DBA_29,1981-03-01,4455.0
DBA_29,1981-04-01,4350.0
DBA_29,1981-05-01,4295.0
DBA_29,1981-06-01,4120.0
DBA_29,1981-07-01,3825.0
DBA_29,1981-08-01,3845.0
DBA_29,1981-09-01,3885.0
DBA_29,1981-10-01,3905.0
DBA_29,1981-11-01,4075.0
DBA_29,1981-12-01,4260.0
DBA_29,1982-01-01,4105.0
DBA_29,1982-02-01,3995.0
DBA_29,1982-03-01,4040.0
DBA_29,1982-04-01,3715.0
DBA_29,1982-05-01,3540.0
DBA_29,1982-06-01,3905.0
DBA_29,1982-07-01,3825.0
DBA_29,1982-08-01,3675.0
DBA_29,1982-09-01,4040.0
DBA_29,1982-10-01,3870.0
DBA_29,1982-11-01,4120.0
DBA_29,1982-12-01,4170.0
DBA_29,1983-01-01,4325.0
DBA_29,1983-02-01,4005.0
DBA_29,1983-03-01,4390.0
DBA_29,1983-04-01,4335.0
DBA_29,1983-05-01,4360.0
DBA_29,1983-06-01,4315.0
DBA_29,1983-07-01,4280.0
DBA_29,1983-08-01,3990.0
DBA_29,1983-09-01,3935.0
DBA_29,1983-10-01,4430.0
DBA_29,1983-11-01,4640.0
DBA_29,1983-12-01,4945.0
DBA_29,1984-01-01,4800.0
DBA_29,1984-02-01,4805.0
DBA_29,1984-03-01,4560.0
DBA_29,1984-04-01,4500.0
DBA_29,1984-05-01,4605.0
DBA_29,1984-06-01,4410.0
DBA_29,1984-07-01,4350.0
DBA_29,1984-08-01,4595.0
DBA_29,1984-09-01,4340.0
DBA_29,1984-10-01,4315.0
DBA_29,1984-11-01,4710.0
DBA_29,1984-12-01,4815.0
DBA_29,1985-01-01,4750.0
DBA_29,1985-02-01,4610.0
DBA_29,1985-03-01,4650.0
DBA_29,1985-04-01,4365.0
DBA_29,1985-05-01,4330.0
DBA_29,1985-06-01,4475.0
DBA_29,1985-07-01,4115.0
DBA_29,1985-08-01,4475.0
DBA_29,1985-09-01,4035.0
DBA_29,1985-10-01,3845.0
DBA_29,1985-11-01,4565.0
DBA_29,1985-12-01,4400.0
DBA_29,1986-01-01,4465.0
DBA_29,1986-02-01,4495.0
DBA_29,1986-03-01,4480.0
DBA_29,1986-04-01,4435.0
DBA_29,1986-05-01,4360.0
DBA_29,1986-06-01,4225.0
DBA_29,1986-07-01,4110.0
DBA_29,1986-08-01,4615.0
DBA_29,1986-09-01,4505.0
DBA_29,1986-10-01,4585.0
DBA_29,1986-11-01,4700.0
DBA_29,1986-12-01,4500.0
DBA_29,1987-01-01,4625.0
DBA_29,1987-02-01,4560.0
DBA_29,1987-03-01,4850.0
DBA_29,1987-04-01,5035.0
DBA_29,1987-05-01,5005.0
DBA_29,1987-06-01,5060.0
DBA_29,1987-07-01,5145.0
DBA_29,1987-08-01,5195.0
DBA_29,1987-09-01,4265.0
DBA_29,1987-10-01,4155.0
DBA_29,1987-11-01,4525.0
DBA_29,1987-12-01,4460.0
DBA_29,1988-01-01,4225.0
DBA_29,1988-02-01,4205.0
DBA_30,1978-01-01,1843.057421483949
DBA_30,1978-02-01,3691.651861849394
DBA_30,1978-03-01,3656.1998314624284
DBA_30,1978-04-01,3726.2998310168464
DBA_30,1978-05-01,3863.519561027387
DBA_30,1978-06-01,4363.105191862349
DBA_30,1978-07-01,3393.214018629991
DBA_30,1978-08-01,4100.271888339137
DBA_30,1978-09-01,3819.5573624722288
DBA_30,1978-10-01,4470.209703417065
DBA_30,1978-11-01,3796.8201383036258
DBA_30,1978-12-01,4183.720346107653
DBA_30,1979-01-01,4218.6367796384275
DBA_30,1979-02-01,4307.116909426303
DBA_30,1979-03-01,3556.0501768781246
DBA_30,1979-04-01,4669.874511697727
DBA_30,1979-05-01,4881.667422201154
DBA_30,1979-06-01,4103.70575519485
DBA_30,1979-07-01,4325.698415662082
DBA_30,1979-08-01,4301.825838104298
DBA_30,1979-09-01,4086.0802072783576
DBA_30,1979-10-01,4823.664853977059
DBA_30,1979-11-01,4024.562033663621
DBA_30,1979-12-01,4631.317661151341
DBA_30,1980-01-01,4800.545231969828
DBA_30,1980-02-01,4247.650675124375
DBA_30,1980-03-01,5507.74199144052
DBA_30,1980-04-01,4635.70593872658
DBA_30,1980-05-01,4512.550211512598
DBA_30,1980-06-01,4710.55874032131
DBA_30,1980-07-01,4609.379170952577
DBA_30,1980-08-01,4018.030684570002
DBA_30,1980-09-01,4441.000274835238
DBA_30,1980-10-01,4134.707198037303
DBA_30,1980-11-01,4350.175050514129
DBA_30,1980-12-01,5058.80250569683
DBA_30,1981-01-01,4531.260374156304
DBA_30,1981-02-01,4136.036346263955
DBA_30,1981-03-01,5009.004904891005
DBA_30,1981-04-01,3783.4923697885483
DBA_30,1981-05-01,4243.7990021531
DBA_30,1981-06-01,3269.485467441413
DBA_30,1981-07-01,2338.1577176874675
DBA_30,1981-08-01,2797.8683838573484
DBA_30,1981-09-01,2995.38226937771
DBA_30,1981-10-01,3145.272398396379
DBA_30,1981-11-01,3286.109450577222
DBA_30,1981-12-01,3343.2809272050895
DBA_30,1982-01-01,3076.108855939251
DBA_30,1982-02-01,3214.1570556016627
DBA_30,1982-03-01,3233.6790232306907
DBA_30,1982-04-01,3323.2011890723747
DBA_30,1982-05-01,4107.812630881413
DBA_30,1982-06-01,3531.993816566136
DBA_30,1982-07-01,2611.7478763753516
DBA_30,1982-08-01,3884.2018074052876
DBA_30,1982-09-01,2701.6160485958717
DBA_30,1982-10-01,2833.3208850736537
DBA_30,1982-11-01,1924.051063913609
DBA_30,1982-12-01,2737.59758810097
DBA_30,1983-01-01,1910.780430210722
DBA_30,1983-02-01,2392.0803386719313
DBA_30,1983-03-01,2911.764330264663
DBA_30,1983-04-01,2765.628458298797
DBA_30,1983-05-01,2802.3830000744283
DBA_30,1983-06-01,3560.3051047196573
DBA_30,1983-07-01,2386.9034949126635
DBA_30,1983-08-01,2886.5502861052846
DBA_30,1983-09-01,3404.11440113978
DBA_30,1983-10-01,2896.6136113649354
DBA_30,1983-11-01,2834.9799707075767
DBA_30,1983-12-01,2980.5580721697547
DBA_30,1984-01-01,2326.2932713454784
DBA_30,1984-02-01,2421.9509127277142
DBA_30,1984-03-01,3094.290558878187
DBA_30,1984-04-01,3028.4736394431775
DBA_30,1984-05-01,2870.6245868998963
DBA_30,1984-06-01,2977.437638355863
DBA_30,1984-07-01,2618.233433981751
DBA_30,1984-08-01,2788.6323228579795
DBA_30,1984-09-01,3223.6990993904874
DBA_30,1984-10-01,2791.9847295371287
DBA_30,1984-11-01,2492.8582008162293
DBA_30,1984-12-01,3665.4065456384146
DBA_30,1985-01-01,2230.3951377308454
DBA_30,1985-02-01,2447.857919384122
DBA_30,1985-03-01,3172.316422938801
DBA_30,1985-04-01,2702.115888331074
DBA_30,1985-05-01,2915.4631059911635
DBA_30,1985-06-01,2716.8968066787666
DBA_30,1985-07-01,2851.319498067216
DBA_30,1985-08-01,2886.1801545476224
DBA_30,1985-09-01,3065.503371482836
DBA_30,1985-10-01,3037.8937315503526
DBA_30,1985-11-01,2744.010650607971
DBA_30,1985-12-01,2989.2231864533987
DBA_30,1986-01-01,2269.6330792444046
DBA_30,1986-02-01,1962.4302282954307
DBA_30,1986-03-01,2664.150022928073
DBA_30,1986-04-01,2357.142930134246
DBA_30,1986-05-01,2159.200763792077
DBA_30,1986-06-01,3507.8235777985997
DBA_30,1986-07-01,3955.1555217551786
DBA_30,1986-08-01,4439.094432602077
DBA_30,1986-09-01,6290.882118721546
DBA_30,1986-10-01,3899.3446659448978
DBA_30,1986-11-01,3292.3594214446407
DBA_30,1986-12-01,3500.3865640756385
DBA_30,1987-01-01,2980.3860950479516
DBA_30,1987-02-01,3445.43692087751
DBA_30,1987-03-01,3540.565435533827
DBA_30,1987-04-01,3769.8822101640885
DBA_30,1987-05-01,6143.562735144981
DBA_30,1987-06-01,3036.7860628638696
DBA_31,1982-01-01,6574.400217658208
DBA_31,1982-02-01,4085.03808722153
DBA_31,1982-03-01,5213.265917942186
DBA_31,1982-04-01,5003.658145647458
DBA_31,1982-05-01,5148.825099057925
DBA_31,1982-06-01,5116.779800536678
DBA_31,1982-07-01,4994.552377761639
DBA_31,1982-08-01,5141.820662222679
DBA_31,1982-09-01,5520.125589213488
DBA_31,1982-10-01,5218.540624717612
DBA_31,1982-11-01,5145.344259789295
DBA_31,1982-12-01,4989.367989344442
DBA_31,1983-01-01,5889.856807317264
DBA_31,1983-02-01,4744.9228448287895
DBA_31,1983-03-01,5081.818628892978
DBA_31,1983-04-01,5316.535001642382
DBA_31,1983-05-01,5599.68575938549
DBA_31,1983-06-01,4865.189842376272
DBA_31,1983-07-01,5271.408269470303
DBA_31,1983-08-01,5528.833575197302
DBA_31,1983-09-01,4617.979589062597
DBA_31,1983-10-01,5203.0472715579845
DBA_31,1983-11-01,4991.338168212683
DBA_31,1983-12-01,5520.873592957257
DBA_31,1984-01-01,5465.363431037937
DBA_31,1984-02-01,4931.095428491283
DBA_31,1984-03-01,5978.564463586571
DBA_31,1984-04-01,5334.681607506612
DBA_31,1984-05-01,5463.913467116893
DBA_31,1984-06-01,5792.596665610799
DBA_31,1984-07-01,5432.568612279172
DBA_31,1984-08-01,5438.872605430891
DBA_31,1984-09-01,5298.433646884216
DBA_31,1984-10-01,5804.6793191516
DBA_31,1984-11-01,5457.084141202532
DBA_31,1984-12-01,5372.68067733782
DBA_31,1985-01-01,5540.787161383716
DBA_31,1985-02-01,5208.822589618071
DBA_31,1985-03-01,5763.194608289498
DBA_31,1985-04-01,7955.435106611644
DBA_31,1985-05-01,7763.681946226181
DBA_31,1985-06-01,7196.209370330467
DBA_31,1985-07-01,6403.029701136606
DBA_31,1985-08-01,7673.941221007137
DBA_31,1985-09-01,7806.5995313007825
DBA_31,1985-10-01,8082.702750690108
DBA_31,1985-11-01,7233.316973368108
DBA_31,1985-12-01,6616.643516345986
DBA_31,1986-01-01,7631.206987348948
DBA_31,1986-02-01,7509.402787407921
DBA_31,1986-03-01,7873.08209009688
DBA_31,1986-04-01,7492.868521764498
DBA_31,1986-05-01,7130.739137382295
DBA_31,1986-06-01,7006.060161714923
DBA_31,1986-07-01,6850.561663972468
DBA_31,1986-08-01,7527.328608111997
DBA_31,1986-09-01,7680.550052106213
DBA_31,1986-10-01,8514.205593202007
DBA_31,1986-11-01,7182.498968970866
DBA_31,1986-12-01,7120.579713274374
DBA_31,1987-01-01,7838.919820188033
DBA_31,1987-02-01,7738.756373444019
DBA_31,1987-03-01,8175.340702487091
DBA_31,1987-04-01,7650.520994113952
DBA_31,1987-05-01,7887.6547431841
DBA_31,1987-06-01,7697.232139172625
DBA_31,1987-07-01,7355.865733440805
DBA_31,1987-08-01,7766.411744863997
DBA_31,1987-09-01,7949.117168428791
DBA_31,1987-10-01,8618.645696904243
DBA_31,1987-11-01,7639.534128995316
DBA_31,1987-12-01,7631.092304296898
DBA_31,1988-01-01,8010.445958361901
DBA_31,1988-02-01,8239.541888316662
DBA_31,1988-03-01,8726.010427910227
DBA_31,1988-04-01,8107.289689168909
DBA_31,1988-05-01,8023.936890829485
DBA_31,1988-06-01,8211.013601801009
DBA_31,1988-07-01,7159.555513904281
DBA_31,1988-08-01,8254.48280090004
DBA_31,1988-09-01,8310.197446016578
DBA_31,1988-10-01,8694.830078897647
DBA_31,1988-11-01,7914.849778765299
DBA_31,1988-12-01,7511.394217055146
DBA_31,1989-01-01,8667.620690015885
DBA_31,1989-02-01,8251.870267026425
DBA_31,1989-03-01,8985.382178194248
DBA_31,1989-04-01,8717.007627170588
DBA_31,1989-05-01,8670.077900374443
DBA_31,1989-06-01,8397.605307483385
DBA_31,1989-07-01,7061.668966434294
DBA_31,1989-08-01,8401.637933832693
DBA_31,1989-09-01,7873.408733959567
DBA_31,1989-10-01,8411.582213103717
DBA_31,1989-11-01,7618.240907588284
DBA_31,1989-12-01,7017.855173891256
DBA_31,1990-01-01,8668.943356039386
DBA_31,1990-02-01,8037.8710108142395
DBA_31,1990-03-01,8862.646438861233
DBA_31,1990-04-01,8154.707790929005
DBA_31,1990-05-01,8273.850560124982
DBA_31,1990-06-01,8349.179536777923
DBA_31,1990-07-01,7123.162008599961
DBA_31,1990-08-01,8491.382196786026
DBA_31,1990-09-01,8128.573248008599
DBA_31,1990-10-01,9033.289630870953
DBA_31,1990-11-01,7539.008706245276
DBA_31,1990-12-01,4089.856075001852
DBA_31,1991-01-01,8013.322852757265
DBA_31,1991-02-01,7715.540737371407
DBA_31,1991-03-01,7287.701889492961
DBA_31,1991-04-01,7542.858242143572
DBA_31,1991-05-01,7653.594139537525
DBA_31,1991-06-01,7374.792335010759
DBA_32,1990-01-01,5509.64689285455
DBA_32,1990-02-01,4392.47638112631
DBA_32,1990-03-01,4671.419403983782
DBA_32,1990-04-01,6060.48771080766
DBA_32,1990-05-01,5605.707508646068
DBA_32,1990-06-01,5947.770832734038
DBA_32,1990-07-01,4472.911880030703
DBA_32,1990-08-01,4221.52999225272
DBA_32,1990-09-01,3915.799554586365
DBA_32,1990-10-01,5918.292801184918
DBA_32,1990-11-01,4865.207586483039
DBA_32,1990-12-01,4622.997103432832
DBA_32,1991-01-01,6684.075371608072
DBA_32,1991-02-01,5915.231123852286
DBA_32,1991-03-01,3852.319278305878
DBA_32,1991-04-01,6858.465511640659
DBA_32,1991-05-01,5695.71298365698
DBA_32,1991-06-01,4351.948316204555
DBA_32,1991-07-01,5488.257490532503
DBA_32,1991-08-01,5705.278021119823
DBA_32,1991-09-01,5117.094726952366
DBA_32,1991-10-01,6369.75878485341
DBA_32,1991-11-01,5496.296342666443
DBA_32,1991-12-01,5395.446063866558
DBA_32,1992-01-01,7021.909612680601
DBA_32,1992-02-01,4972.67612831235
DBA_32,1992-03-01,5797.56309204508
DBA_32,1992-04-01,5257.441183283503
DBA_32,1992-05-01,6284.843917616969
DBA_32,1992-06-01,5785.163536336043
DBA_32,1992-07-01,6274.2302924858795
DBA_32,1992-08-01,5254.007582988018
DBA_32,1992-09-01,5131.392657168349
DBA_32,1992-10-01,5271.481393873262
DBA_32,1992-11-01,4803.416930829148
DBA_32,1992-12-01,6095.752307445016
DBA_32,1993-01-01,4980.21870556852
DBA_32,1993-02-01,4311.438625054447
DBA_32,1993-03-01,5896.416627947915
DBA_33,1979-01-01,5838.880732321624
DBA_33,1979-02-01,5274.228241691575
DBA_33,1979-03-01,5491.966209229941
DBA_33,1979-04-01,5021.468701721244
DBA_33,1979-05-01,4861.674140016747
DBA_33,1979-06-01,4483.556814253053
DBA_33,1979-07-01,3841.168978929809
DBA_33,1979-08-01,6328.6478417060425
DBA_33,1979-09-01,5557.611814280295
DBA_33,1979-10-01,5521.889177913191
DBA_33,1979-11-01,5623.076666051431
DBA_33,1979-12-01,5759.096859663652
DBA_33,1980-01-01,5629.9953929376015
DBA_33,1980-02-01,5187.592853909896
DBA_33,1980-03-01,5222.8785675477775
DBA_33,1980-04-01,4708.304973892297
DBA_33,1980-05-01,4393.169449031393
DBA_33,1980-06-01,3994.56026408802
DBA_33,1980-07-01,4169.045874314786
DBA_33,1980-08-01,5896.173963230146
DBA_33,1980-09-01,5277.985819553599
DBA_33,1980-10-01,4937.227236012177
DBA_33,1980-11-01,5020.189864230098
DBA_33,1980-12-01,5196.706094480992
DBA_33,1981-01-01,4851.570967420273
DBA_33,1981-02-01,4459.109722410242
DBA_33,1981-03-01,4358.230073147356
DBA_33,1981-04-01,4100.859983278002
DBA_33,1981-05-01,4058.4960880177878
DBA_33,1981-06-01,3725.1695439175946
DBA_33,1981-07-01,3132.023206738158
DBA_33,1981-08-01,6057.1670896946725
DBA_33,1981-09-01,5032.749745260039
DBA_33,1981-10-01,4861.601171550089
DBA_33,1981-11-01,4824.028431110972
DBA_33,1981-12-01,4835.375903055673
DBA_33,1982-01-01,4825.541427370265
DBA_33,1982-02-01,4549.650479394738
DBA_33,1982-03-01,4203.399192653834
DBA_33,1982-04-01,4216.007494814612
DBA_33,1982-05-01,4173.863934914461
DBA_33,1982-06-01,3776.5719979701607
DBA_33,1982-07-01,3691.7236552579193
DBA_33,1982-08-01,6003.150236048695
DBA_33,1982-09-01,5079.267012236179
DBA_33,1982-10-01,5080.64368076798
DBA_33,1982-11-01,5142.697916794027
DBA_33,1982-12-01,5194.644121696431
DBA_33,1983-01-01,4912.281801434851
DBA_33,1983-02-01,4690.28615882004
DBA_33,1983-03-01,5466.016813925974
DBA_33,1983-04-01,4938.726393426431
DBA_33,1983-05-01,4768.2669051786825
DBA_33,1983-06-01,4368.228000936689
DBA_33,1983-07-01,4177.031613172652
DBA_33,1983-08-01,4890.659840349927
DBA_33,1983-09-01,4767.000828691703
DBA_33,1983-10-01,4576.243801869809
DBA_33,1983-11-01,4586.709576287227
DBA_33,1983-12-01,4663.802069728188
DBA_33,1984-01-01,4386.43577125012
DBA_33,1984-02-01,3954.386341911213
DBA_33,1984-03-01,3855.2546420790086
DBA_33,1984-04-01,3727.4064581687176
DBA_33,1984-05-01,3657.0767372439336
DBA_33,1984-06-01,3191.463139423181
DBA_33,1984-07-01,3083.615590325697
DBA_33,1984-08-01,4637.4803567528215
DBA_33,1984-09-01,4527.508978507294
DBA_33,1984-10-01,4374.192024232232
DBA_33,1984-11-01,4223.144564346108
DBA_33,1984-12-01,4336.367117749896
DBA_33,1985-01-01,4285.933909106785
DBA_33,1985-02-01,3884.3371449331053
DBA_33,1985-03-01,3727.3310313785546
DBA_33,1985-04-01,3582.496136567169
DBA_33,1985-05-01,3538.8834907570053
DBA_33,1985-06-01,3199.5404112682045
DBA_33,1985-07-01,2671.9552515610985
DBA_33,1985-08-01,5153.970682572591
DBA_33,1985-09-01,4475.70127330625
DBA_33,1985-10-01,4370.278694644221
DBA_33,1985-11-01,4413.146921990867
DBA_33,1985-12-01,4429.537714799878
DBA_33,1986-01-01,4382.634830761783
DBA_33,1986-02-01,4087.1326298367417
DBA_33,1986-03-01,4314.817840351607
DBA_33,1986-04-01,4450.433306433297
DBA_33,1986-05-01,4685.630991465366
DBA_33,1986-06-01,4243.174486821111
DBA_33,1986-07-01,3821.5027523738922
DBA_33,1986-08-01,6428.766039410074
DBA_33,1986-09-01,5002.534479205415
DBA_33,1986-10-01,4878.022891471348
DBA_33,1986-11-01,4849.528128587987
DBA_33,1986-12-01,4759.252685116816
DBA_33,1987-01-01,4715.627959640524
DBA_33,1987-02-01,4552.224363636838
DBA_33,1987-03-01,4621.822191564335
DBA_33,1987-04-01,4269.090358505962
DBA_33,1987-05-01,4303.889272469711
DBA_33,1987-06-01,4072.0963041787577
DBA_33,1987-07-01,3574.906504237153
DBA_33,1987-08-01,5843.750624918298
DBA_33,1987-09-01,4882.040897943075
DBA_33,1987-10-01,4903.475011616397
DBA_33,1987-11-01,4841.189998942154
DBA_33,1987-12-01,4971.806782900324
DBA_33,1988-01-01,4892.37447928742
DBA_33,1988-02-01,4395.451672874623
DBA_33,1988-03-01,4506.656897932687
DBA_33,1988-04-01,4289.066415044688
DBA_33,1988-05-01,3821.2643681295663
DBA_33,1988-06-01,3302.7783212760983
DBA_34,1982-01-01,5874.239566825
DBA_34,1982-02-01,4723.411073875
DBA_34,1982-03-01,4459.0515071
DBA_34,1982-04-01,4927.5439791
DBA_34,1982-05-01,5462.473393799999
DBA_34,1982-06-01,5497.455324975
DBA_34,1982-07-01,5170.868222475
DBA_34,1982-08-01,4517.029328625
DBA_34,1982-09-01,4343.2222753
DBA_34,1982-10-01,5292.02222465
DBA_34,1982-11-01,4877.71712245
DBA_34,1982-12-01,5738.8396544
DBA_34,1983-01-01,4502.6175489
DBA_34,1983-02-01,5245.1962744249995
DBA_34,1983-03-01,4088.647626325
DBA_34,1983-04-01,3859.9842823
DBA_34,1983-05-01,4043.55410815
DBA_34,1983-06-01,4183.594716549999
DBA_34,1983-07-01,5390.389814149999
DBA_34,1983-08-01,4883.836827475
DBA_34,1983-09-01,4076.560367825
DBA_34,1983-10-01,4331.9563512
DBA_34,1983-11-01,4291.11117375
DBA_34,1983-12-01,4642.22826875
DBA_34,1984-01-01,5003.851404800001
DBA_34,1984-02-01,4257.810256549999
DBA_34,1984-03-01,4303.240096775
DBA_34,1984-04-01,3950.637850625
DBA_34,1984-05-01,4122.354310925
DBA_34,1984-06-01,4720.861196825001
DBA_34,1984-07-01,3751.5124702749995
DBA_34,1984-08-01,4708.286577025
DBA_34,1984-09-01,4719.187583350001
DBA_34,1984-10-01,4796.88436735
DBA_34,1984-11-01,4831.2646443250005
DBA_34,1984-12-01,4288.7725549
DBA_34,1985-01-01,4962.9165496
DBA_34,1985-02-01,3238.5633383500003
DBA_34,1985-03-01,4254.118522025
DBA_34,1985-04-01,4666.9942724
DBA_34,1985-05-01,4807.4366723
DBA_34,1985-06-01,4662.958403750001
DBA_34,1985-07-01,4787.6943002
DBA_34,1985-08-01,4962.6835074499995
DBA_34,1985-09-01,4550.01079275
DBA_34,1985-10-01,4919.73157935
DBA_34,1985-11-01,4658.5938393
DBA_34,1985-12-01,5126.91062375
DBA_34,1986-01-01,4980.637594100001
DBA_34,1986-02-01,4437.3848671000005
DBA_34,1986-03-01,5045.89738055
DBA_34,1986-04-01,4809.8862959
DBA_34,1986-05-01,4966.927892149999
DBA_34,1986-06-01,4838.6024735
DBA_34,1986-07-01,5053.9738055
DBA_34,1986-08-01,5141.019718850001
DBA_34,1986-09-01,4800.912490399999
DBA_34,1986-10-01,5136.5328161
DBA_34,1986-11-01,4884.368881550001
DBA_34,1986-12-01,5283.703226299999
DBA_34,1987-01-01,5158.967329850001
DBA_34,1987-02-01,4765.914648950001
DBA_34,1987-03-01,5014.4890613
DBA_34,1987-04-01,4966.0305116
DBA_34,1987-05-01,4975.90169765
DBA_34,1987-06-01,5048.5895222
DBA_34,1987-07-01,5278.318943000001
DBA_34,1987-08-01,5064.7423721
DBA_34,1987-09-01,5005.515255799999
DBA_34,1987-10-01,5230.7577738499995
DBA_34,1987-11-01,4917.5719619
DBA_34,1987-12-01,5370.74913965
DBA_34,1988-01-01,5359.0831925
DBA_34,1988-02-01,5139.224957750001
DBA_34,1988-03-01,5417.41292825
DBA_34,1988-04-01,4975.90169765
DBA_34,1988-05-01,5023.4628668
DBA_34,1988-06-01,5110.508780149999
DBA_34,1988-07-01,5161.6594715
DBA_34,1988-08-01,5381.51770625
DBA_34,1988-09-01,5113.200921799999
DBA_34,1988-10-01,5408.43912275
DBA_34,1988-11-01,5261.26871255
DBA_34,1988-12-01,5626.502596400001
DBA_34,1989-01-01,5321.3932094
DBA_34,1989-02-01,5019.873344600001
DBA_34,1989-03-01,5522.4064526
DBA_34,1989-04-01,4992.9519281
DBA_34,1989-05-01,5120.379966200001
DBA_34,1989-06-01,5228.065632200001
DBA_34,1989-07-01,5094.35593025
DBA_34,1989-08-01,5347.4172453500005
DBA_34,1989-09-01,5039.6157167
DBA_34,1989-10-01,5331.26439545
DBA_34,1989-11-01,5177.812321400001
DBA_34,1989-12-01,5763.801820549999
DBA_34,1990-01-01,5237.0394377
DBA_34,1990-02-01,4833.2181902
DBA_34,1990-03-01,5271.139898600001
DBA_34,1990-04-01,5035.12881395
DBA_34,1990-05-01,5222.6813489
DBA_34,1990-06-01,5139.224957750001
DBA_34,1990-07-01,5270.2425180499995
DBA_34,1990-08-01,5539.45668305
DBA_34,1990-09-01,4963.33836995
DBA_34,1990-10-01,5228.9630127499995
DBA_34,1990-11-01,5012.6943002
DBA_34,1990-12-01,5106.0218773999995
DBA_34,1991-01-01,5217.2970656
DBA_34,1991-02-01,4623.2311414999995
DBA_34,1991-03-01,5027.9497695499995
DBA_34,1991-04-01,4862.83174835
DBA_34,1991-05-01,4682.50538945
DBA_34,1991-06-01,4927.4492476000005
DBA_35,1982-01-01,3179.2961511617955
DBA_35,1982-02-01,2408.248768817147
DBA_35,1982-03-01,2653.7031561659865
DBA_35,1982-04-01,3488.5518021126777
DBA_35,1982-05-01,4226.333882001441
DBA_35,1982-06-01,4520.931739726039
DBA_35,1982-07-01,4677.480902993781
DBA_35,1982-08-01,4918.958862888875
DBA_35,1982-09-01,4538.092609972391
DBA_35,1982-10-01,4231.754161157703
DBA_35,1982-11-01,2972.0977075818832
DBA_35,1982-12-01,2592.381704762716
DBA_35,1983-01-01,3209.701399028183
DBA_35,1983-02-01,2561.00397980372
DBA_35,1983-03-01,2439.170106606628
DBA_35,1983-04-01,3768.3584636584433
DBA_35,1983-05-01,4233.596818498258
DBA_35,1983-06-01,4750.1486643345415
DBA_35,1983-07-01,4486.419261646306
DBA_35,1983-08-01,5040.896124646928
DBA_35,1983-09-01,4896.281437842767
DBA_35,1983-10-01,8422.248312929203
DBA_35,1983-11-01,7449.50714743446
DBA_35,1983-12-01,6152.460556467843
DBA_35,1984-01-01,5786.565979526853
DBA_35,1984-02-01,5514.614895527493
DBA_35,1984-03-01,6314.376611081591
DBA_35,1984-04-01,7053.052449168611
DBA_35,1984-05-01,6574.999635163093
DBA_35,1984-06-01,6890.02418182827
DBA_35,1984-07-01,6153.507648602185
DBA_35,1984-08-01,8033.84871702389
DBA_35,1984-09-01,6822.431366368147
DBA_35,1984-10-01,6581.478739235697
DBA_35,1984-11-01,7006.823166055993
DBA_35,1984-12-01,7966.080790642888
DBA_35,1985-01-01,7502.912404912267
DBA_35,1985-02-01,9038.290989964496
DBA_35,1985-03-01,6707.076455659132
DBA_35,1985-04-01,6647.013409796899
DBA_35,1985-05-01,7136.973766422336
DBA_35,1985-06-01,3848.049040491555
DBA_35,1985-07-01,8487.74777294883
DBA_35,1985-08-01,13723.74188661645
DBA_35,1985-09-01,13539.954461524676
DBA_35,1985-10-01,17048.12665045748
DBA_35,1985-11-01,10537.357415550274
DBA_35,1985-12-01,9481.438562636984
DBA_35,1986-01-01,10500.58412216523
DBA_35,1986-02-01,10213.40221192016
DBA_35,1986-03-01,8930.189383703153
DBA_35,1986-04-01,6805.45646146237
DBA_35,1986-05-01,9657.886170475467
DBA_35,1986-06-01,8781.361614110825
DBA_35,1986-07-01,7144.424725713907
DBA_35,1986-08-01,10476.534350249674
DBA_35,1986-09-01,8210.505670775256
DBA_35,1986-10-01,5107.617979837366
DBA_35,1986-11-01,5833.238722430845
DBA_35,1986-12-01,4851.761467661031
DBA_35,1987-01-01,9687.897053480463
DBA_35,1987-02-01,4984.962508144618
DBA_35,1987-03-01,6829.230726864807
DBA_35,1987-04-01,3927.175805408601
DBA_35,1987-05-01,5635.791430752864
DBA_35,1987-06-01,5270.120914415066
DBA_35,1987-07-01,4250.975354886818
DBA_35,1987-08-01,8054.656951191041
DBA_35,1987-09-01,15504.95934058376
DBA_35,1987-10-01,9779.779232958928
DBA_35,1987-11-01,11019.82673867123
DBA_35,1987-12-01,17812.867042521957
DBA_35,1988-01-01,9636.352954416929
DBA_35,1988-02-01,8407.774733514838
DBA_35,1988-03-01,13145.21685521018
DBA_35,1988-04-01,8732.442443926879
DBA_35,1988-05-01,6831.696524770669
DBA_35,1988-06-01,8146.236952959459
DBA_35,1988-07-01,4539.938601464737
DBA_35,1988-08-01,7871.758584007896
DBA_35,1988-09-01,19077.570969818833
DBA_35,1988-10-01,11067.053341319122
DBA_35,1988-11-01,11762.944140900781
DBA_35,1988-12-01,12951.947293683734
DBA_35,1989-01-01,9405.661728918687
DBA_35,1989-02-01,7133.5408900146085
DBA_35,1989-03-01,4297.582698960102
DBA_35,1989-04-01,3627.764371454278
DBA_35,1989-05-01,5772.387676974033
DBA_35,1989-06-01,4495.4788419087445
DBA_35,1989-07-01,5395.458314561053
DBA_35,1989-08-01,7317.359041538547
DBA_35,1989-09-01,3885.879221130038
DBA_35,1989-10-01,5214.6987158520915
DBA_35,1989-11-01,6031.260396689843
DBA_35,1989-12-01,2659.178961341337
DBA_35,1990-01-01,3722.958348925288
DBA_35,1990-02-01,3003.252464103794
DBA_35,1990-03-01,3352.7738621825547
DBA_35,1990-04-01,3618.242018238366
DBA_35,1990-05-01,3638.9051069023412
DBA_35,1990-06-01,3390.9480429346436
DBA_35,1990-07-01,4204.652053663406
DBA_35,1990-08-01,13327.250038783817
DBA_35,1990-09-01,13523.724492012456
DBA_35,1990-10-01,18623.033474694617
DBA_35,1990-11-01,14651.15447278789
DBA_35,1990-12-01,14240.887719009788
DBA_35,1991-01-01,3839.6470178739582
DBA_35,1991-02-01,16715.126091313232
DBA_35,1991-03-01,21465.35037006611
DBA_35,1991-04-01,17761.523191353313
DBA_35,1991-05-01,12536.008069802498
DBA_35,1991-06-01,4578.333486490038
DBA_36,1981-01-01,872.0
DBA_36,1981-02-01,1660.0
DBA_36,1981-03-01,1498.0
DBA_36,1981-04-01,548.0
DBA_36,1981-05-01,284.0
DBA_36,1981-06-01,170.0
DBA_36,1981-07-01,364.0
DBA_36,1981-08-01,3006.0
DBA_36,1981-09-01,6616.0
DBA_36,1981-10-01,3392.0
DBA_36,1981-11-01,1696.0
DBA_36,1981-12-01,1536.0
DBA_36,1982-01-01,1010.0
DBA_36,1982-02-01,1366.0
DBA_36,1982-03-01,1568.0
DBA_36,1982-04-01,1404.0
DBA_36,1982-05-01,1104.0
DBA_36,1982-06-01,812.0
DBA_36,1982-07-01,868.0
DBA_36,1982-08-01,2396.0
DBA_36,1982-09-01,6556.0
DBA_36,1982-10-01,3014.0
DBA_36,1982-11-01,1428.0
DBA_36,1982-12-01,1440.0
DBA_36,1983-01-01,1176.0
DBA_36,1983-02-01,1424.0
DBA_36,1983-03-01,1052.0
DBA_36,1983-04-01,714.0
DBA_36,1983-05-01,650.0
DBA_36,1983-06-01,432.0
DBA_36,1983-07-01,270.0
DBA_36,1983-08-01,1902.0
DBA_36,1983-09-01,4664.0
DBA_36,1983-10-01,2680.0
DBA_36,1983-11-01,1464.0
DBA_36,1983-12-01,1860.0
DBA_36,1984-01-01,1658.0
DBA_36,1984-02-01,976.0
DBA_36,1984-03-01,1044.0
DBA_36,1984-04-01,694.0
DBA_36,1984-05-01,466.0
DBA_36,1984-06-01,284.0
DBA_36,1984-07-01,216.0
DBA_36,1984-08-01,1390.0
DBA_36,1984-09-01,5120.0
DBA_36,1984-10-01,3868.0
DBA_36,1984-11-01,1928.0
DBA_36,1984-12-01,1306.0
DBA_36,1985-01-01,1070.0
DBA_36,1985-02-01,782.0
DBA_36,1985-03-01,1230.0
DBA_36,1985-04-01,716.0
DBA_36,1985-05-01,456.0
DBA_36,1985-06-01,360.0
DBA_36,1985-07-01,366.0
DBA_36,1985-08-01,1800.0
DBA_36,1985-09-01,5752.0
DBA_36,1985-10-01,3106.0
DBA_36,1985-11-01,1346.0
DBA_36,1985-12-01,1478.0
DBA_36,1986-01-01,414.0
DBA_36,1986-02-01,402.0
DBA_36,1986-03-01,296.0
DBA_36,1986-04-01,904.0
DBA_36,1986-05-01,1384.0
DBA_36,1986-06-01,974.0
DBA_36,1986-07-01,782.0
DBA_36,1986-08-01,2338.0
DBA_36,1986-09-01,7048.0
DBA_36,1986-10-01,2310.0
DBA_36,1986-11-01,1570.0
DBA_36,1986-12-01,1980.0
DBA_36,1987-01-01,440.0
DBA_36,1987-02-01,1026.0
DBA_36,1987-03-01,866.0
DBA_36,1987-04-01,878.0
DBA_36,1987-05-01,724.0
DBA_36,1987-06-01,836.0
DBA_36,1987-07-01,542.0
DBA_36,1987-08-01,1550.0
DBA_36,1987-09-01,7004.0
DBA_36,1987-10-01,1936.0
DBA_36,1987-11-01,1720.0
DBA_36,1987-12-01,1548.0
DBA_36,1988-01-01,1296.0
DBA_36,1988-02-01,1200.0
DBA_36,1988-03-01,840.0
DBA_36,1988-04-01,556.0
DBA_36,1988-05-01,516.0
DBA_36,1988-06-01,554.0
DBA_36,1988-07-01,326.0
DBA_36,1988-08-01,914.0
DBA_36,1988-09-01,5134.0
DBA_36,1988-10-01,4126.0
DBA_36,1988-11-01,1280.0
DBA_36,1988-12-01,1228.0
DBA_36,1989-01-01,1568.0
DBA_36,1989-02-01,1914.0
DBA_36,1989-03-01,1994.0
DBA_36,1989-04-01,2074.0
DBA_36,1989-05-01,1262.0
DBA_36,1989-06-01,1032.0
DBA_36,1989-07-01,856.0
DBA_36,1989-08-01,1116.0
DBA_36,1989-09-01,7722.0
DBA_36,1989-10-01,3304.0
DBA_36,1989-11-01,1292.0
DBA_36,1989-12-01,1700.0
DBA_36,1990-01-01,2240.0
DBA_37,1982-01-01,3637.34915677069
DBA_37,1982-02-01,3085.7676693371773
DBA_37,1982-03-01,4362.386844443358
DBA_37,1982-04-01,4120.159606272937
DBA_37,1982-05-01,4703.294658999713
DBA_37,1982-06-01,4612.252064432656
DBA_37,1982-07-01,4259.625411974259
DBA_37,1982-08-01,4364.645498758292
DBA_37,1982-09-01,4321.819125706102
DBA_37,1982-10-01,4269.692879545048
DBA_37,1982-11-01,4106.9471627717085
DBA_37,1982-12-01,3870.047069190203
DBA_37,1983-01-01,3887.856425397601
DBA_37,1983-02-01,1806.6328176794368
DBA_37,1983-03-01,3459.8890762253745
DBA_37,1983-04-01,4355.510889989062
DBA_37,1983-05-01,5070.207185785741
DBA_37,1983-06-01,4715.571400810641
DBA_37,1983-07-01,4667.312071555891
DBA_37,1983-08-01,4785.01640258786
DBA_37,1983-09-01,4596.5258052689915
DBA_37,1983-10-01,4731.415241411079
DBA_37,1983-11-01,4626.804323796334
DBA_37,1983-12-01,4624.9926918665915
DBA_37,1984-01-01,4195.037334319703
DBA_37,1984-02-01,3622.796553143515
DBA_37,1984-03-01,4464.136197575065
DBA_37,1984-04-01,4457.58949086645
DBA_37,1984-05-01,5174.520845265601
DBA_37,1984-06-01,5252.8917959970895
DBA_37,1984-07-01,5399.227883054933
DBA_37,1984-08-01,4995.294950673758
DBA_37,1984-09-01,4837.591038429324
DBA_37,1984-10-01,5062.333878533591
DBA_37,1984-11-01,4809.9234998610345
DBA_37,1984-12-01,4435.579885488128
DBA_37,1985-01-01,4165.065412213036
DBA_37,1985-02-01,3557.1814558315273
DBA_37,1985-03-01,4248.50854647813
DBA_37,1985-04-01,4975.223904030262
DBA_37,1985-05-01,5088.264828988624
DBA_37,1985-06-01,4804.326403140029
DBA_37,1985-07-01,4561.72318318276
DBA_37,1985-08-01,4800.916660062624
DBA_37,1985-09-01,4883.261955381921
DBA_37,1985-10-01,5204.392911786319
DBA_37,1985-11-01,4719.573575762484
DBA_37,1985-12-01,4098.69977763757
DBA_37,1986-01-01,3270.6175324573414
DBA_37,1986-02-01,3931.2189635646346
DBA_37,1986-03-01,4276.5744055369505
DBA_37,1986-04-01,4704.433676273036
DBA_37,1986-05-01,4881.752752379654
DBA_37,1986-06-01,4681.730474622736
DBA_37,1986-07-01,4633.823584385217
DBA_37,1986-08-01,4715.145956781293
DBA_37,1986-09-01,4819.493496185491
DBA_37,1986-10-01,4860.751387422073
DBA_37,1986-11-01,4522.963377748823
DBA_37,1986-12-01,4268.727581319411
DBA_37,1987-01-01,3182.4274604600573
DBA_37,1987-02-01,3858.3051377050615
DBA_37,1987-03-01,4245.011636726213
DBA_37,1987-04-01,4498.014573069561
DBA_37,1987-05-01,5014.610216405852
DBA_37,1987-06-01,5056.983764067056
DBA_37,1987-07-01,5148.02390423373
DBA_37,1987-08-01,5359.400684041911
DBA_37,1987-09-01,5459.419814312418
DBA_37,1987-10-01,5731.281211528447
DBA_37,1987-11-01,5337.711899434961
DBA_37,1987-12-01,5254.4328419508975
DBA_37,1988-01-01,4442.623300862049
DBA_37,1988-02-01,4121.25233421549
DBA_37,1988-03-01,4694.139001298834
DBA_37,1988-04-01,5453.375126534042
DBA_37,1988-05-01,5538.391387263971
DBA_37,1988-06-01,5660.244255336554
DBA_37,1988-07-01,5478.431974444304
DBA_37,1988-08-01,5678.706762266629
DBA_37,1988-09-01,5680.632272933711
DBA_37,1988-10-01,5781.560678773234
DBA_37,1988-11-01,5314.642438356412
DBA_37,1988-12-01,5362.08608272435
DBA_37,1989-01-01,4831.264288050769
DBA_37,1989-02-01,3998.4818167400713
DBA_37,1989-03-01,4941.432520618557
DBA_37,1989-04-01,5305.330174205359
DBA_37,1989-05-01,15410.96331843419
DBA_37,1989-06-01,8371.10154489716
DBA_37,1989-07-01,5503.263697949622
DBA_37,1989-08-01,5894.467061347517
DBA_37,1989-09-01,5565.5405124806475
DBA_37,1989-10-01,5843.5482313916245
DBA_37,1989-11-01,5411.023772636029
DBA_37,1989-12-01,4747.9833213095535
DBA_37,1990-01-01,4808.449431882177
DBA_37,1990-02-01,4008.9339827085473
DBA_37,1990-03-01,5038.485059244344
DBA_37,1990-04-01,5574.042038601872
DBA_37,1990-05-01,5985.755558580088
DBA_37,1990-06-01,5953.253701761502
DBA_37,1990-07-01,5890.625302273295
DBA_37,1990-08-01,5659.68901486959
DBA_37,1990-09-01,5535.574366852099
DBA_37,1990-10-01,5650.141734252863
DBA_37,1990-11-01,4902.664185298939
DBA_37,1990-12-01,4762.527673689106
DBA_37,1991-01-01,4654.274645320575
DBA_37,1991-02-01,4575.665691794819
DBA_37,1991-03-01,3325.205922983187
DBA_37,1991-04-01,5398.47195838164
DBA_37,1991-05-01,6027.9306441219005
DBA_37,1991-06-01,5383.446126877971
DBA_38,1982-01-01,3142.0058540280907
DBA_38,1982-02-01,4521.704757817287
DBA_38,1982-03-01,4815.87105080642
DBA_38,1982-04-01,4874.5934011022655
DBA_38,1982-05-01,5900.828528485466
DBA_38,1982-06-01,5567.424701103286
DBA_38,1982-07-01,5337.018387955783
DBA_38,1982-08-01,4837.336790774303
DBA_38,1982-09-01,4784.397706501513
DBA_38,1982-10-01,3861.1110883375954
DBA_38,1982-11-01,4759.29452139801
DBA_38,1982-12-01,4665.828113843792
DBA_38,1983-01-01,4591.69114659529
DBA_38,1983-02-01,4659.955878814207
DBA_38,1983-03-01,4787.921667167234
DBA_38,1983-04-01,5608.088132398946
DBA_38,1983-05-01,6168.514057432592
DBA_38,1983-06-01,6229.10375565908
DBA_38,1983-07-01,6011.037960796207
DBA_38,1983-08-01,5705.707586648143
DBA_38,1983-09-01,5118.728760149265
DBA_38,1983-10-01,5290.246958305041
DBA_38,1983-11-01,5713.5372333542555
DBA_38,1983-12-01,5802.110111717152
DBA_38,1984-01-01,5177.571442351108
DBA_38,1984-02-01,4959.713145466905
DBA_38,1984-03-01,5229.245351308359
DBA_38,1984-04-01,5979.613002379459
DBA_38,1984-05-01,7906.553627391071
DBA_38,1984-06-01,6600.68610379515
DBA_38,1984-07-01,13315.690873950087
DBA_38,1984-08-01,6224.8304415538105
DBA_38,1984-09-01,5228.985796188186
DBA_38,1984-10-01,5556.118222627953
DBA_38,1984-11-01,5812.539152253138
DBA_38,1984-12-01,5382.153259876514
DBA_38,1985-01-01,5174.912298624095
DBA_38,1985-02-01,5330.77120336765
DBA_38,1985-03-01,5322.69688020197
DBA_38,1985-04-01,6162.4574397807155
DBA_38,1985-05-01,6625.528847825002
DBA_38,1985-06-01,6480.680383761923
DBA_38,1985-07-01,5940.8786129491655
DBA_38,1985-08-01,5864.050204645434
DBA_38,1985-09-01,5320.567661449622
DBA_38,1985-10-01,5605.371060384468
DBA_38,1985-11-01,5755.357730098437
DBA_38,1985-12-01,5290.858326608338
DBA_38,1986-01-01,4740.412589545306
DBA_38,1986-02-01,5186.901525472295
DBA_38,1986-03-01,5586.166150749928
DBA_38,1986-04-01,6259.271091016046
DBA_38,1986-05-01,6510.309138530781
DBA_38,1986-06-01,6255.356267662989
DBA_38,1986-07-01,5911.830518432299
DBA_38,1986-08-01,5290.090005480757
DBA_38,1986-09-01,5169.834364458135
DBA_38,1986-10-01,5405.896283299002
DBA_38,1986-11-01,5643.7218019971715
DBA_38,1986-12-01,5602.126803870947
DBA_38,1987-01-01,4763.288589168101
DBA_38,1987-02-01,3554.974642928238
DBA_38,1987-03-01,4596.7260992915735
DBA_38,1987-04-01,5359.952349817759
DBA_38,1987-05-01,5775.982563744904
DBA_38,1987-06-01,5899.544175825743
DBA_38,1987-07-01,5496.2761525627375
DBA_38,1987-08-01,5351.672364959221
DBA_38,1987-09-01,5508.020622621907
DBA_38,1987-10-01,5637.209793272764
DBA_38,1987-11-01,5653.358439604122
DBA_38,1987-12-01,5849.344283716504
DBA_38,1988-01-01,5210.341733611996
DBA_38,1988-02-01,4911.177447239778
DBA_38,1988-03-01,4920.832857383868
DBA_38,1988-04-01,5988.584752493213
DBA_38,1988-05-01,6237.910064790985
DBA_38,1988-06-01,6095.997718242696
DBA_38,1988-07-01,5809.481584090888
DBA_38,1988-08-01,5448.096400491777
DBA_38,1988-09-01,5360.50222796714
DBA_38,1988-10-01,5443.936900679151
DBA_38,1988-11-01,5601.298856663562
DBA_38,1988-12-01,5860.368255492654
DBA_38,1989-01-01,4648.9647864763865
DBA_38,1989-02-01,3154.145949887107
DBA_38,1989-03-01,4509.597285151524
DBA_38,1989-04-01,5736.068842059992
DBA_38,1989-05-01,6246.262468138943
DBA_38,1989-06-01,6243.32635062415
DBA_38,1989-07-01,5765.496485509146
DBA_38,1989-08-01,5632.708635721334
DBA_38,1989-09-01,5377.473848358908
DBA_38,1989-10-01,5683.357112039036
DBA_38,1989-11-01,5716.256021332977
DBA_38,1989-12-01,5194.464425328316
DBA_38,1990-01-01,4776.849365366969
DBA_38,1990-02-01,3809.2820794461654
DBA_38,1990-03-01,4916.735443228173
DBA_38,1990-04-01,5650.705436588711
DBA_38,1990-05-01,6095.1796161365755
DBA_38,1990-06-01,5984.832818938887
DBA_38,1990-07-01,5696.455271733949
DBA_38,1990-08-01,5175.092766519494
DBA_38,1990-09-01,3928.5266541502324
DBA_38,1990-10-01,4623.095701666929
DBA_38,1990-11-01,4516.110053187874
DBA_38,1990-12-01,5353.724038978491
DBA_38,1991-01-01,3862.7851023297476
DBA_38,1991-02-01,3217.3538353295608
DBA_38,1991-03-01,3693.373200363586
DBA_38,1991-04-01,5167.126586890748
DBA_38,1991-05-01,5622.473923555345
DBA_38,1991-06-01,5518.539354872403
DBA_39,1979-01-01,5304.0
DBA_39,1979-02-01,4264.0
DBA_39,1979-03-01,3224.0
DBA_39,1979-04-01,2400.0
DBA_39,1979-05-01,1968.0
DBA_39,1979-06-01,1532.0
DBA_39,1979-07-01,1000.0
DBA_39,1979-08-01,55024.0
DBA_39,1979-09-01,53804.0
DBA_39,1979-10-01,42540.0
DBA_39,1979-11-01,26572.0
DBA_39,1979-12-01,15748.0
DBA_39,1980-01-01,10372.0
DBA_39,1980-02-01,8980.0
DBA_39,1980-03-01,7212.0
DBA_39,1980-04-01,7504.0
DBA_39,1980-05-01,3848.0
DBA_39,1980-06-01,2684.0
DBA_39,1980-07-01,1000.0
DBA_39,1980-08-01,43560.0
DBA_39,1980-09-01,40320.0
DBA_39,1980-10-01,28096.0
DBA_39,1980-11-01,17804.0
DBA_39,1980-12-01,10008.0
DBA_39,1981-01-01,6136.0
DBA_39,1981-02-01,4216.0
DBA_39,1981-03-01,2424.0
DBA_39,1981-04-01,1840.0
DBA_39,1981-05-01,1112.0
DBA_39,1981-06-01,324.0
DBA_39,1981-07-01,100.0
DBA_39,1981-08-01,58676.0
DBA_39,1981-09-01,54768.0
DBA_39,1981-10-01,43624.0
DBA_39,1981-11-01,28680.0
DBA_39,1981-12-01,15008.0
DBA_39,1982-01-01,9028.0
DBA_39,1982-02-01,7240.0
DBA_39,1982-03-01,4884.0
DBA_39,1982-04-01,3812.0
DBA_39,1982-05-01,3696.0
DBA_39,1982-06-01,2912.0
DBA_39,1982-07-01,1200.0
DBA_39,1982-08-01,42468.0
DBA_39,1982-09-01,41900.0
DBA_39,1982-10-01,30180.0
DBA_39,1982-11-01,16836.0
DBA_39,1982-12-01,9732.0
DBA_39,1983-01-01,5728.0
DBA_39,1983-02-01,5728.0
DBA_39,1983-03-01,3584.0
DBA_39,1983-04-01,3068.0
DBA_39,1983-05-01,2992.0
DBA_39,1983-06-01,1092.0
DBA_39,1983-07-01,600.0
DBA_39,1983-08-01,28268.0
DBA_39,1983-09-01,26652.0
DBA_39,1983-10-01,19068.0
DBA_39,1983-11-01,10024.0
DBA_39,1983-12-01,4636.0
DBA_39,1984-01-01,4888.0
DBA_39,1984-02-01,5100.0
DBA_39,1984-03-01,4664.0
DBA_39,1984-04-01,3848.0
DBA_39,1984-05-01,3772.0
DBA_39,1984-06-01,2964.0
DBA_39,1984-07-01,1200.0
DBA_39,1984-08-01,50368.0
DBA_39,1984-09-01,47796.0
DBA_39,1984-10-01,38376.0
DBA_39,1984-11-01,17728.0
DBA_39,1984-12-01,12832.0
DBA_39,1985-01-01,7768.0
DBA_39,1985-02-01,5192.0
DBA_39,1985-03-01,3896.0
DBA_39,1985-04-01,4128.0
DBA_39,1985-05-01,3716.0
DBA_39,1985-06-01,2500.0
DBA_39,1985-07-01,1700.0
DBA_39,1985-08-01,5304.0
DBA_39,1985-09-01,45856.0
DBA_39,1985-10-01,34592.0
DBA_39,1985-11-01,19172.0
DBA_39,1985-12-01,9496.0
DBA_39,1986-01-01,5960.0
DBA_39,1986-02-01,4500.0
DBA_39,1986-03-01,7560.0
DBA_39,1986-04-01,3608.0
DBA_39,1986-05-01,2948.0
DBA_39,1986-06-01,3148.0
DBA_39,1986-07-01,600.0
DBA_39,1986-08-01,4196.0
DBA_39,1986-09-01,32476.0
DBA_39,1986-10-01,21144.0
DBA_39,1986-11-01,15652.0
DBA_39,1986-12-01,10160.0
DBA_39,1987-01-01,7308.0
DBA_39,1987-02-01,5568.0
DBA_39,1987-03-01,3724.0
DBA_39,1987-04-01,4064.0
DBA_39,1987-05-01,5024.0
DBA_39,1987-06-01,4388.0
DBA_39,1987-07-01,1200.0
DBA_39,1987-08-01,49504.0
DBA_39,1987-09-01,43196.0
DBA_39,1987-10-01,30608.0
DBA_39,1987-11-01,19300.0
DBA_39,1987-12-01,10100.0
DBA_39,1988-01-01,5880.0
DBA_39,1988-02-01,5248.0
DBA_39,1988-03-01,3812.0
DBA_39,1988-04-01,3164.0
DBA_39,1988-05-01,3872.0
DBA_39,1988-06-01,3044.0
DBA_40,1990-01-01,5430.0
DBA_40,1990-02-01,4365.0
DBA_40,1990-03-01,3165.0
DBA_40,1990-04-01,5255.0
DBA_40,1990-05-01,4650.0
DBA_40,1990-06-01,4345.0
DBA_40,1990-07-01,4965.0
DBA_40,1990-08-01,3780.0
DBA_40,1990-09-01,3090.0
DBA_40,1990-10-01,4955.0
DBA_40,1990-11-01,3815.0
DBA_40,1990-12-01,4840.0
DBA_40,1991-01-01,4650.0
DBA_40,1991-02-01,5000.0
DBA_40,1991-03-01,2810.0
DBA_40,1991-04-01,5260.0
DBA_40,1991-05-01,4180.0
DBA_40,1991-06-01,4860.0
DBA_40,1991-07-01,5370.0
DBA_40,1991-08-01,5275.0
DBA_40,1991-09-01,4220.0
DBA_40,1991-10-01,6365.0
DBA_40,1991-11-01,3520.0
DBA_40,1991-12-01,6180.0
DBA_40,1992-01-01,6025.0
DBA_40,1992-02-01,4070.0
DBA_40,1992-03-01,6280.0
DBA_40,1992-04-01,4600.0
DBA_40,1992-05-01,5660.0
DBA_40,1992-06-01,4625.0
DBA_40,1992-07-01,4665.0
DBA_40,1992-08-01,5040.0
DBA_40,1992-09-01,4340.0
DBA_40,1992-10-01,4825.0
DBA_40,1992-11-01,3955.0
DBA_40,1992-12-01,4515.0
DBA_40,1993-01-01,5415.0
DBA_40,1993-02-01,3135.0
DBA_40,1993-03-01,5695.0
DBA_41,1978-01-01,3036.118605
DBA_41,1978-02-01,2984.3261637499995
DBA_41,1978-03-01,3719.822888
DBA_41,1978-04-01,3525.157505
DBA_41,1978-05-01,3500.1502535
DBA_41,1978-06-01,3516.8217545
DBA_41,1978-07-01,3199.4680000000003
DBA_41,1978-08-01,3879.85174375
DBA_41,1978-09-01,4217.3265325
DBA_41,1978-10-01,4865.44802575
DBA_41,1978-11-01,4773.83684125
DBA_41,1978-12-01,3721.3083422500004
DBA_41,1979-01-01,4017.227485
DBA_41,1979-02-01,3375.881824
DBA_41,1979-03-01,3879.09058225
DBA_41,1979-04-01,4671.333751
DBA_41,1979-05-01,4364.314134249999
DBA_41,1979-06-01,3367.109632
DBA_41,1979-07-01,4339.500169
DBA_41,1979-08-01,4118.6027807499995
DBA_41,1979-09-01,4435.36129975
DBA_41,1979-10-01,4981.92020275
DBA_41,1979-11-01,5407.04347825
DBA_41,1979-12-01,5077.7813335
DBA_41,1980-01-01,4427.962114000001
DBA_41,1980-02-01,3973.66371175
DBA_41,1980-03-01,4290.42223075
DBA_41,1980-04-01,4040.3497157499996
DBA_41,1980-05-01,4890.59626675
DBA_41,1980-06-01,4419.6263635
DBA_41,1980-07-01,4911.435643000001
DBA_41,1980-08-01,4269.5828545
DBA_41,1980-09-01,4369.611860499999
DBA_41,1980-10-01,5040.63977575
DBA_41,1980-11-01,4769.727884500001
DBA_41,1980-12-01,4736.3848825
DBA_41,1981-01-01,5057.311276750001
DBA_41,1981-02-01,4319.5973575
DBA_41,1981-03-01,5328.223168
DBA_41,1981-04-01,3506.5837249999995
DBA_41,1981-05-01,3896.943002
DBA_41,1981-06-01,3035.4576739999998
DBA_41,1981-07-01,3340.567061
DBA_41,1981-08-01,3259.8028114999997
DBA_41,1981-09-01,4443.580888
DBA_41,1981-10-01,4964.061607
DBA_41,1981-11-01,4623.056997999999
DBA_41,1981-12-01,3405.8736365
DBA_41,1982-01-01,2696.943002
DBA_41,1982-02-01,2463.624059
DBA_41,1982-03-01,2284.1479489999997
DBA_41,1982-04-01,3020.0
DBA_41,1982-05-01,3405.8736365
DBA_41,1982-06-01,3998.1447995
DBA_41,1982-07-01,2786.6810570000002
DBA_41,1982-08-01,3352.0308035
DBA_41,1982-09-01,3666.113996
DBA_41,1982-10-01,4644.2587955
DBA_41,1982-11-01,4303.254186499999
DBA_41,1982-12-01,3127.685666
DBA_41,1983-01-01,4527.599324
DBA_41,1983-02-01,2400.8074205
DBA_41,1983-03-01,2768.733446
DBA_41,1983-04-01,2535.4145030000004
DBA_41,1983-05-01,2723.8644185
DBA_41,1983-06-01,5746.354355500001
DBA_41,1983-07-01,2617.2697034999997
DBA_41,1983-08-01,3756.943002
DBA_41,1983-09-01,2933.9291749999998
DBA_41,1983-10-01,5614.753914
DBA_41,1983-11-01,4116.1355815
DBA_41,1983-12-01,4394.323552000001
DBA_41,1984-01-01,2841.8552005
DBA_41,1984-02-01,3604.628668
DBA_41,1984-03-01,2967.4884775
DBA_41,1984-04-01,4169.9784145
DBA_41,1984-05-01,4430.218774
DBA_41,1984-06-01,3586.6810570000002
DBA_41,1984-07-01,3802.052389
DBA_41,1984-08-01,3317.466892
DBA_41,1984-09-01,3452.0739744999996
DBA_41,1984-10-01,3855.8952219999996
DBA_41,1984-11-01,4878.909049
DBA_41,1984-12-01,3837.947611
DBA_41,1985-01-01,3272.5978645
DBA_41,1985-02-01,3021.3313105
DBA_41,1985-03-01,3649.4976955
DBA_41,1985-04-01,2868.7766170000004
DBA_41,1985-05-01,3362.3359195000003
DBA_41,1985-06-01,4268.690275
DBA_41,1985-07-01,3093.1217545000004
DBA_41,1985-08-01,3478.995391
DBA_41,1985-09-01,4968.647104
DBA_41,1985-10-01,4134.0831925
DBA_41,1985-11-01,4466.113996
DBA_41,1985-12-01,3452.0739744999996
DBA_41,1986-01-01,2716.2219235000002
DBA_41,1986-02-01,2761.090951
DBA_41,1986-03-01,3057.2265325
DBA_41,1986-04-01,3084.1479489999997
DBA_41,1986-05-01,2994.409894
DBA_41,1986-06-01,3093.1217545000004
DBA_41,1986-07-01,3425.1525579999998
DBA_41,1986-08-01,3137.9907820000003
DBA_41,1986-09-01,3173.886004
DBA_41,1986-10-01,3927.685666
DBA_41,1986-11-01,5373.761721999999
DBA_41,1986-12-01,3398.238562
DBA_41,1987-01-01,3317.4743125
DBA_41,1987-02-01,5306.266872000001
DBA_41,1987-03-01,3157.3128745
DBA_41,1987-04-01,3076.548625
DBA_41,1987-05-01,3282.9461515
DBA_41,1987-06-01,3372.2898295
DBA_42,1990-01-01,7177.675528694479
DBA_42,1990-02-01,5916.00899837831
DBA_42,1990-03-01,7002.872430314999
DBA_42,1990-04-01,5372.875135428654
DBA_42,1990-05-01,5988.5239404024705
DBA_42,1990-06-01,5281.363459273015
DBA_42,1990-07-01,6408.728061697895
DBA_42,1990-08-01,6154.653291306854
DBA_42,1990-09-01,5837.247772421235
DBA_42,1990-10-01,6547.390463350761
DBA_42,1990-11-01,6839.188842094464
DBA_42,1990-12-01,4909.17138623641
DBA_42,1991-01-01,7696.9646758084
DBA_42,1991-02-01,5727.367962662081
DBA_42,1991-03-01,6180.288540296441
DBA_42,1991-04-01,6491.059206221335
DBA_42,1991-05-01,6829.142129139545
DBA_42,1991-06-01,5601.120010026785
DBA_42,1991-07-01,6803.631861183349
DBA_42,1991-08-01,6586.069160060166
DBA_42,1991-09-01,6837.701127263705
DBA_42,1991-10-01,7368.242200655201
DBA_42,1991-11-01,6703.631321298421
DBA_42,1991-12-01,5989.570376466921
DBA_42,1992-01-01,6439.286886121755
DBA_42,1992-02-01,6422.947147991655
DBA_42,1992-03-01,6591.21956716964
DBA_42,1992-04-01,5936.7636612252545
DBA_42,1992-05-01,6462.08624210797
DBA_42,1992-06-01,6699.972392860161
DBA_42,1992-07-01,6383.74664665502
DBA_42,1992-08-01,5722.393902747119
DBA_42,1992-09-01,6726.487264966256
DBA_42,1992-10-01,5117.390188679035
DBA_42,1992-11-01,6379.180856322484
DBA_42,1992-12-01,6047.59509312111
DBA_42,1993-01-01,6351.7007581536
DBA_42,1993-02-01,6040.056695911715
DBA_42,1993-03-01,7679.41997443714
DBA_43,1990-01-01,4385.470511289599
DBA_43,1990-02-01,3594.1713191239996
DBA_43,1990-03-01,3947.6555905279997
DBA_43,1990-04-01,3189.1884479168
DBA_43,1990-05-01,3185.5395905024
DBA_43,1990-06-01,3442.1714392855997
DBA_43,1990-07-01,4741.2015263744
DBA_43,1990-08-01,4371.7238047328
DBA_43,1990-09-01,3030.3207586111994
DBA_43,1990-10-01,4198.0621107776005
DBA_43,1990-11-01,4512.522820611201
DBA_43,1990-12-01,4109.701250163201
DBA_43,1991-01-01,4831.6941085280005
DBA_43,1991-02-01,3181.5604364576
DBA_43,1991-03-01,4293.5897885792
DBA_43,1991-04-01,4101.2152274048
DBA_43,1991-05-01,4192.174936860799
DBA_43,1991-06-01,3614.7127018496
DBA_43,1991-07-01,5128.3205851712
DBA_43,1991-08-01,4520.1899562368
DBA_43,1991-09-01,4054.9960135904
DBA_43,1991-10-01,4468.2129794048
DBA_43,1991-11-01,4600.7542703264
DBA_43,1991-12-01,4074.328078448
DBA_43,1992-01-01,4575.9059048767995
DBA_43,1992-02-01,2864.0485998463996
DBA_43,1992-03-01,4346.1050843264
DBA_43,1992-04-01,3918.6139136792003
DBA_43,1992-05-01,4111.8821868992
DBA_43,1992-06-01,4406.355195583999
DBA_43,1992-07-01,4949.5146034784
DBA_43,1992-08-01,4263.418509296
DBA_43,1992-09-01,3861.4802705456
DBA_43,1992-10-01,3810.7395900320003
DBA_43,1992-11-01,4458.6586740992
DBA_43,1992-12-01,4906.788683952001
DBA_43,1993-01-01,4585.053800032001
DBA_43,1993-02-01,3139.7643408256004
DBA_43,1993-03-01,6219.2797054079965
DBA_44,1981-01-01,6861.436305995848
DBA_44,1981-02-01,4139.507711939482
DBA_44,1981-03-01,5099.2157003084
DBA_44,1981-04-01,5018.642632548457
DBA_44,1981-05-01,5181.91309904024
DBA_44,1981-06-01,4935.851549416753
DBA_44,1981-07-01,5992.31054831737
DBA_44,1981-08-01,4723.531550880454
DBA_44,1981-09-01,3646.045768311642
DBA_44,1981-10-01,4861.328874338532
DBA_44,1981-11-01,4535.69396356804
DBA_44,1981-12-01,4989.374766814988
DBA_44,1982-01-01,5229.707721691154
DBA_44,1982-02-01,5071.682488733408
DBA_44,1982-03-01,5328.3441205710415
DBA_44,1982-04-01,5238.351314801412
DBA_44,1982-05-01,4949.632607573729
DBA_44,1982-06-01,4969.81790980243
DBA_44,1982-07-01,4701.350252387741
DBA_44,1982-08-01,4924.397842014902
DBA_44,1982-09-01,4459.247460556159
DBA_44,1982-10-01,4879.940140418495
DBA_44,1982-11-01,4897.108266585424
DBA_44,1982-12-01,5204.5468632069305
DBA_44,1983-01-01,4990.808405388609
DBA_44,1983-02-01,4468.445199229359
DBA_44,1983-03-01,4049.4034612967052
DBA_44,1983-04-01,4697.8260445816095
DBA_44,1983-05-01,4825.329870326245
DBA_44,1983-06-01,4810.5273153585285
DBA_44,1983-07-01,4658.921194141474
DBA_44,1983-08-01,5219.372485308496
DBA_44,1983-09-01,4416.082066368455
DBA_44,1983-10-01,5115.825255264439
DBA_44,1983-11-01,5056.278613689766
DBA_44,1983-12-01,4452.665678953881
DBA_44,1984-01-01,6308.076587225553
DBA_44,1984-02-01,4183.082159728682
DBA_44,1984-03-01,4746.0837176943305
DBA_44,1984-04-01,5025.819409383024
DBA_44,1984-05-01,4679.283795814053
DBA_44,1984-06-01,4530.998195981961
DBA_44,1984-07-01,4325.152011429732
DBA_44,1984-08-01,4747.727178352071
DBA_44,1984-09-01,4161.724108696054
DBA_44,1984-10-01,4625.363543771885
DBA_44,1984-11-01,4066.055446138358
DBA_44,1984-12-01,4901.9330818397075
DBA_44,1985-01-01,4054.690646259165
DBA_44,1985-02-01,3706.130458296628
DBA_44,1985-03-01,3977.9354267822505
DBA_44,1985-04-01,4272.086927591787
DBA_44,1985-05-01,3637.255801774193
DBA_44,1985-06-01,4869.377474807556
DBA_44,1985-07-01,4413.209733230788
DBA_44,1985-08-01,3978.7810679324307
DBA_44,1985-09-01,3864.3976886364508
DBA_44,1985-10-01,3981.4316268313446
DBA_44,1985-11-01,4034.3898372764347
DBA_44,1985-12-01,4429.111148382135
DBA_44,1986-01-01,3653.4337639998416
DBA_44,1986-02-01,3736.6428080931787
DBA_44,1986-03-01,3962.600136996645
DBA_44,1986-04-01,4235.9792336790415
DBA_44,1986-05-01,4529.9284314509505
DBA_44,1986-06-01,5238.7168475432645
DBA_44,1986-07-01,4075.2907910968697
DBA_44,1986-08-01,4071.314818736479
DBA_44,1986-09-01,4355.445711625021
DBA_44,1986-10-01,3558.1648952023306
DBA_44,1986-11-01,4082.199805853719
DBA_44,1986-12-01,4354.495385165081
DBA_44,1987-01-01,6524.899968190645
DBA_44,1987-02-01,4013.0225548016306
DBA_44,1987-03-01,4872.261397531933
DBA_44,1987-04-01,4224.0529131777475
DBA_44,1987-05-01,4903.904863845213
DBA_44,1987-06-01,5142.815240878456
DBA_44,1987-07-01,4799.88840226708
DBA_44,1987-08-01,5109.4530959094
DBA_44,1987-09-01,4127.762414418363
DBA_44,1987-10-01,4769.967451073973
DBA_44,1987-11-01,4672.376793900803
DBA_44,1987-12-01,4995.005207856224
DBA_44,1988-01-01,4779.358895712926
DBA_44,1988-02-01,4872.884129372578
DBA_44,1988-03-01,4780.3681608243605
DBA_44,1988-04-01,5409.86727083573
DBA_44,1988-05-01,5056.701428933556
DBA_44,1988-06-01,4962.839773570091
DBA_44,1988-07-01,4859.5583104999
DBA_44,1988-08-01,4738.446497127686
DBA_44,1988-09-01,4180.646421684931
DBA_44,1988-10-01,5247.612827441347
DBA_44,1988-11-01,4481.202754885961
DBA_44,1988-12-01,4207.235391346823
DBA_44,1989-01-01,3952.199675083907
DBA_44,1989-02-01,4407.039950049523
DBA_44,1989-03-01,4457.233108421393
DBA_44,1989-04-01,4458.629338478615
DBA_44,1989-05-01,5276.303182155444
DBA_44,1989-06-01,5258.404907621438
DBA_44,1989-07-01,4356.361629132054
DBA_44,1989-08-01,4383.27536543699
DBA_44,1989-09-01,4358.380159354927
DBA_44,1989-10-01,4424.3188133020185
DBA_44,1989-11-01,4453.9239232374475
DBA_44,1989-12-01,4260.817865249533
DBA_44,1990-01-01,4371.837027507392
DBA_44,1990-02-01,4452.5246599714255
DBA_44,1990-03-01,4553.867772927757
DBA_44,1990-04-01,4583.120455569757
DBA_44,1990-05-01,4378.640005930254
DBA_44,1990-06-01,4412.923008539813
DBA_45,1982-01-01,6411.0103609504
DBA_45,1982-02-01,5267.66904859936
DBA_45,1982-03-01,6562.145818827201
DBA_45,1982-04-01,6232.94667730496
DBA_45,1982-05-01,6620.83909482944
DBA_45,1982-06-01,6685.030661216961
DBA_45,1982-07-01,6368.23098742592
DBA_45,1982-08-01,6422.54692821536
DBA_45,1982-09-01,6208.14189878336
DBA_45,1982-10-01,6364.07282927936
DBA_45,1982-11-01,6333.666297832639
DBA_45,1982-12-01,6099.51001720448
DBA_45,1983-01-01,6738.307062469759
DBA_45,1983-02-01,6057.668550854722
DBA_45,1983-03-01,6391.100857232
DBA_45,1983-04-01,6537.156162129921
DBA_45,1983-05-01,6990.919466496
DBA_45,1983-06-01,7376.6246722432
DBA_45,1983-07-01,6798.7949289952
DBA_45,1983-08-01,6439.149939611199
DBA_45,1983-09-01,6401.20674652384
DBA_45,1983-10-01,6365.602517393921
DBA_45,1983-11-01,6183.42321359776
DBA_45,1983-12-01,6616.13154572416
DBA_45,1984-01-01,6669.667831861121
DBA_45,1984-02-01,5728.617747705919
DBA_45,1984-03-01,6925.1036036019195
DBA_45,1984-04-01,6530.27811921536
DBA_45,1984-05-01,7142.244939648001
DBA_45,1984-06-01,6769.881977688001
DBA_45,1984-07-01,7243.01291916
DBA_45,1984-08-01,6337.37109280096
DBA_45,1984-09-01,6589.944445597119
DBA_45,1984-10-01,6420.264892318719
DBA_45,1984-11-01,6383.621123652159
DBA_45,1984-12-01,6199.622625666879
DBA_45,1985-01-01,6530.196198318401
DBA_45,1985-02-01,5725.33271207488
DBA_45,1985-03-01,6705.35861024224
DBA_45,1985-04-01,6105.544297600961
DBA_45,1985-05-01,6275.509011841601
DBA_45,1985-06-01,6213.526466969439
DBA_45,1985-07-01,5843.8013665196795
DBA_45,1985-08-01,5998.172987710719
DBA_45,1985-09-01,6107.714466384161
DBA_45,1985-10-01,6168.91735660384
DBA_45,1985-11-01,5802.424712202879
DBA_45,1985-12-01,5887.79689664944
DBA_45,1986-01-01,5595.0365746432
DBA_45,1986-02-01,5133.9877493248
DBA_45,1986-03-01,6127.382349490241
DBA_45,1986-04-01,6347.2449614896
DBA_45,1986-05-01,6264.601568326719
DBA_45,1986-06-01,6578.022738623678
DBA_45,1986-07-01,6064.620149965601
DBA_45,1986-08-01,6189.75472168864
DBA_45,1986-09-01,6162.46680885184
DBA_45,1986-10-01,6387.007348766079
DBA_45,1986-11-01,6023.5322566312
DBA_45,1986-12-01,5972.07504956752
DBA_45,1987-01-01,5836.415140036
DBA_45,1987-02-01,5395.3699989016
DBA_45,1987-03-01,5921.5600416448
DBA_45,1987-04-01,5999.13567956656
DBA_45,1987-05-01,6154.28695541008
DBA_45,1987-06-01,6485.64018271408
DBA_45,1987-07-01,6150.38868214768
DBA_45,1987-08-01,5842.20852368128
DBA_45,1987-09-01,6203.469471122079
DBA_45,1987-10-01,6351.603855093281
DBA_45,1987-11-01,5631.25936565392
DBA_45,1987-12-01,5913.884177177921
DBA_45,1988-01-01,5543.15838992368
DBA_45,1988-02-01,5350.583690761121
DBA_45,1988-03-01,5869.05403466032
DBA_45,1988-04-01,5595.78507896608
DBA_45,1988-05-01,5968.46000285152
DBA_45,1988-06-01,6267.4575620775995
DBA_45,1988-07-01,5674.140371540321
DBA_45,1988-08-01,6078.391308851199
DBA_45,1988-09-01,5884.64712770992
DBA_45,1988-10-01,5863.9862794192
DBA_45,1988-11-01,5858.138869525601
DBA_45,1988-12-01,5694.610263419679
DBA_45,1989-01-01,5681.92663877632
DBA_45,1989-02-01,2083.936179152319
DBA_45,1989-03-01,5895.226924578879
DBA_45,1989-04-01,6164.69827874128
DBA_45,1989-05-01,6563.45973407344
DBA_45,1989-06-01,7446.784282236
DBA_45,1989-07-01,6073.19335572656
DBA_45,1989-08-01,6278.63235665504
DBA_45,1989-09-01,6044.4122158472
DBA_45,1989-10-01,6140.30973810224
DBA_45,1989-11-01,6043.6325611947195
DBA_45,1989-12-01,5682.953763358879
DBA_45,1990-01-01,6053.191075045761
DBA_45,1990-02-01,5729.1127285928
DBA_45,1990-03-01,6642.9029871016
DBA_45,1990-04-01,6122.31613915744
DBA_45,1990-05-01,6697.29270250176
DBA_45,1990-06-01,7336.437212307839
DBA_45,1990-07-01,6598.482727783679
DBA_45,1990-08-01,6476.31259883888
DBA_45,1990-09-01,5784.4858608227205
DBA_45,1990-10-01,6079.97497411264
DBA_45,1990-11-01,5704.1814316172795
DBA_45,1990-12-01,5640.639577440159
DBA_45,1991-01-01,5750.790618723519
DBA_45,1991-02-01,4539.699810189759
DBA_45,1991-03-01,6138.70466837728
DBA_45,1991-04-01,7095.613869102081
DBA_45,1991-05-01,7579.802562985601
DBA_45,1991-06-01,8637.006907824
DBA_46,1979-01-01,3162.2531626261016
DBA_46,1979-02-01,2711.442472415245
DBA_46,1979-03-01,5123.712661884367
DBA_46,1979-04-01,3677.011578865749
DBA_46,1979-05-01,4491.867980060054
DBA_46,1979-06-01,3485.281866437701
DBA_46,1979-07-01,3454.5480708552427
DBA_46,1979-08-01,3913.909908854097
DBA_46,1979-09-01,3482.668753286446
DBA_46,1979-10-01,4345.408301858643
DBA_46,1979-11-01,4584.184129443856
DBA_46,1979-12-01,3538.7614674809083
DBA_46,1980-01-01,4403.072176556413
DBA_46,1980-02-01,3499.1293521690545
DBA_46,1980-03-01,3255.714531823936
DBA_46,1980-04-01,3759.5474925895664
DBA_46,1980-05-01,5804.669960308295
DBA_46,1980-06-01,4566.974666531007
DBA_46,1980-07-01,2510.089223913414
DBA_46,1980-08-01,3692.1957260713016
DBA_46,1980-09-01,2866.5701837399665
DBA_46,1980-10-01,3536.588536803805
DBA_46,1980-11-01,3764.667065335226
DBA_46,1980-12-01,4257.825778665481
DBA_46,1981-01-01,4213.484897177963
DBA_46,1981-02-01,3377.498591233639
DBA_46,1981-03-01,3424.9786501716003
DBA_46,1981-04-01,3849.6737663113513
DBA_46,1981-05-01,3939.275502357255
DBA_46,1981-06-01,3258.65526715249
DBA_46,1981-07-01,4207.207822303543
DBA_46,1981-08-01,2571.5226068550874
DBA_46,1981-09-01,3463.4767905776052
DBA_46,1981-10-01,4082.213352079202
DBA_46,1981-11-01,3667.449531439318
DBA_46,1981-12-01,3840.496688395032
DBA_46,1982-01-01,2341.9180305694063
DBA_46,1982-02-01,3959.891810309935
DBA_46,1982-03-01,2576.214443873558
DBA_46,1982-04-01,3680.6396834641296
DBA_46,1982-05-01,3773.8632170969813
DBA_46,1982-06-01,3681.25748230889
DBA_46,1982-07-01,3728.345144065547
DBA_46,1982-08-01,3636.5242036400655
DBA_46,1982-09-01,3555.6903842911383
DBA_46,1982-10-01,3835.8619717432452
DBA_46,1982-11-01,3272.653488695362
DBA_46,1982-12-01,3826.44109270485
DBA_46,1983-01-01,4051.365539387326
DBA_46,1983-02-01,4161.551199503033
DBA_46,1983-03-01,4131.500564926021
DBA_46,1983-04-01,4199.797461691956
DBA_46,1983-05-01,4163.372450083458
DBA_46,1983-06-01,4210.724965174505
DBA_46,1983-07-01,4333.659379353186
DBA_46,1983-08-01,3979.426141460542
DBA_46,1983-09-01,4089.6118015762486
DBA_46,1983-10-01,4965.63333076063
DBA_46,1983-11-01,4649.646355056907
DBA_46,1983-12-01,4758.01076459219
DBA_46,1984-01-01,4864.553923547047
DBA_46,1984-02-01,4635.986975703721
DBA_46,1984-03-01,4768.938268074739
DBA_46,1984-04-01,4614.131968738622
DBA_46,1984-05-01,5384.520964258359
DBA_46,1984-06-01,4874.570801739385
DBA_46,1984-07-01,4734.334507046667
DBA_46,1984-08-01,4630.523223962446
DBA_46,1984-09-01,4441.113163598257
DBA_46,1984-10-01,4296.323742454477
DBA_46,1984-11-01,4089.6118015762486
DBA_46,1984-12-01,4656.931357378608
DBA_46,1985-01-01,4471.163798175267
DBA_46,1985-02-01,4821.754534907062
DBA_46,1985-03-01,5161.417768156308
DBA_46,1985-04-01,5000.237091788703
DBA_46,1985-05-01,5248.837796016703
DBA_46,1985-06-01,5062.159611523152
DBA_46,1985-07-01,4710.658249501144
DBA_46,1985-08-01,4614.131968738622
DBA_46,1985-09-01,4495.750681011004
DBA_46,1985-10-01,5478.31536915024
DBA_46,1985-11-01,5321.6878192337
DBA_46,1985-12-01,5450.857341314505
DBA_46,1986-01-01,5589.734909840277
DBA_46,1986-02-01,5153.222140544396
DBA_46,1986-03-01,5334.247823877099
DBA_46,1986-04-01,5454.2397368949305
DBA_46,1986-05-01,5356.972205551984
DBA_46,1986-06-01,5591.999291082312
DBA_46,1986-07-01,5795.376993460304
DBA_46,1986-08-01,5422.767226447283
DBA_46,1986-09-01,5743.307328602066
DBA_46,1986-10-01,5456.460362185143
DBA_46,1986-11-01,5494.706624374066
DBA_46,1986-12-01,6375.28128000951
DBA_46,1987-01-01,5520.204132500015
DBA_46,1987-02-01,5538.911442594475
DBA_46,1987-03-01,5682.749974318682
DBA_46,1987-04-01,5892.216322551712
DBA_46,1987-05-01,5768.795462018227
DBA_46,1987-06-01,6130.444952812997
DBA_46,1987-07-01,6124.561826361935
DBA_46,1987-08-01,6437.921919652047
DBA_46,1987-09-01,6801.777033415329
DBA_46,1987-10-01,6327.928764918463
DBA_46,1987-11-01,5966.410524704117
DBA_46,1987-12-01,6365.264401817174
DBA_46,1988-01-01,7555.728978817113
DBA_46,1988-02-01,7191.303384364571
DBA_46,1988-03-01,7002.7021049658915
DBA_46,1988-04-01,7212.145921714755
DBA_46,1988-05-01,7913.327395178346
DBA_46,1988-06-01,7397.310648569877
DBA_47,1982-01-01,5550.0
DBA_47,1982-02-01,5530.0
DBA_47,1982-03-01,6070.0
DBA_47,1982-04-01,6120.0
DBA_47,1982-05-01,5840.0
DBA_47,1982-06-01,6360.0
DBA_47,1982-07-01,6300.0
DBA_47,1982-08-01,6400.0
DBA_47,1982-09-01,5490.0
DBA_47,1982-10-01,5630.0
DBA_47,1982-11-01,5580.0
DBA_47,1982-12-01,5780.0
DBA_47,1983-01-01,5670.0
DBA_47,1983-02-01,6030.0
DBA_47,1983-03-01,6760.0
DBA_47,1983-04-01,6050.0
DBA_47,1983-05-01,5910.0
DBA_47,1983-06-01,6510.0
DBA_47,1983-07-01,6360.0
DBA_47,1983-08-01,6460.0
DBA_47,1983-09-01,5710.0
DBA_47,1983-10-01,5910.0
DBA_47,1983-11-01,5680.0
DBA_47,1983-12-01,5690.0
DBA_47,1984-01-01,5360.0
DBA_47,1984-02-01,5380.0
DBA_47,1984-03-01,6000.0
DBA_47,1984-04-01,5950.0
DBA_47,1984-05-01,5960.0
DBA_47,1984-06-01,6440.0
DBA_47,1984-07-01,6190.0
DBA_47,1984-08-01,6550.0
DBA_47,1984-09-01,5780.0
DBA_47,1984-10-01,5800.0
DBA_47,1984-11-01,5720.0
DBA_47,1984-12-01,5730.0
DBA_47,1985-01-01,5530.0
DBA_47,1985-02-01,5650.0
DBA_47,1985-03-01,6750.0
DBA_47,1985-04-01,6370.0
DBA_47,1985-05-01,6500.0
DBA_47,1985-06-01,7050.0
DBA_47,1985-07-01,6570.0
DBA_47,1985-08-01,6710.0
DBA_47,1985-09-01,5570.0
DBA_47,1985-10-01,5610.0
DBA_47,1985-11-01,5430.0
DBA_47,1985-12-01,5910.0
DBA_47,1986-01-01,5510.0
DBA_47,1986-02-01,5790.0
DBA_47,1986-03-01,6420.0
DBA_47,1986-04-01,6020.0
DBA_47,1986-05-01,5870.0
DBA_47,1986-06-01,6210.0
DBA_47,1986-07-01,6430.0
DBA_47,1986-08-01,6920.0
DBA_47,1986-09-01,5710.0
DBA_47,1986-10-01,5800.0
DBA_47,1986-11-01,5690.0
DBA_47,1986-12-01,5880.0
DBA_47,1987-01-01,5560.0
DBA_47,1987-02-01,5860.0
DBA_47,1987-03-01,6510.0
DBA_47,1987-04-01,6460.0
DBA_47,1987-05-01,6360.0
DBA_47,1987-06-01,6530.0
DBA_47,1987-07-01,6840.0
DBA_47,1987-08-01,7110.0
DBA_47,1987-09-01,5860.0
DBA_47,1987-10-01,5960.0
DBA_47,1987-11-01,5770.0
DBA_47,1987-12-01,5810.0
DBA_47,1988-01-01,5580.0
DBA_47,1988-02-01,5750.0
DBA_47,1988-03-01,6440.0
DBA_47,1988-04-01,6260.0
DBA_47,1988-05-01,6250.0
DBA_47,1988-06-01,6660.0
DBA_47,1988-07-01,6820.0
DBA_47,1988-08-01,7090.0
DBA_47,1988-09-01,6030.0
DBA_47,1988-10-01,6190.0
DBA_47,1988-11-01,5980.0
DBA_47,1988-12-01,5830.0
DBA_47,1989-01-01,5620.0
DBA_47,1989-02-01,5690.0
DBA_47,1989-03-01,6500.0
DBA_47,1989-04-01,6200.0
DBA_47,1989-05-01,6250.0
DBA_47,1989-06-01,6970.0
DBA_47,1989-07-01,6950.0
DBA_47,1989-08-01,7240.0
DBA_47,1989-09-01,6050.0
DBA_47,1989-10-01,6190.0
DBA_47,1989-11-01,6050.0
DBA_47,1989-12-01,5990.0
DBA_47,1990-01-01,5730.0
DBA_47,1990-02-01,5920.0
DBA_47,1990-03-01,6350.0
DBA_47,1990-04-01,6190.0
DBA_47,1990-05-01,6080.0
DBA_47,1990-06-01,6710.0
DBA_47,1990-07-01,6780.0
DBA_47,1990-08-01,7120.0
DBA_47,1990-09-01,6010.0
DBA_47,1990-10-01,6020.0
DBA_47,1990-11-01,5890.0
DBA_47,1990-12-01,5960.0
DBA_47,1991-01-01,5690.0
DBA_47,1991-02-01,5620.0
DBA_47,1991-03-01,5980.0
DBA_47,1991-04-01,6320.0
DBA_47,1991-05-01,6340.0
DBA_47,1991-06-01,6670.0
DBA_48,1982-01-01,5691.200780821359
DBA_48,1982-02-01,4931.299484759635
DBA_48,1982-03-01,5647.853236651171
DBA_48,1982-04-01,5571.712332978319
DBA_48,1982-05-01,5605.259562814379
DBA_48,1982-06-01,5565.304435144468
DBA_48,1982-07-01,5622.221645315756
DBA_48,1982-08-01,5815.589385831463
DBA_48,1982-09-01,6071.52836401892
DBA_48,1982-10-01,6030.442430848914
DBA_48,1982-11-01,5467.301291803173
DBA_48,1982-12-01,5140.875437443324
DBA_48,1983-01-01,5769.980230661093
DBA_48,1983-02-01,5356.859287960868
DBA_48,1983-03-01,5628.62954314961
DBA_48,1983-04-01,5431.115515800233
DBA_48,1983-05-01,5976.9176371779
DBA_48,1983-06-01,6041.750485849833
DBA_48,1983-07-01,6088.490446520297
DBA_48,1983-08-01,6030.442430848914
DBA_48,1983-09-01,5689.693040154572
DBA_48,1983-10-01,6141.261369857915
DBA_48,1983-11-01,5112.982235107725
DBA_48,1983-12-01,5509.1410953065715
DBA_48,1984-01-01,5825.389700165593
DBA_48,1984-02-01,5097.150958106438
DBA_48,1984-03-01,6031.950171515703
DBA_48,1984-04-01,6002.172293346617
DBA_48,1984-05-01,5924.900584173675
DBA_48,1984-06-01,6078.313197019472
DBA_48,1984-07-01,6263.765299034533
DBA_48,1984-08-01,5549.178906910294
DBA_48,1984-09-01,6113.064614193755
DBA_48,1984-10-01,6978.944586773283
DBA_48,1984-11-01,5700.008681751802
DBA_48,1984-12-01,5478.304139954351
DBA_48,1985-01-01,5604.2004856312415
DBA_48,1985-02-01,4493.703910996675
DBA_48,1985-03-01,5812.47627476864
DBA_48,1985-04-01,6960.059267496469
DBA_48,1985-05-01,7187.728963999213
DBA_48,1985-06-01,7532.196041888703
DBA_48,1985-07-01,6615.717546287249
DBA_48,1985-08-01,7607.7227965599495
DBA_48,1985-09-01,8190.923051405932
DBA_48,1985-10-01,8134.409576066473
DBA_48,1985-11-01,6798.000257406197
DBA_48,1985-12-01,6487.2501310830885
DBA_48,1986-01-01,6633.61693981693
DBA_48,1986-02-01,5568.7946281667755
DBA_48,1986-03-01,6519.002500349076
DBA_48,1986-04-01,7198.582479223758
DBA_48,1986-05-01,7012.31999131307
DBA_48,1986-06-01,7949.97932387256
DBA_48,1986-07-01,6709.587292458166
DBA_48,1986-08-01,7896.018289074735
DBA_48,1986-09-01,7748.43815486741
DBA_48,1986-10-01,8309.763493739745
DBA_48,1986-11-01,7223.085248331897
DBA_48,1986-12-01,6602.27705970418
DBA_48,1987-01-01,6390.2719578241085
DBA_48,1987-02-01,6181.845001123451
DBA_48,1987-03-01,6951.1462146967015
DBA_48,1987-04-01,7348.320329611264
DBA_48,1987-05-01,7315.2224867017185
DBA_48,1987-06-01,8672.234045993137
DBA_48,1987-07-01,8022.800695930137
DBA_48,1987-08-01,7642.622770617777
DBA_48,1987-09-01,8463.807089292479
DBA_48,1987-10-01,8843.985014604841
DBA_48,1987-11-01,7598.790492169997
DBA_48,1987-12-01,7490.55160049283
DBA_48,1988-01-01,6470.780224360847
DBA_48,1988-02-01,6552.183027192435
DBA_48,1988-03-01,7668.564323168501
DBA_48,1988-04-01,7114.84635665473
DBA_48,1988-05-01,7588.056056631766
DBA_48,1988-06-01,8704.437352607836
DBA_48,1988-07-01,7688.24412165526
DBA_48,1988-08-01,8698.175598543865
DBA_48,1988-09-01,8284.899830321956
DBA_48,1988-10-01,8445.021827100572
DBA_48,1988-11-01,7831.369928831676
DBA_48,1988-12-01,7206.983595024551
DBA_48,1989-01-01,7053.1233523099
DBA_48,1989-02-01,6282.033066146943
DBA_48,1989-03-01,7206.983595024551
DBA_48,1989-04-01,7352.206253970085
DBA_48,1989-05-01,7652.215771697155
DBA_48,1989-06-01,8676.706727467403
DBA_48,1989-07-01,7503.075108620766
DBA_48,1989-08-01,8416.684909535408
DBA_48,1989-09-01,8107.763051889662
DBA_48,1989-10-01,8120.885581312451
DBA_48,1989-11-01,7709.712992731723
DBA_48,1989-12-01,6775.817100905587
DBA_48,1990-01-01,7330.429603714212
DBA_48,1990-02-01,6456.467643643202
DBA_48,1990-03-01,7673.037004642763
DBA_48,1990-04-01,7325.956922239949
DBA_48,1990-05-01,7960.183155290454
DBA_48,1990-06-01,8245.483003378382
DBA_48,1990-07-01,8391.475110740408
DBA_48,1990-08-01,8585.87948555629
DBA_48,1990-09-01,7983.441098956624
DBA_48,1990-10-01,8368.986242038103
DBA_48,1990-11-01,7257.97216383115
DBA_48,1990-12-01,6404.584538541752
DBA_48,1991-01-01,6354.490506030006
DBA_48,1991-02-01,4495.728189239869
DBA_48,1991-03-01,6968.677926978889
DBA_48,1991-04-01,7282.34746299126
DBA_48,1991-05-01,7553.40750311857
DBA_48,1991-06-01,8498.013042920724
DBA_49,1979-01-01,5304.0
DBA_49,1979-02-01,4264.0
DBA_49,1979-03-01,3224.0
DBA_49,1979-04-01,2400.0
DBA_49,1979-05-01,1968.0
DBA_49,1979-06-01,1532.0
DBA_49,1979-07-01,1000.0
DBA_49,1979-08-01,55024.0
DBA_49,1979-09-01,53804.0
DBA_49,1979-10-01,42540.0
DBA_49,1979-11-01,26572.0
DBA_49,1979-12-01,15748.0
DBA_49,1980-01-01,10372.0
DBA_49,1980-02-01,8980.0
DBA_49,1980-03-01,7212.0
DBA_49,1980-04-01,7504.0
DBA_49,1980-05-01,3848.0
DBA_49,1980-06-01,2684.0
DBA_49,1980-07-01,1000.0
DBA_49,1980-08-01,43560.0
DBA_49,1980-09-01,40320.0
DBA_49,1980-10-01,28096.0
DBA_49,1980-11-01,17804.0
DBA_49,1980-12-01,10008.0
DBA_49,1981-01-01,6136.0
DBA_49,1981-02-01,4216.0
DBA_49,1981-03-01,2424.0
DBA_49,1981-04-01,1840.0
DBA_49,1981-05-01,1112.0
DBA_49,1981-06-01,324.0
DBA_49,1981-07-01,100.0
DBA_49,1981-08-01,58676.0
DBA_49,1981-09-01,54768.0
DBA_49,1981-10-01,43624.0
DBA_49,1981-11-01,28680.0
DBA_49,1981-12-01,15008.0
DBA_49,1982-01-01,9028.0
DBA_49,1982-02-01,7240.0
DBA_49,1982-03-01,4884.0
DBA_49,1982-04-01,3812.0
DBA_49,1982-05-01,3696.0
DBA_49,1982-06-01,2912.0
DBA_49,1982-07-01,1200.0
DBA_49,1982-08-01,42468.0
DBA_49,1982-09-01,41900.0
DBA_49,1982-10-01,30180.0
DBA_49,1982-11-01,16836.0
DBA_49,1982-12-01,9732.0
DBA_49,1983-01-01,5728.0
DBA_49,1983-02-01,5728.0
DBA_49,1983-03-01,3584.0
DBA_49,1983-04-01,3068.0
DBA_49,1983-05-01,2992.0
DBA_49,1983-06-01,1092.0
DBA_49,1983-07-01,600.0
DBA_49,1983-08-01,28268.0
DBA_49,1983-09-01,26652.0
DBA_49,1983-10-01,19068.0
DBA_49,1983-11-01,10024.0
DBA_49,1983-12-01,4636.0
DBA_49,1984-01-01,4888.0
DBA_49,1984-02-01,5100.0
DBA_49,1984-03-01,4664.0
DBA_49,1984-04-01,3848.0
DBA_49,1984-05-01,3772.0
DBA_49,1984-06-01,2964.0
DBA_49,1984-07-01,1200.0
DBA_49,1984-08-01,50368.0
DBA_49,1984-09-01,47796.0
DBA_49,1984-10-01,38376.0
DBA_49,1984-11-01,17728.0
DBA_49,1984-12-01,12832.0
DBA_49,1985-01-01,7768.0
DBA_49,1985-02-01,5192.0
DBA_49,1985-03-01,3896.0
DBA_49,1985-04-01,4128.0
DBA_49,1985-05-01,3716.0
DBA_49,1985-06-01,2500.0
DBA_49,1985-07-01,1700.0
DBA_49,1985-08-01,5304.0
DBA_49,1985-09-01,45856.0
DBA_49,1985-10-01,34592.0
DBA_49,1985-11-01,19172.0
DBA_49,1985-12-01,9496.0
DBA_49,1986-01-01,5960.0
DBA_49,1986-02-01,4500.0
DBA_49,1986-03-01,7560.0
DBA_49,1986-04-01,3608.0
DBA_49,1986-05-01,2948.0
DBA_49,1986-06-01,3148.0
DBA_49,1986-07-01,600.0
DBA_49,1986-08-01,4196.0
DBA_49,1986-09-01,32476.0
DBA_49,1986-10-01,21144.0
DBA_49,1986-11-01,15652.0
DBA_49,1986-12-01,10160.0
DBA_49,1987-01-01,7308.0
DBA_49,1987-02-01,5568.0
DBA_49,1987-03-01,3724.0
DBA_49,1987-04-01,4064.0
DBA_49,1987-05-01,5024.0
DBA_49,1987-06-01,4388.0
DBA_49,1987-07-01,1200.0
DBA_49,1987-08-01,49504.0
DBA_49,1987-09-01,43196.0
DBA_49,1987-10-01,30608.0
DBA_49,1987-11-01,19300.0
DBA_49,1987-12-01,10100.0
DBA_49,1988-01-01,5880.0
DBA_49,1988-02-01,5248.0
DBA_49,1988-03-01,3812.0
DBA_49,1988-04-01,3164.0
DBA_49,1988-05-01,3872.0
DBA_49,1988-06-01,3044.0
DBA_50,1982-01-01,3990.0
DBA_50,1982-02-01,4080.0
DBA_50,1982-03-01,3640.0
DBA_50,1982-04-01,3200.0
DBA_50,1982-05-01,2880.0
DBA_50,1982-06-01,2900.0
DBA_50,1982-07-01,2995.0
DBA_50,1982-08-01,2785.0
DBA_50,1982-09-01,2455.0
DBA_50,1982-10-01,2400.0
DBA_50,1982-11-01,2280.0
DBA_50,1982-12-01,4750.0
DBA_50,1983-01-01,3890.0
DBA_50,1983-02-01,3530.0
DBA_50,1983-03-01,3525.0
DBA_50,1983-04-01,2945.0
DBA_50,1983-05-01,2980.0
DBA_50,1983-06-01,2740.0
DBA_50,1983-07-01,3030.0
DBA_50,1983-08-01,2165.0
DBA_50,1983-09-01,2495.0
DBA_50,1983-10-01,2850.0
DBA_50,1983-11-01,3575.0
DBA_50,1983-12-01,3930.0
DBA_50,1984-01-01,3675.0
DBA_50,1984-02-01,2850.0
DBA_50,1984-03-01,4100.0
DBA_50,1984-04-01,4135.0
DBA_50,1984-05-01,4880.0
DBA_50,1984-06-01,4180.0
DBA_50,1984-07-01,4135.0
DBA_50,1984-08-01,3645.0
DBA_50,1984-09-01,3730.0
DBA_50,1984-10-01,4990.0
DBA_50,1984-11-01,5055.0
DBA_50,1984-12-01,7530.0
DBA_50,1985-01-01,7420.0
DBA_50,1985-02-01,6445.0
DBA_50,1985-03-01,6325.0
DBA_50,1985-04-01,6535.0
DBA_50,1985-05-01,5795.0
DBA_50,1985-06-01,4970.0
DBA_50,1985-07-01,4725.0
DBA_50,1985-08-01,3050.0
DBA_50,1985-09-01,2660.0
DBA_50,1985-10-01,2370.0
DBA_50,1985-11-01,2400.0
DBA_50,1985-12-01,2345.0
DBA_50,1986-01-01,2070.0
DBA_50,1986-02-01,2055.0
DBA_50,1986-03-01,2285.0
DBA_50,1986-04-01,2320.0
DBA_50,1986-05-01,2225.0
DBA_50,1986-06-01,2270.0
DBA_50,1986-07-01,2205.0
DBA_50,1986-08-01,1990.0
DBA_50,1986-09-01,1790.0
DBA_50,1986-10-01,2380.0
DBA_50,1986-11-01,2285.0
DBA_50,1986-12-01,2385.0
DBA_50,1987-01-01,2450.0
DBA_50,1987-02-01,2575.0
DBA_50,1987-03-01,2065.0
DBA_50,1987-04-01,2275.0
DBA_50,1987-05-01,2445.0
DBA_50,1987-06-01,2235.0
DBA_50,1987-07-01,2345.0
DBA_50,1987-08-01,2200.0
DBA_50,1987-09-01,1930.0
DBA_50,1987-10-01,1715.0
DBA_50,1987-11-01,2085.0
DBA_50,1987-12-01,2170.0
DBA_50,1988-01-01,2415.0
DBA_50,1988-02-01,2295.0
DBA_50,1988-03-01,1820.0
DBA_50,1988-04-01,1975.0
DBA_50,1988-05-01,1735.0
DBA_50,1988-06-01,1565.0
DBA_50,1988-07-01,2050.0
DBA_50,1988-08-01,1930.0
DBA_50,1988-09-01,1425.0
DBA_50,1988-10-01,1795.0
DBA_50,1988-11-01,1815.0
DBA_50,1988-12-01,1985.0
DBA_50,1989-01-01,2250.0
DBA_50,1989-02-01,2445.0
DBA_50,1989-03-01,2320.0
DBA_50,1989-04-01,2170.0
DBA_50,1989-05-01,2290.0
DBA_50,1989-06-01,1990.0
DBA_50,1989-07-01,2260.0
DBA_50,1989-08-01,2040.0
DBA_50,1989-09-01,2130.0
DBA_50,1989-10-01,2145.0
DBA_50,1989-11-01,2490.0
DBA_50,1989-12-01,2720.0
DBA_50,1990-01-01,2545.0
DBA_50,1990-02-01,1975.0
DBA_50,1990-03-01,2035.0
DBA_50,1990-04-01,2155.0
DBA_50,1990-05-01,2205.0
DBA_50,1990-06-01,2125.0
DBA_50,1990-07-01,2505.0
DBA_50,1990-08-01,2065.0
DBA_50,1990-09-01,1865.0
DBA_50,1990-10-01,1475.0
DBA_50,1990-11-01,1375.0
DBA_50,1990-12-01,1840.0
DBA_50,1991-01-01,2140.0
DBA_51,1982-01-01,5433.055169875
DBA_51,1982-02-01,4537.531242925
DBA_51,1982-03-01,4227.4302755
DBA_51,1982-04-01,4593.6392639999995
DBA_51,1982-05-01,5124.260208975
DBA_51,1982-06-01,5441.76677765
DBA_51,1982-07-01,4807.634349374999
DBA_51,1982-08-01,4344.9990705
DBA_51,1982-09-01,4312.153075725
DBA_51,1982-10-01,4949.753665725
DBA_51,1982-11-01,4585.728930625
DBA_51,1982-12-01,5532.237977875001
DBA_51,1983-01-01,4258.731645375
DBA_51,1983-02-01,5286.28734065
DBA_51,1983-03-01,3813.9904455749997
DBA_51,1983-04-01,3931.352089375
DBA_51,1983-05-01,3965.94545395
DBA_51,1983-06-01,4052.220471625
DBA_51,1983-07-01,5210.048025874999
DBA_51,1983-08-01,4660.149136599999
DBA_51,1983-09-01,3960.2963926499997
DBA_51,1983-10-01,4193.068098
DBA_51,1983-11-01,4183.481984925
DBA_51,1983-12-01,4314.353267775
DBA_51,1984-01-01,4540.66889385
DBA_51,1984-02-01,4263.505189725
DBA_51,1984-03-01,4145.971107674999
DBA_51,1984-04-01,3957.54827005
DBA_51,1984-05-01,4066.49254875
DBA_51,1984-06-01,4769.4072377
DBA_51,1984-07-01,3702.862424
DBA_51,1984-08-01,4469.51616685
DBA_51,1984-09-01,4702.500393325001
DBA_51,1984-10-01,4638.731902
DBA_51,1984-11-01,4753.348471375
DBA_51,1984-12-01,4206.940026100001
DBA_51,1985-01-01,4779.60608545
DBA_51,1985-02-01,3283.511459425
DBA_51,1985-03-01,4234.047789200001
DBA_51,1985-04-01,4483.28672915
DBA_51,1985-05-01,4405.7642495
DBA_51,1985-06-01,4652.18983715
DBA_51,1985-07-01,4693.931519000001
DBA_51,1985-08-01,4701.41405285
DBA_51,1985-09-01,4711.416953450001
DBA_51,1985-10-01,4846.921416499999
DBA_51,1985-11-01,4864.869027499999
DBA_51,1985-12-01,4770.64406975
DBA_51,1986-01-01,4839.7423721
DBA_51,1986-02-01,4944.735896450001
DBA_51,1986-03-01,4843.3318942999995
DBA_51,1986-04-01,4879.2271163
DBA_51,1986-05-01,4745.63975265
DBA_51,1986-06-01,4617.314334
DBA_51,1986-07-01,4626.2881395
DBA_51,1986-08-01,4722.30785835
DBA_51,1986-09-01,4848.72265325
DBA_51,1986-10-01,4928.5895222
DBA_51,1986-11-01,5026.4040021499995
DBA_51,1986-12-01,4907.052389
DBA_51,1987-01-01,5027.3013827
DBA_51,1987-02-01,5092.81016285
DBA_51,1987-03-01,5174.471792899999
DBA_51,1987-04-01,5154.7294208
DBA_51,1987-05-01,5079.3494546
DBA_51,1987-06-01,4926.7947611
DBA_51,1987-07-01,4927.69214165
DBA_51,1987-08-01,4772.4453065
DBA_51,1987-09-01,4862.1833615000005
DBA_51,1987-10-01,4801.1614841
DBA_51,1987-11-01,4833.4671839
DBA_51,1987-12-01,4848.72265325
DBA_51,1988-01-01,4872.9519281
DBA_51,1988-02-01,4947.4345137499995
DBA_51,1988-03-01,4986.91925795
DBA_51,1988-04-01,4937.5633277
DBA_51,1988-05-01,4897.18120295
DBA_51,1988-06-01,4709.628668
DBA_51,1988-07-01,4702.4496236
DBA_51,1988-08-01,4781.419112
DBA_51,1988-09-01,4833.4671839
DBA_51,1988-10-01,4948.3318942999995
DBA_51,1988-11-01,4973.4585497
DBA_51,1988-12-01,4991.4061607
DBA_51,1989-01-01,4898.97596405
DBA_51,1989-02-01,4828.980281149999
DBA_51,1989-03-01,4846.0305116
DBA_51,1989-04-01,4821.80123675
DBA_51,1989-05-01,4758.98459825
DBA_51,1989-06-01,4764.368881550001
DBA_51,1989-07-01,4766.16364265
DBA_51,1989-08-01,4810.1352896
DBA_51,1989-09-01,4778.726970350001
DBA_51,1989-10-01,4909.74453065
DBA_51,1989-11-01,4933.07642495
DBA_51,1989-12-01,4900.77072515
DBA_51,1990-01-01,5012.045913350001
DBA_51,1990-02-01,5012.045913350001
DBA_51,1990-03-01,5010.251152250001
DBA_51,1990-04-01,4957.3056998
DBA_51,1990-05-01,5030.890904899999
DBA_51,1990-06-01,4840.6462283
DBA_51,1990-07-01,4797.5719619
DBA_51,1990-08-01,4769.75316485
DBA_51,1990-09-01,4821.80123675
DBA_51,1990-10-01,4843.33836995
DBA_51,1990-11-01,4820.9038562000005
DBA_51,1990-12-01,4753.60031495
DBA_51,1991-01-01,4925.0
DBA_51,1991-02-01,4946.5371332
DBA_51,1991-03-01,4943.84499155
DBA_51,1991-04-01,4856.799078200001
DBA_51,1991-05-01,4268.03418675
DBA_51,1991-06-01,4594.9438777000005
DBA_52,1981-01-01,4346.52452237632
DBA_52,1981-02-01,3668.35663446272
DBA_52,1981-03-01,4178.32052473792
DBA_52,1981-04-01,4541.16185598592
DBA_52,1981-05-01,4614.44939331904
DBA_52,1981-06-01,5318.1480929104
DBA_52,1981-07-01,4681.36625242528
DBA_52,1981-08-01,4241.773898496639
DBA_52,1981-09-01,3665.0202881881605
DBA_52,1981-10-01,3916.32897117088
DBA_52,1981-11-01,3787.1661837433594
DBA_52,1981-12-01,4345.92279013024
DBA_52,1982-01-01,3630.7195889219197
DBA_52,1982-02-01,4283.55041793184
DBA_52,1982-03-01,3878.3898835264
DBA_52,1982-04-01,3877.6102288739207
DBA_52,1982-05-01,3986.2421104528007
DBA_52,1982-06-01,4306.420287737919
DBA_52,1982-07-01,4454.814556593282
DBA_52,1982-08-01,4317.595337756799
DBA_52,1982-09-01,3705.3065506758403
DBA_52,1982-10-01,3697.5100041510404
DBA_52,1982-11-01,3875.27126491648
DBA_52,1982-12-01,4236.51125389888
DBA_52,1983-01-01,4242.2287213504
DBA_52,1983-02-01,4147.630623516159
DBA_52,1983-03-01,5374.42737242752
DBA_52,1983-04-01,4241.28690580672
DBA_52,1983-05-01,4528.56941754976
DBA_52,1983-06-01,4872.611307995199
DBA_52,1983-07-01,3953.35779442912
DBA_52,1983-08-01,4270.417353104321
DBA_52,1983-09-01,4131.6141703513595
DBA_52,1983-10-01,3573.55469576512
DBA_52,1983-11-01,3805.37201243584
DBA_52,1983-12-01,3466.74200837536
DBA_52,1984-01-01,4066.63906027456
DBA_52,1984-02-01,5800.364631938801
DBA_52,1984-03-01,4096.2759565024
DBA_52,1984-04-01,3788.03165088304
DBA_52,1984-05-01,3865.2174614785604
DBA_52,1984-06-01,3857.03108762752
DBA_52,1984-07-01,4051.2303629142402
DBA_52,1984-08-01,5576.62121704864
DBA_52,1984-09-01,3265.68320060752
DBA_52,1984-10-01,3349.32281915968
DBA_52,1984-11-01,3464.3218804004805
DBA_52,1984-12-01,3773.40334193152
DBA_52,1985-01-01,3836.5553687824
DBA_52,1985-02-01,3886.45326654112
DBA_52,1985-03-01,4195.97616357568
DBA_52,1985-04-01,4320.72090797248
DBA_52,1985-05-01,4007.2997376755197
DBA_52,1985-06-01,4126.5868995049605
DBA_52,1985-07-01,4037.316441796
DBA_52,1985-08-01,3781.5897157825602
DBA_52,1985-09-01,3361.93105134304
DBA_52,1985-10-01,3263.2233564142402
DBA_52,1985-11-01,3131.85154747136
DBA_52,1985-12-01,2339.99416726208
DBA_52,1986-01-01,3321.0558693201597
DBA_52,1986-02-01,3091.8374014910396
DBA_52,1986-03-01,3634.08721229088
DBA_52,1986-04-01,4554.7140991528
DBA_52,1986-05-01,4076.7040368313596
DBA_52,1986-06-01,5380.409341652481
DBA_52,1986-07-01,4067.13832439936
DBA_52,1986-08-01,3631.3765493449596
DBA_52,1986-09-01,3276.2438551403197
DBA_52,1986-10-01,2739.77627153408
DBA_52,1986-11-01,3229.3094653233597
DBA_52,1986-12-01,3637.4586758966398
DBA_52,1987-01-01,3685.40743702416
DBA_52,1987-02-01,3913.59321347136
DBA_52,1987-03-01,6867.9428012592025
DBA_52,1987-04-01,4765.97459929952
DBA_52,1987-05-01,4565.8623179864
DBA_52,1987-06-01,4199.32089813872
DBA_52,1987-07-01,3885.12007318928
DBA_52,1987-08-01,4059.3728880185595
DBA_52,1987-09-01,3397.0562607367997
DBA_52,1987-10-01,3331.95509725472
DBA_52,1987-11-01,3390.0393688644804
DBA_52,1987-12-01,3710.86725836
DBA_52,1988-01-01,3973.2524929154
DBA_52,1988-02-01,4073.10689616752
DBA_52,1988-03-01,4170.173900401281
DBA_52,1988-04-01,4282.6758819968
DBA_52,1988-05-01,3966.9765711564796
DBA_52,1988-06-01,4124.0769836312
DBA_52,1988-07-01,3731.62474069328
DBA_52,1988-08-01,3650.54065683536
DBA_52,1988-09-01,3276.51022342928
DBA_52,1988-10-01,3087.9597915455997
DBA_52,1988-11-01,2876.59697879936
DBA_52,1988-12-01,2535.97882081632
DBA_52,1989-01-01,3542.4949027736
DBA_52,1989-02-01,223.27458837920105
DBA_52,1989-03-01,3123.17118924416
DBA_52,1989-04-01,3398.8125190903997
DBA_52,1989-05-01,3289.6608677432005
DBA_52,1989-06-01,3329.03342769344
DBA_52,1989-07-01,3054.9848173467203
DBA_52,1989-08-01,3889.7712290182403
DBA_52,1989-09-01,3396.51068222384
DBA_52,1989-10-01,3391.4982548038397
DBA_52,1989-11-01,3638.6753364296
DBA_52,1989-12-01,9709.936083104802
DBA_52,1990-01-01,3159.33168457152
DBA_52,1990-02-01,3538.53245998544
DBA_52,1990-03-01,4138.086887742561
DBA_52,1990-04-01,3893.7967524454402
DBA_52,1990-05-01,4300.166403247361
DBA_52,1990-06-01,3998.027250076
DBA_53,1977-01-01,5548.7465077133475
DBA_53,1977-02-01,4346.447554633886
DBA_53,1977-03-01,6026.137440732506
DBA_53,1977-04-01,5439.332948054677
DBA_53,1977-05-01,5810.848187594104
DBA_53,1977-06-01,6368.377061093764
DBA_53,1977-07-01,8973.15240225518
DBA_53,1977-08-01,6887.979483745686
DBA_53,1977-09-01,6200.754649880326
DBA_53,1977-10-01,5747.521982316025
DBA_53,1977-11-01,5548.092310060808
DBA_53,1977-12-01,4283.998957187119
DBA_53,1978-01-01,4923.427362395251
DBA_53,1978-02-01,2719.3109190191685
DBA_53,1978-03-01,4962.663164312779
DBA_53,1978-04-01,4628.335907533923
DBA_53,1978-05-01,5246.668562174641
DBA_53,1978-06-01,5486.652337500787
DBA_53,1978-07-01,6457.857784502612
DBA_53,1978-08-01,6811.471889675841
DBA_53,1978-09-01,5979.18329727246
DBA_53,1978-10-01,11336.618578718671
DBA_53,1978-11-01,9412.942335357804
DBA_53,1978-12-01,6259.485622942291
DBA_53,1979-01-01,5994.976980856074
DBA_53,1979-02-01,6417.899137740996
DBA_53,1979-03-01,6933.50012028183
DBA_53,1979-04-01,7694.636382472637
DBA_53,1979-05-01,7135.358288798956
DBA_53,1979-06-01,7496.482768449401
DBA_53,1979-07-01,6710.706444559713
DBA_53,1979-08-01,8656.791112774401
DBA_53,1979-09-01,7669.851217354158
DBA_53,1979-10-01,6273.715130633644
DBA_53,1979-11-01,8170.259973532325
DBA_53,1979-12-01,8985.895943472127
DBA_53,1980-01-01,7973.799471478555
DBA_53,1980-02-01,10370.783588584136
DBA_53,1980-03-01,8688.102115640986
DBA_53,1980-04-01,7282.5596339207505
DBA_53,1980-05-01,7751.267254204182
DBA_53,1980-06-01,6155.488008977812
DBA_53,1980-07-01,10425.743376078408
DBA_53,1980-08-01,15942.514016085097
DBA_53,1980-09-01,15057.92964729866
DBA_53,1980-10-01,20295.72352237045
DBA_53,1980-11-01,13306.314446573071
DBA_53,1980-12-01,11213.94353419155
DBA_53,1981-01-01,12867.715002838106
DBA_53,1981-02-01,11719.991770188335
DBA_53,1981-03-01,11311.653135954617
DBA_53,1981-04-01,8865.267211215112
DBA_53,1981-05-01,11829.003602006087
DBA_53,1981-06-01,10982.430112103684
DBA_53,1981-07-01,8975.372807231708
DBA_53,1981-08-01,11377.278987885036
DBA_53,1981-09-01,9889.030501329651
DBA_53,1981-10-01,5660.470582090584
DBA_53,1981-11-01,8339.501184781257
DBA_53,1981-12-01,5855.3227674961045
DBA_53,1982-01-01,10275.483502350773
DBA_53,1982-02-01,5185.445920588527
DBA_53,1982-03-01,7686.36845449611
DBA_53,1982-04-01,5110.023394651596
DBA_53,1982-05-01,7299.982774911146
DBA_53,1982-06-01,7234.602317047191
DBA_53,1982-07-01,6277.259698617871
DBA_53,1982-08-01,9748.923585808863
DBA_53,1982-09-01,16011.988298830385
DBA_53,1982-10-01,11469.950169112844
DBA_53,1982-11-01,11897.247382793128
DBA_53,1982-12-01,19930.809348693867
DBA_53,1983-01-01,11072.313073842062
DBA_53,1983-02-01,9476.388261284963
DBA_53,1983-03-01,14487.361126088093
DBA_53,1983-04-01,10223.345330530312
DBA_53,1983-05-01,7120.668848473905
DBA_53,1983-06-01,9584.830610955523
DBA_53,1983-07-01,5139.290057790782
DBA_53,1983-08-01,9203.06456823572
DBA_53,1983-09-01,20431.129854440238
DBA_53,1983-10-01,12397.791109317684
DBA_53,1983-11-01,12877.589004542302
DBA_53,1983-12-01,13787.600817977445
DBA_53,1984-01-01,10497.804925637784
DBA_53,1984-02-01,8439.204217660019
DBA_53,1984-03-01,5843.413512223739
DBA_53,1984-04-01,4580.428560573786
DBA_53,1984-05-01,7805.6113422006965
DBA_53,1984-06-01,5599.205226391344
DBA_53,1984-07-01,7186.593253555823
DBA_53,1984-08-01,8712.72077697909
DBA_53,1984-09-01,4370.822725868577
DBA_53,1984-10-01,5787.977511098469
DBA_53,1984-11-01,6795.042178636982
DBA_53,1984-12-01,3366.5958624921604
DBA_53,1985-01-01,4462.9121777964365
DBA_53,1985-02-01,3068.362824275034
DBA_53,1985-03-01,3530.295904251928
DBA_53,1985-04-01,4133.324565879221
DBA_53,1985-05-01,3946.290887877527
DBA_53,1985-06-01,5494.219604043391
DBA_53,1985-07-01,4792.049965700577
DBA_53,1985-08-01,14405.890563763776
DBA_53,1985-09-01,14125.522340794376
DBA_53,1985-10-01,20557.721345818187
DBA_53,1985-11-01,16503.217587990228
DBA_53,1985-12-01,15896.543045700133
DBA_53,1986-01-01,4206.1821939322
DBA_53,1986-02-01,18852.161291596945
DBA_53,1986-03-01,25375.102530420496
DBA_53,1986-04-01,19561.62633949395
DBA_53,1986-05-01,14622.916393663645
DBA_53,1986-06-01,6327.41194053869
DBA_54,1978-01-01,6220.798452546028
DBA_54,1978-02-01,4603.420270508667
DBA_54,1978-03-01,5366.050425979911
DBA_54,1978-04-01,5221.42905040596
DBA_54,1978-05-01,5330.122066308176
DBA_54,1978-06-01,4884.72144253434
DBA_54,1978-07-01,5035.305209407765
DBA_54,1978-08-01,4892.136081654814
DBA_54,1978-09-01,5080.713419778098
DBA_54,1978-10-01,5809.403564623076
DBA_54,1978-11-01,5435.203861904827
DBA_54,1978-12-01,4226.752725521676
DBA_54,1979-01-01,6323.108210056614
DBA_54,1979-02-01,5000.721376806315
DBA_54,1979-03-01,4501.001542482982
DBA_54,1979-04-01,5285.1106844262495
DBA_54,1979-05-01,5819.091151120571
DBA_54,1979-06-01,4951.233192407295
DBA_54,1979-07-01,5316.872347333723
DBA_54,1979-08-01,5060.834145196523
DBA_54,1979-09-01,5065.114419092432
DBA_54,1979-10-01,5798.593602584443
DBA_54,1979-11-01,5297.153030415032
DBA_54,1979-12-01,4936.572381001954
DBA_54,1980-01-01,5421.9294997443085
DBA_54,1980-02-01,4965.237245577598
DBA_54,1980-03-01,5624.14001500869
DBA_54,1980-04-01,5155.255465502116
DBA_54,1980-05-01,5287.295429927481
DBA_54,1980-06-01,5269.655513265547
DBA_54,1980-07-01,5176.656834981668
DBA_54,1980-08-01,5004.396023204609
DBA_54,1980-09-01,5153.427377944043
DBA_54,1980-10-01,5929.756164582919
DBA_54,1980-11-01,5214.820718696268
DBA_54,1980-12-01,5373.061147575389
DBA_54,1981-01-01,5674.755604602304
DBA_54,1981-02-01,5492.487455073456
DBA_54,1981-03-01,6357.275293637404
DBA_54,1981-04-01,4018.6564572696975
DBA_54,1981-05-01,4615.1483537343165
DBA_54,1981-06-01,3909.381680073307
DBA_54,1981-07-01,3951.3898703921523
DBA_54,1981-08-01,4698.910719432172
DBA_54,1981-09-01,4448.358467830155
DBA_54,1981-10-01,4244.441571014374
DBA_54,1981-11-01,3899.7474458982024
DBA_54,1981-12-01,3319.566990650085
DBA_54,1982-01-01,4271.464626098479
DBA_54,1982-02-01,3232.7341207896566
DBA_54,1982-03-01,3532.3335474484484
DBA_54,1982-04-01,3701.853685720606
DBA_54,1982-05-01,3692.1257905026278
DBA_54,1982-06-01,3669.8383498322974
DBA_54,1982-07-01,3263.3557450771996
DBA_54,1982-08-01,4599.463786717083
DBA_54,1982-09-01,3697.040063915762
DBA_54,1982-10-01,3948.0271018366425
DBA_54,1982-11-01,4032.8170077795744
DBA_54,1982-12-01,3064.582913381111
DBA_54,1983-01-01,3757.261079866725
DBA_54,1983-02-01,3528.4437317217316
DBA_54,1983-03-01,3830.9487253728303
DBA_54,1983-04-01,4129.983084599826
DBA_54,1983-05-01,3909.2755951024615
DBA_54,1983-06-01,3806.8898315373235
DBA_54,1983-07-01,4036.7924218555554
DBA_54,1983-08-01,4000.4749463751004
DBA_54,1983-09-01,3648.8137841754815
DBA_54,1983-10-01,4562.044661627856
DBA_54,1983-11-01,4696.882865680581
DBA_54,1983-12-01,3715.7965631248003
DBA_54,1984-01-01,4268.7974305653615
DBA_54,1984-02-01,5022.763298112955
DBA_54,1984-03-01,4846.393639547224
DBA_54,1984-04-01,4092.154991519817
DBA_54,1984-05-01,4025.6488717982907
DBA_54,1984-06-01,3804.682373185915
DBA_54,1984-07-01,5418.111122594213
DBA_54,1984-08-01,4623.104492193308
DBA_54,1984-09-01,4339.722101885404
DBA_54,1984-10-01,4498.7256633982215
DBA_54,1984-11-01,4809.357641014404
DBA_54,1984-12-01,4006.3906767364515
DBA_54,1985-01-01,4396.205802650902
DBA_54,1985-02-01,5003.877962774813
DBA_54,1985-03-01,4139.3772563903785
DBA_54,1985-04-01,4491.767926353155
DBA_54,1985-05-01,4579.580629227769
DBA_54,1985-06-01,4507.416618393992
DBA_54,1985-07-01,4617.672356744263
DBA_54,1985-08-01,5262.438529845429
DBA_54,1985-09-01,4475.157130960351
DBA_54,1985-10-01,4365.096832459373
DBA_54,1985-11-01,5361.972578152904
DBA_54,1985-12-01,4466.281085144309
DBA_54,1986-01-01,4397.909661703529
DBA_54,1986-02-01,4041.3316997291945
DBA_54,1986-03-01,4950.027874517996
DBA_54,1986-04-01,5368.010415266292
DBA_54,1986-05-01,5090.82931185915
DBA_54,1986-06-01,4348.902989965058
DBA_54,1986-07-01,4970.87897464777
DBA_54,1986-08-01,5244.8051631987
DBA_54,1986-09-01,4881.586241557399
DBA_54,1986-10-01,5183.629979314347
DBA_54,1986-11-01,5063.387318207718
DBA_54,1986-12-01,3960.2534984570334
DBA_54,1987-01-01,4421.522865034346
DBA_54,1987-02-01,5638.640643794693
DBA_54,1987-03-01,5260.684600457921
DBA_54,1987-04-01,3998.4315936734324
DBA_54,1987-05-01,6925.420946434552
DBA_54,1987-06-01,5208.411982734685
DBA_55,1982-01-01,8210.103648843835
DBA_55,1982-02-01,5902.027222879355
DBA_55,1982-03-01,6163.290336716805
DBA_55,1982-04-01,5731.493079874485
DBA_55,1982-05-01,5566.01098178844
DBA_55,1982-06-01,4963.3716267594245
DBA_55,1982-07-01,4319.180546779817
DBA_55,1982-08-01,5867.900562109784
DBA_55,1982-09-01,7620.821117402379
DBA_55,1982-10-01,7498.7137398246705
DBA_55,1982-11-01,7284.968801883784
DBA_55,1982-12-01,6352.039260660666
DBA_55,1983-01-01,7266.914915552301
DBA_55,1983-02-01,6271.2584007889145
DBA_55,1983-03-01,6641.49048583369
DBA_55,1983-04-01,6642.499750945126
DBA_55,1983-05-01,6553.011577731213
DBA_55,1983-06-01,5564.184493226397
DBA_55,1983-07-01,5832.778751380856
DBA_55,1983-08-01,6314.611239834195
DBA_55,1983-09-01,7436.984957235022
DBA_55,1983-10-01,7847.393391742294
DBA_55,1983-11-01,7664.134959868728
DBA_55,1983-12-01,7806.635167566492
DBA_55,1984-01-01,7992.41165681716
DBA_55,1984-02-01,7288.269249830897
DBA_55,1984-03-01,7931.076476376972
DBA_55,1984-04-01,7159.705383663429
DBA_55,1984-05-01,6888.044857835479
DBA_55,1984-06-01,6585.6017461087595
DBA_55,1984-07-01,6013.117188695193
DBA_55,1984-08-01,6103.898217289574
DBA_55,1984-09-01,6818.178465054864
DBA_55,1984-10-01,7662.124592213488
DBA_55,1984-11-01,7401.813854715909
DBA_55,1984-12-01,7312.511929297671
DBA_55,1985-01-01,7847.285904029431
DBA_55,1985-02-01,6909.610048134993
DBA_55,1985-03-01,7605.091743678431
DBA_55,1985-04-01,8065.482756792994
DBA_55,1985-05-01,7530.702274928593
DBA_55,1985-06-01,7092.272355993311
DBA_55,1985-07-01,5954.889956378714
DBA_55,1985-08-01,6588.797045215647
DBA_55,1985-09-01,8584.985417859858
DBA_55,1985-10-01,11712.952643865461
DBA_55,1985-11-01,9962.442316096149
DBA_55,1985-12-01,9796.658927634577
DBA_55,1986-01-01,9560.855385108123
DBA_55,1986-02-01,8942.175871798405
DBA_55,1986-03-01,9348.23686829913
DBA_55,1986-04-01,8037.893280762848
DBA_55,1986-05-01,7076.6554294790785
DBA_55,1986-06-01,6937.040422397223
DBA_55,1986-07-01,6036.419766817141
DBA_55,1986-08-01,6729.977147012364
DBA_55,1986-09-01,9577.035881930475
DBA_55,1986-10-01,12773.249214976113
DBA_55,1986-11-01,10051.816206009085
DBA_55,1986-12-01,9482.652274365926
DBA_55,1987-01-01,9122.008207879782
DBA_55,1987-02-01,8616.366387050793
DBA_55,1987-03-01,8592.816867783977
DBA_55,1987-04-01,7924.237519112631
DBA_55,1987-05-01,7631.86618779123
DBA_55,1987-06-01,7723.372891228013
DBA_55,1987-07-01,6434.712134420271
DBA_55,1987-08-01,6952.143381339319
DBA_55,1987-09-01,10470.00152479677
DBA_55,1987-10-01,11745.567819659067
DBA_55,1987-11-01,10450.617189619852
DBA_55,1987-12-01,10529.33986831179
DBA_55,1988-01-01,9464.00599242796
DBA_55,1988-02-01,9190.158725525234
DBA_55,1988-03-01,9182.757448041379
DBA_55,1988-04-01,8226.636807952209
DBA_55,1988-05-01,8009.308387289847
DBA_55,1988-06-01,8136.475791330669
DBA_55,1988-07-01,7206.662263335776
DBA_55,1988-08-01,6752.5028488633525
DBA_55,1988-09-01,10033.316010880444
DBA_55,1988-10-01,11804.231209514843
DBA_55,1988-11-01,9888.606426934362
DBA_55,1988-12-01,9638.645101002267
DBA_55,1989-01-01,9454.622429017272
DBA_55,1989-02-01,8966.138115082678
DBA_55,1989-03-01,9001.125972279096
DBA_55,1989-04-01,8774.32565810893
DBA_55,1989-05-01,8336.38788497057
DBA_55,1989-06-01,8247.97199168523
DBA_55,1989-07-01,6694.281348647429
DBA_55,1989-08-01,7030.213649744701
DBA_55,1989-09-01,8844.289202998427
DBA_55,1989-10-01,11127.700933434322
DBA_55,1989-11-01,9405.890568766532
DBA_55,1989-12-01,8173.504728868247
DBA_55,1990-01-01,8539.87498813835
DBA_55,1990-02-01,8180.71293259649
DBA_55,1990-03-01,8349.90539636746
DBA_55,1990-04-01,8271.66615437933
DBA_55,1990-05-01,7901.8510877097615
DBA_55,1990-06-01,7199.331023991131
DBA_55,1990-07-01,6695.33374897728
DBA_55,1990-08-01,6319.969452440339
DBA_55,1990-09-01,10139.460280969353
DBA_55,1990-10-01,11675.971347583001
DBA_55,1990-11-01,9814.14546165162
DBA_55,1990-12-01,8531.02219282594
DBA_55,1991-01-01,10139.068890751178
DBA_55,1991-02-01,5802.492335730753
DBA_55,1991-03-01,6947.104521283063
DBA_55,1991-04-01,7092.593879511945
DBA_55,1991-05-01,7304.874425619217
DBA_55,1991-06-01,10603.024865283078
DBA_56,1978-01-01,4765.3750383906945
DBA_56,1978-02-01,4577.402886149683
DBA_56,1978-03-01,6226.726833400611
DBA_56,1978-04-01,4721.140707120386
DBA_56,1978-05-01,5454.749438082311
DBA_56,1978-06-01,3875.430577454252
DBA_56,1978-07-01,4735.385352104992
DBA_56,1978-08-01,4694.611980846834
DBA_56,1978-09-01,3797.386533949566
DBA_56,1978-10-01,4721.229585379759
DBA_56,1978-11-01,4225.776888488344
DBA_56,1978-12-01,4800.036688486248
DBA_56,1979-01-01,5476.36145299379
DBA_56,1979-02-01,4446.070144220349
DBA_56,1979-03-01,5563.763349280224
DBA_56,1979-04-01,4942.789062183737
DBA_56,1979-05-01,4935.647963262818
DBA_56,1979-06-01,4761.958008863647
DBA_56,1979-07-01,4710.127452179544
DBA_56,1979-08-01,4760.115144625989
DBA_56,1979-09-01,4871.378072974528
DBA_56,1979-10-01,5112.562930077887
DBA_56,1979-11-01,4835.672578369927
DBA_56,1979-12-01,5297.257177973168
DBA_56,1980-01-01,5843.896782468168
DBA_56,1980-02-01,5163.649520743037
DBA_56,1980-03-01,5546.504566116272
DBA_56,1980-04-01,5349.318092686976
DBA_56,1980-05-01,4892.518119777755
DBA_56,1980-06-01,5224.694398615423
DBA_56,1980-07-01,4967.614837462274
DBA_56,1980-08-01,4405.508907038991
DBA_56,1980-09-01,4518.27855773582
DBA_56,1980-10-01,4805.995736840013
DBA_56,1980-11-01,4593.916303960901
DBA_56,1980-12-01,5420.356657966321
DBA_56,1981-01-01,4879.936720273412
DBA_56,1981-02-01,5420.817374025737
DBA_56,1981-03-01,5187.234331902714
DBA_56,1981-04-01,7951.893501980849
DBA_56,1981-05-01,7880.021796712225
DBA_56,1981-06-01,7486.800640002168
DBA_56,1981-07-01,6603.75600257197
DBA_56,1981-08-01,7988.93004086249
DBA_56,1981-09-01,6064.552033556451
DBA_56,1981-10-01,6917.926994072427
DBA_56,1981-11-01,6079.80518210328
DBA_56,1981-12-01,5619.143126069657
DBA_56,1982-01-01,6663.075985251605
DBA_56,1982-02-01,6790.924691739057
DBA_56,1982-03-01,6121.342312594055
DBA_56,1982-04-01,5929.914789907435
DBA_56,1982-05-01,7529.9293914562995
DBA_56,1982-06-01,6377.888759159599
DBA_56,1982-07-01,6253.388569208533
DBA_56,1982-08-01,6762.927777009671
DBA_56,1982-09-01,7468.612231402294
DBA_56,1982-10-01,7009.2263278419405
DBA_56,1982-11-01,7757.312133131095
DBA_56,1982-12-01,5723.120277722136
DBA_56,1983-01-01,6149.568005622428
DBA_56,1983-02-01,6634.890979538805
DBA_56,1983-03-01,6301.52978925854
DBA_56,1983-04-01,6889.486637986742
DBA_56,1983-05-01,6969.047781251722
DBA_56,1983-06-01,5132.776594695988
DBA_56,1983-07-01,5575.932162681925
DBA_56,1983-08-01,5427.152824776411
DBA_56,1983-09-01,6610.227025126663
DBA_56,1983-10-01,7153.629633626477
DBA_56,1983-11-01,6096.262039634892
DBA_56,1983-12-01,6829.020169105357
DBA_56,1984-01-01,6817.881609048261
DBA_56,1984-02-01,6946.770661137527
DBA_56,1984-03-01,8483.335053217224
DBA_56,1984-04-01,7691.150141460989
DBA_56,1984-05-01,7520.406504078032
DBA_56,1984-06-01,5808.250701015666
DBA_56,1984-07-01,9230.971084275101
DBA_56,1984-08-01,5527.399865290288
DBA_56,1984-09-01,6301.52978925854
DBA_56,1984-10-01,8747.239333224024
DBA_56,1984-11-01,5657.880140244855
DBA_56,1984-12-01,5729.485169183337
DBA_56,1985-01-01,7047.813313084052
DBA_56,1985-02-01,6188.55296582227
DBA_56,1985-03-01,6778.896648848422
DBA_56,1985-04-01,6003.175502014868
DBA_56,1985-05-01,6723.203848562935
DBA_56,1985-06-01,6620.569973751113
DBA_56,1985-07-01,6813.107940452362
DBA_56,1985-08-01,5787.564803766771
DBA_56,1985-09-01,6580.78940211862
DBA_56,1985-10-01,6557.716670571776
DBA_56,1985-11-01,6116.1523254511385
DBA_56,1985-12-01,6057.277079435054
DBA_56,1986-01-01,7295.2484686381395
DBA_56,1986-02-01,5958.621261786478
DBA_56,1986-03-01,9026.4989460841
DBA_56,1986-04-01,8045.5100496269
DBA_56,1986-05-01,6871.187575035797
DBA_56,1986-06-01,6590.336739310418
DBA_56,1986-07-01,8308.857433833986
DBA_56,1986-08-01,6466.221355817049
DBA_56,1986-09-01,7724.083030836382
DBA_56,1986-10-01,6552.147390543228
DBA_56,1986-11-01,6588.745516445118
DBA_56,1986-12-01,6271.296554817851
DBA_56,1987-01-01,6675.467162603947
DBA_56,1987-02-01,6419.28028129071
DBA_56,1987-03-01,8344.659948303226
DBA_56,1987-04-01,6407.030869799493
DBA_56,1987-05-01,7201.39598931072
DBA_56,1987-06-01,3453.0005839568253
DBA_57,1982-01-01,2826.25638788608
DBA_57,1982-02-01,3393.9591432814223
DBA_57,1982-03-01,3941.9758049003876
DBA_57,1982-04-01,4016.7301068455945
DBA_57,1982-05-01,4662.558256437797
DBA_57,1982-06-01,6050.783380768619
DBA_57,1982-07-01,7895.6387137090005
DBA_57,1982-08-01,6760.244461053198
DBA_57,1982-09-01,5108.937705114063
DBA_57,1982-10-01,4214.703699331884
DBA_57,1982-11-01,3282.1171047216358
DBA_57,1982-12-01,2503.1214003068126
DBA_57,1983-01-01,3593.8697720098403
DBA_57,1983-02-01,3576.713046973235
DBA_57,1983-03-01,3906.3672637480026
DBA_57,1983-04-01,4231.936545990246
DBA_57,1983-05-01,4900.059782106019
DBA_57,1983-06-01,6272.76301385344
DBA_57,1983-07-01,7619.0184097214005
DBA_57,1983-08-01,7252.712031371889
DBA_57,1983-09-01,5228.971643690719
DBA_57,1983-10-01,4054.5337115108723
DBA_57,1983-11-01,3543.3981592564305
DBA_57,1983-12-01,3875.9118302039647
DBA_57,1984-01-01,3647.5639898358177
DBA_57,1984-02-01,2443.8739665492603
DBA_57,1984-03-01,4014.540614060915
DBA_57,1984-04-01,4337.658935583642
DBA_57,1984-05-01,5043.022131188211
DBA_57,1984-06-01,6237.066693987812
DBA_57,1984-07-01,7560.752281787971
DBA_57,1984-08-01,7263.110873080895
DBA_57,1984-09-01,5031.466722683146
DBA_57,1984-10-01,4162.312458683024
DBA_57,1984-11-01,3354.7667261533325
DBA_57,1984-12-01,3414.8152637814505
DBA_57,1985-01-01,3591.2844355865295
DBA_57,1985-02-01,3411.54731615543
DBA_57,1985-03-01,3681.15299530208
DBA_57,1985-04-01,3929.5170148796
DBA_57,1985-05-01,4815.444777461001
DBA_57,1985-06-01,5653.569928330161
DBA_57,1985-07-01,6567.778276709255
DBA_57,1985-08-01,6587.794455918627
DBA_57,1985-09-01,4763.4842311887505
DBA_57,1985-10-01,4194.83584699244
DBA_57,1985-11-01,3491.90321248691
DBA_57,1985-12-01,3402.03465277136
DBA_57,1986-01-01,2310.7553005746254
DBA_57,1986-02-01,3097.5886126381224
DBA_57,1986-03-01,3950.02408682057
DBA_57,1986-04-01,4377.564710356887
DBA_57,1986-05-01,5097.30885365801
DBA_57,1986-06-01,6348.1878054483
DBA_57,1986-07-01,7544.641166918181
DBA_57,1986-08-01,7363.017675786447
DBA_57,1986-09-01,5342.23044072533
DBA_57,1986-10-01,4671.803269839927
DBA_57,1986-11-01,3661.0773411281975
DBA_57,1986-12-01,3497.8174334787054
DBA_57,1987-01-01,3196.653803195828
DBA_57,1987-02-01,2463.91710684928
DBA_57,1987-03-01,3471.01785418754
DBA_57,1987-04-01,3642.1001498185174
DBA_57,1987-05-01,4777.355920160575
DBA_57,1987-06-01,5819.3373587515525
DBA_57,1987-07-01,7690.638652238485
DBA_57,1987-08-01,6621.886421603939
DBA_57,1987-09-01,4952.628085140125
DBA_57,1987-10-01,4041.357118108123
DBA_57,1987-11-01,2801.4931472067124
DBA_57,1987-12-01,2794.003052489607
DBA_57,1988-01-01,2918.914327585138
DBA_57,1988-02-01,2254.1220818483202
DBA_57,1988-03-01,3087.4071920607726
DBA_57,1988-04-01,3528.70442652416
DBA_57,1988-05-01,4656.58064046364
DBA_57,1988-06-01,5622.482816576882
DBA_57,1988-07-01,7548.790783945418
DBA_57,1988-08-01,6542.928760834323
DBA_57,1988-09-01,4872.35697792326
DBA_57,1988-10-01,4040.133613681017
DBA_57,1988-11-01,3002.53469337307
DBA_57,1988-12-01,2708.8279004845226
DBA_57,1989-01-01,2846.898687683867
DBA_57,1989-02-01,2300.71516887552
DBA_57,1989-03-01,3392.643494700272
DBA_57,1989-04-01,3959.7022949035527
DBA_57,1989-05-01,5042.16806137932
DBA_57,1989-06-01,6475.635378409192
DBA_57,1989-07-01,7748.366576666801
DBA_57,1989-08-01,6674.646407603277
DBA_57,1989-09-01,5064.900963920639
DBA_57,1989-10-01,4114.506564490725
DBA_57,1989-11-01,3117.6491291533202
DBA_57,1989-12-01,2396.2464256460803
DBA_57,1990-01-01,3101.10640170312
DBA_57,1990-02-01,3268.1802240833927
DBA_57,1990-03-01,3771.0615909884255
DBA_57,1990-04-01,4072.992323699105
DBA_57,1990-05-01,5003.317053714748
DBA_57,1990-06-01,6465.339758250762
DBA_57,1990-07-01,7942.921198381199
DBA_57,1990-08-01,7120.4986794409
DBA_57,1990-09-01,2689.39276745776
DBA_57,1990-10-01,3683.2854158787795
DBA_57,1990-11-01,4110.8172495694
DBA_57,1990-12-01,4757.053892614855
DBA_57,1991-01-01,5038.91437535908
DBA_57,1991-02-01,4424.54022166732
DBA_57,1991-03-01,6558.696187573885
DBA_58,1982-01-01,4001.2277661900184
DBA_58,1982-02-01,4845.27328621068
DBA_58,1982-03-01,3980.1652449104886
DBA_58,1982-04-01,3993.660193404568
DBA_58,1982-05-01,3928.2373836554984
DBA_58,1982-06-01,4110.971806533207
DBA_58,1982-07-01,3752.6679273336504
DBA_58,1982-08-01,3364.1879740300737
DBA_58,1982-09-01,4338.379981241381
DBA_58,1982-10-01,4023.4694928156937
DBA_58,1982-11-01,4033.132047894096
DBA_58,1982-12-01,4262.954417974981
DBA_58,1983-01-01,5193.847870180949
DBA_58,1983-02-01,4666.677517175601
DBA_58,1983-03-01,5130.633266438401
DBA_58,1983-04-01,4813.287029662026
DBA_58,1983-05-01,4479.910489378548
DBA_58,1983-06-01,4561.681115133044
DBA_58,1983-07-01,4281.5297532368895
DBA_58,1983-08-01,3915.756993964369
DBA_58,1983-09-01,4273.990521377274
DBA_58,1983-10-01,4429.833167660746
DBA_58,1983-11-01,4368.724632074861
DBA_58,1983-12-01,4892.233988739918
DBA_58,1984-01-01,4897.941020601131
DBA_58,1984-02-01,4767.846635219361
DBA_58,1984-03-01,5019.08574238236
DBA_58,1984-04-01,4707.533684867892
DBA_58,1984-05-01,4869.535566564633
DBA_58,1984-06-01,4943.337864951697
DBA_58,1984-07-01,5928.629338065024
DBA_58,1984-08-01,4449.20309765497
DBA_58,1984-09-01,4448.367734522296
DBA_58,1984-10-01,4332.2992729021735
DBA_58,1984-11-01,4750.684300076124
DBA_58,1984-12-01,4494.210204870162
DBA_58,1985-01-01,4512.819890944397
DBA_58,1985-02-01,4497.695931803884
DBA_58,1985-03-01,5304.024991408345
DBA_58,1985-04-01,5407.951338653752
DBA_58,1985-05-01,5204.314065424063
DBA_58,1985-06-01,5132.4897723979875
DBA_58,1985-07-01,5169.942168987205
DBA_58,1985-08-01,4962.089474496394
DBA_58,1985-09-01,4771.42272822401
DBA_58,1985-10-01,4986.733475715273
DBA_58,1985-11-01,5070.983012721115
DBA_58,1985-12-01,5258.2319065069905
DBA_58,1986-01-01,5185.731459657599
DBA_58,1986-02-01,5413.567109963573
DBA_58,1986-03-01,18376.045547796122
DBA_58,1986-04-01,7700.381714089694
DBA_58,1986-05-01,5598.472797117268
DBA_58,1986-06-01,5547.343037285697
DBA_58,1986-07-01,5164.295495998541
DBA_58,1986-08-01,4945.0570380290765
DBA_58,1986-09-01,4962.080854660539
DBA_58,1986-10-01,5115.619467517637
DBA_58,1986-11-01,5140.58773191045
DBA_58,1986-12-01,5150.63989030236
DBA_58,1987-01-01,5034.877937208415
DBA_58,1987-02-01,4934.6806164632335
DBA_58,1987-03-01,4973.592197335146
DBA_58,1987-04-01,4947.489011833572
DBA_58,1987-05-01,5058.5491489054975
DBA_58,1987-06-01,5010.3960675765
DBA_58,1987-07-01,4928.357484571547
DBA_58,1987-08-01,4765.090475623301
DBA_58,1987-09-01,5054.6339802276
DBA_58,1987-10-01,5049.22959399539
DBA_58,1987-11-01,5116.2439832748005
DBA_58,1987-12-01,5247.246305543579
DBA_58,1988-01-01,5360.52224097071
DBA_58,1988-02-01,5261.081534298036
DBA_58,1988-03-01,5337.175292447561
DBA_58,1988-04-01,5285.941710966205
DBA_58,1988-05-01,5505.825363015468
DBA_58,1988-06-01,5442.918307272539
DBA_58,1988-07-01,5096.653555821301
DBA_58,1988-08-01,5002.184884482265
DBA_58,1988-09-01,4938.4131269421805
DBA_58,1988-10-01,5107.67850373501
DBA_58,1988-11-01,5324.070128472716
DBA_58,1988-12-01,5342.44504166223
DBA_58,1989-01-01,5109.069303708146
DBA_58,1989-02-01,4946.011677958078
DBA_58,1989-03-01,5087.3904217927
DBA_58,1989-04-01,4991.446307131228
DBA_58,1989-05-01,5305.050470041455
DBA_58,1989-06-01,5197.178920846535
DBA_58,1989-07-01,4707.906635903183
DBA_58,1989-08-01,4759.682325397188
DBA_58,1989-09-01,4498.37692152252
DBA_58,1989-10-01,4776.631112743943
DBA_58,1989-11-01,4925.566462988306
DBA_58,1989-12-01,4755.012483289714
DBA_58,1990-01-01,5070.208337518521
DBA_58,1990-02-01,5086.356460056204
DBA_58,1990-03-01,5145.037453263116
DBA_58,1990-04-01,5009.49663506887
DBA_58,1990-05-01,5134.446044757575
DBA_58,1990-06-01,5187.095824483949
DBA_58,1990-07-01,4740.671982806219
DBA_58,1990-08-01,4269.148861870448
DBA_58,1990-09-01,1518.1631948571114
DBA_58,1990-10-01,3265.198508287007
DBA_58,1990-11-01,4075.588860700465
DBA_58,1990-12-01,4518.621973161507
DBA_58,1991-01-01,5180.477519963444
DBA_58,1991-02-01,3610.007461373327
DBA_58,1991-03-01,4746.569546500425
DBA_59,1979-01-01,5157.462710310337
DBA_59,1979-02-01,4508.651454854999
DBA_59,1979-03-01,4124.139557244426
DBA_59,1979-04-01,5005.205254090505
DBA_59,1979-05-01,5054.21541516911
DBA_59,1979-06-01,5060.840304769467
DBA_59,1979-07-01,5263.029039427985
DBA_59,1979-08-01,4555.754229358173
DBA_59,1979-09-01,4308.164729071498
DBA_59,1979-10-01,5081.871897787379
DBA_59,1979-11-01,4794.080955559082
DBA_59,1979-12-01,5364.819354671386
DBA_59,1980-01-01,4727.981030351793
DBA_59,1980-02-01,5139.969081338068
DBA_59,1980-03-01,3848.6166500734325
DBA_59,1980-04-01,4705.363017827325
DBA_59,1980-05-01,4108.930307211348
DBA_59,1980-06-01,4414.084696433465
DBA_59,1980-07-01,4821.663730492022
DBA_59,1980-08-01,4613.98357706338
DBA_59,1980-09-01,4404.734015295978
DBA_59,1980-10-01,4830.874017064849
DBA_59,1980-11-01,4367.576690653682
DBA_59,1980-12-01,5048.755708992962
DBA_59,1981-01-01,5012.563024966137
DBA_59,1981-02-01,4425.26452538312
DBA_59,1981-03-01,4687.808774989245
DBA_59,1981-04-01,4295.730559078888
DBA_59,1981-05-01,4519.138607066406
DBA_59,1981-06-01,4644.022774719753
DBA_59,1981-07-01,4229.08961654767
DBA_59,1981-08-01,4376.453014487338
DBA_59,1981-09-01,4377.5840931995945
DBA_59,1981-10-01,4368.697046174727
DBA_59,1981-11-01,4202.751640819418
DBA_59,1981-12-01,4063.1083039316577
DBA_59,1982-01-01,4498.974186744291
DBA_59,1982-02-01,3447.1830493765797
DBA_59,1982-03-01,4490.195357470069
DBA_59,1982-04-01,3993.1468669766145
DBA_59,1982-05-01,4012.6352269308627
DBA_59,1982-06-01,4055.724903877579
DBA_59,1982-07-01,3824.989298283571
DBA_59,1982-08-01,3799.7765525030477
DBA_59,1982-09-01,3640.5070077747764
DBA_59,1982-10-01,3849.287572265811
DBA_59,1982-11-01,3609.0151401851285
DBA_59,1982-12-01,3705.0643787423555
DBA_59,1983-01-01,3967.408150017679
DBA_59,1983-02-01,4152.777670952762
DBA_59,1983-03-01,4176.690683406403
DBA_59,1983-04-01,3931.7241202196174
DBA_59,1983-05-01,3996.5968113531076
DBA_59,1983-06-01,4220.496375230244
DBA_59,1983-07-01,4231.807162352807
DBA_59,1983-08-01,4183.318720775286
DBA_59,1983-09-01,4301.667239819233
DBA_59,1983-10-01,4552.361228286021
DBA_59,1983-11-01,4418.63293231794
DBA_59,1983-12-01,4223.5923887390545
DBA_59,1984-01-01,4916.0483263115475
DBA_59,1984-02-01,4659.33892920664
DBA_59,1984-03-01,4828.719854128411
DBA_59,1984-04-01,4949.577976898589
DBA_59,1984-05-01,4955.646398383521
DBA_59,1984-06-01,4630.051115478883
DBA_59,1984-07-01,4561.976261086434
DBA_59,1984-08-01,4557.451946237409
DBA_59,1984-09-01,4461.98279997299
DBA_59,1984-10-01,4207.633409453839
DBA_59,1984-11-01,4108.341774167749
DBA_59,1984-12-01,4447.983660483305
DBA_59,1985-01-01,4373.413562605214
DBA_59,1985-02-01,4644.786463708219
DBA_59,1985-03-01,5377.3341300402435
DBA_59,1985-04-01,4762.710110905281
DBA_59,1985-05-01,5279.732584890905
DBA_59,1985-06-01,5045.794030452699
DBA_59,1985-07-01,4761.335402201935
DBA_59,1985-08-01,4554.192531070451
DBA_59,1985-09-01,4693.7127476821
DBA_59,1985-10-01,5189.135401573525
DBA_59,1985-11-01,4757.992993882427
DBA_59,1985-12-01,4932.433136691405
DBA_59,1986-01-01,4771.13610293673
DBA_59,1986-02-01,4209.713689846776
DBA_59,1986-03-01,4746.183262635892
DBA_59,1986-04-01,4909.263530881519
DBA_59,1986-05-01,5111.974133041931
DBA_59,1986-06-01,5033.055020248271
DBA_59,1986-07-01,5149.905527819339
DBA_59,1986-08-01,4758.293815677363
DBA_59,1986-09-01,4846.19478988699
DBA_59,1986-10-01,4601.329621381939
DBA_59,1986-11-01,3917.797837541329
DBA_59,1986-12-01,5218.937392212202
DBA_59,1987-01-01,5443.455804466579
DBA_59,1987-02-01,5359.755979759616
DBA_59,1987-03-01,5392.3956797418705
DBA_59,1987-04-01,5598.660871926069
DBA_59,1987-05-01,5422.083911246679
DBA_59,1987-06-01,5583.004620020096
DBA_59,1987-07-01,5599.840468592047
DBA_59,1987-08-01,5685.564742287049
DBA_59,1987-09-01,5786.691417586742
DBA_59,1987-10-01,5589.397581403657
DBA_59,1987-11-01,5065.347452436575
DBA_59,1987-12-01,5613.227351425208
DBA_59,1988-01-01,5927.969477427797
DBA_59,1988-02-01,5816.964912074057
DBA_59,1988-03-01,5805.08476103816
DBA_59,1988-04-01,5762.483018915003
DBA_59,1988-05-01,6626.553126053281
DBA_59,1988-06-01,5622.793574401052
DBA_60,1982-01-01,6880.894646038196
DBA_60,1982-02-01,4423.468293526913
DBA_60,1982-03-01,6015.97007203199
DBA_60,1982-04-01,6102.094028207785
DBA_60,1982-05-01,6191.245779717884
DBA_60,1982-06-01,5980.3093714279485
DBA_60,1982-07-01,6091.66495538962
DBA_60,1982-08-01,6298.227881530007
DBA_60,1982-09-01,5654.989583842033
DBA_60,1982-10-01,6660.443044916335
DBA_60,1982-11-01,6540.677236072091
DBA_60,1982-12-01,6007.860017612981
DBA_60,1983-01-01,7262.32352033738
DBA_60,1983-02-01,5220.451176568116
DBA_60,1983-03-01,5492.76262328225
DBA_60,1983-04-01,6135.749698609949
DBA_60,1983-05-01,6567.547759759636
DBA_60,1983-06-01,6507.664696481153
DBA_60,1983-07-01,6333.398253906692
DBA_60,1983-08-01,6445.090259572176
DBA_60,1983-09-01,6408.420293856702
DBA_60,1983-10-01,6666.119318976466
DBA_60,1983-11-01,6567.884181463449
DBA_60,1983-12-01,6584.032423246409
DBA_60,1984-01-01,6808.425699688814
DBA_60,1984-02-01,5284.916090705252
DBA_60,1984-03-01,7178.013331730983
DBA_60,1984-04-01,5513.057770863516
DBA_60,1984-05-01,6540.172764527569
DBA_60,1984-06-01,5991.805387314495
DBA_60,1984-07-01,5970.947241678169
DBA_60,1984-08-01,6815.67182566268
DBA_60,1984-09-01,6606.417525891799
DBA_60,1984-10-01,6290.853967716424
DBA_60,1984-11-01,6100.775705062813
DBA_60,1984-12-01,6789.094511061556
DBA_60,1985-01-01,6385.388466487512
DBA_60,1985-02-01,5486.982631716606
DBA_60,1985-03-01,6948.402360912034
DBA_60,1985-04-01,7427.466101081079
DBA_60,1985-05-01,6817.978209321814
DBA_60,1985-06-01,3705.0982210309817
DBA_60,1985-07-01,2991.38262454269
DBA_60,1985-08-01,5442.84054291552
DBA_60,1985-09-01,5450.598321138217
DBA_60,1985-10-01,4589.484938418646
DBA_60,1985-11-01,3309.451531673342
DBA_60,1985-12-01,6493.046261917436
DBA_60,1986-01-01,7340.920929130761
DBA_60,1986-02-01,4145.395771340382
DBA_60,1986-03-01,4471.222456693734
DBA_60,1986-04-01,7990.719789026979
DBA_60,1986-05-01,6183.157463138154
DBA_60,1986-06-01,2781.2937945313997
DBA_60,1986-07-01,2269.2804318332765
DBA_60,1986-08-01,3849.168018196015
DBA_60,1986-09-01,5323.1458805087905
DBA_60,1986-10-01,3391.459103056784
DBA_60,1986-11-01,3600.919115069652
DBA_60,1986-12-01,5409.603398667735
DBA_60,1987-01-01,7119.489191997659
DBA_60,1987-02-01,4955.069067864685
DBA_60,1987-03-01,5715.33133368917
DBA_60,1987-04-01,7323.08723417226
DBA_60,1987-05-01,5061.401122043317
DBA_60,1987-06-01,5883.7256136493925
DBA_60,1987-07-01,2915.5767579782823
DBA_60,1987-08-01,4575.741297635832
DBA_60,1987-09-01,5444.612458578101
DBA_60,1987-10-01,4265.430168727878
DBA_60,1987-11-01,4001.6657091561183
DBA_60,1987-12-01,5712.549567473446
DBA_60,1988-01-01,6656.25804200093
DBA_60,1988-02-01,4485.42972517917
DBA_60,1988-03-01,4594.038620296954
DBA_60,1988-04-01,6620.25091710316
DBA_60,1988-05-01,5441.068627252937
DBA_60,1988-06-01,4200.627474304516
DBA_60,1988-07-01,3331.756313362246
DBA_60,1988-08-01,4782.460841006927
DBA_60,1988-09-01,3851.527454283068
DBA_60,1988-10-01,4573.000828994059
DBA_60,1988-11-01,4627.305276552949
DBA_60,1988-12-01,5410.840877045533
DBA_60,1989-01-01,5651.332001949197
DBA_60,1989-02-01,3828.2541196149705
DBA_60,1989-03-01,4270.447478308806
DBA_60,1989-04-01,7129.225373752689
DBA_60,1989-05-01,6399.9942208190005
DBA_60,1989-06-01,2964.822598382297
DBA_60,1989-07-01,3104.4626063908768
DBA_60,1989-08-01,5222.336061187658
DBA_60,1989-09-01,4291.402674463797
DBA_60,1989-10-01,4912.0249322797035
DBA_60,1989-11-01,4330.191565577293
DBA_60,1989-12-01,7254.616815701883
DBA_60,1990-01-01,5539.560308060969
DBA_60,1990-02-01,4026.7935546346976
DBA_60,1990-03-01,4717.235816454892
DBA_60,1990-04-01,6835.233163973525
DBA_60,1990-05-01,6204.998617124435
DBA_60,1990-06-01,3701.8528271126374
DBA_60,1990-07-01,3298.448359532298
DBA_60,1990-08-01,6483.856303012926
DBA_60,1990-09-01,3554.45504088136
DBA_60,1990-10-01,4407.810645378229
DBA_60,1990-11-01,4586.239544500305
DBA_60,1990-12-01,5478.88896538724
DBA_60,1991-01-01,5890.051211190277
DBA_60,1991-02-01,3688.1504839037716
DBA_60,1991-03-01,4202.904315243667
DBA_60,1991-04-01,7660.810209359769
DBA_60,1991-05-01,7071.925436552221
DBA_60,1991-06-01,3456.091835983588
DBA_61,1981-01-01,5007.0
DBA_61,1981-02-01,5165.0
DBA_61,1981-03-01,4976.0
DBA_61,1981-04-01,4984.0
DBA_61,1981-05-01,5105.0
DBA_61,1981-06-01,5026.0
DBA_61,1981-07-01,4848.0
DBA_61,1981-08-01,4963.0
DBA_61,1981-09-01,4796.0
DBA_61,1981-10-01,5042.0
DBA_61,1981-11-01,5028.0
DBA_61,1981-12-01,4668.0
DBA_61,1982-01-01,4646.0
DBA_61,1982-02-01,4912.0
DBA_61,1982-03-01,5041.0
DBA_61,1982-04-01,5101.0
DBA_61,1982-05-01,5143.0
DBA_61,1982-06-01,4998.0
DBA_61,1982-07-01,5053.0
DBA_61,1982-08-01,5024.0
DBA_61,1982-09-01,5299.0
DBA_61,1982-10-01,4947.0
DBA_61,1982-11-01,4872.0
DBA_61,1982-12-01,4563.0
DBA_61,1983-01-01,4580.0
DBA_61,1983-02-01,4909.0
DBA_61,1983-03-01,5002.0
DBA_61,1983-04-01,5127.0
DBA_61,1983-05-01,5060.0
DBA_61,1983-06-01,4947.0
DBA_61,1983-07-01,4810.0
DBA_61,1983-08-01,4589.0
DBA_61,1983-09-01,4408.0
DBA_61,1983-10-01,4558.0
DBA_61,1983-11-01,4509.0
DBA_61,1983-12-01,4331.0
DBA_61,1984-01-01,4770.0
DBA_61,1984-02-01,4926.0
DBA_61,1984-03-01,4679.0
DBA_61,1984-04-01,4775.0
DBA_61,1984-05-01,4707.0
DBA_61,1984-06-01,4609.0
DBA_61,1984-07-01,4644.0
DBA_61,1984-08-01,4641.0
DBA_61,1984-09-01,4436.0
DBA_61,1984-10-01,4574.0
DBA_61,1984-11-01,4503.0
DBA_61,1984-12-01,4292.0
DBA_61,1985-01-01,4479.0
DBA_61,1985-02-01,3930.0
DBA_61,1985-03-01,3860.0
DBA_61,1985-04-01,4065.0
DBA_61,1985-05-01,3741.0
DBA_61,1985-06-01,3651.0
DBA_61,1985-07-01,3653.0
DBA_61,1985-08-01,3532.0
DBA_61,1985-09-01,3607.0
DBA_61,1985-10-01,3778.0
DBA_61,1985-11-01,4019.0
DBA_61,1985-12-01,3884.0
DBA_61,1986-01-01,3850.0
DBA_61,1986-02-01,4042.0
DBA_61,1986-03-01,4216.0
DBA_61,1986-04-01,4117.0
DBA_61,1986-05-01,4232.0
DBA_61,1986-06-01,4212.0
DBA_61,1986-07-01,4066.0
DBA_61,1986-08-01,4148.0
DBA_61,1986-09-01,4060.0
DBA_61,1986-10-01,4192.0
DBA_61,1986-11-01,4249.0
DBA_61,1986-12-01,3991.0
DBA_61,1987-01-01,4101.0
DBA_61,1987-02-01,4216.0
DBA_61,1987-03-01,4302.0
DBA_61,1987-04-01,4253.0
DBA_61,1987-05-01,4269.0
DBA_61,1987-06-01,4193.0
DBA_61,1987-07-01,4102.0
DBA_61,1987-08-01,4250.0
DBA_61,1987-09-01,4134.0
DBA_61,1987-10-01,4288.0
DBA_61,1987-11-01,4384.0
DBA_61,1987-12-01,4193.0
DBA_61,1988-01-01,4057.0
DBA_61,1988-02-01,4235.0
DBA_61,1988-03-01,4420.0
DBA_61,1988-04-01,4462.0
DBA_61,1988-05-01,4464.0
DBA_61,1988-06-01,4330.0
DBA_61,1988-07-01,4413.0
DBA_61,1988-08-01,4323.0
DBA_61,1988-09-01,4215.0
DBA_61,1988-10-01,4453.0
DBA_61,1988-11-01,4484.0
DBA_61,1988-12-01,4230.0
DBA_61,1989-01-01,4229.0
DBA_61,1989-02-01,4363.0
DBA_61,1989-03-01,4442.0
DBA_61,1989-04-01,4452.0
DBA_61,1989-05-01,4455.0
DBA_61,1989-06-01,4355.0
DBA_61,1989-07-01,4409.0
DBA_61,1989-08-01,4387.0
DBA_61,1989-09-01,4350.0
DBA_61,1989-10-01,4448.0
DBA_61,1989-11-01,4492.0
DBA_61,1989-12-01,4205.0
DBA_61,1990-01-01,4370.0
DBA_61,1990-02-01,4489.0
DBA_61,1990-03-01,4516.0
DBA_61,1990-04-01,4537.0
DBA_61,1990-05-01,4441.0
DBA_61,1990-06-01,4447.0
DBA_62,1990-01-01,6471.125058302549
DBA_62,1990-02-01,5650.975401141407
DBA_62,1990-03-01,6091.818424438504
DBA_62,1990-04-01,4634.222256912762
DBA_62,1990-05-01,4733.952268634362
DBA_62,1990-06-01,4569.74879038205
DBA_62,1990-07-01,4696.134782821964
DBA_62,1990-08-01,4687.549719260934
DBA_62,1990-09-01,2911.1807309625874
DBA_62,1990-10-01,5328.918712097962
DBA_62,1990-11-01,4912.970885401235
DBA_62,1990-12-01,4437.5793077574335
DBA_62,1991-01-01,6761.211530057301
DBA_62,1991-02-01,6025.4089873628445
DBA_62,1991-03-01,5155.232221682193
DBA_62,1991-04-01,5846.347216004075
DBA_62,1991-05-01,5783.60495527184
DBA_62,1991-06-01,4428.1384835856725
DBA_62,1991-07-01,5663.851238131377
DBA_62,1991-08-01,6018.709394726629
DBA_62,1991-09-01,5979.442838565152
DBA_62,1991-10-01,7453.278537518786
DBA_62,1991-11-01,5412.050938204472
DBA_62,1991-12-01,5513.00739937173
DBA_62,1992-01-01,6102.48814142327
DBA_62,1992-02-01,5593.801442061173
DBA_62,1992-03-01,6653.177841945272
DBA_62,1992-04-01,5281.040504879304
DBA_62,1992-05-01,5241.682098535308
DBA_62,1992-06-01,5689.014042491891
DBA_62,1992-07-01,5480.96564461682
DBA_62,1992-08-01,5222.7179014099665
DBA_62,1992-09-01,5082.159734480968
DBA_62,1992-10-01,5259.530754653277
DBA_62,1992-11-01,5523.913973400681
DBA_62,1992-12-01,5302.479083437138
DBA_62,1993-01-01,5681.004222317312
DBA_62,1993-02-01,3720.7676582212493
DBA_62,1993-03-01,6418.350060319537
DBA_63,1983-01-01,1694.1231268844795
DBA_63,1983-02-01,1671.057539009624
DBA_63,1983-03-01,1982.5660016607287
DBA_63,1983-04-01,3236.985836277962
DBA_63,1983-05-01,4467.848683205815
DBA_63,1983-06-01,4820.213795298321
DBA_63,1983-07-01,5860.639059998668
DBA_63,1983-08-01,4472.755084074931
DBA_63,1983-09-01,4190.621510716294
DBA_63,1983-10-01,4532.787183167274
DBA_63,1983-11-01,4530.178334588647
DBA_63,1983-12-01,4220.4046689520965
DBA_63,1984-01-01,1873.3467418501277
DBA_63,1984-02-01,2559.1888884695086
DBA_63,1984-03-01,3665.5157966848983
DBA_63,1984-04-01,4019.0292964106275
DBA_63,1984-05-01,5121.738336314458
DBA_63,1984-06-01,5094.66293080438
DBA_63,1984-07-01,6803.851737124131
DBA_63,1984-08-01,5354.472223185936
DBA_63,1984-09-01,4149.578400699606
DBA_63,1984-10-01,4329.296309737511
DBA_63,1984-11-01,4532.558049653747
DBA_63,1984-12-01,3170.5474333424495
DBA_63,1985-01-01,2160.4118439410154
DBA_63,1985-02-01,2480.321386249435
DBA_63,1985-03-01,2656.9001178368976
DBA_63,1985-04-01,3975.72755787467
DBA_63,1985-05-01,6054.773996798408
DBA_63,1985-06-01,4550.975336176828
DBA_63,1985-07-01,4589.822657126069
DBA_63,1985-08-01,4701.655853798129
DBA_63,1985-09-01,4387.738108753752
DBA_63,1985-10-01,4191.93191528232
DBA_63,1985-11-01,4135.426721174332
DBA_63,1985-12-01,3827.7873310308414
DBA_63,1986-01-01,1940.5171716926181
DBA_63,1986-02-01,2399.155712937138
DBA_63,1986-03-01,2685.121085901259
DBA_63,1986-04-01,3433.030113469492
DBA_63,1986-05-01,5030.981422430127
DBA_63,1986-06-01,4240.764795313208
DBA_63,1986-07-01,3990.961541974962
DBA_63,1986-08-01,3492.6171217170117
DBA_63,1986-09-01,3653.892363233561
DBA_63,1986-10-01,3697.0560531771625
DBA_63,1986-11-01,3671.157839211002
DBA_63,1986-12-01,3591.501211405991
DBA_63,1987-01-01,2172.717641326223
DBA_63,1987-02-01,1852.1774150802612
DBA_63,1987-03-01,2429.8096624902564
DBA_63,1987-04-01,3602.026187830307
DBA_63,1987-05-01,3849.628809234061
DBA_63,1987-06-01,4235.355238457342
DBA_63,1987-07-01,4223.583323018176
DBA_63,1987-08-01,4205.925449859431
DBA_63,1987-09-01,4371.1246631890335
DBA_63,1987-10-01,4527.2987413486135
DBA_63,1987-11-01,4379.757401177754
DBA_63,1987-12-01,4486.097037311539
DBA_63,1988-01-01,3657.3541903943787
DBA_63,1988-02-01,2898.065644568289
DBA_63,1988-03-01,2969.481931565885
DBA_63,1988-04-01,4182.381618981101
DBA_63,1988-05-01,4413.895955951331
DBA_63,1988-06-01,4408.00999823175
DBA_63,1988-07-01,4590.082290357487
DBA_63,1988-08-01,4626.967625400202
DBA_63,1988-09-01,4542.2098342382205
DBA_63,1988-10-01,4497.476555569396
DBA_63,1988-11-01,4401.339246149556
DBA_63,1988-12-01,4730.168084083543
DBA_63,1989-01-01,3543.5590078157925
DBA_63,1989-02-01,3179.806820745618
DBA_63,1989-03-01,3386.992532474908
DBA_63,1989-04-01,4184.736002068934
DBA_63,1989-05-01,4700.738295485632
DBA_63,1989-06-01,4519.843194903809
DBA_63,1989-07-01,4691.002094885684
DBA_63,1989-08-01,5957.872570728275
DBA_63,1989-09-01,4633.066160488168
DBA_63,1989-10-01,4673.4830701626315
DBA_63,1989-11-01,4553.409532683157
DBA_63,1989-12-01,4266.557868616185
DBA_63,1990-01-01,3208.785866877066
DBA_63,1990-02-01,2745.3172146067323
DBA_63,1990-03-01,2986.6255458646274
DBA_63,1990-04-01,4049.2371128398495
DBA_63,1990-05-01,4895.369322442436
DBA_63,1990-06-01,5073.910039936426
DBA_63,1990-07-01,7166.896431605207
DBA_63,1990-08-01,5504.85010271232
DBA_63,1990-09-01,5004.194899053347
DBA_63,1990-10-01,5064.231667793084
DBA_63,1990-11-01,4398.009011146923
DBA_63,1990-12-01,4093.508798453877
DBA_63,1991-01-01,2791.061247289679
DBA_63,1991-02-01,2061.1447457106688
DBA_63,1991-03-01,2377.8287304133505
DBA_63,1991-04-01,3389.9143183533224
DBA_63,1991-05-01,4193.4037677244505
DBA_63,1991-06-01,4295.427034863874
DBA_63,1991-07-01,5028.821401804604
DBA_64,1982-01-01,3208.0349984521545
DBA_64,1982-02-01,3889.404539602337
DBA_64,1982-03-01,3809.1700438041175
DBA_64,1982-04-01,4651.47651293489
DBA_64,1982-05-01,4368.132321123073
DBA_64,1982-06-01,3009.145605067451
DBA_64,1982-07-01,3456.800717676425
DBA_64,1982-08-01,3235.5162431727003
DBA_64,1982-09-01,4703.9086922875385
DBA_64,1982-10-01,3483.0803714725207
DBA_64,1982-11-01,4000.751584030399
DBA_64,1982-12-01,3522.716450392266
DBA_64,1983-01-01,3795.863275146472
DBA_64,1983-02-01,4962.935891182756
DBA_64,1983-03-01,4785.674902867582
DBA_64,1983-04-01,4661.962292905953
DBA_64,1983-05-01,4759.250850254418
DBA_64,1983-06-01,4501.015790625778
DBA_64,1983-07-01,2711.9409980987084
DBA_64,1983-08-01,3392.9863119657057
DBA_64,1983-09-01,5251.348273009724
DBA_64,1983-10-01,4625.176360665822
DBA_64,1983-11-01,5218.592409415349
DBA_64,1983-12-01,5171.749770692015
DBA_64,1984-01-01,6352.77151865839
DBA_64,1984-02-01,5990.041341877695
DBA_64,1984-03-01,5034.843144445195
DBA_64,1984-04-01,3720.927818366518
DBA_64,1984-05-01,4241.401581959126
DBA_64,1984-06-01,4040.8190007592048
DBA_64,1984-07-01,3670.0815353078556
DBA_64,1984-08-01,4051.2950927009133
DBA_64,1984-09-01,3901.1045691115132
DBA_64,1984-10-01,5152.505410688265
DBA_64,1984-11-01,5510.138041802955
DBA_64,1984-12-01,4199.37045146918
DBA_64,1985-01-01,5309.956912026181
DBA_64,1985-02-01,4863.394554896476
DBA_64,1985-03-01,5897.428998849336
DBA_64,1985-04-01,5683.0537559954555
DBA_64,1985-05-01,5700.514864319851
DBA_64,1985-06-01,5263.629518816839
DBA_64,1985-07-01,4506.368820958869
DBA_64,1985-08-01,4793.098599759458
DBA_64,1985-09-01,5323.364889400295
DBA_64,1985-10-01,5559.549354630269
DBA_64,1985-11-01,5132.211703533235
DBA_64,1985-12-01,4309.701600884105
DBA_64,1986-01-01,5568.739411643109
DBA_64,1986-02-01,5311.417815283606
DBA_64,1986-03-01,5408.832419619703
DBA_64,1986-04-01,5436.40259065822
DBA_64,1986-05-01,5397.804351204294
DBA_64,1986-06-01,5503.49000685195
DBA_64,1986-07-01,4075.3551470566986
DBA_64,1986-08-01,4584.484305568004
DBA_64,1986-09-01,5344.502020529825
DBA_64,1986-10-01,5653.287936161231
DBA_64,1986-11-01,4698.4410125272125
DBA_64,1986-12-01,4341.866800429042
DBA_64,1987-01-01,5464.720145958072
DBA_64,1987-02-01,5475.748214373481
DBA_64,1987-03-01,5959.145213248835
DBA_64,1987-04-01,5397.632729764345
DBA_64,1987-05-01,5390.280684154073
DBA_64,1987-06-01,5089.518905379502
DBA_64,1987-07-01,3409.4950473348536
DBA_64,1987-08-01,4394.078503962278
DBA_64,1987-09-01,4994.189226900693
DBA_64,1987-10-01,5737.6648392394045
DBA_64,1987-11-01,4991.432209796841
DBA_64,1987-12-01,4266.336711483809
DBA_64,1988-01-01,4758.923767372003
DBA_64,1988-02-01,5082.413774223952
DBA_64,1988-03-01,5720.20373091501
DBA_64,1988-04-01,5579.595858618565
DBA_64,1988-05-01,5950.8741619372795
DBA_64,1988-06-01,5682.524497162367
DBA_64,1988-07-01,3603.2685609751165
DBA_64,1988-08-01,4814.518075267355
DBA_64,1988-09-01,5577.382494861038
DBA_64,1988-10-01,5675.88772633837
DBA_64,1988-11-01,5544.469911054767
DBA_64,1988-12-01,4997.661518790819
DBA_64,1989-01-01,5504.033660198273
DBA_64,1989-02-01,5378.129879122373
DBA_64,1989-03-01,5581.230139106125
DBA_64,1989-04-01,5765.950285064197
DBA_64,1989-05-01,6107.41006467566
DBA_64,1989-06-01,5051.435530245427
DBA_64,1989-07-01,3176.5960254234437
DBA_64,1989-08-01,4953.692077542667
DBA_64,1989-09-01,4933.473952114418
DBA_64,1989-10-01,4899.470741166913
DBA_64,1989-11-01,4711.993578104987
DBA_64,1989-12-01,3633.080884797636
DBA_64,1990-01-01,3593.5636396424275
DBA_64,1990-02-01,4572.304711509828
DBA_64,1990-03-01,5333.241432172935
DBA_64,1990-04-01,4780.0
DBA_64,1990-05-01,5523.4756123387115
DBA_64,1990-06-01,5267.992027381774
DBA_64,1990-07-01,3669.8411128489943
DBA_64,1990-08-01,4702.803521092148
DBA_64,1990-09-01,4694.532469780593
DBA_64,1990-10-01,5511.3214868584255
DBA_64,1990-11-01,3872.6479543897285
DBA_64,1990-12-01,2914.125007950574
DBA_64,1991-01-01,3749.5011904176795
DBA_64,1991-02-01,3432.444223474719
DBA_64,1991-03-01,3726.526047885581
DBA_64,1991-04-01,4312.851685304739
DBA_64,1991-05-01,4722.506782200545
DBA_64,1991-06-01,4317.958257682421
DBA_65,1982-01-01,5045.314255470673
DBA_65,1982-02-01,3786.039092153933
DBA_65,1982-03-01,6411.2703590179235
DBA_65,1982-04-01,5166.485033361003
DBA_65,1982-05-01,5527.125288524062
DBA_65,1982-06-01,4285.430696501868
DBA_65,1982-07-01,5547.726878182437
DBA_65,1982-08-01,5493.359517048886
DBA_65,1982-09-01,5064.0350747620905
DBA_65,1982-10-01,5832.279386443266
DBA_65,1982-11-01,5213.5162143688485
DBA_65,1982-12-01,2712.3443212524044
DBA_65,1983-01-01,5897.977839590501
DBA_65,1983-02-01,4762.944283257222
DBA_65,1983-03-01,5435.822649280863
DBA_65,1983-04-01,5165.257456951481
DBA_65,1983-05-01,5904.478909078579
DBA_65,1983-06-01,5041.068395801392
DBA_65,1983-07-01,5846.408879031018
DBA_65,1983-08-01,5722.410641319184
DBA_65,1983-09-01,5599.450045763932
DBA_65,1983-10-01,6795.2027102329175
DBA_65,1983-11-01,5825.236644438494
DBA_65,1983-12-01,4624.15929713619
DBA_65,1984-01-01,5755.259704252389
DBA_65,1984-02-01,5257.191469091877
DBA_65,1984-03-01,5920.374512418883
DBA_65,1984-04-01,5798.321853750641
DBA_65,1984-05-01,5739.824777173197
DBA_65,1984-06-01,5665.50365770784
DBA_65,1984-07-01,5867.140163072693
DBA_65,1984-08-01,5146.306039129686
DBA_65,1984-09-01,5236.970022561247
DBA_65,1984-10-01,6165.915299075376
DBA_65,1984-11-01,5433.164362448494
DBA_65,1984-12-01,5744.067893615096
DBA_65,1985-01-01,5847.313288195243
DBA_65,1985-02-01,5745.9642194478765
DBA_65,1985-03-01,7282.045288451728
DBA_65,1985-04-01,6343.773561047507
DBA_65,1985-05-01,6553.317756075418
DBA_65,1985-06-01,6278.376825144382
DBA_65,1985-07-01,5884.723284460984
DBA_65,1985-08-01,7765.471652917743
DBA_65,1985-09-01,6082.976490343846
DBA_65,1985-10-01,6626.212635202034
DBA_65,1985-11-01,5428.252423019106
DBA_65,1985-12-01,4803.235978816153
DBA_65,1986-01-01,5760.385536137082
DBA_65,1986-02-01,5130.882627809215
DBA_65,1986-03-01,5279.178986021067
DBA_65,1986-04-01,5448.444362813897
DBA_65,1986-05-01,5867.050872817554
DBA_65,1986-06-01,5897.962674880067
DBA_65,1986-07-01,5426.203836786677
DBA_65,1986-08-01,7211.964977015492
DBA_65,1986-09-01,6315.872885562153
DBA_65,1986-10-01,6497.1590583192965
DBA_65,1986-11-01,6427.884351739276
DBA_65,1986-12-01,4937.4553500834645
DBA_65,1987-01-01,5385.426761760676
DBA_65,1987-02-01,5339.597566511532
DBA_65,1987-03-01,5536.3172253639905
DBA_65,1987-04-01,6050.841392209546
DBA_65,1987-05-01,5901.464156751252
DBA_65,1987-06-01,5640.976438277662
DBA_65,1987-07-01,5789.272796489512
DBA_65,1987-08-01,5324.9348047078365
DBA_65,1987-09-01,6264.291487847708
DBA_65,1987-10-01,6961.096587397892
DBA_65,1987-11-01,6370.503884957853
DBA_65,1987-12-01,6094.4478362165455
DBA_65,1988-01-01,6054.887728996766
DBA_65,1988-02-01,6516.638488676825
DBA_65,1988-03-01,7506.464806390069
DBA_65,1988-04-01,6386.368476789778
DBA_65,1988-05-01,6391.392323681931
DBA_65,1988-06-01,6170.118967572971
DBA_65,1988-07-01,8120.224306923185
DBA_65,1988-08-01,6347.323985127781
DBA_65,1988-09-01,6389.224650911723
DBA_65,1988-10-01,8029.032955955171
DBA_65,1988-11-01,6230.511538778074
DBA_65,1988-12-01,5654.9648999470055
DBA_65,1989-01-01,6371.027044662527
DBA_65,1989-02-01,6142.800204417746
DBA_65,1989-03-01,6057.843252847399
DBA_65,1989-04-01,6050.925638470171
DBA_65,1989-05-01,6368.919724373428
DBA_65,1989-06-01,6569.314365863792
DBA_65,1989-07-01,6369.568250721296
DBA_65,1989-08-01,6701.298134349238
DBA_65,1989-09-01,6408.433557685429
DBA_65,1989-10-01,6307.911973766317
DBA_65,1989-11-01,6665.502619281283
DBA_65,1989-12-01,5930.020579349921
DBA_65,1990-01-01,6567.945980230897
DBA_65,1990-02-01,3134.5755233219215
DBA_65,1990-03-01,8030.787741299443
DBA_65,1990-04-01,7521.839483474806
DBA_65,1990-05-01,7155.081376398874
DBA_65,1990-06-01,6695.018593064364
DBA_65,1990-07-01,8101.135222773813
DBA_65,1990-08-01,7274.773544061505
DBA_65,1990-09-01,7359.331011201372
DBA_65,1990-10-01,7208.915292792911
DBA_65,1990-11-01,6792.315113828945
DBA_65,1990-12-01,5888.64956403174
DBA_65,1991-01-01,6142.364454192072
DBA_65,1991-02-01,6711.179522027693
DBA_65,1991-03-01,7315.390954451956
DBA_65,1991-04-01,6258.444924268064
DBA_65,1991-05-01,8037.492083081257
DBA_65,1991-06-01,6953.420533569552
DBA_66,1981-12-01,3866.359201547505
DBA_66,1982-01-01,2627.5114386223895
DBA_66,1982-02-01,3752.4721253906314
DBA_66,1982-03-01,3239.7400660488756
DBA_66,1982-04-01,3786.9870471973395
DBA_66,1982-05-01,3925.861366760924
DBA_66,1982-06-01,3545.4153091341586
DBA_66,1982-07-01,3937.9342126002757
DBA_66,1982-08-01,4209.692932703996
DBA_66,1982-09-01,3807.8120797850697
DBA_66,1982-10-01,4051.113560521065
DBA_66,1982-11-01,3872.5748543774184
DBA_66,1982-12-01,4125.641242399875
DBA_66,1983-01-01,3916.9568876243
DBA_66,1983-02-01,3958.3552860358027
DBA_66,1983-03-01,3941.7637130469034
DBA_66,1983-04-01,4260.844920905639
DBA_66,1983-05-01,4154.188157444455
DBA_66,1983-06-01,4396.6890851093995
DBA_66,1983-07-01,4199.884193312626
DBA_66,1983-08-01,3851.5620609048374
DBA_66,1983-09-01,4309.865518264645
DBA_66,1983-10-01,4053.8620080131827
DBA_66,1983-11-01,4119.056295653139
DBA_66,1983-12-01,4315.268528431438
DBA_66,1984-01-01,3985.3417882618655
DBA_66,1984-02-01,4119.685665511568
DBA_66,1984-03-01,4237.389996543542
DBA_66,1984-04-01,4431.745351955547
DBA_66,1984-05-01,4348.6840105899955
DBA_66,1984-06-01,4252.392866084116
DBA_66,1984-07-01,4445.657103711355
DBA_66,1984-08-01,3784.008357858152
DBA_66,1984-09-01,4205.252860429818
DBA_66,1984-10-01,4201.649801453992
DBA_66,1984-11-01,4196.057822807052
DBA_66,1984-12-01,4811.348377181656
DBA_66,1985-01-01,4032.9341444903107
DBA_66,1985-02-01,4570.062493673333
DBA_66,1985-03-01,4886.861680295502
DBA_66,1985-04-01,4604.342623732222
DBA_66,1985-05-01,4503.470209291374
DBA_66,1985-06-01,4382.782622788466
DBA_66,1985-07-01,4712.178719912595
DBA_66,1985-08-01,4353.937311274234
DBA_66,1985-09-01,4616.50391522417
DBA_66,1985-10-01,4203.509817913917
DBA_66,1985-11-01,4989.505088657797
DBA_66,1985-12-01,4287.413163317748
DBA_66,1986-01-01,4409.8562073110115
DBA_66,1986-02-01,4385.533373358868
DBA_66,1986-03-01,4455.092132137902
DBA_66,1986-04-01,4134.111339310548
DBA_66,1986-05-01,5040.322611461632
DBA_66,1986-06-01,4790.703323519365
DBA_66,1986-07-01,4467.183395227047
DBA_66,1986-08-01,4418.537727322756
DBA_66,1986-09-01,4400.352430909937
DBA_66,1986-10-01,4313.448673847573
DBA_66,1986-11-01,4811.236317271277
DBA_66,1986-12-01,4243.536885395049
DBA_66,1987-01-01,4119.617169950147
DBA_66,1987-02-01,4368.612599089685
DBA_66,1987-03-01,4619.899181038249
DBA_66,1987-04-01,4734.921180849329
DBA_66,1987-05-01,5008.122778995684
DBA_66,1987-06-01,4346.118335869043
DBA_66,1987-07-01,4344.595291196661
DBA_66,1987-08-01,4675.010599004739
DBA_66,1987-09-01,3957.208654091426
DBA_66,1987-10-01,4458.159404655218
DBA_66,1987-11-01,4649.038800135474
DBA_66,1987-12-01,6066.831685564469
DBA_66,1988-01-01,4413.669884292927
DBA_66,1988-02-01,4876.126898269528
DBA_66,1988-03-01,4408.071958669702
DBA_66,1988-04-01,4879.748347554521
DBA_66,1988-05-01,5001.735294362351
DBA_66,1988-06-01,4800.036701091532
DBA_66,1988-07-01,5004.700112715898
DBA_66,1988-08-01,4245.636341517156
DBA_66,1988-09-01,4748.553497810662
DBA_66,1988-10-01,4700.6640231343545
DBA_66,1988-11-01,5065.534702891742
DBA_66,1988-12-01,4976.435873955417
DBA_66,1989-01-01,5001.732947644557
DBA_66,1989-02-01,4829.782197085884
DBA_66,1989-03-01,5475.99765397298
DBA_66,1989-04-01,5007.072033465173
DBA_66,1989-05-01,4901.248069312184
DBA_66,1989-06-01,4855.784828280136
DBA_66,1989-07-01,4754.052493138669
DBA_66,1989-08-01,3471.6074504530206
DBA_66,1989-09-01,4978.494884596653
DBA_66,1989-10-01,4500.599433616751
DBA_66,1989-11-01,4383.365433024828
DBA_66,1989-12-01,4431.156235627976
DBA_66,1990-01-01,4590.904698616049
DBA_66,1990-02-01,4533.621014915669
DBA_66,1990-03-01,4529.472365983524
DBA_66,1990-04-01,5736.345684805878
DBA_66,1990-05-01,5011.08084461367
DBA_66,1990-06-01,4287.254493188116
DBA_66,1990-07-01,4549.308109321428
DBA_66,1990-08-01,4689.002589517555
DBA_66,1990-09-01,4626.3068542508645
DBA_66,1990-10-01,4538.952870910095
DBA_66,1990-11-01,4564.992818861879
DBA_66,1990-12-01,4606.51856559696
DBA_66,1991-01-01,4549.52244262724
DBA_66,1991-02-01,4545.7881499012565
DBA_66,1991-03-01,4532.061656871558
DBA_66,1991-04-01,4544.293280941417
DBA_66,1991-05-01,4627.391820765601
DBA_67,1981-01-01,3297.4560892959244
DBA_67,1981-02-01,5250.636605175927
DBA_67,1981-03-01,3791.8297926573523
DBA_67,1981-04-01,4573.663573562559
DBA_67,1981-05-01,3469.0803433119754
DBA_67,1981-06-01,4684.954900738733
DBA_67,1981-07-01,4638.57589452411
DBA_67,1981-08-01,4033.215543299894
DBA_67,1981-09-01,4701.400623505648
DBA_67,1981-10-01,4678.457817239906
DBA_67,1981-11-01,4224.782325597942
DBA_67,1981-12-01,4379.461245260537
DBA_67,1982-01-01,4434.972048448216
DBA_67,1982-02-01,3845.458286401331
DBA_67,1982-03-01,3952.7939537363877
DBA_67,1982-04-01,3623.730736756676
DBA_67,1982-05-01,4835.60341883331
DBA_67,1982-06-01,4045.402783597286
DBA_67,1982-07-01,3873.0850397626427
DBA_67,1982-08-01,3746.406211617918
DBA_67,1982-09-01,3996.3101121254263
DBA_67,1982-10-01,4028.504049949938
DBA_67,1982-11-01,4704.823168239864
DBA_67,1982-12-01,4642.675740598127
DBA_67,1983-01-01,4297.207402462125
DBA_67,1983-02-01,5666.929033668068
DBA_67,1983-03-01,4359.422069069765
DBA_67,1983-04-01,4026.8094156740526
DBA_67,1983-05-01,4382.159057955754
DBA_67,1983-06-01,5298.400155284823
DBA_67,1983-07-01,4228.525057863927
DBA_67,1983-08-01,4515.889608810343
DBA_67,1983-09-01,4316.188515561747
DBA_67,1983-10-01,4404.999378525918
DBA_67,1983-11-01,4403.149152214162
DBA_67,1983-12-01,4570.983365755426
DBA_67,1984-01-01,3779.8052198567375
DBA_67,1984-02-01,2766.762758702294
DBA_67,1984-03-01,4967.345088052196
DBA_67,1984-04-01,5300.69005207939
DBA_67,1984-05-01,5668.783103451793
DBA_67,1984-06-01,5065.885074812405
DBA_67,1984-07-01,4552.561515658887
DBA_67,1984-08-01,5004.386011196568
DBA_67,1984-09-01,4806.866474993051
DBA_67,1984-10-01,5098.389239455893
DBA_67,1984-11-01,5276.615727156165
DBA_67,1984-12-01,4673.241929328195
DBA_67,1985-01-01,4799.83513663502
DBA_67,1985-02-01,4953.8070386891495
DBA_67,1985-03-01,4859.610775205804
DBA_67,1985-04-01,4856.556699470161
DBA_67,1985-05-01,5299.483249739317
DBA_67,1985-06-01,5207.244659688089
DBA_67,1985-07-01,4105.311365825462
DBA_67,1985-08-01,6340.056652606703
DBA_67,1985-09-01,3266.160731324385
DBA_67,1985-10-01,5447.532587384549
DBA_67,1985-11-01,3947.2321780477105
DBA_67,1985-12-01,4350.098044172473
DBA_67,1986-01-01,4090.655199124367
DBA_67,1986-02-01,4231.954906963765
DBA_67,1986-03-01,4904.143862447792
DBA_67,1986-04-01,4707.466816139052
DBA_67,1986-05-01,4804.500907155456
DBA_67,1986-06-01,5038.5019703861735
DBA_67,1986-07-01,4267.46279315504
DBA_67,1986-08-01,4898.280815386393
DBA_67,1986-09-01,5135.147475329416
DBA_67,1986-10-01,4834.1635885925025
DBA_67,1986-11-01,4626.200972239005
DBA_67,1986-12-01,4590.6355109130745
DBA_67,1987-01-01,4063.168144202013
DBA_67,1987-02-01,4122.2059414398855
DBA_67,1987-03-01,4866.13772753835
DBA_67,1987-04-01,4501.760655802362
DBA_67,1987-05-01,4732.6389607200945
DBA_67,1987-06-01,5092.897143492434
DBA_67,1987-07-01,3953.8758398973814
DBA_67,1987-08-01,4648.86350457438
DBA_67,1987-09-01,5065.28964499773
DBA_67,1987-10-01,4490.637892533972
DBA_67,1987-11-01,4623.237444876308
DBA_67,1987-12-01,4480.564438169981
DBA_67,1988-01-01,2908.5321514668567
DBA_67,1988-02-01,4355.686738461913
DBA_67,1988-03-01,4839.517519702722
DBA_67,1988-04-01,4362.679077219883
DBA_67,1988-05-01,4630.863864488178
DBA_67,1988-06-01,4555.013689795498
DBA_67,1988-07-01,4012.5216054472785
DBA_67,1988-08-01,4176.7373270849575
DBA_67,1988-09-01,4920.94826916789
DBA_67,1988-10-01,4545.714964528721
DBA_67,1988-11-01,4671.027340391759
DBA_67,1988-12-01,4197.294498607207
DBA_67,1989-01-01,4730.558028668218
DBA_67,1989-02-01,3922.528867156824
DBA_67,1989-03-01,4445.707876106708
DBA_67,1989-04-01,4193.477244434234
DBA_67,1989-05-01,4377.677552804362
DBA_67,1989-06-01,4917.227944427305
DBA_67,1989-07-01,4686.155236159421
DBA_67,1989-08-01,5409.535034763744
DBA_67,1989-09-01,5737.247488178545
DBA_67,1989-10-01,5069.517649859117
DBA_67,1989-11-01,4850.909044954964
DBA_67,1989-12-01,3903.0134635860263
DBA_67,1990-01-01,4255.121353659992
DBA_67,1990-02-01,4590.690107907294
DBA_67,1990-03-01,4678.149645985144
DBA_67,1990-04-01,4676.592752476995
DBA_67,1990-05-01,6048.16317990598
DBA_67,1990-06-01,3099.0794454054017
DBA_68,1982-01-01,4215.279933240402
DBA_68,1982-02-01,2876.063305064665
DBA_68,1982-03-01,3842.2769441233345
DBA_68,1982-04-01,4928.32155738525
DBA_68,1982-05-01,5829.713580747781
DBA_68,1982-06-01,6053.576331562374
DBA_68,1982-07-01,6219.5452696959355
DBA_68,1982-08-01,5736.040051079826
DBA_68,1982-09-01,5214.056341623607
DBA_68,1982-10-01,6028.412497885683
DBA_68,1982-11-01,6188.882708295113
DBA_68,1982-12-01,5978.071896166903
DBA_68,1983-01-01,4837.7570270579245
DBA_68,1983-02-01,3879.3802779798198
DBA_68,1983-03-01,3691.2214546968557
DBA_68,1983-04-01,5441.223741021582
DBA_68,1983-05-01,6371.196670070378
DBA_68,1983-06-01,6564.979345156795
DBA_68,1983-07-01,6926.566459178301
DBA_68,1983-08-01,6170.277902412988
DBA_68,1983-09-01,5546.9234435841145
DBA_68,1983-10-01,5887.599767968341
DBA_68,1983-11-01,6139.359716762023
DBA_68,1983-12-01,5882.97651367731
DBA_68,1984-01-01,4471.299075307609
DBA_68,1984-02-01,3433.658053751576
DBA_68,1984-03-01,4892.350417504908
DBA_68,1984-04-01,5181.474026479303
DBA_68,1984-05-01,5701.944739676226
DBA_68,1984-06-01,6475.869536002425
DBA_68,1984-07-01,5623.477089799086
DBA_68,1984-08-01,5830.001079192632
DBA_68,1984-09-01,5893.294756039737
DBA_68,1984-10-01,5755.310498621796
DBA_68,1984-11-01,5794.144069276992
DBA_68,1984-12-01,6230.150213914451
DBA_68,1985-01-01,3431.175213622635
DBA_68,1985-02-01,4040.235896188097
DBA_68,1985-03-01,4945.395584093993
DBA_68,1985-04-01,4180.702058042796
DBA_68,1985-05-01,5405.841172718904
DBA_68,1985-06-01,4752.1774735621075
DBA_68,1985-07-01,4494.968109482234
DBA_68,1985-08-01,4094.0241007694863
DBA_68,1985-09-01,4745.182606327693
DBA_68,1985-10-01,4010.722226775773
DBA_68,1985-11-01,4106.040991111256
DBA_68,1985-12-01,4615.44996867434
DBA_68,1986-01-01,2336.436851712466
DBA_68,1986-02-01,2118.5525641600116
DBA_68,1986-03-01,2955.576864756404
DBA_68,1986-04-01,3902.8472139549986
DBA_68,1986-05-01,4285.464361871844
DBA_68,1986-06-01,4854.923977844286
DBA_68,1986-07-01,4789.865138694671
DBA_68,1986-08-01,4690.385634646132
DBA_68,1986-09-01,4859.0847175573435
DBA_68,1986-10-01,5105.84399828697
DBA_68,1986-11-01,5108.869990805557
DBA_68,1986-12-01,6130.373451239452
DBA_68,1987-01-01,3829.191985296061
DBA_68,1987-02-01,2972.512920593156
DBA_68,1987-03-01,3242.1120491719676
DBA_68,1987-04-01,4842.857795469754
DBA_68,1987-05-01,5081.154706308462
DBA_68,1987-06-01,5193.872927625816
DBA_68,1987-07-01,5241.154060728736
DBA_68,1987-08-01,5200.681410792639
DBA_68,1987-09-01,5152.643779560072
DBA_68,1987-10-01,5062.6205021321175
DBA_68,1987-11-01,5185.173199134881
DBA_68,1987-12-01,6551.22431797797
DBA_68,1988-01-01,3505.3879995706184
DBA_68,1988-02-01,3175.8702635793197
DBA_68,1988-03-01,3554.3852049760626
DBA_68,1988-04-01,4561.871105120416
DBA_68,1988-05-01,6289.6948115634505
DBA_68,1988-06-01,5199.990831599339
DBA_68,1988-07-01,5096.938975271913
DBA_68,1988-08-01,5210.035445654093
DBA_68,1988-09-01,4991.785735251023
DBA_68,1988-10-01,5014.858928205246
DBA_68,1988-11-01,5118.499171966842
DBA_68,1988-12-01,5130.60314204119
DBA_68,1989-01-01,3136.279107544318
DBA_68,1989-02-01,2786.92333134301
DBA_68,1989-03-01,3249.4951486869877
DBA_68,1989-04-01,4293.705959079635
DBA_68,1989-05-01,5195.240164781495
DBA_68,1989-06-01,5383.986448128344
DBA_68,1989-07-01,5509.565137649695
DBA_68,1989-08-01,7750.398037078753
DBA_68,1989-09-01,5211.68244123904
DBA_68,1989-10-01,5471.161299707855
DBA_68,1989-11-01,5489.317254819374
DBA_68,1989-12-01,5497.638734245489
DBA_68,1990-01-01,3134.759392654857
DBA_68,1990-02-01,2629.053073393219
DBA_68,1990-03-01,3067.957031201665
DBA_68,1990-04-01,4024.3735653950307
DBA_68,1990-05-01,4636.224827726544
DBA_68,1990-06-01,4765.586007896129
DBA_68,1990-07-01,4741.378067747434
DBA_68,1990-08-01,3154.340874934349
DBA_68,1990-09-01,2870.7199918693827
DBA_68,1990-10-01,3256.1956301541227
DBA_68,1990-11-01,3745.0114672085565
DBA_68,1990-12-01,5266.164653124643
DBA_68,1991-01-01,3278.7803984797474
DBA_69,1982-01-01,6097.52742736848
DBA_69,1982-02-01,6004.044365820226
DBA_69,1982-03-01,7289.024999999999
DBA_69,1982-04-01,5836.903493689339
DBA_69,1982-05-01,5583.8341010557
DBA_69,1982-06-01,5645.6891029454255
DBA_69,1982-07-01,5504.33748701032
DBA_69,1982-08-01,5029.833409849093
DBA_69,1982-09-01,5454.756133460978
DBA_69,1982-10-01,5879.553011075233
DBA_69,1982-11-01,3930.9377233681716
DBA_69,1982-12-01,5717.671530674935
DBA_69,1983-01-01,6426.00727710154
DBA_69,1983-02-01,5983.471483930982
DBA_69,1983-03-01,5980.588178272647
DBA_69,1983-04-01,5989.408136603614
DBA_69,1983-05-01,5922.091101695202
DBA_69,1983-06-01,5889.016257954075
DBA_69,1983-07-01,5685.119574185242
DBA_69,1983-08-01,5954.387713818891
DBA_69,1983-09-01,6073.7165618261
DBA_69,1983-10-01,6033.507928258452
DBA_69,1983-11-01,5824.163623167551
DBA_69,1983-12-01,6061.524266486232
DBA_69,1984-01-01,6106.921110836798
DBA_69,1984-02-01,5967.228535506624
DBA_69,1984-03-01,6131.954227864398
DBA_69,1984-04-01,6063.599550799399
DBA_69,1984-05-01,6020.277990762001
DBA_69,1984-06-01,5893.685647658704
DBA_69,1984-07-01,5733.759050275133
DBA_69,1984-08-01,5877.083373153354
DBA_69,1984-09-01,5952.5718400448695
DBA_69,1984-10-01,5981.236704620514
DBA_69,1984-11-01,6129.230417203363
DBA_69,1984-12-01,5578.631547865766
DBA_69,1985-01-01,5975.351387502335
DBA_69,1985-02-01,6275.360342351633
DBA_69,1985-03-01,6102.48134194359
DBA_69,1985-04-01,5890.969284429601
DBA_69,1985-05-01,5723.0009603325025
DBA_69,1985-06-01,5573.677768736528
DBA_69,1985-07-01,5492.936238427305
DBA_69,1985-08-01,5864.217572580158
DBA_69,1985-09-01,5774.0724102268905
DBA_69,1985-10-01,6047.102002678159
DBA_69,1985-11-01,5658.796851893841
DBA_69,1985-12-01,5566.057584149111
DBA_69,1986-01-01,5771.478304835428
DBA_69,1986-02-01,5500.880686188653
DBA_69,1986-03-01,5723.163091919469
DBA_69,1986-04-01,5676.144931699239
DBA_69,1986-05-01,5480.614237817867
DBA_69,1986-06-01,5413.653892400778
DBA_69,1986-07-01,5358.529152832231
DBA_69,1986-08-01,5557.626741626863
DBA_69,1986-09-01,5652.31158841519
DBA_69,1986-10-01,5951.606497955001
DBA_69,1986-11-01,5542.710635625962
DBA_69,1986-12-01,5543.521293560795
DBA_69,1987-01-01,5621.99298165249
DBA_69,1987-02-01,5599.943085825073
DBA_69,1987-03-01,5808.120043489817
DBA_69,1987-04-01,5720.406854941041
DBA_69,1987-05-01,5688.953327069577
DBA_69,1987-06-01,5707.274196396769
DBA_69,1987-07-01,5563.4634787576515
DBA_69,1987-08-01,5763.047462313181
DBA_69,1987-09-01,5859.84001973207
DBA_69,1987-10-01,6077.582741027827
DBA_69,1987-11-01,5758.507777878124
DBA_69,1987-12-01,5722.514565571603
DBA_69,1988-01-01,5702.896643548679
DBA_69,1988-02-01,5756.562198834529
DBA_69,1988-03-01,5948.688129389608
DBA_69,1988-04-01,5792.069016380151
DBA_69,1988-05-01,5802.121174772063
DBA_69,1988-06-01,5877.998757472296
DBA_69,1988-07-01,5423.249572319522
DBA_69,1988-08-01,5963.846670609571
DBA_69,1988-09-01,5892.002675024106
DBA_69,1988-10-01,6115.744265037618
DBA_69,1988-11-01,5914.691760021681
DBA_69,1988-12-01,5730.423322612802
DBA_69,1989-01-01,5916.247181231849
DBA_69,1989-02-01,5792.447148510848
DBA_69,1989-03-01,6079.580886497303
DBA_69,1989-04-01,5890.6617646885825
DBA_69,1989-05-01,5973.592366157149
DBA_69,1989-06-01,5802.345126755663
DBA_69,1989-07-01,4212.97245140276
DBA_69,1989-08-01,5790.637568251596
DBA_69,1989-09-01,5639.912938348931
DBA_69,1989-10-01,5781.677787797385
DBA_69,1989-11-01,5583.914012137285
DBA_69,1989-12-01,-4177.781196651993
DBA_69,1990-01-01,5731.701346617909
DBA_69,1990-02-01,5423.548675895023
DBA_69,1990-03-01,5878.978891560576
DBA_69,1990-04-01,5477.694639710304
DBA_69,1990-05-01,5641.892300195475
DBA_69,1990-06-01,5615.7550932731365
DBA_69,1990-07-01,3103.9848582341338
DBA_69,1990-08-01,5599.292974467378
DBA_69,1990-09-01,6213.459309746446
DBA_69,1990-10-01,12919.39492110594
DBA_69,1990-11-01,6144.780200297718
DBA_69,1990-12-01,5607.2743975009425
DBA_69,1991-01-01,6284.456763031081
DBA_69,1991-02-01,6243.851939845188
DBA_69,1991-03-01,8447.654532598945
DBA_69,1991-04-01,6253.1850767241385
DBA_69,1991-05-01,6276.413632253086
DBA_69,1991-06-01,6137.8041220171
DBA_70,1979-01-01,1365.0
DBA_70,1979-02-01,1134.0
DBA_70,1979-03-01,2186.0
DBA_70,1979-04-01,1765.0
DBA_70,1979-05-01,1849.0
DBA_70,1979-06-01,1618.0
DBA_70,1979-07-01,2100.0
DBA_70,1979-08-01,2023.0
DBA_70,1979-09-01,1753.0
DBA_70,1979-10-01,1568.0
DBA_70,1979-11-01,1912.0
DBA_70,1979-12-01,2492.0
DBA_70,1980-01-01,1240.0
DBA_70,1980-02-01,2168.0
DBA_70,1980-03-01,2379.0
DBA_70,1980-04-01,2389.0
DBA_70,1980-05-01,2566.0
DBA_70,1980-06-01,2050.0
DBA_70,1980-07-01,2065.0
DBA_70,1980-08-01,1401.0
DBA_70,1980-09-01,2577.0
DBA_70,1980-10-01,2349.0
DBA_70,1980-11-01,2431.0
DBA_70,1980-12-01,2471.0
DBA_70,1981-01-01,1423.0
DBA_70,1981-02-01,2051.0
DBA_70,1981-03-01,2489.0
DBA_70,1981-04-01,2798.0
DBA_70,1981-05-01,2464.0
DBA_70,1981-06-01,2859.0
DBA_70,1981-07-01,1472.0
DBA_70,1981-08-01,1475.0
DBA_70,1981-09-01,2576.0
DBA_70,1981-10-01,1563.0
DBA_70,1981-11-01,2035.0
DBA_70,1981-12-01,3185.0
DBA_70,1982-01-01,1313.0
DBA_70,1982-02-01,1445.0
DBA_70,1982-03-01,2141.0
DBA_70,1982-04-01,1510.0
DBA_70,1982-05-01,1810.0
DBA_70,1982-06-01,1377.0
DBA_70,1982-07-01,1025.0
DBA_70,1982-08-01,834.0
DBA_70,1982-09-01,1190.0
DBA_70,1982-10-01,1101.0
DBA_70,1982-11-01,1146.0
DBA_70,1982-12-01,2471.0
DBA_70,1983-01-01,1333.0
DBA_70,1983-02-01,1488.0
DBA_70,1983-03-01,2618.0
DBA_70,1983-04-01,2139.0
DBA_70,1983-05-01,1544.0
DBA_70,1983-06-01,2335.0
DBA_70,1983-07-01,875.0
DBA_70,1983-08-01,948.0
DBA_70,1983-09-01,1565.0
DBA_70,1983-10-01,885.0
DBA_70,1983-11-01,1670.0
DBA_70,1983-12-01,2455.0
DBA_70,1984-01-01,506.0
DBA_70,1984-02-01,1149.0
DBA_70,1984-03-01,1241.0
DBA_70,1984-04-01,1117.0
DBA_70,1984-05-01,1449.0
DBA_70,1984-06-01,1759.0
DBA_70,1984-07-01,758.0
DBA_70,1984-08-01,914.0
DBA_70,1984-09-01,1392.0
DBA_70,1984-10-01,1259.0
DBA_70,1984-11-01,1798.0
DBA_70,1984-12-01,2480.0
DBA_70,1985-01-01,674.0
DBA_70,1985-02-01,1737.0
DBA_70,1985-03-01,1923.0
DBA_70,1985-04-01,1967.0
DBA_70,1985-05-01,1501.0
DBA_70,1985-06-01,1784.0
DBA_70,1985-07-01,1576.0
DBA_70,1985-08-01,1547.0
DBA_70,1985-09-01,1414.0
DBA_70,1985-10-01,2006.0
DBA_70,1985-11-01,1389.0
DBA_70,1985-12-01,4363.0
DBA_70,1986-01-01,1273.0
DBA_70,1986-02-01,1433.0
DBA_70,1986-03-01,2693.0
DBA_70,1986-04-01,1867.0
DBA_70,1986-05-01,2272.0
DBA_70,1986-06-01,2100.0
DBA_70,1986-07-01,2222.0
DBA_70,1986-08-01,1947.0
DBA_70,1986-09-01,1590.0
DBA_70,1986-10-01,2151.0
DBA_70,1986-11-01,2255.0
DBA_70,1986-12-01,3236.0
DBA_70,1987-01-01,1135.0
DBA_70,1987-02-01,1662.0
DBA_70,1987-03-01,2796.0
DBA_70,1987-04-01,2240.0
DBA_70,1987-05-01,1792.0
DBA_70,1987-06-01,2082.0
DBA_70,1987-07-01,2286.0
DBA_70,1987-08-01,1370.0
DBA_70,1987-09-01,2261.0
DBA_70,1987-10-01,1856.0
DBA_70,1987-11-01,1869.0
DBA_70,1987-12-01,3634.0
DBA_70,1988-01-01,1617.0
DBA_70,1988-02-01,2611.0
DBA_71,1990-01-01,1680.0
DBA_71,1990-02-01,1920.0
DBA_71,1990-03-01,120.0
DBA_71,1990-04-01,1080.0
DBA_71,1990-05-01,840.0
DBA_71,1990-06-01,1440.0
DBA_71,1990-07-01,480.0
DBA_71,1990-08-01,720.0
DBA_71,1990-09-01,4080.0
DBA_71,1990-10-01,1560.0
DBA_71,1990-11-01,480.0
DBA_71,1990-12-01,720.0
DBA_71,1991-01-01,6120.0
DBA_71,1991-02-01,2040.0
DBA_71,1991-03-01,3960.0
DBA_71,1991-04-01,2160.0
DBA_71,1991-05-01,120.0
DBA_71,1991-06-01,1200.0
DBA_71,1991-07-01,1080.0
DBA_71,1991-08-01,1080.0
DBA_71,1991-09-01,1080.0
DBA_71,1991-10-01,2160.0
DBA_71,1991-11-01,240.0
DBA_71,1991-12-01,1440.0
DBA_71,1992-01-01,1200.0
DBA_71,1992-02-01,1560.0
DBA_71,1992-03-01,2520.0
DBA_71,1992-04-01,600.0
DBA_71,1992-05-01,1560.0
DBA_71,1992-06-01,3240.0
DBA_71,1992-07-01,7440.0
DBA_71,1992-08-01,480.0
DBA_71,1992-09-01,2640.0
DBA_71,1992-10-01,960.0
DBA_71,1992-11-01,3120.0
DBA_71,1992-12-01,1200.0
DBA_71,1993-01-01,960.0
DBA_71,1993-02-01,480.0
DBA_72,1978-01-01,5424.229613402306
DBA_72,1978-02-01,4833.357370760154
DBA_72,1978-03-01,6406.688467427785
DBA_72,1978-04-01,4722.801225090831
DBA_72,1978-05-01,5244.352175990132
DBA_72,1978-06-01,2474.890469017316
DBA_72,1978-07-01,4457.593097413548
DBA_72,1978-08-01,4907.593109310426
DBA_72,1978-09-01,4800.003589737993
DBA_72,1978-10-01,5724.937457658232
DBA_72,1978-11-01,5281.986964912622
DBA_72,1978-12-01,4500.680263903817
DBA_72,1979-01-01,5865.642520160266
DBA_72,1979-02-01,4904.127990089048
DBA_72,1979-03-01,5012.4318901825445
DBA_72,1979-04-01,4999.591068494811
DBA_72,1979-05-01,5654.47297456914
DBA_72,1979-06-01,4923.064959446712
DBA_72,1979-07-01,5262.892765728104
DBA_72,1979-08-01,4916.046463193147
DBA_72,1979-09-01,4767.923045340726
DBA_72,1979-10-01,5900.155089916526
DBA_72,1979-11-01,5197.541644639316
DBA_72,1979-12-01,5337.104514699915
DBA_72,1980-01-01,5904.954184890729
DBA_72,1980-02-01,5185.3493492994485
DBA_72,1980-03-01,5592.88330629797
DBA_72,1980-04-01,5298.9711654454395
DBA_72,1980-05-01,5634.518697830918
DBA_72,1980-06-01,5252.796089477434
DBA_72,1980-07-01,5326.5983878645
DBA_72,1980-08-01,4885.632533112241
DBA_72,1980-09-01,5034.015361503812
DBA_72,1980-10-01,5841.5140970629
DBA_72,1980-11-01,4933.586229222262
DBA_72,1980-12-01,6069.274008523634
DBA_72,1981-01-01,5900.422554790321
DBA_72,1981-02-01,5688.6930900674815
DBA_72,1981-03-01,6528.047445707976
DBA_72,1981-04-01,8294.367524857562
DBA_72,1981-05-01,8062.926908411601
DBA_72,1981-06-01,7605.329101365453
DBA_72,1981-07-01,6090.586693274039
DBA_72,1981-08-01,7919.606255559163
DBA_72,1981-09-01,6023.971264718259
DBA_72,1981-10-01,6890.88569095778
DBA_72,1981-11-01,6038.32555294074
DBA_72,1981-12-01,5570.929274810393
DBA_72,1982-01-01,6596.425622162572
DBA_72,1982-02-01,6729.852551325892
DBA_72,1982-03-01,6181.720301790088
DBA_72,1982-04-01,5981.940521367169
DBA_72,1982-05-01,7074.598887218147
DBA_72,1982-06-01,6351.929789803837
DBA_72,1982-07-01,6344.717523362577
DBA_72,1982-08-01,6773.84737661758
DBA_72,1982-09-01,7363.619235598081
DBA_72,1982-10-01,6970.200854396371
DBA_72,1982-11-01,7631.582048872487
DBA_72,1982-12-01,5730.270926569125
DBA_72,1983-01-01,6160.239028461963
DBA_72,1983-02-01,6600.187281378857
DBA_72,1983-03-01,6297.993317490039
DBA_72,1983-04-01,6830.979807499194
DBA_72,1983-05-01,6903.1024719118
DBA_72,1983-06-01,5074.440083676408
DBA_72,1983-07-01,5534.335773886444
DBA_72,1983-08-01,5360.549030653525
DBA_72,1983-09-01,6570.216069792055
DBA_72,1983-10-01,7062.813867730151
DBA_72,1983-11-01,6104.3036576866225
DBA_72,1983-12-01,6768.553396926721
DBA_72,1984-01-01,6758.456223908956
DBA_72,1984-02-01,6875.294940257376
DBA_72,1984-03-01,8579.468778158067
DBA_72,1984-04-01,7469.926405372311
DBA_72,1984-05-01,7449.890408677389
DBA_72,1984-06-01,5734.619949191757
DBA_72,1984-07-01,9282.58149324156
DBA_72,1984-08-01,5662.052463467984
DBA_72,1984-09-01,6372.266718878835
DBA_72,1984-10-01,8589.317422922331
DBA_72,1984-11-01,5565.787607863491
DBA_72,1984-12-01,5668.596475232543
DBA_72,1985-01-01,7038.78414942957
DBA_72,1985-02-01,6168.874277098217
DBA_72,1985-03-01,6704.024447039753
DBA_72,1985-04-01,6000.828469016847
DBA_72,1985-05-01,6653.538581950929
DBA_72,1985-06-01,6560.500344858667
DBA_72,1985-07-01,6898.810366752549
DBA_72,1985-08-01,5649.815375995867
DBA_72,1985-09-01,6605.4395915450905
DBA_72,1985-10-01,6584.524018865434
DBA_72,1985-11-01,6020.470057360096
DBA_72,1985-12-01,5947.864268297092
DBA_72,1986-01-01,7245.183952456051
DBA_72,1986-02-01,6033.523190324276
DBA_72,1986-03-01,9178.513516775185
DBA_72,1986-04-01,7961.694716537007
DBA_72,1986-05-01,6897.1641898069465
DBA_72,1986-06-01,6642.57118443045
DBA_72,1986-07-01,8200.420735742733
DBA_72,1986-08-01,6530.059827946785
DBA_72,1986-09-01,7670.3191523100795
DBA_72,1986-10-01,6607.952305512397
DBA_72,1986-11-01,6641.128731142197
DBA_72,1986-12-01,6353.3593001358995
DBA_72,1987-01-01,6719.7424353519355
DBA_72,1987-02-01,6487.507455943346
DBA_72,1987-03-01,8406.624696573816
DBA_72,1987-04-01,6578.437282860892
DBA_72,1987-05-01,7298.221473698696
DBA_72,1987-06-01,3636.390496659724
DBA_73,1979-01-01,5034.93146491008
DBA_73,1979-02-01,3950.7773528640005
DBA_73,1979-03-01,3423.8496204243197
DBA_73,1979-04-01,5721.22069557568
DBA_73,1979-05-01,5284.873975071039
DBA_73,1979-06-01,7957.144899376
DBA_73,1979-07-01,6469.7308835344
DBA_73,1979-08-01,6647.706444641919
DBA_73,1979-09-01,5874.466170604479
DBA_73,1979-10-01,4766.88192757504
DBA_73,1979-11-01,2985.3172910057597
DBA_73,1979-12-01,3414.4871012768
DBA_73,1980-01-01,4313.532904969919
DBA_73,1980-02-01,3055.7291877774396
DBA_73,1980-03-01,3518.2637559887994
DBA_73,1980-04-01,1921.564230958
DBA_73,1980-05-01,3478.8574538
DBA_73,1980-06-01,4238.944744576959
DBA_73,1980-07-01,4277.02825949848
DBA_73,1980-08-01,3962.13998893072
DBA_73,1980-09-01,4399.41271746256
DBA_73,1980-10-01,8640.718930875839
DBA_73,1980-11-01,8650.594556473918
DBA_73,1980-12-01,6241.396056457921
DBA_73,1981-01-01,4817.03352728064
DBA_73,1981-02-01,6684.707402030401
DBA_73,1981-03-01,6209.118064017599
DBA_73,1981-04-01,8153.955201788159
DBA_73,1981-05-01,7214.991115318081
DBA_73,1981-06-01,6811.13000533344
DBA_73,1981-07-01,5324.409503911682
DBA_73,1981-08-01,9072.469355634239
DBA_73,1981-09-01,8129.606995901759
DBA_73,1981-10-01,7959.90216654528
DBA_73,1981-11-01,8338.034672998081
DBA_73,1981-12-01,10082.901785248323
DBA_73,1982-01-01,8490.90251342976
DBA_73,1982-02-01,12823.296239172481
DBA_73,1982-03-01,7080.648377913601
DBA_73,1982-04-01,6428.784054825601
DBA_73,1982-05-01,6849.51182978496
DBA_73,1982-06-01,5313.703549283519
DBA_73,1982-07-01,7771.83622400256
DBA_73,1982-08-01,11547.658165773119
DBA_73,1982-09-01,10399.3534633632
DBA_73,1982-10-01,15280.66488052032
DBA_73,1982-11-01,8926.329502803837
DBA_73,1982-12-01,8108.63862771264
DBA_73,1983-01-01,8003.3852496278405
DBA_73,1983-02-01,8297.83482338112
DBA_73,1983-03-01,7113.24331560672
DBA_73,1983-04-01,6001.7156660544
DBA_73,1983-05-01,8081.05462421856
DBA_73,1983-06-01,7447.715161520639
DBA_73,1983-07-01,6229.634709462721
DBA_73,1983-08-01,7969.390752324479
DBA_73,1983-09-01,6278.4930676848
DBA_73,1983-10-01,4700.731935949441
DBA_73,1983-11-01,5595.51559211232
DBA_73,1983-12-01,4594.69890321216
DBA_73,1984-01-01,8909.216446882558
DBA_73,1984-02-01,4101.25872015744
DBA_73,1984-03-01,5677.974907684799
DBA_73,1984-04-01,3562.9110021984006
DBA_73,1984-05-01,4861.815653230081
DBA_73,1984-06-01,3797.93126539392
DBA_73,1984-07-01,4324.9778104704
DBA_73,1984-08-01,6773.529942476161
DBA_73,1984-09-01,12560.191456741439
DBA_73,1984-10-01,8936.09674713024
DBA_73,1984-11-01,9622.712611080959
DBA_73,1984-12-01,17935.16177145984
DBA_73,1985-01-01,9016.24814901024
DBA_73,1985-02-01,7091.74935001824
DBA_73,1985-03-01,11651.815278240001
DBA_73,1985-04-01,7068.4304125056005
DBA_73,1985-05-01,6397.125983784959
DBA_73,1985-06-01,6058.83933266496
DBA_73,1985-07-01,4238.28254888736
DBA_73,1985-08-01,5852.1064562736
DBA_73,1985-09-01,17671.47361288512
DBA_73,1985-10-01,9325.77850706496
DBA_73,1985-11-01,10037.78507056704
DBA_73,1985-12-01,10925.551834857599
DBA_73,1986-01-01,8214.49141866688
DBA_73,1986-02-01,6547.68704492992
DBA_73,1986-03-01,4364.9557591552
DBA_73,1986-04-01,3993.3203748063997
DBA_73,1986-05-01,4584.5584862704
DBA_73,1986-06-01,3902.88043511872
DBA_73,1986-07-01,5923.245091540481
DBA_73,1986-08-01,6031.77456153184
DBA_73,1986-09-01,3909.96361495168
DBA_73,1986-10-01,5215.365388087361
DBA_73,1986-11-01,5405.86100817664
DBA_73,1986-12-01,3418.7811838892803
DBA_73,1987-01-01,4154.7751758304
DBA_73,1987-02-01,4115.7924432064
DBA_73,1987-03-01,3933.09336964192
DBA_73,1987-04-01,3051.8237274553603
DBA_73,1987-05-01,3685.1631901532796
DBA_73,1987-06-01,3405.0072850287997
DBA_73,1987-07-01,4865.10920374336
DBA_73,1987-08-01,10815.923631635202
DBA_73,1987-09-01,11260.935495170559
DBA_73,1987-10-01,17074.30784243392
DBA_73,1987-11-01,12457.11466085536
DBA_73,1987-12-01,12723.234894170559
DBA_73,1988-01-01,2816.58491447744
DBA_73,1988-02-01,19936.079346410395
DBA_73,1988-03-01,26060.44405228608
DBA_73,1988-04-01,20124.292762077595
DBA_73,1988-05-01,14604.0776900752
DBA_73,1988-06-01,-1337.5550206279015
DBA_74,1978-01-01,3852.27126908672
DBA_74,1978-02-01,4381.0587190527995
DBA_74,1978-03-01,4613.39580549184
DBA_74,1978-04-01,5226.57190574944
DBA_74,1978-05-01,4982.38040135392
DBA_74,1978-06-01,5259.215056791039
DBA_74,1978-07-01,4514.569835857361
DBA_74,1978-08-01,4876.8661562416
DBA_74,1978-09-01,4747.44348392992
DBA_74,1978-10-01,4475.795430952959
DBA_74,1978-11-01,3693.2711257916794
DBA_74,1978-12-01,3842.18516441536
DBA_74,1979-01-01,2832.42488689024
DBA_74,1979-02-01,4275.39708536992
DBA_74,1979-03-01,4296.072795239681
DBA_74,1979-04-01,3938.0635184012804
DBA_74,1979-05-01,5284.77939860416
DBA_74,1979-06-01,4693.09200968032
DBA_74,1979-07-01,4677.239031746561
DBA_74,1979-08-01,5200.387303560639
DBA_74,1979-09-01,4986.76192878112
DBA_74,1979-10-01,4383.64893512608
DBA_74,1979-11-01,3824.1556562752
DBA_74,1979-12-01,4878.687453539201
DBA_74,1980-01-01,4351.472199537279
DBA_74,1980-02-01,4056.8389176140804
DBA_74,1980-03-01,5413.32771503344
DBA_74,1980-04-01,3716.9010115647993
DBA_74,1980-05-01,4020.37439137792
DBA_74,1980-06-01,4568.02263531808
DBA_74,1980-07-01,4166.760374175039
DBA_74,1980-08-01,4945.63537200256
DBA_74,1980-09-01,4400.656769919039
DBA_74,1980-10-01,4259.53927782016
DBA_74,1980-11-01,3212.366251552
DBA_74,1980-12-01,3953.5249654009604
DBA_74,1981-01-01,4232.38144610464
DBA_74,1981-02-01,4698.571520715999
DBA_74,1981-03-01,5000.20977983776
DBA_74,1981-04-01,5382.500444437121
DBA_74,1981-05-01,4696.56520269856
DBA_74,1981-06-01,5152.8505540912
DBA_74,1981-07-01,4158.11025028384
DBA_74,1981-08-01,4554.52970789824
DBA_74,1981-09-01,3779.5585381360006
DBA_74,1981-10-01,3710.74363256032
DBA_74,1981-11-01,2735.4703669791998
DBA_74,1981-12-01,3601.1295934288
DBA_74,1982-01-01,4049.47572998272
DBA_74,1982-02-01,4820.489224961921
DBA_74,1982-03-01,5150.26324491136
DBA_74,1982-04-01,5492.793606239681
DBA_74,1982-05-01,4702.724117961279
DBA_74,1982-06-01,4180.8465889216
DBA_74,1982-07-01,3909.2668849744005
DBA_74,1982-08-01,4437.3529695875195
DBA_74,1982-09-01,4059.48034801888
DBA_74,1982-10-01,4103.40089344192
DBA_74,1982-11-01,4172.010502860159
DBA_74,1982-12-01,2753.53492637824
DBA_74,1983-01-01,4997.479698405119
DBA_74,1983-02-01,6283.44220882784
DBA_74,1983-03-01,5269.0600508016005
DBA_74,1983-04-01,6507.64194988832
DBA_74,1983-05-01,5888.942668998079
DBA_74,1983-06-01,7082.291358218241
DBA_74,1983-07-01,6121.4770192256
DBA_74,1983-08-01,5942.6762189235205
DBA_74,1983-09-01,6315.931011152959
DBA_74,1983-10-01,6268.99843080512
DBA_74,1983-11-01,4367.945345242879
DBA_74,1983-12-01,3931.509831337279
DBA_74,1984-01-01,4250.298923624
DBA_74,1984-02-01,4196.0151386048
DBA_74,1984-03-01,5789.6362007712005
DBA_74,1984-04-01,5634.65582015328
DBA_74,1984-05-01,5958.67004316576
DBA_74,1984-06-01,5419.76817680928
DBA_74,1984-07-01,5189.04213814
DBA_74,1984-08-01,4069.6900173632
DBA_74,1984-09-01,4079.0458731929602
DBA_74,1984-10-01,4581.663239158401
DBA_74,1984-11-01,3950.40285553376
DBA_74,1984-12-01,4108.15298021888
DBA_74,1985-01-01,2658.43064275328
DBA_74,1985-02-01,5350.0113024579205
DBA_74,1985-03-01,5164.19361028352
DBA_74,1985-04-01,5485.15144222112
DBA_74,1985-05-01,4859.34743570816
DBA_74,1985-06-01,4244.90021128064
DBA_74,1985-07-01,4301.035346259199
DBA_74,1985-08-01,4091.04835985792
DBA_74,1985-09-01,2845.0807503391998
DBA_74,1985-10-01,3889.47472635008
DBA_74,1985-11-01,4536.21148417856
DBA_74,1985-12-01,5667.970827612159
DBA_74,1986-01-01,4781.89935715744
DBA_74,1986-02-01,5205.51171833824
DBA_74,1986-03-01,5245.274105614721
DBA_74,1986-04-01,5442.69223427104
DBA_74,1986-05-01,4255.122974495678
DBA_74,1986-06-01,5138.600944801599
DBA_74,1986-07-01,5153.065115095359
DBA_74,1986-08-01,5819.627687023359
DBA_74,1986-09-01,4585.514475745761
DBA_74,1986-10-01,5458.741577347999
DBA_74,1986-11-01,3668.1473559689603
DBA_74,1986-12-01,5086.89795167248
DBA_74,1987-01-01,5731.59925068208
DBA_74,1987-02-01,4111.284502924001
DBA_74,1987-03-01,5308.261141911041
DBA_74,1987-04-01,5570.841956710398
DBA_74,1987-05-01,5830.175754079998
DBA_74,1987-06-01,5137.07748194112
DBA_75,1979-01-01,4571.306334312454
DBA_75,1979-02-01,3426.3866149984124
DBA_75,1979-03-01,4640.323406738767
DBA_75,1979-04-01,4520.216327114118
DBA_75,1979-05-01,4994.02967686447
DBA_75,1979-06-01,4991.176160933865
DBA_75,1979-07-01,5639.625878518922
DBA_75,1979-08-01,5497.8469825491475
DBA_75,1979-09-01,4673.529918341983
DBA_75,1979-10-01,5603.586301717878
DBA_75,1979-11-01,4775.603765704389
DBA_75,1979-12-01,3833.0606885959105
DBA_75,1980-01-01,4658.379781652273
DBA_75,1980-02-01,3869.1232163002646
DBA_75,1980-03-01,3662.502721870396
DBA_75,1980-04-01,4537.883586218908
DBA_75,1980-05-01,5688.7245692901715
DBA_75,1980-06-01,5341.367449449874
DBA_75,1980-07-01,5652.446097240165
DBA_75,1980-08-01,6577.333110756217
DBA_75,1980-09-01,4660.822572228053
DBA_75,1980-10-01,4824.60807101733
DBA_75,1980-11-01,4182.179379515118
DBA_75,1980-12-01,4181.600795877209
DBA_75,1981-01-01,4738.295812884737
DBA_75,1981-02-01,3074.068321844776
DBA_75,1981-03-01,4384.168811651575
DBA_75,1981-04-01,4199.209097240404
DBA_75,1981-05-01,5091.683182210151
DBA_75,1981-06-01,4638.7503968177325
DBA_75,1981-07-01,6796.800829142419
DBA_75,1981-08-01,5752.149881174339
DBA_75,1981-09-01,4910.06250894683
DBA_75,1981-10-01,5071.050077573018
DBA_75,1981-11-01,3788.2848017160486
DBA_75,1981-12-01,4298.2859216772795
DBA_75,1982-01-01,2947.773248137714
DBA_75,1982-02-01,3860.5741805641387
DBA_75,1982-03-01,4140.996973381072
DBA_75,1982-04-01,3927.9560681073376
DBA_75,1982-05-01,4480.444063436908
DBA_75,1982-06-01,6093.215114855956
DBA_75,1982-07-01,6808.232380294626
DBA_75,1982-08-01,7423.277811215886
DBA_75,1982-09-01,5163.597208346312
DBA_75,1982-10-01,4163.824862391049
DBA_75,1982-11-01,3430.8909985657356
DBA_75,1982-12-01,3085.506899112837
DBA_75,1983-01-01,2608.85873786232
DBA_75,1983-02-01,2985.1876805125876
DBA_75,1983-03-01,3514.503484627934
DBA_75,1983-04-01,3576.604359575107
DBA_75,1983-05-01,4728.480233380633
DBA_75,1983-06-01,6219.382851057282
DBA_75,1983-07-01,6807.138791053239
DBA_75,1983-08-01,7604.822541123996
DBA_75,1983-09-01,5642.746494873319
DBA_75,1983-10-01,4572.027922033077
DBA_75,1983-11-01,3674.967462857875
DBA_75,1983-12-01,3095.9856181639384
DBA_75,1984-01-01,3740.0379539885457
DBA_75,1984-02-01,3645.028844026287
DBA_75,1984-03-01,4153.301583183929
DBA_75,1984-04-01,4106.6076861376305
DBA_75,1984-05-01,5250.7244516967185
DBA_75,1984-06-01,6205.707008128793
DBA_75,1984-07-01,7540.492897254463
DBA_75,1984-08-01,7416.834156507132
DBA_75,1984-09-01,5644.403696532182
DBA_75,1984-10-01,4763.221188347731
DBA_75,1984-11-01,3602.1786721571902
DBA_75,1984-12-01,2912.4298016675607
DBA_75,1985-01-01,3439.475858161925
DBA_75,1985-02-01,3285.1265873699967
DBA_75,1985-03-01,4026.0393029924157
DBA_75,1985-04-01,4149.030692385137
DBA_75,1985-05-01,4972.9919288591045
DBA_75,1985-06-01,6629.651408315822
DBA_75,1985-07-01,7653.472218284777
DBA_75,1985-08-01,7563.927149373044
DBA_75,1985-09-01,5395.290276946122
DBA_75,1985-10-01,4793.407283510551
DBA_75,1985-11-01,3876.262446004532
DBA_75,1985-12-01,3263.2092128746954
DBA_75,1986-01-01,3154.178846823703
DBA_75,1986-02-01,2996.98376001106
DBA_75,1986-03-01,3696.9524411801804
DBA_75,1986-04-01,4098.677320653865
DBA_75,1986-05-01,4711.769232399017
DBA_75,1986-06-01,6516.7492579745995
DBA_75,1986-07-01,7421.97819865951
DBA_75,1986-08-01,7771.240271314191
DBA_75,1986-09-01,5829.961733171621
DBA_75,1986-10-01,4796.739781499371
DBA_75,1986-11-01,3266.7497534106947
DBA_75,1986-12-01,3162.512807446957
DBA_75,1987-01-01,2836.7212458555236
DBA_75,1987-02-01,3261.259151634577
DBA_75,1987-03-01,3530.8755918218226
DBA_75,1987-04-01,3854.16597623265
DBA_75,1987-05-01,4965.350057123202
DBA_75,1987-06-01,6233.833293172419
DBA_75,1987-07-01,7535.736080037889
DBA_75,1987-08-01,7506.871592367791
DBA_75,1987-09-01,5949.6114412309
DBA_75,1987-10-01,5589.7100004273725
DBA_75,1987-11-01,3695.6879785255296
DBA_75,1987-12-01,5200.435159177299
DBA_75,1988-01-01,4978.52437244068
DBA_75,1988-02-01,4941.53924131791
DBA_75,1988-03-01,5163.450028054531
DBA_75,1988-04-01,4814.434301042924
DBA_75,1988-05-01,5246.361715821608
DBA_75,1988-06-01,6178.2351890658565
DBA_76,1982-01-01,5241.835747459142
DBA_76,1982-02-01,6610.069901877356
DBA_76,1982-03-01,8250.529715958355
DBA_76,1982-04-01,6835.776257174226
DBA_76,1982-05-01,6619.014642258354
DBA_76,1982-06-01,6733.8494606146705
DBA_76,1982-07-01,6562.998414696761
DBA_76,1982-08-01,4929.914367334344
DBA_76,1982-09-01,6435.027870807037
DBA_76,1982-10-01,6008.437290460073
DBA_76,1982-11-01,6192.334012726153
DBA_76,1982-12-01,6560.37512337028
DBA_76,1983-01-01,6657.919471917265
DBA_76,1983-02-01,6393.635271656181
DBA_76,1983-03-01,7164.741772254082
DBA_76,1983-04-01,6879.725561488573
DBA_76,1983-05-01,7573.8288942798135
DBA_76,1983-06-01,8010.719886975439
DBA_76,1983-07-01,6165.227157340102
DBA_76,1983-08-01,7332.4137871148205
DBA_76,1983-09-01,7223.652348022907
DBA_76,1983-10-01,7624.710099029419
DBA_76,1983-11-01,7531.107589171329
DBA_76,1983-12-01,7238.213350181903
DBA_76,1984-01-01,6957.804951469856
DBA_76,1984-02-01,7366.777880425929
DBA_76,1984-03-01,8518.469122177601
DBA_76,1984-04-01,7344.105190147227
DBA_76,1984-05-01,7450.183112731562
DBA_76,1984-06-01,7836.362190683602
DBA_76,1984-07-01,6251.013452861221
DBA_76,1984-08-01,6690.418343684166
DBA_76,1984-09-01,6542.673155106828
DBA_76,1984-10-01,7334.2806455965265
DBA_76,1984-11-01,7411.777521827461
DBA_76,1984-12-01,6928.1096421932725
DBA_76,1985-01-01,7365.591151897313
DBA_76,1985-02-01,7300.017860733621
DBA_76,1985-03-01,8276.400455573395
DBA_76,1985-04-01,7208.459524701445
DBA_76,1985-05-01,7133.682420550915
DBA_76,1985-06-01,7126.884227577199
DBA_76,1985-07-01,6813.43504787188
DBA_76,1985-08-01,6831.483135258462
DBA_76,1985-09-01,7034.826812688978
DBA_76,1985-10-01,8357.972495001228
DBA_76,1985-11-01,7988.500564398344
DBA_76,1985-12-01,6676.131660634115
DBA_76,1986-01-01,7969.668341502635
DBA_76,1986-02-01,7129.244858986728
DBA_76,1986-03-01,7906.766304085506
DBA_76,1986-04-01,7834.595924562923
DBA_76,1986-05-01,7630.451983882337
DBA_76,1986-06-01,7888.460595215138
DBA_76,1986-07-01,6424.731452586468
DBA_76,1986-08-01,5662.853720759486
DBA_76,1986-09-01,7038.177047299879
DBA_76,1986-10-01,6990.948984974004
DBA_76,1986-11-01,7316.981047326516
DBA_76,1986-12-01,6396.188411878045
DBA_76,1987-01-01,6374.51951331044
DBA_76,1987-02-01,6412.933717462305
DBA_76,1987-03-01,7342.938287834664
DBA_76,1987-04-01,7180.648866489183
DBA_76,1987-05-01,7390.119018816851
DBA_76,1987-06-01,7931.399186365461
DBA_76,1987-07-01,6642.944958457735
DBA_76,1987-08-01,5572.602086726495
DBA_76,1987-09-01,6101.206700069091
DBA_76,1987-10-01,6798.968761801847
DBA_76,1987-11-01,6095.60523647032
DBA_76,1987-12-01,6057.89823511371
DBA_76,1988-01-01,5952.435835057679
DBA_76,1988-02-01,6375.970786566457
DBA_76,1988-03-01,7241.638111912198
DBA_76,1988-04-01,7136.217722209136
DBA_76,1988-05-01,6933.0479891431305
DBA_76,1988-06-01,7308.58833815252
DBA_76,1988-07-01,5503.17208266797
DBA_76,1988-08-01,6346.370937516782
DBA_76,1988-09-01,6575.523480881284
DBA_76,1988-10-01,6959.591484211689
DBA_76,1988-11-01,6704.149260424765
DBA_76,1988-12-01,5913.413380475133
DBA_76,1989-01-01,6783.641777800956
DBA_76,1989-02-01,6584.118575225517
DBA_76,1989-03-01,7627.961718724585
DBA_76,1989-04-01,7214.347709776064
DBA_76,1989-05-01,8128.7417186886105
DBA_76,1989-06-01,7001.46163338367
DBA_76,1989-07-01,5342.568433101888
DBA_76,1989-08-01,6590.424187714357
DBA_76,1989-09-01,6333.9333315805225
DBA_76,1989-10-01,6648.522175619991
DBA_76,1989-11-01,6039.316979254104
DBA_76,1989-12-01,5765.785434041979
DBA_76,1990-01-01,5261.7713116559435
DBA_76,1990-02-01,5654.589166334687
DBA_76,1990-03-01,6580.372387158772
DBA_76,1990-04-01,6131.032400443075
DBA_76,1990-05-01,6600.857682567382
DBA_76,1990-06-01,7169.38077187679
DBA_76,1990-07-01,4977.188505343295
DBA_76,1990-08-01,6071.802639768206
DBA_76,1990-09-01,5640.347134875058
DBA_76,1990-10-01,6684.399100087485
DBA_76,1990-11-01,6082.255037249551
DBA_76,1990-12-01,4769.896493263705
DBA_76,1991-01-01,5896.173217302267
DBA_76,1991-02-01,5614.55061234178
DBA_76,1991-03-01,6111.243825260797
DBA_76,1991-04-01,5738.268963661043
DBA_76,1991-05-01,6828.659124150037
DBA_76,1991-06-01,6073.602530425554
DBA_77,1978-01-01,2511.73625493056
DBA_77,1978-02-01,2672.26453069952
DBA_77,1978-03-01,2780.34709085184
DBA_77,1978-04-01,2110.248936339841
DBA_77,1978-05-01,2134.22229193248
DBA_77,1978-06-01,2339.8410247401594
DBA_77,1978-07-01,3709.33308650688
DBA_77,1978-08-01,3308.5636504713602
DBA_77,1978-09-01,2198.74283594208
DBA_77,1978-10-01,2621.6024871312
DBA_77,1978-11-01,2963.3511098016
DBA_77,1978-12-01,2497.1587290921602
DBA_77,1979-01-01,2600.02195847712
DBA_77,1979-02-01,2166.5579676825605
DBA_77,1979-03-01,2963.4744142224004
DBA_77,1979-04-01,2347.02746899488
DBA_77,1979-05-01,2568.14840394144
DBA_77,1979-06-01,2338.58784828096
DBA_77,1979-07-01,3412.7496642374404
DBA_77,1979-08-01,2917.17865817376
DBA_77,1979-09-01,2734.87615369344
DBA_77,1979-10-01,2750.15914878048
DBA_77,1979-11-01,3179.091973488
DBA_77,1979-12-01,1898.8425878064
DBA_77,1980-01-01,2431.2069454089597
DBA_77,1980-02-01,2164.7155474396804
DBA_77,1980-03-01,2439.4138699968
DBA_77,1980-04-01,2208.37620797856
DBA_77,1980-05-01,2295.9574139404795
DBA_77,1980-06-01,2449.74722268096
DBA_77,1980-07-01,2819.6821349395195
DBA_77,1980-08-01,2400.227715816
DBA_77,1980-09-01,2140.6056221584795
DBA_77,1980-10-01,1979.85407000256
DBA_77,1980-11-01,2581.7530889088002
DBA_77,1980-12-01,2673.2259787248
DBA_77,1981-01-01,2434.9806958060803
DBA_77,1981-02-01,2101.4512627737595
DBA_77,1981-03-01,4036.02508596
DBA_77,1981-04-01,2264.21399884752
DBA_77,1981-05-01,2445.4302871471195
DBA_77,1981-06-01,2341.5308166758405
DBA_77,1981-07-01,2246.1858846493196
DBA_77,1981-08-01,1847.7537876640797
DBA_77,1981-09-01,2114.58872456832
DBA_77,1981-10-01,2232.8126146204804
DBA_77,1981-11-01,2223.45675879072
DBA_77,1981-12-01,2077.9999472058003
DBA_77,1982-01-01,2005.0142974670403
DBA_77,1982-02-01,2043.5546730638403
DBA_77,1982-03-01,2026.7920980355198
DBA_77,1982-04-01,2185.44971347536
DBA_77,1982-05-01,2213.5172809646397
DBA_77,1982-06-01,2250.55087695744
DBA_77,1982-07-01,2245.48312171632
DBA_77,1982-08-01,2274.1365365318397
DBA_77,1982-09-01,2374.8852432912004
DBA_77,1982-10-01,2210.76793894416
DBA_77,1982-11-01,2356.17353163168
DBA_77,1982-12-01,2216.22552151152
DBA_77,1983-01-01,2290.68254082336
DBA_77,1983-02-01,2324.9051425852804
DBA_77,1983-03-01,2427.8148174479998
DBA_77,1983-04-01,2228.57092409136
DBA_77,1983-05-01,2506.56733444236
DBA_77,1983-06-01,2432.3209922745605
DBA_77,1983-07-01,2392.9484323243205
DBA_77,1983-08-01,2462.72752372128
DBA_77,1983-09-01,2484.9689098434
DBA_77,1983-10-01,2619.6726565891204
DBA_77,1983-11-01,2634.1086545399994
DBA_77,1983-12-01,2406.32580570096
DBA_77,1984-01-01,2457.26356028736
DBA_77,1984-02-01,2636.6770216736404
DBA_77,1984-03-01,2577.3131828135997
DBA_77,1984-04-01,2541.69368176944
DBA_77,1984-05-01,2510.8973229964804
DBA_77,1984-06-01,2621.4849792278396
DBA_77,1984-07-01,2676.1544110804803
DBA_77,1984-08-01,2728.22686690224
DBA_77,1984-09-01,2892.29427447312
DBA_77,1984-10-01,2850.9725778916804
DBA_77,1984-11-01,2837.231592492
DBA_77,1984-12-01,2880.5755598994
DBA_77,1985-01-01,2669.66394745512
DBA_77,1985-02-01,2830.45839206592
DBA_77,1985-03-01,2806.4831558015994
DBA_77,1985-04-01,1947.87049719504
DBA_77,1985-05-01,3044.52394125168
DBA_77,1985-06-01,3203.7259166316003
DBA_77,1985-07-01,2950.4860605504
DBA_77,1985-08-01,2957.01570117648
DBA_77,1985-09-01,2932.8464069496004
DBA_77,1985-10-01,2961.2516670028804
DBA_77,1985-11-01,2661.0714045144005
DBA_77,1985-12-01,2462.51257037568
DBA_77,1986-01-01,2530.73235246768
DBA_77,1986-02-01,2581.3582967016005
DBA_77,1986-03-01,2717.97044658768
DBA_77,1986-04-01,2766.6372101572797
DBA_77,1986-05-01,2823.9007256409604
DBA_77,1986-06-01,2806.7483232864
DBA_77,1986-07-01,3029.29217443008
DBA_77,1986-08-01,2983.2925499337603
DBA_77,1986-09-01,3151.7823914150395
DBA_77,1986-10-01,2425.00293525888
DBA_77,1986-11-01,1923.0523037568
DBA_77,1986-12-01,1807.59451868544
DBA_77,1987-01-01,2586.83946949632
DBA_77,1987-02-01,2869.2681977395196
DBA_77,1987-03-01,3114.11454862848
DBA_77,1987-04-01,2998.5809308876796
DBA_77,1987-05-01,2962.81288664832
DBA_77,1987-06-01,3545.0271559219204
DBA_78,1990-01-01,5617.818624683598
DBA_78,1990-02-01,4117.592475678634
DBA_78,1990-03-01,4769.201164111678
DBA_78,1990-04-01,4556.107887073261
DBA_78,1990-05-01,5156.431906561146
DBA_78,1990-06-01,4874.3593725035325
DBA_78,1990-07-01,4822.553035774432
DBA_78,1990-08-01,5024.59991635367
DBA_78,1990-09-01,5027.066884769341
DBA_78,1990-10-01,5485.5968946058965
DBA_78,1990-11-01,5241.338411185309
DBA_78,1990-12-01,5007.5790719204215
DBA_78,1991-01-01,6450.109642420896
DBA_78,1991-02-01,5036.546117657149
DBA_78,1991-03-01,4749.339139313745
DBA_78,1991-04-01,5607.838789294576
DBA_78,1991-05-01,5627.923449943625
DBA_78,1991-06-01,4688.890384086373
DBA_78,1991-07-01,5377.017808379644
DBA_78,1991-08-01,5329.509665929509
DBA_78,1991-09-01,4256.936208259543
DBA_78,1991-10-01,5250.160678845531
DBA_78,1991-11-01,4915.095567602734
DBA_78,1991-12-01,5528.046878383756
DBA_78,1992-01-01,5790.738035403474
DBA_78,1992-02-01,4487.7527259731405
DBA_78,1992-03-01,6709.26520984298
DBA_78,1992-04-01,5232.884013801756
DBA_78,1992-05-01,5218.096285187755
DBA_78,1992-06-01,5523.541135606633
DBA_78,1992-07-01,5492.704030410743
DBA_78,1992-08-01,5225.489443067403
DBA_78,1992-09-01,4691.246597167927
DBA_78,1992-10-01,5331.415000994206
DBA_78,1992-11-01,5311.6792536688345
DBA_78,1992-12-01,5680.480806520277
DBA_78,1993-01-01,5352.931605254271
DBA_78,1993-02-01,5196.375669819674
DBA_78,1993-03-01,6153.876395534575
DBA_79,1982-01-01,4893.092483025364
DBA_79,1982-02-01,4590.895533225347
DBA_79,1982-03-01,7399.864755830662
DBA_79,1982-04-01,5235.439197441856
DBA_79,1982-05-01,5992.373360180113
DBA_79,1982-06-01,5398.676424864932
DBA_79,1982-07-01,4689.22232106464
DBA_79,1982-08-01,5564.660432557148
DBA_79,1982-09-01,5417.903886748902
DBA_79,1982-10-01,6095.573818863452
DBA_79,1982-11-01,5696.113488294484
DBA_79,1982-12-01,4971.355894423273
DBA_79,1983-01-01,6071.245193622514
DBA_79,1983-02-01,5171.478456889065
DBA_79,1983-03-01,5057.290877129171
DBA_79,1983-04-01,5668.6456856031
DBA_79,1983-05-01,7361.621524502158
DBA_79,1983-06-01,6408.1835733034795
DBA_79,1983-07-01,3419.175589934254
DBA_79,1983-08-01,6121.989435790707
DBA_79,1983-09-01,5250.867693292557
DBA_79,1983-10-01,5795.122583763246
DBA_79,1983-11-01,5481.597235900176
DBA_79,1983-12-01,5926.57563950058
DBA_79,1984-01-01,6363.313702293573
DBA_79,1984-02-01,5521.229351212028
DBA_79,1984-03-01,6075.294171215357
DBA_79,1984-04-01,6080.395334572328
DBA_79,1984-05-01,6334.668708058273
DBA_79,1984-06-01,5823.375180817243
DBA_79,1984-07-01,6127.0905991476775
DBA_79,1984-08-01,5446.673886763987
DBA_79,1984-09-01,5771.5787528849205
DBA_79,1984-10-01,6784.355877834346
DBA_79,1984-11-01,6013.295416569093
DBA_79,1984-12-01,5918.335298693167
DBA_79,1985-01-01,5412.142934809105
DBA_79,1985-02-01,6533.221681798844
DBA_79,1985-03-01,5663.669528025914
DBA_79,1985-04-01,8347.17796417598
DBA_79,1985-05-01,8260.383613394173
DBA_79,1985-06-01,7568.218830096057
DBA_79,1985-07-01,6549.81400409624
DBA_79,1985-08-01,8175.311691106708
DBA_79,1985-09-01,8311.07441555138
DBA_79,1985-10-01,8714.40018487238
DBA_79,1985-11-01,7563.723979487876
DBA_79,1985-12-01,6904.999081052267
DBA_79,1986-01-01,8114.42074791253
DBA_79,1986-02-01,7871.372094488055
DBA_79,1986-03-01,8369.358699211656
DBA_79,1986-04-01,7945.875992721455
DBA_79,1986-05-01,7475.036080344175
DBA_79,1986-06-01,7312.928721730721
DBA_79,1986-07-01,7110.749881212818
DBA_79,1986-08-01,7979.572466141105
DBA_79,1986-09-01,8174.465582676381
DBA_79,1986-10-01,8921.252290895665
DBA_79,1986-11-01,7538.786165192163
DBA_79,1986-12-01,7557.000475148731
DBA_79,1987-01-01,8329.287217307206
DBA_79,1987-02-01,8199.05490111775
DBA_79,1987-03-01,8718.162734879934
DBA_79,1987-04-01,8238.21566752437
DBA_79,1987-05-01,8375.733707696458
DBA_79,1987-06-01,8178.108444667698
DBA_79,1987-07-01,7835.679417484219
DBA_79,1987-08-01,8258.251408476593
DBA_79,1987-09-01,8476.823127955407
DBA_79,1987-10-01,9274.609904053084
DBA_79,1987-11-01,8136.215531767588
DBA_79,1987-12-01,8123.465514797993
DBA_79,1988-01-01,8541.483928301224
DBA_79,1988-02-01,8852.037913060709
DBA_79,1988-03-01,9433.985116173053
DBA_79,1988-04-01,8676.269821979824
DBA_79,1988-05-01,8567.894677738246
DBA_79,1988-06-01,8812.877146654084
DBA_79,1988-07-01,7483.232519824631
DBA_79,1988-08-01,8865.698645528135
DBA_79,1988-09-01,8892.109394965159
DBA_79,1988-10-01,9357.485014355465
DBA_79,1988-11-01,8499.59101540112
DBA_79,1988-12-01,7975.018888651964
DBA_79,1989-01-01,9269.145611066113
DBA_79,1989-02-01,8885.734386480357
DBA_79,1989-03-01,9598.793361510916
DBA_79,1989-04-01,9394.05142273529
DBA_79,1989-05-01,9335.627842407584
DBA_79,1989-06-01,8981.359513752339
DBA_79,1989-07-01,7398.53597852659
DBA_79,1989-08-01,8970.430927778396
DBA_79,1989-09-01,8367.537268216
DBA_79,1989-10-01,9021.43099565679
DBA_79,1989-11-01,8076.108308910914
DBA_79,1989-12-01,7346.625195150372
DBA_79,1990-01-01,9302.842084485763
DBA_79,1990-02-01,8555.144660768652
DBA_79,1990-03-01,9532.342389938518
DBA_79,1990-04-01,8693.573416438567
DBA_79,1990-05-01,8828.732445554895
DBA_79,1990-06-01,8925.680649746448
DBA_79,1990-07-01,7471.3932183528605
DBA_79,1990-08-01,9092.466804487405
DBA_79,1990-09-01,8662.609089512402
DBA_79,1990-10-01,9734.521230456421
DBA_79,1990-11-01,7964.090302678024
DBA_79,1990-12-01,3171.5235663328463
DBA_79,1991-01-01,8446.799166138164
DBA_79,1991-02-01,8226.670865877733
DBA_79,1991-03-01,7729.6067538832995
DBA_79,1991-04-01,7948.781687427292
DBA_79,1991-05-01,8296.713582318582
DBA_79,1991-06-01,7605.54392029823
DBA_80,1982-01-01,3036.779378322497
DBA_80,1982-02-01,2468.5771662327875
DBA_80,1982-03-01,3554.5427754706548
DBA_80,1982-04-01,4630.871493505765
DBA_80,1982-05-01,6141.920435952794
DBA_80,1982-06-01,5829.034039353611
DBA_80,1982-07-01,5748.232447011418
DBA_80,1982-08-01,5257.517326913931
DBA_80,1982-09-01,5159.424736103077
DBA_80,1982-10-01,5828.893043286435
DBA_80,1982-11-01,5483.973279572828
DBA_80,1982-12-01,4876.08570572136
DBA_80,1983-01-01,3930.564030778944
DBA_80,1983-02-01,3658.0969477119033
DBA_80,1983-03-01,4416.362319128023
DBA_80,1983-04-01,5633.761801481522
DBA_80,1983-05-01,6905.314712496264
DBA_80,1983-06-01,6866.208513744143
DBA_80,1983-07-01,7102.577397025554
DBA_80,1983-08-01,6433.799439462968
DBA_80,1983-09-01,6042.716454050754
DBA_80,1983-10-01,6682.897643764658
DBA_80,1983-11-01,6242.139995958715
DBA_80,1983-12-01,4858.449945785289
DBA_80,1984-01-01,4818.30402712024
DBA_80,1984-02-01,4369.584883975711
DBA_80,1984-03-01,5328.647192564958
DBA_80,1984-04-01,6025.987397764672
DBA_80,1984-05-01,7116.003119626547
DBA_80,1984-06-01,6675.916225268209
DBA_80,1984-07-01,6095.957726566664
DBA_80,1984-08-01,6354.515041583895
DBA_80,1984-09-01,6006.525901946418
DBA_80,1984-10-01,6420.167006859377
DBA_80,1984-11-01,6284.5178488204765
DBA_80,1984-12-01,5741.644107518783
DBA_80,1985-01-01,5059.527381276153
DBA_80,1985-02-01,4191.320043512245
DBA_80,1985-03-01,5268.914745358125
DBA_80,1985-04-01,6041.778148286401
DBA_80,1985-05-01,6948.932721129905
DBA_80,1985-06-01,6395.465199179947
DBA_80,1985-07-01,5604.956352600109
DBA_80,1985-08-01,5060.277699254492
DBA_80,1985-09-01,5495.642372866163
DBA_80,1985-10-01,5889.021400282443
DBA_80,1985-11-01,5542.545256904256
DBA_80,1985-12-01,4860.623006816073
DBA_80,1986-01-01,4485.879902648071
DBA_80,1986-02-01,3489.047321917974
DBA_80,1986-03-01,4473.550396805406
DBA_80,1986-04-01,5743.644217922414
DBA_80,1986-05-01,6187.301657935223
DBA_80,1986-06-01,6607.571903987717
DBA_80,1986-07-01,5677.749929578899
DBA_80,1986-08-01,5349.645107657274
DBA_80,1986-09-01,6414.58491977767
DBA_80,1986-10-01,6814.732856673149
DBA_80,1986-11-01,6066.891570745503
DBA_80,1986-12-01,6229.21311867619
DBA_80,1987-01-01,5433.495351401377
DBA_80,1987-02-01,4482.85102665834
DBA_80,1987-03-01,5363.117707145823
DBA_80,1987-04-01,6401.322086111339
DBA_80,1987-05-01,6511.014314910108
DBA_80,1987-06-01,6660.422695515329
DBA_80,1987-07-01,5466.49477553175
DBA_80,1987-08-01,5570.363700239925
DBA_80,1987-09-01,6438.341384493234
DBA_80,1987-10-01,6825.602891124529
DBA_80,1987-11-01,6042.626284851934
DBA_80,1987-12-01,6214.920561680094
DBA_80,1988-01-01,4384.37747990547
DBA_80,1988-02-01,4535.688317260818
DBA_80,1988-03-01,5324.931875703716
DBA_80,1988-04-01,6042.197404121668
DBA_80,1988-05-01,7084.008992709989
DBA_80,1988-06-01,6912.8286395297655
DBA_80,1988-07-01,5653.9521210728735
DBA_80,1988-08-01,6102.684329249659
DBA_80,1988-09-01,6433.806010855639
DBA_80,1988-10-01,6559.5512975280435
DBA_80,1988-11-01,6325.406347090097
DBA_80,1988-12-01,5733.040579775761
DBA_80,1989-01-01,5029.875568269162
DBA_80,1989-02-01,4026.4968333913253
DBA_80,1989-03-01,5058.622376808262
DBA_80,1989-04-01,6186.0875986576075
DBA_80,1989-05-01,7181.708309077555
DBA_80,1989-06-01,6788.8099853820295
DBA_80,1989-07-01,5675.837538359415
DBA_80,1989-08-01,6662.311099418701
DBA_80,1989-09-01,6388.837025551421
DBA_80,1989-10-01,6714.509470364321
DBA_80,1989-11-01,6174.369805796585
DBA_80,1989-12-01,5443.24688146952
DBA_80,1990-01-01,3335.5111984517107
DBA_80,1990-02-01,3483.546909659028
DBA_80,1990-03-01,4553.48454780137
DBA_80,1990-04-01,5068.659774090768
DBA_80,1990-05-01,6003.322120238542
DBA_80,1990-06-01,6166.747931736464
DBA_80,1990-07-01,4991.886444582672
DBA_80,1990-08-01,5279.564934423437
DBA_80,1990-09-01,5377.2161734981655
DBA_80,1990-10-01,6052.637243765033
DBA_80,1990-11-01,4530.905434850524
DBA_80,1990-12-01,3969.4108101708393
DBA_80,1991-01-01,4506.4926250818435
DBA_80,1991-02-01,4315.022430921488
DBA_80,1991-03-01,4528.37315537232
DBA_80,1991-04-01,4709.932706487526
DBA_80,1991-05-01,5393.14957009172
DBA_80,1991-06-01,5087.696465462555
DBA_81,1979-01-01,4938.280256799484
DBA_81,1979-02-01,5226.663740079925
DBA_81,1979-03-01,5627.734751930503
DBA_81,1979-04-01,5925.726831991089
DBA_81,1979-05-01,6089.176934885025
DBA_81,1979-06-01,5760.829275152328
DBA_81,1979-07-01,6217.565632303851
DBA_81,1979-08-01,6856.332555734518
DBA_81,1979-09-01,6014.79831808406
DBA_81,1979-10-01,6545.5304168926
DBA_81,1979-11-01,6407.078565029503
DBA_81,1979-12-01,5721.081640828347
DBA_81,1980-01-01,5869.398812809496
DBA_81,1980-02-01,6007.850664672594
DBA_81,1980-03-01,6238.603751111092
DBA_81,1980-04-01,6230.911981563141
DBA_81,1980-05-01,6282.8314260118
DBA_81,1980-06-01,6096.3060144740175
DBA_81,1980-07-01,6403.97679639201
DBA_81,1980-08-01,6157.840170857617
DBA_81,1980-09-01,5727.800696368371
DBA_81,1980-10-01,5596.8896920629295
DBA_81,1980-11-01,5097.64099750703
DBA_81,1980-12-01,5516.62824852713
DBA_81,1981-01-01,5274.79439909828
DBA_81,1981-02-01,5226.720839423594
DBA_81,1981-03-01,5327.564086953109
DBA_81,1981-04-01,5659.8073815976195
DBA_81,1981-05-01,5480.707152372885
DBA_81,1981-06-01,5493.355167826817
DBA_81,1981-07-01,5758.254178375927
DBA_81,1981-08-01,5162.761593088417
DBA_81,1981-09-01,5682.507615865676
DBA_81,1981-10-01,5059.686674991758
DBA_81,1981-11-01,4948.156016546483
DBA_81,1981-12-01,5181.411658857328
DBA_81,1982-01-01,4567.0028605331745
DBA_81,1982-02-01,4949.111257306575
DBA_81,1982-03-01,5296.849105153192
DBA_81,1982-04-01,4719.7930203027045
DBA_81,1982-05-01,4854.041593614949
DBA_81,1982-06-01,5215.272891301408
DBA_81,1982-07-01,4287.116085003349
DBA_81,1982-08-01,4430.874692142574
DBA_81,1982-09-01,3952.23430292485
DBA_81,1982-10-01,3260.5295648484603
DBA_81,1982-11-01,3932.1617936127645
DBA_81,1982-12-01,4003.5994914162807
DBA_81,1983-01-01,3414.219763811953
DBA_81,1983-02-01,3682.258163330768
DBA_81,1983-03-01,4044.1184086275885
DBA_81,1983-04-01,3856.3005520653123
DBA_81,1983-05-01,4295.467970393059
DBA_81,1983-06-01,4403.152744064356
DBA_81,1983-07-01,3876.2665300297904
DBA_81,1983-08-01,4285.853258458122
DBA_81,1983-09-01,4101.250789307324
DBA_81,1983-10-01,3880.1124148037648
DBA_81,1983-11-01,4068.560768728537
DBA_81,1983-12-01,4272.39266174921
DBA_81,1984-01-01,4749.067145598344
DBA_81,1984-02-01,4631.2734455680165
DBA_81,1984-03-01,4950.5706692899785
DBA_81,1984-04-01,4493.404686843848
DBA_81,1984-05-01,5026.346055128489
DBA_81,1984-06-01,5195.581880141098
DBA_81,1984-07-01,5632.853082565129
DBA_81,1984-08-01,5609.329380388283
DBA_81,1984-09-01,5144.098306705601
DBA_81,1984-10-01,5374.989087203644
DBA_81,1984-11-01,4838.212724886333
DBA_81,1984-12-01,4916.773601314567
DBA_81,1985-01-01,5292.889387360337
DBA_81,1985-02-01,5028.334651426332
DBA_81,1985-03-01,5452.739921163121
DBA_81,1985-04-01,5109.994537591294
DBA_81,1985-05-01,5267.965620066947
DBA_81,1985-06-01,5152.589076847699
DBA_81,1985-07-01,5196.81675174841
DBA_81,1985-08-01,5065.23961298226
DBA_81,1985-09-01,4824.696407050252
DBA_81,1985-10-01,4845.848773307115
DBA_81,1985-11-01,4789.417309623767
DBA_81,1985-12-01,4702.085641162762
DBA_81,1986-01-01,4576.864765537233
DBA_81,1986-02-01,4538.116111054804
DBA_81,1986-03-01,4903.0746731848385
DBA_81,1986-04-01,5135.480428678415
DBA_81,1986-05-01,5289.807629095101
DBA_81,1986-06-01,5579.224938718868
DBA_81,1986-07-01,5694.525454777743
DBA_81,1986-08-01,5578.8536523620905
DBA_81,1986-09-01,5144.354522415195
DBA_81,1986-10-01,5054.31798965403
DBA_81,1986-11-01,4419.069372769214
DBA_81,1986-12-01,4732.684001959836
DBA_81,1987-01-01,4666.125134551757
DBA_81,1987-02-01,4628.127850302339
DBA_81,1987-03-01,4851.102387997658
DBA_81,1987-04-01,4974.197707013764
DBA_81,1987-05-01,4981.889476561713
DBA_81,1987-06-01,4999.1959580446
DBA_81,1987-07-01,5016.502439527487
DBA_81,1987-08-01,5280.0143809417405
DBA_81,1987-09-01,5836.757141679098
DBA_81,1987-10-01,5446.709243143105
DBA_81,1987-11-01,4774.767759925104
DBA_81,1987-12-01,5262.696470200174
DBA_81,1988-01-01,5002.664537842845
DBA_81,1988-02-01,4959.325882449956
DBA_81,1988-03-01,5219.357814807286
DBA_81,1988-04-01,4915.987227057069
DBA_81,1988-05-01,5262.696470200174
DBA_81,1988-06-01,5652.7443687361665
DBA_82,1990-01-01,6500.0
DBA_82,1990-02-01,5200.0
DBA_82,1990-03-01,5160.0
DBA_82,1990-04-01,5120.0
DBA_82,1990-05-01,5300.0
DBA_82,1990-06-01,4820.0
DBA_82,1990-07-01,5800.0
DBA_82,1990-08-01,5180.0
DBA_82,1990-09-01,4140.0
DBA_82,1990-10-01,4920.0
DBA_82,1990-11-01,5680.0
DBA_82,1990-12-01,5700.0
DBA_82,1991-01-01,6800.0
DBA_82,1991-02-01,4500.0
DBA_82,1991-03-01,4280.0
DBA_82,1991-04-01,5500.0
DBA_82,1991-05-01,5620.0
DBA_82,1991-06-01,4500.0
DBA_82,1991-07-01,5260.0
DBA_82,1991-08-01,4500.0
DBA_82,1991-09-01,5380.0
DBA_82,1991-10-01,4500.0
DBA_82,1991-11-01,4640.0
DBA_82,1991-12-01,5880.0
DBA_82,1992-01-01,5400.0
DBA_82,1992-02-01,4840.0
DBA_82,1992-03-01,6120.0
DBA_82,1992-04-01,4540.0
DBA_82,1992-05-01,5000.0
DBA_82,1992-06-01,5240.0
DBA_82,1992-07-01,4780.0
DBA_82,1992-08-01,5060.0
DBA_82,1992-09-01,4780.0
DBA_82,1992-10-01,5120.0
DBA_82,1992-11-01,5320.0
DBA_82,1992-12-01,5140.0
DBA_82,1993-01-01,5160.0
DBA_82,1993-02-01,4480.0
DBA_82,1993-03-01,6220.0
DBA_83,1983-01-01,5662.977765531859
DBA_83,1983-02-01,4888.01596117639
DBA_83,1983-03-01,4664.2757241759155
DBA_83,1983-04-01,4098.639869924372
DBA_83,1983-05-01,4674.4557873731055
DBA_83,1983-06-01,4755.199019029893
DBA_83,1983-07-01,5242.813593343097
DBA_83,1983-08-01,4499.551458314917
DBA_83,1983-09-01,2946.5787929804856
DBA_83,1983-10-01,5003.587070616396
DBA_83,1983-11-01,5056.19250942309
DBA_83,1983-12-01,4944.864720320552
DBA_83,1984-01-01,6065.697764389525
DBA_83,1984-02-01,5216.534518329014
DBA_83,1984-03-01,4531.212417639191
DBA_83,1984-04-01,5272.753100552956
DBA_83,1984-05-01,5063.55472762401
DBA_83,1984-06-01,4772.389740740449
DBA_83,1984-07-01,4924.08914567138
DBA_83,1984-08-01,4466.544166282926
DBA_83,1984-09-01,4855.579736992893
DBA_83,1984-10-01,4673.29577461621
DBA_83,1984-11-01,5019.512964902128
DBA_83,1984-12-01,4954.6737031171315
DBA_83,1985-01-01,5337.592362337952
DBA_83,1985-02-01,5753.542343600182
DBA_83,1985-03-01,5204.243691874471
DBA_83,1985-04-01,4719.784301933752
DBA_83,1985-05-01,5222.594426341923
DBA_83,1985-06-01,5348.602803018422
DBA_83,1985-07-01,5210.3606033636215
DBA_83,1985-08-01,5074.565168304481
DBA_83,1985-09-01,5031.746787880427
DBA_83,1985-10-01,5026.853258689107
DBA_83,1985-11-01,5198.126780385321
DBA_83,1985-12-01,5095.3626673675935
DBA_83,1986-01-01,5233.604867022393
DBA_83,1986-02-01,4930.20605716053
DBA_83,1986-03-01,5942.77089432696
DBA_83,1986-04-01,8893.082880485057
DBA_83,1986-05-01,8640.480146116697
DBA_83,1986-06-01,8636.866969222187
DBA_83,1986-07-01,8145.067285494489
DBA_83,1986-08-01,7408.372408758027
DBA_83,1986-09-01,6381.757758264812
DBA_83,1986-10-01,6908.388808462045
DBA_83,1986-11-01,7603.704051901788
DBA_83,1986-12-01,7108.91790493252
DBA_83,1987-01-01,8185.446289238615
DBA_83,1987-02-01,8788.369442684088
DBA_83,1987-03-01,9123.670443532485
DBA_83,1987-04-01,8960.854625672147
DBA_83,1987-05-01,8956.498374128654
DBA_83,1987-06-01,8930.657275787562
DBA_83,1987-07-01,7952.465158361452
DBA_83,1987-08-01,7041.72960914287
DBA_83,1987-09-01,6807.4189120557185
DBA_83,1987-10-01,7487.214384399401
DBA_83,1987-11-01,8654.604621760003
DBA_83,1987-12-01,8023.155962533777
DBA_83,1988-01-01,8012.145521853305
DBA_83,1988-02-01,7762.575533095967
DBA_83,1988-03-01,7505.903861841242
DBA_83,1988-04-01,7474.710388112512
DBA_83,1988-05-01,7765.983765262167
DBA_83,1988-06-01,7986.5545457016615
DBA_83,1988-07-01,6984.549525871128
DBA_83,1988-08-01,6541.22974223485
DBA_83,1988-09-01,6891.663475966384
DBA_83,1988-10-01,7292.762327827778
DBA_83,1988-11-01,7828.9681613688035
DBA_83,1988-12-01,7702.305366044149
DBA_83,1989-01-01,8259.055926755082
DBA_83,1989-02-01,8574.055578469835
DBA_83,1989-03-01,8691.652081636694
DBA_83,1989-04-01,8684.788042223361
DBA_83,1989-05-01,8720.909401996054
DBA_83,1989-06-01,8762.545836110077
DBA_83,1989-07-01,7550.31001165457
DBA_83,1989-08-01,7064.769296243407
DBA_83,1989-09-01,7018.3262712910355
DBA_83,1989-10-01,7482.756520814756
DBA_83,1989-11-01,7947.186770338476
DBA_83,1989-12-01,7989.407702113359
DBA_83,1990-01-01,7213.579832229886
DBA_83,1990-02-01,7132.1342075107095
DBA_83,1990-03-01,7181.623146240572
DBA_83,1990-04-01,6946.550687273733
DBA_83,1990-05-01,7146.369795919314
DBA_83,1990-06-01,7297.483312049391
DBA_83,1990-07-01,6507.452996814943
DBA_83,1990-08-01,6584.933875677515
DBA_83,1990-09-01,6602.129791792
DBA_83,1990-10-01,7204.098371100522
DBA_83,1990-11-01,7318.094886892709
DBA_83,1990-12-01,6887.441382788896
DBA_83,1991-01-01,7136.54488026071
DBA_83,1991-02-01,6984.549525871128
DBA_83,1991-03-01,6689.003003446943
DBA_83,1991-04-01,6731.223935221827
DBA_83,1991-05-01,6672.11463073699
DBA_83,1991-06-01,6448.343692330105
DBA_83,1991-07-01,5250.271880685549
DBA_83,1991-08-01,3204.17565613929
DBA_84,1981-12-01,6155.134231093928
DBA_84,1982-01-01,5083.303799393989
DBA_84,1982-02-01,5243.9101882255445
DBA_84,1982-03-01,5535.816710058692
DBA_84,1982-04-01,5593.077981186826
DBA_84,1982-05-01,5248.423868166887
DBA_84,1982-06-01,5283.146101621451
DBA_84,1982-07-01,5310.534459902276
DBA_84,1982-08-01,4433.579510999042
DBA_84,1982-09-01,5924.623922038715
DBA_84,1982-10-01,5533.635359838479
DBA_84,1982-11-01,5310.112224065879
DBA_84,1982-12-01,6216.270490330089
DBA_84,1983-01-01,5700.842055669315
DBA_84,1983-02-01,5046.85186045243
DBA_84,1983-03-01,5986.965394183382
DBA_84,1983-04-01,5530.792511448135
DBA_84,1983-05-01,5585.850047627336
DBA_84,1983-06-01,5688.768694137037
DBA_84,1983-07-01,5606.29145040202
DBA_84,1983-08-01,5141.721752961618
DBA_84,1983-09-01,6503.998089880951
DBA_84,1983-10-01,5325.225135250918
DBA_84,1983-11-01,6159.022747338136
DBA_84,1983-12-01,6265.991680045489
DBA_84,1984-01-01,5572.04169817139
DBA_84,1984-02-01,6283.900944461363
DBA_84,1984-03-01,5665.078403802627
DBA_84,1984-04-01,5763.140519496067
DBA_84,1984-05-01,5802.890698536087
DBA_84,1984-06-01,5605.940809071882
DBA_84,1984-07-01,5538.028316656114
DBA_84,1984-08-01,5678.817497044552
DBA_84,1984-09-01,5599.492249885394
DBA_84,1984-10-01,5523.143888381219
DBA_84,1984-11-01,5975.953471323274
DBA_84,1984-12-01,5958.874350257537
DBA_84,1985-01-01,5420.888674589816
DBA_84,1985-02-01,6372.897818789198
DBA_84,1985-03-01,5325.811787091037
DBA_84,1985-04-01,5405.517800978072
DBA_84,1985-05-01,5377.50005363709
DBA_84,1985-06-01,5331.9712142079925
DBA_84,1985-07-01,5402.01558256045
DBA_84,1985-08-01,5423.028893066185
DBA_84,1985-09-01,5423.028893066185
DBA_84,1985-10-01,5423.028893066185
DBA_84,1985-11-01,5423.028893066185
DBA_84,1985-12-01,5423.028893066185
DBA_84,1986-01-01,5433.535548319055
DBA_84,1986-02-01,5416.02445623094
DBA_84,1986-03-01,5416.02445623094
DBA_84,1986-04-01,5388.006708889958
DBA_84,1986-05-01,5272.433501108405
DBA_84,1986-06-01,5381.002272054713
DBA_84,1986-07-01,5377.50005363709
DBA_84,1986-08-01,5395.011145725203
DBA_84,1986-09-01,5395.011145725203
DBA_84,1986-10-01,5398.513364142827
DBA_84,1986-11-01,5398.513364142827
DBA_84,1986-12-01,5395.011145725203
DBA_84,1987-01-01,5240.9135353497995
DBA_84,1987-02-01,5395.011145725203
DBA_84,1987-03-01,5338.975651043239
DBA_84,1987-04-01,5405.517800978072
DBA_84,1987-05-01,4790.240369051372
DBA_84,1987-06-01,5301.152534662447
DBA_84,1987-07-01,5350.183592509166
DBA_84,1987-08-01,5350.183592509166
DBA_84,1987-09-01,5346.681374091544
DBA_84,1987-10-01,5374.699121432525
DBA_84,1987-11-01,5395.712431938264
DBA_84,1987-12-01,5402.716868773509
DBA_84,1988-01-01,5402.716868773509
DBA_84,1988-02-01,5395.712431938264
DBA_84,1988-03-01,5395.712431938264
DBA_84,1988-04-01,5399.214650355886
DBA_84,1988-05-01,5395.712431938264
DBA_84,1988-06-01,5395.712431938264
DBA_84,1988-07-01,5399.214650355886
DBA_84,1988-08-01,5413.223524026376
DBA_84,1988-09-01,5193.749480692326
DBA_84,1988-10-01,5456.950259664086
DBA_84,1988-11-01,5491.972443840315
DBA_84,1988-12-01,5495.474662257937
DBA_84,1989-01-01,5512.985754346051
DBA_84,1989-02-01,5512.985754346051
DBA_84,1989-03-01,5505.981317510807
DBA_84,1989-04-01,5509.483535928428
DBA_84,1989-05-01,5523.492409598919
DBA_84,1989-06-01,5488.470225422691
DBA_84,1989-07-01,5481.465788587447
DBA_84,1989-08-01,5512.985754346051
DBA_84,1989-09-01,5484.968007005068
DBA_84,1989-10-01,5544.5057201046575
DBA_84,1989-11-01,5611.948845983543
DBA_84,1989-12-01,5674.988777500755
DBA_84,1990-01-01,5674.988777500755
DBA_84,1990-02-01,5674.988777500755
DBA_84,1990-03-01,5671.48655908313
DBA_84,1990-04-01,5674.988777500755
DBA_84,1990-05-01,5674.988777500755
DBA_84,1990-06-01,5643.468811742149
DBA_84,1990-07-01,5636.464374906902
DBA_84,1990-08-01,5660.979903830262
DBA_84,1990-09-01,5660.979903830262
DBA_84,1990-10-01,5555.913351301577
DBA_84,1990-11-01,5548.908914466332
DBA_84,1990-12-01,5548.908914466332
DBA_84,1991-01-01,5548.908914466332
DBA_84,1991-02-01,5643.468811742149
DBA_84,1991-03-01,5683.794426335439
DBA_84,1991-04-01,5808.6050812531585
DBA_84,1991-05-01,6927.778873330968
DBA_85,1979-01-01,4537.39994590167
DBA_85,1979-02-01,4317.0862489872125
DBA_85,1979-03-01,5458.423912458433
DBA_85,1979-04-01,4433.075260043611
DBA_85,1979-05-01,4751.767121451181
DBA_85,1979-06-01,4263.5417707455235
DBA_85,1979-07-01,4109.194081738051
DBA_85,1979-08-01,4236.674832139523
DBA_85,1979-09-01,4102.014533981925
DBA_85,1979-10-01,4296.912988922635
DBA_85,1979-11-01,4113.704170893955
DBA_85,1979-12-01,3886.5667028688104
DBA_85,1980-01-01,4111.26481566811
DBA_85,1980-02-01,3900.635413121497
DBA_85,1980-03-01,4575.70879863885
DBA_85,1980-04-01,3863.6408895799855
DBA_85,1980-05-01,3825.6418197487783
DBA_85,1980-06-01,3691.857076195585
DBA_85,1980-07-01,3869.7697718108257
DBA_85,1980-08-01,3858.2124510326707
DBA_85,1980-09-01,4065.3686704350603
DBA_85,1980-10-01,4020.014941926845
DBA_85,1980-11-01,3870.9955482569944
DBA_85,1980-12-01,3840.351137102794
DBA_85,1981-01-01,3778.1867601899885
DBA_85,1981-02-01,3854.1848998524033
DBA_85,1981-03-01,4173.528017943729
DBA_85,1981-04-01,3563.6593245703566
DBA_85,1981-05-01,3694.2920715476885
DBA_85,1981-06-01,3634.5792475272196
DBA_85,1981-07-01,3503.4211677872436
DBA_85,1981-08-01,3602.008616243327
DBA_85,1981-09-01,3591.8521828322205
DBA_85,1981-10-01,3549.650450899866
DBA_85,1981-11-01,3365.2261786796703
DBA_85,1981-12-01,3321.0982266176234
DBA_85,1982-01-01,3431.593217693624
DBA_85,1982-02-01,3401.1239174603047
DBA_85,1982-03-01,3350.341750404774
DBA_85,1982-04-01,3513.3700177451174
DBA_85,1982-05-01,3386.3040605162173
DBA_85,1982-06-01,3221.203006019509
DBA_85,1982-07-01,3309.1698185789196
DBA_85,1982-08-01,2227.406274514223
DBA_85,1982-09-01,3410.108626238972
DBA_85,1982-10-01,3391.897090467334
DBA_85,1982-11-01,3366.155785097805
DBA_85,1982-12-01,3381.0318816853455
DBA_85,1983-01-01,3302.345175618238
DBA_85,1983-02-01,3354.1923028075557
DBA_85,1983-03-01,3731.5589628461844
DBA_85,1983-04-01,3665.5948008797905
DBA_85,1983-05-01,3657.3645875983775
DBA_85,1983-06-01,3648.959263396082
DBA_85,1983-07-01,3496.4376513086077
DBA_85,1983-08-01,3663.1432479874547
DBA_85,1983-09-01,3794.0909771469205
DBA_85,1983-10-01,3658.885025843569
DBA_85,1983-11-01,3524.0637511761756
DBA_85,1983-12-01,3379.0571870285585
DBA_85,1984-01-01,3499.3459495391326
DBA_85,1984-02-01,3551.178782119952
DBA_85,1984-03-01,3741.0768633737616
DBA_85,1984-04-01,3625.7781580900905
DBA_85,1984-05-01,3758.8624579597586
DBA_85,1984-06-01,3649.2430214881633
DBA_85,1984-07-01,3437.1460148959095
DBA_85,1984-08-01,3651.042385753157
DBA_85,1984-09-01,3462.3895536572063
DBA_85,1984-10-01,3679.0601330941395
DBA_85,1984-11-01,3545.609577297338
DBA_85,1984-12-01,3310.478701890709
DBA_85,1985-01-01,3466.5699094101365
DBA_85,1985-02-01,3626.971512937263
DBA_85,1985-03-01,3596.3854720900235
DBA_85,1985-04-01,3567.667281065517
DBA_85,1985-05-01,3599.6542092798045
DBA_85,1985-06-01,3324.1993767888134
DBA_85,1985-07-01,3242.013984588598
DBA_85,1985-08-01,3309.023096979115
DBA_85,1985-09-01,3519.351556462391
DBA_85,1985-10-01,3468.461286393876
DBA_85,1985-11-01,3258.11103458296
DBA_85,1985-12-01,3073.490454676565
DBA_85,1986-01-01,3230.3956775011834
DBA_85,1986-02-01,3215.7219688109426
DBA_85,1986-03-01,3472.7914625080607
DBA_85,1986-04-01,-128.1318833096065
DBA_85,1986-05-01,3741.807737672695
DBA_85,1986-06-01,3402.305887163749
DBA_85,1986-07-01,3641.4624529686466
DBA_85,1986-08-01,3753.87599515922
DBA_85,1986-09-01,3684.7655517181283
DBA_85,1986-10-01,3875.9866773203353
DBA_85,1986-11-01,3523.196542051795
DBA_85,1986-12-01,3563.1218320126954
DBA_85,1987-01-01,3656.7478043771453
DBA_85,1987-02-01,3665.8535722629645
DBA_85,1987-03-01,4107.880705810425
DBA_85,1987-04-01,3868.867804066248
DBA_85,1987-05-01,3959.9254829244423
DBA_85,1987-06-01,3830.3434014723966
DBA_85,1987-07-01,4018.295789884824
DBA_85,1987-08-01,3809.096609738819
DBA_85,1987-09-01,3913.6961998118213
DBA_85,1987-10-01,3846.920568649146
DBA_85,1987-11-01,3085.134802805271
DBA_85,1987-12-01,3554.1140456297426
DBA_85,1988-01-01,3671.183686009156
DBA_85,1988-02-01,3871.5022376321294
DBA_85,1988-03-01,7343.815095128352
DBA_85,1988-04-01,4217.382921842839
DBA_85,1988-05-01,4968.767118701815
DBA_85,1988-06-01,3918.5521653676337
DBA_86,1990-01-01,3980.0
DBA_86,1990-02-01,2870.0
DBA_86,1990-03-01,2010.0
DBA_86,1990-04-01,2800.0
DBA_86,1990-05-01,3060.0
DBA_86,1990-06-01,2670.0
DBA_86,1990-07-01,2590.0
DBA_86,1990-08-01,3660.0
DBA_86,1990-09-01,2480.0
DBA_86,1990-10-01,3460.0
DBA_86,1990-11-01,2530.0
DBA_86,1990-12-01,2430.0
DBA_86,1991-01-01,3660.0
DBA_86,1991-02-01,2550.0
DBA_86,1991-03-01,1770.0
DBA_86,1991-04-01,4410.0
DBA_86,1991-05-01,5390.0
DBA_86,1991-06-01,4840.0
DBA_86,1991-07-01,4290.0
DBA_86,1991-08-01,6390.0
DBA_86,1991-09-01,4420.0
DBA_86,1991-10-01,6370.0
DBA_86,1991-11-01,4050.0
DBA_86,1991-12-01,4170.0
DBA_86,1992-01-01,4760.0
DBA_86,1992-02-01,3710.0
DBA_86,1992-03-01,5130.0
DBA_86,1992-04-01,4730.0
DBA_86,1992-05-01,4390.0
DBA_86,1992-06-01,6070.0
DBA_86,1992-07-01,5510.0
DBA_86,1992-08-01,4240.0
DBA_86,1992-09-01,4160.0
DBA_86,1992-10-01,4040.0
DBA_86,1992-11-01,3780.0
DBA_86,1992-12-01,4200.0
DBA_86,1993-01-01,5170.0
DBA_86,1993-02-01,3200.0
DBA_86,1993-03-01,3670.0
DBA_87,1982-12-01,3744.467953808846
DBA_87,1983-01-01,3670.060513673078
DBA_87,1983-02-01,4115.807933665145
DBA_87,1983-03-01,3927.357217982115
DBA_87,1983-04-01,3837.389597827502
DBA_87,1983-05-01,1784.741682282403
DBA_87,1983-06-01,3500.372971017266
DBA_87,1983-07-01,3359.7991701822357
DBA_87,1983-08-01,4572.693229122256
DBA_87,1983-09-01,4140.502380921076
DBA_87,1983-10-01,4242.7358701112225
DBA_87,1983-11-01,3914.804682180674
DBA_87,1983-12-01,4270.408518411583
DBA_87,1984-01-01,4475.15755645781
DBA_87,1984-02-01,4353.361533732953
DBA_87,1984-03-01,4310.398770957667
DBA_87,1984-04-01,4368.613080928904
DBA_87,1984-05-01,4165.530103884817
DBA_87,1984-06-01,4123.479981417897
DBA_87,1984-07-01,3902.362294629361
DBA_87,1984-08-01,4001.381233597162
DBA_87,1984-09-01,4723.789814771562
DBA_87,1984-10-01,4238.438496842729
DBA_87,1984-11-01,4586.090501194404
DBA_87,1984-12-01,5344.053785854648
DBA_87,1985-01-01,4805.612821235112
DBA_87,1985-02-01,4678.990109464639
DBA_87,1985-03-01,3992.839622182417
DBA_87,1985-04-01,4156.8863694763595
DBA_87,1985-05-01,3836.8670874510594
DBA_87,1985-06-01,4028.0823030271363
DBA_87,1985-07-01,4090.0782355916813
DBA_87,1985-08-01,4233.502947032649
DBA_87,1985-09-01,4786.53763060764
DBA_87,1985-10-01,4379.682972423817
DBA_87,1985-11-01,4409.006762889487
DBA_87,1985-12-01,4767.1661757399625
DBA_87,1986-01-01,4310.303358430742
DBA_87,1986-02-01,3869.6256762302346
DBA_87,1986-03-01,4851.615068722983
DBA_87,1986-04-01,4378.5423923007875
DBA_87,1986-05-01,4310.958595277326
DBA_87,1986-06-01,4554.755225311684
DBA_87,1986-07-01,4423.821091139385
DBA_87,1986-08-01,4577.941478238029
DBA_87,1986-09-01,4718.081918719318
DBA_87,1986-10-01,4618.85839516687
DBA_87,1986-11-01,4725.583353489605
DBA_87,1986-12-01,4590.216553316681
DBA_87,1987-01-01,4586.956810239277
DBA_87,1987-02-01,5228.875354688955
DBA_87,1987-03-01,4774.951464472571
DBA_87,1987-04-01,4750.142288623006
DBA_87,1987-05-01,4800.606486168578
DBA_87,1987-06-01,4724.569215542479
DBA_87,1987-07-01,4696.95029661551
DBA_87,1987-08-01,4836.749762789057
DBA_87,1987-09-01,4834.362942634876
DBA_87,1987-10-01,4660.466045687291
DBA_87,1987-11-01,4575.2224687522
DBA_87,1987-12-01,4428.201047283438
DBA_87,1988-01-01,4587.785808282022
DBA_87,1988-02-01,4705.754133784094
DBA_87,1988-03-01,4655.5518457614035
DBA_87,1988-04-01,4697.240515238633
DBA_87,1988-05-01,4659.9733003558995
DBA_87,1988-06-01,5505.432374677707
DBA_87,1988-07-01,5517.108925495829
DBA_87,1988-08-01,5455.999884930718
DBA_87,1988-09-01,5527.143245493984
DBA_87,1988-10-01,5540.782217803598
DBA_87,1988-11-01,5564.650419345424
DBA_87,1988-12-01,5554.421190113215
DBA_87,1989-01-01,5475.997099332931
DBA_87,1989-02-01,5482.816585487737
DBA_87,1989-03-01,5482.816585487737
DBA_87,1989-04-01,5479.406842410333
DBA_87,1989-05-01,5513.5042731843705
DBA_87,1989-06-01,5571.714245070926
DBA_87,1989-07-01,5583.604420961364
DBA_87,1989-08-01,5584.268799624655
DBA_87,1989-09-01,5612.875501570465
DBA_87,1989-10-01,5616.285244647869
DBA_87,1989-11-01,5595.8267861834465
DBA_87,1989-12-01,5606.056015415657
DBA_87,1990-01-01,5609.465758493062
DBA_87,1990-02-01,5606.056015415657
DBA_87,1990-03-01,5609.465758493062
DBA_87,1990-04-01,5602.646272338254
DBA_87,1990-05-01,5606.056015415657
DBA_87,1990-06-01,5609.465758493062
DBA_87,1990-07-01,5592.417043106043
DBA_87,1990-08-01,5595.8267861834465
DBA_87,1990-09-01,5606.056015415657
DBA_87,1990-10-01,5616.430274218421
DBA_87,1990-11-01,5805.965823870166
DBA_87,1990-12-01,5615.459299066242
DBA_87,1991-01-01,5580.679925020285
DBA_87,1991-02-01,5571.015074451367
DBA_87,1991-03-01,5559.657087892574
DBA_87,1991-04-01,5535.142379780705
DBA_87,1991-05-01,5724.33902085711
DBA_87,1991-06-01,3751.6825408509635
DBA_87,1991-07-01,5131.13515356794
DBA_88,1983-01-01,5900.0
DBA_88,1983-02-01,6240.0
DBA_88,1983-03-01,6175.0
DBA_88,1983-04-01,5955.0
DBA_88,1983-05-01,5955.0
DBA_88,1983-06-01,6045.0
DBA_88,1983-07-01,5510.0
DBA_88,1983-08-01,5440.0
DBA_88,1983-09-01,5960.0
DBA_88,1983-10-01,6100.0
DBA_88,1983-11-01,6515.0
DBA_88,1983-12-01,6760.0
DBA_88,1984-01-01,7355.0
DBA_88,1984-02-01,7660.0
DBA_88,1984-03-01,7860.0
DBA_88,1984-04-01,7675.0
DBA_88,1984-05-01,7300.0
DBA_88,1984-06-01,7230.0
DBA_88,1984-07-01,6490.0
DBA_88,1984-08-01,6340.0
DBA_88,1984-09-01,6330.0
DBA_88,1984-10-01,6465.0
DBA_88,1984-11-01,7020.0
DBA_88,1984-12-01,7075.0
DBA_88,1985-01-01,8040.0
DBA_88,1985-02-01,8020.0
DBA_88,1985-03-01,7855.0
DBA_88,1985-04-01,7815.0
DBA_88,1985-05-01,7730.0
DBA_88,1985-06-01,7885.0
DBA_88,1985-07-01,7900.0
DBA_88,1985-08-01,7065.0
DBA_88,1985-09-01,6210.0
DBA_88,1985-10-01,7170.0
DBA_88,1985-11-01,8030.0
DBA_88,1985-12-01,8150.0
DBA_88,1986-01-01,8815.0
DBA_88,1986-02-01,9335.0
DBA_88,1986-03-01,9535.0
DBA_88,1986-04-01,9725.0
DBA_88,1986-05-01,9335.0
DBA_88,1986-06-01,9300.0
DBA_88,1986-07-01,8630.0
DBA_88,1986-08-01,7785.0
DBA_88,1986-09-01,6465.0
DBA_88,1986-10-01,7065.0
DBA_88,1986-11-01,7685.0
DBA_88,1986-12-01,7495.0
DBA_88,1987-01-01,8630.0
DBA_88,1987-02-01,9305.0
DBA_88,1987-03-01,9680.0
DBA_88,1987-04-01,9520.0
DBA_88,1987-05-01,9515.0
DBA_88,1987-06-01,9510.0
DBA_88,1987-07-01,8285.0
DBA_88,1987-08-01,7190.0
DBA_88,1987-09-01,6985.0
DBA_88,1987-10-01,7795.0
DBA_88,1987-11-01,8460.0
DBA_88,1987-12-01,8400.0
DBA_88,1988-01-01,8385.0
DBA_88,1988-02-01,8045.0
DBA_88,1988-03-01,7860.0
DBA_88,1988-04-01,7855.0
DBA_88,1988-05-01,7975.0
DBA_88,1988-06-01,8315.0
DBA_88,1988-07-01,7155.0
DBA_88,1988-08-01,6630.0
DBA_88,1988-09-01,7045.0
DBA_88,1988-10-01,7520.0
DBA_88,1988-11-01,8155.0
DBA_88,1988-12-01,8005.0
DBA_88,1989-01-01,8680.0
DBA_88,1989-02-01,9050.0
DBA_88,1989-03-01,9190.0
DBA_88,1989-04-01,9180.0
DBA_88,1989-05-01,9220.0
DBA_88,1989-06-01,9225.0
DBA_88,1989-07-01,7825.0
DBA_88,1989-08-01,7250.0
DBA_88,1989-09-01,7195.0
DBA_88,1989-10-01,7745.0
DBA_88,1989-11-01,8295.0
DBA_88,1989-12-01,8345.0
DBA_88,1990-01-01,7420.0
DBA_88,1990-02-01,7335.0
DBA_88,1990-03-01,7395.0
DBA_88,1990-04-01,7110.0
DBA_88,1990-05-01,7355.0
DBA_88,1990-06-01,7525.0
DBA_88,1990-07-01,6590.0
DBA_88,1990-08-01,6685.0
DBA_88,1990-09-01,6700.0
DBA_88,1990-10-01,7415.0
DBA_88,1990-11-01,7550.0
DBA_88,1990-12-01,7040.0
DBA_88,1991-01-01,7335.0
DBA_88,1991-02-01,7155.0
DBA_88,1991-03-01,6805.0
DBA_88,1991-04-01,6855.0
DBA_88,1991-05-01,6785.0
DBA_88,1991-06-01,6520.0
DBA_88,1991-07-01,5650.0
DBA_88,1991-08-01,5595.0
DBA_89,1982-01-01,3482.4434046127244
DBA_89,1982-02-01,5418.5150570001315
DBA_89,1982-03-01,4400.800468485462
DBA_89,1982-04-01,4462.247491116314
DBA_89,1982-05-01,1775.8643085366336
DBA_89,1982-06-01,3714.2528856808294
DBA_89,1982-07-01,4831.369449070075
DBA_89,1982-08-01,3950.2910180495533
DBA_89,1982-09-01,4201.5182446187155
DBA_89,1982-10-01,4283.119933749328
DBA_89,1982-11-01,4211.849788950704
DBA_89,1982-12-01,4054.7752929203198
DBA_89,1983-01-01,4701.459923734377
DBA_89,1983-02-01,3941.093678478201
DBA_89,1983-03-01,4179.419641797435
DBA_89,1983-04-01,4110.126567689661
DBA_89,1983-05-01,5511.880413318993
DBA_89,1983-06-01,4106.496096938271
DBA_89,1983-07-01,4063.233314987806
DBA_89,1983-08-01,3914.2139213179544
DBA_89,1983-09-01,4638.920602919069
DBA_89,1983-10-01,4372.576892258851
DBA_89,1983-11-01,5620.942547105146
DBA_89,1983-12-01,4780.629182509944
DBA_89,1984-01-01,4091.298610754999
DBA_89,1984-02-01,6674.847645761497
DBA_89,1984-03-01,4232.679612321456
DBA_89,1984-04-01,4126.912616109247
DBA_89,1984-05-01,4559.382045516443
DBA_89,1984-06-01,5428.15238341293
DBA_89,1984-07-01,4139.954120629211
DBA_89,1984-08-01,4235.099938257935
DBA_89,1984-09-01,4217.472105555898
DBA_89,1984-10-01,3834.3294106679596
DBA_89,1984-11-01,4271.581380108172
DBA_89,1984-12-01,4263.70138866852
DBA_89,1985-01-01,3706.8486602664875
DBA_89,1985-02-01,3618.494354939749
DBA_89,1985-03-01,4518.085239270583
DBA_89,1985-04-01,3270.6892738765764
DBA_89,1985-05-01,3516.799115205949
DBA_89,1985-06-01,3094.253625269728
DBA_89,1985-07-01,2795.787924069052
DBA_89,1985-08-01,2590.412277970902
DBA_89,1985-09-01,2690.1627052260856
DBA_89,1985-10-01,2750.998922603972
DBA_89,1985-11-01,2989.09325661013
DBA_89,1985-12-01,3697.732986478946
DBA_89,1986-01-01,3020.053722668926
DBA_89,1986-02-01,3203.5699677523635
DBA_89,1986-03-01,4064.7140432657234
DBA_89,1986-04-01,3810.8739321649414
DBA_89,1986-05-01,3483.7046126381138
DBA_89,1986-06-01,3800.845057771472
DBA_89,1986-07-01,2836.8633569202343
DBA_89,1986-08-01,480.6149054685868
DBA_89,1986-09-01,3250.8558891746907
DBA_89,1986-10-01,2208.2588962113136
DBA_89,1986-11-01,3197.5243829948895
DBA_89,1986-12-01,3669.273203848686
DBA_89,1987-01-01,2947.8162098183802
DBA_89,1987-02-01,2879.873172516496
DBA_89,1987-03-01,3053.9334278723527
DBA_89,1987-04-01,2924.70156826207
DBA_89,1987-05-01,3193.321720893741
DBA_89,1987-06-01,3068.2925233846054
DBA_89,1987-07-01,2491.489288476514
DBA_89,1987-08-01,2449.422769106165
DBA_89,1987-09-01,2653.9482118823826
DBA_89,1987-10-01,2591.608724048696
DBA_89,1987-11-01,2703.3294915708634
DBA_89,1987-12-01,3238.468465783634
DBA_89,1988-01-01,2672.159747654021
DBA_89,1988-02-01,2839.565788016392
DBA_89,1988-03-01,2933.425241608685
DBA_89,1988-04-01,2920.1168116217186
DBA_89,1988-05-01,2906.4581597929887
DBA_89,1988-06-01,2837.1142351240564
DBA_89,1988-07-01,2629.08246111726
DBA_89,1988-08-01,2554.2228719886125
DBA_89,1988-09-01,2352.217114513862
DBA_89,1988-10-01,2589.725338682946
DBA_89,1988-11-01,2622.481812327115
DBA_89,1988-12-01,5067.995518714582
DBA_89,1989-01-01,2847.5230465092964
DBA_89,1989-02-01,2694.049652665177
DBA_89,1989-03-01,4022.9672117660693
DBA_89,1989-04-01,3301.2240535332817
DBA_89,1989-05-01,3932.0840596270878
DBA_89,1989-06-01,3665.212311912047
DBA_89,1989-07-01,3428.6592480185313
DBA_89,1989-08-01,3158.2879861780475
DBA_89,1989-09-01,2562.608658929479
DBA_89,1989-10-01,3222.0283613787833
DBA_89,1989-11-01,3336.2006817932884
DBA_89,1989-12-01,3724.5967043076607
DBA_89,1990-01-01,3099.800938603747
DBA_89,1990-02-01,3336.2006817932884
DBA_89,1990-03-01,4005.824843242776
DBA_89,1990-04-01,3625.133701247173
DBA_89,1990-05-01,3581.355971026888
DBA_89,1990-06-01,3726.3478135164723
DBA_89,1990-07-01,3520.41737056025
DBA_89,1990-08-01,2878.992473549422
DBA_89,1990-09-01,2973.1713839797208
DBA_89,1990-10-01,2945.8540803222627
DBA_89,1990-11-01,3047.768636275087
DBA_89,1990-12-01,3974.699144336911
DBA_89,1991-01-01,3389.1282249103724
DBA_89,1991-02-01,3500.8857258579596
DBA_89,1991-03-01,5108.461896087384
DBA_90,1978-01-01,6721.4623576403565
DBA_90,1978-02-01,3009.633367168176
DBA_90,1978-03-01,4621.76452504883
DBA_90,1978-04-01,4114.477240705418
DBA_90,1978-05-01,4521.312243130742
DBA_90,1978-06-01,4284.645636425133
DBA_90,1978-07-01,4117.297015282658
DBA_90,1978-08-01,4252.21931903187
DBA_90,1978-09-01,4138.078681807585
DBA_90,1978-10-01,4415.936192626297
DBA_90,1978-11-01,4826.291921649332
DBA_90,1978-12-01,4493.246485587317
DBA_90,1979-01-01,10562.608512719533
DBA_90,1979-02-01,4980.363941861289
DBA_90,1979-03-01,5074.44062436187
DBA_90,1979-04-01,4216.82963604617
DBA_90,1979-05-01,4595.3508737709935
DBA_90,1979-06-01,4411.075042040948
DBA_90,1979-07-01,4519.381670277821
DBA_90,1979-08-01,4741.397086656816
DBA_90,1979-09-01,4799.245636886397
DBA_90,1979-10-01,4928.998215509261
DBA_90,1979-11-01,4342.149622561255
DBA_90,1979-12-01,4475.966940878837
DBA_90,1980-01-01,5639.788184384265
DBA_90,1980-02-01,4234.60007746688
DBA_90,1980-03-01,4914.254100576448
DBA_90,1980-04-01,4313.086802937558
DBA_90,1980-05-01,4590.235143315233
DBA_90,1980-06-01,4678.349063935139
DBA_90,1980-07-01,3629.4748805939844
DBA_90,1980-08-01,4184.575008352557
DBA_90,1980-09-01,3904.5413313443423
DBA_90,1980-10-01,4478.75467115393
DBA_90,1980-11-01,4105.030590934336
DBA_90,1980-12-01,4320.341338425598
DBA_90,1981-01-01,4125.524023526878
DBA_90,1981-02-01,3960.691338236046
DBA_90,1981-03-01,4482.979022504998
DBA_90,1981-04-01,4056.5882445912503
DBA_90,1981-05-01,4105.227720681144
DBA_90,1981-06-01,3845.558743225247
DBA_90,1981-07-01,3322.40023400839
DBA_90,1981-08-01,3382.326155342364
DBA_90,1981-09-01,3692.844744282693
DBA_90,1981-10-01,3534.280052229639
DBA_90,1981-11-01,3370.5271493936634
DBA_90,1981-12-01,3702.8969026746054
DBA_90,1982-01-01,3269.032775952752
DBA_90,1982-02-01,3319.29356791231
DBA_90,1982-03-01,3972.1756859442057
DBA_90,1982-04-01,3491.237686959298
DBA_90,1982-05-01,3116.8597219152202
DBA_90,1982-06-01,3285.269541598794
DBA_90,1982-07-01,2151.419679955023
DBA_90,1982-08-01,2199.566242023533
DBA_90,1982-09-01,2563.7498155914186
DBA_90,1982-10-01,2115.1857583179553
DBA_90,1982-11-01,2337.2700032202542
DBA_90,1982-12-01,2498.572917630962
DBA_90,1983-01-01,1719.562553483955
DBA_90,1983-02-01,2085.7892556394913
DBA_90,1983-03-01,2352.550283771964
DBA_90,1983-04-01,2119.311377053893
DBA_90,1983-05-01,2403.727707798402
DBA_90,1983-06-01,2504.249291717516
DBA_90,1983-07-01,1576.9058810452793
DBA_90,1983-08-01,2184.096509364966
DBA_90,1983-09-01,2371.520623898023
DBA_90,1983-10-01,2482.0585666729958
DBA_90,1983-11-01,2585.7162579741143
DBA_90,1983-12-01,3094.4700346216996
DBA_90,1984-01-01,2174.7333448897693
DBA_90,1984-02-01,2707.3696459223615
DBA_90,1984-03-01,2938.4923388971906
DBA_90,1984-04-01,2985.186235943488
DBA_90,1984-05-01,2915.145390374042
DBA_90,1984-06-01,2942.0592338104498
DBA_90,1984-07-01,2372.7287103282747
DBA_90,1984-08-01,2914.713753654105
DBA_90,1984-09-01,2473.751866347284
DBA_90,1984-10-01,3127.2592587822696
DBA_90,1984-11-01,2781.6850599052545
DBA_90,1984-12-01,3722.667953627565
DBA_90,1985-01-01,2816.768248533541
DBA_90,1985-02-01,2901.076673756024
DBA_90,1985-03-01,3370.545637319275
DBA_90,1985-04-01,3089.2812165908535
DBA_90,1985-05-01,3188.1814846403045
DBA_90,1985-06-01,2900.595296597554
DBA_90,1985-07-01,2875.3027690308086
DBA_90,1985-08-01,2786.130396199337
DBA_90,1985-09-01,2800.0737126784393
DBA_90,1985-10-01,2900.9195597714856
DBA_90,1985-11-01,2918.4297711638474
DBA_90,1985-12-01,3236.5319447917536
DBA_90,1986-01-01,2623.447616783895
DBA_90,1986-02-01,2713.2685159632306
DBA_90,1986-03-01,2999.917161719672
DBA_90,1986-04-01,3030.397900069339
DBA_90,1986-05-01,2901.341156844154
DBA_90,1986-06-01,2800.81957292504
DBA_90,1986-07-01,2850.756101710665
DBA_90,1986-08-01,2356.0294193506666
DBA_90,1986-09-01,2842.6068577217716
DBA_90,1986-10-01,2739.280071559339
DBA_90,1986-11-01,2809.5310581294107
DBA_90,1986-12-01,3669.6606298120887
DBA_90,1987-01-01,2603.568928387417
DBA_90,1987-02-01,3094.741494106067
DBA_90,1987-03-01,3702.4775621048984
DBA_90,1987-04-01,3053.170228985345
DBA_90,1987-05-01,2903.2705505150893
DBA_90,1987-06-01,3091.4426158675287
DBA_91,1982-01-01,5542.817701888514
DBA_91,1982-02-01,4345.037742109808
DBA_91,1982-03-01,8106.911479866401
DBA_91,1982-04-01,5149.476638365081
DBA_91,1982-05-01,5079.168038518445
DBA_91,1982-06-01,5071.602306987774
DBA_91,1982-07-01,5698.861548692973
DBA_91,1982-08-01,5120.144686474427
DBA_91,1982-09-01,5058.190990828087
DBA_91,1982-10-01,4960.086894944699
DBA_91,1982-11-01,5459.487234476368
DBA_91,1982-12-01,5153.262733168353
DBA_91,1983-01-01,5528.025887936831
DBA_91,1983-02-01,4021.2837584338
DBA_91,1983-03-01,5565.109309499454
DBA_91,1983-04-01,5273.608473270556
DBA_91,1983-05-01,5573.6755676932335
DBA_91,1983-06-01,5597.975206587598
DBA_91,1983-07-01,5678.2750285177
DBA_91,1983-08-01,5812.231413488655
DBA_91,1983-09-01,5524.089502538242
DBA_91,1983-10-01,5639.173579129311
DBA_91,1983-11-01,5756.779978828346
DBA_91,1983-12-01,5292.600355188763
DBA_91,1984-01-01,5466.7683253351615
DBA_91,1984-02-01,5067.837972619617
DBA_91,1984-03-01,5990.817134477432
DBA_91,1984-04-01,5383.900126094356
DBA_91,1984-05-01,5575.890062333164
DBA_91,1984-06-01,5684.683369464272
DBA_91,1984-07-01,5563.678568675593
DBA_91,1984-08-01,5509.528611951605
DBA_91,1984-09-01,5263.061273956091
DBA_91,1984-10-01,5352.365530603393
DBA_91,1984-11-01,5346.568154826567
DBA_91,1984-12-01,5632.736491044445
DBA_91,1985-01-01,5494.216214504497
DBA_91,1985-02-01,5363.960282157052
DBA_91,1985-03-01,6515.555450955785
DBA_91,1985-04-01,5756.777373016048
DBA_91,1985-05-01,5546.412232381297
DBA_91,1985-06-01,5793.160193586032
DBA_91,1985-07-01,5836.948882964198
DBA_91,1985-08-01,5849.48930574386
DBA_91,1985-09-01,6111.146123635725
DBA_91,1985-10-01,6593.832677067106
DBA_91,1985-11-01,6516.266711327686
DBA_91,1985-12-01,5573.3945992959525
DBA_91,1986-01-01,6243.454672085211
DBA_91,1986-02-01,5569.367355020915
DBA_91,1986-03-01,6659.3761633399245
DBA_91,1986-04-01,6389.243121823912
DBA_91,1986-05-01,6377.730602550779
DBA_91,1986-06-01,6734.544056873735
DBA_91,1986-07-01,5627.866675564618
DBA_91,1986-08-01,5425.483222967271
DBA_91,1986-09-01,6073.191437942461
DBA_91,1986-10-01,5826.652023417313
DBA_91,1986-11-01,6255.9501060008015
DBA_91,1986-12-01,5192.514011398451
DBA_91,1987-01-01,5051.784548518324
DBA_91,1987-02-01,5067.2031011162735
DBA_91,1987-03-01,5623.633580331215
DBA_91,1987-04-01,5836.8783457822965
DBA_91,1987-05-01,6147.835281340813
DBA_91,1987-06-01,6470.714276828476
DBA_91,1987-07-01,9152.514266114496
DBA_91,1987-08-01,6083.2651066803855
DBA_91,1987-09-01,5899.02007568894
DBA_91,1987-10-01,6689.021514452289
DBA_91,1987-11-01,5661.9823618066475
DBA_91,1987-12-01,5727.573689960407
DBA_91,1988-01-01,5472.857583589882
DBA_91,1988-02-01,5930.836258948095
DBA_91,1988-03-01,6903.5099279408005
DBA_91,1988-04-01,6732.57704451886
DBA_91,1988-05-01,6555.0025152251665
DBA_91,1988-06-01,7486.841644285135
DBA_91,1988-07-01,5786.900367328437
DBA_91,1988-08-01,6834.426792188236
DBA_91,1988-09-01,6561.463698553616
DBA_91,1988-10-01,6882.664498295065
DBA_91,1988-11-01,6291.203942728139
DBA_91,1988-12-01,5420.8356818172915
DBA_91,1989-01-01,6433.360355958021
DBA_91,1989-02-01,6159.3263868586955
DBA_91,1989-03-01,7413.972960296935
DBA_91,1989-04-01,6864.482281940922
DBA_91,1989-05-01,7916.586237573307
DBA_91,1989-06-01,6993.021355758217
DBA_91,1989-07-01,6162.151730253684
DBA_91,1989-08-01,6866.0364392126685
DBA_91,1989-09-01,6173.7874933709745
DBA_91,1989-10-01,6252.962773719236
DBA_91,1989-11-01,5689.506398750933
DBA_91,1989-12-01,5342.302942363595
DBA_91,1990-01-01,5465.751667983627
DBA_91,1990-02-01,5138.291264224013
DBA_91,1990-03-01,6065.357617080036
DBA_91,1990-04-01,6023.115615570268
DBA_91,1990-05-01,6562.005530680242
DBA_91,1990-06-01,7292.413429064753
DBA_91,1990-07-01,5634.7619434367725
DBA_91,1990-08-01,6074.55571993395
DBA_91,1990-09-01,5247.992142551024
DBA_91,1990-10-01,6401.449710726526
DBA_91,1990-11-01,6013.947007057208
DBA_91,1990-12-01,3035.753011016263
DBA_91,1991-01-01,5719.129988705193
DBA_91,1991-02-01,5242.975255950284
DBA_91,1991-03-01,6195.232715587986
DBA_91,1991-04-01,6474.127280184519
DBA_91,1991-05-01,6815.104255855033
DBA_91,1991-06-01,6920.352274230641
DBA_92,1979-01-01,3940.156555102588
DBA_92,1979-02-01,3155.250812366083
DBA_92,1979-03-01,3226.5313546388156
DBA_92,1979-04-01,3427.569806482533
DBA_92,1979-05-01,3659.91569927355
DBA_92,1979-06-01,1620.8137623049147
DBA_92,1979-07-01,3318.1940208613014
DBA_92,1979-08-01,3350.654774958184
DBA_92,1979-09-01,3540.7668945405326
DBA_92,1979-10-01,3476.2090922750235
DBA_92,1979-11-01,3534.720283483271
DBA_92,1979-12-01,3525.17300286654
DBA_92,1980-01-01,3960.529561827902
DBA_92,1980-02-01,4100.974060415854
DBA_92,1980-03-01,3927.478993868675
DBA_92,1980-04-01,4107.074459397436
DBA_92,1980-05-01,3929.0372347613443
DBA_92,1980-06-01,3470.916055502528
DBA_92,1980-07-01,3453.185391500028
DBA_92,1980-08-01,3252.8288882717916
DBA_92,1980-09-01,3675.522941336174
DBA_92,1980-10-01,4019.170028522729
DBA_92,1980-11-01,3583.2323803137474
DBA_92,1980-12-01,4377.32077971168
DBA_92,1981-01-01,5058.31817225012
DBA_92,1981-02-01,3932.350968336743
DBA_92,1981-03-01,4082.6130608434028
DBA_92,1981-04-01,3452.080747238009
DBA_92,1981-05-01,3722.7610680076036
DBA_92,1981-06-01,3602.056163067516
DBA_92,1981-07-01,3348.098498662495
DBA_92,1981-08-01,3453.5277546158145
DBA_92,1981-09-01,3378.64979663603
DBA_92,1981-10-01,3580.7793662645176
DBA_92,1981-11-01,3792.4562165097345
DBA_92,1981-12-01,3876.335896213863
DBA_92,1982-01-01,4090.819337479773
DBA_92,1982-02-01,3392.538041670733
DBA_92,1982-03-01,4575.480725071486
DBA_92,1982-04-01,1767.1858758590745
DBA_92,1982-05-01,2043.693737613105
DBA_92,1982-06-01,1716.8609623540326
DBA_92,1982-07-01,1457.7575805853298
DBA_92,1982-08-01,1279.424926633094
DBA_92,1982-09-01,1557.8924341361137
DBA_92,1982-10-01,1491.3037482550421
DBA_92,1982-11-01,1524.9721849364832
DBA_92,1982-12-01,2516.320598334455
DBA_92,1983-01-01,1664.8832440349138
DBA_92,1983-02-01,1780.852303715431
DBA_92,1983-03-01,2626.3041581604944
DBA_92,1983-04-01,2267.9223543736043
DBA_92,1983-05-01,1822.7508026967796
DBA_92,1983-06-01,2414.567100808324
DBA_92,1983-07-01,1322.2133773660296
DBA_92,1983-08-01,1376.8310635381445
DBA_92,1983-09-01,1838.4627398147852
DBA_92,1983-10-01,1329.6952521841274
DBA_92,1983-11-01,1917.022425404813
DBA_92,1983-12-01,2504.3495986254984
DBA_92,1984-01-01,1090.0970659092075
DBA_92,1984-02-01,1547.0884072806323
DBA_92,1984-03-01,1609.8276799048588
DBA_92,1984-04-01,1525.266051585249
DBA_92,1984-05-01,1772.2070404868598
DBA_92,1984-06-01,1983.6111112858844
DBA_92,1984-07-01,1219.3482901994855
DBA_92,1984-08-01,1381.7467882442343
DBA_92,1984-09-01,1735.9192851912921
DBA_92,1984-10-01,1645.2201193323563
DBA_92,1984-11-01,2012.7904230764664
DBA_92,1984-12-01,2523.054285670744
DBA_92,1985-01-01,1171.827693522262
DBA_92,1985-02-01,1965.5931707314235
DBA_92,1985-03-01,2109.2283684211693
DBA_92,1985-04-01,2139.234107502321
DBA_92,1985-05-01,1795.1460069789587
DBA_92,1985-06-01,2004.1093813311293
DBA_92,1985-07-01,1862.2640693111387
DBA_92,1985-08-01,1842.4875594621979
DBA_92,1985-09-01,1708.5967281288574
DBA_92,1985-10-01,2168.4134192929027
DBA_92,1985-11-01,1706.7817430162622
DBA_92,1985-12-01,3931.891313918578
DBA_92,1986-01-01,1619.9919951263262
DBA_92,1986-02-01,1739.7019922158927
DBA_92,1986-03-01,2682.418219296229
DBA_92,1986-04-01,2064.415359321342
DBA_92,1986-05-01,2367.4312894543073
DBA_92,1986-06-01,2250.136127591623
DBA_92,1986-07-01,2333.333858680271
DBA_92,1986-08-01,2141.1353864641806
DBA_92,1986-09-01,1865.0672747694493
DBA_92,1986-10-01,2276.9006041553225
DBA_92,1986-11-01,2354.7121022635406
DBA_92,1986-12-01,3098.392769172289
DBA_92,1987-01-01,1517.2921226365754
DBA_92,1987-02-01,1911.5869255503346
DBA_92,1987-03-01,2844.6769438277693
DBA_92,1987-04-01,2370.1275407143776
DBA_92,1987-05-01,2040.6106495225197
DBA_92,1987-06-01,2265.426647319561
DBA_92,1987-07-01,2404.5441648776286
DBA_92,1987-08-01,1719.20443153986
DBA_92,1987-09-01,2385.839477832383
DBA_92,1987-10-01,2082.823547699418
DBA_92,1987-11-01,2112.4698384651742
DBA_92,1987-12-01,5490.2226935323715
DBA_92,1988-01-01,2017.3194749569695
DBA_92,1988-02-01,3813.6591888289595
DBA_93,1978-01-01,4688.626684246142
DBA_93,1978-02-01,2607.1561302746404
DBA_93,1978-03-01,3871.4701375527675
DBA_93,1978-04-01,3768.3297968152833
DBA_93,1978-05-01,4073.165493109861
DBA_93,1978-06-01,4046.705886829209
DBA_93,1978-07-01,4309.853900986716
DBA_93,1978-08-01,4478.40726788743
DBA_93,1978-09-01,3815.647933620095
DBA_93,1978-10-01,7155.623903754376
DBA_93,1978-11-01,5042.797893999779
DBA_93,1978-12-01,5234.038205951672
DBA_93,1979-01-01,3062.6604160133875
DBA_93,1979-02-01,4322.45633679361
DBA_93,1979-03-01,4140.292895279828
DBA_93,1979-04-01,4600.896086627929
DBA_93,1979-05-01,5506.759464602063
DBA_93,1979-06-01,4781.302527453671
DBA_93,1979-07-01,7233.501948863039
DBA_93,1979-08-01,5226.156674206413
DBA_93,1979-09-01,4900.009632752086
DBA_93,1979-10-01,5457.979989938415
DBA_93,1979-11-01,5384.252827219805
DBA_93,1979-12-01,5323.926136680749
DBA_93,1980-01-01,3895.8003667843323
DBA_93,1980-02-01,3975.0427959031917
DBA_93,1980-03-01,4886.548585468976
DBA_93,1980-04-01,4436.326109528602
DBA_93,1980-05-01,4648.139349496914
DBA_93,1980-06-01,4980.384714959123
DBA_93,1980-07-01,4353.264768163049
DBA_93,1980-08-01,4434.143873959063
DBA_93,1980-09-01,3968.782138755017
DBA_93,1980-10-01,4718.243667168334
DBA_93,1980-11-01,4666.142792945606
DBA_93,1980-12-01,4553.348491945094
DBA_93,1981-01-01,3924.2902693403785
DBA_93,1981-02-01,2572.798033791215
DBA_93,1981-03-01,3809.313381525841
DBA_93,1981-04-01,4720.048797991547
DBA_93,1981-05-01,5128.081386254181
DBA_93,1981-06-01,4625.939889055209
DBA_93,1981-07-01,4191.765937199148
DBA_93,1981-08-01,3747.817388521196
DBA_93,1981-09-01,4331.110770962375
DBA_93,1981-10-01,5047.156817217134
DBA_93,1981-11-01,6561.168801566787
DBA_93,1981-12-01,4755.029765673384
DBA_93,1982-01-01,2855.7836590042057
DBA_93,1982-02-01,3164.978022533283
DBA_93,1982-03-01,4304.343994872416
DBA_93,1982-04-01,4312.527378258184
DBA_93,1982-05-01,4762.386148270302
DBA_93,1982-06-01,4974.017535274486
DBA_93,1982-07-01,4245.014465325594
DBA_93,1982-08-01,4246.378362556557
DBA_93,1982-09-01,4245.213091877488
DBA_93,1982-10-01,6819.829443199404
DBA_93,1982-11-01,7171.080469433048
DBA_93,1982-12-01,5816.407442626872
DBA_93,1983-01-01,4250.651437119263
DBA_93,1983-02-01,3166.996454363897
DBA_93,1983-03-01,4386.411491896402
DBA_93,1983-04-01,5044.5890917488805
DBA_93,1983-05-01,5143.244324788427
DBA_93,1983-06-01,5885.001841813261
DBA_93,1983-07-01,4899.13629185892
DBA_93,1983-08-01,5245.566188523127
DBA_93,1983-09-01,4650.47486820704
DBA_93,1983-10-01,5194.952678907751
DBA_93,1983-11-01,7309.306751791986
DBA_93,1983-12-01,6066.153817271902
DBA_93,1984-01-01,4469.854752197701
DBA_93,1984-02-01,4252.313143859349
DBA_93,1984-03-01,4521.228214563915
DBA_93,1984-04-01,4884.706826615141
DBA_93,1984-05-01,4636.7048467853165
DBA_93,1984-06-01,4879.478553896454
DBA_93,1984-07-01,3700.986552749774
DBA_93,1984-08-01,4370.959859909924
DBA_93,1984-09-01,5818.8359126271625
DBA_93,1984-10-01,6225.231233010735
DBA_93,1984-11-01,7626.662404220737
DBA_93,1984-12-01,6235.943834144916
DBA_93,1985-01-01,3712.7467959379646
DBA_93,1985-02-01,4469.9283535279
DBA_93,1985-03-01,4476.293207272386
DBA_93,1985-04-01,5471.938185874244
DBA_93,1985-05-01,4317.908528071788
DBA_93,1985-06-01,4502.295177054192
DBA_93,1985-07-01,5157.152317382878
DBA_93,1985-08-01,5283.08549504165
DBA_93,1985-09-01,5175.564930000857
DBA_93,1985-10-01,6002.416671708217
DBA_93,1985-11-01,6753.832970076296
DBA_93,1985-12-01,7894.032924907888
DBA_93,1986-01-01,3218.8865968079303
DBA_93,1986-02-01,3099.6672422611264
DBA_93,1986-03-01,3934.7514481750227
DBA_93,1986-04-01,4743.740242465487
DBA_93,1986-05-01,4018.1624668554837
DBA_93,1986-06-01,3816.8701794076533
DBA_93,1986-07-01,3759.93522635985
DBA_93,1986-08-01,3257.9191157281434
DBA_93,1986-09-01,3024.582030930784
DBA_93,1986-10-01,4599.758679409322
DBA_93,1986-11-01,8202.174241875611
DBA_93,1986-12-01,12391.890361935299
DBA_93,1987-01-01,7330.775472064261
DBA_93,1987-02-01,3605.1341941861897
DBA_93,1987-03-01,5694.962449420877
DBA_93,1987-04-01,5633.05315247764
DBA_93,1987-05-01,4654.391546115084
DBA_93,1987-06-01,3020.7671244828953
DBA_94,1983-01-01,6136.061565289667
DBA_94,1983-02-01,4794.358763407462
DBA_94,1983-03-01,5185.577929546171
DBA_94,1983-04-01,5121.775017947155
DBA_94,1983-05-01,5036.096822371327
DBA_94,1983-06-01,4768.1245936554515
DBA_94,1983-07-01,5038.831232868429
DBA_94,1983-08-01,3701.7144847103987
DBA_94,1983-09-01,4813.0988338592515
DBA_94,1983-10-01,5290.44138051768
DBA_94,1983-11-01,4888.316916894125
DBA_94,1983-12-01,5174.427064453732
DBA_94,1984-01-01,6104.4801621278375
DBA_94,1984-02-01,5591.322458838591
DBA_94,1984-03-01,5098.40530380014
DBA_94,1984-04-01,5639.581752898808
DBA_94,1984-05-01,5525.647982186276
DBA_94,1984-06-01,5268.6133954588
DBA_94,1984-07-01,5569.398550139888
DBA_94,1984-08-01,5259.498693801799
DBA_94,1984-09-01,5233.977529162191
DBA_94,1984-10-01,5269.524865624502
DBA_94,1984-11-01,5040.703712608092
DBA_94,1984-12-01,5729.55225976944
DBA_94,1985-01-01,6081.683683040952
DBA_94,1985-02-01,5252.20369082807
DBA_94,1985-03-01,5526.556210703849
DBA_94,1985-04-01,5524.73327037245
DBA_94,1985-05-01,5591.270592468568
DBA_94,1985-06-01,5583.067360977265
DBA_94,1985-07-01,5839.190477539038
DBA_94,1985-08-01,5158.965825508911
DBA_94,1985-09-01,5269.813561321811
DBA_94,1985-10-01,5211.479470716995
DBA_94,1985-11-01,6171.131458230533
DBA_94,1985-12-01,5780.078977876791
DBA_94,1986-01-01,6484.555652101258
DBA_94,1986-02-01,6336.19691123439
DBA_94,1986-03-01,6696.047069987614
DBA_94,1986-04-01,8909.333764884419
DBA_94,1986-05-01,8640.548117515573
DBA_94,1986-06-01,8615.026952875967
DBA_94,1986-07-01,8126.478944060626
DBA_94,1986-08-01,7425.235996467564
DBA_94,1986-09-01,6015.3366818554405
DBA_94,1986-10-01,6920.918394325499
DBA_94,1986-11-01,7640.559795340412
DBA_94,1986-12-01,7138.156270659468
DBA_94,1987-01-01,8116.774676652467
DBA_94,1987-02-01,8676.721472082798
DBA_94,1987-03-01,9065.620173307276
DBA_94,1987-04-01,8867.056755840305
DBA_94,1987-05-01,8861.028592419818
DBA_94,1987-06-01,8811.779013252724
DBA_94,1987-07-01,7852.657638573741
DBA_94,1987-08-01,6951.295680844691
DBA_94,1987-09-01,6848.593706658767
DBA_94,1987-10-01,7487.419370892866
DBA_94,1987-11-01,8573.648235463112
DBA_94,1987-12-01,7975.495504642264
DBA_94,1988-01-01,7964.557862653861
DBA_94,1988-02-01,7631.266059878612
DBA_94,1988-03-01,7480.385604917094
DBA_94,1988-04-01,7539.891553789333
DBA_94,1988-05-01,7627.392689696559
DBA_94,1988-06-01,8008.048243119414
DBA_94,1988-07-01,6979.570519142339
DBA_94,1988-08-01,6436.862234240426
DBA_94,1988-09-01,6796.898847707913
DBA_94,1988-10-01,7175.613077658014
DBA_94,1988-11-01,7741.305994636642
DBA_94,1988-12-01,7631.929574752609
DBA_94,1989-01-01,8152.348264701266
DBA_94,1989-02-01,8484.358290389937
DBA_94,1989-03-01,8586.442948948368
DBA_94,1989-04-01,8579.151187622765
DBA_94,1989-05-01,8633.502364935006
DBA_94,1989-06-01,8754.491528587494
DBA_94,1989-07-01,7524.4572634944725
DBA_94,1989-08-01,7060.350984824637
DBA_94,1989-09-01,7015.958210343175
DBA_94,1989-10-01,7417.0050832512925
DBA_94,1989-11-01,7860.932828065915
DBA_94,1989-12-01,7967.949342463072
DBA_94,1990-01-01,7171.913100936359
DBA_94,1990-02-01,7053.987306606508
DBA_94,1990-03-01,7097.737874560119
DBA_94,1990-04-01,6889.92267678046
DBA_94,1990-05-01,7068.570829257713
DBA_94,1990-06-01,7232.932118619382
DBA_94,1990-07-01,6470.209172592088
DBA_94,1990-08-01,6545.947101241888
DBA_94,1990-09-01,6560.077588003954
DBA_94,1990-10-01,7136.100789814025
DBA_94,1990-11-01,7223.108196762072
DBA_94,1990-12-01,6815.100954898546
DBA_94,1991-01-01,7034.106175086218
DBA_94,1991-02-01,6898.089905710007
DBA_94,1991-03-01,6624.147975577161
DBA_94,1991-04-01,6660.606782205171
DBA_94,1991-05-01,6606.940952925956
DBA_94,1991-06-01,6413.7092777975
DBA_94,1991-07-01,5593.207727020864
DBA_94,1991-08-01,2504.7514736666876
DBA_95,1979-01-01,6126.4932641068945
DBA_95,1979-02-01,5099.334660812031
DBA_95,1979-03-01,5651.938518542303
DBA_95,1979-04-01,4747.8313848206735
DBA_95,1979-05-01,5064.119287311566
DBA_95,1979-06-01,4542.444430418359
DBA_95,1979-07-01,4596.093264511751
DBA_95,1979-08-01,5001.662435680452
DBA_95,1979-09-01,4488.795596324968
DBA_95,1979-10-01,5112.163019335499
DBA_95,1979-11-01,4740.22446058355
DBA_95,1979-12-01,4767.048877630245
DBA_95,1980-01-01,4929.196473211019
DBA_95,1980-02-01,5126.765606575998
DBA_95,1980-03-01,5766.114654676365
DBA_95,1980-04-01,4363.508560850455
DBA_95,1980-05-01,4199.589708161777
DBA_95,1980-06-01,3456.094209691835
DBA_95,1980-07-01,3683.662626143322
DBA_95,1980-08-01,3501.915926361585
DBA_95,1980-09-01,4155.771174188405
DBA_95,1980-10-01,4318.291130541935
DBA_95,1980-11-01,3943.4766230264167
DBA_95,1980-12-01,4705.954021526686
DBA_95,1981-01-01,4844.2902670687645
DBA_95,1981-02-01,4478.094426866306
DBA_95,1981-03-01,5488.089325679127
DBA_95,1981-04-01,4198.147834803669
DBA_95,1981-05-01,4176.1186162432605
DBA_95,1981-06-01,4162.506225503147
DBA_95,1981-07-01,3971.1320262744803
DBA_95,1981-08-01,4132.8792574217205
DBA_95,1981-09-01,4151.296021364228
DBA_95,1981-10-01,4270.204258123464
DBA_95,1981-11-01,4050.4041841139697
DBA_95,1981-12-01,4005.163003124767
DBA_95,1982-01-01,4320.650176748593
DBA_95,1982-02-01,4112.8610357450825
DBA_95,1982-03-01,4294.22612413543
DBA_95,1982-04-01,4352.278966997683
DBA_95,1982-05-01,4428.34820936891
DBA_95,1982-06-01,4708.603461937515
DBA_95,1982-07-01,4096.981628935599
DBA_95,1982-08-01,4437.334571263721
DBA_95,1982-09-01,4707.635329115642
DBA_95,1982-10-01,3735.063516156518
DBA_95,1982-11-01,4073.4137602563487
DBA_95,1982-12-01,4052.2765384976406
DBA_95,1983-01-01,3882.077205072186
DBA_95,1983-02-01,4248.143102025063
DBA_95,1983-03-01,4743.489298892171
DBA_95,1983-04-01,4416.321866453043
DBA_95,1983-05-01,4413.564837527993
DBA_95,1983-06-01,4703.052874658122
DBA_95,1983-07-01,4119.481752189453
DBA_95,1983-08-01,5078.008808464763
DBA_95,1983-09-01,5083.522866314861
DBA_95,1983-10-01,5354.630710611331
DBA_95,1983-11-01,4742.570289250489
DBA_95,1983-12-01,4439.2971074951165
DBA_95,1984-01-01,5276.51489106828
DBA_95,1984-02-01,5216.779264358888
DBA_95,1984-03-01,5357.387739536378
DBA_95,1984-04-01,4978.755767163006
DBA_95,1984-05-01,4988.864873221517
DBA_95,1984-06-01,5095.46999165674
DBA_95,1984-07-01,4438.378097853434
DBA_95,1984-08-01,5175.423830483157
DBA_95,1984-09-01,4557.849351272217
DBA_95,1984-10-01,5458.478800121502
DBA_95,1984-11-01,4967.72765146281
DBA_95,1984-12-01,4439.2971074951165
DBA_95,1985-01-01,4677.320604690999
DBA_95,1985-02-01,5055.952577064372
DBA_95,1985-03-01,4782.087703842854
DBA_95,1985-04-01,4648.831305798828
DBA_95,1985-05-01,4891.449851203124
DBA_95,1985-06-01,4182.893417465575
DBA_95,1985-07-01,4235.276967041504
DBA_95,1985-08-01,4534.874110230142
DBA_95,1985-09-01,5112.012165207033
DBA_95,1985-10-01,5187.370955825034
DBA_95,1985-11-01,4627.694084040121
DBA_95,1985-12-01,4249.062111666747
DBA_95,1986-01-01,4811.496012376709
DBA_95,1986-02-01,4379.561480785725
DBA_95,1986-03-01,5226.888370417399
DBA_95,1986-04-01,4726.028115700195
DBA_95,1986-05-01,4899.720937978272
DBA_95,1986-06-01,4462.27234853719
DBA_95,1986-07-01,4557.849351272217
DBA_95,1986-08-01,5060.373479349121
DBA_95,1986-09-01,4841.64918462858
DBA_95,1986-10-01,5307.587072961834
DBA_95,1986-11-01,4328.617283642254
DBA_95,1986-12-01,4706.1498155096015
DBA_95,1987-01-01,4901.898869188069
DBA_95,1987-02-01,4992.880823714681
DBA_95,1987-03-01,5452.385644556154
DBA_95,1987-04-01,4840.325223195312
DBA_95,1987-05-01,4910.169955963215
DBA_95,1987-06-01,4764.047422935628
DBA_95,1987-07-01,4876.166599220946
DBA_95,1987-08-01,4923.036090946775
DBA_95,1987-09-01,5161.05958814266
DBA_95,1987-10-01,5515.797309832276
DBA_95,1987-11-01,5033.31724794873
DBA_95,1987-12-01,5213.443137718587
DBA_95,1988-01-01,4121.175567330767
DBA_95,1988-02-01,4932.848299077145
DBA_95,1988-03-01,5488.202968234312
DBA_95,1988-04-01,4839.538388264163
DBA_95,1988-05-01,5062.547196728926
DBA_95,1988-06-01,4928.34031660075
DBA_96,1978-01-01,3147.5904312597086
DBA_96,1978-02-01,4827.63320330523
DBA_96,1978-03-01,6053.090100334639
DBA_96,1978-04-01,4175.406847055769
DBA_96,1978-05-01,4911.893781271968
DBA_96,1978-06-01,4572.725754539917
DBA_96,1978-07-01,5390.945838332716
DBA_96,1978-08-01,5658.2348301239745
DBA_96,1978-09-01,4987.897114020143
DBA_96,1978-10-01,6987.183599103951
DBA_96,1978-11-01,8853.301695129312
DBA_96,1978-12-01,6338.15451962453
DBA_96,1979-01-01,2352.0202882630247
DBA_96,1979-02-01,3592.4199164492825
DBA_96,1979-03-01,3898.9369329350857
DBA_96,1979-04-01,5059.644401260302
DBA_96,1979-05-01,5515.766335453731
DBA_96,1979-06-01,4734.2825493820255
DBA_96,1979-07-01,5647.834079278741
DBA_96,1979-08-01,4755.99706635459
DBA_96,1979-09-01,4071.379968312631
DBA_96,1979-10-01,5228.432500075815
DBA_96,1979-11-01,7876.522097274739
DBA_96,1979-12-01,7627.953072979851
DBA_96,1980-01-01,2374.5263540971173
DBA_96,1980-02-01,4103.5708745221045
DBA_96,1980-03-01,6310.069243035488
DBA_96,1980-04-01,5809.039170998892
DBA_96,1980-05-01,7333.030096674083
DBA_96,1980-06-01,6002.141016520056
DBA_96,1980-07-01,6347.886057700403
DBA_96,1980-08-01,4967.524700043502
DBA_96,1980-09-01,4520.930757917895
DBA_96,1980-10-01,5791.611621983999
DBA_96,1980-11-01,7073.263922093884
DBA_96,1980-12-01,5703.663531566571
DBA_96,1981-01-01,3347.4026023908027
DBA_96,1981-02-01,2236.580113228723
DBA_96,1981-03-01,4231.95214058933
DBA_96,1981-04-01,5456.495047671831
DBA_96,1981-05-01,6194.500633811792
DBA_96,1981-06-01,5699.762822539068
DBA_96,1981-07-01,4702.517544724788
DBA_96,1981-08-01,4753.385741967131
DBA_96,1981-09-01,5818.995940867112
DBA_96,1981-10-01,6863.922833956103
DBA_96,1981-11-01,8381.698922466001
DBA_96,1981-12-01,5201.568640321525
DBA_96,1982-01-01,2211.8971461308524
DBA_96,1982-02-01,3493.188478290884
DBA_96,1982-03-01,4729.640433123828
DBA_96,1982-04-01,4958.065670817516
DBA_96,1982-05-01,6367.0619999795845
DBA_96,1982-06-01,4790.206181209576
DBA_96,1982-07-01,4013.741724661442
DBA_96,1982-08-01,4269.512451196285
DBA_96,1982-09-01,3826.6960592469227
DBA_96,1982-10-01,7209.939158423192
DBA_96,1982-11-01,8230.721235934345
DBA_96,1982-12-01,4458.522768544543
DBA_96,1983-01-01,1586.4257053882452
DBA_96,1983-02-01,2892.174041491503
DBA_96,1983-03-01,3543.2823337254604
DBA_96,1983-04-01,4766.1617646133955
DBA_96,1983-05-01,4655.400283122918
DBA_96,1983-06-01,4928.073513597741
DBA_96,1983-07-01,4595.7890691263065
DBA_96,1983-08-01,5363.749176397327
DBA_96,1983-09-01,4568.27056465985
DBA_96,1983-10-01,6378.531265888592
DBA_96,1983-11-01,8603.507708963501
DBA_96,1983-12-01,6390.751762100221
DBA_96,1984-01-01,4183.019760712557
DBA_96,1984-02-01,2874.2494352207236
DBA_96,1984-03-01,3117.345858450106
DBA_96,1984-04-01,4994.667849430064
DBA_96,1984-05-01,4896.982376171101
DBA_96,1984-06-01,4981.591841198549
DBA_96,1984-07-01,4483.9343514461925
DBA_96,1984-08-01,4423.938548972182
DBA_96,1984-09-01,5530.488120801129
DBA_96,1984-10-01,7451.279084590176
DBA_96,1984-11-01,9157.255403137773
DBA_96,1984-12-01,8088.5644252073
DBA_96,1985-01-01,3872.1298866192865
DBA_96,1985-02-01,4179.4280401379165
DBA_96,1985-03-01,4409.027361144221
DBA_96,1985-04-01,6414.677786147401
DBA_96,1985-05-01,3877.25663213608
DBA_96,1985-06-01,4165.260923103146
DBA_96,1985-07-01,4656.341166205693
DBA_96,1985-08-01,5741.662071223419
DBA_96,1985-09-01,5541.67606297672
DBA_96,1985-10-01,6112.253733986361
DBA_96,1985-11-01,8477.63610965542
DBA_96,1985-12-01,8180.446568307355
DBA_96,1986-01-01,2310.931797266731
DBA_96,1986-02-01,2726.4275197119823
DBA_96,1986-03-01,4460.452015331912
DBA_96,1986-04-01,6044.999172359467
DBA_96,1986-05-01,5282.9366656143175
DBA_96,1986-06-01,4464.248796648846
DBA_96,1986-07-01,4411.944763722787
DBA_96,1986-08-01,4188.498858354843
DBA_96,1986-09-01,3001.0989425906646
DBA_96,1986-10-01,4820.095154595239
DBA_96,1986-11-01,6426.373502673773
DBA_96,1986-12-01,9748.607676329682
DBA_96,1987-01-01,4989.562184856972
DBA_96,1987-02-01,2381.190464563596
DBA_96,1987-03-01,4025.167834334416
DBA_96,1987-04-01,5519.981737684445
DBA_96,1987-05-01,5161.307460811938
DBA_96,1987-06-01,4243.99856953388
DBA_97,1982-01-01,4807.7308460498025
DBA_97,1982-02-01,4433.417615993856
DBA_97,1982-03-01,4882.3500781319335
DBA_97,1982-04-01,5394.0965867947725
DBA_97,1982-05-01,5465.952200095643
DBA_97,1982-06-01,5763.484015662694
DBA_97,1982-07-01,5635.008102701575
DBA_97,1982-08-01,5663.263677838282
DBA_97,1982-09-01,5552.611199722271
DBA_97,1982-10-01,5658.888621042923
DBA_97,1982-11-01,5164.11708126318
DBA_97,1982-12-01,4692.900522224542
DBA_97,1983-01-01,5062.367222419238
DBA_97,1983-02-01,4974.093519705302
DBA_97,1983-03-01,5364.5444402935755
DBA_97,1983-04-01,5735.05936341538
DBA_97,1983-05-01,5815.086443963863
DBA_97,1983-06-01,5924.645157881036
DBA_97,1983-07-01,5850.816074459313
DBA_97,1983-08-01,6031.37926035985
DBA_97,1983-09-01,5703.728825565723
DBA_97,1983-10-01,5796.550517054736
DBA_97,1983-11-01,5175.689545713308
DBA_97,1983-12-01,5152.902791570801
DBA_97,1984-01-01,5575.642654422582
DBA_97,1984-02-01,4805.900522922372
DBA_97,1984-03-01,5811.091559028348
DBA_97,1984-04-01,5835.545609752095
DBA_97,1984-05-01,6129.585885206999
DBA_97,1984-06-01,6251.943670712525
DBA_97,1984-07-01,6103.480610633176
DBA_97,1984-08-01,6194.780132884549
DBA_97,1984-09-01,5848.716944478513
DBA_97,1984-10-01,5935.124316186896
DBA_97,1984-11-01,5532.768392251768
DBA_97,1984-12-01,5408.079273583973
DBA_97,1985-01-01,5470.788420984152
DBA_97,1985-02-01,4778.585260401713
DBA_97,1985-03-01,5493.7706611441645
DBA_97,1985-04-01,5562.373982282536
DBA_97,1985-05-01,5644.527826550987
DBA_97,1985-06-01,6048.634552128514
DBA_97,1985-07-01,6054.954078610704
DBA_97,1985-08-01,6269.574920294261
DBA_97,1985-09-01,5953.598596184834
DBA_97,1985-10-01,6125.313756696528
DBA_97,1985-11-01,5377.205200786028
DBA_97,1985-12-01,5186.08915167296
DBA_97,1986-01-01,5357.445542824607
DBA_97,1986-02-01,4734.383687458584
DBA_97,1986-03-01,5304.57331752861
DBA_97,1986-04-01,5826.445608765314
DBA_97,1986-05-01,5794.847976354373
DBA_97,1986-06-01,6078.934539626118
DBA_97,1986-07-01,5934.314606668342
DBA_97,1986-08-01,6106.4612172588895
DBA_97,1986-09-01,5832.0540372950145
DBA_97,1986-10-01,5993.93113872338
DBA_97,1986-11-01,5531.147353258501
DBA_97,1986-12-01,5141.495593041261
DBA_97,1987-01-01,5222.3011980668125
DBA_97,1987-02-01,4806.28248838227
DBA_97,1987-03-01,5651.906382815656
DBA_97,1987-04-01,6287.985837585453
DBA_97,1987-05-01,6126.427977591344
DBA_97,1987-06-01,6842.648188922242
DBA_97,1987-07-01,6260.619655402828
DBA_97,1987-08-01,5935.9183598714735
DBA_97,1987-09-01,6046.727285675328
DBA_97,1987-10-01,6159.992644933013
DBA_97,1987-11-01,5478.591357027093
DBA_97,1987-12-01,5475.67465249685
DBA_97,1988-01-01,4797.208490521267
DBA_97,1988-02-01,5274.9739551246175
DBA_97,1988-03-01,5949.168521389957
DBA_97,1988-04-01,5910.924642199671
DBA_97,1988-05-01,6268.537266478016
DBA_97,1988-06-01,7385.976666995676
DBA_97,1988-07-01,6163.668748928958
DBA_97,1988-08-01,6462.38790456779
DBA_97,1988-09-01,6139.03864336657
DBA_97,1988-10-01,6139.975426026349
DBA_97,1988-11-01,5690.104541491095
DBA_97,1988-12-01,5489.878985965139
DBA_97,1989-01-01,5373.210804755505
DBA_97,1989-02-01,4903.848800923454
DBA_97,1989-03-01,5793.267503964667
DBA_97,1989-04-01,6112.905232678421
DBA_97,1989-05-01,6049.575909133929
DBA_97,1989-06-01,12383.448646467237
DBA_97,1989-07-01,6141.317999962993
DBA_97,1989-08-01,6512.0009031201
DBA_97,1989-09-01,6104.799597806295
DBA_97,1989-10-01,6074.347481815527
DBA_97,1989-11-01,5803.20512412376
DBA_97,1989-12-01,5502.8195993546
DBA_97,1990-01-01,5707.718092604019
DBA_97,1990-02-01,5108.925698315991
DBA_97,1990-03-01,6012.109126446927
DBA_97,1990-04-01,6107.699515894385
DBA_97,1990-05-01,6353.714492021232
DBA_97,1990-06-01,6434.16692531371
DBA_97,1990-07-01,6329.3962436804095
DBA_97,1990-08-01,6484.484564859169
DBA_97,1990-09-01,5979.281459905977
DBA_97,1990-10-01,6151.119566081246
DBA_97,1990-11-01,5690.39703100662
DBA_97,1990-12-01,4820.536621354917
DBA_97,1991-01-01,5283.110384937049
DBA_97,1991-02-01,5253.497428882911
DBA_97,1991-03-01,5829.5617069677655
DBA_97,1991-04-01,5839.928116222276
DBA_97,1991-05-01,6061.231328802289
DBA_97,1991-06-01,6808.6490692979
DBA_98,1990-01-01,1680.0
DBA_98,1990-02-01,1920.0
DBA_98,1990-03-01,120.0
DBA_98,1990-04-01,1080.0
DBA_98,1990-05-01,840.0
DBA_98,1990-06-01,1440.0
DBA_98,1990-07-01,480.0
DBA_98,1990-08-01,720.0
DBA_98,1990-09-01,4080.0
DBA_98,1990-10-01,1560.0
DBA_98,1990-11-01,480.0
DBA_98,1990-12-01,720.0
DBA_98,1991-01-01,6120.0
DBA_98,1991-02-01,2040.0
DBA_98,1991-03-01,3960.0
DBA_98,1991-04-01,2160.0
DBA_98,1991-05-01,120.0
DBA_98,1991-06-01,1200.0
DBA_98,1991-07-01,1080.0
DBA_98,1991-08-01,1080.0
DBA_98,1991-09-01,1080.0
DBA_98,1991-10-01,2160.0
DBA_98,1991-11-01,240.0
DBA_98,1991-12-01,1440.0
DBA_98,1992-01-01,1200.0
DBA_98,1992-02-01,1560.0
DBA_98,1992-03-01,2520.0
DBA_98,1992-04-01,600.0
DBA_98,1992-05-01,1560.0
DBA_98,1992-06-01,3240.0
DBA_98,1992-07-01,7440.0
DBA_98,1992-08-01,480.0
DBA_98,1992-09-01,2640.0
DBA_98,1992-10-01,960.0
DBA_98,1992-11-01,3120.0
DBA_98,1992-12-01,1200.0
DBA_98,1993-01-01,960.0
DBA_98,1993-02-01,480.0
DBA_99,1982-01-01,3830.45545085
DBA_99,1982-02-01,4367.9375709
DBA_99,1982-03-01,5231.558814375
DBA_99,1982-04-01,4829.5302366
DBA_99,1982-05-01,4787.01790905
DBA_99,1982-06-01,4819.944123525001
DBA_99,1982-07-01,4567.370883375
DBA_99,1982-08-01,4226.188865599999
DBA_99,1982-09-01,3914.790918725
DBA_99,1982-10-01,3973.5579597499996
DBA_99,1982-11-01,4460.338792425
DBA_99,1982-12-01,4724.876004
DBA_99,1983-01-01,4766.971544024999
DBA_99,1983-02-01,4595.67187125
DBA_99,1983-03-01,5116.1179105500005
DBA_99,1983-04-01,5135.35433325
DBA_99,1983-05-01,5483.55600465
DBA_99,1983-06-01,5185.6829682
DBA_99,1983-07-01,4846.001135325
DBA_99,1983-08-01,4516.2616992
DBA_99,1983-09-01,4311.7322538
DBA_99,1983-10-01,4235.649300975
DBA_99,1983-11-01,4401.1139484000005
DBA_99,1983-12-01,5312.94995855
DBA_99,1984-01-01,5237.511416525
DBA_99,1984-02-01,4944.50978645
DBA_99,1984-03-01,5775.972357125001
DBA_99,1984-04-01,5422.2270594500005
DBA_99,1984-05-01,5571.853780924999
DBA_99,1984-06-01,5298.441164524999
DBA_99,1984-07-01,5071.601256725
DBA_99,1984-08-01,4906.037486175001
DBA_99,1984-09-01,4475.57054235
DBA_99,1984-10-01,4435.656699974999
DBA_99,1984-11-01,4430.279898600001
DBA_99,1984-12-01,4938.866762924999
DBA_99,1985-01-01,5058.636695624999
DBA_99,1985-02-01,4885.09836535
DBA_99,1985-03-01,4436.5685635
DBA_99,1985-04-01,4637.043363024999
DBA_99,1985-05-01,4428.577399
DBA_99,1985-06-01,4033.3534798
DBA_99,1985-07-01,4117.1277723250005
DBA_99,1985-08-01,3856.9687586499995
DBA_99,1985-09-01,3985.482616375
DBA_99,1985-10-01,4249.309119700001
DBA_99,1985-11-01,4409.332435075
DBA_99,1985-12-01,4768.8682378
DBA_99,1986-01-01,4201.6155108250005
DBA_99,1986-02-01,4374.786461799999
DBA_99,1986-03-01,5423.3220863999995
DBA_99,1986-04-01,4978.7951252249995
DBA_99,1986-05-01,4912.109121225
DBA_99,1986-06-01,4862.928193275
DBA_99,1986-07-01,4568.703387200001
DBA_99,1986-08-01,4156.771539399999
DBA_99,1986-09-01,4354.746305125001
DBA_99,1986-10-01,4355.579880175001
DBA_99,1986-11-01,4286.3931510249995
DBA_99,1986-12-01,4462.713027175001
DBA_99,1987-01-01,4162.18113535
DBA_99,1987-02-01,3985.8800122749994
DBA_99,1987-03-01,4288.050967900001
DBA_99,1987-04-01,4116.751295125
DBA_99,1987-05-01,4377.24349825
DBA_99,1987-06-01,4040.6817790749997
DBA_99,1987-07-01,4071.94084345
DBA_99,1987-08-01,3681.5087801499994
DBA_99,1987-09-01,3633.947611
DBA_99,1987-10-01,3593.5654862500005
DBA_99,1987-11-01,3355.91494085
DBA_99,1987-12-01,4187.958695649999
DBA_99,1988-01-01,4357.5636196000005
DBA_99,1988-02-01,3832.59599785
DBA_99,1988-03-01,3906.1812029499997
DBA_99,1988-04-01,3832.59599785
DBA_99,1988-05-01,4215.7774927
DBA_99,1988-06-01,3750.88874635
DBA_99,1988-07-01,3404.49985405
DBA_99,1988-08-01,3321.94084345
DBA_99,1988-09-01,3290.5325242
DBA_99,1988-10-01,3082.3402366000005
DBA_99,1988-11-01,3684.48258565
DBA_99,1988-12-01,3997.26410355
DBA_99,1989-01-01,4179.4323552000005
DBA_99,1989-02-01,3764.8425411000003
DBA_99,1989-03-01,4492.8173706
DBA_99,1989-04-01,4784.72726225
DBA_99,1989-05-01,5498.1447995
DBA_99,1989-06-01,5108.6816407999995
DBA_99,1989-07-01,4532.5633277
DBA_99,1989-08-01,4041.20739745
DBA_99,1989-09-01,3814.1701183
DBA_99,1989-10-01,4021.4650253500004
DBA_99,1989-11-01,4220.6835074499995
DBA_99,1989-12-01,4335.54821785
DBA_99,1990-01-01,4618.9916577
DBA_99,1990-02-01,4878.0259026
DBA_99,1990-03-01,5576.1879705
DBA_99,1990-04-01,5099.67889845
DBA_99,1990-05-01,5389.5328161
DBA_99,1990-06-01,5500.8080043
DBA_99,1990-07-01,4663.6926187
DBA_99,1990-08-01,4232.939522
DBA_99,1990-09-01,3401.5246085999997
DBA_99,1990-10-01,3733.99653715
DBA_99,1990-11-01,3993.9716469499995
DBA_99,1990-12-01,4703.799662
DBA_99,1991-01-01,5013.39595175
DBA_99,1991-02-01,4338.56577815
DBA_99,1991-03-01,5027.1056536999995
DBA_100,1978-01-01,3543.1667318254395
DBA_100,1978-02-01,5607.804462665889
DBA_100,1978-03-01,4530.620517480064
DBA_100,1978-04-01,4563.9646426113695
DBA_100,1978-05-01,2280.443721089584
DBA_100,1978-06-01,3508.783296322532
DBA_100,1978-07-01,4892.184535075573
DBA_100,1978-08-01,4040.0502250067525
DBA_100,1978-09-01,4309.194330529373
DBA_100,1978-10-01,4347.119181762106
DBA_100,1978-11-01,4077.9750762394856
DBA_100,1978-12-01,3631.440537531502
DBA_100,1979-01-01,4834.025336298482
DBA_100,1979-02-01,3607.2503800630125
DBA_100,1979-03-01,3769.960225674414
DBA_100,1979-04-01,3630.4946437217836
DBA_100,1979-05-01,4907.705762656399
DBA_100,1979-06-01,3740.5990505264917
DBA_100,1979-07-01,3579.11258721292
DBA_100,1979-08-01,3710.0144930807396
DBA_100,1979-09-01,4744.282100704771
DBA_100,1979-10-01,4403.653885903687
DBA_100,1979-11-01,6157.186252261872
DBA_100,1979-12-01,4987.969001899731
DBA_100,1980-01-01,4208.674478181963
DBA_100,1980-02-01,6992.115937400101
DBA_100,1980-03-01,4829.837201567499
DBA_100,1980-04-01,4342.93104703112
DBA_100,1980-05-01,4882.442640374189
DBA_100,1980-06-01,6525.047752330326
DBA_100,1980-07-01,3959.1153548426514
DBA_100,1980-08-01,4157.780012835583
DBA_100,1980-09-01,4028.8099447446916
DBA_100,1980-10-01,2843.172610266372
DBA_100,1980-11-01,4146.605643532022
DBA_100,1980-12-01,3807.728747033087
DBA_100,1981-01-01,3560.605522871408
DBA_100,1981-02-01,6380.740052577153
DBA_100,1981-03-01,4703.09902333975
DBA_100,1981-04-01,2608.1745235850376
DBA_100,1981-05-01,2443.34468865039
DBA_100,1981-06-01,1874.681758125858
DBA_100,1981-07-01,1541.0870791180603
DBA_100,1981-08-01,4891.271154105283
DBA_100,1981-09-01,1655.1337531252173
DBA_100,1981-10-01,1587.191366607913
DBA_100,1981-11-01,2643.770218805754
DBA_100,1981-12-01,3711.0434000075934
DBA_100,1982-01-01,3364.9007466448347
DBA_100,1982-02-01,3781.0960798548185
DBA_100,1982-03-01,4271.464838785394
DBA_100,1982-04-01,3459.6779017322574
DBA_100,1982-05-01,2609.489387701931
DBA_100,1982-06-01,2667.1798299290576
DBA_100,1982-07-01,2246.8637508457077
DBA_100,1982-08-01,2048.6758185972326
DBA_100,1982-09-01,2081.7071406386453
DBA_100,1982-10-01,1843.88970302112
DBA_100,1982-11-01,2214.4068514916316
DBA_100,1982-12-01,2196.056117024181
DBA_100,1983-01-01,2419.935077527087
DBA_100,1983-02-01,2131.482866391455
DBA_100,1983-03-01,2621.85162532203
DBA_100,1983-04-01,3136.9448594928012
DBA_100,1983-05-01,2527.074470234608
DBA_100,1983-06-01,4039.3882057599944
DBA_100,1983-07-01,2300.433447199467
DBA_100,1983-08-01,2205.0096279687205
DBA_100,1983-09-01,1969.4150939890408
DBA_100,1983-10-01,1690.8040872912534
DBA_100,1983-11-01,2432.297315147186
DBA_100,1983-12-01,3219.359776960125
DBA_100,1984-01-01,3347.102899034476
DBA_100,1984-02-01,3577.864667942981
DBA_100,1984-03-01,4602.263219248897
DBA_100,1984-04-01,3791.0320059165138
DBA_100,1984-05-01,3096.6726946779645
DBA_100,1984-06-01,2334.334708105221
DBA_100,1984-07-01,2099.45219332335
DBA_100,1984-08-01,2457.9570843062074
DBA_100,1984-09-01,1683.256860113366
DBA_100,1984-10-01,1798.6377445676192
DBA_100,1984-11-01,2589.820952253924
DBA_100,1984-12-01,3187.3291038920192
DBA_100,1985-01-01,3863.131427124073
DBA_100,1985-02-01,3751.8712885431864
DBA_100,1985-03-01,3170.8461203985553
DBA_100,1985-04-01,2837.0657046558954
DBA_100,1985-05-01,2350.8176915986865
DBA_100,1985-06-01,2082.896968373896
DBA_100,1985-07-01,1679.3184066004376
DBA_100,1985-08-01,1417.2692429170456
DBA_100,1985-09-01,1395.2483615561039
DBA_100,1985-10-01,1468.6512994259092
DBA_100,1985-11-01,1527.3736497217537
DBA_100,1985-12-01,1279.5576325132777
DBA_100,1986-01-01,2227.1953153977015
DBA_100,1986-02-01,1337.1142067506073
DBA_100,1986-03-01,1322.433619176646
DBA_100,1986-04-01,1273.4939423806543
DBA_100,1986-05-01,949.6262905711063
DBA_100,1986-06-01,870.6856624064325
DBA_100,1986-07-01,644.944682286263
DBA_100,1986-08-01,1670.8946224932677
DBA_100,1986-09-01,2021.1580217293927
DBA_100,1986-10-01,1889.2941537816746
DBA_100,1986-11-01,2775.2545165554025
DBA_100,1986-12-01,14414.591737977504
DBA_100,1987-01-01,2432.496048310129
DBA_100,1987-02-01,2862.345838807278
DBA_100,1987-03-01,3700.4309785039613
DBA_100,1987-04-01,3114.172582331065
DBA_100,1987-05-01,3050.6771914033957
DBA_100,1987-06-01,2562.528148084688
DBA_101,1981-01-01,5956.650969894615
DBA_101,1981-02-01,5159.921061099192
DBA_101,1981-03-01,6311.014409954925
DBA_101,1981-04-01,4735.691988830045
DBA_101,1981-05-01,5561.4805779497665
DBA_101,1981-06-01,4106.672556143565
DBA_101,1981-07-01,5290.757677482132
DBA_101,1981-08-01,24501.491161017337
DBA_101,1981-09-01,15695.585032319159
DBA_101,1981-10-01,13876.472875614578
DBA_101,1981-11-01,10749.137049266405
DBA_101,1981-12-01,7908.660729949009
DBA_101,1982-01-01,7610.01860645919
DBA_101,1982-02-01,6709.303788714189
DBA_101,1982-03-01,6774.929640644609
DBA_101,1982-04-01,6856.415073458215
DBA_101,1982-05-01,6496.488215698518
DBA_101,1982-06-01,5780.677657470203
DBA_101,1982-07-01,5275.714257431412
DBA_101,1982-08-01,19278.95830512452
DBA_101,1982-09-01,13962.53523534155
DBA_101,1982-10-01,11097.44889269381
DBA_101,1982-11-01,8915.753904073665
DBA_101,1982-12-01,6904.788218335694
DBA_101,1983-01-01,6173.698125186175
DBA_101,1983-02-01,5430.763090249749
DBA_101,1983-03-01,5702.016611562147
DBA_101,1983-04-01,4564.730264853479
DBA_101,1983-05-01,5344.490820866402
DBA_101,1983-06-01,5048.960480174656
DBA_101,1983-07-01,5035.461323367996
DBA_101,1983-08-01,25631.806750693988
DBA_101,1983-09-01,16441.40207511758
DBA_101,1983-10-01,13406.571011401993
DBA_101,1983-11-01,10899.277052477762
DBA_101,1983-12-01,7822.923734065121
DBA_101,1984-01-01,6930.959029910845
DBA_101,1984-02-01,6499.4690534683405
DBA_101,1984-03-01,6755.227581963833
DBA_101,1984-04-01,4938.500641780999
DBA_101,1984-05-01,5041.314476471988
DBA_101,1984-06-01,4999.386848849776
DBA_101,1984-07-01,4083.348365499229
DBA_101,1984-08-01,24237.50660079341
DBA_101,1984-09-01,20748.417197030838
DBA_101,1984-10-01,15686.03845216177
DBA_101,1984-11-01,9982.308288141374
DBA_101,1984-12-01,6682.6604695625465
DBA_101,1985-01-01,5322.331969732758
DBA_101,1985-02-01,5062.132831206334
DBA_101,1985-03-01,4153.7624365396
DBA_101,1985-04-01,4462.522456246101
DBA_101,1985-05-01,4612.396294511457
DBA_101,1985-06-01,3999.4246746122058
DBA_101,1985-07-01,3493.2299010187708
DBA_101,1985-08-01,16838.331883457962
DBA_101,1985-09-01,14327.005058151859
DBA_101,1985-10-01,10875.039920319849
DBA_101,1985-11-01,6862.920318360684
DBA_101,1985-12-01,4677.072040232718
DBA_101,1986-01-01,4942.037398174574
DBA_101,1986-02-01,4932.5581084512905
DBA_101,1986-03-01,5065.866846192128
DBA_101,1986-04-01,5261.132354056479
DBA_101,1986-05-01,5168.450113314807
DBA_101,1986-06-01,4938.974861259583
DBA_101,1986-07-01,3944.9596113480743
DBA_101,1986-08-01,27470.27583901946
DBA_101,1986-09-01,23374.189817954033
DBA_101,1986-10-01,18574.09963622799
DBA_101,1986-11-01,10370.744921892483
DBA_101,1986-12-01,8163.35650471388
DBA_101,1987-01-01,5873.087925162985
DBA_101,1987-02-01,4812.735231734444
DBA_101,1987-03-01,4770.078427979672
DBA_101,1987-04-01,5062.092176473515
DBA_101,1987-05-01,5041.472695836119
DBA_101,1987-06-01,4468.9259301167485
DBA_101,1987-07-01,3783.222170731421
DBA_101,1987-08-01,6174.183854812548
DBA_101,1987-09-01,24382.35468459188
DBA_101,1987-10-01,17243.681876038234
DBA_101,1987-11-01,10573.567756337892
DBA_101,1987-12-01,6684.813769563709
DBA_101,1988-01-01,5036.865282543003
DBA_101,1988-02-01,4528.7259756929
DBA_101,1988-03-01,6330.889080331362
DBA_101,1988-04-01,4866.499397216978
DBA_101,1988-05-01,4409.80332565414
DBA_101,1988-06-01,4837.031983043061
DBA_101,1988-07-01,3448.465617045255
DBA_101,1988-08-01,5390.883486356388
DBA_101,1988-09-01,17801.080858680096
DBA_101,1988-10-01,11695.737569460905
DBA_101,1988-11-01,9484.510947472068
DBA_101,1988-12-01,7280.726800163282
DBA_101,1989-01-01,5922.710938682137
DBA_101,1989-02-01,5152.341701068507
DBA_101,1989-03-01,4450.944382741117
DBA_101,1989-04-01,5159.940334536694
DBA_101,1989-05-01,5621.340829320544
DBA_101,1989-06-01,5483.682733567437
DBA_101,1989-07-01,3878.6591179902525
DBA_101,1989-08-01,27301.300358695855
DBA_101,1989-09-01,20511.624676768122
DBA_101,1989-10-01,15972.138663514535
DBA_101,1989-11-01,10966.927928499405
DBA_101,1989-12-01,6991.974197269835
DBA_101,1990-01-01,5704.387026904389
DBA_101,1990-02-01,5160.1860572222695
DBA_101,1990-03-01,5018.80176816839
DBA_101,1990-04-01,4479.68729815692
DBA_101,1990-05-01,5379.071668002521
DBA_101,1990-06-01,4853.91522726428
DBA_102,1990-01-01,5080.0
DBA_102,1990-02-01,3690.0
DBA_102,1990-03-01,4260.0
DBA_102,1990-04-01,3920.0
DBA_102,1990-05-01,4290.0
DBA_102,1990-06-01,3840.0
DBA_102,1990-07-01,4830.0
DBA_102,1990-08-01,4120.0
DBA_102,1990-09-01,4530.0
DBA_102,1990-10-01,4640.0
DBA_102,1990-11-01,4510.0
DBA_102,1990-12-01,4660.0
DBA_102,1991-01-01,5340.0
DBA_102,1991-02-01,3960.0
DBA_102,1991-03-01,3680.0
DBA_102,1991-04-01,4320.0
DBA_102,1991-05-01,4420.0
DBA_102,1991-06-01,4310.0
DBA_102,1991-07-01,4410.0
DBA_102,1991-08-01,4340.0
DBA_102,1991-09-01,4010.0
DBA_102,1991-10-01,4210.0
DBA_102,1991-11-01,4330.0
DBA_102,1991-12-01,4600.0
DBA_102,1992-01-01,5140.0
DBA_102,1992-02-01,4010.0
DBA_102,1992-03-01,4440.0
DBA_102,1992-04-01,4230.0
DBA_102,1992-05-01,4160.0
DBA_102,1992-06-01,4980.0
DBA_102,1992-07-01,5130.0
DBA_102,1992-08-01,4220.0
DBA_102,1992-09-01,4520.0
DBA_102,1992-10-01,4390.0
DBA_102,1992-11-01,4420.0
DBA_102,1992-12-01,5620.0
DBA_102,1993-01-01,4510.0
DBA_102,1993-02-01,4520.0
DBA_102,1993-03-01,5120.0
DBA_103,1981-01-01,3081.0251955619196
DBA_103,1981-02-01,2274.5046052377597
DBA_103,1981-03-01,3431.9505873779194
DBA_103,1981-04-01,3149.05073096
DBA_103,1981-05-01,3542.3738385593597
DBA_103,1981-06-01,3893.73820194368
DBA_103,1981-07-01,4111.261849985601
DBA_103,1981-08-01,3781.72781687072
DBA_103,1981-09-01,3662.1807701571206
DBA_103,1981-10-01,3956.8902287945602
DBA_103,1981-11-01,3577.45850878304
DBA_103,1981-12-01,3553.06641843008
DBA_103,1982-01-01,3366.7289564873604
DBA_103,1982-02-01,3771.8151025145603
DBA_103,1982-03-01,3787.6680804483203
DBA_103,1982-04-01,3825.0915037673594
DBA_103,1982-05-01,5314.265701584959
DBA_103,1982-06-01,4174.95857966656
DBA_103,1982-07-01,6177.4636522072
DBA_103,1982-08-01,3995.2421653590404
DBA_103,1982-09-01,3679.449618296959
DBA_103,1982-10-01,4184.40233978904
DBA_103,1982-11-01,3420.38517209792
DBA_103,1982-12-01,4365.194671247999
DBA_103,1983-01-01,3845.5494296454403
DBA_103,1983-02-01,3347.2989338483203
DBA_103,1983-03-01,3723.44078099488
DBA_103,1983-04-01,3602.85419474464
DBA_103,1983-05-01,3880.6368633059196
DBA_103,1983-06-01,3946.1278541142397
DBA_103,1983-07-01,3747.05603284768
DBA_103,1983-08-01,4031.62998100288
DBA_103,1983-09-01,3530.05215457408
DBA_103,1983-10-01,3716.3896165168003
DBA_103,1983-11-01,2342.5576958620795
DBA_103,1983-12-01,3373.93538590624
DBA_103,1984-01-01,3284.7405857616004
DBA_103,1984-02-01,2972.1240142745605
DBA_103,1984-03-01,3593.81840797504
DBA_103,1984-04-01,3898.0396227955193
DBA_103,1984-05-01,4197.42700934784
DBA_103,1984-06-01,4065.66537307872
DBA_103,1984-07-01,4159.6137587025605
DBA_103,1984-08-01,4207.172692503838
DBA_103,1984-09-01,3409.5859830168
DBA_103,1984-10-01,3813.4470930014395
DBA_103,1984-11-01,3450.5551518921598
DBA_103,1984-12-01,3161.3708072060804
DBA_103,1985-01-01,3413.09117411456
DBA_103,1985-02-01,3294.5836669376
DBA_103,1985-03-01,3190.15723328816
DBA_103,1985-04-01,4060.4139869113606
DBA_103,1985-05-01,3975.82145711728
DBA_103,1985-06-01,5177.530825290881
DBA_103,1985-07-01,4538.83454371456
DBA_103,1985-08-01,4088.1529307910396
DBA_103,1985-09-01,3888.1715124299203
DBA_103,1985-10-01,4155.28660213072
DBA_103,1985-11-01,3387.98620424032
DBA_103,1985-12-01,3677.2380803104
DBA_103,1986-01-01,3966.1001290542404
DBA_103,1986-02-01,3136.21576986112
DBA_103,1986-03-01,3975.0104453473605
DBA_103,1986-04-01,4483.5171255779205
DBA_103,1986-05-01,4829.177681752479
DBA_103,1986-06-01,6302.951868073999
DBA_103,1986-07-01,4493.987299093281
DBA_103,1986-08-01,4476.46798486992
DBA_103,1986-09-01,3897.58490580288
DBA_103,1986-10-01,3650.8242082929605
DBA_103,1986-11-01,4189.565573156639
DBA_103,1986-12-01,3823.9075411435197
DBA_103,1987-01-01,3629.29525993744
DBA_103,1987-02-01,3683.81495640576
DBA_103,1987-03-01,4374.414504539522
DBA_103,1987-04-01,5005.0464684302415
DBA_103,1987-05-01,4483.99317212736
DBA_103,1987-06-01,5281.48573556064
DBA_103,1987-07-01,4349.6671363555215
DBA_103,1987-08-01,4639.475842519199
DBA_103,1987-09-01,5292.62266792236
DBA_103,1987-10-01,3926.3780351662394
DBA_103,1987-11-01,3510.5535187904006
DBA_103,1987-12-01,3373.99650972736
DBA_103,1988-01-01,3559.07012915424
DBA_103,1988-02-01,4160.20971892416
DBA_103,1988-03-01,4313.926620769919
DBA_103,1988-04-01,4878.88942735392
DBA_103,1988-05-01,4557.281883205921
DBA_103,1988-06-01,5012.60020025424
DBA_103,1988-07-01,5208.499292766
DBA_103,1988-08-01,4285.861116979199
DBA_103,1988-09-01,4075.541132586
DBA_103,1988-10-01,4537.528736104321
DBA_103,1988-11-01,3731.5911374336
DBA_103,1988-12-01,5338.01266560576
DBA_103,1989-01-01,3983.9621243336005
DBA_103,1989-02-01,2642.08189458176
DBA_103,1989-03-01,3684.5453168
DBA_103,1989-04-01,4315.26235977424
DBA_103,1989-05-01,4105.53525825712
DBA_103,1989-06-01,4157.77211997328
DBA_103,1989-07-01,3987.39493212176
DBA_103,1989-08-01,5901.610206425121
DBA_103,1989-09-01,4845.40897370552
DBA_103,1989-10-01,5274.85542718112
DBA_103,1989-11-01,4455.081135082239
DBA_103,1989-12-01,4045.91693451712
DBA_103,1990-01-01,4038.8896760528005
DBA_103,1990-02-01,4069.71870883392
DBA_103,1990-03-01,4966.18053970816
DBA_103,1990-04-01,4721.07774968992
DBA_103,1990-05-01,5475.184455652479
DBA_103,1990-06-01,5338.4185081168
DBA_104,1982-12-01,5823.755368846295
DBA_104,1983-01-01,3361.5643169461164
DBA_104,1983-02-01,5012.216874577772
DBA_104,1983-03-01,4898.865936335368
DBA_104,1983-04-01,5339.792026678827
DBA_104,1983-05-01,5244.85150137381
DBA_104,1983-06-01,5142.604935842272
DBA_104,1983-07-01,5321.301491562569
DBA_104,1983-08-01,5153.295130743022
DBA_104,1983-09-01,5923.890478868265
DBA_104,1983-10-01,5522.490447493977
DBA_104,1983-11-01,5368.719251217453
DBA_104,1983-12-01,6085.160378783149
DBA_104,1984-01-01,5409.135246917125
DBA_104,1984-02-01,5182.541715296928
DBA_104,1984-03-01,5586.075104083027
DBA_104,1984-04-01,6318.716713306399
DBA_104,1984-05-01,5372.646894068563
DBA_104,1984-06-01,7471.476162207769
DBA_104,1984-07-01,5182.190735233004
DBA_104,1984-08-01,5098.733579236388
DBA_104,1984-09-01,5727.643840093068
DBA_104,1984-10-01,5333.6442681105
DBA_104,1984-11-01,5943.905827381281
DBA_104,1984-12-01,5703.828754853234
DBA_104,1985-01-01,5028.7188824940595
DBA_104,1985-02-01,5369.98061286691
DBA_104,1985-03-01,5024.88107494394
DBA_104,1985-04-01,5125.556494643806
DBA_104,1985-05-01,5240.234691051967
DBA_104,1985-06-01,5119.439909403744
DBA_104,1985-07-01,5082.7115234524845
DBA_104,1985-08-01,5290.017300044575
DBA_104,1985-09-01,5301.749731743611
DBA_104,1985-10-01,5088.917194189743
DBA_104,1985-11-01,5406.06112845913
DBA_104,1985-12-01,5342.495864179274
DBA_104,1986-01-01,4936.8952338208555
DBA_104,1986-02-01,5747.833908421427
DBA_104,1986-03-01,4322.5623857721175
DBA_104,1986-04-01,4441.637811971293
DBA_104,1986-05-01,4035.4794183842455
DBA_104,1986-06-01,3990.1099693829365
DBA_104,1986-07-01,3935.9155515174893
DBA_104,1986-08-01,2621.454043070504
DBA_104,1986-09-01,4123.351018549054
DBA_104,1986-10-01,4110.39281040385
DBA_104,1986-11-01,4123.351018549054
DBA_104,1986-12-01,4111.093254087375
DBA_104,1987-01-01,4136.659448536022
DBA_104,1987-02-01,3973.917128431767
DBA_104,1987-03-01,4182.037040846211
DBA_104,1987-04-01,4060.1598399129357
DBA_104,1987-05-01,4880.173114549724
DBA_104,1987-06-01,4428.386938676378
DBA_104,1987-07-01,4170.273441297575
DBA_104,1987-08-01,4382.1576555637575
DBA_104,1987-09-01,4613.304071126864
DBA_104,1987-10-01,4251.524908586424
DBA_104,1987-11-01,4587.037432994693
DBA_104,1987-12-01,4713.117296029116
DBA_104,1988-01-01,4278.842212243882
DBA_104,1988-02-01,4548.513030400842
DBA_104,1988-03-01,4466.91134127023
DBA_104,1988-04-01,4896.9837629543135
DBA_104,1988-05-01,6067.6606467302445
DBA_104,1988-06-01,4661.165039267311
DBA_104,1988-07-01,4853.679808713716
DBA_104,1988-08-01,4554.240134006962
DBA_104,1988-09-01,4250.161850825933
DBA_104,1988-10-01,5089.351317410305
DBA_104,1988-11-01,4740.880584856832
DBA_104,1988-12-01,4627.05848628409
DBA_104,1989-01-01,4641.767803638103
DBA_104,1989-02-01,4696.05218911126
DBA_104,1989-03-01,5043.822477981207
DBA_104,1989-04-01,4474.711985117496
DBA_104,1989-05-01,4921.244833364408
DBA_104,1989-06-01,4523.743042964215
DBA_104,1989-07-01,4761.8938953625675
DBA_104,1989-08-01,5450.079814425457
DBA_104,1989-09-01,4587.483418164952
DBA_104,1989-10-01,4508.683503768437
DBA_104,1989-11-01,4362.640995753564
DBA_104,1989-12-01,4585.031865272616
DBA_104,1990-01-01,4903.7337412762945
DBA_104,1990-02-01,4716.365055933472
DBA_104,1990-03-01,4979.731880938708
DBA_104,1990-04-01,4732.1250388127755
DBA_104,1990-05-01,4873.964884726501
DBA_104,1990-06-01,5065.536232170467
DBA_104,1990-07-01,3966.690398256388
DBA_104,1990-08-01,4485.432970595122
DBA_104,1990-09-01,5025.280773482181
DBA_104,1990-10-01,4637.075366122606
DBA_104,1990-11-01,6781.955417771902
DBA_104,1990-12-01,4996.195272830751
DBA_104,1991-01-01,4623.33733979845
DBA_104,1991-02-01,4472.134714426693
DBA_104,1991-03-01,4543.482390775756
DBA_104,1991-04-01,4318.808865262183
DBA_104,1991-05-01,4257.668529535634
DBA_104,1991-06-01,4371.927228832908
DBA_104,1991-07-01,5733.377041984788
DBA_105,1977-01-01,8055.835697179026
DBA_105,1977-02-01,4455.896663272148
DBA_105,1977-03-01,5929.035315569551
DBA_105,1977-04-01,6393.561773934022
DBA_105,1977-05-01,6015.642021742094
DBA_105,1977-06-01,5975.59066921674
DBA_105,1977-07-01,8560.350454430887
DBA_105,1977-08-01,6392.185439891632
DBA_105,1977-09-01,5445.949932425423
DBA_105,1977-10-01,5853.456154911788
DBA_105,1977-11-01,5226.8923829627165
DBA_105,1977-12-01,5251.925499990316
DBA_105,1978-01-01,5550.14668300261
DBA_105,1978-02-01,5171.277590579732
DBA_105,1978-03-01,5691.369899346986
DBA_105,1978-04-01,5705.507773730449
DBA_105,1978-05-01,5585.141283566658
DBA_105,1978-06-01,6859.529474645925
DBA_105,1978-07-01,5935.38823226365
DBA_105,1978-08-01,7486.820433399479
DBA_105,1978-09-01,5796.834952922796
DBA_105,1978-10-01,5422.324764695318
DBA_105,1978-11-01,5435.4249969221955
DBA_105,1978-12-01,5471.388777961716
DBA_105,1979-01-01,4826.945442926534
DBA_105,1979-02-01,3574.9766239432342
DBA_105,1979-03-01,4679.6358495346085
DBA_105,1979-04-01,4681.282574865357
DBA_105,1979-05-01,5352.200109664518
DBA_105,1979-06-01,5979.390808338575
DBA_105,1979-07-01,5856.0410969746035
DBA_105,1979-08-01,6879.215561569715
DBA_105,1979-09-01,5003.819486867998
DBA_105,1979-10-01,4988.971445630246
DBA_105,1979-11-01,4682.726588009488
DBA_105,1979-12-01,4334.992454510108
DBA_105,1980-01-01,4524.177979920156
DBA_105,1980-02-01,3131.3133331597423
DBA_105,1980-03-01,4676.729223905676
DBA_105,1980-04-01,4328.956969862935
DBA_105,1980-05-01,4310.473968948776
DBA_105,1980-06-01,4886.69022032173
DBA_105,1980-07-01,5550.3238860536
DBA_105,1980-08-01,6046.12228877607
DBA_105,1980-09-01,4874.536630278752
DBA_105,1980-10-01,4926.743001281905
DBA_105,1980-11-01,4609.352589836268
DBA_105,1980-12-01,3077.902629352797
DBA_105,1981-01-01,4491.367418783486
DBA_105,1981-02-01,4013.565631993764
DBA_105,1981-03-01,4654.047664422455
DBA_105,1981-04-01,4740.4638002755
DBA_105,1981-05-01,5166.184817114532
DBA_105,1981-06-01,5566.975062472454
DBA_105,1981-07-01,6151.416490150639
DBA_105,1981-08-01,5392.48711800244
DBA_105,1981-09-01,5142.966605661286
DBA_105,1981-10-01,4551.767904724202
DBA_105,1981-11-01,4710.210909658785
DBA_105,1981-12-01,4003.4951271362925
DBA_105,1982-01-01,3036.1839913285835
DBA_105,1982-02-01,3715.015931537707
DBA_105,1982-03-01,4413.213577111872
DBA_105,1982-04-01,4679.089449945747
DBA_105,1982-05-01,5224.817410494249
DBA_105,1982-06-01,6355.073588608305
DBA_105,1982-07-01,7552.445266266285
DBA_105,1982-08-01,5756.342511569525
DBA_105,1982-09-01,4692.9964668186285
DBA_105,1982-10-01,4760.4572836785255
DBA_105,1982-11-01,3787.895503839707
DBA_105,1982-12-01,2944.635922022503
DBA_105,1983-01-01,3708.1256620784834
DBA_105,1983-02-01,3988.771024578741
DBA_105,1983-03-01,4393.193350278769
DBA_105,1983-04-01,4576.731142338887
DBA_105,1983-05-01,4778.584968111944
DBA_105,1983-06-01,5227.365200834697
DBA_105,1983-07-01,5298.216704338977
DBA_105,1983-08-01,6345.50462353094
DBA_105,1983-09-01,4780.212885882629
DBA_105,1983-10-01,4515.577014124424
DBA_105,1983-11-01,3578.567095061145
DBA_105,1983-12-01,2973.318719724378
DBA_105,1984-01-01,3673.6553880068286
DBA_105,1984-02-01,3573.7823304355807
DBA_105,1984-03-01,4390.53739992976
DBA_105,1984-04-01,4348.249418991237
DBA_105,1984-05-01,5464.260284752671
DBA_105,1984-06-01,5384.167280791312
DBA_105,1984-07-01,5730.512070684946
DBA_105,1984-08-01,6911.018771699241
DBA_105,1984-09-01,4981.200016540681
DBA_105,1984-10-01,4500.170761691553
DBA_105,1984-11-01,4101.212583229604
DBA_105,1984-12-01,3830.2899733666245
DBA_105,1985-01-01,3668.175959150575
DBA_105,1985-02-01,3044.149838601828
DBA_105,1985-03-01,4083.0853883645736
DBA_105,1985-04-01,4321.138208947686
DBA_105,1985-05-01,4705.608023147919
DBA_105,1985-06-01,5843.922504909528
DBA_105,1985-07-01,6433.072123305449
DBA_105,1985-08-01,5846.888250758697
DBA_105,1985-09-01,4000.4725700658287
DBA_105,1985-10-01,4509.0791650554365
DBA_105,1985-11-01,4430.993975890413
DBA_105,1985-12-01,3274.461916766238
DBA_105,1986-01-01,4444.103254986375
DBA_105,1986-02-01,4191.002960618887
DBA_105,1986-03-01,4653.436998079554
DBA_105,1986-04-01,5137.576536359622
DBA_105,1986-05-01,5987.138042040994
DBA_105,1986-06-01,5471.930755194648
DBA_106,1982-01-01,4385.752935514553
DBA_106,1982-02-01,4053.2284903251402
DBA_106,1982-03-01,3711.4274138820833
DBA_106,1982-04-01,3591.466463282075
DBA_106,1982-05-01,3710.895996313088
DBA_106,1982-06-01,3617.5609042359206
DBA_106,1982-07-01,3877.5722466088823
DBA_106,1982-08-01,2922.015613901886
DBA_106,1982-09-01,4164.427730718015
DBA_106,1982-10-01,4113.139044350028
DBA_106,1982-11-01,3664.354850270606
DBA_106,1982-12-01,3532.229739295583
DBA_106,1983-01-01,5075.914973438527
DBA_106,1983-02-01,4296.916645434852
DBA_106,1983-03-01,4565.10621289989
DBA_106,1983-04-01,4591.547961952942
DBA_106,1983-05-01,4116.006715787565
DBA_106,1983-06-01,4132.642253271272
DBA_106,1983-07-01,4365.364667122311
DBA_106,1983-08-01,4411.944172076694
DBA_106,1983-09-01,4648.132365132037
DBA_106,1983-10-01,5147.357411769635
DBA_106,1983-11-01,4011.9484331654426
DBA_106,1983-12-01,4389.229618775655
DBA_106,1984-01-01,4509.269230339603
DBA_106,1984-02-01,4474.811292463994
DBA_106,1984-03-01,5235.853049438287
DBA_106,1984-04-01,4253.23206383201
DBA_106,1984-05-01,4895.889143465801
DBA_106,1984-06-01,4877.327385852398
DBA_106,1984-07-01,5988.6712744122615
DBA_106,1984-08-01,3942.142915398848
DBA_106,1984-09-01,4635.141876521097
DBA_106,1984-10-01,3946.1669288193298
DBA_106,1984-11-01,4607.695055896308
DBA_106,1984-12-01,4025.290554039883
DBA_106,1985-01-01,4508.800539788841
DBA_106,1985-02-01,3345.553635728237
DBA_106,1985-03-01,6990.825124298406
DBA_106,1985-04-01,5584.322937445652
DBA_106,1985-05-01,5689.296067156685
DBA_106,1985-06-01,5311.940878217738
DBA_106,1985-07-01,4654.490461290623
DBA_106,1985-08-01,4903.427997797006
DBA_106,1985-09-01,5363.8028649899015
DBA_106,1985-10-01,5568.857181919839
DBA_106,1985-11-01,5197.8445073189805
DBA_106,1985-12-01,4483.744843302271
DBA_106,1986-01-01,5576.835949115557
DBA_106,1986-02-01,5353.4304676354695
DBA_106,1986-03-01,5438.005399910074
DBA_106,1986-04-01,5461.941701497226
DBA_106,1986-05-01,5428.430879275214
DBA_106,1986-06-01,5520.186702025962
DBA_106,1986-07-01,4280.286279811477
DBA_106,1986-08-01,4722.30998245422
DBA_106,1986-09-01,5382.154029540052
DBA_106,1986-10-01,5650.240607316157
DBA_106,1986-11-01,4821.246695681119
DBA_106,1986-12-01,4511.670528487281
DBA_106,1987-01-01,5479.494989327804
DBA_106,1987-02-01,5489.0695099626655
DBA_106,1987-03-01,5908.752664457403
DBA_106,1987-04-01,5421.249988799068
DBA_106,1987-05-01,5414.866975042492
DBA_106,1987-06-01,5211.408411551699
DBA_106,1987-07-01,3909.103052237394
DBA_106,1987-08-01,4476.393399852903
DBA_106,1987-09-01,5043.732030694548
DBA_106,1987-10-01,5723.958146549057
DBA_106,1987-11-01,5069.610356681326
DBA_106,1987-12-01,4368.213543653683
DBA_106,1988-01-01,4795.8754653441365
DBA_106,1988-02-01,5076.72807063339
DBA_106,1988-03-01,5776.583058430852
DBA_106,1988-04-01,5654.507920336376
DBA_106,1988-05-01,6441.228099138348
DBA_106,1988-06-01,5777.787345262019
DBA_106,1988-07-01,3835.025394674168
DBA_106,1988-08-01,5067.839931183024
DBA_106,1988-09-01,5625.368750210751
DBA_106,1988-10-01,5717.922449681074
DBA_106,1988-11-01,5603.826078782314
DBA_106,1988-12-01,4995.904673373403
DBA_106,1989-01-01,5586.091427981644
DBA_106,1989-02-01,5362.331988907704
DBA_106,1989-03-01,5610.875451196254
DBA_106,1989-04-01,5771.248671830174
DBA_106,1989-05-01,5948.360125194299
DBA_106,1989-06-01,5061.21251106163
DBA_106,1989-07-01,3299.809231002598
DBA_106,1989-08-01,4829.196558255931
DBA_106,1989-09-01,4833.551597499596
DBA_106,1989-10-01,4807.668780125441
DBA_106,1989-11-01,4597.214292460884
DBA_106,1989-12-01,3660.507023683658
DBA_106,1990-01-01,3626.198324742074
DBA_106,1990-02-01,4475.937031085979
DBA_106,1990-03-01,5169.619674724069
DBA_106,1990-04-01,4689.297889541883
DBA_106,1990-05-01,5334.780155675421
DBA_106,1990-06-01,5112.970427634477
DBA_106,1990-07-01,3666.1938921869714
DBA_106,1990-08-01,4601.157434483147
DBA_106,1990-09-01,4593.9765440070005
DBA_106,1990-10-01,5250.505252785706
DBA_106,1990-11-01,3849.6942477228154
DBA_106,1990-12-01,2030.1378762970892
DBA_106,1991-01-01,3902.092680509407
DBA_106,1991-02-01,3144.1393725988714
DBA_106,1991-03-01,3681.499645898058
DBA_106,1991-04-01,4096.07138518403
DBA_106,1991-05-01,5065.192305295521
DBA_106,1991-06-01,4482.852250012218
DBA_107,1982-01-01,3263.4227558826524
DBA_107,1982-02-01,2941.0788393018647
DBA_107,1982-03-01,3258.0937932930183
DBA_107,1982-04-01,5027.227022204221
DBA_107,1982-05-01,6146.923198797677
DBA_107,1982-06-01,6552.030153253474
DBA_107,1982-07-01,6318.442855774812
DBA_107,1982-08-01,7724.343407995782
DBA_107,1982-09-01,5887.130977304695
DBA_107,1982-10-01,5151.027939873876
DBA_107,1982-11-01,3499.0985435878497
DBA_107,1982-12-01,1561.6111229496425
DBA_107,1983-01-01,2921.1109195687854
DBA_107,1983-02-01,2906.4016022147703
DBA_107,1983-03-01,2819.585346013592
DBA_107,1983-04-01,3333.023703534742
DBA_107,1983-05-01,5084.277109020114
DBA_107,1983-06-01,5301.182881065078
DBA_107,1983-07-01,5416.58097792575
DBA_107,1983-08-01,5736.011936113718
DBA_107,1983-09-01,5109.46506120099
DBA_107,1983-10-01,8329.61762593313
DBA_107,1983-11-01,7461.592791125306
DBA_107,1983-12-01,6404.798383607612
DBA_107,1984-01-01,4994.095418253232
DBA_107,1984-02-01,5256.936910495827
DBA_107,1984-03-01,6023.747633034349
DBA_107,1984-04-01,6752.867465796742
DBA_107,1984-05-01,6413.852722970851
DBA_107,1984-06-01,6858.109129246309
DBA_107,1984-07-01,6253.976452206368
DBA_107,1984-08-01,8469.090687814842
DBA_107,1984-09-01,7208.992501154144
DBA_107,1984-10-01,6484.383510547975
DBA_107,1984-11-01,6841.434678224625
DBA_107,1984-12-01,7416.323831477414
DBA_107,1985-01-01,6184.418503078579
DBA_107,1985-02-01,8529.051084505407
DBA_107,1985-03-01,6102.065310145471
DBA_107,1985-04-01,6247.40737447682
DBA_107,1985-05-01,6326.324029487255
DBA_107,1985-06-01,5193.5122616971175
DBA_107,1985-07-01,7016.455861607779
DBA_107,1985-08-01,12236.512592436598
DBA_107,1985-09-01,9648.761711024299
DBA_107,1985-10-01,14631.05226596392
DBA_107,1985-11-01,8073.2430142222765
DBA_107,1985-12-01,6821.348887404445
DBA_107,1986-01-01,6890.459330845537
DBA_107,1986-02-01,7677.253023627373
DBA_107,1986-03-01,6916.571183319691
DBA_107,1986-04-01,6587.129170835302
DBA_107,1986-05-01,8134.6105570085265
DBA_107,1986-06-01,6869.113678809377
DBA_107,1986-07-01,5886.62467205225
DBA_107,1986-08-01,8254.274999107976
DBA_107,1986-09-01,5720.151536173281
DBA_107,1986-10-01,2521.470782226667
DBA_107,1986-11-01,4543.851369893494
DBA_107,1986-12-01,2266.047262281823
DBA_107,1987-01-01,6047.977773864886
DBA_107,1987-02-01,4071.092217730713
DBA_107,1987-03-01,4778.773819318369
DBA_107,1987-04-01,4457.2701685805905
DBA_107,1987-05-01,5387.59660879822
DBA_107,1987-06-01,5873.037211785836
DBA_107,1987-07-01,5016.861549290972
DBA_107,1987-08-01,7955.208100704588
DBA_107,1987-09-01,18079.511484672417
DBA_107,1987-10-01,9821.479936870992
DBA_107,1987-11-01,8964.336069888881
DBA_107,1987-12-01,12884.051075453493
DBA_107,1988-01-01,6761.879878358573
DBA_107,1988-02-01,5860.054924191222
DBA_107,1988-03-01,10584.97082786464
DBA_107,1988-04-01,7754.116291056853
DBA_107,1988-05-01,7486.766572645645
DBA_107,1988-06-01,7456.647494254089
DBA_107,1988-07-01,5091.100069045631
DBA_107,1988-08-01,5992.171147061375
DBA_107,1988-09-01,17587.920064378388
DBA_107,1988-10-01,8966.68870569881
DBA_107,1988-11-01,8701.461870300569
DBA_107,1988-12-01,10009.215713919904
DBA_107,1989-01-01,6209.256385634145
DBA_107,1989-02-01,5430.804317189493
DBA_107,1989-03-01,3186.1084218335786
DBA_107,1989-04-01,4455.129281835762
DBA_107,1989-05-01,5510.360035953176
DBA_107,1989-06-01,4358.943782644986
DBA_107,1989-07-01,5552.229932000147
DBA_107,1989-08-01,5984.633644802634
DBA_107,1989-09-01,3169.6687954946487
DBA_107,1989-10-01,4418.073199480085
DBA_107,1989-11-01,5554.542366114797
DBA_107,1989-12-01,3868.605248274292
DBA_107,1990-01-01,3477.057229184058
DBA_107,1990-02-01,3046.4357069379507
DBA_107,1990-03-01,3183.652609209764
DBA_107,1990-04-01,5049.098978698637
DBA_107,1990-05-01,3487.619799280583
DBA_107,1990-06-01,4323.468630598578
DBA_107,1990-07-01,5619.068286145114
DBA_107,1990-08-01,11743.219821518425
DBA_107,1990-09-01,11312.446956150821
DBA_107,1990-10-01,17640.158741965548
DBA_107,1990-11-01,11414.327575974874
DBA_107,1990-12-01,12451.489235091016
DBA_107,1991-01-01,3885.230692106802
DBA_107,1991-02-01,13123.072733069439
DBA_107,1991-03-01,15002.268910335391
DBA_107,1991-04-01,22838.82740780362
DBA_107,1991-05-01,11554.53263554296
DBA_107,1991-06-01,4041.767031809429
DBA_108,1982-01-01,4589.89530627708
DBA_108,1982-02-01,5477.997244015892
DBA_108,1982-03-01,4855.077563868978
DBA_108,1982-04-01,6210.877814138375
DBA_108,1982-05-01,4758.413497748348
DBA_108,1982-06-01,3540.100456654892
DBA_108,1982-07-01,4526.421375090657
DBA_108,1982-08-01,4039.6138561802704
DBA_108,1982-09-01,5375.010953526465
DBA_108,1982-10-01,5500.971897864408
DBA_108,1982-11-01,5047.04559687546
DBA_108,1982-12-01,3643.730631286918
DBA_108,1983-01-01,5500.435767766336
DBA_108,1983-02-01,4645.205886221826
DBA_108,1983-03-01,4051.1662588035742
DBA_108,1983-04-01,4376.310927063011
DBA_108,1983-05-01,5548.86003812688
DBA_108,1983-06-01,4329.292376742286
DBA_108,1983-07-01,3402.2454081517985
DBA_108,1983-08-01,2830.159668941922
DBA_108,1983-09-01,4870.050507823924
DBA_108,1983-10-01,5393.666196344766
DBA_108,1983-11-01,5898.226066311857
DBA_108,1983-12-01,5242.232975672042
DBA_108,1984-01-01,5119.902122627427
DBA_108,1984-02-01,7647.261295533631
DBA_108,1984-03-01,4152.10558292201
DBA_108,1984-04-01,3333.748302356029
DBA_108,1984-05-01,4381.135052943999
DBA_108,1984-06-01,5248.838153908092
DBA_108,1984-07-01,4215.80024918787
DBA_108,1984-08-01,4645.6817757933595
DBA_108,1984-09-01,4516.160144133257
DBA_108,1984-10-01,6873.9842671749175
DBA_108,1984-11-01,5456.102492219472
DBA_108,1984-12-01,4893.169093432191
DBA_108,1985-01-01,4903.496832109198
DBA_108,1985-02-01,4619.912446774501
DBA_108,1985-03-01,5385.122271578601
DBA_108,1985-04-01,4346.239816384804
DBA_108,1985-05-01,4438.344080339845
DBA_108,1985-06-01,4461.259990265884
DBA_108,1985-07-01,4472.7179452289
DBA_108,1985-08-01,4398.241237969284
DBA_108,1985-09-01,4415.42817041381
DBA_108,1985-10-01,4432.615102858337
DBA_108,1985-11-01,4484.175900191919
DBA_108,1985-12-01,4149.566639310442
DBA_108,1986-01-01,4392.512260487775
DBA_108,1986-02-01,4553.991031328278
DBA_108,1986-03-01,4765.048982419234
DBA_108,1986-04-01,4650.469432789049
DBA_108,1986-05-01,4639.011477826035
DBA_108,1986-06-01,4696.301252641122
DBA_108,1986-07-01,4856.501776322533
DBA_108,1986-08-01,4850.772798841023
DBA_108,1986-09-01,4873.688708767061
DBA_108,1986-10-01,4971.081325952714
DBA_108,1986-11-01,4942.436438545167
DBA_108,1986-12-01,4919.520528619133
DBA_108,1987-01-01,4919.520528619133
DBA_108,1987-02-01,4839.314843878004
DBA_108,1987-03-01,4827.856888914987
DBA_108,1987-04-01,4776.296091581407
DBA_108,1987-05-01,4787.7540465444235
DBA_108,1987-06-01,4701.819384321788
DBA_108,1987-07-01,4747.651204173861
DBA_108,1987-08-01,4804.940978988951
DBA_108,1987-09-01,4948.165416026679
DBA_108,1987-10-01,4925.24950610064
DBA_108,1987-11-01,4993.997235878747
DBA_108,1987-12-01,4930.978483582151
DBA_108,1988-01-01,4651.484934275002
DBA_108,1988-02-01,4496.8025422742585
DBA_108,1988-03-01,4691.587776645567
DBA_108,1988-04-01,4640.026979311986
DBA_108,1988-05-01,4685.858799164056
DBA_108,1988-06-01,4657.213911756512
DBA_108,1988-07-01,4731.69061901613
DBA_108,1988-08-01,4714.503686571603
DBA_108,1988-09-01,4714.503686571603
DBA_108,1988-10-01,4743.14857397915
DBA_108,1988-11-01,4685.858799164056
DBA_108,1988-12-01,4554.09231708935
DBA_108,1989-01-01,4588.466181978405
DBA_108,1989-02-01,4525.447429681803
DBA_108,1989-03-01,4519.718452200296
DBA_108,1989-04-01,4577.008227015385
DBA_108,1989-05-01,4645.755956793493
DBA_108,1989-06-01,4600.316256143424
DBA_108,1989-07-01,4763.150747799584
DBA_108,1989-08-01,4817.98931267298
DBA_108,1989-09-01,4795.073402746943
DBA_108,1989-10-01,4926.839884821652
DBA_108,1989-11-01,4984.129659636741
DBA_108,1989-12-01,4394.044979041311
DBA_108,1990-01-01,4525.811461116018
DBA_108,1990-02-01,4720.596695487326
DBA_108,1990-03-01,4881.008064969578
DBA_108,1990-04-01,4726.325672968836
DBA_108,1990-05-01,4737.783627931852
DBA_108,1990-06-01,4760.699537857886
DBA_108,1990-07-01,5003.500780686544
DBA_108,1990-08-01,4834.888806499977
DBA_108,1990-09-01,4929.311512044456
DBA_108,1990-10-01,5012.147654521334
DBA_108,1990-11-01,4973.915588762777
DBA_108,1990-12-01,5083.244067759645
DBA_108,1991-01-01,4969.778385849232
DBA_108,1991-02-01,4767.444016825351
DBA_108,1991-03-01,4536.289629683299
DBA_108,1991-04-01,3897.2995506568486
DBA_108,1991-05-01,4525.486854543327
DBA_108,1991-06-01,7316.869843465887
DBA_109,1981-01-01,8143.756167684313
DBA_109,1981-02-01,5277.683210202204
DBA_109,1981-03-01,6474.114911854049
DBA_109,1981-04-01,6396.701460389099
DBA_109,1981-05-01,6133.399763155809
DBA_109,1981-06-01,6405.135939374053
DBA_109,1981-07-01,6304.227346922898
DBA_109,1981-08-01,4828.211563070286
DBA_109,1981-09-01,5425.016370554206
DBA_109,1981-10-01,5575.733893798092
DBA_109,1981-11-01,5626.837770009873
DBA_109,1981-12-01,5372.426253654165
DBA_109,1982-01-01,6315.196732827236
DBA_109,1982-02-01,5626.461751394338
DBA_109,1982-03-01,5102.513282873065
DBA_109,1982-04-01,6808.99634953526
DBA_109,1982-05-01,6274.249708011645
DBA_109,1982-06-01,6227.685516234921
DBA_109,1982-07-01,6102.130815288207
DBA_109,1982-08-01,6697.478002628507
DBA_109,1982-09-01,6285.404361194928
DBA_109,1982-10-01,6417.963146698583
DBA_109,1982-11-01,6259.593012549891
DBA_109,1982-12-01,5460.112388898781
DBA_109,1983-01-01,5945.96866583392
DBA_109,1983-02-01,5529.744455774004
DBA_109,1983-03-01,5887.471589256475
DBA_109,1983-04-01,5592.262395708212
DBA_109,1983-05-01,6596.0683663895115
DBA_109,1983-06-01,6531.604847411704
DBA_109,1983-07-01,6414.351283717666
DBA_109,1983-08-01,5979.319809569659
DBA_109,1983-09-01,6015.766990319685
DBA_109,1983-10-01,4999.150359725017
DBA_109,1983-11-01,5391.077378009026
DBA_109,1983-12-01,5781.3605341543325
DBA_109,1984-01-01,5284.591050289811
DBA_109,1984-02-01,5270.36200589115
DBA_109,1984-03-01,6339.791551954381
DBA_109,1984-04-01,5917.371123125069
DBA_109,1984-05-01,6009.464006454923
DBA_109,1984-06-01,6755.951908723607
DBA_109,1984-07-01,6885.008651948792
DBA_109,1984-08-01,6912.246758559133
DBA_109,1984-09-01,6414.502786572555
DBA_109,1984-10-01,7208.9115334659355
DBA_109,1984-11-01,7250.741482903246
DBA_109,1984-12-01,5762.121309861663
DBA_109,1985-01-01,7000.721178438194
DBA_109,1985-02-01,5560.363037552553
DBA_109,1985-03-01,7206.940511569868
DBA_109,1985-04-01,7299.336101339171
DBA_109,1985-05-01,7412.009258801791
DBA_109,1985-06-01,9527.956959285197
DBA_109,1985-07-01,6520.5807088502015
DBA_109,1985-08-01,5743.192444026691
DBA_109,1985-09-01,6122.580357527861
DBA_109,1985-10-01,5697.471336502191
DBA_109,1985-11-01,7152.426352747461
DBA_109,1985-12-01,5113.467055733729
DBA_109,1986-01-01,5015.774825053434
DBA_109,1986-02-01,4654.119083235161
DBA_109,1986-03-01,5607.482025063711
DBA_109,1986-04-01,7089.566088233442
DBA_109,1986-05-01,7375.927449365321
DBA_109,1986-06-01,7938.562885231868
DBA_109,1986-07-01,7677.103120424716
DBA_109,1986-08-01,5601.254570877309
DBA_109,1986-09-01,4715.8749769057795
DBA_109,1986-10-01,5397.394156554177
DBA_109,1986-11-01,4383.314306058371
DBA_109,1986-12-01,4765.246371212329
DBA_109,1987-01-01,4737.989255969414
DBA_109,1987-02-01,5252.416220823415
DBA_109,1987-03-01,6419.623759695027
DBA_109,1987-04-01,6620.991190707188
DBA_109,1987-05-01,6435.836918391659
DBA_109,1987-06-01,7037.386156103916
DBA_109,1987-07-01,6125.499932528363
DBA_109,1987-08-01,6427.674834718107
DBA_109,1987-09-01,5950.735039469776
DBA_109,1987-10-01,6068.28313507337
DBA_109,1987-11-01,5112.480139559472
DBA_109,1987-12-01,4518.765599764012
DBA_109,1988-01-01,5279.795416624204
DBA_109,1988-02-01,5217.44325911461
DBA_109,1988-03-01,7018.165697409555
DBA_109,1988-04-01,6713.227195033599
DBA_109,1988-05-01,7803.566334029493
DBA_109,1988-06-01,6854.176079633693
DBA_109,1988-07-01,6395.887428912962
DBA_109,1988-08-01,6680.699128820394
DBA_109,1988-09-01,5483.092786847342
DBA_109,1988-10-01,5301.9375474660765
DBA_109,1988-11-01,4932.7537758393355
DBA_109,1988-12-01,5004.415937278444
DBA_109,1989-01-01,5009.604148061367
DBA_109,1989-02-01,4135.787991835052
DBA_109,1989-03-01,5513.437572931126
DBA_109,1989-04-01,5901.044279880136
DBA_109,1989-05-01,6042.23488082157
DBA_109,1989-06-01,7172.953691911667
DBA_109,1989-07-01,5381.3939527812145
DBA_109,1989-08-01,5868.634151218085
DBA_109,1989-09-01,4363.960002658832
DBA_109,1989-10-01,5715.897567890613
DBA_109,1989-11-01,5422.230875306137
DBA_109,1989-12-01,4034.649754164857
DBA_109,1990-01-01,5231.764096301765
DBA_109,1990-02-01,4994.604121727815
DBA_109,1990-03-01,5797.083477840237
DBA_109,1990-04-01,5825.480204124029
DBA_109,1990-05-01,6458.371350467444
DBA_109,1990-06-01,6371.262480864049
DBA_110,1979-01-01,4479.445307761152
DBA_110,1979-02-01,3670.4173538181967
DBA_110,1979-03-01,3585.2834135565017
DBA_110,1979-04-01,3722.45197143535
DBA_110,1979-05-01,3738.6125741848846
DBA_110,1979-06-01,3594.5836712468813
DBA_110,1979-07-01,2522.768862746397
DBA_110,1979-08-01,3983.081560640703
DBA_110,1979-09-01,3923.9209903154315
DBA_110,1979-10-01,6205.028818495213
DBA_110,1979-11-01,5137.3655584034295
DBA_110,1979-12-01,4532.081458247541
DBA_110,1980-01-01,4905.337433292095
DBA_110,1980-02-01,4148.606192548341
DBA_110,1980-03-01,3295.5130465243483
DBA_110,1980-04-01,3717.4054061959205
DBA_110,1980-05-01,3939.2584164713203
DBA_110,1980-06-01,3263.5196772348145
DBA_110,1980-07-01,3439.967956346785
DBA_110,1980-08-01,3882.866063531689
DBA_110,1980-09-01,3839.561907119593
DBA_110,1980-10-01,3822.9188917821075
DBA_110,1980-11-01,3566.3256067731245
DBA_110,1980-12-01,3769.9197749792456
DBA_110,1981-01-01,3683.957792847773
DBA_110,1981-02-01,3681.0493047305417
DBA_110,1981-03-01,3167.7222430790857
DBA_110,1981-04-01,3318.8020425018817
DBA_110,1981-05-01,3226.861501462768
DBA_110,1981-06-01,4346.467843923255
DBA_110,1981-07-01,2665.845123517168
DBA_110,1981-08-01,4556.356596626129
DBA_110,1981-09-01,4897.535246859482
DBA_110,1981-10-01,4412.50862492008
DBA_110,1981-11-01,4367.265476429832
DBA_110,1981-12-01,4706.5890901067
DBA_110,1982-01-01,4704.973263374907
DBA_110,1982-02-01,3951.646210961251
DBA_110,1982-03-01,4212.279062799721
DBA_110,1982-04-01,4389.535255277591
DBA_110,1982-05-01,4112.259388101635
DBA_110,1982-06-01,3744.502498653316
DBA_110,1982-07-01,2953.682974628389
DBA_110,1982-08-01,7505.986056121821
DBA_110,1982-09-01,7515.969659450733
DBA_110,1982-10-01,7228.1815637853715
DBA_110,1982-11-01,6955.719884295686
DBA_110,1982-12-01,6655.966071917433
DBA_110,1983-01-01,6310.272195976954
DBA_110,1983-02-01,6001.88846412761
DBA_110,1983-03-01,5554.274467366357
DBA_110,1983-04-01,5143.162875873786
DBA_110,1983-05-01,4812.744262852142
DBA_110,1983-06-01,4436.64891120289
DBA_110,1983-07-01,4014.673472705621
DBA_110,1983-08-01,6966.8384352112425
DBA_110,1983-09-01,6199.626115031717
DBA_110,1983-10-01,5969.998132900304
DBA_110,1983-11-01,5658.317749154676
DBA_110,1983-12-01,5372.119943564072
DBA_110,1984-01-01,4676.048978814373
DBA_110,1984-02-01,4195.511517013261
DBA_110,1984-03-01,3669.5909838790967
DBA_110,1984-04-01,3058.3705805719164
DBA_110,1984-05-01,2696.4079097871204
DBA_110,1984-06-01,2349.688884781151
DBA_110,1984-07-01,1957.2998832436408
DBA_110,1984-08-01,6909.893250362993
DBA_110,1984-09-01,6603.190359359578
DBA_110,1984-10-01,6323.794601534415
DBA_110,1984-11-01,6032.227644597257
DBA_110,1984-12-01,5680.7544310540825
DBA_110,1985-01-01,5077.924962323347
DBA_110,1985-02-01,4310.0701794310335
DBA_110,1985-03-01,3852.3084128471537
DBA_110,1985-04-01,3529.7601053697317
DBA_110,1985-05-01,3193.2365781139865
DBA_110,1985-06-01,2889.169217857366
DBA_110,1985-07-01,2436.6803994707734
DBA_110,1985-08-01,7633.763636297477
DBA_110,1985-09-01,7242.791530400925
DBA_110,1985-10-01,7077.38346183481
DBA_110,1985-11-01,6689.840361132464
DBA_110,1985-12-01,6444.681512478167
DBA_110,1986-01-01,6151.373128354874
DBA_110,1986-02-01,5860.169022084798
DBA_110,1986-03-01,5626.12890161752
DBA_110,1986-04-01,5342.10509924864
DBA_110,1986-05-01,5129.087247471986
DBA_110,1986-06-01,4889.631009836522
DBA_110,1986-07-01,4707.583838637321
DBA_110,1986-08-01,8211.178535020226
DBA_110,1986-09-01,7652.893930755774
DBA_110,1986-10-01,7158.937664753244
DBA_110,1986-11-01,6880.77848614346
DBA_110,1986-12-01,6426.145392790878
DBA_110,1987-01-01,6055.999516807494
DBA_110,1987-02-01,5581.619336255219
DBA_110,1987-03-01,4550.231874597429
DBA_110,1987-04-01,4174.806795402395
DBA_110,1987-05-01,3915.788629354979
DBA_110,1987-06-01,3440.978911791416
DBA_110,1987-07-01,2771.6944577568697
DBA_110,1987-08-01,7500.275822614016
DBA_110,1987-09-01,7446.545186731238
DBA_110,1987-10-01,7202.837111373351
DBA_110,1987-11-01,6910.1423565409705
DBA_110,1987-12-01,6507.870743554821
DBA_110,1988-01-01,6012.8703946906335
DBA_110,1988-02-01,5579.28086660623
DBA_110,1988-03-01,4754.297698955208
DBA_110,1988-04-01,4211.300585436613
DBA_110,1988-05-01,4114.673204906656
DBA_110,1988-06-01,3266.126910435625
