unique_id,ds,y
NN3-001,1990-01-01,14427.400000000007
NN3-001,1990-02-01,836.3199999999999
NN3-001,1990-03-01,836.3199999999999
NN3-001,1990-04-01,836.3199999999999
NN3-001,1990-05-01,14427.400000000007
NN3-001,1990-06-01,836.3199999999999
NN3-001,1990-07-01,836.3199999999999
NN3-001,1990-08-01,836.3199999999999
NN3-001,1990-09-01,836.3199999999999
NN3-001,1990-10-01,836.3199999999999
NN3-001,1990-11-01,14427.400000000007
NN3-001,1990-12-01,14427.400000000007
NN3-001,1991-01-01,14427.400000000007
NN3-001,1991-02-01,1688.2146028704292
NN3-001,1991-03-01,836.3199999999999
NN3-001,1991-04-01,836.3199999999999
NN3-001,1991-05-01,836.3199999999999
NN3-001,1991-06-01,12089.866904480938
NN3-001,1991-07-01,14427.400000000007
NN3-001,1991-08-01,836.3199999999999
NN3-001,1991-09-01,836.3199999999999
NN3-001,1991-10-01,836.3199999999999
NN3-001,1991-11-01,14427.400000000007
NN3-001,1991-12-01,7000.896818578894
NN3-001,1992-01-01,14427.400000000007
NN3-001,1992-02-01,836.3199999999999
NN3-001,1992-03-01,14427.400000000007
NN3-001,1992-04-01,14427.400000000007
NN3-001,1992-05-01,2790.5614169699843
NN3-001,1992-06-01,836.3199999999999
NN3-001,1992-07-01,836.3199999999999
NN3-001,1992-08-01,14427.400000000007
NN3-001,1992-09-01,836.3199999999999
NN3-001,1992-10-01,10497.286395765303
NN3-001,1992-11-01,10426.050028208714
NN3-001,1992-12-01,14427.400000000007
NN3-001,1993-01-01,5772.573961639917
NN3-001,1993-02-01,14427.400000000007
NN3-001,1993-03-01,14427.400000000007
NN3-002,1990-01-01,5275.10787408745
NN3-002,1990-02-01,836.3199999999999
NN3-002,1990-03-01,836.3199999999999
NN3-002,1990-04-01,836.3199999999999
NN3-002,1990-05-01,9748.888834539463
NN3-002,1990-06-01,2836.5443457268216
NN3-002,1990-07-01,836.3199999999999
NN3-002,1990-08-01,14427.400000000007
NN3-002,1990-09-01,14427.400000000007
NN3-002,1990-10-01,5670.622761272667
NN3-002,1990-11-01,14427.400000000007
NN3-002,1990-12-01,836.3199999999999
NN3-002,1991-01-01,14427.400000000007
NN3-002,1991-02-01,3581.347951006329
NN3-002,1991-03-01,836.3199999999999
NN3-002,1991-04-01,14427.400000000007
NN3-002,1991-05-01,3866.8604956732543
NN3-002,1991-06-01,836.3199999999999
NN3-002,1991-07-01,14427.400000000007
NN3-002,1991-08-01,14427.400000000007
NN3-002,1991-09-01,14427.400000000007
NN3-002,1991-10-01,5762.627080580973
NN3-002,1991-11-01,14427.400000000007
NN3-002,1991-12-01,3930.3273044124685
NN3-002,1992-01-01,4628.836351158261
NN3-002,1992-02-01,12510.799314387397
NN3-002,1992-03-01,836.3199999999999
NN3-002,1992-04-01,2544.1396039260644
NN3-002,1992-05-01,836.3199999999999
NN3-002,1992-06-01,836.3199999999999
NN3-002,1992-07-01,14427.400000000007
NN3-002,1992-08-01,836.3199999999999
NN3-002,1992-09-01,836.3199999999999
NN3-002,1992-10-01,14427.400000000007
NN3-002,1992-11-01,5295.9065276011825
NN3-002,1992-12-01,11617.849374585621
NN3-002,1993-01-01,836.3199999999999
NN3-002,1993-02-01,836.3199999999999
NN3-002,1993-03-01,836.3199999999999
NN3-003,1990-01-01,836.3199999999999
NN3-003,1990-02-01,5915.055049762326
NN3-003,1990-03-01,14427.400000000007
NN3-003,1990-04-01,836.3199999999999
NN3-003,1990-05-01,836.3199999999999
NN3-003,1990-06-01,836.3199999999999
NN3-003,1990-07-01,836.3199999999999
NN3-003,1990-08-01,836.3199999999999
NN3-003,1990-09-01,836.3199999999999
NN3-003,1990-10-01,12344.601208228296
NN3-003,1990-11-01,836.3199999999999
NN3-003,1990-12-01,14427.400000000007
NN3-003,1991-01-01,10179.88671774071
NN3-003,1991-02-01,2330.130323525855
NN3-003,1991-03-01,836.3199999999999
NN3-003,1991-04-01,14427.400000000007
NN3-003,1991-05-01,14427.400000000007
NN3-003,1991-06-01,3180.394782217337
NN3-003,1991-07-01,836.3199999999999
NN3-003,1991-08-01,836.3199999999999
NN3-003,1991-09-01,11140.831198340544
NN3-003,1991-10-01,14427.400000000007
NN3-003,1991-11-01,836.3199999999999
NN3-003,1991-12-01,836.3199999999999
NN3-003,1992-01-01,5507.998884527817
NN3-003,1992-02-01,836.3199999999999
NN3-003,1992-03-01,836.3199999999999
NN3-003,1992-04-01,14427.400000000007
NN3-003,1992-05-01,14427.400000000007
NN3-003,1992-06-01,14427.400000000007
NN3-003,1992-07-01,836.3199999999999
NN3-003,1992-08-01,10521.296069545446
NN3-003,1992-09-01,14427.400000000007
NN3-003,1992-10-01,836.3199999999999
NN3-003,1992-11-01,11235.514416807575
NN3-003,1992-12-01,836.3199999999999
NN3-003,1993-01-01,836.3199999999999
NN3-003,1993-02-01,10938.237560476597
NN3-003,1993-03-01,14427.400000000007
NN3-004,1990-01-01,14427.400000000007
NN3-004,1990-02-01,14427.400000000007
NN3-004,1990-03-01,5787.863408874107
NN3-004,1990-04-01,836.3199999999999
NN3-004,1990-05-01,14427.400000000007
NN3-004,1990-06-01,836.3199999999999
NN3-004,1990-07-01,9472.875654666908
NN3-004,1990-08-01,836.3199999999999
NN3-004,1990-09-01,2051.4661317539308
NN3-004,1990-10-01,14427.400000000007
NN3-004,1990-11-01,7130.179724469906
NN3-004,1990-12-01,836.3199999999999
NN3-004,1991-01-01,14427.400000000007
NN3-004,1991-02-01,14427.400000000007
NN3-004,1991-03-01,14427.400000000007
NN3-004,1991-04-01,836.3199999999999
NN3-004,1991-05-01,9133.963133691812
NN3-004,1991-06-01,836.3199999999999
NN3-004,1991-07-01,836.3199999999999
NN3-004,1991-08-01,836.3199999999999
NN3-004,1991-09-01,836.3199999999999
NN3-004,1991-10-01,836.3199999999999
NN3-004,1991-11-01,1507.418078494421
NN3-004,1991-12-01,14427.400000000007
NN3-004,1992-01-01,2544.234839236705
NN3-004,1992-02-01,7574.720868832475
NN3-004,1992-03-01,4385.815450061881
NN3-004,1992-04-01,836.3199999999999
NN3-004,1992-05-01,14427.400000000007
NN3-004,1992-06-01,836.3199999999999
NN3-004,1992-07-01,14427.400000000007
NN3-004,1992-08-01,7003.524502457224
NN3-004,1992-09-01,14427.400000000007
NN3-004,1992-10-01,836.3199999999999
NN3-004,1992-11-01,836.3199999999999
NN3-004,1992-12-01,14427.400000000007
NN3-004,1993-01-01,14427.400000000007
NN3-004,1993-02-01,6652.301272767518
NN3-004,1993-03-01,836.3199999999999
NN3-005,1990-01-01,836.3199999999999
NN3-005,1990-02-01,836.3199999999999
NN3-005,1990-03-01,3488.673878064212
NN3-005,1990-04-01,836.3199999999999
NN3-005,1990-05-01,3003.8833916177127
NN3-005,1990-06-01,11991.98000312215
NN3-005,1990-07-01,836.3199999999999
NN3-005,1990-08-01,836.3199999999999
NN3-005,1990-09-01,836.3199999999999
NN3-005,1990-10-01,836.3199999999999
NN3-005,1990-11-01,836.3199999999999
NN3-005,1990-12-01,836.3199999999999
NN3-005,1991-01-01,14427.400000000007
NN3-005,1991-02-01,836.3199999999999
NN3-005,1991-03-01,5609.73392507521
NN3-005,1991-04-01,836.3199999999999
NN3-005,1991-05-01,836.3199999999999
NN3-005,1991-06-01,12637.49329478011
NN3-005,1991-07-01,14427.400000000007
NN3-005,1991-08-01,4242.428267858295
NN3-005,1991-09-01,6291.925383536556
NN3-005,1991-10-01,836.3199999999999
NN3-005,1991-11-01,836.3199999999999
NN3-005,1991-12-01,836.3199999999999
NN3-005,1992-01-01,12095.640205058175
NN3-005,1992-02-01,1740.7526211169188
NN3-005,1992-03-01,10995.077369981125
NN3-005,1992-04-01,836.3199999999999
NN3-005,1992-05-01,14427.400000000007
NN3-005,1992-06-01,14427.400000000007
NN3-005,1992-07-01,836.3199999999999
NN3-005,1992-08-01,836.3199999999999
NN3-005,1992-09-01,14427.400000000007
NN3-005,1992-10-01,836.3199999999999
NN3-005,1992-11-01,836.3199999999999
NN3-005,1992-12-01,836.3199999999999
NN3-005,1993-01-01,836.3199999999999
NN3-005,1993-02-01,14427.400000000007
NN3-005,1993-03-01,14427.400000000007
NN3-006,1990-01-01,836.3199999999999
NN3-006,1990-02-01,5091.213481297404
NN3-006,1990-03-01,14427.400000000007
NN3-006,1990-04-01,836.3199999999999
NN3-006,1990-05-01,14427.400000000007
NN3-006,1990-06-01,836.3199999999999
NN3-006,1990-07-01,14427.400000000007
NN3-006,1990-08-01,8416.598182072112
NN3-006,1990-09-01,836.3199999999999
NN3-006,1990-10-01,14427.400000000007
NN3-006,1990-11-01,14427.400000000007
NN3-006,1990-12-01,836.3199999999999
NN3-006,1991-01-01,14427.400000000007
NN3-006,1991-02-01,14427.400000000007
NN3-006,1991-03-01,836.3199999999999
NN3-006,1991-04-01,14427.400000000007
NN3-006,1991-05-01,7131.925341092359
NN3-006,1991-06-01,836.3199999999999
NN3-006,1991-07-01,836.3199999999999
NN3-006,1991-08-01,836.3199999999999
NN3-006,1991-09-01,836.3199999999999
NN3-006,1991-10-01,14427.400000000007
NN3-006,1991-11-01,2161.6134204511472
NN3-006,1991-12-01,836.3199999999999
NN3-006,1992-01-01,836.3199999999999
NN3-006,1992-02-01,836.3199999999999
NN3-006,1992-03-01,14427.400000000007
NN3-006,1992-04-01,14427.400000000007
NN3-006,1992-05-01,14427.400000000007
NN3-006,1992-06-01,14427.400000000007
NN3-006,1992-07-01,14427.400000000007
NN3-006,1992-08-01,836.3199999999999
NN3-006,1992-09-01,14427.400000000007
NN3-006,1992-10-01,836.3199999999999
NN3-006,1992-11-01,836.3199999999999
NN3-006,1992-12-01,836.3199999999999
NN3-006,1993-01-01,836.3199999999999
NN3-006,1993-02-01,836.3199999999999
NN3-006,1993-03-01,14427.400000000007
NN3-007,1990-01-01,836.3199999999999
NN3-007,1990-02-01,14427.400000000007
NN3-007,1990-03-01,836.3199999999999
NN3-007,1990-04-01,836.3199999999999
NN3-007,1990-05-01,14427.400000000007
NN3-007,1990-06-01,14427.400000000007
NN3-007,1990-07-01,14427.400000000007
NN3-007,1990-08-01,14427.400000000007
NN3-007,1990-09-01,14427.400000000007
NN3-007,1990-10-01,836.3199999999999
NN3-007,1990-11-01,7401.206349091565
NN3-007,1990-12-01,7235.812303156774
NN3-007,1991-01-01,836.3199999999999
NN3-007,1991-02-01,14427.400000000007
NN3-007,1991-03-01,14427.400000000007
NN3-007,1991-04-01,14427.400000000007
NN3-007,1991-05-01,836.3199999999999
NN3-007,1991-06-01,836.3199999999999
NN3-007,1991-07-01,14427.400000000007
NN3-007,1991-08-01,14427.400000000007
NN3-007,1991-09-01,6308.998486683175
NN3-007,1991-10-01,14427.400000000007
NN3-007,1991-11-01,836.3199999999999
NN3-007,1991-12-01,14427.400000000007
NN3-007,1992-01-01,8035.758728958313
NN3-007,1992-02-01,14427.400000000007
NN3-007,1992-03-01,14427.400000000007
NN3-007,1992-04-01,13904.569217129561
NN3-007,1992-05-01,14427.400000000007
NN3-007,1992-06-01,14427.400000000007
NN3-007,1992-07-01,14427.400000000007
NN3-007,1992-08-01,836.3199999999999
NN3-007,1992-09-01,14427.400000000007
NN3-007,1992-10-01,10036.925307804686
NN3-007,1992-11-01,836.3199999999999
NN3-007,1992-12-01,836.3199999999999
NN3-007,1993-01-01,2587.237213543203
NN3-007,1993-02-01,836.3199999999999
NN3-007,1993-03-01,836.3199999999999
NN3-008,1990-01-01,836.3199999999999
NN3-008,1990-02-01,6936.150673362261
NN3-008,1990-03-01,836.3199999999999
NN3-008,1990-04-01,14427.400000000007
NN3-008,1990-05-01,836.3199999999999
NN3-008,1990-06-01,9442.501509482852
NN3-008,1990-07-01,14427.400000000007
NN3-008,1990-08-01,14427.400000000007
NN3-008,1990-09-01,836.3199999999999
NN3-008,1990-10-01,836.3199999999999
NN3-008,1990-11-01,836.3199999999999
NN3-008,1990-12-01,14427.400000000007
NN3-008,1991-01-01,14427.400000000007
NN3-008,1991-02-01,836.3199999999999
NN3-008,1991-03-01,4077.5187887277434
NN3-008,1991-04-01,836.3199999999999
NN3-008,1991-05-01,14427.400000000007
NN3-008,1991-06-01,836.3199999999999
NN3-008,1991-07-01,9676.355123736459
NN3-008,1991-08-01,6662.42898249882
NN3-008,1991-09-01,836.3199999999999
NN3-008,1991-10-01,836.3199999999999
NN3-008,1991-11-01,5212.5478788420605
NN3-008,1991-12-01,4842.645788066203
NN3-008,1992-01-01,14427.400000000007
NN3-008,1992-02-01,14427.400000000007
NN3-008,1992-03-01,836.3199999999999
NN3-008,1992-04-01,7948.140565850081
NN3-008,1992-05-01,836.3199999999999
NN3-008,1992-06-01,836.3199999999999
NN3-008,1992-07-01,14427.400000000007
NN3-008,1992-08-01,836.3199999999999
NN3-008,1992-09-01,836.3199999999999
NN3-008,1992-10-01,836.3199999999999
NN3-008,1992-11-01,14427.400000000007
NN3-008,1992-12-01,14427.400000000007
NN3-008,1993-01-01,13340.770743056875
NN3-008,1993-02-01,836.3199999999999
NN3-008,1993-03-01,836.3199999999999
NN3-009,1990-01-01,14427.400000000007
NN3-009,1990-02-01,836.3199999999999
NN3-009,1990-03-01,836.3199999999999
NN3-009,1990-04-01,836.3199999999999
NN3-009,1990-05-01,14427.400000000007
NN3-009,1990-06-01,836.3199999999999
NN3-009,1990-07-01,14427.400000000007
NN3-009,1990-08-01,3975.4364339886106
NN3-009,1990-09-01,836.3199999999999
NN3-009,1990-10-01,14427.400000000007
NN3-009,1990-11-01,13474.947343634389
NN3-009,1990-12-01,836.3199999999999
NN3-009,1991-01-01,836.3199999999999
NN3-009,1991-02-01,14427.400000000007
NN3-009,1991-03-01,836.3199999999999
NN3-009,1991-04-01,14427.400000000007
NN3-009,1991-05-01,836.3199999999999
NN3-009,1991-06-01,836.3199999999999
NN3-009,1991-07-01,836.3199999999999
NN3-009,1991-08-01,836.3199999999999
NN3-009,1991-09-01,4127.857019920451
NN3-009,1991-10-01,7467.081192941379
NN3-009,1991-11-01,14427.400000000007
NN3-009,1991-12-01,836.3199999999999
NN3-009,1992-01-01,836.3199999999999
NN3-009,1992-02-01,14427.400000000007
NN3-009,1992-03-01,10474.421933074314
NN3-009,1992-04-01,14427.400000000007
NN3-009,1992-05-01,836.3199999999999
NN3-009,1992-06-01,836.3199999999999
NN3-009,1992-07-01,14427.400000000007
NN3-009,1992-08-01,836.3199999999999
NN3-009,1992-09-01,9781.69359930389
NN3-009,1992-10-01,836.3199999999999
NN3-009,1992-11-01,836.3199999999999
NN3-009,1992-12-01,14427.400000000007
NN3-009,1993-01-01,836.3199999999999
NN3-009,1993-02-01,14427.400000000007
NN3-009,1993-03-01,14427.400000000007
NN3-010,1990-01-01,14427.400000000007
NN3-010,1990-02-01,836.3199999999999
NN3-010,1990-03-01,14427.400000000007
NN3-010,1990-04-01,1929.1430812693266
NN3-010,1990-05-01,14427.400000000007
NN3-010,1990-06-01,836.3199999999999
NN3-010,1990-07-01,14427.400000000007
NN3-010,1990-08-01,14427.400000000007
NN3-010,1990-09-01,836.3199999999999
NN3-010,1990-10-01,14427.400000000007
NN3-010,1990-11-01,836.3199999999999
NN3-010,1990-12-01,836.3199999999999
NN3-010,1991-01-01,8416.304588273571
NN3-010,1991-02-01,836.3199999999999
NN3-010,1991-03-01,14427.400000000007
NN3-010,1991-04-01,14427.400000000007
NN3-010,1991-05-01,14427.400000000007
NN3-010,1991-06-01,836.3199999999999
NN3-010,1991-07-01,11030.52889380392
NN3-010,1991-08-01,14427.400000000007
NN3-010,1991-09-01,14427.400000000007
NN3-010,1991-10-01,836.3199999999999
NN3-010,1991-11-01,14427.400000000007
NN3-010,1991-12-01,836.3199999999999
NN3-010,1992-01-01,8719.21331005738
NN3-010,1992-02-01,836.3199999999999
NN3-010,1992-03-01,836.3199999999999
NN3-010,1992-04-01,14427.400000000007
NN3-010,1992-05-01,14427.400000000007
NN3-010,1992-06-01,14427.400000000007
NN3-010,1992-07-01,836.3199999999999
NN3-010,1992-08-01,14427.400000000007
NN3-010,1992-09-01,10034.443638548124
NN3-010,1992-10-01,836.3199999999999
NN3-010,1992-11-01,836.3199999999999
NN3-010,1992-12-01,14427.400000000007
NN3-010,1993-01-01,1899.873851066141
NN3-010,1993-02-01,14427.400000000007
NN3-010,1993-03-01,14427.400000000007
NN3-011,1990-01-01,836.3199999999999
NN3-011,1990-02-01,14427.400000000007
NN3-011,1990-03-01,2060.522269761784
NN3-011,1990-04-01,836.3199999999999
NN3-011,1990-05-01,836.3199999999999
NN3-011,1990-06-01,836.3199999999999
NN3-011,1990-07-01,836.3199999999999
NN3-011,1990-08-01,14427.400000000007
NN3-011,1990-09-01,3402.168413967338
NN3-011,1990-10-01,836.3199999999999
NN3-011,1990-11-01,14427.400000000007
NN3-011,1990-12-01,836.3199999999999
NN3-011,1991-01-01,836.3199999999999
NN3-011,1991-02-01,14427.400000000007
NN3-011,1991-03-01,836.3199999999999
NN3-011,1991-04-01,836.3199999999999
NN3-011,1991-05-01,6473.8199163328045
NN3-011,1991-06-01,836.3199999999999
NN3-011,1991-07-01,836.3199999999999
NN3-011,1991-08-01,14427.400000000007
NN3-011,1991-09-01,14427.400000000007
NN3-011,1991-10-01,9494.654117845477
NN3-011,1991-11-01,14427.400000000007
NN3-011,1991-12-01,836.3199999999999
NN3-011,1992-01-01,836.3199999999999
NN3-011,1992-02-01,14256.93697584759
NN3-011,1992-03-01,14427.400000000007
NN3-011,1992-04-01,836.3199999999999
NN3-011,1992-05-01,836.3199999999999
NN3-011,1992-06-01,836.3199999999999
NN3-011,1992-07-01,836.3199999999999
NN3-011,1992-08-01,14398.880929514236
NN3-011,1992-09-01,836.3199999999999
NN3-011,1992-10-01,14427.400000000007
NN3-011,1992-11-01,3815.169817463731
NN3-011,1992-12-01,836.3199999999999
NN3-011,1993-01-01,836.3199999999999
NN3-011,1993-02-01,836.3199999999999
NN3-011,1993-03-01,2308.8282473670497
NN3-012,1990-01-01,836.3199999999999
NN3-012,1990-02-01,836.3199999999999
NN3-012,1990-03-01,14427.400000000007
NN3-012,1990-04-01,14427.400000000007
NN3-012,1990-05-01,14427.400000000007
NN3-012,1990-06-01,14427.400000000007
NN3-012,1990-07-01,836.3199999999999
NN3-012,1990-08-01,14427.400000000007
NN3-012,1990-09-01,836.3199999999999
NN3-012,1990-10-01,836.3199999999999
NN3-012,1990-11-01,1752.3960949106993
NN3-012,1990-12-01,836.3199999999999
NN3-012,1991-01-01,14427.400000000007
NN3-012,1991-02-01,14427.400000000007
NN3-012,1991-03-01,836.3199999999999
NN3-012,1991-04-01,836.3199999999999
NN3-012,1991-05-01,14427.400000000007
NN3-012,1991-06-01,836.3199999999999
NN3-012,1991-07-01,836.3199999999999
NN3-012,1991-08-01,836.3199999999999
NN3-012,1991-09-01,14427.400000000007
NN3-012,1991-10-01,14427.400000000007
NN3-012,1991-11-01,5305.3418919107735
NN3-012,1991-12-01,11502.889678355208
NN3-012,1992-01-01,14427.400000000007
NN3-012,1992-02-01,9311.081616404477
NN3-012,1992-03-01,1441.5947379442134
NN3-012,1992-04-01,14427.400000000007
NN3-012,1992-05-01,14427.400000000007
NN3-012,1992-06-01,6801.142603270892
NN3-012,1992-07-01,13267.259063593907
NN3-012,1992-08-01,836.3199999999999
NN3-012,1992-09-01,836.3199999999999
NN3-012,1992-10-01,9824.59338556325
NN3-012,1992-11-01,1048.0240053708976
NN3-012,1992-12-01,1724.7174721122492
NN3-012,1993-01-01,14427.400000000007
NN3-012,1993-02-01,14427.400000000007
NN3-012,1993-03-01,14427.400000000007
NN3-013,1990-01-01,14427.400000000007
NN3-013,1990-02-01,836.3199999999999
NN3-013,1990-03-01,14427.400000000007
NN3-013,1990-04-01,836.3199999999999
NN3-013,1990-05-01,9319.137635346564
NN3-013,1990-06-01,14427.400000000007
NN3-013,1990-07-01,14427.400000000007
NN3-013,1990-08-01,14427.400000000007
NN3-013,1990-09-01,14427.400000000007
NN3-013,1990-10-01,14427.400000000007
NN3-013,1990-11-01,836.3199999999999
NN3-013,1990-12-01,14427.400000000007
NN3-013,1991-01-01,1810.339690599778
NN3-013,1991-02-01,10120.13336302503
NN3-013,1991-03-01,14427.400000000007
NN3-013,1991-04-01,836.3199999999999
NN3-013,1991-05-01,836.3199999999999
NN3-013,1991-06-01,836.3199999999999
NN3-013,1991-07-01,836.3199999999999
NN3-013,1991-08-01,14427.400000000007
NN3-013,1991-09-01,8564.325762799725
NN3-013,1991-10-01,836.3199999999999
NN3-013,1991-11-01,10554.836192636565
NN3-013,1991-12-01,7603.501982717986
NN3-013,1992-01-01,14427.400000000007
NN3-013,1992-02-01,836.3199999999999
NN3-013,1992-03-01,836.3199999999999
NN3-013,1992-04-01,14427.400000000007
NN3-013,1992-05-01,12705.91792354552
NN3-013,1992-06-01,14427.400000000007
NN3-013,1992-07-01,4280.215946813261
NN3-013,1992-08-01,11117.31364494046
NN3-013,1992-09-01,836.3199999999999
NN3-013,1992-10-01,10250.352670881131
NN3-013,1992-11-01,836.3199999999999
NN3-013,1992-12-01,836.3199999999999
NN3-013,1993-01-01,14427.400000000007
NN3-013,1993-02-01,4736.498437327227
NN3-013,1993-03-01,10406.64086241725
NN3-014,1990-01-01,836.3199999999999
NN3-014,1990-02-01,836.3199999999999
NN3-014,1990-03-01,836.3199999999999
NN3-014,1990-04-01,836.3199999999999
NN3-014,1990-05-01,836.3199999999999
NN3-014,1990-06-01,2760.488271611739
NN3-014,1990-07-01,14427.400000000007
NN3-014,1990-08-01,3720.027279348571
NN3-014,1990-09-01,14427.400000000007
NN3-014,1990-10-01,14427.400000000007
NN3-014,1990-11-01,836.3199999999999
NN3-014,1990-12-01,9367.357941448648
NN3-014,1991-01-01,14427.400000000007
NN3-014,1991-02-01,836.3199999999999
NN3-014,1991-03-01,836.3199999999999
NN3-014,1991-04-01,836.3199999999999
NN3-014,1991-05-01,14364.120042475262
NN3-014,1991-06-01,14427.400000000007
NN3-014,1991-07-01,11795.001322697859
NN3-014,1991-08-01,14427.400000000007
NN3-014,1991-09-01,836.3199999999999
NN3-014,1991-10-01,836.3199999999999
NN3-014,1991-11-01,836.3199999999999
NN3-014,1991-12-01,836.3199999999999
NN3-014,1992-01-01,836.3199999999999
NN3-014,1992-02-01,14427.400000000007
NN3-014,1992-03-01,836.3199999999999
NN3-014,1992-04-01,11189.018294493253
NN3-014,1992-05-01,836.3199999999999
NN3-014,1992-06-01,14085.630435337855
NN3-014,1992-07-01,10825.770062244446
NN3-014,1992-08-01,836.3199999999999
NN3-014,1992-09-01,14427.400000000007
NN3-014,1992-10-01,14427.400000000007
NN3-014,1992-11-01,11446.4231539485
NN3-014,1992-12-01,836.3199999999999
NN3-014,1993-01-01,836.3199999999999
NN3-014,1993-02-01,836.3199999999999
NN3-014,1993-03-01,14427.400000000007
NN3-015,1990-01-01,14427.400000000007
NN3-015,1990-02-01,2392.857531831857
NN3-015,1990-03-01,8931.978664252589
NN3-015,1990-04-01,836.3199999999999
NN3-015,1990-05-01,836.3199999999999
NN3-015,1990-06-01,836.3199999999999
NN3-015,1990-07-01,5741.415088099053
NN3-015,1990-08-01,836.3199999999999
NN3-015,1990-09-01,836.3199999999999
NN3-015,1990-10-01,5645.178754395089
NN3-015,1990-11-01,836.3199999999999
NN3-015,1990-12-01,14427.400000000007
NN3-015,1991-01-01,14427.400000000007
NN3-015,1991-02-01,14427.400000000007
NN3-015,1991-03-01,836.3199999999999
NN3-015,1991-04-01,14427.400000000007
NN3-015,1991-05-01,12532.448084789765
NN3-015,1991-06-01,14427.400000000007
NN3-015,1991-07-01,14427.400000000007
NN3-015,1991-08-01,11720.50787164742
NN3-015,1991-09-01,14427.400000000007
NN3-015,1991-10-01,14427.400000000007
NN3-015,1991-11-01,3906.3883166366377
NN3-015,1991-12-01,836.3199999999999
NN3-015,1992-01-01,836.3199999999999
NN3-015,1992-02-01,14427.400000000007
NN3-015,1992-03-01,14427.400000000007
NN3-015,1992-04-01,836.3199999999999
NN3-015,1992-05-01,2916.6885702739974
NN3-015,1992-06-01,14427.400000000007
NN3-015,1992-07-01,14427.400000000007
NN3-015,1992-08-01,14427.400000000007
NN3-015,1992-09-01,836.3199999999999
NN3-015,1992-10-01,4439.294660815724
NN3-015,1992-11-01,836.3199999999999
NN3-015,1992-12-01,14427.400000000007
NN3-015,1993-01-01,5516.797096622108
NN3-015,1993-02-01,14427.400000000007
NN3-015,1993-03-01,10912.748938450684
NN3-016,1990-01-01,836.3199999999999
NN3-016,1990-02-01,14427.400000000007
NN3-016,1990-03-01,11114.862620033646
NN3-016,1990-04-01,14427.400000000007
NN3-016,1990-05-01,836.3199999999999
NN3-016,1990-06-01,836.3199999999999
NN3-016,1990-07-01,836.3199999999999
NN3-016,1990-08-01,836.3199999999999
NN3-016,1990-09-01,836.3199999999999
NN3-016,1990-10-01,14427.400000000007
NN3-016,1990-11-01,14427.400000000007
NN3-016,1990-12-01,836.3199999999999
NN3-016,1991-01-01,836.3199999999999
NN3-016,1991-02-01,14427.400000000007
NN3-016,1991-03-01,14427.400000000007
NN3-016,1991-04-01,836.3199999999999
NN3-016,1991-05-01,836.3199999999999
NN3-016,1991-06-01,3736.114937768036
NN3-016,1991-07-01,14188.913995505442
NN3-016,1991-08-01,836.3199999999999
NN3-016,1991-09-01,6279.857879689577
NN3-016,1991-10-01,836.3199999999999
NN3-016,1991-11-01,14427.400000000007
NN3-016,1991-12-01,14427.400000000007
NN3-016,1992-01-01,14427.400000000007
NN3-016,1992-02-01,836.3199999999999
NN3-016,1992-03-01,14427.400000000007
NN3-016,1992-04-01,14427.400000000007
NN3-016,1992-05-01,836.3199999999999
NN3-016,1992-06-01,14427.400000000007
NN3-016,1992-07-01,836.3199999999999
NN3-016,1992-08-01,836.3199999999999
NN3-016,1992-09-01,14427.400000000007
NN3-016,1992-10-01,14427.400000000007
NN3-016,1992-11-01,14427.400000000007
NN3-016,1992-12-01,836.3199999999999
NN3-016,1993-01-01,14427.400000000007
NN3-016,1993-02-01,6430.210780320268
NN3-016,1993-03-01,836.3199999999999
NN3-017,1990-01-01,14427.400000000007
NN3-017,1990-02-01,836.3199999999999
NN3-017,1990-03-01,836.3199999999999
NN3-017,1990-04-01,836.3199999999999
NN3-017,1990-05-01,14427.400000000007
NN3-017,1990-06-01,836.3199999999999
NN3-017,1990-07-01,3213.854357343102
NN3-017,1990-08-01,836.3199999999999
NN3-017,1990-09-01,14427.400000000007
NN3-017,1990-10-01,2509.2666100716715
NN3-017,1990-11-01,14427.400000000007
NN3-017,1990-12-01,14427.400000000007
NN3-017,1991-01-01,4550.269996461022
NN3-017,1991-02-01,14427.400000000007
NN3-017,1991-03-01,3209.5700492912124
NN3-017,1991-04-01,1356.3342775807696
NN3-017,1991-05-01,14427.400000000007
NN3-017,1991-06-01,14427.400000000007
NN3-017,1991-07-01,14427.400000000007
NN3-017,1991-08-01,14427.400000000007
NN3-017,1991-09-01,836.3199999999999
NN3-017,1991-10-01,11205.215272212405
NN3-017,1991-11-01,14427.400000000007
NN3-017,1991-12-01,14427.400000000007
NN3-017,1992-01-01,8665.175779502119
NN3-017,1992-02-01,836.3199999999999
NN3-017,1992-03-01,836.3199999999999
NN3-017,1992-04-01,6087.9145488864215
NN3-017,1992-05-01,836.3199999999999
NN3-017,1992-06-01,14427.400000000007
NN3-017,1992-07-01,14427.400000000007
NN3-017,1992-08-01,14427.400000000007
NN3-017,1992-09-01,836.3199999999999
NN3-017,1992-10-01,836.3199999999999
NN3-017,1992-11-01,836.3199999999999
NN3-017,1992-12-01,14427.400000000007
NN3-017,1993-01-01,836.3199999999999
NN3-017,1993-02-01,10796.432338912404
NN3-017,1993-03-01,13334.089784659782
NN3-018,1990-01-01,836.3199999999999
NN3-018,1990-02-01,3051.4799308205406
NN3-018,1990-03-01,836.3199999999999
NN3-018,1990-04-01,836.3199999999999
NN3-018,1990-05-01,836.3199999999999
NN3-018,1990-06-01,14427.400000000007
NN3-018,1990-07-01,836.3199999999999
NN3-018,1990-08-01,14427.400000000007
NN3-018,1990-09-01,10368.912886621518
NN3-018,1990-10-01,14427.400000000007
NN3-018,1990-11-01,5028.825378249242
NN3-018,1990-12-01,8306.21346429893
NN3-018,1991-01-01,836.3199999999999
NN3-018,1991-02-01,836.3199999999999
NN3-018,1991-03-01,1361.2737592854764
NN3-018,1991-04-01,836.3199999999999
NN3-018,1991-05-01,836.3199999999999
NN3-018,1991-06-01,11863.31243743853
NN3-018,1991-07-01,836.3199999999999
NN3-018,1991-08-01,836.3199999999999
NN3-018,1991-09-01,836.3199999999999
NN3-018,1991-10-01,14427.400000000007
NN3-018,1991-11-01,836.3199999999999
NN3-018,1991-12-01,14427.400000000007
NN3-018,1992-01-01,14427.400000000007
NN3-018,1992-02-01,11902.755700265887
NN3-018,1992-03-01,2516.6033880163463
NN3-018,1992-04-01,836.3199999999999
NN3-018,1992-05-01,836.3199999999999
NN3-018,1992-06-01,10574.206350317814
NN3-018,1992-07-01,14427.400000000007
NN3-018,1992-08-01,10400.13969520061
NN3-018,1992-09-01,836.3199999999999
NN3-018,1992-10-01,836.3199999999999
NN3-018,1992-11-01,12044.130122025115
NN3-018,1992-12-01,836.3199999999999
NN3-018,1993-01-01,836.3199999999999
NN3-018,1993-02-01,836.3199999999999
NN3-018,1993-03-01,2299.8170072565067
NN3-019,1990-01-01,836.3199999999999
NN3-019,1990-02-01,1954.2041511114771
NN3-019,1990-03-01,14427.400000000007
NN3-019,1990-04-01,836.3199999999999
NN3-019,1990-05-01,14427.400000000007
NN3-019,1990-06-01,836.3199999999999
NN3-019,1990-07-01,2106.389399325993
NN3-019,1990-08-01,836.3199999999999
NN3-019,1990-09-01,14427.400000000007
NN3-019,1990-10-01,14427.400000000007
NN3-019,1990-11-01,836.3199999999999
NN3-019,1990-12-01,14427.400000000007
NN3-019,1991-01-01,836.3199999999999
NN3-019,1991-02-01,14427.400000000007
NN3-019,1991-03-01,14427.400000000007
NN3-019,1991-04-01,965.6419936648299
NN3-019,1991-05-01,14427.400000000007
NN3-019,1991-06-01,836.3199999999999
NN3-019,1991-07-01,836.3199999999999
NN3-019,1991-08-01,14427.400000000007
NN3-019,1991-09-01,14427.400000000007
NN3-019,1991-10-01,3544.3572401879806
NN3-019,1991-11-01,836.3199999999999
NN3-019,1991-12-01,836.3199999999999
NN3-019,1992-01-01,836.3199999999999
NN3-019,1992-02-01,14427.400000000007
NN3-019,1992-03-01,836.3199999999999
NN3-019,1992-04-01,14427.400000000007
NN3-019,1992-05-01,862.1249088261711
NN3-019,1992-06-01,14427.400000000007
NN3-019,1992-07-01,836.3199999999999
NN3-019,1992-08-01,836.3199999999999
NN3-019,1992-09-01,14427.400000000007
NN3-019,1992-10-01,836.3199999999999
NN3-019,1992-11-01,836.3199999999999
NN3-019,1992-12-01,5579.735044936236
NN3-019,1993-01-01,14427.400000000007
NN3-019,1993-02-01,1297.3695801430827
NN3-019,1993-03-01,13989.739423873174
NN3-020,1990-01-01,3091.2361670019072
NN3-020,1990-02-01,836.3199999999999
NN3-020,1990-03-01,12096.024637652037
NN3-020,1990-04-01,836.3199999999999
NN3-020,1990-05-01,836.3199999999999
NN3-020,1990-06-01,836.3199999999999
NN3-020,1990-07-01,836.3199999999999
NN3-020,1990-08-01,14427.400000000007
NN3-020,1990-09-01,836.3199999999999
NN3-020,1990-10-01,14427.400000000007
NN3-020,1990-11-01,14427.400000000007
NN3-020,1990-12-01,14427.400000000007
NN3-020,1991-01-01,836.3199999999999
NN3-020,1991-02-01,836.3199999999999
NN3-020,1991-03-01,10688.421279398794
NN3-020,1991-04-01,836.3199999999999
NN3-020,1991-05-01,8010.450183145675
NN3-020,1991-06-01,14427.400000000007
NN3-020,1991-07-01,14427.400000000007
NN3-020,1991-08-01,836.3199999999999
NN3-020,1991-09-01,1452.2030954487623
NN3-020,1991-10-01,14427.400000000007
NN3-020,1991-11-01,836.3199999999999
NN3-020,1991-12-01,14427.400000000007
NN3-020,1992-01-01,14427.400000000007
NN3-020,1992-02-01,14427.400000000007
NN3-020,1992-03-01,14427.400000000007
NN3-020,1992-04-01,14427.400000000007
NN3-020,1992-05-01,1126.0451061603044
NN3-020,1992-06-01,836.3199999999999
NN3-020,1992-07-01,6671.377684319333
NN3-020,1992-08-01,836.3199999999999
NN3-020,1992-09-01,5708.153515996744
NN3-020,1992-10-01,14427.400000000007
NN3-020,1992-11-01,836.3199999999999
NN3-020,1992-12-01,6099.663263737102
NN3-020,1993-01-01,836.3199999999999
NN3-020,1993-02-01,836.3199999999999
NN3-020,1993-03-01,836.3199999999999
NN3-021,1990-01-01,836.3199999999999
NN3-021,1990-02-01,8108.594189082267
NN3-021,1990-03-01,836.3199999999999
NN3-021,1990-04-01,14427.400000000007
NN3-021,1990-05-01,11728.709341114652
NN3-021,1990-06-01,6396.912768801738
NN3-021,1990-07-01,2155.0008092017038
NN3-021,1990-08-01,14427.400000000007
NN3-021,1990-09-01,6967.269928957865
NN3-021,1990-10-01,836.3199999999999
NN3-021,1990-11-01,13159.798373142738
NN3-021,1990-12-01,836.3199999999999
NN3-021,1991-01-01,836.3199999999999
NN3-021,1991-02-01,14427.400000000007
NN3-021,1991-03-01,2187.897297098887
NN3-021,1991-04-01,6847.714198551736
NN3-021,1991-05-01,6919.958687032295
NN3-021,1991-06-01,12308.162820567786
NN3-021,1991-07-01,836.3199999999999
NN3-021,1991-08-01,836.3199999999999
NN3-021,1991-09-01,836.3199999999999
NN3-021,1991-10-01,836.3199999999999
NN3-021,1991-11-01,14427.400000000007
NN3-021,1991-12-01,11448.219425164745
NN3-021,1992-01-01,14427.400000000007
NN3-021,1992-02-01,14427.400000000007
NN3-021,1992-03-01,836.3199999999999
NN3-021,1992-04-01,14427.400000000007
NN3-021,1992-05-01,836.3199999999999
NN3-021,1992-06-01,14427.400000000007
NN3-021,1992-07-01,14427.400000000007
NN3-021,1992-08-01,14427.400000000007
NN3-021,1992-09-01,14427.400000000007
NN3-021,1992-10-01,14427.400000000007
NN3-021,1992-11-01,836.3199999999999
NN3-021,1992-12-01,836.3199999999999
NN3-021,1993-01-01,14427.400000000007
NN3-021,1993-02-01,13448.80282889121
NN3-021,1993-03-01,836.3199999999999
NN3-022,1990-01-01,14427.400000000007
NN3-022,1990-02-01,14427.400000000007
NN3-022,1990-03-01,14427.400000000007
NN3-022,1990-04-01,7534.690150283945
NN3-022,1990-05-01,14427.400000000007
NN3-022,1990-06-01,836.3199999999999
NN3-022,1990-07-01,2424.695945544853
NN3-022,1990-08-01,10371.106226379463
NN3-022,1990-09-01,836.3199999999999
NN3-022,1990-10-01,836.3199999999999
NN3-022,1990-11-01,836.3199999999999
NN3-022,1990-12-01,5394.7940095825015
NN3-022,1991-01-01,14427.400000000007
NN3-022,1991-02-01,836.3199999999999
NN3-022,1991-03-01,9032.369283040176
NN3-022,1991-04-01,836.3199999999999
NN3-022,1991-05-01,14427.400000000007
NN3-022,1991-06-01,836.3199999999999
NN3-022,1991-07-01,836.3199999999999
NN3-022,1991-08-01,930.0497724113845
NN3-022,1991-09-01,836.3199999999999
NN3-022,1991-10-01,836.3199999999999
NN3-022,1991-11-01,836.3199999999999
NN3-022,1991-12-01,14427.400000000007
NN3-022,1992-01-01,14427.400000000007
NN3-022,1992-02-01,836.3199999999999
NN3-022,1992-03-01,836.3199999999999
NN3-022,1992-04-01,13451.948439812842
NN3-022,1992-05-01,836.3199999999999
NN3-022,1992-06-01,14427.400000000007
NN3-022,1992-07-01,836.3199999999999
NN3-022,1992-08-01,836.3199999999999
NN3-022,1992-09-01,14427.400000000007
NN3-022,1992-10-01,836.3199999999999
NN3-022,1992-11-01,14427.400000000007
NN3-022,1992-12-01,836.3199999999999
NN3-022,1993-01-01,14427.400000000007
NN3-022,1993-02-01,14427.400000000007
NN3-023,1990-01-01,944.442781084259
NN3-023,1990-02-01,1783.0762688332084
NN3-023,1990-03-01,940.6221136845934
NN3-023,1990-04-01,836.3199999999999
NN3-023,1990-05-01,836.3199999999999
NN3-023,1990-06-01,836.3199999999999
NN3-023,1990-07-01,14427.400000000007
NN3-023,1990-08-01,836.3199999999999
NN3-023,1990-09-01,836.3199999999999
NN3-023,1990-10-01,836.3199999999999
NN3-023,1990-11-01,836.3199999999999
NN3-023,1990-12-01,836.3199999999999
NN3-023,1991-01-01,14427.400000000007
NN3-023,1991-02-01,2438.506275339263
NN3-023,1991-03-01,14374.227768554285
NN3-023,1991-04-01,14427.400000000007
NN3-023,1991-05-01,14427.400000000007
NN3-023,1991-06-01,836.3199999999999
NN3-023,1991-07-01,3281.141686117115
NN3-023,1991-08-01,14427.400000000007
NN3-023,1991-09-01,14427.400000000007
NN3-023,1991-10-01,14427.400000000007
NN3-023,1991-11-01,836.3199999999999
NN3-023,1991-12-01,4885.227272210125
NN3-023,1992-01-01,3945.9992302408796
NN3-023,1992-02-01,14427.400000000007
NN3-023,1992-03-01,836.3199999999999
NN3-023,1992-04-01,14427.400000000007
NN3-023,1992-05-01,10744.171309427617
NN3-023,1992-06-01,836.3199999999999
NN3-023,1992-07-01,836.3199999999999
NN3-023,1992-08-01,836.3199999999999
NN3-023,1992-09-01,836.3199999999999
NN3-023,1992-10-01,14427.400000000007
NN3-023,1992-11-01,836.3199999999999
NN3-023,1992-12-01,836.3199999999999
NN3-023,1993-01-01,836.3199999999999
NN3-023,1993-02-01,14427.400000000007
NN3-023,1993-03-01,14427.400000000007
NN3-024,1990-01-01,7351.589456196799
NN3-024,1990-02-01,14427.400000000007
NN3-024,1990-03-01,6579.0392430989905
NN3-024,1990-04-01,836.3199999999999
NN3-024,1990-05-01,836.3199999999999
NN3-024,1990-06-01,836.3199999999999
NN3-024,1990-07-01,14427.400000000007
NN3-024,1990-08-01,14427.400000000007
NN3-024,1990-09-01,836.3199999999999
NN3-024,1990-10-01,14427.400000000007
NN3-024,1990-11-01,836.3199999999999
NN3-024,1990-12-01,9561.977900564081
NN3-024,1991-01-01,14427.400000000007
NN3-024,1991-02-01,14427.400000000007
NN3-024,1991-03-01,14427.400000000007
NN3-024,1991-04-01,14427.400000000007
NN3-024,1991-05-01,836.3199999999999
NN3-024,1991-06-01,14427.400000000007
NN3-024,1991-07-01,4210.226494735725
NN3-024,1991-08-01,14427.400000000007
NN3-024,1991-09-01,14427.400000000007
NN3-024,1991-10-01,14427.400000000007
NN3-024,1991-11-01,14427.400000000007
NN3-024,1991-12-01,836.3199999999999
NN3-024,1992-01-01,14427.400000000007
NN3-024,1992-02-01,14427.400000000007
NN3-024,1992-03-01,836.3199999999999
NN3-024,1992-04-01,836.3199999999999
NN3-024,1992-05-01,10867.38515161163
NN3-024,1992-06-01,14427.400000000007
NN3-024,1992-07-01,4039.1153091530564
NN3-024,1992-08-01,14427.400000000007
NN3-024,1992-09-01,14427.400000000007
NN3-024,1992-10-01,14427.400000000007
NN3-024,1992-11-01,14427.400000000007
NN3-024,1992-12-01,836.3199999999999
NN3-024,1993-01-01,13042.52610115273
NN3-024,1993-02-01,836.3199999999999
NN3-024,1993-03-01,836.3199999999999
NN3-025,1990-01-01,14427.400000000007
NN3-025,1990-02-01,836.3199999999999
NN3-025,1990-03-01,14427.400000000007
NN3-025,1990-04-01,14427.400000000007
NN3-025,1990-05-01,836.3199999999999
NN3-025,1990-06-01,836.3199999999999
NN3-025,1990-07-01,836.3199999999999
NN3-025,1990-08-01,14427.400000000007
NN3-025,1990-09-01,836.3199999999999
NN3-025,1990-10-01,836.3199999999999
NN3-025,1990-11-01,14427.400000000007
NN3-025,1990-12-01,14427.400000000007
NN3-025,1991-01-01,14427.400000000007
NN3-025,1991-02-01,14427.400000000007
NN3-025,1991-03-01,836.3199999999999
NN3-025,1991-04-01,14427.400000000007
NN3-025,1991-05-01,14427.400000000007
NN3-025,1991-06-01,836.3199999999999
NN3-025,1991-07-01,836.3199999999999
NN3-025,1991-08-01,14427.400000000007
NN3-025,1991-09-01,14427.400000000007
NN3-025,1991-10-01,836.3199999999999
NN3-025,1991-11-01,10664.714536364892
NN3-025,1991-12-01,836.3199999999999
NN3-025,1992-01-01,836.3199999999999
NN3-025,1992-02-01,14427.400000000007
NN3-025,1992-03-01,836.3199999999999
NN3-025,1992-04-01,836.3199999999999
NN3-025,1992-05-01,14427.400000000007
NN3-025,1992-06-01,1088.184632920339
NN3-025,1992-07-01,836.3199999999999
NN3-025,1992-08-01,14427.400000000007
NN3-025,1992-09-01,14427.400000000007
NN3-025,1992-10-01,836.3199999999999
NN3-025,1992-11-01,14427.400000000007
NN3-025,1992-12-01,836.3199999999999
NN3-025,1993-01-01,836.3199999999999
NN3-025,1993-02-01,836.3199999999999
NN3-025,1993-03-01,14427.400000000007
NN3-026,1990-01-01,14427.400000000007
NN3-026,1990-02-01,836.3199999999999
NN3-026,1990-03-01,836.3199999999999
NN3-026,1990-04-01,836.3199999999999
NN3-026,1990-05-01,836.3199999999999
NN3-026,1990-06-01,836.3199999999999
NN3-026,1990-07-01,836.3199999999999
NN3-026,1990-08-01,5671.057838158646
NN3-026,1990-09-01,14427.400000000007
NN3-026,1990-10-01,836.3199999999999
NN3-026,1990-11-01,1764.3859145821336
NN3-026,1990-12-01,14427.400000000007
NN3-026,1991-01-01,2020.9810464813886
NN3-026,1991-02-01,9247.370292538704
NN3-026,1991-03-01,836.3199999999999
NN3-026,1991-04-01,14427.400000000007
NN3-026,1991-05-01,14427.400000000007
NN3-026,1991-06-01,14427.400000000007
NN3-026,1991-07-01,10355.503178353521
NN3-026,1991-08-01,14427.400000000007
NN3-026,1991-09-01,836.3199999999999
NN3-026,1991-10-01,836.3199999999999
NN3-026,1991-11-01,836.3199999999999
NN3-026,1991-12-01,836.3199999999999
NN3-026,1992-01-01,14427.400000000007
NN3-026,1992-02-01,836.3199999999999
NN3-026,1992-03-01,1396.2746339439036
NN3-026,1992-04-01,836.3199999999999
NN3-026,1992-05-01,1623.6406047628827
NN3-026,1992-06-01,3188.8451712472074
NN3-026,1992-07-01,836.3199999999999
NN3-026,1992-08-01,836.3199999999999
NN3-026,1992-09-01,14427.400000000007
NN3-026,1992-10-01,14427.400000000007
NN3-026,1992-11-01,14427.400000000007
NN3-026,1992-12-01,836.3199999999999
NN3-026,1993-01-01,836.3199999999999
NN3-026,1993-02-01,3856.133634427447
NN3-026,1993-03-01,836.3199999999999
NN3-027,1990-01-01,14427.400000000007
NN3-027,1990-02-01,13730.074812619465
NN3-027,1990-03-01,836.3199999999999
NN3-027,1990-04-01,14427.400000000007
NN3-027,1990-05-01,2800.532188368774
NN3-027,1990-06-01,9194.505987423241
NN3-027,1990-07-01,3457.736339422173
NN3-027,1990-08-01,836.3199999999999
NN3-027,1990-09-01,836.3199999999999
NN3-027,1990-10-01,836.3199999999999
NN3-027,1990-11-01,836.3199999999999
NN3-027,1990-12-01,14427.400000000007
NN3-027,1991-01-01,14427.400000000007
NN3-027,1991-02-01,14427.400000000007
NN3-027,1991-03-01,14427.400000000007
NN3-027,1991-04-01,11490.857064952199
NN3-027,1991-05-01,12093.117493722844
NN3-027,1991-06-01,836.3199999999999
NN3-027,1991-07-01,14427.400000000007
NN3-027,1991-08-01,836.3199999999999
NN3-027,1991-09-01,7972.475882549003
NN3-027,1991-10-01,836.3199999999999
NN3-027,1991-11-01,12916.126896978167
NN3-027,1991-12-01,836.3199999999999
NN3-027,1992-01-01,14427.400000000007
NN3-027,1992-02-01,836.3199999999999
NN3-027,1992-03-01,836.3199999999999
NN3-027,1992-04-01,836.3199999999999
NN3-027,1992-05-01,836.3199999999999
NN3-027,1992-06-01,836.3199999999999
NN3-027,1992-07-01,836.3199999999999
NN3-027,1992-08-01,14427.400000000007
NN3-027,1992-09-01,3808.7276912519337
NN3-027,1992-10-01,836.3199999999999
NN3-027,1992-11-01,836.3199999999999
NN3-027,1992-12-01,836.3199999999999
NN3-027,1993-01-01,14427.400000000007
NN3-027,1993-02-01,836.3199999999999
NN3-027,1993-03-01,6240.457633269149
NN3-028,1990-01-01,836.3199999999999
NN3-028,1990-02-01,836.3199999999999
NN3-028,1990-03-01,14427.400000000007
NN3-028,1990-04-01,836.3199999999999
NN3-028,1990-05-01,9775.067267565459
NN3-028,1990-06-01,836.3199999999999
NN3-028,1990-07-01,836.3199999999999
NN3-028,1990-08-01,836.3199999999999
NN3-028,1990-09-01,836.3199999999999
NN3-028,1990-10-01,836.3199999999999
NN3-028,1990-11-01,836.3199999999999
NN3-028,1990-12-01,836.3199999999999
NN3-028,1991-01-01,836.3199999999999
NN3-028,1991-02-01,836.3199999999999
NN3-028,1991-03-01,14427.400000000007
NN3-028,1991-04-01,14427.400000000007
NN3-028,1991-05-01,836.3199999999999
NN3-028,1991-06-01,836.3199999999999
NN3-028,1991-07-01,836.3199999999999
NN3-028,1991-08-01,2416.4970936630925
NN3-028,1991-09-01,7108.728012382279
NN3-028,1991-10-01,836.3199999999999
NN3-028,1991-11-01,14427.400000000007
NN3-028,1991-12-01,836.3199999999999
NN3-028,1992-01-01,1574.3449496130315
NN3-028,1992-02-01,8558.930906438873
NN3-028,1992-03-01,14427.400000000007
NN3-028,1992-04-01,836.3199999999999
NN3-028,1992-05-01,836.3199999999999
NN3-028,1992-06-01,14427.400000000007
NN3-028,1992-07-01,14427.400000000007
NN3-028,1992-08-01,3240.878276266628
NN3-028,1992-09-01,14427.400000000007
NN3-028,1992-10-01,13338.425132262892
NN3-028,1992-11-01,836.3199999999999
NN3-028,1992-12-01,836.3199999999999
NN3-028,1993-01-01,5809.783099162778
NN3-028,1993-02-01,14427.400000000007
NN3-028,1993-03-01,14427.400000000007
NN3-029,1990-01-01,14427.400000000007
NN3-029,1990-02-01,11527.180455779338
NN3-029,1990-03-01,1104.6356181501797
NN3-029,1990-04-01,836.3199999999999
NN3-029,1990-05-01,836.3199999999999
NN3-029,1990-06-01,14427.400000000007
NN3-029,1990-07-01,1472.6115699718184
NN3-029,1990-08-01,836.3199999999999
NN3-029,1990-09-01,9704.465313283717
NN3-029,1990-10-01,8581.312780848213
NN3-029,1990-11-01,836.3199999999999
NN3-029,1990-12-01,836.3199999999999
NN3-029,1991-01-01,836.3199999999999
NN3-029,1991-02-01,836.3199999999999
NN3-029,1991-03-01,14427.400000000007
NN3-029,1991-04-01,14427.400000000007
NN3-029,1991-05-01,14427.400000000007
NN3-029,1991-06-01,14427.400000000007
NN3-029,1991-07-01,836.3199999999999
NN3-029,1991-08-01,9275.331593882172
NN3-029,1991-09-01,836.3199999999999
NN3-029,1991-10-01,2602.664722588366
NN3-029,1991-11-01,836.3199999999999
NN3-029,1991-12-01,14427.400000000007
NN3-029,1992-01-01,14427.400000000007
NN3-029,1992-02-01,9656.00191869866
NN3-029,1992-03-01,836.3199999999999
NN3-029,1992-04-01,836.3199999999999
NN3-029,1992-05-01,12286.336055859003
NN3-029,1992-06-01,836.3199999999999
NN3-029,1992-07-01,836.3199999999999
NN3-029,1992-08-01,2897.599213276282
NN3-029,1992-09-01,14427.400000000007
NN3-029,1992-10-01,14427.400000000007
NN3-029,1992-11-01,14427.400000000007
NN3-029,1992-12-01,14427.400000000007
NN3-029,1993-01-01,13364.240983232314
NN3-029,1993-02-01,836.3199999999999
NN3-029,1993-03-01,9406.755050623819
NN3-030,1990-01-01,14427.400000000007
NN3-030,1990-02-01,836.3199999999999
NN3-030,1990-03-01,14427.400000000007
NN3-030,1990-04-01,7275.599418354493
NN3-030,1990-05-01,836.3199999999999
NN3-030,1990-06-01,836.3199999999999
NN3-030,1990-07-01,836.3199999999999
NN3-030,1990-08-01,10338.002868626976
NN3-030,1990-09-01,14427.400000000007
NN3-030,1990-10-01,836.3199999999999
NN3-030,1990-11-01,836.3199999999999
NN3-030,1990-12-01,836.3199999999999
NN3-030,1991-01-01,836.3199999999999
NN3-030,1991-02-01,836.3199999999999
NN3-030,1991-03-01,14427.400000000007
NN3-030,1991-04-01,14427.400000000007
NN3-030,1991-05-01,14427.400000000007
NN3-030,1991-06-01,836.3199999999999
NN3-030,1991-07-01,14427.400000000007
NN3-030,1991-08-01,836.3199999999999
NN3-030,1991-09-01,13353.959115889247
NN3-030,1991-10-01,1357.7944202645858
NN3-030,1991-11-01,9479.307452687866
NN3-030,1991-12-01,14321.13683118812
NN3-030,1992-01-01,836.3199999999999
NN3-030,1992-02-01,5604.030070528097
NN3-030,1992-03-01,836.3199999999999
NN3-030,1992-04-01,14427.400000000007
NN3-030,1992-05-01,836.3199999999999
NN3-030,1992-06-01,836.3199999999999
NN3-030,1992-07-01,9730.637109718245
NN3-030,1992-08-01,836.3199999999999
NN3-030,1992-09-01,6409.191083829614
NN3-030,1992-10-01,836.3199999999999
NN3-030,1992-11-01,3019.5554971727393
NN3-030,1992-12-01,10187.698394578185
NN3-030,1993-01-01,14427.400000000007
NN3-030,1993-02-01,14427.400000000007
NN3-030,1993-03-01,6235.887231362387
NN3-031,1990-01-01,14427.400000000007
NN3-031,1990-02-01,836.3199999999999
NN3-031,1990-03-01,14427.400000000007
NN3-031,1990-04-01,836.3199999999999
NN3-031,1990-05-01,9024.34361495385
NN3-031,1990-06-01,6487.131570910977
NN3-031,1990-07-01,14427.400000000007
NN3-031,1990-08-01,836.3199999999999
NN3-031,1990-09-01,836.3199999999999
NN3-031,1990-10-01,836.3199999999999
NN3-031,1990-11-01,836.3199999999999
NN3-031,1990-12-01,9627.665130955482
NN3-031,1991-01-01,10843.987909246795
NN3-031,1991-02-01,4674.724273954835
NN3-031,1991-03-01,14427.400000000007
NN3-031,1991-04-01,836.3199999999999
NN3-031,1991-05-01,14427.400000000007
NN3-031,1991-06-01,836.3199999999999
NN3-031,1991-07-01,836.3199999999999
NN3-031,1991-08-01,11608.273292476697
NN3-031,1991-09-01,836.3199999999999
NN3-031,1991-10-01,1506.5640958729894
NN3-031,1991-11-01,8757.811747340154
NN3-031,1991-12-01,14427.400000000007
NN3-031,1992-01-01,14427.400000000007
NN3-031,1992-02-01,836.3199999999999
NN3-031,1992-03-01,5366.369485708377
NN3-031,1992-04-01,5446.748127626385
NN3-031,1992-05-01,14427.400000000007
NN3-031,1992-06-01,10524.330547854734
NN3-031,1992-07-01,14427.400000000007
NN3-031,1992-08-01,836.3199999999999
NN3-031,1992-09-01,14427.400000000007
NN3-031,1992-10-01,836.3199999999999
NN3-031,1992-11-01,836.3199999999999
NN3-031,1992-12-01,836.3199999999999
NN3-031,1993-01-01,836.3199999999999
NN3-031,1993-02-01,836.3199999999999
NN3-032,1990-01-01,14427.400000000007
NN3-032,1990-02-01,14427.400000000007
NN3-032,1990-03-01,10130.440631578607
NN3-032,1990-04-01,7913.148805697019
NN3-032,1990-05-01,836.3199999999999
NN3-032,1990-06-01,836.3199999999999
NN3-032,1990-07-01,11843.218206073914
NN3-032,1990-08-01,836.3199999999999
NN3-032,1990-09-01,836.3199999999999
NN3-032,1990-10-01,836.3199999999999
NN3-032,1990-11-01,14427.400000000007
NN3-032,1990-12-01,2439.8317279547314
NN3-032,1991-01-01,14427.400000000007
NN3-032,1991-02-01,14427.400000000007
NN3-032,1991-03-01,4245.149411753246
NN3-032,1991-04-01,14427.400000000007
NN3-032,1991-05-01,7375.60349828516
NN3-032,1991-06-01,836.3199999999999
NN3-032,1991-07-01,11012.852726074958
NN3-032,1991-08-01,9362.0692733544
NN3-032,1991-09-01,3987.624341096243
NN3-032,1991-10-01,14427.400000000007
NN3-032,1991-11-01,836.3199999999999
NN3-032,1991-12-01,2628.234018588598
NN3-032,1992-01-01,836.3199999999999
NN3-032,1992-02-01,14427.400000000007
NN3-032,1992-03-01,836.3199999999999
NN3-032,1992-04-01,14427.400000000007
NN3-032,1992-05-01,836.3199999999999
NN3-032,1992-06-01,14427.400000000007
NN3-032,1992-07-01,14427.400000000007
NN3-032,1992-08-01,836.3199999999999
NN3-032,1992-09-01,14427.400000000007
NN3-032,1992-10-01,1999.8894003309406
NN3-032,1992-11-01,836.3199999999999
NN3-032,1992-12-01,12513.965333634096
NN3-032,1993-01-01,836.3199999999999
NN3-032,1993-02-01,14427.400000000007
NN3-032,1993-03-01,14427.400000000007
NN3-033,1990-01-01,836.3199999999999
NN3-033,1990-02-01,836.3199999999999
NN3-033,1990-03-01,836.3199999999999
NN3-033,1990-04-01,836.3199999999999
NN3-033,1990-05-01,4571.396858927476
NN3-033,1990-06-01,6865.536527318275
NN3-033,1990-07-01,7604.264101207962
NN3-033,1990-08-01,2358.0786811373982
NN3-033,1990-09-01,14427.400000000007
NN3-033,1990-10-01,14427.400000000007
NN3-033,1990-11-01,836.3199999999999
NN3-033,1990-12-01,6076.615237907311
NN3-033,1991-01-01,836.3199999999999
NN3-033,1991-02-01,3380.3178398295263
NN3-033,1991-03-01,836.3199999999999
NN3-033,1991-04-01,14427.400000000007
NN3-033,1991-05-01,14427.400000000007
NN3-033,1991-06-01,5618.424838003143
NN3-033,1991-07-01,14427.400000000007
NN3-033,1991-08-01,11038.182494877192
NN3-033,1991-09-01,836.3199999999999
NN3-033,1991-10-01,836.3199999999999
NN3-033,1991-11-01,14427.400000000007
NN3-033,1991-12-01,6652.533484873663
NN3-033,1992-01-01,3116.8691731372282
NN3-033,1992-02-01,11736.902343875765
NN3-033,1992-03-01,836.3199999999999
NN3-033,1992-04-01,10146.999512261671
NN3-033,1992-05-01,14427.400000000007
NN3-033,1992-06-01,836.3199999999999
NN3-033,1992-07-01,1617.4245804516331
NN3-033,1992-08-01,836.3199999999999
NN3-033,1992-09-01,14427.400000000007
NN3-033,1992-10-01,14427.400000000007
NN3-033,1992-11-01,836.3199999999999
NN3-033,1992-12-01,2120.8362649282712
NN3-033,1993-01-01,836.3199999999999
NN3-033,1993-02-01,836.3199999999999
NN3-033,1993-03-01,4270.448567765361
NN3-034,1990-01-01,14427.400000000007
NN3-034,1990-02-01,6679.034812211918
NN3-034,1990-03-01,14427.400000000007
NN3-034,1990-04-01,836.3199999999999
NN3-034,1990-05-01,836.3199999999999
NN3-034,1990-06-01,836.3199999999999
NN3-034,1990-07-01,836.3199999999999
NN3-034,1990-08-01,6021.943964506284
NN3-034,1990-09-01,2936.5122046019333
NN3-034,1990-10-01,6207.0302549273165
NN3-034,1990-11-01,1370.295205714423
NN3-034,1990-12-01,14427.400000000007
NN3-034,1991-01-01,14427.400000000007
NN3-034,1991-02-01,14427.400000000007
NN3-034,1991-03-01,9457.077528965661
NN3-034,1991-04-01,836.3199999999999
NN3-034,1991-05-01,14427.400000000007
NN3-034,1991-06-01,14427.400000000007
NN3-034,1991-07-01,836.3199999999999
NN3-034,1991-08-01,5070.843003230987
NN3-034,1991-09-01,836.3199999999999
NN3-034,1991-10-01,14427.400000000007
NN3-034,1991-11-01,11156.01927080964
NN3-034,1991-12-01,3691.7178915169247
NN3-034,1992-01-01,836.3199999999999
NN3-034,1992-02-01,836.3199999999999
NN3-034,1992-03-01,14427.400000000007
NN3-034,1992-04-01,2701.723229118346
NN3-034,1992-05-01,14427.400000000007
NN3-034,1992-06-01,836.3199999999999
NN3-034,1992-07-01,9545.513945152956
NN3-034,1992-08-01,5366.72455726214
NN3-034,1992-09-01,836.3199999999999
NN3-034,1992-10-01,14427.400000000007
NN3-034,1992-11-01,14427.400000000007
NN3-034,1992-12-01,14427.400000000007
NN3-034,1993-01-01,836.3199999999999
NN3-034,1993-02-01,1579.264513794365
NN3-034,1993-03-01,9409.926368327577
NN3-035,1990-01-01,836.3199999999999
NN3-035,1990-02-01,13502.303713334344
NN3-035,1990-03-01,836.3199999999999
NN3-035,1990-04-01,836.3199999999999
NN3-035,1990-05-01,836.3199999999999
NN3-035,1990-06-01,14427.400000000007
NN3-035,1990-07-01,4393.729044931803
NN3-035,1990-08-01,14070.384821530371
NN3-035,1990-09-01,11485.012623952174
NN3-035,1990-10-01,14427.400000000007
NN3-035,1990-11-01,836.3199999999999
NN3-035,1990-12-01,836.3199999999999
NN3-035,1991-01-01,14427.400000000007
NN3-035,1991-02-01,836.3199999999999
NN3-035,1991-03-01,836.3199999999999
NN3-035,1991-04-01,836.3199999999999
NN3-035,1991-05-01,836.3199999999999
NN3-035,1991-06-01,14427.400000000007
NN3-035,1991-07-01,836.3199999999999
NN3-035,1991-08-01,836.3199999999999
NN3-035,1991-09-01,10444.82358080585
NN3-035,1991-10-01,5495.436306001788
NN3-035,1991-11-01,836.3199999999999
NN3-035,1991-12-01,836.3199999999999
NN3-035,1992-01-01,836.3199999999999
NN3-035,1992-02-01,836.3199999999999
NN3-035,1992-03-01,836.3199999999999
NN3-035,1992-04-01,836.3199999999999
NN3-035,1992-05-01,836.3199999999999
NN3-035,1992-06-01,14427.400000000007
NN3-035,1992-07-01,4202.975265890937
NN3-035,1992-08-01,7104.7416903197445
NN3-035,1992-09-01,836.3199999999999
NN3-035,1992-10-01,836.3199999999999
NN3-035,1992-11-01,14427.400000000007
NN3-035,1992-12-01,836.3199999999999
NN3-035,1993-01-01,836.3199999999999
NN3-035,1993-02-01,836.3199999999999
NN3-035,1993-03-01,836.3199999999999
NN3-036,1990-01-01,14427.400000000007
NN3-036,1990-02-01,4566.229258136569
NN3-036,1990-03-01,14427.400000000007
NN3-036,1990-04-01,836.3199999999999
NN3-036,1990-05-01,836.3199999999999
NN3-036,1990-06-01,14427.400000000007
NN3-036,1990-07-01,14427.400000000007
NN3-036,1990-08-01,836.3199999999999
NN3-036,1990-09-01,9405.560676731355
NN3-036,1990-10-01,14427.400000000007
NN3-036,1990-11-01,836.3199999999999
NN3-036,1990-12-01,836.3199999999999
NN3-036,1991-01-01,836.3199999999999
NN3-036,1991-02-01,836.3199999999999
NN3-036,1991-03-01,14427.400000000007
NN3-036,1991-04-01,11101.24833654844
NN3-036,1991-05-01,10053.618346050655
NN3-036,1991-06-01,14427.400000000007
NN3-036,1991-07-01,14427.400000000007
NN3-036,1991-08-01,836.3199999999999
NN3-036,1991-09-01,836.3199999999999
NN3-036,1991-10-01,14427.400000000007
NN3-036,1991-11-01,836.3199999999999
NN3-036,1991-12-01,11625.375351750605
NN3-036,1992-01-01,836.3199999999999
NN3-036,1992-02-01,3513.2605895147417
NN3-036,1992-03-01,14427.400000000007
NN3-036,1992-04-01,836.3199999999999
NN3-036,1992-05-01,14427.400000000007
NN3-036,1992-06-01,11776.996571011765
NN3-036,1992-07-01,14427.400000000007
NN3-036,1992-08-01,14427.400000000007
NN3-036,1992-09-01,836.3199999999999
NN3-036,1992-10-01,836.3199999999999
NN3-036,1992-11-01,836.3199999999999
NN3-036,1992-12-01,14427.400000000007
NN3-036,1993-01-01,836.3199999999999
NN3-036,1993-02-01,9493.037805210563
NN3-036,1993-03-01,14427.400000000007
NN3-037,1990-01-01,14427.400000000007
NN3-037,1990-02-01,14427.400000000007
NN3-037,1990-03-01,14427.400000000007
NN3-037,1990-04-01,836.3199999999999
NN3-037,1990-05-01,14427.400000000007
NN3-037,1990-06-01,836.3199999999999
NN3-037,1990-07-01,14427.400000000007
NN3-037,1990-08-01,836.3199999999999
NN3-037,1990-09-01,836.3199999999999
NN3-037,1990-10-01,14427.400000000007
NN3-037,1990-11-01,7570.166625867134
NN3-037,1990-12-01,14427.400000000007
NN3-037,1991-01-01,836.3199999999999
NN3-037,1991-02-01,836.3199999999999
NN3-037,1991-03-01,14427.400000000007
NN3-037,1991-04-01,836.3199999999999
NN3-037,1991-05-01,14427.400000000007
NN3-037,1991-06-01,836.3199999999999
NN3-037,1991-07-01,14427.400000000007
NN3-037,1991-08-01,836.3199999999999
NN3-037,1991-09-01,14427.400000000007
NN3-037,1991-10-01,836.3199999999999
NN3-037,1991-11-01,836.3199999999999
NN3-037,1991-12-01,836.3199999999999
NN3-037,1992-01-01,1468.731133666126
NN3-037,1992-02-01,14427.400000000007
NN3-037,1992-03-01,8746.447561365938
NN3-037,1992-04-01,836.3199999999999
NN3-037,1992-05-01,5798.000047845964
NN3-037,1992-06-01,9424.527736496233
NN3-037,1992-07-01,836.3199999999999
NN3-037,1992-08-01,14427.400000000007
NN3-037,1992-09-01,836.3199999999999
NN3-037,1992-10-01,836.3199999999999
NN3-037,1992-11-01,836.3199999999999
NN3-037,1992-12-01,836.3199999999999
NN3-037,1993-01-01,14427.400000000007
NN3-037,1993-02-01,836.3199999999999
NN3-037,1993-03-01,14427.400000000007
NN3-038,1990-01-01,836.3199999999999
NN3-038,1990-02-01,4886.279511680192
NN3-038,1990-03-01,12442.77181238003
NN3-038,1990-04-01,836.3199999999999
NN3-038,1990-05-01,836.3199999999999
NN3-038,1990-06-01,14427.400000000007
NN3-038,1990-07-01,947.0504251666059
NN3-038,1990-08-01,2391.6165700110796
NN3-038,1990-09-01,10767.156567779892
NN3-038,1990-10-01,14427.400000000007
NN3-038,1990-11-01,13274.67731733276
NN3-038,1990-12-01,836.3199999999999
NN3-038,1991-01-01,836.3199999999999
NN3-038,1991-02-01,14427.400000000007
NN3-038,1991-03-01,14427.400000000007
NN3-038,1991-04-01,836.3199999999999
NN3-038,1991-05-01,7200.094929185656
NN3-038,1991-06-01,14427.400000000007
NN3-038,1991-07-01,836.3199999999999
NN3-038,1991-08-01,4113.188731085781
NN3-038,1991-09-01,12271.84978495097
NN3-038,1991-10-01,14427.400000000007
NN3-038,1991-11-01,14427.400000000007
NN3-038,1991-12-01,8239.390039771435
NN3-038,1992-01-01,836.3199999999999
NN3-038,1992-02-01,836.3199999999999
NN3-038,1992-03-01,836.3199999999999
NN3-038,1992-04-01,14427.400000000007
NN3-038,1992-05-01,14427.400000000007
NN3-038,1992-06-01,14427.400000000007
NN3-038,1992-07-01,14427.400000000007
NN3-038,1992-08-01,3453.411260646958
NN3-038,1992-09-01,14427.400000000007
NN3-038,1992-10-01,14427.400000000007
NN3-038,1992-11-01,836.3199999999999
NN3-038,1992-12-01,4201.6544525587415
NN3-038,1993-01-01,2411.4025932602153
NN3-038,1993-02-01,836.3199999999999
NN3-038,1993-03-01,836.3199999999999
NN3-039,1990-01-01,836.3199999999999
NN3-039,1990-02-01,836.3199999999999
NN3-039,1990-03-01,14427.400000000007
NN3-039,1990-04-01,836.3199999999999
NN3-039,1990-05-01,4756.80451173873
NN3-039,1990-06-01,9282.379039018324
NN3-039,1990-07-01,836.3199999999999
NN3-039,1990-08-01,3794.6089238217164
NN3-039,1990-09-01,836.3199999999999
NN3-039,1990-10-01,2179.9190821359384
NN3-039,1990-11-01,836.3199999999999
NN3-039,1990-12-01,14427.400000000007
NN3-039,1991-01-01,836.3199999999999
NN3-039,1991-02-01,14427.400000000007
NN3-039,1991-03-01,14427.400000000007
NN3-039,1991-04-01,836.3199999999999
NN3-039,1991-05-01,14427.400000000007
NN3-039,1991-06-01,14427.400000000007
NN3-039,1991-07-01,836.3199999999999
NN3-039,1991-08-01,14427.400000000007
NN3-039,1991-09-01,14412.068782634
NN3-039,1991-10-01,836.3199999999999
NN3-039,1991-11-01,836.3199999999999
NN3-039,1991-12-01,12707.227718439966
NN3-039,1992-01-01,836.3199999999999
NN3-039,1992-02-01,14427.400000000007
NN3-039,1992-03-01,836.3199999999999
NN3-039,1992-04-01,13095.272654969163
NN3-039,1992-05-01,13703.591634099304
NN3-039,1992-06-01,14427.400000000007
NN3-039,1992-07-01,836.3199999999999
NN3-039,1992-08-01,836.3199999999999
NN3-039,1992-09-01,14427.400000000007
NN3-039,1992-10-01,14427.400000000007
NN3-039,1992-11-01,7520.379077994755
NN3-039,1992-12-01,14427.400000000007
NN3-039,1993-01-01,836.3199999999999
NN3-039,1993-02-01,836.3199999999999
NN3-039,1993-03-01,836.3199999999999
NN3-040,1990-01-01,4374.315418926053
NN3-040,1990-02-01,836.3199999999999
NN3-040,1990-03-01,14427.400000000007
NN3-040,1990-04-01,14427.400000000007
NN3-040,1990-05-01,836.3199999999999
NN3-040,1990-06-01,8504.855251845122
NN3-040,1990-07-01,14427.400000000007
NN3-040,1990-08-01,836.3199999999999
NN3-040,1990-09-01,836.3199999999999
NN3-040,1990-10-01,4504.788092918473
NN3-040,1990-11-01,14427.400000000007
NN3-040,1990-12-01,11659.640155322082
NN3-040,1991-01-01,14427.400000000007
NN3-040,1991-02-01,14427.400000000007
NN3-040,1991-03-01,14427.400000000007
NN3-040,1991-04-01,836.3199999999999
NN3-040,1991-05-01,3429.869205826993
NN3-040,1991-06-01,14427.400000000007
NN3-040,1991-07-01,14427.400000000007
NN3-040,1991-08-01,836.3199999999999
NN3-040,1991-09-01,14427.400000000007
NN3-040,1991-10-01,836.3199999999999
NN3-040,1991-11-01,13853.816245592387
NN3-040,1991-12-01,836.3199999999999
NN3-040,1992-01-01,836.3199999999999
NN3-040,1992-02-01,836.3199999999999
NN3-040,1992-03-01,836.3199999999999
NN3-040,1992-04-01,6919.021251895602
NN3-040,1992-05-01,836.3199999999999
NN3-040,1992-06-01,836.3199999999999
NN3-040,1992-07-01,14427.400000000007
NN3-040,1992-08-01,8565.148820507144
NN3-040,1992-09-01,836.3199999999999
NN3-040,1992-10-01,8019.904462519621
NN3-040,1992-11-01,14427.400000000007
NN3-040,1992-12-01,9370.050623089934
NN3-040,1993-01-01,14427.400000000007
NN3-040,1993-02-01,14427.400000000007
NN3-040,1993-03-01,836.3199999999999
NN3-041,1990-01-01,3453.2334328605134
NN3-041,1990-02-01,14427.400000000007
NN3-041,1990-03-01,14427.400000000007
NN3-041,1990-04-01,836.3199999999999
NN3-041,1990-05-01,14427.400000000007
NN3-041,1990-06-01,836.3199999999999
NN3-041,1990-07-01,836.3199999999999
NN3-041,1990-08-01,11063.96211836965
NN3-041,1990-09-01,14427.400000000007
NN3-041,1990-10-01,3146.1166031639395
NN3-041,1990-11-01,14427.400000000007
NN3-041,1990-12-01,836.3199999999999
NN3-041,1991-01-01,836.3199999999999
NN3-041,1991-02-01,836.3199999999999
NN3-041,1991-03-01,14427.400000000007
NN3-041,1991-04-01,836.3199999999999
NN3-041,1991-05-01,14427.400000000007
NN3-041,1991-06-01,14427.400000000007
NN3-041,1991-07-01,14427.400000000007
NN3-041,1991-08-01,836.3199999999999
NN3-041,1991-09-01,1496.164545024076
NN3-041,1991-10-01,836.3199999999999
NN3-041,1991-11-01,14427.400000000007
NN3-041,1991-12-01,14427.400000000007
NN3-041,1992-01-01,836.3199999999999
NN3-041,1992-02-01,14427.400000000007
NN3-041,1992-03-01,14427.400000000007
NN3-041,1992-04-01,836.3199999999999
NN3-041,1992-05-01,836.3199999999999
NN3-041,1992-06-01,14427.400000000007
NN3-041,1992-07-01,3311.422453447734
NN3-041,1992-08-01,836.3199999999999
NN3-041,1992-09-01,836.3199999999999
NN3-041,1992-10-01,836.3199999999999
NN3-041,1992-11-01,14427.400000000007
NN3-041,1992-12-01,14427.400000000007
NN3-041,1993-01-01,836.3199999999999
NN3-041,1993-02-01,836.3199999999999
NN3-041,1993-03-01,8793.673015118015
NN3-042,1990-01-01,14427.400000000007
NN3-042,1990-02-01,836.3199999999999
NN3-042,1990-03-01,836.3199999999999
NN3-042,1990-04-01,14427.400000000007
NN3-042,1990-05-01,836.3199999999999
NN3-042,1990-06-01,836.3199999999999
NN3-042,1990-07-01,14427.400000000007
NN3-042,1990-08-01,6944.709390734798
NN3-042,1990-09-01,14427.400000000007
NN3-042,1990-10-01,14427.400000000007
NN3-042,1990-11-01,836.3199999999999
NN3-042,1990-12-01,836.3199999999999
NN3-042,1991-01-01,14427.400000000007
NN3-042,1991-02-01,836.3199999999999
NN3-042,1991-03-01,14427.400000000007
NN3-042,1991-04-01,14427.400000000007
NN3-042,1991-05-01,836.3199999999999
NN3-042,1991-06-01,836.3199999999999
NN3-042,1991-07-01,836.3199999999999
NN3-042,1991-08-01,14427.400000000007
NN3-042,1991-09-01,836.3199999999999
NN3-042,1991-10-01,2726.208989797353
NN3-042,1991-11-01,14427.400000000007
NN3-042,1991-12-01,14427.400000000007
NN3-042,1992-01-01,6536.99205123391
NN3-042,1992-02-01,6063.22866589974
NN3-042,1992-03-01,12899.209561664287
NN3-042,1992-04-01,836.3199999999999
NN3-042,1992-05-01,13155.57212924413
NN3-042,1992-06-01,836.3199999999999
NN3-042,1992-07-01,6527.658651210967
NN3-042,1992-08-01,836.3199999999999
NN3-042,1992-09-01,14427.400000000007
NN3-042,1992-10-01,4525.769542998989
NN3-042,1992-11-01,14427.400000000007
NN3-042,1992-12-01,836.3199999999999
NN3-042,1993-01-01,836.3199999999999
NN3-042,1993-02-01,14427.400000000007
NN3-042,1993-03-01,5665.972379851838
NN3-043,1990-01-01,836.3199999999999
NN3-043,1990-02-01,14427.400000000007
NN3-043,1990-03-01,14427.400000000007
NN3-043,1990-04-01,14427.400000000007
NN3-043,1990-05-01,14427.400000000007
NN3-043,1990-06-01,14427.400000000007
NN3-043,1990-07-01,14427.400000000007
NN3-043,1990-08-01,836.3199999999999
NN3-043,1990-09-01,836.3199999999999
NN3-043,1990-10-01,836.3199999999999
NN3-043,1990-11-01,2764.5807152728453
NN3-043,1990-12-01,836.3199999999999
NN3-043,1991-01-01,9556.84570881022
NN3-043,1991-02-01,836.3199999999999
NN3-043,1991-03-01,1530.6930387218654
NN3-043,1991-04-01,836.3199999999999
NN3-043,1991-05-01,14427.400000000007
NN3-043,1991-06-01,14427.400000000007
NN3-043,1991-07-01,6169.401287342782
NN3-043,1991-08-01,836.3199999999999
NN3-043,1991-09-01,836.3199999999999
NN3-043,1991-10-01,14427.400000000007
NN3-043,1991-11-01,14427.400000000007
NN3-043,1991-12-01,14427.400000000007
NN3-043,1992-01-01,11126.789664287944
NN3-043,1992-02-01,836.3199999999999
NN3-043,1992-03-01,836.3199999999999
NN3-043,1992-04-01,836.3199999999999
NN3-043,1992-05-01,836.3199999999999
NN3-043,1992-06-01,836.3199999999999
NN3-043,1992-07-01,14427.400000000007
NN3-043,1992-08-01,14427.400000000007
NN3-043,1992-09-01,836.3199999999999
NN3-043,1992-10-01,14427.400000000007
NN3-043,1992-11-01,836.3199999999999
NN3-043,1992-12-01,836.3199999999999
NN3-043,1993-01-01,14427.400000000007
NN3-043,1993-02-01,2660.323660537563
NN3-043,1993-03-01,8710.303303550514
NN3-044,1990-01-01,836.3199999999999
NN3-044,1990-02-01,836.3199999999999
NN3-044,1990-03-01,836.3199999999999
NN3-044,1990-04-01,14427.400000000007
NN3-044,1990-05-01,3378.2662025749073
NN3-044,1990-06-01,14427.400000000007
NN3-044,1990-07-01,836.3199999999999
NN3-044,1990-08-01,836.3199999999999
NN3-044,1990-09-01,14427.400000000007
NN3-044,1990-10-01,12785.664488400269
NN3-044,1990-11-01,1992.4154082232044
NN3-044,1990-12-01,836.3199999999999
NN3-044,1991-01-01,836.3199999999999
NN3-044,1991-02-01,836.3199999999999
NN3-044,1991-03-01,836.3199999999999
NN3-044,1991-04-01,836.3199999999999
NN3-044,1991-05-01,13262.89333663565
NN3-044,1991-06-01,14427.400000000007
NN3-044,1991-07-01,836.3199999999999
NN3-044,1991-08-01,836.3199999999999
NN3-044,1991-09-01,14427.400000000007
NN3-044,1991-10-01,836.3199999999999
NN3-044,1991-11-01,836.3199999999999
NN3-044,1991-12-01,836.3199999999999
NN3-044,1992-01-01,14427.400000000007
NN3-044,1992-02-01,14427.400000000007
NN3-044,1992-03-01,14427.400000000007
NN3-044,1992-04-01,836.3199999999999
NN3-044,1992-05-01,14427.400000000007
NN3-044,1992-06-01,14427.400000000007
NN3-044,1992-07-01,14427.400000000007
NN3-044,1992-08-01,9041.298505830015
NN3-044,1992-09-01,9816.33531279066
NN3-044,1992-10-01,14427.400000000007
NN3-044,1992-11-01,836.3199999999999
NN3-044,1992-12-01,4028.5933992221603
NN3-044,1993-01-01,836.3199999999999
NN3-044,1993-02-01,836.3199999999999
NN3-044,1993-03-01,836.3199999999999
NN3-045,1990-01-01,14427.400000000007
NN3-045,1990-02-01,4887.09650456917
NN3-045,1990-03-01,14427.400000000007
NN3-045,1990-04-01,836.3199999999999
NN3-045,1990-05-01,836.3199999999999
NN3-045,1990-06-01,836.3199999999999
NN3-045,1990-07-01,5830.398985309071
NN3-045,1990-08-01,836.3199999999999
NN3-045,1990-09-01,836.3199999999999
NN3-045,1990-10-01,6241.833802762278
NN3-045,1990-11-01,8815.715790808084
NN3-045,1990-12-01,836.3199999999999
NN3-045,1991-01-01,14427.400000000007
NN3-045,1991-02-01,14427.400000000007
NN3-045,1991-03-01,11133.713463454384
NN3-045,1991-04-01,10937.62546328891
NN3-045,1991-05-01,836.3199999999999
NN3-045,1991-06-01,14427.400000000007
NN3-045,1991-07-01,14427.400000000007
NN3-045,1991-08-01,836.3199999999999
NN3-045,1991-09-01,836.3199999999999
NN3-045,1991-10-01,3211.436539122473
NN3-045,1991-11-01,836.3199999999999
NN3-045,1991-12-01,836.3199999999999
NN3-045,1992-01-01,3457.486111498197
NN3-045,1992-02-01,14427.400000000007
NN3-045,1992-03-01,836.3199999999999
NN3-045,1992-04-01,836.3199999999999
NN3-045,1992-05-01,836.3199999999999
NN3-045,1992-06-01,836.3199999999999
NN3-045,1992-07-01,836.3199999999999
NN3-045,1992-08-01,836.3199999999999
NN3-045,1992-09-01,14427.400000000007
NN3-045,1992-10-01,14427.400000000007
NN3-045,1992-11-01,14427.400000000007
NN3-045,1992-12-01,14427.400000000007
NN3-045,1993-01-01,836.3199999999999
NN3-045,1993-02-01,836.3199999999999
NN3-045,1993-03-01,836.3199999999999
NN3-046,1990-01-01,836.3199999999999
NN3-046,1990-02-01,6025.364073731995
NN3-046,1990-03-01,14427.400000000007
NN3-046,1990-04-01,8524.816205325955
NN3-046,1990-05-01,836.3199999999999
NN3-046,1990-06-01,7470.36639153688
NN3-046,1990-07-01,836.3199999999999
NN3-046,1990-08-01,836.3199999999999
NN3-046,1990-09-01,14427.400000000007
NN3-046,1990-10-01,836.3199999999999
NN3-046,1990-11-01,3026.033552070309
NN3-046,1990-12-01,4057.9032978586915
NN3-046,1991-01-01,836.3199999999999
NN3-046,1991-02-01,5600.225242989335
NN3-046,1991-03-01,14427.400000000007
NN3-046,1991-04-01,836.3199999999999
NN3-046,1991-05-01,4626.24169672979
NN3-046,1991-06-01,836.3199999999999
NN3-046,1991-07-01,14427.400000000007
NN3-046,1991-08-01,3703.7221044402277
NN3-046,1991-09-01,836.3199999999999
NN3-046,1991-10-01,14427.400000000007
NN3-046,1991-11-01,836.3199999999999
NN3-046,1991-12-01,14427.400000000007
NN3-046,1992-01-01,836.3199999999999
NN3-046,1992-02-01,14427.400000000007
NN3-046,1992-03-01,14197.862805239842
NN3-046,1992-04-01,14427.400000000007
NN3-046,1992-05-01,836.3199999999999
NN3-046,1992-06-01,8224.198713263566
NN3-046,1992-07-01,836.3199999999999
NN3-046,1992-08-01,10772.630477615283
NN3-046,1992-09-01,12350.449919620743
NN3-046,1992-10-01,14427.400000000007
NN3-046,1992-11-01,836.3199999999999
NN3-046,1992-12-01,9024.28515052736
NN3-046,1993-01-01,14427.400000000007
NN3-046,1993-02-01,836.3199999999999
NN3-046,1993-03-01,836.3199999999999
NN3-047,1990-01-01,14427.400000000007
NN3-047,1990-02-01,14427.400000000007
NN3-047,1990-03-01,4231.997346499964
NN3-047,1990-04-01,5951.232698451953
NN3-047,1990-05-01,14427.400000000007
NN3-047,1990-06-01,14427.400000000007
NN3-047,1990-07-01,836.3199999999999
NN3-047,1990-08-01,13228.54179838307
NN3-047,1990-09-01,14427.400000000007
NN3-047,1990-10-01,836.3199999999999
NN3-047,1990-11-01,6210.011524491261
NN3-047,1990-12-01,10135.946336425734
NN3-047,1991-01-01,14427.400000000007
NN3-047,1991-02-01,2135.8427704106316
NN3-047,1991-03-01,13074.33104717165
NN3-047,1991-04-01,14427.400000000007
NN3-047,1991-05-01,836.3199999999999
NN3-047,1991-06-01,14427.400000000007
NN3-047,1991-07-01,3906.1381966984973
NN3-047,1991-08-01,4424.438376691036
NN3-047,1991-09-01,836.3199999999999
NN3-047,1991-10-01,14427.400000000007
NN3-047,1991-11-01,14427.400000000007
NN3-047,1991-12-01,14427.400000000007
NN3-047,1992-01-01,14427.400000000007
NN3-047,1992-02-01,836.3199999999999
NN3-047,1992-03-01,836.3199999999999
NN3-047,1992-04-01,14427.400000000007
NN3-047,1992-05-01,14427.400000000007
NN3-047,1992-06-01,10517.167311529416
NN3-047,1992-07-01,7618.298108696305
NN3-047,1992-08-01,836.3199999999999
NN3-047,1992-09-01,14427.400000000007
NN3-047,1992-10-01,14427.400000000007
NN3-047,1992-11-01,14427.400000000007
NN3-047,1992-12-01,14427.400000000007
NN3-047,1993-01-01,836.3199999999999
NN3-047,1993-02-01,836.3199999999999
NN3-047,1993-03-01,836.3199999999999
NN3-048,1990-01-01,836.3199999999999
NN3-048,1990-02-01,836.3199999999999
NN3-048,1990-03-01,836.3199999999999
NN3-048,1990-04-01,12150.446598693023
NN3-048,1990-05-01,14427.400000000007
NN3-048,1990-06-01,14427.400000000007
NN3-048,1990-07-01,836.3199999999999
NN3-048,1990-08-01,13469.139056434295
NN3-048,1990-09-01,836.3199999999999
NN3-048,1990-10-01,14427.400000000007
NN3-048,1990-11-01,14427.400000000007
NN3-048,1990-12-01,2582.1616091017418
NN3-048,1991-01-01,5835.647247387513
NN3-048,1991-02-01,14427.400000000007
NN3-048,1991-03-01,14427.400000000007
NN3-048,1991-04-01,3116.10324726759
NN3-048,1991-05-01,14427.400000000007
NN3-048,1991-06-01,12842.454622712954
NN3-048,1991-07-01,4959.782492723663
NN3-048,1991-08-01,836.3199999999999
NN3-048,1991-09-01,14427.400000000007
NN3-048,1991-10-01,14427.400000000007
NN3-048,1991-11-01,12012.794705726887
NN3-048,1991-12-01,14427.400000000007
NN3-048,1992-01-01,2889.567397383627
NN3-048,1992-02-01,6955.323782804914
NN3-048,1992-03-01,14427.400000000007
NN3-048,1992-04-01,14427.400000000007
NN3-048,1992-05-01,836.3199999999999
NN3-048,1992-06-01,14427.400000000007
NN3-048,1992-07-01,14427.400000000007
NN3-048,1992-08-01,836.3199999999999
NN3-048,1992-09-01,836.3199999999999
NN3-048,1992-10-01,836.3199999999999
NN3-048,1992-11-01,2596.3582674785484
NN3-048,1992-12-01,836.3199999999999
NN3-048,1993-01-01,14427.400000000007
NN3-048,1993-02-01,14427.400000000007
NN3-048,1993-03-01,836.3199999999999
NN3-049,1990-01-01,10051.929823224651
NN3-049,1990-02-01,14427.400000000007
NN3-049,1990-03-01,14427.400000000007
NN3-049,1990-04-01,11731.994859364226
NN3-049,1990-05-01,14427.400000000007
NN3-049,1990-06-01,10244.33796708882
NN3-049,1990-07-01,845.2390882606851
NN3-049,1990-08-01,836.3199999999999
NN3-049,1990-09-01,14427.400000000007
NN3-049,1990-10-01,836.3199999999999
NN3-049,1990-11-01,14427.400000000007
NN3-049,1990-12-01,836.3199999999999
NN3-049,1991-01-01,12389.70776511007
NN3-049,1991-02-01,836.3199999999999
NN3-049,1991-03-01,14427.400000000007
NN3-049,1991-04-01,836.3199999999999
NN3-049,1991-05-01,8722.447671224487
NN3-049,1991-06-01,3782.5625070235665
NN3-049,1991-07-01,836.3199999999999
NN3-049,1991-08-01,836.3199999999999
NN3-049,1991-09-01,14427.400000000007
NN3-049,1991-10-01,6677.7020801730005
NN3-049,1991-11-01,836.3199999999999
NN3-049,1991-12-01,836.3199999999999
NN3-049,1992-01-01,836.3199999999999
NN3-049,1992-02-01,14427.400000000007
NN3-049,1992-03-01,836.3199999999999
NN3-049,1992-04-01,836.3199999999999
NN3-049,1992-05-01,836.3199999999999
NN3-049,1992-06-01,14232.847847003639
NN3-049,1992-07-01,836.3199999999999
NN3-049,1992-08-01,836.3199999999999
NN3-049,1992-09-01,4658.185442959409
NN3-049,1992-10-01,836.3199999999999
NN3-049,1992-11-01,14427.400000000007
NN3-049,1992-12-01,14427.400000000007
NN3-049,1993-01-01,8654.862998546527
NN3-049,1993-02-01,14427.400000000007
NN3-049,1993-03-01,836.3199999999999
NN3-050,1990-01-01,14427.400000000007
NN3-050,1990-02-01,836.3199999999999
NN3-050,1990-03-01,836.3199999999999
NN3-050,1990-04-01,4594.399405432877
NN3-050,1990-05-01,836.3199999999999
NN3-050,1990-06-01,836.3199999999999
NN3-050,1990-07-01,11831.580543373868
NN3-050,1990-08-01,14427.400000000007
NN3-050,1990-09-01,836.3199999999999
NN3-050,1990-10-01,836.3199999999999
NN3-050,1990-11-01,14427.400000000007
NN3-050,1990-12-01,14427.400000000007
NN3-050,1991-01-01,8620.797723380776
NN3-050,1991-02-01,836.3199999999999
NN3-050,1991-03-01,836.3199999999999
NN3-050,1991-04-01,836.3199999999999
NN3-050,1991-05-01,2708.916230462183
NN3-050,1991-06-01,836.3199999999999
NN3-050,1991-07-01,11322.86930834191
NN3-050,1991-08-01,836.3199999999999
NN3-050,1991-09-01,14427.400000000007
NN3-050,1991-10-01,836.3199999999999
NN3-050,1991-11-01,14427.400000000007
NN3-050,1991-12-01,14427.400000000007
NN3-050,1992-01-01,14427.400000000007
NN3-050,1992-02-01,1388.7626543551105
NN3-050,1992-03-01,836.3199999999999
NN3-050,1992-04-01,14427.400000000007
NN3-050,1992-05-01,14427.400000000007
NN3-050,1992-06-01,12723.786151531425
NN3-050,1992-07-01,836.3199999999999
NN3-050,1992-08-01,836.3199999999999
NN3-050,1992-09-01,836.3199999999999
NN3-050,1992-10-01,7143.924164330446
NN3-050,1992-11-01,14427.400000000007
NN3-050,1992-12-01,836.3199999999999
NN3-050,1993-01-01,14427.400000000007
NN3-050,1993-02-01,836.3199999999999
NN3-050,1993-03-01,14427.400000000007
NN3-051,1982-01-01,836.3199999999999
NN3-051,1982-02-01,836.3199999999999
NN3-051,1982-03-01,14427.400000000007
NN3-051,1982-04-01,836.3199999999999
NN3-051,1982-05-01,8493.124754186363
NN3-051,1982-06-01,14427.400000000007
NN3-051,1982-07-01,836.3199999999999
NN3-051,1982-08-01,836.3199999999999
NN3-051,1982-09-01,836.3199999999999
NN3-051,1982-10-01,836.3199999999999
NN3-051,1982-11-01,5144.314973620152
NN3-051,1982-12-01,14427.400000000007
NN3-051,1983-01-01,14427.400000000007
NN3-051,1983-02-01,14427.400000000007
NN3-051,1983-03-01,836.3199999999999
NN3-051,1983-04-01,11154.611152760886
NN3-051,1983-05-01,2565.4322701400743
NN3-051,1983-06-01,14427.400000000007
NN3-051,1983-07-01,836.3199999999999
NN3-051,1983-08-01,836.3199999999999
NN3-051,1983-09-01,14427.400000000007
NN3-051,1983-10-01,3212.5055491769954
NN3-051,1983-11-01,14427.400000000007
NN3-051,1983-12-01,836.3199999999999
NN3-051,1984-01-01,14427.400000000007
NN3-051,1984-02-01,836.3199999999999
NN3-051,1984-03-01,836.3199999999999
NN3-051,1984-04-01,836.3199999999999
NN3-051,1984-05-01,836.3199999999999
NN3-051,1984-06-01,836.3199999999999
NN3-051,1984-07-01,836.3199999999999
NN3-051,1984-08-01,14427.400000000007
NN3-051,1984-09-01,14427.400000000007
NN3-051,1984-10-01,14427.400000000007
NN3-051,1984-11-01,14427.400000000007
NN3-051,1984-12-01,836.3199999999999
NN3-051,1985-01-01,836.3199999999999
NN3-051,1985-02-01,836.3199999999999
NN3-051,1985-03-01,836.3199999999999
NN3-051,1985-04-01,836.3199999999999
NN3-051,1985-05-01,836.3199999999999
NN3-051,1985-06-01,14427.400000000007
NN3-051,1985-07-01,836.3199999999999
NN3-051,1985-08-01,836.3199999999999
NN3-051,1985-09-01,14427.400000000007
NN3-051,1985-10-01,836.3199999999999
NN3-051,1985-11-01,836.3199999999999
NN3-051,1985-12-01,836.3199999999999
NN3-051,1986-01-01,836.3199999999999
NN3-051,1986-02-01,836.3199999999999
NN3-051,1986-03-01,836.3199999999999
NN3-051,1986-04-01,14427.400000000007
NN3-051,1986-05-01,14427.400000000007
NN3-051,1986-06-01,14427.400000000007
NN3-051,1986-07-01,14427.400000000007
NN3-051,1986-08-01,10431.476996488356
NN3-051,1986-09-01,836.3199999999999
NN3-051,1986-10-01,836.3199999999999
NN3-051,1986-11-01,14427.400000000007
NN3-051,1986-12-01,836.3199999999999
NN3-051,1987-01-01,836.3199999999999
NN3-051,1987-02-01,836.3199999999999
NN3-051,1987-03-01,836.3199999999999
NN3-051,1987-04-01,836.3199999999999
NN3-051,1987-05-01,14427.400000000007
NN3-051,1987-06-01,836.3199999999999
NN3-051,1987-07-01,836.3199999999999
NN3-051,1987-08-01,14427.400000000007
NN3-051,1987-09-01,836.3199999999999
NN3-051,1987-10-01,836.3199999999999
NN3-051,1987-11-01,836.3199999999999
NN3-051,1987-12-01,836.3199999999999
NN3-051,1988-01-01,836.3199999999999
NN3-051,1988-02-01,2494.4189458585906
NN3-051,1988-03-01,836.3199999999999
NN3-051,1988-04-01,14427.400000000007
NN3-051,1988-05-01,14427.400000000007
NN3-051,1988-06-01,836.3199999999999
NN3-051,1988-07-01,7324.718579248343
NN3-051,1988-08-01,836.3199999999999
NN3-051,1988-09-01,14427.400000000007
NN3-051,1988-10-01,836.3199999999999
NN3-051,1988-11-01,836.3199999999999
NN3-051,1988-12-01,14427.400000000007
NN3-051,1989-01-01,836.3199999999999
NN3-051,1989-02-01,14427.400000000007
NN3-051,1989-03-01,14427.400000000007
NN3-051,1989-04-01,14427.400000000007
NN3-051,1989-05-01,836.3199999999999
NN3-051,1989-06-01,836.3199999999999
NN3-051,1989-07-01,836.3199999999999
NN3-051,1989-08-01,7055.027753614313
NN3-051,1989-09-01,836.3199999999999
NN3-051,1989-10-01,14427.400000000007
NN3-051,1989-11-01,14427.400000000007
NN3-051,1989-12-01,836.3199999999999
NN3-051,1990-01-01,836.3199999999999
NN3-051,1990-02-01,836.3199999999999
NN3-051,1990-03-01,14427.400000000007
NN3-051,1990-04-01,12604.09120476419
NN3-051,1990-05-01,836.3199999999999
NN3-051,1990-06-01,14427.400000000007
NN3-051,1990-07-01,14427.400000000007
NN3-051,1990-08-01,14427.400000000007
NN3-051,1990-09-01,836.3199999999999
NN3-051,1990-10-01,14427.400000000007
NN3-051,1990-11-01,14427.400000000007
NN3-051,1990-12-01,836.3199999999999
NN3-051,1991-01-01,14427.400000000007
NN3-051,1991-02-01,14427.400000000007
NN3-051,1991-03-01,836.3199999999999
NN3-052,1982-01-01,836.3199999999999
NN3-052,1982-02-01,14427.400000000007
NN3-052,1982-03-01,14427.400000000007
NN3-052,1982-04-01,836.3199999999999
NN3-052,1982-05-01,836.3199999999999
NN3-052,1982-06-01,14427.400000000007
NN3-052,1982-07-01,14427.400000000007
NN3-052,1982-08-01,836.3199999999999
NN3-052,1982-09-01,836.3199999999999
NN3-052,1982-10-01,4165.919981199911
NN3-052,1982-11-01,2072.0007841366605
NN3-052,1982-12-01,836.3199999999999
NN3-052,1983-01-01,14427.400000000007
NN3-052,1983-02-01,836.3199999999999
NN3-052,1983-03-01,14427.400000000007
NN3-052,1983-04-01,14427.400000000007
NN3-052,1983-05-01,836.3199999999999
NN3-052,1983-06-01,14427.400000000007
NN3-052,1983-07-01,14427.400000000007
NN3-052,1983-08-01,14427.400000000007
NN3-052,1983-09-01,836.3199999999999
NN3-052,1983-10-01,14077.619246728023
NN3-052,1983-11-01,836.3199999999999
NN3-052,1983-12-01,14427.400000000007
NN3-052,1984-01-01,14427.400000000007
NN3-052,1984-02-01,836.3199999999999
NN3-052,1984-03-01,836.3199999999999
NN3-052,1984-04-01,14427.400000000007
NN3-052,1984-05-01,14427.400000000007
NN3-052,1984-06-01,5975.399000201495
NN3-052,1984-07-01,836.3199999999999
NN3-052,1984-08-01,14427.400000000007
NN3-052,1984-09-01,836.3199999999999
NN3-052,1984-10-01,836.3199999999999
NN3-052,1984-11-01,836.3199999999999
NN3-052,1984-12-01,836.3199999999999
NN3-052,1985-01-01,836.3199999999999
NN3-052,1985-02-01,836.3199999999999
NN3-052,1985-03-01,836.3199999999999
NN3-052,1985-04-01,3344.491682826294
NN3-052,1985-05-01,836.3199999999999
NN3-052,1985-06-01,14427.400000000007
NN3-052,1985-07-01,14427.400000000007
NN3-052,1985-08-01,836.3199999999999
NN3-052,1985-09-01,836.3199999999999
NN3-052,1985-10-01,1326.4379827774346
NN3-052,1985-11-01,836.3199999999999
NN3-052,1985-12-01,836.3199999999999
NN3-052,1986-01-01,836.3199999999999
NN3-052,1986-02-01,836.3199999999999
NN3-052,1986-03-01,14427.400000000007
NN3-052,1986-04-01,7416.4293108133625
NN3-052,1986-05-01,14427.400000000007
NN3-052,1986-06-01,14427.400000000007
NN3-052,1986-07-01,836.3199999999999
NN3-052,1986-08-01,14427.400000000007
NN3-052,1986-09-01,14427.400000000007
NN3-052,1986-10-01,836.3199999999999
NN3-052,1986-11-01,14427.400000000007
NN3-052,1986-12-01,14427.400000000007
NN3-052,1987-01-01,836.3199999999999
NN3-052,1987-02-01,14427.400000000007
NN3-052,1987-03-01,2693.522202071559
NN3-052,1987-04-01,14389.897670065446
NN3-052,1987-05-01,836.3199999999999
NN3-052,1987-06-01,14427.400000000007
NN3-052,1987-07-01,836.3199999999999
NN3-052,1987-08-01,836.3199999999999
NN3-052,1987-09-01,836.3199999999999
NN3-052,1987-10-01,836.3199999999999
NN3-052,1987-11-01,14427.400000000007
NN3-052,1987-12-01,14427.400000000007
NN3-052,1988-01-01,14427.400000000007
NN3-052,1988-02-01,14427.400000000007
NN3-052,1988-03-01,836.3199999999999
NN3-052,1988-04-01,14427.400000000007
NN3-052,1988-05-01,14427.400000000007
NN3-052,1988-06-01,14427.400000000007
NN3-052,1988-07-01,5513.491139101161
NN3-052,1988-08-01,14427.400000000007
NN3-052,1988-09-01,14427.400000000007
NN3-052,1988-10-01,836.3199999999999
NN3-052,1988-11-01,14427.400000000007
NN3-052,1988-12-01,836.3199999999999
NN3-052,1989-01-01,14427.400000000007
NN3-052,1989-02-01,836.3199999999999
NN3-052,1989-03-01,14427.400000000007
NN3-052,1989-04-01,9119.342032456247
NN3-052,1989-05-01,14427.400000000007
NN3-052,1989-06-01,836.3199999999999
NN3-052,1989-07-01,836.3199999999999
NN3-052,1989-08-01,836.3199999999999
NN3-052,1989-09-01,14427.400000000007
NN3-052,1989-10-01,836.3199999999999
NN3-052,1989-11-01,836.3199999999999
NN3-052,1989-12-01,14427.400000000007
NN3-052,1990-01-01,14427.400000000007
NN3-052,1990-02-01,836.3199999999999
NN3-052,1990-03-01,14427.400000000007
NN3-052,1990-04-01,14427.400000000007
NN3-052,1990-05-01,836.3199999999999
NN3-052,1990-06-01,14427.400000000007
NN3-052,1990-07-01,14427.400000000007
NN3-052,1990-08-01,836.3199999999999
NN3-052,1990-09-01,836.3199999999999
NN3-052,1990-10-01,14427.400000000007
NN3-052,1990-11-01,14427.400000000007
NN3-052,1990-12-01,14427.400000000007
NN3-052,1991-01-01,14427.400000000007
NN3-052,1991-02-01,14427.400000000007
NN3-052,1991-03-01,836.3199999999999
NN3-052,1991-04-01,836.3199999999999
NN3-052,1991-05-01,836.3199999999999
NN3-052,1991-06-01,14427.400000000007
NN3-053,1982-01-01,14427.400000000007
NN3-053,1982-02-01,836.3199999999999
NN3-053,1982-03-01,14427.400000000007
NN3-053,1982-04-01,14427.400000000007
NN3-053,1982-05-01,14427.400000000007
NN3-053,1982-06-01,14427.400000000007
NN3-053,1982-07-01,836.3199999999999
NN3-053,1982-08-01,836.3199999999999
NN3-053,1982-09-01,836.3199999999999
NN3-053,1982-10-01,14427.400000000007
NN3-053,1982-11-01,836.3199999999999
NN3-053,1982-12-01,836.3199999999999
NN3-053,1983-01-01,836.3199999999999
NN3-053,1983-02-01,836.3199999999999
NN3-053,1983-03-01,14427.400000000007
NN3-053,1983-04-01,14427.400000000007
NN3-053,1983-05-01,836.3199999999999
NN3-053,1983-06-01,14427.400000000007
NN3-053,1983-07-01,14427.400000000007
NN3-053,1983-08-01,14427.400000000007
NN3-053,1983-09-01,2711.7085902377116
NN3-053,1983-10-01,14427.400000000007
NN3-053,1983-11-01,14427.400000000007
NN3-053,1983-12-01,836.3199999999999
NN3-053,1984-01-01,2362.00524649583
NN3-053,1984-02-01,836.3199999999999
NN3-053,1984-03-01,14427.400000000007
NN3-053,1984-04-01,14427.400000000007
NN3-053,1984-05-01,14427.400000000007
NN3-053,1984-06-01,836.3199999999999
NN3-053,1984-07-01,14427.400000000007
NN3-053,1984-08-01,14427.400000000007
NN3-053,1984-09-01,14427.400000000007
NN3-053,1984-10-01,14427.400000000007
NN3-053,1984-11-01,836.3199999999999
NN3-053,1984-12-01,14427.400000000007
NN3-053,1985-01-01,14427.400000000007
NN3-053,1985-02-01,14427.400000000007
NN3-053,1985-03-01,836.3199999999999
NN3-053,1985-04-01,14427.400000000007
NN3-053,1985-05-01,14427.400000000007
NN3-053,1985-06-01,14427.400000000007
NN3-053,1985-07-01,14427.400000000007
NN3-053,1985-08-01,836.3199999999999
NN3-053,1985-09-01,8393.669182704449
NN3-053,1985-10-01,836.3199999999999
NN3-053,1985-11-01,14427.400000000007
NN3-053,1985-12-01,14427.400000000007
NN3-053,1986-01-01,14427.400000000007
NN3-053,1986-02-01,836.3199999999999
NN3-053,1986-03-01,836.3199999999999
NN3-053,1986-04-01,836.3199999999999
NN3-053,1986-05-01,14427.400000000007
NN3-053,1986-06-01,6668.537203999963
NN3-053,1986-07-01,14427.400000000007
NN3-053,1986-08-01,836.3199999999999
NN3-053,1986-09-01,11249.716648158463
NN3-053,1986-10-01,836.3199999999999
NN3-053,1986-11-01,836.3199999999999
NN3-053,1986-12-01,14427.400000000007
NN3-053,1987-01-01,14427.400000000007
NN3-053,1987-02-01,5188.708881995198
NN3-053,1987-03-01,836.3199999999999
NN3-053,1987-04-01,836.3199999999999
NN3-053,1987-05-01,836.3199999999999
NN3-053,1987-06-01,14427.400000000007
NN3-053,1987-07-01,14427.400000000007
NN3-053,1987-08-01,836.3199999999999
NN3-053,1987-09-01,836.3199999999999
NN3-053,1987-10-01,14427.400000000007
NN3-053,1987-11-01,14427.400000000007
NN3-053,1987-12-01,836.3199999999999
NN3-053,1988-01-01,14427.400000000007
NN3-053,1988-02-01,14427.400000000007
NN3-053,1988-03-01,836.3199999999999
NN3-053,1988-04-01,836.3199999999999
NN3-053,1988-05-01,14427.400000000007
NN3-053,1988-06-01,836.3199999999999
NN3-053,1988-07-01,836.3199999999999
NN3-053,1988-08-01,14427.400000000007
NN3-053,1988-09-01,14427.400000000007
NN3-053,1988-10-01,836.3199999999999
NN3-053,1988-11-01,14427.400000000007
NN3-053,1988-12-01,836.3199999999999
NN3-053,1989-01-01,836.3199999999999
NN3-053,1989-02-01,836.3199999999999
NN3-053,1989-03-01,836.3199999999999
NN3-053,1989-04-01,14427.400000000007
NN3-053,1989-05-01,836.3199999999999
NN3-053,1989-06-01,5717.267912796854
NN3-053,1989-07-01,14427.400000000007
NN3-053,1989-08-01,14427.400000000007
NN3-053,1989-09-01,14427.400000000007
NN3-053,1989-10-01,836.3199999999999
NN3-053,1989-11-01,836.3199999999999
NN3-053,1989-12-01,836.3199999999999
NN3-053,1990-01-01,14427.400000000007
NN3-053,1990-02-01,14427.400000000007
NN3-053,1990-03-01,836.3199999999999
NN3-053,1990-04-01,14427.400000000007
NN3-053,1990-05-01,14427.400000000007
NN3-053,1990-06-01,836.3199999999999
NN3-053,1990-07-01,14427.400000000007
NN3-053,1990-08-01,14427.400000000007
NN3-053,1990-09-01,14247.67011017643
NN3-053,1990-10-01,836.3199999999999
NN3-053,1990-11-01,836.3199999999999
NN3-053,1990-12-01,14427.400000000007
NN3-053,1991-01-01,7605.6491803368845
NN3-053,1991-02-01,6203.099165305992
NN3-053,1991-03-01,836.3199999999999
NN3-053,1991-04-01,14160.419298249282
NN3-053,1991-05-01,14427.400000000007
NN3-053,1991-06-01,836.3199999999999
NN3-054,1982-01-01,14427.400000000007
NN3-054,1982-02-01,14427.400000000007
NN3-054,1982-03-01,14427.400000000007
NN3-054,1982-04-01,6788.15782637667
NN3-054,1982-05-01,836.3199999999999
NN3-054,1982-06-01,14427.400000000007
NN3-054,1982-07-01,14427.400000000007
NN3-054,1982-08-01,836.3199999999999
NN3-054,1982-09-01,9644.701992413804
NN3-054,1982-10-01,836.3199999999999
NN3-054,1982-11-01,14427.400000000007
NN3-054,1982-12-01,14427.400000000007
NN3-054,1983-01-01,836.3199999999999
NN3-054,1983-02-01,14427.400000000007
NN3-054,1983-03-01,14427.400000000007
NN3-054,1983-04-01,14427.400000000007
NN3-054,1983-05-01,836.3199999999999
NN3-054,1983-06-01,14427.400000000007
NN3-054,1983-07-01,14427.400000000007
NN3-054,1983-08-01,836.3199999999999
NN3-054,1983-09-01,14427.400000000007
NN3-054,1983-10-01,836.3199999999999
NN3-054,1983-11-01,14427.400000000007
NN3-054,1983-12-01,14427.400000000007
NN3-054,1984-01-01,836.3199999999999
NN3-054,1984-02-01,836.3199999999999
NN3-054,1984-03-01,14427.400000000007
NN3-054,1984-04-01,14427.400000000007
NN3-054,1984-05-01,14427.400000000007
NN3-054,1984-06-01,14427.400000000007
NN3-054,1984-07-01,836.3199999999999
NN3-054,1984-08-01,836.3199999999999
NN3-054,1984-09-01,836.3199999999999
NN3-054,1984-10-01,14427.400000000007
NN3-054,1984-11-01,9450.382457835949
NN3-054,1984-12-01,836.3199999999999
NN3-054,1985-01-01,14427.400000000007
NN3-054,1985-02-01,14427.400000000007
NN3-054,1985-03-01,836.3199999999999
NN3-054,1985-04-01,836.3199999999999
NN3-054,1985-05-01,836.3199999999999
NN3-054,1985-06-01,14427.400000000007
NN3-054,1985-07-01,836.3199999999999
NN3-054,1985-08-01,8065.061164999468
NN3-054,1985-09-01,14427.400000000007
NN3-054,1985-10-01,14427.400000000007
NN3-054,1985-11-01,14427.400000000007
NN3-054,1985-12-01,14427.400000000007
NN3-054,1986-01-01,7742.8387549052695
NN3-054,1986-02-01,14427.400000000007
NN3-054,1986-03-01,836.3199999999999
NN3-054,1986-04-01,836.3199999999999
NN3-054,1986-05-01,14427.400000000007
NN3-054,1986-06-01,836.3199999999999
NN3-054,1986-07-01,14427.400000000007
NN3-054,1986-08-01,14427.400000000007
NN3-054,1986-09-01,10111.239870028316
NN3-054,1986-10-01,14427.400000000007
NN3-054,1986-11-01,836.3199999999999
NN3-054,1986-12-01,14427.400000000007
NN3-054,1987-01-01,14427.400000000007
NN3-054,1987-02-01,12852.972152979111
NN3-054,1987-03-01,889.3590655099651
NN3-054,1987-04-01,14427.400000000007
NN3-054,1987-05-01,14427.400000000007
NN3-054,1987-06-01,836.3199999999999
NN3-054,1987-07-01,14427.400000000007
NN3-054,1987-08-01,836.3199999999999
NN3-054,1987-09-01,836.3199999999999
NN3-054,1987-10-01,14427.400000000007
NN3-054,1987-11-01,836.3199999999999
NN3-054,1987-12-01,836.3199999999999
NN3-054,1988-01-01,836.3199999999999
NN3-054,1988-02-01,836.3199999999999
NN3-054,1988-03-01,14427.400000000007
NN3-054,1988-04-01,14427.400000000007
NN3-054,1988-05-01,4627.716716740232
NN3-054,1988-06-01,836.3199999999999
NN3-054,1988-07-01,14427.400000000007
NN3-054,1988-08-01,836.3199999999999
NN3-054,1988-09-01,8174.0496114804655
NN3-054,1988-10-01,836.3199999999999
NN3-054,1988-11-01,14427.400000000007
NN3-054,1988-12-01,836.3199999999999
NN3-054,1989-01-01,836.3199999999999
NN3-054,1989-02-01,836.3199999999999
NN3-054,1989-03-01,14427.400000000007
NN3-054,1989-04-01,836.3199999999999
NN3-054,1989-05-01,960.1013008125583
NN3-054,1989-06-01,836.3199999999999
NN3-054,1989-07-01,836.3199999999999
NN3-054,1989-08-01,836.3199999999999
NN3-054,1989-09-01,14427.400000000007
NN3-054,1989-10-01,14427.400000000007
NN3-054,1989-11-01,14427.400000000007
NN3-054,1989-12-01,836.3199999999999
NN3-054,1990-01-01,836.3199999999999
NN3-054,1990-02-01,14427.400000000007
NN3-054,1990-03-01,836.3199999999999
NN3-054,1990-04-01,836.3199999999999
NN3-054,1990-05-01,836.3199999999999
NN3-054,1990-06-01,836.3199999999999
NN3-054,1990-07-01,836.3199999999999
NN3-054,1990-08-01,836.3199999999999
NN3-054,1990-09-01,14427.400000000007
NN3-054,1990-10-01,14427.400000000007
NN3-054,1990-11-01,14427.400000000007
NN3-054,1990-12-01,836.3199999999999
NN3-054,1991-01-01,14427.400000000007
NN3-054,1991-02-01,14427.400000000007
NN3-054,1991-03-01,836.3199999999999
NN3-054,1991-04-01,14427.400000000007
NN3-054,1991-05-01,14427.400000000007
NN3-054,1991-06-01,836.3199999999999
NN3-055,1982-01-01,836.3199999999999
NN3-055,1982-02-01,14427.400000000007
NN3-055,1982-03-01,836.3199999999999
NN3-055,1982-04-01,836.3199999999999
NN3-055,1982-05-01,836.3199999999999
NN3-055,1982-06-01,14427.400000000007
NN3-055,1982-07-01,836.3199999999999
NN3-055,1982-08-01,14427.400000000007
NN3-055,1982-09-01,13531.823822378234
NN3-055,1982-10-01,2009.0319948072874
NN3-055,1982-11-01,836.3199999999999
NN3-055,1982-12-01,836.3199999999999
NN3-055,1983-01-01,14427.400000000007
NN3-055,1983-02-01,836.3199999999999
NN3-055,1983-03-01,14427.400000000007
NN3-055,1983-04-01,836.3199999999999
NN3-055,1983-05-01,14427.400000000007
NN3-055,1983-06-01,14427.400000000007
NN3-055,1983-07-01,836.3199999999999
NN3-055,1983-08-01,14427.400000000007
NN3-055,1983-09-01,836.3199999999999
NN3-055,1983-10-01,836.3199999999999
NN3-055,1983-11-01,836.3199999999999
NN3-055,1983-12-01,836.3199999999999
NN3-055,1984-01-01,836.3199999999999
NN3-055,1984-02-01,14427.400000000007
NN3-055,1984-03-01,836.3199999999999
NN3-055,1984-04-01,14427.400000000007
NN3-055,1984-05-01,14427.400000000007
NN3-055,1984-06-01,836.3199999999999
NN3-055,1984-07-01,14427.400000000007
NN3-055,1984-08-01,836.3199999999999
NN3-055,1984-09-01,14427.400000000007
NN3-055,1984-10-01,14427.400000000007
NN3-055,1984-11-01,836.3199999999999
NN3-055,1984-12-01,14427.400000000007
NN3-055,1985-01-01,836.3199999999999
NN3-055,1985-02-01,836.3199999999999
NN3-055,1985-03-01,14427.400000000007
NN3-055,1985-04-01,14427.400000000007
NN3-055,1985-05-01,14427.400000000007
NN3-055,1985-06-01,14427.400000000007
NN3-055,1985-07-01,836.3199999999999
NN3-055,1985-08-01,836.3199999999999
NN3-055,1985-09-01,836.3199999999999
NN3-055,1985-10-01,836.3199999999999
NN3-055,1985-11-01,14427.400000000007
NN3-055,1985-12-01,836.3199999999999
NN3-055,1986-01-01,14427.400000000007
NN3-055,1986-02-01,14427.400000000007
NN3-055,1986-03-01,836.3199999999999
NN3-055,1986-04-01,836.3199999999999
NN3-055,1986-05-01,836.3199999999999
NN3-055,1986-06-01,14427.400000000007
NN3-055,1986-07-01,836.3199999999999
NN3-055,1986-08-01,14427.400000000007
NN3-055,1986-09-01,836.3199999999999
NN3-055,1986-10-01,14427.400000000007
NN3-055,1986-11-01,836.3199999999999
NN3-055,1986-12-01,14427.400000000007
NN3-055,1987-01-01,836.3199999999999
NN3-055,1987-02-01,836.3199999999999
NN3-055,1987-03-01,836.3199999999999
NN3-055,1987-04-01,14427.400000000007
NN3-055,1987-05-01,836.3199999999999
NN3-055,1987-06-01,14427.400000000007
NN3-055,1987-07-01,14427.400000000007
NN3-055,1987-08-01,14427.400000000007
NN3-055,1987-09-01,836.3199999999999
NN3-055,1987-10-01,836.3199999999999
NN3-055,1987-11-01,2383.860568757398
NN3-055,1987-12-01,836.3199999999999
NN3-055,1988-01-01,14427.400000000007
NN3-055,1988-02-01,836.3199999999999
NN3-055,1988-03-01,14427.400000000007
NN3-055,1988-04-01,14427.400000000007
NN3-055,1988-05-01,836.3199999999999
NN3-055,1988-06-01,14427.400000000007
NN3-055,1988-07-01,836.3199999999999
NN3-055,1988-08-01,9006.707248872812
NN3-055,1988-09-01,13609.221183371723
NN3-055,1988-10-01,14427.400000000007
NN3-055,1988-11-01,14427.400000000007
NN3-055,1988-12-01,14427.400000000007
NN3-055,1989-01-01,836.3199999999999
NN3-055,1989-02-01,14427.400000000007
NN3-055,1989-03-01,14427.400000000007
NN3-055,1989-04-01,14427.400000000007
NN3-055,1989-05-01,14427.400000000007
NN3-055,1989-06-01,836.3199999999999
NN3-055,1989-07-01,14427.400000000007
NN3-055,1989-08-01,836.3199999999999
NN3-055,1989-09-01,14427.400000000007
NN3-055,1989-10-01,836.3199999999999
NN3-055,1989-11-01,7592.335674571469
NN3-055,1989-12-01,14427.400000000007
NN3-055,1990-01-01,14427.400000000007
NN3-055,1990-02-01,836.3199999999999
NN3-055,1990-03-01,14427.400000000007
NN3-055,1990-04-01,14427.400000000007
NN3-055,1990-05-01,14427.400000000007
NN3-055,1990-06-01,10157.274627631276
NN3-055,1990-07-01,14427.400000000007
NN3-055,1990-08-01,11702.859630625468
NN3-055,1990-09-01,3622.621802878615
NN3-055,1990-10-01,836.3199999999999
NN3-055,1990-11-01,14427.400000000007
NN3-055,1990-12-01,836.3199999999999
NN3-055,1991-01-01,836.3199999999999
NN3-055,1991-02-01,14427.400000000007
NN3-055,1991-03-01,836.3199999999999
NN3-055,1991-04-01,836.3199999999999
NN3-055,1991-05-01,836.3199999999999
NN3-055,1991-06-01,836.3199999999999
NN3-056,1982-01-01,14427.400000000007
NN3-056,1982-02-01,836.3199999999999
NN3-056,1982-03-01,836.3199999999999
NN3-056,1982-04-01,836.3199999999999
NN3-056,1982-05-01,14427.400000000007
NN3-056,1982-06-01,5492.382196609386
NN3-056,1982-07-01,14427.400000000007
NN3-056,1982-08-01,14427.400000000007
NN3-056,1982-09-01,14427.400000000007
NN3-056,1982-10-01,836.3199999999999
NN3-056,1982-11-01,836.3199999999999
NN3-056,1982-12-01,14427.400000000007
NN3-056,1983-01-01,14427.400000000007
NN3-056,1983-02-01,14427.400000000007
NN3-056,1983-03-01,836.3199999999999
NN3-056,1983-04-01,10475.611756256345
NN3-056,1983-05-01,836.3199999999999
NN3-056,1983-06-01,836.3199999999999
NN3-056,1983-07-01,14427.400000000007
NN3-056,1983-08-01,836.3199999999999
NN3-056,1983-09-01,836.3199999999999
NN3-056,1983-10-01,836.3199999999999
NN3-056,1983-11-01,14427.400000000007
NN3-056,1983-12-01,836.3199999999999
NN3-056,1984-01-01,836.3199999999999
NN3-056,1984-02-01,836.3199999999999
NN3-056,1984-03-01,14427.400000000007
NN3-056,1984-04-01,836.3199999999999
NN3-056,1984-05-01,836.3199999999999
NN3-056,1984-06-01,836.3199999999999
NN3-056,1984-07-01,836.3199999999999
NN3-056,1984-08-01,836.3199999999999
NN3-056,1984-09-01,14427.400000000007
NN3-056,1984-10-01,836.3199999999999
NN3-056,1984-11-01,14427.400000000007
NN3-056,1984-12-01,836.3199999999999
NN3-056,1985-01-01,14427.400000000007
NN3-056,1985-02-01,836.3199999999999
NN3-056,1985-03-01,14427.400000000007
NN3-056,1985-04-01,14427.400000000007
NN3-056,1985-05-01,836.3199999999999
NN3-056,1985-06-01,14427.400000000007
NN3-056,1985-07-01,8538.466344373805
NN3-056,1985-08-01,2626.6344348257476
NN3-056,1985-09-01,14427.400000000007
NN3-056,1985-10-01,836.3199999999999
NN3-056,1985-11-01,836.3199999999999
NN3-056,1985-12-01,836.3199999999999
NN3-056,1986-01-01,14427.400000000007
NN3-056,1986-02-01,836.3199999999999
NN3-056,1986-03-01,14427.400000000007
NN3-056,1986-04-01,14427.400000000007
NN3-056,1986-05-01,14427.400000000007
NN3-056,1986-06-01,836.3199999999999
NN3-056,1986-07-01,13993.994380042199
NN3-056,1986-08-01,1591.222367714321
NN3-056,1986-09-01,836.3199999999999
NN3-056,1986-10-01,14427.400000000007
NN3-056,1986-11-01,836.3199999999999
NN3-056,1986-12-01,836.3199999999999
NN3-056,1987-01-01,836.3199999999999
NN3-056,1987-02-01,836.3199999999999
NN3-056,1987-03-01,836.3199999999999
NN3-056,1987-04-01,14427.400000000007
NN3-056,1987-05-01,836.3199999999999
NN3-056,1987-06-01,836.3199999999999
NN3-056,1987-07-01,14427.400000000007
NN3-056,1987-08-01,14427.400000000007
NN3-056,1987-09-01,14427.400000000007
NN3-056,1987-10-01,14427.400000000007
NN3-056,1987-11-01,14427.400000000007
NN3-056,1987-12-01,836.3199999999999
NN3-056,1988-01-01,14427.400000000007
NN3-056,1988-02-01,836.3199999999999
NN3-056,1988-03-01,836.3199999999999
NN3-056,1988-04-01,836.3199999999999
NN3-056,1988-05-01,14427.400000000007
NN3-056,1988-06-01,14427.400000000007
NN3-056,1988-07-01,14427.400000000007
NN3-056,1988-08-01,14427.400000000007
NN3-056,1988-09-01,836.3199999999999
NN3-056,1988-10-01,14427.400000000007
NN3-056,1988-11-01,836.3199999999999
NN3-056,1988-12-01,14427.400000000007
NN3-056,1989-01-01,14427.400000000007
NN3-056,1989-02-01,14427.400000000007
NN3-056,1989-03-01,836.3199999999999
NN3-056,1989-04-01,836.3199999999999
NN3-056,1989-05-01,836.3199999999999
NN3-056,1989-06-01,14427.400000000007
NN3-056,1989-07-01,14427.400000000007
NN3-056,1989-08-01,4508.191401560305
NN3-056,1989-09-01,836.3199999999999
NN3-056,1989-10-01,7747.347697883242
NN3-056,1989-11-01,836.3199999999999
NN3-056,1989-12-01,836.3199999999999
NN3-056,1990-01-01,836.3199999999999
NN3-056,1990-02-01,836.3199999999999
NN3-056,1990-03-01,836.3199999999999
NN3-056,1990-04-01,836.3199999999999
NN3-056,1990-05-01,14427.400000000007
NN3-056,1990-06-01,14427.400000000007
NN3-056,1990-07-01,836.3199999999999
NN3-056,1990-08-01,836.3199999999999
NN3-056,1990-09-01,14427.400000000007
NN3-056,1990-10-01,836.3199999999999
NN3-056,1990-11-01,14427.400000000007
NN3-056,1990-12-01,836.3199999999999
NN3-056,1991-01-01,836.3199999999999
NN3-056,1991-02-01,836.3199999999999
NN3-056,1991-03-01,14427.400000000007
NN3-056,1991-04-01,836.3199999999999
NN3-056,1991-05-01,836.3199999999999
NN3-056,1991-06-01,14427.400000000007
NN3-057,1982-01-01,836.3199999999999
NN3-057,1982-02-01,14427.400000000007
NN3-057,1982-03-01,836.3199999999999
NN3-057,1982-04-01,836.3199999999999
NN3-057,1982-05-01,4393.286772649122
NN3-057,1982-06-01,14427.400000000007
NN3-057,1982-07-01,836.3199999999999
NN3-057,1982-08-01,836.3199999999999
NN3-057,1982-09-01,836.3199999999999
NN3-057,1982-10-01,12368.205312273652
NN3-057,1982-11-01,14427.400000000007
NN3-057,1982-12-01,14427.400000000007
NN3-057,1983-01-01,836.3199999999999
NN3-057,1983-02-01,836.3199999999999
NN3-057,1983-03-01,14427.400000000007
NN3-057,1983-04-01,14427.400000000007
NN3-057,1983-05-01,836.3199999999999
NN3-057,1983-06-01,836.3199999999999
NN3-057,1983-07-01,836.3199999999999
NN3-057,1983-08-01,14427.400000000007
NN3-057,1983-09-01,836.3199999999999
NN3-057,1983-10-01,14427.400000000007
NN3-057,1983-11-01,14427.400000000007
NN3-057,1983-12-01,836.3199999999999
NN3-057,1984-01-01,14427.400000000007
NN3-057,1984-02-01,14427.400000000007
NN3-057,1984-03-01,14427.400000000007
NN3-057,1984-04-01,14427.400000000007
NN3-057,1984-05-01,9176.912261626585
NN3-057,1984-06-01,836.3199999999999
NN3-057,1984-07-01,836.3199999999999
NN3-057,1984-08-01,836.3199999999999
NN3-057,1984-09-01,836.3199999999999
NN3-057,1984-10-01,836.3199999999999
NN3-057,1984-11-01,836.3199999999999
NN3-057,1984-12-01,14427.400000000007
NN3-057,1985-01-01,14427.400000000007
NN3-057,1985-02-01,836.3199999999999
NN3-057,1985-03-01,6305.972742382391
NN3-057,1985-04-01,836.3199999999999
NN3-057,1985-05-01,9848.383934014828
NN3-057,1985-06-01,836.3199999999999
NN3-057,1985-07-01,14427.400000000007
NN3-057,1985-08-01,7475.473817625312
NN3-057,1985-09-01,14427.400000000007
NN3-057,1985-10-01,10651.783871780073
NN3-057,1985-11-01,2164.9357186246443
NN3-057,1985-12-01,10925.133436602215
NN3-057,1986-01-01,836.3199999999999
NN3-057,1986-02-01,14427.400000000007
NN3-057,1986-03-01,14427.400000000007
NN3-057,1986-04-01,836.3199999999999
NN3-057,1986-05-01,836.3199999999999
NN3-057,1986-06-01,14427.400000000007
NN3-057,1986-07-01,836.3199999999999
NN3-057,1986-08-01,836.3199999999999
NN3-057,1986-09-01,13971.26591125573
NN3-057,1986-10-01,836.3199999999999
NN3-057,1986-11-01,836.3199999999999
NN3-057,1986-12-01,14427.400000000007
NN3-057,1987-01-01,836.3199999999999
NN3-057,1987-02-01,5820.9640244141265
NN3-057,1987-03-01,836.3199999999999
NN3-057,1987-04-01,14427.400000000007
NN3-057,1987-05-01,14427.400000000007
NN3-057,1987-06-01,9666.227771183167
NN3-057,1987-07-01,836.3199999999999
NN3-057,1987-08-01,836.3199999999999
NN3-057,1987-09-01,836.3199999999999
NN3-057,1987-10-01,14427.400000000007
NN3-057,1987-11-01,14427.400000000007
NN3-057,1987-12-01,836.3199999999999
NN3-057,1988-01-01,14427.400000000007
NN3-057,1988-02-01,14427.400000000007
NN3-057,1988-03-01,836.3199999999999
NN3-057,1988-04-01,836.3199999999999
NN3-057,1988-05-01,14427.400000000007
NN3-057,1988-06-01,14427.400000000007
NN3-057,1988-07-01,14427.400000000007
NN3-057,1988-08-01,14427.400000000007
NN3-057,1988-09-01,836.3199999999999
NN3-057,1988-10-01,4429.639918257911
NN3-057,1988-11-01,14427.400000000007
NN3-057,1988-12-01,836.3199999999999
NN3-057,1989-01-01,14427.400000000007
NN3-057,1989-02-01,836.3199999999999
NN3-057,1989-03-01,14427.400000000007
NN3-057,1989-04-01,14427.400000000007
NN3-057,1989-05-01,836.3199999999999
NN3-057,1989-06-01,836.3199999999999
NN3-057,1989-07-01,836.3199999999999
NN3-057,1989-08-01,836.3199999999999
NN3-057,1989-09-01,14427.400000000007
NN3-057,1989-10-01,8876.705615959958
NN3-057,1989-11-01,836.3199999999999
NN3-057,1989-12-01,14427.400000000007
NN3-057,1990-01-01,14427.400000000007
NN3-057,1990-02-01,836.3199999999999
NN3-057,1990-03-01,14427.400000000007
NN3-057,1990-04-01,836.3199999999999
NN3-057,1990-05-01,836.3199999999999
NN3-057,1990-06-01,836.3199999999999
NN3-057,1990-07-01,14427.400000000007
NN3-057,1990-08-01,14427.400000000007
NN3-057,1990-09-01,14427.400000000007
NN3-057,1990-10-01,14427.400000000007
NN3-057,1990-11-01,14427.400000000007
NN3-057,1990-12-01,10497.978689153215
NN3-057,1991-01-01,836.3199999999999
NN3-057,1991-02-01,5313.922581727047
NN3-057,1991-03-01,836.3199999999999
NN3-058,1979-01-01,14427.400000000007
NN3-058,1979-02-01,14427.400000000007
NN3-058,1979-03-01,14427.400000000007
NN3-058,1979-04-01,836.3199999999999
NN3-058,1979-05-01,14427.400000000007
NN3-058,1979-06-01,836.3199999999999
NN3-058,1979-07-01,836.3199999999999
NN3-058,1979-08-01,14427.400000000007
NN3-058,1979-09-01,836.3199999999999
NN3-058,1979-10-01,14427.400000000007
NN3-058,1979-11-01,14427.400000000007
NN3-058,1979-12-01,836.3199999999999
NN3-058,1980-01-01,836.3199999999999
NN3-058,1980-02-01,14427.400000000007
NN3-058,1980-03-01,836.3199999999999
NN3-058,1980-04-01,14427.400000000007
NN3-058,1980-05-01,14427.400000000007
NN3-058,1980-06-01,14427.400000000007
NN3-058,1980-07-01,14427.400000000007
NN3-058,1980-08-01,14427.400000000007
NN3-058,1980-09-01,14427.400000000007
NN3-058,1980-10-01,14427.400000000007
NN3-058,1980-11-01,836.3199999999999
NN3-058,1980-12-01,836.3199999999999
NN3-058,1981-01-01,836.3199999999999
NN3-058,1981-02-01,836.3199999999999
NN3-058,1981-03-01,836.3199999999999
NN3-058,1981-04-01,836.3199999999999
NN3-058,1981-05-01,836.3199999999999
NN3-058,1981-06-01,836.3199999999999
NN3-058,1981-07-01,836.3199999999999
NN3-058,1981-08-01,836.3199999999999
NN3-058,1981-09-01,836.3199999999999
NN3-058,1981-10-01,14427.400000000007
NN3-058,1981-11-01,13357.881793098171
NN3-058,1981-12-01,14427.400000000007
NN3-058,1982-01-01,14427.400000000007
NN3-058,1982-02-01,14427.400000000007
NN3-058,1982-03-01,836.3199999999999
NN3-058,1982-04-01,14427.400000000007
NN3-058,1982-05-01,14427.400000000007
NN3-058,1982-06-01,836.3199999999999
NN3-058,1982-07-01,14427.400000000007
NN3-058,1982-08-01,836.3199999999999
NN3-058,1982-09-01,4338.869621702887
NN3-058,1982-10-01,14427.400000000007
NN3-058,1982-11-01,836.3199999999999
NN3-058,1982-12-01,836.3199999999999
NN3-058,1983-01-01,836.3199999999999
NN3-058,1983-02-01,836.3199999999999
NN3-058,1983-03-01,836.3199999999999
NN3-058,1983-04-01,836.3199999999999
NN3-058,1983-05-01,14427.400000000007
NN3-058,1983-06-01,14427.400000000007
NN3-058,1983-07-01,14427.400000000007
NN3-058,1983-08-01,14427.400000000007
NN3-058,1983-09-01,3575.0438474605976
NN3-058,1983-10-01,14427.400000000007
NN3-058,1983-11-01,14427.400000000007
NN3-058,1983-12-01,836.3199999999999
NN3-058,1984-01-01,836.3199999999999
NN3-058,1984-02-01,14427.400000000007
NN3-058,1984-03-01,836.3199999999999
NN3-058,1984-04-01,14427.400000000007
NN3-058,1984-05-01,14427.400000000007
NN3-058,1984-06-01,836.3199999999999
NN3-058,1984-07-01,836.3199999999999
NN3-058,1984-08-01,14427.400000000007
NN3-058,1984-09-01,836.3199999999999
NN3-058,1984-10-01,836.3199999999999
NN3-058,1984-11-01,6693.7425179926495
NN3-058,1984-12-01,14427.400000000007
NN3-058,1985-01-01,14427.400000000007
NN3-058,1985-02-01,836.3199999999999
NN3-058,1985-03-01,14427.400000000007
NN3-058,1985-04-01,14427.400000000007
NN3-058,1985-05-01,836.3199999999999
NN3-058,1985-06-01,14427.400000000007
NN3-058,1985-07-01,836.3199999999999
NN3-058,1985-08-01,12102.75418598131
NN3-058,1985-09-01,14427.400000000007
NN3-058,1985-10-01,14427.400000000007
NN3-058,1985-11-01,836.3199999999999
NN3-058,1985-12-01,836.3199999999999
NN3-058,1986-01-01,14427.400000000007
NN3-058,1986-02-01,836.3199999999999
NN3-058,1986-03-01,836.3199999999999
NN3-058,1986-04-01,14427.400000000007
NN3-058,1986-05-01,14427.400000000007
NN3-058,1986-06-01,836.3199999999999
NN3-058,1986-07-01,14427.400000000007
NN3-058,1986-08-01,836.3199999999999
NN3-058,1986-09-01,836.3199999999999
NN3-058,1986-10-01,14427.400000000007
NN3-058,1986-11-01,836.3199999999999
NN3-058,1986-12-01,836.3199999999999
NN3-058,1987-01-01,14427.400000000007
NN3-058,1987-02-01,14427.400000000007
NN3-058,1987-03-01,14427.400000000007
NN3-058,1987-04-01,836.3199999999999
NN3-058,1987-05-01,836.3199999999999
NN3-058,1987-06-01,836.3199999999999
NN3-058,1987-07-01,14427.400000000007
NN3-058,1987-08-01,836.3199999999999
NN3-058,1987-09-01,836.3199999999999
NN3-058,1987-10-01,836.3199999999999
NN3-058,1987-11-01,836.3199999999999
NN3-058,1987-12-01,14427.400000000007
NN3-058,1988-01-01,14427.400000000007
NN3-058,1988-02-01,14427.400000000007
NN3-059,1983-01-01,836.3199999999999
NN3-059,1983-02-01,836.3199999999999
NN3-059,1983-03-01,9032.84446624987
NN3-059,1983-04-01,7545.633467669155
NN3-059,1983-05-01,14427.400000000007
NN3-059,1983-06-01,14427.400000000007
NN3-059,1983-07-01,14427.400000000007
NN3-059,1983-08-01,836.3199999999999
NN3-059,1983-09-01,836.3199999999999
NN3-059,1983-10-01,13950.284191654766
NN3-059,1983-11-01,836.3199999999999
NN3-059,1983-12-01,836.3199999999999
NN3-059,1984-01-01,836.3199999999999
NN3-059,1984-02-01,14427.400000000007
NN3-059,1984-03-01,836.3199999999999
NN3-059,1984-04-01,836.3199999999999
NN3-059,1984-05-01,836.3199999999999
NN3-059,1984-06-01,14427.400000000007
NN3-059,1984-07-01,836.3199999999999
NN3-059,1984-08-01,14427.400000000007
NN3-059,1984-09-01,836.3199999999999
NN3-059,1984-10-01,836.3199999999999
NN3-059,1984-11-01,836.3199999999999
NN3-059,1984-12-01,836.3199999999999
NN3-059,1985-01-01,14427.400000000007
NN3-059,1985-02-01,836.3199999999999
NN3-059,1985-03-01,836.3199999999999
NN3-059,1985-04-01,7773.922760312665
NN3-059,1985-05-01,836.3199999999999
NN3-059,1985-06-01,14427.400000000007
NN3-059,1985-07-01,836.3199999999999
NN3-059,1985-08-01,836.3199999999999
NN3-059,1985-09-01,14427.400000000007
NN3-059,1985-10-01,836.3199999999999
NN3-059,1985-11-01,836.3199999999999
NN3-059,1985-12-01,14427.400000000007
NN3-059,1986-01-01,14427.400000000007
NN3-059,1986-02-01,14427.400000000007
NN3-059,1986-03-01,14427.400000000007
NN3-059,1986-04-01,836.3199999999999
NN3-059,1986-05-01,836.3199999999999
NN3-059,1986-06-01,836.3199999999999
NN3-059,1986-07-01,836.3199999999999
NN3-059,1986-08-01,836.3199999999999
NN3-059,1986-09-01,836.3199999999999
NN3-059,1986-10-01,14427.400000000007
NN3-059,1986-11-01,2030.693678552008
NN3-059,1986-12-01,836.3199999999999
NN3-059,1987-01-01,14427.400000000007
NN3-059,1987-02-01,836.3199999999999
NN3-059,1987-03-01,14427.400000000007
NN3-059,1987-04-01,836.3199999999999
NN3-059,1987-05-01,14427.400000000007
NN3-059,1987-06-01,836.3199999999999
NN3-059,1987-07-01,14427.400000000007
NN3-059,1987-08-01,14427.400000000007
NN3-059,1987-09-01,836.3199999999999
NN3-059,1987-10-01,836.3199999999999
NN3-059,1987-11-01,14427.400000000007
NN3-059,1987-12-01,836.3199999999999
NN3-059,1988-01-01,14427.400000000007
NN3-059,1988-02-01,14427.400000000007
NN3-059,1988-03-01,14193.613028315365
NN3-059,1988-04-01,836.3199999999999
NN3-059,1988-05-01,12441.461135898138
NN3-059,1988-06-01,14427.400000000007
NN3-059,1988-07-01,14427.400000000007
NN3-059,1988-08-01,836.3199999999999
NN3-059,1988-09-01,836.3199999999999
NN3-059,1988-10-01,6828.294742479173
NN3-059,1988-11-01,836.3199999999999
NN3-059,1988-12-01,836.3199999999999
NN3-059,1989-01-01,836.3199999999999
NN3-059,1989-02-01,836.3199999999999
NN3-059,1989-03-01,836.3199999999999
NN3-059,1989-04-01,836.3199999999999
NN3-059,1989-05-01,836.3199999999999
NN3-059,1989-06-01,1165.4136096395277
NN3-059,1989-07-01,4617.008230439217
NN3-059,1989-08-01,14427.400000000007
NN3-059,1989-09-01,836.3199999999999
NN3-059,1989-10-01,836.3199999999999
NN3-059,1989-11-01,836.3199999999999
NN3-059,1989-12-01,14427.400000000007
NN3-059,1990-01-01,836.3199999999999
NN3-059,1990-02-01,14427.400000000007
NN3-059,1990-03-01,14427.400000000007
NN3-059,1990-04-01,14427.400000000007
NN3-059,1990-05-01,836.3199999999999
NN3-059,1990-06-01,10054.169010620268
NN3-059,1990-07-01,14427.400000000007
NN3-059,1990-08-01,14427.400000000007
NN3-059,1990-09-01,14427.400000000007
NN3-059,1990-10-01,836.3199999999999
NN3-059,1990-11-01,14427.400000000007
NN3-059,1990-12-01,836.3199999999999
NN3-059,1991-01-01,836.3199999999999
NN3-059,1991-02-01,14427.400000000007
NN3-059,1991-03-01,13470.936680850164
NN3-059,1991-04-01,5998.154183946006
NN3-059,1991-05-01,836.3199999999999
NN3-059,1991-06-01,836.3199999999999
NN3-059,1991-07-01,14427.400000000007
NN3-059,1991-08-01,12788.136642339274
NN3-060,1981-01-01,14427.400000000007
NN3-060,1981-02-01,14427.400000000007
NN3-060,1981-03-01,836.3199999999999
NN3-060,1981-04-01,14427.400000000007
NN3-060,1981-05-01,14427.400000000007
NN3-060,1981-06-01,836.3199999999999
NN3-060,1981-07-01,14427.400000000007
NN3-060,1981-08-01,836.3199999999999
NN3-060,1981-09-01,14427.400000000007
NN3-060,1981-10-01,12503.3228243259
NN3-060,1981-11-01,836.3199999999999
NN3-060,1981-12-01,14427.400000000007
NN3-060,1982-01-01,11649.432974475512
NN3-060,1982-02-01,14427.400000000007
NN3-060,1982-03-01,836.3199999999999
NN3-060,1982-04-01,836.3199999999999
NN3-060,1982-05-01,14427.400000000007
NN3-060,1982-06-01,14427.400000000007
NN3-060,1982-07-01,836.3199999999999
NN3-060,1982-08-01,836.3199999999999
NN3-060,1982-09-01,836.3199999999999
NN3-060,1982-10-01,836.3199999999999
NN3-060,1982-11-01,836.3199999999999
NN3-060,1982-12-01,836.3199999999999
NN3-060,1983-01-01,14427.400000000007
NN3-060,1983-02-01,836.3199999999999
NN3-060,1983-03-01,14427.400000000007
NN3-060,1983-04-01,14427.400000000007
NN3-060,1983-05-01,14427.400000000007
NN3-060,1983-06-01,14427.400000000007
NN3-060,1983-07-01,6753.922566253756
NN3-060,1983-08-01,14427.400000000007
NN3-060,1983-09-01,836.3199999999999
NN3-060,1983-10-01,836.3199999999999
NN3-060,1983-11-01,836.3199999999999
NN3-060,1983-12-01,14427.400000000007
NN3-060,1984-01-01,836.3199999999999
NN3-060,1984-02-01,14427.400000000007
NN3-060,1984-03-01,2310.447575197106
NN3-060,1984-04-01,836.3199999999999
NN3-060,1984-05-01,836.3199999999999
NN3-060,1984-06-01,14427.400000000007
NN3-060,1984-07-01,836.3199999999999
NN3-060,1984-08-01,836.3199999999999
NN3-060,1984-09-01,836.3199999999999
NN3-060,1984-10-01,11104.510386186972
NN3-060,1984-11-01,14427.400000000007
NN3-060,1984-12-01,836.3199999999999
NN3-060,1985-01-01,14427.400000000007
NN3-060,1985-02-01,14427.400000000007
NN3-060,1985-03-01,1687.1568931810875
NN3-060,1985-04-01,836.3199999999999
NN3-060,1985-05-01,836.3199999999999
NN3-060,1985-06-01,13246.221548315723
NN3-060,1985-07-01,14427.400000000007
NN3-060,1985-08-01,14427.400000000007
NN3-060,1985-09-01,14427.400000000007
NN3-060,1985-10-01,14427.400000000007
NN3-060,1985-11-01,836.3199999999999
NN3-060,1985-12-01,14427.400000000007
NN3-060,1986-01-01,14427.400000000007
NN3-060,1986-02-01,6780.625695787584
NN3-060,1986-03-01,836.3199999999999
NN3-060,1986-04-01,11616.503583940283
NN3-060,1986-05-01,14427.400000000007
NN3-060,1986-06-01,11863.441772890064
NN3-060,1986-07-01,14427.400000000007
NN3-060,1986-08-01,14427.400000000007
NN3-060,1986-09-01,14427.400000000007
NN3-060,1986-10-01,14427.400000000007
NN3-060,1986-11-01,10265.267151553258
NN3-060,1986-12-01,836.3199999999999
NN3-060,1987-01-01,836.3199999999999
NN3-060,1987-02-01,836.3199999999999
NN3-060,1987-03-01,14427.400000000007
NN3-060,1987-04-01,836.3199999999999
NN3-060,1987-05-01,836.3199999999999
NN3-060,1987-06-01,14427.400000000007
NN3-060,1987-07-01,836.3199999999999
NN3-060,1987-08-01,836.3199999999999
NN3-060,1987-09-01,836.3199999999999
NN3-060,1987-10-01,836.3199999999999
NN3-060,1987-11-01,836.3199999999999
NN3-060,1987-12-01,14427.400000000007
NN3-060,1988-01-01,836.3199999999999
NN3-060,1988-02-01,14427.400000000007
NN3-060,1988-03-01,14427.400000000007
NN3-060,1988-04-01,14427.400000000007
NN3-060,1988-05-01,14427.400000000007
NN3-060,1988-06-01,836.3199999999999
NN3-060,1988-07-01,836.3199999999999
NN3-060,1988-08-01,9351.413267668688
NN3-060,1988-09-01,14427.400000000007
NN3-060,1988-10-01,14427.400000000007
NN3-060,1988-11-01,9818.92520716557
NN3-060,1988-12-01,836.3199999999999
NN3-060,1989-01-01,14427.400000000007
NN3-060,1989-02-01,836.3199999999999
NN3-060,1989-03-01,14427.400000000007
NN3-060,1989-04-01,836.3199999999999
NN3-060,1989-05-01,14427.400000000007
NN3-060,1989-06-01,836.3199999999999
NN3-060,1989-07-01,14427.400000000007
NN3-060,1989-08-01,14427.400000000007
NN3-060,1989-09-01,14427.400000000007
NN3-060,1989-10-01,836.3199999999999
NN3-060,1989-11-01,836.3199999999999
NN3-060,1989-12-01,836.3199999999999
NN3-060,1990-01-01,3073.665311832511
NN3-060,1990-02-01,836.3199999999999
NN3-060,1990-03-01,836.3199999999999
NN3-060,1990-04-01,14427.400000000007
NN3-060,1990-05-01,836.3199999999999
NN3-060,1990-06-01,836.3199999999999
NN3-061,1981-01-01,14427.400000000007
NN3-061,1981-02-01,836.3199999999999
NN3-061,1981-03-01,836.3199999999999
NN3-061,1981-04-01,14427.400000000007
NN3-061,1981-05-01,836.3199999999999
NN3-061,1981-06-01,11387.379553507428
NN3-061,1981-07-01,14427.400000000007
NN3-061,1981-08-01,836.3199999999999
NN3-061,1981-09-01,836.3199999999999
NN3-061,1981-10-01,14427.400000000007
NN3-061,1981-11-01,14427.400000000007
NN3-061,1981-12-01,836.3199999999999
NN3-061,1982-01-01,14427.400000000007
NN3-061,1982-02-01,14427.400000000007
NN3-061,1982-03-01,836.3199999999999
NN3-061,1982-04-01,14427.400000000007
NN3-061,1982-05-01,14427.400000000007
NN3-061,1982-06-01,14427.400000000007
NN3-061,1982-07-01,836.3199999999999
NN3-061,1982-08-01,14427.400000000007
NN3-061,1982-09-01,6509.691928242186
NN3-061,1982-10-01,6826.32534592012
NN3-061,1982-11-01,14427.400000000007
NN3-061,1982-12-01,14427.400000000007
NN3-061,1983-01-01,14427.400000000007
NN3-061,1983-02-01,14427.400000000007
NN3-061,1983-03-01,836.3199999999999
NN3-061,1983-04-01,14427.400000000007
NN3-061,1983-05-01,14427.400000000007
NN3-061,1983-06-01,836.3199999999999
NN3-061,1983-07-01,836.3199999999999
NN3-061,1983-08-01,14427.400000000007
NN3-061,1983-09-01,836.3199999999999
NN3-061,1983-10-01,836.3199999999999
NN3-061,1983-11-01,836.3199999999999
NN3-061,1983-12-01,14427.400000000007
NN3-061,1984-01-01,14427.400000000007
NN3-061,1984-02-01,836.3199999999999
NN3-061,1984-03-01,836.3199999999999
NN3-061,1984-04-01,14427.400000000007
NN3-061,1984-05-01,14427.400000000007
NN3-061,1984-06-01,14427.400000000007
NN3-061,1984-07-01,14427.400000000007
NN3-061,1984-08-01,836.3199999999999
NN3-061,1984-09-01,836.3199999999999
NN3-061,1984-10-01,14427.400000000007
NN3-061,1984-11-01,14427.400000000007
NN3-061,1984-12-01,13521.409333390317
NN3-061,1985-01-01,14427.400000000007
NN3-061,1985-02-01,836.3199999999999
NN3-061,1985-03-01,836.3199999999999
NN3-061,1985-04-01,836.3199999999999
NN3-061,1985-05-01,14427.400000000007
NN3-061,1985-06-01,836.3199999999999
NN3-061,1985-07-01,836.3199999999999
NN3-061,1985-08-01,836.3199999999999
NN3-061,1985-09-01,14427.400000000007
NN3-061,1985-10-01,14427.400000000007
NN3-061,1985-11-01,14427.400000000007
NN3-061,1985-12-01,14427.400000000007
NN3-061,1986-01-01,14427.400000000007
NN3-061,1986-02-01,836.3199999999999
NN3-061,1986-03-01,836.3199999999999
NN3-061,1986-04-01,14427.400000000007
NN3-061,1986-05-01,14427.400000000007
NN3-061,1986-06-01,14427.400000000007
NN3-061,1986-07-01,836.3199999999999
NN3-061,1986-08-01,14427.400000000007
NN3-061,1986-09-01,14427.400000000007
NN3-061,1986-10-01,14427.400000000007
NN3-061,1986-11-01,836.3199999999999
NN3-061,1986-12-01,14427.400000000007
NN3-061,1987-01-01,4064.110450052484
NN3-061,1987-02-01,836.3199999999999
NN3-061,1987-03-01,14427.400000000007
NN3-061,1987-04-01,836.3199999999999
NN3-061,1987-05-01,836.3199999999999
NN3-061,1987-06-01,14427.400000000007
NN3-061,1987-07-01,14427.400000000007
NN3-061,1987-08-01,14427.400000000007
NN3-061,1987-09-01,836.3199999999999
NN3-061,1987-10-01,14427.400000000007
NN3-061,1987-11-01,836.3199999999999
NN3-061,1987-12-01,836.3199999999999
NN3-061,1988-01-01,14427.400000000007
NN3-061,1988-02-01,14427.400000000007
NN3-061,1988-03-01,836.3199999999999
NN3-061,1988-04-01,9030.034123196448
NN3-061,1988-05-01,836.3199999999999
NN3-061,1988-06-01,14427.400000000007
NN3-061,1988-07-01,836.3199999999999
NN3-061,1988-08-01,836.3199999999999
NN3-061,1988-09-01,14427.400000000007
NN3-061,1988-10-01,14427.400000000007
NN3-061,1988-11-01,14427.400000000007
NN3-061,1988-12-01,14427.400000000007
NN3-061,1989-01-01,14427.400000000007
NN3-061,1989-02-01,14427.400000000007
NN3-061,1989-03-01,836.3199999999999
NN3-061,1989-04-01,836.3199999999999
NN3-061,1989-05-01,14427.400000000007
NN3-061,1989-06-01,14427.400000000007
NN3-061,1989-07-01,836.3199999999999
NN3-061,1989-08-01,836.3199999999999
NN3-061,1989-09-01,14427.400000000007
NN3-061,1989-10-01,11107.72050128564
NN3-061,1989-11-01,14427.400000000007
NN3-061,1989-12-01,14427.400000000007
NN3-061,1990-01-01,836.3199999999999
NN3-061,1990-02-01,836.3199999999999
NN3-061,1990-03-01,12645.189486798561
NN3-061,1990-04-01,836.3199999999999
NN3-061,1990-05-01,14427.400000000007
NN3-061,1990-06-01,14427.400000000007
NN3-062,1979-01-01,836.3199999999999
NN3-062,1979-02-01,836.3199999999999
NN3-062,1979-03-01,14427.400000000007
NN3-062,1979-04-01,14427.400000000007
NN3-062,1979-05-01,14427.400000000007
NN3-062,1979-06-01,836.3199999999999
NN3-062,1979-07-01,836.3199999999999
NN3-062,1979-08-01,836.3199999999999
NN3-062,1979-09-01,836.3199999999999
NN3-062,1979-10-01,836.3199999999999
NN3-062,1979-11-01,14427.400000000007
NN3-062,1979-12-01,836.3199999999999
NN3-062,1980-01-01,14427.400000000007
NN3-062,1980-02-01,836.3199999999999
NN3-062,1980-03-01,836.3199999999999
NN3-062,1980-04-01,836.3199999999999
NN3-062,1980-05-01,14427.400000000007
NN3-062,1980-06-01,836.3199999999999
NN3-062,1980-07-01,6325.812250334206
NN3-062,1980-08-01,836.3199999999999
NN3-062,1980-09-01,836.3199999999999
NN3-062,1980-10-01,14427.400000000007
NN3-062,1980-11-01,14427.400000000007
NN3-062,1980-12-01,14427.400000000007
NN3-062,1981-01-01,2446.1654142431244
NN3-062,1981-02-01,14427.400000000007
NN3-062,1981-03-01,14427.400000000007
NN3-062,1981-04-01,2648.1679962650664
NN3-062,1981-05-01,14427.400000000007
NN3-062,1981-06-01,836.3199999999999
NN3-062,1981-07-01,836.3199999999999
NN3-062,1981-08-01,836.3199999999999
NN3-062,1981-09-01,14427.400000000007
NN3-062,1981-10-01,14427.400000000007
NN3-062,1981-11-01,975.3883972933506
NN3-062,1981-12-01,836.3199999999999
NN3-062,1982-01-01,836.3199999999999
NN3-062,1982-02-01,14427.400000000007
NN3-062,1982-03-01,14427.400000000007
NN3-062,1982-04-01,836.3199999999999
NN3-062,1982-05-01,836.3199999999999
NN3-062,1982-06-01,836.3199999999999
NN3-062,1982-07-01,836.3199999999999
NN3-062,1982-08-01,14427.400000000007
NN3-062,1982-09-01,836.3199999999999
NN3-062,1982-10-01,836.3199999999999
NN3-062,1982-11-01,836.3199999999999
NN3-062,1982-12-01,836.3199999999999
NN3-062,1983-01-01,836.3199999999999
NN3-062,1983-02-01,836.3199999999999
NN3-062,1983-03-01,836.3199999999999
NN3-062,1983-04-01,836.3199999999999
NN3-062,1983-05-01,14427.400000000007
NN3-062,1983-06-01,836.3199999999999
NN3-062,1983-07-01,836.3199999999999
NN3-062,1983-08-01,836.3199999999999
NN3-062,1983-09-01,14427.400000000007
NN3-062,1983-10-01,836.3199999999999
NN3-062,1983-11-01,836.3199999999999
NN3-062,1983-12-01,836.3199999999999
NN3-062,1984-01-01,836.3199999999999
NN3-062,1984-02-01,836.3199999999999
NN3-062,1984-03-01,14427.400000000007
NN3-062,1984-04-01,4987.935492314968
NN3-062,1984-05-01,836.3199999999999
NN3-062,1984-06-01,836.3199999999999
NN3-062,1984-07-01,14427.400000000007
NN3-062,1984-08-01,14427.400000000007
NN3-062,1984-09-01,14427.400000000007
NN3-062,1984-10-01,836.3199999999999
NN3-062,1984-11-01,836.3199999999999
NN3-062,1984-12-01,14427.400000000007
NN3-062,1985-01-01,14427.400000000007
NN3-062,1985-02-01,836.3199999999999
NN3-062,1985-03-01,836.3199999999999
NN3-062,1985-04-01,836.3199999999999
NN3-062,1985-05-01,836.3199999999999
NN3-062,1985-06-01,836.3199999999999
NN3-062,1985-07-01,14427.400000000007
NN3-062,1985-08-01,836.3199999999999
NN3-062,1985-09-01,836.3199999999999
NN3-062,1985-10-01,836.3199999999999
NN3-062,1985-11-01,836.3199999999999
NN3-062,1985-12-01,14427.400000000007
NN3-062,1986-01-01,836.3199999999999
NN3-062,1986-02-01,836.3199999999999
NN3-062,1986-03-01,14427.400000000007
NN3-062,1986-04-01,836.3199999999999
NN3-062,1986-05-01,836.3199999999999
NN3-062,1986-06-01,14427.400000000007
NN3-062,1986-07-01,836.3199999999999
NN3-062,1986-08-01,836.3199999999999
NN3-062,1986-09-01,14427.400000000007
NN3-062,1986-10-01,836.3199999999999
NN3-062,1986-11-01,836.3199999999999
NN3-062,1986-12-01,14427.400000000007
NN3-062,1987-01-01,14427.400000000007
NN3-062,1987-02-01,836.3199999999999
NN3-062,1987-03-01,836.3199999999999
NN3-062,1987-04-01,14427.400000000007
NN3-062,1987-05-01,836.3199999999999
NN3-062,1987-06-01,14427.400000000007
NN3-062,1987-07-01,836.3199999999999
NN3-062,1987-08-01,836.3199999999999
NN3-062,1987-09-01,836.3199999999999
NN3-062,1987-10-01,836.3199999999999
NN3-062,1987-11-01,836.3199999999999
NN3-062,1987-12-01,836.3199999999999
NN3-062,1988-01-01,836.3199999999999
NN3-062,1988-02-01,836.3199999999999
NN3-063,1982-01-01,14427.400000000007
NN3-063,1982-02-01,836.3199999999999
NN3-063,1982-03-01,836.3199999999999
NN3-063,1982-04-01,836.3199999999999
NN3-063,1982-05-01,5854.855339641379
NN3-063,1982-06-01,14427.400000000007
NN3-063,1982-07-01,14427.400000000007
NN3-063,1982-08-01,5163.779266348135
NN3-063,1982-09-01,14427.400000000007
NN3-063,1982-10-01,14427.400000000007
NN3-063,1982-11-01,836.3199999999999
NN3-063,1982-12-01,836.3199999999999
NN3-063,1983-01-01,836.3199999999999
NN3-063,1983-02-01,14427.400000000007
NN3-063,1983-03-01,9034.653880073301
NN3-063,1983-04-01,14427.400000000007
NN3-063,1983-05-01,836.3199999999999
NN3-063,1983-06-01,836.3199999999999
NN3-063,1983-07-01,836.3199999999999
NN3-063,1983-08-01,836.3199999999999
NN3-063,1983-09-01,10061.65968996123
NN3-063,1983-10-01,836.3199999999999
NN3-063,1983-11-01,14427.400000000007
NN3-063,1983-12-01,14427.400000000007
NN3-063,1984-01-01,14427.400000000007
NN3-063,1984-02-01,14427.400000000007
NN3-063,1984-03-01,836.3199999999999
NN3-063,1984-04-01,14427.400000000007
NN3-063,1984-05-01,836.3199999999999
NN3-063,1984-06-01,836.3199999999999
NN3-063,1984-07-01,14427.400000000007
NN3-063,1984-08-01,14427.400000000007
NN3-063,1984-09-01,836.3199999999999
NN3-063,1984-10-01,14427.400000000007
NN3-063,1984-11-01,836.3199999999999
NN3-063,1984-12-01,836.3199999999999
NN3-063,1985-01-01,13468.692204047118
NN3-063,1985-02-01,836.3199999999999
NN3-063,1985-03-01,836.3199999999999
NN3-063,1985-04-01,14427.400000000007
NN3-063,1985-05-01,14370.750555949455
NN3-063,1985-06-01,836.3199999999999
NN3-063,1985-07-01,836.3199999999999
NN3-063,1985-08-01,836.3199999999999
NN3-063,1985-09-01,13322.228426498454
NN3-063,1985-10-01,14376.766678653377
NN3-063,1985-11-01,836.3199999999999
NN3-063,1985-12-01,4678.345328210456
NN3-063,1986-01-01,836.3199999999999
NN3-063,1986-02-01,836.3199999999999
NN3-063,1986-03-01,836.3199999999999
NN3-063,1986-04-01,836.3199999999999
NN3-063,1986-05-01,14427.400000000007
NN3-063,1986-06-01,836.3199999999999
NN3-063,1986-07-01,836.3199999999999
NN3-063,1986-08-01,836.3199999999999
NN3-063,1986-09-01,14427.400000000007
NN3-063,1986-10-01,14427.400000000007
NN3-063,1986-11-01,14427.400000000007
NN3-063,1986-12-01,14427.400000000007
NN3-063,1987-01-01,13293.734063785598
NN3-063,1987-02-01,2244.3014206825865
NN3-063,1987-03-01,14427.400000000007
NN3-063,1987-04-01,14427.400000000007
NN3-063,1987-05-01,14427.400000000007
NN3-063,1987-06-01,836.3199999999999
NN3-063,1987-07-01,14427.400000000007
NN3-063,1987-08-01,11332.121783288036
NN3-063,1987-09-01,836.3199999999999
NN3-063,1987-10-01,836.3199999999999
NN3-063,1987-11-01,836.3199999999999
NN3-063,1987-12-01,14427.400000000007
NN3-063,1988-01-01,14427.400000000007
NN3-063,1988-02-01,14427.400000000007
NN3-063,1988-03-01,14427.400000000007
NN3-063,1988-04-01,14427.400000000007
NN3-063,1988-05-01,14427.400000000007
NN3-063,1988-06-01,836.3199999999999
NN3-063,1988-07-01,836.3199999999999
NN3-063,1988-08-01,14427.400000000007
NN3-063,1988-09-01,836.3199999999999
NN3-063,1988-10-01,14427.400000000007
NN3-063,1988-11-01,14427.400000000007
NN3-063,1988-12-01,12162.928122669357
NN3-063,1989-01-01,836.3199999999999
NN3-063,1989-02-01,14427.400000000007
NN3-063,1989-03-01,836.3199999999999
NN3-063,1989-04-01,14427.400000000007
NN3-063,1989-05-01,836.3199999999999
NN3-063,1989-06-01,13625.100761351392
NN3-063,1989-07-01,836.3199999999999
NN3-063,1989-08-01,13523.607328072721
NN3-063,1989-09-01,14427.400000000007
NN3-063,1989-10-01,14427.400000000007
NN3-063,1989-11-01,12239.002624657132
NN3-063,1989-12-01,14427.400000000007
NN3-063,1990-01-01,14427.400000000007
NN3-063,1990-02-01,14427.400000000007
NN3-063,1990-03-01,14427.400000000007
NN3-063,1990-04-01,14427.400000000007
NN3-063,1990-05-01,14427.400000000007
NN3-063,1990-06-01,14427.400000000007
NN3-063,1990-07-01,836.3199999999999
NN3-063,1990-08-01,14427.400000000007
NN3-063,1990-09-01,14427.400000000007
NN3-063,1990-10-01,836.3199999999999
NN3-063,1990-11-01,14427.400000000007
NN3-063,1990-12-01,6425.235170819158
NN3-063,1991-01-01,836.3199999999999
NN3-063,1991-02-01,836.3199999999999
NN3-063,1991-03-01,14427.400000000007
NN3-063,1991-04-01,12101.723370592463
NN3-063,1991-05-01,14427.400000000007
NN3-063,1991-06-01,14427.400000000007
NN3-064,1983-01-01,836.3199999999999
NN3-064,1983-02-01,836.3199999999999
NN3-064,1983-03-01,14427.400000000007
NN3-064,1983-04-01,836.3199999999999
NN3-064,1983-05-01,14427.400000000007
NN3-064,1983-06-01,836.3199999999999
NN3-064,1983-07-01,14427.400000000007
NN3-064,1983-08-01,836.3199999999999
NN3-064,1983-09-01,14427.400000000007
NN3-064,1983-10-01,836.3199999999999
NN3-064,1983-11-01,836.3199999999999
NN3-064,1983-12-01,14427.400000000007
NN3-064,1984-01-01,14427.400000000007
NN3-064,1984-02-01,836.3199999999999
NN3-064,1984-03-01,836.3199999999999
NN3-064,1984-04-01,14427.400000000007
NN3-064,1984-05-01,14427.400000000007
NN3-064,1984-06-01,14427.400000000007
NN3-064,1984-07-01,14427.400000000007
NN3-064,1984-08-01,836.3199999999999
NN3-064,1984-09-01,836.3199999999999
NN3-064,1984-10-01,3817.0077329164787
NN3-064,1984-11-01,836.3199999999999
NN3-064,1984-12-01,836.3199999999999
NN3-064,1985-01-01,836.3199999999999
NN3-064,1985-02-01,836.3199999999999
NN3-064,1985-03-01,14427.400000000007
NN3-064,1985-04-01,11233.517735174895
NN3-064,1985-05-01,836.3199999999999
NN3-064,1985-06-01,12891.35124380951
NN3-064,1985-07-01,14427.400000000007
NN3-064,1985-08-01,836.3199999999999
NN3-064,1985-09-01,836.3199999999999
NN3-064,1985-10-01,14427.400000000007
NN3-064,1985-11-01,8139.605997151399
NN3-064,1985-12-01,14427.400000000007
NN3-064,1986-01-01,14427.400000000007
NN3-064,1986-02-01,14427.400000000007
NN3-064,1986-03-01,836.3199999999999
NN3-064,1986-04-01,8373.606788515348
NN3-064,1986-05-01,836.3199999999999
NN3-064,1986-06-01,14427.400000000007
NN3-064,1986-07-01,14427.400000000007
NN3-064,1986-08-01,14427.400000000007
NN3-064,1986-09-01,14427.400000000007
NN3-064,1986-10-01,836.3199999999999
NN3-064,1986-11-01,836.3199999999999
NN3-064,1986-12-01,14427.400000000007
NN3-064,1987-01-01,836.3199999999999
NN3-064,1987-02-01,836.3199999999999
NN3-064,1987-03-01,836.3199999999999
NN3-064,1987-04-01,10070.315566238589
NN3-064,1987-05-01,5219.40930051575
NN3-064,1987-06-01,14427.400000000007
NN3-064,1987-07-01,4141.290160976146
NN3-064,1987-08-01,14427.400000000007
NN3-064,1987-09-01,14427.400000000007
NN3-064,1987-10-01,14427.400000000007
NN3-064,1987-11-01,836.3199999999999
NN3-064,1987-12-01,836.3199999999999
NN3-064,1988-01-01,14427.400000000007
NN3-064,1988-02-01,14427.400000000007
NN3-064,1988-03-01,836.3199999999999
NN3-064,1988-04-01,836.3199999999999
NN3-064,1988-05-01,14427.400000000007
NN3-064,1988-06-01,836.3199999999999
NN3-064,1988-07-01,14427.400000000007
NN3-064,1988-08-01,14427.400000000007
NN3-064,1988-09-01,836.3199999999999
NN3-064,1988-10-01,836.3199999999999
NN3-064,1988-11-01,836.3199999999999
NN3-064,1988-12-01,14427.400000000007
NN3-064,1989-01-01,14427.400000000007
NN3-064,1989-02-01,2159.4324106591293
NN3-064,1989-03-01,5132.928387037309
NN3-064,1989-04-01,836.3199999999999
NN3-064,1989-05-01,14427.400000000007
NN3-064,1989-06-01,14427.400000000007
NN3-064,1989-07-01,2959.6346282247196
NN3-064,1989-08-01,836.3199999999999
NN3-064,1989-09-01,14427.400000000007
NN3-064,1989-10-01,836.3199999999999
NN3-064,1989-11-01,14427.400000000007
NN3-064,1989-12-01,14427.400000000007
NN3-064,1990-01-01,14427.400000000007
NN3-064,1990-02-01,836.3199999999999
NN3-064,1990-03-01,836.3199999999999
NN3-064,1990-04-01,9767.230396524563
NN3-064,1990-05-01,14427.400000000007
NN3-064,1990-06-01,14427.400000000007
NN3-064,1990-07-01,836.3199999999999
NN3-064,1990-08-01,836.3199999999999
NN3-064,1990-09-01,14427.400000000007
NN3-064,1990-10-01,14427.400000000007
NN3-064,1990-11-01,836.3199999999999
NN3-064,1990-12-01,14427.400000000007
NN3-064,1991-01-01,14427.400000000007
NN3-064,1991-02-01,14427.400000000007
NN3-064,1991-03-01,14427.400000000007
NN3-064,1991-04-01,836.3199999999999
NN3-064,1991-05-01,14427.400000000007
NN3-064,1991-06-01,836.3199999999999
NN3-064,1991-07-01,14427.400000000007
NN3-064,1991-08-01,14427.400000000007
NN3-065,1978-01-01,14427.400000000007
NN3-065,1978-02-01,14427.400000000007
NN3-065,1978-03-01,836.3199999999999
NN3-065,1978-04-01,14427.400000000007
NN3-065,1978-05-01,836.3199999999999
NN3-065,1978-06-01,836.3199999999999
NN3-065,1978-07-01,836.3199999999999
NN3-065,1978-08-01,836.3199999999999
NN3-065,1978-09-01,14427.400000000007
NN3-065,1978-10-01,836.3199999999999
NN3-065,1978-11-01,836.3199999999999
NN3-065,1978-12-01,836.3199999999999
NN3-065,1979-01-01,14427.400000000007
NN3-065,1979-02-01,14427.400000000007
NN3-065,1979-03-01,14427.400000000007
NN3-065,1979-04-01,14427.400000000007
NN3-065,1979-05-01,14427.400000000007
NN3-065,1979-06-01,836.3199999999999
NN3-065,1979-07-01,14427.400000000007
NN3-065,1979-08-01,836.3199999999999
NN3-065,1979-09-01,14427.400000000007
NN3-065,1979-10-01,14427.400000000007
NN3-065,1979-11-01,14427.400000000007
NN3-065,1979-12-01,836.3199999999999
NN3-065,1980-01-01,14427.400000000007
NN3-065,1980-02-01,836.3199999999999
NN3-065,1980-03-01,836.3199999999999
NN3-065,1980-04-01,836.3199999999999
NN3-065,1980-05-01,836.3199999999999
NN3-065,1980-06-01,836.3199999999999
NN3-065,1980-07-01,14427.400000000007
NN3-065,1980-08-01,836.3199999999999
NN3-065,1980-09-01,14427.400000000007
NN3-065,1980-10-01,836.3199999999999
NN3-065,1980-11-01,14427.400000000007
NN3-065,1980-12-01,836.3199999999999
NN3-065,1981-01-01,836.3199999999999
NN3-065,1981-02-01,836.3199999999999
NN3-065,1981-03-01,14427.400000000007
NN3-065,1981-04-01,14427.400000000007
NN3-065,1981-05-01,836.3199999999999
NN3-065,1981-06-01,836.3199999999999
NN3-065,1981-07-01,836.3199999999999
NN3-065,1981-08-01,6521.898089742759
NN3-065,1981-09-01,836.3199999999999
NN3-065,1981-10-01,14427.400000000007
NN3-065,1981-11-01,14427.400000000007
NN3-065,1981-12-01,14427.400000000007
NN3-065,1982-01-01,14427.400000000007
NN3-065,1982-02-01,14427.400000000007
NN3-065,1982-03-01,836.3199999999999
NN3-065,1982-04-01,14427.400000000007
NN3-065,1982-05-01,836.3199999999999
NN3-065,1982-06-01,13713.028820919259
NN3-065,1982-07-01,12995.909741073032
NN3-065,1982-08-01,836.3199999999999
NN3-065,1982-09-01,836.3199999999999
NN3-065,1982-10-01,14427.400000000007
NN3-065,1982-11-01,836.3199999999999
NN3-065,1982-12-01,14427.400000000007
NN3-065,1983-01-01,836.3199999999999
NN3-065,1983-02-01,836.3199999999999
NN3-065,1983-03-01,836.3199999999999
NN3-065,1983-04-01,836.3199999999999
NN3-065,1983-05-01,14427.400000000007
NN3-065,1983-06-01,14427.400000000007
NN3-065,1983-07-01,14427.400000000007
NN3-065,1983-08-01,14427.400000000007
NN3-065,1983-09-01,14427.400000000007
NN3-065,1983-10-01,14427.400000000007
NN3-065,1983-11-01,836.3199999999999
NN3-065,1983-12-01,14427.400000000007
NN3-065,1984-01-01,836.3199999999999
NN3-065,1984-02-01,14427.400000000007
NN3-065,1984-03-01,836.3199999999999
NN3-065,1984-04-01,836.3199999999999
NN3-065,1984-05-01,4070.1348600815113
NN3-065,1984-06-01,836.3199999999999
NN3-065,1984-07-01,14427.400000000007
NN3-065,1984-08-01,836.3199999999999
NN3-065,1984-09-01,14427.400000000007
NN3-065,1984-10-01,836.3199999999999
NN3-065,1984-11-01,14427.400000000007
NN3-065,1984-12-01,836.3199999999999
NN3-065,1985-01-01,836.3199999999999
NN3-065,1985-02-01,14427.400000000007
NN3-065,1985-03-01,836.3199999999999
NN3-065,1985-04-01,836.3199999999999
NN3-065,1985-05-01,836.3199999999999
NN3-065,1985-06-01,836.3199999999999
NN3-065,1985-07-01,5560.064618760391
NN3-065,1985-08-01,12318.239898448319
NN3-065,1985-09-01,14427.400000000007
NN3-065,1985-10-01,836.3199999999999
NN3-065,1985-11-01,7675.392568281373
NN3-065,1985-12-01,836.3199999999999
NN3-065,1986-01-01,14427.400000000007
NN3-065,1986-02-01,836.3199999999999
NN3-065,1986-03-01,836.3199999999999
NN3-065,1986-04-01,836.3199999999999
NN3-065,1986-05-01,836.3199999999999
NN3-065,1986-06-01,836.3199999999999
NN3-065,1986-07-01,14427.400000000007
NN3-065,1986-08-01,836.3199999999999
NN3-065,1986-09-01,14427.400000000007
NN3-065,1986-10-01,836.3199999999999
NN3-065,1986-11-01,2443.308754608215
NN3-065,1986-12-01,836.3199999999999
NN3-065,1987-01-01,14427.400000000007
NN3-065,1987-02-01,14427.400000000007
NN3-065,1987-03-01,14427.400000000007
NN3-065,1987-04-01,836.3199999999999
NN3-065,1987-05-01,836.3199999999999
NN3-065,1987-06-01,13569.174834731104
NN3-066,1979-01-01,14427.400000000007
NN3-066,1979-02-01,14427.400000000007
NN3-066,1979-03-01,836.3199999999999
NN3-066,1979-04-01,14427.400000000007
NN3-066,1979-05-01,14427.400000000007
NN3-066,1979-06-01,836.3199999999999
NN3-066,1979-07-01,836.3199999999999
NN3-066,1979-08-01,14427.400000000007
NN3-066,1979-09-01,14427.400000000007
NN3-066,1979-10-01,14427.400000000007
NN3-066,1979-11-01,11625.791340133288
NN3-066,1979-12-01,14427.400000000007
NN3-066,1980-01-01,12082.50511155856
NN3-066,1980-02-01,836.3199999999999
NN3-066,1980-03-01,14427.400000000007
NN3-066,1980-04-01,14427.400000000007
NN3-066,1980-05-01,836.3199999999999
NN3-066,1980-06-01,14427.400000000007
NN3-066,1980-07-01,836.3199999999999
NN3-066,1980-08-01,14427.400000000007
NN3-066,1980-09-01,836.3199999999999
NN3-066,1980-10-01,836.3199999999999
NN3-066,1980-11-01,6924.370907844299
NN3-066,1980-12-01,836.3199999999999
NN3-066,1981-01-01,14427.400000000007
NN3-066,1981-02-01,836.3199999999999
NN3-066,1981-03-01,14427.400000000007
NN3-066,1981-04-01,836.3199999999999
NN3-066,1981-05-01,836.3199999999999
NN3-066,1981-06-01,836.3199999999999
NN3-066,1981-07-01,836.3199999999999
NN3-066,1981-08-01,2664.8904828721106
NN3-066,1981-09-01,836.3199999999999
NN3-066,1981-10-01,836.3199999999999
NN3-066,1981-11-01,14427.400000000007
NN3-066,1981-12-01,836.3199999999999
NN3-066,1982-01-01,836.3199999999999
NN3-066,1982-02-01,836.3199999999999
NN3-066,1982-03-01,836.3199999999999
NN3-066,1982-04-01,8060.880192776504
NN3-066,1982-05-01,836.3199999999999
NN3-066,1982-06-01,836.3199999999999
NN3-066,1982-07-01,836.3199999999999
NN3-066,1982-08-01,836.3199999999999
NN3-066,1982-09-01,836.3199999999999
NN3-066,1982-10-01,836.3199999999999
NN3-066,1982-11-01,4870.49227665107
NN3-066,1982-12-01,7679.0713741522595
NN3-066,1983-01-01,14427.400000000007
NN3-066,1983-02-01,14427.400000000007
NN3-066,1983-03-01,5047.285486475899
NN3-066,1983-04-01,836.3199999999999
NN3-066,1983-05-01,14427.400000000007
NN3-066,1983-06-01,14427.400000000007
NN3-066,1983-07-01,836.3199999999999
NN3-066,1983-08-01,14427.400000000007
NN3-066,1983-09-01,14427.400000000007
NN3-066,1983-10-01,836.3199999999999
NN3-066,1983-11-01,836.3199999999999
NN3-066,1983-12-01,14427.400000000007
NN3-066,1984-01-01,836.3199999999999
NN3-066,1984-02-01,14427.400000000007
NN3-066,1984-03-01,14427.400000000007
NN3-066,1984-04-01,14427.400000000007
NN3-066,1984-05-01,836.3199999999999
NN3-066,1984-06-01,836.3199999999999
NN3-066,1984-07-01,14427.400000000007
NN3-066,1984-08-01,14427.400000000007
NN3-066,1984-09-01,836.3199999999999
NN3-066,1984-10-01,836.3199999999999
NN3-066,1984-11-01,14427.400000000007
NN3-066,1984-12-01,14427.400000000007
NN3-066,1985-01-01,836.3199999999999
NN3-066,1985-02-01,14427.400000000007
NN3-066,1985-03-01,836.3199999999999
NN3-066,1985-04-01,14427.400000000007
NN3-066,1985-05-01,14427.400000000007
NN3-066,1985-06-01,6582.9465534501705
NN3-066,1985-07-01,14427.400000000007
NN3-066,1985-08-01,836.3199999999999
NN3-066,1985-09-01,14427.400000000007
NN3-066,1985-10-01,14427.400000000007
NN3-066,1985-11-01,1045.3555738284722
NN3-066,1985-12-01,836.3199999999999
NN3-066,1986-01-01,14427.400000000007
NN3-066,1986-02-01,836.3199999999999
NN3-066,1986-03-01,14427.400000000007
NN3-066,1986-04-01,14427.400000000007
NN3-066,1986-05-01,14427.400000000007
NN3-066,1986-06-01,836.3199999999999
NN3-066,1986-07-01,14427.400000000007
NN3-066,1986-08-01,14427.400000000007
NN3-066,1986-09-01,836.3199999999999
NN3-066,1986-10-01,836.3199999999999
NN3-066,1986-11-01,14427.400000000007
NN3-066,1986-12-01,836.3199999999999
NN3-066,1987-01-01,836.3199999999999
NN3-066,1987-02-01,14427.400000000007
NN3-066,1987-03-01,14427.400000000007
NN3-066,1987-04-01,13220.862609684995
NN3-066,1987-05-01,836.3199999999999
NN3-066,1987-06-01,836.3199999999999
NN3-066,1987-07-01,14427.400000000007
NN3-066,1987-08-01,14427.400000000007
NN3-066,1987-09-01,836.3199999999999
NN3-066,1987-10-01,836.3199999999999
NN3-066,1987-11-01,7983.162677964782
NN3-066,1987-12-01,14427.400000000007
NN3-066,1988-01-01,836.3199999999999
NN3-066,1988-02-01,836.3199999999999
NN3-066,1988-03-01,14427.400000000007
NN3-066,1988-04-01,836.3199999999999
NN3-066,1988-05-01,1697.6786306796803
NN3-066,1988-06-01,14427.400000000007
NN3-067,1982-01-01,14427.400000000007
NN3-067,1982-02-01,14427.400000000007
NN3-067,1982-03-01,836.3199999999999
NN3-067,1982-04-01,836.3199999999999
NN3-067,1982-05-01,14427.400000000007
NN3-067,1982-06-01,14427.400000000007
NN3-067,1982-07-01,14427.400000000007
NN3-067,1982-08-01,836.3199999999999
NN3-067,1982-09-01,14427.400000000007
NN3-067,1982-10-01,3705.1418820231797
NN3-067,1982-11-01,14427.400000000007
NN3-067,1982-12-01,836.3199999999999
NN3-067,1983-01-01,14427.400000000007
NN3-067,1983-02-01,836.3199999999999
NN3-067,1983-03-01,14427.400000000007
NN3-067,1983-04-01,836.3199999999999
NN3-067,1983-05-01,14427.400000000007
NN3-067,1983-06-01,8668.494840187763
NN3-067,1983-07-01,836.3199999999999
NN3-067,1983-08-01,836.3199999999999
NN3-067,1983-09-01,14427.400000000007
NN3-067,1983-10-01,14427.400000000007
NN3-067,1983-11-01,836.3199999999999
NN3-067,1983-12-01,14427.400000000007
NN3-067,1984-01-01,836.3199999999999
NN3-067,1984-02-01,836.3199999999999
NN3-067,1984-03-01,14427.400000000007
NN3-067,1984-04-01,836.3199999999999
NN3-067,1984-05-01,14427.400000000007
NN3-067,1984-06-01,14427.400000000007
NN3-067,1984-07-01,6694.201336159115
NN3-067,1984-08-01,836.3199999999999
NN3-067,1984-09-01,836.3199999999999
NN3-067,1984-10-01,14427.400000000007
NN3-067,1984-11-01,836.3199999999999
NN3-067,1984-12-01,836.3199999999999
NN3-067,1985-01-01,836.3199999999999
NN3-067,1985-02-01,14427.400000000007
NN3-067,1985-03-01,14427.400000000007
NN3-067,1985-04-01,14427.400000000007
NN3-067,1985-05-01,14427.400000000007
NN3-067,1985-06-01,14427.400000000007
NN3-067,1985-07-01,836.3199999999999
NN3-067,1985-08-01,14427.400000000007
NN3-067,1985-09-01,14427.400000000007
NN3-067,1985-10-01,836.3199999999999
NN3-067,1985-11-01,5056.728623295547
NN3-067,1985-12-01,14427.400000000007
NN3-067,1986-01-01,836.3199999999999
NN3-067,1986-02-01,836.3199999999999
NN3-067,1986-03-01,14427.400000000007
NN3-067,1986-04-01,836.3199999999999
NN3-067,1986-05-01,14427.400000000007
NN3-067,1986-06-01,836.3199999999999
NN3-067,1986-07-01,12304.47627815856
NN3-067,1986-08-01,14427.400000000007
NN3-067,1986-09-01,5559.092744866766
NN3-067,1986-10-01,836.3199999999999
NN3-067,1986-11-01,10991.382712090599
NN3-067,1986-12-01,14427.400000000007
NN3-067,1987-01-01,836.3199999999999
NN3-067,1987-02-01,836.3199999999999
NN3-067,1987-03-01,836.3199999999999
NN3-067,1987-04-01,1193.261573484735
NN3-067,1987-05-01,14427.400000000007
NN3-067,1987-06-01,14427.400000000007
NN3-067,1987-07-01,836.3199999999999
NN3-067,1987-08-01,836.3199999999999
NN3-067,1987-09-01,14427.400000000007
NN3-067,1987-10-01,7290.006217606726
NN3-067,1987-11-01,836.3199999999999
NN3-067,1987-12-01,14427.400000000007
NN3-067,1988-01-01,836.3199999999999
NN3-067,1988-02-01,836.3199999999999
NN3-067,1988-03-01,14427.400000000007
NN3-067,1988-04-01,14427.400000000007
NN3-067,1988-05-01,14427.400000000007
NN3-067,1988-06-01,14427.400000000007
NN3-067,1988-07-01,836.3199999999999
NN3-067,1988-08-01,14427.400000000007
NN3-067,1988-09-01,899.3177564333564
NN3-067,1988-10-01,14427.400000000007
NN3-067,1988-11-01,14427.400000000007
NN3-067,1988-12-01,14427.400000000007
NN3-067,1989-01-01,14427.400000000007
NN3-067,1989-02-01,836.3199999999999
NN3-067,1989-03-01,14427.400000000007
NN3-067,1989-04-01,14427.400000000007
NN3-067,1989-05-01,14427.400000000007
NN3-067,1989-06-01,836.3199999999999
NN3-067,1989-07-01,14427.400000000007
NN3-067,1989-08-01,836.3199999999999
NN3-067,1989-09-01,14427.400000000007
NN3-067,1989-10-01,14427.400000000007
NN3-067,1989-11-01,14427.400000000007
NN3-067,1989-12-01,14427.400000000007
NN3-067,1990-01-01,14427.400000000007
NN3-067,1990-02-01,836.3199999999999
NN3-067,1990-03-01,14427.400000000007
NN3-067,1990-04-01,836.3199999999999
NN3-067,1990-05-01,836.3199999999999
NN3-067,1990-06-01,14427.400000000007
NN3-067,1990-07-01,14427.400000000007
NN3-067,1990-08-01,14427.400000000007
NN3-067,1990-09-01,836.3199999999999
NN3-067,1990-10-01,836.3199999999999
NN3-067,1990-11-01,14427.400000000007
NN3-067,1990-12-01,14427.400000000007
NN3-067,1991-01-01,836.3199999999999
NN3-067,1991-02-01,14427.400000000007
NN3-067,1991-03-01,6763.908754761178
NN3-067,1991-04-01,14427.400000000007
NN3-067,1991-05-01,14427.400000000007
NN3-067,1991-06-01,14427.400000000007
NN3-068,1982-01-01,836.3199999999999
NN3-068,1982-02-01,836.3199999999999
NN3-068,1982-03-01,10298.34108293321
NN3-068,1982-04-01,14427.400000000007
NN3-068,1982-05-01,14427.400000000007
NN3-068,1982-06-01,836.3199999999999
NN3-068,1982-07-01,836.3199999999999
NN3-068,1982-08-01,14427.400000000007
NN3-068,1982-09-01,836.3199999999999
NN3-068,1982-10-01,836.3199999999999
NN3-068,1982-11-01,14427.400000000007
NN3-068,1982-12-01,836.3199999999999
NN3-068,1983-01-01,836.3199999999999
NN3-068,1983-02-01,5127.506922887305
NN3-068,1983-03-01,13425.687055348819
NN3-068,1983-04-01,14427.400000000007
NN3-068,1983-05-01,10013.104807610907
NN3-068,1983-06-01,14427.400000000007
NN3-068,1983-07-01,14427.400000000007
NN3-068,1983-08-01,836.3199999999999
NN3-068,1983-09-01,14427.400000000007
NN3-068,1983-10-01,14427.400000000007
NN3-068,1983-11-01,14427.400000000007
NN3-068,1983-12-01,14427.400000000007
NN3-068,1984-01-01,9569.987065113219
NN3-068,1984-02-01,836.3199999999999
NN3-068,1984-03-01,14427.400000000007
NN3-068,1984-04-01,14427.400000000007
NN3-068,1984-05-01,836.3199999999999
NN3-068,1984-06-01,14427.400000000007
NN3-068,1984-07-01,14427.400000000007
NN3-068,1984-08-01,836.3199999999999
NN3-068,1984-09-01,836.3199999999999
NN3-068,1984-10-01,9179.92634585588
NN3-068,1984-11-01,10270.511508298387
NN3-068,1984-12-01,14427.400000000007
NN3-068,1985-01-01,14427.400000000007
NN3-068,1985-02-01,6649.449814310283
NN3-068,1985-03-01,14427.400000000007
NN3-068,1985-04-01,836.3199999999999
NN3-068,1985-05-01,14427.400000000007
NN3-068,1985-06-01,836.3199999999999
NN3-068,1985-07-01,836.3199999999999
NN3-068,1985-08-01,3302.590585578373
NN3-068,1985-09-01,14427.400000000007
NN3-068,1985-10-01,836.3199999999999
NN3-068,1985-11-01,836.3199999999999
NN3-068,1985-12-01,836.3199999999999
NN3-068,1986-01-01,836.3199999999999
NN3-068,1986-02-01,14427.400000000007
NN3-068,1986-03-01,836.3199999999999
NN3-068,1986-04-01,836.3199999999999
NN3-068,1986-05-01,836.3199999999999
NN3-068,1986-06-01,836.3199999999999
NN3-068,1986-07-01,836.3199999999999
NN3-068,1986-08-01,836.3199999999999
NN3-068,1986-09-01,836.3199999999999
NN3-068,1986-10-01,836.3199999999999
NN3-068,1986-11-01,14427.400000000007
NN3-068,1986-12-01,14427.400000000007
NN3-068,1987-01-01,14427.400000000007
NN3-068,1987-02-01,836.3199999999999
NN3-068,1987-03-01,14427.400000000007
NN3-068,1987-04-01,14427.400000000007
NN3-068,1987-05-01,836.3199999999999
NN3-068,1987-06-01,836.3199999999999
NN3-068,1987-07-01,14427.400000000007
NN3-068,1987-08-01,836.3199999999999
NN3-068,1987-09-01,14427.400000000007
NN3-068,1987-10-01,7092.207685403943
NN3-068,1987-11-01,14427.400000000007
NN3-068,1987-12-01,5619.764295070236
NN3-068,1988-01-01,836.3199999999999
NN3-068,1988-02-01,836.3199999999999
NN3-068,1988-03-01,2256.3833586276146
NN3-068,1988-04-01,14427.400000000007
NN3-068,1988-05-01,836.3199999999999
NN3-068,1988-06-01,836.3199999999999
NN3-068,1988-07-01,14427.400000000007
NN3-068,1988-08-01,836.3199999999999
NN3-068,1988-09-01,836.3199999999999
NN3-068,1988-10-01,14427.400000000007
NN3-068,1988-11-01,14427.400000000007
NN3-068,1988-12-01,14427.400000000007
NN3-068,1989-01-01,836.3199999999999
NN3-068,1989-02-01,836.3199999999999
NN3-068,1989-03-01,836.3199999999999
NN3-068,1989-04-01,14427.400000000007
NN3-068,1989-05-01,836.3199999999999
NN3-068,1989-06-01,14427.400000000007
NN3-068,1989-07-01,14427.400000000007
NN3-068,1989-08-01,836.3199999999999
NN3-068,1989-09-01,14427.400000000007
NN3-068,1989-10-01,836.3199999999999
NN3-068,1989-11-01,836.3199999999999
NN3-068,1989-12-01,836.3199999999999
NN3-068,1990-01-01,14427.400000000007
NN3-068,1990-02-01,5808.163730810939
NN3-068,1990-03-01,14427.400000000007
NN3-068,1990-04-01,9303.065439903694
NN3-068,1990-05-01,14427.400000000007
NN3-068,1990-06-01,14427.400000000007
NN3-068,1990-07-01,836.3199999999999
NN3-068,1990-08-01,14427.400000000007
NN3-068,1990-09-01,836.3199999999999
NN3-068,1990-10-01,836.3199999999999
NN3-068,1990-11-01,836.3199999999999
NN3-068,1990-12-01,836.3199999999999
NN3-068,1991-01-01,14427.400000000007
NN3-069,1981-01-01,14427.400000000007
NN3-069,1981-02-01,836.3199999999999
NN3-069,1981-03-01,836.3199999999999
NN3-069,1981-04-01,836.3199999999999
NN3-069,1981-05-01,836.3199999999999
NN3-069,1981-06-01,836.3199999999999
NN3-069,1981-07-01,14427.400000000007
NN3-069,1981-08-01,14427.400000000007
NN3-069,1981-09-01,14427.400000000007
NN3-069,1981-10-01,14427.400000000007
NN3-069,1981-11-01,14427.400000000007
NN3-069,1981-12-01,6633.270424759315
NN3-069,1982-01-01,14427.400000000007
NN3-069,1982-02-01,836.3199999999999
NN3-069,1982-03-01,836.3199999999999
NN3-069,1982-04-01,836.3199999999999
NN3-069,1982-05-01,14427.400000000007
NN3-069,1982-06-01,14427.400000000007
NN3-069,1982-07-01,14427.400000000007
NN3-069,1982-08-01,14427.400000000007
NN3-069,1982-09-01,14427.400000000007
NN3-069,1982-10-01,14427.400000000007
NN3-069,1982-11-01,14427.400000000007
NN3-069,1982-12-01,14427.400000000007
NN3-069,1983-01-01,836.3199999999999
NN3-069,1983-02-01,836.3199999999999
NN3-069,1983-03-01,4371.063483590862
NN3-069,1983-04-01,836.3199999999999
NN3-069,1983-05-01,836.3199999999999
NN3-069,1983-06-01,836.3199999999999
NN3-069,1983-07-01,836.3199999999999
NN3-069,1983-08-01,14427.400000000007
NN3-069,1983-09-01,836.3199999999999
NN3-069,1983-10-01,836.3199999999999
NN3-069,1983-11-01,14427.400000000007
NN3-069,1983-12-01,14427.400000000007
NN3-069,1984-01-01,14427.400000000007
NN3-069,1984-02-01,14427.400000000007
NN3-069,1984-03-01,14427.400000000007
NN3-069,1984-04-01,14427.400000000007
NN3-069,1984-05-01,14427.400000000007
NN3-069,1984-06-01,14427.400000000007
NN3-069,1984-07-01,14427.400000000007
NN3-069,1984-08-01,14427.400000000007
NN3-069,1984-09-01,836.3199999999999
NN3-069,1984-10-01,13681.813823352406
NN3-069,1984-11-01,836.3199999999999
NN3-069,1984-12-01,836.3199999999999
NN3-069,1985-01-01,836.3199999999999
NN3-069,1985-02-01,836.3199999999999
NN3-069,1985-03-01,836.3199999999999
NN3-069,1985-04-01,836.3199999999999
NN3-069,1985-05-01,836.3199999999999
NN3-069,1985-06-01,836.3199999999999
NN3-069,1985-07-01,14427.400000000007
NN3-069,1985-08-01,14427.400000000007
NN3-069,1985-09-01,836.3199999999999
NN3-069,1985-10-01,14427.400000000007
NN3-069,1985-11-01,836.3199999999999
NN3-069,1985-12-01,836.3199999999999
NN3-069,1986-01-01,14427.400000000007
NN3-069,1986-02-01,13383.164140682056
NN3-069,1986-03-01,836.3199999999999
NN3-069,1986-04-01,836.3199999999999
NN3-069,1986-05-01,14427.400000000007
NN3-069,1986-06-01,836.3199999999999
NN3-069,1986-07-01,836.3199999999999
NN3-069,1986-08-01,14427.400000000007
NN3-069,1986-09-01,14427.400000000007
NN3-069,1986-10-01,14427.400000000007
NN3-069,1986-11-01,14427.400000000007
NN3-069,1986-12-01,14427.400000000007
NN3-069,1987-01-01,836.3199999999999
NN3-069,1987-02-01,836.3199999999999
NN3-069,1987-03-01,836.3199999999999
NN3-069,1987-04-01,2708.5141625227952
NN3-069,1987-05-01,14427.400000000007
NN3-069,1987-06-01,836.3199999999999
NN3-069,1987-07-01,14427.400000000007
NN3-069,1987-08-01,836.3199999999999
NN3-069,1987-09-01,836.3199999999999
NN3-069,1987-10-01,836.3199999999999
NN3-069,1987-11-01,14427.400000000007
NN3-069,1987-12-01,836.3199999999999
NN3-069,1988-01-01,836.3199999999999
NN3-069,1988-02-01,14427.400000000007
NN3-069,1988-03-01,14427.400000000007
NN3-069,1988-04-01,836.3199999999999
NN3-069,1988-05-01,836.3199999999999
NN3-069,1988-06-01,14427.400000000007
NN3-069,1988-07-01,836.3199999999999
NN3-069,1988-08-01,14427.400000000007
NN3-069,1988-09-01,836.3199999999999
NN3-069,1988-10-01,5669.087558045381
NN3-069,1988-11-01,14427.400000000007
NN3-069,1988-12-01,14427.400000000007
NN3-069,1989-01-01,836.3199999999999
NN3-069,1989-02-01,836.3199999999999
NN3-069,1989-03-01,836.3199999999999
NN3-069,1989-04-01,14427.400000000007
NN3-069,1989-05-01,14427.400000000007
NN3-069,1989-06-01,836.3199999999999
NN3-069,1989-07-01,836.3199999999999
NN3-069,1989-08-01,14427.400000000007
NN3-069,1989-09-01,836.3199999999999
NN3-069,1989-10-01,14427.400000000007
NN3-069,1989-11-01,14427.400000000007
NN3-069,1989-12-01,14427.400000000007
NN3-069,1990-01-01,836.3199999999999
NN3-070,1981-01-01,14427.400000000007
NN3-070,1981-02-01,836.3199999999999
NN3-070,1981-03-01,836.3199999999999
NN3-070,1981-04-01,836.3199999999999
NN3-070,1981-05-01,836.3199999999999
NN3-070,1981-06-01,836.3199999999999
NN3-070,1981-07-01,836.3199999999999
NN3-070,1981-08-01,836.3199999999999
NN3-070,1981-09-01,836.3199999999999
NN3-070,1981-10-01,1294.1500959857622
NN3-070,1981-11-01,3289.6228245412767
NN3-070,1981-12-01,14427.400000000007
NN3-070,1982-01-01,836.3199999999999
NN3-070,1982-02-01,14427.400000000007
NN3-070,1982-03-01,14427.400000000007
NN3-070,1982-04-01,14427.400000000007
NN3-070,1982-05-01,836.3199999999999
NN3-070,1982-06-01,836.3199999999999
NN3-070,1982-07-01,14427.400000000007
NN3-070,1982-08-01,836.3199999999999
NN3-070,1982-09-01,9158.915358531507
NN3-070,1982-10-01,836.3199999999999
NN3-070,1982-11-01,836.3199999999999
NN3-070,1982-12-01,14427.400000000007
NN3-070,1983-01-01,14427.400000000007
NN3-070,1983-02-01,836.3199999999999
NN3-070,1983-03-01,1901.5286842173246
NN3-070,1983-04-01,836.3199999999999
NN3-070,1983-05-01,836.3199999999999
NN3-070,1983-06-01,836.3199999999999
NN3-070,1983-07-01,836.3199999999999
NN3-070,1983-08-01,14427.400000000007
NN3-070,1983-09-01,836.3199999999999
NN3-070,1983-10-01,836.3199999999999
NN3-070,1983-11-01,14267.857013930501
NN3-070,1983-12-01,14427.400000000007
NN3-070,1984-01-01,836.3199999999999
NN3-070,1984-02-01,836.3199999999999
NN3-070,1984-03-01,14427.400000000007
NN3-070,1984-04-01,836.3199999999999
NN3-070,1984-05-01,14427.400000000007
NN3-070,1984-06-01,836.3199999999999
NN3-070,1984-07-01,14427.400000000007
NN3-070,1984-08-01,14427.400000000007
NN3-070,1984-09-01,14427.400000000007
NN3-070,1984-10-01,836.3199999999999
NN3-070,1984-11-01,14427.400000000007
NN3-070,1984-12-01,14427.400000000007
NN3-070,1985-01-01,14427.400000000007
NN3-070,1985-02-01,836.3199999999999
NN3-070,1985-03-01,14427.400000000007
NN3-070,1985-04-01,14427.400000000007
NN3-070,1985-05-01,836.3199999999999
NN3-070,1985-06-01,6672.48984151183
NN3-070,1985-07-01,14427.400000000007
NN3-070,1985-08-01,836.3199999999999
NN3-070,1985-09-01,14427.400000000007
NN3-070,1985-10-01,14427.400000000007
NN3-070,1985-11-01,14427.400000000007
NN3-070,1985-12-01,14427.400000000007
NN3-070,1986-01-01,836.3199999999999
NN3-070,1986-02-01,836.3199999999999
NN3-070,1986-03-01,14427.400000000007
NN3-070,1986-04-01,14427.400000000007
NN3-070,1986-05-01,9322.499496535074
NN3-070,1986-06-01,836.3199999999999
NN3-070,1986-07-01,836.3199999999999
NN3-070,1986-08-01,836.3199999999999
NN3-070,1986-09-01,14427.400000000007
NN3-070,1986-10-01,14427.400000000007
NN3-070,1986-11-01,836.3199999999999
NN3-070,1986-12-01,14427.400000000007
NN3-070,1987-01-01,836.3199999999999
NN3-070,1987-02-01,14427.400000000007
NN3-070,1987-03-01,14427.400000000007
NN3-070,1987-04-01,836.3199999999999
NN3-070,1987-05-01,13753.182061118958
NN3-070,1987-06-01,14427.400000000007
NN3-070,1987-07-01,14427.400000000007
NN3-070,1987-08-01,14427.400000000007
NN3-070,1987-09-01,836.3199999999999
NN3-070,1987-10-01,836.3199999999999
NN3-070,1987-11-01,14427.400000000007
NN3-070,1987-12-01,14427.400000000007
NN3-070,1988-01-01,1144.5390849582072
NN3-070,1988-02-01,14427.400000000007
NN3-070,1988-03-01,14427.400000000007
NN3-070,1988-04-01,14427.400000000007
NN3-070,1988-05-01,14427.400000000007
NN3-070,1988-06-01,836.3199999999999
NN3-070,1988-07-01,14427.400000000007
NN3-070,1988-08-01,14427.400000000007
NN3-070,1988-09-01,14427.400000000007
NN3-070,1988-10-01,836.3199999999999
NN3-070,1988-11-01,14427.400000000007
NN3-070,1988-12-01,836.3199999999999
NN3-070,1989-01-01,14427.400000000007
NN3-070,1989-02-01,836.3199999999999
NN3-070,1989-03-01,836.3199999999999
NN3-070,1989-04-01,14427.400000000007
NN3-070,1989-05-01,14293.535639130674
NN3-070,1989-06-01,836.3199999999999
NN3-070,1989-07-01,836.3199999999999
NN3-070,1989-08-01,10919.85336454345
NN3-070,1989-09-01,836.3199999999999
NN3-070,1989-10-01,836.3199999999999
NN3-070,1989-11-01,836.3199999999999
NN3-070,1989-12-01,836.3199999999999
NN3-070,1990-01-01,836.3199999999999
NN3-071,1978-01-01,836.3199999999999
NN3-071,1978-02-01,836.3199999999999
NN3-071,1978-03-01,836.3199999999999
NN3-071,1978-04-01,14427.400000000007
NN3-071,1978-05-01,836.3199999999999
NN3-071,1978-06-01,836.3199999999999
NN3-071,1978-07-01,14427.400000000007
NN3-071,1978-08-01,836.3199999999999
NN3-071,1978-09-01,14427.400000000007
NN3-071,1978-10-01,836.3199999999999
NN3-071,1978-11-01,14427.400000000007
NN3-071,1978-12-01,14427.400000000007
NN3-071,1979-01-01,836.3199999999999
NN3-071,1979-02-01,836.3199999999999
NN3-071,1979-03-01,14427.400000000007
NN3-071,1979-04-01,836.3199999999999
NN3-071,1979-05-01,836.3199999999999
NN3-071,1979-06-01,836.3199999999999
NN3-071,1979-07-01,10629.438045851919
NN3-071,1979-08-01,14427.400000000007
NN3-071,1979-09-01,836.3199999999999
NN3-071,1979-10-01,836.3199999999999
NN3-071,1979-11-01,836.3199999999999
NN3-071,1979-12-01,14427.400000000007
NN3-071,1980-01-01,836.3199999999999
NN3-071,1980-02-01,12568.167459629996
NN3-071,1980-03-01,14427.400000000007
NN3-071,1980-04-01,836.3199999999999
NN3-071,1980-05-01,14427.400000000007
NN3-071,1980-06-01,14427.400000000007
NN3-071,1980-07-01,836.3199999999999
NN3-071,1980-08-01,836.3199999999999
NN3-071,1980-09-01,836.3199999999999
NN3-071,1980-10-01,14427.400000000007
NN3-071,1980-11-01,14041.285385297226
NN3-071,1980-12-01,836.3199999999999
NN3-071,1981-01-01,13258.178494388554
NN3-071,1981-02-01,836.3199999999999
NN3-071,1981-03-01,14427.400000000007
NN3-071,1981-04-01,2549.983105259028
NN3-071,1981-05-01,836.3199999999999
NN3-071,1981-06-01,14427.400000000007
NN3-071,1981-07-01,836.3199999999999
NN3-071,1981-08-01,836.3199999999999
NN3-071,1981-09-01,14427.400000000007
NN3-071,1981-10-01,836.3199999999999
NN3-071,1981-11-01,14427.400000000007
NN3-071,1981-12-01,3891.7216578914667
NN3-071,1982-01-01,836.3199999999999
NN3-071,1982-02-01,836.3199999999999
NN3-071,1982-03-01,14427.400000000007
NN3-071,1982-04-01,14427.400000000007
NN3-071,1982-05-01,836.3199999999999
NN3-071,1982-06-01,836.3199999999999
NN3-071,1982-07-01,12184.138282147485
NN3-071,1982-08-01,836.3199999999999
NN3-071,1982-09-01,14427.400000000007
NN3-071,1982-10-01,14427.400000000007
NN3-071,1982-11-01,14427.400000000007
NN3-071,1982-12-01,836.3199999999999
NN3-071,1983-01-01,14427.400000000007
NN3-071,1983-02-01,14427.400000000007
NN3-071,1983-03-01,836.3199999999999
NN3-071,1983-04-01,836.3199999999999
NN3-071,1983-05-01,836.3199999999999
NN3-071,1983-06-01,1146.1807151632115
NN3-071,1983-07-01,14427.400000000007
NN3-071,1983-08-01,14427.400000000007
NN3-071,1983-09-01,14427.400000000007
NN3-071,1983-10-01,836.3199999999999
NN3-071,1983-11-01,836.3199999999999
NN3-071,1983-12-01,14427.400000000007
NN3-071,1984-01-01,4096.266746153644
NN3-071,1984-02-01,836.3199999999999
NN3-071,1984-03-01,14427.400000000007
NN3-071,1984-04-01,836.3199999999999
NN3-071,1984-05-01,836.3199999999999
NN3-071,1984-06-01,836.3199999999999
NN3-071,1984-07-01,14427.400000000007
NN3-071,1984-08-01,14427.400000000007
NN3-071,1984-09-01,14427.400000000007
NN3-071,1984-10-01,14427.400000000007
NN3-071,1984-11-01,14427.400000000007
NN3-071,1984-12-01,14427.400000000007
NN3-071,1985-01-01,836.3199999999999
NN3-071,1985-02-01,836.3199999999999
NN3-071,1985-03-01,836.3199999999999
NN3-071,1985-04-01,14427.400000000007
NN3-071,1985-05-01,14427.400000000007
NN3-071,1985-06-01,14427.400000000007
NN3-071,1985-07-01,836.3199999999999
NN3-071,1985-08-01,9972.734697722588
NN3-071,1985-09-01,14427.400000000007
NN3-071,1985-10-01,14427.400000000007
NN3-071,1985-11-01,836.3199999999999
NN3-071,1985-12-01,836.3199999999999
NN3-071,1986-01-01,10927.47879685071
NN3-071,1986-02-01,836.3199999999999
NN3-071,1986-03-01,4035.2162422266265
NN3-071,1986-04-01,14427.400000000007
NN3-071,1986-05-01,14427.400000000007
NN3-071,1986-06-01,14427.400000000007
NN3-071,1986-07-01,14427.400000000007
NN3-071,1986-08-01,14427.400000000007
NN3-071,1986-09-01,836.3199999999999
NN3-071,1986-10-01,14427.400000000007
NN3-071,1986-11-01,14427.400000000007
NN3-071,1986-12-01,14427.400000000007
NN3-071,1987-01-01,3338.128418447488
NN3-071,1987-02-01,14427.400000000007
NN3-071,1987-03-01,14427.400000000007
NN3-071,1987-04-01,14427.400000000007
NN3-071,1987-05-01,836.3199999999999
NN3-071,1987-06-01,836.3199999999999
NN3-072,1981-01-01,14427.400000000007
NN3-072,1981-02-01,14427.400000000007
NN3-072,1981-03-01,836.3199999999999
NN3-072,1981-04-01,14427.400000000007
NN3-072,1981-05-01,836.3199999999999
NN3-072,1981-06-01,836.3199999999999
NN3-072,1981-07-01,14427.400000000007
NN3-072,1981-08-01,836.3199999999999
NN3-072,1981-09-01,836.3199999999999
NN3-072,1981-10-01,836.3199999999999
NN3-072,1981-11-01,836.3199999999999
NN3-072,1981-12-01,14427.400000000007
NN3-072,1982-01-01,14427.400000000007
NN3-072,1982-02-01,836.3199999999999
NN3-072,1982-03-01,836.3199999999999
NN3-072,1982-04-01,7589.078709564172
NN3-072,1982-05-01,8566.491025460642
NN3-072,1982-06-01,836.3199999999999
NN3-072,1982-07-01,836.3199999999999
NN3-072,1982-08-01,836.3199999999999
NN3-072,1982-09-01,836.3199999999999
NN3-072,1982-10-01,836.3199999999999
NN3-072,1982-11-01,14427.400000000007
NN3-072,1982-12-01,836.3199999999999
NN3-072,1983-01-01,14427.400000000007
NN3-072,1983-02-01,7079.150702707444
NN3-072,1983-03-01,14427.400000000007
NN3-072,1983-04-01,14427.400000000007
NN3-072,1983-05-01,5947.961376446983
NN3-072,1983-06-01,836.3199999999999
NN3-072,1983-07-01,836.3199999999999
NN3-072,1983-08-01,14427.400000000007
NN3-072,1983-09-01,14427.400000000007
NN3-072,1983-10-01,2047.915228856244
NN3-072,1983-11-01,14427.400000000007
NN3-072,1983-12-01,836.3199999999999
NN3-072,1984-01-01,14427.400000000007
NN3-072,1984-02-01,14427.400000000007
NN3-072,1984-03-01,14427.400000000007
NN3-072,1984-04-01,1439.8428623839563
NN3-072,1984-05-01,13878.51374676707
NN3-072,1984-06-01,836.3199999999999
NN3-072,1984-07-01,836.3199999999999
NN3-072,1984-08-01,1054.693290298519
NN3-072,1984-09-01,14427.400000000007
NN3-072,1984-10-01,14427.400000000007
NN3-072,1984-11-01,836.3199999999999
NN3-072,1984-12-01,836.3199999999999
NN3-072,1985-01-01,836.3199999999999
NN3-072,1985-02-01,14215.200937106905
NN3-072,1985-03-01,14427.400000000007
NN3-072,1985-04-01,14427.400000000007
NN3-072,1985-05-01,14427.400000000007
NN3-072,1985-06-01,836.3199999999999
NN3-072,1985-07-01,14427.400000000007
NN3-072,1985-08-01,14427.400000000007
NN3-072,1985-09-01,14427.400000000007
NN3-072,1985-10-01,14427.400000000007
NN3-072,1985-11-01,836.3199999999999
NN3-072,1985-12-01,14427.400000000007
NN3-072,1986-01-01,836.3199999999999
NN3-072,1986-02-01,14427.400000000007
NN3-072,1986-03-01,14427.400000000007
NN3-072,1986-04-01,14427.400000000007
NN3-072,1986-05-01,836.3199999999999
NN3-072,1986-06-01,836.3199999999999
NN3-072,1986-07-01,14427.400000000007
NN3-072,1986-08-01,836.3199999999999
NN3-072,1986-09-01,14427.400000000007
NN3-072,1986-10-01,836.3199999999999
NN3-072,1986-11-01,836.3199999999999
NN3-072,1986-12-01,14427.400000000007
NN3-072,1987-01-01,836.3199999999999
NN3-072,1987-02-01,14427.400000000007
NN3-072,1987-03-01,14427.400000000007
NN3-072,1987-04-01,836.3199999999999
NN3-072,1987-05-01,836.3199999999999
NN3-072,1987-06-01,12469.526155719816
NN3-072,1987-07-01,12792.620615546126
NN3-072,1987-08-01,836.3199999999999
NN3-072,1987-09-01,836.3199999999999
NN3-072,1987-10-01,836.3199999999999
NN3-072,1987-11-01,14427.400000000007
NN3-072,1987-12-01,11195.42893201613
NN3-072,1988-01-01,14427.400000000007
NN3-072,1988-02-01,6735.995463780659
NN3-072,1988-03-01,836.3199999999999
NN3-072,1988-04-01,836.3199999999999
NN3-072,1988-05-01,836.3199999999999
NN3-072,1988-06-01,836.3199999999999
NN3-072,1988-07-01,836.3199999999999
NN3-072,1988-08-01,14427.400000000007
NN3-072,1988-09-01,836.3199999999999
NN3-072,1988-10-01,836.3199999999999
NN3-072,1988-11-01,2364.706665844386
NN3-072,1988-12-01,14427.400000000007
NN3-072,1989-01-01,836.3199999999999
NN3-072,1989-02-01,836.3199999999999
NN3-072,1989-03-01,14427.400000000007
NN3-072,1989-04-01,836.3199999999999
NN3-072,1989-05-01,14427.400000000007
NN3-072,1989-06-01,14427.400000000007
NN3-072,1989-07-01,14427.400000000007
NN3-072,1989-08-01,14427.400000000007
NN3-072,1989-09-01,836.3199999999999
NN3-072,1989-10-01,836.3199999999999
NN3-072,1989-11-01,11457.719737398726
NN3-072,1989-12-01,836.3199999999999
NN3-072,1990-01-01,836.3199999999999
NN3-072,1990-02-01,836.3199999999999
NN3-072,1990-03-01,836.3199999999999
NN3-072,1990-04-01,836.3199999999999
NN3-072,1990-05-01,14427.400000000007
NN3-072,1990-06-01,836.3199999999999
NN3-073,1982-01-01,14427.400000000007
NN3-073,1982-02-01,14427.400000000007
NN3-073,1982-03-01,14427.400000000007
NN3-073,1982-04-01,836.3199999999999
NN3-073,1982-05-01,12263.494832688724
NN3-073,1982-06-01,836.3199999999999
NN3-073,1982-07-01,7012.141233626819
NN3-073,1982-08-01,836.3199999999999
NN3-073,1982-09-01,14427.400000000007
NN3-073,1982-10-01,14347.540741268509
NN3-073,1982-11-01,14427.400000000007
NN3-073,1982-12-01,836.3199999999999
NN3-073,1983-01-01,836.3199999999999
NN3-073,1983-02-01,836.3199999999999
NN3-073,1983-03-01,836.3199999999999
NN3-073,1983-04-01,836.3199999999999
NN3-073,1983-05-01,14427.400000000007
NN3-073,1983-06-01,836.3199999999999
NN3-073,1983-07-01,836.3199999999999
NN3-073,1983-08-01,14427.400000000007
NN3-073,1983-09-01,14427.400000000007
NN3-073,1983-10-01,836.3199999999999
NN3-073,1983-11-01,836.3199999999999
NN3-073,1983-12-01,836.3199999999999
NN3-073,1984-01-01,14427.400000000007
NN3-073,1984-02-01,14427.400000000007
NN3-073,1984-03-01,836.3199999999999
NN3-073,1984-04-01,836.3199999999999
NN3-073,1984-05-01,836.3199999999999
NN3-073,1984-06-01,14427.400000000007
NN3-073,1984-07-01,836.3199999999999
NN3-073,1984-08-01,836.3199999999999
NN3-073,1984-09-01,14427.400000000007
NN3-073,1984-10-01,14427.400000000007
NN3-073,1984-11-01,14427.400000000007
NN3-073,1984-12-01,14427.400000000007
NN3-073,1985-01-01,14427.400000000007
NN3-073,1985-02-01,14427.400000000007
NN3-073,1985-03-01,836.3199999999999
NN3-073,1985-04-01,836.3199999999999
NN3-073,1985-05-01,836.3199999999999
NN3-073,1985-06-01,14427.400000000007
NN3-073,1985-07-01,836.3199999999999
NN3-073,1985-08-01,836.3199999999999
NN3-073,1985-09-01,836.3199999999999
NN3-073,1985-10-01,836.3199999999999
NN3-073,1985-11-01,836.3199999999999
NN3-073,1985-12-01,836.3199999999999
NN3-073,1986-01-01,14427.400000000007
NN3-073,1986-02-01,836.3199999999999
NN3-073,1986-03-01,3826.80408108885
NN3-073,1986-04-01,14427.400000000007
NN3-073,1986-05-01,836.3199999999999
NN3-073,1986-06-01,836.3199999999999
NN3-073,1986-07-01,14427.400000000007
NN3-073,1986-08-01,14427.400000000007
NN3-073,1986-09-01,14427.400000000007
NN3-073,1986-10-01,836.3199999999999
NN3-073,1986-11-01,13484.64018456097
NN3-073,1986-12-01,14427.400000000007
NN3-073,1987-01-01,14427.400000000007
NN3-073,1987-02-01,14427.400000000007
NN3-073,1987-03-01,836.3199999999999
NN3-073,1987-04-01,14427.400000000007
NN3-073,1987-05-01,836.3199999999999
NN3-073,1987-06-01,14427.400000000007
NN3-073,1987-07-01,836.3199999999999
NN3-073,1987-08-01,836.3199999999999
NN3-073,1987-09-01,836.3199999999999
NN3-073,1987-10-01,14427.400000000007
NN3-073,1987-11-01,14427.400000000007
NN3-073,1987-12-01,836.3199999999999
NN3-073,1988-01-01,14427.400000000007
NN3-073,1988-02-01,836.3199999999999
NN3-073,1988-03-01,836.3199999999999
NN3-073,1988-04-01,836.3199999999999
NN3-073,1988-05-01,3708.269043828153
NN3-073,1988-06-01,14427.400000000007
NN3-073,1988-07-01,7260.706562545443
NN3-073,1988-08-01,836.3199999999999
NN3-073,1988-09-01,14427.400000000007
NN3-073,1988-10-01,836.3199999999999
NN3-073,1988-11-01,14427.400000000007
NN3-073,1988-12-01,14427.400000000007
NN3-073,1989-01-01,836.3199999999999
NN3-073,1989-02-01,14427.400000000007
NN3-073,1989-03-01,14427.400000000007
NN3-073,1989-04-01,836.3199999999999
NN3-073,1989-05-01,14427.400000000007
NN3-073,1989-06-01,14427.400000000007
NN3-073,1989-07-01,14427.400000000007
NN3-073,1989-08-01,14427.400000000007
NN3-073,1989-09-01,14427.400000000007
NN3-073,1989-10-01,836.3199999999999
NN3-073,1989-11-01,14427.400000000007
NN3-073,1989-12-01,12526.341300859645
NN3-073,1990-01-01,836.3199999999999
NN3-073,1990-02-01,836.3199999999999
NN3-073,1990-03-01,14427.400000000007
NN3-073,1990-04-01,836.3199999999999
NN3-073,1990-05-01,836.3199999999999
NN3-073,1990-06-01,836.3199999999999
NN3-073,1990-07-01,836.3199999999999
NN3-073,1990-08-01,836.3199999999999
NN3-073,1990-09-01,836.3199999999999
NN3-073,1990-10-01,14427.400000000007
NN3-073,1990-11-01,836.3199999999999
NN3-073,1990-12-01,14427.400000000007
NN3-073,1991-01-01,14427.400000000007
NN3-073,1991-02-01,14427.400000000007
NN3-073,1991-03-01,836.3199999999999
NN3-073,1991-04-01,836.3199999999999
NN3-073,1991-05-01,836.3199999999999
NN3-073,1991-06-01,836.3199999999999
NN3-074,1978-01-01,836.3199999999999
NN3-074,1978-02-01,14427.400000000007
NN3-074,1978-03-01,10850.29770582683
NN3-074,1978-04-01,836.3199999999999
NN3-074,1978-05-01,12476.023644881192
NN3-074,1978-06-01,14427.400000000007
NN3-074,1978-07-01,14427.400000000007
NN3-074,1978-08-01,14427.400000000007
NN3-074,1978-09-01,14427.400000000007
NN3-074,1978-10-01,836.3199999999999
NN3-074,1978-11-01,14427.400000000007
NN3-074,1978-12-01,836.3199999999999
NN3-074,1979-01-01,836.3199999999999
NN3-074,1979-02-01,836.3199999999999
NN3-074,1979-03-01,836.3199999999999
NN3-074,1979-04-01,836.3199999999999
NN3-074,1979-05-01,14427.400000000007
NN3-074,1979-06-01,14427.400000000007
NN3-074,1979-07-01,836.3199999999999
NN3-074,1979-08-01,836.3199999999999
NN3-074,1979-09-01,836.3199999999999
NN3-074,1979-10-01,6186.486012611296
NN3-074,1979-11-01,836.3199999999999
NN3-074,1979-12-01,836.3199999999999
NN3-074,1980-01-01,14427.400000000007
NN3-074,1980-02-01,836.3199999999999
NN3-074,1980-03-01,836.3199999999999
NN3-074,1980-04-01,836.3199999999999
NN3-074,1980-05-01,836.3199999999999
NN3-074,1980-06-01,14427.400000000007
NN3-074,1980-07-01,14427.400000000007
NN3-074,1980-08-01,836.3199999999999
NN3-074,1980-09-01,836.3199999999999
NN3-074,1980-10-01,9223.717947679817
NN3-074,1980-11-01,14427.400000000007
NN3-074,1980-12-01,836.3199999999999
NN3-074,1981-01-01,14427.400000000007
NN3-074,1981-02-01,14427.400000000007
NN3-074,1981-03-01,836.3199999999999
NN3-074,1981-04-01,836.3199999999999
NN3-074,1981-05-01,836.3199999999999
NN3-074,1981-06-01,836.3199999999999
NN3-074,1981-07-01,14427.400000000007
NN3-074,1981-08-01,836.3199999999999
NN3-074,1981-09-01,14427.400000000007
NN3-074,1981-10-01,14427.400000000007
NN3-074,1981-11-01,14427.400000000007
NN3-074,1981-12-01,836.3199999999999
NN3-074,1982-01-01,836.3199999999999
NN3-074,1982-02-01,836.3199999999999
NN3-074,1982-03-01,836.3199999999999
NN3-074,1982-04-01,836.3199999999999
NN3-074,1982-05-01,836.3199999999999
NN3-074,1982-06-01,836.3199999999999
NN3-074,1982-07-01,14427.400000000007
NN3-074,1982-08-01,836.3199999999999
NN3-074,1982-09-01,14427.400000000007
NN3-074,1982-10-01,836.3199999999999
NN3-074,1982-11-01,836.3199999999999
NN3-074,1982-12-01,836.3199999999999
NN3-074,1983-01-01,836.3199999999999
NN3-074,1983-02-01,14427.400000000007
NN3-074,1983-03-01,14427.400000000007
NN3-074,1983-04-01,14427.400000000007
NN3-074,1983-05-01,9036.406788369912
NN3-074,1983-06-01,14427.400000000007
NN3-074,1983-07-01,14427.400000000007
NN3-074,1983-08-01,836.3199999999999
NN3-074,1983-09-01,836.3199999999999
NN3-074,1983-10-01,14427.400000000007
NN3-074,1983-11-01,836.3199999999999
NN3-074,1983-12-01,14427.400000000007
NN3-074,1984-01-01,836.3199999999999
NN3-074,1984-02-01,836.3199999999999
NN3-074,1984-03-01,836.3199999999999
NN3-074,1984-04-01,14427.400000000007
NN3-074,1984-05-01,14427.400000000007
NN3-074,1984-06-01,14427.400000000007
NN3-074,1984-07-01,14427.400000000007
NN3-074,1984-08-01,836.3199999999999
NN3-074,1984-09-01,14427.400000000007
NN3-074,1984-10-01,14427.400000000007
NN3-074,1984-11-01,14427.400000000007
NN3-074,1984-12-01,836.3199999999999
NN3-074,1985-01-01,14427.400000000007
NN3-074,1985-02-01,14427.400000000007
NN3-074,1985-03-01,836.3199999999999
NN3-074,1985-04-01,836.3199999999999
NN3-074,1985-05-01,836.3199999999999
NN3-074,1985-06-01,14427.400000000007
NN3-074,1985-07-01,836.3199999999999
NN3-074,1985-08-01,14427.400000000007
NN3-074,1985-09-01,836.3199999999999
NN3-074,1985-10-01,14427.400000000007
NN3-074,1985-11-01,14427.400000000007
NN3-074,1985-12-01,836.3199999999999
NN3-074,1986-01-01,836.3199999999999
NN3-074,1986-02-01,836.3199999999999
NN3-074,1986-03-01,14427.400000000007
NN3-074,1986-04-01,14427.400000000007
NN3-074,1986-05-01,14427.400000000007
NN3-074,1986-06-01,14427.400000000007
NN3-074,1986-07-01,14427.400000000007
NN3-074,1986-08-01,836.3199999999999
NN3-074,1986-09-01,836.3199999999999
NN3-074,1986-10-01,836.3199999999999
NN3-074,1986-11-01,12033.118677583909
NN3-074,1986-12-01,836.3199999999999
NN3-074,1987-01-01,836.3199999999999
NN3-074,1987-02-01,14427.400000000007
NN3-074,1987-03-01,836.3199999999999
NN3-074,1987-04-01,836.3199999999999
NN3-074,1987-05-01,836.3199999999999
NN3-074,1987-06-01,14427.400000000007
NN3-075,1982-01-01,836.3199999999999
NN3-075,1982-02-01,836.3199999999999
NN3-075,1982-03-01,836.3199999999999
NN3-075,1982-04-01,836.3199999999999
NN3-075,1982-05-01,14427.400000000007
NN3-075,1982-06-01,836.3199999999999
NN3-075,1982-07-01,836.3199999999999
NN3-075,1982-08-01,3190.8969196405524
NN3-075,1982-09-01,836.3199999999999
NN3-075,1982-10-01,836.3199999999999
NN3-075,1982-11-01,14427.400000000007
NN3-075,1982-12-01,836.3199999999999
NN3-075,1983-01-01,14427.400000000007
NN3-075,1983-02-01,836.3199999999999
NN3-075,1983-03-01,14427.400000000007
NN3-075,1983-04-01,836.3199999999999
NN3-075,1983-05-01,836.3199999999999
NN3-075,1983-06-01,836.3199999999999
NN3-075,1983-07-01,11832.837747096499
NN3-075,1983-08-01,836.3199999999999
NN3-075,1983-09-01,836.3199999999999
NN3-075,1983-10-01,14427.400000000007
NN3-075,1983-11-01,836.3199999999999
NN3-075,1983-12-01,14427.400000000007
NN3-075,1984-01-01,14427.400000000007
NN3-075,1984-02-01,14427.400000000007
NN3-075,1984-03-01,7449.2308247785495
NN3-075,1984-04-01,836.3199999999999
NN3-075,1984-05-01,836.3199999999999
NN3-075,1984-06-01,836.3199999999999
NN3-075,1984-07-01,836.3199999999999
NN3-075,1984-08-01,14427.400000000007
NN3-075,1984-09-01,836.3199999999999
NN3-075,1984-10-01,14427.400000000007
NN3-075,1984-11-01,836.3199999999999
NN3-075,1984-12-01,14427.400000000007
NN3-075,1985-01-01,10185.421273920398
NN3-075,1985-02-01,836.3199999999999
NN3-075,1985-03-01,14427.400000000007
NN3-075,1985-04-01,836.3199999999999
NN3-075,1985-05-01,836.3199999999999
NN3-075,1985-06-01,14427.400000000007
NN3-075,1985-07-01,14427.400000000007
NN3-075,1985-08-01,836.3199999999999
NN3-075,1985-09-01,836.3199999999999
NN3-075,1985-10-01,14427.400000000007
NN3-075,1985-11-01,836.3199999999999
NN3-075,1985-12-01,14427.400000000007
NN3-075,1986-01-01,14427.400000000007
NN3-075,1986-02-01,14427.400000000007
NN3-075,1986-03-01,836.3199999999999
NN3-075,1986-04-01,836.3199999999999
NN3-075,1986-05-01,836.3199999999999
NN3-075,1986-06-01,836.3199999999999
NN3-075,1986-07-01,836.3199999999999
NN3-075,1986-08-01,14198.644217004066
NN3-075,1986-09-01,836.3199999999999
NN3-075,1986-10-01,14427.400000000007
NN3-075,1986-11-01,836.3199999999999
NN3-075,1986-12-01,10856.014663059475
NN3-075,1987-01-01,14427.400000000007
NN3-075,1987-02-01,14427.400000000007
NN3-075,1987-03-01,14427.400000000007
NN3-075,1987-04-01,14427.400000000007
NN3-075,1987-05-01,836.3199999999999
NN3-075,1987-06-01,11412.833393801611
NN3-075,1987-07-01,14427.400000000007
NN3-075,1987-08-01,14427.400000000007
NN3-075,1987-09-01,836.3199999999999
NN3-075,1987-10-01,14427.400000000007
NN3-075,1987-11-01,14427.400000000007
NN3-075,1987-12-01,836.3199999999999
NN3-075,1988-01-01,14427.400000000007
NN3-075,1988-02-01,14427.400000000007
NN3-075,1988-03-01,14427.400000000007
NN3-075,1988-04-01,14427.400000000007
NN3-075,1988-05-01,14427.400000000007
NN3-075,1988-06-01,9718.360012088648
NN3-075,1988-07-01,14427.400000000007
NN3-075,1988-08-01,14427.400000000007
NN3-075,1988-09-01,836.3199999999999
NN3-075,1988-10-01,14427.400000000007
NN3-075,1988-11-01,14427.400000000007
NN3-075,1988-12-01,14427.400000000007
NN3-075,1989-01-01,14427.400000000007
NN3-075,1989-02-01,14427.400000000007
NN3-075,1989-03-01,836.3199999999999
NN3-075,1989-04-01,14427.400000000007
NN3-075,1989-05-01,836.3199999999999
NN3-075,1989-06-01,14427.400000000007
NN3-075,1989-07-01,836.3199999999999
NN3-075,1989-08-01,836.3199999999999
NN3-075,1989-09-01,836.3199999999999
NN3-075,1989-10-01,7695.2363505631
NN3-075,1989-11-01,836.3199999999999
NN3-075,1989-12-01,2853.938578833592
NN3-075,1990-01-01,836.3199999999999
NN3-075,1990-02-01,14427.400000000007
NN3-075,1990-03-01,836.3199999999999
NN3-075,1990-04-01,14427.400000000007
NN3-075,1990-05-01,836.3199999999999
NN3-075,1990-06-01,14427.400000000007
NN3-075,1990-07-01,836.3199999999999
NN3-075,1990-08-01,836.3199999999999
NN3-075,1990-09-01,14427.400000000007
NN3-075,1990-10-01,836.3199999999999
NN3-075,1990-11-01,836.3199999999999
NN3-075,1990-12-01,14427.400000000007
NN3-075,1991-01-01,14427.400000000007
NN3-075,1991-02-01,14427.400000000007
NN3-075,1991-03-01,14427.400000000007
NN3-075,1991-04-01,13901.316925512108
NN3-075,1991-05-01,836.3199999999999
NN3-075,1991-06-01,836.3199999999999
NN3-076,1977-01-01,14427.400000000007
NN3-076,1977-02-01,836.3199999999999
NN3-076,1977-03-01,14427.400000000007
NN3-076,1977-04-01,836.3199999999999
NN3-076,1977-05-01,14427.400000000007
NN3-076,1977-06-01,836.3199999999999
NN3-076,1977-07-01,836.3199999999999
NN3-076,1977-08-01,14427.400000000007
NN3-076,1977-09-01,14427.400000000007
NN3-076,1977-10-01,836.3199999999999
NN3-076,1977-11-01,14427.400000000007
NN3-076,1977-12-01,836.3199999999999
NN3-076,1978-01-01,894.8513634645124
NN3-076,1978-02-01,14427.400000000007
NN3-076,1978-03-01,14427.400000000007
NN3-076,1978-04-01,1384.9262923790611
NN3-076,1978-05-01,836.3199999999999
NN3-076,1978-06-01,14427.400000000007
NN3-076,1978-07-01,836.3199999999999
NN3-076,1978-08-01,836.3199999999999
NN3-076,1978-09-01,14427.400000000007
NN3-076,1978-10-01,14427.400000000007
NN3-076,1978-11-01,836.3199999999999
NN3-076,1978-12-01,836.3199999999999
NN3-076,1979-01-01,1900.3695167327824
NN3-076,1979-02-01,14427.400000000007
NN3-076,1979-03-01,836.3199999999999
NN3-076,1979-04-01,11564.911259633629
NN3-076,1979-05-01,836.3199999999999
NN3-076,1979-06-01,836.3199999999999
NN3-076,1979-07-01,836.3199999999999
NN3-076,1979-08-01,14427.400000000007
NN3-076,1979-09-01,836.3199999999999
NN3-076,1979-10-01,14427.400000000007
NN3-076,1979-11-01,836.3199999999999
NN3-076,1979-12-01,836.3199999999999
NN3-076,1980-01-01,836.3199999999999
NN3-076,1980-02-01,14427.400000000007
NN3-076,1980-03-01,6533.03084256422
NN3-076,1980-04-01,836.3199999999999
NN3-076,1980-05-01,836.3199999999999
NN3-076,1980-06-01,14427.400000000007
NN3-076,1980-07-01,14427.400000000007
NN3-076,1980-08-01,836.3199999999999
NN3-076,1980-09-01,14427.400000000007
NN3-076,1980-10-01,836.3199999999999
NN3-076,1980-11-01,836.3199999999999
NN3-076,1980-12-01,836.3199999999999
NN3-076,1981-01-01,836.3199999999999
NN3-076,1981-02-01,836.3199999999999
NN3-076,1981-03-01,14427.400000000007
NN3-076,1981-04-01,14427.400000000007
NN3-076,1981-05-01,14427.400000000007
NN3-076,1981-06-01,14427.400000000007
NN3-076,1981-07-01,14427.400000000007
NN3-076,1981-08-01,2561.159514918517
NN3-076,1981-09-01,836.3199999999999
NN3-076,1981-10-01,836.3199999999999
NN3-076,1981-11-01,836.3199999999999
NN3-076,1981-12-01,836.3199999999999
NN3-076,1982-01-01,836.3199999999999
NN3-076,1982-02-01,1182.9684199554158
NN3-076,1982-03-01,14427.400000000007
NN3-076,1982-04-01,836.3199999999999
NN3-076,1982-05-01,14427.400000000007
NN3-076,1982-06-01,2470.8639348650986
NN3-076,1982-07-01,14427.400000000007
NN3-076,1982-08-01,1806.3522942668633
NN3-076,1982-09-01,14427.400000000007
NN3-076,1982-10-01,836.3199999999999
NN3-076,1982-11-01,14427.400000000007
NN3-076,1982-12-01,14427.400000000007
NN3-076,1983-01-01,836.3199999999999
NN3-076,1983-02-01,836.3199999999999
NN3-076,1983-03-01,14427.400000000007
NN3-076,1983-04-01,5115.230359316296
NN3-076,1983-05-01,14427.400000000007
NN3-076,1983-06-01,836.3199999999999
NN3-076,1983-07-01,836.3199999999999
NN3-076,1983-08-01,14427.400000000007
NN3-076,1983-09-01,14427.400000000007
NN3-076,1983-10-01,14427.400000000007
NN3-076,1983-11-01,836.3199999999999
NN3-076,1983-12-01,14427.400000000007
NN3-076,1984-01-01,13813.512774988329
NN3-076,1984-02-01,836.3199999999999
NN3-076,1984-03-01,836.3199999999999
NN3-076,1984-04-01,1255.3078348998342
NN3-076,1984-05-01,14427.400000000007
NN3-076,1984-06-01,836.3199999999999
NN3-076,1984-07-01,14427.400000000007
NN3-076,1984-08-01,836.3199999999999
NN3-076,1984-09-01,14427.400000000007
NN3-076,1984-10-01,836.3199999999999
NN3-076,1984-11-01,14427.400000000007
NN3-076,1984-12-01,836.3199999999999
NN3-076,1985-01-01,14427.400000000007
NN3-076,1985-02-01,14427.400000000007
NN3-076,1985-03-01,836.3199999999999
NN3-076,1985-04-01,836.3199999999999
NN3-076,1985-05-01,14427.400000000007
NN3-076,1985-06-01,14427.400000000007
NN3-076,1985-07-01,836.3199999999999
NN3-076,1985-08-01,14427.400000000007
NN3-076,1985-09-01,14427.400000000007
NN3-076,1985-10-01,836.3199999999999
NN3-076,1985-11-01,836.3199999999999
NN3-076,1985-12-01,836.3199999999999
NN3-076,1986-01-01,14427.400000000007
NN3-076,1986-02-01,836.3199999999999
NN3-076,1986-03-01,2087.9398335460082
NN3-076,1986-04-01,14427.400000000007
NN3-076,1986-05-01,14427.400000000007
NN3-076,1986-06-01,9783.940448959784
NN3-077,1981-12-01,836.3199999999999
NN3-077,1982-01-01,14427.400000000007
NN3-077,1982-02-01,836.3199999999999
NN3-077,1982-03-01,836.3199999999999
NN3-077,1982-04-01,836.3199999999999
NN3-077,1982-05-01,836.3199999999999
NN3-077,1982-06-01,836.3199999999999
NN3-077,1982-07-01,14427.400000000007
NN3-077,1982-08-01,836.3199999999999
NN3-077,1982-09-01,836.3199999999999
NN3-077,1982-10-01,14427.400000000007
NN3-077,1982-11-01,836.3199999999999
NN3-077,1982-12-01,836.3199999999999
NN3-077,1983-01-01,14427.400000000007
NN3-077,1983-02-01,14427.400000000007
NN3-077,1983-03-01,836.3199999999999
NN3-077,1983-04-01,836.3199999999999
NN3-077,1983-05-01,14427.400000000007
NN3-077,1983-06-01,14427.400000000007
NN3-077,1983-07-01,4014.656013104246
NN3-077,1983-08-01,7966.941533748367
NN3-077,1983-09-01,836.3199999999999
NN3-077,1983-10-01,836.3199999999999
NN3-077,1983-11-01,836.3199999999999
NN3-077,1983-12-01,836.3199999999999
NN3-077,1984-01-01,1709.956816120557
NN3-077,1984-02-01,836.3199999999999
NN3-077,1984-03-01,14427.400000000007
NN3-077,1984-04-01,14427.400000000007
NN3-077,1984-05-01,14427.400000000007
NN3-077,1984-06-01,14427.400000000007
NN3-077,1984-07-01,14427.400000000007
NN3-077,1984-08-01,14427.400000000007
NN3-077,1984-09-01,12776.115884396975
NN3-077,1984-10-01,14427.400000000007
NN3-077,1984-11-01,4111.995916905083
NN3-077,1984-12-01,836.3199999999999
NN3-077,1985-01-01,14427.400000000007
NN3-077,1985-02-01,836.3199999999999
NN3-077,1985-03-01,14427.400000000007
NN3-077,1985-04-01,836.3199999999999
NN3-077,1985-05-01,836.3199999999999
NN3-077,1985-06-01,836.3199999999999
NN3-077,1985-07-01,836.3199999999999
NN3-077,1985-08-01,14427.400000000007
NN3-077,1985-09-01,14427.400000000007
NN3-077,1985-10-01,836.3199999999999
NN3-077,1985-11-01,14427.400000000007
NN3-077,1985-12-01,836.3199999999999
NN3-077,1986-01-01,14427.400000000007
NN3-077,1986-02-01,14427.400000000007
NN3-077,1986-03-01,14427.400000000007
NN3-077,1986-04-01,14427.400000000007
NN3-077,1986-05-01,836.3199999999999
NN3-077,1986-06-01,836.3199999999999
NN3-077,1986-07-01,836.3199999999999
NN3-077,1986-08-01,14427.400000000007
NN3-077,1986-09-01,14427.400000000007
NN3-077,1986-10-01,14427.400000000007
NN3-077,1986-11-01,9333.3744169333
NN3-077,1986-12-01,14427.400000000007
NN3-077,1987-01-01,14427.400000000007
NN3-077,1987-02-01,836.3199999999999
NN3-077,1987-03-01,836.3199999999999
NN3-077,1987-04-01,836.3199999999999
NN3-077,1987-05-01,836.3199999999999
NN3-077,1987-06-01,836.3199999999999
NN3-077,1987-07-01,836.3199999999999
NN3-077,1987-08-01,14427.400000000007
NN3-077,1987-09-01,14427.400000000007
NN3-077,1987-10-01,836.3199999999999
NN3-077,1987-11-01,14427.400000000007
NN3-077,1987-12-01,14427.400000000007
NN3-077,1988-01-01,4478.874475386506
NN3-077,1988-02-01,836.3199999999999
NN3-077,1988-03-01,836.3199999999999
NN3-077,1988-04-01,14427.400000000007
NN3-077,1988-05-01,836.3199999999999
NN3-077,1988-06-01,836.3199999999999
NN3-077,1988-07-01,14427.400000000007
NN3-077,1988-08-01,836.3199999999999
NN3-077,1988-09-01,836.3199999999999
NN3-077,1988-10-01,14427.400000000007
NN3-077,1988-11-01,836.3199999999999
NN3-077,1988-12-01,14427.400000000007
NN3-077,1989-01-01,836.3199999999999
NN3-077,1989-02-01,12438.315202958123
NN3-077,1989-03-01,14427.400000000007
NN3-077,1989-04-01,8088.391117367744
NN3-077,1989-05-01,836.3199999999999
NN3-077,1989-06-01,14427.400000000007
NN3-077,1989-07-01,836.3199999999999
NN3-077,1989-08-01,836.3199999999999
NN3-077,1989-09-01,14427.400000000007
NN3-077,1989-10-01,836.3199999999999
NN3-077,1989-11-01,14427.400000000007
NN3-077,1989-12-01,9025.114492878734
NN3-077,1990-01-01,3624.484654137134
NN3-077,1990-02-01,836.3199999999999
NN3-077,1990-03-01,14427.400000000007
NN3-077,1990-04-01,836.3199999999999
NN3-077,1990-05-01,14427.400000000007
NN3-077,1990-06-01,12111.616328224462
NN3-077,1990-07-01,836.3199999999999
NN3-077,1990-08-01,836.3199999999999
NN3-077,1990-09-01,836.3199999999999
NN3-077,1990-10-01,14427.400000000007
NN3-077,1990-11-01,14427.400000000007
NN3-077,1990-12-01,836.3199999999999
NN3-077,1991-01-01,3514.2761730695784
NN3-077,1991-02-01,14427.400000000007
NN3-077,1991-03-01,836.3199999999999
NN3-077,1991-04-01,836.3199999999999
NN3-077,1991-05-01,14427.400000000007
NN3-078,1979-01-01,14427.400000000007
NN3-078,1979-02-01,14427.400000000007
NN3-078,1979-03-01,836.3199999999999
NN3-078,1979-04-01,14427.400000000007
NN3-078,1979-05-01,14427.400000000007
NN3-078,1979-06-01,836.3199999999999
NN3-078,1979-07-01,9945.269174230896
NN3-078,1979-08-01,14427.400000000007
NN3-078,1979-09-01,14427.400000000007
NN3-078,1979-10-01,3978.798642171091
NN3-078,1979-11-01,836.3199999999999
NN3-078,1979-12-01,14427.400000000007
NN3-078,1980-01-01,874.640493425447
NN3-078,1980-02-01,14427.400000000007
NN3-078,1980-03-01,14427.400000000007
NN3-078,1980-04-01,14427.400000000007
NN3-078,1980-05-01,836.3199999999999
NN3-078,1980-06-01,836.3199999999999
NN3-078,1980-07-01,14427.400000000007
NN3-078,1980-08-01,836.3199999999999
NN3-078,1980-09-01,836.3199999999999
NN3-078,1980-10-01,836.3199999999999
NN3-078,1980-11-01,14427.400000000007
NN3-078,1980-12-01,836.3199999999999
NN3-078,1981-01-01,14427.400000000007
NN3-078,1981-02-01,14427.400000000007
NN3-078,1981-03-01,14427.400000000007
NN3-078,1981-04-01,14427.400000000007
NN3-078,1981-05-01,836.3199999999999
NN3-078,1981-06-01,836.3199999999999
NN3-078,1981-07-01,836.3199999999999
NN3-078,1981-08-01,836.3199999999999
NN3-078,1981-09-01,14427.400000000007
NN3-078,1981-10-01,836.3199999999999
NN3-078,1981-11-01,836.3199999999999
NN3-078,1981-12-01,836.3199999999999
NN3-078,1982-01-01,14427.400000000007
NN3-078,1982-02-01,14427.400000000007
NN3-078,1982-03-01,836.3199999999999
NN3-078,1982-04-01,14427.400000000007
NN3-078,1982-05-01,908.003986593535
NN3-078,1982-06-01,836.3199999999999
NN3-078,1982-07-01,836.3199999999999
NN3-078,1982-08-01,836.3199999999999
NN3-078,1982-09-01,14427.400000000007
NN3-078,1982-10-01,14427.400000000007
NN3-078,1982-11-01,836.3199999999999
NN3-078,1982-12-01,14427.400000000007
NN3-078,1983-01-01,836.3199999999999
NN3-078,1983-02-01,836.3199999999999
NN3-078,1983-03-01,836.3199999999999
NN3-078,1983-04-01,836.3199999999999
NN3-078,1983-05-01,14427.400000000007
NN3-078,1983-06-01,836.3199999999999
NN3-078,1983-07-01,836.3199999999999
NN3-078,1983-08-01,14427.400000000007
NN3-078,1983-09-01,14427.400000000007
NN3-078,1983-10-01,1914.516509442965
NN3-078,1983-11-01,14427.400000000007
NN3-078,1983-12-01,836.3199999999999
NN3-078,1984-01-01,14427.400000000007
NN3-078,1984-02-01,14427.400000000007
NN3-078,1984-03-01,14427.400000000007
NN3-078,1984-04-01,836.3199999999999
NN3-078,1984-05-01,836.3199999999999
NN3-078,1984-06-01,14427.400000000007
NN3-078,1984-07-01,836.3199999999999
NN3-078,1984-08-01,14427.400000000007
NN3-078,1984-09-01,14427.400000000007
NN3-078,1984-10-01,836.3199999999999
NN3-078,1984-11-01,836.3199999999999
NN3-078,1984-12-01,836.3199999999999
NN3-078,1985-01-01,8220.114730715857
NN3-078,1985-02-01,14427.400000000007
NN3-078,1985-03-01,14427.400000000007
NN3-078,1985-04-01,14427.400000000007
NN3-078,1985-05-01,836.3199999999999
NN3-078,1985-06-01,11007.665168832562
NN3-078,1985-07-01,14427.400000000007
NN3-078,1985-08-01,836.3199999999999
NN3-078,1985-09-01,3253.9292791477374
NN3-078,1985-10-01,836.3199999999999
NN3-078,1985-11-01,14427.400000000007
NN3-078,1985-12-01,14427.400000000007
NN3-078,1986-01-01,836.3199999999999
NN3-078,1986-02-01,836.3199999999999
NN3-078,1986-03-01,836.3199999999999
NN3-078,1986-04-01,14427.400000000007
NN3-078,1986-05-01,14427.400000000007
NN3-078,1986-06-01,14427.400000000007
NN3-078,1986-07-01,836.3199999999999
NN3-078,1986-08-01,14427.400000000007
NN3-078,1986-09-01,836.3199999999999
NN3-078,1986-10-01,14427.400000000007
NN3-078,1986-11-01,836.3199999999999
NN3-078,1986-12-01,14427.400000000007
NN3-078,1987-01-01,14427.400000000007
NN3-078,1987-02-01,14427.400000000007
NN3-078,1987-03-01,14427.400000000007
NN3-078,1987-04-01,14427.400000000007
NN3-078,1987-05-01,836.3199999999999
NN3-078,1987-06-01,14427.400000000007
NN3-078,1987-07-01,836.3199999999999
NN3-078,1987-08-01,836.3199999999999
NN3-078,1987-09-01,836.3199999999999
NN3-078,1987-10-01,14427.400000000007
NN3-078,1987-11-01,8573.071544937344
NN3-078,1987-12-01,836.3199999999999
NN3-078,1988-01-01,14427.400000000007
NN3-078,1988-02-01,14427.400000000007
NN3-078,1988-03-01,14427.400000000007
NN3-078,1988-04-01,14427.400000000007
NN3-078,1988-05-01,14427.400000000007
NN3-078,1988-06-01,14427.400000000007
NN3-079,1979-01-01,14427.400000000007
NN3-079,1979-02-01,14427.400000000007
NN3-079,1979-03-01,14427.400000000007
NN3-079,1979-04-01,836.3199999999999
NN3-079,1979-05-01,8360.820217209384
NN3-079,1979-06-01,836.3199999999999
NN3-079,1979-07-01,14427.400000000007
NN3-079,1979-08-01,10798.062972038984
NN3-079,1979-09-01,836.3199999999999
NN3-079,1979-10-01,836.3199999999999
NN3-079,1979-11-01,14427.400000000007
NN3-079,1979-12-01,14427.400000000007
NN3-079,1980-01-01,14427.400000000007
NN3-079,1980-02-01,10971.554909321912
NN3-079,1980-03-01,836.3199999999999
NN3-079,1980-04-01,7163.706488528376
NN3-079,1980-05-01,11295.373288969702
NN3-079,1980-06-01,836.3199999999999
NN3-079,1980-07-01,836.3199999999999
NN3-079,1980-08-01,14427.400000000007
NN3-079,1980-09-01,836.3199999999999
NN3-079,1980-10-01,14427.400000000007
NN3-079,1980-11-01,836.3199999999999
NN3-079,1980-12-01,14427.400000000007
NN3-079,1981-01-01,4157.828932623318
NN3-079,1981-02-01,836.3199999999999
NN3-079,1981-03-01,14427.400000000007
NN3-079,1981-04-01,14427.400000000007
NN3-079,1981-05-01,3975.1561945748444
NN3-079,1981-06-01,836.3199999999999
NN3-079,1981-07-01,836.3199999999999
NN3-079,1981-08-01,836.3199999999999
NN3-079,1981-09-01,14427.400000000007
NN3-079,1981-10-01,836.3199999999999
NN3-079,1981-11-01,14427.400000000007
NN3-079,1981-12-01,14427.400000000007
NN3-079,1982-01-01,14427.400000000007
NN3-079,1982-02-01,14427.400000000007
NN3-079,1982-03-01,1596.1308417282671
NN3-079,1982-04-01,836.3199999999999
NN3-079,1982-05-01,836.3199999999999
NN3-079,1982-06-01,836.3199999999999
NN3-079,1982-07-01,836.3199999999999
NN3-079,1982-08-01,836.3199999999999
NN3-079,1982-09-01,836.3199999999999
NN3-079,1982-10-01,14427.400000000007
NN3-079,1982-11-01,14427.400000000007
NN3-079,1982-12-01,836.3199999999999
NN3-079,1983-01-01,12840.906926181404
NN3-079,1983-02-01,836.3199999999999
NN3-079,1983-03-01,14427.400000000007
NN3-079,1983-04-01,13910.669005830812
NN3-079,1983-05-01,14427.400000000007
NN3-079,1983-06-01,836.3199999999999
NN3-079,1983-07-01,14427.400000000007
NN3-079,1983-08-01,836.3199999999999
NN3-079,1983-09-01,836.3199999999999
NN3-079,1983-10-01,836.3199999999999
NN3-079,1983-11-01,14427.400000000007
NN3-079,1983-12-01,14427.400000000007
NN3-079,1984-01-01,836.3199999999999
NN3-079,1984-02-01,836.3199999999999
NN3-079,1984-03-01,836.3199999999999
NN3-079,1984-04-01,10979.035817899365
NN3-079,1984-05-01,836.3199999999999
NN3-079,1984-06-01,836.3199999999999
NN3-079,1984-07-01,836.3199999999999
NN3-079,1984-08-01,836.3199999999999
NN3-079,1984-09-01,14427.400000000007
NN3-079,1984-10-01,14427.400000000007
NN3-079,1984-11-01,836.3199999999999
NN3-079,1984-12-01,14427.400000000007
NN3-079,1985-01-01,14427.400000000007
NN3-079,1985-02-01,836.3199999999999
NN3-079,1985-03-01,836.3199999999999
NN3-079,1985-04-01,836.3199999999999
NN3-079,1985-05-01,14427.400000000007
NN3-079,1985-06-01,836.3199999999999
NN3-079,1985-07-01,14427.400000000007
NN3-079,1985-08-01,836.3199999999999
NN3-079,1985-09-01,14427.400000000007
NN3-079,1985-10-01,836.3199999999999
NN3-079,1985-11-01,14427.400000000007
NN3-079,1985-12-01,836.3199999999999
NN3-079,1986-01-01,836.3199999999999
NN3-079,1986-02-01,2219.7519957921704
NN3-079,1986-03-01,836.3199999999999
NN3-079,1986-04-01,14427.400000000007
NN3-079,1986-05-01,836.3199999999999
NN3-079,1986-06-01,14427.400000000007
NN3-079,1986-07-01,836.3199999999999
NN3-079,1986-08-01,836.3199999999999
NN3-079,1986-09-01,14427.400000000007
NN3-079,1986-10-01,14427.400000000007
NN3-079,1986-11-01,2972.2985141376685
NN3-079,1986-12-01,11466.845703593817
NN3-079,1987-01-01,14427.400000000007
NN3-079,1987-02-01,14427.400000000007
NN3-079,1987-03-01,836.3199999999999
NN3-079,1987-04-01,836.3199999999999
NN3-079,1987-05-01,836.3199999999999
NN3-079,1987-06-01,14427.400000000007
NN3-079,1987-07-01,14427.400000000007
NN3-079,1987-08-01,14427.400000000007
NN3-079,1987-09-01,836.3199999999999
NN3-079,1987-10-01,14427.400000000007
NN3-079,1987-11-01,14427.400000000007
NN3-079,1987-12-01,836.3199999999999
NN3-079,1988-01-01,836.3199999999999
NN3-079,1988-02-01,836.3199999999999
NN3-079,1988-03-01,836.3199999999999
NN3-079,1988-04-01,836.3199999999999
NN3-079,1988-05-01,14427.400000000007
NN3-079,1988-06-01,14427.400000000007
NN3-080,1982-01-01,836.3199999999999
NN3-080,1982-02-01,14427.400000000007
NN3-080,1982-03-01,836.3199999999999
NN3-080,1982-04-01,4858.054647367178
NN3-080,1982-05-01,836.3199999999999
NN3-080,1982-06-01,14427.400000000007
NN3-080,1982-07-01,14427.400000000007
NN3-080,1982-08-01,14427.400000000007
NN3-080,1982-09-01,14427.400000000007
NN3-080,1982-10-01,836.3199999999999
NN3-080,1982-11-01,14427.400000000007
NN3-080,1982-12-01,14427.400000000007
NN3-080,1983-01-01,836.3199999999999
NN3-080,1983-02-01,836.3199999999999
NN3-080,1983-03-01,836.3199999999999
NN3-080,1983-04-01,14427.400000000007
NN3-080,1983-05-01,836.3199999999999
NN3-080,1983-06-01,14427.400000000007
NN3-080,1983-07-01,14427.400000000007
NN3-080,1983-08-01,14427.400000000007
NN3-080,1983-09-01,836.3199999999999
NN3-080,1983-10-01,6423.984808541763
NN3-080,1983-11-01,5419.709773350138
NN3-080,1983-12-01,14427.400000000007
NN3-080,1984-01-01,14427.400000000007
NN3-080,1984-02-01,14427.400000000007
NN3-080,1984-03-01,836.3199999999999
NN3-080,1984-04-01,14427.400000000007
NN3-080,1984-05-01,14427.400000000007
NN3-080,1984-06-01,836.3199999999999
NN3-080,1984-07-01,14427.400000000007
NN3-080,1984-08-01,836.3199999999999
NN3-080,1984-09-01,836.3199999999999
NN3-080,1984-10-01,10899.396552179644
NN3-080,1984-11-01,836.3199999999999
NN3-080,1984-12-01,14427.400000000007
NN3-080,1985-01-01,14427.400000000007
NN3-080,1985-02-01,836.3199999999999
NN3-080,1985-03-01,14427.400000000007
NN3-080,1985-04-01,836.3199999999999
NN3-080,1985-05-01,2533.179360308215
NN3-080,1985-06-01,4366.201013295385
NN3-080,1985-07-01,836.3199999999999
NN3-080,1985-08-01,836.3199999999999
NN3-080,1985-09-01,836.3199999999999
NN3-080,1985-10-01,10820.595842336856
NN3-080,1985-11-01,836.3199999999999
NN3-080,1985-12-01,836.3199999999999
NN3-080,1986-01-01,836.3199999999999
NN3-080,1986-02-01,836.3199999999999
NN3-080,1986-03-01,14427.400000000007
NN3-080,1986-04-01,14427.400000000007
NN3-080,1986-05-01,14427.400000000007
NN3-080,1986-06-01,836.3199999999999
NN3-080,1986-07-01,14427.400000000007
NN3-080,1986-08-01,836.3199999999999
NN3-080,1986-09-01,14427.400000000007
NN3-080,1986-10-01,14427.400000000007
NN3-080,1986-11-01,836.3199999999999
NN3-080,1986-12-01,14427.400000000007
NN3-080,1987-01-01,836.3199999999999
NN3-080,1987-02-01,836.3199999999999
NN3-080,1987-03-01,836.3199999999999
NN3-080,1987-04-01,14427.400000000007
NN3-080,1987-05-01,836.3199999999999
NN3-080,1987-06-01,14427.400000000007
NN3-080,1987-07-01,14427.400000000007
NN3-080,1987-08-01,14427.400000000007
NN3-080,1987-09-01,14427.400000000007
NN3-080,1987-10-01,14427.400000000007
NN3-080,1987-11-01,836.3199999999999
NN3-080,1987-12-01,836.3199999999999
NN3-080,1988-01-01,7739.168917177739
NN3-080,1988-02-01,14427.400000000007
NN3-080,1988-03-01,836.3199999999999
NN3-080,1988-04-01,14427.400000000007
NN3-080,1988-05-01,14427.400000000007
NN3-080,1988-06-01,836.3199999999999
NN3-080,1988-07-01,836.3199999999999
NN3-080,1988-08-01,836.3199999999999
NN3-080,1988-09-01,836.3199999999999
NN3-080,1988-10-01,14427.400000000007
NN3-080,1988-11-01,836.3199999999999
NN3-080,1988-12-01,7431.816643049588
NN3-080,1989-01-01,14427.400000000007
NN3-080,1989-02-01,836.3199999999999
NN3-080,1989-03-01,836.3199999999999
NN3-080,1989-04-01,836.3199999999999
NN3-080,1989-05-01,836.3199999999999
NN3-080,1989-06-01,2845.4496966938486
NN3-080,1989-07-01,836.3199999999999
NN3-080,1989-08-01,836.3199999999999
NN3-080,1989-09-01,836.3199999999999
NN3-080,1989-10-01,14427.400000000007
NN3-080,1989-11-01,9576.561361999798
NN3-080,1989-12-01,9839.507981023096
NN3-080,1990-01-01,3931.0077758116076
NN3-080,1990-02-01,836.3199999999999
NN3-080,1990-03-01,836.3199999999999
NN3-080,1990-04-01,836.3199999999999
NN3-080,1990-05-01,836.3199999999999
NN3-080,1990-06-01,836.3199999999999
NN3-080,1990-07-01,836.3199999999999
NN3-080,1990-08-01,836.3199999999999
NN3-080,1990-09-01,836.3199999999999
NN3-080,1990-10-01,14427.400000000007
NN3-080,1990-11-01,14427.400000000007
NN3-080,1990-12-01,14427.400000000007
NN3-080,1991-01-01,836.3199999999999
NN3-080,1991-02-01,836.3199999999999
NN3-080,1991-03-01,14427.400000000007
NN3-080,1991-04-01,14427.400000000007
NN3-080,1991-05-01,836.3199999999999
NN3-080,1991-06-01,14427.400000000007
NN3-081,1978-01-01,14427.400000000007
NN3-081,1978-02-01,12327.137631655534
NN3-081,1978-03-01,11079.340021690277
NN3-081,1978-04-01,5667.706426705518
NN3-081,1978-05-01,14427.400000000007
NN3-081,1978-06-01,14427.400000000007
NN3-081,1978-07-01,14427.400000000007
NN3-081,1978-08-01,14427.400000000007
NN3-081,1978-09-01,836.3199999999999
NN3-081,1978-10-01,836.3199999999999
NN3-081,1978-11-01,836.3199999999999
NN3-081,1978-12-01,14427.400000000007
NN3-081,1979-01-01,14427.400000000007
NN3-081,1979-02-01,836.3199999999999
NN3-081,1979-03-01,836.3199999999999
NN3-081,1979-04-01,836.3199999999999
NN3-081,1979-05-01,836.3199999999999
NN3-081,1979-06-01,836.3199999999999
NN3-081,1979-07-01,836.3199999999999
NN3-081,1979-08-01,14427.400000000007
NN3-081,1979-09-01,14427.400000000007
NN3-081,1979-10-01,836.3199999999999
NN3-081,1979-11-01,14427.400000000007
NN3-081,1979-12-01,836.3199999999999
NN3-081,1980-01-01,836.3199999999999
NN3-081,1980-02-01,836.3199999999999
NN3-081,1980-03-01,836.3199999999999
NN3-081,1980-04-01,14427.400000000007
NN3-081,1980-05-01,14427.400000000007
NN3-081,1980-06-01,836.3199999999999
NN3-081,1980-07-01,836.3199999999999
NN3-081,1980-08-01,14427.400000000007
NN3-081,1980-09-01,836.3199999999999
NN3-081,1980-10-01,836.3199999999999
NN3-081,1980-11-01,836.3199999999999
NN3-081,1980-12-01,14427.400000000007
NN3-081,1981-01-01,836.3199999999999
NN3-081,1981-02-01,836.3199999999999
NN3-081,1981-03-01,14427.400000000007
NN3-081,1981-04-01,836.3199999999999
NN3-081,1981-05-01,14427.400000000007
NN3-081,1981-06-01,14427.400000000007
NN3-081,1981-07-01,2896.900833898315
NN3-081,1981-08-01,836.3199999999999
NN3-081,1981-09-01,836.3199999999999
NN3-081,1981-10-01,9768.721516998716
NN3-081,1981-11-01,836.3199999999999
NN3-081,1981-12-01,14427.400000000007
NN3-081,1982-01-01,836.3199999999999
NN3-081,1982-02-01,12677.308746591185
NN3-081,1982-03-01,836.3199999999999
NN3-081,1982-04-01,836.3199999999999
NN3-081,1982-05-01,836.3199999999999
NN3-081,1982-06-01,14427.400000000007
NN3-081,1982-07-01,836.3199999999999
NN3-081,1982-08-01,836.3199999999999
NN3-081,1982-09-01,14427.400000000007
NN3-081,1982-10-01,836.3199999999999
NN3-081,1982-11-01,14427.400000000007
NN3-081,1982-12-01,836.3199999999999
NN3-081,1983-01-01,14427.400000000007
NN3-081,1983-02-01,12812.22009290428
NN3-081,1983-03-01,836.3199999999999
NN3-081,1983-04-01,14427.400000000007
NN3-081,1983-05-01,14427.400000000007
NN3-081,1983-06-01,836.3199999999999
NN3-081,1983-07-01,836.3199999999999
NN3-081,1983-08-01,836.3199999999999
NN3-081,1983-09-01,836.3199999999999
NN3-081,1983-10-01,836.3199999999999
NN3-081,1983-11-01,836.3199999999999
NN3-081,1983-12-01,836.3199999999999
NN3-081,1984-01-01,14427.400000000007
NN3-081,1984-02-01,3196.696926633807
NN3-081,1984-03-01,14427.400000000007
NN3-081,1984-04-01,836.3199999999999
NN3-081,1984-05-01,7510.994022383142
NN3-081,1984-06-01,836.3199999999999
NN3-081,1984-07-01,836.3199999999999
NN3-081,1984-08-01,836.3199999999999
NN3-081,1984-09-01,14427.400000000007
NN3-081,1984-10-01,836.3199999999999
NN3-081,1984-11-01,14427.400000000007
NN3-081,1984-12-01,14427.400000000007
NN3-081,1985-01-01,836.3199999999999
NN3-081,1985-02-01,836.3199999999999
NN3-081,1985-03-01,14427.400000000007
NN3-081,1985-04-01,836.3199999999999
NN3-081,1985-05-01,836.3199999999999
NN3-081,1985-06-01,836.3199999999999
NN3-081,1985-07-01,836.3199999999999
NN3-081,1985-08-01,14427.400000000007
NN3-081,1985-09-01,836.3199999999999
NN3-081,1985-10-01,836.3199999999999
NN3-081,1985-11-01,836.3199999999999
NN3-081,1985-12-01,14427.400000000007
NN3-081,1986-01-01,11412.059508262157
NN3-081,1986-02-01,14427.400000000007
NN3-081,1986-03-01,14427.400000000007
NN3-081,1986-04-01,836.3199999999999
NN3-081,1986-05-01,14427.400000000007
NN3-081,1986-06-01,836.3199999999999
NN3-081,1986-07-01,836.3199999999999
NN3-081,1986-08-01,836.3199999999999
NN3-081,1986-09-01,2065.1890757684423
NN3-081,1986-10-01,13737.103431321299
NN3-081,1986-11-01,836.3199999999999
NN3-081,1986-12-01,6089.8663605699385
NN3-081,1987-01-01,836.3199999999999
NN3-081,1987-02-01,836.3199999999999
NN3-081,1987-03-01,836.3199999999999
NN3-081,1987-04-01,836.3199999999999
NN3-081,1987-05-01,14427.400000000007
NN3-081,1987-06-01,14427.400000000007
NN3-082,1983-01-01,14427.400000000007
NN3-082,1983-02-01,13377.732053305497
NN3-082,1983-03-01,14427.400000000007
NN3-082,1983-04-01,836.3199999999999
NN3-082,1983-05-01,14427.400000000007
NN3-082,1983-06-01,836.3199999999999
NN3-082,1983-07-01,836.3199999999999
NN3-082,1983-08-01,836.3199999999999
NN3-082,1983-09-01,836.3199999999999
NN3-082,1983-10-01,836.3199999999999
NN3-082,1983-11-01,14427.400000000007
NN3-082,1983-12-01,836.3199999999999
NN3-082,1984-01-01,836.3199999999999
NN3-082,1984-02-01,14427.400000000007
NN3-082,1984-03-01,836.3199999999999
NN3-082,1984-04-01,14427.400000000007
NN3-082,1984-05-01,836.3199999999999
NN3-082,1984-06-01,14427.400000000007
NN3-082,1984-07-01,836.3199999999999
NN3-082,1984-08-01,836.3199999999999
NN3-082,1984-09-01,14427.400000000007
NN3-082,1984-10-01,836.3199999999999
NN3-082,1984-11-01,14427.400000000007
NN3-082,1984-12-01,836.3199999999999
NN3-082,1985-01-01,14427.400000000007
NN3-082,1985-02-01,6377.212198878911
NN3-082,1985-03-01,836.3199999999999
NN3-082,1985-04-01,5668.366317841833
NN3-082,1985-05-01,836.3199999999999
NN3-082,1985-06-01,836.3199999999999
NN3-082,1985-07-01,14427.400000000007
NN3-082,1985-08-01,836.3199999999999
NN3-082,1985-09-01,14427.400000000007
NN3-082,1985-10-01,836.3199999999999
NN3-082,1985-11-01,14427.400000000007
NN3-082,1985-12-01,836.3199999999999
NN3-082,1986-01-01,836.3199999999999
NN3-082,1986-02-01,836.3199999999999
NN3-082,1986-03-01,836.3199999999999
NN3-082,1986-04-01,836.3199999999999
NN3-082,1986-05-01,14427.400000000007
NN3-082,1986-06-01,836.3199999999999
NN3-082,1986-07-01,836.3199999999999
NN3-082,1986-08-01,14427.400000000007
NN3-082,1986-09-01,836.3199999999999
NN3-082,1986-10-01,14427.400000000007
NN3-082,1986-11-01,836.3199999999999
NN3-082,1986-12-01,14427.400000000007
NN3-082,1987-01-01,836.3199999999999
NN3-082,1987-02-01,14427.400000000007
NN3-082,1987-03-01,1614.9950182610373
NN3-082,1987-04-01,836.3199999999999
NN3-082,1987-05-01,14427.400000000007
NN3-082,1987-06-01,2780.1969610509464
NN3-082,1987-07-01,836.3199999999999
NN3-082,1987-08-01,14427.400000000007
NN3-082,1987-09-01,14427.400000000007
NN3-082,1987-10-01,836.3199999999999
NN3-082,1987-11-01,836.3199999999999
NN3-082,1987-12-01,836.3199999999999
NN3-082,1988-01-01,836.3199999999999
NN3-082,1988-02-01,836.3199999999999
NN3-082,1988-03-01,6189.713701236103
NN3-082,1988-04-01,836.3199999999999
NN3-082,1988-05-01,836.3199999999999
NN3-082,1988-06-01,14427.400000000007
NN3-082,1988-07-01,14427.400000000007
NN3-082,1988-08-01,4067.3804473162104
NN3-082,1988-09-01,14427.400000000007
NN3-082,1988-10-01,14427.400000000007
NN3-082,1988-11-01,1257.335092868234
NN3-082,1988-12-01,836.3199999999999
NN3-082,1989-01-01,13003.001837288757
NN3-082,1989-02-01,6447.765343831858
NN3-082,1989-03-01,14427.400000000007
NN3-082,1989-04-01,1198.2898493507282
NN3-082,1989-05-01,14427.400000000007
NN3-082,1989-06-01,836.3199999999999
NN3-082,1989-07-01,836.3199999999999
NN3-082,1989-08-01,14427.400000000007
NN3-082,1989-09-01,836.3199999999999
NN3-082,1989-10-01,14427.400000000007
NN3-082,1989-11-01,836.3199999999999
NN3-082,1989-12-01,14427.400000000007
NN3-082,1990-01-01,836.3199999999999
NN3-082,1990-02-01,8919.99980908571
NN3-082,1990-03-01,6748.472838592757
NN3-082,1990-04-01,836.3199999999999
NN3-082,1990-05-01,836.3199999999999
NN3-082,1990-06-01,6386.393960003498
NN3-082,1990-07-01,836.3199999999999
NN3-082,1990-08-01,14427.400000000007
NN3-082,1990-09-01,14427.400000000007
NN3-082,1990-10-01,14427.400000000007
NN3-082,1990-11-01,14427.400000000007
NN3-082,1990-12-01,836.3199999999999
NN3-082,1991-01-01,14427.400000000007
NN3-082,1991-02-01,836.3199999999999
NN3-082,1991-03-01,13906.561364640129
NN3-082,1991-04-01,836.3199999999999
NN3-082,1991-05-01,14427.400000000007
NN3-082,1991-06-01,836.3199999999999
NN3-082,1991-07-01,836.3199999999999
NN3-082,1991-08-01,836.3199999999999
NN3-083,1979-01-01,836.3199999999999
NN3-083,1979-02-01,14427.400000000007
NN3-083,1979-03-01,14427.400000000007
NN3-083,1979-04-01,836.3199999999999
NN3-083,1979-05-01,14427.400000000007
NN3-083,1979-06-01,836.3199999999999
NN3-083,1979-07-01,836.3199999999999
NN3-083,1979-08-01,14427.400000000007
NN3-083,1979-09-01,836.3199999999999
NN3-083,1979-10-01,836.3199999999999
NN3-083,1979-11-01,7173.310341816628
NN3-083,1979-12-01,8218.86871055938
NN3-083,1980-01-01,836.3199999999999
NN3-083,1980-02-01,836.3199999999999
NN3-083,1980-03-01,836.3199999999999
NN3-083,1980-04-01,836.3199999999999
NN3-083,1980-05-01,14427.400000000007
NN3-083,1980-06-01,14427.400000000007
NN3-083,1980-07-01,14427.400000000007
NN3-083,1980-08-01,14427.400000000007
NN3-083,1980-09-01,2210.2233155200292
NN3-083,1980-10-01,14427.400000000007
NN3-083,1980-11-01,14427.400000000007
NN3-083,1980-12-01,14427.400000000007
NN3-083,1981-01-01,836.3199999999999
NN3-083,1981-02-01,1678.073631357146
NN3-083,1981-03-01,11456.124104760205
NN3-083,1981-04-01,14427.400000000007
NN3-083,1981-05-01,836.3199999999999
NN3-083,1981-06-01,836.3199999999999
NN3-083,1981-07-01,2563.739903635641
NN3-083,1981-08-01,836.3199999999999
NN3-083,1981-09-01,14427.400000000007
NN3-083,1981-10-01,14427.400000000007
NN3-083,1981-11-01,836.3199999999999
NN3-083,1981-12-01,836.3199999999999
NN3-083,1982-01-01,14427.400000000007
NN3-083,1982-02-01,14427.400000000007
NN3-083,1982-03-01,836.3199999999999
NN3-083,1982-04-01,14427.400000000007
NN3-083,1982-05-01,836.3199999999999
NN3-083,1982-06-01,836.3199999999999
NN3-083,1982-07-01,14427.400000000007
NN3-083,1982-08-01,14427.400000000007
NN3-083,1982-09-01,14427.400000000007
NN3-083,1982-10-01,836.3199999999999
NN3-083,1982-11-01,836.3199999999999
NN3-083,1982-12-01,14427.400000000007
NN3-083,1983-01-01,14427.400000000007
NN3-083,1983-02-01,14427.400000000007
NN3-083,1983-03-01,14427.400000000007
NN3-083,1983-04-01,836.3199999999999
NN3-083,1983-05-01,14427.400000000007
NN3-083,1983-06-01,14427.400000000007
NN3-083,1983-07-01,14427.400000000007
NN3-083,1983-08-01,14427.400000000007
NN3-083,1983-09-01,14427.400000000007
NN3-083,1983-10-01,10427.119084838096
NN3-083,1983-11-01,14427.400000000007
NN3-083,1983-12-01,14427.400000000007
NN3-083,1984-01-01,14427.400000000007
NN3-083,1984-02-01,14427.400000000007
NN3-083,1984-03-01,836.3199999999999
NN3-083,1984-04-01,14427.400000000007
NN3-083,1984-05-01,14427.400000000007
NN3-083,1984-06-01,836.3199999999999
NN3-083,1984-07-01,836.3199999999999
NN3-083,1984-08-01,4096.65157770902
NN3-083,1984-09-01,7789.306919980567
NN3-083,1984-10-01,836.3199999999999
NN3-083,1984-11-01,14427.400000000007
NN3-083,1984-12-01,14427.400000000007
NN3-083,1985-01-01,836.3199999999999
NN3-083,1985-02-01,836.3199999999999
NN3-083,1985-03-01,14427.400000000007
NN3-083,1985-04-01,14427.400000000007
NN3-083,1985-05-01,14427.400000000007
NN3-083,1985-06-01,14427.400000000007
NN3-083,1985-07-01,836.3199999999999
NN3-083,1985-08-01,14427.400000000007
NN3-083,1985-09-01,14427.400000000007
NN3-083,1985-10-01,14427.400000000007
NN3-083,1985-11-01,4258.1827130280735
NN3-083,1985-12-01,14427.400000000007
NN3-083,1986-01-01,836.3199999999999
NN3-083,1986-02-01,14427.400000000007
NN3-083,1986-03-01,14427.400000000007
NN3-083,1986-04-01,14427.400000000007
NN3-083,1986-05-01,14427.400000000007
NN3-083,1986-06-01,14427.400000000007
NN3-083,1986-07-01,836.3199999999999
NN3-083,1986-08-01,836.3199999999999
NN3-083,1986-09-01,836.3199999999999
NN3-083,1986-10-01,14427.400000000007
NN3-083,1986-11-01,5991.244269392409
NN3-083,1986-12-01,14427.400000000007
NN3-083,1987-01-01,836.3199999999999
NN3-083,1987-02-01,14427.400000000007
NN3-083,1987-03-01,836.3199999999999
NN3-083,1987-04-01,836.3199999999999
NN3-083,1987-05-01,14427.400000000007
NN3-083,1987-06-01,8127.643003472381
NN3-083,1987-07-01,836.3199999999999
NN3-083,1987-08-01,14427.400000000007
NN3-083,1987-09-01,7157.687168110728
NN3-083,1987-10-01,14427.400000000007
NN3-083,1987-11-01,836.3199999999999
NN3-083,1987-12-01,14427.400000000007
NN3-083,1988-01-01,14427.400000000007
NN3-083,1988-02-01,836.3199999999999
NN3-083,1988-03-01,14427.400000000007
NN3-083,1988-04-01,836.3199999999999
NN3-083,1988-05-01,14427.400000000007
NN3-083,1988-06-01,836.3199999999999
NN3-084,1979-01-01,14427.400000000007
NN3-084,1979-02-01,836.3199999999999
NN3-084,1979-03-01,836.3199999999999
NN3-084,1979-04-01,836.3199999999999
NN3-084,1979-05-01,14427.400000000007
NN3-084,1979-06-01,14427.400000000007
NN3-084,1979-07-01,14427.400000000007
NN3-084,1979-08-01,12098.155841111547
NN3-084,1979-09-01,836.3199999999999
NN3-084,1979-10-01,14427.400000000007
NN3-084,1979-11-01,14427.400000000007
NN3-084,1979-12-01,836.3199999999999
NN3-084,1980-01-01,14427.400000000007
NN3-084,1980-02-01,2766.285445729992
NN3-084,1980-03-01,14427.400000000007
NN3-084,1980-04-01,14427.400000000007
NN3-084,1980-05-01,7578.025476909608
NN3-084,1980-06-01,14427.400000000007
NN3-084,1980-07-01,836.3199999999999
NN3-084,1980-08-01,14427.400000000007
NN3-084,1980-09-01,836.3199999999999
NN3-084,1980-10-01,14427.400000000007
NN3-084,1980-11-01,836.3199999999999
NN3-084,1980-12-01,14427.400000000007
NN3-084,1981-01-01,836.3199999999999
NN3-084,1981-02-01,14427.400000000007
NN3-084,1981-03-01,14427.400000000007
NN3-084,1981-04-01,836.3199999999999
NN3-084,1981-05-01,14427.400000000007
NN3-084,1981-06-01,836.3199999999999
NN3-084,1981-07-01,836.3199999999999
NN3-084,1981-08-01,836.3199999999999
NN3-084,1981-09-01,836.3199999999999
NN3-084,1981-10-01,14427.400000000007
NN3-084,1981-11-01,836.3199999999999
NN3-084,1981-12-01,6858.76699088707
NN3-084,1982-01-01,836.3199999999999
NN3-084,1982-02-01,14427.400000000007
NN3-084,1982-03-01,836.3199999999999
NN3-084,1982-04-01,836.3199999999999
NN3-084,1982-05-01,14427.400000000007
NN3-084,1982-06-01,836.3199999999999
NN3-084,1982-07-01,14427.400000000007
NN3-084,1982-08-01,14427.400000000007
NN3-084,1982-09-01,836.3199999999999
NN3-084,1982-10-01,836.3199999999999
NN3-084,1982-11-01,836.3199999999999
NN3-084,1982-12-01,14427.400000000007
NN3-084,1983-01-01,836.3199999999999
NN3-084,1983-02-01,14427.400000000007
NN3-084,1983-03-01,14427.400000000007
NN3-084,1983-04-01,2018.8818933320936
NN3-084,1983-05-01,2872.1662636510428
NN3-084,1983-06-01,14427.400000000007
NN3-084,1983-07-01,836.3199999999999
NN3-084,1983-08-01,14427.400000000007
NN3-084,1983-09-01,14427.400000000007
NN3-084,1983-10-01,14427.400000000007
NN3-084,1983-11-01,14427.400000000007
NN3-084,1983-12-01,14427.400000000007
NN3-084,1984-01-01,836.3199999999999
NN3-084,1984-02-01,836.3199999999999
NN3-084,1984-03-01,14427.400000000007
NN3-084,1984-04-01,14427.400000000007
NN3-084,1984-05-01,5901.966389643461
NN3-084,1984-06-01,14427.400000000007
NN3-084,1984-07-01,14427.400000000007
NN3-084,1984-08-01,11074.48113847186
NN3-084,1984-09-01,14427.400000000007
NN3-084,1984-10-01,14427.400000000007
NN3-084,1984-11-01,836.3199999999999
NN3-084,1984-12-01,836.3199999999999
NN3-084,1985-01-01,836.3199999999999
NN3-084,1985-02-01,836.3199999999999
NN3-084,1985-03-01,836.3199999999999
NN3-084,1985-04-01,9792.897405890693
NN3-084,1985-05-01,836.3199999999999
NN3-084,1985-06-01,836.3199999999999
NN3-084,1985-07-01,14427.400000000007
NN3-084,1985-08-01,14427.400000000007
NN3-084,1985-09-01,836.3199999999999
NN3-084,1985-10-01,4477.329751253586
NN3-084,1985-11-01,836.3199999999999
NN3-084,1985-12-01,836.3199999999999
NN3-084,1986-01-01,7402.994599621259
NN3-084,1986-02-01,1701.629656207425
NN3-084,1986-03-01,14427.400000000007
NN3-084,1986-04-01,836.3199999999999
NN3-084,1986-05-01,14158.351067539457
NN3-084,1986-06-01,14427.400000000007
NN3-084,1986-07-01,14427.400000000007
NN3-084,1986-08-01,14427.400000000007
NN3-084,1986-09-01,14427.400000000007
NN3-084,1986-10-01,11494.552953131108
NN3-084,1986-11-01,14427.400000000007
NN3-084,1986-12-01,836.3199999999999
NN3-084,1987-01-01,836.3199999999999
NN3-084,1987-02-01,14427.400000000007
NN3-084,1987-03-01,836.3199999999999
NN3-084,1987-04-01,836.3199999999999
NN3-084,1987-05-01,836.3199999999999
NN3-084,1987-06-01,14427.400000000007
NN3-084,1987-07-01,836.3199999999999
NN3-084,1987-08-01,836.3199999999999
NN3-084,1987-09-01,14427.400000000007
NN3-084,1987-10-01,836.3199999999999
NN3-084,1987-11-01,836.3199999999999
NN3-084,1987-12-01,14427.400000000007
NN3-084,1988-01-01,836.3199999999999
NN3-084,1988-02-01,11987.944061475539
NN3-085,1979-01-01,836.3199999999999
NN3-085,1979-02-01,14427.400000000007
NN3-085,1979-03-01,14427.400000000007
NN3-085,1979-04-01,836.3199999999999
NN3-085,1979-05-01,836.3199999999999
NN3-085,1979-06-01,8405.720190090322
NN3-085,1979-07-01,7372.7466305822745
NN3-085,1979-08-01,14427.400000000007
NN3-085,1979-09-01,14427.400000000007
NN3-085,1979-10-01,836.3199999999999
NN3-085,1979-11-01,14427.400000000007
NN3-085,1979-12-01,836.3199999999999
NN3-085,1980-01-01,836.3199999999999
NN3-085,1980-02-01,836.3199999999999
NN3-085,1980-03-01,836.3199999999999
NN3-085,1980-04-01,836.3199999999999
NN3-085,1980-05-01,4229.893915492374
NN3-085,1980-06-01,14427.400000000007
NN3-085,1980-07-01,14427.400000000007
NN3-085,1980-08-01,836.3199999999999
NN3-085,1980-09-01,14427.400000000007
NN3-085,1980-10-01,836.3199999999999
NN3-085,1980-11-01,836.3199999999999
NN3-085,1980-12-01,836.3199999999999
NN3-085,1981-01-01,836.3199999999999
NN3-085,1981-02-01,14427.400000000007
NN3-085,1981-03-01,14427.400000000007
NN3-085,1981-04-01,836.3199999999999
NN3-085,1981-05-01,836.3199999999999
NN3-085,1981-06-01,2163.239622853615
NN3-085,1981-07-01,836.3199999999999
NN3-085,1981-08-01,836.3199999999999
NN3-085,1981-09-01,836.3199999999999
NN3-085,1981-10-01,836.3199999999999
NN3-085,1981-11-01,836.3199999999999
NN3-085,1981-12-01,836.3199999999999
NN3-085,1982-01-01,14427.400000000007
NN3-085,1982-02-01,14427.400000000007
NN3-085,1982-03-01,14427.400000000007
NN3-085,1982-04-01,14427.400000000007
NN3-085,1982-05-01,836.3199999999999
NN3-085,1982-06-01,11550.267228209335
NN3-085,1982-07-01,5917.791743720728
NN3-085,1982-08-01,14427.400000000007
NN3-085,1982-09-01,14427.400000000007
NN3-085,1982-10-01,14427.400000000007
NN3-085,1982-11-01,14427.400000000007
NN3-085,1982-12-01,836.3199999999999
NN3-085,1983-01-01,14427.400000000007
NN3-085,1983-02-01,14427.400000000007
NN3-085,1983-03-01,14427.400000000007
NN3-085,1983-04-01,836.3199999999999
NN3-085,1983-05-01,836.3199999999999
NN3-085,1983-06-01,14427.400000000007
NN3-085,1983-07-01,14427.400000000007
NN3-085,1983-08-01,836.3199999999999
NN3-085,1983-09-01,836.3199999999999
NN3-085,1983-10-01,836.3199999999999
NN3-085,1983-11-01,836.3199999999999
NN3-085,1983-12-01,14427.400000000007
NN3-085,1984-01-01,14427.400000000007
NN3-085,1984-02-01,836.3199999999999
NN3-085,1984-03-01,10529.540612231001
NN3-085,1984-04-01,836.3199999999999
NN3-085,1984-05-01,14427.400000000007
NN3-085,1984-06-01,11307.494355983796
NN3-085,1984-07-01,836.3199999999999
NN3-085,1984-08-01,836.3199999999999
NN3-085,1984-09-01,836.3199999999999
NN3-085,1984-10-01,836.3199999999999
NN3-085,1984-11-01,836.3199999999999
NN3-085,1984-12-01,1678.5778430240573
NN3-085,1985-01-01,14427.400000000007
NN3-085,1985-02-01,836.3199999999999
NN3-085,1985-03-01,13086.646005094757
NN3-085,1985-04-01,836.3199999999999
NN3-085,1985-05-01,14427.400000000007
NN3-085,1985-06-01,6092.240013522853
NN3-085,1985-07-01,6518.434518335585
NN3-085,1985-08-01,836.3199999999999
NN3-085,1985-09-01,836.3199999999999
NN3-085,1985-10-01,836.3199999999999
NN3-085,1985-11-01,14427.400000000007
NN3-085,1985-12-01,14427.400000000007
NN3-085,1986-01-01,14427.400000000007
NN3-085,1986-02-01,836.3199999999999
NN3-085,1986-03-01,836.3199999999999
NN3-085,1986-04-01,14427.400000000007
NN3-085,1986-05-01,836.3199999999999
NN3-085,1986-06-01,14427.400000000007
NN3-085,1986-07-01,14427.400000000007
NN3-085,1986-08-01,14427.400000000007
NN3-085,1986-09-01,14427.400000000007
NN3-085,1986-10-01,14427.400000000007
NN3-085,1986-11-01,14427.400000000007
NN3-085,1986-12-01,836.3199999999999
NN3-085,1987-01-01,836.3199999999999
NN3-085,1987-02-01,836.3199999999999
NN3-085,1987-03-01,836.3199999999999
NN3-085,1987-04-01,836.3199999999999
NN3-085,1987-05-01,836.3199999999999
NN3-085,1987-06-01,14427.400000000007
NN3-085,1987-07-01,14427.400000000007
NN3-085,1987-08-01,3263.914421736987
NN3-085,1987-09-01,14427.400000000007
NN3-085,1987-10-01,14427.400000000007
NN3-085,1987-11-01,14427.400000000007
NN3-085,1987-12-01,14427.400000000007
NN3-085,1988-01-01,836.3199999999999
NN3-085,1988-02-01,836.3199999999999
NN3-085,1988-03-01,14427.400000000007
NN3-085,1988-04-01,836.3199999999999
NN3-085,1988-05-01,14427.400000000007
NN3-085,1988-06-01,836.3199999999999
NN3-086,1979-01-01,14427.400000000007
NN3-086,1979-02-01,836.3199999999999
NN3-086,1979-03-01,14427.400000000007
NN3-086,1979-04-01,836.3199999999999
NN3-086,1979-05-01,14427.400000000007
NN3-086,1979-06-01,14427.400000000007
NN3-086,1979-07-01,836.3199999999999
NN3-086,1979-08-01,836.3199999999999
NN3-086,1979-09-01,836.3199999999999
NN3-086,1979-10-01,836.3199999999999
NN3-086,1979-11-01,836.3199999999999
NN3-086,1979-12-01,14427.400000000007
NN3-086,1980-01-01,14427.400000000007
NN3-086,1980-02-01,836.3199999999999
NN3-086,1980-03-01,14427.400000000007
NN3-086,1980-04-01,14427.400000000007
NN3-086,1980-05-01,9133.558347008235
NN3-086,1980-06-01,14427.400000000007
NN3-086,1980-07-01,836.3199999999999
NN3-086,1980-08-01,836.3199999999999
NN3-086,1980-09-01,14427.400000000007
NN3-086,1980-10-01,836.3199999999999
NN3-086,1980-11-01,836.3199999999999
NN3-086,1980-12-01,14427.400000000007
NN3-086,1981-01-01,14427.400000000007
NN3-086,1981-02-01,836.3199999999999
NN3-086,1981-03-01,836.3199999999999
NN3-086,1981-04-01,836.3199999999999
NN3-086,1981-05-01,836.3199999999999
NN3-086,1981-06-01,836.3199999999999
NN3-086,1981-07-01,836.3199999999999
NN3-086,1981-08-01,14427.400000000007
NN3-086,1981-09-01,1820.6622665278674
NN3-086,1981-10-01,14427.400000000007
NN3-086,1981-11-01,836.3199999999999
NN3-086,1981-12-01,14427.400000000007
NN3-086,1982-01-01,836.3199999999999
NN3-086,1982-02-01,12355.667321949553
NN3-086,1982-03-01,836.3199999999999
NN3-086,1982-04-01,14427.400000000007
NN3-086,1982-05-01,836.3199999999999
NN3-086,1982-06-01,14427.400000000007
NN3-086,1982-07-01,14427.400000000007
NN3-086,1982-08-01,14427.400000000007
NN3-086,1982-09-01,14427.400000000007
NN3-086,1982-10-01,836.3199999999999
NN3-086,1982-11-01,14427.400000000007
NN3-086,1982-12-01,836.3199999999999
NN3-086,1983-01-01,8332.196638688325
NN3-086,1983-02-01,5760.274394050819
NN3-086,1983-03-01,14427.400000000007
NN3-086,1983-04-01,836.3199999999999
NN3-086,1983-05-01,2122.867593489853
NN3-086,1983-06-01,14427.400000000007
NN3-086,1983-07-01,836.3199999999999
NN3-086,1983-08-01,14427.400000000007
NN3-086,1983-09-01,14427.400000000007
NN3-086,1983-10-01,836.3199999999999
NN3-086,1983-11-01,14427.400000000007
NN3-086,1983-12-01,2274.438103764621
NN3-086,1984-01-01,836.3199999999999
NN3-086,1984-02-01,14427.400000000007
NN3-086,1984-03-01,14427.400000000007
NN3-086,1984-04-01,14427.400000000007
NN3-086,1984-05-01,14427.400000000007
NN3-086,1984-06-01,836.3199999999999
NN3-086,1984-07-01,3619.169543715506
NN3-086,1984-08-01,14427.400000000007
NN3-086,1984-09-01,14427.400000000007
NN3-086,1984-10-01,10395.534918042315
NN3-086,1984-11-01,14427.400000000007
NN3-086,1984-12-01,836.3199999999999
NN3-086,1985-01-01,14427.400000000007
NN3-086,1985-02-01,836.3199999999999
NN3-086,1985-03-01,836.3199999999999
NN3-086,1985-04-01,836.3199999999999
NN3-086,1985-05-01,14427.400000000007
NN3-086,1985-06-01,836.3199999999999
NN3-086,1985-07-01,14427.400000000007
NN3-086,1985-08-01,836.3199999999999
NN3-086,1985-09-01,14427.400000000007
NN3-086,1985-10-01,14427.400000000007
NN3-086,1985-11-01,14427.400000000007
NN3-086,1985-12-01,14427.400000000007
NN3-086,1986-01-01,14427.400000000007
NN3-086,1986-02-01,8759.010684935549
NN3-086,1986-03-01,14427.400000000007
NN3-086,1986-04-01,14427.400000000007
NN3-086,1986-05-01,14427.400000000007
NN3-086,1986-06-01,14427.400000000007
NN3-086,1986-07-01,836.3199999999999
NN3-086,1986-08-01,14427.400000000007
NN3-086,1986-09-01,836.3199999999999
NN3-086,1986-10-01,836.3199999999999
NN3-086,1986-11-01,14427.400000000007
NN3-086,1986-12-01,14427.400000000007
NN3-086,1987-01-01,14427.400000000007
NN3-086,1987-02-01,3089.206264075779
NN3-086,1987-03-01,14427.400000000007
NN3-086,1987-04-01,14427.400000000007
NN3-086,1987-05-01,836.3199999999999
NN3-086,1987-06-01,14427.400000000007
NN3-086,1987-07-01,14427.400000000007
NN3-086,1987-08-01,14427.400000000007
NN3-086,1987-09-01,836.3199999999999
NN3-086,1987-10-01,13805.584174318064
NN3-086,1987-11-01,14427.400000000007
NN3-086,1987-12-01,836.3199999999999
NN3-086,1988-01-01,14427.400000000007
NN3-086,1988-02-01,836.3199999999999
NN3-086,1988-03-01,3367.946673551677
NN3-086,1988-04-01,14427.400000000007
NN3-086,1988-05-01,14427.400000000007
NN3-086,1988-06-01,14427.400000000007
NN3-087,1982-01-01,836.3199999999999
NN3-087,1982-02-01,836.3199999999999
NN3-087,1982-03-01,836.3199999999999
NN3-087,1982-04-01,836.3199999999999
NN3-087,1982-05-01,14427.400000000007
NN3-087,1982-06-01,836.3199999999999
NN3-087,1982-07-01,836.3199999999999
NN3-087,1982-08-01,836.3199999999999
NN3-087,1982-09-01,836.3199999999999
NN3-087,1982-10-01,7148.900711763065
NN3-087,1982-11-01,836.3199999999999
NN3-087,1982-12-01,10061.64653250575
NN3-087,1983-01-01,14427.400000000007
NN3-087,1983-02-01,6612.867145042366
NN3-087,1983-03-01,14427.400000000007
NN3-087,1983-04-01,836.3199999999999
NN3-087,1983-05-01,836.3199999999999
NN3-087,1983-06-01,14427.400000000007
NN3-087,1983-07-01,14427.400000000007
NN3-087,1983-08-01,836.3199999999999
NN3-087,1983-09-01,9826.866741249502
NN3-087,1983-10-01,836.3199999999999
NN3-087,1983-11-01,836.3199999999999
NN3-087,1983-12-01,14427.400000000007
NN3-087,1984-01-01,836.3199999999999
NN3-087,1984-02-01,14427.400000000007
NN3-087,1984-03-01,14427.400000000007
NN3-087,1984-04-01,14427.400000000007
NN3-087,1984-05-01,836.3199999999999
NN3-087,1984-06-01,836.3199999999999
NN3-087,1984-07-01,836.3199999999999
NN3-087,1984-08-01,836.3199999999999
NN3-087,1984-09-01,2663.6690279395866
NN3-087,1984-10-01,1984.8315440561582
NN3-087,1984-11-01,6351.937397690197
NN3-087,1984-12-01,14427.400000000007
NN3-087,1985-01-01,836.3199999999999
NN3-087,1985-02-01,836.3199999999999
NN3-087,1985-03-01,836.3199999999999
NN3-087,1985-04-01,14427.400000000007
NN3-087,1985-05-01,10230.98593418294
NN3-087,1985-06-01,1063.9632966888785
NN3-087,1985-07-01,836.3199999999999
NN3-087,1985-08-01,3826.3572803505895
NN3-087,1985-09-01,12248.479571636488
NN3-087,1985-10-01,14427.400000000007
NN3-087,1985-11-01,836.3199999999999
NN3-087,1985-12-01,14427.400000000007
NN3-087,1986-01-01,14427.400000000007
NN3-087,1986-02-01,836.3199999999999
NN3-087,1986-03-01,836.3199999999999
NN3-087,1986-04-01,836.3199999999999
NN3-087,1986-05-01,836.3199999999999
NN3-087,1986-06-01,6573.171254613645
NN3-087,1986-07-01,14427.400000000007
NN3-087,1986-08-01,836.3199999999999
NN3-087,1986-09-01,836.3199999999999
NN3-087,1986-10-01,14427.400000000007
NN3-087,1986-11-01,836.3199999999999
NN3-087,1986-12-01,836.3199999999999
NN3-087,1987-01-01,14427.400000000007
NN3-087,1987-02-01,14427.400000000007
NN3-087,1987-03-01,14427.400000000007
NN3-087,1987-04-01,14427.400000000007
NN3-087,1987-05-01,14427.400000000007
NN3-087,1987-06-01,14427.400000000007
NN3-087,1987-07-01,14427.400000000007
NN3-087,1987-08-01,836.3199999999999
NN3-087,1987-09-01,836.3199999999999
NN3-087,1987-10-01,14427.400000000007
NN3-087,1987-11-01,836.3199999999999
NN3-087,1987-12-01,14427.400000000007
NN3-087,1988-01-01,14427.400000000007
NN3-087,1988-02-01,836.3199999999999
NN3-087,1988-03-01,14427.400000000007
NN3-087,1988-04-01,14427.400000000007
NN3-087,1988-05-01,14427.400000000007
NN3-087,1988-06-01,14427.400000000007
NN3-087,1988-07-01,836.3199999999999
NN3-087,1988-08-01,836.3199999999999
NN3-087,1988-09-01,836.3199999999999
NN3-087,1988-10-01,9762.261963021345
NN3-087,1988-11-01,836.3199999999999
NN3-087,1988-12-01,836.3199999999999
NN3-087,1989-01-01,14427.400000000007
NN3-087,1989-02-01,836.3199999999999
NN3-087,1989-03-01,836.3199999999999
NN3-087,1989-04-01,836.3199999999999
NN3-087,1989-05-01,14427.400000000007
NN3-087,1989-06-01,14427.400000000007
NN3-087,1989-07-01,14427.400000000007
NN3-087,1989-08-01,14427.400000000007
NN3-087,1989-09-01,836.3199999999999
NN3-087,1989-10-01,14427.400000000007
NN3-087,1989-11-01,14427.400000000007
NN3-087,1989-12-01,836.3199999999999
NN3-087,1990-01-01,836.3199999999999
NN3-087,1990-02-01,14427.400000000007
NN3-087,1990-03-01,836.3199999999999
NN3-087,1990-04-01,836.3199999999999
NN3-087,1990-05-01,14427.400000000007
NN3-087,1990-06-01,14427.400000000007
NN3-087,1990-07-01,7728.580889538578
NN3-087,1990-08-01,836.3199999999999
NN3-087,1990-09-01,14427.400000000007
NN3-087,1990-10-01,14427.400000000007
NN3-087,1990-11-01,14427.400000000007
NN3-087,1990-12-01,14427.400000000007
NN3-087,1991-01-01,14427.400000000007
NN3-088,1977-01-01,14427.400000000007
NN3-088,1977-02-01,836.3199999999999
NN3-088,1977-03-01,14427.400000000007
NN3-088,1977-04-01,836.3199999999999
NN3-088,1977-05-01,836.3199999999999
NN3-088,1977-06-01,836.3199999999999
NN3-088,1977-07-01,836.3199999999999
NN3-088,1977-08-01,836.3199999999999
NN3-088,1977-09-01,836.3199999999999
NN3-088,1977-10-01,14427.400000000007
NN3-088,1977-11-01,14427.400000000007
NN3-088,1977-12-01,12655.238091777508
NN3-088,1978-01-01,836.3199999999999
NN3-088,1978-02-01,836.3199999999999
NN3-088,1978-03-01,10707.823623421917
NN3-088,1978-04-01,836.3199999999999
NN3-088,1978-05-01,836.3199999999999
NN3-088,1978-06-01,836.3199999999999
NN3-088,1978-07-01,836.3199999999999
NN3-088,1978-08-01,836.3199999999999
NN3-088,1978-09-01,14427.400000000007
NN3-088,1978-10-01,13875.866468410864
NN3-088,1978-11-01,14427.400000000007
NN3-088,1978-12-01,14427.400000000007
NN3-088,1979-01-01,14427.400000000007
NN3-088,1979-02-01,836.3199999999999
NN3-088,1979-03-01,14427.400000000007
NN3-088,1979-04-01,836.3199999999999
NN3-088,1979-05-01,836.3199999999999
NN3-088,1979-06-01,836.3199999999999
NN3-088,1979-07-01,14427.400000000007
NN3-088,1979-08-01,14427.400000000007
NN3-088,1979-09-01,836.3199999999999
NN3-088,1979-10-01,836.3199999999999
NN3-088,1979-11-01,836.3199999999999
NN3-088,1979-12-01,2808.239277162662
NN3-088,1980-01-01,14427.400000000007
NN3-088,1980-02-01,14427.400000000007
NN3-088,1980-03-01,7906.2103324111795
NN3-088,1980-04-01,836.3199999999999
NN3-088,1980-05-01,6949.932534029169
NN3-088,1980-06-01,11171.131012456113
NN3-088,1980-07-01,836.3199999999999
NN3-088,1980-08-01,14427.400000000007
NN3-088,1980-09-01,1615.9406837383071
NN3-088,1980-10-01,14427.400000000007
NN3-088,1980-11-01,14427.400000000007
NN3-088,1980-12-01,836.3199999999999
NN3-088,1981-01-01,2126.5187683540735
NN3-088,1981-02-01,14427.400000000007
NN3-088,1981-03-01,836.3199999999999
NN3-088,1981-04-01,14427.400000000007
NN3-088,1981-05-01,836.3199999999999
NN3-088,1981-06-01,14427.400000000007
NN3-088,1981-07-01,836.3199999999999
NN3-088,1981-08-01,836.3199999999999
NN3-088,1981-09-01,836.3199999999999
NN3-088,1981-10-01,14427.400000000007
NN3-088,1981-11-01,14427.400000000007
NN3-088,1981-12-01,836.3199999999999
NN3-088,1982-01-01,836.3199999999999
NN3-088,1982-02-01,836.3199999999999
NN3-088,1982-03-01,14427.400000000007
NN3-088,1982-04-01,836.3199999999999
NN3-088,1982-05-01,14427.400000000007
NN3-088,1982-06-01,14427.400000000007
NN3-089,1981-01-01,14427.400000000007
NN3-089,1981-02-01,7157.864538841981
NN3-089,1981-03-01,836.3199999999999
NN3-089,1981-04-01,14427.400000000007
NN3-089,1981-05-01,14427.400000000007
NN3-089,1981-06-01,836.3199999999999
NN3-089,1981-07-01,14427.400000000007
NN3-089,1981-08-01,14427.400000000007
NN3-089,1981-09-01,836.3199999999999
NN3-089,1981-10-01,14427.400000000007
NN3-089,1981-11-01,14427.400000000007
NN3-089,1981-12-01,836.3199999999999
NN3-089,1982-01-01,836.3199999999999
NN3-089,1982-02-01,836.3199999999999
NN3-089,1982-03-01,836.3199999999999
NN3-089,1982-04-01,836.3199999999999
NN3-089,1982-05-01,14427.400000000007
NN3-089,1982-06-01,14427.400000000007
NN3-089,1982-07-01,836.3199999999999
NN3-089,1982-08-01,836.3199999999999
NN3-089,1982-09-01,14427.400000000007
NN3-089,1982-10-01,836.3199999999999
NN3-089,1982-11-01,836.3199999999999
NN3-089,1982-12-01,5319.297919079688
NN3-089,1983-01-01,836.3199999999999
NN3-089,1983-02-01,14427.400000000007
NN3-089,1983-03-01,14427.400000000007
NN3-089,1983-04-01,14427.400000000007
NN3-089,1983-05-01,836.3199999999999
NN3-089,1983-06-01,14427.400000000007
NN3-089,1983-07-01,836.3199999999999
NN3-089,1983-08-01,836.3199999999999
NN3-089,1983-09-01,14427.400000000007
NN3-089,1983-10-01,14427.400000000007
NN3-089,1983-11-01,14427.400000000007
NN3-089,1983-12-01,836.3199999999999
NN3-089,1984-01-01,836.3199999999999
NN3-089,1984-02-01,14427.400000000007
NN3-089,1984-03-01,14427.400000000007
NN3-089,1984-04-01,836.3199999999999
NN3-089,1984-05-01,14427.400000000007
NN3-089,1984-06-01,836.3199999999999
NN3-089,1984-07-01,14427.400000000007
NN3-089,1984-08-01,14427.400000000007
NN3-089,1984-09-01,836.3199999999999
NN3-089,1984-10-01,836.3199999999999
NN3-089,1984-11-01,836.3199999999999
NN3-089,1984-12-01,14427.400000000007
NN3-089,1985-01-01,14427.400000000007
NN3-089,1985-02-01,836.3199999999999
NN3-089,1985-03-01,836.3199999999999
NN3-089,1985-04-01,14427.400000000007
NN3-089,1985-05-01,14427.400000000007
NN3-089,1985-06-01,836.3199999999999
NN3-089,1985-07-01,836.3199999999999
NN3-089,1985-08-01,14427.400000000007
NN3-089,1985-09-01,836.3199999999999
NN3-089,1985-10-01,836.3199999999999
NN3-089,1985-11-01,836.3199999999999
NN3-089,1985-12-01,14427.400000000007
NN3-089,1986-01-01,5542.596389166096
NN3-089,1986-02-01,14427.400000000007
NN3-089,1986-03-01,12408.008870795557
NN3-089,1986-04-01,14427.400000000007
NN3-089,1986-05-01,836.3199999999999
NN3-089,1986-06-01,14427.400000000007
NN3-089,1986-07-01,836.3199999999999
NN3-089,1986-08-01,836.3199999999999
NN3-089,1986-09-01,836.3199999999999
NN3-089,1986-10-01,14427.400000000007
NN3-089,1986-11-01,836.3199999999999
NN3-089,1986-12-01,836.3199999999999
NN3-089,1987-01-01,14427.400000000007
NN3-089,1987-02-01,14427.400000000007
NN3-089,1987-03-01,836.3199999999999
NN3-089,1987-04-01,12784.750988846901
NN3-089,1987-05-01,14427.400000000007
NN3-089,1987-06-01,836.3199999999999
NN3-089,1987-07-01,14427.400000000007
NN3-089,1987-08-01,836.3199999999999
NN3-089,1987-09-01,836.3199999999999
NN3-089,1987-10-01,836.3199999999999
NN3-089,1987-11-01,836.3199999999999
NN3-089,1987-12-01,836.3199999999999
NN3-089,1988-01-01,836.3199999999999
NN3-089,1988-02-01,14427.400000000007
NN3-089,1988-03-01,14427.400000000007
NN3-089,1988-04-01,836.3199999999999
NN3-089,1988-05-01,836.3199999999999
NN3-089,1988-06-01,14427.400000000007
NN3-089,1988-07-01,836.3199999999999
NN3-089,1988-08-01,836.3199999999999
NN3-089,1988-09-01,836.3199999999999
NN3-089,1988-10-01,14427.400000000007
NN3-089,1988-11-01,14427.400000000007
NN3-089,1988-12-01,6518.590753246113
NN3-089,1989-01-01,14427.400000000007
NN3-089,1989-02-01,14427.400000000007
NN3-089,1989-03-01,836.3199999999999
NN3-089,1989-04-01,14427.400000000007
NN3-089,1989-05-01,836.3199999999999
NN3-089,1989-06-01,836.3199999999999
NN3-089,1989-07-01,836.3199999999999
NN3-089,1989-08-01,12023.253476928476
NN3-089,1989-09-01,14427.400000000007
NN3-089,1989-10-01,836.3199999999999
NN3-089,1989-11-01,14427.400000000007
NN3-089,1989-12-01,14427.400000000007
NN3-089,1990-01-01,991.5836911238832
NN3-089,1990-02-01,836.3199999999999
NN3-089,1990-03-01,4589.931362094474
NN3-089,1990-04-01,14427.400000000007
NN3-089,1990-05-01,836.3199999999999
NN3-089,1990-06-01,836.3199999999999
NN3-090,1982-01-01,836.3199999999999
NN3-090,1982-02-01,14427.400000000007
NN3-090,1982-03-01,836.3199999999999
NN3-090,1982-04-01,14427.400000000007
NN3-090,1982-05-01,14427.400000000007
NN3-090,1982-06-01,836.3199999999999
NN3-090,1982-07-01,836.3199999999999
NN3-090,1982-08-01,836.3199999999999
NN3-090,1982-09-01,836.3199999999999
NN3-090,1982-10-01,14427.400000000007
NN3-090,1982-11-01,14427.400000000007
NN3-090,1982-12-01,836.3199999999999
NN3-090,1983-01-01,836.3199999999999
NN3-090,1983-02-01,8063.517786960875
NN3-090,1983-03-01,836.3199999999999
NN3-090,1983-04-01,14427.400000000007
NN3-090,1983-05-01,836.3199999999999
NN3-090,1983-06-01,836.3199999999999
NN3-090,1983-07-01,836.3199999999999
NN3-090,1983-08-01,836.3199999999999
NN3-090,1983-09-01,836.3199999999999
NN3-090,1983-10-01,14427.400000000007
NN3-090,1983-11-01,836.3199999999999
NN3-090,1983-12-01,13938.696535263814
NN3-090,1984-01-01,14427.400000000007
NN3-090,1984-02-01,14427.400000000007
NN3-090,1984-03-01,836.3199999999999
NN3-090,1984-04-01,14427.400000000007
NN3-090,1984-05-01,836.3199999999999
NN3-090,1984-06-01,836.3199999999999
NN3-090,1984-07-01,14427.400000000007
NN3-090,1984-08-01,836.3199999999999
NN3-090,1984-09-01,836.3199999999999
NN3-090,1984-10-01,836.3199999999999
NN3-090,1984-11-01,14427.400000000007
NN3-090,1984-12-01,5585.628809644459
NN3-090,1985-01-01,14427.400000000007
NN3-090,1985-02-01,836.3199999999999
NN3-090,1985-03-01,14427.400000000007
NN3-090,1985-04-01,836.3199999999999
NN3-090,1985-05-01,836.3199999999999
NN3-090,1985-06-01,836.3199999999999
NN3-090,1985-07-01,14427.400000000007
NN3-090,1985-08-01,836.3199999999999
NN3-090,1985-09-01,14427.400000000007
NN3-090,1985-10-01,836.3199999999999
NN3-090,1985-11-01,836.3199999999999
NN3-090,1985-12-01,836.3199999999999
NN3-090,1986-01-01,836.3199999999999
NN3-090,1986-02-01,836.3199999999999
NN3-090,1986-03-01,14427.400000000007
NN3-090,1986-04-01,9455.765619552683
NN3-090,1986-05-01,836.3199999999999
NN3-090,1986-06-01,836.3199999999999
NN3-090,1986-07-01,836.3199999999999
NN3-090,1986-08-01,14427.400000000007
NN3-090,1986-09-01,836.3199999999999
NN3-090,1986-10-01,14427.400000000007
NN3-090,1986-11-01,14427.400000000007
NN3-090,1986-12-01,836.3199999999999
NN3-090,1987-01-01,836.3199999999999
NN3-090,1987-02-01,14427.400000000007
NN3-090,1987-03-01,836.3199999999999
NN3-090,1987-04-01,836.3199999999999
NN3-090,1987-05-01,836.3199999999999
NN3-090,1987-06-01,836.3199999999999
NN3-090,1987-07-01,14427.400000000007
NN3-090,1987-08-01,14427.400000000007
NN3-090,1987-09-01,836.3199999999999
NN3-090,1987-10-01,836.3199999999999
NN3-090,1987-11-01,14427.400000000007
NN3-090,1987-12-01,14427.400000000007
NN3-090,1988-01-01,14427.400000000007
NN3-090,1988-02-01,14427.400000000007
NN3-090,1988-03-01,836.3199999999999
NN3-090,1988-04-01,836.3199999999999
NN3-090,1988-05-01,836.3199999999999
NN3-090,1988-06-01,836.3199999999999
NN3-090,1988-07-01,7855.121713075208
NN3-090,1988-08-01,836.3199999999999
NN3-090,1988-09-01,836.3199999999999
NN3-090,1988-10-01,14427.400000000007
NN3-090,1988-11-01,836.3199999999999
NN3-090,1988-12-01,14427.400000000007
NN3-090,1989-01-01,14427.400000000007
NN3-090,1989-02-01,836.3199999999999
NN3-090,1989-03-01,14427.400000000007
NN3-090,1989-04-01,14427.400000000007
NN3-090,1989-05-01,836.3199999999999
NN3-090,1989-06-01,836.3199999999999
NN3-090,1989-07-01,836.3199999999999
NN3-090,1989-08-01,14427.400000000007
NN3-090,1989-09-01,836.3199999999999
NN3-090,1989-10-01,836.3199999999999
NN3-090,1989-11-01,14427.400000000007
NN3-090,1989-12-01,836.3199999999999
NN3-090,1990-01-01,836.3199999999999
NN3-090,1990-02-01,14427.400000000007
NN3-090,1990-03-01,836.3199999999999
NN3-090,1990-04-01,836.3199999999999
NN3-090,1990-05-01,14427.400000000007
NN3-090,1990-06-01,836.3199999999999
NN3-090,1990-07-01,836.3199999999999
NN3-090,1990-08-01,1557.7861550098055
NN3-090,1990-09-01,836.3199999999999
NN3-090,1990-10-01,836.3199999999999
NN3-090,1990-11-01,14427.400000000007
NN3-090,1990-12-01,14427.400000000007
NN3-090,1991-01-01,836.3199999999999
NN3-090,1991-02-01,836.3199999999999
NN3-090,1991-03-01,836.3199999999999
NN3-090,1991-04-01,836.3199999999999
NN3-090,1991-05-01,6996.397562887394
NN3-090,1991-06-01,836.3199999999999
NN3-091,1982-12-01,14427.400000000007
NN3-091,1983-01-01,836.3199999999999
NN3-091,1983-02-01,836.3199999999999
NN3-091,1983-03-01,14427.400000000007
NN3-091,1983-04-01,8860.75624003294
NN3-091,1983-05-01,836.3199999999999
NN3-091,1983-06-01,836.3199999999999
NN3-091,1983-07-01,836.3199999999999
NN3-091,1983-08-01,836.3199999999999
NN3-091,1983-09-01,14427.400000000007
NN3-091,1983-10-01,836.3199999999999
NN3-091,1983-11-01,836.3199999999999
NN3-091,1983-12-01,14427.400000000007
NN3-091,1984-01-01,836.3199999999999
NN3-091,1984-02-01,14427.400000000007
NN3-091,1984-03-01,14427.400000000007
NN3-091,1984-04-01,836.3199999999999
NN3-091,1984-05-01,14427.400000000007
NN3-091,1984-06-01,14427.400000000007
NN3-091,1984-07-01,836.3199999999999
NN3-091,1984-08-01,7588.82987106368
NN3-091,1984-09-01,14427.400000000007
NN3-091,1984-10-01,14427.400000000007
NN3-091,1984-11-01,14427.400000000007
NN3-091,1984-12-01,14427.400000000007
NN3-091,1985-01-01,836.3199999999999
NN3-091,1985-02-01,6824.135317762001
NN3-091,1985-03-01,836.3199999999999
NN3-091,1985-04-01,14427.400000000007
NN3-091,1985-05-01,836.3199999999999
NN3-091,1985-06-01,14427.400000000007
NN3-091,1985-07-01,836.3199999999999
NN3-091,1985-08-01,836.3199999999999
NN3-091,1985-09-01,836.3199999999999
NN3-091,1985-10-01,14427.400000000007
NN3-091,1985-11-01,6844.68142661909
NN3-091,1985-12-01,836.3199999999999
NN3-091,1986-01-01,14427.400000000007
NN3-091,1986-02-01,836.3199999999999
NN3-091,1986-03-01,836.3199999999999
NN3-091,1986-04-01,836.3199999999999
NN3-091,1986-05-01,5700.712118091349
NN3-091,1986-06-01,14427.400000000007
NN3-091,1986-07-01,836.3199999999999
NN3-091,1986-08-01,14427.400000000007
NN3-091,1986-09-01,836.3199999999999
NN3-091,1986-10-01,14427.400000000007
NN3-091,1986-11-01,1061.635960032385
NN3-091,1986-12-01,14427.400000000007
NN3-091,1987-01-01,836.3199999999999
NN3-091,1987-02-01,14427.400000000007
NN3-091,1987-03-01,14427.400000000007
NN3-091,1987-04-01,14427.400000000007
NN3-091,1987-05-01,836.3199999999999
NN3-091,1987-06-01,836.3199999999999
NN3-091,1987-07-01,14427.400000000007
NN3-091,1987-08-01,2059.4876370130464
NN3-091,1987-09-01,836.3199999999999
NN3-091,1987-10-01,836.3199999999999
NN3-091,1987-11-01,11909.885653679707
NN3-091,1987-12-01,14427.400000000007
NN3-091,1988-01-01,14427.400000000007
NN3-091,1988-02-01,14427.400000000007
NN3-091,1988-03-01,14427.400000000007
NN3-091,1988-04-01,836.3199999999999
NN3-091,1988-05-01,14427.400000000007
NN3-091,1988-06-01,14427.400000000007
NN3-091,1988-07-01,836.3199999999999
NN3-091,1988-08-01,836.3199999999999
NN3-091,1988-09-01,836.3199999999999
NN3-091,1988-10-01,14427.400000000007
NN3-091,1988-11-01,14427.400000000007
NN3-091,1988-12-01,14427.400000000007
NN3-091,1989-01-01,836.3199999999999
NN3-091,1989-02-01,836.3199999999999
NN3-091,1989-03-01,836.3199999999999
NN3-091,1989-04-01,1829.614283351742
NN3-091,1989-05-01,7250.867239526336
NN3-091,1989-06-01,836.3199999999999
NN3-091,1989-07-01,14427.400000000007
NN3-091,1989-08-01,836.3199999999999
NN3-091,1989-09-01,4642.773228976574
NN3-091,1989-10-01,836.3199999999999
NN3-091,1989-11-01,836.3199999999999
NN3-091,1989-12-01,14427.400000000007
NN3-091,1990-01-01,14427.400000000007
NN3-091,1990-02-01,836.3199999999999
NN3-091,1990-03-01,836.3199999999999
NN3-091,1990-04-01,14427.400000000007
NN3-091,1990-05-01,14427.400000000007
NN3-091,1990-06-01,14427.400000000007
NN3-091,1990-07-01,14427.400000000007
NN3-091,1990-08-01,14427.400000000007
NN3-091,1990-09-01,14427.400000000007
NN3-091,1990-10-01,14427.400000000007
NN3-091,1990-11-01,836.3199999999999
NN3-091,1990-12-01,836.3199999999999
NN3-091,1991-01-01,14427.400000000007
NN3-091,1991-02-01,836.3199999999999
NN3-091,1991-03-01,14427.400000000007
NN3-091,1991-04-01,836.3199999999999
NN3-091,1991-05-01,836.3199999999999
NN3-091,1991-06-01,836.3199999999999
NN3-091,1991-07-01,836.3199999999999
NN3-092,1983-01-01,9489.859625207286
NN3-092,1983-02-01,836.3199999999999
NN3-092,1983-03-01,836.3199999999999
NN3-092,1983-04-01,836.3199999999999
NN3-092,1983-05-01,836.3199999999999
NN3-092,1983-06-01,836.3199999999999
NN3-092,1983-07-01,14427.400000000007
NN3-092,1983-08-01,14427.400000000007
NN3-092,1983-09-01,9892.41819587335
NN3-092,1983-10-01,14427.400000000007
NN3-092,1983-11-01,836.3199999999999
NN3-092,1983-12-01,14427.400000000007
NN3-092,1984-01-01,836.3199999999999
NN3-092,1984-02-01,14427.400000000007
NN3-092,1984-03-01,836.3199999999999
NN3-092,1984-04-01,14427.400000000007
NN3-092,1984-05-01,14427.400000000007
NN3-092,1984-06-01,836.3199999999999
NN3-092,1984-07-01,14427.400000000007
NN3-092,1984-08-01,14427.400000000007
NN3-092,1984-09-01,836.3199999999999
NN3-092,1984-10-01,836.3199999999999
NN3-092,1984-11-01,14427.400000000007
NN3-092,1984-12-01,836.3199999999999
NN3-092,1985-01-01,14427.400000000007
NN3-092,1985-02-01,14427.400000000007
NN3-092,1985-03-01,836.3199999999999
NN3-092,1985-04-01,836.3199999999999
NN3-092,1985-05-01,836.3199999999999
NN3-092,1985-06-01,3660.785886345037
NN3-092,1985-07-01,9315.149495110676
NN3-092,1985-08-01,836.3199999999999
NN3-092,1985-09-01,1904.7839240608728
NN3-092,1985-10-01,14427.400000000007
NN3-092,1985-11-01,836.3199999999999
NN3-092,1985-12-01,836.3199999999999
NN3-092,1986-01-01,14427.400000000007
NN3-092,1986-02-01,836.3199999999999
NN3-092,1986-03-01,836.3199999999999
NN3-092,1986-04-01,14427.400000000007
NN3-092,1986-05-01,836.3199999999999
NN3-092,1986-06-01,14427.400000000007
NN3-092,1986-07-01,14427.400000000007
NN3-092,1986-08-01,836.3199999999999
NN3-092,1986-09-01,836.3199999999999
NN3-092,1986-10-01,14427.400000000007
NN3-092,1986-11-01,836.3199999999999
NN3-092,1986-12-01,836.3199999999999
NN3-092,1987-01-01,836.3199999999999
NN3-092,1987-02-01,14427.400000000007
NN3-092,1987-03-01,836.3199999999999
NN3-092,1987-04-01,14427.400000000007
NN3-092,1987-05-01,836.3199999999999
NN3-092,1987-06-01,836.3199999999999
NN3-092,1987-07-01,9615.415872155767
NN3-092,1987-08-01,836.3199999999999
NN3-092,1987-09-01,836.3199999999999
NN3-092,1987-10-01,13412.750372268601
NN3-092,1987-11-01,836.3199999999999
NN3-092,1987-12-01,836.3199999999999
NN3-092,1988-01-01,6609.286332490142
NN3-092,1988-02-01,14427.400000000007
NN3-092,1988-03-01,836.3199999999999
NN3-092,1988-04-01,836.3199999999999
NN3-092,1988-05-01,1868.4989628633832
NN3-092,1988-06-01,14427.400000000007
NN3-092,1988-07-01,836.3199999999999
NN3-092,1988-08-01,836.3199999999999
NN3-092,1988-09-01,14427.400000000007
NN3-092,1988-10-01,836.3199999999999
NN3-092,1988-11-01,1033.526230774439
NN3-092,1988-12-01,14427.400000000007
NN3-092,1989-01-01,836.3199999999999
NN3-092,1989-02-01,836.3199999999999
NN3-092,1989-03-01,14427.400000000007
NN3-092,1989-04-01,836.3199999999999
NN3-092,1989-05-01,12480.366760100864
NN3-092,1989-06-01,14427.400000000007
NN3-092,1989-07-01,836.3199999999999
NN3-092,1989-08-01,14427.400000000007
NN3-092,1989-09-01,14427.400000000007
NN3-092,1989-10-01,14427.400000000007
NN3-092,1989-11-01,836.3199999999999
NN3-092,1989-12-01,14427.400000000007
NN3-092,1990-01-01,14427.400000000007
NN3-092,1990-02-01,14427.400000000007
NN3-092,1990-03-01,836.3199999999999
NN3-092,1990-04-01,14427.400000000007
NN3-092,1990-05-01,9447.083976660488
NN3-092,1990-06-01,14427.400000000007
NN3-092,1990-07-01,14427.400000000007
NN3-092,1990-08-01,836.3199999999999
NN3-092,1990-09-01,836.3199999999999
NN3-092,1990-10-01,14427.400000000007
NN3-092,1990-11-01,836.3199999999999
NN3-092,1990-12-01,7062.041789735602
NN3-092,1991-01-01,836.3199999999999
NN3-092,1991-02-01,836.3199999999999
NN3-092,1991-03-01,836.3199999999999
NN3-092,1991-04-01,836.3199999999999
NN3-092,1991-05-01,836.3199999999999
NN3-092,1991-06-01,836.3199999999999
NN3-092,1991-07-01,836.3199999999999
NN3-093,1978-01-01,14427.400000000007
NN3-093,1978-02-01,14427.400000000007
NN3-093,1978-03-01,8189.971109867445
NN3-093,1978-04-01,14427.400000000007
NN3-093,1978-05-01,836.3199999999999
NN3-093,1978-06-01,836.3199999999999
NN3-093,1978-07-01,14427.400000000007
NN3-093,1978-08-01,836.3199999999999
NN3-093,1978-09-01,14427.400000000007
NN3-093,1978-10-01,836.3199999999999
NN3-093,1978-11-01,836.3199999999999
NN3-093,1978-12-01,836.3199999999999
NN3-093,1979-01-01,836.3199999999999
NN3-093,1979-02-01,836.3199999999999
NN3-093,1979-03-01,14427.400000000007
NN3-093,1979-04-01,836.3199999999999
NN3-093,1979-05-01,5827.764752561022
NN3-093,1979-06-01,14427.400000000007
NN3-093,1979-07-01,3999.5495956428076
NN3-093,1979-08-01,836.3199999999999
NN3-093,1979-09-01,14427.400000000007
NN3-093,1979-10-01,836.3199999999999
NN3-093,1979-11-01,14427.400000000007
NN3-093,1979-12-01,12685.03697376754
NN3-093,1980-01-01,14427.400000000007
NN3-093,1980-02-01,836.3199999999999
NN3-093,1980-03-01,836.3199999999999
NN3-093,1980-04-01,14427.400000000007
NN3-093,1980-05-01,14427.400000000007
NN3-093,1980-06-01,14427.400000000007
NN3-093,1980-07-01,836.3199999999999
NN3-093,1980-08-01,836.3199999999999
NN3-093,1980-09-01,14427.400000000007
NN3-093,1980-10-01,14427.400000000007
NN3-093,1980-11-01,14427.400000000007
NN3-093,1980-12-01,836.3199999999999
NN3-093,1981-01-01,14427.400000000007
NN3-093,1981-02-01,14427.400000000007
NN3-093,1981-03-01,836.3199999999999
NN3-093,1981-04-01,14427.400000000007
NN3-093,1981-05-01,836.3199999999999
NN3-093,1981-06-01,836.3199999999999
NN3-093,1981-07-01,14427.400000000007
NN3-093,1981-08-01,836.3199999999999
NN3-093,1981-09-01,14427.400000000007
NN3-093,1981-10-01,836.3199999999999
NN3-093,1981-11-01,836.3199999999999
NN3-093,1981-12-01,14427.400000000007
NN3-093,1982-01-01,14427.400000000007
NN3-093,1982-02-01,836.3199999999999
NN3-093,1982-03-01,14427.400000000007
NN3-093,1982-04-01,14427.400000000007
NN3-093,1982-05-01,14427.400000000007
NN3-093,1982-06-01,14427.400000000007
NN3-093,1982-07-01,836.3199999999999
NN3-093,1982-08-01,14427.400000000007
NN3-093,1982-09-01,14089.554774229075
NN3-093,1982-10-01,836.3199999999999
NN3-093,1982-11-01,14427.400000000007
NN3-093,1982-12-01,14427.400000000007
NN3-093,1983-01-01,836.3199999999999
NN3-093,1983-02-01,14427.400000000007
NN3-093,1983-03-01,3821.7170506973916
NN3-093,1983-04-01,836.3199999999999
NN3-093,1983-05-01,14427.400000000007
NN3-093,1983-06-01,14427.400000000007
NN3-093,1983-07-01,836.3199999999999
NN3-093,1983-08-01,13963.473349355992
NN3-093,1983-09-01,7074.174783832565
NN3-093,1983-10-01,836.3199999999999
NN3-093,1983-11-01,14427.400000000007
NN3-093,1983-12-01,836.3199999999999
NN3-093,1984-01-01,14427.400000000007
NN3-093,1984-02-01,836.3199999999999
NN3-093,1984-03-01,836.3199999999999
NN3-093,1984-04-01,836.3199999999999
NN3-093,1984-05-01,14427.400000000007
NN3-093,1984-06-01,14427.400000000007
NN3-093,1984-07-01,836.3199999999999
NN3-093,1984-08-01,836.3199999999999
NN3-093,1984-09-01,14427.400000000007
NN3-093,1984-10-01,836.3199999999999
NN3-093,1984-11-01,836.3199999999999
NN3-093,1984-12-01,14427.400000000007
NN3-093,1985-01-01,14427.400000000007
NN3-093,1985-02-01,6096.592810123924
NN3-093,1985-03-01,14427.400000000007
NN3-093,1985-04-01,14427.400000000007
NN3-093,1985-05-01,14427.400000000007
NN3-093,1985-06-01,836.3199999999999
NN3-093,1985-07-01,7617.494783164731
NN3-093,1985-08-01,836.3199999999999
NN3-093,1985-09-01,836.3199999999999
NN3-093,1985-10-01,836.3199999999999
NN3-093,1985-11-01,836.3199999999999
NN3-093,1985-12-01,14427.400000000007
NN3-093,1986-01-01,836.3199999999999
NN3-093,1986-02-01,836.3199999999999
NN3-093,1986-03-01,836.3199999999999
NN3-093,1986-04-01,14427.400000000007
NN3-093,1986-05-01,14427.400000000007
NN3-093,1986-06-01,836.3199999999999
NN3-093,1986-07-01,14427.400000000007
NN3-093,1986-08-01,836.3199999999999
NN3-093,1986-09-01,3385.396179859157
NN3-093,1986-10-01,836.3199999999999
NN3-093,1986-11-01,10966.848866402348
NN3-093,1986-12-01,14427.400000000007
NN3-093,1987-01-01,1591.296057120779
NN3-093,1987-02-01,14427.400000000007
NN3-093,1987-03-01,836.3199999999999
NN3-093,1987-04-01,14427.400000000007
NN3-093,1987-05-01,14427.400000000007
NN3-093,1987-06-01,836.3199999999999
NN3-094,1983-01-01,836.3199999999999
NN3-094,1983-02-01,836.3199999999999
NN3-094,1983-03-01,14427.400000000007
NN3-094,1983-04-01,2831.30809504734
NN3-094,1983-05-01,14427.400000000007
NN3-094,1983-06-01,14427.400000000007
NN3-094,1983-07-01,14427.400000000007
NN3-094,1983-08-01,14427.400000000007
NN3-094,1983-09-01,836.3199999999999
NN3-094,1983-10-01,14427.400000000007
NN3-094,1983-11-01,836.3199999999999
NN3-094,1983-12-01,836.3199999999999
NN3-094,1984-01-01,12865.4428172146
NN3-094,1984-02-01,836.3199999999999
NN3-094,1984-03-01,14427.400000000007
NN3-094,1984-04-01,836.3199999999999
NN3-094,1984-05-01,836.3199999999999
NN3-094,1984-06-01,836.3199999999999
NN3-094,1984-07-01,14427.400000000007
NN3-094,1984-08-01,14427.400000000007
NN3-094,1984-09-01,8201.862140796416
NN3-094,1984-10-01,14427.400000000007
NN3-094,1984-11-01,14427.400000000007
NN3-094,1984-12-01,836.3199999999999
NN3-094,1985-01-01,1185.9315865661947
NN3-094,1985-02-01,836.3199999999999
NN3-094,1985-03-01,836.3199999999999
NN3-094,1985-04-01,836.3199999999999
NN3-094,1985-05-01,14427.400000000007
NN3-094,1985-06-01,14427.400000000007
NN3-094,1985-07-01,14427.400000000007
NN3-094,1985-08-01,836.3199999999999
NN3-094,1985-09-01,14427.400000000007
NN3-094,1985-10-01,836.3199999999999
NN3-094,1985-11-01,836.3199999999999
NN3-094,1985-12-01,1886.085164871171
NN3-094,1986-01-01,836.3199999999999
NN3-094,1986-02-01,14427.400000000007
NN3-094,1986-03-01,836.3199999999999
NN3-094,1986-04-01,14427.400000000007
NN3-094,1986-05-01,836.3199999999999
NN3-094,1986-06-01,14427.400000000007
NN3-094,1986-07-01,836.3199999999999
NN3-094,1986-08-01,14427.400000000007
NN3-094,1986-09-01,836.3199999999999
NN3-094,1986-10-01,836.3199999999999
NN3-094,1986-11-01,836.3199999999999
NN3-094,1986-12-01,14427.400000000007
NN3-094,1987-01-01,836.3199999999999
NN3-094,1987-02-01,836.3199999999999
NN3-094,1987-03-01,836.3199999999999
NN3-094,1987-04-01,836.3199999999999
NN3-094,1987-05-01,836.3199999999999
NN3-094,1987-06-01,836.3199999999999
NN3-094,1987-07-01,836.3199999999999
NN3-094,1987-08-01,836.3199999999999
NN3-094,1987-09-01,836.3199999999999
NN3-094,1987-10-01,836.3199999999999
NN3-094,1987-11-01,836.3199999999999
NN3-094,1987-12-01,836.3199999999999
NN3-094,1988-01-01,836.3199999999999
NN3-094,1988-02-01,836.3199999999999
NN3-094,1988-03-01,836.3199999999999
NN3-094,1988-04-01,836.3199999999999
NN3-094,1988-05-01,14427.400000000007
NN3-094,1988-06-01,836.3199999999999
NN3-094,1988-07-01,836.3199999999999
NN3-094,1988-08-01,836.3199999999999
NN3-094,1988-09-01,14427.400000000007
NN3-094,1988-10-01,14427.400000000007
NN3-094,1988-11-01,836.3199999999999
NN3-094,1988-12-01,14427.400000000007
NN3-094,1989-01-01,836.3199999999999
NN3-094,1989-02-01,836.3199999999999
NN3-094,1989-03-01,836.3199999999999
NN3-094,1989-04-01,836.3199999999999
NN3-094,1989-05-01,836.3199999999999
NN3-094,1989-06-01,836.3199999999999
NN3-094,1989-07-01,836.3199999999999
NN3-094,1989-08-01,13954.963603401044
NN3-094,1989-09-01,14427.400000000007
NN3-094,1989-10-01,14427.400000000007
NN3-094,1989-11-01,836.3199999999999
NN3-094,1989-12-01,14427.400000000007
NN3-094,1990-01-01,14427.400000000007
NN3-094,1990-02-01,14427.400000000007
NN3-094,1990-03-01,14427.400000000007
NN3-094,1990-04-01,836.3199999999999
NN3-094,1990-05-01,836.3199999999999
NN3-094,1990-06-01,836.3199999999999
NN3-094,1990-07-01,14427.400000000007
NN3-094,1990-08-01,836.3199999999999
NN3-094,1990-09-01,14427.400000000007
NN3-094,1990-10-01,836.3199999999999
NN3-094,1990-11-01,14427.400000000007
NN3-094,1990-12-01,836.3199999999999
NN3-094,1991-01-01,836.3199999999999
NN3-094,1991-02-01,14427.400000000007
NN3-094,1991-03-01,14427.400000000007
NN3-094,1991-04-01,6409.032195258922
NN3-094,1991-05-01,836.3199999999999
NN3-094,1991-06-01,14427.400000000007
NN3-094,1991-07-01,14427.400000000007
NN3-094,1991-08-01,836.3199999999999
NN3-095,1978-01-01,14427.400000000007
NN3-095,1978-02-01,836.3199999999999
NN3-095,1978-03-01,12255.30719836289
NN3-095,1978-04-01,836.3199999999999
NN3-095,1978-05-01,836.3199999999999
NN3-095,1978-06-01,14427.400000000007
NN3-095,1978-07-01,14427.400000000007
NN3-095,1978-08-01,836.3199999999999
NN3-095,1978-09-01,836.3199999999999
NN3-095,1978-10-01,14427.400000000007
NN3-095,1978-11-01,836.3199999999999
NN3-095,1978-12-01,836.3199999999999
NN3-095,1979-01-01,13253.584524704871
NN3-095,1979-02-01,14427.400000000007
NN3-095,1979-03-01,7587.099472284633
NN3-095,1979-04-01,836.3199999999999
NN3-095,1979-05-01,11464.097166902113
NN3-095,1979-06-01,14427.400000000007
NN3-095,1979-07-01,836.3199999999999
NN3-095,1979-08-01,836.3199999999999
NN3-095,1979-09-01,836.3199999999999
NN3-095,1979-10-01,14427.400000000007
NN3-095,1979-11-01,14427.400000000007
NN3-095,1979-12-01,14427.400000000007
NN3-095,1980-01-01,836.3199999999999
NN3-095,1980-02-01,14427.400000000007
NN3-095,1980-03-01,836.3199999999999
NN3-095,1980-04-01,14427.400000000007
NN3-095,1980-05-01,13978.923230774868
NN3-095,1980-06-01,836.3199999999999
NN3-095,1980-07-01,14427.400000000007
NN3-095,1980-08-01,836.3199999999999
NN3-095,1980-09-01,836.3199999999999
NN3-095,1980-10-01,14427.400000000007
NN3-095,1980-11-01,836.3199999999999
NN3-095,1980-12-01,14427.400000000007
NN3-095,1981-01-01,836.3199999999999
NN3-095,1981-02-01,14427.400000000007
NN3-095,1981-03-01,836.3199999999999
NN3-095,1981-04-01,836.3199999999999
NN3-095,1981-05-01,14427.400000000007
NN3-095,1981-06-01,836.3199999999999
NN3-095,1981-07-01,14427.400000000007
NN3-095,1981-08-01,14427.400000000007
NN3-095,1981-09-01,14427.400000000007
NN3-095,1981-10-01,14427.400000000007
NN3-095,1981-11-01,836.3199999999999
NN3-095,1981-12-01,14427.400000000007
NN3-095,1982-01-01,3675.449730419521
NN3-095,1982-02-01,836.3199999999999
NN3-095,1982-03-01,14427.400000000007
NN3-095,1982-04-01,836.3199999999999
NN3-095,1982-05-01,14427.400000000007
NN3-095,1982-06-01,836.3199999999999
NN3-095,1982-07-01,836.3199999999999
NN3-095,1982-08-01,14427.400000000007
NN3-095,1982-09-01,14427.400000000007
NN3-095,1982-10-01,836.3199999999999
NN3-095,1982-11-01,14427.400000000007
NN3-095,1982-12-01,14427.400000000007
NN3-095,1983-01-01,836.3199999999999
NN3-095,1983-02-01,836.3199999999999
NN3-095,1983-03-01,14427.400000000007
NN3-095,1983-04-01,14427.400000000007
NN3-095,1983-05-01,836.3199999999999
NN3-095,1983-06-01,1558.9786526978287
NN3-095,1983-07-01,14427.400000000007
NN3-095,1983-08-01,836.3199999999999
NN3-095,1983-09-01,836.3199999999999
NN3-095,1983-10-01,1696.2191510699995
NN3-095,1983-11-01,836.3199999999999
NN3-095,1983-12-01,836.3199999999999
NN3-095,1984-01-01,14427.400000000007
NN3-095,1984-02-01,836.3199999999999
NN3-095,1984-03-01,9179.121801389152
NN3-095,1984-04-01,14427.400000000007
NN3-095,1984-05-01,14427.400000000007
NN3-095,1984-06-01,1620.3255881207783
NN3-095,1984-07-01,12781.271968162366
NN3-095,1984-08-01,836.3199999999999
NN3-095,1984-09-01,14427.400000000007
NN3-095,1984-10-01,836.3199999999999
NN3-095,1984-11-01,14427.400000000007
NN3-095,1984-12-01,1533.7787240471728
NN3-095,1985-01-01,836.3199999999999
NN3-095,1985-02-01,836.3199999999999
NN3-095,1985-03-01,14427.400000000007
NN3-095,1985-04-01,836.3199999999999
NN3-095,1985-05-01,836.3199999999999
NN3-095,1985-06-01,836.3199999999999
NN3-095,1985-07-01,14427.400000000007
NN3-095,1985-08-01,836.3199999999999
NN3-095,1985-09-01,14427.400000000007
NN3-095,1985-10-01,14427.400000000007
NN3-095,1985-11-01,14200.449031749435
NN3-095,1985-12-01,836.3199999999999
NN3-095,1986-01-01,14427.400000000007
NN3-095,1986-02-01,836.3199999999999
NN3-095,1986-03-01,836.3199999999999
NN3-095,1986-04-01,836.3199999999999
NN3-095,1986-05-01,14427.400000000007
NN3-095,1986-06-01,14427.400000000007
NN3-095,1986-07-01,14427.400000000007
NN3-095,1986-08-01,836.3199999999999
NN3-095,1986-09-01,836.3199999999999
NN3-095,1986-10-01,14427.400000000007
NN3-095,1986-11-01,14427.400000000007
NN3-095,1986-12-01,836.3199999999999
NN3-095,1987-01-01,14427.400000000007
NN3-095,1987-02-01,836.3199999999999
NN3-095,1987-03-01,5352.638414829624
NN3-095,1987-04-01,836.3199999999999
NN3-095,1987-05-01,14427.400000000007
NN3-095,1987-06-01,836.3199999999999
NN3-096,1978-01-01,14427.400000000007
NN3-096,1978-02-01,14427.400000000007
NN3-096,1978-03-01,836.3199999999999
NN3-096,1978-04-01,14427.400000000007
NN3-096,1978-05-01,836.3199999999999
NN3-096,1978-06-01,14427.400000000007
NN3-096,1978-07-01,14427.400000000007
NN3-096,1978-08-01,836.3199999999999
NN3-096,1978-09-01,12007.698695288229
NN3-096,1978-10-01,14427.400000000007
NN3-096,1978-11-01,836.3199999999999
NN3-096,1978-12-01,14427.400000000007
NN3-096,1979-01-01,14427.400000000007
NN3-096,1979-02-01,14427.400000000007
NN3-096,1979-03-01,836.3199999999999
NN3-096,1979-04-01,14427.400000000007
NN3-096,1979-05-01,836.3199999999999
NN3-096,1979-06-01,14427.400000000007
NN3-096,1979-07-01,14427.400000000007
NN3-096,1979-08-01,14427.400000000007
NN3-096,1979-09-01,836.3199999999999
NN3-096,1979-10-01,4254.582011470515
NN3-096,1979-11-01,836.3199999999999
NN3-096,1979-12-01,9559.676828542164
NN3-096,1980-01-01,836.3199999999999
NN3-096,1980-02-01,836.3199999999999
NN3-096,1980-03-01,14427.400000000007
NN3-096,1980-04-01,836.3199999999999
NN3-096,1980-05-01,12286.457668545985
NN3-096,1980-06-01,836.3199999999999
NN3-096,1980-07-01,14427.400000000007
NN3-096,1980-08-01,836.3199999999999
NN3-096,1980-09-01,7609.8319412225555
NN3-096,1980-10-01,14427.400000000007
NN3-096,1980-11-01,14427.400000000007
NN3-096,1980-12-01,14427.400000000007
NN3-096,1981-01-01,4417.165391928642
NN3-096,1981-02-01,836.3199999999999
NN3-096,1981-03-01,14427.400000000007
NN3-096,1981-04-01,14427.400000000007
NN3-096,1981-05-01,836.3199999999999
NN3-096,1981-06-01,14427.400000000007
NN3-096,1981-07-01,14427.400000000007
NN3-096,1981-08-01,14427.400000000007
NN3-096,1981-09-01,14427.400000000007
NN3-096,1981-10-01,836.3199999999999
NN3-096,1981-11-01,14427.400000000007
NN3-096,1981-12-01,836.3199999999999
NN3-096,1982-01-01,836.3199999999999
NN3-096,1982-02-01,14427.400000000007
NN3-096,1982-03-01,836.3199999999999
NN3-096,1982-04-01,3766.945890121544
NN3-096,1982-05-01,836.3199999999999
NN3-096,1982-06-01,836.3199999999999
NN3-096,1982-07-01,8950.984925210709
NN3-096,1982-08-01,14427.400000000007
NN3-096,1982-09-01,836.3199999999999
NN3-096,1982-10-01,14427.400000000007
NN3-096,1982-11-01,14427.400000000007
NN3-096,1982-12-01,836.3199999999999
NN3-096,1983-01-01,14427.400000000007
NN3-096,1983-02-01,14427.400000000007
NN3-096,1983-03-01,836.3199999999999
NN3-096,1983-04-01,6585.264466131767
NN3-096,1983-05-01,14427.400000000007
NN3-096,1983-06-01,836.3199999999999
NN3-096,1983-07-01,14427.400000000007
NN3-096,1983-08-01,14427.400000000007
NN3-096,1983-09-01,836.3199999999999
NN3-096,1983-10-01,836.3199999999999
NN3-096,1983-11-01,836.3199999999999
NN3-096,1983-12-01,4708.321893528594
NN3-096,1984-01-01,836.3199999999999
NN3-096,1984-02-01,836.3199999999999
NN3-096,1984-03-01,836.3199999999999
NN3-096,1984-04-01,14427.400000000007
NN3-096,1984-05-01,14427.400000000007
NN3-096,1984-06-01,14427.400000000007
NN3-096,1984-07-01,14427.400000000007
NN3-096,1984-08-01,836.3199999999999
NN3-096,1984-09-01,14427.400000000007
NN3-096,1984-10-01,7931.704340734772
NN3-096,1984-11-01,836.3199999999999
NN3-096,1984-12-01,7882.8429093924915
NN3-096,1985-01-01,14427.400000000007
NN3-096,1985-02-01,836.3199999999999
NN3-096,1985-03-01,14427.400000000007
NN3-096,1985-04-01,14427.400000000007
NN3-096,1985-05-01,14427.400000000007
NN3-096,1985-06-01,14427.400000000007
NN3-096,1985-07-01,836.3199999999999
NN3-096,1985-08-01,836.3199999999999
NN3-096,1985-09-01,836.3199999999999
NN3-096,1985-10-01,836.3199999999999
NN3-096,1985-11-01,14427.400000000007
NN3-096,1985-12-01,14427.400000000007
NN3-096,1986-01-01,836.3199999999999
NN3-096,1986-02-01,14427.400000000007
NN3-096,1986-03-01,3935.399898237071
NN3-096,1986-04-01,14427.400000000007
NN3-096,1986-05-01,14427.400000000007
NN3-096,1986-06-01,836.3199999999999
NN3-096,1986-07-01,836.3199999999999
NN3-096,1986-08-01,836.3199999999999
NN3-096,1986-09-01,836.3199999999999
NN3-096,1986-10-01,836.3199999999999
NN3-096,1986-11-01,836.3199999999999
NN3-096,1986-12-01,14427.400000000007
NN3-096,1987-01-01,1904.9806035970869
NN3-096,1987-02-01,14139.790864519247
NN3-096,1987-03-01,14053.859624354396
NN3-096,1987-04-01,836.3199999999999
NN3-096,1987-05-01,14427.400000000007
NN3-096,1987-06-01,9539.16192838057
NN3-097,1978-01-01,14427.400000000007
NN3-097,1978-02-01,14427.400000000007
NN3-097,1978-03-01,836.3199999999999
NN3-097,1978-04-01,836.3199999999999
NN3-097,1978-05-01,836.3199999999999
NN3-097,1978-06-01,836.3199999999999
NN3-097,1978-07-01,836.3199999999999
NN3-097,1978-08-01,14427.400000000007
NN3-097,1978-09-01,836.3199999999999
NN3-097,1978-10-01,836.3199999999999
NN3-097,1978-11-01,1262.1952213132454
NN3-097,1978-12-01,836.3199999999999
NN3-097,1979-01-01,836.3199999999999
NN3-097,1979-02-01,836.3199999999999
NN3-097,1979-03-01,836.3199999999999
NN3-097,1979-04-01,836.3199999999999
NN3-097,1979-05-01,836.3199999999999
NN3-097,1979-06-01,836.3199999999999
NN3-097,1979-07-01,836.3199999999999
NN3-097,1979-08-01,836.3199999999999
NN3-097,1979-09-01,836.3199999999999
NN3-097,1979-10-01,14427.400000000007
NN3-097,1979-11-01,14427.400000000007
NN3-097,1979-12-01,836.3199999999999
NN3-097,1980-01-01,14427.400000000007
NN3-097,1980-02-01,14427.400000000007
NN3-097,1980-03-01,14427.400000000007
NN3-097,1980-04-01,14427.400000000007
NN3-097,1980-05-01,14427.400000000007
NN3-097,1980-06-01,836.3199999999999
NN3-097,1980-07-01,14427.400000000007
NN3-097,1980-08-01,14427.400000000007
NN3-097,1980-09-01,836.3199999999999
NN3-097,1980-10-01,14427.400000000007
NN3-097,1980-11-01,836.3199999999999
NN3-097,1980-12-01,14427.400000000007
NN3-097,1981-01-01,6952.768085991781
NN3-097,1981-02-01,836.3199999999999
NN3-097,1981-03-01,14427.400000000007
NN3-097,1981-04-01,836.3199999999999
NN3-097,1981-05-01,14427.400000000007
NN3-097,1981-06-01,14427.400000000007
NN3-097,1981-07-01,836.3199999999999
NN3-097,1981-08-01,9008.003454819314
NN3-097,1981-09-01,14427.400000000007
NN3-097,1981-10-01,14427.400000000007
NN3-097,1981-11-01,836.3199999999999
NN3-097,1981-12-01,4173.974946481106
NN3-097,1982-01-01,14427.400000000007
NN3-097,1982-02-01,836.3199999999999
NN3-097,1982-03-01,8602.429082423303
NN3-097,1982-04-01,836.3199999999999
NN3-097,1982-05-01,836.3199999999999
NN3-097,1982-06-01,836.3199999999999
NN3-097,1982-07-01,836.3199999999999
NN3-097,1982-08-01,836.3199999999999
NN3-097,1982-09-01,14427.400000000007
NN3-097,1982-10-01,836.3199999999999
NN3-097,1982-11-01,14427.400000000007
NN3-097,1982-12-01,6313.553455842903
NN3-097,1983-01-01,836.3199999999999
NN3-097,1983-02-01,14427.400000000007
NN3-097,1983-03-01,836.3199999999999
NN3-097,1983-04-01,14427.400000000007
NN3-097,1983-05-01,14427.400000000007
NN3-097,1983-06-01,14427.400000000007
NN3-097,1983-07-01,14427.400000000007
NN3-097,1983-08-01,836.3199999999999
NN3-097,1983-09-01,14427.400000000007
NN3-097,1983-10-01,14427.400000000007
NN3-097,1983-11-01,14427.400000000007
NN3-097,1983-12-01,14427.400000000007
NN3-097,1984-01-01,14427.400000000007
NN3-097,1984-02-01,836.3199999999999
NN3-097,1984-03-01,836.3199999999999
NN3-097,1984-04-01,836.3199999999999
NN3-097,1984-05-01,836.3199999999999
NN3-097,1984-06-01,14427.400000000007
NN3-097,1984-07-01,836.3199999999999
NN3-097,1984-08-01,836.3199999999999
NN3-097,1984-09-01,14427.400000000007
NN3-097,1984-10-01,836.3199999999999
NN3-097,1984-11-01,836.3199999999999
NN3-097,1984-12-01,14427.400000000007
NN3-097,1985-01-01,836.3199999999999
NN3-097,1985-02-01,10304.869601854549
NN3-097,1985-03-01,4782.22553705516
NN3-097,1985-04-01,836.3199999999999
NN3-097,1985-05-01,1162.672987410133
NN3-097,1985-06-01,836.3199999999999
NN3-097,1985-07-01,14427.400000000007
NN3-097,1985-08-01,836.3199999999999
NN3-097,1985-09-01,14427.400000000007
NN3-097,1985-10-01,14427.400000000007
NN3-097,1985-11-01,836.3199999999999
NN3-097,1985-12-01,2018.3510595617972
NN3-097,1986-01-01,11535.811331646973
NN3-097,1986-02-01,14427.400000000007
NN3-097,1986-03-01,14427.400000000007
NN3-097,1986-04-01,14427.400000000007
NN3-097,1986-05-01,836.3199999999999
NN3-097,1986-06-01,14427.400000000007
NN3-097,1986-07-01,836.3199999999999
NN3-097,1986-08-01,836.3199999999999
NN3-097,1986-09-01,836.3199999999999
NN3-097,1986-10-01,836.3199999999999
NN3-097,1986-11-01,14427.400000000007
NN3-097,1986-12-01,14427.400000000007
NN3-097,1987-01-01,14427.400000000007
NN3-097,1987-02-01,836.3199999999999
NN3-097,1987-03-01,14427.400000000007
NN3-097,1987-04-01,836.3199999999999
NN3-097,1987-05-01,14427.400000000007
NN3-097,1987-06-01,836.3199999999999
NN3-098,1978-01-01,836.3199999999999
NN3-098,1978-02-01,836.3199999999999
NN3-098,1978-03-01,836.3199999999999
NN3-098,1978-04-01,14427.400000000007
NN3-098,1978-05-01,14427.400000000007
NN3-098,1978-06-01,14427.400000000007
NN3-098,1978-07-01,14427.400000000007
NN3-098,1978-08-01,14427.400000000007
NN3-098,1978-09-01,2058.5553091445777
NN3-098,1978-10-01,14427.400000000007
NN3-098,1978-11-01,14427.400000000007
NN3-098,1978-12-01,7437.184652515284
NN3-098,1979-01-01,836.3199999999999
NN3-098,1979-02-01,14427.400000000007
NN3-098,1979-03-01,14427.400000000007
NN3-098,1979-04-01,836.3199999999999
NN3-098,1979-05-01,836.3199999999999
NN3-098,1979-06-01,14427.400000000007
NN3-098,1979-07-01,836.3199999999999
NN3-098,1979-08-01,836.3199999999999
NN3-098,1979-09-01,14427.400000000007
NN3-098,1979-10-01,836.3199999999999
NN3-098,1979-11-01,14427.400000000007
NN3-098,1979-12-01,836.3199999999999
NN3-098,1980-01-01,836.3199999999999
NN3-098,1980-02-01,836.3199999999999
NN3-098,1980-03-01,14427.400000000007
NN3-098,1980-04-01,836.3199999999999
NN3-098,1980-05-01,836.3199999999999
NN3-098,1980-06-01,14427.400000000007
NN3-098,1980-07-01,14427.400000000007
NN3-098,1980-08-01,836.3199999999999
NN3-098,1980-09-01,836.3199999999999
NN3-098,1980-10-01,10717.0995603934
NN3-098,1980-11-01,1445.6384718092545
NN3-098,1980-12-01,11045.855572362841
NN3-098,1981-01-01,836.3199999999999
NN3-098,1981-02-01,836.3199999999999
NN3-098,1981-03-01,836.3199999999999
NN3-098,1981-04-01,836.3199999999999
NN3-098,1981-05-01,14427.400000000007
NN3-098,1981-06-01,14427.400000000007
NN3-098,1981-07-01,14427.400000000007
NN3-098,1981-08-01,2478.975527288216
NN3-098,1981-09-01,14427.400000000007
NN3-098,1981-10-01,836.3199999999999
NN3-098,1981-11-01,14427.400000000007
NN3-098,1981-12-01,14427.400000000007
NN3-098,1982-01-01,14427.400000000007
NN3-098,1982-02-01,14427.400000000007
NN3-098,1982-03-01,14427.400000000007
NN3-098,1982-04-01,14427.400000000007
NN3-098,1982-05-01,14427.400000000007
NN3-098,1982-06-01,836.3199999999999
NN3-098,1982-07-01,7262.9110698059985
NN3-098,1982-08-01,2407.769919992801
NN3-098,1982-09-01,836.3199999999999
NN3-098,1982-10-01,836.3199999999999
NN3-098,1982-11-01,14427.400000000007
NN3-098,1982-12-01,14427.400000000007
NN3-098,1983-01-01,836.3199999999999
NN3-098,1983-02-01,836.3199999999999
NN3-098,1983-03-01,836.3199999999999
NN3-098,1983-04-01,836.3199999999999
NN3-098,1983-05-01,14427.400000000007
NN3-098,1983-06-01,836.3199999999999
NN3-098,1983-07-01,836.3199999999999
NN3-098,1983-08-01,836.3199999999999
NN3-098,1983-09-01,836.3199999999999
NN3-098,1983-10-01,836.3199999999999
NN3-098,1983-11-01,14427.400000000007
NN3-098,1983-12-01,14427.400000000007
NN3-098,1984-01-01,14427.400000000007
NN3-098,1984-02-01,1827.4693599793845
NN3-098,1984-03-01,14427.400000000007
NN3-098,1984-04-01,836.3199999999999
NN3-098,1984-05-01,836.3199999999999
NN3-098,1984-06-01,836.3199999999999
NN3-098,1984-07-01,14427.400000000007
NN3-098,1984-08-01,2278.1480516225997
NN3-098,1984-09-01,14427.400000000007
NN3-098,1984-10-01,836.3199999999999
NN3-098,1984-11-01,14427.400000000007
NN3-098,1984-12-01,14427.400000000007
NN3-098,1985-01-01,14427.400000000007
NN3-098,1985-02-01,836.3199999999999
NN3-098,1985-03-01,14427.400000000007
NN3-098,1985-04-01,836.3199999999999
NN3-098,1985-05-01,12810.89652641071
NN3-098,1985-06-01,836.3199999999999
NN3-098,1985-07-01,836.3199999999999
NN3-098,1985-08-01,14427.400000000007
NN3-098,1985-09-01,12813.761667324421
NN3-098,1985-10-01,14427.400000000007
NN3-098,1985-11-01,14427.400000000007
NN3-098,1985-12-01,836.3199999999999
NN3-098,1986-01-01,836.3199999999999
NN3-098,1986-02-01,836.3199999999999
NN3-098,1986-03-01,14427.400000000007
NN3-098,1986-04-01,836.3199999999999
NN3-098,1986-05-01,14427.400000000007
NN3-098,1986-06-01,14427.400000000007
NN3-098,1986-07-01,836.3199999999999
NN3-098,1986-08-01,836.3199999999999
NN3-098,1986-09-01,14427.400000000007
NN3-098,1986-10-01,10563.916562561331
NN3-098,1986-11-01,14427.400000000007
NN3-098,1986-12-01,836.3199999999999
NN3-098,1987-01-01,836.3199999999999
NN3-098,1987-02-01,836.3199999999999
NN3-098,1987-03-01,14427.400000000007
NN3-098,1987-04-01,836.3199999999999
NN3-098,1987-05-01,14427.400000000007
NN3-098,1987-06-01,836.3199999999999
NN3-099,1983-01-01,836.3199999999999
NN3-099,1983-02-01,836.3199999999999
NN3-099,1983-03-01,836.3199999999999
NN3-099,1983-04-01,836.3199999999999
NN3-099,1983-05-01,836.3199999999999
NN3-099,1983-06-01,836.3199999999999
NN3-099,1983-07-01,14427.400000000007
NN3-099,1983-08-01,14427.400000000007
NN3-099,1983-09-01,836.3199999999999
NN3-099,1983-10-01,1792.39335130057
NN3-099,1983-11-01,836.3199999999999
NN3-099,1983-12-01,836.3199999999999
NN3-099,1984-01-01,1579.0261588131207
NN3-099,1984-02-01,14427.400000000007
NN3-099,1984-03-01,836.3199999999999
NN3-099,1984-04-01,12059.848376047765
NN3-099,1984-05-01,836.3199999999999
NN3-099,1984-06-01,836.3199999999999
NN3-099,1984-07-01,836.3199999999999
NN3-099,1984-08-01,836.3199999999999
NN3-099,1984-09-01,14427.400000000007
NN3-099,1984-10-01,836.3199999999999
NN3-099,1984-11-01,6022.636504276553
NN3-099,1984-12-01,14427.400000000007
NN3-099,1985-01-01,14427.400000000007
NN3-099,1985-02-01,11508.58314361023
NN3-099,1985-03-01,14427.400000000007
NN3-099,1985-04-01,14427.400000000007
NN3-099,1985-05-01,14427.400000000007
NN3-099,1985-06-01,14427.400000000007
NN3-099,1985-07-01,2115.7623494576915
NN3-099,1985-08-01,836.3199999999999
NN3-099,1985-09-01,9207.311252999065
NN3-099,1985-10-01,836.3199999999999
NN3-099,1985-11-01,836.3199999999999
NN3-099,1985-12-01,836.3199999999999
NN3-099,1986-01-01,836.3199999999999
NN3-099,1986-02-01,836.3199999999999
NN3-099,1986-03-01,836.3199999999999
NN3-099,1986-04-01,836.3199999999999
NN3-099,1986-05-01,14427.400000000007
NN3-099,1986-06-01,836.3199999999999
NN3-099,1986-07-01,14427.400000000007
NN3-099,1986-08-01,836.3199999999999
NN3-099,1986-09-01,14427.400000000007
NN3-099,1986-10-01,836.3199999999999
NN3-099,1986-11-01,836.3199999999999
NN3-099,1986-12-01,14427.400000000007
NN3-099,1987-01-01,836.3199999999999
NN3-099,1987-02-01,14427.400000000007
NN3-099,1987-03-01,5652.763444723837
NN3-099,1987-04-01,14427.400000000007
NN3-099,1987-05-01,14427.400000000007
NN3-099,1987-06-01,836.3199999999999
NN3-099,1987-07-01,14427.400000000007
NN3-099,1987-08-01,14427.400000000007
NN3-099,1987-09-01,836.3199999999999
NN3-099,1987-10-01,14427.400000000007
NN3-099,1987-11-01,836.3199999999999
NN3-099,1987-12-01,14427.400000000007
NN3-099,1988-01-01,14427.400000000007
NN3-099,1988-02-01,14427.400000000007
NN3-099,1988-03-01,836.3199999999999
NN3-099,1988-04-01,14427.400000000007
NN3-099,1988-05-01,9341.963458779472
NN3-099,1988-06-01,14427.400000000007
NN3-099,1988-07-01,836.3199999999999
NN3-099,1988-08-01,836.3199999999999
NN3-099,1988-09-01,14427.400000000007
NN3-099,1988-10-01,836.3199999999999
NN3-099,1988-11-01,836.3199999999999
NN3-099,1988-12-01,9611.963497421084
NN3-099,1989-01-01,14427.400000000007
NN3-099,1989-02-01,836.3199999999999
NN3-099,1989-03-01,13855.504403147532
NN3-099,1989-04-01,14427.400000000007
NN3-099,1989-05-01,8263.678690085366
NN3-099,1989-06-01,836.3199999999999
NN3-099,1989-07-01,836.3199999999999
NN3-099,1989-08-01,13933.693630489734
NN3-099,1989-09-01,14427.400000000007
NN3-099,1989-10-01,14427.400000000007
NN3-099,1989-11-01,14427.400000000007
NN3-099,1989-12-01,836.3199999999999
NN3-099,1990-01-01,14427.400000000007
NN3-099,1990-02-01,14427.400000000007
NN3-099,1990-03-01,14427.400000000007
NN3-099,1990-04-01,14427.400000000007
NN3-099,1990-05-01,14427.400000000007
NN3-099,1990-06-01,14427.400000000007
NN3-099,1990-07-01,14427.400000000007
NN3-099,1990-08-01,836.3199999999999
NN3-099,1990-09-01,10444.157575168574
NN3-099,1990-10-01,14427.400000000007
NN3-099,1990-11-01,836.3199999999999
NN3-099,1990-12-01,836.3199999999999
NN3-099,1991-01-01,14427.400000000007
NN3-099,1991-02-01,14427.400000000007
NN3-099,1991-03-01,14427.400000000007
NN3-099,1991-04-01,14427.400000000007
NN3-099,1991-05-01,14427.400000000007
NN3-099,1991-06-01,14427.400000000007
NN3-099,1991-07-01,836.3199999999999
NN3-100,1983-01-01,14427.400000000007
NN3-100,1983-02-01,14427.400000000007
NN3-100,1983-03-01,14427.400000000007
NN3-100,1983-04-01,836.3199999999999
NN3-100,1983-05-01,14427.400000000007
NN3-100,1983-06-01,14427.400000000007
NN3-100,1983-07-01,14427.400000000007
NN3-100,1983-08-01,14427.400000000007
NN3-100,1983-09-01,14427.400000000007
NN3-100,1983-10-01,14427.400000000007
NN3-100,1983-11-01,14427.400000000007
NN3-100,1983-12-01,836.3199999999999
NN3-100,1984-01-01,836.3199999999999
NN3-100,1984-02-01,14427.400000000007
NN3-100,1984-03-01,836.3199999999999
NN3-100,1984-04-01,14427.400000000007
NN3-100,1984-05-01,836.3199999999999
NN3-100,1984-06-01,836.3199999999999
NN3-100,1984-07-01,14427.400000000007
NN3-100,1984-08-01,14427.400000000007
NN3-100,1984-09-01,836.3199999999999
NN3-100,1984-10-01,1087.4776179687465
NN3-100,1984-11-01,14427.400000000007
NN3-100,1984-12-01,836.3199999999999
NN3-100,1985-01-01,836.3199999999999
NN3-100,1985-02-01,836.3199999999999
NN3-100,1985-03-01,14427.400000000007
NN3-100,1985-04-01,836.3199999999999
NN3-100,1985-05-01,836.3199999999999
NN3-100,1985-06-01,836.3199999999999
NN3-100,1985-07-01,14427.400000000007
NN3-100,1985-08-01,836.3199999999999
NN3-100,1985-09-01,14427.400000000007
NN3-100,1985-10-01,14427.400000000007
NN3-100,1985-11-01,14427.400000000007
NN3-100,1985-12-01,14427.400000000007
NN3-100,1986-01-01,8997.347431242048
NN3-100,1986-02-01,14427.400000000007
NN3-100,1986-03-01,14427.400000000007
NN3-100,1986-04-01,14427.400000000007
NN3-100,1986-05-01,7051.7849013317855
NN3-100,1986-06-01,836.3199999999999
NN3-100,1986-07-01,14427.400000000007
NN3-100,1986-08-01,14427.400000000007
NN3-100,1986-09-01,14427.400000000007
NN3-100,1986-10-01,14427.400000000007
NN3-100,1986-11-01,836.3199999999999
NN3-100,1986-12-01,836.3199999999999
NN3-100,1987-01-01,836.3199999999999
NN3-100,1987-02-01,14427.400000000007
NN3-100,1987-03-01,14427.400000000007
NN3-100,1987-04-01,14427.400000000007
NN3-100,1987-05-01,836.3199999999999
NN3-100,1987-06-01,836.3199999999999
NN3-100,1987-07-01,836.3199999999999
NN3-100,1987-08-01,14427.400000000007
NN3-100,1987-09-01,836.3199999999999
NN3-100,1987-10-01,836.3199999999999
NN3-100,1987-11-01,14427.400000000007
NN3-100,1987-12-01,836.3199999999999
NN3-100,1988-01-01,836.3199999999999
NN3-100,1988-02-01,836.3199999999999
NN3-100,1988-03-01,836.3199999999999
NN3-100,1988-04-01,836.3199999999999
NN3-100,1988-05-01,836.3199999999999
NN3-100,1988-06-01,836.3199999999999
NN3-100,1988-07-01,836.3199999999999
NN3-100,1988-08-01,14427.400000000007
NN3-100,1988-09-01,836.3199999999999
NN3-100,1988-10-01,836.3199999999999
NN3-100,1988-11-01,14427.400000000007
NN3-100,1988-12-01,836.3199999999999
NN3-100,1989-01-01,836.3199999999999
NN3-100,1989-02-01,14427.400000000007
NN3-100,1989-03-01,14427.400000000007
NN3-100,1989-04-01,14427.400000000007
NN3-100,1989-05-01,14427.400000000007
NN3-100,1989-06-01,14427.400000000007
NN3-100,1989-07-01,836.3199999999999
NN3-100,1989-08-01,3011.9748190286296
NN3-100,1989-09-01,836.3199999999999
NN3-100,1989-10-01,14427.400000000007
NN3-100,1989-11-01,14427.400000000007
NN3-100,1989-12-01,836.3199999999999
NN3-100,1990-01-01,14427.400000000007
NN3-100,1990-02-01,836.3199999999999
NN3-100,1990-03-01,836.3199999999999
NN3-100,1990-04-01,836.3199999999999
NN3-100,1990-05-01,8264.470211605098
NN3-100,1990-06-01,14427.400000000007
NN3-100,1990-07-01,836.3199999999999
NN3-100,1990-08-01,836.3199999999999
NN3-100,1990-09-01,836.3199999999999
NN3-100,1990-10-01,836.3199999999999
NN3-100,1990-11-01,836.3199999999999
NN3-100,1990-12-01,836.3199999999999
NN3-100,1991-01-01,14427.400000000007
NN3-100,1991-02-01,836.3199999999999
NN3-100,1991-03-01,6844.347832696206
NN3-100,1991-04-01,836.3199999999999
NN3-100,1991-05-01,14427.400000000007
NN3-100,1991-06-01,14427.400000000007
NN3-100,1991-07-01,14427.400000000007
NN3-100,1991-08-01,836.3199999999999
NN3_101,1982-01-01,10624.836919093199
NN3_101,1982-02-01,836.3199999999999
NN3_101,1982-03-01,6401.906754798318
NN3_101,1982-04-01,836.3199999999999
NN3_101,1982-05-01,836.3199999999999
NN3_101,1982-06-01,14427.400000000007
NN3_101,1982-07-01,836.3199999999999
NN3_101,1982-08-01,14427.400000000007
NN3_101,1982-09-01,836.3199999999999
NN3_101,1982-10-01,14427.400000000007
NN3_101,1982-11-01,836.3199999999999
NN3_101,1982-12-01,836.3199999999999
NN3_101,1983-01-01,836.3199999999999
NN3_101,1983-02-01,836.3199999999999
NN3_101,1983-03-01,14427.400000000007
NN3_101,1983-04-01,14427.400000000007
NN3_101,1983-05-01,836.3199999999999
NN3_101,1983-06-01,14427.400000000007
NN3_101,1983-07-01,836.3199999999999
NN3_101,1983-08-01,836.3199999999999
NN3_101,1983-09-01,14427.400000000007
NN3_101,1983-10-01,836.3199999999999
NN3_101,1983-11-01,836.3199999999999
NN3_101,1983-12-01,836.3199999999999
NN3_101,1984-01-01,14427.400000000007
NN3_101,1984-02-01,14427.400000000007
NN3_101,1984-03-01,836.3199999999999
NN3_101,1984-04-01,14427.400000000007
NN3_101,1984-05-01,14427.400000000007
NN3_101,1984-06-01,14427.400000000007
NN3_101,1984-07-01,14427.400000000007
NN3_101,1984-08-01,836.3199999999999
NN3_101,1984-09-01,14427.400000000007
NN3_101,1984-10-01,836.3199999999999
NN3_101,1984-11-01,836.3199999999999
NN3_101,1984-12-01,836.3199999999999
NN3_101,1985-01-01,836.3199999999999
NN3_101,1985-02-01,836.3199999999999
NN3_101,1985-03-01,836.3199999999999
NN3_101,1985-04-01,14427.400000000007
NN3_101,1985-05-01,836.3199999999999
NN3_101,1985-06-01,14427.400000000007
NN3_101,1985-07-01,836.3199999999999
NN3_101,1985-08-01,836.3199999999999
NN3_101,1985-09-01,9816.951900122283
NN3_101,1985-10-01,836.3199999999999
NN3_101,1985-11-01,14427.400000000007
NN3_101,1985-12-01,14427.400000000007
NN3_101,1986-01-01,11335.617606535787
NN3_101,1986-02-01,836.3199999999999
NN3_101,1986-03-01,14427.400000000007
NN3_101,1986-04-01,836.3199999999999
NN3_101,1986-05-01,836.3199999999999
NN3_101,1986-06-01,836.3199999999999
NN3_101,1986-07-01,14427.400000000007
NN3_101,1986-08-01,14427.400000000007
NN3_101,1986-09-01,14427.400000000007
NN3_101,1986-10-01,836.3199999999999
NN3_101,1986-11-01,4293.202693419473
NN3_101,1986-12-01,13349.386800883825
NN3_101,1987-01-01,836.3199999999999
NN3_101,1987-02-01,836.3199999999999
NN3_101,1987-03-01,14427.400000000007
NN3_101,1987-04-01,14427.400000000007
NN3_101,1987-05-01,836.3199999999999
NN3_101,1987-06-01,836.3199999999999
NN3_101,1987-07-01,14427.400000000007
NN3_101,1987-08-01,14427.400000000007
NN3_101,1987-09-01,836.3199999999999
NN3_101,1987-10-01,14427.400000000007
NN3_101,1987-11-01,836.3199999999999
NN3_101,1987-12-01,14427.400000000007
NN3_101,1988-01-01,836.3199999999999
NN3_101,1988-02-01,836.3199999999999
NN3_101,1988-03-01,14427.400000000007
NN3_101,1988-04-01,14092.113010967274
NN3_101,1988-05-01,14427.400000000007
NN3_101,1988-06-01,836.3199999999999
NN3_101,1988-07-01,836.3199999999999
NN3_101,1988-08-01,836.3199999999999
NN3_101,1988-09-01,14427.400000000007
NN3_101,1988-10-01,836.3199999999999
NN3_101,1988-11-01,836.3199999999999
NN3_101,1988-12-01,3862.6333676200006
NN3_101,1989-01-01,836.3199999999999
NN3_101,1989-02-01,836.3199999999999
NN3_101,1989-03-01,836.3199999999999
NN3_101,1989-04-01,836.3199999999999
NN3_101,1989-05-01,836.3199999999999
NN3_101,1989-06-01,836.3199999999999
NN3_101,1989-07-01,836.3199999999999
NN3_101,1989-08-01,14427.400000000007
NN3_101,1989-09-01,836.3199999999999
NN3_101,1989-10-01,14427.400000000007
NN3_101,1989-11-01,836.3199999999999
NN3_101,1989-12-01,836.3199999999999
NN3_101,1990-01-01,14427.400000000007
NN3_101,1990-02-01,836.3199999999999
NN3_101,1990-03-01,8360.313112497583
NN3_101,1990-04-01,836.3199999999999
NN3_101,1990-05-01,836.3199999999999
NN3_101,1990-06-01,836.3199999999999
NN3_101,1990-07-01,11613.891951578744
NN3_101,1990-08-01,836.3199999999999
NN3_101,1990-09-01,14427.400000000007
NN3_101,1990-10-01,14427.400000000007
NN3_101,1990-11-01,836.3199999999999
NN3_101,1990-12-01,14427.400000000007
NN3_101,1991-01-01,14427.400000000007
NN3_101,1991-02-01,836.3199999999999
NN3_101,1991-03-01,9619.067727506605
NN3_101,1991-04-01,14427.400000000007
NN3_101,1991-05-01,14427.400000000007
NN3_101,1991-06-01,836.3199999999999
NN3_102,1979-01-01,14427.400000000007
NN3_102,1979-02-01,836.3199999999999
NN3_102,1979-03-01,14427.400000000007
NN3_102,1979-04-01,836.3199999999999
NN3_102,1979-05-01,14427.400000000007
NN3_102,1979-06-01,836.3199999999999
NN3_102,1979-07-01,836.3199999999999
NN3_102,1979-08-01,14427.400000000007
NN3_102,1979-09-01,14427.400000000007
NN3_102,1979-10-01,836.3199999999999
NN3_102,1979-11-01,836.3199999999999
NN3_102,1979-12-01,6930.803144129244
NN3_102,1980-01-01,836.3199999999999
NN3_102,1980-02-01,1076.4011303558477
NN3_102,1980-03-01,14427.400000000007
NN3_102,1980-04-01,7652.2015076120015
NN3_102,1980-05-01,14427.400000000007
NN3_102,1980-06-01,14427.400000000007
NN3_102,1980-07-01,14427.400000000007
NN3_102,1980-08-01,836.3199999999999
NN3_102,1980-09-01,836.3199999999999
NN3_102,1980-10-01,8965.727964265938
NN3_102,1980-11-01,12404.412039630965
NN3_102,1980-12-01,836.3199999999999
NN3_102,1981-01-01,836.3199999999999
NN3_102,1981-02-01,14427.400000000007
NN3_102,1981-03-01,836.3199999999999
NN3_102,1981-04-01,14427.400000000007
NN3_102,1981-05-01,836.3199999999999
NN3_102,1981-06-01,836.3199999999999
NN3_102,1981-07-01,14427.400000000007
NN3_102,1981-08-01,14427.400000000007
NN3_102,1981-09-01,14427.400000000007
NN3_102,1981-10-01,14427.400000000007
NN3_102,1981-11-01,14427.400000000007
NN3_102,1981-12-01,14427.400000000007
NN3_102,1982-01-01,836.3199999999999
NN3_102,1982-02-01,9669.34284798211
NN3_102,1982-03-01,10459.960690848817
NN3_102,1982-04-01,836.3199999999999
NN3_102,1982-05-01,14427.400000000007
NN3_102,1982-06-01,836.3199999999999
NN3_102,1982-07-01,14427.400000000007
NN3_102,1982-08-01,14427.400000000007
NN3_102,1982-09-01,14427.400000000007
NN3_102,1982-10-01,14427.400000000007
NN3_102,1982-11-01,836.3199999999999
NN3_102,1982-12-01,1181.2685637055465
NN3_102,1983-01-01,836.3199999999999
NN3_102,1983-02-01,836.3199999999999
NN3_102,1983-03-01,14427.400000000007
NN3_102,1983-04-01,14427.400000000007
NN3_102,1983-05-01,14427.400000000007
NN3_102,1983-06-01,836.3199999999999
NN3_102,1983-07-01,14427.400000000007
NN3_102,1983-08-01,4098.721759647814
NN3_102,1983-09-01,5587.7500475681045
NN3_102,1983-10-01,836.3199999999999
NN3_102,1983-11-01,6669.7626714743465
NN3_102,1983-12-01,836.3199999999999
NN3_102,1984-01-01,836.3199999999999
NN3_102,1984-02-01,14427.400000000007
NN3_102,1984-03-01,14427.400000000007
NN3_102,1984-04-01,14427.400000000007
NN3_102,1984-05-01,836.3199999999999
NN3_102,1984-06-01,14427.400000000007
NN3_102,1984-07-01,836.3199999999999
NN3_102,1984-08-01,836.3199999999999
NN3_102,1984-09-01,14427.400000000007
NN3_102,1984-10-01,836.3199999999999
NN3_102,1984-11-01,14427.400000000007
NN3_102,1984-12-01,836.3199999999999
NN3_102,1985-01-01,14427.400000000007
NN3_102,1985-02-01,14427.400000000007
NN3_102,1985-03-01,14427.400000000007
NN3_102,1985-04-01,836.3199999999999
NN3_102,1985-05-01,14427.400000000007
NN3_102,1985-06-01,836.3199999999999
NN3_102,1985-07-01,14427.400000000007
NN3_102,1985-08-01,14427.400000000007
NN3_102,1985-09-01,836.3199999999999
NN3_102,1985-10-01,836.3199999999999
NN3_102,1985-11-01,8381.425452738757
NN3_102,1985-12-01,14427.400000000007
NN3_102,1986-01-01,14427.400000000007
NN3_102,1986-02-01,14427.400000000007
NN3_102,1986-03-01,14427.400000000007
NN3_102,1986-04-01,836.3199999999999
NN3_102,1986-05-01,836.3199999999999
NN3_102,1986-06-01,2804.0189996269173
NN3_102,1986-07-01,14427.400000000007
NN3_102,1986-08-01,836.3199999999999
NN3_102,1986-09-01,836.3199999999999
NN3_102,1986-10-01,836.3199999999999
NN3_102,1986-11-01,836.3199999999999
NN3_102,1986-12-01,836.3199999999999
NN3_102,1987-01-01,11164.651040021086
NN3_102,1987-02-01,836.3199999999999
NN3_102,1987-03-01,836.3199999999999
NN3_102,1987-04-01,836.3199999999999
NN3_102,1987-05-01,836.3199999999999
NN3_102,1987-06-01,14427.400000000007
NN3_102,1987-07-01,14427.400000000007
NN3_102,1987-08-01,14427.400000000007
NN3_102,1987-09-01,11582.82074125361
NN3_102,1987-10-01,14427.400000000007
NN3_102,1987-11-01,14427.400000000007
NN3_102,1987-12-01,14427.400000000007
NN3_102,1988-01-01,14427.400000000007
NN3_102,1988-02-01,14427.400000000007
NN3_102,1988-03-01,836.3199999999999
NN3_102,1988-04-01,836.3199999999999
NN3_102,1988-05-01,836.3199999999999
NN3_102,1988-06-01,14427.400000000007
NN3_103,1979-01-01,14427.400000000007
NN3_103,1979-02-01,14427.400000000007
NN3_103,1979-03-01,836.3199999999999
NN3_103,1979-04-01,836.3199999999999
NN3_103,1979-05-01,836.3199999999999
NN3_103,1979-06-01,836.3199999999999
NN3_103,1979-07-01,14427.400000000007
NN3_103,1979-08-01,836.3199999999999
NN3_103,1979-09-01,836.3199999999999
NN3_103,1979-10-01,836.3199999999999
NN3_103,1979-11-01,14427.400000000007
NN3_103,1979-12-01,836.3199999999999
NN3_103,1980-01-01,836.3199999999999
NN3_103,1980-02-01,13154.533538056945
NN3_103,1980-03-01,836.3199999999999
NN3_103,1980-04-01,836.3199999999999
NN3_103,1980-05-01,836.3199999999999
NN3_103,1980-06-01,836.3199999999999
NN3_103,1980-07-01,836.3199999999999
NN3_103,1980-08-01,14427.400000000007
NN3_103,1980-09-01,836.3199999999999
NN3_103,1980-10-01,836.3199999999999
NN3_103,1980-11-01,836.3199999999999
NN3_103,1980-12-01,14427.400000000007
NN3_103,1981-01-01,836.3199999999999
NN3_103,1981-02-01,836.3199999999999
NN3_103,1981-03-01,10604.254970935974
NN3_103,1981-04-01,14427.400000000007
NN3_103,1981-05-01,14427.400000000007
NN3_103,1981-06-01,836.3199999999999
NN3_103,1981-07-01,836.3199999999999
NN3_103,1981-08-01,14427.400000000007
NN3_103,1981-09-01,836.3199999999999
NN3_103,1981-10-01,3889.935929647603
NN3_103,1981-11-01,14427.400000000007
NN3_103,1981-12-01,836.3199999999999
NN3_103,1982-01-01,14427.400000000007
NN3_103,1982-02-01,14427.400000000007
NN3_103,1982-03-01,836.3199999999999
NN3_103,1982-04-01,836.3199999999999
NN3_103,1982-05-01,14427.400000000007
NN3_103,1982-06-01,14427.400000000007
NN3_103,1982-07-01,836.3199999999999
NN3_103,1982-08-01,14427.400000000007
NN3_103,1982-09-01,836.3199999999999
NN3_103,1982-10-01,14427.400000000007
NN3_103,1982-11-01,836.3199999999999
NN3_103,1982-12-01,836.3199999999999
NN3_103,1983-01-01,836.3199999999999
NN3_103,1983-02-01,8070.785659588735
NN3_103,1983-03-01,14427.400000000007
NN3_103,1983-04-01,7030.313634000189
NN3_103,1983-05-01,836.3199999999999
NN3_103,1983-06-01,14427.400000000007
NN3_103,1983-07-01,14427.400000000007
NN3_103,1983-08-01,836.3199999999999
NN3_103,1983-09-01,836.3199999999999
NN3_103,1983-10-01,14427.400000000007
NN3_103,1983-11-01,14427.400000000007
NN3_103,1983-12-01,836.3199999999999
NN3_103,1984-01-01,836.3199999999999
NN3_103,1984-02-01,836.3199999999999
NN3_103,1984-03-01,14427.400000000007
NN3_103,1984-04-01,14427.400000000007
NN3_103,1984-05-01,14427.400000000007
NN3_103,1984-06-01,836.3199999999999
NN3_103,1984-07-01,14427.400000000007
NN3_103,1984-08-01,14427.400000000007
NN3_103,1984-09-01,836.3199999999999
NN3_103,1984-10-01,14427.400000000007
NN3_103,1984-11-01,14427.400000000007
NN3_103,1984-12-01,836.3199999999999
NN3_103,1985-01-01,836.3199999999999
NN3_103,1985-02-01,14427.400000000007
NN3_103,1985-03-01,836.3199999999999
NN3_103,1985-04-01,836.3199999999999
NN3_103,1985-05-01,836.3199999999999
NN3_103,1985-06-01,14427.400000000007
NN3_103,1985-07-01,836.3199999999999
NN3_103,1985-08-01,836.3199999999999
NN3_103,1985-09-01,14427.400000000007
NN3_103,1985-10-01,14427.400000000007
NN3_103,1985-11-01,836.3199999999999
NN3_103,1985-12-01,836.3199999999999
NN3_103,1986-01-01,14427.400000000007
NN3_103,1986-02-01,14427.400000000007
NN3_103,1986-03-01,14427.400000000007
NN3_103,1986-04-01,14427.400000000007
NN3_103,1986-05-01,836.3199999999999
NN3_103,1986-06-01,14427.400000000007
NN3_103,1986-07-01,836.3199999999999
NN3_103,1986-08-01,836.3199999999999
NN3_103,1986-09-01,14427.400000000007
NN3_103,1986-10-01,11864.171033217472
NN3_103,1986-11-01,11620.779187733273
NN3_103,1986-12-01,13276.896697682065
NN3_103,1987-01-01,14427.400000000007
NN3_103,1987-02-01,13052.676007097703
NN3_103,1987-03-01,14427.400000000007
NN3_103,1987-04-01,14427.400000000007
NN3_103,1987-05-01,3658.929799760194
NN3_103,1987-06-01,836.3199999999999
NN3_103,1987-07-01,14427.400000000007
NN3_103,1987-08-01,3634.5849734123167
NN3_103,1987-09-01,2066.019957392198
NN3_103,1987-10-01,14427.400000000007
NN3_103,1987-11-01,836.3199999999999
NN3_103,1987-12-01,14427.400000000007
NN3_103,1988-01-01,836.3199999999999
NN3_103,1988-02-01,836.3199999999999
NN3_103,1988-03-01,6055.830437260387
NN3_103,1988-04-01,14427.400000000007
NN3_103,1988-05-01,14427.400000000007
NN3_103,1988-06-01,836.3199999999999
NN3_104,1983-01-01,14427.400000000007
NN3_104,1983-02-01,836.3199999999999
NN3_104,1983-03-01,836.3199999999999
NN3_104,1983-04-01,14427.400000000007
NN3_104,1983-05-01,836.3199999999999
NN3_104,1983-06-01,14427.400000000007
NN3_104,1983-07-01,836.3199999999999
NN3_104,1983-08-01,14427.400000000007
NN3_104,1983-09-01,14427.400000000007
NN3_104,1983-10-01,14427.400000000007
NN3_104,1983-11-01,836.3199999999999
NN3_104,1983-12-01,14427.400000000007
NN3_104,1984-01-01,8428.649696019038
NN3_104,1984-02-01,836.3199999999999
NN3_104,1984-03-01,836.3199999999999
NN3_104,1984-04-01,836.3199999999999
NN3_104,1984-05-01,836.3199999999999
NN3_104,1984-06-01,836.3199999999999
NN3_104,1984-07-01,14427.400000000007
NN3_104,1984-08-01,14427.400000000007
NN3_104,1984-09-01,836.3199999999999
NN3_104,1984-10-01,14427.400000000007
NN3_104,1984-11-01,836.3199999999999
NN3_104,1984-12-01,8286.312627512492
NN3_104,1985-01-01,14427.400000000007
NN3_104,1985-02-01,14427.400000000007
NN3_104,1985-03-01,836.3199999999999
NN3_104,1985-04-01,14427.400000000007
NN3_104,1985-05-01,836.3199999999999
NN3_104,1985-06-01,14427.400000000007
NN3_104,1985-07-01,14427.400000000007
NN3_104,1985-08-01,14427.400000000007
NN3_104,1985-09-01,836.3199999999999
NN3_104,1985-10-01,836.3199999999999
NN3_104,1985-11-01,8618.330740535304
NN3_104,1985-12-01,14427.400000000007
NN3_104,1986-01-01,7584.970945482234
NN3_104,1986-02-01,836.3199999999999
NN3_104,1986-03-01,836.3199999999999
NN3_104,1986-04-01,2608.417891755573
NN3_104,1986-05-01,836.3199999999999
NN3_104,1986-06-01,14427.400000000007
NN3_104,1986-07-01,836.3199999999999
NN3_104,1986-08-01,836.3199999999999
NN3_104,1986-09-01,14427.400000000007
NN3_104,1986-10-01,836.3199999999999
NN3_104,1986-11-01,836.3199999999999
NN3_104,1986-12-01,14427.400000000007
NN3_104,1987-01-01,836.3199999999999
NN3_104,1987-02-01,836.3199999999999
NN3_104,1987-03-01,836.3199999999999
NN3_104,1987-04-01,836.3199999999999
NN3_104,1987-05-01,836.3199999999999
NN3_104,1987-06-01,6284.563853771399
NN3_104,1987-07-01,836.3199999999999
NN3_104,1987-08-01,14427.400000000007
NN3_104,1987-09-01,14427.400000000007
NN3_104,1987-10-01,14427.400000000007
NN3_104,1987-11-01,14427.400000000007
NN3_104,1987-12-01,14427.400000000007
NN3_104,1988-01-01,14427.400000000007
NN3_104,1988-02-01,14427.400000000007
NN3_104,1988-03-01,14427.400000000007
NN3_104,1988-04-01,14427.400000000007
NN3_104,1988-05-01,14427.400000000007
NN3_104,1988-06-01,836.3199999999999
NN3_104,1988-07-01,14427.400000000007
NN3_104,1988-08-01,14427.400000000007
NN3_104,1988-09-01,836.3199999999999
NN3_104,1988-10-01,14427.400000000007
NN3_104,1988-11-01,836.3199999999999
NN3_104,1988-12-01,14427.400000000007
NN3_104,1989-01-01,14427.400000000007
NN3_104,1989-02-01,14427.400000000007
NN3_104,1989-03-01,836.3199999999999
NN3_104,1989-04-01,14427.400000000007
NN3_104,1989-05-01,14427.400000000007
NN3_104,1989-06-01,12970.986779086634
NN3_104,1989-07-01,836.3199999999999
NN3_104,1989-08-01,14427.400000000007
NN3_104,1989-09-01,836.3199999999999
NN3_104,1989-10-01,7146.441222486072
NN3_104,1989-11-01,836.3199999999999
NN3_104,1989-12-01,14427.400000000007
NN3_104,1990-01-01,14427.400000000007
NN3_104,1990-02-01,1546.1466887607507
NN3_104,1990-03-01,14427.400000000007
NN3_104,1990-04-01,836.3199999999999
NN3_104,1990-05-01,836.3199999999999
NN3_104,1990-06-01,14427.400000000007
NN3_104,1990-07-01,14427.400000000007
NN3_104,1990-08-01,14427.400000000007
NN3_104,1990-09-01,13942.644484182409
NN3_104,1990-10-01,836.3199999999999
NN3_104,1990-11-01,836.3199999999999
NN3_104,1990-12-01,836.3199999999999
NN3_104,1991-01-01,836.3199999999999
NN3_104,1991-02-01,14427.400000000007
NN3_104,1991-03-01,2772.4648864658693
NN3_104,1991-04-01,14427.400000000007
NN3_104,1991-05-01,14427.400000000007
NN3_104,1991-06-01,8060.616474970639
NN3_104,1991-07-01,836.3199999999999
NN3_105,1981-01-01,2776.54962794949
NN3_105,1981-02-01,836.3199999999999
NN3_105,1981-03-01,836.3199999999999
NN3_105,1981-04-01,836.3199999999999
NN3_105,1981-05-01,836.3199999999999
NN3_105,1981-06-01,13344.200103326004
NN3_105,1981-07-01,14427.400000000007
NN3_105,1981-08-01,836.3199999999999
NN3_105,1981-09-01,836.3199999999999
NN3_105,1981-10-01,836.3199999999999
NN3_105,1981-11-01,14427.400000000007
NN3_105,1981-12-01,14427.400000000007
NN3_105,1982-01-01,836.3199999999999
NN3_105,1982-02-01,14427.400000000007
NN3_105,1982-03-01,836.3199999999999
NN3_105,1982-04-01,14427.400000000007
NN3_105,1982-05-01,836.3199999999999
NN3_105,1982-06-01,14427.400000000007
NN3_105,1982-07-01,836.3199999999999
NN3_105,1982-08-01,836.3199999999999
NN3_105,1982-09-01,836.3199999999999
NN3_105,1982-10-01,13740.418390924711
NN3_105,1982-11-01,14427.400000000007
NN3_105,1982-12-01,14427.400000000007
NN3_105,1983-01-01,14427.400000000007
NN3_105,1983-02-01,836.3199999999999
NN3_105,1983-03-01,14427.400000000007
NN3_105,1983-04-01,14427.400000000007
NN3_105,1983-05-01,836.3199999999999
NN3_105,1983-06-01,14427.400000000007
NN3_105,1983-07-01,836.3199999999999
NN3_105,1983-08-01,836.3199999999999
NN3_105,1983-09-01,836.3199999999999
NN3_105,1983-10-01,14427.400000000007
NN3_105,1983-11-01,836.3199999999999
NN3_105,1983-12-01,14427.400000000007
NN3_105,1984-01-01,14427.400000000007
NN3_105,1984-02-01,14427.400000000007
NN3_105,1984-03-01,836.3199999999999
NN3_105,1984-04-01,836.3199999999999
NN3_105,1984-05-01,836.3199999999999
NN3_105,1984-06-01,14427.400000000007
NN3_105,1984-07-01,836.3199999999999
NN3_105,1984-08-01,836.3199999999999
NN3_105,1984-09-01,10786.250795288126
NN3_105,1984-10-01,14427.400000000007
NN3_105,1984-11-01,836.3199999999999
NN3_105,1984-12-01,14427.400000000007
NN3_105,1985-01-01,14427.400000000007
NN3_105,1985-02-01,836.3199999999999
NN3_105,1985-03-01,836.3199999999999
NN3_105,1985-04-01,836.3199999999999
NN3_105,1985-05-01,12583.234468889665
NN3_105,1985-06-01,14427.400000000007
NN3_105,1985-07-01,14427.400000000007
NN3_105,1985-08-01,14427.400000000007
NN3_105,1985-09-01,836.3199999999999
NN3_105,1985-10-01,14427.400000000007
NN3_105,1985-11-01,836.3199999999999
NN3_105,1985-12-01,14427.400000000007
NN3_105,1986-01-01,14427.400000000007
NN3_105,1986-02-01,14427.400000000007
NN3_105,1986-03-01,836.3199999999999
NN3_105,1986-04-01,836.3199999999999
NN3_105,1986-05-01,836.3199999999999
NN3_105,1986-06-01,14427.400000000007
NN3_105,1986-07-01,14427.400000000007
NN3_105,1986-08-01,836.3199999999999
NN3_105,1986-09-01,8976.615851110415
NN3_105,1986-10-01,11966.619251887245
NN3_105,1986-11-01,836.3199999999999
NN3_105,1986-12-01,14427.400000000007
NN3_105,1987-01-01,836.3199999999999
NN3_105,1987-02-01,14427.400000000007
NN3_105,1987-03-01,14427.400000000007
NN3_105,1987-04-01,14427.400000000007
NN3_105,1987-05-01,836.3199999999999
NN3_105,1987-06-01,836.3199999999999
NN3_105,1987-07-01,14427.400000000007
NN3_105,1987-08-01,836.3199999999999
NN3_105,1987-09-01,836.3199999999999
NN3_105,1987-10-01,836.3199999999999
NN3_105,1987-11-01,14427.400000000007
NN3_105,1987-12-01,836.3199999999999
NN3_105,1988-01-01,836.3199999999999
NN3_105,1988-02-01,836.3199999999999
NN3_105,1988-03-01,836.3199999999999
NN3_105,1988-04-01,836.3199999999999
NN3_105,1988-05-01,836.3199999999999
NN3_105,1988-06-01,11737.738976124263
NN3_105,1988-07-01,14427.400000000007
NN3_105,1988-08-01,14427.400000000007
NN3_105,1988-09-01,836.3199999999999
NN3_105,1988-10-01,836.3199999999999
NN3_105,1988-11-01,14427.400000000007
NN3_105,1988-12-01,836.3199999999999
NN3_105,1989-01-01,9177.559909446723
NN3_105,1989-02-01,14427.400000000007
NN3_105,1989-03-01,836.3199999999999
NN3_105,1989-04-01,836.3199999999999
NN3_105,1989-05-01,836.3199999999999
NN3_105,1989-06-01,3771.1919838569374
NN3_105,1989-07-01,14427.400000000007
NN3_105,1989-08-01,14427.400000000007
NN3_105,1989-09-01,14427.400000000007
NN3_105,1989-10-01,836.3199999999999
NN3_105,1989-11-01,12410.253657448946
NN3_105,1989-12-01,836.3199999999999
NN3_105,1990-01-01,836.3199999999999
NN3_105,1990-02-01,836.3199999999999
NN3_105,1990-03-01,14427.400000000007
NN3_105,1990-04-01,836.3199999999999
NN3_105,1990-05-01,9665.390275618196
NN3_105,1990-06-01,836.3199999999999
NN3_106,1979-01-01,14427.400000000007
NN3_106,1979-02-01,14427.400000000007
NN3_106,1979-03-01,14427.400000000007
NN3_106,1979-04-01,14427.400000000007
NN3_106,1979-05-01,14427.400000000007
NN3_106,1979-06-01,14427.400000000007
NN3_106,1979-07-01,14427.400000000007
NN3_106,1979-08-01,836.3199999999999
NN3_106,1979-09-01,14427.400000000007
NN3_106,1979-10-01,14427.400000000007
NN3_106,1979-11-01,836.3199999999999
NN3_106,1979-12-01,836.3199999999999
NN3_106,1980-01-01,14427.400000000007
NN3_106,1980-02-01,14427.400000000007
NN3_106,1980-03-01,14427.400000000007
NN3_106,1980-04-01,836.3199999999999
NN3_106,1980-05-01,14427.400000000007
NN3_106,1980-06-01,836.3199999999999
NN3_106,1980-07-01,14427.400000000007
NN3_106,1980-08-01,14427.400000000007
NN3_106,1980-09-01,14427.400000000007
NN3_106,1980-10-01,14427.400000000007
NN3_106,1980-11-01,5753.870475223368
NN3_106,1980-12-01,14427.400000000007
NN3_106,1981-01-01,14427.400000000007
NN3_106,1981-02-01,14427.400000000007
NN3_106,1981-03-01,836.3199999999999
NN3_106,1981-04-01,836.3199999999999
NN3_106,1981-05-01,14427.400000000007
NN3_106,1981-06-01,14427.400000000007
NN3_106,1981-07-01,6696.625991504005
NN3_106,1981-08-01,836.3199999999999
NN3_106,1981-09-01,836.3199999999999
NN3_106,1981-10-01,836.3199999999999
NN3_106,1981-11-01,14427.400000000007
NN3_106,1981-12-01,14427.400000000007
NN3_106,1982-01-01,14427.400000000007
NN3_106,1982-02-01,836.3199999999999
NN3_106,1982-03-01,836.3199999999999
NN3_106,1982-04-01,14427.400000000007
NN3_106,1982-05-01,14427.400000000007
NN3_106,1982-06-01,8039.6242036702315
NN3_106,1982-07-01,836.3199999999999
NN3_106,1982-08-01,14427.400000000007
NN3_106,1982-09-01,836.3199999999999
NN3_106,1982-10-01,836.3199999999999
NN3_106,1982-11-01,14427.400000000007
NN3_106,1982-12-01,14427.400000000007
NN3_106,1983-01-01,14427.400000000007
NN3_106,1983-02-01,14427.400000000007
NN3_106,1983-03-01,14427.400000000007
NN3_106,1983-04-01,836.3199999999999
NN3_106,1983-05-01,8303.059400052503
NN3_106,1983-06-01,14427.400000000007
NN3_106,1983-07-01,836.3199999999999
NN3_106,1983-08-01,836.3199999999999
NN3_106,1983-09-01,836.3199999999999
NN3_106,1983-10-01,836.3199999999999
NN3_106,1983-11-01,14427.400000000007
NN3_106,1983-12-01,836.3199999999999
NN3_106,1984-01-01,836.3199999999999
NN3_106,1984-02-01,14427.400000000007
NN3_106,1984-03-01,836.3199999999999
NN3_106,1984-04-01,836.3199999999999
NN3_106,1984-05-01,14427.400000000007
NN3_106,1984-06-01,836.3199999999999
NN3_106,1984-07-01,836.3199999999999
NN3_106,1984-08-01,836.3199999999999
NN3_106,1984-09-01,836.3199999999999
NN3_106,1984-10-01,14427.400000000007
NN3_106,1984-11-01,14427.400000000007
NN3_106,1984-12-01,14427.400000000007
NN3_106,1985-01-01,836.3199999999999
NN3_106,1985-02-01,14427.400000000007
NN3_106,1985-03-01,14427.400000000007
NN3_106,1985-04-01,836.3199999999999
NN3_106,1985-05-01,836.3199999999999
NN3_106,1985-06-01,14427.400000000007
NN3_106,1985-07-01,836.3199999999999
NN3_106,1985-08-01,14427.400000000007
NN3_106,1985-09-01,836.3199999999999
NN3_106,1985-10-01,836.3199999999999
NN3_106,1985-11-01,14427.400000000007
NN3_106,1985-12-01,14427.400000000007
NN3_106,1986-01-01,836.3199999999999
NN3_106,1986-02-01,836.3199999999999
NN3_106,1986-03-01,836.3199999999999
NN3_106,1986-04-01,836.3199999999999
NN3_106,1986-05-01,14427.400000000007
NN3_106,1986-06-01,3641.3266591303527
NN3_106,1986-07-01,836.3199999999999
NN3_106,1986-08-01,14427.400000000007
NN3_106,1986-09-01,14427.400000000007
NN3_106,1986-10-01,836.3199999999999
NN3_106,1986-11-01,935.7279719450785
NN3_106,1986-12-01,14427.400000000007
NN3_106,1987-01-01,836.3199999999999
NN3_106,1987-02-01,836.3199999999999
NN3_106,1987-03-01,14427.400000000007
NN3_106,1987-04-01,836.3199999999999
NN3_106,1987-05-01,2286.036230188777
NN3_106,1987-06-01,14427.400000000007
NN3_106,1987-07-01,836.3199999999999
NN3_106,1987-08-01,14427.400000000007
NN3_106,1987-09-01,14427.400000000007
NN3_106,1987-10-01,14427.400000000007
NN3_106,1987-11-01,14427.400000000007
NN3_106,1987-12-01,836.3199999999999
NN3_106,1988-01-01,14427.400000000007
NN3_106,1988-02-01,836.3199999999999
NN3_106,1988-03-01,14427.400000000007
NN3_106,1988-04-01,836.3199999999999
NN3_106,1988-05-01,836.3199999999999
NN3_106,1988-06-01,836.3199999999999
NN3_107,1982-01-01,14427.400000000007
NN3_107,1982-02-01,10101.280526660274
NN3_107,1982-03-01,836.3199999999999
NN3_107,1982-04-01,14427.400000000007
NN3_107,1982-05-01,8651.515567699289
NN3_107,1982-06-01,6868.268737572727
NN3_107,1982-07-01,836.3199999999999
NN3_107,1982-08-01,836.3199999999999
NN3_107,1982-09-01,836.3199999999999
NN3_107,1982-10-01,836.3199999999999
NN3_107,1982-11-01,836.3199999999999
NN3_107,1982-12-01,836.3199999999999
NN3_107,1983-01-01,836.3199999999999
NN3_107,1983-02-01,14427.400000000007
NN3_107,1983-03-01,14427.400000000007
NN3_107,1983-04-01,836.3199999999999
NN3_107,1983-05-01,836.3199999999999
NN3_107,1983-06-01,14427.400000000007
NN3_107,1983-07-01,836.3199999999999
NN3_107,1983-08-01,836.3199999999999
NN3_107,1983-09-01,836.3199999999999
NN3_107,1983-10-01,836.3199999999999
NN3_107,1983-11-01,14427.400000000007
NN3_107,1983-12-01,836.3199999999999
NN3_107,1984-01-01,14427.400000000007
NN3_107,1984-02-01,14427.400000000007
NN3_107,1984-03-01,836.3199999999999
NN3_107,1984-04-01,14427.400000000007
NN3_107,1984-05-01,836.3199999999999
NN3_107,1984-06-01,836.3199999999999
NN3_107,1984-07-01,7155.02518418665
NN3_107,1984-08-01,836.3199999999999
NN3_107,1984-09-01,14427.400000000007
NN3_107,1984-10-01,14427.400000000007
NN3_107,1984-11-01,14427.400000000007
NN3_107,1984-12-01,836.3199999999999
NN3_107,1985-01-01,836.3199999999999
NN3_107,1985-02-01,836.3199999999999
NN3_107,1985-03-01,836.3199999999999
NN3_107,1985-04-01,14427.400000000007
NN3_107,1985-05-01,14427.400000000007
NN3_107,1985-06-01,836.3199999999999
NN3_107,1985-07-01,836.3199999999999
NN3_107,1985-08-01,836.3199999999999
NN3_107,1985-09-01,14427.400000000007
NN3_107,1985-10-01,836.3199999999999
NN3_107,1985-11-01,836.3199999999999
NN3_107,1985-12-01,14427.400000000007
NN3_107,1986-01-01,836.3199999999999
NN3_107,1986-02-01,14427.400000000007
NN3_107,1986-03-01,14427.400000000007
NN3_107,1986-04-01,836.3199999999999
NN3_107,1986-05-01,836.3199999999999
NN3_107,1986-06-01,14427.400000000007
NN3_107,1986-07-01,836.3199999999999
NN3_107,1986-08-01,836.3199999999999
NN3_107,1986-09-01,836.3199999999999
NN3_107,1986-10-01,14427.400000000007
NN3_107,1986-11-01,14427.400000000007
NN3_107,1986-12-01,14427.400000000007
NN3_107,1987-01-01,14427.400000000007
NN3_107,1987-02-01,836.3199999999999
NN3_107,1987-03-01,14427.400000000007
NN3_107,1987-04-01,14427.400000000007
NN3_107,1987-05-01,4053.2614559358335
NN3_107,1987-06-01,14427.400000000007
NN3_107,1987-07-01,836.3199999999999
NN3_107,1987-08-01,14427.400000000007
NN3_107,1987-09-01,14427.400000000007
NN3_107,1987-10-01,836.3199999999999
NN3_107,1987-11-01,14427.400000000007
NN3_107,1987-12-01,14427.400000000007
NN3_107,1988-01-01,836.3199999999999
NN3_107,1988-02-01,836.3199999999999
NN3_107,1988-03-01,4317.574591760434
NN3_107,1988-04-01,14427.400000000007
NN3_107,1988-05-01,14427.400000000007
NN3_107,1988-06-01,836.3199999999999
NN3_107,1988-07-01,836.3199999999999
NN3_107,1988-08-01,14427.400000000007
NN3_107,1988-09-01,836.3199999999999
NN3_107,1988-10-01,14427.400000000007
NN3_107,1988-11-01,14427.400000000007
NN3_107,1988-12-01,836.3199999999999
NN3_107,1989-01-01,14427.400000000007
NN3_107,1989-02-01,836.3199999999999
NN3_107,1989-03-01,13557.986337760582
NN3_107,1989-04-01,836.3199999999999
NN3_107,1989-05-01,14427.400000000007
NN3_107,1989-06-01,14427.400000000007
NN3_107,1989-07-01,836.3199999999999
NN3_107,1989-08-01,836.3199999999999
NN3_107,1989-09-01,836.3199999999999
NN3_107,1989-10-01,2637.5744078797266
NN3_107,1989-11-01,14427.400000000007
NN3_107,1989-12-01,12357.321190065735
NN3_107,1990-01-01,836.3199999999999
NN3_107,1990-02-01,836.3199999999999
NN3_107,1990-03-01,836.3199999999999
NN3_107,1990-04-01,14427.400000000007
NN3_107,1990-05-01,836.3199999999999
NN3_107,1990-06-01,836.3199999999999
NN3_107,1990-07-01,14427.400000000007
NN3_107,1990-08-01,14427.400000000007
NN3_107,1990-09-01,14427.400000000007
NN3_107,1990-10-01,14427.400000000007
NN3_107,1990-11-01,836.3199999999999
NN3_107,1990-12-01,836.3199999999999
NN3_107,1991-01-01,14427.400000000007
NN3_107,1991-02-01,14427.400000000007
NN3_107,1991-03-01,14427.400000000007
NN3_107,1991-04-01,14427.400000000007
NN3_107,1991-05-01,836.3199999999999
NN3_107,1991-06-01,14427.400000000007
NN3_108,1983-01-01,10224.325413202288
NN3_108,1983-02-01,836.3199999999999
NN3_108,1983-03-01,836.3199999999999
NN3_108,1983-04-01,14427.400000000007
NN3_108,1983-05-01,14427.400000000007
NN3_108,1983-06-01,8669.533369008299
NN3_108,1983-07-01,836.3199999999999
NN3_108,1983-08-01,14427.400000000007
NN3_108,1983-09-01,836.3199999999999
NN3_108,1983-10-01,836.3199999999999
NN3_108,1983-11-01,836.3199999999999
NN3_108,1983-12-01,836.3199999999999
NN3_108,1984-01-01,14427.400000000007
NN3_108,1984-02-01,14427.400000000007
NN3_108,1984-03-01,14427.400000000007
NN3_108,1984-04-01,836.3199999999999
NN3_108,1984-05-01,14427.400000000007
NN3_108,1984-06-01,836.3199999999999
NN3_108,1984-07-01,836.3199999999999
NN3_108,1984-08-01,2127.7240076150474
NN3_108,1984-09-01,14427.400000000007
NN3_108,1984-10-01,6952.1029321218575
NN3_108,1984-11-01,836.3199999999999
NN3_108,1984-12-01,836.3199999999999
NN3_108,1985-01-01,14427.400000000007
NN3_108,1985-02-01,14427.400000000007
NN3_108,1985-03-01,14427.400000000007
NN3_108,1985-04-01,14427.400000000007
NN3_108,1985-05-01,14427.400000000007
NN3_108,1985-06-01,14427.400000000007
NN3_108,1985-07-01,14220.693703572968
NN3_108,1985-08-01,836.3199999999999
NN3_108,1985-09-01,836.3199999999999
NN3_108,1985-10-01,836.3199999999999
NN3_108,1985-11-01,2920.3163616274087
NN3_108,1985-12-01,836.3199999999999
NN3_108,1986-01-01,14427.400000000007
NN3_108,1986-02-01,836.3199999999999
NN3_108,1986-03-01,836.3199999999999
NN3_108,1986-04-01,9722.54807628404
NN3_108,1986-05-01,14427.400000000007
NN3_108,1986-06-01,836.3199999999999
NN3_108,1986-07-01,836.3199999999999
NN3_108,1986-08-01,836.3199999999999
NN3_108,1986-09-01,836.3199999999999
NN3_108,1986-10-01,836.3199999999999
NN3_108,1986-11-01,836.3199999999999
NN3_108,1986-12-01,14427.400000000007
NN3_108,1987-01-01,14427.400000000007
NN3_108,1987-02-01,836.3199999999999
NN3_108,1987-03-01,14427.400000000007
NN3_108,1987-04-01,14427.400000000007
NN3_108,1987-05-01,836.3199999999999
NN3_108,1987-06-01,14427.400000000007
NN3_108,1987-07-01,5440.618326999685
NN3_108,1987-08-01,14427.400000000007
NN3_108,1987-09-01,14427.400000000007
NN3_108,1987-10-01,836.3199999999999
NN3_108,1987-11-01,836.3199999999999
NN3_108,1987-12-01,836.3199999999999
NN3_108,1988-01-01,836.3199999999999
NN3_108,1988-02-01,14427.400000000007
NN3_108,1988-03-01,836.3199999999999
NN3_108,1988-04-01,14427.400000000007
NN3_108,1988-05-01,14427.400000000007
NN3_108,1988-06-01,836.3199999999999
NN3_108,1988-07-01,14427.400000000007
NN3_108,1988-08-01,836.3199999999999
NN3_108,1988-09-01,4054.2038432903523
NN3_108,1988-10-01,14427.400000000007
NN3_108,1988-11-01,14427.400000000007
NN3_108,1988-12-01,836.3199999999999
NN3_108,1989-01-01,14427.400000000007
NN3_108,1989-02-01,836.3199999999999
NN3_108,1989-03-01,13782.145766057349
NN3_108,1989-04-01,14427.400000000007
NN3_108,1989-05-01,1211.7213423872588
NN3_108,1989-06-01,3852.4540158486016
NN3_108,1989-07-01,836.3199999999999
NN3_108,1989-08-01,14427.400000000007
NN3_108,1989-09-01,14427.400000000007
NN3_108,1989-10-01,836.3199999999999
NN3_108,1989-11-01,14427.400000000007
NN3_108,1989-12-01,836.3199999999999
NN3_108,1990-01-01,836.3199999999999
NN3_108,1990-02-01,14427.400000000007
NN3_108,1990-03-01,14427.400000000007
NN3_108,1990-04-01,14427.400000000007
NN3_108,1990-05-01,14427.400000000007
NN3_108,1990-06-01,836.3199999999999
NN3_108,1990-07-01,11185.23353869949
NN3_108,1990-08-01,9139.607923182775
NN3_108,1990-09-01,2589.3428394967377
NN3_108,1990-10-01,14427.400000000007
NN3_108,1990-11-01,14427.400000000007
NN3_108,1990-12-01,836.3199999999999
NN3_108,1991-01-01,5941.769189109983
NN3_108,1991-02-01,836.3199999999999
NN3_108,1991-03-01,14427.400000000007
NN3_108,1991-04-01,10734.59348243668
NN3_108,1991-05-01,14427.400000000007
NN3_108,1991-06-01,836.3199999999999
NN3_108,1991-07-01,836.3199999999999
NN3_109,1980-01-01,836.3199999999999
NN3_109,1980-02-01,14427.400000000007
NN3_109,1980-03-01,836.3199999999999
NN3_109,1980-04-01,14427.400000000007
NN3_109,1980-05-01,836.3199999999999
NN3_109,1980-06-01,14427.400000000007
NN3_109,1980-07-01,14427.400000000007
NN3_109,1980-08-01,836.3199999999999
NN3_109,1980-09-01,14427.400000000007
NN3_109,1980-10-01,836.3199999999999
NN3_109,1980-11-01,14427.400000000007
NN3_109,1980-12-01,14427.400000000007
NN3_109,1981-01-01,836.3199999999999
NN3_109,1981-02-01,14427.400000000007
NN3_109,1981-03-01,14427.400000000007
NN3_109,1981-04-01,836.3199999999999
NN3_109,1981-05-01,836.3199999999999
NN3_109,1981-06-01,836.3199999999999
NN3_109,1981-07-01,836.3199999999999
NN3_109,1981-08-01,5029.535874449959
NN3_109,1981-09-01,8777.209525208063
NN3_109,1981-10-01,836.3199999999999
NN3_109,1981-11-01,836.3199999999999
NN3_109,1981-12-01,836.3199999999999
NN3_109,1982-01-01,836.3199999999999
NN3_109,1982-02-01,836.3199999999999
NN3_109,1982-03-01,14427.400000000007
NN3_109,1982-04-01,14427.400000000007
NN3_109,1982-05-01,14427.400000000007
NN3_109,1982-06-01,14427.400000000007
NN3_109,1982-07-01,836.3199999999999
NN3_109,1982-08-01,6904.591023081755
NN3_109,1982-09-01,836.3199999999999
NN3_109,1982-10-01,14427.400000000007
NN3_109,1982-11-01,836.3199999999999
NN3_109,1982-12-01,14427.400000000007
NN3_109,1983-01-01,2263.099709406754
NN3_109,1983-02-01,836.3199999999999
NN3_109,1983-03-01,836.3199999999999
NN3_109,1983-04-01,14427.400000000007
NN3_109,1983-05-01,14427.400000000007
NN3_109,1983-06-01,14427.400000000007
NN3_109,1983-07-01,1696.270934816427
NN3_109,1983-08-01,836.3199999999999
NN3_109,1983-09-01,836.3199999999999
NN3_109,1983-10-01,836.3199999999999
NN3_109,1983-11-01,836.3199999999999
NN3_109,1983-12-01,836.3199999999999
NN3_109,1984-01-01,836.3199999999999
NN3_109,1984-02-01,14427.400000000007
NN3_109,1984-03-01,836.3199999999999
NN3_109,1984-04-01,836.3199999999999
NN3_109,1984-05-01,2275.0866587105957
NN3_109,1984-06-01,836.3199999999999
NN3_109,1984-07-01,14427.400000000007
NN3_109,1984-08-01,836.3199999999999
NN3_109,1984-09-01,836.3199999999999
NN3_109,1984-10-01,836.3199999999999
NN3_109,1984-11-01,14427.400000000007
NN3_109,1984-12-01,14427.400000000007
NN3_109,1985-01-01,14427.400000000007
NN3_109,1985-02-01,14427.400000000007
NN3_109,1985-03-01,3754.764621943727
NN3_109,1985-04-01,9678.815947385136
NN3_109,1985-05-01,836.3199999999999
NN3_109,1985-06-01,836.3199999999999
NN3_109,1985-07-01,836.3199999999999
NN3_109,1985-08-01,836.3199999999999
NN3_109,1985-09-01,14427.400000000007
NN3_109,1985-10-01,14427.400000000007
NN3_109,1985-11-01,836.3199999999999
NN3_109,1985-12-01,836.3199999999999
NN3_109,1986-01-01,14427.400000000007
NN3_109,1986-02-01,836.3199999999999
NN3_109,1986-03-01,836.3199999999999
NN3_109,1986-04-01,14169.6306771944
NN3_109,1986-05-01,836.3199999999999
NN3_109,1986-06-01,836.3199999999999
NN3_109,1986-07-01,836.3199999999999
NN3_109,1986-08-01,836.3199999999999
NN3_109,1986-09-01,836.3199999999999
NN3_109,1986-10-01,836.3199999999999
NN3_109,1986-11-01,836.3199999999999
NN3_109,1986-12-01,836.3199999999999
NN3_109,1987-01-01,14427.400000000007
NN3_109,1987-02-01,836.3199999999999
NN3_109,1987-03-01,836.3199999999999
NN3_109,1987-04-01,14427.400000000007
NN3_109,1987-05-01,5445.8345253590705
NN3_109,1987-06-01,14427.400000000007
NN3_109,1987-07-01,14427.400000000007
NN3_109,1987-08-01,14427.400000000007
NN3_109,1987-09-01,14427.400000000007
NN3_109,1987-10-01,14427.400000000007
NN3_109,1987-11-01,836.3199999999999
NN3_109,1987-12-01,836.3199999999999
NN3_109,1988-01-01,836.3199999999999
NN3_109,1988-02-01,14427.400000000007
NN3_109,1988-03-01,836.3199999999999
NN3_109,1988-04-01,836.3199999999999
NN3_109,1988-05-01,14427.400000000007
NN3_109,1988-06-01,14427.400000000007
NN3_109,1988-07-01,836.3199999999999
NN3_109,1988-08-01,14427.400000000007
NN3_109,1988-09-01,836.3199999999999
NN3_109,1988-10-01,836.3199999999999
NN3_109,1988-11-01,14427.400000000007
NN3_109,1988-12-01,836.3199999999999
NN3_109,1989-01-01,836.3199999999999
NN3_109,1989-02-01,14427.400000000007
NN3_109,1989-03-01,836.3199999999999
NN3_110,1978-01-01,14427.400000000007
NN3_110,1978-02-01,836.3199999999999
NN3_110,1978-03-01,836.3199999999999
NN3_110,1978-04-01,836.3199999999999
NN3_110,1978-05-01,836.3199999999999
NN3_110,1978-06-01,14427.400000000007
NN3_110,1978-07-01,836.3199999999999
NN3_110,1978-08-01,836.3199999999999
NN3_110,1978-09-01,836.3199999999999
NN3_110,1978-10-01,6488.617522044031
NN3_110,1978-11-01,14427.400000000007
NN3_110,1978-12-01,836.3199999999999
NN3_110,1979-01-01,836.3199999999999
NN3_110,1979-02-01,836.3199999999999
NN3_110,1979-03-01,14427.400000000007
NN3_110,1979-04-01,14427.400000000007
NN3_110,1979-05-01,836.3199999999999
NN3_110,1979-06-01,836.3199999999999
NN3_110,1979-07-01,14427.400000000007
NN3_110,1979-08-01,14427.400000000007
NN3_110,1979-09-01,836.3199999999999
NN3_110,1979-10-01,836.3199999999999
NN3_110,1979-11-01,14427.400000000007
NN3_110,1979-12-01,836.3199999999999
NN3_110,1980-01-01,14427.400000000007
NN3_110,1980-02-01,14427.400000000007
NN3_110,1980-03-01,14427.400000000007
NN3_110,1980-04-01,836.3199999999999
NN3_110,1980-05-01,836.3199999999999
NN3_110,1980-06-01,14427.400000000007
NN3_110,1980-07-01,14427.400000000007
NN3_110,1980-08-01,11367.847468769902
NN3_110,1980-09-01,14427.400000000007
NN3_110,1980-10-01,836.3199999999999
NN3_110,1980-11-01,836.3199999999999
NN3_110,1980-12-01,14427.400000000007
NN3_110,1981-01-01,836.3199999999999
NN3_110,1981-02-01,836.3199999999999
NN3_110,1981-03-01,14427.400000000007
NN3_110,1981-04-01,836.3199999999999
NN3_110,1981-05-01,836.3199999999999
NN3_110,1981-06-01,836.3199999999999
NN3_110,1981-07-01,836.3199999999999
NN3_110,1981-08-01,836.3199999999999
NN3_110,1981-09-01,3411.560579707975
NN3_110,1981-10-01,4385.15906779616
NN3_110,1981-11-01,836.3199999999999
NN3_110,1981-12-01,836.3199999999999
NN3_110,1982-01-01,836.3199999999999
NN3_110,1982-02-01,8241.82086075034
NN3_110,1982-03-01,10377.929089001755
NN3_110,1982-04-01,14427.400000000007
NN3_110,1982-05-01,836.3199999999999
NN3_110,1982-06-01,14427.400000000007
NN3_110,1982-07-01,14427.400000000007
NN3_110,1982-08-01,14427.400000000007
NN3_110,1982-09-01,14427.400000000007
NN3_110,1982-10-01,11311.340479795423
NN3_110,1982-11-01,14427.400000000007
NN3_110,1982-12-01,836.3199999999999
NN3_110,1983-01-01,836.3199999999999
NN3_110,1983-02-01,14427.400000000007
NN3_110,1983-03-01,14427.400000000007
NN3_110,1983-04-01,14427.400000000007
NN3_110,1983-05-01,14427.400000000007
NN3_110,1983-06-01,14427.400000000007
NN3_110,1983-07-01,836.3199999999999
NN3_110,1983-08-01,836.3199999999999
NN3_110,1983-09-01,836.3199999999999
NN3_110,1983-10-01,4209.804890900439
NN3_110,1983-11-01,14427.400000000007
NN3_110,1983-12-01,836.3199999999999
NN3_110,1984-01-01,836.3199999999999
NN3_110,1984-02-01,14427.400000000007
NN3_110,1984-03-01,836.3199999999999
NN3_110,1984-04-01,2283.985769678418
NN3_110,1984-05-01,14427.400000000007
NN3_110,1984-06-01,836.3199999999999
NN3_110,1984-07-01,2702.6868557464586
NN3_110,1984-08-01,14427.400000000007
NN3_110,1984-09-01,836.3199999999999
NN3_110,1984-10-01,14427.400000000007
NN3_110,1984-11-01,836.3199999999999
NN3_110,1984-12-01,14427.400000000007
NN3_110,1985-01-01,14427.400000000007
NN3_110,1985-02-01,14427.400000000007
NN3_110,1985-03-01,836.3199999999999
NN3_110,1985-04-01,12039.269990366796
NN3_110,1985-05-01,836.3199999999999
NN3_110,1985-06-01,836.3199999999999
NN3_110,1985-07-01,836.3199999999999
NN3_110,1985-08-01,836.3199999999999
NN3_110,1985-09-01,836.3199999999999
NN3_110,1985-10-01,14427.400000000007
NN3_110,1985-11-01,836.3199999999999
NN3_110,1985-12-01,836.3199999999999
NN3_110,1986-01-01,836.3199999999999
NN3_110,1986-02-01,1422.097183959187
NN3_110,1986-03-01,14427.400000000007
NN3_110,1986-04-01,836.3199999999999
NN3_110,1986-05-01,836.3199999999999
NN3_110,1986-06-01,14427.400000000007
NN3_110,1986-07-01,836.3199999999999
NN3_110,1986-08-01,836.3199999999999
NN3_110,1986-09-01,14427.400000000007
NN3_110,1986-10-01,836.3199999999999
NN3_110,1986-11-01,14427.400000000007
NN3_110,1986-12-01,836.3199999999999
NN3_110,1987-01-01,836.3199999999999
NN3_110,1987-02-01,836.3199999999999
NN3_110,1987-03-01,14427.400000000007
NN3_110,1987-04-01,14427.400000000007
NN3_110,1987-05-01,836.3199999999999
NN3_110,1987-06-01,836.3199999999999
NN3_111,1978-01-01,836.3199999999999
NN3_111,1978-02-01,14427.400000000007
NN3_111,1978-03-01,14427.400000000007
NN3_111,1978-04-01,14427.400000000007
NN3_111,1978-05-01,14427.400000000007
NN3_111,1978-06-01,14427.400000000007
NN3_111,1978-07-01,2966.0267659345773
NN3_111,1978-08-01,9589.635161510796
NN3_111,1978-09-01,14427.400000000007
NN3_111,1978-10-01,836.3199999999999
NN3_111,1978-11-01,836.3199999999999
NN3_111,1978-12-01,14427.400000000007
NN3_111,1979-01-01,836.3199999999999
NN3_111,1979-02-01,836.3199999999999
NN3_111,1979-03-01,836.3199999999999
NN3_111,1979-04-01,836.3199999999999
NN3_111,1979-05-01,14427.400000000007
NN3_111,1979-06-01,836.3199999999999
NN3_111,1979-07-01,14427.400000000007
NN3_111,1979-08-01,836.3199999999999
NN3_111,1979-09-01,12342.760832730974
NN3_111,1979-10-01,14427.400000000007
NN3_111,1979-11-01,14427.400000000007
NN3_111,1979-12-01,14427.400000000007
NN3_111,1980-01-01,836.3199999999999
NN3_111,1980-02-01,14427.400000000007
NN3_111,1980-03-01,836.3199999999999
NN3_111,1980-04-01,836.3199999999999
NN3_111,1980-05-01,14427.400000000007
NN3_111,1980-06-01,14427.400000000007
NN3_111,1980-07-01,836.3199999999999
NN3_111,1980-08-01,836.3199999999999
NN3_111,1980-09-01,836.3199999999999
NN3_111,1980-10-01,14427.400000000007
NN3_111,1980-11-01,14427.400000000007
NN3_111,1980-12-01,13105.698637584592
NN3_111,1981-01-01,14427.400000000007
NN3_111,1981-02-01,836.3199999999999
NN3_111,1981-03-01,14427.400000000007
NN3_111,1981-04-01,836.3199999999999
NN3_111,1981-05-01,14427.400000000007
NN3_111,1981-06-01,836.3199999999999
NN3_111,1981-07-01,836.3199999999999
NN3_111,1981-08-01,14427.400000000007
NN3_111,1981-09-01,2679.898225459845
NN3_111,1981-10-01,836.3199999999999
NN3_111,1981-11-01,14427.400000000007
NN3_111,1981-12-01,14427.400000000007
NN3_111,1982-01-01,836.3199999999999
NN3_111,1982-02-01,836.3199999999999
NN3_111,1982-03-01,836.3199999999999
NN3_111,1982-04-01,836.3199999999999
NN3_111,1982-05-01,836.3199999999999
NN3_111,1982-06-01,14427.400000000007
NN3_111,1982-07-01,14427.400000000007
NN3_111,1982-08-01,836.3199999999999
NN3_111,1982-09-01,14427.400000000007
NN3_111,1982-10-01,14427.400000000007
NN3_111,1982-11-01,14427.400000000007
NN3_111,1982-12-01,836.3199999999999
NN3_111,1983-01-01,14427.400000000007
NN3_111,1983-02-01,836.3199999999999
NN3_111,1983-03-01,836.3199999999999
NN3_111,1983-04-01,836.3199999999999
NN3_111,1983-05-01,14427.400000000007
NN3_111,1983-06-01,14427.400000000007
NN3_111,1983-07-01,14427.400000000007
NN3_111,1983-08-01,836.3199999999999
NN3_111,1983-09-01,14427.400000000007
NN3_111,1983-10-01,12754.174055837162
NN3_111,1983-11-01,14427.400000000007
NN3_111,1983-12-01,836.3199999999999
NN3_111,1984-01-01,836.3199999999999
NN3_111,1984-02-01,14427.400000000007
NN3_111,1984-03-01,14427.400000000007
NN3_111,1984-04-01,836.3199999999999
NN3_111,1984-05-01,14427.400000000007
NN3_111,1984-06-01,836.3199999999999
NN3_111,1984-07-01,7722.665943799776
NN3_111,1984-08-01,14427.400000000007
NN3_111,1984-09-01,14427.400000000007
NN3_111,1984-10-01,836.3199999999999
NN3_111,1984-11-01,836.3199999999999
NN3_111,1984-12-01,14427.400000000007
NN3_111,1985-01-01,6816.430687142187
NN3_111,1985-02-01,14427.400000000007
NN3_111,1985-03-01,836.3199999999999
NN3_111,1985-04-01,836.3199999999999
NN3_111,1985-05-01,14427.400000000007
NN3_111,1985-06-01,836.3199999999999
NN3_111,1985-07-01,836.3199999999999
NN3_111,1985-08-01,14427.400000000007
NN3_111,1985-09-01,836.3199999999999
NN3_111,1985-10-01,836.3199999999999
NN3_111,1985-11-01,836.3199999999999
NN3_111,1985-12-01,14427.400000000007
NN3_111,1986-01-01,10548.253553622386
NN3_111,1986-02-01,836.3199999999999
NN3_111,1986-03-01,836.3199999999999
NN3_111,1986-04-01,14427.400000000007
NN3_111,1986-05-01,836.3199999999999
NN3_111,1986-06-01,836.3199999999999
NN3_111,1986-07-01,836.3199999999999
NN3_111,1986-08-01,14427.400000000007
NN3_111,1986-09-01,836.3199999999999
NN3_111,1986-10-01,836.3199999999999
NN3_111,1986-11-01,836.3199999999999
NN3_111,1986-12-01,836.3199999999999
NN3_111,1987-01-01,836.3199999999999
NN3_111,1987-02-01,14427.400000000007
NN3_111,1987-03-01,3103.6347582602543
NN3_111,1987-04-01,8112.725620332109
NN3_111,1987-05-01,14427.400000000007
NN3_111,1987-06-01,14427.400000000007
