unique_id,ds,y
NN3-001,1990-01-01,14427.400000000007
NN3-001,1990-02-01,14427.400000000007
NN3-001,1990-03-01,14427.400000000007
NN3-001,1990-04-01,14427.400000000007
NN3-001,1990-05-01,836.3199999999999
NN3-001,1990-06-01,836.3199999999999
NN3-001,1990-07-01,836.3199999999999
NN3-001,1990-08-01,836.3199999999999
NN3-001,1990-09-01,836.3199999999999
NN3-001,1990-10-01,836.3199999999999
NN3-001,1990-11-01,14427.400000000007
NN3-001,1990-12-01,836.3199999999999
NN3-001,1991-01-01,836.3199999999999
NN3-001,1991-02-01,836.3199999999999
NN3-001,1991-03-01,836.3199999999999
NN3-001,1991-04-01,836.3199999999999
NN3-001,1991-05-01,836.3199999999999
NN3-001,1991-06-01,14427.400000000007
NN3-001,1991-07-01,836.3199999999999
NN3-001,1991-08-01,14427.400000000007
NN3-001,1991-09-01,14427.400000000007
NN3-001,1991-10-01,14427.400000000007
NN3-001,1991-11-01,836.3199999999999
NN3-001,1991-12-01,14427.400000000007
NN3-001,1992-01-01,836.3199999999999
NN3-001,1992-02-01,14427.400000000007
NN3-001,1992-03-01,14427.400000000007
NN3-001,1992-04-01,836.3199999999999
NN3-001,1992-05-01,10421.273145077374
NN3-001,1992-06-01,14427.400000000007
NN3-001,1992-07-01,836.3199999999999
NN3-001,1992-08-01,836.3199999999999
NN3-001,1992-09-01,836.3199999999999
NN3-001,1992-10-01,836.3199999999999
NN3-001,1992-11-01,836.3199999999999
NN3-001,1992-12-01,836.3199999999999
NN3-001,1993-01-01,836.3199999999999
NN3-001,1993-02-01,14427.400000000007
NN3-001,1993-03-01,836.3199999999999
NN3-002,1990-01-01,14427.400000000007
NN3-002,1990-02-01,836.3199999999999
NN3-002,1990-03-01,14427.400000000007
NN3-002,1990-04-01,14427.400000000007
NN3-002,1990-05-01,836.3199999999999
NN3-002,1990-06-01,14427.400000000007
NN3-002,1990-07-01,836.3199999999999
NN3-002,1990-08-01,836.3199999999999
NN3-002,1990-09-01,836.3199999999999
NN3-002,1990-10-01,8129.239394446668
NN3-002,1990-11-01,836.3199999999999
NN3-002,1990-12-01,836.3199999999999
NN3-002,1991-01-01,836.3199999999999
NN3-002,1991-02-01,836.3199999999999
NN3-002,1991-03-01,836.3199999999999
NN3-002,1991-04-01,14427.400000000007
NN3-002,1991-05-01,14427.400000000007
NN3-002,1991-06-01,14427.400000000007
NN3-002,1991-07-01,14427.400000000007
NN3-002,1991-08-01,836.3199999999999
NN3-002,1991-09-01,836.3199999999999
NN3-002,1991-10-01,14427.400000000007
NN3-002,1991-11-01,836.3199999999999
NN3-002,1991-12-01,836.3199999999999
NN3-002,1992-01-01,14427.400000000007
NN3-002,1992-02-01,836.3199999999999
NN3-002,1992-03-01,836.3199999999999
NN3-002,1992-04-01,836.3199999999999
NN3-002,1992-05-01,836.3199999999999
NN3-002,1992-06-01,836.3199999999999
NN3-002,1992-07-01,836.3199999999999
NN3-002,1992-08-01,14427.400000000007
NN3-002,1992-09-01,14427.400000000007
NN3-002,1992-10-01,836.3199999999999
NN3-002,1992-11-01,836.3199999999999
NN3-002,1992-12-01,14427.400000000007
NN3-002,1993-01-01,836.3199999999999
NN3-002,1993-02-01,836.3199999999999
NN3-002,1993-03-01,836.3199999999999
NN3-003,1990-01-01,836.3199999999999
NN3-003,1990-02-01,14427.400000000007
NN3-003,1990-03-01,836.3199999999999
NN3-003,1990-04-01,836.3199999999999
NN3-003,1990-05-01,836.3199999999999
NN3-003,1990-06-01,14427.400000000007
NN3-003,1990-07-01,836.3199999999999
NN3-003,1990-08-01,836.3199999999999
NN3-003,1990-09-01,2037.0167641670937
NN3-003,1990-10-01,14427.400000000007
NN3-003,1990-11-01,14427.400000000007
NN3-003,1990-12-01,8817.97653450985
NN3-003,1991-01-01,14427.400000000007
NN3-003,1991-02-01,836.3199999999999
NN3-003,1991-03-01,14427.400000000007
NN3-003,1991-04-01,836.3199999999999
NN3-003,1991-05-01,836.3199999999999
NN3-003,1991-06-01,836.3199999999999
NN3-003,1991-07-01,836.3199999999999
NN3-003,1991-08-01,14427.400000000007
NN3-003,1991-09-01,14427.400000000007
NN3-003,1991-10-01,14427.400000000007
NN3-003,1991-11-01,836.3199999999999
NN3-003,1991-12-01,14427.400000000007
NN3-003,1992-01-01,836.3199999999999
NN3-003,1992-02-01,14427.400000000007
NN3-003,1992-03-01,836.3199999999999
NN3-003,1992-04-01,14427.400000000007
NN3-003,1992-05-01,836.3199999999999
NN3-003,1992-06-01,836.3199999999999
NN3-003,1992-07-01,13983.94162316576
NN3-003,1992-08-01,836.3199999999999
NN3-003,1992-09-01,14427.400000000007
NN3-003,1992-10-01,14427.400000000007
NN3-003,1992-11-01,14427.400000000007
NN3-003,1992-12-01,14427.400000000007
NN3-003,1993-01-01,836.3199999999999
NN3-003,1993-02-01,836.3199999999999
NN3-003,1993-03-01,836.3199999999999
NN3-004,1990-01-01,14427.400000000007
NN3-004,1990-02-01,836.3199999999999
NN3-004,1990-03-01,14427.400000000007
NN3-004,1990-04-01,14427.400000000007
NN3-004,1990-05-01,13662.33050421468
NN3-004,1990-06-01,836.3199999999999
NN3-004,1990-07-01,836.3199999999999
NN3-004,1990-08-01,836.3199999999999
NN3-004,1990-09-01,14427.400000000007
NN3-004,1990-10-01,14427.400000000007
NN3-004,1990-11-01,14427.400000000007
NN3-004,1990-12-01,14427.400000000007
NN3-004,1991-01-01,14427.400000000007
NN3-004,1991-02-01,836.3199999999999
NN3-004,1991-03-01,14427.400000000007
NN3-004,1991-04-01,14427.400000000007
NN3-004,1991-05-01,836.3199999999999
NN3-004,1991-06-01,836.3199999999999
NN3-004,1991-07-01,14427.400000000007
NN3-004,1991-08-01,14427.400000000007
NN3-004,1991-09-01,836.3199999999999
NN3-004,1991-10-01,13676.159705621652
NN3-004,1991-11-01,836.3199999999999
NN3-004,1991-12-01,14427.400000000007
NN3-004,1992-01-01,836.3199999999999
NN3-004,1992-02-01,836.3199999999999
NN3-004,1992-03-01,836.3199999999999
NN3-004,1992-04-01,836.3199999999999
NN3-004,1992-05-01,14427.400000000007
NN3-004,1992-06-01,8423.604107140225
NN3-004,1992-07-01,836.3199999999999
NN3-004,1992-08-01,14427.400000000007
NN3-004,1992-09-01,14427.400000000007
NN3-004,1992-10-01,836.3199999999999
NN3-004,1992-11-01,14427.400000000007
NN3-004,1992-12-01,836.3199999999999
NN3-004,1993-01-01,836.3199999999999
NN3-004,1993-02-01,14427.400000000007
NN3-004,1993-03-01,836.3199999999999
NN3-005,1990-01-01,14427.400000000007
NN3-005,1990-02-01,836.3199999999999
NN3-005,1990-03-01,14427.400000000007
NN3-005,1990-04-01,836.3199999999999
NN3-005,1990-05-01,836.3199999999999
NN3-005,1990-06-01,14427.400000000007
NN3-005,1990-07-01,14427.400000000007
NN3-005,1990-08-01,836.3199999999999
NN3-005,1990-09-01,836.3199999999999
NN3-005,1990-10-01,836.3199999999999
NN3-005,1990-11-01,14427.400000000007
NN3-005,1990-12-01,836.3199999999999
NN3-005,1991-01-01,14427.400000000007
NN3-005,1991-02-01,14427.400000000007
NN3-005,1991-03-01,14427.400000000007
NN3-005,1991-04-01,836.3199999999999
NN3-005,1991-05-01,14427.400000000007
NN3-005,1991-06-01,836.3199999999999
NN3-005,1991-07-01,14427.400000000007
NN3-005,1991-08-01,14427.400000000007
NN3-005,1991-09-01,836.3199999999999
NN3-005,1991-10-01,836.3199999999999
NN3-005,1991-11-01,14427.400000000007
NN3-005,1991-12-01,836.3199999999999
NN3-005,1992-01-01,14427.400000000007
NN3-005,1992-02-01,12501.824130910883
NN3-005,1992-03-01,836.3199999999999
NN3-005,1992-04-01,14427.400000000007
NN3-005,1992-05-01,836.3199999999999
NN3-005,1992-06-01,836.3199999999999
NN3-005,1992-07-01,836.3199999999999
NN3-005,1992-08-01,836.3199999999999
NN3-005,1992-09-01,12869.21928953704
NN3-005,1992-10-01,836.3199999999999
NN3-005,1992-11-01,14427.400000000007
NN3-005,1992-12-01,14427.400000000007
NN3-005,1993-01-01,836.3199999999999
NN3-005,1993-02-01,836.3199999999999
NN3-005,1993-03-01,836.3199999999999
NN3-006,1990-01-01,14427.400000000007
NN3-006,1990-02-01,836.3199999999999
NN3-006,1990-03-01,836.3199999999999
NN3-006,1990-04-01,14427.400000000007
NN3-006,1990-05-01,836.3199999999999
NN3-006,1990-06-01,836.3199999999999
NN3-006,1990-07-01,836.3199999999999
NN3-006,1990-08-01,14427.400000000007
NN3-006,1990-09-01,14427.400000000007
NN3-006,1990-10-01,836.3199999999999
NN3-006,1990-11-01,836.3199999999999
NN3-006,1990-12-01,14427.400000000007
NN3-006,1991-01-01,14427.400000000007
NN3-006,1991-02-01,836.3199999999999
NN3-006,1991-03-01,836.3199999999999
NN3-006,1991-04-01,14427.400000000007
NN3-006,1991-05-01,14427.400000000007
NN3-006,1991-06-01,14427.400000000007
NN3-006,1991-07-01,14427.400000000007
NN3-006,1991-08-01,836.3199999999999
NN3-006,1991-09-01,14427.400000000007
NN3-006,1991-10-01,14427.400000000007
NN3-006,1991-11-01,836.3199999999999
NN3-006,1991-12-01,14427.400000000007
NN3-006,1992-01-01,836.3199999999999
NN3-006,1992-02-01,14427.400000000007
NN3-006,1992-03-01,836.3199999999999
NN3-006,1992-04-01,14427.400000000007
NN3-006,1992-05-01,14427.400000000007
NN3-006,1992-06-01,14427.400000000007
NN3-006,1992-07-01,836.3199999999999
NN3-006,1992-08-01,836.3199999999999
NN3-006,1992-09-01,836.3199999999999
NN3-006,1992-10-01,836.3199999999999
NN3-006,1992-11-01,14427.400000000007
NN3-006,1992-12-01,14427.400000000007
NN3-006,1993-01-01,836.3199999999999
NN3-006,1993-02-01,836.3199999999999
NN3-006,1993-03-01,836.3199999999999
NN3-007,1990-01-01,14427.400000000007
NN3-007,1990-02-01,14427.400000000007
NN3-007,1990-03-01,836.3199999999999
NN3-007,1990-04-01,14427.400000000007
NN3-007,1990-05-01,836.3199999999999
NN3-007,1990-06-01,836.3199999999999
NN3-007,1990-07-01,836.3199999999999
NN3-007,1990-08-01,836.3199999999999
NN3-007,1990-09-01,5701.835329276817
NN3-007,1990-10-01,836.3199999999999
NN3-007,1990-11-01,836.3199999999999
NN3-007,1990-12-01,836.3199999999999
NN3-007,1991-01-01,14427.400000000007
NN3-007,1991-02-01,14427.400000000007
NN3-007,1991-03-01,836.3199999999999
NN3-007,1991-04-01,14427.400000000007
NN3-007,1991-05-01,836.3199999999999
NN3-007,1991-06-01,14427.400000000007
NN3-007,1991-07-01,14427.400000000007
NN3-007,1991-08-01,836.3199999999999
NN3-007,1991-09-01,14427.400000000007
NN3-007,1991-10-01,14427.400000000007
NN3-007,1991-11-01,14427.400000000007
NN3-007,1991-12-01,836.3199999999999
NN3-007,1992-01-01,836.3199999999999
NN3-007,1992-02-01,836.3199999999999
NN3-007,1992-03-01,836.3199999999999
NN3-007,1992-04-01,836.3199999999999
NN3-007,1992-05-01,14427.400000000007
NN3-007,1992-06-01,4742.698557068082
NN3-007,1992-07-01,836.3199999999999
NN3-007,1992-08-01,14427.400000000007
NN3-007,1992-09-01,14427.400000000007
NN3-007,1992-10-01,836.3199999999999
NN3-007,1992-11-01,836.3199999999999
NN3-007,1992-12-01,14427.400000000007
NN3-007,1993-01-01,836.3199999999999
NN3-007,1993-02-01,5838.098868265441
NN3-007,1993-03-01,14427.400000000007
NN3-008,1990-01-01,14343.153606926571
NN3-008,1990-02-01,836.3199999999999
NN3-008,1990-03-01,836.3199999999999
NN3-008,1990-04-01,836.3199999999999
NN3-008,1990-05-01,836.3199999999999
NN3-008,1990-06-01,14427.400000000007
NN3-008,1990-07-01,14427.400000000007
NN3-008,1990-08-01,836.3199999999999
NN3-008,1990-09-01,836.3199999999999
NN3-008,1990-10-01,836.3199999999999
NN3-008,1990-11-01,14427.400000000007
NN3-008,1990-12-01,14427.400000000007
NN3-008,1991-01-01,836.3199999999999
NN3-008,1991-02-01,836.3199999999999
NN3-008,1991-03-01,14427.400000000007
NN3-008,1991-04-01,836.3199999999999
NN3-008,1991-05-01,14427.400000000007
NN3-008,1991-06-01,14427.400000000007
NN3-008,1991-07-01,14427.400000000007
NN3-008,1991-08-01,836.3199999999999
NN3-008,1991-09-01,14427.400000000007
NN3-008,1991-10-01,836.3199999999999
NN3-008,1991-11-01,10261.519929080003
NN3-008,1991-12-01,836.3199999999999
NN3-008,1992-01-01,836.3199999999999
NN3-008,1992-02-01,14427.400000000007
NN3-008,1992-03-01,14427.400000000007
NN3-008,1992-04-01,14427.400000000007
NN3-008,1992-05-01,836.3199999999999
NN3-008,1992-06-01,14427.400000000007
NN3-008,1992-07-01,836.3199999999999
NN3-008,1992-08-01,14427.400000000007
NN3-008,1992-09-01,836.3199999999999
NN3-008,1992-10-01,14427.400000000007
NN3-008,1992-11-01,836.3199999999999
NN3-008,1992-12-01,14048.53656132692
NN3-008,1993-01-01,14427.400000000007
NN3-008,1993-02-01,836.3199999999999
NN3-008,1993-03-01,14427.400000000007
NN3-009,1990-01-01,14427.400000000007
NN3-009,1990-02-01,836.3199999999999
NN3-009,1990-03-01,14427.400000000007
NN3-009,1990-04-01,836.3199999999999
NN3-009,1990-05-01,836.3199999999999
NN3-009,1990-06-01,836.3199999999999
NN3-009,1990-07-01,836.3199999999999
NN3-009,1990-08-01,836.3199999999999
NN3-009,1990-09-01,14427.400000000007
NN3-009,1990-10-01,14427.400000000007
NN3-009,1990-11-01,836.3199999999999
NN3-009,1990-12-01,836.3199999999999
NN3-009,1991-01-01,836.3199999999999
NN3-009,1991-02-01,836.3199999999999
NN3-009,1991-03-01,836.3199999999999
NN3-009,1991-04-01,1994.6537791796206
NN3-009,1991-05-01,836.3199999999999
NN3-009,1991-06-01,836.3199999999999
NN3-009,1991-07-01,14427.400000000007
NN3-009,1991-08-01,14427.400000000007
NN3-009,1991-09-01,836.3199999999999
NN3-009,1991-10-01,836.3199999999999
NN3-009,1991-11-01,836.3199999999999
NN3-009,1991-12-01,14427.400000000007
NN3-009,1992-01-01,836.3199999999999
NN3-009,1992-02-01,836.3199999999999
NN3-009,1992-03-01,836.3199999999999
NN3-009,1992-04-01,836.3199999999999
NN3-009,1992-05-01,836.3199999999999
NN3-009,1992-06-01,836.3199999999999
NN3-009,1992-07-01,14427.400000000007
NN3-009,1992-08-01,836.3199999999999
NN3-009,1992-09-01,14427.400000000007
NN3-009,1992-10-01,14427.400000000007
NN3-009,1992-11-01,836.3199999999999
NN3-009,1992-12-01,14427.400000000007
NN3-009,1993-01-01,14427.400000000007
NN3-009,1993-02-01,836.3199999999999
NN3-009,1993-03-01,14427.400000000007
NN3-010,1990-01-01,14427.400000000007
NN3-010,1990-02-01,14427.400000000007
NN3-010,1990-03-01,836.3199999999999
NN3-010,1990-04-01,836.3199999999999
NN3-010,1990-05-01,14427.400000000007
NN3-010,1990-06-01,836.3199999999999
NN3-010,1990-07-01,836.3199999999999
NN3-010,1990-08-01,14427.400000000007
NN3-010,1990-09-01,836.3199999999999
NN3-010,1990-10-01,14427.400000000007
NN3-010,1990-11-01,836.3199999999999
NN3-010,1990-12-01,14427.400000000007
NN3-010,1991-01-01,14427.400000000007
NN3-010,1991-02-01,836.3199999999999
NN3-010,1991-03-01,14427.400000000007
NN3-010,1991-04-01,14427.400000000007
NN3-010,1991-05-01,1520.5557918205504
NN3-010,1991-06-01,836.3199999999999
NN3-010,1991-07-01,14427.400000000007
NN3-010,1991-08-01,836.3199999999999
NN3-010,1991-09-01,14427.400000000007
NN3-010,1991-10-01,836.3199999999999
NN3-010,1991-11-01,14427.400000000007
NN3-010,1991-12-01,14427.400000000007
NN3-010,1992-01-01,14427.400000000007
NN3-010,1992-02-01,14427.400000000007
NN3-010,1992-03-01,836.3199999999999
NN3-010,1992-04-01,14427.400000000007
NN3-010,1992-05-01,14427.400000000007
NN3-010,1992-06-01,13808.002823423953
NN3-010,1992-07-01,14427.400000000007
NN3-010,1992-08-01,14427.400000000007
NN3-010,1992-09-01,836.3199999999999
NN3-010,1992-10-01,836.3199999999999
NN3-010,1992-11-01,836.3199999999999
NN3-010,1992-12-01,836.3199999999999
NN3-010,1993-01-01,836.3199999999999
NN3-010,1993-02-01,836.3199999999999
NN3-010,1993-03-01,14427.400000000007
NN3-011,1990-01-01,836.3199999999999
NN3-011,1990-02-01,14427.400000000007
NN3-011,1990-03-01,14427.400000000007
NN3-011,1990-04-01,836.3199999999999
NN3-011,1990-05-01,836.3199999999999
NN3-011,1990-06-01,836.3199999999999
NN3-011,1990-07-01,836.3199999999999
NN3-011,1990-08-01,14427.400000000007
NN3-011,1990-09-01,836.3199999999999
NN3-011,1990-10-01,14427.400000000007
NN3-011,1990-11-01,836.3199999999999
NN3-011,1990-12-01,14427.400000000007
NN3-011,1991-01-01,836.3199999999999
NN3-011,1991-02-01,14427.400000000007
NN3-011,1991-03-01,836.3199999999999
NN3-011,1991-04-01,836.3199999999999
NN3-011,1991-05-01,14427.400000000007
NN3-011,1991-06-01,836.3199999999999
NN3-011,1991-07-01,14427.400000000007
NN3-011,1991-08-01,836.3199999999999
NN3-011,1991-09-01,836.3199999999999
NN3-011,1991-10-01,14427.400000000007
NN3-011,1991-11-01,14427.400000000007
NN3-011,1991-12-01,14427.400000000007
NN3-011,1992-01-01,14427.400000000007
NN3-011,1992-02-01,14427.400000000007
NN3-011,1992-03-01,836.3199999999999
NN3-011,1992-04-01,836.3199999999999
NN3-011,1992-05-01,14427.400000000007
NN3-011,1992-06-01,14427.400000000007
NN3-011,1992-07-01,836.3199999999999
NN3-011,1992-08-01,836.3199999999999
NN3-011,1992-09-01,836.3199999999999
NN3-011,1992-10-01,836.3199999999999
NN3-011,1992-11-01,836.3199999999999
NN3-011,1992-12-01,14427.400000000007
NN3-011,1993-01-01,836.3199999999999
NN3-011,1993-02-01,836.3199999999999
NN3-011,1993-03-01,14427.400000000007
NN3-012,1990-01-01,14427.400000000007
NN3-012,1990-02-01,14427.400000000007
NN3-012,1990-03-01,836.3199999999999
NN3-012,1990-04-01,14427.400000000007
NN3-012,1990-05-01,14427.400000000007
NN3-012,1990-06-01,14427.400000000007
NN3-012,1990-07-01,13293.612307285759
NN3-012,1990-08-01,836.3199999999999
NN3-012,1990-09-01,836.3199999999999
NN3-012,1990-10-01,14427.400000000007
NN3-012,1990-11-01,14427.400000000007
NN3-012,1990-12-01,14427.400000000007
NN3-012,1991-01-01,836.3199999999999
NN3-012,1991-02-01,14427.400000000007
NN3-012,1991-03-01,14427.400000000007
NN3-012,1991-04-01,836.3199999999999
NN3-012,1991-05-01,14427.400000000007
NN3-012,1991-06-01,14427.400000000007
NN3-012,1991-07-01,836.3199999999999
NN3-012,1991-08-01,14427.400000000007
NN3-012,1991-09-01,836.3199999999999
NN3-012,1991-10-01,836.3199999999999
NN3-012,1991-11-01,836.3199999999999
NN3-012,1991-12-01,836.3199999999999
NN3-012,1992-01-01,14427.400000000007
NN3-012,1992-02-01,836.3199999999999
NN3-012,1992-03-01,836.3199999999999
NN3-012,1992-04-01,836.3199999999999
NN3-012,1992-05-01,14427.400000000007
NN3-012,1992-06-01,836.3199999999999
NN3-012,1992-07-01,836.3199999999999
NN3-012,1992-08-01,14427.400000000007
NN3-012,1992-09-01,836.3199999999999
NN3-012,1992-10-01,836.3199999999999
NN3-012,1992-11-01,14427.400000000007
NN3-012,1992-12-01,836.3199999999999
NN3-012,1993-01-01,836.3199999999999
NN3-012,1993-02-01,14427.400000000007
NN3-012,1993-03-01,8750.832689961899
NN3-013,1990-01-01,14427.400000000007
NN3-013,1990-02-01,14427.400000000007
NN3-013,1990-03-01,14427.400000000007
NN3-013,1990-04-01,836.3199999999999
NN3-013,1990-05-01,14427.400000000007
NN3-013,1990-06-01,836.3199999999999
NN3-013,1990-07-01,9772.461773568393
NN3-013,1990-08-01,14427.400000000007
NN3-013,1990-09-01,836.3199999999999
NN3-013,1990-10-01,14427.400000000007
NN3-013,1990-11-01,836.3199999999999
NN3-013,1990-12-01,836.3199999999999
NN3-013,1991-01-01,14427.400000000007
NN3-013,1991-02-01,836.3199999999999
NN3-013,1991-03-01,14427.400000000007
NN3-013,1991-04-01,14427.400000000007
NN3-013,1991-05-01,14427.400000000007
NN3-013,1991-06-01,836.3199999999999
NN3-013,1991-07-01,14427.400000000007
NN3-013,1991-08-01,836.3199999999999
NN3-013,1991-09-01,836.3199999999999
NN3-013,1991-10-01,836.3199999999999
NN3-013,1991-11-01,836.3199999999999
NN3-013,1991-12-01,14427.400000000007
NN3-013,1992-01-01,14427.400000000007
NN3-013,1992-02-01,14427.400000000007
NN3-013,1992-03-01,6324.255367203276
NN3-013,1992-04-01,14427.400000000007
NN3-013,1992-05-01,14427.400000000007
NN3-013,1992-06-01,836.3199999999999
NN3-013,1992-07-01,836.3199999999999
NN3-013,1992-08-01,14427.400000000007
NN3-013,1992-09-01,14427.400000000007
NN3-013,1992-10-01,836.3199999999999
NN3-013,1992-11-01,14427.400000000007
NN3-013,1992-12-01,14427.400000000007
NN3-013,1993-01-01,836.3199999999999
NN3-013,1993-02-01,14427.400000000007
NN3-013,1993-03-01,14427.400000000007
NN3-014,1990-01-01,836.3199999999999
NN3-014,1990-02-01,14427.400000000007
NN3-014,1990-03-01,836.3199999999999
NN3-014,1990-04-01,14427.400000000007
NN3-014,1990-05-01,14427.400000000007
NN3-014,1990-06-01,836.3199999999999
NN3-014,1990-07-01,836.3199999999999
NN3-014,1990-08-01,836.3199999999999
NN3-014,1990-09-01,836.3199999999999
NN3-014,1990-10-01,836.3199999999999
NN3-014,1990-11-01,836.3199999999999
NN3-014,1990-12-01,14427.400000000007
NN3-014,1991-01-01,14427.400000000007
NN3-014,1991-02-01,14427.400000000007
NN3-014,1991-03-01,14427.400000000007
NN3-014,1991-04-01,836.3199999999999
NN3-014,1991-05-01,836.3199999999999
NN3-014,1991-06-01,14427.400000000007
NN3-014,1991-07-01,836.3199999999999
NN3-014,1991-08-01,14427.400000000007
NN3-014,1991-09-01,14427.400000000007
NN3-014,1991-10-01,13497.478871447303
NN3-014,1991-11-01,14427.400000000007
NN3-014,1991-12-01,14427.400000000007
NN3-014,1992-01-01,836.3199999999999
NN3-014,1992-02-01,836.3199999999999
NN3-014,1992-03-01,836.3199999999999
NN3-014,1992-04-01,836.3199999999999
NN3-014,1992-05-01,836.3199999999999
NN3-014,1992-06-01,14427.400000000007
NN3-014,1992-07-01,14427.400000000007
NN3-014,1992-08-01,14427.400000000007
NN3-014,1992-09-01,836.3199999999999
NN3-014,1992-10-01,836.3199999999999
NN3-014,1992-11-01,14427.400000000007
NN3-014,1992-12-01,14427.400000000007
NN3-014,1993-01-01,836.3199999999999
NN3-014,1993-02-01,836.3199999999999
NN3-014,1993-03-01,836.3199999999999
NN3-015,1990-01-01,14427.400000000007
NN3-015,1990-02-01,14427.400000000007
NN3-015,1990-03-01,14427.400000000007
NN3-015,1990-04-01,836.3199999999999
NN3-015,1990-05-01,14427.400000000007
NN3-015,1990-06-01,14427.400000000007
NN3-015,1990-07-01,14427.400000000007
NN3-015,1990-08-01,836.3199999999999
NN3-015,1990-09-01,836.3199999999999
NN3-015,1990-10-01,836.3199999999999
NN3-015,1990-11-01,14427.400000000007
NN3-015,1990-12-01,3743.110191826681
NN3-015,1991-01-01,14427.400000000007
NN3-015,1991-02-01,836.3199999999999
NN3-015,1991-03-01,836.3199999999999
NN3-015,1991-04-01,2277.2994443350335
NN3-015,1991-05-01,14427.400000000007
NN3-015,1991-06-01,836.3199999999999
NN3-015,1991-07-01,14427.400000000007
NN3-015,1991-08-01,1951.275235173263
NN3-015,1991-09-01,14427.400000000007
NN3-015,1991-10-01,14427.400000000007
NN3-015,1991-11-01,836.3199999999999
NN3-015,1991-12-01,836.3199999999999
NN3-015,1992-01-01,836.3199999999999
NN3-015,1992-02-01,836.3199999999999
NN3-015,1992-03-01,836.3199999999999
NN3-015,1992-04-01,836.3199999999999
NN3-015,1992-05-01,14427.400000000007
NN3-015,1992-06-01,836.3199999999999
NN3-015,1992-07-01,14427.400000000007
NN3-015,1992-08-01,14427.400000000007
NN3-015,1992-09-01,7196.527490170575
NN3-015,1992-10-01,836.3199999999999
NN3-015,1992-11-01,836.3199999999999
NN3-015,1992-12-01,14427.400000000007
NN3-015,1993-01-01,14427.400000000007
NN3-015,1993-02-01,2040.1807840534857
NN3-015,1993-03-01,836.3199999999999
NN3-016,1990-01-01,14427.400000000007
NN3-016,1990-02-01,14427.400000000007
NN3-016,1990-03-01,836.3199999999999
NN3-016,1990-04-01,14427.400000000007
NN3-016,1990-05-01,836.3199999999999
NN3-016,1990-06-01,836.3199999999999
NN3-016,1990-07-01,836.3199999999999
NN3-016,1990-08-01,836.3199999999999
NN3-016,1990-09-01,836.3199999999999
NN3-016,1990-10-01,836.3199999999999
NN3-016,1990-11-01,836.3199999999999
NN3-016,1990-12-01,14427.400000000007
NN3-016,1991-01-01,836.3199999999999
NN3-016,1991-02-01,14427.400000000007
NN3-016,1991-03-01,836.3199999999999
NN3-016,1991-04-01,14427.400000000007
NN3-016,1991-05-01,836.3199999999999
NN3-016,1991-06-01,14427.400000000007
NN3-016,1991-07-01,836.3199999999999
NN3-016,1991-08-01,836.3199999999999
NN3-016,1991-09-01,14427.400000000007
NN3-016,1991-10-01,14427.400000000007
NN3-016,1991-11-01,14427.400000000007
NN3-016,1991-12-01,836.3199999999999
NN3-016,1992-01-01,14427.400000000007
NN3-016,1992-02-01,14427.400000000007
NN3-016,1992-03-01,836.3199999999999
NN3-016,1992-04-01,13072.469670065271
NN3-016,1992-05-01,836.3199999999999
NN3-016,1992-06-01,836.3199999999999
NN3-016,1992-07-01,14427.400000000007
NN3-016,1992-08-01,3778.6259636616232
NN3-016,1992-09-01,836.3199999999999
NN3-016,1992-10-01,14427.400000000007
NN3-016,1992-11-01,14427.400000000007
NN3-016,1992-12-01,836.3199999999999
NN3-016,1993-01-01,14427.400000000007
NN3-016,1993-02-01,14427.400000000007
NN3-016,1993-03-01,836.3199999999999
NN3-017,1990-01-01,836.3199999999999
NN3-017,1990-02-01,836.3199999999999
NN3-017,1990-03-01,14427.400000000007
NN3-017,1990-04-01,14427.400000000007
NN3-017,1990-05-01,836.3199999999999
NN3-017,1990-06-01,836.3199999999999
NN3-017,1990-07-01,836.3199999999999
NN3-017,1990-08-01,836.3199999999999
NN3-017,1990-09-01,836.3199999999999
NN3-017,1990-10-01,14427.400000000007
NN3-017,1990-11-01,836.3199999999999
NN3-017,1990-12-01,836.3199999999999
NN3-017,1991-01-01,14427.400000000007
NN3-017,1991-02-01,836.3199999999999
NN3-017,1991-03-01,14427.400000000007
NN3-017,1991-04-01,836.3199999999999
NN3-017,1991-05-01,836.3199999999999
NN3-017,1991-06-01,836.3199999999999
NN3-017,1991-07-01,14427.400000000007
NN3-017,1991-08-01,9640.485516184572
NN3-017,1991-09-01,14427.400000000007
NN3-017,1991-10-01,14427.400000000007
NN3-017,1991-11-01,836.3199999999999
NN3-017,1991-12-01,14427.400000000007
NN3-017,1992-01-01,836.3199999999999
NN3-017,1992-02-01,836.3199999999999
NN3-017,1992-03-01,14427.400000000007
NN3-017,1992-04-01,14427.400000000007
NN3-017,1992-05-01,14427.400000000007
NN3-017,1992-06-01,14427.400000000007
NN3-017,1992-07-01,836.3199999999999
NN3-017,1992-08-01,14427.400000000007
NN3-017,1992-09-01,14427.400000000007
NN3-017,1992-10-01,836.3199999999999
NN3-017,1992-11-01,14427.400000000007
NN3-017,1992-12-01,14427.400000000007
NN3-017,1993-01-01,14427.400000000007
NN3-017,1993-02-01,836.3199999999999
NN3-017,1993-03-01,836.3199999999999
NN3-018,1990-01-01,836.3199999999999
NN3-018,1990-02-01,836.3199999999999
NN3-018,1990-03-01,14427.400000000007
NN3-018,1990-04-01,14427.400000000007
NN3-018,1990-05-01,836.3199999999999
NN3-018,1990-06-01,836.3199999999999
NN3-018,1990-07-01,14427.400000000007
NN3-018,1990-08-01,836.3199999999999
NN3-018,1990-09-01,14427.400000000007
NN3-018,1990-10-01,836.3199999999999
NN3-018,1990-11-01,14427.400000000007
NN3-018,1990-12-01,8913.004712570339
NN3-018,1991-01-01,836.3199999999999
NN3-018,1991-02-01,14427.400000000007
NN3-018,1991-03-01,836.3199999999999
NN3-018,1991-04-01,14427.400000000007
NN3-018,1991-05-01,12680.282947430476
NN3-018,1991-06-01,14427.400000000007
NN3-018,1991-07-01,836.3199999999999
NN3-018,1991-08-01,836.3199999999999
NN3-018,1991-09-01,836.3199999999999
NN3-018,1991-10-01,836.3199999999999
NN3-018,1991-11-01,14427.400000000007
NN3-018,1991-12-01,14427.400000000007
NN3-018,1992-01-01,14427.400000000007
NN3-018,1992-02-01,836.3199999999999
NN3-018,1992-03-01,836.3199999999999
NN3-018,1992-04-01,14427.400000000007
NN3-018,1992-05-01,836.3199999999999
NN3-018,1992-06-01,836.3199999999999
NN3-018,1992-07-01,836.3199999999999
NN3-018,1992-08-01,836.3199999999999
NN3-018,1992-09-01,10334.254560469148
NN3-018,1992-10-01,836.3199999999999
NN3-018,1992-11-01,836.3199999999999
NN3-018,1992-12-01,14427.400000000007
NN3-018,1993-01-01,14427.400000000007
NN3-018,1993-02-01,14427.400000000007
NN3-018,1993-03-01,6446.4462335622375
NN3-019,1990-01-01,836.3199999999999
NN3-019,1990-02-01,14427.400000000007
NN3-019,1990-03-01,14427.400000000007
NN3-019,1990-04-01,14427.400000000007
NN3-019,1990-05-01,836.3199999999999
NN3-019,1990-06-01,836.3199999999999
NN3-019,1990-07-01,836.3199999999999
NN3-019,1990-08-01,14427.400000000007
NN3-019,1990-09-01,836.3199999999999
NN3-019,1990-10-01,836.3199999999999
NN3-019,1990-11-01,14427.400000000007
NN3-019,1990-12-01,836.3199999999999
NN3-019,1991-01-01,5842.824970402975
NN3-019,1991-02-01,836.3199999999999
NN3-019,1991-03-01,836.3199999999999
NN3-019,1991-04-01,7098.025132163835
NN3-019,1991-05-01,14427.400000000007
NN3-019,1991-06-01,14427.400000000007
NN3-019,1991-07-01,836.3199999999999
NN3-019,1991-08-01,14427.400000000007
NN3-019,1991-09-01,14427.400000000007
NN3-019,1991-10-01,836.3199999999999
NN3-019,1991-11-01,836.3199999999999
NN3-019,1991-12-01,836.3199999999999
NN3-019,1992-01-01,14427.400000000007
NN3-019,1992-02-01,14427.400000000007
NN3-019,1992-03-01,836.3199999999999
NN3-019,1992-04-01,14427.400000000007
NN3-019,1992-05-01,836.3199999999999
NN3-019,1992-06-01,14427.400000000007
NN3-019,1992-07-01,14427.400000000007
NN3-019,1992-08-01,836.3199999999999
NN3-019,1992-09-01,14427.400000000007
NN3-019,1992-10-01,836.3199999999999
NN3-019,1992-11-01,14427.400000000007
NN3-019,1992-12-01,836.3199999999999
NN3-019,1993-01-01,14427.400000000007
NN3-019,1993-02-01,14427.400000000007
NN3-019,1993-03-01,14427.400000000007
NN3-020,1990-01-01,836.3199999999999
NN3-020,1990-02-01,836.3199999999999
NN3-020,1990-03-01,836.3199999999999
NN3-020,1990-04-01,836.3199999999999
NN3-020,1990-05-01,14427.400000000007
NN3-020,1990-06-01,836.3199999999999
NN3-020,1990-07-01,836.3199999999999
NN3-020,1990-08-01,836.3199999999999
NN3-020,1990-09-01,14427.400000000007
NN3-020,1990-10-01,836.3199999999999
NN3-020,1990-11-01,836.3199999999999
NN3-020,1990-12-01,836.3199999999999
NN3-020,1991-01-01,14427.400000000007
NN3-020,1991-02-01,836.3199999999999
NN3-020,1991-03-01,836.3199999999999
NN3-020,1991-04-01,14427.400000000007
NN3-020,1991-05-01,14427.400000000007
NN3-020,1991-06-01,836.3199999999999
NN3-020,1991-07-01,836.3199999999999
NN3-020,1991-08-01,14427.400000000007
NN3-020,1991-09-01,14427.400000000007
NN3-020,1991-10-01,836.3199999999999
NN3-020,1991-11-01,14427.400000000007
NN3-020,1991-12-01,5052.521782190811
NN3-020,1992-01-01,14427.400000000007
NN3-020,1992-02-01,836.3199999999999
NN3-020,1992-03-01,14427.400000000007
NN3-020,1992-04-01,13930.415397776382
NN3-020,1992-05-01,836.3199999999999
NN3-020,1992-06-01,14427.400000000007
NN3-020,1992-07-01,6323.104148235886
NN3-020,1992-08-01,7381.5863695830485
NN3-020,1992-09-01,14427.400000000007
NN3-020,1992-10-01,14427.400000000007
NN3-020,1992-11-01,836.3199999999999
NN3-020,1992-12-01,836.3199999999999
NN3-020,1993-01-01,14427.400000000007
NN3-020,1993-02-01,836.3199999999999
NN3-020,1993-03-01,14427.400000000007
NN3-021,1990-01-01,836.3199999999999
NN3-021,1990-02-01,836.3199999999999
NN3-021,1990-03-01,836.3199999999999
NN3-021,1990-04-01,836.3199999999999
NN3-021,1990-05-01,14427.400000000007
NN3-021,1990-06-01,836.3199999999999
NN3-021,1990-07-01,836.3199999999999
NN3-021,1990-08-01,14427.400000000007
NN3-021,1990-09-01,836.3199999999999
NN3-021,1990-10-01,14427.400000000007
NN3-021,1990-11-01,14427.400000000007
NN3-021,1990-12-01,836.3199999999999
NN3-021,1991-01-01,8865.444719825882
NN3-021,1991-02-01,836.3199999999999
NN3-021,1991-03-01,14427.400000000007
NN3-021,1991-04-01,836.3199999999999
NN3-021,1991-05-01,836.3199999999999
NN3-021,1991-06-01,14427.400000000007
NN3-021,1991-07-01,836.3199999999999
NN3-021,1991-08-01,836.3199999999999
NN3-021,1991-09-01,836.3199999999999
NN3-021,1991-10-01,14427.400000000007
NN3-021,1991-11-01,14427.400000000007
NN3-021,1991-12-01,14427.400000000007
NN3-021,1992-01-01,836.3199999999999
NN3-021,1992-02-01,836.3199999999999
NN3-021,1992-03-01,14427.400000000007
NN3-021,1992-04-01,5295.558763519869
NN3-021,1992-05-01,14427.400000000007
NN3-021,1992-06-01,14427.400000000007
NN3-021,1992-07-01,14427.400000000007
NN3-021,1992-08-01,14427.400000000007
NN3-021,1992-09-01,836.3199999999999
NN3-021,1992-10-01,836.3199999999999
NN3-021,1992-11-01,836.3199999999999
NN3-021,1992-12-01,836.3199999999999
NN3-021,1993-01-01,14427.400000000007
NN3-021,1993-02-01,14427.400000000007
NN3-021,1993-03-01,836.3199999999999
NN3-022,1990-01-01,14427.400000000007
NN3-022,1990-02-01,14427.400000000007
NN3-022,1990-03-01,836.3199999999999
NN3-022,1990-04-01,836.3199999999999
NN3-022,1990-05-01,14427.400000000007
NN3-022,1990-06-01,836.3199999999999
NN3-022,1990-07-01,14427.400000000007
NN3-022,1990-08-01,836.3199999999999
NN3-022,1990-09-01,836.3199999999999
NN3-022,1990-10-01,14427.400000000007
NN3-022,1990-11-01,10280.465709741404
NN3-022,1990-12-01,836.3199999999999
NN3-022,1991-01-01,14427.400000000007
NN3-022,1991-02-01,836.3199999999999
NN3-022,1991-03-01,14427.400000000007
NN3-022,1991-04-01,836.3199999999999
NN3-022,1991-05-01,14427.400000000007
NN3-022,1991-06-01,14427.400000000007
NN3-022,1991-07-01,14427.400000000007
NN3-022,1991-08-01,14427.400000000007
NN3-022,1991-09-01,14427.400000000007
NN3-022,1991-10-01,836.3199999999999
NN3-022,1991-11-01,836.3199999999999
NN3-022,1991-12-01,14427.400000000007
NN3-022,1992-01-01,836.3199999999999
NN3-022,1992-02-01,14427.400000000007
NN3-022,1992-03-01,836.3199999999999
NN3-022,1992-04-01,14427.400000000007
NN3-022,1992-05-01,836.3199999999999
NN3-022,1992-06-01,836.3199999999999
NN3-022,1992-07-01,14427.400000000007
NN3-022,1992-08-01,14427.400000000007
NN3-022,1992-09-01,836.3199999999999
NN3-022,1992-10-01,14427.400000000007
NN3-022,1992-11-01,14427.400000000007
NN3-022,1992-12-01,14427.400000000007
NN3-022,1993-01-01,836.3199999999999
NN3-022,1993-02-01,14427.400000000007
NN3-023,1990-01-01,836.3199999999999
NN3-023,1990-02-01,3358.1834465262127
NN3-023,1990-03-01,836.3199999999999
NN3-023,1990-04-01,14427.400000000007
NN3-023,1990-05-01,14427.400000000007
NN3-023,1990-06-01,836.3199999999999
NN3-023,1990-07-01,836.3199999999999
NN3-023,1990-08-01,14427.400000000007
NN3-023,1990-09-01,14427.400000000007
NN3-023,1990-10-01,14427.400000000007
NN3-023,1990-11-01,7601.334554639357
NN3-023,1990-12-01,14427.400000000007
NN3-023,1991-01-01,14427.400000000007
NN3-023,1991-02-01,14427.400000000007
NN3-023,1991-03-01,836.3199999999999
NN3-023,1991-04-01,14427.400000000007
NN3-023,1991-05-01,14427.400000000007
NN3-023,1991-06-01,836.3199999999999
NN3-023,1991-07-01,836.3199999999999
NN3-023,1991-08-01,836.3199999999999
NN3-023,1991-09-01,14427.400000000007
NN3-023,1991-10-01,836.3199999999999
NN3-023,1991-11-01,836.3199999999999
NN3-023,1991-12-01,836.3199999999999
NN3-023,1992-01-01,14427.400000000007
NN3-023,1992-02-01,14427.400000000007
NN3-023,1992-03-01,836.3199999999999
NN3-023,1992-04-01,836.3199999999999
NN3-023,1992-05-01,10479.87147178024
NN3-023,1992-06-01,14427.400000000007
NN3-023,1992-07-01,836.3199999999999
NN3-023,1992-08-01,14427.400000000007
NN3-023,1992-09-01,14427.400000000007
NN3-023,1992-10-01,14427.400000000007
NN3-023,1992-11-01,14427.400000000007
NN3-023,1992-12-01,836.3199999999999
NN3-023,1993-01-01,14427.400000000007
NN3-023,1993-02-01,14427.400000000007
NN3-023,1993-03-01,14427.400000000007
NN3-024,1990-01-01,836.3199999999999
NN3-024,1990-02-01,836.3199999999999
NN3-024,1990-03-01,14427.400000000007
NN3-024,1990-04-01,14427.400000000007
NN3-024,1990-05-01,14427.400000000007
NN3-024,1990-06-01,836.3199999999999
NN3-024,1990-07-01,836.3199999999999
NN3-024,1990-08-01,14427.400000000007
NN3-024,1990-09-01,836.3199999999999
NN3-024,1990-10-01,13459.849743284414
NN3-024,1990-11-01,14427.400000000007
NN3-024,1990-12-01,836.3199999999999
NN3-024,1991-01-01,14427.400000000007
NN3-024,1991-02-01,836.3199999999999
NN3-024,1991-03-01,836.3199999999999
NN3-024,1991-04-01,836.3199999999999
NN3-024,1991-05-01,14427.400000000007
NN3-024,1991-06-01,14427.400000000007
NN3-024,1991-07-01,836.3199999999999
NN3-024,1991-08-01,14427.400000000007
NN3-024,1991-09-01,836.3199999999999
NN3-024,1991-10-01,836.3199999999999
NN3-024,1991-11-01,14427.400000000007
NN3-024,1991-12-01,14427.400000000007
NN3-024,1992-01-01,836.3199999999999
NN3-024,1992-02-01,14427.400000000007
NN3-024,1992-03-01,14427.400000000007
NN3-024,1992-04-01,836.3199999999999
NN3-024,1992-05-01,836.3199999999999
NN3-024,1992-06-01,14427.400000000007
NN3-024,1992-07-01,14427.400000000007
NN3-024,1992-08-01,14427.400000000007
NN3-024,1992-09-01,14427.400000000007
NN3-024,1992-10-01,836.3199999999999
NN3-024,1992-11-01,836.3199999999999
NN3-024,1992-12-01,14427.400000000007
NN3-024,1993-01-01,14427.400000000007
NN3-024,1993-02-01,836.3199999999999
NN3-024,1993-03-01,836.3199999999999
NN3-025,1990-01-01,14427.400000000007
NN3-025,1990-02-01,14427.400000000007
NN3-025,1990-03-01,836.3199999999999
NN3-025,1990-04-01,14427.400000000007
NN3-025,1990-05-01,14427.400000000007
NN3-025,1990-06-01,836.3199999999999
NN3-025,1990-07-01,836.3199999999999
NN3-025,1990-08-01,14427.400000000007
NN3-025,1990-09-01,14427.400000000007
NN3-025,1990-10-01,14427.400000000007
NN3-025,1990-11-01,14427.400000000007
NN3-025,1990-12-01,836.3199999999999
NN3-025,1991-01-01,14427.400000000007
NN3-025,1991-02-01,14427.400000000007
NN3-025,1991-03-01,836.3199999999999
NN3-025,1991-04-01,14427.400000000007
NN3-025,1991-05-01,836.3199999999999
NN3-025,1991-06-01,14427.400000000007
NN3-025,1991-07-01,836.3199999999999
NN3-025,1991-08-01,836.3199999999999
NN3-025,1991-09-01,1957.3680176961911
NN3-025,1991-10-01,836.3199999999999
NN3-025,1991-11-01,836.3199999999999
NN3-025,1991-12-01,836.3199999999999
NN3-025,1992-01-01,14427.400000000007
NN3-025,1992-02-01,14427.400000000007
NN3-025,1992-03-01,836.3199999999999
NN3-025,1992-04-01,14427.400000000007
NN3-025,1992-05-01,836.3199999999999
NN3-025,1992-06-01,14427.400000000007
NN3-025,1992-07-01,836.3199999999999
NN3-025,1992-08-01,14427.400000000007
NN3-025,1992-09-01,14427.400000000007
NN3-025,1992-10-01,836.3199999999999
NN3-025,1992-11-01,14427.400000000007
NN3-025,1992-12-01,14427.400000000007
NN3-025,1993-01-01,14427.400000000007
NN3-025,1993-02-01,2353.7187629241052
NN3-025,1993-03-01,836.3199999999999
NN3-026,1990-01-01,836.3199999999999
NN3-026,1990-02-01,14427.400000000007
NN3-026,1990-03-01,836.3199999999999
NN3-026,1990-04-01,14427.400000000007
NN3-026,1990-05-01,836.3199999999999
NN3-026,1990-06-01,836.3199999999999
NN3-026,1990-07-01,14427.400000000007
NN3-026,1990-08-01,14427.400000000007
NN3-026,1990-09-01,14427.400000000007
NN3-026,1990-10-01,14427.400000000007
NN3-026,1990-11-01,8836.154903523857
NN3-026,1990-12-01,14427.400000000007
NN3-026,1991-01-01,14427.400000000007
NN3-026,1991-02-01,836.3199999999999
NN3-026,1991-03-01,14427.400000000007
NN3-026,1991-04-01,14427.400000000007
NN3-026,1991-05-01,14427.400000000007
NN3-026,1991-06-01,14427.400000000007
NN3-026,1991-07-01,836.3199999999999
NN3-026,1991-08-01,836.3199999999999
NN3-026,1991-09-01,14427.400000000007
NN3-026,1991-10-01,836.3199999999999
NN3-026,1991-11-01,836.3199999999999
NN3-026,1991-12-01,14427.400000000007
NN3-026,1992-01-01,14427.400000000007
NN3-026,1992-02-01,14427.400000000007
NN3-026,1992-03-01,836.3199999999999
NN3-026,1992-04-01,14427.400000000007
NN3-026,1992-05-01,836.3199999999999
NN3-026,1992-06-01,836.3199999999999
NN3-026,1992-07-01,836.3199999999999
NN3-026,1992-08-01,14427.400000000007
NN3-026,1992-09-01,14427.400000000007
NN3-026,1992-10-01,14427.400000000007
NN3-026,1992-11-01,14427.400000000007
NN3-026,1992-12-01,14427.400000000007
NN3-026,1993-01-01,14427.400000000007
NN3-026,1993-02-01,14427.400000000007
NN3-026,1993-03-01,836.3199999999999
NN3-027,1990-01-01,836.3199999999999
NN3-027,1990-02-01,836.3199999999999
NN3-027,1990-03-01,14427.400000000007
NN3-027,1990-04-01,14427.400000000007
NN3-027,1990-05-01,836.3199999999999
NN3-027,1990-06-01,836.3199999999999
NN3-027,1990-07-01,836.3199999999999
NN3-027,1990-08-01,14427.400000000007
NN3-027,1990-09-01,836.3199999999999
NN3-027,1990-10-01,14427.400000000007
NN3-027,1990-11-01,836.3199999999999
NN3-027,1990-12-01,14427.400000000007
NN3-027,1991-01-01,14427.400000000007
NN3-027,1991-02-01,836.3199999999999
NN3-027,1991-03-01,836.3199999999999
NN3-027,1991-04-01,14427.400000000007
NN3-027,1991-05-01,14135.569391045869
NN3-027,1991-06-01,836.3199999999999
NN3-027,1991-07-01,14427.400000000007
NN3-027,1991-08-01,13402.04947234741
NN3-027,1991-09-01,836.3199999999999
NN3-027,1991-10-01,1830.2703583911043
NN3-027,1991-11-01,14427.400000000007
NN3-027,1991-12-01,836.3199999999999
NN3-027,1992-01-01,14427.400000000007
NN3-027,1992-02-01,14427.400000000007
NN3-027,1992-03-01,836.3199999999999
NN3-027,1992-04-01,8358.504612329012
NN3-027,1992-05-01,14427.400000000007
NN3-027,1992-06-01,14427.400000000007
NN3-027,1992-07-01,7101.788235791735
NN3-027,1992-08-01,836.3199999999999
NN3-027,1992-09-01,4031.580682445606
NN3-027,1992-10-01,14427.400000000007
NN3-027,1992-11-01,14427.400000000007
NN3-027,1992-12-01,14427.400000000007
NN3-027,1993-01-01,14427.400000000007
NN3-027,1993-02-01,6649.446071022525
NN3-027,1993-03-01,836.3199999999999
NN3-028,1990-01-01,14427.400000000007
NN3-028,1990-02-01,836.3199999999999
NN3-028,1990-03-01,836.3199999999999
NN3-028,1990-04-01,14427.400000000007
NN3-028,1990-05-01,836.3199999999999
NN3-028,1990-06-01,14427.400000000007
NN3-028,1990-07-01,836.3199999999999
NN3-028,1990-08-01,14427.400000000007
NN3-028,1990-09-01,14427.400000000007
NN3-028,1990-10-01,14427.400000000007
NN3-028,1990-11-01,14427.400000000007
NN3-028,1990-12-01,14427.400000000007
NN3-028,1991-01-01,836.3199999999999
NN3-028,1991-02-01,836.3199999999999
NN3-028,1991-03-01,14427.400000000007
NN3-028,1991-04-01,14427.400000000007
NN3-028,1991-05-01,836.3199999999999
NN3-028,1991-06-01,836.3199999999999
NN3-028,1991-07-01,14427.400000000007
NN3-028,1991-08-01,836.3199999999999
NN3-028,1991-09-01,14427.400000000007
NN3-028,1991-10-01,836.3199999999999
NN3-028,1991-11-01,14427.400000000007
NN3-028,1991-12-01,836.3199999999999
NN3-028,1992-01-01,14427.400000000007
NN3-028,1992-02-01,14427.400000000007
NN3-028,1992-03-01,14427.400000000007
NN3-028,1992-04-01,13708.228064861589
NN3-028,1992-05-01,836.3199999999999
NN3-028,1992-06-01,836.3199999999999
NN3-028,1992-07-01,836.3199999999999
NN3-028,1992-08-01,14427.400000000007
NN3-028,1992-09-01,14427.400000000007
NN3-028,1992-10-01,836.3199999999999
NN3-028,1992-11-01,836.3199999999999
NN3-028,1992-12-01,14427.400000000007
NN3-028,1993-01-01,836.3199999999999
NN3-028,1993-02-01,836.3199999999999
NN3-028,1993-03-01,836.3199999999999
NN3-029,1990-01-01,836.3199999999999
NN3-029,1990-02-01,836.3199999999999
NN3-029,1990-03-01,836.3199999999999
NN3-029,1990-04-01,836.3199999999999
NN3-029,1990-05-01,14427.400000000007
NN3-029,1990-06-01,14427.400000000007
NN3-029,1990-07-01,836.3199999999999
NN3-029,1990-08-01,14427.400000000007
NN3-029,1990-09-01,14427.400000000007
NN3-029,1990-10-01,14427.400000000007
NN3-029,1990-11-01,836.3199999999999
NN3-029,1990-12-01,14427.400000000007
NN3-029,1991-01-01,836.3199999999999
NN3-029,1991-02-01,14427.400000000007
NN3-029,1991-03-01,836.3199999999999
NN3-029,1991-04-01,14427.400000000007
NN3-029,1991-05-01,836.3199999999999
NN3-029,1991-06-01,14427.400000000007
NN3-029,1991-07-01,14427.400000000007
NN3-029,1991-08-01,836.3199999999999
NN3-029,1991-09-01,836.3199999999999
NN3-029,1991-10-01,14427.400000000007
NN3-029,1991-11-01,14427.400000000007
NN3-029,1991-12-01,14427.400000000007
NN3-029,1992-01-01,836.3199999999999
NN3-029,1992-02-01,836.3199999999999
NN3-029,1992-03-01,836.3199999999999
NN3-029,1992-04-01,836.3199999999999
NN3-029,1992-05-01,14427.400000000007
NN3-029,1992-06-01,836.3199999999999
NN3-029,1992-07-01,14427.400000000007
NN3-029,1992-08-01,14427.400000000007
NN3-029,1992-09-01,836.3199999999999
NN3-029,1992-10-01,14427.400000000007
NN3-029,1992-11-01,14427.400000000007
NN3-029,1992-12-01,14427.400000000007
NN3-029,1993-01-01,14427.400000000007
NN3-029,1993-02-01,836.3199999999999
NN3-029,1993-03-01,836.3199999999999
NN3-030,1990-01-01,836.3199999999999
NN3-030,1990-02-01,14427.400000000007
NN3-030,1990-03-01,14427.400000000007
NN3-030,1990-04-01,836.3199999999999
NN3-030,1990-05-01,836.3199999999999
NN3-030,1990-06-01,13918.185533570178
NN3-030,1990-07-01,14427.400000000007
NN3-030,1990-08-01,836.3199999999999
NN3-030,1990-09-01,14427.400000000007
NN3-030,1990-10-01,836.3199999999999
NN3-030,1990-11-01,14427.400000000007
NN3-030,1990-12-01,836.3199999999999
NN3-030,1991-01-01,14427.400000000007
NN3-030,1991-02-01,9037.327421003105
NN3-030,1991-03-01,14427.400000000007
NN3-030,1991-04-01,14427.400000000007
NN3-030,1991-05-01,836.3199999999999
NN3-030,1991-06-01,13680.281337296017
NN3-030,1991-07-01,836.3199999999999
NN3-030,1991-08-01,14427.400000000007
NN3-030,1991-09-01,836.3199999999999
NN3-030,1991-10-01,13781.444995332597
NN3-030,1991-11-01,836.3199999999999
NN3-030,1991-12-01,14427.400000000007
NN3-030,1992-01-01,836.3199999999999
NN3-030,1992-02-01,14427.400000000007
NN3-030,1992-03-01,14427.400000000007
NN3-030,1992-04-01,836.3199999999999
NN3-030,1992-05-01,836.3199999999999
NN3-030,1992-06-01,14427.400000000007
NN3-030,1992-07-01,14427.400000000007
NN3-030,1992-08-01,836.3199999999999
NN3-030,1992-09-01,14427.400000000007
NN3-030,1992-10-01,14427.400000000007
NN3-030,1992-11-01,836.3199999999999
NN3-030,1992-12-01,14427.400000000007
NN3-030,1993-01-01,836.3199999999999
NN3-030,1993-02-01,836.3199999999999
NN3-030,1993-03-01,836.3199999999999
NN3-031,1990-01-01,14427.400000000007
NN3-031,1990-02-01,14427.400000000007
NN3-031,1990-03-01,14427.400000000007
NN3-031,1990-04-01,14427.400000000007
NN3-031,1990-05-01,836.3199999999999
NN3-031,1990-06-01,836.3199999999999
NN3-031,1990-07-01,14427.400000000007
NN3-031,1990-08-01,14427.400000000007
NN3-031,1990-09-01,836.3199999999999
NN3-031,1990-10-01,14427.400000000007
NN3-031,1990-11-01,14427.400000000007
NN3-031,1990-12-01,836.3199999999999
NN3-031,1991-01-01,836.3199999999999
NN3-031,1991-02-01,836.3199999999999
NN3-031,1991-03-01,836.3199999999999
NN3-031,1991-04-01,14427.400000000007
NN3-031,1991-05-01,836.3199999999999
NN3-031,1991-06-01,14427.400000000007
NN3-031,1991-07-01,836.3199999999999
NN3-031,1991-08-01,836.3199999999999
NN3-031,1991-09-01,836.3199999999999
NN3-031,1991-10-01,836.3199999999999
NN3-031,1991-11-01,14427.400000000007
NN3-031,1991-12-01,14427.400000000007
NN3-031,1992-01-01,14427.400000000007
NN3-031,1992-02-01,14427.400000000007
NN3-031,1992-03-01,836.3199999999999
NN3-031,1992-04-01,836.3199999999999
NN3-031,1992-05-01,836.3199999999999
NN3-031,1992-06-01,14427.400000000007
NN3-031,1992-07-01,14427.400000000007
NN3-031,1992-08-01,836.3199999999999
NN3-031,1992-09-01,2001.0675699407993
NN3-031,1992-10-01,14427.400000000007
NN3-031,1992-11-01,836.3199999999999
NN3-031,1992-12-01,836.3199999999999
NN3-031,1993-01-01,14427.400000000007
NN3-031,1993-02-01,14427.400000000007
NN3-032,1990-01-01,14427.400000000007
NN3-032,1990-02-01,14427.400000000007
NN3-032,1990-03-01,14427.400000000007
NN3-032,1990-04-01,836.3199999999999
NN3-032,1990-05-01,14427.400000000007
NN3-032,1990-06-01,836.3199999999999
NN3-032,1990-07-01,836.3199999999999
NN3-032,1990-08-01,14427.400000000007
NN3-032,1990-09-01,14427.400000000007
NN3-032,1990-10-01,836.3199999999999
NN3-032,1990-11-01,14427.400000000007
NN3-032,1990-12-01,836.3199999999999
NN3-032,1991-01-01,14427.400000000007
NN3-032,1991-02-01,14427.400000000007
NN3-032,1991-03-01,14427.400000000007
NN3-032,1991-04-01,836.3199999999999
NN3-032,1991-05-01,836.3199999999999
NN3-032,1991-06-01,14427.400000000007
NN3-032,1991-07-01,14427.400000000007
NN3-032,1991-08-01,836.3199999999999
NN3-032,1991-09-01,3913.498736313207
NN3-032,1991-10-01,14427.400000000007
NN3-032,1991-11-01,836.3199999999999
NN3-032,1991-12-01,14427.400000000007
NN3-032,1992-01-01,836.3199999999999
NN3-032,1992-02-01,14427.400000000007
NN3-032,1992-03-01,14427.400000000007
NN3-032,1992-04-01,14427.400000000007
NN3-032,1992-05-01,836.3199999999999
NN3-032,1992-06-01,836.3199999999999
NN3-032,1992-07-01,14427.400000000007
NN3-032,1992-08-01,14427.400000000007
NN3-032,1992-09-01,14427.400000000007
NN3-032,1992-10-01,836.3199999999999
NN3-032,1992-11-01,836.3199999999999
NN3-032,1992-12-01,14427.400000000007
NN3-032,1993-01-01,14427.400000000007
NN3-032,1993-02-01,836.3199999999999
NN3-032,1993-03-01,836.3199999999999
NN3-033,1990-01-01,14427.400000000007
NN3-033,1990-02-01,14427.400000000007
NN3-033,1990-03-01,836.3199999999999
NN3-033,1990-04-01,836.3199999999999
NN3-033,1990-05-01,836.3199999999999
NN3-033,1990-06-01,836.3199999999999
NN3-033,1990-07-01,836.3199999999999
NN3-033,1990-08-01,836.3199999999999
NN3-033,1990-09-01,14427.400000000007
NN3-033,1990-10-01,5923.1865304212315
NN3-033,1990-11-01,836.3199999999999
NN3-033,1990-12-01,14427.400000000007
NN3-033,1991-01-01,14427.400000000007
NN3-033,1991-02-01,836.3199999999999
NN3-033,1991-03-01,836.3199999999999
NN3-033,1991-04-01,14427.400000000007
NN3-033,1991-05-01,14427.400000000007
NN3-033,1991-06-01,14427.400000000007
NN3-033,1991-07-01,14427.400000000007
NN3-033,1991-08-01,14427.400000000007
NN3-033,1991-09-01,14427.400000000007
NN3-033,1991-10-01,4842.350412685606
NN3-033,1991-11-01,836.3199999999999
NN3-033,1991-12-01,2859.8724726416176
NN3-033,1992-01-01,836.3199999999999
NN3-033,1992-02-01,14427.400000000007
NN3-033,1992-03-01,14427.400000000007
NN3-033,1992-04-01,836.3199999999999
NN3-033,1992-05-01,836.3199999999999
NN3-033,1992-06-01,14427.400000000007
NN3-033,1992-07-01,836.3199999999999
NN3-033,1992-08-01,14427.400000000007
NN3-033,1992-09-01,14427.400000000007
NN3-033,1992-10-01,836.3199999999999
NN3-033,1992-11-01,836.3199999999999
NN3-033,1992-12-01,14427.400000000007
NN3-033,1993-01-01,836.3199999999999
NN3-033,1993-02-01,14427.400000000007
NN3-033,1993-03-01,836.3199999999999
NN3-034,1990-01-01,14427.400000000007
NN3-034,1990-02-01,836.3199999999999
NN3-034,1990-03-01,14427.400000000007
NN3-034,1990-04-01,836.3199999999999
NN3-034,1990-05-01,836.3199999999999
NN3-034,1990-06-01,4306.450639894524
NN3-034,1990-07-01,836.3199999999999
NN3-034,1990-08-01,1308.5659871268094
NN3-034,1990-09-01,14427.400000000007
NN3-034,1990-10-01,14427.400000000007
NN3-034,1990-11-01,836.3199999999999
NN3-034,1990-12-01,836.3199999999999
NN3-034,1991-01-01,836.3199999999999
NN3-034,1991-02-01,14427.400000000007
NN3-034,1991-03-01,14427.400000000007
NN3-034,1991-04-01,836.3199999999999
NN3-034,1991-05-01,14427.400000000007
NN3-034,1991-06-01,836.3199999999999
NN3-034,1991-07-01,14427.400000000007
NN3-034,1991-08-01,836.3199999999999
NN3-034,1991-09-01,14427.400000000007
NN3-034,1991-10-01,14427.400000000007
NN3-034,1991-11-01,14427.400000000007
NN3-034,1991-12-01,836.3199999999999
NN3-034,1992-01-01,12541.908439905263
NN3-034,1992-02-01,14427.400000000007
NN3-034,1992-03-01,14427.400000000007
NN3-034,1992-04-01,14427.400000000007
NN3-034,1992-05-01,836.3199999999999
NN3-034,1992-06-01,836.3199999999999
NN3-034,1992-07-01,14427.400000000007
NN3-034,1992-08-01,14427.400000000007
NN3-034,1992-09-01,836.3199999999999
NN3-034,1992-10-01,836.3199999999999
NN3-034,1992-11-01,836.3199999999999
NN3-034,1992-12-01,14427.400000000007
NN3-034,1993-01-01,836.3199999999999
NN3-034,1993-02-01,836.3199999999999
NN3-034,1993-03-01,836.3199999999999
NN3-035,1990-01-01,836.3199999999999
NN3-035,1990-02-01,836.3199999999999
NN3-035,1990-03-01,836.3199999999999
NN3-035,1990-04-01,14427.400000000007
NN3-035,1990-05-01,14427.400000000007
NN3-035,1990-06-01,836.3199999999999
NN3-035,1990-07-01,836.3199999999999
NN3-035,1990-08-01,14427.400000000007
NN3-035,1990-09-01,14427.400000000007
NN3-035,1990-10-01,14427.400000000007
NN3-035,1990-11-01,10159.222980587576
NN3-035,1990-12-01,836.3199999999999
NN3-035,1991-01-01,14427.400000000007
NN3-035,1991-02-01,14427.400000000007
NN3-035,1991-03-01,836.3199999999999
NN3-035,1991-04-01,14427.400000000007
NN3-035,1991-05-01,14427.400000000007
NN3-035,1991-06-01,836.3199999999999
NN3-035,1991-07-01,14427.400000000007
NN3-035,1991-08-01,836.3199999999999
NN3-035,1991-09-01,836.3199999999999
NN3-035,1991-10-01,14427.400000000007
NN3-035,1991-11-01,836.3199999999999
NN3-035,1991-12-01,2767.4083325260062
NN3-035,1992-01-01,836.3199999999999
NN3-035,1992-02-01,14427.400000000007
NN3-035,1992-03-01,836.3199999999999
NN3-035,1992-04-01,836.3199999999999
NN3-035,1992-05-01,836.3199999999999
NN3-035,1992-06-01,836.3199999999999
NN3-035,1992-07-01,14427.400000000007
NN3-035,1992-08-01,836.3199999999999
NN3-035,1992-09-01,14427.400000000007
NN3-035,1992-10-01,836.3199999999999
NN3-035,1992-11-01,14427.400000000007
NN3-035,1992-12-01,836.3199999999999
NN3-035,1993-01-01,836.3199999999999
NN3-035,1993-02-01,836.3199999999999
NN3-035,1993-03-01,14427.400000000007
NN3-036,1990-01-01,14427.400000000007
NN3-036,1990-02-01,14427.400000000007
NN3-036,1990-03-01,14427.400000000007
NN3-036,1990-04-01,836.3199999999999
NN3-036,1990-05-01,836.3199999999999
NN3-036,1990-06-01,14427.400000000007
NN3-036,1990-07-01,14427.400000000007
NN3-036,1990-08-01,5471.7615134775615
NN3-036,1990-09-01,836.3199999999999
NN3-036,1990-10-01,836.3199999999999
NN3-036,1990-11-01,836.3199999999999
NN3-036,1990-12-01,14427.400000000007
NN3-036,1991-01-01,836.3199999999999
NN3-036,1991-02-01,836.3199999999999
NN3-036,1991-03-01,14427.400000000007
NN3-036,1991-04-01,836.3199999999999
NN3-036,1991-05-01,14427.400000000007
NN3-036,1991-06-01,836.3199999999999
NN3-036,1991-07-01,14427.400000000007
NN3-036,1991-08-01,14427.400000000007
NN3-036,1991-09-01,14427.400000000007
NN3-036,1991-10-01,14427.400000000007
NN3-036,1991-11-01,14427.400000000007
NN3-036,1991-12-01,836.3199999999999
NN3-036,1992-01-01,836.3199999999999
NN3-036,1992-02-01,836.3199999999999
NN3-036,1992-03-01,14427.400000000007
NN3-036,1992-04-01,836.3199999999999
NN3-036,1992-05-01,836.3199999999999
NN3-036,1992-06-01,14427.400000000007
NN3-036,1992-07-01,836.3199999999999
NN3-036,1992-08-01,836.3199999999999
NN3-036,1992-09-01,836.3199999999999
NN3-036,1992-10-01,836.3199999999999
NN3-036,1992-11-01,836.3199999999999
NN3-036,1992-12-01,5145.068838821394
NN3-036,1993-01-01,836.3199999999999
NN3-036,1993-02-01,836.3199999999999
NN3-036,1993-03-01,836.3199999999999
NN3-037,1990-01-01,836.3199999999999
NN3-037,1990-02-01,14427.400000000007
NN3-037,1990-03-01,836.3199999999999
NN3-037,1990-04-01,14427.400000000007
NN3-037,1990-05-01,836.3199999999999
NN3-037,1990-06-01,836.3199999999999
NN3-037,1990-07-01,14427.400000000007
NN3-037,1990-08-01,14427.400000000007
NN3-037,1990-09-01,14427.400000000007
NN3-037,1990-10-01,14427.400000000007
NN3-037,1990-11-01,836.3199999999999
NN3-037,1990-12-01,836.3199999999999
NN3-037,1991-01-01,14427.400000000007
NN3-037,1991-02-01,3844.1781360738146
NN3-037,1991-03-01,14427.400000000007
NN3-037,1991-04-01,14427.400000000007
NN3-037,1991-05-01,14427.400000000007
NN3-037,1991-06-01,2387.4111152910154
NN3-037,1991-07-01,14427.400000000007
NN3-037,1991-08-01,14427.400000000007
NN3-037,1991-09-01,14427.400000000007
NN3-037,1991-10-01,836.3199999999999
NN3-037,1991-11-01,14427.400000000007
NN3-037,1991-12-01,836.3199999999999
NN3-037,1992-01-01,14427.400000000007
NN3-037,1992-02-01,3016.5213636112157
NN3-037,1992-03-01,836.3199999999999
NN3-037,1992-04-01,14427.400000000007
NN3-037,1992-05-01,14427.400000000007
NN3-037,1992-06-01,14427.400000000007
NN3-037,1992-07-01,14427.400000000007
NN3-037,1992-08-01,836.3199999999999
NN3-037,1992-09-01,14427.400000000007
NN3-037,1992-10-01,14427.400000000007
NN3-037,1992-11-01,836.3199999999999
NN3-037,1992-12-01,14427.400000000007
NN3-037,1993-01-01,836.3199999999999
NN3-037,1993-02-01,6964.90441059219
NN3-037,1993-03-01,836.3199999999999
NN3-038,1990-01-01,836.3199999999999
NN3-038,1990-02-01,14427.400000000007
NN3-038,1990-03-01,12031.749651401731
NN3-038,1990-04-01,836.3199999999999
NN3-038,1990-05-01,14427.400000000007
NN3-038,1990-06-01,14427.400000000007
NN3-038,1990-07-01,14427.400000000007
NN3-038,1990-08-01,14427.400000000007
NN3-038,1990-09-01,836.3199999999999
NN3-038,1990-10-01,836.3199999999999
NN3-038,1990-11-01,836.3199999999999
NN3-038,1990-12-01,836.3199999999999
NN3-038,1991-01-01,836.3199999999999
NN3-038,1991-02-01,14427.400000000007
NN3-038,1991-03-01,14427.400000000007
NN3-038,1991-04-01,14427.400000000007
NN3-038,1991-05-01,836.3199999999999
NN3-038,1991-06-01,14427.400000000007
NN3-038,1991-07-01,836.3199999999999
NN3-038,1991-08-01,836.3199999999999
NN3-038,1991-09-01,836.3199999999999
NN3-038,1991-10-01,836.3199999999999
NN3-038,1991-11-01,836.3199999999999
NN3-038,1991-12-01,836.3199999999999
NN3-038,1992-01-01,836.3199999999999
NN3-038,1992-02-01,836.3199999999999
NN3-038,1992-03-01,14427.400000000007
NN3-038,1992-04-01,836.3199999999999
NN3-038,1992-05-01,14427.400000000007
NN3-038,1992-06-01,9931.672877711488
NN3-038,1992-07-01,14427.400000000007
NN3-038,1992-08-01,836.3199999999999
NN3-038,1992-09-01,14427.400000000007
NN3-038,1992-10-01,14427.400000000007
NN3-038,1992-11-01,14427.400000000007
NN3-038,1992-12-01,836.3199999999999
NN3-038,1993-01-01,14427.400000000007
NN3-038,1993-02-01,14427.400000000007
NN3-038,1993-03-01,14427.400000000007
NN3-039,1990-01-01,836.3199999999999
NN3-039,1990-02-01,836.3199999999999
NN3-039,1990-03-01,836.3199999999999
NN3-039,1990-04-01,14427.400000000007
NN3-039,1990-05-01,836.3199999999999
NN3-039,1990-06-01,14427.400000000007
NN3-039,1990-07-01,14427.400000000007
NN3-039,1990-08-01,14427.400000000007
NN3-039,1990-09-01,836.3199999999999
NN3-039,1990-10-01,14427.400000000007
NN3-039,1990-11-01,14427.400000000007
NN3-039,1990-12-01,836.3199999999999
NN3-039,1991-01-01,836.3199999999999
NN3-039,1991-02-01,836.3199999999999
NN3-039,1991-03-01,14427.400000000007
NN3-039,1991-04-01,10010.079430812719
NN3-039,1991-05-01,13904.020172243685
NN3-039,1991-06-01,836.3199999999999
NN3-039,1991-07-01,836.3199999999999
NN3-039,1991-08-01,14427.400000000007
NN3-039,1991-09-01,836.3199999999999
NN3-039,1991-10-01,836.3199999999999
NN3-039,1991-11-01,836.3199999999999
NN3-039,1991-12-01,14427.400000000007
NN3-039,1992-01-01,836.3199999999999
NN3-039,1992-02-01,14427.400000000007
NN3-039,1992-03-01,836.3199999999999
NN3-039,1992-04-01,836.3199999999999
NN3-039,1992-05-01,836.3199999999999
NN3-039,1992-06-01,14427.400000000007
NN3-039,1992-07-01,14427.400000000007
NN3-039,1992-08-01,3325.3655025687754
NN3-039,1992-09-01,836.3199999999999
NN3-039,1992-10-01,14427.400000000007
NN3-039,1992-11-01,836.3199999999999
NN3-039,1992-12-01,836.3199999999999
NN3-039,1993-01-01,836.3199999999999
NN3-039,1993-02-01,836.3199999999999
NN3-039,1993-03-01,14427.400000000007
NN3-040,1990-01-01,14427.400000000007
NN3-040,1990-02-01,836.3199999999999
NN3-040,1990-03-01,11933.090885854665
NN3-040,1990-04-01,836.3199999999999
NN3-040,1990-05-01,14427.400000000007
NN3-040,1990-06-01,14427.400000000007
NN3-040,1990-07-01,836.3199999999999
NN3-040,1990-08-01,14427.400000000007
NN3-040,1990-09-01,14427.400000000007
NN3-040,1990-10-01,836.3199999999999
NN3-040,1990-11-01,836.3199999999999
NN3-040,1990-12-01,836.3199999999999
NN3-040,1991-01-01,836.3199999999999
NN3-040,1991-02-01,14427.400000000007
NN3-040,1991-03-01,836.3199999999999
NN3-040,1991-04-01,836.3199999999999
NN3-040,1991-05-01,836.3199999999999
NN3-040,1991-06-01,836.3199999999999
NN3-040,1991-07-01,14427.400000000007
NN3-040,1991-08-01,14427.400000000007
NN3-040,1991-09-01,836.3199999999999
NN3-040,1991-10-01,14427.400000000007
NN3-040,1991-11-01,836.3199999999999
NN3-040,1991-12-01,14427.400000000007
NN3-040,1992-01-01,836.3199999999999
NN3-040,1992-02-01,836.3199999999999
NN3-040,1992-03-01,14427.400000000007
NN3-040,1992-04-01,14427.400000000007
NN3-040,1992-05-01,836.3199999999999
NN3-040,1992-06-01,9383.881951645371
NN3-040,1992-07-01,836.3199999999999
NN3-040,1992-08-01,14427.400000000007
NN3-040,1992-09-01,836.3199999999999
NN3-040,1992-10-01,836.3199999999999
NN3-040,1992-11-01,836.3199999999999
NN3-040,1992-12-01,14427.400000000007
NN3-040,1993-01-01,14427.400000000007
NN3-040,1993-02-01,836.3199999999999
NN3-040,1993-03-01,836.3199999999999
NN3-041,1990-01-01,14427.400000000007
NN3-041,1990-02-01,836.3199999999999
NN3-041,1990-03-01,13573.427428477105
NN3-041,1990-04-01,836.3199999999999
NN3-041,1990-05-01,836.3199999999999
NN3-041,1990-06-01,14427.400000000007
NN3-041,1990-07-01,836.3199999999999
NN3-041,1990-08-01,14427.400000000007
NN3-041,1990-09-01,836.3199999999999
NN3-041,1990-10-01,836.3199999999999
NN3-041,1990-11-01,836.3199999999999
NN3-041,1990-12-01,14427.400000000007
NN3-041,1991-01-01,13694.141401621378
NN3-041,1991-02-01,14427.400000000007
NN3-041,1991-03-01,836.3199999999999
NN3-041,1991-04-01,836.3199999999999
NN3-041,1991-05-01,836.3199999999999
NN3-041,1991-06-01,14427.400000000007
NN3-041,1991-07-01,836.3199999999999
NN3-041,1991-08-01,836.3199999999999
NN3-041,1991-09-01,836.3199999999999
NN3-041,1991-10-01,836.3199999999999
NN3-041,1991-11-01,836.3199999999999
NN3-041,1991-12-01,14427.400000000007
NN3-041,1992-01-01,836.3199999999999
NN3-041,1992-02-01,14427.400000000007
NN3-041,1992-03-01,836.3199999999999
NN3-041,1992-04-01,14427.400000000007
NN3-041,1992-05-01,5160.798581806906
NN3-041,1992-06-01,14427.400000000007
NN3-041,1992-07-01,836.3199999999999
NN3-041,1992-08-01,14427.400000000007
NN3-041,1992-09-01,14427.400000000007
NN3-041,1992-10-01,836.3199999999999
NN3-041,1992-11-01,14427.400000000007
NN3-041,1992-12-01,14427.400000000007
NN3-041,1993-01-01,836.3199999999999
NN3-041,1993-02-01,14427.400000000007
NN3-041,1993-03-01,14337.15350339846
NN3-042,1990-01-01,14427.400000000007
NN3-042,1990-02-01,836.3199999999999
NN3-042,1990-03-01,836.3199999999999
NN3-042,1990-04-01,14021.465895908126
NN3-042,1990-05-01,14427.400000000007
NN3-042,1990-06-01,836.3199999999999
NN3-042,1990-07-01,836.3199999999999
NN3-042,1990-08-01,14427.400000000007
NN3-042,1990-09-01,836.3199999999999
NN3-042,1990-10-01,836.3199999999999
NN3-042,1990-11-01,14427.400000000007
NN3-042,1990-12-01,14427.400000000007
NN3-042,1991-01-01,836.3199999999999
NN3-042,1991-02-01,836.3199999999999
NN3-042,1991-03-01,836.3199999999999
NN3-042,1991-04-01,14427.400000000007
NN3-042,1991-05-01,14427.400000000007
NN3-042,1991-06-01,836.3199999999999
NN3-042,1991-07-01,14427.400000000007
NN3-042,1991-08-01,14427.400000000007
NN3-042,1991-09-01,14427.400000000007
NN3-042,1991-10-01,836.3199999999999
NN3-042,1991-11-01,14427.400000000007
NN3-042,1991-12-01,836.3199999999999
NN3-042,1992-01-01,836.3199999999999
NN3-042,1992-02-01,14427.400000000007
NN3-042,1992-03-01,14427.400000000007
NN3-042,1992-04-01,836.3199999999999
NN3-042,1992-05-01,836.3199999999999
NN3-042,1992-06-01,14427.400000000007
NN3-042,1992-07-01,14427.400000000007
NN3-042,1992-08-01,836.3199999999999
NN3-042,1992-09-01,14427.400000000007
NN3-042,1992-10-01,14427.400000000007
NN3-042,1992-11-01,836.3199999999999
NN3-042,1992-12-01,836.3199999999999
NN3-042,1993-01-01,836.3199999999999
NN3-042,1993-02-01,836.3199999999999
NN3-042,1993-03-01,14427.400000000007
NN3-043,1990-01-01,836.3199999999999
NN3-043,1990-02-01,836.3199999999999
NN3-043,1990-03-01,836.3199999999999
NN3-043,1990-04-01,14427.400000000007
NN3-043,1990-05-01,836.3199999999999
NN3-043,1990-06-01,14427.400000000007
NN3-043,1990-07-01,14427.400000000007
NN3-043,1990-08-01,836.3199999999999
NN3-043,1990-09-01,14427.400000000007
NN3-043,1990-10-01,14427.400000000007
NN3-043,1990-11-01,4664.182042878599
NN3-043,1990-12-01,836.3199999999999
NN3-043,1991-01-01,836.3199999999999
NN3-043,1991-02-01,836.3199999999999
NN3-043,1991-03-01,836.3199999999999
NN3-043,1991-04-01,836.3199999999999
NN3-043,1991-05-01,836.3199999999999
NN3-043,1991-06-01,14427.400000000007
NN3-043,1991-07-01,3999.2306071074195
NN3-043,1991-08-01,836.3199999999999
NN3-043,1991-09-01,836.3199999999999
NN3-043,1991-10-01,14427.400000000007
NN3-043,1991-11-01,836.3199999999999
NN3-043,1991-12-01,836.3199999999999
NN3-043,1992-01-01,836.3199999999999
NN3-043,1992-02-01,14427.400000000007
NN3-043,1992-03-01,14427.400000000007
NN3-043,1992-04-01,14427.400000000007
NN3-043,1992-05-01,836.3199999999999
NN3-043,1992-06-01,14427.400000000007
NN3-043,1992-07-01,14427.400000000007
NN3-043,1992-08-01,14427.400000000007
NN3-043,1992-09-01,836.3199999999999
NN3-043,1992-10-01,836.3199999999999
NN3-043,1992-11-01,836.3199999999999
NN3-043,1992-12-01,14427.400000000007
NN3-043,1993-01-01,14427.400000000007
NN3-043,1993-02-01,14427.400000000007
NN3-043,1993-03-01,836.3199999999999
NN3-044,1990-01-01,14427.400000000007
NN3-044,1990-02-01,6209.908326420933
NN3-044,1990-03-01,14427.400000000007
NN3-044,1990-04-01,836.3199999999999
NN3-044,1990-05-01,836.3199999999999
NN3-044,1990-06-01,836.3199999999999
NN3-044,1990-07-01,836.3199999999999
NN3-044,1990-08-01,836.3199999999999
NN3-044,1990-09-01,14427.400000000007
NN3-044,1990-10-01,14427.400000000007
NN3-044,1990-11-01,836.3199999999999
NN3-044,1990-12-01,836.3199999999999
NN3-044,1991-01-01,14427.400000000007
NN3-044,1991-02-01,14427.400000000007
NN3-044,1991-03-01,14427.400000000007
NN3-044,1991-04-01,14427.400000000007
NN3-044,1991-05-01,14427.400000000007
NN3-044,1991-06-01,14427.400000000007
NN3-044,1991-07-01,836.3199999999999
NN3-044,1991-08-01,836.3199999999999
NN3-044,1991-09-01,14427.400000000007
NN3-044,1991-10-01,14427.400000000007
NN3-044,1991-11-01,8040.496824105445
NN3-044,1991-12-01,836.3199999999999
NN3-044,1992-01-01,836.3199999999999
NN3-044,1992-02-01,836.3199999999999
NN3-044,1992-03-01,836.3199999999999
NN3-044,1992-04-01,14427.400000000007
NN3-044,1992-05-01,14427.400000000007
NN3-044,1992-06-01,836.3199999999999
NN3-044,1992-07-01,836.3199999999999
NN3-044,1992-08-01,14427.400000000007
NN3-044,1992-09-01,836.3199999999999
NN3-044,1992-10-01,836.3199999999999
NN3-044,1992-11-01,14427.400000000007
NN3-044,1992-12-01,14427.400000000007
NN3-044,1993-01-01,836.3199999999999
NN3-044,1993-02-01,14427.400000000007
NN3-044,1993-03-01,14427.400000000007
NN3-045,1990-01-01,836.3199999999999
NN3-045,1990-02-01,14427.400000000007
NN3-045,1990-03-01,836.3199999999999
NN3-045,1990-04-01,14427.400000000007
NN3-045,1990-05-01,14427.400000000007
NN3-045,1990-06-01,14427.400000000007
NN3-045,1990-07-01,836.3199999999999
NN3-045,1990-08-01,14427.400000000007
NN3-045,1990-09-01,14427.400000000007
NN3-045,1990-10-01,14427.400000000007
NN3-045,1990-11-01,14427.400000000007
NN3-045,1990-12-01,836.3199999999999
NN3-045,1991-01-01,14427.400000000007
NN3-045,1991-02-01,14427.400000000007
NN3-045,1991-03-01,836.3199999999999
NN3-045,1991-04-01,836.3199999999999
NN3-045,1991-05-01,836.3199999999999
NN3-045,1991-06-01,14427.400000000007
NN3-045,1991-07-01,836.3199999999999
NN3-045,1991-08-01,14427.400000000007
NN3-045,1991-09-01,14427.400000000007
NN3-045,1991-10-01,836.3199999999999
NN3-045,1991-11-01,14427.400000000007
NN3-045,1991-12-01,14427.400000000007
NN3-045,1992-01-01,836.3199999999999
NN3-045,1992-02-01,836.3199999999999
NN3-045,1992-03-01,836.3199999999999
NN3-045,1992-04-01,836.3199999999999
NN3-045,1992-05-01,836.3199999999999
NN3-045,1992-06-01,836.3199999999999
NN3-045,1992-07-01,14427.400000000007
NN3-045,1992-08-01,836.3199999999999
NN3-045,1992-09-01,14427.400000000007
NN3-045,1992-10-01,14427.400000000007
NN3-045,1992-11-01,836.3199999999999
NN3-045,1992-12-01,14427.400000000007
NN3-045,1993-01-01,4822.313293511163
NN3-045,1993-02-01,14427.400000000007
NN3-045,1993-03-01,14427.400000000007
NN3-046,1990-01-01,14427.400000000007
NN3-046,1990-02-01,14427.400000000007
NN3-046,1990-03-01,14427.400000000007
NN3-046,1990-04-01,2015.5912714846388
NN3-046,1990-05-01,836.3199999999999
NN3-046,1990-06-01,14427.400000000007
NN3-046,1990-07-01,836.3199999999999
NN3-046,1990-08-01,836.3199999999999
NN3-046,1990-09-01,836.3199999999999
NN3-046,1990-10-01,14427.400000000007
NN3-046,1990-11-01,836.3199999999999
NN3-046,1990-12-01,836.3199999999999
NN3-046,1991-01-01,14427.400000000007
NN3-046,1991-02-01,14427.400000000007
NN3-046,1991-03-01,14427.400000000007
NN3-046,1991-04-01,14427.400000000007
NN3-046,1991-05-01,836.3199999999999
NN3-046,1991-06-01,836.3199999999999
NN3-046,1991-07-01,14427.400000000007
NN3-046,1991-08-01,14427.400000000007
NN3-046,1991-09-01,836.3199999999999
NN3-046,1991-10-01,836.3199999999999
NN3-046,1991-11-01,836.3199999999999
NN3-046,1991-12-01,14427.400000000007
NN3-046,1992-01-01,836.3199999999999
NN3-046,1992-02-01,836.3199999999999
NN3-046,1992-03-01,836.3199999999999
NN3-046,1992-04-01,14427.400000000007
NN3-046,1992-05-01,836.3199999999999
NN3-046,1992-06-01,14427.400000000007
NN3-046,1992-07-01,14427.400000000007
NN3-046,1992-08-01,836.3199999999999
NN3-046,1992-09-01,836.3199999999999
NN3-046,1992-10-01,14427.400000000007
NN3-046,1992-11-01,836.3199999999999
NN3-046,1992-12-01,14427.400000000007
NN3-046,1993-01-01,836.3199999999999
NN3-046,1993-02-01,836.3199999999999
NN3-046,1993-03-01,836.3199999999999
NN3-047,1990-01-01,14427.400000000007
NN3-047,1990-02-01,14427.400000000007
NN3-047,1990-03-01,836.3199999999999
NN3-047,1990-04-01,836.3199999999999
NN3-047,1990-05-01,14427.400000000007
NN3-047,1990-06-01,836.3199999999999
NN3-047,1990-07-01,836.3199999999999
NN3-047,1990-08-01,836.3199999999999
NN3-047,1990-09-01,14427.400000000007
NN3-047,1990-10-01,14427.400000000007
NN3-047,1990-11-01,14427.400000000007
NN3-047,1990-12-01,14427.400000000007
NN3-047,1991-01-01,836.3199999999999
NN3-047,1991-02-01,14427.400000000007
NN3-047,1991-03-01,836.3199999999999
NN3-047,1991-04-01,14427.400000000007
NN3-047,1991-05-01,836.3199999999999
NN3-047,1991-06-01,836.3199999999999
NN3-047,1991-07-01,14427.400000000007
NN3-047,1991-08-01,14427.400000000007
NN3-047,1991-09-01,14427.400000000007
NN3-047,1991-10-01,836.3199999999999
NN3-047,1991-11-01,836.3199999999999
NN3-047,1991-12-01,14427.400000000007
NN3-047,1992-01-01,836.3199999999999
NN3-047,1992-02-01,836.3199999999999
NN3-047,1992-03-01,836.3199999999999
NN3-047,1992-04-01,836.3199999999999
NN3-047,1992-05-01,836.3199999999999
NN3-047,1992-06-01,836.3199999999999
NN3-047,1992-07-01,836.3199999999999
NN3-047,1992-08-01,14427.400000000007
NN3-047,1992-09-01,836.3199999999999
NN3-047,1992-10-01,14427.400000000007
NN3-047,1992-11-01,14427.400000000007
NN3-047,1992-12-01,836.3199999999999
NN3-047,1993-01-01,14427.400000000007
NN3-047,1993-02-01,14427.400000000007
NN3-047,1993-03-01,14427.400000000007
NN3-048,1990-01-01,836.3199999999999
NN3-048,1990-02-01,836.3199999999999
NN3-048,1990-03-01,14427.400000000007
NN3-048,1990-04-01,14427.400000000007
NN3-048,1990-05-01,14427.400000000007
NN3-048,1990-06-01,14427.400000000007
NN3-048,1990-07-01,836.3199999999999
NN3-048,1990-08-01,14427.400000000007
NN3-048,1990-09-01,14427.400000000007
NN3-048,1990-10-01,14427.400000000007
NN3-048,1990-11-01,836.3199999999999
NN3-048,1990-12-01,14427.400000000007
NN3-048,1991-01-01,14427.400000000007
NN3-048,1991-02-01,836.3199999999999
NN3-048,1991-03-01,14427.400000000007
NN3-048,1991-04-01,14427.400000000007
NN3-048,1991-05-01,14427.400000000007
NN3-048,1991-06-01,836.3199999999999
NN3-048,1991-07-01,836.3199999999999
NN3-048,1991-08-01,14427.400000000007
NN3-048,1991-09-01,836.3199999999999
NN3-048,1991-10-01,14427.400000000007
NN3-048,1991-11-01,14427.400000000007
NN3-048,1991-12-01,836.3199999999999
NN3-048,1992-01-01,836.3199999999999
NN3-048,1992-02-01,12883.319174618548
NN3-048,1992-03-01,836.3199999999999
NN3-048,1992-04-01,836.3199999999999
NN3-048,1992-05-01,836.3199999999999
NN3-048,1992-06-01,1189.2103731605803
NN3-048,1992-07-01,836.3199999999999
NN3-048,1992-08-01,836.3199999999999
NN3-048,1992-09-01,836.3199999999999
NN3-048,1992-10-01,836.3199999999999
NN3-048,1992-11-01,14427.400000000007
NN3-048,1992-12-01,14427.400000000007
NN3-048,1993-01-01,14427.400000000007
NN3-048,1993-02-01,14427.400000000007
NN3-048,1993-03-01,836.3199999999999
NN3-049,1990-01-01,14427.400000000007
NN3-049,1990-02-01,836.3199999999999
NN3-049,1990-03-01,14427.400000000007
NN3-049,1990-04-01,4376.974889384315
NN3-049,1990-05-01,836.3199999999999
NN3-049,1990-06-01,836.3199999999999
NN3-049,1990-07-01,7294.90241603379
NN3-049,1990-08-01,14427.400000000007
NN3-049,1990-09-01,14427.400000000007
NN3-049,1990-10-01,14427.400000000007
NN3-049,1990-11-01,836.3199999999999
NN3-049,1990-12-01,14427.400000000007
NN3-049,1991-01-01,14427.400000000007
NN3-049,1991-02-01,14427.400000000007
NN3-049,1991-03-01,14427.400000000007
NN3-049,1991-04-01,836.3199999999999
NN3-049,1991-05-01,14427.400000000007
NN3-049,1991-06-01,14427.400000000007
NN3-049,1991-07-01,14427.400000000007
NN3-049,1991-08-01,14427.400000000007
NN3-049,1991-09-01,836.3199999999999
NN3-049,1991-10-01,14427.400000000007
NN3-049,1991-11-01,6755.932984984292
NN3-049,1991-12-01,836.3199999999999
NN3-049,1992-01-01,836.3199999999999
NN3-049,1992-02-01,836.3199999999999
NN3-049,1992-03-01,836.3199999999999
NN3-049,1992-04-01,14427.400000000007
NN3-049,1992-05-01,14427.400000000007
NN3-049,1992-06-01,836.3199999999999
NN3-049,1992-07-01,14427.400000000007
NN3-049,1992-08-01,836.3199999999999
NN3-049,1992-09-01,836.3199999999999
NN3-049,1992-10-01,836.3199999999999
NN3-049,1992-11-01,836.3199999999999
NN3-049,1992-12-01,14427.400000000007
NN3-049,1993-01-01,14427.400000000007
NN3-049,1993-02-01,836.3199999999999
NN3-049,1993-03-01,836.3199999999999
NN3-050,1990-01-01,836.3199999999999
NN3-050,1990-02-01,14427.400000000007
NN3-050,1990-03-01,14427.400000000007
NN3-050,1990-04-01,14427.400000000007
NN3-050,1990-05-01,836.3199999999999
NN3-050,1990-06-01,836.3199999999999
NN3-050,1990-07-01,836.3199999999999
NN3-050,1990-08-01,836.3199999999999
NN3-050,1990-09-01,836.3199999999999
NN3-050,1990-10-01,836.3199999999999
NN3-050,1990-11-01,836.3199999999999
NN3-050,1990-12-01,14427.400000000007
NN3-050,1991-01-01,836.3199999999999
NN3-050,1991-02-01,3763.133819862692
NN3-050,1991-03-01,14427.400000000007
NN3-050,1991-04-01,836.3199999999999
NN3-050,1991-05-01,836.3199999999999
NN3-050,1991-06-01,14427.400000000007
NN3-050,1991-07-01,14427.400000000007
NN3-050,1991-08-01,836.3199999999999
NN3-050,1991-09-01,836.3199999999999
NN3-050,1991-10-01,836.3199999999999
NN3-050,1991-11-01,14427.400000000007
NN3-050,1991-12-01,14427.400000000007
NN3-050,1992-01-01,14427.400000000007
NN3-050,1992-02-01,836.3199999999999
NN3-050,1992-03-01,836.3199999999999
NN3-050,1992-04-01,14427.400000000007
NN3-050,1992-05-01,14427.400000000007
NN3-050,1992-06-01,14427.400000000007
NN3-050,1992-07-01,14427.400000000007
NN3-050,1992-08-01,14427.400000000007
NN3-050,1992-09-01,836.3199999999999
NN3-050,1992-10-01,14427.400000000007
NN3-050,1992-11-01,14427.400000000007
NN3-050,1992-12-01,14427.400000000007
NN3-050,1993-01-01,14427.400000000007
NN3-050,1993-02-01,14427.400000000007
NN3-050,1993-03-01,14427.400000000007
NN3-051,1982-01-01,836.3199999999999
NN3-051,1982-02-01,14427.400000000007
NN3-051,1982-03-01,14427.400000000007
NN3-051,1982-04-01,836.3199999999999
NN3-051,1982-05-01,14427.400000000007
NN3-051,1982-06-01,836.3199999999999
NN3-051,1982-07-01,836.3199999999999
NN3-051,1982-08-01,836.3199999999999
NN3-051,1982-09-01,836.3199999999999
NN3-051,1982-10-01,836.3199999999999
NN3-051,1982-11-01,836.3199999999999
NN3-051,1982-12-01,14427.400000000007
NN3-051,1983-01-01,836.3199999999999
NN3-051,1983-02-01,836.3199999999999
NN3-051,1983-03-01,836.3199999999999
NN3-051,1983-04-01,14427.400000000007
NN3-051,1983-05-01,836.3199999999999
NN3-051,1983-06-01,836.3199999999999
NN3-051,1983-07-01,14427.400000000007
NN3-051,1983-08-01,836.3199999999999
NN3-051,1983-09-01,14427.400000000007
NN3-051,1983-10-01,14427.400000000007
NN3-051,1983-11-01,836.3199999999999
NN3-051,1983-12-01,14427.400000000007
NN3-051,1984-01-01,836.3199999999999
NN3-051,1984-02-01,836.3199999999999
NN3-051,1984-03-01,836.3199999999999
NN3-051,1984-04-01,14427.400000000007
NN3-051,1984-05-01,836.3199999999999
NN3-051,1984-06-01,836.3199999999999
NN3-051,1984-07-01,836.3199999999999
NN3-051,1984-08-01,836.3199999999999
NN3-051,1984-09-01,14427.400000000007
NN3-051,1984-10-01,14427.400000000007
NN3-051,1984-11-01,14427.400000000007
NN3-051,1984-12-01,14427.400000000007
NN3-051,1985-01-01,836.3199999999999
NN3-051,1985-02-01,14427.400000000007
NN3-051,1985-03-01,836.3199999999999
NN3-051,1985-04-01,14427.400000000007
NN3-051,1985-05-01,836.3199999999999
NN3-051,1985-06-01,836.3199999999999
NN3-051,1985-07-01,14427.400000000007
NN3-051,1985-08-01,836.3199999999999
NN3-051,1985-09-01,14427.400000000007
NN3-051,1985-10-01,836.3199999999999
NN3-051,1985-11-01,14427.400000000007
NN3-051,1985-12-01,836.3199999999999
NN3-051,1986-01-01,836.3199999999999
NN3-051,1986-02-01,14427.400000000007
NN3-051,1986-03-01,836.3199999999999
NN3-051,1986-04-01,836.3199999999999
NN3-051,1986-05-01,14427.400000000007
NN3-051,1986-06-01,836.3199999999999
NN3-051,1986-07-01,836.3199999999999
NN3-051,1986-08-01,14427.400000000007
NN3-051,1986-09-01,836.3199999999999
NN3-051,1986-10-01,14427.400000000007
NN3-051,1986-11-01,14427.400000000007
NN3-051,1986-12-01,836.3199999999999
NN3-051,1987-01-01,836.3199999999999
NN3-051,1987-02-01,14427.400000000007
NN3-051,1987-03-01,836.3199999999999
NN3-051,1987-04-01,836.3199999999999
NN3-051,1987-05-01,836.3199999999999
NN3-051,1987-06-01,836.3199999999999
NN3-051,1987-07-01,14427.400000000007
NN3-051,1987-08-01,14427.400000000007
NN3-051,1987-09-01,14427.400000000007
NN3-051,1987-10-01,14427.400000000007
NN3-051,1987-11-01,836.3199999999999
NN3-051,1987-12-01,836.3199999999999
NN3-051,1988-01-01,14427.400000000007
NN3-051,1988-02-01,14427.400000000007
NN3-051,1988-03-01,836.3199999999999
NN3-051,1988-04-01,14427.400000000007
NN3-051,1988-05-01,836.3199999999999
NN3-051,1988-06-01,14427.400000000007
NN3-051,1988-07-01,836.3199999999999
NN3-051,1988-08-01,836.3199999999999
NN3-051,1988-09-01,14427.400000000007
NN3-051,1988-10-01,836.3199999999999
NN3-051,1988-11-01,14427.400000000007
NN3-051,1988-12-01,14427.400000000007
NN3-051,1989-01-01,836.3199999999999
NN3-051,1989-02-01,14427.400000000007
NN3-051,1989-03-01,836.3199999999999
NN3-051,1989-04-01,836.3199999999999
NN3-051,1989-05-01,14427.400000000007
NN3-051,1989-06-01,14427.400000000007
NN3-051,1989-07-01,836.3199999999999
NN3-051,1989-08-01,836.3199999999999
NN3-051,1989-09-01,836.3199999999999
NN3-051,1989-10-01,14427.400000000007
NN3-051,1989-11-01,14427.400000000007
NN3-051,1989-12-01,836.3199999999999
NN3-051,1990-01-01,14427.400000000007
NN3-051,1990-02-01,836.3199999999999
NN3-051,1990-03-01,14427.400000000007
NN3-051,1990-04-01,14427.400000000007
NN3-051,1990-05-01,836.3199999999999
NN3-051,1990-06-01,14427.400000000007
NN3-051,1990-07-01,836.3199999999999
NN3-051,1990-08-01,14427.400000000007
NN3-051,1990-09-01,836.3199999999999
NN3-051,1990-10-01,836.3199999999999
NN3-051,1990-11-01,836.3199999999999
NN3-051,1990-12-01,836.3199999999999
NN3-051,1991-01-01,836.3199999999999
NN3-051,1991-02-01,836.3199999999999
NN3-051,1991-03-01,14427.400000000007
NN3-052,1982-01-01,836.3199999999999
NN3-052,1982-02-01,14427.400000000007
NN3-052,1982-03-01,14427.400000000007
NN3-052,1982-04-01,14427.400000000007
NN3-052,1982-05-01,14427.400000000007
NN3-052,1982-06-01,14427.400000000007
NN3-052,1982-07-01,836.3199999999999
NN3-052,1982-08-01,14427.400000000007
NN3-052,1982-09-01,14427.400000000007
NN3-052,1982-10-01,836.3199999999999
NN3-052,1982-11-01,836.3199999999999
NN3-052,1982-12-01,14427.400000000007
NN3-052,1983-01-01,14427.400000000007
NN3-052,1983-02-01,14427.400000000007
NN3-052,1983-03-01,836.3199999999999
NN3-052,1983-04-01,836.3199999999999
NN3-052,1983-05-01,9761.34181788573
NN3-052,1983-06-01,836.3199999999999
NN3-052,1983-07-01,14427.400000000007
NN3-052,1983-08-01,836.3199999999999
NN3-052,1983-09-01,14427.400000000007
NN3-052,1983-10-01,836.3199999999999
NN3-052,1983-11-01,836.3199999999999
NN3-052,1983-12-01,836.3199999999999
NN3-052,1984-01-01,14427.400000000007
NN3-052,1984-02-01,11453.78417227242
NN3-052,1984-03-01,14427.400000000007
NN3-052,1984-04-01,14427.400000000007
NN3-052,1984-05-01,836.3199999999999
NN3-052,1984-06-01,14427.400000000007
NN3-052,1984-07-01,836.3199999999999
NN3-052,1984-08-01,14427.400000000007
NN3-052,1984-09-01,836.3199999999999
NN3-052,1984-10-01,9369.772881554834
NN3-052,1984-11-01,14427.400000000007
NN3-052,1984-12-01,836.3199999999999
NN3-052,1985-01-01,836.3199999999999
NN3-052,1985-02-01,836.3199999999999
NN3-052,1985-03-01,14427.400000000007
NN3-052,1985-04-01,836.3199999999999
NN3-052,1985-05-01,836.3199999999999
NN3-052,1985-06-01,836.3199999999999
NN3-052,1985-07-01,836.3199999999999
NN3-052,1985-08-01,14427.400000000007
NN3-052,1985-09-01,836.3199999999999
NN3-052,1985-10-01,836.3199999999999
NN3-052,1985-11-01,836.3199999999999
NN3-052,1985-12-01,836.3199999999999
NN3-052,1986-01-01,14427.400000000007
NN3-052,1986-02-01,836.3199999999999
NN3-052,1986-03-01,836.3199999999999
NN3-052,1986-04-01,14427.400000000007
NN3-052,1986-05-01,14427.400000000007
NN3-052,1986-06-01,836.3199999999999
NN3-052,1986-07-01,836.3199999999999
NN3-052,1986-08-01,14427.400000000007
NN3-052,1986-09-01,14427.400000000007
NN3-052,1986-10-01,836.3199999999999
NN3-052,1986-11-01,14427.400000000007
NN3-052,1986-12-01,14427.400000000007
NN3-052,1987-01-01,836.3199999999999
NN3-052,1987-02-01,836.3199999999999
NN3-052,1987-03-01,14427.400000000007
NN3-052,1987-04-01,836.3199999999999
NN3-052,1987-05-01,836.3199999999999
NN3-052,1987-06-01,14427.400000000007
NN3-052,1987-07-01,836.3199999999999
NN3-052,1987-08-01,836.3199999999999
NN3-052,1987-09-01,14427.400000000007
NN3-052,1987-10-01,836.3199999999999
NN3-052,1987-11-01,14427.400000000007
NN3-052,1987-12-01,836.3199999999999
NN3-052,1988-01-01,836.3199999999999
NN3-052,1988-02-01,1139.4999704125821
NN3-052,1988-03-01,836.3199999999999
NN3-052,1988-04-01,14427.400000000007
NN3-052,1988-05-01,14427.400000000007
NN3-052,1988-06-01,836.3199999999999
NN3-052,1988-07-01,836.3199999999999
NN3-052,1988-08-01,14427.400000000007
NN3-052,1988-09-01,14427.400000000007
NN3-052,1988-10-01,14427.400000000007
NN3-052,1988-11-01,14427.400000000007
NN3-052,1988-12-01,14427.400000000007
NN3-052,1989-01-01,836.3199999999999
NN3-052,1989-02-01,836.3199999999999
NN3-052,1989-03-01,14427.400000000007
NN3-052,1989-04-01,14427.400000000007
NN3-052,1989-05-01,14427.400000000007
NN3-052,1989-06-01,836.3199999999999
NN3-052,1989-07-01,14427.400000000007
NN3-052,1989-08-01,836.3199999999999
NN3-052,1989-09-01,836.3199999999999
NN3-052,1989-10-01,836.3199999999999
NN3-052,1989-11-01,836.3199999999999
NN3-052,1989-12-01,14427.400000000007
NN3-052,1990-01-01,836.3199999999999
NN3-052,1990-02-01,14427.400000000007
NN3-052,1990-03-01,14427.400000000007
NN3-052,1990-04-01,14427.400000000007
NN3-052,1990-05-01,14427.400000000007
NN3-052,1990-06-01,836.3199999999999
NN3-052,1990-07-01,836.3199999999999
NN3-052,1990-08-01,14427.400000000007
NN3-052,1990-09-01,836.3199999999999
NN3-052,1990-10-01,836.3199999999999
NN3-052,1990-11-01,14427.400000000007
NN3-052,1990-12-01,836.3199999999999
NN3-052,1991-01-01,836.3199999999999
NN3-052,1991-02-01,14427.400000000007
NN3-052,1991-03-01,14427.400000000007
NN3-052,1991-04-01,14427.400000000007
NN3-052,1991-05-01,14427.400000000007
NN3-052,1991-06-01,836.3199999999999
NN3-053,1982-01-01,14427.400000000007
NN3-053,1982-02-01,14427.400000000007
NN3-053,1982-03-01,836.3199999999999
NN3-053,1982-04-01,14427.400000000007
NN3-053,1982-05-01,836.3199999999999
NN3-053,1982-06-01,14427.400000000007
NN3-053,1982-07-01,14427.400000000007
NN3-053,1982-08-01,14427.400000000007
NN3-053,1982-09-01,836.3199999999999
NN3-053,1982-10-01,14427.400000000007
NN3-053,1982-11-01,836.3199999999999
NN3-053,1982-12-01,836.3199999999999
NN3-053,1983-01-01,836.3199999999999
NN3-053,1983-02-01,14427.400000000007
NN3-053,1983-03-01,14427.400000000007
NN3-053,1983-04-01,14427.400000000007
NN3-053,1983-05-01,14427.400000000007
NN3-053,1983-06-01,836.3199999999999
NN3-053,1983-07-01,14427.400000000007
NN3-053,1983-08-01,836.3199999999999
NN3-053,1983-09-01,14427.400000000007
NN3-053,1983-10-01,836.3199999999999
NN3-053,1983-11-01,14427.400000000007
NN3-053,1983-12-01,836.3199999999999
NN3-053,1984-01-01,14427.400000000007
NN3-053,1984-02-01,836.3199999999999
NN3-053,1984-03-01,836.3199999999999
NN3-053,1984-04-01,836.3199999999999
NN3-053,1984-05-01,14427.400000000007
NN3-053,1984-06-01,14427.400000000007
NN3-053,1984-07-01,836.3199999999999
NN3-053,1984-08-01,836.3199999999999
NN3-053,1984-09-01,836.3199999999999
NN3-053,1984-10-01,836.3199999999999
NN3-053,1984-11-01,14427.400000000007
NN3-053,1984-12-01,14427.400000000007
NN3-053,1985-01-01,14427.400000000007
NN3-053,1985-02-01,836.3199999999999
NN3-053,1985-03-01,836.3199999999999
NN3-053,1985-04-01,14427.400000000007
NN3-053,1985-05-01,14427.400000000007
NN3-053,1985-06-01,836.3199999999999
NN3-053,1985-07-01,14427.400000000007
NN3-053,1985-08-01,836.3199999999999
NN3-053,1985-09-01,836.3199999999999
NN3-053,1985-10-01,836.3199999999999
NN3-053,1985-11-01,14427.400000000007
NN3-053,1985-12-01,836.3199999999999
NN3-053,1986-01-01,14427.400000000007
NN3-053,1986-02-01,14427.400000000007
NN3-053,1986-03-01,14427.400000000007
NN3-053,1986-04-01,836.3199999999999
NN3-053,1986-05-01,14427.400000000007
NN3-053,1986-06-01,14427.400000000007
NN3-053,1986-07-01,836.3199999999999
NN3-053,1986-08-01,836.3199999999999
NN3-053,1986-09-01,836.3199999999999
NN3-053,1986-10-01,836.3199999999999
NN3-053,1986-11-01,836.3199999999999
NN3-053,1986-12-01,14427.400000000007
NN3-053,1987-01-01,14427.400000000007
NN3-053,1987-02-01,836.3199999999999
NN3-053,1987-03-01,14427.400000000007
NN3-053,1987-04-01,14427.400000000007
NN3-053,1987-05-01,836.3199999999999
NN3-053,1987-06-01,14427.400000000007
NN3-053,1987-07-01,14427.400000000007
NN3-053,1987-08-01,14427.400000000007
NN3-053,1987-09-01,14427.400000000007
NN3-053,1987-10-01,14427.400000000007
NN3-053,1987-11-01,14427.400000000007
NN3-053,1987-12-01,836.3199999999999
NN3-053,1988-01-01,14427.400000000007
NN3-053,1988-02-01,836.3199999999999
NN3-053,1988-03-01,14427.400000000007
NN3-053,1988-04-01,836.3199999999999
NN3-053,1988-05-01,836.3199999999999
NN3-053,1988-06-01,14427.400000000007
NN3-053,1988-07-01,836.3199999999999
NN3-053,1988-08-01,14427.400000000007
NN3-053,1988-09-01,836.3199999999999
NN3-053,1988-10-01,836.3199999999999
NN3-053,1988-11-01,14427.400000000007
NN3-053,1988-12-01,836.3199999999999
NN3-053,1989-01-01,836.3199999999999
NN3-053,1989-02-01,14427.400000000007
NN3-053,1989-03-01,836.3199999999999
NN3-053,1989-04-01,14427.400000000007
NN3-053,1989-05-01,14427.400000000007
NN3-053,1989-06-01,14427.400000000007
NN3-053,1989-07-01,836.3199999999999
NN3-053,1989-08-01,836.3199999999999
NN3-053,1989-09-01,836.3199999999999
NN3-053,1989-10-01,14427.400000000007
NN3-053,1989-11-01,14427.400000000007
NN3-053,1989-12-01,836.3199999999999
NN3-053,1990-01-01,836.3199999999999
NN3-053,1990-02-01,836.3199999999999
NN3-053,1990-03-01,14427.400000000007
NN3-053,1990-04-01,836.3199999999999
NN3-053,1990-05-01,14427.400000000007
NN3-053,1990-06-01,836.3199999999999
NN3-053,1990-07-01,836.3199999999999
NN3-053,1990-08-01,836.3199999999999
NN3-053,1990-09-01,14427.400000000007
NN3-053,1990-10-01,836.3199999999999
NN3-053,1990-11-01,14427.400000000007
NN3-053,1990-12-01,14427.400000000007
NN3-053,1991-01-01,14427.400000000007
NN3-053,1991-02-01,14427.400000000007
NN3-053,1991-03-01,836.3199999999999
NN3-053,1991-04-01,836.3199999999999
NN3-053,1991-05-01,4305.4532363216495
NN3-053,1991-06-01,14427.400000000007
NN3-054,1982-01-01,836.3199999999999
NN3-054,1982-02-01,14427.400000000007
NN3-054,1982-03-01,14427.400000000007
NN3-054,1982-04-01,14427.400000000007
NN3-054,1982-05-01,14427.400000000007
NN3-054,1982-06-01,836.3199999999999
NN3-054,1982-07-01,14427.400000000007
NN3-054,1982-08-01,836.3199999999999
NN3-054,1982-09-01,14427.400000000007
NN3-054,1982-10-01,836.3199999999999
NN3-054,1982-11-01,836.3199999999999
NN3-054,1982-12-01,836.3199999999999
NN3-054,1983-01-01,14427.400000000007
NN3-054,1983-02-01,836.3199999999999
NN3-054,1983-03-01,836.3199999999999
NN3-054,1983-04-01,836.3199999999999
NN3-054,1983-05-01,836.3199999999999
NN3-054,1983-06-01,10033.909062906925
NN3-054,1983-07-01,14427.400000000007
NN3-054,1983-08-01,14427.400000000007
NN3-054,1983-09-01,14427.400000000007
NN3-054,1983-10-01,836.3199999999999
NN3-054,1983-11-01,836.3199999999999
NN3-054,1983-12-01,14427.400000000007
NN3-054,1984-01-01,14427.400000000007
NN3-054,1984-02-01,836.3199999999999
NN3-054,1984-03-01,14427.400000000007
NN3-054,1984-04-01,14427.400000000007
NN3-054,1984-05-01,836.3199999999999
NN3-054,1984-06-01,14427.400000000007
NN3-054,1984-07-01,836.3199999999999
NN3-054,1984-08-01,836.3199999999999
NN3-054,1984-09-01,14427.400000000007
NN3-054,1984-10-01,14427.400000000007
NN3-054,1984-11-01,14427.400000000007
NN3-054,1984-12-01,836.3199999999999
NN3-054,1985-01-01,836.3199999999999
NN3-054,1985-02-01,836.3199999999999
NN3-054,1985-03-01,14427.400000000007
NN3-054,1985-04-01,14427.400000000007
NN3-054,1985-05-01,836.3199999999999
NN3-054,1985-06-01,14427.400000000007
NN3-054,1985-07-01,836.3199999999999
NN3-054,1985-08-01,4011.928186107354
NN3-054,1985-09-01,14427.400000000007
NN3-054,1985-10-01,14427.400000000007
NN3-054,1985-11-01,14427.400000000007
NN3-054,1985-12-01,14427.400000000007
NN3-054,1986-01-01,836.3199999999999
NN3-054,1986-02-01,836.3199999999999
NN3-054,1986-03-01,836.3199999999999
NN3-054,1986-04-01,836.3199999999999
NN3-054,1986-05-01,836.3199999999999
NN3-054,1986-06-01,14427.400000000007
NN3-054,1986-07-01,14427.400000000007
NN3-054,1986-08-01,836.3199999999999
NN3-054,1986-09-01,14427.400000000007
NN3-054,1986-10-01,836.3199999999999
NN3-054,1986-11-01,836.3199999999999
NN3-054,1986-12-01,14427.400000000007
NN3-054,1987-01-01,14427.400000000007
NN3-054,1987-02-01,836.3199999999999
NN3-054,1987-03-01,836.3199999999999
NN3-054,1987-04-01,836.3199999999999
NN3-054,1987-05-01,836.3199999999999
NN3-054,1987-06-01,836.3199999999999
NN3-054,1987-07-01,14427.400000000007
NN3-054,1987-08-01,836.3199999999999
NN3-054,1987-09-01,14427.400000000007
NN3-054,1987-10-01,836.3199999999999
NN3-054,1987-11-01,836.3199999999999
NN3-054,1987-12-01,14427.400000000007
NN3-054,1988-01-01,836.3199999999999
NN3-054,1988-02-01,836.3199999999999
NN3-054,1988-03-01,836.3199999999999
NN3-054,1988-04-01,14427.400000000007
NN3-054,1988-05-01,836.3199999999999
NN3-054,1988-06-01,14427.400000000007
NN3-054,1988-07-01,14427.400000000007
NN3-054,1988-08-01,14427.400000000007
NN3-054,1988-09-01,14427.400000000007
NN3-054,1988-10-01,14427.400000000007
NN3-054,1988-11-01,14427.400000000007
NN3-054,1988-12-01,836.3199999999999
NN3-054,1989-01-01,14427.400000000007
NN3-054,1989-02-01,14427.400000000007
NN3-054,1989-03-01,3275.937763141505
NN3-054,1989-04-01,14427.400000000007
NN3-054,1989-05-01,14427.400000000007
NN3-054,1989-06-01,836.3199999999999
NN3-054,1989-07-01,9003.016737843667
NN3-054,1989-08-01,836.3199999999999
NN3-054,1989-09-01,836.3199999999999
NN3-054,1989-10-01,14427.400000000007
NN3-054,1989-11-01,836.3199999999999
NN3-054,1989-12-01,14427.400000000007
NN3-054,1990-01-01,836.3199999999999
NN3-054,1990-02-01,14427.400000000007
NN3-054,1990-03-01,14427.400000000007
NN3-054,1990-04-01,14427.400000000007
NN3-054,1990-05-01,14427.400000000007
NN3-054,1990-06-01,836.3199999999999
NN3-054,1990-07-01,14427.400000000007
NN3-054,1990-08-01,14427.400000000007
NN3-054,1990-09-01,836.3199999999999
NN3-054,1990-10-01,836.3199999999999
NN3-054,1990-11-01,14427.400000000007
NN3-054,1990-12-01,836.3199999999999
NN3-054,1991-01-01,836.3199999999999
NN3-054,1991-02-01,14427.400000000007
NN3-054,1991-03-01,14427.400000000007
NN3-054,1991-04-01,836.3199999999999
NN3-054,1991-05-01,14427.400000000007
NN3-054,1991-06-01,836.3199999999999
NN3-055,1982-01-01,14427.400000000007
NN3-055,1982-02-01,836.3199999999999
NN3-055,1982-03-01,836.3199999999999
NN3-055,1982-04-01,14427.400000000007
NN3-055,1982-05-01,14427.400000000007
NN3-055,1982-06-01,836.3199999999999
NN3-055,1982-07-01,836.3199999999999
NN3-055,1982-08-01,14427.400000000007
NN3-055,1982-09-01,836.3199999999999
NN3-055,1982-10-01,836.3199999999999
NN3-055,1982-11-01,14427.400000000007
NN3-055,1982-12-01,836.3199999999999
NN3-055,1983-01-01,836.3199999999999
NN3-055,1983-02-01,14427.400000000007
NN3-055,1983-03-01,14427.400000000007
NN3-055,1983-04-01,836.3199999999999
NN3-055,1983-05-01,14427.400000000007
NN3-055,1983-06-01,14427.400000000007
NN3-055,1983-07-01,14427.400000000007
NN3-055,1983-08-01,836.3199999999999
NN3-055,1983-09-01,14427.400000000007
NN3-055,1983-10-01,14427.400000000007
NN3-055,1983-11-01,14427.400000000007
NN3-055,1983-12-01,836.3199999999999
NN3-055,1984-01-01,14427.400000000007
NN3-055,1984-02-01,14427.400000000007
NN3-055,1984-03-01,14427.400000000007
NN3-055,1984-04-01,836.3199999999999
NN3-055,1984-05-01,14427.400000000007
NN3-055,1984-06-01,14427.400000000007
NN3-055,1984-07-01,14427.400000000007
NN3-055,1984-08-01,836.3199999999999
NN3-055,1984-09-01,14427.400000000007
NN3-055,1984-10-01,14427.400000000007
NN3-055,1984-11-01,14427.400000000007
NN3-055,1984-12-01,14427.400000000007
NN3-055,1985-01-01,14427.400000000007
NN3-055,1985-02-01,836.3199999999999
NN3-055,1985-03-01,836.3199999999999
NN3-055,1985-04-01,836.3199999999999
NN3-055,1985-05-01,4479.478624503328
NN3-055,1985-06-01,14427.400000000007
NN3-055,1985-07-01,836.3199999999999
NN3-055,1985-08-01,836.3199999999999
NN3-055,1985-09-01,14427.400000000007
NN3-055,1985-10-01,14427.400000000007
NN3-055,1985-11-01,14427.400000000007
NN3-055,1985-12-01,836.3199999999999
NN3-055,1986-01-01,14427.400000000007
NN3-055,1986-02-01,14427.400000000007
NN3-055,1986-03-01,836.3199999999999
NN3-055,1986-04-01,14427.400000000007
NN3-055,1986-05-01,836.3199999999999
NN3-055,1986-06-01,14427.400000000007
NN3-055,1986-07-01,14427.400000000007
NN3-055,1986-08-01,836.3199999999999
NN3-055,1986-09-01,14427.400000000007
NN3-055,1986-10-01,14427.400000000007
NN3-055,1986-11-01,836.3199999999999
NN3-055,1986-12-01,836.3199999999999
NN3-055,1987-01-01,14427.400000000007
NN3-055,1987-02-01,836.3199999999999
NN3-055,1987-03-01,836.3199999999999
NN3-055,1987-04-01,14427.400000000007
NN3-055,1987-05-01,14427.400000000007
NN3-055,1987-06-01,14427.400000000007
NN3-055,1987-07-01,14427.400000000007
NN3-055,1987-08-01,836.3199999999999
NN3-055,1987-09-01,836.3199999999999
NN3-055,1987-10-01,836.3199999999999
NN3-055,1987-11-01,14427.400000000007
NN3-055,1987-12-01,14427.400000000007
NN3-055,1988-01-01,10711.03736343989
NN3-055,1988-02-01,14427.400000000007
NN3-055,1988-03-01,836.3199999999999
NN3-055,1988-04-01,836.3199999999999
NN3-055,1988-05-01,836.3199999999999
NN3-055,1988-06-01,14427.400000000007
NN3-055,1988-07-01,836.3199999999999
NN3-055,1988-08-01,14427.400000000007
NN3-055,1988-09-01,836.3199999999999
NN3-055,1988-10-01,836.3199999999999
NN3-055,1988-11-01,14427.400000000007
NN3-055,1988-12-01,14427.400000000007
NN3-055,1989-01-01,14427.400000000007
NN3-055,1989-02-01,14427.400000000007
NN3-055,1989-03-01,836.3199999999999
NN3-055,1989-04-01,836.3199999999999
NN3-055,1989-05-01,836.3199999999999
NN3-055,1989-06-01,14427.400000000007
NN3-055,1989-07-01,14427.400000000007
NN3-055,1989-08-01,836.3199999999999
NN3-055,1989-09-01,14427.400000000007
NN3-055,1989-10-01,14427.400000000007
NN3-055,1989-11-01,836.3199999999999
NN3-055,1989-12-01,836.3199999999999
NN3-055,1990-01-01,14427.400000000007
NN3-055,1990-02-01,14427.400000000007
NN3-055,1990-03-01,14427.400000000007
NN3-055,1990-04-01,14427.400000000007
NN3-055,1990-05-01,14427.400000000007
NN3-055,1990-06-01,836.3199999999999
NN3-055,1990-07-01,14427.400000000007
NN3-055,1990-08-01,14427.400000000007
NN3-055,1990-09-01,836.3199999999999
NN3-055,1990-10-01,836.3199999999999
NN3-055,1990-11-01,14427.400000000007
NN3-055,1990-12-01,836.3199999999999
NN3-055,1991-01-01,14427.400000000007
NN3-055,1991-02-01,836.3199999999999
NN3-055,1991-03-01,14427.400000000007
NN3-055,1991-04-01,14427.400000000007
NN3-055,1991-05-01,836.3199999999999
NN3-055,1991-06-01,14427.400000000007
NN3-056,1982-01-01,836.3199999999999
NN3-056,1982-02-01,14427.400000000007
NN3-056,1982-03-01,14427.400000000007
NN3-056,1982-04-01,14427.400000000007
NN3-056,1982-05-01,836.3199999999999
NN3-056,1982-06-01,836.3199999999999
NN3-056,1982-07-01,14427.400000000007
NN3-056,1982-08-01,836.3199999999999
NN3-056,1982-09-01,836.3199999999999
NN3-056,1982-10-01,14427.400000000007
NN3-056,1982-11-01,1395.9612749410844
NN3-056,1982-12-01,14427.400000000007
NN3-056,1983-01-01,14427.400000000007
NN3-056,1983-02-01,14427.400000000007
NN3-056,1983-03-01,836.3199999999999
NN3-056,1983-04-01,836.3199999999999
NN3-056,1983-05-01,836.3199999999999
NN3-056,1983-06-01,836.3199999999999
NN3-056,1983-07-01,14427.400000000007
NN3-056,1983-08-01,836.3199999999999
NN3-056,1983-09-01,836.3199999999999
NN3-056,1983-10-01,836.3199999999999
NN3-056,1983-11-01,836.3199999999999
NN3-056,1983-12-01,14427.400000000007
NN3-056,1984-01-01,836.3199999999999
NN3-056,1984-02-01,836.3199999999999
NN3-056,1984-03-01,14427.400000000007
NN3-056,1984-04-01,836.3199999999999
NN3-056,1984-05-01,14427.400000000007
NN3-056,1984-06-01,836.3199999999999
NN3-056,1984-07-01,14427.400000000007
NN3-056,1984-08-01,836.3199999999999
NN3-056,1984-09-01,836.3199999999999
NN3-056,1984-10-01,836.3199999999999
NN3-056,1984-11-01,836.3199999999999
NN3-056,1984-12-01,14427.400000000007
NN3-056,1985-01-01,836.3199999999999
NN3-056,1985-02-01,836.3199999999999
NN3-056,1985-03-01,836.3199999999999
NN3-056,1985-04-01,836.3199999999999
NN3-056,1985-05-01,14427.400000000007
NN3-056,1985-06-01,14427.400000000007
NN3-056,1985-07-01,14427.400000000007
NN3-056,1985-08-01,836.3199999999999
NN3-056,1985-09-01,14427.400000000007
NN3-056,1985-10-01,836.3199999999999
NN3-056,1985-11-01,14427.400000000007
NN3-056,1985-12-01,836.3199999999999
NN3-056,1986-01-01,836.3199999999999
NN3-056,1986-02-01,836.3199999999999
NN3-056,1986-03-01,14427.400000000007
NN3-056,1986-04-01,14427.400000000007
NN3-056,1986-05-01,836.3199999999999
NN3-056,1986-06-01,836.3199999999999
NN3-056,1986-07-01,14427.400000000007
NN3-056,1986-08-01,14427.400000000007
NN3-056,1986-09-01,14427.400000000007
NN3-056,1986-10-01,14427.400000000007
NN3-056,1986-11-01,14427.400000000007
NN3-056,1986-12-01,14427.400000000007
NN3-056,1987-01-01,14427.400000000007
NN3-056,1987-02-01,836.3199999999999
NN3-056,1987-03-01,836.3199999999999
NN3-056,1987-04-01,14427.400000000007
NN3-056,1987-05-01,14427.400000000007
NN3-056,1987-06-01,14427.400000000007
NN3-056,1987-07-01,836.3199999999999
NN3-056,1987-08-01,14427.400000000007
NN3-056,1987-09-01,836.3199999999999
NN3-056,1987-10-01,836.3199999999999
NN3-056,1987-11-01,836.3199999999999
NN3-056,1987-12-01,14427.400000000007
NN3-056,1988-01-01,836.3199999999999
NN3-056,1988-02-01,14427.400000000007
NN3-056,1988-03-01,836.3199999999999
NN3-056,1988-04-01,14427.400000000007
NN3-056,1988-05-01,836.3199999999999
NN3-056,1988-06-01,836.3199999999999
NN3-056,1988-07-01,14427.400000000007
NN3-056,1988-08-01,14427.400000000007
NN3-056,1988-09-01,14427.400000000007
NN3-056,1988-10-01,14427.400000000007
NN3-056,1988-11-01,14427.400000000007
NN3-056,1988-12-01,836.3199999999999
NN3-056,1989-01-01,836.3199999999999
NN3-056,1989-02-01,14427.400000000007
NN3-056,1989-03-01,836.3199999999999
NN3-056,1989-04-01,836.3199999999999
NN3-056,1989-05-01,9641.850092798279
NN3-056,1989-06-01,836.3199999999999
NN3-056,1989-07-01,836.3199999999999
NN3-056,1989-08-01,836.3199999999999
NN3-056,1989-09-01,14427.400000000007
NN3-056,1989-10-01,836.3199999999999
NN3-056,1989-11-01,836.3199999999999
NN3-056,1989-12-01,836.3199999999999
NN3-056,1990-01-01,14427.400000000007
NN3-056,1990-02-01,836.3199999999999
NN3-056,1990-03-01,14427.400000000007
NN3-056,1990-04-01,14427.400000000007
NN3-056,1990-05-01,14427.400000000007
NN3-056,1990-06-01,14427.400000000007
NN3-056,1990-07-01,14427.400000000007
NN3-056,1990-08-01,14427.400000000007
NN3-056,1990-09-01,11249.268412952628
NN3-056,1990-10-01,14427.400000000007
NN3-056,1990-11-01,836.3199999999999
NN3-056,1990-12-01,836.3199999999999
NN3-056,1991-01-01,14427.400000000007
NN3-056,1991-02-01,836.3199999999999
NN3-056,1991-03-01,836.3199999999999
NN3-056,1991-04-01,836.3199999999999
NN3-056,1991-05-01,836.3199999999999
NN3-056,1991-06-01,14427.400000000007
NN3-057,1982-01-01,836.3199999999999
NN3-057,1982-02-01,836.3199999999999
NN3-057,1982-03-01,836.3199999999999
NN3-057,1982-04-01,836.3199999999999
NN3-057,1982-05-01,836.3199999999999
NN3-057,1982-06-01,14427.400000000007
NN3-057,1982-07-01,14427.400000000007
NN3-057,1982-08-01,14427.400000000007
NN3-057,1982-09-01,14427.400000000007
NN3-057,1982-10-01,836.3199999999999
NN3-057,1982-11-01,14427.400000000007
NN3-057,1982-12-01,14427.400000000007
NN3-057,1983-01-01,836.3199999999999
NN3-057,1983-02-01,14427.400000000007
NN3-057,1983-03-01,14427.400000000007
NN3-057,1983-04-01,14427.400000000007
NN3-057,1983-05-01,836.3199999999999
NN3-057,1983-06-01,14427.400000000007
NN3-057,1983-07-01,14427.400000000007
NN3-057,1983-08-01,836.3199999999999
NN3-057,1983-09-01,836.3199999999999
NN3-057,1983-10-01,14427.400000000007
NN3-057,1983-11-01,836.3199999999999
NN3-057,1983-12-01,836.3199999999999
NN3-057,1984-01-01,836.3199999999999
NN3-057,1984-02-01,836.3199999999999
NN3-057,1984-03-01,836.3199999999999
NN3-057,1984-04-01,14427.400000000007
NN3-057,1984-05-01,836.3199999999999
NN3-057,1984-06-01,836.3199999999999
NN3-057,1984-07-01,14427.400000000007
NN3-057,1984-08-01,836.3199999999999
NN3-057,1984-09-01,836.3199999999999
NN3-057,1984-10-01,836.3199999999999
NN3-057,1984-11-01,836.3199999999999
NN3-057,1984-12-01,836.3199999999999
NN3-057,1985-01-01,836.3199999999999
NN3-057,1985-02-01,14427.400000000007
NN3-057,1985-03-01,14427.400000000007
NN3-057,1985-04-01,836.3199999999999
NN3-057,1985-05-01,14427.400000000007
NN3-057,1985-06-01,836.3199999999999
NN3-057,1985-07-01,836.3199999999999
NN3-057,1985-08-01,836.3199999999999
NN3-057,1985-09-01,836.3199999999999
NN3-057,1985-10-01,14427.400000000007
NN3-057,1985-11-01,836.3199999999999
NN3-057,1985-12-01,836.3199999999999
NN3-057,1986-01-01,836.3199999999999
NN3-057,1986-02-01,14427.400000000007
NN3-057,1986-03-01,14427.400000000007
NN3-057,1986-04-01,14427.400000000007
NN3-057,1986-05-01,14427.400000000007
NN3-057,1986-06-01,836.3199999999999
NN3-057,1986-07-01,14427.400000000007
NN3-057,1986-08-01,836.3199999999999
NN3-057,1986-09-01,14427.400000000007
NN3-057,1986-10-01,836.3199999999999
NN3-057,1986-11-01,14427.400000000007
NN3-057,1986-12-01,10507.293659759793
NN3-057,1987-01-01,836.3199999999999
NN3-057,1987-02-01,836.3199999999999
NN3-057,1987-03-01,14427.400000000007
NN3-057,1987-04-01,14427.400000000007
NN3-057,1987-05-01,14427.400000000007
NN3-057,1987-06-01,14427.400000000007
NN3-057,1987-07-01,836.3199999999999
NN3-057,1987-08-01,14427.400000000007
NN3-057,1987-09-01,14427.400000000007
NN3-057,1987-10-01,836.3199999999999
NN3-057,1987-11-01,836.3199999999999
NN3-057,1987-12-01,14427.400000000007
NN3-057,1988-01-01,836.3199999999999
NN3-057,1988-02-01,14427.400000000007
NN3-057,1988-03-01,14427.400000000007
NN3-057,1988-04-01,14427.400000000007
NN3-057,1988-05-01,14427.400000000007
NN3-057,1988-06-01,14427.400000000007
NN3-057,1988-07-01,836.3199999999999
NN3-057,1988-08-01,14427.400000000007
NN3-057,1988-09-01,836.3199999999999
NN3-057,1988-10-01,836.3199999999999
NN3-057,1988-11-01,14427.400000000007
NN3-057,1988-12-01,14427.400000000007
NN3-057,1989-01-01,836.3199999999999
NN3-057,1989-02-01,14427.400000000007
NN3-057,1989-03-01,14427.400000000007
NN3-057,1989-04-01,836.3199999999999
NN3-057,1989-05-01,14427.400000000007
NN3-057,1989-06-01,14427.400000000007
NN3-057,1989-07-01,836.3199999999999
NN3-057,1989-08-01,836.3199999999999
NN3-057,1989-09-01,836.3199999999999
NN3-057,1989-10-01,14427.400000000007
NN3-057,1989-11-01,836.3199999999999
NN3-057,1989-12-01,836.3199999999999
NN3-057,1990-01-01,836.3199999999999
NN3-057,1990-02-01,14427.400000000007
NN3-057,1990-03-01,836.3199999999999
NN3-057,1990-04-01,14427.400000000007
NN3-057,1990-05-01,14427.400000000007
NN3-057,1990-06-01,14427.400000000007
NN3-057,1990-07-01,14427.400000000007
NN3-057,1990-08-01,14427.400000000007
NN3-057,1990-09-01,836.3199999999999
NN3-057,1990-10-01,836.3199999999999
NN3-057,1990-11-01,836.3199999999999
NN3-057,1990-12-01,836.3199999999999
NN3-057,1991-01-01,836.3199999999999
NN3-057,1991-02-01,836.3199999999999
NN3-057,1991-03-01,836.3199999999999
NN3-058,1979-01-01,14427.400000000007
NN3-058,1979-02-01,836.3199999999999
NN3-058,1979-03-01,14427.400000000007
NN3-058,1979-04-01,14427.400000000007
NN3-058,1979-05-01,836.3199999999999
NN3-058,1979-06-01,836.3199999999999
NN3-058,1979-07-01,14427.400000000007
NN3-058,1979-08-01,14427.400000000007
NN3-058,1979-09-01,836.3199999999999
NN3-058,1979-10-01,836.3199999999999
NN3-058,1979-11-01,14427.400000000007
NN3-058,1979-12-01,836.3199999999999
NN3-058,1980-01-01,14427.400000000007
NN3-058,1980-02-01,14427.400000000007
NN3-058,1980-03-01,836.3199999999999
NN3-058,1980-04-01,14427.400000000007
NN3-058,1980-05-01,14427.400000000007
NN3-058,1980-06-01,836.3199999999999
NN3-058,1980-07-01,14427.400000000007
NN3-058,1980-08-01,836.3199999999999
NN3-058,1980-09-01,14427.400000000007
NN3-058,1980-10-01,836.3199999999999
NN3-058,1980-11-01,14427.400000000007
NN3-058,1980-12-01,836.3199999999999
NN3-058,1981-01-01,14427.400000000007
NN3-058,1981-02-01,14427.400000000007
NN3-058,1981-03-01,836.3199999999999
NN3-058,1981-04-01,14427.400000000007
NN3-058,1981-05-01,836.3199999999999
NN3-058,1981-06-01,14427.400000000007
NN3-058,1981-07-01,14427.400000000007
NN3-058,1981-08-01,836.3199999999999
NN3-058,1981-09-01,14427.400000000007
NN3-058,1981-10-01,836.3199999999999
NN3-058,1981-11-01,14427.400000000007
NN3-058,1981-12-01,836.3199999999999
NN3-058,1982-01-01,14427.400000000007
NN3-058,1982-02-01,836.3199999999999
NN3-058,1982-03-01,836.3199999999999
NN3-058,1982-04-01,14427.400000000007
NN3-058,1982-05-01,836.3199999999999
NN3-058,1982-06-01,836.3199999999999
NN3-058,1982-07-01,836.3199999999999
NN3-058,1982-08-01,836.3199999999999
NN3-058,1982-09-01,836.3199999999999
NN3-058,1982-10-01,14427.400000000007
NN3-058,1982-11-01,10848.224470494484
NN3-058,1982-12-01,836.3199999999999
NN3-058,1983-01-01,836.3199999999999
NN3-058,1983-02-01,14427.400000000007
NN3-058,1983-03-01,14427.400000000007
NN3-058,1983-04-01,836.3199999999999
NN3-058,1983-05-01,836.3199999999999
NN3-058,1983-06-01,14427.400000000007
NN3-058,1983-07-01,14427.400000000007
NN3-058,1983-08-01,3404.037374134744
NN3-058,1983-09-01,836.3199999999999
NN3-058,1983-10-01,836.3199999999999
NN3-058,1983-11-01,14427.400000000007
NN3-058,1983-12-01,14427.400000000007
NN3-058,1984-01-01,836.3199999999999
NN3-058,1984-02-01,836.3199999999999
NN3-058,1984-03-01,836.3199999999999
NN3-058,1984-04-01,836.3199999999999
NN3-058,1984-05-01,14427.400000000007
NN3-058,1984-06-01,14427.400000000007
NN3-058,1984-07-01,836.3199999999999
NN3-058,1984-08-01,14427.400000000007
NN3-058,1984-09-01,14427.400000000007
NN3-058,1984-10-01,836.3199999999999
NN3-058,1984-11-01,14427.400000000007
NN3-058,1984-12-01,836.3199999999999
NN3-058,1985-01-01,836.3199999999999
NN3-058,1985-02-01,14427.400000000007
NN3-058,1985-03-01,14427.400000000007
NN3-058,1985-04-01,836.3199999999999
NN3-058,1985-05-01,14427.400000000007
NN3-058,1985-06-01,14427.400000000007
NN3-058,1985-07-01,14427.400000000007
NN3-058,1985-08-01,836.3199999999999
NN3-058,1985-09-01,836.3199999999999
NN3-058,1985-10-01,14427.400000000007
NN3-058,1985-11-01,836.3199999999999
NN3-058,1985-12-01,14427.400000000007
NN3-058,1986-01-01,836.3199999999999
NN3-058,1986-02-01,836.3199999999999
NN3-058,1986-03-01,836.3199999999999
NN3-058,1986-04-01,836.3199999999999
NN3-058,1986-05-01,836.3199999999999
NN3-058,1986-06-01,836.3199999999999
NN3-058,1986-07-01,836.3199999999999
NN3-058,1986-08-01,14427.400000000007
NN3-058,1986-09-01,836.3199999999999
NN3-058,1986-10-01,14427.400000000007
NN3-058,1986-11-01,14427.400000000007
NN3-058,1986-12-01,14427.400000000007
NN3-058,1987-01-01,14427.400000000007
NN3-058,1987-02-01,14427.400000000007
NN3-058,1987-03-01,836.3199999999999
NN3-058,1987-04-01,14427.400000000007
NN3-058,1987-05-01,3452.89465193337
NN3-058,1987-06-01,836.3199999999999
NN3-058,1987-07-01,14427.400000000007
NN3-058,1987-08-01,14427.400000000007
NN3-058,1987-09-01,836.3199999999999
NN3-058,1987-10-01,14427.400000000007
NN3-058,1987-11-01,836.3199999999999
NN3-058,1987-12-01,14427.400000000007
NN3-058,1988-01-01,14427.400000000007
NN3-058,1988-02-01,14427.400000000007
NN3-059,1983-01-01,836.3199999999999
NN3-059,1983-02-01,14427.400000000007
NN3-059,1983-03-01,14427.400000000007
NN3-059,1983-04-01,836.3199999999999
NN3-059,1983-05-01,836.3199999999999
NN3-059,1983-06-01,836.3199999999999
NN3-059,1983-07-01,836.3199999999999
NN3-059,1983-08-01,14427.400000000007
NN3-059,1983-09-01,14427.400000000007
NN3-059,1983-10-01,836.3199999999999
NN3-059,1983-11-01,836.3199999999999
NN3-059,1983-12-01,14427.400000000007
NN3-059,1984-01-01,836.3199999999999
NN3-059,1984-02-01,14427.400000000007
NN3-059,1984-03-01,14427.400000000007
NN3-059,1984-04-01,836.3199999999999
NN3-059,1984-05-01,836.3199999999999
NN3-059,1984-06-01,836.3199999999999
NN3-059,1984-07-01,836.3199999999999
NN3-059,1984-08-01,836.3199999999999
NN3-059,1984-09-01,14427.400000000007
NN3-059,1984-10-01,14427.400000000007
NN3-059,1984-11-01,836.3199999999999
NN3-059,1984-12-01,14427.400000000007
NN3-059,1985-01-01,836.3199999999999
NN3-059,1985-02-01,836.3199999999999
NN3-059,1985-03-01,836.3199999999999
NN3-059,1985-04-01,836.3199999999999
NN3-059,1985-05-01,14427.400000000007
NN3-059,1985-06-01,836.3199999999999
NN3-059,1985-07-01,14427.400000000007
NN3-059,1985-08-01,836.3199999999999
NN3-059,1985-09-01,836.3199999999999
NN3-059,1985-10-01,836.3199999999999
NN3-059,1985-11-01,836.3199999999999
NN3-059,1985-12-01,836.3199999999999
NN3-059,1986-01-01,14427.400000000007
NN3-059,1986-02-01,14427.400000000007
NN3-059,1986-03-01,14427.400000000007
NN3-059,1986-04-01,836.3199999999999
NN3-059,1986-05-01,14427.400000000007
NN3-059,1986-06-01,14427.400000000007
NN3-059,1986-07-01,14427.400000000007
NN3-059,1986-08-01,836.3199999999999
NN3-059,1986-09-01,14427.400000000007
NN3-059,1986-10-01,14427.400000000007
NN3-059,1986-11-01,14427.400000000007
NN3-059,1986-12-01,14427.400000000007
NN3-059,1987-01-01,836.3199999999999
NN3-059,1987-02-01,14427.400000000007
NN3-059,1987-03-01,14427.400000000007
NN3-059,1987-04-01,14427.400000000007
NN3-059,1987-05-01,836.3199999999999
NN3-059,1987-06-01,14427.400000000007
NN3-059,1987-07-01,836.3199999999999
NN3-059,1987-08-01,14427.400000000007
NN3-059,1987-09-01,836.3199999999999
NN3-059,1987-10-01,14427.400000000007
NN3-059,1987-11-01,14427.400000000007
NN3-059,1987-12-01,14427.400000000007
NN3-059,1988-01-01,836.3199999999999
NN3-059,1988-02-01,5913.768631313354
NN3-059,1988-03-01,14427.400000000007
NN3-059,1988-04-01,14427.400000000007
NN3-059,1988-05-01,836.3199999999999
NN3-059,1988-06-01,836.3199999999999
NN3-059,1988-07-01,836.3199999999999
NN3-059,1988-08-01,836.3199999999999
NN3-059,1988-09-01,14427.400000000007
NN3-059,1988-10-01,14427.400000000007
NN3-059,1988-11-01,836.3199999999999
NN3-059,1988-12-01,14427.400000000007
NN3-059,1989-01-01,14427.400000000007
NN3-059,1989-02-01,14427.400000000007
NN3-059,1989-03-01,836.3199999999999
NN3-059,1989-04-01,14427.400000000007
NN3-059,1989-05-01,14427.400000000007
NN3-059,1989-06-01,14427.400000000007
NN3-059,1989-07-01,836.3199999999999
NN3-059,1989-08-01,836.3199999999999
NN3-059,1989-09-01,836.3199999999999
NN3-059,1989-10-01,836.3199999999999
NN3-059,1989-11-01,14427.400000000007
NN3-059,1989-12-01,14427.400000000007
NN3-059,1990-01-01,14427.400000000007
NN3-059,1990-02-01,14427.400000000007
NN3-059,1990-03-01,14427.400000000007
NN3-059,1990-04-01,14427.400000000007
NN3-059,1990-05-01,836.3199999999999
NN3-059,1990-06-01,836.3199999999999
NN3-059,1990-07-01,836.3199999999999
NN3-059,1990-08-01,836.3199999999999
NN3-059,1990-09-01,14427.400000000007
NN3-059,1990-10-01,14427.400000000007
NN3-059,1990-11-01,836.3199999999999
NN3-059,1990-12-01,836.3199999999999
NN3-059,1991-01-01,836.3199999999999
NN3-059,1991-02-01,836.3199999999999
NN3-059,1991-03-01,14427.400000000007
NN3-059,1991-04-01,14427.400000000007
NN3-059,1991-05-01,14427.400000000007
NN3-059,1991-06-01,836.3199999999999
NN3-059,1991-07-01,14427.400000000007
NN3-059,1991-08-01,14427.400000000007
NN3-060,1981-01-01,836.3199999999999
NN3-060,1981-02-01,14427.400000000007
NN3-060,1981-03-01,14427.400000000007
NN3-060,1981-04-01,836.3199999999999
NN3-060,1981-05-01,836.3199999999999
NN3-060,1981-06-01,836.3199999999999
NN3-060,1981-07-01,14427.400000000007
NN3-060,1981-08-01,836.3199999999999
NN3-060,1981-09-01,14427.400000000007
NN3-060,1981-10-01,836.3199999999999
NN3-060,1981-11-01,14427.400000000007
NN3-060,1981-12-01,836.3199999999999
NN3-060,1982-01-01,836.3199999999999
NN3-060,1982-02-01,836.3199999999999
NN3-060,1982-03-01,14427.400000000007
NN3-060,1982-04-01,14427.400000000007
NN3-060,1982-05-01,836.3199999999999
NN3-060,1982-06-01,836.3199999999999
NN3-060,1982-07-01,14427.400000000007
NN3-060,1982-08-01,836.3199999999999
NN3-060,1982-09-01,14427.400000000007
NN3-060,1982-10-01,14427.400000000007
NN3-060,1982-11-01,836.3199999999999
NN3-060,1982-12-01,836.3199999999999
NN3-060,1983-01-01,14427.400000000007
NN3-060,1983-02-01,14427.400000000007
NN3-060,1983-03-01,836.3199999999999
NN3-060,1983-04-01,836.3199999999999
NN3-060,1983-05-01,14427.400000000007
NN3-060,1983-06-01,14427.400000000007
NN3-060,1983-07-01,836.3199999999999
NN3-060,1983-08-01,14427.400000000007
NN3-060,1983-09-01,14427.400000000007
NN3-060,1983-10-01,836.3199999999999
NN3-060,1983-11-01,14427.400000000007
NN3-060,1983-12-01,836.3199999999999
NN3-060,1984-01-01,836.3199999999999
NN3-060,1984-02-01,14427.400000000007
NN3-060,1984-03-01,14427.400000000007
NN3-060,1984-04-01,836.3199999999999
NN3-060,1984-05-01,14427.400000000007
NN3-060,1984-06-01,14427.400000000007
NN3-060,1984-07-01,836.3199999999999
NN3-060,1984-08-01,14427.400000000007
NN3-060,1984-09-01,14427.400000000007
NN3-060,1984-10-01,14427.400000000007
NN3-060,1984-11-01,836.3199999999999
NN3-060,1984-12-01,14427.400000000007
NN3-060,1985-01-01,836.3199999999999
NN3-060,1985-02-01,14427.400000000007
NN3-060,1985-03-01,836.3199999999999
NN3-060,1985-04-01,836.3199999999999
NN3-060,1985-05-01,836.3199999999999
NN3-060,1985-06-01,836.3199999999999
NN3-060,1985-07-01,836.3199999999999
NN3-060,1985-08-01,14427.400000000007
NN3-060,1985-09-01,836.3199999999999
NN3-060,1985-10-01,836.3199999999999
NN3-060,1985-11-01,14427.400000000007
NN3-060,1985-12-01,14427.400000000007
NN3-060,1986-01-01,836.3199999999999
NN3-060,1986-02-01,836.3199999999999
NN3-060,1986-03-01,14427.400000000007
NN3-060,1986-04-01,14427.400000000007
NN3-060,1986-05-01,836.3199999999999
NN3-060,1986-06-01,836.3199999999999
NN3-060,1986-07-01,836.3199999999999
NN3-060,1986-08-01,836.3199999999999
NN3-060,1986-09-01,14427.400000000007
NN3-060,1986-10-01,14427.400000000007
NN3-060,1986-11-01,836.3199999999999
NN3-060,1986-12-01,14427.400000000007
NN3-060,1987-01-01,836.3199999999999
NN3-060,1987-02-01,836.3199999999999
NN3-060,1987-03-01,14427.400000000007
NN3-060,1987-04-01,836.3199999999999
NN3-060,1987-05-01,14427.400000000007
NN3-060,1987-06-01,836.3199999999999
NN3-060,1987-07-01,14427.400000000007
NN3-060,1987-08-01,14427.400000000007
NN3-060,1987-09-01,836.3199999999999
NN3-060,1987-10-01,14427.400000000007
NN3-060,1987-11-01,836.3199999999999
NN3-060,1987-12-01,836.3199999999999
NN3-060,1988-01-01,836.3199999999999
NN3-060,1988-02-01,836.3199999999999
NN3-060,1988-03-01,836.3199999999999
NN3-060,1988-04-01,14427.400000000007
NN3-060,1988-05-01,14427.400000000007
NN3-060,1988-06-01,836.3199999999999
NN3-060,1988-07-01,836.3199999999999
NN3-060,1988-08-01,836.3199999999999
NN3-060,1988-09-01,14427.400000000007
NN3-060,1988-10-01,836.3199999999999
NN3-060,1988-11-01,14427.400000000007
NN3-060,1988-12-01,836.3199999999999
NN3-060,1989-01-01,14427.400000000007
NN3-060,1989-02-01,836.3199999999999
NN3-060,1989-03-01,836.3199999999999
NN3-060,1989-04-01,14427.400000000007
NN3-060,1989-05-01,14427.400000000007
NN3-060,1989-06-01,14427.400000000007
NN3-060,1989-07-01,836.3199999999999
NN3-060,1989-08-01,14427.400000000007
NN3-060,1989-09-01,836.3199999999999
NN3-060,1989-10-01,14427.400000000007
NN3-060,1989-11-01,14427.400000000007
NN3-060,1989-12-01,14427.400000000007
NN3-060,1990-01-01,14427.400000000007
NN3-060,1990-02-01,14427.400000000007
NN3-060,1990-03-01,14427.400000000007
NN3-060,1990-04-01,14427.400000000007
NN3-060,1990-05-01,14427.400000000007
NN3-060,1990-06-01,836.3199999999999
NN3-061,1981-01-01,836.3199999999999
NN3-061,1981-02-01,836.3199999999999
NN3-061,1981-03-01,14427.400000000007
NN3-061,1981-04-01,836.3199999999999
NN3-061,1981-05-01,14427.400000000007
NN3-061,1981-06-01,836.3199999999999
NN3-061,1981-07-01,836.3199999999999
NN3-061,1981-08-01,14427.400000000007
NN3-061,1981-09-01,836.3199999999999
NN3-061,1981-10-01,14427.400000000007
NN3-061,1981-11-01,836.3199999999999
NN3-061,1981-12-01,14427.400000000007
NN3-061,1982-01-01,836.3199999999999
NN3-061,1982-02-01,14427.400000000007
NN3-061,1982-03-01,14427.400000000007
NN3-061,1982-04-01,836.3199999999999
NN3-061,1982-05-01,836.3199999999999
NN3-061,1982-06-01,836.3199999999999
NN3-061,1982-07-01,836.3199999999999
NN3-061,1982-08-01,14427.400000000007
NN3-061,1982-09-01,836.3199999999999
NN3-061,1982-10-01,836.3199999999999
NN3-061,1982-11-01,836.3199999999999
NN3-061,1982-12-01,14427.400000000007
NN3-061,1983-01-01,836.3199999999999
NN3-061,1983-02-01,14427.400000000007
NN3-061,1983-03-01,836.3199999999999
NN3-061,1983-04-01,836.3199999999999
NN3-061,1983-05-01,14427.400000000007
NN3-061,1983-06-01,836.3199999999999
NN3-061,1983-07-01,836.3199999999999
NN3-061,1983-08-01,14427.400000000007
NN3-061,1983-09-01,836.3199999999999
NN3-061,1983-10-01,14427.400000000007
NN3-061,1983-11-01,14427.400000000007
NN3-061,1983-12-01,14427.400000000007
NN3-061,1984-01-01,836.3199999999999
NN3-061,1984-02-01,14427.400000000007
NN3-061,1984-03-01,836.3199999999999
NN3-061,1984-04-01,836.3199999999999
NN3-061,1984-05-01,14427.400000000007
NN3-061,1984-06-01,14427.400000000007
NN3-061,1984-07-01,836.3199999999999
NN3-061,1984-08-01,836.3199999999999
NN3-061,1984-09-01,836.3199999999999
NN3-061,1984-10-01,836.3199999999999
NN3-061,1984-11-01,14427.400000000007
NN3-061,1984-12-01,836.3199999999999
NN3-061,1985-01-01,836.3199999999999
NN3-061,1985-02-01,14427.400000000007
NN3-061,1985-03-01,836.3199999999999
NN3-061,1985-04-01,14427.400000000007
NN3-061,1985-05-01,14427.400000000007
NN3-061,1985-06-01,14427.400000000007
NN3-061,1985-07-01,836.3199999999999
NN3-061,1985-08-01,836.3199999999999
NN3-061,1985-09-01,836.3199999999999
NN3-061,1985-10-01,836.3199999999999
NN3-061,1985-11-01,14427.400000000007
NN3-061,1985-12-01,14427.400000000007
NN3-061,1986-01-01,836.3199999999999
NN3-061,1986-02-01,14427.400000000007
NN3-061,1986-03-01,836.3199999999999
NN3-061,1986-04-01,14427.400000000007
NN3-061,1986-05-01,14427.400000000007
NN3-061,1986-06-01,14427.400000000007
NN3-061,1986-07-01,14427.400000000007
NN3-061,1986-08-01,836.3199999999999
NN3-061,1986-09-01,836.3199999999999
NN3-061,1986-10-01,14427.400000000007
NN3-061,1986-11-01,836.3199999999999
NN3-061,1986-12-01,836.3199999999999
NN3-061,1987-01-01,836.3199999999999
NN3-061,1987-02-01,14427.400000000007
NN3-061,1987-03-01,14427.400000000007
NN3-061,1987-04-01,14427.400000000007
NN3-061,1987-05-01,836.3199999999999
NN3-061,1987-06-01,836.3199999999999
NN3-061,1987-07-01,14427.400000000007
NN3-061,1987-08-01,14427.400000000007
NN3-061,1987-09-01,3498.30892434578
NN3-061,1987-10-01,836.3199999999999
NN3-061,1987-11-01,836.3199999999999
NN3-061,1987-12-01,836.3199999999999
NN3-061,1988-01-01,14427.400000000007
NN3-061,1988-02-01,14427.400000000007
NN3-061,1988-03-01,14427.400000000007
NN3-061,1988-04-01,836.3199999999999
NN3-061,1988-05-01,14427.400000000007
NN3-061,1988-06-01,836.3199999999999
NN3-061,1988-07-01,836.3199999999999
NN3-061,1988-08-01,14427.400000000007
NN3-061,1988-09-01,14427.400000000007
NN3-061,1988-10-01,836.3199999999999
NN3-061,1988-11-01,836.3199999999999
NN3-061,1988-12-01,14427.400000000007
NN3-061,1989-01-01,14427.400000000007
NN3-061,1989-02-01,14427.400000000007
NN3-061,1989-03-01,836.3199999999999
NN3-061,1989-04-01,836.3199999999999
NN3-061,1989-05-01,14427.400000000007
NN3-061,1989-06-01,14427.400000000007
NN3-061,1989-07-01,13666.782760506834
NN3-061,1989-08-01,14427.400000000007
NN3-061,1989-09-01,836.3199999999999
NN3-061,1989-10-01,14427.400000000007
NN3-061,1989-11-01,14427.400000000007
NN3-061,1989-12-01,836.3199999999999
NN3-061,1990-01-01,14427.400000000007
NN3-061,1990-02-01,14427.400000000007
NN3-061,1990-03-01,10845.181949650789
NN3-061,1990-04-01,836.3199999999999
NN3-061,1990-05-01,836.3199999999999
NN3-061,1990-06-01,14427.400000000007
NN3-062,1979-01-01,14427.400000000007
NN3-062,1979-02-01,14427.400000000007
NN3-062,1979-03-01,8099.057971406467
NN3-062,1979-04-01,14427.400000000007
NN3-062,1979-05-01,14427.400000000007
NN3-062,1979-06-01,14427.400000000007
NN3-062,1979-07-01,836.3199999999999
NN3-062,1979-08-01,14427.400000000007
NN3-062,1979-09-01,836.3199999999999
NN3-062,1979-10-01,836.3199999999999
NN3-062,1979-11-01,836.3199999999999
NN3-062,1979-12-01,14427.400000000007
NN3-062,1980-01-01,14427.400000000007
NN3-062,1980-02-01,14427.400000000007
NN3-062,1980-03-01,836.3199999999999
NN3-062,1980-04-01,836.3199999999999
NN3-062,1980-05-01,14427.400000000007
NN3-062,1980-06-01,14427.400000000007
NN3-062,1980-07-01,14427.400000000007
NN3-062,1980-08-01,836.3199999999999
NN3-062,1980-09-01,14427.400000000007
NN3-062,1980-10-01,836.3199999999999
NN3-062,1980-11-01,836.3199999999999
NN3-062,1980-12-01,14427.400000000007
NN3-062,1981-01-01,836.3199999999999
NN3-062,1981-02-01,14427.400000000007
NN3-062,1981-03-01,836.3199999999999
NN3-062,1981-04-01,836.3199999999999
NN3-062,1981-05-01,836.3199999999999
NN3-062,1981-06-01,14427.400000000007
NN3-062,1981-07-01,14427.400000000007
NN3-062,1981-08-01,14427.400000000007
NN3-062,1981-09-01,14427.400000000007
NN3-062,1981-10-01,14427.400000000007
NN3-062,1981-11-01,14427.400000000007
NN3-062,1981-12-01,14427.400000000007
NN3-062,1982-01-01,836.3199999999999
NN3-062,1982-02-01,14427.400000000007
NN3-062,1982-03-01,836.3199999999999
NN3-062,1982-04-01,836.3199999999999
NN3-062,1982-05-01,836.3199999999999
NN3-062,1982-06-01,14427.400000000007
NN3-062,1982-07-01,836.3199999999999
NN3-062,1982-08-01,14427.400000000007
NN3-062,1982-09-01,14427.400000000007
NN3-062,1982-10-01,14427.400000000007
NN3-062,1982-11-01,14427.400000000007
NN3-062,1982-12-01,14427.400000000007
NN3-062,1983-01-01,836.3199999999999
NN3-062,1983-02-01,14427.400000000007
NN3-062,1983-03-01,14427.400000000007
NN3-062,1983-04-01,14427.400000000007
NN3-062,1983-05-01,14427.400000000007
NN3-062,1983-06-01,836.3199999999999
NN3-062,1983-07-01,836.3199999999999
NN3-062,1983-08-01,836.3199999999999
NN3-062,1983-09-01,836.3199999999999
NN3-062,1983-10-01,14427.400000000007
NN3-062,1983-11-01,14427.400000000007
NN3-062,1983-12-01,14427.400000000007
NN3-062,1984-01-01,14427.400000000007
NN3-062,1984-02-01,836.3199999999999
NN3-062,1984-03-01,836.3199999999999
NN3-062,1984-04-01,14427.400000000007
NN3-062,1984-05-01,14427.400000000007
NN3-062,1984-06-01,14427.400000000007
NN3-062,1984-07-01,836.3199999999999
NN3-062,1984-08-01,14427.400000000007
NN3-062,1984-09-01,836.3199999999999
NN3-062,1984-10-01,14427.400000000007
NN3-062,1984-11-01,836.3199999999999
NN3-062,1984-12-01,836.3199999999999
NN3-062,1985-01-01,836.3199999999999
NN3-062,1985-02-01,14427.400000000007
NN3-062,1985-03-01,14427.400000000007
NN3-062,1985-04-01,14427.400000000007
NN3-062,1985-05-01,836.3199999999999
NN3-062,1985-06-01,836.3199999999999
NN3-062,1985-07-01,836.3199999999999
NN3-062,1985-08-01,14427.400000000007
NN3-062,1985-09-01,14427.400000000007
NN3-062,1985-10-01,836.3199999999999
NN3-062,1985-11-01,14427.400000000007
NN3-062,1985-12-01,836.3199999999999
NN3-062,1986-01-01,836.3199999999999
NN3-062,1986-02-01,14427.400000000007
NN3-062,1986-03-01,836.3199999999999
NN3-062,1986-04-01,14427.400000000007
NN3-062,1986-05-01,836.3199999999999
NN3-062,1986-06-01,14427.400000000007
NN3-062,1986-07-01,836.3199999999999
NN3-062,1986-08-01,836.3199999999999
NN3-062,1986-09-01,836.3199999999999
NN3-062,1986-10-01,14427.400000000007
NN3-062,1986-11-01,14427.400000000007
NN3-062,1986-12-01,836.3199999999999
NN3-062,1987-01-01,836.3199999999999
NN3-062,1987-02-01,14427.400000000007
NN3-062,1987-03-01,836.3199999999999
NN3-062,1987-04-01,14427.400000000007
NN3-062,1987-05-01,14427.400000000007
NN3-062,1987-06-01,14427.400000000007
NN3-062,1987-07-01,836.3199999999999
NN3-062,1987-08-01,836.3199999999999
NN3-062,1987-09-01,836.3199999999999
NN3-062,1987-10-01,14427.400000000007
NN3-062,1987-11-01,14427.400000000007
NN3-062,1987-12-01,836.3199999999999
NN3-062,1988-01-01,836.3199999999999
NN3-062,1988-02-01,14427.400000000007
NN3-063,1982-01-01,836.3199999999999
NN3-063,1982-02-01,14427.400000000007
NN3-063,1982-03-01,14427.400000000007
NN3-063,1982-04-01,836.3199999999999
NN3-063,1982-05-01,836.3199999999999
NN3-063,1982-06-01,14427.400000000007
NN3-063,1982-07-01,14427.400000000007
NN3-063,1982-08-01,14427.400000000007
NN3-063,1982-09-01,14427.400000000007
NN3-063,1982-10-01,836.3199999999999
NN3-063,1982-11-01,14427.400000000007
NN3-063,1982-12-01,836.3199999999999
NN3-063,1983-01-01,836.3199999999999
NN3-063,1983-02-01,836.3199999999999
NN3-063,1983-03-01,14427.400000000007
NN3-063,1983-04-01,836.3199999999999
NN3-063,1983-05-01,836.3199999999999
NN3-063,1983-06-01,14427.400000000007
NN3-063,1983-07-01,836.3199999999999
NN3-063,1983-08-01,3637.209835135568
NN3-063,1983-09-01,14427.400000000007
NN3-063,1983-10-01,836.3199999999999
NN3-063,1983-11-01,14427.400000000007
NN3-063,1983-12-01,836.3199999999999
NN3-063,1984-01-01,836.3199999999999
NN3-063,1984-02-01,836.3199999999999
NN3-063,1984-03-01,836.3199999999999
NN3-063,1984-04-01,836.3199999999999
NN3-063,1984-05-01,14427.400000000007
NN3-063,1984-06-01,14427.400000000007
NN3-063,1984-07-01,836.3199999999999
NN3-063,1984-08-01,14427.400000000007
NN3-063,1984-09-01,836.3199999999999
NN3-063,1984-10-01,14427.400000000007
NN3-063,1984-11-01,836.3199999999999
NN3-063,1984-12-01,836.3199999999999
NN3-063,1985-01-01,14427.400000000007
NN3-063,1985-02-01,14427.400000000007
NN3-063,1985-03-01,836.3199999999999
NN3-063,1985-04-01,836.3199999999999
NN3-063,1985-05-01,14427.400000000007
NN3-063,1985-06-01,836.3199999999999
NN3-063,1985-07-01,14427.400000000007
NN3-063,1985-08-01,836.3199999999999
NN3-063,1985-09-01,8429.134595389161
NN3-063,1985-10-01,836.3199999999999
NN3-063,1985-11-01,836.3199999999999
NN3-063,1985-12-01,836.3199999999999
NN3-063,1986-01-01,836.3199999999999
NN3-063,1986-02-01,836.3199999999999
NN3-063,1986-03-01,836.3199999999999
NN3-063,1986-04-01,14427.400000000007
NN3-063,1986-05-01,836.3199999999999
NN3-063,1986-06-01,14427.400000000007
NN3-063,1986-07-01,836.3199999999999
NN3-063,1986-08-01,14427.400000000007
NN3-063,1986-09-01,836.3199999999999
NN3-063,1986-10-01,836.3199999999999
NN3-063,1986-11-01,9738.671133596757
NN3-063,1986-12-01,836.3199999999999
NN3-063,1987-01-01,836.3199999999999
NN3-063,1987-02-01,836.3199999999999
NN3-063,1987-03-01,14427.400000000007
NN3-063,1987-04-01,14427.400000000007
NN3-063,1987-05-01,836.3199999999999
NN3-063,1987-06-01,14427.400000000007
NN3-063,1987-07-01,1058.5410149356803
NN3-063,1987-08-01,14427.400000000007
NN3-063,1987-09-01,14427.400000000007
NN3-063,1987-10-01,836.3199999999999
NN3-063,1987-11-01,14427.400000000007
NN3-063,1987-12-01,14427.400000000007
NN3-063,1988-01-01,14427.400000000007
NN3-063,1988-02-01,836.3199999999999
NN3-063,1988-03-01,836.3199999999999
NN3-063,1988-04-01,14427.400000000007
NN3-063,1988-05-01,836.3199999999999
NN3-063,1988-06-01,14427.400000000007
NN3-063,1988-07-01,14427.400000000007
NN3-063,1988-08-01,836.3199999999999
NN3-063,1988-09-01,14427.400000000007
NN3-063,1988-10-01,836.3199999999999
NN3-063,1988-11-01,836.3199999999999
NN3-063,1988-12-01,14427.400000000007
NN3-063,1989-01-01,14427.400000000007
NN3-063,1989-02-01,836.3199999999999
NN3-063,1989-03-01,14427.400000000007
NN3-063,1989-04-01,836.3199999999999
NN3-063,1989-05-01,14427.400000000007
NN3-063,1989-06-01,836.3199999999999
NN3-063,1989-07-01,836.3199999999999
NN3-063,1989-08-01,836.3199999999999
NN3-063,1989-09-01,14427.400000000007
NN3-063,1989-10-01,14427.400000000007
NN3-063,1989-11-01,836.3199999999999
NN3-063,1989-12-01,836.3199999999999
NN3-063,1990-01-01,836.3199999999999
NN3-063,1990-02-01,836.3199999999999
NN3-063,1990-03-01,836.3199999999999
NN3-063,1990-04-01,14427.400000000007
NN3-063,1990-05-01,836.3199999999999
NN3-063,1990-06-01,14427.400000000007
NN3-063,1990-07-01,14427.400000000007
NN3-063,1990-08-01,836.3199999999999
NN3-063,1990-09-01,836.3199999999999
NN3-063,1990-10-01,14427.400000000007
NN3-063,1990-11-01,14427.400000000007
NN3-063,1990-12-01,14427.400000000007
NN3-063,1991-01-01,836.3199999999999
NN3-063,1991-02-01,14427.400000000007
NN3-063,1991-03-01,836.3199999999999
NN3-063,1991-04-01,836.3199999999999
NN3-063,1991-05-01,14427.400000000007
NN3-063,1991-06-01,836.3199999999999
NN3-064,1983-01-01,836.3199999999999
NN3-064,1983-02-01,836.3199999999999
NN3-064,1983-03-01,836.3199999999999
NN3-064,1983-04-01,14427.400000000007
NN3-064,1983-05-01,14427.400000000007
NN3-064,1983-06-01,836.3199999999999
NN3-064,1983-07-01,14427.400000000007
NN3-064,1983-08-01,836.3199999999999
NN3-064,1983-09-01,14427.400000000007
NN3-064,1983-10-01,836.3199999999999
NN3-064,1983-11-01,836.3199999999999
NN3-064,1983-12-01,14427.400000000007
NN3-064,1984-01-01,836.3199999999999
NN3-064,1984-02-01,836.3199999999999
NN3-064,1984-03-01,14427.400000000007
NN3-064,1984-04-01,14427.400000000007
NN3-064,1984-05-01,836.3199999999999
NN3-064,1984-06-01,836.3199999999999
NN3-064,1984-07-01,14427.400000000007
NN3-064,1984-08-01,836.3199999999999
NN3-064,1984-09-01,14427.400000000007
NN3-064,1984-10-01,14427.400000000007
NN3-064,1984-11-01,14427.400000000007
NN3-064,1984-12-01,14427.400000000007
NN3-064,1985-01-01,836.3199999999999
NN3-064,1985-02-01,836.3199999999999
NN3-064,1985-03-01,14427.400000000007
NN3-064,1985-04-01,836.3199999999999
NN3-064,1985-05-01,836.3199999999999
NN3-064,1985-06-01,14427.400000000007
NN3-064,1985-07-01,836.3199999999999
NN3-064,1985-08-01,836.3199999999999
NN3-064,1985-09-01,836.3199999999999
NN3-064,1985-10-01,14427.400000000007
NN3-064,1985-11-01,14427.400000000007
NN3-064,1985-12-01,14427.400000000007
NN3-064,1986-01-01,14427.400000000007
NN3-064,1986-02-01,14427.400000000007
NN3-064,1986-03-01,836.3199999999999
NN3-064,1986-04-01,14427.400000000007
NN3-064,1986-05-01,9091.124056080602
NN3-064,1986-06-01,14427.400000000007
NN3-064,1986-07-01,836.3199999999999
NN3-064,1986-08-01,836.3199999999999
NN3-064,1986-09-01,836.3199999999999
NN3-064,1986-10-01,14427.400000000007
NN3-064,1986-11-01,836.3199999999999
NN3-064,1986-12-01,14427.400000000007
NN3-064,1987-01-01,836.3199999999999
NN3-064,1987-02-01,14427.400000000007
NN3-064,1987-03-01,14427.400000000007
NN3-064,1987-04-01,836.3199999999999
NN3-064,1987-05-01,836.3199999999999
NN3-064,1987-06-01,836.3199999999999
NN3-064,1987-07-01,14427.400000000007
NN3-064,1987-08-01,836.3199999999999
NN3-064,1987-09-01,14427.400000000007
NN3-064,1987-10-01,836.3199999999999
NN3-064,1987-11-01,14427.400000000007
NN3-064,1987-12-01,14427.400000000007
NN3-064,1988-01-01,14427.400000000007
NN3-064,1988-02-01,836.3199999999999
NN3-064,1988-03-01,836.3199999999999
NN3-064,1988-04-01,836.3199999999999
NN3-064,1988-05-01,836.3199999999999
NN3-064,1988-06-01,14427.400000000007
NN3-064,1988-07-01,836.3199999999999
NN3-064,1988-08-01,14427.400000000007
NN3-064,1988-09-01,14427.400000000007
NN3-064,1988-10-01,1213.8551503514009
NN3-064,1988-11-01,14427.400000000007
NN3-064,1988-12-01,14427.400000000007
NN3-064,1989-01-01,836.3199999999999
NN3-064,1989-02-01,14427.400000000007
NN3-064,1989-03-01,836.3199999999999
NN3-064,1989-04-01,14427.400000000007
NN3-064,1989-05-01,14427.400000000007
NN3-064,1989-06-01,14427.400000000007
NN3-064,1989-07-01,836.3199999999999
NN3-064,1989-08-01,836.3199999999999
NN3-064,1989-09-01,836.3199999999999
NN3-064,1989-10-01,14427.400000000007
NN3-064,1989-11-01,836.3199999999999
NN3-064,1989-12-01,14427.400000000007
NN3-064,1990-01-01,836.3199999999999
NN3-064,1990-02-01,836.3199999999999
NN3-064,1990-03-01,14427.400000000007
NN3-064,1990-04-01,836.3199999999999
NN3-064,1990-05-01,836.3199999999999
NN3-064,1990-06-01,14427.400000000007
NN3-064,1990-07-01,14427.400000000007
NN3-064,1990-08-01,836.3199999999999
NN3-064,1990-09-01,14427.400000000007
NN3-064,1990-10-01,836.3199999999999
NN3-064,1990-11-01,14427.400000000007
NN3-064,1990-12-01,836.3199999999999
NN3-064,1991-01-01,14427.400000000007
NN3-064,1991-02-01,836.3199999999999
NN3-064,1991-03-01,836.3199999999999
NN3-064,1991-04-01,14427.400000000007
NN3-064,1991-05-01,14427.400000000007
NN3-064,1991-06-01,14427.400000000007
NN3-064,1991-07-01,14427.400000000007
NN3-064,1991-08-01,14427.400000000007
NN3-065,1978-01-01,836.3199999999999
NN3-065,1978-02-01,14427.400000000007
NN3-065,1978-03-01,14427.400000000007
NN3-065,1978-04-01,14427.400000000007
NN3-065,1978-05-01,836.3199999999999
NN3-065,1978-06-01,836.3199999999999
NN3-065,1978-07-01,14427.400000000007
NN3-065,1978-08-01,14427.400000000007
NN3-065,1978-09-01,836.3199999999999
NN3-065,1978-10-01,836.3199999999999
NN3-065,1978-11-01,14427.400000000007
NN3-065,1978-12-01,836.3199999999999
NN3-065,1979-01-01,14427.400000000007
NN3-065,1979-02-01,836.3199999999999
NN3-065,1979-03-01,836.3199999999999
NN3-065,1979-04-01,836.3199999999999
NN3-065,1979-05-01,14427.400000000007
NN3-065,1979-06-01,14427.400000000007
NN3-065,1979-07-01,836.3199999999999
NN3-065,1979-08-01,836.3199999999999
NN3-065,1979-09-01,836.3199999999999
NN3-065,1979-10-01,14427.400000000007
NN3-065,1979-11-01,14427.400000000007
NN3-065,1979-12-01,14427.400000000007
NN3-065,1980-01-01,14427.400000000007
NN3-065,1980-02-01,5079.213536847977
NN3-065,1980-03-01,836.3199999999999
NN3-065,1980-04-01,14427.400000000007
NN3-065,1980-05-01,836.3199999999999
NN3-065,1980-06-01,14427.400000000007
NN3-065,1980-07-01,836.3199999999999
NN3-065,1980-08-01,14427.400000000007
NN3-065,1980-09-01,14427.400000000007
NN3-065,1980-10-01,836.3199999999999
NN3-065,1980-11-01,14427.400000000007
NN3-065,1980-12-01,836.3199999999999
NN3-065,1981-01-01,14427.400000000007
NN3-065,1981-02-01,14427.400000000007
NN3-065,1981-03-01,836.3199999999999
NN3-065,1981-04-01,14427.400000000007
NN3-065,1981-05-01,836.3199999999999
NN3-065,1981-06-01,14427.400000000007
NN3-065,1981-07-01,836.3199999999999
NN3-065,1981-08-01,14427.400000000007
NN3-065,1981-09-01,14427.400000000007
NN3-065,1981-10-01,836.3199999999999
NN3-065,1981-11-01,14427.400000000007
NN3-065,1981-12-01,836.3199999999999
NN3-065,1982-01-01,14427.400000000007
NN3-065,1982-02-01,14427.400000000007
NN3-065,1982-03-01,14427.400000000007
NN3-065,1982-04-01,14427.400000000007
NN3-065,1982-05-01,6145.632773149189
NN3-065,1982-06-01,14427.400000000007
NN3-065,1982-07-01,836.3199999999999
NN3-065,1982-08-01,14427.400000000007
NN3-065,1982-09-01,14427.400000000007
NN3-065,1982-10-01,836.3199999999999
NN3-065,1982-11-01,836.3199999999999
NN3-065,1982-12-01,14427.400000000007
NN3-065,1983-01-01,836.3199999999999
NN3-065,1983-02-01,836.3199999999999
NN3-065,1983-03-01,14427.400000000007
NN3-065,1983-04-01,836.3199999999999
NN3-065,1983-05-01,14427.400000000007
NN3-065,1983-06-01,836.3199999999999
NN3-065,1983-07-01,14427.400000000007
NN3-065,1983-08-01,836.3199999999999
NN3-065,1983-09-01,836.3199999999999
NN3-065,1983-10-01,14427.400000000007
NN3-065,1983-11-01,14427.400000000007
NN3-065,1983-12-01,14427.400000000007
NN3-065,1984-01-01,836.3199999999999
NN3-065,1984-02-01,14427.400000000007
NN3-065,1984-03-01,836.3199999999999
NN3-065,1984-04-01,836.3199999999999
NN3-065,1984-05-01,836.3199999999999
NN3-065,1984-06-01,14427.400000000007
NN3-065,1984-07-01,4553.096962280371
NN3-065,1984-08-01,836.3199999999999
NN3-065,1984-09-01,836.3199999999999
NN3-065,1984-10-01,14427.400000000007
NN3-065,1984-11-01,14427.400000000007
NN3-065,1984-12-01,14427.400000000007
NN3-065,1985-01-01,836.3199999999999
NN3-065,1985-02-01,836.3199999999999
NN3-065,1985-03-01,836.3199999999999
NN3-065,1985-04-01,836.3199999999999
NN3-065,1985-05-01,836.3199999999999
NN3-065,1985-06-01,14427.400000000007
NN3-065,1985-07-01,14427.400000000007
NN3-065,1985-08-01,836.3199999999999
NN3-065,1985-09-01,836.3199999999999
NN3-065,1985-10-01,836.3199999999999
NN3-065,1985-11-01,14427.400000000007
NN3-065,1985-12-01,14427.400000000007
NN3-065,1986-01-01,14427.400000000007
NN3-065,1986-02-01,836.3199999999999
NN3-065,1986-03-01,836.3199999999999
NN3-065,1986-04-01,14427.400000000007
NN3-065,1986-05-01,14427.400000000007
NN3-065,1986-06-01,836.3199999999999
NN3-065,1986-07-01,14427.400000000007
NN3-065,1986-08-01,14427.400000000007
NN3-065,1986-09-01,14427.400000000007
NN3-065,1986-10-01,836.3199999999999
NN3-065,1986-11-01,14427.400000000007
NN3-065,1986-12-01,836.3199999999999
NN3-065,1987-01-01,836.3199999999999
NN3-065,1987-02-01,14427.400000000007
NN3-065,1987-03-01,836.3199999999999
NN3-065,1987-04-01,836.3199999999999
NN3-065,1987-05-01,14427.400000000007
NN3-065,1987-06-01,14427.400000000007
NN3-066,1979-01-01,836.3199999999999
NN3-066,1979-02-01,836.3199999999999
NN3-066,1979-03-01,836.3199999999999
NN3-066,1979-04-01,14427.400000000007
NN3-066,1979-05-01,14427.400000000007
NN3-066,1979-06-01,14427.400000000007
NN3-066,1979-07-01,836.3199999999999
NN3-066,1979-08-01,14427.400000000007
NN3-066,1979-09-01,14427.400000000007
NN3-066,1979-10-01,14427.400000000007
NN3-066,1979-11-01,3128.046674724772
NN3-066,1979-12-01,836.3199999999999
NN3-066,1980-01-01,836.3199999999999
NN3-066,1980-02-01,14427.400000000007
NN3-066,1980-03-01,836.3199999999999
NN3-066,1980-04-01,14427.400000000007
NN3-066,1980-05-01,14427.400000000007
NN3-066,1980-06-01,836.3199999999999
NN3-066,1980-07-01,836.3199999999999
NN3-066,1980-08-01,836.3199999999999
NN3-066,1980-09-01,14427.400000000007
NN3-066,1980-10-01,836.3199999999999
NN3-066,1980-11-01,14427.400000000007
NN3-066,1980-12-01,14427.400000000007
NN3-066,1981-01-01,836.3199999999999
NN3-066,1981-02-01,14427.400000000007
NN3-066,1981-03-01,14427.400000000007
NN3-066,1981-04-01,14427.400000000007
NN3-066,1981-05-01,836.3199999999999
NN3-066,1981-06-01,836.3199999999999
NN3-066,1981-07-01,836.3199999999999
NN3-066,1981-08-01,14427.400000000007
NN3-066,1981-09-01,14427.400000000007
NN3-066,1981-10-01,836.3199999999999
NN3-066,1981-11-01,14427.400000000007
NN3-066,1981-12-01,836.3199999999999
NN3-066,1982-01-01,14427.400000000007
NN3-066,1982-02-01,14427.400000000007
NN3-066,1982-03-01,10752.436501531021
NN3-066,1982-04-01,14427.400000000007
NN3-066,1982-05-01,836.3199999999999
NN3-066,1982-06-01,14427.400000000007
NN3-066,1982-07-01,836.3199999999999
NN3-066,1982-08-01,836.3199999999999
NN3-066,1982-09-01,836.3199999999999
NN3-066,1982-10-01,14427.400000000007
NN3-066,1982-11-01,14427.400000000007
NN3-066,1982-12-01,836.3199999999999
NN3-066,1983-01-01,836.3199999999999
NN3-066,1983-02-01,14427.400000000007
NN3-066,1983-03-01,836.3199999999999
NN3-066,1983-04-01,836.3199999999999
NN3-066,1983-05-01,14427.400000000007
NN3-066,1983-06-01,14427.400000000007
NN3-066,1983-07-01,836.3199999999999
NN3-066,1983-08-01,836.3199999999999
NN3-066,1983-09-01,14427.400000000007
NN3-066,1983-10-01,14427.400000000007
NN3-066,1983-11-01,836.3199999999999
NN3-066,1983-12-01,14427.400000000007
NN3-066,1984-01-01,14427.400000000007
NN3-066,1984-02-01,14427.400000000007
NN3-066,1984-03-01,14427.400000000007
NN3-066,1984-04-01,14427.400000000007
NN3-066,1984-05-01,14427.400000000007
NN3-066,1984-06-01,836.3199999999999
NN3-066,1984-07-01,836.3199999999999
NN3-066,1984-08-01,836.3199999999999
NN3-066,1984-09-01,14427.400000000007
NN3-066,1984-10-01,14427.400000000007
NN3-066,1984-11-01,14427.400000000007
NN3-066,1984-12-01,14427.400000000007
NN3-066,1985-01-01,14427.400000000007
NN3-066,1985-02-01,14427.400000000007
NN3-066,1985-03-01,836.3199999999999
NN3-066,1985-04-01,14427.400000000007
NN3-066,1985-05-01,836.3199999999999
NN3-066,1985-06-01,836.3199999999999
NN3-066,1985-07-01,836.3199999999999
NN3-066,1985-08-01,836.3199999999999
NN3-066,1985-09-01,14427.400000000007
NN3-066,1985-10-01,14427.400000000007
NN3-066,1985-11-01,836.3199999999999
NN3-066,1985-12-01,14427.400000000007
NN3-066,1986-01-01,836.3199999999999
NN3-066,1986-02-01,14427.400000000007
NN3-066,1986-03-01,14427.400000000007
NN3-066,1986-04-01,836.3199999999999
NN3-066,1986-05-01,836.3199999999999
NN3-066,1986-06-01,836.3199999999999
NN3-066,1986-07-01,14427.400000000007
NN3-066,1986-08-01,14427.400000000007
NN3-066,1986-09-01,14427.400000000007
NN3-066,1986-10-01,14427.400000000007
NN3-066,1986-11-01,836.3199999999999
NN3-066,1986-12-01,836.3199999999999
NN3-066,1987-01-01,836.3199999999999
NN3-066,1987-02-01,14427.400000000007
NN3-066,1987-03-01,836.3199999999999
NN3-066,1987-04-01,14427.400000000007
NN3-066,1987-05-01,836.3199999999999
NN3-066,1987-06-01,836.3199999999999
NN3-066,1987-07-01,14427.400000000007
NN3-066,1987-08-01,14427.400000000007
NN3-066,1987-09-01,836.3199999999999
NN3-066,1987-10-01,14427.400000000007
NN3-066,1987-11-01,3742.0930848724433
NN3-066,1987-12-01,836.3199999999999
NN3-066,1988-01-01,836.3199999999999
NN3-066,1988-02-01,836.3199999999999
NN3-066,1988-03-01,14427.400000000007
NN3-066,1988-04-01,14427.400000000007
NN3-066,1988-05-01,836.3199999999999
NN3-066,1988-06-01,836.3199999999999
NN3-067,1982-01-01,836.3199999999999
NN3-067,1982-02-01,14427.400000000007
NN3-067,1982-03-01,836.3199999999999
NN3-067,1982-04-01,836.3199999999999
NN3-067,1982-05-01,836.3199999999999
NN3-067,1982-06-01,836.3199999999999
NN3-067,1982-07-01,836.3199999999999
NN3-067,1982-08-01,836.3199999999999
NN3-067,1982-09-01,836.3199999999999
NN3-067,1982-10-01,836.3199999999999
NN3-067,1982-11-01,14427.400000000007
NN3-067,1982-12-01,836.3199999999999
NN3-067,1983-01-01,836.3199999999999
NN3-067,1983-02-01,836.3199999999999
NN3-067,1983-03-01,836.3199999999999
NN3-067,1983-04-01,836.3199999999999
NN3-067,1983-05-01,14427.400000000007
NN3-067,1983-06-01,14427.400000000007
NN3-067,1983-07-01,836.3199999999999
NN3-067,1983-08-01,14427.400000000007
NN3-067,1983-09-01,836.3199999999999
NN3-067,1983-10-01,836.3199999999999
NN3-067,1983-11-01,836.3199999999999
NN3-067,1983-12-01,14427.400000000007
NN3-067,1984-01-01,836.3199999999999
NN3-067,1984-02-01,14427.400000000007
NN3-067,1984-03-01,14427.400000000007
NN3-067,1984-04-01,836.3199999999999
NN3-067,1984-05-01,14427.400000000007
NN3-067,1984-06-01,14427.400000000007
NN3-067,1984-07-01,14427.400000000007
NN3-067,1984-08-01,14427.400000000007
NN3-067,1984-09-01,14427.400000000007
NN3-067,1984-10-01,14427.400000000007
NN3-067,1984-11-01,836.3199999999999
NN3-067,1984-12-01,836.3199999999999
NN3-067,1985-01-01,836.3199999999999
NN3-067,1985-02-01,14427.400000000007
NN3-067,1985-03-01,14427.400000000007
NN3-067,1985-04-01,14427.400000000007
NN3-067,1985-05-01,14427.400000000007
NN3-067,1985-06-01,836.3199999999999
NN3-067,1985-07-01,836.3199999999999
NN3-067,1985-08-01,836.3199999999999
NN3-067,1985-09-01,836.3199999999999
NN3-067,1985-10-01,836.3199999999999
NN3-067,1985-11-01,14427.400000000007
NN3-067,1985-12-01,836.3199999999999
NN3-067,1986-01-01,14427.400000000007
NN3-067,1986-02-01,836.3199999999999
NN3-067,1986-03-01,14427.400000000007
NN3-067,1986-04-01,836.3199999999999
NN3-067,1986-05-01,14427.400000000007
NN3-067,1986-06-01,836.3199999999999
NN3-067,1986-07-01,836.3199999999999
NN3-067,1986-08-01,14427.400000000007
NN3-067,1986-09-01,14427.400000000007
NN3-067,1986-10-01,14427.400000000007
NN3-067,1986-11-01,14427.400000000007
NN3-067,1986-12-01,14427.400000000007
NN3-067,1987-01-01,836.3199999999999
NN3-067,1987-02-01,836.3199999999999
NN3-067,1987-03-01,14427.400000000007
NN3-067,1987-04-01,14427.400000000007
NN3-067,1987-05-01,14427.400000000007
NN3-067,1987-06-01,14427.400000000007
NN3-067,1987-07-01,14427.400000000007
NN3-067,1987-08-01,836.3199999999999
NN3-067,1987-09-01,836.3199999999999
NN3-067,1987-10-01,836.3199999999999
NN3-067,1987-11-01,836.3199999999999
NN3-067,1987-12-01,836.3199999999999
NN3-067,1988-01-01,14427.400000000007
NN3-067,1988-02-01,14427.400000000007
NN3-067,1988-03-01,14427.400000000007
NN3-067,1988-04-01,14427.400000000007
NN3-067,1988-05-01,14427.400000000007
NN3-067,1988-06-01,14427.400000000007
NN3-067,1988-07-01,14427.400000000007
NN3-067,1988-08-01,14427.400000000007
NN3-067,1988-09-01,836.3199999999999
NN3-067,1988-10-01,836.3199999999999
NN3-067,1988-11-01,14427.400000000007
NN3-067,1988-12-01,14427.400000000007
NN3-067,1989-01-01,14427.400000000007
NN3-067,1989-02-01,14427.400000000007
NN3-067,1989-03-01,14427.400000000007
NN3-067,1989-04-01,836.3199999999999
NN3-067,1989-05-01,14427.400000000007
NN3-067,1989-06-01,836.3199999999999
NN3-067,1989-07-01,836.3199999999999
NN3-067,1989-08-01,836.3199999999999
NN3-067,1989-09-01,14427.400000000007
NN3-067,1989-10-01,14427.400000000007
NN3-067,1989-11-01,836.3199999999999
NN3-067,1989-12-01,14427.400000000007
NN3-067,1990-01-01,14427.400000000007
NN3-067,1990-02-01,14427.400000000007
NN3-067,1990-03-01,14427.400000000007
NN3-067,1990-04-01,14427.400000000007
NN3-067,1990-05-01,14427.400000000007
NN3-067,1990-06-01,836.3199999999999
NN3-067,1990-07-01,836.3199999999999
NN3-067,1990-08-01,836.3199999999999
NN3-067,1990-09-01,14427.400000000007
NN3-067,1990-10-01,836.3199999999999
NN3-067,1990-11-01,14427.400000000007
NN3-067,1990-12-01,14427.400000000007
NN3-067,1991-01-01,836.3199999999999
NN3-067,1991-02-01,836.3199999999999
NN3-067,1991-03-01,836.3199999999999
NN3-067,1991-04-01,836.3199999999999
NN3-067,1991-05-01,836.3199999999999
NN3-067,1991-06-01,836.3199999999999
NN3-068,1982-01-01,14427.400000000007
NN3-068,1982-02-01,836.3199999999999
NN3-068,1982-03-01,836.3199999999999
NN3-068,1982-04-01,836.3199999999999
NN3-068,1982-05-01,14427.400000000007
NN3-068,1982-06-01,836.3199999999999
NN3-068,1982-07-01,14427.400000000007
NN3-068,1982-08-01,836.3199999999999
NN3-068,1982-09-01,14427.400000000007
NN3-068,1982-10-01,836.3199999999999
NN3-068,1982-11-01,836.3199999999999
NN3-068,1982-12-01,14427.400000000007
NN3-068,1983-01-01,836.3199999999999
NN3-068,1983-02-01,14427.400000000007
NN3-068,1983-03-01,14427.400000000007
NN3-068,1983-04-01,836.3199999999999
NN3-068,1983-05-01,14427.400000000007
NN3-068,1983-06-01,14427.400000000007
NN3-068,1983-07-01,14427.400000000007
NN3-068,1983-08-01,836.3199999999999
NN3-068,1983-09-01,836.3199999999999
NN3-068,1983-10-01,14427.400000000007
NN3-068,1983-11-01,836.3199999999999
NN3-068,1983-12-01,836.3199999999999
NN3-068,1984-01-01,836.3199999999999
NN3-068,1984-02-01,836.3199999999999
NN3-068,1984-03-01,836.3199999999999
NN3-068,1984-04-01,836.3199999999999
NN3-068,1984-05-01,836.3199999999999
NN3-068,1984-06-01,14427.400000000007
NN3-068,1984-07-01,14427.400000000007
NN3-068,1984-08-01,14427.400000000007
NN3-068,1984-09-01,836.3199999999999
NN3-068,1984-10-01,836.3199999999999
NN3-068,1984-11-01,14427.400000000007
NN3-068,1984-12-01,836.3199999999999
NN3-068,1985-01-01,836.3199999999999
NN3-068,1985-02-01,836.3199999999999
NN3-068,1985-03-01,836.3199999999999
NN3-068,1985-04-01,836.3199999999999
NN3-068,1985-05-01,14427.400000000007
NN3-068,1985-06-01,14427.400000000007
NN3-068,1985-07-01,836.3199999999999
NN3-068,1985-08-01,14427.400000000007
NN3-068,1985-09-01,836.3199999999999
NN3-068,1985-10-01,14427.400000000007
NN3-068,1985-11-01,836.3199999999999
NN3-068,1985-12-01,14427.400000000007
NN3-068,1986-01-01,14427.400000000007
NN3-068,1986-02-01,14427.400000000007
NN3-068,1986-03-01,836.3199999999999
NN3-068,1986-04-01,14427.400000000007
NN3-068,1986-05-01,836.3199999999999
NN3-068,1986-06-01,14427.400000000007
NN3-068,1986-07-01,836.3199999999999
NN3-068,1986-08-01,836.3199999999999
NN3-068,1986-09-01,836.3199999999999
NN3-068,1986-10-01,836.3199999999999
NN3-068,1986-11-01,836.3199999999999
NN3-068,1986-12-01,14427.400000000007
NN3-068,1987-01-01,14427.400000000007
NN3-068,1987-02-01,836.3199999999999
NN3-068,1987-03-01,14427.400000000007
NN3-068,1987-04-01,14427.400000000007
NN3-068,1987-05-01,14427.400000000007
NN3-068,1987-06-01,14427.400000000007
NN3-068,1987-07-01,836.3199999999999
NN3-068,1987-08-01,836.3199999999999
NN3-068,1987-09-01,836.3199999999999
NN3-068,1987-10-01,836.3199999999999
NN3-068,1987-11-01,14427.400000000007
NN3-068,1987-12-01,14427.400000000007
NN3-068,1988-01-01,14427.400000000007
NN3-068,1988-02-01,836.3199999999999
NN3-068,1988-03-01,836.3199999999999
NN3-068,1988-04-01,836.3199999999999
NN3-068,1988-05-01,14427.400000000007
NN3-068,1988-06-01,836.3199999999999
NN3-068,1988-07-01,14427.400000000007
NN3-068,1988-08-01,14427.400000000007
NN3-068,1988-09-01,836.3199999999999
NN3-068,1988-10-01,14427.400000000007
NN3-068,1988-11-01,14427.400000000007
NN3-068,1988-12-01,836.3199999999999
NN3-068,1989-01-01,836.3199999999999
NN3-068,1989-02-01,836.3199999999999
NN3-068,1989-03-01,14427.400000000007
NN3-068,1989-04-01,836.3199999999999
NN3-068,1989-05-01,14427.400000000007
NN3-068,1989-06-01,836.3199999999999
NN3-068,1989-07-01,14427.400000000007
NN3-068,1989-08-01,14427.400000000007
NN3-068,1989-09-01,836.3199999999999
NN3-068,1989-10-01,836.3199999999999
NN3-068,1989-11-01,836.3199999999999
NN3-068,1989-12-01,836.3199999999999
NN3-068,1990-01-01,836.3199999999999
NN3-068,1990-02-01,14427.400000000007
NN3-068,1990-03-01,836.3199999999999
NN3-068,1990-04-01,836.3199999999999
NN3-068,1990-05-01,836.3199999999999
NN3-068,1990-06-01,14427.400000000007
NN3-068,1990-07-01,836.3199999999999
NN3-068,1990-08-01,14427.400000000007
NN3-068,1990-09-01,14427.400000000007
NN3-068,1990-10-01,14427.400000000007
NN3-068,1990-11-01,836.3199999999999
NN3-068,1990-12-01,836.3199999999999
NN3-068,1991-01-01,836.3199999999999
NN3-069,1981-01-01,836.3199999999999
NN3-069,1981-02-01,836.3199999999999
NN3-069,1981-03-01,14427.400000000007
NN3-069,1981-04-01,836.3199999999999
NN3-069,1981-05-01,836.3199999999999
NN3-069,1981-06-01,836.3199999999999
NN3-069,1981-07-01,836.3199999999999
NN3-069,1981-08-01,836.3199999999999
NN3-069,1981-09-01,836.3199999999999
NN3-069,1981-10-01,14427.400000000007
NN3-069,1981-11-01,14427.400000000007
NN3-069,1981-12-01,836.3199999999999
NN3-069,1982-01-01,836.3199999999999
NN3-069,1982-02-01,836.3199999999999
NN3-069,1982-03-01,836.3199999999999
NN3-069,1982-04-01,14427.400000000007
NN3-069,1982-05-01,14427.400000000007
NN3-069,1982-06-01,14427.400000000007
NN3-069,1982-07-01,836.3199999999999
NN3-069,1982-08-01,836.3199999999999
NN3-069,1982-09-01,14427.400000000007
NN3-069,1982-10-01,14427.400000000007
NN3-069,1982-11-01,836.3199999999999
NN3-069,1982-12-01,14427.400000000007
NN3-069,1983-01-01,836.3199999999999
NN3-069,1983-02-01,14427.400000000007
NN3-069,1983-03-01,14427.400000000007
NN3-069,1983-04-01,14427.400000000007
NN3-069,1983-05-01,14427.400000000007
NN3-069,1983-06-01,836.3199999999999
NN3-069,1983-07-01,14427.400000000007
NN3-069,1983-08-01,836.3199999999999
NN3-069,1983-09-01,836.3199999999999
NN3-069,1983-10-01,836.3199999999999
NN3-069,1983-11-01,14427.400000000007
NN3-069,1983-12-01,14427.400000000007
NN3-069,1984-01-01,14427.400000000007
NN3-069,1984-02-01,836.3199999999999
NN3-069,1984-03-01,836.3199999999999
NN3-069,1984-04-01,836.3199999999999
NN3-069,1984-05-01,14427.400000000007
NN3-069,1984-06-01,14427.400000000007
NN3-069,1984-07-01,14427.400000000007
NN3-069,1984-08-01,836.3199999999999
NN3-069,1984-09-01,14427.400000000007
NN3-069,1984-10-01,3739.792836238832
NN3-069,1984-11-01,14427.400000000007
NN3-069,1984-12-01,836.3199999999999
NN3-069,1985-01-01,836.3199999999999
NN3-069,1985-02-01,14427.400000000007
NN3-069,1985-03-01,14427.400000000007
NN3-069,1985-04-01,14427.400000000007
NN3-069,1985-05-01,14427.400000000007
NN3-069,1985-06-01,836.3199999999999
NN3-069,1985-07-01,836.3199999999999
NN3-069,1985-08-01,14427.400000000007
NN3-069,1985-09-01,836.3199999999999
NN3-069,1985-10-01,836.3199999999999
NN3-069,1985-11-01,836.3199999999999
NN3-069,1985-12-01,14427.400000000007
NN3-069,1986-01-01,14427.400000000007
NN3-069,1986-02-01,836.3199999999999
NN3-069,1986-03-01,14427.400000000007
NN3-069,1986-04-01,836.3199999999999
NN3-069,1986-05-01,14427.400000000007
NN3-069,1986-06-01,836.3199999999999
NN3-069,1986-07-01,14427.400000000007
NN3-069,1986-08-01,836.3199999999999
NN3-069,1986-09-01,14427.400000000007
NN3-069,1986-10-01,836.3199999999999
NN3-069,1986-11-01,836.3199999999999
NN3-069,1986-12-01,836.3199999999999
NN3-069,1987-01-01,14427.400000000007
NN3-069,1987-02-01,14427.400000000007
NN3-069,1987-03-01,14427.400000000007
NN3-069,1987-04-01,14427.400000000007
NN3-069,1987-05-01,14427.400000000007
NN3-069,1987-06-01,836.3199999999999
NN3-069,1987-07-01,14427.400000000007
NN3-069,1987-08-01,836.3199999999999
NN3-069,1987-09-01,836.3199999999999
NN3-069,1987-10-01,836.3199999999999
NN3-069,1987-11-01,836.3199999999999
NN3-069,1987-12-01,14427.400000000007
NN3-069,1988-01-01,14427.400000000007
NN3-069,1988-02-01,836.3199999999999
NN3-069,1988-03-01,836.3199999999999
NN3-069,1988-04-01,836.3199999999999
NN3-069,1988-05-01,14427.400000000007
NN3-069,1988-06-01,14427.400000000007
NN3-069,1988-07-01,836.3199999999999
NN3-069,1988-08-01,836.3199999999999
NN3-069,1988-09-01,836.3199999999999
NN3-069,1988-10-01,836.3199999999999
NN3-069,1988-11-01,836.3199999999999
NN3-069,1988-12-01,14427.400000000007
NN3-069,1989-01-01,836.3199999999999
NN3-069,1989-02-01,836.3199999999999
NN3-069,1989-03-01,836.3199999999999
NN3-069,1989-04-01,14427.400000000007
NN3-069,1989-05-01,836.3199999999999
NN3-069,1989-06-01,836.3199999999999
NN3-069,1989-07-01,836.3199999999999
NN3-069,1989-08-01,836.3199999999999
NN3-069,1989-09-01,836.3199999999999
NN3-069,1989-10-01,14427.400000000007
NN3-069,1989-11-01,14427.400000000007
NN3-069,1989-12-01,836.3199999999999
NN3-069,1990-01-01,14427.400000000007
NN3-070,1981-01-01,10408.06727029099
NN3-070,1981-02-01,14427.400000000007
NN3-070,1981-03-01,14427.400000000007
NN3-070,1981-04-01,836.3199999999999
NN3-070,1981-05-01,836.3199999999999
NN3-070,1981-06-01,836.3199999999999
NN3-070,1981-07-01,836.3199999999999
NN3-070,1981-08-01,14281.83246162614
NN3-070,1981-09-01,14427.400000000007
NN3-070,1981-10-01,836.3199999999999
NN3-070,1981-11-01,14427.400000000007
NN3-070,1981-12-01,14427.400000000007
NN3-070,1982-01-01,14427.400000000007
NN3-070,1982-02-01,836.3199999999999
NN3-070,1982-03-01,14427.400000000007
NN3-070,1982-04-01,14427.400000000007
NN3-070,1982-05-01,836.3199999999999
NN3-070,1982-06-01,836.3199999999999
NN3-070,1982-07-01,14427.400000000007
NN3-070,1982-08-01,14427.400000000007
NN3-070,1982-09-01,14427.400000000007
NN3-070,1982-10-01,836.3199999999999
NN3-070,1982-11-01,836.3199999999999
NN3-070,1982-12-01,14427.400000000007
NN3-070,1983-01-01,14427.400000000007
NN3-070,1983-02-01,14427.400000000007
NN3-070,1983-03-01,14427.400000000007
NN3-070,1983-04-01,14427.400000000007
NN3-070,1983-05-01,14427.400000000007
NN3-070,1983-06-01,14427.400000000007
NN3-070,1983-07-01,14427.400000000007
NN3-070,1983-08-01,14427.400000000007
NN3-070,1983-09-01,836.3199999999999
NN3-070,1983-10-01,14427.400000000007
NN3-070,1983-11-01,14427.400000000007
NN3-070,1983-12-01,14427.400000000007
NN3-070,1984-01-01,4592.689879181044
NN3-070,1984-02-01,14427.400000000007
NN3-070,1984-03-01,836.3199999999999
NN3-070,1984-04-01,14427.400000000007
NN3-070,1984-05-01,14427.400000000007
NN3-070,1984-06-01,14427.400000000007
NN3-070,1984-07-01,836.3199999999999
NN3-070,1984-08-01,14427.400000000007
NN3-070,1984-09-01,836.3199999999999
NN3-070,1984-10-01,836.3199999999999
NN3-070,1984-11-01,14427.400000000007
NN3-070,1984-12-01,14427.400000000007
NN3-070,1985-01-01,14427.400000000007
NN3-070,1985-02-01,836.3199999999999
NN3-070,1985-03-01,836.3199999999999
NN3-070,1985-04-01,14427.400000000007
NN3-070,1985-05-01,14427.400000000007
NN3-070,1985-06-01,836.3199999999999
NN3-070,1985-07-01,836.3199999999999
NN3-070,1985-08-01,836.3199999999999
NN3-070,1985-09-01,836.3199999999999
NN3-070,1985-10-01,14427.400000000007
NN3-070,1985-11-01,14427.400000000007
NN3-070,1985-12-01,836.3199999999999
NN3-070,1986-01-01,836.3199999999999
NN3-070,1986-02-01,14427.400000000007
NN3-070,1986-03-01,14427.400000000007
NN3-070,1986-04-01,836.3199999999999
NN3-070,1986-05-01,836.3199999999999
NN3-070,1986-06-01,14427.400000000007
NN3-070,1986-07-01,836.3199999999999
NN3-070,1986-08-01,836.3199999999999
NN3-070,1986-09-01,14427.400000000007
NN3-070,1986-10-01,14427.400000000007
NN3-070,1986-11-01,14427.400000000007
NN3-070,1986-12-01,14427.400000000007
NN3-070,1987-01-01,836.3199999999999
NN3-070,1987-02-01,14427.400000000007
NN3-070,1987-03-01,836.3199999999999
NN3-070,1987-04-01,836.3199999999999
NN3-070,1987-05-01,836.3199999999999
NN3-070,1987-06-01,836.3199999999999
NN3-070,1987-07-01,836.3199999999999
NN3-070,1987-08-01,14427.400000000007
NN3-070,1987-09-01,836.3199999999999
NN3-070,1987-10-01,836.3199999999999
NN3-070,1987-11-01,836.3199999999999
NN3-070,1987-12-01,14427.400000000007
NN3-070,1988-01-01,836.3199999999999
NN3-070,1988-02-01,836.3199999999999
NN3-070,1988-03-01,14427.400000000007
NN3-070,1988-04-01,836.3199999999999
NN3-070,1988-05-01,836.3199999999999
NN3-070,1988-06-01,836.3199999999999
NN3-070,1988-07-01,836.3199999999999
NN3-070,1988-08-01,14427.400000000007
NN3-070,1988-09-01,14427.400000000007
NN3-070,1988-10-01,14427.400000000007
NN3-070,1988-11-01,14427.400000000007
NN3-070,1988-12-01,14427.400000000007
NN3-070,1989-01-01,14427.400000000007
NN3-070,1989-02-01,14427.400000000007
NN3-070,1989-03-01,14427.400000000007
NN3-070,1989-04-01,14427.400000000007
NN3-070,1989-05-01,14427.400000000007
NN3-070,1989-06-01,836.3199999999999
NN3-070,1989-07-01,14427.400000000007
NN3-070,1989-08-01,14427.400000000007
NN3-070,1989-09-01,836.3199999999999
NN3-070,1989-10-01,836.3199999999999
NN3-070,1989-11-01,836.3199999999999
NN3-070,1989-12-01,836.3199999999999
NN3-070,1990-01-01,14427.400000000007
NN3-071,1978-01-01,14427.400000000007
NN3-071,1978-02-01,14427.400000000007
NN3-071,1978-03-01,836.3199999999999
NN3-071,1978-04-01,14427.400000000007
NN3-071,1978-05-01,836.3199999999999
NN3-071,1978-06-01,836.3199999999999
NN3-071,1978-07-01,836.3199999999999
NN3-071,1978-08-01,14427.400000000007
NN3-071,1978-09-01,14427.400000000007
NN3-071,1978-10-01,14427.400000000007
NN3-071,1978-11-01,14427.400000000007
NN3-071,1978-12-01,836.3199999999999
NN3-071,1979-01-01,14427.400000000007
NN3-071,1979-02-01,836.3199999999999
NN3-071,1979-03-01,836.3199999999999
NN3-071,1979-04-01,836.3199999999999
NN3-071,1979-05-01,836.3199999999999
NN3-071,1979-06-01,14427.400000000007
NN3-071,1979-07-01,14427.400000000007
NN3-071,1979-08-01,14427.400000000007
NN3-071,1979-09-01,14427.400000000007
NN3-071,1979-10-01,14427.400000000007
NN3-071,1979-11-01,14427.400000000007
NN3-071,1979-12-01,836.3199999999999
NN3-071,1980-01-01,836.3199999999999
NN3-071,1980-02-01,14427.400000000007
NN3-071,1980-03-01,14427.400000000007
NN3-071,1980-04-01,14427.400000000007
NN3-071,1980-05-01,836.3199999999999
NN3-071,1980-06-01,14427.400000000007
NN3-071,1980-07-01,14427.400000000007
NN3-071,1980-08-01,14427.400000000007
NN3-071,1980-09-01,14427.400000000007
NN3-071,1980-10-01,14427.400000000007
NN3-071,1980-11-01,836.3199999999999
NN3-071,1980-12-01,14427.400000000007
NN3-071,1981-01-01,836.3199999999999
NN3-071,1981-02-01,14427.400000000007
NN3-071,1981-03-01,836.3199999999999
NN3-071,1981-04-01,836.3199999999999
NN3-071,1981-05-01,14427.400000000007
NN3-071,1981-06-01,836.3199999999999
NN3-071,1981-07-01,14427.400000000007
NN3-071,1981-08-01,14427.400000000007
NN3-071,1981-09-01,14427.400000000007
NN3-071,1981-10-01,14427.400000000007
NN3-071,1981-11-01,1832.3223649767606
NN3-071,1981-12-01,836.3199999999999
NN3-071,1982-01-01,14427.400000000007
NN3-071,1982-02-01,836.3199999999999
NN3-071,1982-03-01,14427.400000000007
NN3-071,1982-04-01,14427.400000000007
NN3-071,1982-05-01,836.3199999999999
NN3-071,1982-06-01,836.3199999999999
NN3-071,1982-07-01,836.3199999999999
NN3-071,1982-08-01,836.3199999999999
NN3-071,1982-09-01,836.3199999999999
NN3-071,1982-10-01,836.3199999999999
NN3-071,1982-11-01,5799.245527372813
NN3-071,1982-12-01,14427.400000000007
NN3-071,1983-01-01,836.3199999999999
NN3-071,1983-02-01,836.3199999999999
NN3-071,1983-03-01,14427.400000000007
NN3-071,1983-04-01,836.3199999999999
NN3-071,1983-05-01,14427.400000000007
NN3-071,1983-06-01,836.3199999999999
NN3-071,1983-07-01,836.3199999999999
NN3-071,1983-08-01,836.3199999999999
NN3-071,1983-09-01,14427.400000000007
NN3-071,1983-10-01,836.3199999999999
NN3-071,1983-11-01,836.3199999999999
NN3-071,1983-12-01,14427.400000000007
NN3-071,1984-01-01,836.3199999999999
NN3-071,1984-02-01,836.3199999999999
NN3-071,1984-03-01,836.3199999999999
NN3-071,1984-04-01,836.3199999999999
NN3-071,1984-05-01,14427.400000000007
NN3-071,1984-06-01,14427.400000000007
NN3-071,1984-07-01,14427.400000000007
NN3-071,1984-08-01,14427.400000000007
NN3-071,1984-09-01,14427.400000000007
NN3-071,1984-10-01,14427.400000000007
NN3-071,1984-11-01,14427.400000000007
NN3-071,1984-12-01,14427.400000000007
NN3-071,1985-01-01,14427.400000000007
NN3-071,1985-02-01,836.3199999999999
NN3-071,1985-03-01,836.3199999999999
NN3-071,1985-04-01,836.3199999999999
NN3-071,1985-05-01,14427.400000000007
NN3-071,1985-06-01,836.3199999999999
NN3-071,1985-07-01,836.3199999999999
NN3-071,1985-08-01,836.3199999999999
NN3-071,1985-09-01,14427.400000000007
NN3-071,1985-10-01,14427.400000000007
NN3-071,1985-11-01,836.3199999999999
NN3-071,1985-12-01,836.3199999999999
NN3-071,1986-01-01,836.3199999999999
NN3-071,1986-02-01,14427.400000000007
NN3-071,1986-03-01,14427.400000000007
NN3-071,1986-04-01,836.3199999999999
NN3-071,1986-05-01,14427.400000000007
NN3-071,1986-06-01,836.3199999999999
NN3-071,1986-07-01,836.3199999999999
NN3-071,1986-08-01,14427.400000000007
NN3-071,1986-09-01,14427.400000000007
NN3-071,1986-10-01,14427.400000000007
NN3-071,1986-11-01,836.3199999999999
NN3-071,1986-12-01,14427.400000000007
NN3-071,1987-01-01,836.3199999999999
NN3-071,1987-02-01,14427.400000000007
NN3-071,1987-03-01,836.3199999999999
NN3-071,1987-04-01,1924.2590317241993
NN3-071,1987-05-01,14427.400000000007
NN3-071,1987-06-01,14427.400000000007
NN3-072,1981-01-01,14427.400000000007
NN3-072,1981-02-01,836.3199999999999
NN3-072,1981-03-01,836.3199999999999
NN3-072,1981-04-01,836.3199999999999
NN3-072,1981-05-01,14427.400000000007
NN3-072,1981-06-01,14427.400000000007
NN3-072,1981-07-01,836.3199999999999
NN3-072,1981-08-01,836.3199999999999
NN3-072,1981-09-01,836.3199999999999
NN3-072,1981-10-01,14427.400000000007
NN3-072,1981-11-01,14427.400000000007
NN3-072,1981-12-01,14427.400000000007
NN3-072,1982-01-01,14427.400000000007
NN3-072,1982-02-01,14427.400000000007
NN3-072,1982-03-01,14427.400000000007
NN3-072,1982-04-01,14427.400000000007
NN3-072,1982-05-01,836.3199999999999
NN3-072,1982-06-01,14427.400000000007
NN3-072,1982-07-01,14427.400000000007
NN3-072,1982-08-01,836.3199999999999
NN3-072,1982-09-01,14427.400000000007
NN3-072,1982-10-01,14427.400000000007
NN3-072,1982-11-01,836.3199999999999
NN3-072,1982-12-01,836.3199999999999
NN3-072,1983-01-01,14427.400000000007
NN3-072,1983-02-01,14427.400000000007
NN3-072,1983-03-01,14427.400000000007
NN3-072,1983-04-01,836.3199999999999
NN3-072,1983-05-01,836.3199999999999
NN3-072,1983-06-01,14427.400000000007
NN3-072,1983-07-01,836.3199999999999
NN3-072,1983-08-01,836.3199999999999
NN3-072,1983-09-01,836.3199999999999
NN3-072,1983-10-01,14427.400000000007
NN3-072,1983-11-01,14427.400000000007
NN3-072,1983-12-01,14427.400000000007
NN3-072,1984-01-01,14427.400000000007
NN3-072,1984-02-01,14427.400000000007
NN3-072,1984-03-01,836.3199999999999
NN3-072,1984-04-01,836.3199999999999
NN3-072,1984-05-01,14427.400000000007
NN3-072,1984-06-01,836.3199999999999
NN3-072,1984-07-01,836.3199999999999
NN3-072,1984-08-01,14427.400000000007
NN3-072,1984-09-01,14427.400000000007
NN3-072,1984-10-01,14427.400000000007
NN3-072,1984-11-01,836.3199999999999
NN3-072,1984-12-01,836.3199999999999
NN3-072,1985-01-01,14427.400000000007
NN3-072,1985-02-01,836.3199999999999
NN3-072,1985-03-01,836.3199999999999
NN3-072,1985-04-01,836.3199999999999
NN3-072,1985-05-01,836.3199999999999
NN3-072,1985-06-01,14427.400000000007
NN3-072,1985-07-01,12927.659465689472
NN3-072,1985-08-01,836.3199999999999
NN3-072,1985-09-01,14427.400000000007
NN3-072,1985-10-01,14427.400000000007
NN3-072,1985-11-01,14427.400000000007
NN3-072,1985-12-01,14427.400000000007
NN3-072,1986-01-01,8258.044473308677
NN3-072,1986-02-01,14427.400000000007
NN3-072,1986-03-01,14427.400000000007
NN3-072,1986-04-01,3372.9510461518157
NN3-072,1986-05-01,14427.400000000007
NN3-072,1986-06-01,836.3199999999999
NN3-072,1986-07-01,14427.400000000007
NN3-072,1986-08-01,14427.400000000007
NN3-072,1986-09-01,14427.400000000007
NN3-072,1986-10-01,12401.383752575686
NN3-072,1986-11-01,836.3199999999999
NN3-072,1986-12-01,14427.400000000007
NN3-072,1987-01-01,836.3199999999999
NN3-072,1987-02-01,14427.400000000007
NN3-072,1987-03-01,14427.400000000007
NN3-072,1987-04-01,14427.400000000007
NN3-072,1987-05-01,14427.400000000007
NN3-072,1987-06-01,14427.400000000007
NN3-072,1987-07-01,836.3199999999999
NN3-072,1987-08-01,14427.400000000007
NN3-072,1987-09-01,836.3199999999999
NN3-072,1987-10-01,14427.400000000007
NN3-072,1987-11-01,836.3199999999999
NN3-072,1987-12-01,14427.400000000007
NN3-072,1988-01-01,14427.400000000007
NN3-072,1988-02-01,14427.400000000007
NN3-072,1988-03-01,836.3199999999999
NN3-072,1988-04-01,14427.400000000007
NN3-072,1988-05-01,836.3199999999999
NN3-072,1988-06-01,14427.400000000007
NN3-072,1988-07-01,14427.400000000007
NN3-072,1988-08-01,836.3199999999999
NN3-072,1988-09-01,14427.400000000007
NN3-072,1988-10-01,836.3199999999999
NN3-072,1988-11-01,836.3199999999999
NN3-072,1988-12-01,836.3199999999999
NN3-072,1989-01-01,836.3199999999999
NN3-072,1989-02-01,836.3199999999999
NN3-072,1989-03-01,14427.400000000007
NN3-072,1989-04-01,14427.400000000007
NN3-072,1989-05-01,836.3199999999999
NN3-072,1989-06-01,836.3199999999999
NN3-072,1989-07-01,836.3199999999999
NN3-072,1989-08-01,836.3199999999999
NN3-072,1989-09-01,836.3199999999999
NN3-072,1989-10-01,836.3199999999999
NN3-072,1989-11-01,14427.400000000007
NN3-072,1989-12-01,14427.400000000007
NN3-072,1990-01-01,836.3199999999999
NN3-072,1990-02-01,836.3199999999999
NN3-072,1990-03-01,836.3199999999999
NN3-072,1990-04-01,836.3199999999999
NN3-072,1990-05-01,836.3199999999999
NN3-072,1990-06-01,836.3199999999999
NN3-073,1982-01-01,836.3199999999999
NN3-073,1982-02-01,836.3199999999999
NN3-073,1982-03-01,836.3199999999999
NN3-073,1982-04-01,836.3199999999999
NN3-073,1982-05-01,14427.400000000007
NN3-073,1982-06-01,836.3199999999999
NN3-073,1982-07-01,14427.400000000007
NN3-073,1982-08-01,14427.400000000007
NN3-073,1982-09-01,836.3199999999999
NN3-073,1982-10-01,836.3199999999999
NN3-073,1982-11-01,14427.400000000007
NN3-073,1982-12-01,14427.400000000007
NN3-073,1983-01-01,14427.400000000007
NN3-073,1983-02-01,14427.400000000007
NN3-073,1983-03-01,14427.400000000007
NN3-073,1983-04-01,14427.400000000007
NN3-073,1983-05-01,836.3199999999999
NN3-073,1983-06-01,14427.400000000007
NN3-073,1983-07-01,14427.400000000007
NN3-073,1983-08-01,836.3199999999999
NN3-073,1983-09-01,14427.400000000007
NN3-073,1983-10-01,14427.400000000007
NN3-073,1983-11-01,14427.400000000007
NN3-073,1983-12-01,836.3199999999999
NN3-073,1984-01-01,836.3199999999999
NN3-073,1984-02-01,14427.400000000007
NN3-073,1984-03-01,9354.213310963256
NN3-073,1984-04-01,836.3199999999999
NN3-073,1984-05-01,14427.400000000007
NN3-073,1984-06-01,14427.400000000007
NN3-073,1984-07-01,14427.400000000007
NN3-073,1984-08-01,14427.400000000007
NN3-073,1984-09-01,14427.400000000007
NN3-073,1984-10-01,836.3199999999999
NN3-073,1984-11-01,14427.400000000007
NN3-073,1984-12-01,836.3199999999999
NN3-073,1985-01-01,14427.400000000007
NN3-073,1985-02-01,14427.400000000007
NN3-073,1985-03-01,14427.400000000007
NN3-073,1985-04-01,14427.400000000007
NN3-073,1985-05-01,14427.400000000007
NN3-073,1985-06-01,836.3199999999999
NN3-073,1985-07-01,14427.400000000007
NN3-073,1985-08-01,14427.400000000007
NN3-073,1985-09-01,836.3199999999999
NN3-073,1985-10-01,14427.400000000007
NN3-073,1985-11-01,836.3199999999999
NN3-073,1985-12-01,14427.400000000007
NN3-073,1986-01-01,14427.400000000007
NN3-073,1986-02-01,14427.400000000007
NN3-073,1986-03-01,14427.400000000007
NN3-073,1986-04-01,14427.400000000007
NN3-073,1986-05-01,14427.400000000007
NN3-073,1986-06-01,836.3199999999999
NN3-073,1986-07-01,14427.400000000007
NN3-073,1986-08-01,836.3199999999999
NN3-073,1986-09-01,14427.400000000007
NN3-073,1986-10-01,836.3199999999999
NN3-073,1986-11-01,836.3199999999999
NN3-073,1986-12-01,14427.400000000007
NN3-073,1987-01-01,14427.400000000007
NN3-073,1987-02-01,836.3199999999999
NN3-073,1987-03-01,14427.400000000007
NN3-073,1987-04-01,14427.400000000007
NN3-073,1987-05-01,836.3199999999999
NN3-073,1987-06-01,836.3199999999999
NN3-073,1987-07-01,14427.400000000007
NN3-073,1987-08-01,14427.400000000007
NN3-073,1987-09-01,14427.400000000007
NN3-073,1987-10-01,14427.400000000007
NN3-073,1987-11-01,14427.400000000007
NN3-073,1987-12-01,14427.400000000007
NN3-073,1988-01-01,836.3199999999999
NN3-073,1988-02-01,14427.400000000007
NN3-073,1988-03-01,836.3199999999999
NN3-073,1988-04-01,836.3199999999999
NN3-073,1988-05-01,836.3199999999999
NN3-073,1988-06-01,836.3199999999999
NN3-073,1988-07-01,14427.400000000007
NN3-073,1988-08-01,14427.400000000007
NN3-073,1988-09-01,836.3199999999999
NN3-073,1988-10-01,14427.400000000007
NN3-073,1988-11-01,836.3199999999999
NN3-073,1988-12-01,836.3199999999999
NN3-073,1989-01-01,14427.400000000007
NN3-073,1989-02-01,14427.400000000007
NN3-073,1989-03-01,836.3199999999999
NN3-073,1989-04-01,836.3199999999999
NN3-073,1989-05-01,836.3199999999999
NN3-073,1989-06-01,836.3199999999999
NN3-073,1989-07-01,14427.400000000007
NN3-073,1989-08-01,836.3199999999999
NN3-073,1989-09-01,14427.400000000007
NN3-073,1989-10-01,836.3199999999999
NN3-073,1989-11-01,14427.400000000007
NN3-073,1989-12-01,836.3199999999999
NN3-073,1990-01-01,836.3199999999999
NN3-073,1990-02-01,14427.400000000007
NN3-073,1990-03-01,14427.400000000007
NN3-073,1990-04-01,836.3199999999999
NN3-073,1990-05-01,836.3199999999999
NN3-073,1990-06-01,14427.400000000007
NN3-073,1990-07-01,14427.400000000007
NN3-073,1990-08-01,836.3199999999999
NN3-073,1990-09-01,14427.400000000007
NN3-073,1990-10-01,14427.400000000007
NN3-073,1990-11-01,836.3199999999999
NN3-073,1990-12-01,14427.400000000007
NN3-073,1991-01-01,836.3199999999999
NN3-073,1991-02-01,836.3199999999999
NN3-073,1991-03-01,836.3199999999999
NN3-073,1991-04-01,14427.400000000007
NN3-073,1991-05-01,836.3199999999999
NN3-073,1991-06-01,14427.400000000007
NN3-074,1978-01-01,836.3199999999999
NN3-074,1978-02-01,14427.400000000007
NN3-074,1978-03-01,836.3199999999999
NN3-074,1978-04-01,836.3199999999999
NN3-074,1978-05-01,836.3199999999999
NN3-074,1978-06-01,14427.400000000007
NN3-074,1978-07-01,14427.400000000007
NN3-074,1978-08-01,836.3199999999999
NN3-074,1978-09-01,836.3199999999999
NN3-074,1978-10-01,14427.400000000007
NN3-074,1978-11-01,14427.400000000007
NN3-074,1978-12-01,836.3199999999999
NN3-074,1979-01-01,14427.400000000007
NN3-074,1979-02-01,836.3199999999999
NN3-074,1979-03-01,14427.400000000007
NN3-074,1979-04-01,836.3199999999999
NN3-074,1979-05-01,14325.550523545933
NN3-074,1979-06-01,836.3199999999999
NN3-074,1979-07-01,14427.400000000007
NN3-074,1979-08-01,836.3199999999999
NN3-074,1979-09-01,836.3199999999999
NN3-074,1979-10-01,836.3199999999999
NN3-074,1979-11-01,836.3199999999999
NN3-074,1979-12-01,836.3199999999999
NN3-074,1980-01-01,14427.400000000007
NN3-074,1980-02-01,14427.400000000007
NN3-074,1980-03-01,836.3199999999999
NN3-074,1980-04-01,836.3199999999999
NN3-074,1980-05-01,14427.400000000007
NN3-074,1980-06-01,836.3199999999999
NN3-074,1980-07-01,836.3199999999999
NN3-074,1980-08-01,836.3199999999999
NN3-074,1980-09-01,836.3199999999999
NN3-074,1980-10-01,836.3199999999999
NN3-074,1980-11-01,14427.400000000007
NN3-074,1980-12-01,14427.400000000007
NN3-074,1981-01-01,836.3199999999999
NN3-074,1981-02-01,14427.400000000007
NN3-074,1981-03-01,836.3199999999999
NN3-074,1981-04-01,14427.400000000007
NN3-074,1981-05-01,836.3199999999999
NN3-074,1981-06-01,836.3199999999999
NN3-074,1981-07-01,836.3199999999999
NN3-074,1981-08-01,14427.400000000007
NN3-074,1981-09-01,836.3199999999999
NN3-074,1981-10-01,14427.400000000007
NN3-074,1981-11-01,14427.400000000007
NN3-074,1981-12-01,836.3199999999999
NN3-074,1982-01-01,836.3199999999999
NN3-074,1982-02-01,836.3199999999999
NN3-074,1982-03-01,14427.400000000007
NN3-074,1982-04-01,14427.400000000007
NN3-074,1982-05-01,836.3199999999999
NN3-074,1982-06-01,836.3199999999999
NN3-074,1982-07-01,836.3199999999999
NN3-074,1982-08-01,836.3199999999999
NN3-074,1982-09-01,836.3199999999999
NN3-074,1982-10-01,836.3199999999999
NN3-074,1982-11-01,836.3199999999999
NN3-074,1982-12-01,836.3199999999999
NN3-074,1983-01-01,836.3199999999999
NN3-074,1983-02-01,14427.400000000007
NN3-074,1983-03-01,14427.400000000007
NN3-074,1983-04-01,836.3199999999999
NN3-074,1983-05-01,14427.400000000007
NN3-074,1983-06-01,836.3199999999999
NN3-074,1983-07-01,836.3199999999999
NN3-074,1983-08-01,836.3199999999999
NN3-074,1983-09-01,14427.400000000007
NN3-074,1983-10-01,14427.400000000007
NN3-074,1983-11-01,14427.400000000007
NN3-074,1983-12-01,5316.966760333617
NN3-074,1984-01-01,14427.400000000007
NN3-074,1984-02-01,14427.400000000007
NN3-074,1984-03-01,14427.400000000007
NN3-074,1984-04-01,14427.400000000007
NN3-074,1984-05-01,14427.400000000007
NN3-074,1984-06-01,14427.400000000007
NN3-074,1984-07-01,836.3199999999999
NN3-074,1984-08-01,836.3199999999999
NN3-074,1984-09-01,836.3199999999999
NN3-074,1984-10-01,836.3199999999999
NN3-074,1984-11-01,14427.400000000007
NN3-074,1984-12-01,836.3199999999999
NN3-074,1985-01-01,836.3199999999999
NN3-074,1985-02-01,14427.400000000007
NN3-074,1985-03-01,14427.400000000007
NN3-074,1985-04-01,836.3199999999999
NN3-074,1985-05-01,14427.400000000007
NN3-074,1985-06-01,836.3199999999999
NN3-074,1985-07-01,14427.400000000007
NN3-074,1985-08-01,14427.400000000007
NN3-074,1985-09-01,14427.400000000007
NN3-074,1985-10-01,836.3199999999999
NN3-074,1985-11-01,836.3199999999999
NN3-074,1985-12-01,14427.400000000007
NN3-074,1986-01-01,14427.400000000007
NN3-074,1986-02-01,836.3199999999999
NN3-074,1986-03-01,836.3199999999999
NN3-074,1986-04-01,836.3199999999999
NN3-074,1986-05-01,836.3199999999999
NN3-074,1986-06-01,14427.400000000007
NN3-074,1986-07-01,836.3199999999999
NN3-074,1986-08-01,14427.400000000007
NN3-074,1986-09-01,7630.199202263892
NN3-074,1986-10-01,14427.400000000007
NN3-074,1986-11-01,836.3199999999999
NN3-074,1986-12-01,14427.400000000007
NN3-074,1987-01-01,836.3199999999999
NN3-074,1987-02-01,14427.400000000007
NN3-074,1987-03-01,14427.400000000007
NN3-074,1987-04-01,14427.400000000007
NN3-074,1987-05-01,14427.400000000007
NN3-074,1987-06-01,836.3199999999999
NN3-075,1982-01-01,836.3199999999999
NN3-075,1982-02-01,14427.400000000007
NN3-075,1982-03-01,836.3199999999999
NN3-075,1982-04-01,14427.400000000007
NN3-075,1982-05-01,14427.400000000007
NN3-075,1982-06-01,836.3199999999999
NN3-075,1982-07-01,14427.400000000007
NN3-075,1982-08-01,836.3199999999999
NN3-075,1982-09-01,14427.400000000007
NN3-075,1982-10-01,14427.400000000007
NN3-075,1982-11-01,836.3199999999999
NN3-075,1982-12-01,14427.400000000007
NN3-075,1983-01-01,14427.400000000007
NN3-075,1983-02-01,14427.400000000007
NN3-075,1983-03-01,14427.400000000007
NN3-075,1983-04-01,836.3199999999999
NN3-075,1983-05-01,836.3199999999999
NN3-075,1983-06-01,836.3199999999999
NN3-075,1983-07-01,836.3199999999999
NN3-075,1983-08-01,836.3199999999999
NN3-075,1983-09-01,14427.400000000007
NN3-075,1983-10-01,13919.424227411411
NN3-075,1983-11-01,14427.400000000007
NN3-075,1983-12-01,14427.400000000007
NN3-075,1984-01-01,836.3199999999999
NN3-075,1984-02-01,14427.400000000007
NN3-075,1984-03-01,14427.400000000007
NN3-075,1984-04-01,836.3199999999999
NN3-075,1984-05-01,14427.400000000007
NN3-075,1984-06-01,836.3199999999999
NN3-075,1984-07-01,836.3199999999999
NN3-075,1984-08-01,836.3199999999999
NN3-075,1984-09-01,14427.400000000007
NN3-075,1984-10-01,14427.400000000007
NN3-075,1984-11-01,14427.400000000007
NN3-075,1984-12-01,14427.400000000007
NN3-075,1985-01-01,836.3199999999999
NN3-075,1985-02-01,14427.400000000007
NN3-075,1985-03-01,836.3199999999999
NN3-075,1985-04-01,836.3199999999999
NN3-075,1985-05-01,836.3199999999999
NN3-075,1985-06-01,14427.400000000007
NN3-075,1985-07-01,836.3199999999999
NN3-075,1985-08-01,836.3199999999999
NN3-075,1985-09-01,14427.400000000007
NN3-075,1985-10-01,836.3199999999999
NN3-075,1985-11-01,14427.400000000007
NN3-075,1985-12-01,836.3199999999999
NN3-075,1986-01-01,14427.400000000007
NN3-075,1986-02-01,836.3199999999999
NN3-075,1986-03-01,14427.400000000007
NN3-075,1986-04-01,14427.400000000007
NN3-075,1986-05-01,14427.400000000007
NN3-075,1986-06-01,836.3199999999999
NN3-075,1986-07-01,14427.400000000007
NN3-075,1986-08-01,836.3199999999999
NN3-075,1986-09-01,836.3199999999999
NN3-075,1986-10-01,836.3199999999999
NN3-075,1986-11-01,14427.400000000007
NN3-075,1986-12-01,3833.2895685857175
NN3-075,1987-01-01,836.3199999999999
NN3-075,1987-02-01,836.3199999999999
NN3-075,1987-03-01,836.3199999999999
NN3-075,1987-04-01,836.3199999999999
NN3-075,1987-05-01,836.3199999999999
NN3-075,1987-06-01,836.3199999999999
NN3-075,1987-07-01,836.3199999999999
NN3-075,1987-08-01,14427.400000000007
NN3-075,1987-09-01,14427.400000000007
NN3-075,1987-10-01,14427.400000000007
NN3-075,1987-11-01,14427.400000000007
NN3-075,1987-12-01,836.3199999999999
NN3-075,1988-01-01,14427.400000000007
NN3-075,1988-02-01,14427.400000000007
NN3-075,1988-03-01,836.3199999999999
NN3-075,1988-04-01,14427.400000000007
NN3-075,1988-05-01,836.3199999999999
NN3-075,1988-06-01,14427.400000000007
NN3-075,1988-07-01,14427.400000000007
NN3-075,1988-08-01,14427.400000000007
NN3-075,1988-09-01,836.3199999999999
NN3-075,1988-10-01,836.3199999999999
NN3-075,1988-11-01,14427.400000000007
NN3-075,1988-12-01,836.3199999999999
NN3-075,1989-01-01,14427.400000000007
NN3-075,1989-02-01,836.3199999999999
NN3-075,1989-03-01,3878.78339596799
NN3-075,1989-04-01,836.3199999999999
NN3-075,1989-05-01,14427.400000000007
NN3-075,1989-06-01,14427.400000000007
NN3-075,1989-07-01,14427.400000000007
NN3-075,1989-08-01,836.3199999999999
NN3-075,1989-09-01,836.3199999999999
NN3-075,1989-10-01,14427.400000000007
NN3-075,1989-11-01,14427.400000000007
NN3-075,1989-12-01,14427.400000000007
NN3-075,1990-01-01,14427.400000000007
NN3-075,1990-02-01,836.3199999999999
NN3-075,1990-03-01,836.3199999999999
NN3-075,1990-04-01,836.3199999999999
NN3-075,1990-05-01,14427.400000000007
NN3-075,1990-06-01,14427.400000000007
NN3-075,1990-07-01,14427.400000000007
NN3-075,1990-08-01,836.3199999999999
NN3-075,1990-09-01,14427.400000000007
NN3-075,1990-10-01,14427.400000000007
NN3-075,1990-11-01,836.3199999999999
NN3-075,1990-12-01,836.3199999999999
NN3-075,1991-01-01,836.3199999999999
NN3-075,1991-02-01,14427.400000000007
NN3-075,1991-03-01,836.3199999999999
NN3-075,1991-04-01,14427.400000000007
NN3-075,1991-05-01,14427.400000000007
NN3-075,1991-06-01,836.3199999999999
NN3-076,1977-01-01,836.3199999999999
NN3-076,1977-02-01,836.3199999999999
NN3-076,1977-03-01,836.3199999999999
NN3-076,1977-04-01,14427.400000000007
NN3-076,1977-05-01,14427.400000000007
NN3-076,1977-06-01,14427.400000000007
NN3-076,1977-07-01,14427.400000000007
NN3-076,1977-08-01,14427.400000000007
NN3-076,1977-09-01,14427.400000000007
NN3-076,1977-10-01,836.3199999999999
NN3-076,1977-11-01,14427.400000000007
NN3-076,1977-12-01,14427.400000000007
NN3-076,1978-01-01,14427.400000000007
NN3-076,1978-02-01,14427.400000000007
NN3-076,1978-03-01,836.3199999999999
NN3-076,1978-04-01,14427.400000000007
NN3-076,1978-05-01,836.3199999999999
NN3-076,1978-06-01,836.3199999999999
NN3-076,1978-07-01,14427.400000000007
NN3-076,1978-08-01,836.3199999999999
NN3-076,1978-09-01,14427.400000000007
NN3-076,1978-10-01,836.3199999999999
NN3-076,1978-11-01,14427.400000000007
NN3-076,1978-12-01,14427.400000000007
NN3-076,1979-01-01,14427.400000000007
NN3-076,1979-02-01,836.3199999999999
NN3-076,1979-03-01,14427.400000000007
NN3-076,1979-04-01,836.3199999999999
NN3-076,1979-05-01,836.3199999999999
NN3-076,1979-06-01,836.3199999999999
NN3-076,1979-07-01,14427.400000000007
NN3-076,1979-08-01,836.3199999999999
NN3-076,1979-09-01,836.3199999999999
NN3-076,1979-10-01,836.3199999999999
NN3-076,1979-11-01,14427.400000000007
NN3-076,1979-12-01,836.3199999999999
NN3-076,1980-01-01,836.3199999999999
NN3-076,1980-02-01,836.3199999999999
NN3-076,1980-03-01,836.3199999999999
NN3-076,1980-04-01,836.3199999999999
NN3-076,1980-05-01,14427.400000000007
NN3-076,1980-06-01,836.3199999999999
NN3-076,1980-07-01,836.3199999999999
NN3-076,1980-08-01,836.3199999999999
NN3-076,1980-09-01,836.3199999999999
NN3-076,1980-10-01,14104.865847173154
NN3-076,1980-11-01,836.3199999999999
NN3-076,1980-12-01,14427.400000000007
NN3-076,1981-01-01,14427.400000000007
NN3-076,1981-02-01,14427.400000000007
NN3-076,1981-03-01,836.3199999999999
NN3-076,1981-04-01,836.3199999999999
NN3-076,1981-05-01,14427.400000000007
NN3-076,1981-06-01,836.3199999999999
NN3-076,1981-07-01,14427.400000000007
NN3-076,1981-08-01,836.3199999999999
NN3-076,1981-09-01,836.3199999999999
NN3-076,1981-10-01,836.3199999999999
NN3-076,1981-11-01,14427.400000000007
NN3-076,1981-12-01,14427.400000000007
NN3-076,1982-01-01,14427.400000000007
NN3-076,1982-02-01,14427.400000000007
NN3-076,1982-03-01,836.3199999999999
NN3-076,1982-04-01,836.3199999999999
NN3-076,1982-05-01,10613.367625081684
NN3-076,1982-06-01,14427.400000000007
NN3-076,1982-07-01,836.3199999999999
NN3-076,1982-08-01,836.3199999999999
NN3-076,1982-09-01,836.3199999999999
NN3-076,1982-10-01,14427.400000000007
NN3-076,1982-11-01,14427.400000000007
NN3-076,1982-12-01,14427.400000000007
NN3-076,1983-01-01,14427.400000000007
NN3-076,1983-02-01,14427.400000000007
NN3-076,1983-03-01,836.3199999999999
NN3-076,1983-04-01,14427.400000000007
NN3-076,1983-05-01,836.3199999999999
NN3-076,1983-06-01,2549.6222370794694
NN3-076,1983-07-01,4382.883317895626
NN3-076,1983-08-01,836.3199999999999
NN3-076,1983-09-01,836.3199999999999
NN3-076,1983-10-01,836.3199999999999
NN3-076,1983-11-01,14427.400000000007
NN3-076,1983-12-01,836.3199999999999
NN3-076,1984-01-01,836.3199999999999
NN3-076,1984-02-01,14427.400000000007
NN3-076,1984-03-01,836.3199999999999
NN3-076,1984-04-01,836.3199999999999
NN3-076,1984-05-01,836.3199999999999
NN3-076,1984-06-01,836.3199999999999
NN3-076,1984-07-01,836.3199999999999
NN3-076,1984-08-01,836.3199999999999
NN3-076,1984-09-01,14427.400000000007
NN3-076,1984-10-01,14427.400000000007
NN3-076,1984-11-01,836.3199999999999
NN3-076,1984-12-01,14427.400000000007
NN3-076,1985-01-01,836.3199999999999
NN3-076,1985-02-01,14427.400000000007
NN3-076,1985-03-01,14427.400000000007
NN3-076,1985-04-01,9537.09603426341
NN3-076,1985-05-01,836.3199999999999
NN3-076,1985-06-01,836.3199999999999
NN3-076,1985-07-01,836.3199999999999
NN3-076,1985-08-01,836.3199999999999
NN3-076,1985-09-01,14427.400000000007
NN3-076,1985-10-01,14427.400000000007
NN3-076,1985-11-01,836.3199999999999
NN3-076,1985-12-01,14427.400000000007
NN3-076,1986-01-01,14427.400000000007
NN3-076,1986-02-01,14427.400000000007
NN3-076,1986-03-01,836.3199999999999
NN3-076,1986-04-01,836.3199999999999
NN3-076,1986-05-01,836.3199999999999
NN3-076,1986-06-01,14427.400000000007
NN3-077,1981-12-01,14427.400000000007
NN3-077,1982-01-01,836.3199999999999
NN3-077,1982-02-01,836.3199999999999
NN3-077,1982-03-01,836.3199999999999
NN3-077,1982-04-01,836.3199999999999
NN3-077,1982-05-01,836.3199999999999
NN3-077,1982-06-01,836.3199999999999
NN3-077,1982-07-01,836.3199999999999
NN3-077,1982-08-01,14427.400000000007
NN3-077,1982-09-01,836.3199999999999
NN3-077,1982-10-01,836.3199999999999
NN3-077,1982-11-01,14427.400000000007
NN3-077,1982-12-01,836.3199999999999
NN3-077,1983-01-01,836.3199999999999
NN3-077,1983-02-01,14427.400000000007
NN3-077,1983-03-01,14427.400000000007
NN3-077,1983-04-01,14427.400000000007
NN3-077,1983-05-01,14427.400000000007
NN3-077,1983-06-01,836.3199999999999
NN3-077,1983-07-01,836.3199999999999
NN3-077,1983-08-01,5846.542324397309
NN3-077,1983-09-01,14427.400000000007
NN3-077,1983-10-01,14427.400000000007
NN3-077,1983-11-01,14427.400000000007
NN3-077,1983-12-01,836.3199999999999
NN3-077,1984-01-01,14427.400000000007
NN3-077,1984-02-01,836.3199999999999
NN3-077,1984-03-01,14427.400000000007
NN3-077,1984-04-01,14427.400000000007
NN3-077,1984-05-01,14427.400000000007
NN3-077,1984-06-01,14427.400000000007
NN3-077,1984-07-01,836.3199999999999
NN3-077,1984-08-01,14427.400000000007
NN3-077,1984-09-01,14427.400000000007
NN3-077,1984-10-01,836.3199999999999
NN3-077,1984-11-01,836.3199999999999
NN3-077,1984-12-01,836.3199999999999
NN3-077,1985-01-01,836.3199999999999
NN3-077,1985-02-01,14427.400000000007
NN3-077,1985-03-01,14427.400000000007
NN3-077,1985-04-01,836.3199999999999
NN3-077,1985-05-01,14427.400000000007
NN3-077,1985-06-01,836.3199999999999
NN3-077,1985-07-01,14427.400000000007
NN3-077,1985-08-01,836.3199999999999
NN3-077,1985-09-01,14427.400000000007
NN3-077,1985-10-01,836.3199999999999
NN3-077,1985-11-01,14427.400000000007
NN3-077,1985-12-01,14427.400000000007
NN3-077,1986-01-01,14427.400000000007
NN3-077,1986-02-01,14427.400000000007
NN3-077,1986-03-01,836.3199999999999
NN3-077,1986-04-01,14427.400000000007
NN3-077,1986-05-01,836.3199999999999
NN3-077,1986-06-01,836.3199999999999
NN3-077,1986-07-01,836.3199999999999
NN3-077,1986-08-01,836.3199999999999
NN3-077,1986-09-01,836.3199999999999
NN3-077,1986-10-01,14427.400000000007
NN3-077,1986-11-01,14427.400000000007
NN3-077,1986-12-01,836.3199999999999
NN3-077,1987-01-01,836.3199999999999
NN3-077,1987-02-01,836.3199999999999
NN3-077,1987-03-01,836.3199999999999
NN3-077,1987-04-01,836.3199999999999
NN3-077,1987-05-01,14427.400000000007
NN3-077,1987-06-01,836.3199999999999
NN3-077,1987-07-01,836.3199999999999
NN3-077,1987-08-01,14427.400000000007
NN3-077,1987-09-01,14427.400000000007
NN3-077,1987-10-01,14427.400000000007
NN3-077,1987-11-01,14427.400000000007
NN3-077,1987-12-01,14427.400000000007
NN3-077,1988-01-01,14427.400000000007
NN3-077,1988-02-01,14427.400000000007
NN3-077,1988-03-01,836.3199999999999
NN3-077,1988-04-01,836.3199999999999
NN3-077,1988-05-01,836.3199999999999
NN3-077,1988-06-01,836.3199999999999
NN3-077,1988-07-01,836.3199999999999
NN3-077,1988-08-01,14427.400000000007
NN3-077,1988-09-01,836.3199999999999
NN3-077,1988-10-01,836.3199999999999
NN3-077,1988-11-01,836.3199999999999
NN3-077,1988-12-01,836.3199999999999
NN3-077,1989-01-01,836.3199999999999
NN3-077,1989-02-01,836.3199999999999
NN3-077,1989-03-01,14427.400000000007
NN3-077,1989-04-01,836.3199999999999
NN3-077,1989-05-01,14427.400000000007
NN3-077,1989-06-01,836.3199999999999
NN3-077,1989-07-01,14427.400000000007
NN3-077,1989-08-01,836.3199999999999
NN3-077,1989-09-01,14427.400000000007
NN3-077,1989-10-01,836.3199999999999
NN3-077,1989-11-01,836.3199999999999
NN3-077,1989-12-01,14427.400000000007
NN3-077,1990-01-01,836.3199999999999
NN3-077,1990-02-01,836.3199999999999
NN3-077,1990-03-01,836.3199999999999
NN3-077,1990-04-01,14427.400000000007
NN3-077,1990-05-01,14427.400000000007
NN3-077,1990-06-01,14427.400000000007
NN3-077,1990-07-01,836.3199999999999
NN3-077,1990-08-01,836.3199999999999
NN3-077,1990-09-01,836.3199999999999
NN3-077,1990-10-01,836.3199999999999
NN3-077,1990-11-01,836.3199999999999
NN3-077,1990-12-01,14427.400000000007
NN3-077,1991-01-01,836.3199999999999
NN3-077,1991-02-01,836.3199999999999
NN3-077,1991-03-01,836.3199999999999
NN3-077,1991-04-01,14427.400000000007
NN3-077,1991-05-01,836.3199999999999
NN3-078,1979-01-01,836.3199999999999
NN3-078,1979-02-01,836.3199999999999
NN3-078,1979-03-01,836.3199999999999
NN3-078,1979-04-01,14427.400000000007
NN3-078,1979-05-01,836.3199999999999
NN3-078,1979-06-01,836.3199999999999
NN3-078,1979-07-01,14427.400000000007
NN3-078,1979-08-01,836.3199999999999
NN3-078,1979-09-01,14427.400000000007
NN3-078,1979-10-01,14427.400000000007
NN3-078,1979-11-01,836.3199999999999
NN3-078,1979-12-01,14427.400000000007
NN3-078,1980-01-01,14427.400000000007
NN3-078,1980-02-01,9932.410161146905
NN3-078,1980-03-01,836.3199999999999
NN3-078,1980-04-01,14427.400000000007
NN3-078,1980-05-01,836.3199999999999
NN3-078,1980-06-01,836.3199999999999
NN3-078,1980-07-01,836.3199999999999
NN3-078,1980-08-01,14427.400000000007
NN3-078,1980-09-01,14427.400000000007
NN3-078,1980-10-01,836.3199999999999
NN3-078,1980-11-01,14427.400000000007
NN3-078,1980-12-01,14427.400000000007
NN3-078,1981-01-01,14427.400000000007
NN3-078,1981-02-01,836.3199999999999
NN3-078,1981-03-01,14427.400000000007
NN3-078,1981-04-01,836.3199999999999
NN3-078,1981-05-01,14427.400000000007
NN3-078,1981-06-01,14427.400000000007
NN3-078,1981-07-01,836.3199999999999
NN3-078,1981-08-01,14427.400000000007
NN3-078,1981-09-01,836.3199999999999
NN3-078,1981-10-01,14427.400000000007
NN3-078,1981-11-01,14427.400000000007
NN3-078,1981-12-01,836.3199999999999
NN3-078,1982-01-01,14427.400000000007
NN3-078,1982-02-01,14427.400000000007
NN3-078,1982-03-01,14427.400000000007
NN3-078,1982-04-01,14427.400000000007
NN3-078,1982-05-01,836.3199999999999
NN3-078,1982-06-01,836.3199999999999
NN3-078,1982-07-01,14427.400000000007
NN3-078,1982-08-01,14427.400000000007
NN3-078,1982-09-01,14427.400000000007
NN3-078,1982-10-01,14427.400000000007
NN3-078,1982-11-01,14427.400000000007
NN3-078,1982-12-01,836.3199999999999
NN3-078,1983-01-01,14427.400000000007
NN3-078,1983-02-01,14427.400000000007
NN3-078,1983-03-01,14427.400000000007
NN3-078,1983-04-01,14427.400000000007
NN3-078,1983-05-01,836.3199999999999
NN3-078,1983-06-01,1654.4055685942058
NN3-078,1983-07-01,836.3199999999999
NN3-078,1983-08-01,14427.400000000007
NN3-078,1983-09-01,836.3199999999999
NN3-078,1983-10-01,14427.400000000007
NN3-078,1983-11-01,14427.400000000007
NN3-078,1983-12-01,836.3199999999999
NN3-078,1984-01-01,836.3199999999999
NN3-078,1984-02-01,13307.641132709206
NN3-078,1984-03-01,14427.400000000007
NN3-078,1984-04-01,836.3199999999999
NN3-078,1984-05-01,836.3199999999999
NN3-078,1984-06-01,14427.400000000007
NN3-078,1984-07-01,14427.400000000007
NN3-078,1984-08-01,14427.400000000007
NN3-078,1984-09-01,836.3199999999999
NN3-078,1984-10-01,836.3199999999999
NN3-078,1984-11-01,14427.400000000007
NN3-078,1984-12-01,14427.400000000007
NN3-078,1985-01-01,14427.400000000007
NN3-078,1985-02-01,14427.400000000007
NN3-078,1985-03-01,836.3199999999999
NN3-078,1985-04-01,836.3199999999999
NN3-078,1985-05-01,836.3199999999999
NN3-078,1985-06-01,836.3199999999999
NN3-078,1985-07-01,14427.400000000007
NN3-078,1985-08-01,836.3199999999999
NN3-078,1985-09-01,14427.400000000007
NN3-078,1985-10-01,14427.400000000007
NN3-078,1985-11-01,14427.400000000007
NN3-078,1985-12-01,14427.400000000007
NN3-078,1986-01-01,836.3199999999999
NN3-078,1986-02-01,14427.400000000007
NN3-078,1986-03-01,14427.400000000007
NN3-078,1986-04-01,836.3199999999999
NN3-078,1986-05-01,14427.400000000007
NN3-078,1986-06-01,14427.400000000007
NN3-078,1986-07-01,14427.400000000007
NN3-078,1986-08-01,836.3199999999999
NN3-078,1986-09-01,14427.400000000007
NN3-078,1986-10-01,836.3199999999999
NN3-078,1986-11-01,14427.400000000007
NN3-078,1986-12-01,14427.400000000007
NN3-078,1987-01-01,14427.400000000007
NN3-078,1987-02-01,836.3199999999999
NN3-078,1987-03-01,14427.400000000007
NN3-078,1987-04-01,14427.400000000007
NN3-078,1987-05-01,836.3199999999999
NN3-078,1987-06-01,14427.400000000007
NN3-078,1987-07-01,14427.400000000007
NN3-078,1987-08-01,14427.400000000007
NN3-078,1987-09-01,14427.400000000007
NN3-078,1987-10-01,14427.400000000007
NN3-078,1987-11-01,10316.249453899243
NN3-078,1987-12-01,14427.400000000007
NN3-078,1988-01-01,14427.400000000007
NN3-078,1988-02-01,14427.400000000007
NN3-078,1988-03-01,14427.400000000007
NN3-078,1988-04-01,14427.400000000007
NN3-078,1988-05-01,14427.400000000007
NN3-078,1988-06-01,836.3199999999999
NN3-079,1979-01-01,836.3199999999999
NN3-079,1979-02-01,14427.400000000007
NN3-079,1979-03-01,836.3199999999999
NN3-079,1979-04-01,836.3199999999999
NN3-079,1979-05-01,14427.400000000007
NN3-079,1979-06-01,836.3199999999999
NN3-079,1979-07-01,836.3199999999999
NN3-079,1979-08-01,836.3199999999999
NN3-079,1979-09-01,836.3199999999999
NN3-079,1979-10-01,6367.376477238563
NN3-079,1979-11-01,14427.400000000007
NN3-079,1979-12-01,14427.400000000007
NN3-079,1980-01-01,836.3199999999999
NN3-079,1980-02-01,836.3199999999999
NN3-079,1980-03-01,836.3199999999999
NN3-079,1980-04-01,836.3199999999999
NN3-079,1980-05-01,836.3199999999999
NN3-079,1980-06-01,14427.400000000007
NN3-079,1980-07-01,836.3199999999999
NN3-079,1980-08-01,14427.400000000007
NN3-079,1980-09-01,14427.400000000007
NN3-079,1980-10-01,14427.400000000007
NN3-079,1980-11-01,836.3199999999999
NN3-079,1980-12-01,14427.400000000007
NN3-079,1981-01-01,836.3199999999999
NN3-079,1981-02-01,14427.400000000007
NN3-079,1981-03-01,836.3199999999999
NN3-079,1981-04-01,14427.400000000007
NN3-079,1981-05-01,836.3199999999999
NN3-079,1981-06-01,14427.400000000007
NN3-079,1981-07-01,836.3199999999999
NN3-079,1981-08-01,14427.400000000007
NN3-079,1981-09-01,3550.10798373346
NN3-079,1981-10-01,836.3199999999999
NN3-079,1981-11-01,14427.400000000007
NN3-079,1981-12-01,14427.400000000007
NN3-079,1982-01-01,14427.400000000007
NN3-079,1982-02-01,14427.400000000007
NN3-079,1982-03-01,836.3199999999999
NN3-079,1982-04-01,14427.400000000007
NN3-079,1982-05-01,836.3199999999999
NN3-079,1982-06-01,836.3199999999999
NN3-079,1982-07-01,836.3199999999999
NN3-079,1982-08-01,14427.400000000007
NN3-079,1982-09-01,836.3199999999999
NN3-079,1982-10-01,836.3199999999999
NN3-079,1982-11-01,14427.400000000007
NN3-079,1982-12-01,14427.400000000007
NN3-079,1983-01-01,836.3199999999999
NN3-079,1983-02-01,14427.400000000007
NN3-079,1983-03-01,14427.400000000007
NN3-079,1983-04-01,14427.400000000007
NN3-079,1983-05-01,14427.400000000007
NN3-079,1983-06-01,14427.400000000007
NN3-079,1983-07-01,14427.400000000007
NN3-079,1983-08-01,836.3199999999999
NN3-079,1983-09-01,14427.400000000007
NN3-079,1983-10-01,14427.400000000007
NN3-079,1983-11-01,836.3199999999999
NN3-079,1983-12-01,836.3199999999999
NN3-079,1984-01-01,836.3199999999999
NN3-079,1984-02-01,836.3199999999999
NN3-079,1984-03-01,14427.400000000007
NN3-079,1984-04-01,14427.400000000007
NN3-079,1984-05-01,14427.400000000007
NN3-079,1984-06-01,836.3199999999999
NN3-079,1984-07-01,836.3199999999999
NN3-079,1984-08-01,14427.400000000007
NN3-079,1984-09-01,14427.400000000007
NN3-079,1984-10-01,14427.400000000007
NN3-079,1984-11-01,14427.400000000007
NN3-079,1984-12-01,12880.681009979988
NN3-079,1985-01-01,6658.895175389439
NN3-079,1985-02-01,14427.400000000007
NN3-079,1985-03-01,836.3199999999999
NN3-079,1985-04-01,836.3199999999999
NN3-079,1985-05-01,836.3199999999999
NN3-079,1985-06-01,836.3199999999999
NN3-079,1985-07-01,14427.400000000007
NN3-079,1985-08-01,14427.400000000007
NN3-079,1985-09-01,14427.400000000007
NN3-079,1985-10-01,836.3199999999999
NN3-079,1985-11-01,836.3199999999999
NN3-079,1985-12-01,836.3199999999999
NN3-079,1986-01-01,14427.400000000007
NN3-079,1986-02-01,6082.571128037791
NN3-079,1986-03-01,836.3199999999999
NN3-079,1986-04-01,836.3199999999999
NN3-079,1986-05-01,14427.400000000007
NN3-079,1986-06-01,836.3199999999999
NN3-079,1986-07-01,836.3199999999999
NN3-079,1986-08-01,836.3199999999999
NN3-079,1986-09-01,836.3199999999999
NN3-079,1986-10-01,836.3199999999999
NN3-079,1986-11-01,836.3199999999999
NN3-079,1986-12-01,836.3199999999999
NN3-079,1987-01-01,14427.400000000007
NN3-079,1987-02-01,836.3199999999999
NN3-079,1987-03-01,836.3199999999999
NN3-079,1987-04-01,14427.400000000007
NN3-079,1987-05-01,14427.400000000007
NN3-079,1987-06-01,14427.400000000007
NN3-079,1987-07-01,836.3199999999999
NN3-079,1987-08-01,14427.400000000007
NN3-079,1987-09-01,14427.400000000007
NN3-079,1987-10-01,836.3199999999999
NN3-079,1987-11-01,836.3199999999999
NN3-079,1987-12-01,14427.400000000007
NN3-079,1988-01-01,836.3199999999999
NN3-079,1988-02-01,836.3199999999999
NN3-079,1988-03-01,14427.400000000007
NN3-079,1988-04-01,11534.619155740544
NN3-079,1988-05-01,14427.400000000007
NN3-079,1988-06-01,836.3199999999999
NN3-080,1982-01-01,836.3199999999999
NN3-080,1982-02-01,836.3199999999999
NN3-080,1982-03-01,14427.400000000007
NN3-080,1982-04-01,836.3199999999999
NN3-080,1982-05-01,14427.400000000007
NN3-080,1982-06-01,14427.400000000007
NN3-080,1982-07-01,14427.400000000007
NN3-080,1982-08-01,836.3199999999999
NN3-080,1982-09-01,836.3199999999999
NN3-080,1982-10-01,14427.400000000007
NN3-080,1982-11-01,14427.400000000007
NN3-080,1982-12-01,14427.400000000007
NN3-080,1983-01-01,836.3199999999999
NN3-080,1983-02-01,836.3199999999999
NN3-080,1983-03-01,836.3199999999999
NN3-080,1983-04-01,14427.400000000007
NN3-080,1983-05-01,14427.400000000007
NN3-080,1983-06-01,836.3199999999999
NN3-080,1983-07-01,14427.400000000007
NN3-080,1983-08-01,836.3199999999999
NN3-080,1983-09-01,14427.400000000007
NN3-080,1983-10-01,14427.400000000007
NN3-080,1983-11-01,14427.400000000007
NN3-080,1983-12-01,836.3199999999999
NN3-080,1984-01-01,14427.400000000007
NN3-080,1984-02-01,836.3199999999999
NN3-080,1984-03-01,14427.400000000007
NN3-080,1984-04-01,836.3199999999999
NN3-080,1984-05-01,14427.400000000007
NN3-080,1984-06-01,836.3199999999999
NN3-080,1984-07-01,14427.400000000007
NN3-080,1984-08-01,836.3199999999999
NN3-080,1984-09-01,14427.400000000007
NN3-080,1984-10-01,14427.400000000007
NN3-080,1984-11-01,14427.400000000007
NN3-080,1984-12-01,14427.400000000007
NN3-080,1985-01-01,14427.400000000007
NN3-080,1985-02-01,14427.400000000007
NN3-080,1985-03-01,836.3199999999999
NN3-080,1985-04-01,836.3199999999999
NN3-080,1985-05-01,14427.400000000007
NN3-080,1985-06-01,836.3199999999999
NN3-080,1985-07-01,836.3199999999999
NN3-080,1985-08-01,836.3199999999999
NN3-080,1985-09-01,14427.400000000007
NN3-080,1985-10-01,836.3199999999999
NN3-080,1985-11-01,836.3199999999999
NN3-080,1985-12-01,836.3199999999999
NN3-080,1986-01-01,14427.400000000007
NN3-080,1986-02-01,836.3199999999999
NN3-080,1986-03-01,14427.400000000007
NN3-080,1986-04-01,836.3199999999999
NN3-080,1986-05-01,836.3199999999999
NN3-080,1986-06-01,14427.400000000007
NN3-080,1986-07-01,14427.400000000007
NN3-080,1986-08-01,836.3199999999999
NN3-080,1986-09-01,836.3199999999999
NN3-080,1986-10-01,836.3199999999999
NN3-080,1986-11-01,14427.400000000007
NN3-080,1986-12-01,836.3199999999999
NN3-080,1987-01-01,14427.400000000007
NN3-080,1987-02-01,14427.400000000007
NN3-080,1987-03-01,14427.400000000007
NN3-080,1987-04-01,836.3199999999999
NN3-080,1987-05-01,14427.400000000007
NN3-080,1987-06-01,14427.400000000007
NN3-080,1987-07-01,14427.400000000007
NN3-080,1987-08-01,14427.400000000007
NN3-080,1987-09-01,14427.400000000007
NN3-080,1987-10-01,14427.400000000007
NN3-080,1987-11-01,14427.400000000007
NN3-080,1987-12-01,836.3199999999999
NN3-080,1988-01-01,14427.400000000007
NN3-080,1988-02-01,14427.400000000007
NN3-080,1988-03-01,836.3199999999999
NN3-080,1988-04-01,14427.400000000007
NN3-080,1988-05-01,836.3199999999999
NN3-080,1988-06-01,14427.400000000007
NN3-080,1988-07-01,14427.400000000007
NN3-080,1988-08-01,836.3199999999999
NN3-080,1988-09-01,836.3199999999999
NN3-080,1988-10-01,14427.400000000007
NN3-080,1988-11-01,14427.400000000007
NN3-080,1988-12-01,836.3199999999999
NN3-080,1989-01-01,14427.400000000007
NN3-080,1989-02-01,14427.400000000007
NN3-080,1989-03-01,14427.400000000007
NN3-080,1989-04-01,836.3199999999999
NN3-080,1989-05-01,836.3199999999999
NN3-080,1989-06-01,836.3199999999999
NN3-080,1989-07-01,14427.400000000007
NN3-080,1989-08-01,836.3199999999999
NN3-080,1989-09-01,14427.400000000007
NN3-080,1989-10-01,836.3199999999999
NN3-080,1989-11-01,14427.400000000007
NN3-080,1989-12-01,14427.400000000007
NN3-080,1990-01-01,14427.400000000007
NN3-080,1990-02-01,836.3199999999999
NN3-080,1990-03-01,14427.400000000007
NN3-080,1990-04-01,14427.400000000007
NN3-080,1990-05-01,836.3199999999999
NN3-080,1990-06-01,14427.400000000007
NN3-080,1990-07-01,14427.400000000007
NN3-080,1990-08-01,14427.400000000007
NN3-080,1990-09-01,836.3199999999999
NN3-080,1990-10-01,836.3199999999999
NN3-080,1990-11-01,836.3199999999999
NN3-080,1990-12-01,836.3199999999999
NN3-080,1991-01-01,14427.400000000007
NN3-080,1991-02-01,836.3199999999999
NN3-080,1991-03-01,836.3199999999999
NN3-080,1991-04-01,14427.400000000007
NN3-080,1991-05-01,14427.400000000007
NN3-080,1991-06-01,14427.400000000007
NN3-081,1978-01-01,836.3199999999999
NN3-081,1978-02-01,836.3199999999999
NN3-081,1978-03-01,836.3199999999999
NN3-081,1978-04-01,14427.400000000007
NN3-081,1978-05-01,14427.400000000007
NN3-081,1978-06-01,14427.400000000007
NN3-081,1978-07-01,14427.400000000007
NN3-081,1978-08-01,836.3199999999999
NN3-081,1978-09-01,14427.400000000007
NN3-081,1978-10-01,836.3199999999999
NN3-081,1978-11-01,14427.400000000007
NN3-081,1978-12-01,14427.400000000007
NN3-081,1979-01-01,836.3199999999999
NN3-081,1979-02-01,836.3199999999999
NN3-081,1979-03-01,14427.400000000007
NN3-081,1979-04-01,3432.1118577259513
NN3-081,1979-05-01,14427.400000000007
NN3-081,1979-06-01,836.3199999999999
NN3-081,1979-07-01,836.3199999999999
NN3-081,1979-08-01,14427.400000000007
NN3-081,1979-09-01,14427.400000000007
NN3-081,1979-10-01,12608.693745994515
NN3-081,1979-11-01,836.3199999999999
NN3-081,1979-12-01,14427.400000000007
NN3-081,1980-01-01,836.3199999999999
NN3-081,1980-02-01,836.3199999999999
NN3-081,1980-03-01,14427.400000000007
NN3-081,1980-04-01,14427.400000000007
NN3-081,1980-05-01,836.3199999999999
NN3-081,1980-06-01,14427.400000000007
NN3-081,1980-07-01,14427.400000000007
NN3-081,1980-08-01,836.3199999999999
NN3-081,1980-09-01,836.3199999999999
NN3-081,1980-10-01,14427.400000000007
NN3-081,1980-11-01,836.3199999999999
NN3-081,1980-12-01,14427.400000000007
NN3-081,1981-01-01,14427.400000000007
NN3-081,1981-02-01,14427.400000000007
NN3-081,1981-03-01,836.3199999999999
NN3-081,1981-04-01,14427.400000000007
NN3-081,1981-05-01,836.3199999999999
NN3-081,1981-06-01,836.3199999999999
NN3-081,1981-07-01,836.3199999999999
NN3-081,1981-08-01,14427.400000000007
NN3-081,1981-09-01,14427.400000000007
NN3-081,1981-10-01,14427.400000000007
NN3-081,1981-11-01,14427.400000000007
NN3-081,1981-12-01,836.3199999999999
NN3-081,1982-01-01,836.3199999999999
NN3-081,1982-02-01,836.3199999999999
NN3-081,1982-03-01,14427.400000000007
NN3-081,1982-04-01,14427.400000000007
NN3-081,1982-05-01,836.3199999999999
NN3-081,1982-06-01,14427.400000000007
NN3-081,1982-07-01,836.3199999999999
NN3-081,1982-08-01,836.3199999999999
NN3-081,1982-09-01,14427.400000000007
NN3-081,1982-10-01,14427.400000000007
NN3-081,1982-11-01,836.3199999999999
NN3-081,1982-12-01,836.3199999999999
NN3-081,1983-01-01,836.3199999999999
NN3-081,1983-02-01,14427.400000000007
NN3-081,1983-03-01,836.3199999999999
NN3-081,1983-04-01,836.3199999999999
NN3-081,1983-05-01,836.3199999999999
NN3-081,1983-06-01,836.3199999999999
NN3-081,1983-07-01,836.3199999999999
NN3-081,1983-08-01,14427.400000000007
NN3-081,1983-09-01,836.3199999999999
NN3-081,1983-10-01,836.3199999999999
NN3-081,1983-11-01,14427.400000000007
NN3-081,1983-12-01,836.3199999999999
NN3-081,1984-01-01,14427.400000000007
NN3-081,1984-02-01,14427.400000000007
NN3-081,1984-03-01,836.3199999999999
NN3-081,1984-04-01,14427.400000000007
NN3-081,1984-05-01,14427.400000000007
NN3-081,1984-06-01,836.3199999999999
NN3-081,1984-07-01,14427.400000000007
NN3-081,1984-08-01,14427.400000000007
NN3-081,1984-09-01,14427.400000000007
NN3-081,1984-10-01,836.3199999999999
NN3-081,1984-11-01,836.3199999999999
NN3-081,1984-12-01,836.3199999999999
NN3-081,1985-01-01,836.3199999999999
NN3-081,1985-02-01,14427.400000000007
NN3-081,1985-03-01,14427.400000000007
NN3-081,1985-04-01,836.3199999999999
NN3-081,1985-05-01,14427.400000000007
NN3-081,1985-06-01,836.3199999999999
NN3-081,1985-07-01,14427.400000000007
NN3-081,1985-08-01,14427.400000000007
NN3-081,1985-09-01,836.3199999999999
NN3-081,1985-10-01,836.3199999999999
NN3-081,1985-11-01,836.3199999999999
NN3-081,1985-12-01,14427.400000000007
NN3-081,1986-01-01,14427.400000000007
NN3-081,1986-02-01,836.3199999999999
NN3-081,1986-03-01,836.3199999999999
NN3-081,1986-04-01,836.3199999999999
NN3-081,1986-05-01,836.3199999999999
NN3-081,1986-06-01,1650.6891313372912
NN3-081,1986-07-01,836.3199999999999
NN3-081,1986-08-01,836.3199999999999
NN3-081,1986-09-01,836.3199999999999
NN3-081,1986-10-01,14427.400000000007
NN3-081,1986-11-01,836.3199999999999
NN3-081,1986-12-01,14427.400000000007
NN3-081,1987-01-01,14427.400000000007
NN3-081,1987-02-01,836.3199999999999
NN3-081,1987-03-01,14427.400000000007
NN3-081,1987-04-01,836.3199999999999
NN3-081,1987-05-01,14427.400000000007
NN3-081,1987-06-01,836.3199999999999
NN3-082,1983-01-01,836.3199999999999
NN3-082,1983-02-01,14427.400000000007
NN3-082,1983-03-01,14427.400000000007
NN3-082,1983-04-01,14427.400000000007
NN3-082,1983-05-01,836.3199999999999
NN3-082,1983-06-01,836.3199999999999
NN3-082,1983-07-01,836.3199999999999
NN3-082,1983-08-01,836.3199999999999
NN3-082,1983-09-01,836.3199999999999
NN3-082,1983-10-01,836.3199999999999
NN3-082,1983-11-01,14427.400000000007
NN3-082,1983-12-01,10282.852440240007
NN3-082,1984-01-01,836.3199999999999
NN3-082,1984-02-01,836.3199999999999
NN3-082,1984-03-01,836.3199999999999
NN3-082,1984-04-01,14427.400000000007
NN3-082,1984-05-01,14427.400000000007
NN3-082,1984-06-01,836.3199999999999
NN3-082,1984-07-01,836.3199999999999
NN3-082,1984-08-01,14427.400000000007
NN3-082,1984-09-01,14427.400000000007
NN3-082,1984-10-01,836.3199999999999
NN3-082,1984-11-01,836.3199999999999
NN3-082,1984-12-01,14427.400000000007
NN3-082,1985-01-01,836.3199999999999
NN3-082,1985-02-01,14427.400000000007
NN3-082,1985-03-01,836.3199999999999
NN3-082,1985-04-01,836.3199999999999
NN3-082,1985-05-01,836.3199999999999
NN3-082,1985-06-01,836.3199999999999
NN3-082,1985-07-01,836.3199999999999
NN3-082,1985-08-01,836.3199999999999
NN3-082,1985-09-01,14427.400000000007
NN3-082,1985-10-01,836.3199999999999
NN3-082,1985-11-01,14427.400000000007
NN3-082,1985-12-01,836.3199999999999
NN3-082,1986-01-01,836.3199999999999
NN3-082,1986-02-01,14427.400000000007
NN3-082,1986-03-01,13287.005544795253
NN3-082,1986-04-01,14427.400000000007
NN3-082,1986-05-01,836.3199999999999
NN3-082,1986-06-01,4428.81883852712
NN3-082,1986-07-01,14427.400000000007
NN3-082,1986-08-01,14427.400000000007
NN3-082,1986-09-01,14427.400000000007
NN3-082,1986-10-01,14427.400000000007
NN3-082,1986-11-01,14427.400000000007
NN3-082,1986-12-01,14427.400000000007
NN3-082,1987-01-01,14427.400000000007
NN3-082,1987-02-01,836.3199999999999
NN3-082,1987-03-01,14427.400000000007
NN3-082,1987-04-01,836.3199999999999
NN3-082,1987-05-01,14427.400000000007
NN3-082,1987-06-01,836.3199999999999
NN3-082,1987-07-01,836.3199999999999
NN3-082,1987-08-01,14427.400000000007
NN3-082,1987-09-01,836.3199999999999
NN3-082,1987-10-01,836.3199999999999
NN3-082,1987-11-01,14427.400000000007
NN3-082,1987-12-01,14427.400000000007
NN3-082,1988-01-01,14427.400000000007
NN3-082,1988-02-01,14427.400000000007
NN3-082,1988-03-01,836.3199999999999
NN3-082,1988-04-01,836.3199999999999
NN3-082,1988-05-01,14427.400000000007
NN3-082,1988-06-01,14427.400000000007
NN3-082,1988-07-01,836.3199999999999
NN3-082,1988-08-01,14427.400000000007
NN3-082,1988-09-01,14427.400000000007
NN3-082,1988-10-01,836.3199999999999
NN3-082,1988-11-01,836.3199999999999
NN3-082,1988-12-01,836.3199999999999
NN3-082,1989-01-01,836.3199999999999
NN3-082,1989-02-01,14427.400000000007
NN3-082,1989-03-01,14427.400000000007
NN3-082,1989-04-01,14427.400000000007
NN3-082,1989-05-01,14427.400000000007
NN3-082,1989-06-01,836.3199999999999
NN3-082,1989-07-01,14427.400000000007
NN3-082,1989-08-01,836.3199999999999
NN3-082,1989-09-01,14427.400000000007
NN3-082,1989-10-01,14427.400000000007
NN3-082,1989-11-01,836.3199999999999
NN3-082,1989-12-01,14427.400000000007
NN3-082,1990-01-01,14427.400000000007
NN3-082,1990-02-01,14427.400000000007
NN3-082,1990-03-01,836.3199999999999
NN3-082,1990-04-01,14427.400000000007
NN3-082,1990-05-01,14427.400000000007
NN3-082,1990-06-01,14427.400000000007
NN3-082,1990-07-01,836.3199999999999
NN3-082,1990-08-01,836.3199999999999
NN3-082,1990-09-01,14427.400000000007
NN3-082,1990-10-01,836.3199999999999
NN3-082,1990-11-01,836.3199999999999
NN3-082,1990-12-01,836.3199999999999
NN3-082,1991-01-01,836.3199999999999
NN3-082,1991-02-01,14427.400000000007
NN3-082,1991-03-01,14427.400000000007
NN3-082,1991-04-01,14427.400000000007
NN3-082,1991-05-01,836.3199999999999
NN3-082,1991-06-01,836.3199999999999
NN3-082,1991-07-01,836.3199999999999
NN3-082,1991-08-01,14427.400000000007
NN3-083,1979-01-01,14427.400000000007
NN3-083,1979-02-01,836.3199999999999
NN3-083,1979-03-01,836.3199999999999
NN3-083,1979-04-01,14427.400000000007
NN3-083,1979-05-01,836.3199999999999
NN3-083,1979-06-01,14427.400000000007
NN3-083,1979-07-01,14427.400000000007
NN3-083,1979-08-01,14427.400000000007
NN3-083,1979-09-01,836.3199999999999
NN3-083,1979-10-01,836.3199999999999
NN3-083,1979-11-01,836.3199999999999
NN3-083,1979-12-01,836.3199999999999
NN3-083,1980-01-01,14427.400000000007
NN3-083,1980-02-01,14427.400000000007
NN3-083,1980-03-01,836.3199999999999
NN3-083,1980-04-01,12687.449447537576
NN3-083,1980-05-01,836.3199999999999
NN3-083,1980-06-01,14427.400000000007
NN3-083,1980-07-01,14427.400000000007
NN3-083,1980-08-01,14427.400000000007
NN3-083,1980-09-01,836.3199999999999
NN3-083,1980-10-01,14427.400000000007
NN3-083,1980-11-01,14427.400000000007
NN3-083,1980-12-01,14427.400000000007
NN3-083,1981-01-01,836.3199999999999
NN3-083,1981-02-01,836.3199999999999
NN3-083,1981-03-01,836.3199999999999
NN3-083,1981-04-01,836.3199999999999
NN3-083,1981-05-01,836.3199999999999
NN3-083,1981-06-01,14427.400000000007
NN3-083,1981-07-01,836.3199999999999
NN3-083,1981-08-01,14427.400000000007
NN3-083,1981-09-01,14427.400000000007
NN3-083,1981-10-01,14427.400000000007
NN3-083,1981-11-01,836.3199999999999
NN3-083,1981-12-01,14427.400000000007
NN3-083,1982-01-01,14427.400000000007
NN3-083,1982-02-01,836.3199999999999
NN3-083,1982-03-01,14427.400000000007
NN3-083,1982-04-01,836.3199999999999
NN3-083,1982-05-01,14427.400000000007
NN3-083,1982-06-01,14427.400000000007
NN3-083,1982-07-01,14427.400000000007
NN3-083,1982-08-01,14427.400000000007
NN3-083,1982-09-01,14427.400000000007
NN3-083,1982-10-01,836.3199999999999
NN3-083,1982-11-01,836.3199999999999
NN3-083,1982-12-01,836.3199999999999
NN3-083,1983-01-01,14427.400000000007
NN3-083,1983-02-01,836.3199999999999
NN3-083,1983-03-01,14427.400000000007
NN3-083,1983-04-01,14427.400000000007
NN3-083,1983-05-01,14427.400000000007
NN3-083,1983-06-01,14427.400000000007
NN3-083,1983-07-01,836.3199999999999
NN3-083,1983-08-01,14427.400000000007
NN3-083,1983-09-01,14427.400000000007
NN3-083,1983-10-01,14427.400000000007
NN3-083,1983-11-01,14427.400000000007
NN3-083,1983-12-01,836.3199999999999
NN3-083,1984-01-01,836.3199999999999
NN3-083,1984-02-01,836.3199999999999
NN3-083,1984-03-01,14427.400000000007
NN3-083,1984-04-01,836.3199999999999
NN3-083,1984-05-01,836.3199999999999
NN3-083,1984-06-01,14427.400000000007
NN3-083,1984-07-01,836.3199999999999
NN3-083,1984-08-01,14427.400000000007
NN3-083,1984-09-01,14427.400000000007
NN3-083,1984-10-01,14427.400000000007
NN3-083,1984-11-01,836.3199999999999
NN3-083,1984-12-01,836.3199999999999
NN3-083,1985-01-01,14427.400000000007
NN3-083,1985-02-01,14427.400000000007
NN3-083,1985-03-01,836.3199999999999
NN3-083,1985-04-01,14427.400000000007
NN3-083,1985-05-01,836.3199999999999
NN3-083,1985-06-01,836.3199999999999
NN3-083,1985-07-01,836.3199999999999
NN3-083,1985-08-01,14427.400000000007
NN3-083,1985-09-01,14427.400000000007
NN3-083,1985-10-01,836.3199999999999
NN3-083,1985-11-01,14427.400000000007
NN3-083,1985-12-01,836.3199999999999
NN3-083,1986-01-01,836.3199999999999
NN3-083,1986-02-01,836.3199999999999
NN3-083,1986-03-01,14427.400000000007
NN3-083,1986-04-01,14427.400000000007
NN3-083,1986-05-01,836.3199999999999
NN3-083,1986-06-01,4813.4338446963975
NN3-083,1986-07-01,836.3199999999999
NN3-083,1986-08-01,14427.400000000007
NN3-083,1986-09-01,14427.400000000007
NN3-083,1986-10-01,14427.400000000007
NN3-083,1986-11-01,836.3199999999999
NN3-083,1986-12-01,836.3199999999999
NN3-083,1987-01-01,14427.400000000007
NN3-083,1987-02-01,836.3199999999999
NN3-083,1987-03-01,14427.400000000007
NN3-083,1987-04-01,14427.400000000007
NN3-083,1987-05-01,14427.400000000007
NN3-083,1987-06-01,14427.400000000007
NN3-083,1987-07-01,14427.400000000007
NN3-083,1987-08-01,14427.400000000007
NN3-083,1987-09-01,836.3199999999999
NN3-083,1987-10-01,836.3199999999999
NN3-083,1987-11-01,14427.400000000007
NN3-083,1987-12-01,836.3199999999999
NN3-083,1988-01-01,14427.400000000007
NN3-083,1988-02-01,836.3199999999999
NN3-083,1988-03-01,10972.101390309028
NN3-083,1988-04-01,14427.400000000007
NN3-083,1988-05-01,14427.400000000007
NN3-083,1988-06-01,836.3199999999999
NN3-084,1979-01-01,14427.400000000007
NN3-084,1979-02-01,14427.400000000007
NN3-084,1979-03-01,14427.400000000007
NN3-084,1979-04-01,836.3199999999999
NN3-084,1979-05-01,14427.400000000007
NN3-084,1979-06-01,836.3199999999999
NN3-084,1979-07-01,14427.400000000007
NN3-084,1979-08-01,836.3199999999999
NN3-084,1979-09-01,836.3199999999999
NN3-084,1979-10-01,14427.400000000007
NN3-084,1979-11-01,14427.400000000007
NN3-084,1979-12-01,14427.400000000007
NN3-084,1980-01-01,14427.400000000007
NN3-084,1980-02-01,836.3199999999999
NN3-084,1980-03-01,6465.590947013119
NN3-084,1980-04-01,836.3199999999999
NN3-084,1980-05-01,14427.400000000007
NN3-084,1980-06-01,836.3199999999999
NN3-084,1980-07-01,14427.400000000007
NN3-084,1980-08-01,14427.400000000007
NN3-084,1980-09-01,836.3199999999999
NN3-084,1980-10-01,14427.400000000007
NN3-084,1980-11-01,836.3199999999999
NN3-084,1980-12-01,836.3199999999999
NN3-084,1981-01-01,14427.400000000007
NN3-084,1981-02-01,14427.400000000007
NN3-084,1981-03-01,14427.400000000007
NN3-084,1981-04-01,836.3199999999999
NN3-084,1981-05-01,14427.400000000007
NN3-084,1981-06-01,14427.400000000007
NN3-084,1981-07-01,836.3199999999999
NN3-084,1981-08-01,836.3199999999999
NN3-084,1981-09-01,836.3199999999999
NN3-084,1981-10-01,836.3199999999999
NN3-084,1981-11-01,14427.400000000007
NN3-084,1981-12-01,14427.400000000007
NN3-084,1982-01-01,836.3199999999999
NN3-084,1982-02-01,14427.400000000007
NN3-084,1982-03-01,14427.400000000007
NN3-084,1982-04-01,836.3199999999999
NN3-084,1982-05-01,14427.400000000007
NN3-084,1982-06-01,14427.400000000007
NN3-084,1982-07-01,836.3199999999999
NN3-084,1982-08-01,14427.400000000007
NN3-084,1982-09-01,836.3199999999999
NN3-084,1982-10-01,836.3199999999999
NN3-084,1982-11-01,14427.400000000007
NN3-084,1982-12-01,836.3199999999999
NN3-084,1983-01-01,14427.400000000007
NN3-084,1983-02-01,836.3199999999999
NN3-084,1983-03-01,14427.400000000007
NN3-084,1983-04-01,14427.400000000007
NN3-084,1983-05-01,14427.400000000007
NN3-084,1983-06-01,14427.400000000007
NN3-084,1983-07-01,14427.400000000007
NN3-084,1983-08-01,836.3199999999999
NN3-084,1983-09-01,14427.400000000007
NN3-084,1983-10-01,836.3199999999999
NN3-084,1983-11-01,14427.400000000007
NN3-084,1983-12-01,14427.400000000007
NN3-084,1984-01-01,14427.400000000007
NN3-084,1984-02-01,836.3199999999999
NN3-084,1984-03-01,14427.400000000007
NN3-084,1984-04-01,14427.400000000007
NN3-084,1984-05-01,836.3199999999999
NN3-084,1984-06-01,14427.400000000007
NN3-084,1984-07-01,14427.400000000007
NN3-084,1984-08-01,14427.400000000007
NN3-084,1984-09-01,14427.400000000007
NN3-084,1984-10-01,14427.400000000007
NN3-084,1984-11-01,14427.400000000007
NN3-084,1984-12-01,14427.400000000007
NN3-084,1985-01-01,14427.400000000007
NN3-084,1985-02-01,836.3199999999999
NN3-084,1985-03-01,836.3199999999999
NN3-084,1985-04-01,14427.400000000007
NN3-084,1985-05-01,836.3199999999999
NN3-084,1985-06-01,14427.400000000007
NN3-084,1985-07-01,836.3199999999999
NN3-084,1985-08-01,14427.400000000007
NN3-084,1985-09-01,14427.400000000007
NN3-084,1985-10-01,14427.400000000007
NN3-084,1985-11-01,14427.400000000007
NN3-084,1985-12-01,836.3199999999999
NN3-084,1986-01-01,14427.400000000007
NN3-084,1986-02-01,836.3199999999999
NN3-084,1986-03-01,13905.630292471766
NN3-084,1986-04-01,14427.400000000007
NN3-084,1986-05-01,836.3199999999999
NN3-084,1986-06-01,2935.5470212002238
NN3-084,1986-07-01,836.3199999999999
NN3-084,1986-08-01,836.3199999999999
NN3-084,1986-09-01,836.3199999999999
NN3-084,1986-10-01,14427.400000000007
NN3-084,1986-11-01,836.3199999999999
NN3-084,1986-12-01,14427.400000000007
NN3-084,1987-01-01,14427.400000000007
NN3-084,1987-02-01,14427.400000000007
NN3-084,1987-03-01,836.3199999999999
NN3-084,1987-04-01,836.3199999999999
NN3-084,1987-05-01,836.3199999999999
NN3-084,1987-06-01,14427.400000000007
NN3-084,1987-07-01,14427.400000000007
NN3-084,1987-08-01,14427.400000000007
NN3-084,1987-09-01,14427.400000000007
NN3-084,1987-10-01,836.3199999999999
NN3-084,1987-11-01,14427.400000000007
NN3-084,1987-12-01,836.3199999999999
NN3-084,1988-01-01,836.3199999999999
NN3-084,1988-02-01,836.3199999999999
NN3-085,1979-01-01,836.3199999999999
NN3-085,1979-02-01,836.3199999999999
NN3-085,1979-03-01,14427.400000000007
NN3-085,1979-04-01,836.3199999999999
NN3-085,1979-05-01,836.3199999999999
NN3-085,1979-06-01,836.3199999999999
NN3-085,1979-07-01,14427.400000000007
NN3-085,1979-08-01,836.3199999999999
NN3-085,1979-09-01,14427.400000000007
NN3-085,1979-10-01,14427.400000000007
NN3-085,1979-11-01,14427.400000000007
NN3-085,1979-12-01,14427.400000000007
NN3-085,1980-01-01,836.3199999999999
NN3-085,1980-02-01,836.3199999999999
NN3-085,1980-03-01,14427.400000000007
NN3-085,1980-04-01,836.3199999999999
NN3-085,1980-05-01,14427.400000000007
NN3-085,1980-06-01,14427.400000000007
NN3-085,1980-07-01,14427.400000000007
NN3-085,1980-08-01,14427.400000000007
NN3-085,1980-09-01,14427.400000000007
NN3-085,1980-10-01,836.3199999999999
NN3-085,1980-11-01,14427.400000000007
NN3-085,1980-12-01,14427.400000000007
NN3-085,1981-01-01,836.3199999999999
NN3-085,1981-02-01,1529.304822733644
NN3-085,1981-03-01,14427.400000000007
NN3-085,1981-04-01,14427.400000000007
NN3-085,1981-05-01,836.3199999999999
NN3-085,1981-06-01,836.3199999999999
NN3-085,1981-07-01,836.3199999999999
NN3-085,1981-08-01,836.3199999999999
NN3-085,1981-09-01,836.3199999999999
NN3-085,1981-10-01,14427.400000000007
NN3-085,1981-11-01,836.3199999999999
NN3-085,1981-12-01,836.3199999999999
NN3-085,1982-01-01,836.3199999999999
NN3-085,1982-02-01,14427.400000000007
NN3-085,1982-03-01,836.3199999999999
NN3-085,1982-04-01,836.3199999999999
NN3-085,1982-05-01,836.3199999999999
NN3-085,1982-06-01,14427.400000000007
NN3-085,1982-07-01,14427.400000000007
NN3-085,1982-08-01,836.3199999999999
NN3-085,1982-09-01,14427.400000000007
NN3-085,1982-10-01,14427.400000000007
NN3-085,1982-11-01,14427.400000000007
NN3-085,1982-12-01,14427.400000000007
NN3-085,1983-01-01,836.3199999999999
NN3-085,1983-02-01,836.3199999999999
NN3-085,1983-03-01,836.3199999999999
NN3-085,1983-04-01,14427.400000000007
NN3-085,1983-05-01,14427.400000000007
NN3-085,1983-06-01,14427.400000000007
NN3-085,1983-07-01,14427.400000000007
NN3-085,1983-08-01,14427.400000000007
NN3-085,1983-09-01,836.3199999999999
NN3-085,1983-10-01,14427.400000000007
NN3-085,1983-11-01,14427.400000000007
NN3-085,1983-12-01,836.3199999999999
NN3-085,1984-01-01,14427.400000000007
NN3-085,1984-02-01,14427.400000000007
NN3-085,1984-03-01,836.3199999999999
NN3-085,1984-04-01,14427.400000000007
NN3-085,1984-05-01,836.3199999999999
NN3-085,1984-06-01,836.3199999999999
NN3-085,1984-07-01,836.3199999999999
NN3-085,1984-08-01,14427.400000000007
NN3-085,1984-09-01,836.3199999999999
NN3-085,1984-10-01,14427.400000000007
NN3-085,1984-11-01,836.3199999999999
NN3-085,1984-12-01,836.3199999999999
NN3-085,1985-01-01,836.3199999999999
NN3-085,1985-02-01,14427.400000000007
NN3-085,1985-03-01,836.3199999999999
NN3-085,1985-04-01,14427.400000000007
NN3-085,1985-05-01,14427.400000000007
NN3-085,1985-06-01,14427.400000000007
NN3-085,1985-07-01,11636.376654513118
NN3-085,1985-08-01,836.3199999999999
NN3-085,1985-09-01,14427.400000000007
NN3-085,1985-10-01,836.3199999999999
NN3-085,1985-11-01,836.3199999999999
NN3-085,1985-12-01,836.3199999999999
NN3-085,1986-01-01,836.3199999999999
NN3-085,1986-02-01,14427.400000000007
NN3-085,1986-03-01,14427.400000000007
NN3-085,1986-04-01,836.3199999999999
NN3-085,1986-05-01,836.3199999999999
NN3-085,1986-06-01,14427.400000000007
NN3-085,1986-07-01,836.3199999999999
NN3-085,1986-08-01,836.3199999999999
NN3-085,1986-09-01,836.3199999999999
NN3-085,1986-10-01,836.3199999999999
NN3-085,1986-11-01,14427.400000000007
NN3-085,1986-12-01,14427.400000000007
NN3-085,1987-01-01,14427.400000000007
NN3-085,1987-02-01,836.3199999999999
NN3-085,1987-03-01,14427.400000000007
NN3-085,1987-04-01,836.3199999999999
NN3-085,1987-05-01,14427.400000000007
NN3-085,1987-06-01,836.3199999999999
NN3-085,1987-07-01,14427.400000000007
NN3-085,1987-08-01,14427.400000000007
NN3-085,1987-09-01,14427.400000000007
NN3-085,1987-10-01,836.3199999999999
NN3-085,1987-11-01,14427.400000000007
NN3-085,1987-12-01,14427.400000000007
NN3-085,1988-01-01,14427.400000000007
NN3-085,1988-02-01,14427.400000000007
NN3-085,1988-03-01,836.3199999999999
NN3-085,1988-04-01,14427.400000000007
NN3-085,1988-05-01,14427.400000000007
NN3-085,1988-06-01,14427.400000000007
NN3-086,1979-01-01,836.3199999999999
NN3-086,1979-02-01,14427.400000000007
NN3-086,1979-03-01,4353.829988106671
NN3-086,1979-04-01,836.3199999999999
NN3-086,1979-05-01,14427.400000000007
NN3-086,1979-06-01,14427.400000000007
NN3-086,1979-07-01,14427.400000000007
NN3-086,1979-08-01,836.3199999999999
NN3-086,1979-09-01,14427.400000000007
NN3-086,1979-10-01,14427.400000000007
NN3-086,1979-11-01,14427.400000000007
NN3-086,1979-12-01,14427.400000000007
NN3-086,1980-01-01,836.3199999999999
NN3-086,1980-02-01,836.3199999999999
NN3-086,1980-03-01,14427.400000000007
NN3-086,1980-04-01,836.3199999999999
NN3-086,1980-05-01,14427.400000000007
NN3-086,1980-06-01,14427.400000000007
NN3-086,1980-07-01,2214.41967967902
NN3-086,1980-08-01,836.3199999999999
NN3-086,1980-09-01,836.3199999999999
NN3-086,1980-10-01,14427.400000000007
NN3-086,1980-11-01,836.3199999999999
NN3-086,1980-12-01,836.3199999999999
NN3-086,1981-01-01,836.3199999999999
NN3-086,1981-02-01,836.3199999999999
NN3-086,1981-03-01,14427.400000000007
NN3-086,1981-04-01,836.3199999999999
NN3-086,1981-05-01,14427.400000000007
NN3-086,1981-06-01,836.3199999999999
NN3-086,1981-07-01,836.3199999999999
NN3-086,1981-08-01,836.3199999999999
NN3-086,1981-09-01,836.3199999999999
NN3-086,1981-10-01,836.3199999999999
NN3-086,1981-11-01,14427.400000000007
NN3-086,1981-12-01,836.3199999999999
NN3-086,1982-01-01,14427.400000000007
NN3-086,1982-02-01,14427.400000000007
NN3-086,1982-03-01,836.3199999999999
NN3-086,1982-04-01,14427.400000000007
NN3-086,1982-05-01,836.3199999999999
NN3-086,1982-06-01,14427.400000000007
NN3-086,1982-07-01,836.3199999999999
NN3-086,1982-08-01,14427.400000000007
NN3-086,1982-09-01,14427.400000000007
NN3-086,1982-10-01,14427.400000000007
NN3-086,1982-11-01,836.3199999999999
NN3-086,1982-12-01,836.3199999999999
NN3-086,1983-01-01,836.3199999999999
NN3-086,1983-02-01,14427.400000000007
NN3-086,1983-03-01,14427.400000000007
NN3-086,1983-04-01,14427.400000000007
NN3-086,1983-05-01,14427.400000000007
NN3-086,1983-06-01,836.3199999999999
NN3-086,1983-07-01,14427.400000000007
NN3-086,1983-08-01,14427.400000000007
NN3-086,1983-09-01,836.3199999999999
NN3-086,1983-10-01,836.3199999999999
NN3-086,1983-11-01,14427.400000000007
NN3-086,1983-12-01,14427.400000000007
NN3-086,1984-01-01,14427.400000000007
NN3-086,1984-02-01,836.3199999999999
NN3-086,1984-03-01,14427.400000000007
NN3-086,1984-04-01,14427.400000000007
NN3-086,1984-05-01,836.3199999999999
NN3-086,1984-06-01,14427.400000000007
NN3-086,1984-07-01,14427.400000000007
NN3-086,1984-08-01,14427.400000000007
NN3-086,1984-09-01,14427.400000000007
NN3-086,1984-10-01,836.3199999999999
NN3-086,1984-11-01,14427.400000000007
NN3-086,1984-12-01,836.3199999999999
NN3-086,1985-01-01,836.3199999999999
NN3-086,1985-02-01,836.3199999999999
NN3-086,1985-03-01,836.3199999999999
NN3-086,1985-04-01,836.3199999999999
NN3-086,1985-05-01,836.3199999999999
NN3-086,1985-06-01,14427.400000000007
NN3-086,1985-07-01,836.3199999999999
NN3-086,1985-08-01,836.3199999999999
NN3-086,1985-09-01,14427.400000000007
NN3-086,1985-10-01,836.3199999999999
NN3-086,1985-11-01,836.3199999999999
NN3-086,1985-12-01,836.3199999999999
NN3-086,1986-01-01,14427.400000000007
NN3-086,1986-02-01,14427.400000000007
NN3-086,1986-03-01,14427.400000000007
NN3-086,1986-04-01,836.3199999999999
NN3-086,1986-05-01,14427.400000000007
NN3-086,1986-06-01,14427.400000000007
NN3-086,1986-07-01,14427.400000000007
NN3-086,1986-08-01,14427.400000000007
NN3-086,1986-09-01,14427.400000000007
NN3-086,1986-10-01,14427.400000000007
NN3-086,1986-11-01,14427.400000000007
NN3-086,1986-12-01,14427.400000000007
NN3-086,1987-01-01,836.3199999999999
NN3-086,1987-02-01,14427.400000000007
NN3-086,1987-03-01,836.3199999999999
NN3-086,1987-04-01,836.3199999999999
NN3-086,1987-05-01,14427.400000000007
NN3-086,1987-06-01,14427.400000000007
NN3-086,1987-07-01,14427.400000000007
NN3-086,1987-08-01,836.3199999999999
NN3-086,1987-09-01,14427.400000000007
NN3-086,1987-10-01,836.3199999999999
NN3-086,1987-11-01,14427.400000000007
NN3-086,1987-12-01,836.3199999999999
NN3-086,1988-01-01,14427.400000000007
NN3-086,1988-02-01,14427.400000000007
NN3-086,1988-03-01,836.3199999999999
NN3-086,1988-04-01,836.3199999999999
NN3-086,1988-05-01,836.3199999999999
NN3-086,1988-06-01,14427.400000000007
NN3-087,1982-01-01,836.3199999999999
NN3-087,1982-02-01,14427.400000000007
NN3-087,1982-03-01,14427.400000000007
NN3-087,1982-04-01,836.3199999999999
NN3-087,1982-05-01,836.3199999999999
NN3-087,1982-06-01,14427.400000000007
NN3-087,1982-07-01,14427.400000000007
NN3-087,1982-08-01,14427.400000000007
NN3-087,1982-09-01,14427.400000000007
NN3-087,1982-10-01,14427.400000000007
NN3-087,1982-11-01,836.3199999999999
NN3-087,1982-12-01,836.3199999999999
NN3-087,1983-01-01,836.3199999999999
NN3-087,1983-02-01,836.3199999999999
NN3-087,1983-03-01,14427.400000000007
NN3-087,1983-04-01,836.3199999999999
NN3-087,1983-05-01,836.3199999999999
NN3-087,1983-06-01,836.3199999999999
NN3-087,1983-07-01,836.3199999999999
NN3-087,1983-08-01,14427.400000000007
NN3-087,1983-09-01,10599.655101422331
NN3-087,1983-10-01,836.3199999999999
NN3-087,1983-11-01,836.3199999999999
NN3-087,1983-12-01,14427.400000000007
NN3-087,1984-01-01,14427.400000000007
NN3-087,1984-02-01,836.3199999999999
NN3-087,1984-03-01,14427.400000000007
NN3-087,1984-04-01,836.3199999999999
NN3-087,1984-05-01,836.3199999999999
NN3-087,1984-06-01,836.3199999999999
NN3-087,1984-07-01,836.3199999999999
NN3-087,1984-08-01,836.3199999999999
NN3-087,1984-09-01,836.3199999999999
NN3-087,1984-10-01,836.3199999999999
NN3-087,1984-11-01,14427.400000000007
NN3-087,1984-12-01,14427.400000000007
NN3-087,1985-01-01,14427.400000000007
NN3-087,1985-02-01,14427.400000000007
NN3-087,1985-03-01,14427.400000000007
NN3-087,1985-04-01,14427.400000000007
NN3-087,1985-05-01,836.3199999999999
NN3-087,1985-06-01,5080.772795495048
NN3-087,1985-07-01,14427.400000000007
NN3-087,1985-08-01,836.3199999999999
NN3-087,1985-09-01,836.3199999999999
NN3-087,1985-10-01,836.3199999999999
NN3-087,1985-11-01,836.3199999999999
NN3-087,1985-12-01,836.3199999999999
NN3-087,1986-01-01,14427.400000000007
NN3-087,1986-02-01,14427.400000000007
NN3-087,1986-03-01,14427.400000000007
NN3-087,1986-04-01,14427.400000000007
NN3-087,1986-05-01,836.3199999999999
NN3-087,1986-06-01,836.3199999999999
NN3-087,1986-07-01,14427.400000000007
NN3-087,1986-08-01,14427.400000000007
NN3-087,1986-09-01,14427.400000000007
NN3-087,1986-10-01,14427.400000000007
NN3-087,1986-11-01,14427.400000000007
NN3-087,1986-12-01,885.3661340168119
NN3-087,1987-01-01,14427.400000000007
NN3-087,1987-02-01,836.3199999999999
NN3-087,1987-03-01,836.3199999999999
NN3-087,1987-04-01,14427.400000000007
NN3-087,1987-05-01,14427.400000000007
NN3-087,1987-06-01,836.3199999999999
NN3-087,1987-07-01,14427.400000000007
NN3-087,1987-08-01,836.3199999999999
NN3-087,1987-09-01,14427.400000000007
NN3-087,1987-10-01,14427.400000000007
NN3-087,1987-11-01,836.3199999999999
NN3-087,1987-12-01,14427.400000000007
NN3-087,1988-01-01,836.3199999999999
NN3-087,1988-02-01,836.3199999999999
NN3-087,1988-03-01,836.3199999999999
NN3-087,1988-04-01,836.3199999999999
NN3-087,1988-05-01,14427.400000000007
NN3-087,1988-06-01,836.3199999999999
NN3-087,1988-07-01,14427.400000000007
NN3-087,1988-08-01,836.3199999999999
NN3-087,1988-09-01,14427.400000000007
NN3-087,1988-10-01,14427.400000000007
NN3-087,1988-11-01,836.3199999999999
NN3-087,1988-12-01,836.3199999999999
NN3-087,1989-01-01,836.3199999999999
NN3-087,1989-02-01,836.3199999999999
NN3-087,1989-03-01,836.3199999999999
NN3-087,1989-04-01,14427.400000000007
NN3-087,1989-05-01,14427.400000000007
NN3-087,1989-06-01,836.3199999999999
NN3-087,1989-07-01,14427.400000000007
NN3-087,1989-08-01,4402.07671365189
NN3-087,1989-09-01,14427.400000000007
NN3-087,1989-10-01,14427.400000000007
NN3-087,1989-11-01,14427.400000000007
NN3-087,1989-12-01,836.3199999999999
NN3-087,1990-01-01,14427.400000000007
NN3-087,1990-02-01,14427.400000000007
NN3-087,1990-03-01,14427.400000000007
NN3-087,1990-04-01,836.3199999999999
NN3-087,1990-05-01,14427.400000000007
NN3-087,1990-06-01,14427.400000000007
NN3-087,1990-07-01,836.3199999999999
NN3-087,1990-08-01,836.3199999999999
NN3-087,1990-09-01,14427.400000000007
NN3-087,1990-10-01,836.3199999999999
NN3-087,1990-11-01,836.3199999999999
NN3-087,1990-12-01,836.3199999999999
NN3-087,1991-01-01,836.3199999999999
NN3-088,1977-01-01,836.3199999999999
NN3-088,1977-02-01,14427.400000000007
NN3-088,1977-03-01,836.3199999999999
NN3-088,1977-04-01,14427.400000000007
NN3-088,1977-05-01,14427.400000000007
NN3-088,1977-06-01,14427.400000000007
NN3-088,1977-07-01,14427.400000000007
NN3-088,1977-08-01,14427.400000000007
NN3-088,1977-09-01,836.3199999999999
NN3-088,1977-10-01,14427.400000000007
NN3-088,1977-11-01,836.3199999999999
NN3-088,1977-12-01,836.3199999999999
NN3-088,1978-01-01,836.3199999999999
NN3-088,1978-02-01,14427.400000000007
NN3-088,1978-03-01,14427.400000000007
NN3-088,1978-04-01,836.3199999999999
NN3-088,1978-05-01,836.3199999999999
NN3-088,1978-06-01,14427.400000000007
NN3-088,1978-07-01,14427.400000000007
NN3-088,1978-08-01,14427.400000000007
NN3-088,1978-09-01,836.3199999999999
NN3-088,1978-10-01,14427.400000000007
NN3-088,1978-11-01,836.3199999999999
NN3-088,1978-12-01,14427.400000000007
NN3-088,1979-01-01,14427.400000000007
NN3-088,1979-02-01,14427.400000000007
NN3-088,1979-03-01,14427.400000000007
NN3-088,1979-04-01,836.3199999999999
NN3-088,1979-05-01,836.3199999999999
NN3-088,1979-06-01,14427.400000000007
NN3-088,1979-07-01,14427.400000000007
NN3-088,1979-08-01,14427.400000000007
NN3-088,1979-09-01,836.3199999999999
NN3-088,1979-10-01,14427.400000000007
NN3-088,1979-11-01,14427.400000000007
NN3-088,1979-12-01,836.3199999999999
NN3-088,1980-01-01,14427.400000000007
NN3-088,1980-02-01,14427.400000000007
NN3-088,1980-03-01,836.3199999999999
NN3-088,1980-04-01,14427.400000000007
NN3-088,1980-05-01,836.3199999999999
NN3-088,1980-06-01,14427.400000000007
NN3-088,1980-07-01,14427.400000000007
NN3-088,1980-08-01,14427.400000000007
NN3-088,1980-09-01,836.3199999999999
NN3-088,1980-10-01,836.3199999999999
NN3-088,1980-11-01,836.3199999999999
NN3-088,1980-12-01,836.3199999999999
NN3-088,1981-01-01,14427.400000000007
NN3-088,1981-02-01,3287.15786339846
NN3-088,1981-03-01,9728.438731993916
NN3-088,1981-04-01,14427.400000000007
NN3-088,1981-05-01,836.3199999999999
NN3-088,1981-06-01,14427.400000000007
NN3-088,1981-07-01,836.3199999999999
NN3-088,1981-08-01,14427.400000000007
NN3-088,1981-09-01,14365.770672968574
NN3-088,1981-10-01,14427.400000000007
NN3-088,1981-11-01,836.3199999999999
NN3-088,1981-12-01,14427.400000000007
NN3-088,1982-01-01,836.3199999999999
NN3-088,1982-02-01,14427.400000000007
NN3-088,1982-03-01,14427.400000000007
NN3-088,1982-04-01,14427.400000000007
NN3-088,1982-05-01,836.3199999999999
NN3-088,1982-06-01,836.3199999999999
NN3-089,1981-01-01,14427.400000000007
NN3-089,1981-02-01,14427.400000000007
NN3-089,1981-03-01,836.3199999999999
NN3-089,1981-04-01,836.3199999999999
NN3-089,1981-05-01,836.3199999999999
NN3-089,1981-06-01,836.3199999999999
NN3-089,1981-07-01,14427.400000000007
NN3-089,1981-08-01,14427.400000000007
NN3-089,1981-09-01,836.3199999999999
NN3-089,1981-10-01,836.3199999999999
NN3-089,1981-11-01,14427.400000000007
NN3-089,1981-12-01,14427.400000000007
NN3-089,1982-01-01,836.3199999999999
NN3-089,1982-02-01,836.3199999999999
NN3-089,1982-03-01,836.3199999999999
NN3-089,1982-04-01,5280.035959186825
NN3-089,1982-05-01,836.3199999999999
NN3-089,1982-06-01,836.3199999999999
NN3-089,1982-07-01,836.3199999999999
NN3-089,1982-08-01,14427.400000000007
NN3-089,1982-09-01,14427.400000000007
NN3-089,1982-10-01,836.3199999999999
NN3-089,1982-11-01,14427.400000000007
NN3-089,1982-12-01,14427.400000000007
NN3-089,1983-01-01,836.3199999999999
NN3-089,1983-02-01,14427.400000000007
NN3-089,1983-03-01,14427.400000000007
NN3-089,1983-04-01,14427.400000000007
NN3-089,1983-05-01,836.3199999999999
NN3-089,1983-06-01,14427.400000000007
NN3-089,1983-07-01,14427.400000000007
NN3-089,1983-08-01,14427.400000000007
NN3-089,1983-09-01,14427.400000000007
NN3-089,1983-10-01,836.3199999999999
NN3-089,1983-11-01,14427.400000000007
NN3-089,1983-12-01,14427.400000000007
NN3-089,1984-01-01,836.3199999999999
NN3-089,1984-02-01,14427.400000000007
NN3-089,1984-03-01,14427.400000000007
NN3-089,1984-04-01,14427.400000000007
NN3-089,1984-05-01,9245.612048502844
NN3-089,1984-06-01,14427.400000000007
NN3-089,1984-07-01,14427.400000000007
NN3-089,1984-08-01,836.3199999999999
NN3-089,1984-09-01,836.3199999999999
NN3-089,1984-10-01,14427.400000000007
NN3-089,1984-11-01,836.3199999999999
NN3-089,1984-12-01,14427.400000000007
NN3-089,1985-01-01,836.3199999999999
NN3-089,1985-02-01,836.3199999999999
NN3-089,1985-03-01,836.3199999999999
NN3-089,1985-04-01,836.3199999999999
NN3-089,1985-05-01,14427.400000000007
NN3-089,1985-06-01,14427.400000000007
NN3-089,1985-07-01,836.3199999999999
NN3-089,1985-08-01,836.3199999999999
NN3-089,1985-09-01,836.3199999999999
NN3-089,1985-10-01,836.3199999999999
NN3-089,1985-11-01,14427.400000000007
NN3-089,1985-12-01,14427.400000000007
NN3-089,1986-01-01,836.3199999999999
NN3-089,1986-02-01,836.3199999999999
NN3-089,1986-03-01,836.3199999999999
NN3-089,1986-04-01,1261.0249446568805
NN3-089,1986-05-01,14427.400000000007
NN3-089,1986-06-01,836.3199999999999
NN3-089,1986-07-01,836.3199999999999
NN3-089,1986-08-01,14427.400000000007
NN3-089,1986-09-01,836.3199999999999
NN3-089,1986-10-01,14427.400000000007
NN3-089,1986-11-01,14427.400000000007
NN3-089,1986-12-01,836.3199999999999
NN3-089,1987-01-01,836.3199999999999
NN3-089,1987-02-01,836.3199999999999
NN3-089,1987-03-01,14427.400000000007
NN3-089,1987-04-01,836.3199999999999
NN3-089,1987-05-01,14427.400000000007
NN3-089,1987-06-01,14427.400000000007
NN3-089,1987-07-01,836.3199999999999
NN3-089,1987-08-01,14427.400000000007
NN3-089,1987-09-01,14427.400000000007
NN3-089,1987-10-01,14427.400000000007
NN3-089,1987-11-01,14427.400000000007
NN3-089,1987-12-01,836.3199999999999
NN3-089,1988-01-01,14427.400000000007
NN3-089,1988-02-01,836.3199999999999
NN3-089,1988-03-01,836.3199999999999
NN3-089,1988-04-01,836.3199999999999
NN3-089,1988-05-01,836.3199999999999
NN3-089,1988-06-01,14427.400000000007
NN3-089,1988-07-01,14427.400000000007
NN3-089,1988-08-01,836.3199999999999
NN3-089,1988-09-01,836.3199999999999
NN3-089,1988-10-01,14427.400000000007
NN3-089,1988-11-01,14427.400000000007
NN3-089,1988-12-01,836.3199999999999
NN3-089,1989-01-01,1334.366040488408
NN3-089,1989-02-01,14427.400000000007
NN3-089,1989-03-01,14427.400000000007
NN3-089,1989-04-01,14427.400000000007
NN3-089,1989-05-01,836.3199999999999
NN3-089,1989-06-01,836.3199999999999
NN3-089,1989-07-01,14427.400000000007
NN3-089,1989-08-01,836.3199999999999
NN3-089,1989-09-01,14427.400000000007
NN3-089,1989-10-01,14427.400000000007
NN3-089,1989-11-01,14427.400000000007
NN3-089,1989-12-01,836.3199999999999
NN3-089,1990-01-01,14427.400000000007
NN3-089,1990-02-01,836.3199999999999
NN3-089,1990-03-01,836.3199999999999
NN3-089,1990-04-01,836.3199999999999
NN3-089,1990-05-01,836.3199999999999
NN3-089,1990-06-01,836.3199999999999
NN3-090,1982-01-01,836.3199999999999
NN3-090,1982-02-01,14427.400000000007
NN3-090,1982-03-01,14427.400000000007
NN3-090,1982-04-01,836.3199999999999
NN3-090,1982-05-01,836.3199999999999
NN3-090,1982-06-01,14427.400000000007
NN3-090,1982-07-01,14427.400000000007
NN3-090,1982-08-01,14427.400000000007
NN3-090,1982-09-01,14427.400000000007
NN3-090,1982-10-01,836.3199999999999
NN3-090,1982-11-01,14427.400000000007
NN3-090,1982-12-01,14427.400000000007
NN3-090,1983-01-01,836.3199999999999
NN3-090,1983-02-01,14427.400000000007
NN3-090,1983-03-01,14427.400000000007
NN3-090,1983-04-01,836.3199999999999
NN3-090,1983-05-01,14427.400000000007
NN3-090,1983-06-01,836.3199999999999
NN3-090,1983-07-01,14427.400000000007
NN3-090,1983-08-01,14427.400000000007
NN3-090,1983-09-01,14427.400000000007
NN3-090,1983-10-01,14427.400000000007
NN3-090,1983-11-01,836.3199999999999
NN3-090,1983-12-01,14427.400000000007
NN3-090,1984-01-01,14427.400000000007
NN3-090,1984-02-01,836.3199999999999
NN3-090,1984-03-01,836.3199999999999
NN3-090,1984-04-01,14427.400000000007
NN3-090,1984-05-01,836.3199999999999
NN3-090,1984-06-01,14427.400000000007
NN3-090,1984-07-01,836.3199999999999
NN3-090,1984-08-01,836.3199999999999
NN3-090,1984-09-01,14427.400000000007
NN3-090,1984-10-01,14427.400000000007
NN3-090,1984-11-01,14427.400000000007
NN3-090,1984-12-01,836.3199999999999
NN3-090,1985-01-01,836.3199999999999
NN3-090,1985-02-01,14427.400000000007
NN3-090,1985-03-01,14427.400000000007
NN3-090,1985-04-01,14427.400000000007
NN3-090,1985-05-01,14427.400000000007
NN3-090,1985-06-01,836.3199999999999
NN3-090,1985-07-01,14427.400000000007
NN3-090,1985-08-01,14427.400000000007
NN3-090,1985-09-01,14427.400000000007
NN3-090,1985-10-01,14427.400000000007
NN3-090,1985-11-01,836.3199999999999
NN3-090,1985-12-01,836.3199999999999
NN3-090,1986-01-01,14427.400000000007
NN3-090,1986-02-01,14427.400000000007
NN3-090,1986-03-01,836.3199999999999
NN3-090,1986-04-01,14427.400000000007
NN3-090,1986-05-01,14427.400000000007
NN3-090,1986-06-01,14427.400000000007
NN3-090,1986-07-01,836.3199999999999
NN3-090,1986-08-01,14427.400000000007
NN3-090,1986-09-01,836.3199999999999
NN3-090,1986-10-01,14427.400000000007
NN3-090,1986-11-01,836.3199999999999
NN3-090,1986-12-01,14427.400000000007
NN3-090,1987-01-01,836.3199999999999
NN3-090,1987-02-01,836.3199999999999
NN3-090,1987-03-01,836.3199999999999
NN3-090,1987-04-01,836.3199999999999
NN3-090,1987-05-01,14427.400000000007
NN3-090,1987-06-01,14427.400000000007
NN3-090,1987-07-01,14427.400000000007
NN3-090,1987-08-01,836.3199999999999
NN3-090,1987-09-01,836.3199999999999
NN3-090,1987-10-01,14427.400000000007
NN3-090,1987-11-01,836.3199999999999
NN3-090,1987-12-01,836.3199999999999
NN3-090,1988-01-01,14427.400000000007
NN3-090,1988-02-01,14427.400000000007
NN3-090,1988-03-01,14427.400000000007
NN3-090,1988-04-01,836.3199999999999
NN3-090,1988-05-01,836.3199999999999
NN3-090,1988-06-01,836.3199999999999
NN3-090,1988-07-01,836.3199999999999
NN3-090,1988-08-01,836.3199999999999
NN3-090,1988-09-01,836.3199999999999
NN3-090,1988-10-01,14427.400000000007
NN3-090,1988-11-01,14427.400000000007
NN3-090,1988-12-01,14427.400000000007
NN3-090,1989-01-01,836.3199999999999
NN3-090,1989-02-01,14427.400000000007
NN3-090,1989-03-01,14427.400000000007
NN3-090,1989-04-01,14427.400000000007
NN3-090,1989-05-01,836.3199999999999
NN3-090,1989-06-01,836.3199999999999
NN3-090,1989-07-01,14427.400000000007
NN3-090,1989-08-01,836.3199999999999
NN3-090,1989-09-01,14427.400000000007
NN3-090,1989-10-01,836.3199999999999
NN3-090,1989-11-01,10906.83016772543
NN3-090,1989-12-01,836.3199999999999
NN3-090,1990-01-01,836.3199999999999
NN3-090,1990-02-01,836.3199999999999
NN3-090,1990-03-01,14427.400000000007
NN3-090,1990-04-01,836.3199999999999
NN3-090,1990-05-01,836.3199999999999
NN3-090,1990-06-01,836.3199999999999
NN3-090,1990-07-01,14427.400000000007
NN3-090,1990-08-01,14427.400000000007
NN3-090,1990-09-01,836.3199999999999
NN3-090,1990-10-01,836.3199999999999
NN3-090,1990-11-01,836.3199999999999
NN3-090,1990-12-01,14427.400000000007
NN3-090,1991-01-01,14427.400000000007
NN3-090,1991-02-01,14427.400000000007
NN3-090,1991-03-01,14427.400000000007
NN3-090,1991-04-01,14427.400000000007
NN3-090,1991-05-01,836.3199999999999
NN3-090,1991-06-01,14427.400000000007
NN3-091,1982-12-01,14427.400000000007
NN3-091,1983-01-01,14427.400000000007
NN3-091,1983-02-01,836.3199999999999
NN3-091,1983-03-01,14427.400000000007
NN3-091,1983-04-01,836.3199999999999
NN3-091,1983-05-01,14427.400000000007
NN3-091,1983-06-01,14427.400000000007
NN3-091,1983-07-01,836.3199999999999
NN3-091,1983-08-01,14427.400000000007
NN3-091,1983-09-01,14427.400000000007
NN3-091,1983-10-01,14427.400000000007
NN3-091,1983-11-01,836.3199999999999
NN3-091,1983-12-01,836.3199999999999
NN3-091,1984-01-01,836.3199999999999
NN3-091,1984-02-01,836.3199999999999
NN3-091,1984-03-01,836.3199999999999
NN3-091,1984-04-01,836.3199999999999
NN3-091,1984-05-01,836.3199999999999
NN3-091,1984-06-01,836.3199999999999
NN3-091,1984-07-01,836.3199999999999
NN3-091,1984-08-01,14427.400000000007
NN3-091,1984-09-01,836.3199999999999
NN3-091,1984-10-01,14427.400000000007
NN3-091,1984-11-01,836.3199999999999
NN3-091,1984-12-01,836.3199999999999
NN3-091,1985-01-01,14427.400000000007
NN3-091,1985-02-01,836.3199999999999
NN3-091,1985-03-01,836.3199999999999
NN3-091,1985-04-01,14427.400000000007
NN3-091,1985-05-01,836.3199999999999
NN3-091,1985-06-01,836.3199999999999
NN3-091,1985-07-01,14427.400000000007
NN3-091,1985-08-01,836.3199999999999
NN3-091,1985-09-01,836.3199999999999
NN3-091,1985-10-01,14427.400000000007
NN3-091,1985-11-01,836.3199999999999
NN3-091,1985-12-01,14427.400000000007
NN3-091,1986-01-01,14427.400000000007
NN3-091,1986-02-01,14427.400000000007
NN3-091,1986-03-01,14427.400000000007
NN3-091,1986-04-01,836.3199999999999
NN3-091,1986-05-01,836.3199999999999
NN3-091,1986-06-01,836.3199999999999
NN3-091,1986-07-01,836.3199999999999
NN3-091,1986-08-01,836.3199999999999
NN3-091,1986-09-01,14427.400000000007
NN3-091,1986-10-01,836.3199999999999
NN3-091,1986-11-01,836.3199999999999
NN3-091,1986-12-01,14427.400000000007
NN3-091,1987-01-01,14427.400000000007
NN3-091,1987-02-01,14427.400000000007
NN3-091,1987-03-01,836.3199999999999
NN3-091,1987-04-01,14427.400000000007
NN3-091,1987-05-01,836.3199999999999
NN3-091,1987-06-01,14427.400000000007
NN3-091,1987-07-01,14427.400000000007
NN3-091,1987-08-01,836.3199999999999
NN3-091,1987-09-01,14427.400000000007
NN3-091,1987-10-01,836.3199999999999
NN3-091,1987-11-01,14427.400000000007
NN3-091,1987-12-01,836.3199999999999
NN3-091,1988-01-01,14427.400000000007
NN3-091,1988-02-01,14427.400000000007
NN3-091,1988-03-01,836.3199999999999
NN3-091,1988-04-01,836.3199999999999
NN3-091,1988-05-01,836.3199999999999
NN3-091,1988-06-01,836.3199999999999
NN3-091,1988-07-01,14427.400000000007
NN3-091,1988-08-01,14427.400000000007
NN3-091,1988-09-01,14427.400000000007
NN3-091,1988-10-01,836.3199999999999
NN3-091,1988-11-01,14427.400000000007
NN3-091,1988-12-01,836.3199999999999
NN3-091,1989-01-01,14427.400000000007
NN3-091,1989-02-01,14427.400000000007
NN3-091,1989-03-01,836.3199999999999
NN3-091,1989-04-01,836.3199999999999
NN3-091,1989-05-01,836.3199999999999
NN3-091,1989-06-01,10085.440807373954
NN3-091,1989-07-01,14427.400000000007
NN3-091,1989-08-01,14427.400000000007
NN3-091,1989-09-01,14427.400000000007
NN3-091,1989-10-01,836.3199999999999
NN3-091,1989-11-01,14427.400000000007
NN3-091,1989-12-01,836.3199999999999
NN3-091,1990-01-01,836.3199999999999
NN3-091,1990-02-01,14427.400000000007
NN3-091,1990-03-01,14427.400000000007
NN3-091,1990-04-01,14427.400000000007
NN3-091,1990-05-01,14427.400000000007
NN3-091,1990-06-01,14427.400000000007
NN3-091,1990-07-01,14427.400000000007
NN3-091,1990-08-01,836.3199999999999
NN3-091,1990-09-01,836.3199999999999
NN3-091,1990-10-01,14427.400000000007
NN3-091,1990-11-01,836.3199999999999
NN3-091,1990-12-01,836.3199999999999
NN3-091,1991-01-01,836.3199999999999
NN3-091,1991-02-01,836.3199999999999
NN3-091,1991-03-01,14427.400000000007
NN3-091,1991-04-01,836.3199999999999
NN3-091,1991-05-01,836.3199999999999
NN3-091,1991-06-01,14427.400000000007
NN3-091,1991-07-01,14427.400000000007
NN3-092,1983-01-01,836.3199999999999
NN3-092,1983-02-01,836.3199999999999
NN3-092,1983-03-01,836.3199999999999
NN3-092,1983-04-01,836.3199999999999
NN3-092,1983-05-01,14427.400000000007
NN3-092,1983-06-01,836.3199999999999
NN3-092,1983-07-01,14427.400000000007
NN3-092,1983-08-01,14427.400000000007
NN3-092,1983-09-01,836.3199999999999
NN3-092,1983-10-01,836.3199999999999
NN3-092,1983-11-01,836.3199999999999
NN3-092,1983-12-01,836.3199999999999
NN3-092,1984-01-01,836.3199999999999
NN3-092,1984-02-01,14427.400000000007
NN3-092,1984-03-01,836.3199999999999
NN3-092,1984-04-01,14427.400000000007
NN3-092,1984-05-01,836.3199999999999
NN3-092,1984-06-01,14427.400000000007
NN3-092,1984-07-01,836.3199999999999
NN3-092,1984-08-01,836.3199999999999
NN3-092,1984-09-01,836.3199999999999
NN3-092,1984-10-01,14427.400000000007
NN3-092,1984-11-01,14427.400000000007
NN3-092,1984-12-01,836.3199999999999
NN3-092,1985-01-01,836.3199999999999
NN3-092,1985-02-01,14427.400000000007
NN3-092,1985-03-01,14427.400000000007
NN3-092,1985-04-01,836.3199999999999
NN3-092,1985-05-01,14427.400000000007
NN3-092,1985-06-01,14427.400000000007
NN3-092,1985-07-01,836.3199999999999
NN3-092,1985-08-01,836.3199999999999
NN3-092,1985-09-01,836.3199999999999
NN3-092,1985-10-01,836.3199999999999
NN3-092,1985-11-01,14427.400000000007
NN3-092,1985-12-01,836.3199999999999
NN3-092,1986-01-01,14427.400000000007
NN3-092,1986-02-01,836.3199999999999
NN3-092,1986-03-01,836.3199999999999
NN3-092,1986-04-01,836.3199999999999
NN3-092,1986-05-01,836.3199999999999
NN3-092,1986-06-01,14427.400000000007
NN3-092,1986-07-01,14427.400000000007
NN3-092,1986-08-01,836.3199999999999
NN3-092,1986-09-01,836.3199999999999
NN3-092,1986-10-01,836.3199999999999
NN3-092,1986-11-01,14427.400000000007
NN3-092,1986-12-01,836.3199999999999
NN3-092,1987-01-01,14427.400000000007
NN3-092,1987-02-01,836.3199999999999
NN3-092,1987-03-01,836.3199999999999
NN3-092,1987-04-01,14427.400000000007
NN3-092,1987-05-01,14427.400000000007
NN3-092,1987-06-01,14427.400000000007
NN3-092,1987-07-01,836.3199999999999
NN3-092,1987-08-01,14427.400000000007
NN3-092,1987-09-01,836.3199999999999
NN3-092,1987-10-01,836.3199999999999
NN3-092,1987-11-01,14427.400000000007
NN3-092,1987-12-01,14427.400000000007
NN3-092,1988-01-01,836.3199999999999
NN3-092,1988-02-01,14427.400000000007
NN3-092,1988-03-01,14427.400000000007
NN3-092,1988-04-01,836.3199999999999
NN3-092,1988-05-01,836.3199999999999
NN3-092,1988-06-01,836.3199999999999
NN3-092,1988-07-01,836.3199999999999
NN3-092,1988-08-01,836.3199999999999
NN3-092,1988-09-01,14427.400000000007
NN3-092,1988-10-01,14427.400000000007
NN3-092,1988-11-01,14427.400000000007
NN3-092,1988-12-01,14427.400000000007
NN3-092,1989-01-01,836.3199999999999
NN3-092,1989-02-01,836.3199999999999
NN3-092,1989-03-01,14427.400000000007
NN3-092,1989-04-01,836.3199999999999
NN3-092,1989-05-01,14427.400000000007
NN3-092,1989-06-01,14427.400000000007
NN3-092,1989-07-01,836.3199999999999
NN3-092,1989-08-01,836.3199999999999
NN3-092,1989-09-01,836.3199999999999
NN3-092,1989-10-01,836.3199999999999
NN3-092,1989-11-01,14427.400000000007
NN3-092,1989-12-01,836.3199999999999
NN3-092,1990-01-01,14427.400000000007
NN3-092,1990-02-01,836.3199999999999
NN3-092,1990-03-01,836.3199999999999
NN3-092,1990-04-01,14427.400000000007
NN3-092,1990-05-01,14427.400000000007
NN3-092,1990-06-01,836.3199999999999
NN3-092,1990-07-01,836.3199999999999
NN3-092,1990-08-01,14427.400000000007
NN3-092,1990-09-01,836.3199999999999
NN3-092,1990-10-01,14427.400000000007
NN3-092,1990-11-01,836.3199999999999
NN3-092,1990-12-01,836.3199999999999
NN3-092,1991-01-01,14427.400000000007
NN3-092,1991-02-01,836.3199999999999
NN3-092,1991-03-01,14427.400000000007
NN3-092,1991-04-01,836.3199999999999
NN3-092,1991-05-01,14427.400000000007
NN3-092,1991-06-01,14427.400000000007
NN3-092,1991-07-01,14427.400000000007
NN3-093,1978-01-01,10149.691353992206
NN3-093,1978-02-01,836.3199999999999
NN3-093,1978-03-01,836.3199999999999
NN3-093,1978-04-01,14427.400000000007
NN3-093,1978-05-01,836.3199999999999
NN3-093,1978-06-01,836.3199999999999
NN3-093,1978-07-01,14427.400000000007
NN3-093,1978-08-01,14427.400000000007
NN3-093,1978-09-01,836.3199999999999
NN3-093,1978-10-01,14427.400000000007
NN3-093,1978-11-01,14427.400000000007
NN3-093,1978-12-01,14427.400000000007
NN3-093,1979-01-01,836.3199999999999
NN3-093,1979-02-01,14427.400000000007
NN3-093,1979-03-01,14427.400000000007
NN3-093,1979-04-01,836.3199999999999
NN3-093,1979-05-01,836.3199999999999
NN3-093,1979-06-01,836.3199999999999
NN3-093,1979-07-01,836.3199999999999
NN3-093,1979-08-01,836.3199999999999
NN3-093,1979-09-01,836.3199999999999
NN3-093,1979-10-01,14427.400000000007
NN3-093,1979-11-01,14427.400000000007
NN3-093,1979-12-01,14427.400000000007
NN3-093,1980-01-01,836.3199999999999
NN3-093,1980-02-01,836.3199999999999
NN3-093,1980-03-01,14427.400000000007
NN3-093,1980-04-01,14427.400000000007
NN3-093,1980-05-01,836.3199999999999
NN3-093,1980-06-01,14427.400000000007
NN3-093,1980-07-01,14427.400000000007
NN3-093,1980-08-01,14427.400000000007
NN3-093,1980-09-01,14427.400000000007
NN3-093,1980-10-01,836.3199999999999
NN3-093,1980-11-01,14427.400000000007
NN3-093,1980-12-01,836.3199999999999
NN3-093,1981-01-01,14427.400000000007
NN3-093,1981-02-01,14427.400000000007
NN3-093,1981-03-01,14427.400000000007
NN3-093,1981-04-01,836.3199999999999
NN3-093,1981-05-01,836.3199999999999
NN3-093,1981-06-01,836.3199999999999
NN3-093,1981-07-01,14427.400000000007
NN3-093,1981-08-01,836.3199999999999
NN3-093,1981-09-01,836.3199999999999
NN3-093,1981-10-01,836.3199999999999
NN3-093,1981-11-01,836.3199999999999
NN3-093,1981-12-01,14427.400000000007
NN3-093,1982-01-01,836.3199999999999
NN3-093,1982-02-01,14427.400000000007
NN3-093,1982-03-01,836.3199999999999
NN3-093,1982-04-01,14427.400000000007
NN3-093,1982-05-01,14427.400000000007
NN3-093,1982-06-01,14427.400000000007
NN3-093,1982-07-01,836.3199999999999
NN3-093,1982-08-01,14427.400000000007
NN3-093,1982-09-01,14427.400000000007
NN3-093,1982-10-01,14427.400000000007
NN3-093,1982-11-01,14427.400000000007
NN3-093,1982-12-01,836.3199999999999
NN3-093,1983-01-01,14427.400000000007
NN3-093,1983-02-01,836.3199999999999
NN3-093,1983-03-01,14427.400000000007
NN3-093,1983-04-01,836.3199999999999
NN3-093,1983-05-01,14427.400000000007
NN3-093,1983-06-01,14427.400000000007
NN3-093,1983-07-01,14427.400000000007
NN3-093,1983-08-01,836.3199999999999
NN3-093,1983-09-01,14427.400000000007
NN3-093,1983-10-01,14427.400000000007
NN3-093,1983-11-01,836.3199999999999
NN3-093,1983-12-01,836.3199999999999
NN3-093,1984-01-01,836.3199999999999
NN3-093,1984-02-01,14427.400000000007
NN3-093,1984-03-01,836.3199999999999
NN3-093,1984-04-01,836.3199999999999
NN3-093,1984-05-01,836.3199999999999
NN3-093,1984-06-01,14427.400000000007
NN3-093,1984-07-01,836.3199999999999
NN3-093,1984-08-01,836.3199999999999
NN3-093,1984-09-01,836.3199999999999
NN3-093,1984-10-01,836.3199999999999
NN3-093,1984-11-01,836.3199999999999
NN3-093,1984-12-01,836.3199999999999
NN3-093,1985-01-01,836.3199999999999
NN3-093,1985-02-01,14427.400000000007
NN3-093,1985-03-01,14427.400000000007
NN3-093,1985-04-01,14427.400000000007
NN3-093,1985-05-01,14427.400000000007
NN3-093,1985-06-01,836.3199999999999
NN3-093,1985-07-01,836.3199999999999
NN3-093,1985-08-01,4167.69099866007
NN3-093,1985-09-01,14427.400000000007
NN3-093,1985-10-01,14427.400000000007
NN3-093,1985-11-01,14427.400000000007
NN3-093,1985-12-01,836.3199999999999
NN3-093,1986-01-01,14427.400000000007
NN3-093,1986-02-01,14427.400000000007
NN3-093,1986-03-01,836.3199999999999
NN3-093,1986-04-01,836.3199999999999
NN3-093,1986-05-01,836.3199999999999
NN3-093,1986-06-01,836.3199999999999
NN3-093,1986-07-01,836.3199999999999
NN3-093,1986-08-01,14427.400000000007
NN3-093,1986-09-01,14427.400000000007
NN3-093,1986-10-01,836.3199999999999
NN3-093,1986-11-01,836.3199999999999
NN3-093,1986-12-01,14427.400000000007
NN3-093,1987-01-01,836.3199999999999
NN3-093,1987-02-01,836.3199999999999
NN3-093,1987-03-01,14427.400000000007
NN3-093,1987-04-01,14427.400000000007
NN3-093,1987-05-01,836.3199999999999
NN3-093,1987-06-01,14427.400000000007
NN3-094,1983-01-01,14427.400000000007
NN3-094,1983-02-01,14427.400000000007
NN3-094,1983-03-01,836.3199999999999
NN3-094,1983-04-01,14427.400000000007
NN3-094,1983-05-01,836.3199999999999
NN3-094,1983-06-01,836.3199999999999
NN3-094,1983-07-01,836.3199999999999
NN3-094,1983-08-01,14427.400000000007
NN3-094,1983-09-01,14427.400000000007
NN3-094,1983-10-01,14427.400000000007
NN3-094,1983-11-01,836.3199999999999
NN3-094,1983-12-01,14427.400000000007
NN3-094,1984-01-01,836.3199999999999
NN3-094,1984-02-01,836.3199999999999
NN3-094,1984-03-01,836.3199999999999
NN3-094,1984-04-01,14427.400000000007
NN3-094,1984-05-01,14427.400000000007
NN3-094,1984-06-01,836.3199999999999
NN3-094,1984-07-01,836.3199999999999
NN3-094,1984-08-01,14427.400000000007
NN3-094,1984-09-01,14427.400000000007
NN3-094,1984-10-01,836.3199999999999
NN3-094,1984-11-01,836.3199999999999
NN3-094,1984-12-01,836.3199999999999
NN3-094,1985-01-01,836.3199999999999
NN3-094,1985-02-01,836.3199999999999
NN3-094,1985-03-01,836.3199999999999
NN3-094,1985-04-01,14427.400000000007
NN3-094,1985-05-01,14427.400000000007
NN3-094,1985-06-01,14427.400000000007
NN3-094,1985-07-01,14427.400000000007
NN3-094,1985-08-01,14427.400000000007
NN3-094,1985-09-01,836.3199999999999
NN3-094,1985-10-01,836.3199999999999
NN3-094,1985-11-01,14427.400000000007
NN3-094,1985-12-01,836.3199999999999
NN3-094,1986-01-01,14427.400000000007
NN3-094,1986-02-01,14427.400000000007
NN3-094,1986-03-01,836.3199999999999
NN3-094,1986-04-01,836.3199999999999
NN3-094,1986-05-01,836.3199999999999
NN3-094,1986-06-01,14427.400000000007
NN3-094,1986-07-01,14427.400000000007
NN3-094,1986-08-01,14275.033221124873
NN3-094,1986-09-01,14427.400000000007
NN3-094,1986-10-01,14427.400000000007
NN3-094,1986-11-01,14427.400000000007
NN3-094,1986-12-01,14427.400000000007
NN3-094,1987-01-01,14427.400000000007
NN3-094,1987-02-01,14427.400000000007
NN3-094,1987-03-01,836.3199999999999
NN3-094,1987-04-01,836.3199999999999
NN3-094,1987-05-01,14427.400000000007
NN3-094,1987-06-01,14427.400000000007
NN3-094,1987-07-01,14427.400000000007
NN3-094,1987-08-01,1455.5453948832746
NN3-094,1987-09-01,14427.400000000007
NN3-094,1987-10-01,836.3199999999999
NN3-094,1987-11-01,836.3199999999999
NN3-094,1987-12-01,14427.400000000007
NN3-094,1988-01-01,836.3199999999999
NN3-094,1988-02-01,836.3199999999999
NN3-094,1988-03-01,14427.400000000007
NN3-094,1988-04-01,836.3199999999999
NN3-094,1988-05-01,14427.400000000007
NN3-094,1988-06-01,836.3199999999999
NN3-094,1988-07-01,14427.400000000007
NN3-094,1988-08-01,14427.400000000007
NN3-094,1988-09-01,836.3199999999999
NN3-094,1988-10-01,14427.400000000007
NN3-094,1988-11-01,836.3199999999999
NN3-094,1988-12-01,14427.400000000007
NN3-094,1989-01-01,14427.400000000007
NN3-094,1989-02-01,836.3199999999999
NN3-094,1989-03-01,836.3199999999999
NN3-094,1989-04-01,14427.400000000007
NN3-094,1989-05-01,14427.400000000007
NN3-094,1989-06-01,836.3199999999999
NN3-094,1989-07-01,14427.400000000007
NN3-094,1989-08-01,14427.400000000007
NN3-094,1989-09-01,836.3199999999999
NN3-094,1989-10-01,14427.400000000007
NN3-094,1989-11-01,14427.400000000007
NN3-094,1989-12-01,836.3199999999999
NN3-094,1990-01-01,14427.400000000007
NN3-094,1990-02-01,836.3199999999999
NN3-094,1990-03-01,14427.400000000007
NN3-094,1990-04-01,14427.400000000007
NN3-094,1990-05-01,836.3199999999999
NN3-094,1990-06-01,836.3199999999999
NN3-094,1990-07-01,14427.400000000007
NN3-094,1990-08-01,836.3199999999999
NN3-094,1990-09-01,14427.400000000007
NN3-094,1990-10-01,14427.400000000007
NN3-094,1990-11-01,836.3199999999999
NN3-094,1990-12-01,14427.400000000007
NN3-094,1991-01-01,836.3199999999999
NN3-094,1991-02-01,14427.400000000007
NN3-094,1991-03-01,14091.288806148865
NN3-094,1991-04-01,14427.400000000007
NN3-094,1991-05-01,836.3199999999999
NN3-094,1991-06-01,836.3199999999999
NN3-094,1991-07-01,14427.400000000007
NN3-094,1991-08-01,14427.400000000007
NN3-095,1978-01-01,836.3199999999999
NN3-095,1978-02-01,836.3199999999999
NN3-095,1978-03-01,14427.400000000007
NN3-095,1978-04-01,836.3199999999999
NN3-095,1978-05-01,14427.400000000007
NN3-095,1978-06-01,836.3199999999999
NN3-095,1978-07-01,14427.400000000007
NN3-095,1978-08-01,836.3199999999999
NN3-095,1978-09-01,836.3199999999999
NN3-095,1978-10-01,836.3199999999999
NN3-095,1978-11-01,14427.400000000007
NN3-095,1978-12-01,836.3199999999999
NN3-095,1979-01-01,14427.400000000007
NN3-095,1979-02-01,14427.400000000007
NN3-095,1979-03-01,836.3199999999999
NN3-095,1979-04-01,836.3199999999999
NN3-095,1979-05-01,836.3199999999999
NN3-095,1979-06-01,836.3199999999999
NN3-095,1979-07-01,14427.400000000007
NN3-095,1979-08-01,14427.400000000007
NN3-095,1979-09-01,836.3199999999999
NN3-095,1979-10-01,14427.400000000007
NN3-095,1979-11-01,836.3199999999999
NN3-095,1979-12-01,836.3199999999999
NN3-095,1980-01-01,14427.400000000007
NN3-095,1980-02-01,836.3199999999999
NN3-095,1980-03-01,836.3199999999999
NN3-095,1980-04-01,836.3199999999999
NN3-095,1980-05-01,836.3199999999999
NN3-095,1980-06-01,836.3199999999999
NN3-095,1980-07-01,14427.400000000007
NN3-095,1980-08-01,836.3199999999999
NN3-095,1980-09-01,836.3199999999999
NN3-095,1980-10-01,14427.400000000007
NN3-095,1980-11-01,14427.400000000007
NN3-095,1980-12-01,836.3199999999999
NN3-095,1981-01-01,836.3199999999999
NN3-095,1981-02-01,14427.400000000007
NN3-095,1981-03-01,836.3199999999999
NN3-095,1981-04-01,14427.400000000007
NN3-095,1981-05-01,836.3199999999999
NN3-095,1981-06-01,14427.400000000007
NN3-095,1981-07-01,836.3199999999999
NN3-095,1981-08-01,14427.400000000007
NN3-095,1981-09-01,14427.400000000007
NN3-095,1981-10-01,836.3199999999999
NN3-095,1981-11-01,836.3199999999999
NN3-095,1981-12-01,14427.400000000007
NN3-095,1982-01-01,836.3199999999999
NN3-095,1982-02-01,14427.400000000007
NN3-095,1982-03-01,836.3199999999999
NN3-095,1982-04-01,14427.400000000007
NN3-095,1982-05-01,836.3199999999999
NN3-095,1982-06-01,14427.400000000007
NN3-095,1982-07-01,14427.400000000007
NN3-095,1982-08-01,836.3199999999999
NN3-095,1982-09-01,14427.400000000007
NN3-095,1982-10-01,7449.8997797474
NN3-095,1982-11-01,836.3199999999999
NN3-095,1982-12-01,14427.400000000007
NN3-095,1983-01-01,836.3199999999999
NN3-095,1983-02-01,836.3199999999999
NN3-095,1983-03-01,14427.400000000007
NN3-095,1983-04-01,14427.400000000007
NN3-095,1983-05-01,836.3199999999999
NN3-095,1983-06-01,836.3199999999999
NN3-095,1983-07-01,14427.400000000007
NN3-095,1983-08-01,14427.400000000007
NN3-095,1983-09-01,14427.400000000007
NN3-095,1983-10-01,836.3199999999999
NN3-095,1983-11-01,836.3199999999999
NN3-095,1983-12-01,836.3199999999999
NN3-095,1984-01-01,14427.400000000007
NN3-095,1984-02-01,836.3199999999999
NN3-095,1984-03-01,836.3199999999999
NN3-095,1984-04-01,836.3199999999999
NN3-095,1984-05-01,14427.400000000007
NN3-095,1984-06-01,14427.400000000007
NN3-095,1984-07-01,14427.400000000007
NN3-095,1984-08-01,836.3199999999999
NN3-095,1984-09-01,836.3199999999999
NN3-095,1984-10-01,836.3199999999999
NN3-095,1984-11-01,836.3199999999999
NN3-095,1984-12-01,14427.400000000007
NN3-095,1985-01-01,836.3199999999999
NN3-095,1985-02-01,836.3199999999999
NN3-095,1985-03-01,836.3199999999999
NN3-095,1985-04-01,836.3199999999999
NN3-095,1985-05-01,836.3199999999999
NN3-095,1985-06-01,836.3199999999999
NN3-095,1985-07-01,14427.400000000007
NN3-095,1985-08-01,836.3199999999999
NN3-095,1985-09-01,836.3199999999999
NN3-095,1985-10-01,14427.400000000007
NN3-095,1985-11-01,836.3199999999999
NN3-095,1985-12-01,836.3199999999999
NN3-095,1986-01-01,13034.303711576824
NN3-095,1986-02-01,836.3199999999999
NN3-095,1986-03-01,14427.400000000007
NN3-095,1986-04-01,836.3199999999999
NN3-095,1986-05-01,14427.400000000007
NN3-095,1986-06-01,836.3199999999999
NN3-095,1986-07-01,14427.400000000007
NN3-095,1986-08-01,14427.400000000007
NN3-095,1986-09-01,836.3199999999999
NN3-095,1986-10-01,836.3199999999999
NN3-095,1986-11-01,14427.400000000007
NN3-095,1986-12-01,836.3199999999999
NN3-095,1987-01-01,14427.400000000007
NN3-095,1987-02-01,2215.94915172309
NN3-095,1987-03-01,836.3199999999999
NN3-095,1987-04-01,14427.400000000007
NN3-095,1987-05-01,836.3199999999999
NN3-095,1987-06-01,14427.400000000007
NN3-096,1978-01-01,836.3199999999999
NN3-096,1978-02-01,836.3199999999999
NN3-096,1978-03-01,836.3199999999999
NN3-096,1978-04-01,836.3199999999999
NN3-096,1978-05-01,14427.400000000007
NN3-096,1978-06-01,836.3199999999999
NN3-096,1978-07-01,836.3199999999999
NN3-096,1978-08-01,836.3199999999999
NN3-096,1978-09-01,14427.400000000007
NN3-096,1978-10-01,836.3199999999999
NN3-096,1978-11-01,836.3199999999999
NN3-096,1978-12-01,836.3199999999999
NN3-096,1979-01-01,5723.921079747485
NN3-096,1979-02-01,14427.400000000007
NN3-096,1979-03-01,14427.400000000007
NN3-096,1979-04-01,836.3199999999999
NN3-096,1979-05-01,836.3199999999999
NN3-096,1979-06-01,4688.318475604634
NN3-096,1979-07-01,14427.400000000007
NN3-096,1979-08-01,836.3199999999999
NN3-096,1979-09-01,14427.400000000007
NN3-096,1979-10-01,14427.400000000007
NN3-096,1979-11-01,836.3199999999999
NN3-096,1979-12-01,836.3199999999999
NN3-096,1980-01-01,836.3199999999999
NN3-096,1980-02-01,836.3199999999999
NN3-096,1980-03-01,14427.400000000007
NN3-096,1980-04-01,14427.400000000007
NN3-096,1980-05-01,836.3199999999999
NN3-096,1980-06-01,14427.400000000007
NN3-096,1980-07-01,836.3199999999999
NN3-096,1980-08-01,14427.400000000007
NN3-096,1980-09-01,14427.400000000007
NN3-096,1980-10-01,836.3199999999999
NN3-096,1980-11-01,836.3199999999999
NN3-096,1980-12-01,836.3199999999999
NN3-096,1981-01-01,14427.400000000007
NN3-096,1981-02-01,836.3199999999999
NN3-096,1981-03-01,14427.400000000007
NN3-096,1981-04-01,836.3199999999999
NN3-096,1981-05-01,836.3199999999999
NN3-096,1981-06-01,14427.400000000007
NN3-096,1981-07-01,836.3199999999999
NN3-096,1981-08-01,14427.400000000007
NN3-096,1981-09-01,836.3199999999999
NN3-096,1981-10-01,836.3199999999999
NN3-096,1981-11-01,14427.400000000007
NN3-096,1981-12-01,836.3199999999999
NN3-096,1982-01-01,14427.400000000007
NN3-096,1982-02-01,836.3199999999999
NN3-096,1982-03-01,14427.400000000007
NN3-096,1982-04-01,14427.400000000007
NN3-096,1982-05-01,836.3199999999999
NN3-096,1982-06-01,14427.400000000007
NN3-096,1982-07-01,14427.400000000007
NN3-096,1982-08-01,14427.400000000007
NN3-096,1982-09-01,836.3199999999999
NN3-096,1982-10-01,836.3199999999999
NN3-096,1982-11-01,14427.400000000007
NN3-096,1982-12-01,836.3199999999999
NN3-096,1983-01-01,14427.400000000007
NN3-096,1983-02-01,14427.400000000007
NN3-096,1983-03-01,836.3199999999999
NN3-096,1983-04-01,836.3199999999999
NN3-096,1983-05-01,14427.400000000007
NN3-096,1983-06-01,836.3199999999999
NN3-096,1983-07-01,836.3199999999999
NN3-096,1983-08-01,14427.400000000007
NN3-096,1983-09-01,14427.400000000007
NN3-096,1983-10-01,836.3199999999999
NN3-096,1983-11-01,836.3199999999999
NN3-096,1983-12-01,14427.400000000007
NN3-096,1984-01-01,14427.400000000007
NN3-096,1984-02-01,836.3199999999999
NN3-096,1984-03-01,836.3199999999999
NN3-096,1984-04-01,836.3199999999999
NN3-096,1984-05-01,14427.400000000007
NN3-096,1984-06-01,836.3199999999999
NN3-096,1984-07-01,14427.400000000007
NN3-096,1984-08-01,836.3199999999999
NN3-096,1984-09-01,14427.400000000007
NN3-096,1984-10-01,836.3199999999999
NN3-096,1984-11-01,14427.400000000007
NN3-096,1984-12-01,836.3199999999999
NN3-096,1985-01-01,14427.400000000007
NN3-096,1985-02-01,14427.400000000007
NN3-096,1985-03-01,836.3199999999999
NN3-096,1985-04-01,836.3199999999999
NN3-096,1985-05-01,14427.400000000007
NN3-096,1985-06-01,14427.400000000007
NN3-096,1985-07-01,836.3199999999999
NN3-096,1985-08-01,14427.400000000007
NN3-096,1985-09-01,836.3199999999999
NN3-096,1985-10-01,836.3199999999999
NN3-096,1985-11-01,836.3199999999999
NN3-096,1985-12-01,14427.400000000007
NN3-096,1986-01-01,14427.400000000007
NN3-096,1986-02-01,836.3199999999999
NN3-096,1986-03-01,14427.400000000007
NN3-096,1986-04-01,14427.400000000007
NN3-096,1986-05-01,14427.400000000007
NN3-096,1986-06-01,836.3199999999999
NN3-096,1986-07-01,14427.400000000007
NN3-096,1986-08-01,14427.400000000007
NN3-096,1986-09-01,836.3199999999999
NN3-096,1986-10-01,14427.400000000007
NN3-096,1986-11-01,836.3199999999999
NN3-096,1986-12-01,3885.095776367306
NN3-096,1987-01-01,836.3199999999999
NN3-096,1987-02-01,836.3199999999999
NN3-096,1987-03-01,14427.400000000007
NN3-096,1987-04-01,14427.400000000007
NN3-096,1987-05-01,14427.400000000007
NN3-096,1987-06-01,6829.258128435274
NN3-097,1978-01-01,836.3199999999999
NN3-097,1978-02-01,836.3199999999999
NN3-097,1978-03-01,836.3199999999999
NN3-097,1978-04-01,14427.400000000007
NN3-097,1978-05-01,836.3199999999999
NN3-097,1978-06-01,836.3199999999999
NN3-097,1978-07-01,14427.400000000007
NN3-097,1978-08-01,14427.400000000007
NN3-097,1978-09-01,836.3199999999999
NN3-097,1978-10-01,836.3199999999999
NN3-097,1978-11-01,14427.400000000007
NN3-097,1978-12-01,14427.400000000007
NN3-097,1979-01-01,14427.400000000007
NN3-097,1979-02-01,14427.400000000007
NN3-097,1979-03-01,14427.400000000007
NN3-097,1979-04-01,14427.400000000007
NN3-097,1979-05-01,12388.074490075009
NN3-097,1979-06-01,836.3199999999999
NN3-097,1979-07-01,14427.400000000007
NN3-097,1979-08-01,14427.400000000007
NN3-097,1979-09-01,836.3199999999999
NN3-097,1979-10-01,14427.400000000007
NN3-097,1979-11-01,14427.400000000007
NN3-097,1979-12-01,836.3199999999999
NN3-097,1980-01-01,836.3199999999999
NN3-097,1980-02-01,14427.400000000007
NN3-097,1980-03-01,836.3199999999999
NN3-097,1980-04-01,836.3199999999999
NN3-097,1980-05-01,14427.400000000007
NN3-097,1980-06-01,836.3199999999999
NN3-097,1980-07-01,14427.400000000007
NN3-097,1980-08-01,836.3199999999999
NN3-097,1980-09-01,836.3199999999999
NN3-097,1980-10-01,836.3199999999999
NN3-097,1980-11-01,836.3199999999999
NN3-097,1980-12-01,14427.400000000007
NN3-097,1981-01-01,14427.400000000007
NN3-097,1981-02-01,14427.400000000007
NN3-097,1981-03-01,836.3199999999999
NN3-097,1981-04-01,14427.400000000007
NN3-097,1981-05-01,14427.400000000007
NN3-097,1981-06-01,836.3199999999999
NN3-097,1981-07-01,836.3199999999999
NN3-097,1981-08-01,836.3199999999999
NN3-097,1981-09-01,14427.400000000007
NN3-097,1981-10-01,14427.400000000007
NN3-097,1981-11-01,836.3199999999999
NN3-097,1981-12-01,836.3199999999999
NN3-097,1982-01-01,14427.400000000007
NN3-097,1982-02-01,14427.400000000007
NN3-097,1982-03-01,14427.400000000007
NN3-097,1982-04-01,14427.400000000007
NN3-097,1982-05-01,14427.400000000007
NN3-097,1982-06-01,836.3199999999999
NN3-097,1982-07-01,836.3199999999999
NN3-097,1982-08-01,836.3199999999999
NN3-097,1982-09-01,14427.400000000007
NN3-097,1982-10-01,14427.400000000007
NN3-097,1982-11-01,14427.400000000007
NN3-097,1982-12-01,14427.400000000007
NN3-097,1983-01-01,836.3199999999999
NN3-097,1983-02-01,836.3199999999999
NN3-097,1983-03-01,836.3199999999999
NN3-097,1983-04-01,836.3199999999999
NN3-097,1983-05-01,14427.400000000007
NN3-097,1983-06-01,836.3199999999999
NN3-097,1983-07-01,14427.400000000007
NN3-097,1983-08-01,14427.400000000007
NN3-097,1983-09-01,14427.400000000007
NN3-097,1983-10-01,836.3199999999999
NN3-097,1983-11-01,14427.400000000007
NN3-097,1983-12-01,14427.400000000007
NN3-097,1984-01-01,14427.400000000007
NN3-097,1984-02-01,836.3199999999999
NN3-097,1984-03-01,836.3199999999999
NN3-097,1984-04-01,5898.271670317937
NN3-097,1984-05-01,836.3199999999999
NN3-097,1984-06-01,836.3199999999999
NN3-097,1984-07-01,14427.400000000007
NN3-097,1984-08-01,14427.400000000007
NN3-097,1984-09-01,14427.400000000007
NN3-097,1984-10-01,14427.400000000007
NN3-097,1984-11-01,14427.400000000007
NN3-097,1984-12-01,14427.400000000007
NN3-097,1985-01-01,13470.846128954352
NN3-097,1985-02-01,14427.400000000007
NN3-097,1985-03-01,9170.541956728794
NN3-097,1985-04-01,836.3199999999999
NN3-097,1985-05-01,14427.400000000007
NN3-097,1985-06-01,14427.400000000007
NN3-097,1985-07-01,836.3199999999999
NN3-097,1985-08-01,14427.400000000007
NN3-097,1985-09-01,14427.400000000007
NN3-097,1985-10-01,836.3199999999999
NN3-097,1985-11-01,14427.400000000007
NN3-097,1985-12-01,14427.400000000007
NN3-097,1986-01-01,836.3199999999999
NN3-097,1986-02-01,14427.400000000007
NN3-097,1986-03-01,836.3199999999999
NN3-097,1986-04-01,14427.400000000007
NN3-097,1986-05-01,836.3199999999999
NN3-097,1986-06-01,836.3199999999999
NN3-097,1986-07-01,14427.400000000007
NN3-097,1986-08-01,14427.400000000007
NN3-097,1986-09-01,836.3199999999999
NN3-097,1986-10-01,836.3199999999999
NN3-097,1986-11-01,836.3199999999999
NN3-097,1986-12-01,14427.400000000007
NN3-097,1987-01-01,836.3199999999999
NN3-097,1987-02-01,14427.400000000007
NN3-097,1987-03-01,14427.400000000007
NN3-097,1987-04-01,836.3199999999999
NN3-097,1987-05-01,14427.400000000007
NN3-097,1987-06-01,836.3199999999999
NN3-098,1978-01-01,836.3199999999999
NN3-098,1978-02-01,14427.400000000007
NN3-098,1978-03-01,836.3199999999999
NN3-098,1978-04-01,14427.400000000007
NN3-098,1978-05-01,14427.400000000007
NN3-098,1978-06-01,14427.400000000007
NN3-098,1978-07-01,14427.400000000007
NN3-098,1978-08-01,836.3199999999999
NN3-098,1978-09-01,836.3199999999999
NN3-098,1978-10-01,14427.400000000007
NN3-098,1978-11-01,14427.400000000007
NN3-098,1978-12-01,14427.400000000007
NN3-098,1979-01-01,14427.400000000007
NN3-098,1979-02-01,14427.400000000007
NN3-098,1979-03-01,836.3199999999999
NN3-098,1979-04-01,14427.400000000007
NN3-098,1979-05-01,836.3199999999999
NN3-098,1979-06-01,836.3199999999999
NN3-098,1979-07-01,14427.400000000007
NN3-098,1979-08-01,836.3199999999999
NN3-098,1979-09-01,836.3199999999999
NN3-098,1979-10-01,14427.400000000007
NN3-098,1979-11-01,836.3199999999999
NN3-098,1979-12-01,836.3199999999999
NN3-098,1980-01-01,14427.400000000007
NN3-098,1980-02-01,836.3199999999999
NN3-098,1980-03-01,836.3199999999999
NN3-098,1980-04-01,836.3199999999999
NN3-098,1980-05-01,14427.400000000007
NN3-098,1980-06-01,14427.400000000007
NN3-098,1980-07-01,14427.400000000007
NN3-098,1980-08-01,836.3199999999999
NN3-098,1980-09-01,836.3199999999999
NN3-098,1980-10-01,836.3199999999999
NN3-098,1980-11-01,836.3199999999999
NN3-098,1980-12-01,836.3199999999999
NN3-098,1981-01-01,14427.400000000007
NN3-098,1981-02-01,836.3199999999999
NN3-098,1981-03-01,14427.400000000007
NN3-098,1981-04-01,836.3199999999999
NN3-098,1981-05-01,14427.400000000007
NN3-098,1981-06-01,14427.400000000007
NN3-098,1981-07-01,836.3199999999999
NN3-098,1981-08-01,14427.400000000007
NN3-098,1981-09-01,14427.400000000007
NN3-098,1981-10-01,836.3199999999999
NN3-098,1981-11-01,14427.400000000007
NN3-098,1981-12-01,836.3199999999999
NN3-098,1982-01-01,836.3199999999999
NN3-098,1982-02-01,836.3199999999999
NN3-098,1982-03-01,14427.400000000007
NN3-098,1982-04-01,836.3199999999999
NN3-098,1982-05-01,836.3199999999999
NN3-098,1982-06-01,836.3199999999999
NN3-098,1982-07-01,14427.400000000007
NN3-098,1982-08-01,836.3199999999999
NN3-098,1982-09-01,836.3199999999999
NN3-098,1982-10-01,14427.400000000007
NN3-098,1982-11-01,836.3199999999999
NN3-098,1982-12-01,14427.400000000007
NN3-098,1983-01-01,14427.400000000007
NN3-098,1983-02-01,6483.423378268331
NN3-098,1983-03-01,14427.400000000007
NN3-098,1983-04-01,14427.400000000007
NN3-098,1983-05-01,14427.400000000007
NN3-098,1983-06-01,14427.400000000007
NN3-098,1983-07-01,14427.400000000007
NN3-098,1983-08-01,836.3199999999999
NN3-098,1983-09-01,14427.400000000007
NN3-098,1983-10-01,14427.400000000007
NN3-098,1983-11-01,14427.400000000007
NN3-098,1983-12-01,836.3199999999999
NN3-098,1984-01-01,836.3199999999999
NN3-098,1984-02-01,14427.400000000007
NN3-098,1984-03-01,14427.400000000007
NN3-098,1984-04-01,836.3199999999999
NN3-098,1984-05-01,12895.821208197642
NN3-098,1984-06-01,14427.400000000007
NN3-098,1984-07-01,14427.400000000007
NN3-098,1984-08-01,14427.400000000007
NN3-098,1984-09-01,14427.400000000007
NN3-098,1984-10-01,836.3199999999999
NN3-098,1984-11-01,836.3199999999999
NN3-098,1984-12-01,836.3199999999999
NN3-098,1985-01-01,836.3199999999999
NN3-098,1985-02-01,836.3199999999999
NN3-098,1985-03-01,14427.400000000007
NN3-098,1985-04-01,836.3199999999999
NN3-098,1985-05-01,4075.978021109351
NN3-098,1985-06-01,836.3199999999999
NN3-098,1985-07-01,14427.400000000007
NN3-098,1985-08-01,836.3199999999999
NN3-098,1985-09-01,14427.400000000007
NN3-098,1985-10-01,14427.400000000007
NN3-098,1985-11-01,14427.400000000007
NN3-098,1985-12-01,14427.400000000007
NN3-098,1986-01-01,14427.400000000007
NN3-098,1986-02-01,14427.400000000007
NN3-098,1986-03-01,14427.400000000007
NN3-098,1986-04-01,836.3199999999999
NN3-098,1986-05-01,14427.400000000007
NN3-098,1986-06-01,836.3199999999999
NN3-098,1986-07-01,14427.400000000007
NN3-098,1986-08-01,836.3199999999999
NN3-098,1986-09-01,14427.400000000007
NN3-098,1986-10-01,836.3199999999999
NN3-098,1986-11-01,14427.400000000007
NN3-098,1986-12-01,14427.400000000007
NN3-098,1987-01-01,14427.400000000007
NN3-098,1987-02-01,836.3199999999999
NN3-098,1987-03-01,836.3199999999999
NN3-098,1987-04-01,836.3199999999999
NN3-098,1987-05-01,836.3199999999999
NN3-098,1987-06-01,836.3199999999999
NN3-099,1983-01-01,14427.400000000007
NN3-099,1983-02-01,836.3199999999999
NN3-099,1983-03-01,14427.400000000007
NN3-099,1983-04-01,14427.400000000007
NN3-099,1983-05-01,836.3199999999999
NN3-099,1983-06-01,14427.400000000007
NN3-099,1983-07-01,836.3199999999999
NN3-099,1983-08-01,14427.400000000007
NN3-099,1983-09-01,14427.400000000007
NN3-099,1983-10-01,836.3199999999999
NN3-099,1983-11-01,14427.400000000007
NN3-099,1983-12-01,836.3199999999999
NN3-099,1984-01-01,14427.400000000007
NN3-099,1984-02-01,14427.400000000007
NN3-099,1984-03-01,836.3199999999999
NN3-099,1984-04-01,836.3199999999999
NN3-099,1984-05-01,14427.400000000007
NN3-099,1984-06-01,14427.400000000007
NN3-099,1984-07-01,14427.400000000007
NN3-099,1984-08-01,836.3199999999999
NN3-099,1984-09-01,836.3199999999999
NN3-099,1984-10-01,836.3199999999999
NN3-099,1984-11-01,836.3199999999999
NN3-099,1984-12-01,836.3199999999999
NN3-099,1985-01-01,836.3199999999999
NN3-099,1985-02-01,836.3199999999999
NN3-099,1985-03-01,14427.400000000007
NN3-099,1985-04-01,836.3199999999999
NN3-099,1985-05-01,836.3199999999999
NN3-099,1985-06-01,836.3199999999999
NN3-099,1985-07-01,836.3199999999999
NN3-099,1985-08-01,836.3199999999999
NN3-099,1985-09-01,836.3199999999999
NN3-099,1985-10-01,14427.400000000007
NN3-099,1985-11-01,836.3199999999999
NN3-099,1985-12-01,14427.400000000007
NN3-099,1986-01-01,836.3199999999999
NN3-099,1986-02-01,836.3199999999999
NN3-099,1986-03-01,836.3199999999999
NN3-099,1986-04-01,14427.400000000007
NN3-099,1986-05-01,836.3199999999999
NN3-099,1986-06-01,836.3199999999999
NN3-099,1986-07-01,836.3199999999999
NN3-099,1986-08-01,836.3199999999999
NN3-099,1986-09-01,14427.400000000007
NN3-099,1986-10-01,14427.400000000007
NN3-099,1986-11-01,836.3199999999999
NN3-099,1986-12-01,14427.400000000007
NN3-099,1987-01-01,14427.400000000007
NN3-099,1987-02-01,836.3199999999999
NN3-099,1987-03-01,836.3199999999999
NN3-099,1987-04-01,836.3199999999999
NN3-099,1987-05-01,836.3199999999999
NN3-099,1987-06-01,14427.400000000007
NN3-099,1987-07-01,14427.400000000007
NN3-099,1987-08-01,836.3199999999999
NN3-099,1987-09-01,14427.400000000007
NN3-099,1987-10-01,836.3199999999999
NN3-099,1987-11-01,836.3199999999999
NN3-099,1987-12-01,14427.400000000007
NN3-099,1988-01-01,14427.400000000007
NN3-099,1988-02-01,836.3199999999999
NN3-099,1988-03-01,836.3199999999999
NN3-099,1988-04-01,836.3199999999999
NN3-099,1988-05-01,836.3199999999999
NN3-099,1988-06-01,14427.400000000007
NN3-099,1988-07-01,14427.400000000007
NN3-099,1988-08-01,836.3199999999999
NN3-099,1988-09-01,836.3199999999999
NN3-099,1988-10-01,14427.400000000007
NN3-099,1988-11-01,14427.400000000007
NN3-099,1988-12-01,14427.400000000007
NN3-099,1989-01-01,14427.400000000007
NN3-099,1989-02-01,836.3199999999999
NN3-099,1989-03-01,14427.400000000007
NN3-099,1989-04-01,836.3199999999999
NN3-099,1989-05-01,836.3199999999999
NN3-099,1989-06-01,836.3199999999999
NN3-099,1989-07-01,14427.400000000007
NN3-099,1989-08-01,836.3199999999999
NN3-099,1989-09-01,836.3199999999999
NN3-099,1989-10-01,836.3199999999999
NN3-099,1989-11-01,14427.400000000007
NN3-099,1989-12-01,14427.400000000007
NN3-099,1990-01-01,836.3199999999999
NN3-099,1990-02-01,14427.400000000007
NN3-099,1990-03-01,836.3199999999999
NN3-099,1990-04-01,836.3199999999999
NN3-099,1990-05-01,836.3199999999999
NN3-099,1990-06-01,14427.400000000007
NN3-099,1990-07-01,836.3199999999999
NN3-099,1990-08-01,836.3199999999999
NN3-099,1990-09-01,836.3199999999999
NN3-099,1990-10-01,14427.400000000007
NN3-099,1990-11-01,14427.400000000007
NN3-099,1990-12-01,836.3199999999999
NN3-099,1991-01-01,14427.400000000007
NN3-099,1991-02-01,836.3199999999999
NN3-099,1991-03-01,836.3199999999999
NN3-099,1991-04-01,14427.400000000007
NN3-099,1991-05-01,836.3199999999999
NN3-099,1991-06-01,836.3199999999999
NN3-099,1991-07-01,14427.400000000007
NN3-100,1983-01-01,836.3199999999999
NN3-100,1983-02-01,836.3199999999999
NN3-100,1983-03-01,836.3199999999999
NN3-100,1983-04-01,14427.400000000007
NN3-100,1983-05-01,836.3199999999999
NN3-100,1983-06-01,836.3199999999999
NN3-100,1983-07-01,836.3199999999999
NN3-100,1983-08-01,836.3199999999999
NN3-100,1983-09-01,14427.400000000007
NN3-100,1983-10-01,14427.400000000007
NN3-100,1983-11-01,14427.400000000007
NN3-100,1983-12-01,14427.400000000007
NN3-100,1984-01-01,836.3199999999999
NN3-100,1984-02-01,14427.400000000007
NN3-100,1984-03-01,836.3199999999999
NN3-100,1984-04-01,836.3199999999999
NN3-100,1984-05-01,14427.400000000007
NN3-100,1984-06-01,836.3199999999999
NN3-100,1984-07-01,836.3199999999999
NN3-100,1984-08-01,4729.905029050995
NN3-100,1984-09-01,12825.784628410274
NN3-100,1984-10-01,14427.400000000007
NN3-100,1984-11-01,14427.400000000007
NN3-100,1984-12-01,836.3199999999999
NN3-100,1985-01-01,836.3199999999999
NN3-100,1985-02-01,836.3199999999999
NN3-100,1985-03-01,836.3199999999999
NN3-100,1985-04-01,836.3199999999999
NN3-100,1985-05-01,836.3199999999999
NN3-100,1985-06-01,836.3199999999999
NN3-100,1985-07-01,14427.400000000007
NN3-100,1985-08-01,836.3199999999999
NN3-100,1985-09-01,14427.400000000007
NN3-100,1985-10-01,14427.400000000007
NN3-100,1985-11-01,836.3199999999999
NN3-100,1985-12-01,14427.400000000007
NN3-100,1986-01-01,836.3199999999999
NN3-100,1986-02-01,836.3199999999999
NN3-100,1986-03-01,836.3199999999999
NN3-100,1986-04-01,836.3199999999999
NN3-100,1986-05-01,836.3199999999999
NN3-100,1986-06-01,836.3199999999999
NN3-100,1986-07-01,836.3199999999999
NN3-100,1986-08-01,836.3199999999999
NN3-100,1986-09-01,836.3199999999999
NN3-100,1986-10-01,14427.400000000007
NN3-100,1986-11-01,836.3199999999999
NN3-100,1986-12-01,14427.400000000007
NN3-100,1987-01-01,836.3199999999999
NN3-100,1987-02-01,836.3199999999999
NN3-100,1987-03-01,836.3199999999999
NN3-100,1987-04-01,14427.400000000007
NN3-100,1987-05-01,14427.400000000007
NN3-100,1987-06-01,14427.400000000007
NN3-100,1987-07-01,6787.411191443679
NN3-100,1987-08-01,836.3199999999999
NN3-100,1987-09-01,14427.400000000007
NN3-100,1987-10-01,836.3199999999999
NN3-100,1987-11-01,836.3199999999999
NN3-100,1987-12-01,836.3199999999999
NN3-100,1988-01-01,14427.400000000007
NN3-100,1988-02-01,836.3199999999999
NN3-100,1988-03-01,14427.400000000007
NN3-100,1988-04-01,836.3199999999999
NN3-100,1988-05-01,14427.400000000007
NN3-100,1988-06-01,14427.400000000007
NN3-100,1988-07-01,14427.400000000007
NN3-100,1988-08-01,836.3199999999999
NN3-100,1988-09-01,836.3199999999999
NN3-100,1988-10-01,14427.400000000007
NN3-100,1988-11-01,14427.400000000007
NN3-100,1988-12-01,14427.400000000007
NN3-100,1989-01-01,836.3199999999999
NN3-100,1989-02-01,14427.400000000007
NN3-100,1989-03-01,14427.400000000007
NN3-100,1989-04-01,836.3199999999999
NN3-100,1989-05-01,14427.400000000007
NN3-100,1989-06-01,14427.400000000007
NN3-100,1989-07-01,14427.400000000007
NN3-100,1989-08-01,836.3199999999999
NN3-100,1989-09-01,836.3199999999999
NN3-100,1989-10-01,14427.400000000007
NN3-100,1989-11-01,836.3199999999999
NN3-100,1989-12-01,14427.400000000007
NN3-100,1990-01-01,13305.102946730527
NN3-100,1990-02-01,14427.400000000007
NN3-100,1990-03-01,836.3199999999999
NN3-100,1990-04-01,836.3199999999999
NN3-100,1990-05-01,836.3199999999999
NN3-100,1990-06-01,836.3199999999999
NN3-100,1990-07-01,8013.257749554072
NN3-100,1990-08-01,836.3199999999999
NN3-100,1990-09-01,14427.400000000007
NN3-100,1990-10-01,14427.400000000007
NN3-100,1990-11-01,14427.400000000007
NN3-100,1990-12-01,14427.400000000007
NN3-100,1991-01-01,836.3199999999999
NN3-100,1991-02-01,836.3199999999999
NN3-100,1991-03-01,836.3199999999999
NN3-100,1991-04-01,836.3199999999999
NN3-100,1991-05-01,14427.400000000007
NN3-100,1991-06-01,14427.400000000007
NN3-100,1991-07-01,836.3199999999999
NN3-100,1991-08-01,836.3199999999999
NN3_101,1982-01-01,14427.400000000007
NN3_101,1982-02-01,14427.400000000007
NN3_101,1982-03-01,836.3199999999999
NN3_101,1982-04-01,836.3199999999999
NN3_101,1982-05-01,836.3199999999999
NN3_101,1982-06-01,836.3199999999999
NN3_101,1982-07-01,14427.400000000007
NN3_101,1982-08-01,836.3199999999999
NN3_101,1982-09-01,14427.400000000007
NN3_101,1982-10-01,14427.400000000007
NN3_101,1982-11-01,14427.400000000007
NN3_101,1982-12-01,14427.400000000007
NN3_101,1983-01-01,14427.400000000007
NN3_101,1983-02-01,836.3199999999999
NN3_101,1983-03-01,14427.400000000007
NN3_101,1983-04-01,836.3199999999999
NN3_101,1983-05-01,14427.400000000007
NN3_101,1983-06-01,836.3199999999999
NN3_101,1983-07-01,14427.400000000007
NN3_101,1983-08-01,836.3199999999999
NN3_101,1983-09-01,14427.400000000007
NN3_101,1983-10-01,836.3199999999999
NN3_101,1983-11-01,836.3199999999999
NN3_101,1983-12-01,14427.400000000007
NN3_101,1984-01-01,14427.400000000007
NN3_101,1984-02-01,14427.400000000007
NN3_101,1984-03-01,14427.400000000007
NN3_101,1984-04-01,14427.400000000007
NN3_101,1984-05-01,836.3199999999999
NN3_101,1984-06-01,14427.400000000007
NN3_101,1984-07-01,14427.400000000007
NN3_101,1984-08-01,836.3199999999999
NN3_101,1984-09-01,836.3199999999999
NN3_101,1984-10-01,14427.400000000007
NN3_101,1984-11-01,836.3199999999999
NN3_101,1984-12-01,14427.400000000007
NN3_101,1985-01-01,14427.400000000007
NN3_101,1985-02-01,14427.400000000007
NN3_101,1985-03-01,836.3199999999999
NN3_101,1985-04-01,14427.400000000007
NN3_101,1985-05-01,14427.400000000007
NN3_101,1985-06-01,14427.400000000007
NN3_101,1985-07-01,836.3199999999999
NN3_101,1985-08-01,836.3199999999999
NN3_101,1985-09-01,14427.400000000007
NN3_101,1985-10-01,14427.400000000007
NN3_101,1985-11-01,836.3199999999999
NN3_101,1985-12-01,836.3199999999999
NN3_101,1986-01-01,14427.400000000007
NN3_101,1986-02-01,14427.400000000007
NN3_101,1986-03-01,14427.400000000007
NN3_101,1986-04-01,14427.400000000007
NN3_101,1986-05-01,14427.400000000007
NN3_101,1986-06-01,836.3199999999999
NN3_101,1986-07-01,836.3199999999999
NN3_101,1986-08-01,836.3199999999999
NN3_101,1986-09-01,836.3199999999999
NN3_101,1986-10-01,14427.400000000007
NN3_101,1986-11-01,836.3199999999999
NN3_101,1986-12-01,14427.400000000007
NN3_101,1987-01-01,836.3199999999999
NN3_101,1987-02-01,836.3199999999999
NN3_101,1987-03-01,836.3199999999999
NN3_101,1987-04-01,14427.400000000007
NN3_101,1987-05-01,14427.400000000007
NN3_101,1987-06-01,836.3199999999999
NN3_101,1987-07-01,14427.400000000007
NN3_101,1987-08-01,14427.400000000007
NN3_101,1987-09-01,836.3199999999999
NN3_101,1987-10-01,836.3199999999999
NN3_101,1987-11-01,836.3199999999999
NN3_101,1987-12-01,14427.400000000007
NN3_101,1988-01-01,836.3199999999999
NN3_101,1988-02-01,14427.400000000007
NN3_101,1988-03-01,14427.400000000007
NN3_101,1988-04-01,14427.400000000007
NN3_101,1988-05-01,836.3199999999999
NN3_101,1988-06-01,14427.400000000007
NN3_101,1988-07-01,14427.400000000007
NN3_101,1988-08-01,836.3199999999999
NN3_101,1988-09-01,14427.400000000007
NN3_101,1988-10-01,836.3199999999999
NN3_101,1988-11-01,14427.400000000007
NN3_101,1988-12-01,836.3199999999999
NN3_101,1989-01-01,836.3199999999999
NN3_101,1989-02-01,14427.400000000007
NN3_101,1989-03-01,14427.400000000007
NN3_101,1989-04-01,3388.81998188939
NN3_101,1989-05-01,14427.400000000007
NN3_101,1989-06-01,836.3199999999999
NN3_101,1989-07-01,14427.400000000007
NN3_101,1989-08-01,14427.400000000007
NN3_101,1989-09-01,836.3199999999999
NN3_101,1989-10-01,9551.699387099292
NN3_101,1989-11-01,14427.400000000007
NN3_101,1989-12-01,14427.400000000007
NN3_101,1990-01-01,14427.400000000007
NN3_101,1990-02-01,14427.400000000007
NN3_101,1990-03-01,836.3199999999999
NN3_101,1990-04-01,836.3199999999999
NN3_101,1990-05-01,836.3199999999999
NN3_101,1990-06-01,14427.400000000007
NN3_101,1990-07-01,14427.400000000007
NN3_101,1990-08-01,836.3199999999999
NN3_101,1990-09-01,836.3199999999999
NN3_101,1990-10-01,836.3199999999999
NN3_101,1990-11-01,14427.400000000007
NN3_101,1990-12-01,14427.400000000007
NN3_101,1991-01-01,14427.400000000007
NN3_101,1991-02-01,836.3199999999999
NN3_101,1991-03-01,14427.400000000007
NN3_101,1991-04-01,836.3199999999999
NN3_101,1991-05-01,14427.400000000007
NN3_101,1991-06-01,14427.400000000007
NN3_102,1979-01-01,836.3199999999999
NN3_102,1979-02-01,14427.400000000007
NN3_102,1979-03-01,14427.400000000007
NN3_102,1979-04-01,836.3199999999999
NN3_102,1979-05-01,836.3199999999999
NN3_102,1979-06-01,14427.400000000007
NN3_102,1979-07-01,836.3199999999999
NN3_102,1979-08-01,836.3199999999999
NN3_102,1979-09-01,14427.400000000007
NN3_102,1979-10-01,14427.400000000007
NN3_102,1979-11-01,14427.400000000007
NN3_102,1979-12-01,836.3199999999999
NN3_102,1980-01-01,836.3199999999999
NN3_102,1980-02-01,14427.400000000007
NN3_102,1980-03-01,14427.400000000007
NN3_102,1980-04-01,14427.400000000007
NN3_102,1980-05-01,836.3199999999999
NN3_102,1980-06-01,836.3199999999999
NN3_102,1980-07-01,836.3199999999999
NN3_102,1980-08-01,836.3199999999999
NN3_102,1980-09-01,836.3199999999999
NN3_102,1980-10-01,14427.400000000007
NN3_102,1980-11-01,14427.400000000007
NN3_102,1980-12-01,836.3199999999999
NN3_102,1981-01-01,14427.400000000007
NN3_102,1981-02-01,14427.400000000007
NN3_102,1981-03-01,836.3199999999999
NN3_102,1981-04-01,14427.400000000007
NN3_102,1981-05-01,836.3199999999999
NN3_102,1981-06-01,836.3199999999999
NN3_102,1981-07-01,836.3199999999999
NN3_102,1981-08-01,836.3199999999999
NN3_102,1981-09-01,14427.400000000007
NN3_102,1981-10-01,14427.400000000007
NN3_102,1981-11-01,836.3199999999999
NN3_102,1981-12-01,836.3199999999999
NN3_102,1982-01-01,836.3199999999999
NN3_102,1982-02-01,14427.400000000007
NN3_102,1982-03-01,836.3199999999999
NN3_102,1982-04-01,836.3199999999999
NN3_102,1982-05-01,14427.400000000007
NN3_102,1982-06-01,836.3199999999999
NN3_102,1982-07-01,14427.400000000007
NN3_102,1982-08-01,14427.400000000007
NN3_102,1982-09-01,14427.400000000007
NN3_102,1982-10-01,14427.400000000007
NN3_102,1982-11-01,4367.29982705287
NN3_102,1982-12-01,14427.400000000007
NN3_102,1983-01-01,14427.400000000007
NN3_102,1983-02-01,14427.400000000007
NN3_102,1983-03-01,836.3199999999999
NN3_102,1983-04-01,14427.400000000007
NN3_102,1983-05-01,14427.400000000007
NN3_102,1983-06-01,836.3199999999999
NN3_102,1983-07-01,836.3199999999999
NN3_102,1983-08-01,836.3199999999999
NN3_102,1983-09-01,836.3199999999999
NN3_102,1983-10-01,14427.400000000007
NN3_102,1983-11-01,14427.400000000007
NN3_102,1983-12-01,14427.400000000007
NN3_102,1984-01-01,14427.400000000007
NN3_102,1984-02-01,14427.400000000007
NN3_102,1984-03-01,14427.400000000007
NN3_102,1984-04-01,14427.400000000007
NN3_102,1984-05-01,836.3199999999999
NN3_102,1984-06-01,836.3199999999999
NN3_102,1984-07-01,14427.400000000007
NN3_102,1984-08-01,14427.400000000007
NN3_102,1984-09-01,14427.400000000007
NN3_102,1984-10-01,836.3199999999999
NN3_102,1984-11-01,14427.400000000007
NN3_102,1984-12-01,14427.400000000007
NN3_102,1985-01-01,836.3199999999999
NN3_102,1985-02-01,14427.400000000007
NN3_102,1985-03-01,14427.400000000007
NN3_102,1985-04-01,14427.400000000007
NN3_102,1985-05-01,14427.400000000007
NN3_102,1985-06-01,836.3199999999999
NN3_102,1985-07-01,14427.400000000007
NN3_102,1985-08-01,14427.400000000007
NN3_102,1985-09-01,14427.400000000007
NN3_102,1985-10-01,14427.400000000007
NN3_102,1985-11-01,14427.400000000007
NN3_102,1985-12-01,836.3199999999999
NN3_102,1986-01-01,836.3199999999999
NN3_102,1986-02-01,836.3199999999999
NN3_102,1986-03-01,14427.400000000007
NN3_102,1986-04-01,836.3199999999999
NN3_102,1986-05-01,836.3199999999999
NN3_102,1986-06-01,836.3199999999999
NN3_102,1986-07-01,14427.400000000007
NN3_102,1986-08-01,14427.400000000007
NN3_102,1986-09-01,836.3199999999999
NN3_102,1986-10-01,836.3199999999999
NN3_102,1986-11-01,836.3199999999999
NN3_102,1986-12-01,14427.400000000007
NN3_102,1987-01-01,836.3199999999999
NN3_102,1987-02-01,836.3199999999999
NN3_102,1987-03-01,14427.400000000007
NN3_102,1987-04-01,836.3199999999999
NN3_102,1987-05-01,836.3199999999999
NN3_102,1987-06-01,14427.400000000007
NN3_102,1987-07-01,836.3199999999999
NN3_102,1987-08-01,14427.400000000007
NN3_102,1987-09-01,836.3199999999999
NN3_102,1987-10-01,836.3199999999999
NN3_102,1987-11-01,14427.400000000007
NN3_102,1987-12-01,836.3199999999999
NN3_102,1988-01-01,14427.400000000007
NN3_102,1988-02-01,14427.400000000007
NN3_102,1988-03-01,14427.400000000007
NN3_102,1988-04-01,836.3199999999999
NN3_102,1988-05-01,836.3199999999999
NN3_102,1988-06-01,14427.400000000007
NN3_103,1979-01-01,14427.400000000007
NN3_103,1979-02-01,836.3199999999999
NN3_103,1979-03-01,14427.400000000007
NN3_103,1979-04-01,14427.400000000007
NN3_103,1979-05-01,14427.400000000007
NN3_103,1979-06-01,14427.400000000007
NN3_103,1979-07-01,836.3199999999999
NN3_103,1979-08-01,14427.400000000007
NN3_103,1979-09-01,4516.98357214874
NN3_103,1979-10-01,14427.400000000007
NN3_103,1979-11-01,836.3199999999999
NN3_103,1979-12-01,836.3199999999999
NN3_103,1980-01-01,836.3199999999999
NN3_103,1980-02-01,836.3199999999999
NN3_103,1980-03-01,836.3199999999999
NN3_103,1980-04-01,14427.400000000007
NN3_103,1980-05-01,14427.400000000007
NN3_103,1980-06-01,14427.400000000007
NN3_103,1980-07-01,836.3199999999999
NN3_103,1980-08-01,836.3199999999999
NN3_103,1980-09-01,14427.400000000007
NN3_103,1980-10-01,836.3199999999999
NN3_103,1980-11-01,836.3199999999999
NN3_103,1980-12-01,836.3199999999999
NN3_103,1981-01-01,14427.400000000007
NN3_103,1981-02-01,14427.400000000007
NN3_103,1981-03-01,836.3199999999999
NN3_103,1981-04-01,836.3199999999999
NN3_103,1981-05-01,836.3199999999999
NN3_103,1981-06-01,836.3199999999999
NN3_103,1981-07-01,14427.400000000007
NN3_103,1981-08-01,14427.400000000007
NN3_103,1981-09-01,836.3199999999999
NN3_103,1981-10-01,836.3199999999999
NN3_103,1981-11-01,8472.474862690746
NN3_103,1981-12-01,14427.400000000007
NN3_103,1982-01-01,836.3199999999999
NN3_103,1982-02-01,14427.400000000007
NN3_103,1982-03-01,14427.400000000007
NN3_103,1982-04-01,836.3199999999999
NN3_103,1982-05-01,14427.400000000007
NN3_103,1982-06-01,14427.400000000007
NN3_103,1982-07-01,14427.400000000007
NN3_103,1982-08-01,14427.400000000007
NN3_103,1982-09-01,836.3199999999999
NN3_103,1982-10-01,14427.400000000007
NN3_103,1982-11-01,14427.400000000007
NN3_103,1982-12-01,14427.400000000007
NN3_103,1983-01-01,14427.400000000007
NN3_103,1983-02-01,14427.400000000007
NN3_103,1983-03-01,12930.281262545996
NN3_103,1983-04-01,14427.400000000007
NN3_103,1983-05-01,14427.400000000007
NN3_103,1983-06-01,836.3199999999999
NN3_103,1983-07-01,14427.400000000007
NN3_103,1983-08-01,9953.461009881798
NN3_103,1983-09-01,14427.400000000007
NN3_103,1983-10-01,14427.400000000007
NN3_103,1983-11-01,836.3199999999999
NN3_103,1983-12-01,14427.400000000007
NN3_103,1984-01-01,14427.400000000007
NN3_103,1984-02-01,836.3199999999999
NN3_103,1984-03-01,836.3199999999999
NN3_103,1984-04-01,14427.400000000007
NN3_103,1984-05-01,836.3199999999999
NN3_103,1984-06-01,14427.400000000007
NN3_103,1984-07-01,836.3199999999999
NN3_103,1984-08-01,836.3199999999999
NN3_103,1984-09-01,14427.400000000007
NN3_103,1984-10-01,14427.400000000007
NN3_103,1984-11-01,2979.5661669701767
NN3_103,1984-12-01,836.3199999999999
NN3_103,1985-01-01,14427.400000000007
NN3_103,1985-02-01,14427.400000000007
NN3_103,1985-03-01,14427.400000000007
NN3_103,1985-04-01,836.3199999999999
NN3_103,1985-05-01,836.3199999999999
NN3_103,1985-06-01,14427.400000000007
NN3_103,1985-07-01,14427.400000000007
NN3_103,1985-08-01,14427.400000000007
NN3_103,1985-09-01,14427.400000000007
NN3_103,1985-10-01,14427.400000000007
NN3_103,1985-11-01,14427.400000000007
NN3_103,1985-12-01,14427.400000000007
NN3_103,1986-01-01,14427.400000000007
NN3_103,1986-02-01,836.3199999999999
NN3_103,1986-03-01,836.3199999999999
NN3_103,1986-04-01,14427.400000000007
NN3_103,1986-05-01,836.3199999999999
NN3_103,1986-06-01,836.3199999999999
NN3_103,1986-07-01,14427.400000000007
NN3_103,1986-08-01,836.3199999999999
NN3_103,1986-09-01,14427.400000000007
NN3_103,1986-10-01,11523.517513728986
NN3_103,1986-11-01,836.3199999999999
NN3_103,1986-12-01,14427.400000000007
NN3_103,1987-01-01,14427.400000000007
NN3_103,1987-02-01,14427.400000000007
NN3_103,1987-03-01,836.3199999999999
NN3_103,1987-04-01,836.3199999999999
NN3_103,1987-05-01,836.3199999999999
NN3_103,1987-06-01,836.3199999999999
NN3_103,1987-07-01,14427.400000000007
NN3_103,1987-08-01,836.3199999999999
NN3_103,1987-09-01,14427.400000000007
NN3_103,1987-10-01,14427.400000000007
NN3_103,1987-11-01,836.3199999999999
NN3_103,1987-12-01,14427.400000000007
NN3_103,1988-01-01,14427.400000000007
NN3_103,1988-02-01,14427.400000000007
NN3_103,1988-03-01,836.3199999999999
NN3_103,1988-04-01,836.3199999999999
NN3_103,1988-05-01,14427.400000000007
NN3_103,1988-06-01,836.3199999999999
NN3_104,1983-01-01,836.3199999999999
NN3_104,1983-02-01,14427.400000000007
NN3_104,1983-03-01,836.3199999999999
NN3_104,1983-04-01,836.3199999999999
NN3_104,1983-05-01,14427.400000000007
NN3_104,1983-06-01,836.3199999999999
NN3_104,1983-07-01,836.3199999999999
NN3_104,1983-08-01,14427.400000000007
NN3_104,1983-09-01,836.3199999999999
NN3_104,1983-10-01,14427.400000000007
NN3_104,1983-11-01,836.3199999999999
NN3_104,1983-12-01,14427.400000000007
NN3_104,1984-01-01,836.3199999999999
NN3_104,1984-02-01,14427.400000000007
NN3_104,1984-03-01,836.3199999999999
NN3_104,1984-04-01,836.3199999999999
NN3_104,1984-05-01,836.3199999999999
NN3_104,1984-06-01,836.3199999999999
NN3_104,1984-07-01,14427.400000000007
NN3_104,1984-08-01,836.3199999999999
NN3_104,1984-09-01,836.3199999999999
NN3_104,1984-10-01,14427.400000000007
NN3_104,1984-11-01,836.3199999999999
NN3_104,1984-12-01,836.3199999999999
NN3_104,1985-01-01,14427.400000000007
NN3_104,1985-02-01,836.3199999999999
NN3_104,1985-03-01,836.3199999999999
NN3_104,1985-04-01,14427.400000000007
NN3_104,1985-05-01,836.3199999999999
NN3_104,1985-06-01,14427.400000000007
NN3_104,1985-07-01,1852.420422377566
NN3_104,1985-08-01,836.3199999999999
NN3_104,1985-09-01,14427.400000000007
NN3_104,1985-10-01,836.3199999999999
NN3_104,1985-11-01,836.3199999999999
NN3_104,1985-12-01,836.3199999999999
NN3_104,1986-01-01,14427.400000000007
NN3_104,1986-02-01,14427.400000000007
NN3_104,1986-03-01,14427.400000000007
NN3_104,1986-04-01,836.3199999999999
NN3_104,1986-05-01,836.3199999999999
NN3_104,1986-06-01,836.3199999999999
NN3_104,1986-07-01,836.3199999999999
NN3_104,1986-08-01,14427.400000000007
NN3_104,1986-09-01,14427.400000000007
NN3_104,1986-10-01,14427.400000000007
NN3_104,1986-11-01,14427.400000000007
NN3_104,1986-12-01,836.3199999999999
NN3_104,1987-01-01,14427.400000000007
NN3_104,1987-02-01,14427.400000000007
NN3_104,1987-03-01,14427.400000000007
NN3_104,1987-04-01,14427.400000000007
NN3_104,1987-05-01,14427.400000000007
NN3_104,1987-06-01,14427.400000000007
NN3_104,1987-07-01,14427.400000000007
NN3_104,1987-08-01,836.3199999999999
NN3_104,1987-09-01,836.3199999999999
NN3_104,1987-10-01,14427.400000000007
NN3_104,1987-11-01,14427.400000000007
NN3_104,1987-12-01,836.3199999999999
NN3_104,1988-01-01,14427.400000000007
NN3_104,1988-02-01,836.3199999999999
NN3_104,1988-03-01,12156.072161799399
NN3_104,1988-04-01,14427.400000000007
NN3_104,1988-05-01,14427.400000000007
NN3_104,1988-06-01,836.3199999999999
NN3_104,1988-07-01,836.3199999999999
NN3_104,1988-08-01,836.3199999999999
NN3_104,1988-09-01,14427.400000000007
NN3_104,1988-10-01,836.3199999999999
NN3_104,1988-11-01,836.3199999999999
NN3_104,1988-12-01,836.3199999999999
NN3_104,1989-01-01,836.3199999999999
NN3_104,1989-02-01,14427.400000000007
NN3_104,1989-03-01,14427.400000000007
NN3_104,1989-04-01,14427.400000000007
NN3_104,1989-05-01,836.3199999999999
NN3_104,1989-06-01,836.3199999999999
NN3_104,1989-07-01,836.3199999999999
NN3_104,1989-08-01,14427.400000000007
NN3_104,1989-09-01,14427.400000000007
NN3_104,1989-10-01,836.3199999999999
NN3_104,1989-11-01,14427.400000000007
NN3_104,1989-12-01,836.3199999999999
NN3_104,1990-01-01,836.3199999999999
NN3_104,1990-02-01,14427.400000000007
NN3_104,1990-03-01,14427.400000000007
NN3_104,1990-04-01,836.3199999999999
NN3_104,1990-05-01,14427.400000000007
NN3_104,1990-06-01,836.3199999999999
NN3_104,1990-07-01,14427.400000000007
NN3_104,1990-08-01,14427.400000000007
NN3_104,1990-09-01,836.3199999999999
NN3_104,1990-10-01,836.3199999999999
NN3_104,1990-11-01,836.3199999999999
NN3_104,1990-12-01,14427.400000000007
NN3_104,1991-01-01,14427.400000000007
NN3_104,1991-02-01,836.3199999999999
NN3_104,1991-03-01,14427.400000000007
NN3_104,1991-04-01,836.3199999999999
NN3_104,1991-05-01,836.3199999999999
NN3_104,1991-06-01,14427.400000000007
NN3_104,1991-07-01,14427.400000000007
NN3_105,1981-01-01,836.3199999999999
NN3_105,1981-02-01,14427.400000000007
NN3_105,1981-03-01,14427.400000000007
NN3_105,1981-04-01,14427.400000000007
NN3_105,1981-05-01,836.3199999999999
NN3_105,1981-06-01,14427.400000000007
NN3_105,1981-07-01,836.3199999999999
NN3_105,1981-08-01,14427.400000000007
NN3_105,1981-09-01,836.3199999999999
NN3_105,1981-10-01,14427.400000000007
NN3_105,1981-11-01,836.3199999999999
NN3_105,1981-12-01,14427.400000000007
NN3_105,1982-01-01,836.3199999999999
NN3_105,1982-02-01,836.3199999999999
NN3_105,1982-03-01,14427.400000000007
NN3_105,1982-04-01,836.3199999999999
NN3_105,1982-05-01,14427.400000000007
NN3_105,1982-06-01,836.3199999999999
NN3_105,1982-07-01,836.3199999999999
NN3_105,1982-08-01,14427.400000000007
NN3_105,1982-09-01,836.3199999999999
NN3_105,1982-10-01,836.3199999999999
NN3_105,1982-11-01,836.3199999999999
NN3_105,1982-12-01,836.3199999999999
NN3_105,1983-01-01,836.3199999999999
NN3_105,1983-02-01,836.3199999999999
NN3_105,1983-03-01,14427.400000000007
NN3_105,1983-04-01,14427.400000000007
NN3_105,1983-05-01,836.3199999999999
NN3_105,1983-06-01,14427.400000000007
NN3_105,1983-07-01,14427.400000000007
NN3_105,1983-08-01,836.3199999999999
NN3_105,1983-09-01,836.3199999999999
NN3_105,1983-10-01,14427.400000000007
NN3_105,1983-11-01,14427.400000000007
NN3_105,1983-12-01,14427.400000000007
NN3_105,1984-01-01,14427.400000000007
NN3_105,1984-02-01,14427.400000000007
NN3_105,1984-03-01,14427.400000000007
NN3_105,1984-04-01,14427.400000000007
NN3_105,1984-05-01,14427.400000000007
NN3_105,1984-06-01,14427.400000000007
NN3_105,1984-07-01,14427.400000000007
NN3_105,1984-08-01,836.3199999999999
NN3_105,1984-09-01,14427.400000000007
NN3_105,1984-10-01,836.3199999999999
NN3_105,1984-11-01,14427.400000000007
NN3_105,1984-12-01,14427.400000000007
NN3_105,1985-01-01,836.3199999999999
NN3_105,1985-02-01,14427.400000000007
NN3_105,1985-03-01,14427.400000000007
NN3_105,1985-04-01,14427.400000000007
NN3_105,1985-05-01,14427.400000000007
NN3_105,1985-06-01,836.3199999999999
NN3_105,1985-07-01,14427.400000000007
NN3_105,1985-08-01,14427.400000000007
NN3_105,1985-09-01,836.3199999999999
NN3_105,1985-10-01,14427.400000000007
NN3_105,1985-11-01,836.3199999999999
NN3_105,1985-12-01,14427.400000000007
NN3_105,1986-01-01,836.3199999999999
NN3_105,1986-02-01,836.3199999999999
NN3_105,1986-03-01,836.3199999999999
NN3_105,1986-04-01,836.3199999999999
NN3_105,1986-05-01,14427.400000000007
NN3_105,1986-06-01,836.3199999999999
NN3_105,1986-07-01,836.3199999999999
NN3_105,1986-08-01,836.3199999999999
NN3_105,1986-09-01,836.3199999999999
NN3_105,1986-10-01,14427.400000000007
NN3_105,1986-11-01,7368.930172822418
NN3_105,1986-12-01,836.3199999999999
NN3_105,1987-01-01,836.3199999999999
NN3_105,1987-02-01,836.3199999999999
NN3_105,1987-03-01,14427.400000000007
NN3_105,1987-04-01,14427.400000000007
NN3_105,1987-05-01,836.3199999999999
NN3_105,1987-06-01,836.3199999999999
NN3_105,1987-07-01,836.3199999999999
NN3_105,1987-08-01,14427.400000000007
NN3_105,1987-09-01,836.3199999999999
NN3_105,1987-10-01,14427.400000000007
NN3_105,1987-11-01,14427.400000000007
NN3_105,1987-12-01,14427.400000000007
NN3_105,1988-01-01,14427.400000000007
NN3_105,1988-02-01,836.3199999999999
NN3_105,1988-03-01,14427.400000000007
NN3_105,1988-04-01,14427.400000000007
NN3_105,1988-05-01,836.3199999999999
NN3_105,1988-06-01,14427.400000000007
NN3_105,1988-07-01,13459.720316760711
NN3_105,1988-08-01,836.3199999999999
NN3_105,1988-09-01,836.3199999999999
NN3_105,1988-10-01,14427.400000000007
NN3_105,1988-11-01,836.3199999999999
NN3_105,1988-12-01,14427.400000000007
NN3_105,1989-01-01,14427.400000000007
NN3_105,1989-02-01,836.3199999999999
NN3_105,1989-03-01,836.3199999999999
NN3_105,1989-04-01,14427.400000000007
NN3_105,1989-05-01,836.3199999999999
NN3_105,1989-06-01,836.3199999999999
NN3_105,1989-07-01,14427.400000000007
NN3_105,1989-08-01,14427.400000000007
NN3_105,1989-09-01,14427.400000000007
NN3_105,1989-10-01,14427.400000000007
NN3_105,1989-11-01,14427.400000000007
NN3_105,1989-12-01,14427.400000000007
NN3_105,1990-01-01,14427.400000000007
NN3_105,1990-02-01,14427.400000000007
NN3_105,1990-03-01,836.3199999999999
NN3_105,1990-04-01,14427.400000000007
NN3_105,1990-05-01,14427.400000000007
NN3_105,1990-06-01,14427.400000000007
NN3_106,1979-01-01,14427.400000000007
NN3_106,1979-02-01,836.3199999999999
NN3_106,1979-03-01,14427.400000000007
NN3_106,1979-04-01,836.3199999999999
NN3_106,1979-05-01,836.3199999999999
NN3_106,1979-06-01,14427.400000000007
NN3_106,1979-07-01,836.3199999999999
NN3_106,1979-08-01,14427.400000000007
NN3_106,1979-09-01,836.3199999999999
NN3_106,1979-10-01,14427.400000000007
NN3_106,1979-11-01,836.3199999999999
NN3_106,1979-12-01,14427.400000000007
NN3_106,1980-01-01,14427.400000000007
NN3_106,1980-02-01,836.3199999999999
NN3_106,1980-03-01,14427.400000000007
NN3_106,1980-04-01,836.3199999999999
NN3_106,1980-05-01,836.3199999999999
NN3_106,1980-06-01,14427.400000000007
NN3_106,1980-07-01,836.3199999999999
NN3_106,1980-08-01,836.3199999999999
NN3_106,1980-09-01,836.3199999999999
NN3_106,1980-10-01,836.3199999999999
NN3_106,1980-11-01,836.3199999999999
NN3_106,1980-12-01,836.3199999999999
NN3_106,1981-01-01,836.3199999999999
NN3_106,1981-02-01,14427.400000000007
NN3_106,1981-03-01,836.3199999999999
NN3_106,1981-04-01,836.3199999999999
NN3_106,1981-05-01,836.3199999999999
NN3_106,1981-06-01,14427.400000000007
NN3_106,1981-07-01,836.3199999999999
NN3_106,1981-08-01,14427.400000000007
NN3_106,1981-09-01,14427.400000000007
NN3_106,1981-10-01,836.3199999999999
NN3_106,1981-11-01,14427.400000000007
NN3_106,1981-12-01,14427.400000000007
NN3_106,1982-01-01,14427.400000000007
NN3_106,1982-02-01,836.3199999999999
NN3_106,1982-03-01,14427.400000000007
NN3_106,1982-04-01,836.3199999999999
NN3_106,1982-05-01,836.3199999999999
NN3_106,1982-06-01,836.3199999999999
NN3_106,1982-07-01,14427.400000000007
NN3_106,1982-08-01,14427.400000000007
NN3_106,1982-09-01,14427.400000000007
NN3_106,1982-10-01,836.3199999999999
NN3_106,1982-11-01,836.3199999999999
NN3_106,1982-12-01,836.3199999999999
NN3_106,1983-01-01,14427.400000000007
NN3_106,1983-02-01,14427.400000000007
NN3_106,1983-03-01,836.3199999999999
NN3_106,1983-04-01,14427.400000000007
NN3_106,1983-05-01,14427.400000000007
NN3_106,1983-06-01,836.3199999999999
NN3_106,1983-07-01,836.3199999999999
NN3_106,1983-08-01,14427.400000000007
NN3_106,1983-09-01,836.3199999999999
NN3_106,1983-10-01,14427.400000000007
NN3_106,1983-11-01,14427.400000000007
NN3_106,1983-12-01,836.3199999999999
NN3_106,1984-01-01,836.3199999999999
NN3_106,1984-02-01,836.3199999999999
NN3_106,1984-03-01,836.3199999999999
NN3_106,1984-04-01,836.3199999999999
NN3_106,1984-05-01,836.3199999999999
NN3_106,1984-06-01,836.3199999999999
NN3_106,1984-07-01,14427.400000000007
NN3_106,1984-08-01,14427.400000000007
NN3_106,1984-09-01,14427.400000000007
NN3_106,1984-10-01,14427.400000000007
NN3_106,1984-11-01,14427.400000000007
NN3_106,1984-12-01,836.3199999999999
NN3_106,1985-01-01,836.3199999999999
NN3_106,1985-02-01,2710.8083494111884
NN3_106,1985-03-01,14427.400000000007
NN3_106,1985-04-01,14427.400000000007
NN3_106,1985-05-01,836.3199999999999
NN3_106,1985-06-01,14427.400000000007
NN3_106,1985-07-01,14427.400000000007
NN3_106,1985-08-01,14427.400000000007
NN3_106,1985-09-01,836.3199999999999
NN3_106,1985-10-01,14427.400000000007
NN3_106,1985-11-01,14427.400000000007
NN3_106,1985-12-01,836.3199999999999
NN3_106,1986-01-01,14427.400000000007
NN3_106,1986-02-01,836.3199999999999
NN3_106,1986-03-01,836.3199999999999
NN3_106,1986-04-01,836.3199999999999
NN3_106,1986-05-01,836.3199999999999
NN3_106,1986-06-01,14427.400000000007
NN3_106,1986-07-01,836.3199999999999
NN3_106,1986-08-01,836.3199999999999
NN3_106,1986-09-01,836.3199999999999
NN3_106,1986-10-01,14427.400000000007
NN3_106,1986-11-01,9501.357397761152
NN3_106,1986-12-01,14427.400000000007
NN3_106,1987-01-01,14427.400000000007
NN3_106,1987-02-01,14427.400000000007
NN3_106,1987-03-01,14427.400000000007
NN3_106,1987-04-01,836.3199999999999
NN3_106,1987-05-01,14427.400000000007
NN3_106,1987-06-01,14427.400000000007
NN3_106,1987-07-01,836.3199999999999
NN3_106,1987-08-01,836.3199999999999
NN3_106,1987-09-01,836.3199999999999
NN3_106,1987-10-01,836.3199999999999
NN3_106,1987-11-01,14427.400000000007
NN3_106,1987-12-01,14427.400000000007
NN3_106,1988-01-01,14427.400000000007
NN3_106,1988-02-01,836.3199999999999
NN3_106,1988-03-01,836.3199999999999
NN3_106,1988-04-01,14427.400000000007
NN3_106,1988-05-01,14427.400000000007
NN3_106,1988-06-01,14427.400000000007
NN3_107,1982-01-01,14427.400000000007
NN3_107,1982-02-01,14427.400000000007
NN3_107,1982-03-01,836.3199999999999
NN3_107,1982-04-01,14427.400000000007
NN3_107,1982-05-01,14427.400000000007
NN3_107,1982-06-01,836.3199999999999
NN3_107,1982-07-01,836.3199999999999
NN3_107,1982-08-01,14427.400000000007
NN3_107,1982-09-01,14427.400000000007
NN3_107,1982-10-01,14427.400000000007
NN3_107,1982-11-01,14427.400000000007
NN3_107,1982-12-01,14427.400000000007
NN3_107,1983-01-01,14427.400000000007
NN3_107,1983-02-01,836.3199999999999
NN3_107,1983-03-01,14427.400000000007
NN3_107,1983-04-01,836.3199999999999
NN3_107,1983-05-01,14427.400000000007
NN3_107,1983-06-01,836.3199999999999
NN3_107,1983-07-01,836.3199999999999
NN3_107,1983-08-01,836.3199999999999
NN3_107,1983-09-01,14427.400000000007
NN3_107,1983-10-01,836.3199999999999
NN3_107,1983-11-01,14427.400000000007
NN3_107,1983-12-01,836.3199999999999
NN3_107,1984-01-01,14427.400000000007
NN3_107,1984-02-01,14427.400000000007
NN3_107,1984-03-01,14427.400000000007
NN3_107,1984-04-01,14427.400000000007
NN3_107,1984-05-01,1408.8893034262287
NN3_107,1984-06-01,836.3199999999999
NN3_107,1984-07-01,14427.400000000007
NN3_107,1984-08-01,836.3199999999999
NN3_107,1984-09-01,836.3199999999999
NN3_107,1984-10-01,14427.400000000007
NN3_107,1984-11-01,836.3199999999999
NN3_107,1984-12-01,836.3199999999999
NN3_107,1985-01-01,14427.400000000007
NN3_107,1985-02-01,836.3199999999999
NN3_107,1985-03-01,836.3199999999999
NN3_107,1985-04-01,14427.400000000007
NN3_107,1985-05-01,836.3199999999999
NN3_107,1985-06-01,836.3199999999999
NN3_107,1985-07-01,836.3199999999999
NN3_107,1985-08-01,14427.400000000007
NN3_107,1985-09-01,836.3199999999999
NN3_107,1985-10-01,14427.400000000007
NN3_107,1985-11-01,14427.400000000007
NN3_107,1985-12-01,14427.400000000007
NN3_107,1986-01-01,836.3199999999999
NN3_107,1986-02-01,836.3199999999999
NN3_107,1986-03-01,14427.400000000007
NN3_107,1986-04-01,836.3199999999999
NN3_107,1986-05-01,836.3199999999999
NN3_107,1986-06-01,836.3199999999999
NN3_107,1986-07-01,14427.400000000007
NN3_107,1986-08-01,14427.400000000007
NN3_107,1986-09-01,14427.400000000007
NN3_107,1986-10-01,836.3199999999999
NN3_107,1986-11-01,836.3199999999999
NN3_107,1986-12-01,836.3199999999999
NN3_107,1987-01-01,14427.400000000007
NN3_107,1987-02-01,836.3199999999999
NN3_107,1987-03-01,836.3199999999999
NN3_107,1987-04-01,836.3199999999999
NN3_107,1987-05-01,836.3199999999999
NN3_107,1987-06-01,14427.400000000007
NN3_107,1987-07-01,9410.40314882621
NN3_107,1987-08-01,14427.400000000007
NN3_107,1987-09-01,14427.400000000007
NN3_107,1987-10-01,14427.400000000007
NN3_107,1987-11-01,836.3199999999999
NN3_107,1987-12-01,14427.400000000007
NN3_107,1988-01-01,836.3199999999999
NN3_107,1988-02-01,14427.400000000007
NN3_107,1988-03-01,836.3199999999999
NN3_107,1988-04-01,14427.400000000007
NN3_107,1988-05-01,836.3199999999999
NN3_107,1988-06-01,14427.400000000007
NN3_107,1988-07-01,836.3199999999999
NN3_107,1988-08-01,14427.400000000007
NN3_107,1988-09-01,836.3199999999999
NN3_107,1988-10-01,14427.400000000007
NN3_107,1988-11-01,836.3199999999999
NN3_107,1988-12-01,836.3199999999999
NN3_107,1989-01-01,836.3199999999999
NN3_107,1989-02-01,836.3199999999999
NN3_107,1989-03-01,14427.400000000007
NN3_107,1989-04-01,14427.400000000007
NN3_107,1989-05-01,14427.400000000007
NN3_107,1989-06-01,836.3199999999999
NN3_107,1989-07-01,836.3199999999999
NN3_107,1989-08-01,836.3199999999999
NN3_107,1989-09-01,14427.400000000007
NN3_107,1989-10-01,836.3199999999999
NN3_107,1989-11-01,836.3199999999999
NN3_107,1989-12-01,836.3199999999999
NN3_107,1990-01-01,14427.400000000007
NN3_107,1990-02-01,14427.400000000007
NN3_107,1990-03-01,14427.400000000007
NN3_107,1990-04-01,14427.400000000007
NN3_107,1990-05-01,836.3199999999999
NN3_107,1990-06-01,836.3199999999999
NN3_107,1990-07-01,836.3199999999999
NN3_107,1990-08-01,14427.400000000007
NN3_107,1990-09-01,14427.400000000007
NN3_107,1990-10-01,836.3199999999999
NN3_107,1990-11-01,836.3199999999999
NN3_107,1990-12-01,14427.400000000007
NN3_107,1991-01-01,14427.400000000007
NN3_107,1991-02-01,836.3199999999999
NN3_107,1991-03-01,14427.400000000007
NN3_107,1991-04-01,14427.400000000007
NN3_107,1991-05-01,836.3199999999999
NN3_107,1991-06-01,14427.400000000007
NN3_108,1983-01-01,14427.400000000007
NN3_108,1983-02-01,14427.400000000007
NN3_108,1983-03-01,836.3199999999999
NN3_108,1983-04-01,836.3199999999999
NN3_108,1983-05-01,14427.400000000007
NN3_108,1983-06-01,10393.681283357811
NN3_108,1983-07-01,14427.400000000007
NN3_108,1983-08-01,14427.400000000007
NN3_108,1983-09-01,836.3199999999999
NN3_108,1983-10-01,14427.400000000007
NN3_108,1983-11-01,836.3199999999999
NN3_108,1983-12-01,14427.400000000007
NN3_108,1984-01-01,836.3199999999999
NN3_108,1984-02-01,14427.400000000007
NN3_108,1984-03-01,836.3199999999999
NN3_108,1984-04-01,14427.400000000007
NN3_108,1984-05-01,836.3199999999999
NN3_108,1984-06-01,14427.400000000007
NN3_108,1984-07-01,836.3199999999999
NN3_108,1984-08-01,836.3199999999999
NN3_108,1984-09-01,14427.400000000007
NN3_108,1984-10-01,14427.400000000007
NN3_108,1984-11-01,14427.400000000007
NN3_108,1984-12-01,14427.400000000007
NN3_108,1985-01-01,14427.400000000007
NN3_108,1985-02-01,14427.400000000007
NN3_108,1985-03-01,836.3199999999999
NN3_108,1985-04-01,836.3199999999999
NN3_108,1985-05-01,14427.400000000007
NN3_108,1985-06-01,836.3199999999999
NN3_108,1985-07-01,836.3199999999999
NN3_108,1985-08-01,14427.400000000007
NN3_108,1985-09-01,14427.400000000007
NN3_108,1985-10-01,836.3199999999999
NN3_108,1985-11-01,14427.400000000007
NN3_108,1985-12-01,14427.400000000007
NN3_108,1986-01-01,14427.400000000007
NN3_108,1986-02-01,14427.400000000007
NN3_108,1986-03-01,836.3199999999999
NN3_108,1986-04-01,836.3199999999999
NN3_108,1986-05-01,836.3199999999999
NN3_108,1986-06-01,14427.400000000007
NN3_108,1986-07-01,14427.400000000007
NN3_108,1986-08-01,14427.400000000007
NN3_108,1986-09-01,836.3199999999999
NN3_108,1986-10-01,14427.400000000007
NN3_108,1986-11-01,14427.400000000007
NN3_108,1986-12-01,14427.400000000007
NN3_108,1987-01-01,14427.400000000007
NN3_108,1987-02-01,14427.400000000007
NN3_108,1987-03-01,14427.400000000007
NN3_108,1987-04-01,836.3199999999999
NN3_108,1987-05-01,836.3199999999999
NN3_108,1987-06-01,8301.448325374438
NN3_108,1987-07-01,14427.400000000007
NN3_108,1987-08-01,836.3199999999999
NN3_108,1987-09-01,836.3199999999999
NN3_108,1987-10-01,836.3199999999999
NN3_108,1987-11-01,14427.400000000007
NN3_108,1987-12-01,14427.400000000007
NN3_108,1988-01-01,836.3199999999999
NN3_108,1988-02-01,836.3199999999999
NN3_108,1988-03-01,14427.400000000007
NN3_108,1988-04-01,836.3199999999999
NN3_108,1988-05-01,14427.400000000007
NN3_108,1988-06-01,836.3199999999999
NN3_108,1988-07-01,14427.400000000007
NN3_108,1988-08-01,14427.400000000007
NN3_108,1988-09-01,14427.400000000007
NN3_108,1988-10-01,836.3199999999999
NN3_108,1988-11-01,836.3199999999999
NN3_108,1988-12-01,836.3199999999999
NN3_108,1989-01-01,14427.400000000007
NN3_108,1989-02-01,14427.400000000007
NN3_108,1989-03-01,14427.400000000007
NN3_108,1989-04-01,14427.400000000007
NN3_108,1989-05-01,836.3199999999999
NN3_108,1989-06-01,14427.400000000007
NN3_108,1989-07-01,836.3199999999999
NN3_108,1989-08-01,14427.400000000007
NN3_108,1989-09-01,14427.400000000007
NN3_108,1989-10-01,836.3199999999999
NN3_108,1989-11-01,836.3199999999999
NN3_108,1989-12-01,14427.400000000007
NN3_108,1990-01-01,836.3199999999999
NN3_108,1990-02-01,8613.352402506465
NN3_108,1990-03-01,14427.400000000007
NN3_108,1990-04-01,836.3199999999999
NN3_108,1990-05-01,836.3199999999999
NN3_108,1990-06-01,836.3199999999999
NN3_108,1990-07-01,14427.400000000007
NN3_108,1990-08-01,836.3199999999999
NN3_108,1990-09-01,14427.400000000007
NN3_108,1990-10-01,14427.400000000007
NN3_108,1990-11-01,836.3199999999999
NN3_108,1990-12-01,14427.400000000007
NN3_108,1991-01-01,836.3199999999999
NN3_108,1991-02-01,836.3199999999999
NN3_108,1991-03-01,836.3199999999999
NN3_108,1991-04-01,3805.46572310521
NN3_108,1991-05-01,836.3199999999999
NN3_108,1991-06-01,14427.400000000007
NN3_108,1991-07-01,836.3199999999999
NN3_109,1980-01-01,836.3199999999999
NN3_109,1980-02-01,14427.400000000007
NN3_109,1980-03-01,14427.400000000007
NN3_109,1980-04-01,14427.400000000007
NN3_109,1980-05-01,836.3199999999999
NN3_109,1980-06-01,836.3199999999999
NN3_109,1980-07-01,836.3199999999999
NN3_109,1980-08-01,14427.400000000007
NN3_109,1980-09-01,836.3199999999999
NN3_109,1980-10-01,836.3199999999999
NN3_109,1980-11-01,836.3199999999999
NN3_109,1980-12-01,14427.400000000007
NN3_109,1981-01-01,14427.400000000007
NN3_109,1981-02-01,14427.400000000007
NN3_109,1981-03-01,836.3199999999999
NN3_109,1981-04-01,836.3199999999999
NN3_109,1981-05-01,836.3199999999999
NN3_109,1981-06-01,14427.400000000007
NN3_109,1981-07-01,14427.400000000007
NN3_109,1981-08-01,14427.400000000007
NN3_109,1981-09-01,836.3199999999999
NN3_109,1981-10-01,14427.400000000007
NN3_109,1981-11-01,14427.400000000007
NN3_109,1981-12-01,836.3199999999999
NN3_109,1982-01-01,14427.400000000007
NN3_109,1982-02-01,14427.400000000007
NN3_109,1982-03-01,14427.400000000007
NN3_109,1982-04-01,836.3199999999999
NN3_109,1982-05-01,836.3199999999999
NN3_109,1982-06-01,836.3199999999999
NN3_109,1982-07-01,836.3199999999999
NN3_109,1982-08-01,836.3199999999999
NN3_109,1982-09-01,14427.400000000007
NN3_109,1982-10-01,14427.400000000007
NN3_109,1982-11-01,836.3199999999999
NN3_109,1982-12-01,14427.400000000007
NN3_109,1983-01-01,836.3199999999999
NN3_109,1983-02-01,836.3199999999999
NN3_109,1983-03-01,836.3199999999999
NN3_109,1983-04-01,836.3199999999999
NN3_109,1983-05-01,14427.400000000007
NN3_109,1983-06-01,836.3199999999999
NN3_109,1983-07-01,14427.400000000007
NN3_109,1983-08-01,14427.400000000007
NN3_109,1983-09-01,14427.400000000007
NN3_109,1983-10-01,836.3199999999999
NN3_109,1983-11-01,10972.490567519639
NN3_109,1983-12-01,14427.400000000007
NN3_109,1984-01-01,14427.400000000007
NN3_109,1984-02-01,836.3199999999999
NN3_109,1984-03-01,14427.400000000007
NN3_109,1984-04-01,14427.400000000007
NN3_109,1984-05-01,836.3199999999999
NN3_109,1984-06-01,14427.400000000007
NN3_109,1984-07-01,14427.400000000007
NN3_109,1984-08-01,14427.400000000007
NN3_109,1984-09-01,14427.400000000007
NN3_109,1984-10-01,836.3199999999999
NN3_109,1984-11-01,836.3199999999999
NN3_109,1984-12-01,14427.400000000007
NN3_109,1985-01-01,836.3199999999999
NN3_109,1985-02-01,836.3199999999999
NN3_109,1985-03-01,14427.400000000007
NN3_109,1985-04-01,14427.400000000007
NN3_109,1985-05-01,14427.400000000007
NN3_109,1985-06-01,836.3199999999999
NN3_109,1985-07-01,14427.400000000007
NN3_109,1985-08-01,836.3199999999999
NN3_109,1985-09-01,836.3199999999999
NN3_109,1985-10-01,14427.400000000007
NN3_109,1985-11-01,14427.400000000007
NN3_109,1985-12-01,836.3199999999999
NN3_109,1986-01-01,836.3199999999999
NN3_109,1986-02-01,836.3199999999999
NN3_109,1986-03-01,14427.400000000007
NN3_109,1986-04-01,14427.400000000007
NN3_109,1986-05-01,8366.521786751688
NN3_109,1986-06-01,14427.400000000007
NN3_109,1986-07-01,836.3199999999999
NN3_109,1986-08-01,836.3199999999999
NN3_109,1986-09-01,836.3199999999999
NN3_109,1986-10-01,14427.400000000007
NN3_109,1986-11-01,14427.400000000007
NN3_109,1986-12-01,836.3199999999999
NN3_109,1987-01-01,14427.400000000007
NN3_109,1987-02-01,14427.400000000007
NN3_109,1987-03-01,14427.400000000007
NN3_109,1987-04-01,836.3199999999999
NN3_109,1987-05-01,14427.400000000007
NN3_109,1987-06-01,14427.400000000007
NN3_109,1987-07-01,836.3199999999999
NN3_109,1987-08-01,836.3199999999999
NN3_109,1987-09-01,14427.400000000007
NN3_109,1987-10-01,836.3199999999999
NN3_109,1987-11-01,14427.400000000007
NN3_109,1987-12-01,836.3199999999999
NN3_109,1988-01-01,836.3199999999999
NN3_109,1988-02-01,14427.400000000007
NN3_109,1988-03-01,14427.400000000007
NN3_109,1988-04-01,836.3199999999999
NN3_109,1988-05-01,836.3199999999999
NN3_109,1988-06-01,836.3199999999999
NN3_109,1988-07-01,12683.468555309824
NN3_109,1988-08-01,14427.400000000007
NN3_109,1988-09-01,14427.400000000007
NN3_109,1988-10-01,836.3199999999999
NN3_109,1988-11-01,836.3199999999999
NN3_109,1988-12-01,14427.400000000007
NN3_109,1989-01-01,14427.400000000007
NN3_109,1989-02-01,836.3199999999999
NN3_109,1989-03-01,836.3199999999999
NN3_110,1978-01-01,836.3199999999999
NN3_110,1978-02-01,836.3199999999999
NN3_110,1978-03-01,14427.400000000007
NN3_110,1978-04-01,14427.400000000007
NN3_110,1978-05-01,836.3199999999999
NN3_110,1978-06-01,836.3199999999999
NN3_110,1978-07-01,14427.400000000007
NN3_110,1978-08-01,836.3199999999999
NN3_110,1978-09-01,836.3199999999999
NN3_110,1978-10-01,836.3199999999999
NN3_110,1978-11-01,14427.400000000007
NN3_110,1978-12-01,14427.400000000007
NN3_110,1979-01-01,836.3199999999999
NN3_110,1979-02-01,836.3199999999999
NN3_110,1979-03-01,14427.400000000007
NN3_110,1979-04-01,836.3199999999999
NN3_110,1979-05-01,836.3199999999999
NN3_110,1979-06-01,836.3199999999999
NN3_110,1979-07-01,836.3199999999999
NN3_110,1979-08-01,14427.400000000007
NN3_110,1979-09-01,836.3199999999999
NN3_110,1979-10-01,14427.400000000007
NN3_110,1979-11-01,14427.400000000007
NN3_110,1979-12-01,14427.400000000007
NN3_110,1980-01-01,836.3199999999999
NN3_110,1980-02-01,836.3199999999999
NN3_110,1980-03-01,14427.400000000007
NN3_110,1980-04-01,836.3199999999999
NN3_110,1980-05-01,836.3199999999999
NN3_110,1980-06-01,836.3199999999999
NN3_110,1980-07-01,14427.400000000007
NN3_110,1980-08-01,836.3199999999999
NN3_110,1980-09-01,14427.400000000007
NN3_110,1980-10-01,14427.400000000007
NN3_110,1980-11-01,14427.400000000007
NN3_110,1980-12-01,836.3199999999999
NN3_110,1981-01-01,14427.400000000007
NN3_110,1981-02-01,836.3199999999999
NN3_110,1981-03-01,14427.400000000007
NN3_110,1981-04-01,836.3199999999999
NN3_110,1981-05-01,836.3199999999999
NN3_110,1981-06-01,836.3199999999999
NN3_110,1981-07-01,836.3199999999999
NN3_110,1981-08-01,836.3199999999999
NN3_110,1981-09-01,14427.400000000007
NN3_110,1981-10-01,14427.400000000007
NN3_110,1981-11-01,14427.400000000007
NN3_110,1981-12-01,836.3199999999999
NN3_110,1982-01-01,836.3199999999999
NN3_110,1982-02-01,836.3199999999999
NN3_110,1982-03-01,14427.400000000007
NN3_110,1982-04-01,14427.400000000007
NN3_110,1982-05-01,836.3199999999999
NN3_110,1982-06-01,836.3199999999999
NN3_110,1982-07-01,836.3199999999999
NN3_110,1982-08-01,836.3199999999999
NN3_110,1982-09-01,836.3199999999999
NN3_110,1982-10-01,836.3199999999999
NN3_110,1982-11-01,14427.400000000007
NN3_110,1982-12-01,836.3199999999999
NN3_110,1983-01-01,14427.400000000007
NN3_110,1983-02-01,5792.782282622602
NN3_110,1983-03-01,14427.400000000007
NN3_110,1983-04-01,14427.400000000007
NN3_110,1983-05-01,836.3199999999999
NN3_110,1983-06-01,14427.400000000007
NN3_110,1983-07-01,14427.400000000007
NN3_110,1983-08-01,836.3199999999999
NN3_110,1983-09-01,836.3199999999999
NN3_110,1983-10-01,14427.400000000007
NN3_110,1983-11-01,836.3199999999999
NN3_110,1983-12-01,14427.400000000007
NN3_110,1984-01-01,14427.400000000007
NN3_110,1984-02-01,14427.400000000007
NN3_110,1984-03-01,836.3199999999999
NN3_110,1984-04-01,836.3199999999999
NN3_110,1984-05-01,14427.400000000007
NN3_110,1984-06-01,14427.400000000007
NN3_110,1984-07-01,836.3199999999999
NN3_110,1984-08-01,836.3199999999999
NN3_110,1984-09-01,836.3199999999999
NN3_110,1984-10-01,836.3199999999999
NN3_110,1984-11-01,14427.400000000007
NN3_110,1984-12-01,14427.400000000007
NN3_110,1985-01-01,14427.400000000007
NN3_110,1985-02-01,14427.400000000007
NN3_110,1985-03-01,14427.400000000007
NN3_110,1985-04-01,836.3199999999999
NN3_110,1985-05-01,836.3199999999999
NN3_110,1985-06-01,836.3199999999999
NN3_110,1985-07-01,836.3199999999999
NN3_110,1985-08-01,8952.811493281468
NN3_110,1985-09-01,836.3199999999999
NN3_110,1985-10-01,836.3199999999999
NN3_110,1985-11-01,14427.400000000007
NN3_110,1985-12-01,14427.400000000007
NN3_110,1986-01-01,836.3199999999999
NN3_110,1986-02-01,11817.59092324934
NN3_110,1986-03-01,836.3199999999999
NN3_110,1986-04-01,836.3199999999999
NN3_110,1986-05-01,14427.400000000007
NN3_110,1986-06-01,14427.400000000007
NN3_110,1986-07-01,14427.400000000007
NN3_110,1986-08-01,836.3199999999999
NN3_110,1986-09-01,836.3199999999999
NN3_110,1986-10-01,836.3199999999999
NN3_110,1986-11-01,836.3199999999999
NN3_110,1986-12-01,836.3199999999999
NN3_110,1987-01-01,14427.400000000007
NN3_110,1987-02-01,13882.314508739004
NN3_110,1987-03-01,836.3199999999999
NN3_110,1987-04-01,14427.400000000007
NN3_110,1987-05-01,14427.400000000007
NN3_110,1987-06-01,14427.400000000007
NN3_111,1978-01-01,14427.400000000007
NN3_111,1978-02-01,13593.729650770245
NN3_111,1978-03-01,836.3199999999999
NN3_111,1978-04-01,14427.400000000007
NN3_111,1978-05-01,14427.400000000007
NN3_111,1978-06-01,14427.400000000007
NN3_111,1978-07-01,836.3199999999999
NN3_111,1978-08-01,14427.400000000007
NN3_111,1978-09-01,9302.30376210035
NN3_111,1978-10-01,836.3199999999999
NN3_111,1978-11-01,836.3199999999999
NN3_111,1978-12-01,14427.400000000007
NN3_111,1979-01-01,14427.400000000007
NN3_111,1979-02-01,14427.400000000007
NN3_111,1979-03-01,836.3199999999999
NN3_111,1979-04-01,14427.400000000007
NN3_111,1979-05-01,14427.400000000007
NN3_111,1979-06-01,836.3199999999999
NN3_111,1979-07-01,836.3199999999999
NN3_111,1979-08-01,14427.400000000007
NN3_111,1979-09-01,14427.400000000007
NN3_111,1979-10-01,14427.400000000007
NN3_111,1979-11-01,14427.400000000007
NN3_111,1979-12-01,14427.400000000007
NN3_111,1980-01-01,836.3199999999999
NN3_111,1980-02-01,14427.400000000007
NN3_111,1980-03-01,14427.400000000007
NN3_111,1980-04-01,14427.400000000007
NN3_111,1980-05-01,14427.400000000007
NN3_111,1980-06-01,14427.400000000007
NN3_111,1980-07-01,14427.400000000007
NN3_111,1980-08-01,14427.400000000007
NN3_111,1980-09-01,836.3199999999999
NN3_111,1980-10-01,836.3199999999999
NN3_111,1980-11-01,10720.479298570095
NN3_111,1980-12-01,14427.400000000007
NN3_111,1981-01-01,14427.400000000007
NN3_111,1981-02-01,836.3199999999999
NN3_111,1981-03-01,836.3199999999999
NN3_111,1981-04-01,14427.400000000007
NN3_111,1981-05-01,14427.400000000007
NN3_111,1981-06-01,14427.400000000007
NN3_111,1981-07-01,836.3199999999999
NN3_111,1981-08-01,14427.400000000007
NN3_111,1981-09-01,836.3199999999999
NN3_111,1981-10-01,6571.051205566564
NN3_111,1981-11-01,14427.400000000007
NN3_111,1981-12-01,14427.400000000007
NN3_111,1982-01-01,14427.400000000007
NN3_111,1982-02-01,14427.400000000007
NN3_111,1982-03-01,14427.400000000007
NN3_111,1982-04-01,14427.400000000007
NN3_111,1982-05-01,836.3199999999999
NN3_111,1982-06-01,14427.400000000007
NN3_111,1982-07-01,836.3199999999999
NN3_111,1982-08-01,14427.400000000007
NN3_111,1982-09-01,14427.400000000007
NN3_111,1982-10-01,836.3199999999999
NN3_111,1982-11-01,14427.400000000007
NN3_111,1982-12-01,14427.400000000007
NN3_111,1983-01-01,836.3199999999999
NN3_111,1983-02-01,14427.400000000007
NN3_111,1983-03-01,14427.400000000007
NN3_111,1983-04-01,14427.400000000007
NN3_111,1983-05-01,14427.400000000007
NN3_111,1983-06-01,14427.400000000007
NN3_111,1983-07-01,14427.400000000007
NN3_111,1983-08-01,836.3199999999999
NN3_111,1983-09-01,9174.882715506781
NN3_111,1983-10-01,836.3199999999999
NN3_111,1983-11-01,836.3199999999999
NN3_111,1983-12-01,10287.638642913374
NN3_111,1984-01-01,14427.400000000007
NN3_111,1984-02-01,836.3199999999999
NN3_111,1984-03-01,14427.400000000007
NN3_111,1984-04-01,836.3199999999999
NN3_111,1984-05-01,14427.400000000007
NN3_111,1984-06-01,836.3199999999999
NN3_111,1984-07-01,14427.400000000007
NN3_111,1984-08-01,836.3199999999999
NN3_111,1984-09-01,836.3199999999999
NN3_111,1984-10-01,14427.400000000007
NN3_111,1984-11-01,836.3199999999999
NN3_111,1984-12-01,836.3199999999999
NN3_111,1985-01-01,14427.400000000007
NN3_111,1985-02-01,836.3199999999999
NN3_111,1985-03-01,836.3199999999999
NN3_111,1985-04-01,14427.400000000007
NN3_111,1985-05-01,14427.400000000007
NN3_111,1985-06-01,836.3199999999999
NN3_111,1985-07-01,836.3199999999999
NN3_111,1985-08-01,836.3199999999999
NN3_111,1985-09-01,14427.400000000007
NN3_111,1985-10-01,836.3199999999999
NN3_111,1985-11-01,14427.400000000007
NN3_111,1985-12-01,14427.400000000007
NN3_111,1986-01-01,836.3199999999999
NN3_111,1986-02-01,14427.400000000007
NN3_111,1986-03-01,14427.400000000007
NN3_111,1986-04-01,14427.400000000007
NN3_111,1986-05-01,836.3199999999999
NN3_111,1986-06-01,14427.400000000007
NN3_111,1986-07-01,14186.736486030146
NN3_111,1986-08-01,836.3199999999999
NN3_111,1986-09-01,836.3199999999999
NN3_111,1986-10-01,14427.400000000007
NN3_111,1986-11-01,836.3199999999999
NN3_111,1986-12-01,836.3199999999999
NN3_111,1987-01-01,14427.400000000007
NN3_111,1987-02-01,836.3199999999999
NN3_111,1987-03-01,14427.400000000007
NN3_111,1987-04-01,836.3199999999999
NN3_111,1987-05-01,14427.400000000007
NN3_111,1987-06-01,14427.400000000007
