unique_id,ds,y
ID0,1975-12-31,431180.77999999817
ID0,1976-03-31,1.1492999768257142
ID0,1976-06-30,431180.77999999817
ID0,1976-09-30,385766.5086934136
ID0,1976-12-31,431180.77999999817
ID0,1977-03-31,1.1492999768257142
ID0,1977-06-30,431180.77999999817
ID0,1977-09-30,431180.77999999817
ID0,1977-12-31,431180.77999999817
ID0,1978-03-31,1.1492999768257142
ID0,1978-06-30,1.1492999768257142
ID0,1978-09-30,1.1492999768257142
ID0,1978-12-31,1.1492999768257142
ID0,1979-03-31,1.1492999768257142
ID0,1979-06-30,431180.77999999817
ID0,1979-09-30,431180.77999999817
ID0,1979-12-31,431180.77999999817
ID0,1980-03-31,1.1492999768257142
ID0,1980-06-30,431180.77999999817
ID0,1980-09-30,1.1492999768257142
ID0,1980-12-31,1.1492999768257142
ID0,1981-03-31,1.1492999768257142
ID0,1981-06-30,431180.77999999817
ID0,1981-09-30,431180.77999999817
ID0,1981-12-31,1.1492999768257142
ID0,1982-03-31,431180.77999999817
ID0,1982-06-30,431180.77999999817
ID0,1982-09-30,86860.77537679956
ID0,1982-12-31,1.1492999768257142
ID0,1983-03-31,1.1492999768257142
ID0,1983-06-30,431180.77999999817
ID0,1983-09-30,431180.77999999817
ID0,1983-12-31,1.1492999768257142
ID0,1984-03-31,1.1492999768257142
ID0,1984-06-30,431180.77999999817
ID0,1984-09-30,337915.9561094213
ID1,1974-12-31,431180.77999999817
ID1,1975-03-31,431180.77999999817
ID1,1975-06-30,1.1492999768257142
ID1,1975-09-30,431180.77999999817
ID1,1975-12-31,431180.77999999817
ID1,1976-03-31,431180.77999999817
ID1,1976-06-30,1.1492999768257142
ID1,1976-09-30,431180.77999999817
ID1,1976-12-31,1.1492999768257142
ID1,1977-03-31,1.1492999768257142
ID1,1977-06-30,1.1492999768257142
ID1,1977-09-30,1.1492999768257142
ID1,1977-12-31,431180.77999999817
ID1,1978-03-31,431180.77999999817
ID1,1978-06-30,1.1492999768257142
ID1,1978-09-30,1.1492999768257142
ID1,1978-12-31,1.1492999768257142
ID1,1979-03-31,1.1492999768257142
ID1,1979-06-30,1.1492999768257142
ID1,1979-09-30,104094.78189849627
ID1,1979-12-31,1.1492999768257142
ID1,1980-03-31,1.1492999768257142
ID1,1980-06-30,1.1492999768257142
ID1,1980-09-30,431180.77999999817
ID1,1980-12-31,431180.77999999817
ID1,1981-03-31,431180.77999999817
ID1,1981-06-30,1.1492999768257142
ID1,1981-09-30,1.1492999768257142
ID1,1981-12-31,1.1492999768257142
ID1,1982-03-31,1.1492999768257142
ID1,1982-06-30,1.1492999768257142
ID1,1982-09-30,431180.77999999817
ID1,1982-12-31,1.1492999768257142
ID1,1983-03-31,431180.77999999817
ID1,1983-06-30,1.1492999768257142
ID1,1983-09-30,1.1492999768257142
ID1,1983-12-31,431180.77999999817
ID1,1984-03-31,431180.77999999817
ID1,1984-06-30,431180.77999999817
ID1,1984-09-30,1.1492999768257142
ID1,1984-12-31,431180.77999999817
ID1,1985-03-31,431180.77999999817
ID1,1985-06-30,431180.77999999817
ID1,1985-09-30,1.1492999768257142
ID1,1985-12-31,1.1492999768257142
ID1,1986-03-31,431180.77999999817
ID1,1986-06-30,431180.77999999817
ID1,1986-09-30,1.1492999768257142
ID1,1986-12-31,431180.77999999817
ID1,1987-03-31,431180.77999999817
ID1,1987-06-30,431180.77999999817
ID1,1987-09-30,431180.77999999817
ID1,1987-12-31,1.1492999768257142
ID1,1988-03-31,1.1492999768257142
ID1,1988-06-30,1.1492999768257142
ID1,1988-09-30,1.1492999768257142
ID10,1977-12-31,431180.77999999817
ID10,1978-03-31,1.1492999768257142
ID10,1978-06-30,431180.77999999817
ID10,1978-09-30,431180.77999999817
ID10,1978-12-31,431180.77999999817
ID10,1979-03-31,1.1492999768257142
ID10,1979-06-30,426141.26166541135
ID10,1979-09-30,431180.77999999817
ID10,1979-12-31,431180.77999999817
ID10,1980-03-31,1.1492999768257142
ID10,1980-06-30,1.1492999768257142
ID10,1980-09-30,1.1492999768257142
ID10,1980-12-31,431180.77999999817
ID10,1981-03-31,1.1492999768257142
ID10,1981-06-30,1.1492999768257142
ID10,1981-09-30,341827.9677723162
ID10,1981-12-31,431180.77999999817
ID10,1982-03-31,1.1492999768257142
ID10,1982-06-30,128047.12983370974
ID10,1982-09-30,431180.77999999817
ID10,1982-12-31,431180.77999999817
ID10,1983-03-31,1.1492999768257142
ID10,1983-06-30,431180.77999999817
ID10,1983-09-30,431180.77999999817
ID10,1983-12-31,1.1492999768257142
ID10,1984-03-31,431180.77999999817
ID10,1984-06-30,431180.77999999817
ID10,1984-09-30,1.1492999768257142
ID10,1984-12-31,431180.77999999817
ID10,1985-03-31,431180.77999999817
ID10,1985-06-30,431180.77999999817
ID10,1985-09-30,431180.77999999817
ID10,1985-12-31,1.1492999768257142
ID10,1986-03-31,1.1492999768257142
ID10,1986-06-30,431180.77999999817
ID10,1986-09-30,1.1492999768257142
ID10,1986-12-31,431180.77999999817
ID10,1987-03-31,431180.77999999817
ID10,1987-06-30,431180.77999999817
ID10,1987-09-30,431180.77999999817
ID10,1987-12-31,1.1492999768257142
ID10,1988-03-31,1.1492999768257142
ID10,1988-06-30,431180.77999999817
ID10,1988-09-30,1.1492999768257142
ID10,1988-12-31,431180.77999999817
ID10,1989-03-31,431180.77999999817
ID100,1978-03-31,1.1492999768257142
ID100,1978-06-30,115747.95595736797
ID100,1978-09-30,162342.3920874399
ID100,1978-12-31,431180.77999999817
ID100,1979-03-31,1.1492999768257142
ID100,1979-06-30,85916.98516571028
ID100,1979-09-30,1.1492999768257142
ID100,1979-12-31,431180.77999999817
ID100,1980-03-31,431180.77999999817
ID100,1980-06-30,431180.77999999817
ID100,1980-09-30,1.1492999768257142
ID100,1980-12-31,1.1492999768257142
ID100,1981-03-31,1.1492999768257142
ID100,1981-06-30,431180.77999999817
ID101,1976-12-31,1.1492999768257142
ID101,1977-03-31,1.1492999768257142
ID101,1977-06-30,1.1492999768257142
ID101,1977-09-30,1.1492999768257142
ID101,1977-12-31,1.1492999768257142
ID101,1978-03-31,1.1492999768257142
ID101,1978-06-30,431180.77999999817
ID101,1978-09-30,431180.77999999817
ID101,1978-12-31,1.1492999768257142
ID101,1979-03-31,1.1492999768257142
ID101,1979-06-30,431180.77999999817
ID101,1979-09-30,431180.77999999817
ID101,1979-12-31,431180.77999999817
ID101,1980-03-31,431180.77999999817
ID101,1980-06-30,431180.77999999817
ID101,1980-09-30,431180.77999999817
ID101,1980-12-31,431180.77999999817
ID101,1981-03-31,431180.77999999817
ID101,1981-06-30,431180.77999999817
ID101,1981-09-30,1.1492999768257142
ID101,1981-12-31,431180.77999999817
ID101,1982-03-31,1.1492999768257142
ID101,1982-06-30,1.1492999768257142
ID101,1982-09-30,1.1492999768257142
ID101,1982-12-31,1.1492999768257142
ID101,1983-03-31,431180.77999999817
ID101,1983-06-30,431180.77999999817
ID101,1983-09-30,431180.77999999817
ID101,1983-12-31,431180.77999999817
ID101,1984-03-31,431180.77999999817
ID101,1984-06-30,431180.77999999817
ID101,1984-09-30,431180.77999999817
ID101,1984-12-31,1.1492999768257142
ID101,1985-03-31,431180.77999999817
ID101,1985-06-30,1.1492999768257142
ID101,1985-09-30,431180.77999999817
ID101,1985-12-31,1.1492999768257142
ID101,1986-03-31,431180.77999999817
ID101,1986-06-30,431180.77999999817
ID101,1986-09-30,1.1492999768257142
ID101,1986-12-31,431180.77999999817
ID101,1987-03-31,398933.8219792882
ID101,1987-06-30,1.1492999768257142
ID101,1987-09-30,431180.77999999817
ID101,1987-12-31,431180.77999999817
ID101,1988-03-31,1.1492999768257142
ID101,1988-06-30,1.1492999768257142
ID101,1988-09-30,1.1492999768257142
ID101,1988-12-31,4507.559601519879
ID101,1989-03-31,1.1492999768257142
ID101,1989-06-30,1.1492999768257142
ID101,1989-09-30,1.1492999768257142
ID101,1989-12-31,431180.77999999817
ID101,1990-03-31,431180.77999999817
ID101,1990-06-30,1.1492999768257142
ID101,1990-09-30,1.1492999768257142
ID101,1990-12-31,1.1492999768257142
ID101,1991-03-31,431180.77999999817
ID101,1991-06-30,1.1492999768257142
ID101,1991-09-30,1.1492999768257142
ID101,1991-12-31,431180.77999999817
ID101,1992-03-31,431180.77999999817
ID101,1992-06-30,1.1492999768257142
ID101,1992-09-30,1.1492999768257142
ID101,1992-12-31,1.1492999768257142
ID101,1993-03-31,1.1492999768257142
ID101,1993-06-30,431180.77999999817
ID101,1993-09-30,431180.77999999817
ID101,1993-12-31,431180.77999999817
ID101,1994-03-31,1.1492999768257142
ID101,1994-06-30,1.1492999768257142
ID101,1994-09-30,1.1492999768257142
ID102,1971-12-31,431180.77999999817
ID102,1972-03-31,1.1492999768257142
ID102,1972-06-30,431180.77999999817
ID102,1972-09-30,1.1492999768257142
ID102,1972-12-31,431180.77999999817
ID102,1973-03-31,431180.77999999817
ID102,1973-06-30,1.1492999768257142
ID102,1973-09-30,431180.77999999817
ID102,1973-12-31,1.1492999768257142
ID102,1974-03-31,431180.77999999817
ID102,1974-06-30,431180.77999999817
ID102,1974-09-30,1.1492999768257142
ID102,1974-12-31,431180.77999999817
ID102,1975-03-31,431180.77999999817
ID102,1975-06-30,431180.77999999817
ID102,1975-09-30,1.1492999768257142
ID102,1975-12-31,1.1492999768257142
ID102,1976-03-31,381291.1270674504
ID102,1976-06-30,1.1492999768257142
ID102,1976-09-30,1.1492999768257142
ID102,1976-12-31,1.1492999768257142
ID102,1977-03-31,431180.77999999817
ID102,1977-06-30,431180.77999999817
ID102,1977-09-30,431180.77999999817
ID102,1977-12-31,431180.77999999817
ID102,1978-03-31,1.1492999768257142
ID102,1978-06-30,431180.77999999817
ID102,1978-09-30,431180.77999999817
ID102,1978-12-31,1.1492999768257142
ID102,1979-03-31,1.1492999768257142
ID102,1979-06-30,1.1492999768257142
ID102,1979-09-30,1.1492999768257142
ID102,1979-12-31,431180.77999999817
ID102,1980-03-31,354025.5702391877
ID102,1980-06-30,431180.77999999817
ID102,1980-09-30,1.1492999768257142
ID102,1980-12-31,1.1492999768257142
ID102,1981-03-31,1.1492999768257142
ID102,1981-06-30,431180.77999999817
ID102,1981-09-30,1.1492999768257142
ID102,1981-12-31,431180.77999999817
ID102,1982-03-31,431180.77999999817
ID102,1982-06-30,1.1492999768257142
ID102,1982-09-30,1.1492999768257142
ID102,1982-12-31,431180.77999999817
ID102,1983-03-31,1.1492999768257142
ID102,1983-06-30,1.1492999768257142
ID102,1983-09-30,1.1492999768257142
ID102,1983-12-31,1.1492999768257142
ID102,1984-03-31,1.1492999768257142
ID102,1984-06-30,431180.77999999817
ID102,1984-09-30,277874.69380439725
ID102,1984-12-31,431180.77999999817
ID102,1985-03-31,431180.77999999817
ID102,1985-06-30,225005.14446975422
ID102,1985-09-30,431180.77999999817
ID103,1971-12-31,1.1492999768257142
ID103,1972-03-31,1.1492999768257142
ID103,1972-06-30,1.1492999768257142
ID103,1972-09-30,431180.77999999817
ID103,1972-12-31,1.1492999768257142
ID103,1973-03-31,1.1492999768257142
ID103,1973-06-30,431180.77999999817
ID103,1973-09-30,431180.77999999817
ID103,1973-12-31,431180.77999999817
ID103,1974-03-31,431180.77999999817
ID103,1974-06-30,1.1492999768257142
ID103,1974-09-30,1.1492999768257142
ID103,1974-12-31,21397.474725450415
ID103,1975-03-31,388156.3194316582
ID103,1975-06-30,418221.6600439634
ID103,1975-09-30,176212.62047265592
ID103,1975-12-31,1.1492999768257142
ID103,1976-03-31,1.1492999768257142
ID103,1976-06-30,431180.77999999817
ID103,1976-09-30,1.1492999768257142
ID103,1976-12-31,431180.77999999817
ID103,1977-03-31,431180.77999999817
ID103,1977-06-30,1.1492999768257142
ID103,1977-09-30,1.1492999768257142
ID103,1977-12-31,431180.77999999817
ID103,1978-03-31,1.1492999768257142
ID103,1978-06-30,431180.77999999817
ID103,1978-09-30,431180.77999999817
ID103,1978-12-31,431180.77999999817
ID103,1979-03-31,431180.77999999817
ID103,1979-06-30,1.1492999768257142
ID103,1979-09-30,1.1492999768257142
ID104,1971-12-31,1.1492999768257142
ID104,1972-03-31,431180.77999999817
ID104,1972-06-30,1.1492999768257142
ID104,1972-09-30,1.1492999768257142
ID104,1972-12-31,1.1492999768257142
ID104,1973-03-31,1.1492999768257142
ID104,1973-06-30,431180.77999999817
ID104,1973-09-30,431180.77999999817
ID104,1973-12-31,1.1492999768257142
ID104,1974-03-31,1.1492999768257142
ID104,1974-06-30,431180.77999999817
ID104,1974-09-30,1.1492999768257142
ID104,1974-12-31,1.1492999768257142
ID104,1975-03-31,1.1492999768257142
ID104,1975-06-30,431180.77999999817
ID104,1975-09-30,1.1492999768257142
ID104,1975-12-31,431180.77999999817
ID104,1976-03-31,1.1492999768257142
ID104,1976-06-30,1.1492999768257142
ID104,1976-09-30,1.1492999768257142
ID104,1976-12-31,431180.77999999817
ID104,1977-03-31,1.1492999768257142
ID104,1977-06-30,1.1492999768257142
ID104,1977-09-30,1.1492999768257142
ID104,1977-12-31,431180.77999999817
ID104,1978-03-31,1.1492999768257142
ID104,1978-06-30,1.1492999768257142
ID104,1978-09-30,1.1492999768257142
ID104,1978-12-31,1.1492999768257142
ID104,1979-03-31,1.1492999768257142
ID104,1979-06-30,1.1492999768257142
ID104,1979-09-30,1.1492999768257142
ID104,1979-12-31,1.1492999768257142
ID104,1980-03-31,1.1492999768257142
ID104,1980-06-30,431180.77999999817
ID104,1980-09-30,1.1492999768257142
ID104,1980-12-31,431180.77999999817
ID104,1981-03-31,1.1492999768257142
ID104,1981-06-30,1.1492999768257142
ID104,1981-09-30,1.1492999768257142
ID104,1981-12-31,1.1492999768257142
ID104,1982-03-31,431180.77999999817
ID104,1982-06-30,431180.77999999817
ID104,1982-09-30,1.1492999768257142
ID104,1982-12-31,431180.77999999817
ID104,1983-03-31,1.1492999768257142
ID104,1983-06-30,1.1492999768257142
ID104,1983-09-30,1.1492999768257142
ID104,1983-12-31,431180.77999999817
ID104,1984-03-31,1.1492999768257142
ID104,1984-06-30,431180.77999999817
ID104,1984-09-30,1.1492999768257142
ID104,1984-12-31,431180.77999999817
ID104,1985-03-31,431180.77999999817
ID104,1985-06-30,124069.83195637334
ID104,1985-09-30,375159.4066350459
ID105,1971-12-31,431180.77999999817
ID105,1972-03-31,431180.77999999817
ID105,1972-06-30,1.1492999768257142
ID105,1972-09-30,431180.77999999817
ID105,1972-12-31,431180.77999999817
ID105,1973-03-31,1.1492999768257142
ID105,1973-06-30,431180.77999999817
ID105,1973-09-30,1.1492999768257142
ID105,1973-12-31,1.1492999768257142
ID105,1974-03-31,431180.77999999817
ID105,1974-06-30,1.1492999768257142
ID105,1974-09-30,1.1492999768257142
ID105,1974-12-31,1.1492999768257142
ID105,1975-03-31,1.1492999768257142
ID105,1975-06-30,1.1492999768257142
ID105,1975-09-30,431180.77999999817
ID105,1975-12-31,236932.7649335272
ID105,1976-03-31,431180.77999999817
ID105,1976-06-30,1.1492999768257142
ID105,1976-09-30,431180.77999999817
ID105,1976-12-31,431180.77999999817
ID105,1977-03-31,1.1492999768257142
ID105,1977-06-30,431180.77999999817
ID105,1977-09-30,431180.77999999817
ID105,1977-12-31,431180.77999999817
ID105,1978-03-31,431180.77999999817
ID105,1978-06-30,431180.77999999817
ID105,1978-09-30,431180.77999999817
ID105,1978-12-31,431180.77999999817
ID105,1979-03-31,1.1492999768257142
ID105,1979-06-30,1.1492999768257142
ID105,1979-09-30,431180.77999999817
ID105,1979-12-31,1.1492999768257142
ID105,1980-03-31,431180.77999999817
ID105,1980-06-30,1.1492999768257142
ID105,1980-09-30,173223.9724024298
ID105,1980-12-31,106296.17565527446
ID105,1981-03-31,1.1492999768257142
ID105,1981-06-30,431180.77999999817
ID105,1981-09-30,431180.77999999817
ID105,1981-12-31,1.1492999768257142
ID105,1982-03-31,1.1492999768257142
ID105,1982-06-30,1.1492999768257142
ID105,1982-09-30,1.1492999768257142
ID105,1982-12-31,1.1492999768257142
ID105,1983-03-31,1.1492999768257142
ID105,1983-06-30,431180.77999999817
ID105,1983-09-30,1.1492999768257142
ID105,1983-12-31,431180.77999999817
ID105,1984-03-31,431180.77999999817
ID105,1984-06-30,1.1492999768257142
ID105,1984-09-30,1.1492999768257142
ID105,1984-12-31,1.1492999768257142
ID105,1985-03-31,1.1492999768257142
ID105,1985-06-30,431180.77999999817
ID105,1985-09-30,1.1492999768257142
ID106,1978-12-31,431180.77999999817
ID106,1979-03-31,431180.77999999817
ID106,1979-06-30,1.1492999768257142
ID106,1979-09-30,431180.77999999817
ID106,1979-12-31,431180.77999999817
ID106,1980-03-31,254643.38415985988
ID106,1980-06-30,431180.77999999817
ID106,1980-09-30,431180.77999999817
ID106,1980-12-31,1.1492999768257142
ID106,1981-03-31,1.1492999768257142
ID106,1981-06-30,1.1492999768257142
ID106,1981-09-30,431180.77999999817
ID107,1971-12-31,1.1492999768257142
ID107,1972-03-31,1.1492999768257142
ID107,1972-06-30,431180.77999999817
ID107,1972-09-30,431180.77999999817
ID107,1972-12-31,431180.77999999817
ID107,1973-03-31,1.1492999768257142
ID107,1973-06-30,1.1492999768257142
ID107,1973-09-30,1.1492999768257142
ID107,1973-12-31,384624.0485799319
ID107,1974-03-31,431180.77999999817
ID107,1974-06-30,431180.77999999817
ID107,1974-09-30,1.1492999768257142
ID107,1974-12-31,431180.77999999817
ID107,1975-03-31,1.1492999768257142
ID107,1975-06-30,431180.77999999817
ID107,1975-09-30,431180.77999999817
ID107,1975-12-31,431180.77999999817
ID107,1976-03-31,1.1492999768257142
ID107,1976-06-30,431180.77999999817
ID107,1976-09-30,431180.77999999817
ID107,1976-12-31,1.1492999768257142
ID107,1977-03-31,431180.77999999817
ID107,1977-06-30,1.1492999768257142
ID107,1977-09-30,1.1492999768257142
ID107,1977-12-31,1.1492999768257142
ID107,1978-03-31,1.1492999768257142
ID107,1978-06-30,431180.77999999817
ID107,1978-09-30,431180.77999999817
ID107,1978-12-31,1.1492999768257142
ID107,1979-03-31,431180.77999999817
ID107,1979-06-30,1.1492999768257142
ID107,1979-09-30,431180.77999999817
ID107,1979-12-31,1.1492999768257142
ID107,1980-03-31,1.1492999768257142
ID107,1980-06-30,431180.77999999817
ID107,1980-09-30,1.1492999768257142
ID107,1980-12-31,1.1492999768257142
ID107,1981-03-31,431180.77999999817
ID107,1981-06-30,1.1492999768257142
ID107,1981-09-30,1.1492999768257142
ID107,1981-12-31,1.1492999768257142
ID107,1982-03-31,431180.77999999817
ID107,1982-06-30,1.1492999768257142
ID107,1982-09-30,431180.77999999817
ID107,1982-12-31,1.1492999768257142
ID107,1983-03-31,1.1492999768257142
ID107,1983-06-30,431180.77999999817
ID107,1983-09-30,1.1492999768257142
ID107,1983-12-31,113496.39947540524
ID107,1984-03-31,431180.77999999817
ID107,1984-06-30,1.1492999768257142
ID107,1984-09-30,1.1492999768257142
ID107,1984-12-31,1.1492999768257142
ID107,1985-03-31,1.1492999768257142
ID107,1985-06-30,431180.77999999817
ID107,1985-09-30,431180.77999999817
ID108,1977-12-31,431180.77999999817
ID108,1978-03-31,431180.77999999817
ID108,1978-06-30,431180.77999999817
ID108,1978-09-30,1.1492999768257142
ID108,1978-12-31,1.1492999768257142
ID108,1979-03-31,431180.77999999817
ID108,1979-06-30,1.1492999768257142
ID108,1979-09-30,39938.444029350234
ID108,1979-12-31,18821.74350563188
ID108,1980-03-31,431180.77999999817
ID108,1980-06-30,1.1492999768257142
ID108,1980-09-30,431180.77999999817
ID108,1980-12-31,1.1492999768257142
ID108,1981-03-31,1.1492999768257142
ID108,1981-06-30,1.1492999768257142
ID108,1981-09-30,51476.32382398094
ID108,1981-12-31,1.1492999768257142
ID108,1982-03-31,1.1492999768257142
ID108,1982-06-30,1.1492999768257142
ID108,1982-09-30,431180.77999999817
ID108,1982-12-31,431180.77999999817
ID108,1983-03-31,1.1492999768257142
ID108,1983-06-30,1.1492999768257142
ID108,1983-09-30,1.1492999768257142
ID108,1983-12-31,1.1492999768257142
ID108,1984-03-31,1.1492999768257142
ID108,1984-06-30,1.1492999768257142
ID108,1984-09-30,431180.77999999817
ID108,1984-12-31,1.1492999768257142
ID108,1985-03-31,431180.77999999817
ID108,1985-06-30,1.1492999768257142
ID108,1985-09-30,431180.77999999817
ID108,1985-12-31,1.1492999768257142
ID108,1986-03-31,431180.77999999817
ID108,1986-06-30,208093.29041656957
ID108,1986-09-30,40645.51560410845
ID109,1977-12-31,1.1492999768257142
ID109,1978-03-31,1.1492999768257142
ID109,1978-06-30,1.1492999768257142
ID109,1978-09-30,1.1492999768257142
ID109,1978-12-31,1.1492999768257142
ID109,1979-03-31,431180.77999999817
ID109,1979-06-30,347179.8296259988
ID109,1979-09-30,421367.87607097765
ID109,1979-12-31,1.1492999768257142
ID109,1980-03-31,431180.77999999817
ID109,1980-06-30,431180.77999999817
ID109,1980-09-30,431180.77999999817
ID109,1980-12-31,431180.77999999817
ID109,1981-03-31,1.1492999768257142
ID109,1981-06-30,1.1492999768257142
ID109,1981-09-30,1.1492999768257142
ID109,1981-12-31,1.1492999768257142
ID109,1982-03-31,325525.30607312254
ID109,1982-06-30,431180.77999999817
ID109,1982-09-30,1.1492999768257142
ID109,1982-12-31,226327.91860019183
ID109,1983-03-31,1.1492999768257142
ID109,1983-06-30,1.1492999768257142
ID109,1983-09-30,431180.77999999817
ID109,1983-12-31,431180.77999999817
ID109,1984-03-31,431180.77999999817
ID109,1984-06-30,431180.77999999817
ID109,1984-09-30,431180.77999999817
ID109,1984-12-31,1.1492999768257142
ID109,1985-03-31,1.1492999768257142
ID109,1985-06-30,431180.77999999817
ID109,1985-09-30,1.1492999768257142
ID109,1985-12-31,1.1492999768257142
ID109,1986-03-31,431180.77999999817
ID109,1986-06-30,431180.77999999817
ID109,1986-09-30,431180.77999999817
ID11,1977-12-31,431180.77999999817
ID11,1978-03-31,431180.77999999817
ID11,1978-06-30,431180.77999999817
ID11,1978-09-30,1.1492999768257142
ID11,1978-12-31,393485.40103934397
ID11,1979-03-31,431180.77999999817
ID11,1979-06-30,1.1492999768257142
ID11,1979-09-30,1.1492999768257142
ID11,1979-12-31,1.1492999768257142
ID11,1980-03-31,431180.77999999817
ID11,1980-06-30,1.1492999768257142
ID11,1980-09-30,1.1492999768257142
ID11,1980-12-31,431180.77999999817
ID11,1981-03-31,1.1492999768257142
ID11,1981-06-30,1.1492999768257142
ID11,1981-09-30,211951.2090874944
ID110,1978-03-31,1.1492999768257142
ID110,1978-06-30,1.1492999768257142
ID110,1978-09-30,431180.77999999817
ID110,1978-12-31,1.1492999768257142
ID110,1979-03-31,1.1492999768257142
ID110,1979-06-30,72832.04940418266
ID110,1979-09-30,431180.77999999817
ID110,1979-12-31,422323.15788789856
ID110,1980-03-31,1.1492999768257142
ID110,1980-06-30,431180.77999999817
ID110,1980-09-30,1.1492999768257142
ID110,1980-12-31,431180.77999999817
ID110,1981-03-31,431180.77999999817
ID110,1981-06-30,431180.77999999817
ID110,1981-09-30,249914.0218906304
ID110,1981-12-31,1.1492999768257142
ID110,1982-03-31,431180.77999999817
ID110,1982-06-30,431180.77999999817
ID110,1982-09-30,1.1492999768257142
ID110,1982-12-31,1.1492999768257142
ID110,1983-03-31,1.1492999768257142
ID110,1983-06-30,1.1492999768257142
ID110,1983-09-30,431180.77999999817
ID110,1983-12-31,431180.77999999817
ID110,1984-03-31,431180.77999999817
ID110,1984-06-30,1.1492999768257142
ID110,1984-09-30,1.1492999768257142
ID110,1984-12-31,1.1492999768257142
ID110,1985-03-31,431180.77999999817
ID110,1985-06-30,431180.77999999817
ID110,1985-09-30,431180.77999999817
ID110,1985-12-31,431180.77999999817
ID110,1986-03-31,431180.77999999817
ID110,1986-06-30,431180.77999999817
ID111,1978-03-31,431180.77999999817
ID111,1978-06-30,431180.77999999817
ID111,1978-09-30,1.1492999768257142
ID111,1978-12-31,1.1492999768257142
ID111,1979-03-31,431180.77999999817
ID111,1979-06-30,1.1492999768257142
ID111,1979-09-30,1.1492999768257142
ID111,1979-12-31,431180.77999999817
ID111,1980-03-31,431180.77999999817
ID111,1980-06-30,357049.6096789581
ID111,1980-09-30,431180.77999999817
ID111,1980-12-31,431180.77999999817
ID111,1981-03-31,1.1492999768257142
ID111,1981-06-30,431180.77999999817
ID111,1981-09-30,431180.77999999817
ID111,1981-12-31,1.1492999768257142
ID111,1982-03-31,1.1492999768257142
ID111,1982-06-30,358591.7838988677
ID111,1982-09-30,431180.77999999817
ID111,1982-12-31,271945.35815433454
ID111,1983-03-31,431180.77999999817
ID111,1983-06-30,431180.77999999817
ID111,1983-09-30,431180.77999999817
ID111,1983-12-31,104571.18557589997
ID111,1984-03-31,1.1492999768257142
ID111,1984-06-30,431180.77999999817
ID111,1984-09-30,1.1492999768257142
ID111,1984-12-31,1.1492999768257142
ID111,1985-03-31,1.1492999768257142
ID111,1985-06-30,1.1492999768257142
ID111,1985-09-30,431180.77999999817
ID111,1985-12-31,1.1492999768257142
ID111,1986-03-31,1.1492999768257142
ID111,1986-06-30,431180.77999999817
ID112,1971-12-31,431180.77999999817
ID112,1972-03-31,1.1492999768257142
ID112,1972-06-30,431180.77999999817
ID112,1972-09-30,34519.576905680646
ID112,1972-12-31,431180.77999999817
ID112,1973-03-31,1.1492999768257142
ID112,1973-06-30,1.1492999768257142
ID112,1973-09-30,1.1492999768257142
ID112,1973-12-31,431180.77999999817
ID112,1974-03-31,431180.77999999817
ID112,1974-06-30,431180.77999999817
ID112,1974-09-30,1.1492999768257142
ID112,1974-12-31,150112.88126219495
ID112,1975-03-31,1.1492999768257142
ID112,1975-06-30,431180.77999999817
ID112,1975-09-30,1.1492999768257142
ID112,1975-12-31,165909.07438038167
ID112,1976-03-31,1.1492999768257142
ID112,1976-06-30,431180.77999999817
ID112,1976-09-30,431180.77999999817
ID112,1976-12-31,431180.77999999817
ID112,1977-03-31,431180.77999999817
ID112,1977-06-30,1.1492999768257142
ID112,1977-09-30,431180.77999999817
ID112,1977-12-31,1.1492999768257142
ID112,1978-03-31,1.1492999768257142
ID112,1978-06-30,1.1492999768257142
ID112,1978-09-30,431180.77999999817
ID112,1978-12-31,1.1492999768257142
ID112,1979-03-31,1.1492999768257142
ID112,1979-06-30,431180.77999999817
ID112,1979-09-30,431180.77999999817
ID112,1979-12-31,431180.77999999817
ID112,1980-03-31,1.1492999768257142
ID112,1980-06-30,431180.77999999817
ID112,1980-09-30,1.1492999768257142
ID112,1980-12-31,1.1492999768257142
ID112,1981-03-31,431180.77999999817
ID112,1981-06-30,431180.77999999817
ID112,1981-09-30,431180.77999999817
ID112,1981-12-31,1.1492999768257142
ID112,1982-03-31,431180.77999999817
ID112,1982-06-30,1.1492999768257142
ID112,1982-09-30,431180.77999999817
ID112,1982-12-31,431180.77999999817
ID112,1983-03-31,431180.77999999817
ID112,1983-06-30,1.1492999768257142
ID112,1983-09-30,431180.77999999817
ID112,1983-12-31,431180.77999999817
ID112,1984-03-31,431180.77999999817
ID112,1984-06-30,1.1492999768257142
ID112,1984-09-30,431180.77999999817
ID112,1984-12-31,1.1492999768257142
ID112,1985-03-31,431180.77999999817
ID112,1985-06-30,1.1492999768257142
ID112,1985-09-30,380377.4775735413
ID113,1977-12-31,1.1492999768257142
ID113,1978-03-31,321656.2922889362
ID113,1978-06-30,431180.77999999817
ID113,1978-09-30,1.1492999768257142
ID113,1978-12-31,289743.059827458
ID113,1979-03-31,1.1492999768257142
ID113,1979-06-30,1.1492999768257142
ID113,1979-09-30,1.1492999768257142
ID113,1979-12-31,1.1492999768257142
ID113,1980-03-31,431180.77999999817
ID113,1980-06-30,431180.77999999817
ID113,1980-09-30,1.1492999768257142
ID113,1980-12-31,1.1492999768257142
ID113,1981-03-31,1.1492999768257142
ID113,1981-06-30,431180.77999999817
ID113,1981-09-30,431180.77999999817
ID113,1981-12-31,431180.77999999817
ID113,1982-03-31,431180.77999999817
ID113,1982-06-30,226223.14673755472
ID113,1982-09-30,1.1492999768257142
ID113,1982-12-31,1.1492999768257142
ID113,1983-03-31,1.1492999768257142
ID113,1983-06-30,431180.77999999817
ID113,1983-09-30,431180.77999999817
ID113,1983-12-31,51883.47889692268
ID113,1984-03-31,431180.77999999817
ID113,1984-06-30,1.1492999768257142
ID113,1984-09-30,431180.77999999817
ID114,1978-03-31,431180.77999999817
ID114,1978-06-30,1.1492999768257142
ID114,1978-09-30,1.1492999768257142
ID114,1978-12-31,431180.77999999817
ID114,1979-03-31,81854.02828501124
ID114,1979-06-30,1.1492999768257142
ID114,1979-09-30,431180.77999999817
ID114,1979-12-31,1.1492999768257142
ID114,1980-03-31,1.1492999768257142
ID114,1980-06-30,431180.77999999817
ID114,1980-09-30,431180.77999999817
ID114,1980-12-31,431180.77999999817
ID114,1981-03-31,431180.77999999817
ID114,1981-06-30,1.1492999768257142
ID114,1981-09-30,1.1492999768257142
ID114,1981-12-31,1.1492999768257142
ID114,1982-03-31,431180.77999999817
ID114,1982-06-30,1.1492999768257142
ID114,1982-09-30,431180.77999999817
ID114,1982-12-31,227478.11854486578
ID114,1983-03-31,1.1492999768257142
ID114,1983-06-30,245426.31191500535
ID114,1983-09-30,1.1492999768257142
ID114,1983-12-31,1.1492999768257142
ID114,1984-03-31,431180.77999999817
ID114,1984-06-30,1.1492999768257142
ID114,1984-09-30,431180.77999999817
ID114,1984-12-31,431180.77999999817
ID114,1985-03-31,1.1492999768257142
ID114,1985-06-30,431180.77999999817
ID114,1985-09-30,428248.54201874766
ID114,1985-12-31,1.1492999768257142
ID114,1986-03-31,341674.7578967512
ID115,1971-12-31,1.1492999768257142
ID115,1972-03-31,431180.77999999817
ID115,1972-06-30,431180.77999999817
ID115,1972-09-30,1.1492999768257142
ID115,1972-12-31,198903.94968684664
ID115,1973-03-31,1.1492999768257142
ID115,1973-06-30,431180.77999999817
ID115,1973-09-30,431180.77999999817
ID115,1973-12-31,431180.77999999817
ID115,1974-03-31,431180.77999999817
ID115,1974-06-30,431180.77999999817
ID115,1974-09-30,431180.77999999817
ID115,1974-12-31,1.1492999768257142
ID115,1975-03-31,431180.77999999817
ID115,1975-06-30,1.1492999768257142
ID115,1975-09-30,431180.77999999817
ID115,1975-12-31,431180.77999999817
ID115,1976-03-31,431180.77999999817
ID115,1976-06-30,1.1492999768257142
ID115,1976-09-30,431180.77999999817
ID115,1976-12-31,431180.77999999817
ID115,1977-03-31,1.1492999768257142
ID115,1977-06-30,431180.77999999817
ID115,1977-09-30,431180.77999999817
ID115,1977-12-31,1.1492999768257142
ID115,1978-03-31,431180.77999999817
ID115,1978-06-30,1.1492999768257142
ID115,1978-09-30,1.1492999768257142
ID115,1978-12-31,431180.77999999817
ID115,1979-03-31,1.1492999768257142
ID115,1979-06-30,1.1492999768257142
ID115,1979-09-30,1.1492999768257142
ID115,1979-12-31,22393.608505873235
ID115,1980-03-31,1.1492999768257142
ID115,1980-06-30,1.1492999768257142
ID115,1980-09-30,1.1492999768257142
ID115,1980-12-31,1.1492999768257142
ID115,1981-03-31,431180.77999999817
ID115,1981-06-30,431180.77999999817
ID115,1981-09-30,1.1492999768257142
ID115,1981-12-31,1.1492999768257142
ID115,1982-03-31,431180.77999999817
ID115,1982-06-30,1.1492999768257142
ID115,1982-09-30,1.1492999768257142
ID115,1982-12-31,431180.77999999817
ID115,1983-03-31,1.1492999768257142
ID115,1983-06-30,1.1492999768257142
ID115,1983-09-30,1.1492999768257142
ID115,1983-12-31,431180.77999999817
ID115,1984-03-31,1.1492999768257142
ID115,1984-06-30,431180.77999999817
ID115,1984-09-30,1.1492999768257142
ID115,1984-12-31,431180.77999999817
ID115,1985-03-31,431180.77999999817
ID115,1985-06-30,1.1492999768257142
ID115,1985-09-30,1.1492999768257142
ID116,1975-12-31,1.1492999768257142
ID116,1976-03-31,1.1492999768257142
ID116,1976-06-30,431180.77999999817
ID116,1976-09-30,431180.77999999817
ID116,1976-12-31,431180.77999999817
ID116,1977-03-31,1.1492999768257142
ID116,1977-06-30,431180.77999999817
ID116,1977-09-30,431180.77999999817
ID116,1977-12-31,431180.77999999817
ID116,1978-03-31,1.1492999768257142
ID116,1978-06-30,1.1492999768257142
ID116,1978-09-30,431180.77999999817
ID116,1978-12-31,1.1492999768257142
ID116,1979-03-31,1.1492999768257142
ID116,1979-06-30,431180.77999999817
ID116,1979-09-30,431180.77999999817
ID116,1979-12-31,431180.77999999817
ID116,1980-03-31,431180.77999999817
ID116,1980-06-30,1.1492999768257142
ID116,1980-09-30,1.1492999768257142
ID116,1980-12-31,431180.77999999817
ID116,1981-03-31,431180.77999999817
ID116,1981-06-30,431180.77999999817
ID116,1981-09-30,431180.77999999817
ID116,1981-12-31,431180.77999999817
ID116,1982-03-31,1.1492999768257142
ID116,1982-06-30,1.1492999768257142
ID116,1982-09-30,431180.77999999817
ID116,1982-12-31,431180.77999999817
ID116,1983-03-31,431180.77999999817
ID116,1983-06-30,1.1492999768257142
ID116,1983-09-30,431180.77999999817
ID116,1983-12-31,1.1492999768257142
ID116,1984-03-31,431180.77999999817
ID116,1984-06-30,431180.77999999817
ID116,1984-09-30,1.1492999768257142
ID116,1984-12-31,431180.77999999817
ID116,1985-03-31,1.1492999768257142
ID116,1985-06-30,1.1492999768257142
ID116,1985-09-30,1.1492999768257142
ID116,1985-12-31,1.1492999768257142
ID116,1986-03-31,32316.149601205714
ID116,1986-06-30,1.1492999768257142
ID116,1986-09-30,1.1492999768257142
ID116,1986-12-31,1.1492999768257142
ID116,1987-03-31,431180.77999999817
ID116,1987-06-30,1.1492999768257142
ID116,1987-09-30,1.1492999768257142
ID116,1987-12-31,1.1492999768257142
ID116,1988-03-31,431180.77999999817
ID116,1988-06-30,1.1492999768257142
ID116,1988-09-30,1.1492999768257142
ID117,1975-12-31,1.1492999768257142
ID117,1976-03-31,1.1492999768257142
ID117,1976-06-30,431180.77999999817
ID117,1976-09-30,1.1492999768257142
ID117,1976-12-31,1.1492999768257142
ID117,1977-03-31,398196.2871009805
ID117,1977-06-30,1.1492999768257142
ID117,1977-09-30,36207.372839835276
ID117,1977-12-31,431180.77999999817
ID117,1978-03-31,1.1492999768257142
ID117,1978-06-30,1.1492999768257142
ID117,1978-09-30,431180.77999999817
ID117,1978-12-31,431180.77999999817
ID117,1979-03-31,1.1492999768257142
ID117,1979-06-30,431180.77999999817
ID117,1979-09-30,1.1492999768257142
ID117,1979-12-31,1.1492999768257142
ID117,1980-03-31,1.1492999768257142
ID117,1980-06-30,1.1492999768257142
ID117,1980-09-30,431180.77999999817
ID117,1980-12-31,431180.77999999817
ID117,1981-03-31,431180.77999999817
ID117,1981-06-30,1.1492999768257142
ID117,1981-09-30,1.1492999768257142
ID117,1981-12-31,1.1492999768257142
ID117,1982-03-31,431180.77999999817
ID117,1982-06-30,1.1492999768257142
ID117,1982-09-30,1.1492999768257142
ID117,1982-12-31,431180.77999999817
ID117,1983-03-31,431180.77999999817
ID117,1983-06-30,1.1492999768257142
ID117,1983-09-30,1.1492999768257142
ID117,1983-12-31,1.1492999768257142
ID117,1984-03-31,1.1492999768257142
ID117,1984-06-30,6073.326777311509
ID117,1984-09-30,1.1492999768257142
ID117,1984-12-31,1.1492999768257142
ID117,1985-03-31,431180.77999999817
ID117,1985-06-30,1.1492999768257142
ID117,1985-09-30,431180.77999999817
ID117,1985-12-31,1.1492999768257142
ID117,1986-03-31,1.1492999768257142
ID117,1986-06-30,1.1492999768257142
ID117,1986-09-30,257695.12408512036
ID117,1986-12-31,431180.77999999817
ID117,1987-03-31,431180.77999999817
ID117,1987-06-30,431180.77999999817
ID117,1987-09-30,431180.77999999817
ID117,1987-12-31,1.1492999768257142
ID117,1988-03-31,1.1492999768257142
ID117,1988-06-30,1.1492999768257142
ID117,1988-09-30,431180.77999999817
ID118,1975-12-31,431180.77999999817
ID118,1976-03-31,1.1492999768257142
ID118,1976-06-30,431180.77999999817
ID118,1976-09-30,1.1492999768257142
ID118,1976-12-31,431180.77999999817
ID118,1977-03-31,1.1492999768257142
ID118,1977-06-30,1.1492999768257142
ID118,1977-09-30,1.1492999768257142
ID118,1977-12-31,431180.77999999817
ID118,1978-03-31,431180.77999999817
ID118,1978-06-30,1.1492999768257142
ID118,1978-09-30,1.1492999768257142
ID118,1978-12-31,431180.77999999817
ID118,1979-03-31,1.1492999768257142
ID118,1979-06-30,431180.77999999817
ID118,1979-09-30,1.1492999768257142
ID118,1979-12-31,1.1492999768257142
ID118,1980-03-31,431180.77999999817
ID118,1980-06-30,431180.77999999817
ID118,1980-09-30,431180.77999999817
ID118,1980-12-31,1.1492999768257142
ID118,1981-03-31,431180.77999999817
ID118,1981-06-30,431180.77999999817
ID118,1981-09-30,1.1492999768257142
ID118,1981-12-31,1.1492999768257142
ID118,1982-03-31,431180.77999999817
ID118,1982-06-30,431180.77999999817
ID118,1982-09-30,1.1492999768257142
ID118,1982-12-31,1.1492999768257142
ID118,1983-03-31,431180.77999999817
ID118,1983-06-30,431180.77999999817
ID118,1983-09-30,431180.77999999817
ID118,1983-12-31,1.1492999768257142
ID118,1984-03-31,1.1492999768257142
ID118,1984-06-30,1.1492999768257142
ID118,1984-09-30,1.1492999768257142
ID118,1984-12-31,431180.77999999817
ID118,1985-03-31,431180.77999999817
ID118,1985-06-30,431180.77999999817
ID118,1985-09-30,431180.77999999817
ID118,1985-12-31,431180.77999999817
ID118,1986-03-31,1.1492999768257142
ID118,1986-06-30,1.1492999768257142
ID118,1986-09-30,374386.2105428552
ID118,1986-12-31,1.1492999768257142
ID118,1987-03-31,431180.77999999817
ID118,1987-06-30,1.1492999768257142
ID118,1987-09-30,1.1492999768257142
ID118,1987-12-31,431180.77999999817
ID118,1988-03-31,431180.77999999817
ID118,1988-06-30,431180.77999999817
ID118,1988-09-30,431180.77999999817
ID119,1975-12-31,1.1492999768257142
ID119,1976-03-31,1.1492999768257142
ID119,1976-06-30,1.1492999768257142
ID119,1976-09-30,431180.77999999817
ID119,1976-12-31,431180.77999999817
ID119,1977-03-31,1.1492999768257142
ID119,1977-06-30,431180.77999999817
ID119,1977-09-30,1.1492999768257142
ID119,1977-12-31,1.1492999768257142
ID119,1978-03-31,431180.77999999817
ID119,1978-06-30,1.1492999768257142
ID119,1978-09-30,431180.77999999817
ID119,1978-12-31,431180.77999999817
ID119,1979-03-31,431180.77999999817
ID119,1979-06-30,431180.77999999817
ID119,1979-09-30,205686.92651137896
ID119,1979-12-31,1.1492999768257142
ID119,1980-03-31,431180.77999999817
ID119,1980-06-30,431180.77999999817
ID119,1980-09-30,431180.77999999817
ID119,1980-12-31,1.1492999768257142
ID119,1981-03-31,431180.77999999817
ID119,1981-06-30,1.1492999768257142
ID119,1981-09-30,1.1492999768257142
ID119,1981-12-31,1.1492999768257142
ID119,1982-03-31,1.1492999768257142
ID119,1982-06-30,1.1492999768257142
ID119,1982-09-30,1.1492999768257142
ID119,1982-12-31,1.1492999768257142
ID119,1983-03-31,1.1492999768257142
ID119,1983-06-30,431180.77999999817
ID119,1983-09-30,1.1492999768257142
ID119,1983-12-31,1.1492999768257142
ID119,1984-03-31,431180.77999999817
ID119,1984-06-30,1.1492999768257142
ID119,1984-09-30,1.1492999768257142
ID119,1984-12-31,1.1492999768257142
ID119,1985-03-31,1.1492999768257142
ID119,1985-06-30,1.1492999768257142
ID119,1985-09-30,431180.77999999817
ID119,1985-12-31,1.1492999768257142
ID119,1986-03-31,1.1492999768257142
ID119,1986-06-30,1.1492999768257142
ID119,1986-09-30,32472.995764310945
ID119,1986-12-31,1.1492999768257142
ID119,1987-03-31,1.1492999768257142
ID119,1987-06-30,431180.77999999817
ID119,1987-09-30,1.1492999768257142
ID119,1987-12-31,431180.77999999817
ID119,1988-03-31,303281.30585601664
ID119,1988-06-30,1.1492999768257142
ID119,1988-09-30,1.1492999768257142
ID12,1977-12-31,431180.77999999817
ID12,1978-03-31,431180.77999999817
ID12,1978-06-30,1.1492999768257142
ID12,1978-09-30,1.1492999768257142
ID12,1978-12-31,431180.77999999817
ID12,1979-03-31,431180.77999999817
ID12,1979-06-30,1.1492999768257142
ID12,1979-09-30,1.1492999768257142
ID12,1979-12-31,103729.55384857637
ID12,1980-03-31,1.1492999768257142
ID12,1980-06-30,1.1492999768257142
ID12,1980-09-30,1.1492999768257142
ID12,1980-12-31,431180.77999999817
ID12,1981-03-31,1.1492999768257142
ID12,1981-06-30,1.1492999768257142
ID12,1981-09-30,1.1492999768257142
ID12,1981-12-31,1.1492999768257142
ID12,1982-03-31,1.1492999768257142
ID12,1982-06-30,1.1492999768257142
ID12,1982-09-30,431180.77999999817
ID12,1982-12-31,1.1492999768257142
ID12,1983-03-31,431180.77999999817
ID12,1983-06-30,1.1492999768257142
ID12,1983-09-30,431180.77999999817
ID12,1983-12-31,1.1492999768257142
ID12,1984-03-31,1.1492999768257142
ID12,1984-06-30,431180.77999999817
ID12,1984-09-30,431180.77999999817
ID12,1984-12-31,431180.77999999817
ID12,1985-03-31,431180.77999999817
ID12,1985-06-30,85007.49337192344
ID12,1985-09-30,431180.77999999817
ID12,1985-12-31,1.1492999768257142
ID12,1986-03-31,1.1492999768257142
ID12,1986-06-30,1.1492999768257142
ID12,1986-09-30,431180.77999999817
ID12,1986-12-31,1.1492999768257142
ID12,1987-03-31,431180.77999999817
ID12,1987-06-30,1.1492999768257142
ID12,1987-09-30,1.1492999768257142
ID12,1987-12-31,431180.77999999817
ID12,1988-03-31,431180.77999999817
ID12,1988-06-30,1.1492999768257142
ID12,1988-09-30,1.1492999768257142
ID12,1988-12-31,1.1492999768257142
ID12,1989-03-31,1.1492999768257142
ID12,1989-06-30,431180.77999999817
ID12,1989-09-30,431180.77999999817
ID12,1989-12-31,1.1492999768257142
ID12,1990-03-31,1.1492999768257142
ID12,1990-06-30,431180.77999999817
ID12,1990-09-30,431180.77999999817
ID12,1990-12-31,1.1492999768257142
ID12,1991-03-31,1.1492999768257142
ID12,1991-06-30,431180.77999999817
ID12,1991-09-30,1.1492999768257142
ID120,1975-12-31,431180.77999999817
ID120,1976-03-31,431180.77999999817
ID120,1976-06-30,1.1492999768257142
ID120,1976-09-30,1.1492999768257142
ID120,1976-12-31,1.1492999768257142
ID120,1977-03-31,1.1492999768257142
ID120,1977-06-30,431180.77999999817
ID120,1977-09-30,1.1492999768257142
ID120,1977-12-31,431180.77999999817
ID120,1978-03-31,1.1492999768257142
ID120,1978-06-30,1.1492999768257142
ID120,1978-09-30,1.1492999768257142
ID120,1978-12-31,431180.77999999817
ID120,1979-03-31,1.1492999768257142
ID120,1979-06-30,431180.77999999817
ID120,1979-09-30,431180.77999999817
ID120,1979-12-31,431180.77999999817
ID120,1980-03-31,431180.77999999817
ID120,1980-06-30,431180.77999999817
ID120,1980-09-30,1.1492999768257142
ID120,1980-12-31,431180.77999999817
ID120,1981-03-31,1.1492999768257142
ID120,1981-06-30,1.1492999768257142
ID120,1981-09-30,431180.77999999817
ID120,1981-12-31,1.1492999768257142
ID120,1982-03-31,1.1492999768257142
ID120,1982-06-30,431180.77999999817
ID120,1982-09-30,1.1492999768257142
ID120,1982-12-31,1.1492999768257142
ID120,1983-03-31,431180.77999999817
ID120,1983-06-30,431180.77999999817
ID120,1983-09-30,1.1492999768257142
ID120,1983-12-31,431180.77999999817
ID120,1984-03-31,431180.77999999817
ID120,1984-06-30,431180.77999999817
ID120,1984-09-30,1.1492999768257142
ID120,1984-12-31,431180.77999999817
ID120,1985-03-31,1.1492999768257142
ID120,1985-06-30,1.1492999768257142
ID120,1985-09-30,1.1492999768257142
ID120,1985-12-31,1.1492999768257142
ID120,1986-03-31,1.1492999768257142
ID120,1986-06-30,1.1492999768257142
ID120,1986-09-30,431180.77999999817
ID120,1986-12-31,1.1492999768257142
ID120,1987-03-31,431180.77999999817
ID120,1987-06-30,1.1492999768257142
ID120,1987-09-30,1.1492999768257142
ID120,1987-12-31,1.1492999768257142
ID120,1988-03-31,1.1492999768257142
ID120,1988-06-30,431180.77999999817
ID120,1988-09-30,1.1492999768257142
ID120,1988-12-31,431180.77999999817
ID120,1989-03-31,1.1492999768257142
ID120,1989-06-30,431180.77999999817
ID120,1989-09-30,431180.77999999817
ID120,1989-12-31,1.1492999768257142
ID120,1990-03-31,431180.77999999817
ID120,1990-06-30,431180.77999999817
ID120,1990-09-30,1.1492999768257142
ID120,1990-12-31,316278.28442476765
ID120,1991-03-31,431180.77999999817
ID120,1991-06-30,431180.77999999817
ID120,1991-09-30,1.1492999768257142
ID120,1991-12-31,431180.77999999817
ID120,1992-03-31,103650.88127392299
ID120,1992-06-30,431180.77999999817
ID120,1992-09-30,431180.77999999817
ID120,1992-12-31,296262.53482425434
ID120,1993-03-31,1.1492999768257142
ID120,1993-06-30,1.1492999768257142
ID120,1993-09-30,1.1492999768257142
ID121,1969-12-31,431180.77999999817
ID121,1970-03-31,431180.77999999817
ID121,1970-06-30,431180.77999999817
ID121,1970-09-30,431180.77999999817
ID121,1970-12-31,431180.77999999817
ID121,1971-03-31,1.1492999768257142
ID121,1971-06-30,1.1492999768257142
ID121,1971-09-30,431180.77999999817
ID121,1971-12-31,431180.77999999817
ID121,1972-03-31,119821.85437956122
ID121,1972-06-30,81209.288257946
ID121,1972-09-30,1.1492999768257142
ID121,1972-12-31,1.1492999768257142
ID121,1973-03-31,431180.77999999817
ID121,1973-06-30,1.1492999768257142
ID121,1973-09-30,1.1492999768257142
ID121,1973-12-31,431180.77999999817
ID121,1974-03-31,1.1492999768257142
ID121,1974-06-30,280413.70641885395
ID121,1974-09-30,1.1492999768257142
ID121,1974-12-31,431180.77999999817
ID121,1975-03-31,431180.77999999817
ID121,1975-06-30,1.1492999768257142
ID121,1975-09-30,118456.21180765911
ID121,1975-12-31,431180.77999999817
ID121,1976-03-31,394083.1176287654
ID121,1976-06-30,1.1492999768257142
ID121,1976-09-30,431180.77999999817
ID121,1976-12-31,1.1492999768257142
ID121,1977-03-31,431180.77999999817
ID121,1977-06-30,1.1492999768257142
ID121,1977-09-30,1.1492999768257142
ID122,1969-12-31,1.1492999768257142
ID122,1970-03-31,431180.77999999817
ID122,1970-06-30,431180.77999999817
ID122,1970-09-30,431180.77999999817
ID122,1970-12-31,1.1492999768257142
ID122,1971-03-31,1.1492999768257142
ID122,1971-06-30,104546.0001719508
ID122,1971-09-30,431180.77999999817
ID122,1971-12-31,1.1492999768257142
ID122,1972-03-31,1.1492999768257142
ID122,1972-06-30,431180.77999999817
ID122,1972-09-30,1.1492999768257142
ID122,1972-12-31,431180.77999999817
ID122,1973-03-31,1.1492999768257142
ID122,1973-06-30,431180.77999999817
ID122,1973-09-30,1.1492999768257142
ID122,1973-12-31,1.1492999768257142
ID122,1974-03-31,431180.77999999817
ID122,1974-06-30,431180.77999999817
ID122,1974-09-30,1.1492999768257142
ID122,1974-12-31,431180.77999999817
ID122,1975-03-31,1.1492999768257142
ID122,1975-06-30,431180.77999999817
ID122,1975-09-30,1.1492999768257142
ID122,1975-12-31,431180.77999999817
ID122,1976-03-31,1.1492999768257142
ID122,1976-06-30,431180.77999999817
ID122,1976-09-30,431180.77999999817
ID122,1976-12-31,1.1492999768257142
ID122,1977-03-31,431180.77999999817
ID122,1977-06-30,1.1492999768257142
ID122,1977-09-30,431180.77999999817
ID123,1969-12-31,431180.77999999817
ID123,1970-03-31,1.1492999768257142
ID123,1970-06-30,431180.77999999817
ID123,1970-09-30,431180.77999999817
ID123,1970-12-31,1.1492999768257142
ID123,1971-03-31,1.1492999768257142
ID123,1971-06-30,1.1492999768257142
ID123,1971-09-30,1.1492999768257142
ID123,1971-12-31,328503.3392081231
ID123,1972-03-31,1.1492999768257142
ID123,1972-06-30,431180.77999999817
ID123,1972-09-30,61166.87897053076
ID123,1972-12-31,431180.77999999817
ID123,1973-03-31,431180.77999999817
ID123,1973-06-30,431180.77999999817
ID123,1973-09-30,431180.77999999817
ID123,1973-12-31,1.1492999768257142
ID123,1974-03-31,431180.77999999817
ID123,1974-06-30,431180.77999999817
ID123,1974-09-30,431180.77999999817
ID123,1974-12-31,431180.77999999817
ID123,1975-03-31,1.1492999768257142
ID123,1975-06-30,11021.158635280924
ID123,1975-09-30,431180.77999999817
ID123,1975-12-31,248238.55461712004
ID123,1976-03-31,431180.77999999817
ID123,1976-06-30,1.1492999768257142
ID123,1976-09-30,431180.77999999817
ID123,1976-12-31,431180.77999999817
ID123,1977-03-31,1.1492999768257142
ID123,1977-06-30,1.1492999768257142
ID123,1977-09-30,431180.77999999817
ID124,1969-12-31,431180.77999999817
ID124,1970-03-31,1.1492999768257142
ID124,1970-06-30,1.1492999768257142
ID124,1970-09-30,431180.77999999817
ID124,1970-12-31,1.1492999768257142
ID124,1971-03-31,1.1492999768257142
ID124,1971-06-30,431180.77999999817
ID124,1971-09-30,1.1492999768257142
ID124,1971-12-31,1.1492999768257142
ID124,1972-03-31,1.1492999768257142
ID124,1972-06-30,431180.77999999817
ID124,1972-09-30,1.1492999768257142
ID124,1972-12-31,1.1492999768257142
ID124,1973-03-31,1.1492999768257142
ID124,1973-06-30,431180.77999999817
ID124,1973-09-30,431180.77999999817
ID124,1973-12-31,1.1492999768257142
ID124,1974-03-31,431180.77999999817
ID124,1974-06-30,431180.77999999817
ID124,1974-09-30,431180.77999999817
ID124,1974-12-31,315091.84425555536
ID124,1975-03-31,431180.77999999817
ID124,1975-06-30,431180.77999999817
ID124,1975-09-30,431180.77999999817
ID124,1975-12-31,1.1492999768257142
ID124,1976-03-31,431180.77999999817
ID124,1976-06-30,286623.21639869
ID124,1976-09-30,431180.77999999817
ID124,1976-12-31,431180.77999999817
ID124,1977-03-31,1.1492999768257142
ID124,1977-06-30,1.1492999768257142
ID124,1977-09-30,1.1492999768257142
ID125,1969-12-31,431180.77999999817
ID125,1970-03-31,1.1492999768257142
ID125,1970-06-30,431180.77999999817
ID125,1970-09-30,431180.77999999817
ID125,1970-12-31,1.1492999768257142
ID125,1971-03-31,431180.77999999817
ID125,1971-06-30,1.1492999768257142
ID125,1971-09-30,1.1492999768257142
ID125,1971-12-31,431180.77999999817
ID125,1972-03-31,1.1492999768257142
ID125,1972-06-30,431180.77999999817
ID125,1972-09-30,1.1492999768257142
ID125,1972-12-31,431180.77999999817
ID125,1973-03-31,431180.77999999817
ID125,1973-06-30,431180.77999999817
ID125,1973-09-30,1.1492999768257142
ID125,1973-12-31,431180.77999999817
ID125,1974-03-31,431180.77999999817
ID125,1974-06-30,1.1492999768257142
ID125,1974-09-30,431180.77999999817
ID125,1974-12-31,1.1492999768257142
ID125,1975-03-31,1.1492999768257142
ID125,1975-06-30,1.1492999768257142
ID125,1975-09-30,1.1492999768257142
ID125,1975-12-31,431180.77999999817
ID125,1976-03-31,431180.77999999817
ID125,1976-06-30,1.1492999768257142
ID125,1976-09-30,431180.77999999817
ID125,1976-12-31,1.1492999768257142
ID125,1977-03-31,1.1492999768257142
ID125,1977-06-30,1.1492999768257142
ID125,1977-09-30,1.1492999768257142
ID126,1975-12-31,1.1492999768257142
ID126,1976-03-31,1.1492999768257142
ID126,1976-06-30,261225.2735613041
ID126,1976-09-30,431180.77999999817
ID126,1976-12-31,431180.77999999817
ID126,1977-03-31,431180.77999999817
ID126,1977-06-30,431180.77999999817
ID126,1977-09-30,431180.77999999817
ID126,1977-12-31,1.1492999768257142
ID126,1978-03-31,1.1492999768257142
ID126,1978-06-30,431180.77999999817
ID126,1978-09-30,1.1492999768257142
ID126,1978-12-31,1.1492999768257142
ID126,1979-03-31,431180.77999999817
ID126,1979-06-30,431180.77999999817
ID126,1979-09-30,1.1492999768257142
ID126,1979-12-31,431180.77999999817
ID126,1980-03-31,431180.77999999817
ID126,1980-06-30,431180.77999999817
ID126,1980-09-30,1.1492999768257142
ID126,1980-12-31,19507.64237210539
ID126,1981-03-31,1.1492999768257142
ID126,1981-06-30,431180.77999999817
ID126,1981-09-30,1.1492999768257142
ID126,1981-12-31,1.1492999768257142
ID126,1982-03-31,1.1492999768257142
ID126,1982-06-30,1.1492999768257142
ID126,1982-09-30,431180.77999999817
ID126,1982-12-31,1.1492999768257142
ID126,1983-03-31,1.1492999768257142
ID126,1983-06-30,431180.77999999817
ID126,1983-09-30,1.1492999768257142
ID126,1983-12-31,1.1492999768257142
ID126,1984-03-31,431180.77999999817
ID126,1984-06-30,1.1492999768257142
ID126,1984-09-30,1.1492999768257142
ID126,1984-12-31,1.1492999768257142
ID126,1985-03-31,1.1492999768257142
ID126,1985-06-30,431180.77999999817
ID126,1985-09-30,261825.0157584111
ID127,1975-12-31,1.1492999768257142
ID127,1976-03-31,431180.77999999817
ID127,1976-06-30,431180.77999999817
ID127,1976-09-30,431180.77999999817
ID127,1976-12-31,36527.66189961764
ID127,1977-03-31,431180.77999999817
ID127,1977-06-30,431180.77999999817
ID127,1977-09-30,431180.77999999817
ID127,1977-12-31,354020.934603015
ID127,1978-03-31,1.1492999768257142
ID127,1978-06-30,1.1492999768257142
ID127,1978-09-30,1.1492999768257142
ID127,1978-12-31,1.1492999768257142
ID127,1979-03-31,431180.77999999817
ID127,1979-06-30,431180.77999999817
ID127,1979-09-30,431180.77999999817
ID127,1979-12-31,1.1492999768257142
ID127,1980-03-31,431180.77999999817
ID127,1980-06-30,1.1492999768257142
ID127,1980-09-30,1.1492999768257142
ID127,1980-12-31,1.1492999768257142
ID127,1981-03-31,431180.77999999817
ID127,1981-06-30,431180.77999999817
ID127,1981-09-30,1.1492999768257142
ID127,1981-12-31,431180.77999999817
ID127,1982-03-31,1.1492999768257142
ID127,1982-06-30,1.1492999768257142
ID127,1982-09-30,1.1492999768257142
ID127,1982-12-31,1.1492999768257142
ID127,1983-03-31,1.1492999768257142
ID127,1983-06-30,431180.77999999817
ID127,1983-09-30,1.1492999768257142
ID127,1983-12-31,1.1492999768257142
ID127,1984-03-31,431180.77999999817
ID127,1984-06-30,431180.77999999817
ID127,1984-09-30,1.1492999768257142
ID127,1984-12-31,1.1492999768257142
ID127,1985-03-31,431180.77999999817
ID127,1985-06-30,1.1492999768257142
ID127,1985-09-30,1.1492999768257142
ID127,1985-12-31,314467.8935340025
ID127,1986-03-31,1.1492999768257142
ID127,1986-06-30,1.1492999768257142
ID127,1986-09-30,1.1492999768257142
ID127,1986-12-31,1.1492999768257142
ID127,1987-03-31,1.1492999768257142
ID127,1987-06-30,1.1492999768257142
ID127,1987-09-30,163942.67880117087
ID128,1975-12-31,1.1492999768257142
ID128,1976-03-31,431180.77999999817
ID128,1976-06-30,1.1492999768257142
ID128,1976-09-30,1.1492999768257142
ID128,1976-12-31,431180.77999999817
ID128,1977-03-31,1.1492999768257142
ID128,1977-06-30,1.1492999768257142
ID128,1977-09-30,431180.77999999817
ID128,1977-12-31,1.1492999768257142
ID128,1978-03-31,1.1492999768257142
ID128,1978-06-30,1.1492999768257142
ID128,1978-09-30,1.1492999768257142
ID128,1978-12-31,431180.77999999817
ID128,1979-03-31,1.1492999768257142
ID128,1979-06-30,1.1492999768257142
ID128,1979-09-30,322301.8786418707
ID128,1979-12-31,431180.77999999817
ID128,1980-03-31,431180.77999999817
ID128,1980-06-30,431180.77999999817
ID128,1980-09-30,431180.77999999817
ID128,1980-12-31,431180.77999999817
ID128,1981-03-31,1.1492999768257142
ID128,1981-06-30,431180.77999999817
ID128,1981-09-30,1.1492999768257142
ID128,1981-12-31,1.1492999768257142
ID128,1982-03-31,431180.77999999817
ID128,1982-06-30,1.1492999768257142
ID128,1982-09-30,431180.77999999817
ID128,1982-12-31,431180.77999999817
ID128,1983-03-31,431180.77999999817
ID128,1983-06-30,1.1492999768257142
ID128,1983-09-30,431180.77999999817
ID128,1983-12-31,431180.77999999817
ID128,1984-03-31,1.1492999768257142
ID128,1984-06-30,431180.77999999817
ID128,1984-09-30,431180.77999999817
ID128,1984-12-31,1.1492999768257142
ID128,1985-03-31,431180.77999999817
ID128,1985-06-30,1.1492999768257142
ID128,1985-09-30,1.1492999768257142
ID128,1985-12-31,1.1492999768257142
ID128,1986-03-31,1.1492999768257142
ID128,1986-06-30,1.1492999768257142
ID128,1986-09-30,1.1492999768257142
ID128,1986-12-31,1.1492999768257142
ID128,1987-03-31,431180.77999999817
ID128,1987-06-30,1.1492999768257142
ID128,1987-09-30,1.1492999768257142
ID129,1975-12-31,1.1492999768257142
ID129,1976-03-31,1.1492999768257142
ID129,1976-06-30,431180.77999999817
ID129,1976-09-30,431180.77999999817
ID129,1976-12-31,431180.77999999817
ID129,1977-03-31,431180.77999999817
ID129,1977-06-30,1.1492999768257142
ID129,1977-09-30,431180.77999999817
ID129,1977-12-31,122212.7028346448
ID129,1978-03-31,431180.77999999817
ID129,1978-06-30,1.1492999768257142
ID129,1978-09-30,1.1492999768257142
ID129,1978-12-31,431180.77999999817
ID129,1979-03-31,153759.9328404768
ID129,1979-06-30,1.1492999768257142
ID129,1979-09-30,1.1492999768257142
ID129,1979-12-31,431180.77999999817
ID129,1980-03-31,1.1492999768257142
ID129,1980-06-30,1.1492999768257142
ID129,1980-09-30,431180.77999999817
ID129,1980-12-31,431180.77999999817
ID129,1981-03-31,431180.77999999817
ID129,1981-06-30,431180.77999999817
ID129,1981-09-30,1.1492999768257142
ID129,1981-12-31,431180.77999999817
ID129,1982-03-31,431180.77999999817
ID129,1982-06-30,1.1492999768257142
ID129,1982-09-30,431180.77999999817
ID129,1982-12-31,1.1492999768257142
ID129,1983-03-31,431180.77999999817
ID129,1983-06-30,1.1492999768257142
ID129,1983-09-30,431180.77999999817
ID129,1983-12-31,1.1492999768257142
ID129,1984-03-31,431180.77999999817
ID129,1984-06-30,431180.77999999817
ID129,1984-09-30,431180.77999999817
ID129,1984-12-31,431180.77999999817
ID129,1985-03-31,431180.77999999817
ID129,1985-06-30,431180.77999999817
ID129,1985-09-30,1.1492999768257142
ID129,1985-12-31,1.1492999768257142
ID129,1986-03-31,431180.77999999817
ID129,1986-06-30,1.1492999768257142
ID129,1986-09-30,1.1492999768257142
ID129,1986-12-31,1.1492999768257142
ID129,1987-03-31,1.1492999768257142
ID129,1987-06-30,1.1492999768257142
ID129,1987-09-30,1.1492999768257142
ID13,1978-06-30,1.1492999768257142
ID13,1978-09-30,431180.77999999817
ID13,1978-12-31,1.1492999768257142
ID13,1979-03-31,431180.77999999817
ID13,1979-06-30,431180.77999999817
ID13,1979-09-30,431180.77999999817
ID13,1979-12-31,431180.77999999817
ID13,1980-03-31,431180.77999999817
ID13,1980-06-30,431180.77999999817
ID13,1980-09-30,322344.3337783851
ID13,1980-12-31,1.1492999768257142
ID13,1981-03-31,431180.77999999817
ID13,1981-06-30,37157.40053686303
ID13,1981-09-30,1.1492999768257142
ID13,1981-12-31,1.1492999768257142
ID13,1982-03-31,256038.3704676163
ID13,1982-06-30,431180.77999999817
ID13,1982-09-30,321218.6912932774
ID13,1982-12-31,431180.77999999817
ID13,1983-03-31,431180.77999999817
ID13,1983-06-30,1.1492999768257142
ID13,1983-09-30,1.1492999768257142
ID13,1983-12-31,1.1492999768257142
ID13,1984-03-31,1.1492999768257142
ID13,1984-06-30,1.1492999768257142
ID13,1984-09-30,431180.77999999817
ID13,1984-12-31,1.1492999768257142
ID13,1985-03-31,1.1492999768257142
ID13,1985-06-30,1.1492999768257142
ID130,1975-12-31,431180.77999999817
ID130,1976-03-31,431180.77999999817
ID130,1976-06-30,431180.77999999817
ID130,1976-09-30,431180.77999999817
ID130,1976-12-31,431180.77999999817
ID130,1977-03-31,431180.77999999817
ID130,1977-06-30,382359.8039998609
ID130,1977-09-30,1.1492999768257142
ID130,1977-12-31,431180.77999999817
ID130,1978-03-31,431180.77999999817
ID130,1978-06-30,1.1492999768257142
ID130,1978-09-30,1.1492999768257142
ID130,1978-12-31,431180.77999999817
ID130,1979-03-31,1.1492999768257142
ID130,1979-06-30,1.1492999768257142
ID130,1979-09-30,1.1492999768257142
ID130,1979-12-31,1.1492999768257142
ID130,1980-03-31,431180.77999999817
ID130,1980-06-30,431180.77999999817
ID130,1980-09-30,1.1492999768257142
ID130,1980-12-31,1.1492999768257142
ID130,1981-03-31,1.1492999768257142
ID130,1981-06-30,431180.77999999817
ID130,1981-09-30,431180.77999999817
ID130,1981-12-31,309850.3811160933
ID130,1982-03-31,1.1492999768257142
ID130,1982-06-30,1.1492999768257142
ID130,1982-09-30,431180.77999999817
ID130,1982-12-31,431180.77999999817
ID130,1983-03-31,1.1492999768257142
ID130,1983-06-30,1.1492999768257142
ID130,1983-09-30,1.1492999768257142
ID130,1983-12-31,1.1492999768257142
ID130,1984-03-31,1.1492999768257142
ID130,1984-06-30,431180.77999999817
ID130,1984-09-30,1.1492999768257142
ID130,1984-12-31,1.1492999768257142
ID130,1985-03-31,1.1492999768257142
ID130,1985-06-30,1.1492999768257142
ID130,1985-09-30,431180.77999999817
ID130,1985-12-31,166109.7429033823
ID130,1986-03-31,431180.77999999817
ID130,1986-06-30,431180.77999999817
ID130,1986-09-30,1.1492999768257142
ID130,1986-12-31,1.1492999768257142
ID130,1987-03-31,1.1492999768257142
ID130,1987-06-30,1.1492999768257142
ID130,1987-09-30,431180.77999999817
ID131,1975-12-31,1.1492999768257142
ID131,1976-03-31,1.1492999768257142
ID131,1976-06-30,1.1492999768257142
ID131,1976-09-30,1.1492999768257142
ID131,1976-12-31,1.1492999768257142
ID131,1977-03-31,431180.77999999817
ID131,1977-06-30,1.1492999768257142
ID131,1977-09-30,431180.77999999817
ID131,1977-12-31,1.1492999768257142
ID131,1978-03-31,1.1492999768257142
ID131,1978-06-30,1.1492999768257142
ID131,1978-09-30,431180.77999999817
ID131,1978-12-31,1.1492999768257142
ID131,1979-03-31,1.1492999768257142
ID131,1979-06-30,431180.77999999817
ID131,1979-09-30,1.1492999768257142
ID131,1979-12-31,431180.77999999817
ID131,1980-03-31,431180.77999999817
ID131,1980-06-30,1.1492999768257142
ID131,1980-09-30,431180.77999999817
ID131,1980-12-31,431180.77999999817
ID131,1981-03-31,431180.77999999817
ID131,1981-06-30,431180.77999999817
ID131,1981-09-30,1.1492999768257142
ID131,1981-12-31,431180.77999999817
ID131,1982-03-31,1.1492999768257142
ID131,1982-06-30,265642.41630288685
ID131,1982-09-30,431180.77999999817
ID131,1982-12-31,1.1492999768257142
ID131,1983-03-31,431180.77999999817
ID131,1983-06-30,431180.77999999817
ID131,1983-09-30,431180.77999999817
ID131,1983-12-31,1.1492999768257142
ID131,1984-03-31,1.1492999768257142
ID131,1984-06-30,431180.77999999817
ID131,1984-09-30,1.1492999768257142
ID131,1984-12-31,431180.77999999817
ID131,1985-03-31,431180.77999999817
ID131,1985-06-30,431180.77999999817
ID131,1985-09-30,431180.77999999817
ID131,1985-12-31,431180.77999999817
ID131,1986-03-31,431180.77999999817
ID131,1986-06-30,1.1492999768257142
ID131,1986-09-30,1.1492999768257142
ID131,1986-12-31,431180.77999999817
ID131,1987-03-31,431180.77999999817
ID131,1987-06-30,1.1492999768257142
ID131,1987-09-30,431180.77999999817
ID132,1969-12-31,431180.77999999817
ID132,1970-03-31,431180.77999999817
ID132,1970-06-30,431180.77999999817
ID132,1970-09-30,431180.77999999817
ID132,1970-12-31,1.1492999768257142
ID132,1971-03-31,363615.45639812207
ID132,1971-06-30,1.1492999768257142
ID132,1971-09-30,431180.77999999817
ID132,1971-12-31,1.1492999768257142
ID132,1972-03-31,431180.77999999817
ID132,1972-06-30,1.1492999768257142
ID132,1972-09-30,431180.77999999817
ID132,1972-12-31,1.1492999768257142
ID132,1973-03-31,431180.77999999817
ID132,1973-06-30,1.1492999768257142
ID132,1973-09-30,24606.95959501577
ID132,1973-12-31,1.1492999768257142
ID132,1974-03-31,1.1492999768257142
ID132,1974-06-30,1.1492999768257142
ID132,1974-09-30,1.1492999768257142
ID132,1974-12-31,431180.77999999817
ID132,1975-03-31,431180.77999999817
ID132,1975-06-30,431180.77999999817
ID132,1975-09-30,414042.33803967666
ID132,1975-12-31,1.1492999768257142
ID132,1976-03-31,431180.77999999817
ID132,1976-06-30,1.1492999768257142
ID132,1976-09-30,1.1492999768257142
ID132,1976-12-31,431180.77999999817
ID132,1977-03-31,1.1492999768257142
ID132,1977-06-30,1.1492999768257142
ID132,1977-09-30,1.1492999768257142
ID133,1969-12-31,431180.77999999817
ID133,1970-03-31,1.1492999768257142
ID133,1970-06-30,431180.77999999817
ID133,1970-09-30,431180.77999999817
ID133,1970-12-31,431180.77999999817
ID133,1971-03-31,1.1492999768257142
ID133,1971-06-30,431180.77999999817
ID133,1971-09-30,1.1492999768257142
ID133,1971-12-31,431180.77999999817
ID133,1972-03-31,200562.81963903533
ID133,1972-06-30,1.1492999768257142
ID133,1972-09-30,431180.77999999817
ID133,1972-12-31,1.1492999768257142
ID133,1973-03-31,1.1492999768257142
ID133,1973-06-30,431180.77999999817
ID133,1973-09-30,431180.77999999817
ID133,1973-12-31,1.1492999768257142
ID133,1974-03-31,1.1492999768257142
ID133,1974-06-30,431180.77999999817
ID133,1974-09-30,1.1492999768257142
ID133,1974-12-31,431180.77999999817
ID133,1975-03-31,431180.77999999817
ID133,1975-06-30,1.1492999768257142
ID133,1975-09-30,431180.77999999817
ID133,1975-12-31,431180.77999999817
ID133,1976-03-31,431180.77999999817
ID133,1976-06-30,1.1492999768257142
ID133,1976-09-30,1.1492999768257142
ID133,1976-12-31,431180.77999999817
ID133,1977-03-31,128712.81909790731
ID133,1977-06-30,1.1492999768257142
ID133,1977-09-30,1.1492999768257142
ID134,1975-12-31,431180.77999999817
ID134,1976-03-31,431180.77999999817
ID134,1976-06-30,431180.77999999817
ID134,1976-09-30,431180.77999999817
ID134,1976-12-31,1.1492999768257142
ID134,1977-03-31,431180.77999999817
ID134,1977-06-30,1.1492999768257142
ID134,1977-09-30,1.1492999768257142
ID134,1977-12-31,431180.77999999817
ID134,1978-03-31,431180.77999999817
ID134,1978-06-30,431180.77999999817
ID134,1978-09-30,369427.92454509164
ID134,1978-12-31,431180.77999999817
ID134,1979-03-31,431180.77999999817
ID134,1979-06-30,431180.77999999817
ID134,1979-09-30,1.1492999768257142
ID134,1979-12-31,1.1492999768257142
ID134,1980-03-31,431180.77999999817
ID134,1980-06-30,431180.77999999817
ID134,1980-09-30,431180.77999999817
ID134,1980-12-31,1.1492999768257142
ID134,1981-03-31,431180.77999999817
ID134,1981-06-30,1.1492999768257142
ID134,1981-09-30,431180.77999999817
ID134,1981-12-31,1.1492999768257142
ID134,1982-03-31,1.1492999768257142
ID134,1982-06-30,431180.77999999817
ID134,1982-09-30,215166.7465143885
ID134,1982-12-31,431180.77999999817
ID134,1983-03-31,1.1492999768257142
ID134,1983-06-30,431180.77999999817
ID134,1983-09-30,1.1492999768257142
ID134,1983-12-31,286763.81063764327
ID134,1984-03-31,1.1492999768257142
ID134,1984-06-30,1.1492999768257142
ID134,1984-09-30,1.1492999768257142
ID134,1984-12-31,431180.77999999817
ID134,1985-03-31,1.1492999768257142
ID134,1985-06-30,431180.77999999817
ID134,1985-09-30,1.1492999768257142
ID134,1985-12-31,1.1492999768257142
ID134,1986-03-31,431180.77999999817
ID134,1986-06-30,1.1492999768257142
ID134,1986-09-30,1.1492999768257142
ID134,1986-12-31,431180.77999999817
ID134,1987-03-31,1.1492999768257142
ID134,1987-06-30,431180.77999999817
ID134,1987-09-30,1.1492999768257142
ID134,1987-12-31,1.1492999768257142
ID134,1988-03-31,431180.77999999817
ID134,1988-06-30,431180.77999999817
ID134,1988-09-30,1.1492999768257142
ID134,1988-12-31,1.1492999768257142
ID134,1989-03-31,1.1492999768257142
ID134,1989-06-30,1.1492999768257142
ID134,1989-09-30,1.1492999768257142
ID134,1989-12-31,217566.16646614476
ID134,1990-03-31,431180.77999999817
ID134,1990-06-30,1.1492999768257142
ID134,1990-09-30,1.1492999768257142
ID135,1969-12-31,431180.77999999817
ID135,1970-03-31,431180.77999999817
ID135,1970-06-30,1.1492999768257142
ID135,1970-09-30,1.1492999768257142
ID135,1970-12-31,431180.77999999817
ID135,1971-03-31,431180.77999999817
ID135,1971-06-30,431180.77999999817
ID135,1971-09-30,431180.77999999817
ID135,1971-12-31,431180.77999999817
ID135,1972-03-31,1.1492999768257142
ID135,1972-06-30,431180.77999999817
ID135,1972-09-30,1.1492999768257142
ID135,1972-12-31,431180.77999999817
ID135,1973-03-31,1.1492999768257142
ID135,1973-06-30,431180.77999999817
ID135,1973-09-30,431180.77999999817
ID135,1973-12-31,431180.77999999817
ID135,1974-03-31,341650.75421405677
ID135,1974-06-30,431180.77999999817
ID135,1974-09-30,352045.55547912186
ID135,1974-12-31,1.1492999768257142
ID135,1975-03-31,431180.77999999817
ID135,1975-06-30,431180.77999999817
ID135,1975-09-30,1.1492999768257142
ID135,1975-12-31,431180.77999999817
ID135,1976-03-31,431180.77999999817
ID135,1976-06-30,350524.5274369032
ID135,1976-09-30,1.1492999768257142
ID135,1976-12-31,1.1492999768257142
ID135,1977-03-31,431180.77999999817
ID135,1977-06-30,1.1492999768257142
ID135,1977-09-30,1.1492999768257142
ID136,1969-12-31,32721.655266759124
ID136,1970-03-31,1.1492999768257142
ID136,1970-06-30,1.1492999768257142
ID136,1970-09-30,1.1492999768257142
ID136,1970-12-31,431180.77999999817
ID136,1971-03-31,431180.77999999817
ID136,1971-06-30,1.1492999768257142
ID136,1971-09-30,431180.77999999817
ID136,1971-12-31,79461.99087297126
ID136,1972-03-31,380174.6475059013
ID136,1972-06-30,431180.77999999817
ID136,1972-09-30,431180.77999999817
ID136,1972-12-31,1.1492999768257142
ID136,1973-03-31,1.1492999768257142
ID136,1973-06-30,1.1492999768257142
ID136,1973-09-30,267441.35290125257
ID136,1973-12-31,1.1492999768257142
ID136,1974-03-31,431180.77999999817
ID136,1974-06-30,1.1492999768257142
ID136,1974-09-30,1.1492999768257142
ID136,1974-12-31,1.1492999768257142
ID136,1975-03-31,1.1492999768257142
ID136,1975-06-30,431180.77999999817
ID136,1975-09-30,1.1492999768257142
ID136,1975-12-31,1.1492999768257142
ID136,1976-03-31,431180.77999999817
ID136,1976-06-30,1.1492999768257142
ID136,1976-09-30,1.1492999768257142
ID136,1976-12-31,431180.77999999817
ID136,1977-03-31,431180.77999999817
ID136,1977-06-30,431180.77999999817
ID136,1977-09-30,431180.77999999817
ID137,1975-12-31,1.1492999768257142
ID137,1976-03-31,431180.77999999817
ID137,1976-06-30,1.1492999768257142
ID137,1976-09-30,431180.77999999817
ID137,1976-12-31,1.1492999768257142
ID137,1977-03-31,431180.77999999817
ID137,1977-06-30,431180.77999999817
ID137,1977-09-30,1.1492999768257142
ID137,1977-12-31,1.1492999768257142
ID137,1978-03-31,1.1492999768257142
ID137,1978-06-30,1.1492999768257142
ID137,1978-09-30,1.1492999768257142
ID137,1978-12-31,1.1492999768257142
ID137,1979-03-31,1.1492999768257142
ID137,1979-06-30,1.1492999768257142
ID137,1979-09-30,1.1492999768257142
ID137,1979-12-31,431180.77999999817
ID137,1980-03-31,431180.77999999817
ID137,1980-06-30,1.1492999768257142
ID137,1980-09-30,431180.77999999817
ID137,1980-12-31,431180.77999999817
ID137,1981-03-31,431180.77999999817
ID137,1981-06-30,1.1492999768257142
ID137,1981-09-30,1.1492999768257142
ID137,1981-12-31,431180.77999999817
ID137,1982-03-31,431180.77999999817
ID137,1982-06-30,431180.77999999817
ID137,1982-09-30,1.1492999768257142
ID137,1982-12-31,431180.77999999817
ID137,1983-03-31,431180.77999999817
ID137,1983-06-30,317846.5126864199
ID137,1983-09-30,1.1492999768257142
ID137,1983-12-31,431180.77999999817
ID137,1984-03-31,431180.77999999817
ID137,1984-06-30,1.1492999768257142
ID137,1984-09-30,431180.77999999817
ID137,1984-12-31,431180.77999999817
ID137,1985-03-31,1.1492999768257142
ID137,1985-06-30,431180.77999999817
ID137,1985-09-30,1.1492999768257142
ID137,1985-12-31,431180.77999999817
ID137,1986-03-31,431180.77999999817
ID137,1986-06-30,431180.77999999817
ID137,1986-09-30,1.1492999768257142
ID137,1986-12-31,431180.77999999817
ID137,1987-03-31,431180.77999999817
ID137,1987-06-30,1.1492999768257142
ID137,1987-09-30,1.1492999768257142
ID138,1975-12-31,431180.77999999817
ID138,1976-03-31,1.1492999768257142
ID138,1976-06-30,1.1492999768257142
ID138,1976-09-30,1.1492999768257142
ID138,1976-12-31,1.1492999768257142
ID138,1977-03-31,431180.77999999817
ID138,1977-06-30,431180.77999999817
ID138,1977-09-30,431180.77999999817
ID138,1977-12-31,1.1492999768257142
ID138,1978-03-31,1.1492999768257142
ID138,1978-06-30,431180.77999999817
ID138,1978-09-30,431180.77999999817
ID138,1978-12-31,1.1492999768257142
ID138,1979-03-31,1.1492999768257142
ID138,1979-06-30,431180.77999999817
ID138,1979-09-30,1.1492999768257142
ID138,1979-12-31,1.1492999768257142
ID138,1980-03-31,1.1492999768257142
ID138,1980-06-30,1.1492999768257142
ID138,1980-09-30,1.1492999768257142
ID138,1980-12-31,1.1492999768257142
ID138,1981-03-31,431180.77999999817
ID138,1981-06-30,431180.77999999817
ID138,1981-09-30,1.1492999768257142
ID138,1981-12-31,431180.77999999817
ID138,1982-03-31,1.1492999768257142
ID138,1982-06-30,1.1492999768257142
ID138,1982-09-30,431180.77999999817
ID138,1982-12-31,355628.8651191551
ID138,1983-03-31,431180.77999999817
ID138,1983-06-30,431180.77999999817
ID138,1983-09-30,431180.77999999817
ID138,1983-12-31,1.1492999768257142
ID138,1984-03-31,431180.77999999817
ID138,1984-06-30,431180.77999999817
ID138,1984-09-30,431180.77999999817
ID138,1984-12-31,431180.77999999817
ID138,1985-03-31,1.1492999768257142
ID138,1985-06-30,1.1492999768257142
ID138,1985-09-30,431180.77999999817
ID138,1985-12-31,1.1492999768257142
ID138,1986-03-31,431180.77999999817
ID138,1986-06-30,1.1492999768257142
ID138,1986-09-30,249760.063553435
ID138,1986-12-31,431180.77999999817
ID138,1987-03-31,1.1492999768257142
ID138,1987-06-30,431180.77999999817
ID138,1987-09-30,1.1492999768257142
ID139,1975-12-31,1.1492999768257142
ID139,1976-03-31,1.1492999768257142
ID139,1976-06-30,1.1492999768257142
ID139,1976-09-30,431180.77999999817
ID139,1976-12-31,431180.77999999817
ID139,1977-03-31,431180.77999999817
ID139,1977-06-30,431180.77999999817
ID139,1977-09-30,431180.77999999817
ID139,1977-12-31,431180.77999999817
ID139,1978-03-31,431180.77999999817
ID139,1978-06-30,431180.77999999817
ID139,1978-09-30,431180.77999999817
ID139,1978-12-31,431180.77999999817
ID139,1979-03-31,1.1492999768257142
ID139,1979-06-30,431180.77999999817
ID139,1979-09-30,1.1492999768257142
ID139,1979-12-31,431180.77999999817
ID139,1980-03-31,431180.77999999817
ID139,1980-06-30,1.1492999768257142
ID139,1980-09-30,1.1492999768257142
ID139,1980-12-31,1.1492999768257142
ID139,1981-03-31,431180.77999999817
ID139,1981-06-30,431180.77999999817
ID139,1981-09-30,431180.77999999817
ID139,1981-12-31,1.1492999768257142
ID139,1982-03-31,431180.77999999817
ID139,1982-06-30,431180.77999999817
ID139,1982-09-30,431180.77999999817
ID139,1982-12-31,431180.77999999817
ID139,1983-03-31,1.1492999768257142
ID139,1983-06-30,1.1492999768257142
ID139,1983-09-30,1.1492999768257142
ID139,1983-12-31,1.1492999768257142
ID139,1984-03-31,1.1492999768257142
ID139,1984-06-30,431180.77999999817
ID139,1984-09-30,1.1492999768257142
ID139,1984-12-31,1.1492999768257142
ID139,1985-03-31,431180.77999999817
ID139,1985-06-30,1.1492999768257142
ID139,1985-09-30,431180.77999999817
ID139,1985-12-31,1.1492999768257142
ID139,1986-03-31,1.1492999768257142
ID139,1986-06-30,431180.77999999817
ID139,1986-09-30,431180.77999999817
ID139,1986-12-31,1.1492999768257142
ID139,1987-03-31,1.1492999768257142
ID139,1987-06-30,1.1492999768257142
ID139,1987-09-30,431180.77999999817
ID139,1987-12-31,1.1492999768257142
ID139,1988-03-31,431180.77999999817
ID139,1988-06-30,431180.77999999817
ID139,1988-09-30,1.1492999768257142
ID139,1988-12-31,431180.77999999817
ID139,1989-03-31,1.1492999768257142
ID139,1989-06-30,431180.77999999817
ID139,1989-09-30,431180.77999999817
ID139,1989-12-31,431180.77999999817
ID139,1990-03-31,431180.77999999817
ID139,1990-06-30,1.1492999768257142
ID139,1990-09-30,1.1492999768257142
ID139,1990-12-31,431180.77999999817
ID139,1991-03-31,431180.77999999817
ID139,1991-06-30,1.1492999768257142
ID139,1991-09-30,431180.77999999817
ID139,1991-12-31,431180.77999999817
ID139,1992-03-31,431180.77999999817
ID139,1992-06-30,1.1492999768257142
ID139,1992-09-30,108719.45264001407
ID14,1978-06-30,168716.44630977
ID14,1978-09-30,1.1492999768257142
ID14,1978-12-31,1.1492999768257142
ID14,1979-03-31,431180.77999999817
ID14,1979-06-30,1.1492999768257142
ID14,1979-09-30,1.1492999768257142
ID14,1979-12-31,431180.77999999817
ID14,1980-03-31,1.1492999768257142
ID14,1980-06-30,431180.77999999817
ID14,1980-09-30,1.1492999768257142
ID14,1980-12-31,1.1492999768257142
ID14,1981-03-31,431180.77999999817
ID14,1981-06-30,431180.77999999817
ID14,1981-09-30,431180.77999999817
ID14,1981-12-31,254693.95790091364
ID14,1982-03-31,1.1492999768257142
ID14,1982-06-30,1.1492999768257142
ID14,1982-09-30,431180.77999999817
ID14,1982-12-31,1.1492999768257142
ID14,1983-03-31,431180.77999999817
ID14,1983-06-30,431180.77999999817
ID14,1983-09-30,1.1492999768257142
ID14,1983-12-31,431180.77999999817
ID14,1984-03-31,431180.77999999817
ID14,1984-06-30,1.1492999768257142
ID14,1984-09-30,431180.77999999817
ID14,1984-12-31,431180.77999999817
ID14,1985-03-31,236775.9495065529
ID14,1985-06-30,431180.77999999817
ID14,1985-09-30,1.1492999768257142
ID140,1975-12-31,431180.77999999817
ID140,1976-03-31,431180.77999999817
ID140,1976-06-30,1.1492999768257142
ID140,1976-09-30,431180.77999999817
ID140,1976-12-31,431180.77999999817
ID140,1977-03-31,431180.77999999817
ID140,1977-06-30,431180.77999999817
ID140,1977-09-30,1.1492999768257142
ID140,1977-12-31,431180.77999999817
ID140,1978-03-31,1.1492999768257142
ID140,1978-06-30,431180.77999999817
ID140,1978-09-30,1.1492999768257142
ID140,1978-12-31,1.1492999768257142
ID140,1979-03-31,1.1492999768257142
ID140,1979-06-30,431180.77999999817
ID140,1979-09-30,1.1492999768257142
ID140,1979-12-31,1.1492999768257142
ID140,1980-03-31,431180.77999999817
ID140,1980-06-30,431180.77999999817
ID140,1980-09-30,1.1492999768257142
ID140,1980-12-31,1.1492999768257142
ID140,1981-03-31,1.1492999768257142
ID140,1981-06-30,1.1492999768257142
ID140,1981-09-30,1.1492999768257142
ID140,1981-12-31,1.1492999768257142
ID140,1982-03-31,431180.77999999817
ID140,1982-06-30,431180.77999999817
ID140,1982-09-30,1.1492999768257142
ID140,1982-12-31,431180.77999999817
ID140,1983-03-31,1.1492999768257142
ID140,1983-06-30,1.1492999768257142
ID140,1983-09-30,431180.77999999817
ID140,1983-12-31,1.1492999768257142
ID140,1984-03-31,431180.77999999817
ID140,1984-06-30,1.1492999768257142
ID140,1984-09-30,431180.77999999817
ID140,1984-12-31,431180.77999999817
ID140,1985-03-31,1.1492999768257142
ID140,1985-06-30,1.1492999768257142
ID140,1985-09-30,431180.77999999817
ID140,1985-12-31,1.1492999768257142
ID140,1986-03-31,431180.77999999817
ID140,1986-06-30,431180.77999999817
ID140,1986-09-30,431180.77999999817
ID140,1986-12-31,1.1492999768257142
ID140,1987-03-31,431180.77999999817
ID140,1987-06-30,431180.77999999817
ID140,1987-09-30,1.1492999768257142
ID140,1987-12-31,1.1492999768257142
ID140,1988-03-31,1.1492999768257142
ID140,1988-06-30,431180.77999999817
ID140,1988-09-30,431180.77999999817
ID141,1975-12-31,1.1492999768257142
ID141,1976-03-31,431180.77999999817
ID141,1976-06-30,431180.77999999817
ID141,1976-09-30,431180.77999999817
ID141,1976-12-31,1.1492999768257142
ID141,1977-03-31,1.1492999768257142
ID141,1977-06-30,431180.77999999817
ID141,1977-09-30,280175.83173668967
ID141,1977-12-31,1.1492999768257142
ID141,1978-03-31,431180.77999999817
ID141,1978-06-30,431180.77999999817
ID141,1978-09-30,1.1492999768257142
ID141,1978-12-31,431180.77999999817
ID141,1979-03-31,1.1492999768257142
ID141,1979-06-30,431180.77999999817
ID141,1979-09-30,1.1492999768257142
ID141,1979-12-31,431180.77999999817
ID141,1980-03-31,431180.77999999817
ID141,1980-06-30,1.1492999768257142
ID141,1980-09-30,1.1492999768257142
ID141,1980-12-31,1.1492999768257142
ID141,1981-03-31,1.1492999768257142
ID141,1981-06-30,1.1492999768257142
ID141,1981-09-30,431180.77999999817
ID141,1981-12-31,431180.77999999817
ID141,1982-03-31,431180.77999999817
ID141,1982-06-30,1.1492999768257142
ID141,1982-09-30,1.1492999768257142
ID141,1982-12-31,1.1492999768257142
ID141,1983-03-31,1.1492999768257142
ID141,1983-06-30,431180.77999999817
ID141,1983-09-30,1.1492999768257142
ID141,1983-12-31,431180.77999999817
ID141,1984-03-31,431180.77999999817
ID141,1984-06-30,1.1492999768257142
ID141,1984-09-30,431180.77999999817
ID141,1984-12-31,431180.77999999817
ID141,1985-03-31,1.1492999768257142
ID141,1985-06-30,431180.77999999817
ID141,1985-09-30,1.1492999768257142
ID141,1985-12-31,1.1492999768257142
ID141,1986-03-31,431180.77999999817
ID141,1986-06-30,1.1492999768257142
ID141,1986-09-30,431180.77999999817
ID141,1986-12-31,1.1492999768257142
ID141,1987-03-31,431180.77999999817
ID141,1987-06-30,431180.77999999817
ID141,1987-09-30,431180.77999999817
ID141,1987-12-31,1.1492999768257142
ID141,1988-03-31,1.1492999768257142
ID141,1988-06-30,1.1492999768257142
ID141,1988-09-30,431180.77999999817
ID142,1975-12-31,1.1492999768257142
ID142,1976-03-31,270530.57652691595
ID142,1976-06-30,1.1492999768257142
ID142,1976-09-30,1.1492999768257142
ID142,1976-12-31,425732.6509715867
ID142,1977-03-31,1.1492999768257142
ID142,1977-06-30,1.1492999768257142
ID142,1977-09-30,1.1492999768257142
ID142,1977-12-31,1.1492999768257142
ID142,1978-03-31,1.1492999768257142
ID142,1978-06-30,431180.77999999817
ID142,1978-09-30,431180.77999999817
ID142,1978-12-31,431180.77999999817
ID142,1979-03-31,1.1492999768257142
ID142,1979-06-30,1.1492999768257142
ID142,1979-09-30,1.1492999768257142
ID142,1979-12-31,431180.77999999817
ID142,1980-03-31,1.1492999768257142
ID142,1980-06-30,1.1492999768257142
ID142,1980-09-30,1.1492999768257142
ID142,1980-12-31,431180.77999999817
ID142,1981-03-31,431180.77999999817
ID142,1981-06-30,431180.77999999817
ID142,1981-09-30,1.1492999768257142
ID142,1981-12-31,431180.77999999817
ID142,1982-03-31,1.1492999768257142
ID142,1982-06-30,343382.90574797435
ID142,1982-09-30,395501.21887111024
ID142,1982-12-31,1.1492999768257142
ID142,1983-03-31,431180.77999999817
ID142,1983-06-30,1.1492999768257142
ID142,1983-09-30,1.1492999768257142
ID142,1983-12-31,1.1492999768257142
ID142,1984-03-31,431180.77999999817
ID142,1984-06-30,1.1492999768257142
ID142,1984-09-30,431180.77999999817
ID142,1984-12-31,431180.77999999817
ID142,1985-03-31,1.1492999768257142
ID142,1985-06-30,222429.17598168092
ID142,1985-09-30,1.1492999768257142
ID142,1985-12-31,1.1492999768257142
ID142,1986-03-31,431180.77999999817
ID142,1986-06-30,1.1492999768257142
ID142,1986-09-30,1.1492999768257142
ID142,1986-12-31,1.1492999768257142
ID142,1987-03-31,431180.77999999817
ID142,1987-06-30,1.1492999768257142
ID142,1987-09-30,1.1492999768257142
ID142,1987-12-31,1.1492999768257142
ID142,1988-03-31,1.1492999768257142
ID142,1988-06-30,1.1492999768257142
ID142,1988-09-30,1.1492999768257142
ID143,1975-12-31,431180.77999999817
ID143,1976-03-31,431180.77999999817
ID143,1976-06-30,431180.77999999817
ID143,1976-09-30,1.1492999768257142
ID143,1976-12-31,431180.77999999817
ID143,1977-03-31,1.1492999768257142
ID143,1977-06-30,431180.77999999817
ID143,1977-09-30,1.1492999768257142
ID143,1977-12-31,1.1492999768257142
ID143,1978-03-31,431180.77999999817
ID143,1978-06-30,431180.77999999817
ID143,1978-09-30,1.1492999768257142
ID143,1978-12-31,1.1492999768257142
ID143,1979-03-31,1.1492999768257142
ID143,1979-06-30,431180.77999999817
ID143,1979-09-30,1.1492999768257142
ID143,1979-12-31,431180.77999999817
ID143,1980-03-31,431180.77999999817
ID143,1980-06-30,125911.04892800258
ID143,1980-09-30,1.1492999768257142
ID143,1980-12-31,1.1492999768257142
ID143,1981-03-31,431180.77999999817
ID143,1981-06-30,1.1492999768257142
ID143,1981-09-30,1.1492999768257142
ID143,1981-12-31,431180.77999999817
ID143,1982-03-31,431180.77999999817
ID143,1982-06-30,431180.77999999817
ID143,1982-09-30,431180.77999999817
ID143,1982-12-31,1.1492999768257142
ID143,1983-03-31,1.1492999768257142
ID143,1983-06-30,1.1492999768257142
ID143,1983-09-30,92610.72096200394
ID143,1983-12-31,1.1492999768257142
ID143,1984-03-31,431180.77999999817
ID143,1984-06-30,431180.77999999817
ID143,1984-09-30,1.1492999768257142
ID143,1984-12-31,1.1492999768257142
ID143,1985-03-31,431180.77999999817
ID143,1985-06-30,431180.77999999817
ID143,1985-09-30,431180.77999999817
ID143,1985-12-31,431180.77999999817
ID143,1986-03-31,431180.77999999817
ID143,1986-06-30,431180.77999999817
ID143,1986-09-30,12695.806401281505
ID143,1986-12-31,1.1492999768257142
ID143,1987-03-31,431180.77999999817
ID143,1987-06-30,431180.77999999817
ID143,1987-09-30,1.1492999768257142
ID143,1987-12-31,133383.17211119848
ID143,1988-03-31,1.1492999768257142
ID143,1988-06-30,1.1492999768257142
ID143,1988-09-30,431180.77999999817
ID144,1975-12-31,1.1492999768257142
ID144,1976-03-31,431180.77999999817
ID144,1976-06-30,431180.77999999817
ID144,1976-09-30,431180.77999999817
ID144,1976-12-31,1.1492999768257142
ID144,1977-03-31,1.1492999768257142
ID144,1977-06-30,1.1492999768257142
ID144,1977-09-30,1.1492999768257142
ID144,1977-12-31,431180.77999999817
ID144,1978-03-31,1.1492999768257142
ID144,1978-06-30,1.1492999768257142
ID144,1978-09-30,1.1492999768257142
ID144,1978-12-31,431180.77999999817
ID144,1979-03-31,1.1492999768257142
ID144,1979-06-30,1.1492999768257142
ID144,1979-09-30,1.1492999768257142
ID144,1979-12-31,1.1492999768257142
ID144,1980-03-31,1.1492999768257142
ID144,1980-06-30,431180.77999999817
ID144,1980-09-30,431180.77999999817
ID144,1980-12-31,431180.77999999817
ID144,1981-03-31,1.1492999768257142
ID144,1981-06-30,1.1492999768257142
ID144,1981-09-30,1.1492999768257142
ID144,1981-12-31,1.1492999768257142
ID144,1982-03-31,431180.77999999817
ID144,1982-06-30,431180.77999999817
ID144,1982-09-30,431180.77999999817
ID144,1982-12-31,431180.77999999817
ID144,1983-03-31,1.1492999768257142
ID144,1983-06-30,431180.77999999817
ID144,1983-09-30,1.1492999768257142
ID144,1983-12-31,431180.77999999817
ID144,1984-03-31,431180.77999999817
ID144,1984-06-30,431180.77999999817
ID144,1984-09-30,431180.77999999817
ID144,1984-12-31,1.1492999768257142
ID144,1985-03-31,431180.77999999817
ID144,1985-06-30,431180.77999999817
ID144,1985-09-30,431180.77999999817
ID144,1985-12-31,431180.77999999817
ID144,1986-03-31,431180.77999999817
ID144,1986-06-30,1.1492999768257142
ID144,1986-09-30,431180.77999999817
ID144,1986-12-31,1.1492999768257142
ID144,1987-03-31,431180.77999999817
ID144,1987-06-30,1.1492999768257142
ID144,1987-09-30,168689.06689319533
ID144,1987-12-31,431180.77999999817
ID144,1988-03-31,1.1492999768257142
ID144,1988-06-30,1.1492999768257142
ID144,1988-09-30,431180.77999999817
ID145,1975-12-31,431180.77999999817
ID145,1976-03-31,59464.247024891905
ID145,1976-06-30,431180.77999999817
ID145,1976-09-30,431180.77999999817
ID145,1976-12-31,431180.77999999817
ID145,1977-03-31,97983.47591672778
ID145,1977-06-30,1.1492999768257142
ID145,1977-09-30,431180.77999999817
ID145,1977-12-31,1.1492999768257142
ID145,1978-03-31,431180.77999999817
ID145,1978-06-30,1.1492999768257142
ID145,1978-09-30,278892.5952098561
ID145,1978-12-31,1.1492999768257142
ID145,1979-03-31,431180.77999999817
ID145,1979-06-30,1.1492999768257142
ID145,1979-09-30,1.1492999768257142
ID145,1979-12-31,1.1492999768257142
ID145,1980-03-31,1.1492999768257142
ID145,1980-06-30,431180.77999999817
ID145,1980-09-30,431180.77999999817
ID145,1980-12-31,1.1492999768257142
ID145,1981-03-31,431180.77999999817
ID145,1981-06-30,431180.77999999817
ID145,1981-09-30,431180.77999999817
ID145,1981-12-31,431180.77999999817
ID145,1982-03-31,1.1492999768257142
ID145,1982-06-30,1.1492999768257142
ID145,1982-09-30,1.1492999768257142
ID145,1982-12-31,431180.77999999817
ID145,1983-03-31,431180.77999999817
ID145,1983-06-30,431180.77999999817
ID145,1983-09-30,431180.77999999817
ID145,1983-12-31,1.1492999768257142
ID145,1984-03-31,1.1492999768257142
ID145,1984-06-30,1.1492999768257142
ID145,1984-09-30,431180.77999999817
ID145,1984-12-31,1.1492999768257142
ID145,1985-03-31,431180.77999999817
ID145,1985-06-30,431180.77999999817
ID145,1985-09-30,1.1492999768257142
ID145,1985-12-31,1.1492999768257142
ID145,1986-03-31,1.1492999768257142
ID145,1986-06-30,1.1492999768257142
ID145,1986-09-30,431180.77999999817
ID145,1986-12-31,1.1492999768257142
ID145,1987-03-31,431180.77999999817
ID145,1987-06-30,431180.77999999817
ID145,1987-09-30,1.1492999768257142
ID146,1969-12-31,431180.77999999817
ID146,1970-03-31,1.1492999768257142
ID146,1970-06-30,1.1492999768257142
ID146,1970-09-30,431180.77999999817
ID146,1970-12-31,431180.77999999817
ID146,1971-03-31,431180.77999999817
ID146,1971-06-30,1.1492999768257142
ID146,1971-09-30,1.1492999768257142
ID146,1971-12-31,431180.77999999817
ID146,1972-03-31,1.1492999768257142
ID146,1972-06-30,431180.77999999817
ID146,1972-09-30,1.1492999768257142
ID146,1972-12-31,1.1492999768257142
ID146,1973-03-31,431180.77999999817
ID146,1973-06-30,1.1492999768257142
ID146,1973-09-30,1.1492999768257142
ID146,1973-12-31,1.1492999768257142
ID146,1974-03-31,431180.77999999817
ID146,1974-06-30,1.1492999768257142
ID146,1974-09-30,1.1492999768257142
ID146,1974-12-31,431180.77999999817
ID146,1975-03-31,1.1492999768257142
ID146,1975-06-30,431180.77999999817
ID146,1975-09-30,431180.77999999817
ID146,1975-12-31,1.1492999768257142
ID146,1976-03-31,431180.77999999817
ID146,1976-06-30,1.1492999768257142
ID146,1976-09-30,348118.57095979055
ID146,1976-12-31,431180.77999999817
ID146,1977-03-31,215995.9514645476
ID146,1977-06-30,431180.77999999817
ID146,1977-09-30,431180.77999999817
ID147,1969-12-31,1.1492999768257142
ID147,1970-03-31,431180.77999999817
ID147,1970-06-30,431180.77999999817
ID147,1970-09-30,431180.77999999817
ID147,1970-12-31,431180.77999999817
ID147,1971-03-31,184732.11656847512
ID147,1971-06-30,1.1492999768257142
ID147,1971-09-30,431180.77999999817
ID147,1971-12-31,1.1492999768257142
ID147,1972-03-31,1.1492999768257142
ID147,1972-06-30,431180.77999999817
ID147,1972-09-30,1.1492999768257142
ID147,1972-12-31,1.1492999768257142
ID147,1973-03-31,431180.77999999817
ID147,1973-06-30,431180.77999999817
ID147,1973-09-30,1.1492999768257142
ID147,1973-12-31,1.1492999768257142
ID147,1974-03-31,1.1492999768257142
ID147,1974-06-30,431180.77999999817
ID147,1974-09-30,431180.77999999817
ID147,1974-12-31,431180.77999999817
ID147,1975-03-31,431180.77999999817
ID147,1975-06-30,431180.77999999817
ID147,1975-09-30,431180.77999999817
ID147,1975-12-31,431180.77999999817
ID147,1976-03-31,1.1492999768257142
ID147,1976-06-30,431180.77999999817
ID147,1976-09-30,1.1492999768257142
ID147,1976-12-31,1.1492999768257142
ID147,1977-03-31,1.1492999768257142
ID147,1977-06-30,431180.77999999817
ID147,1977-09-30,1.1492999768257142
ID148,1969-12-31,431180.77999999817
ID148,1970-03-31,1.1492999768257142
ID148,1970-06-30,431180.77999999817
ID148,1970-09-30,1.1492999768257142
ID148,1970-12-31,431180.77999999817
ID148,1971-03-31,431180.77999999817
ID148,1971-06-30,431180.77999999817
ID148,1971-09-30,1.1492999768257142
ID148,1971-12-31,431180.77999999817
ID148,1972-03-31,431180.77999999817
ID148,1972-06-30,1.1492999768257142
ID148,1972-09-30,320877.1440898716
ID148,1972-12-31,431180.77999999817
ID148,1973-03-31,431180.77999999817
ID148,1973-06-30,431180.77999999817
ID148,1973-09-30,340845.63695333916
ID148,1973-12-31,1.1492999768257142
ID148,1974-03-31,431180.77999999817
ID148,1974-06-30,431180.77999999817
ID148,1974-09-30,431180.77999999817
ID148,1974-12-31,17794.284307422753
ID148,1975-03-31,1.1492999768257142
ID148,1975-06-30,1.1492999768257142
ID148,1975-09-30,431180.77999999817
ID148,1975-12-31,1.1492999768257142
ID148,1976-03-31,431180.77999999817
ID148,1976-06-30,1.1492999768257142
ID148,1976-09-30,431180.77999999817
ID148,1976-12-31,358569.64256236376
ID148,1977-03-31,1.1492999768257142
ID148,1977-06-30,431180.77999999817
ID148,1977-09-30,431180.77999999817
ID149,1969-12-31,1.1492999768257142
ID149,1970-03-31,431180.77999999817
ID149,1970-06-30,1.1492999768257142
ID149,1970-09-30,1.1492999768257142
ID149,1970-12-31,431180.77999999817
ID149,1971-03-31,1.1492999768257142
ID149,1971-06-30,1.1492999768257142
ID149,1971-09-30,169206.75707303168
ID149,1971-12-31,431180.77999999817
ID149,1972-03-31,431180.77999999817
ID149,1972-06-30,1.1492999768257142
ID149,1972-09-30,1.1492999768257142
ID149,1972-12-31,1.1492999768257142
ID149,1973-03-31,1.1492999768257142
ID149,1973-06-30,1.1492999768257142
ID149,1973-09-30,1.1492999768257142
ID149,1973-12-31,1.1492999768257142
ID149,1974-03-31,1.1492999768257142
ID149,1974-06-30,431180.77999999817
ID149,1974-09-30,1.1492999768257142
ID149,1974-12-31,431180.77999999817
ID149,1975-03-31,1.1492999768257142
ID149,1975-06-30,1.1492999768257142
ID149,1975-09-30,1.1492999768257142
ID149,1975-12-31,1.1492999768257142
ID149,1976-03-31,1.1492999768257142
ID149,1976-06-30,431180.77999999817
ID149,1976-09-30,1.1492999768257142
ID149,1976-12-31,1.1492999768257142
ID149,1977-03-31,1.1492999768257142
ID149,1977-06-30,1.1492999768257142
ID149,1977-09-30,1.1492999768257142
ID15,1978-06-30,1.1492999768257142
ID15,1978-09-30,1.1492999768257142
ID15,1978-12-31,1.1492999768257142
ID15,1979-03-31,431180.77999999817
ID15,1979-06-30,431180.77999999817
ID15,1979-09-30,431180.77999999817
ID15,1979-12-31,431180.77999999817
ID15,1980-03-31,1.1492999768257142
ID15,1980-06-30,431180.77999999817
ID15,1980-09-30,1.1492999768257142
ID15,1980-12-31,1.1492999768257142
ID15,1981-03-31,1.1492999768257142
ID15,1981-06-30,431180.77999999817
ID15,1981-09-30,1.1492999768257142
ID15,1981-12-31,431180.77999999817
ID15,1982-03-31,431180.77999999817
ID15,1982-06-30,431180.77999999817
ID15,1982-09-30,1.1492999768257142
ID15,1982-12-31,1.1492999768257142
ID15,1983-03-31,1.1492999768257142
ID15,1983-06-30,1.1492999768257142
ID15,1983-09-30,1.1492999768257142
ID15,1983-12-31,337457.8684118151
ID15,1984-03-31,431180.77999999817
ID15,1984-06-30,1.1492999768257142
ID15,1984-09-30,431180.77999999817
ID15,1984-12-31,1.1492999768257142
ID15,1985-03-31,431180.77999999817
ID15,1985-06-30,431180.77999999817
ID15,1985-09-30,1.1492999768257142
ID150,1969-12-31,1.1492999768257142
ID150,1970-03-31,431180.77999999817
ID150,1970-06-30,431180.77999999817
ID150,1970-09-30,1.1492999768257142
ID150,1970-12-31,1.1492999768257142
ID150,1971-03-31,431180.77999999817
ID150,1971-06-30,431180.77999999817
ID150,1971-09-30,431180.77999999817
ID150,1971-12-31,431180.77999999817
ID150,1972-03-31,431180.77999999817
ID150,1972-06-30,431180.77999999817
ID150,1972-09-30,431180.77999999817
ID150,1972-12-31,431180.77999999817
ID150,1973-03-31,431180.77999999817
ID150,1973-06-30,1.1492999768257142
ID150,1973-09-30,431180.77999999817
ID150,1973-12-31,1.1492999768257142
ID150,1974-03-31,1.1492999768257142
ID150,1974-06-30,411047.52990768023
ID150,1974-09-30,431180.77999999817
ID150,1974-12-31,1.1492999768257142
ID150,1975-03-31,431180.77999999817
ID150,1975-06-30,431180.77999999817
ID150,1975-09-30,1.1492999768257142
ID150,1975-12-31,431180.77999999817
ID150,1976-03-31,431180.77999999817
ID150,1976-06-30,1.1492999768257142
ID150,1976-09-30,431180.77999999817
ID150,1976-12-31,431180.77999999817
ID150,1977-03-31,1.1492999768257142
ID150,1977-06-30,431180.77999999817
ID150,1977-09-30,431180.77999999817
ID151,1969-12-31,1.1492999768257142
ID151,1970-03-31,431180.77999999817
ID151,1970-06-30,431180.77999999817
ID151,1970-09-30,431180.77999999817
ID151,1970-12-31,1.1492999768257142
ID151,1971-03-31,142631.69493688605
ID151,1971-06-30,1.1492999768257142
ID151,1971-09-30,431180.77999999817
ID151,1971-12-31,1.1492999768257142
ID151,1972-03-31,431180.77999999817
ID151,1972-06-30,431180.77999999817
ID151,1972-09-30,1.1492999768257142
ID151,1972-12-31,1.1492999768257142
ID151,1973-03-31,1.1492999768257142
ID151,1973-06-30,431180.77999999817
ID151,1973-09-30,8779.327233055656
ID151,1973-12-31,1.1492999768257142
ID151,1974-03-31,431180.77999999817
ID151,1974-06-30,431180.77999999817
ID151,1974-09-30,1.1492999768257142
ID151,1974-12-31,431180.77999999817
ID151,1975-03-31,1.1492999768257142
ID151,1975-06-30,431180.77999999817
ID151,1975-09-30,431180.77999999817
ID151,1975-12-31,431180.77999999817
ID151,1976-03-31,1.1492999768257142
ID151,1976-06-30,1.1492999768257142
ID151,1976-09-30,1.1492999768257142
ID151,1976-12-31,431180.77999999817
ID151,1977-03-31,1.1492999768257142
ID151,1977-06-30,200221.8949407621
ID151,1977-09-30,431180.77999999817
ID152,1969-12-31,431180.77999999817
ID152,1970-03-31,1.1492999768257142
ID152,1970-06-30,431180.77999999817
ID152,1970-09-30,1.1492999768257142
ID152,1970-12-31,1.1492999768257142
ID152,1971-03-31,1.1492999768257142
ID152,1971-06-30,1.1492999768257142
ID152,1971-09-30,372025.9258571023
ID152,1971-12-31,431180.77999999817
ID152,1972-03-31,1.1492999768257142
ID152,1972-06-30,1.1492999768257142
ID152,1972-09-30,1.1492999768257142
ID152,1972-12-31,431180.77999999817
ID152,1973-03-31,1.1492999768257142
ID152,1973-06-30,431180.77999999817
ID152,1973-09-30,431180.77999999817
ID152,1973-12-31,431180.77999999817
ID152,1974-03-31,431180.77999999817
ID152,1974-06-30,1.1492999768257142
ID152,1974-09-30,431180.77999999817
ID152,1974-12-31,1.1492999768257142
ID152,1975-03-31,1.1492999768257142
ID152,1975-06-30,112055.41561181736
ID152,1975-09-30,1.1492999768257142
ID152,1975-12-31,431180.77999999817
ID152,1976-03-31,1.1492999768257142
ID152,1976-06-30,1.1492999768257142
ID152,1976-09-30,431180.77999999817
ID152,1976-12-31,431180.77999999817
ID152,1977-03-31,431180.77999999817
ID152,1977-06-30,431180.77999999817
ID152,1977-09-30,430364.2295867555
ID153,1969-12-31,28504.565698658713
ID153,1970-03-31,1.1492999768257142
ID153,1970-06-30,1.1492999768257142
ID153,1970-09-30,431180.77999999817
ID153,1970-12-31,431180.77999999817
ID153,1971-03-31,431180.77999999817
ID153,1971-06-30,1.1492999768257142
ID153,1971-09-30,1.1492999768257142
ID153,1971-12-31,431180.77999999817
ID153,1972-03-31,1.1492999768257142
ID153,1972-06-30,431180.77999999817
ID153,1972-09-30,431180.77999999817
ID153,1972-12-31,1.1492999768257142
ID153,1973-03-31,1.1492999768257142
ID153,1973-06-30,1.1492999768257142
ID153,1973-09-30,431180.77999999817
ID153,1973-12-31,1.1492999768257142
ID153,1974-03-31,213382.42891670775
ID153,1974-06-30,431180.77999999817
ID153,1974-09-30,1.1492999768257142
ID153,1974-12-31,1.1492999768257142
ID153,1975-03-31,431180.77999999817
ID153,1975-06-30,431180.77999999817
ID153,1975-09-30,1.1492999768257142
ID153,1975-12-31,1.1492999768257142
ID153,1976-03-31,431180.77999999817
ID153,1976-06-30,431180.77999999817
ID153,1976-09-30,1.1492999768257142
ID153,1976-12-31,1.1492999768257142
ID153,1977-03-31,1.1492999768257142
ID153,1977-06-30,1.1492999768257142
ID153,1977-09-30,1.1492999768257142
ID154,1975-12-31,431180.77999999817
ID154,1976-03-31,431180.77999999817
ID154,1976-06-30,431180.77999999817
ID154,1976-09-30,137984.97268519242
ID154,1976-12-31,1.1492999768257142
ID154,1977-03-31,431180.77999999817
ID154,1977-06-30,431180.77999999817
ID154,1977-09-30,431180.77999999817
ID154,1977-12-31,431180.77999999817
ID154,1978-03-31,431180.77999999817
ID154,1978-06-30,1.1492999768257142
ID154,1978-09-30,1.1492999768257142
ID154,1978-12-31,1.1492999768257142
ID154,1979-03-31,223304.63175332503
ID154,1979-06-30,1.1492999768257142
ID154,1979-09-30,1.1492999768257142
ID154,1979-12-31,1.1492999768257142
ID154,1980-03-31,1.1492999768257142
ID154,1980-06-30,1.1492999768257142
ID154,1980-09-30,1.1492999768257142
ID154,1980-12-31,1.1492999768257142
ID154,1981-03-31,1.1492999768257142
ID154,1981-06-30,1.1492999768257142
ID154,1981-09-30,1.1492999768257142
ID154,1981-12-31,1.1492999768257142
ID154,1982-03-31,1.1492999768257142
ID154,1982-06-30,1.1492999768257142
ID154,1982-09-30,431180.77999999817
ID154,1982-12-31,1.1492999768257142
ID154,1983-03-31,1.1492999768257142
ID154,1983-06-30,1.1492999768257142
ID154,1983-09-30,1.1492999768257142
ID154,1983-12-31,1.1492999768257142
ID154,1984-03-31,1.1492999768257142
ID154,1984-06-30,431180.77999999817
ID154,1984-09-30,1.1492999768257142
ID154,1984-12-31,431180.77999999817
ID154,1985-03-31,431180.77999999817
ID154,1985-06-30,431180.77999999817
ID154,1985-09-30,1.1492999768257142
ID154,1985-12-31,1.1492999768257142
ID154,1986-03-31,1.1492999768257142
ID154,1986-06-30,431180.77999999817
ID154,1986-09-30,1.1492999768257142
ID154,1986-12-31,1.1492999768257142
ID154,1987-03-31,1.1492999768257142
ID154,1987-06-30,431180.77999999817
ID154,1987-09-30,431180.77999999817
ID154,1987-12-31,431180.77999999817
ID154,1988-03-31,1.1492999768257142
ID154,1988-06-30,431180.77999999817
ID154,1988-09-30,431180.77999999817
ID155,1975-12-31,431180.77999999817
ID155,1976-03-31,431180.77999999817
ID155,1976-06-30,431180.77999999817
ID155,1976-09-30,1.1492999768257142
ID155,1976-12-31,431180.77999999817
ID155,1977-03-31,1.1492999768257142
ID155,1977-06-30,1.1492999768257142
ID155,1977-09-30,222665.2778514372
ID155,1977-12-31,1.1492999768257142
ID155,1978-03-31,431180.77999999817
ID155,1978-06-30,431180.77999999817
ID155,1978-09-30,1.1492999768257142
ID155,1978-12-31,1.1492999768257142
ID155,1979-03-31,431180.77999999817
ID155,1979-06-30,1.1492999768257142
ID155,1979-09-30,431180.77999999817
ID155,1979-12-31,1.1492999768257142
ID155,1980-03-31,431180.77999999817
ID155,1980-06-30,431180.77999999817
ID155,1980-09-30,1.1492999768257142
ID155,1980-12-31,1.1492999768257142
ID155,1981-03-31,431180.77999999817
ID155,1981-06-30,431180.77999999817
ID155,1981-09-30,302906.72924766736
ID155,1981-12-31,1.1492999768257142
ID155,1982-03-31,1.1492999768257142
ID155,1982-06-30,431180.77999999817
ID155,1982-09-30,431180.77999999817
ID155,1982-12-31,1.1492999768257142
ID155,1983-03-31,1.1492999768257142
ID155,1983-06-30,431180.77999999817
ID155,1983-09-30,431180.77999999817
ID155,1983-12-31,431180.77999999817
ID155,1984-03-31,431180.77999999817
ID155,1984-06-30,1.1492999768257142
ID155,1984-09-30,1.1492999768257142
ID155,1984-12-31,1.1492999768257142
ID155,1985-03-31,431180.77999999817
ID155,1985-06-30,431180.77999999817
ID155,1985-09-30,431180.77999999817
ID155,1985-12-31,431180.77999999817
ID155,1986-03-31,1.1492999768257142
ID155,1986-06-30,431180.77999999817
ID155,1986-09-30,1.1492999768257142
ID155,1986-12-31,1.1492999768257142
ID155,1987-03-31,1.1492999768257142
ID155,1987-06-30,431180.77999999817
ID155,1987-09-30,1.1492999768257142
ID155,1987-12-31,431180.77999999817
ID155,1988-03-31,431180.77999999817
ID155,1988-06-30,1.1492999768257142
ID155,1988-09-30,431180.77999999817
ID156,1975-12-31,1.1492999768257142
ID156,1976-03-31,431180.77999999817
ID156,1976-06-30,1.1492999768257142
ID156,1976-09-30,431180.77999999817
ID156,1976-12-31,431180.77999999817
ID156,1977-03-31,1.1492999768257142
ID156,1977-06-30,1.1492999768257142
ID156,1977-09-30,1.1492999768257142
ID156,1977-12-31,431180.77999999817
ID156,1978-03-31,1.1492999768257142
ID156,1978-06-30,1.1492999768257142
ID156,1978-09-30,1.1492999768257142
ID156,1978-12-31,431180.77999999817
ID156,1979-03-31,1.1492999768257142
ID156,1979-06-30,1.1492999768257142
ID156,1979-09-30,431180.77999999817
ID156,1979-12-31,431180.77999999817
ID156,1980-03-31,431180.77999999817
ID156,1980-06-30,1.1492999768257142
ID156,1980-09-30,431180.77999999817
ID156,1980-12-31,431180.77999999817
ID156,1981-03-31,431180.77999999817
ID156,1981-06-30,1.1492999768257142
ID156,1981-09-30,1.1492999768257142
ID156,1981-12-31,1.1492999768257142
ID156,1982-03-31,431180.77999999817
ID156,1982-06-30,431180.77999999817
ID156,1982-09-30,1.1492999768257142
ID156,1982-12-31,431180.77999999817
ID156,1983-03-31,1.1492999768257142
ID156,1983-06-30,1.1492999768257142
ID156,1983-09-30,1.1492999768257142
ID156,1983-12-31,431180.77999999817
ID156,1984-03-31,431180.77999999817
ID156,1984-06-30,431180.77999999817
ID156,1984-09-30,431180.77999999817
ID156,1984-12-31,1.1492999768257142
ID156,1985-03-31,431180.77999999817
ID156,1985-06-30,431180.77999999817
ID156,1985-09-30,431180.77999999817
ID157,1975-12-31,1.1492999768257142
ID157,1976-03-31,1.1492999768257142
ID157,1976-06-30,431180.77999999817
ID157,1976-09-30,1.1492999768257142
ID157,1976-12-31,1.1492999768257142
ID157,1977-03-31,1.1492999768257142
ID157,1977-06-30,241485.74133820823
ID157,1977-09-30,431180.77999999817
ID157,1977-12-31,1.1492999768257142
ID157,1978-03-31,1.1492999768257142
ID157,1978-06-30,431180.77999999817
ID157,1978-09-30,1.1492999768257142
ID157,1978-12-31,431180.77999999817
ID157,1979-03-31,431180.77999999817
ID157,1979-06-30,1.1492999768257142
ID157,1979-09-30,1.1492999768257142
ID157,1979-12-31,431180.77999999817
ID157,1980-03-31,1.1492999768257142
ID157,1980-06-30,431180.77999999817
ID157,1980-09-30,1.1492999768257142
ID157,1980-12-31,431180.77999999817
ID157,1981-03-31,431180.77999999817
ID157,1981-06-30,1.1492999768257142
ID157,1981-09-30,1.1492999768257142
ID157,1981-12-31,431180.77999999817
ID157,1982-03-31,1.1492999768257142
ID157,1982-06-30,1.1492999768257142
ID157,1982-09-30,1.1492999768257142
ID157,1982-12-31,1.1492999768257142
ID157,1983-03-31,1.1492999768257142
ID157,1983-06-30,431180.77999999817
ID157,1983-09-30,1.1492999768257142
ID157,1983-12-31,431180.77999999817
ID157,1984-03-31,431180.77999999817
ID157,1984-06-30,101134.68758365359
ID157,1984-09-30,1.1492999768257142
ID157,1984-12-31,1.1492999768257142
ID157,1985-03-31,431180.77999999817
ID157,1985-06-30,1.1492999768257142
ID157,1985-09-30,1.1492999768257142
ID157,1985-12-31,1.1492999768257142
ID157,1986-03-31,1.1492999768257142
ID157,1986-06-30,431180.77999999817
ID157,1986-09-30,431180.77999999817
ID157,1986-12-31,431180.77999999817
ID157,1987-03-31,1.1492999768257142
ID157,1987-06-30,431180.77999999817
ID157,1987-09-30,431180.77999999817
ID158,1975-12-31,1.1492999768257142
ID158,1976-03-31,1.1492999768257142
ID158,1976-06-30,1.1492999768257142
ID158,1976-09-30,191643.12826132253
ID158,1976-12-31,270838.1736753752
ID158,1977-03-31,1.1492999768257142
ID158,1977-06-30,431180.77999999817
ID158,1977-09-30,1.1492999768257142
ID158,1977-12-31,431180.77999999817
ID158,1978-03-31,431180.77999999817
ID158,1978-06-30,431180.77999999817
ID158,1978-09-30,431180.77999999817
ID158,1978-12-31,431180.77999999817
ID158,1979-03-31,431180.77999999817
ID158,1979-06-30,1.1492999768257142
ID158,1979-09-30,431180.77999999817
ID158,1979-12-31,431180.77999999817
ID158,1980-03-31,431180.77999999817
ID158,1980-06-30,1.1492999768257142
ID158,1980-09-30,431180.77999999817
ID158,1980-12-31,1.1492999768257142
ID158,1981-03-31,1.1492999768257142
ID158,1981-06-30,1.1492999768257142
ID158,1981-09-30,431180.77999999817
ID158,1981-12-31,1.1492999768257142
ID158,1982-03-31,1.1492999768257142
ID158,1982-06-30,1.1492999768257142
ID158,1982-09-30,431180.77999999817
ID158,1982-12-31,431180.77999999817
ID158,1983-03-31,1.1492999768257142
ID158,1983-06-30,1.1492999768257142
ID158,1983-09-30,1.1492999768257142
ID158,1983-12-31,431180.77999999817
ID158,1984-03-31,431180.77999999817
ID158,1984-06-30,431180.77999999817
ID158,1984-09-30,1.1492999768257142
ID158,1984-12-31,431180.77999999817
ID158,1985-03-31,1.1492999768257142
ID158,1985-06-30,431180.77999999817
ID158,1985-09-30,1.1492999768257142
ID158,1985-12-31,1.1492999768257142
ID158,1986-03-31,431180.77999999817
ID158,1986-06-30,431180.77999999817
ID158,1986-09-30,1.1492999768257142
ID158,1986-12-31,431180.77999999817
ID158,1987-03-31,431180.77999999817
ID158,1987-06-30,1.1492999768257142
ID158,1987-09-30,431180.77999999817
ID159,1975-12-31,1.1492999768257142
ID159,1976-03-31,1.1492999768257142
ID159,1976-06-30,431180.77999999817
ID159,1976-09-30,1.1492999768257142
ID159,1976-12-31,431180.77999999817
ID159,1977-03-31,431180.77999999817
ID159,1977-06-30,431180.77999999817
ID159,1977-09-30,1.1492999768257142
ID159,1977-12-31,1.1492999768257142
ID159,1978-03-31,1.1492999768257142
ID159,1978-06-30,1.1492999768257142
ID159,1978-09-30,1.1492999768257142
ID159,1978-12-31,431180.77999999817
ID159,1979-03-31,431180.77999999817
ID159,1979-06-30,1.1492999768257142
ID159,1979-09-30,1.1492999768257142
ID159,1979-12-31,431180.77999999817
ID159,1980-03-31,1.1492999768257142
ID159,1980-06-30,1.1492999768257142
ID159,1980-09-30,431180.77999999817
ID159,1980-12-31,431180.77999999817
ID159,1981-03-31,431180.77999999817
ID159,1981-06-30,431180.77999999817
ID159,1981-09-30,1.1492999768257142
ID159,1981-12-31,431180.77999999817
ID159,1982-03-31,1.1492999768257142
ID159,1982-06-30,116078.26768573267
ID159,1982-09-30,1.1492999768257142
ID159,1982-12-31,1.1492999768257142
ID159,1983-03-31,1.1492999768257142
ID159,1983-06-30,431180.77999999817
ID159,1983-09-30,1.1492999768257142
ID159,1983-12-31,431180.77999999817
ID159,1984-03-31,431180.77999999817
ID159,1984-06-30,1.1492999768257142
ID159,1984-09-30,1.1492999768257142
ID159,1984-12-31,1.1492999768257142
ID159,1985-03-31,1.1492999768257142
ID159,1985-06-30,1.1492999768257142
ID159,1985-09-30,248454.45519055333
ID159,1985-12-31,431180.77999999817
ID159,1986-03-31,1.1492999768257142
ID159,1986-06-30,431180.77999999817
ID159,1986-09-30,1.1492999768257142
ID159,1986-12-31,1.1492999768257142
ID159,1987-03-31,431180.77999999817
ID159,1987-06-30,1.1492999768257142
ID159,1987-09-30,1.1492999768257142
ID16,1978-06-30,237472.36484203357
ID16,1978-09-30,431180.77999999817
ID16,1978-12-31,1.1492999768257142
ID16,1979-03-31,431180.77999999817
ID16,1979-06-30,1.1492999768257142
ID16,1979-09-30,1.1492999768257142
ID16,1979-12-31,431180.77999999817
ID16,1980-03-31,1.1492999768257142
ID16,1980-06-30,1.1492999768257142
ID16,1980-09-30,1.1492999768257142
ID16,1980-12-31,292978.83757239295
ID16,1981-03-31,1.1492999768257142
ID16,1981-06-30,1.1492999768257142
ID16,1981-09-30,1.1492999768257142
ID16,1981-12-31,39652.98273268249
ID16,1982-03-31,431180.77999999817
ID16,1982-06-30,1.1492999768257142
ID16,1982-09-30,431180.77999999817
ID16,1982-12-31,431180.77999999817
ID16,1983-03-31,1.1492999768257142
ID16,1983-06-30,1.1492999768257142
ID16,1983-09-30,431180.77999999817
ID16,1983-12-31,1.1492999768257142
ID16,1984-03-31,1.1492999768257142
ID16,1984-06-30,1.1492999768257142
ID16,1984-09-30,1.1492999768257142
ID16,1984-12-31,1.1492999768257142
ID16,1985-03-31,1.1492999768257142
ID16,1985-06-30,1.1492999768257142
ID16,1985-09-30,431180.77999999817
ID160,1975-12-31,431180.77999999817
ID160,1976-03-31,1.1492999768257142
ID160,1976-06-30,1.1492999768257142
ID160,1976-09-30,398781.4116712039
ID160,1976-12-31,393145.3900224045
ID160,1977-03-31,1.1492999768257142
ID160,1977-06-30,1.1492999768257142
ID160,1977-09-30,1.1492999768257142
ID160,1977-12-31,431180.77999999817
ID160,1978-03-31,431180.77999999817
ID160,1978-06-30,431180.77999999817
ID160,1978-09-30,1.1492999768257142
ID160,1978-12-31,1.1492999768257142
ID160,1979-03-31,1.1492999768257142
ID160,1979-06-30,1.1492999768257142
ID160,1979-09-30,1.1492999768257142
ID160,1979-12-31,431180.77999999817
ID160,1980-03-31,1.1492999768257142
ID160,1980-06-30,431180.77999999817
ID160,1980-09-30,240949.7526373966
ID160,1980-12-31,1.1492999768257142
ID160,1981-03-31,1.1492999768257142
ID160,1981-06-30,1.1492999768257142
ID160,1981-09-30,431180.77999999817
ID160,1981-12-31,431180.77999999817
ID160,1982-03-31,431180.77999999817
ID160,1982-06-30,1.1492999768257142
ID160,1982-09-30,1.1492999768257142
ID160,1982-12-31,431180.77999999817
ID160,1983-03-31,1.1492999768257142
ID160,1983-06-30,431180.77999999817
ID160,1983-09-30,1.1492999768257142
ID160,1983-12-31,431180.77999999817
ID160,1984-03-31,1.1492999768257142
ID160,1984-06-30,1.1492999768257142
ID160,1984-09-30,1.1492999768257142
ID160,1984-12-31,1.1492999768257142
ID160,1985-03-31,1.1492999768257142
ID160,1985-06-30,1.1492999768257142
ID160,1985-09-30,431180.77999999817
ID160,1985-12-31,431180.77999999817
ID160,1986-03-31,431180.77999999817
ID160,1986-06-30,1.1492999768257142
ID160,1986-09-30,431180.77999999817
ID160,1986-12-31,431180.77999999817
ID160,1987-03-31,1.1492999768257142
ID160,1987-06-30,1.1492999768257142
ID160,1987-09-30,1.1492999768257142
ID161,1975-12-31,1.1492999768257142
ID161,1976-03-31,1.1492999768257142
ID161,1976-06-30,1.1492999768257142
ID161,1976-09-30,431180.77999999817
ID161,1976-12-31,431180.77999999817
ID161,1977-03-31,431180.77999999817
ID161,1977-06-30,431180.77999999817
ID161,1977-09-30,1.1492999768257142
ID161,1977-12-31,115673.16614903566
ID161,1978-03-31,1.1492999768257142
ID161,1978-06-30,1.1492999768257142
ID161,1978-09-30,1.1492999768257142
ID161,1978-12-31,1.1492999768257142
ID161,1979-03-31,1.1492999768257142
ID161,1979-06-30,1.1492999768257142
ID161,1979-09-30,431180.77999999817
ID161,1979-12-31,1.1492999768257142
ID161,1980-03-31,90389.22067598692
ID161,1980-06-30,1.1492999768257142
ID161,1980-09-30,431180.77999999817
ID161,1980-12-31,1.1492999768257142
ID161,1981-03-31,431180.77999999817
ID161,1981-06-30,102230.69689094386
ID161,1981-09-30,1.1492999768257142
ID161,1981-12-31,1.1492999768257142
ID161,1982-03-31,1.1492999768257142
ID161,1982-06-30,431180.77999999817
ID161,1982-09-30,431180.77999999817
ID161,1982-12-31,431180.77999999817
ID161,1983-03-31,1.1492999768257142
ID161,1983-06-30,431180.77999999817
ID161,1983-09-30,431180.77999999817
ID161,1983-12-31,1.1492999768257142
ID161,1984-03-31,431180.77999999817
ID161,1984-06-30,431180.77999999817
ID161,1984-09-30,431180.77999999817
ID161,1984-12-31,431180.77999999817
ID161,1985-03-31,431180.77999999817
ID161,1985-06-30,431180.77999999817
ID161,1985-09-30,1.1492999768257142
ID161,1985-12-31,431180.77999999817
ID161,1986-03-31,431180.77999999817
ID161,1986-06-30,431180.77999999817
ID161,1986-09-30,1.1492999768257142
ID161,1986-12-31,431180.77999999817
ID161,1987-03-31,431180.77999999817
ID161,1987-06-30,1.1492999768257142
ID161,1987-09-30,1.1492999768257142
ID162,1969-12-31,431180.77999999817
ID162,1970-03-31,1.1492999768257142
ID162,1970-06-30,1.1492999768257142
ID162,1970-09-30,1.1492999768257142
ID162,1970-12-31,431180.77999999817
ID162,1971-03-31,1.1492999768257142
ID162,1971-06-30,431180.77999999817
ID162,1971-09-30,1.1492999768257142
ID162,1971-12-31,431180.77999999817
ID162,1972-03-31,309243.37993410014
ID162,1972-06-30,1.1492999768257142
ID162,1972-09-30,1.1492999768257142
ID162,1972-12-31,431180.77999999817
ID162,1973-03-31,1.1492999768257142
ID162,1973-06-30,1.1492999768257142
ID162,1973-09-30,431180.77999999817
ID162,1973-12-31,431180.77999999817
ID162,1974-03-31,1.1492999768257142
ID162,1974-06-30,431180.77999999817
ID162,1974-09-30,431180.77999999817
ID162,1974-12-31,431180.77999999817
ID162,1975-03-31,1.1492999768257142
ID162,1975-06-30,1.1492999768257142
ID162,1975-09-30,431180.77999999817
ID162,1975-12-31,431180.77999999817
ID162,1976-03-31,1.1492999768257142
ID162,1976-06-30,1.1492999768257142
ID162,1976-09-30,431180.77999999817
ID162,1976-12-31,1.1492999768257142
ID162,1977-03-31,431180.77999999817
ID162,1977-06-30,1.1492999768257142
ID162,1977-09-30,431180.77999999817
ID163,1969-12-31,368216.00763951824
ID163,1970-03-31,431180.77999999817
ID163,1970-06-30,431180.77999999817
ID163,1970-09-30,1.1492999768257142
ID163,1970-12-31,1.1492999768257142
ID163,1971-03-31,1.1492999768257142
ID163,1971-06-30,431180.77999999817
ID163,1971-09-30,431180.77999999817
ID163,1971-12-31,1.1492999768257142
ID163,1972-03-31,1.1492999768257142
ID163,1972-06-30,431180.77999999817
ID163,1972-09-30,1.1492999768257142
ID163,1972-12-31,431180.77999999817
ID163,1973-03-31,1.1492999768257142
ID163,1973-06-30,1.1492999768257142
ID163,1973-09-30,431180.77999999817
ID163,1973-12-31,1.1492999768257142
ID163,1974-03-31,431180.77999999817
ID163,1974-06-30,1.1492999768257142
ID163,1974-09-30,431180.77999999817
ID163,1974-12-31,169476.8918841531
ID163,1975-03-31,431180.77999999817
ID163,1975-06-30,431180.77999999817
ID163,1975-09-30,1.1492999768257142
ID163,1975-12-31,431180.77999999817
ID163,1976-03-31,431180.77999999817
ID163,1976-06-30,431180.77999999817
ID163,1976-09-30,1.1492999768257142
ID163,1976-12-31,1.1492999768257142
ID163,1977-03-31,431180.77999999817
ID163,1977-06-30,431180.77999999817
ID163,1977-09-30,431180.77999999817
ID164,1976-12-31,1.1492999768257142
ID164,1977-03-31,431180.77999999817
ID164,1977-06-30,1.1492999768257142
ID164,1977-09-30,431180.77999999817
ID164,1977-12-31,1.1492999768257142
ID164,1978-03-31,431180.77999999817
ID164,1978-06-30,146833.0821722242
ID164,1978-09-30,1.1492999768257142
ID164,1978-12-31,1.1492999768257142
ID164,1979-03-31,431180.77999999817
ID164,1979-06-30,431180.77999999817
ID164,1979-09-30,431180.77999999817
ID164,1979-12-31,1.1492999768257142
ID164,1980-03-31,1.1492999768257142
ID164,1980-06-30,1.1492999768257142
ID164,1980-09-30,431180.77999999817
ID164,1980-12-31,431180.77999999817
ID164,1981-03-31,431180.77999999817
ID164,1981-06-30,431180.77999999817
ID164,1981-09-30,1.1492999768257142
ID164,1981-12-31,431180.77999999817
ID164,1982-03-31,171931.5544838984
ID164,1982-06-30,1.1492999768257142
ID164,1982-09-30,431180.77999999817
ID164,1982-12-31,431180.77999999817
ID164,1983-03-31,1.1492999768257142
ID164,1983-06-30,1.1492999768257142
ID164,1983-09-30,431180.77999999817
ID164,1983-12-31,226828.99405622683
ID164,1984-03-31,1.1492999768257142
ID164,1984-06-30,431180.77999999817
ID164,1984-09-30,1.1492999768257142
ID164,1984-12-31,431180.77999999817
ID164,1985-03-31,431180.77999999817
ID164,1985-06-30,431180.77999999817
ID164,1985-09-30,431180.77999999817
ID165,1974-12-31,299239.78834197734
ID165,1975-03-31,431180.77999999817
ID165,1975-06-30,1.1492999768257142
ID165,1975-09-30,358169.5639213619
ID165,1975-12-31,431180.77999999817
ID165,1976-03-31,1.1492999768257142
ID165,1976-06-30,1.1492999768257142
ID165,1976-09-30,1.1492999768257142
ID165,1976-12-31,1.1492999768257142
ID165,1977-03-31,68516.73284659917
ID165,1977-06-30,431180.77999999817
ID165,1977-09-30,1.1492999768257142
ID165,1977-12-31,431180.77999999817
ID165,1978-03-31,431180.77999999817
ID165,1978-06-30,431180.77999999817
ID165,1978-09-30,431180.77999999817
ID165,1978-12-31,431180.77999999817
ID165,1979-03-31,431180.77999999817
ID165,1979-06-30,431180.77999999817
ID165,1979-09-30,1.1492999768257142
ID165,1979-12-31,431180.77999999817
ID165,1980-03-31,431180.77999999817
ID165,1980-06-30,1.1492999768257142
ID165,1980-09-30,1.1492999768257142
ID165,1980-12-31,1.1492999768257142
ID165,1981-03-31,431180.77999999817
ID165,1981-06-30,1.1492999768257142
ID165,1981-09-30,431180.77999999817
ID165,1981-12-31,394412.3890390462
ID165,1982-03-31,431180.77999999817
ID165,1982-06-30,431180.77999999817
ID165,1982-09-30,41066.26671562239
ID165,1982-12-31,431180.77999999817
ID165,1983-03-31,431180.77999999817
ID165,1983-06-30,1.1492999768257142
ID165,1983-09-30,1.1492999768257142
ID165,1983-12-31,431180.77999999817
ID165,1984-03-31,431180.77999999817
ID165,1984-06-30,1.1492999768257142
ID166,1976-12-31,1.1492999768257142
ID166,1977-03-31,431180.77999999817
ID166,1977-06-30,1.1492999768257142
ID166,1977-09-30,431180.77999999817
ID166,1977-12-31,431180.77999999817
ID166,1978-03-31,245834.91336221367
ID166,1978-06-30,431180.77999999817
ID166,1978-09-30,431180.77999999817
ID166,1978-12-31,431180.77999999817
ID166,1979-03-31,431180.77999999817
ID166,1979-06-30,1.1492999768257142
ID166,1979-09-30,1.1492999768257142
ID166,1979-12-31,1.1492999768257142
ID166,1980-03-31,1.1492999768257142
ID166,1980-06-30,1.1492999768257142
ID166,1980-09-30,431180.77999999817
ID166,1980-12-31,431180.77999999817
ID166,1981-03-31,431180.77999999817
ID166,1981-06-30,431180.77999999817
ID166,1981-09-30,1.1492999768257142
ID166,1981-12-31,1.1492999768257142
ID166,1982-03-31,1.1492999768257142
ID166,1982-06-30,431180.77999999817
ID166,1982-09-30,431180.77999999817
ID166,1982-12-31,431180.77999999817
ID166,1983-03-31,1.1492999768257142
ID166,1983-06-30,1.1492999768257142
ID166,1983-09-30,355970.6562734004
ID166,1983-12-31,1.1492999768257142
ID166,1984-03-31,431180.77999999817
ID166,1984-06-30,403896.7563183036
ID166,1984-09-30,1.1492999768257142
ID166,1984-12-31,411719.21084297285
ID166,1985-03-31,1.1492999768257142
ID166,1985-06-30,431180.77999999817
ID166,1985-09-30,1.1492999768257142
ID166,1985-12-31,1.1492999768257142
ID166,1986-03-31,1.1492999768257142
ID166,1986-06-30,431180.77999999817
ID166,1986-09-30,1.1492999768257142
ID167,1976-12-31,431180.77999999817
ID167,1977-03-31,1.1492999768257142
ID167,1977-06-30,431180.77999999817
ID167,1977-09-30,1.1492999768257142
ID167,1977-12-31,1.1492999768257142
ID167,1978-03-31,1.1492999768257142
ID167,1978-06-30,1.1492999768257142
ID167,1978-09-30,1.1492999768257142
ID167,1978-12-31,431180.77999999817
ID167,1979-03-31,431180.77999999817
ID167,1979-06-30,431180.77999999817
ID167,1979-09-30,394375.0077742572
ID167,1979-12-31,1.1492999768257142
ID167,1980-03-31,1.1492999768257142
ID167,1980-06-30,431180.77999999817
ID167,1980-09-30,431180.77999999817
ID167,1980-12-31,431180.77999999817
ID167,1981-03-31,1.1492999768257142
ID167,1981-06-30,40707.75405677033
ID167,1981-09-30,1.1492999768257142
ID167,1981-12-31,1.1492999768257142
ID167,1982-03-31,1.1492999768257142
ID167,1982-06-30,1.1492999768257142
ID167,1982-09-30,1.1492999768257142
ID167,1982-12-31,1.1492999768257142
ID167,1983-03-31,1.1492999768257142
ID167,1983-06-30,1.1492999768257142
ID167,1983-09-30,431180.77999999817
ID167,1983-12-31,1.1492999768257142
ID167,1984-03-31,1.1492999768257142
ID167,1984-06-30,1.1492999768257142
ID167,1984-09-30,1.1492999768257142
ID167,1984-12-31,1.1492999768257142
ID167,1985-03-31,1.1492999768257142
ID167,1985-06-30,363273.8857351124
ID167,1985-09-30,1.1492999768257142
ID167,1985-12-31,1.1492999768257142
ID167,1986-03-31,1.1492999768257142
ID167,1986-06-30,431180.77999999817
ID167,1986-09-30,1.1492999768257142
ID168,1976-12-31,1.1492999768257142
ID168,1977-03-31,431180.77999999817
ID168,1977-06-30,1.1492999768257142
ID168,1977-09-30,1.1492999768257142
ID168,1977-12-31,1.1492999768257142
ID168,1978-03-31,1.1492999768257142
ID168,1978-06-30,1.1492999768257142
ID168,1978-09-30,431180.77999999817
ID168,1978-12-31,431180.77999999817
ID168,1979-03-31,1.1492999768257142
ID168,1979-06-30,431180.77999999817
ID168,1979-09-30,431180.77999999817
ID168,1979-12-31,431180.77999999817
ID168,1980-03-31,431180.77999999817
ID168,1980-06-30,431180.77999999817
ID168,1980-09-30,431180.77999999817
ID168,1980-12-31,1.1492999768257142
ID168,1981-03-31,1.1492999768257142
ID168,1981-06-30,1.1492999768257142
ID168,1981-09-30,1.1492999768257142
ID168,1981-12-31,431180.77999999817
ID168,1982-03-31,1.1492999768257142
ID168,1982-06-30,431180.77999999817
ID168,1982-09-30,94002.06645065524
ID168,1982-12-31,1.1492999768257142
ID168,1983-03-31,431180.77999999817
ID168,1983-06-30,431180.77999999817
ID168,1983-09-30,431180.77999999817
ID168,1983-12-31,431180.77999999817
ID168,1984-03-31,431180.77999999817
ID168,1984-06-30,1.1492999768257142
ID168,1984-09-30,431180.77999999817
ID168,1984-12-31,431180.77999999817
ID168,1985-03-31,431180.77999999817
ID168,1985-06-30,431180.77999999817
ID168,1985-09-30,1.1492999768257142
ID168,1985-12-31,1.1492999768257142
ID168,1986-03-31,431180.77999999817
ID168,1986-06-30,1.1492999768257142
ID168,1986-09-30,431180.77999999817
ID168,1986-12-31,1.1492999768257142
ID168,1987-03-31,431180.77999999817
ID168,1987-06-30,1.1492999768257142
ID168,1987-09-30,1.1492999768257142
ID168,1987-12-31,1.1492999768257142
ID168,1988-03-31,431180.77999999817
ID168,1988-06-30,431180.77999999817
ID168,1988-09-30,1.1492999768257142
ID168,1988-12-31,347072.98890803475
ID168,1989-03-31,431180.77999999817
ID168,1989-06-30,431180.77999999817
ID168,1989-09-30,431180.77999999817
ID17,1978-06-30,431180.77999999817
ID17,1978-09-30,431180.77999999817
ID17,1978-12-31,1.1492999768257142
ID17,1979-03-31,1.1492999768257142
ID17,1979-06-30,1.1492999768257142
ID17,1979-09-30,431180.77999999817
ID17,1979-12-31,1.1492999768257142
ID17,1980-03-31,1.1492999768257142
ID17,1980-06-30,1.1492999768257142
ID17,1980-09-30,1.1492999768257142
ID17,1980-12-31,1.1492999768257142
ID17,1981-03-31,431180.77999999817
ID17,1981-06-30,114050.77748266645
ID17,1981-09-30,1.1492999768257142
ID17,1981-12-31,431180.77999999817
ID17,1982-03-31,431180.77999999817
ID17,1982-06-30,1.1492999768257142
ID17,1982-09-30,431180.77999999817
ID17,1982-12-31,431180.77999999817
ID17,1983-03-31,431180.77999999817
ID17,1983-06-30,1.1492999768257142
ID17,1983-09-30,431180.77999999817
ID17,1983-12-31,1.1492999768257142
ID17,1984-03-31,1.1492999768257142
ID17,1984-06-30,1.1492999768257142
ID17,1984-09-30,1.1492999768257142
ID17,1984-12-31,1.1492999768257142
ID17,1985-03-31,431180.77999999817
ID17,1985-06-30,431180.77999999817
ID17,1985-09-30,431180.77999999817
ID173,1975-09-30,1.1492999768257142
ID173,1975-12-31,431180.77999999817
ID173,1976-03-31,431180.77999999817
ID173,1976-06-30,431180.77999999817
ID173,1976-09-30,1.1492999768257142
ID173,1976-12-31,1.1492999768257142
ID173,1977-03-31,425784.75569917297
ID173,1977-06-30,1.1492999768257142
ID173,1977-09-30,431180.77999999817
ID173,1977-12-31,1.1492999768257142
ID173,1978-03-31,1.1492999768257142
ID173,1978-06-30,1.1492999768257142
ID173,1978-09-30,365915.96898360766
ID173,1978-12-31,431180.77999999817
ID173,1979-03-31,431180.77999999817
ID173,1979-06-30,431180.77999999817
ID173,1979-09-30,1.1492999768257142
ID173,1979-12-31,1.1492999768257142
ID173,1980-03-31,431180.77999999817
ID173,1980-06-30,1.1492999768257142
ID173,1980-09-30,1.1492999768257142
ID173,1980-12-31,149134.3330430614
ID173,1981-03-31,1.1492999768257142
ID173,1981-06-30,1.1492999768257142
ID173,1981-09-30,1.1492999768257142
ID173,1981-12-31,1.1492999768257142
ID173,1982-03-31,1.1492999768257142
ID173,1982-06-30,1.1492999768257142
ID173,1982-09-30,1.1492999768257142
ID173,1982-12-31,1.1492999768257142
ID173,1983-03-31,431180.77999999817
ID173,1983-06-30,1.1492999768257142
ID173,1983-09-30,431180.77999999817
ID173,1983-12-31,431180.77999999817
ID173,1984-03-31,431180.77999999817
ID173,1984-06-30,1.1492999768257142
ID173,1984-09-30,1.1492999768257142
ID173,1984-12-31,431180.77999999817
ID173,1985-03-31,1.1492999768257142
ID173,1985-06-30,1.1492999768257142
ID173,1985-09-30,1.1492999768257142
ID173,1985-12-31,33204.896137363314
ID173,1986-03-31,1.1492999768257142
ID173,1986-06-30,431180.77999999817
ID173,1986-09-30,1.1492999768257142
ID173,1986-12-31,1.1492999768257142
ID173,1987-03-31,1.1492999768257142
ID174,1976-09-30,1.1492999768257142
ID174,1976-12-31,431180.77999999817
ID174,1977-03-31,431180.77999999817
ID174,1977-06-30,1.1492999768257142
ID174,1977-09-30,431180.77999999817
ID174,1977-12-31,431180.77999999817
ID174,1978-03-31,431180.77999999817
ID174,1978-06-30,1.1492999768257142
ID174,1978-09-30,1.1492999768257142
ID174,1978-12-31,1.1492999768257142
ID174,1979-03-31,431180.77999999817
ID174,1979-06-30,1.1492999768257142
ID174,1979-09-30,431180.77999999817
ID174,1979-12-31,1.1492999768257142
ID174,1980-03-31,1.1492999768257142
ID174,1980-06-30,1.1492999768257142
ID174,1980-09-30,1.1492999768257142
ID174,1980-12-31,1.1492999768257142
ID174,1981-03-31,1.1492999768257142
ID174,1981-06-30,431180.77999999817
ID174,1981-09-30,431180.77999999817
ID174,1981-12-31,259646.77412121944
ID174,1982-03-31,1.1492999768257142
ID174,1982-06-30,1.1492999768257142
ID174,1982-09-30,431180.77999999817
ID174,1982-12-31,1.1492999768257142
ID174,1983-03-31,431180.77999999817
ID174,1983-06-30,431180.77999999817
ID174,1983-09-30,1.1492999768257142
ID174,1983-12-31,1.1492999768257142
ID174,1984-03-31,431180.77999999817
ID174,1984-06-30,431180.77999999817
ID174,1984-09-30,1.1492999768257142
ID174,1984-12-31,1.1492999768257142
ID174,1985-03-31,1.1492999768257142
ID174,1985-06-30,1.1492999768257142
ID174,1985-09-30,431180.77999999817
ID174,1985-12-31,1.1492999768257142
ID174,1986-03-31,1.1492999768257142
ID174,1986-06-30,1.1492999768257142
ID174,1986-09-30,431180.77999999817
ID174,1986-12-31,431180.77999999817
ID175,1960-12-31,431180.77999999817
ID175,1961-03-31,431180.77999999817
ID175,1961-06-30,1.1492999768257142
ID175,1961-09-30,1.1492999768257142
ID175,1961-12-31,1.1492999768257142
ID175,1962-03-31,122715.00134683802
ID175,1962-06-30,431180.77999999817
ID175,1962-09-30,1.1492999768257142
ID175,1962-12-31,1.1492999768257142
ID175,1963-03-31,1.1492999768257142
ID175,1963-06-30,431180.77999999817
ID175,1963-09-30,431180.77999999817
ID175,1963-12-31,431180.77999999817
ID175,1964-03-31,431180.77999999817
ID175,1964-06-30,431180.77999999817
ID175,1964-09-30,1.1492999768257142
ID175,1964-12-31,1.1492999768257142
ID175,1965-03-31,75588.80054434277
ID175,1965-06-30,1.1492999768257142
ID175,1965-09-30,431180.77999999817
ID175,1965-12-31,1.1492999768257142
ID175,1966-03-31,242434.1170876661
ID175,1966-06-30,1.1492999768257142
ID175,1966-09-30,1.1492999768257142
ID175,1966-12-31,431180.77999999817
ID175,1967-03-31,431180.77999999817
ID175,1967-06-30,1.1492999768257142
ID175,1967-09-30,431180.77999999817
ID175,1967-12-31,431180.77999999817
ID175,1968-03-31,1.1492999768257142
ID175,1968-06-30,1.1492999768257142
ID175,1968-09-30,431180.77999999817
ID175,1968-12-31,1.1492999768257142
ID175,1969-03-31,431180.77999999817
ID175,1969-06-30,1.1492999768257142
ID175,1969-09-30,1.1492999768257142
ID175,1969-12-31,1.1492999768257142
ID175,1970-03-31,431180.77999999817
ID175,1970-06-30,1.1492999768257142
ID175,1970-09-30,431180.77999999817
ID175,1970-12-31,1.1492999768257142
ID175,1971-03-31,1.1492999768257142
ID175,1971-06-30,431180.77999999817
ID175,1971-09-30,306674.3418167845
ID175,1971-12-31,1.1492999768257142
ID175,1972-03-31,1.1492999768257142
ID175,1972-06-30,431180.77999999817
ID175,1972-09-30,1.1492999768257142
ID176,1976-12-31,431180.77999999817
ID176,1977-03-31,431180.77999999817
ID176,1977-06-30,1.1492999768257142
ID176,1977-09-30,121910.6385919447
ID176,1977-12-31,1.1492999768257142
ID176,1978-03-31,431180.77999999817
ID176,1978-06-30,1.1492999768257142
ID176,1978-09-30,1.1492999768257142
ID176,1978-12-31,1.1492999768257142
ID176,1979-03-31,1.1492999768257142
ID176,1979-06-30,1.1492999768257142
ID176,1979-09-30,431180.77999999817
ID176,1979-12-31,176553.68137624252
ID176,1980-03-31,431180.77999999817
ID176,1980-06-30,1.1492999768257142
ID176,1980-09-30,1.1492999768257142
ID176,1980-12-31,1.1492999768257142
ID176,1981-03-31,1.1492999768257142
ID176,1981-06-30,1.1492999768257142
ID176,1981-09-30,1.1492999768257142
ID176,1981-12-31,1.1492999768257142
ID176,1982-03-31,431180.77999999817
ID176,1982-06-30,431180.77999999817
ID176,1982-09-30,431180.77999999817
ID176,1982-12-31,1.1492999768257142
ID176,1983-03-31,431180.77999999817
ID176,1983-06-30,1.1492999768257142
ID176,1983-09-30,431180.77999999817
ID176,1983-12-31,1.1492999768257142
ID176,1984-03-31,1.1492999768257142
ID176,1984-06-30,1.1492999768257142
ID176,1984-09-30,431180.77999999817
ID176,1984-12-31,1.1492999768257142
ID176,1985-03-31,1.1492999768257142
ID176,1985-06-30,431180.77999999817
ID176,1985-09-30,1.1492999768257142
ID176,1985-12-31,431180.77999999817
ID176,1986-03-31,431180.77999999817
ID176,1986-06-30,1.1492999768257142
ID176,1986-09-30,1.1492999768257142
ID176,1986-12-31,1.1492999768257142
ID176,1987-03-31,431180.77999999817
ID176,1987-06-30,1.1492999768257142
ID176,1987-09-30,431180.77999999817
ID177,1976-09-30,431180.77999999817
ID177,1976-12-31,431180.77999999817
ID177,1977-03-31,1.1492999768257142
ID177,1977-06-30,80377.19630192651
ID177,1977-09-30,1.1492999768257142
ID177,1977-12-31,1.1492999768257142
ID177,1978-03-31,431180.77999999817
ID177,1978-06-30,1.1492999768257142
ID177,1978-09-30,431180.77999999817
ID177,1978-12-31,431180.77999999817
ID177,1979-03-31,1.1492999768257142
ID177,1979-06-30,1.1492999768257142
ID177,1979-09-30,1.1492999768257142
ID177,1979-12-31,431180.77999999817
ID177,1980-03-31,431180.77999999817
ID177,1980-06-30,1.1492999768257142
ID177,1980-09-30,431180.77999999817
ID177,1980-12-31,431180.77999999817
ID177,1981-03-31,431180.77999999817
ID177,1981-06-30,431180.77999999817
ID177,1981-09-30,431180.77999999817
ID177,1981-12-31,1.1492999768257142
ID177,1982-03-31,1.1492999768257142
ID177,1982-06-30,1.1492999768257142
ID177,1982-09-30,431180.77999999817
ID177,1982-12-31,1.1492999768257142
ID177,1983-03-31,431180.77999999817
ID177,1983-06-30,1.1492999768257142
ID177,1983-09-30,431180.77999999817
ID177,1983-12-31,431180.77999999817
ID177,1984-03-31,1.1492999768257142
ID177,1984-06-30,1.1492999768257142
ID177,1984-09-30,431180.77999999817
ID177,1984-12-31,1.1492999768257142
ID177,1985-03-31,1.1492999768257142
ID177,1985-06-30,1.1492999768257142
ID177,1985-09-30,1.1492999768257142
ID177,1985-12-31,1.1492999768257142
ID177,1986-03-31,1.1492999768257142
ID177,1986-06-30,1.1492999768257142
ID177,1986-09-30,1.1492999768257142
ID177,1986-12-31,1.1492999768257142
ID177,1987-03-31,1.1492999768257142
ID178,1969-12-31,1.1492999768257142
ID178,1970-03-31,1.1492999768257142
ID178,1970-06-30,1.1492999768257142
ID178,1970-09-30,10298.131068046918
ID178,1970-12-31,431180.77999999817
ID178,1971-03-31,12331.459408015402
ID178,1971-06-30,1.1492999768257142
ID178,1971-09-30,1.1492999768257142
ID178,1971-12-31,1.1492999768257142
ID178,1972-03-31,1.1492999768257142
ID178,1972-06-30,1.1492999768257142
ID178,1972-09-30,431180.77999999817
ID178,1972-12-31,1.1492999768257142
ID178,1973-03-31,431180.77999999817
ID178,1973-06-30,431180.77999999817
ID178,1973-09-30,431180.77999999817
ID178,1973-12-31,431180.77999999817
ID178,1974-03-31,431180.77999999817
ID178,1974-06-30,1.1492999768257142
ID178,1974-09-30,431180.77999999817
ID178,1974-12-31,431180.77999999817
ID178,1975-03-31,431180.77999999817
ID178,1975-06-30,1.1492999768257142
ID178,1975-09-30,1.1492999768257142
ID178,1975-12-31,1.1492999768257142
ID178,1976-03-31,431180.77999999817
ID178,1976-06-30,1.1492999768257142
ID178,1976-09-30,1.1492999768257142
ID178,1976-12-31,1.1492999768257142
ID178,1977-03-31,431180.77999999817
ID178,1977-06-30,1.1492999768257142
ID178,1977-09-30,1.1492999768257142
ID179,1969-12-31,431180.77999999817
ID179,1970-03-31,1.1492999768257142
ID179,1970-06-30,431180.77999999817
ID179,1970-09-30,382497.3930149097
ID179,1970-12-31,1.1492999768257142
ID179,1971-03-31,431180.77999999817
ID179,1971-06-30,1.1492999768257142
ID179,1971-09-30,431180.77999999817
ID179,1971-12-31,431180.77999999817
ID179,1972-03-31,1.1492999768257142
ID179,1972-06-30,431180.77999999817
ID179,1972-09-30,1.1492999768257142
ID179,1972-12-31,256187.39937521817
ID179,1973-03-31,1.1492999768257142
ID179,1973-06-30,1.1492999768257142
ID179,1973-09-30,431180.77999999817
ID179,1973-12-31,1.1492999768257142
ID179,1974-03-31,1.1492999768257142
ID179,1974-06-30,1.1492999768257142
ID179,1974-09-30,431180.77999999817
ID179,1974-12-31,1.1492999768257142
ID179,1975-03-31,431180.77999999817
ID179,1975-06-30,1.1492999768257142
ID179,1975-09-30,431180.77999999817
ID179,1975-12-31,431180.77999999817
ID179,1976-03-31,1.1492999768257142
ID179,1976-06-30,431180.77999999817
ID179,1976-09-30,1.1492999768257142
ID179,1976-12-31,431180.77999999817
ID179,1977-03-31,1.1492999768257142
ID179,1977-06-30,1.1492999768257142
ID179,1977-09-30,295661.9842593821
ID18,1978-06-30,1.1492999768257142
ID18,1978-09-30,1.1492999768257142
ID18,1978-12-31,431180.77999999817
ID18,1979-03-31,431180.77999999817
ID18,1979-06-30,215119.53390640157
ID18,1979-09-30,225742.42406165588
ID18,1979-12-31,431180.77999999817
ID18,1980-03-31,431180.77999999817
ID18,1980-06-30,431180.77999999817
ID18,1980-09-30,431180.77999999817
ID18,1980-12-31,1.1492999768257142
ID18,1981-03-31,431180.77999999817
ID18,1981-06-30,250097.92857262987
ID18,1981-09-30,431180.77999999817
ID18,1981-12-31,227242.44801648258
ID18,1982-03-31,1.1492999768257142
ID18,1982-06-30,431180.77999999817
ID18,1982-09-30,1.1492999768257142
ID18,1982-12-31,431180.77999999817
ID18,1983-03-31,1.1492999768257142
ID18,1983-06-30,1.1492999768257142
ID18,1983-09-30,1.1492999768257142
ID18,1983-12-31,1.1492999768257142
ID18,1984-03-31,431180.77999999817
ID18,1984-06-30,431180.77999999817
ID18,1984-09-30,1.1492999768257142
ID18,1984-12-31,431180.77999999817
ID18,1985-03-31,1.1492999768257142
ID18,1985-06-30,431180.77999999817
ID18,1985-09-30,431180.77999999817
ID180,1969-12-31,431180.77999999817
ID180,1970-03-31,431180.77999999817
ID180,1970-06-30,431180.77999999817
ID180,1970-09-30,1.1492999768257142
ID180,1970-12-31,1.1492999768257142
ID180,1971-03-31,1.1492999768257142
ID180,1971-06-30,1.1492999768257142
ID180,1971-09-30,1.1492999768257142
ID180,1971-12-31,431180.77999999817
ID180,1972-03-31,431180.77999999817
ID180,1972-06-30,1.1492999768257142
ID180,1972-09-30,345599.12801459315
ID180,1972-12-31,1.1492999768257142
ID180,1973-03-31,1.1492999768257142
ID180,1973-06-30,1.1492999768257142
ID180,1973-09-30,1.1492999768257142
ID180,1973-12-31,1.1492999768257142
ID180,1974-03-31,1.1492999768257142
ID180,1974-06-30,431180.77999999817
ID180,1974-09-30,431180.77999999817
ID180,1974-12-31,431180.77999999817
ID180,1975-03-31,1.1492999768257142
ID180,1975-06-30,1.1492999768257142
ID180,1975-09-30,431180.77999999817
ID180,1975-12-31,431180.77999999817
ID180,1976-03-31,1.1492999768257142
ID180,1976-06-30,1.1492999768257142
ID180,1976-09-30,431180.77999999817
ID180,1976-12-31,431180.77999999817
ID180,1977-03-31,1.1492999768257142
ID180,1977-06-30,431180.77999999817
ID180,1977-09-30,1.1492999768257142
ID181,1969-12-31,1.1492999768257142
ID181,1970-03-31,431180.77999999817
ID181,1970-06-30,1.1492999768257142
ID181,1970-09-30,1.1492999768257142
ID181,1970-12-31,1.1492999768257142
ID181,1971-03-31,431180.77999999817
ID181,1971-06-30,431180.77999999817
ID181,1971-09-30,431180.77999999817
ID181,1971-12-31,431180.77999999817
ID181,1972-03-31,423095.689914081
ID181,1972-06-30,431180.77999999817
ID181,1972-09-30,1.1492999768257142
ID181,1972-12-31,1.1492999768257142
ID181,1973-03-31,1.1492999768257142
ID181,1973-06-30,1.1492999768257142
ID181,1973-09-30,218977.05952307396
ID181,1973-12-31,1.1492999768257142
ID181,1974-03-31,431180.77999999817
ID181,1974-06-30,1.1492999768257142
ID181,1974-09-30,1.1492999768257142
ID181,1974-12-31,431180.77999999817
ID181,1975-03-31,248656.33073849068
ID181,1975-06-30,431180.77999999817
ID181,1975-09-30,1.1492999768257142
ID181,1975-12-31,1.1492999768257142
ID181,1976-03-31,431180.77999999817
ID181,1976-06-30,1.1492999768257142
ID181,1976-09-30,1.1492999768257142
ID181,1976-12-31,1.1492999768257142
ID181,1977-03-31,431180.77999999817
ID181,1977-06-30,431180.77999999817
ID181,1977-09-30,431180.77999999817
ID182,1969-12-31,76164.20449519332
ID182,1970-03-31,1.1492999768257142
ID182,1970-06-30,1.1492999768257142
ID182,1970-09-30,431180.77999999817
ID182,1970-12-31,1.1492999768257142
ID182,1971-03-31,1.1492999768257142
ID182,1971-06-30,431180.77999999817
ID182,1971-09-30,1.1492999768257142
ID182,1971-12-31,79734.7628127036
ID182,1972-03-31,431180.77999999817
ID182,1972-06-30,431180.77999999817
ID182,1972-09-30,1.1492999768257142
ID182,1972-12-31,1.1492999768257142
ID182,1973-03-31,1.1492999768257142
ID182,1973-06-30,1.1492999768257142
ID182,1973-09-30,431180.77999999817
ID182,1973-12-31,431180.77999999817
ID182,1974-03-31,1.1492999768257142
ID182,1974-06-30,431180.77999999817
ID182,1974-09-30,431180.77999999817
ID182,1974-12-31,431180.77999999817
ID182,1975-03-31,431180.77999999817
ID182,1975-06-30,1.1492999768257142
ID182,1975-09-30,1.1492999768257142
ID182,1975-12-31,431180.77999999817
ID182,1976-03-31,431180.77999999817
ID182,1976-06-30,431180.77999999817
ID182,1976-09-30,1.1492999768257142
ID182,1976-12-31,1.1492999768257142
ID182,1977-03-31,1.1492999768257142
ID182,1977-06-30,431180.77999999817
ID182,1977-09-30,1.1492999768257142
ID183,1969-12-31,431180.77999999817
ID183,1970-03-31,1.1492999768257142
ID183,1970-06-30,1.1492999768257142
ID183,1970-09-30,1.1492999768257142
ID183,1970-12-31,431180.77999999817
ID183,1971-03-31,431180.77999999817
ID183,1971-06-30,82177.84621956156
ID183,1971-09-30,1.1492999768257142
ID183,1971-12-31,1.1492999768257142
ID183,1972-03-31,286772.6909220295
ID183,1972-06-30,1.1492999768257142
ID183,1972-09-30,431180.77999999817
ID183,1972-12-31,419784.86460869445
ID183,1973-03-31,431180.77999999817
ID183,1973-06-30,431180.77999999817
ID183,1973-09-30,243284.39958016656
ID183,1973-12-31,431180.77999999817
ID183,1974-03-31,431180.77999999817
ID183,1974-06-30,1.1492999768257142
ID183,1974-09-30,1.1492999768257142
ID183,1974-12-31,212979.16657787454
ID183,1975-03-31,1.1492999768257142
ID183,1975-06-30,1.1492999768257142
ID183,1975-09-30,431180.77999999817
ID183,1975-12-31,1.1492999768257142
ID183,1976-03-31,1.1492999768257142
ID183,1976-06-30,1.1492999768257142
ID183,1976-09-30,431180.77999999817
ID183,1976-12-31,431180.77999999817
ID183,1977-03-31,431180.77999999817
ID183,1977-06-30,431180.77999999817
ID183,1977-09-30,1.1492999768257142
ID184,1969-12-31,1.1492999768257142
ID184,1970-03-31,1.1492999768257142
ID184,1970-06-30,431180.77999999817
ID184,1970-09-30,1.1492999768257142
ID184,1970-12-31,431180.77999999817
ID184,1971-03-31,431180.77999999817
ID184,1971-06-30,1.1492999768257142
ID184,1971-09-30,101987.10872775476
ID184,1971-12-31,1.1492999768257142
ID184,1972-03-31,431180.77999999817
ID184,1972-06-30,431180.77999999817
ID184,1972-09-30,431180.77999999817
ID184,1972-12-31,1.1492999768257142
ID184,1973-03-31,431180.77999999817
ID184,1973-06-30,27615.783252905945
ID184,1973-09-30,1.1492999768257142
ID184,1973-12-31,1.1492999768257142
ID184,1974-03-31,1.1492999768257142
ID184,1974-06-30,1.1492999768257142
ID184,1974-09-30,431180.77999999817
ID184,1974-12-31,431180.77999999817
ID184,1975-03-31,1.1492999768257142
ID184,1975-06-30,431180.77999999817
ID184,1975-09-30,1.1492999768257142
ID184,1975-12-31,431180.77999999817
ID184,1976-03-31,1.1492999768257142
ID184,1976-06-30,431180.77999999817
ID184,1976-09-30,431180.77999999817
ID184,1976-12-31,1.1492999768257142
ID184,1977-03-31,431180.77999999817
ID184,1977-06-30,431180.77999999817
ID184,1977-09-30,431180.77999999817
ID185,1969-12-31,1.1492999768257142
ID185,1970-03-31,1.1492999768257142
ID185,1970-06-30,1.1492999768257142
ID185,1970-09-30,431180.77999999817
ID185,1970-12-31,431180.77999999817
ID185,1971-03-31,1.1492999768257142
ID185,1971-06-30,1.1492999768257142
ID185,1971-09-30,431180.77999999817
ID185,1971-12-31,1.1492999768257142
ID185,1972-03-31,1.1492999768257142
ID185,1972-06-30,12286.10890011952
ID185,1972-09-30,1.1492999768257142
ID185,1972-12-31,1.1492999768257142
ID185,1973-03-31,431180.77999999817
ID185,1973-06-30,431180.77999999817
ID185,1973-09-30,313608.38790592627
ID185,1973-12-31,1.1492999768257142
ID185,1974-03-31,1.1492999768257142
ID185,1974-06-30,431180.77999999817
ID185,1974-09-30,1.1492999768257142
ID185,1974-12-31,431180.77999999817
ID185,1975-03-31,1.1492999768257142
ID185,1975-06-30,191600.96254083246
ID185,1975-09-30,431180.77999999817
ID185,1975-12-31,1.1492999768257142
ID185,1976-03-31,1.1492999768257142
ID185,1976-06-30,431180.77999999817
ID185,1976-09-30,187932.03558714694
ID185,1976-12-31,1.1492999768257142
ID185,1977-03-31,1.1492999768257142
ID185,1977-06-30,431180.77999999817
ID185,1977-09-30,1.1492999768257142
ID186,1969-12-31,431180.77999999817
ID186,1970-03-31,1.1492999768257142
ID186,1970-06-30,1.1492999768257142
ID186,1970-09-30,1.1492999768257142
ID186,1970-12-31,1.1492999768257142
ID186,1971-03-31,1.1492999768257142
ID186,1971-06-30,1.1492999768257142
ID186,1971-09-30,431180.77999999817
ID186,1971-12-31,431180.77999999817
ID186,1972-03-31,1.1492999768257142
ID186,1972-06-30,1.1492999768257142
ID186,1972-09-30,431180.77999999817
ID186,1972-12-31,429645.30562900146
ID186,1973-03-31,1.1492999768257142
ID186,1973-06-30,431180.77999999817
ID186,1973-09-30,1.1492999768257142
ID186,1973-12-31,431180.77999999817
ID186,1974-03-31,1.1492999768257142
ID186,1974-06-30,1.1492999768257142
ID186,1974-09-30,431180.77999999817
ID186,1974-12-31,1.1492999768257142
ID186,1975-03-31,1.1492999768257142
ID186,1975-06-30,1.1492999768257142
ID186,1975-09-30,1.1492999768257142
ID186,1975-12-31,431180.77999999817
ID186,1976-03-31,1.1492999768257142
ID186,1976-06-30,431180.77999999817
ID186,1976-09-30,310712.20804826263
ID186,1976-12-31,1.1492999768257142
ID186,1977-03-31,1.1492999768257142
ID186,1977-06-30,1.1492999768257142
ID186,1977-09-30,428817.3852753141
ID187,1969-12-31,431180.77999999817
ID187,1970-03-31,1.1492999768257142
ID187,1970-06-30,431180.77999999817
ID187,1970-09-30,431180.77999999817
ID187,1970-12-31,1.1492999768257142
ID187,1971-03-31,431180.77999999817
ID187,1971-06-30,1.1492999768257142
ID187,1971-09-30,1.1492999768257142
ID187,1971-12-31,1.1492999768257142
ID187,1972-03-31,431180.77999999817
ID187,1972-06-30,152338.22084695674
ID187,1972-09-30,431180.77999999817
ID187,1972-12-31,431180.77999999817
ID187,1973-03-31,1.1492999768257142
ID187,1973-06-30,1.1492999768257142
ID187,1973-09-30,431180.77999999817
ID187,1973-12-31,431180.77999999817
ID187,1974-03-31,1.1492999768257142
ID187,1974-06-30,431180.77999999817
ID187,1974-09-30,431180.77999999817
ID187,1974-12-31,1.1492999768257142
ID187,1975-03-31,152399.94155070098
ID187,1975-06-30,1.1492999768257142
ID187,1975-09-30,332038.71947974875
ID187,1975-12-31,431180.77999999817
ID187,1976-03-31,1.1492999768257142
ID187,1976-06-30,431180.77999999817
ID187,1976-09-30,431180.77999999817
ID187,1976-12-31,1.1492999768257142
ID187,1977-03-31,1.1492999768257142
ID187,1977-06-30,285574.338457821
ID187,1977-09-30,1.1492999768257142
ID188,1969-12-31,431180.77999999817
ID188,1970-03-31,1.1492999768257142
ID188,1970-06-30,431180.77999999817
ID188,1970-09-30,431180.77999999817
ID188,1970-12-31,1.1492999768257142
ID188,1971-03-31,431180.77999999817
ID188,1971-06-30,1.1492999768257142
ID188,1971-09-30,431180.77999999817
ID188,1971-12-31,1.1492999768257142
ID188,1972-03-31,431180.77999999817
ID188,1972-06-30,1.1492999768257142
ID188,1972-09-30,431180.77999999817
ID188,1972-12-31,431180.77999999817
ID188,1973-03-31,1.1492999768257142
ID188,1973-06-30,1.1492999768257142
ID188,1973-09-30,431180.77999999817
ID188,1973-12-31,431180.77999999817
ID188,1974-03-31,431180.77999999817
ID188,1974-06-30,1.1492999768257142
ID188,1974-09-30,234482.15681400397
ID188,1974-12-31,431180.77999999817
ID188,1975-03-31,431180.77999999817
ID188,1975-06-30,1.1492999768257142
ID188,1975-09-30,431180.77999999817
ID188,1975-12-31,1.1492999768257142
ID188,1976-03-31,1.1492999768257142
ID188,1976-06-30,22526.27990395949
ID188,1976-09-30,431180.77999999817
ID188,1976-12-31,431180.77999999817
ID188,1977-03-31,1.1492999768257142
ID188,1977-06-30,1.1492999768257142
ID188,1977-09-30,1.1492999768257142
ID189,1969-12-31,431180.77999999817
ID189,1970-03-31,431180.77999999817
ID189,1970-06-30,1.1492999768257142
ID189,1970-09-30,431180.77999999817
ID189,1970-12-31,1.1492999768257142
ID189,1971-03-31,1.1492999768257142
ID189,1971-06-30,160289.94373862832
ID189,1971-09-30,1.1492999768257142
ID189,1971-12-31,431180.77999999817
ID189,1972-03-31,96929.0140018822
ID189,1972-06-30,1.1492999768257142
ID189,1972-09-30,1.1492999768257142
ID189,1972-12-31,431180.77999999817
ID189,1973-03-31,1.1492999768257142
ID189,1973-06-30,431180.77999999817
ID189,1973-09-30,1.1492999768257142
ID189,1973-12-31,431180.77999999817
ID189,1974-03-31,1.1492999768257142
ID189,1974-06-30,431180.77999999817
ID189,1974-09-30,431180.77999999817
ID189,1974-12-31,1.1492999768257142
ID189,1975-03-31,431180.77999999817
ID189,1975-06-30,431180.77999999817
ID189,1975-09-30,431180.77999999817
ID189,1975-12-31,1.1492999768257142
ID189,1976-03-31,431180.77999999817
ID189,1976-06-30,127269.10518713758
ID189,1976-09-30,416065.03273911803
ID189,1976-12-31,431180.77999999817
ID189,1977-03-31,1.1492999768257142
ID189,1977-06-30,431180.77999999817
ID189,1977-09-30,1.1492999768257142
ID19,1978-06-30,1.1492999768257142
ID19,1978-09-30,431180.77999999817
ID19,1978-12-31,431180.77999999817
ID19,1979-03-31,1.1492999768257142
ID19,1979-06-30,431180.77999999817
ID19,1979-09-30,431180.77999999817
ID19,1979-12-31,431180.77999999817
ID19,1980-03-31,1.1492999768257142
ID19,1980-06-30,1.1492999768257142
ID19,1980-09-30,431180.77999999817
ID19,1980-12-31,1.1492999768257142
ID19,1981-03-31,1.1492999768257142
ID19,1981-06-30,1.1492999768257142
ID19,1981-09-30,431180.77999999817
ID19,1981-12-31,1.1492999768257142
ID19,1982-03-31,431180.77999999817
ID19,1982-06-30,1.1492999768257142
ID19,1982-09-30,1.1492999768257142
ID19,1982-12-31,431180.77999999817
ID19,1983-03-31,1.1492999768257142
ID19,1983-06-30,431180.77999999817
ID19,1983-09-30,1.1492999768257142
ID19,1983-12-31,431180.77999999817
ID19,1984-03-31,1.1492999768257142
ID19,1984-06-30,1.1492999768257142
ID19,1984-09-30,1.1492999768257142
ID19,1984-12-31,431180.77999999817
ID19,1985-03-31,1.1492999768257142
ID19,1985-06-30,431180.77999999817
ID19,1985-09-30,431180.77999999817
ID192,1975-12-31,1.1492999768257142
ID192,1976-03-31,1.1492999768257142
ID192,1976-06-30,1.1492999768257142
ID192,1976-09-30,431180.77999999817
ID192,1976-12-31,1.1492999768257142
ID192,1977-03-31,1.1492999768257142
ID192,1977-06-30,1.1492999768257142
ID192,1977-09-30,431180.77999999817
ID192,1977-12-31,431180.77999999817
ID192,1978-03-31,431180.77999999817
ID192,1978-06-30,1.1492999768257142
ID192,1978-09-30,261597.52481971678
ID192,1978-12-31,1.1492999768257142
ID192,1979-03-31,431180.77999999817
ID192,1979-06-30,1.1492999768257142
ID192,1979-09-30,1.1492999768257142
ID192,1979-12-31,1.1492999768257142
ID192,1980-03-31,1.1492999768257142
ID192,1980-06-30,1.1492999768257142
ID192,1980-09-30,431180.77999999817
ID192,1980-12-31,1.1492999768257142
ID192,1981-03-31,431180.77999999817
ID192,1981-06-30,141505.27605387318
ID192,1981-09-30,431180.77999999817
ID192,1981-12-31,431180.77999999817
ID192,1982-03-31,1.1492999768257142
ID192,1982-06-30,431180.77999999817
ID192,1982-09-30,431180.77999999817
ID192,1982-12-31,431180.77999999817
ID192,1983-03-31,1.1492999768257142
ID192,1983-06-30,431180.77999999817
ID192,1983-09-30,1.1492999768257142
ID192,1983-12-31,1.1492999768257142
ID192,1984-03-31,431180.77999999817
ID192,1984-06-30,160312.15593015525
ID192,1984-09-30,431180.77999999817
ID192,1984-12-31,1.1492999768257142
ID192,1985-03-31,1.1492999768257142
ID192,1985-06-30,431180.77999999817
ID192,1985-09-30,431180.77999999817
ID192,1985-12-31,1.1492999768257142
ID192,1986-03-31,1.1492999768257142
ID192,1986-06-30,1.1492999768257142
ID192,1986-09-30,1.1492999768257142
ID192,1986-12-31,1.1492999768257142
ID192,1987-03-31,1.1492999768257142
ID192,1987-06-30,431180.77999999817
ID192,1987-09-30,431180.77999999817
ID192,1987-12-31,1.1492999768257142
ID192,1988-03-31,1.1492999768257142
ID192,1988-06-30,1.1492999768257142
ID192,1988-09-30,431180.77999999817
ID193,1975-12-31,1.1492999768257142
ID193,1976-03-31,1.1492999768257142
ID193,1976-06-30,431180.77999999817
ID193,1976-09-30,1.1492999768257142
ID193,1976-12-31,1.1492999768257142
ID193,1977-03-31,1.1492999768257142
ID193,1977-06-30,431180.77999999817
ID193,1977-09-30,1.1492999768257142
ID193,1977-12-31,1.1492999768257142
ID193,1978-03-31,1.1492999768257142
ID193,1978-06-30,1.1492999768257142
ID193,1978-09-30,1.1492999768257142
ID193,1978-12-31,83281.78673445381
ID193,1979-03-31,431180.77999999817
ID193,1979-06-30,431180.77999999817
ID193,1979-09-30,1.1492999768257142
ID193,1979-12-31,1.1492999768257142
ID193,1980-03-31,431180.77999999817
ID193,1980-06-30,431180.77999999817
ID193,1980-09-30,1.1492999768257142
ID193,1980-12-31,431180.77999999817
ID193,1981-03-31,366195.27947332757
ID193,1981-06-30,431180.77999999817
ID193,1981-09-30,1.1492999768257142
ID193,1981-12-31,1.1492999768257142
ID193,1982-03-31,270990.20451389626
ID193,1982-06-30,431180.77999999817
ID193,1982-09-30,1.1492999768257142
ID193,1982-12-31,431180.77999999817
ID193,1983-03-31,431180.77999999817
ID193,1983-06-30,49987.74640639454
ID193,1983-09-30,1.1492999768257142
ID193,1983-12-31,431180.77999999817
ID193,1984-03-31,128516.72119624869
ID193,1984-06-30,431180.77999999817
ID193,1984-09-30,1.1492999768257142
ID193,1984-12-31,431180.77999999817
ID193,1985-03-31,1.1492999768257142
ID193,1985-06-30,431180.77999999817
ID193,1985-09-30,431180.77999999817
ID193,1985-12-31,1.1492999768257142
ID193,1986-03-31,1.1492999768257142
ID193,1986-06-30,431180.77999999817
ID193,1986-09-30,431180.77999999817
ID194,1975-12-31,431180.77999999817
ID194,1976-03-31,431180.77999999817
ID194,1976-06-30,1.1492999768257142
ID194,1976-09-30,1.1492999768257142
ID194,1976-12-31,1.1492999768257142
ID194,1977-03-31,1.1492999768257142
ID194,1977-06-30,1.1492999768257142
ID194,1977-09-30,1.1492999768257142
ID194,1977-12-31,202265.85700034673
ID194,1978-03-31,1.1492999768257142
ID194,1978-06-30,1.1492999768257142
ID194,1978-09-30,1.1492999768257142
ID194,1978-12-31,431180.77999999817
ID194,1979-03-31,1.1492999768257142
ID194,1979-06-30,1.1492999768257142
ID194,1979-09-30,360446.0581823452
ID194,1979-12-31,431180.77999999817
ID194,1980-03-31,431180.77999999817
ID194,1980-06-30,431180.77999999817
ID194,1980-09-30,1.1492999768257142
ID194,1980-12-31,431180.77999999817
ID194,1981-03-31,1.1492999768257142
ID194,1981-06-30,1.1492999768257142
ID194,1981-09-30,1.1492999768257142
ID194,1981-12-31,431180.77999999817
ID194,1982-03-31,1.1492999768257142
ID194,1982-06-30,431180.77999999817
ID194,1982-09-30,1.1492999768257142
ID194,1982-12-31,431180.77999999817
ID194,1983-03-31,431180.77999999817
ID194,1983-06-30,1.1492999768257142
ID194,1983-09-30,1.1492999768257142
ID194,1983-12-31,1.1492999768257142
ID194,1984-03-31,431180.77999999817
ID194,1984-06-30,1.1492999768257142
ID194,1984-09-30,1.1492999768257142
ID195,1975-12-31,431180.77999999817
ID195,1976-03-31,431180.77999999817
ID195,1976-06-30,1.1492999768257142
ID195,1976-09-30,431180.77999999817
ID195,1976-12-31,431180.77999999817
ID195,1977-03-31,431180.77999999817
ID195,1977-06-30,1.1492999768257142
ID195,1977-09-30,1.1492999768257142
ID195,1977-12-31,431180.77999999817
ID195,1978-03-31,431180.77999999817
ID195,1978-06-30,431180.77999999817
ID195,1978-09-30,60723.80237870405
ID195,1978-12-31,431180.77999999817
ID195,1979-03-31,1.1492999768257142
ID195,1979-06-30,431180.77999999817
ID195,1979-09-30,1.1492999768257142
ID195,1979-12-31,431180.77999999817
ID195,1980-03-31,431180.77999999817
ID195,1980-06-30,1.1492999768257142
ID195,1980-09-30,431180.77999999817
ID195,1980-12-31,431180.77999999817
ID195,1981-03-31,1.1492999768257142
ID195,1981-06-30,431180.77999999817
ID195,1981-09-30,431180.77999999817
ID195,1981-12-31,431180.77999999817
ID195,1982-03-31,1.1492999768257142
ID195,1982-06-30,1.1492999768257142
ID195,1982-09-30,1.1492999768257142
ID195,1982-12-31,1.1492999768257142
ID195,1983-03-31,431180.77999999817
ID195,1983-06-30,431180.77999999817
ID195,1983-09-30,431180.77999999817
ID195,1983-12-31,431180.77999999817
ID195,1984-03-31,1.1492999768257142
ID195,1984-06-30,431180.77999999817
ID195,1984-09-30,1.1492999768257142
ID196,1975-12-31,1.1492999768257142
ID196,1976-03-31,1.1492999768257142
ID196,1976-06-30,431180.77999999817
ID196,1976-09-30,338783.2844414204
ID196,1976-12-31,1.1492999768257142
ID196,1977-03-31,431180.77999999817
ID196,1977-06-30,1.1492999768257142
ID196,1977-09-30,431180.77999999817
ID196,1977-12-31,1.1492999768257142
ID196,1978-03-31,1.1492999768257142
ID196,1978-06-30,1.1492999768257142
ID196,1978-09-30,431180.77999999817
ID196,1978-12-31,405410.13799298386
ID196,1979-03-31,431180.77999999817
ID196,1979-06-30,431180.77999999817
ID196,1979-09-30,1.1492999768257142
ID196,1979-12-31,1.1492999768257142
ID196,1980-03-31,1.1492999768257142
ID196,1980-06-30,1.1492999768257142
ID196,1980-09-30,431180.77999999817
ID196,1980-12-31,1.1492999768257142
ID196,1981-03-31,1.1492999768257142
ID196,1981-06-30,1.1492999768257142
ID196,1981-09-30,1.1492999768257142
ID196,1981-12-31,431180.77999999817
ID196,1982-03-31,431180.77999999817
ID196,1982-06-30,431180.77999999817
ID196,1982-09-30,1.1492999768257142
ID196,1982-12-31,431180.77999999817
ID196,1983-03-31,1.1492999768257142
ID196,1983-06-30,431180.77999999817
ID196,1983-09-30,431180.77999999817
ID196,1983-12-31,431180.77999999817
ID196,1984-03-31,1.1492999768257142
ID196,1984-06-30,266323.85067361104
ID196,1984-09-30,1.1492999768257142
ID197,1975-12-31,431180.77999999817
ID197,1976-03-31,431180.77999999817
ID197,1976-06-30,1.1492999768257142
ID197,1976-09-30,431180.77999999817
ID197,1976-12-31,431180.77999999817
ID197,1977-03-31,1.1492999768257142
ID197,1977-06-30,1.1492999768257142
ID197,1977-09-30,1.1492999768257142
ID197,1977-12-31,1.1492999768257142
ID197,1978-03-31,1.1492999768257142
ID197,1978-06-30,431180.77999999817
ID197,1978-09-30,1.1492999768257142
ID197,1978-12-31,1.1492999768257142
ID197,1979-03-31,6405.898768016849
ID197,1979-06-30,1.1492999768257142
ID197,1979-09-30,1.1492999768257142
ID197,1979-12-31,431180.77999999817
ID197,1980-03-31,197407.84167456054
ID197,1980-06-30,431180.77999999817
ID197,1980-09-30,431180.77999999817
ID197,1980-12-31,1.1492999768257142
ID197,1981-03-31,431180.77999999817
ID197,1981-06-30,1.1492999768257142
ID197,1981-09-30,1.1492999768257142
ID197,1981-12-31,1.1492999768257142
ID197,1982-03-31,1.1492999768257142
ID197,1982-06-30,1.1492999768257142
ID197,1982-09-30,1.1492999768257142
ID197,1982-12-31,1.1492999768257142
ID197,1983-03-31,431180.77999999817
ID197,1983-06-30,431180.77999999817
ID197,1983-09-30,431180.77999999817
ID197,1983-12-31,1.1492999768257142
ID197,1984-03-31,431180.77999999817
ID197,1984-06-30,431180.77999999817
ID197,1984-09-30,1.1492999768257142
ID197,1984-12-31,1.1492999768257142
ID197,1985-03-31,431180.77999999817
ID197,1985-06-30,1.1492999768257142
ID197,1985-09-30,431180.77999999817
ID197,1985-12-31,1.1492999768257142
ID197,1986-03-31,431180.77999999817
ID197,1986-06-30,1.1492999768257142
ID197,1986-09-30,327706.8708772017
ID198,1975-12-31,431180.77999999817
ID198,1976-03-31,1.1492999768257142
ID198,1976-06-30,1.1492999768257142
ID198,1976-09-30,1.1492999768257142
ID198,1976-12-31,1.1492999768257142
ID198,1977-03-31,1.1492999768257142
ID198,1977-06-30,1.1492999768257142
ID198,1977-09-30,1.1492999768257142
ID198,1977-12-31,1.1492999768257142
ID198,1978-03-31,431180.77999999817
ID198,1978-06-30,1.1492999768257142
ID198,1978-09-30,1.1492999768257142
ID198,1978-12-31,431180.77999999817
ID198,1979-03-31,431180.77999999817
ID198,1979-06-30,1.1492999768257142
ID198,1979-09-30,1.1492999768257142
ID198,1979-12-31,431180.77999999817
ID198,1980-03-31,431180.77999999817
ID198,1980-06-30,1.1492999768257142
ID198,1980-09-30,431180.77999999817
ID198,1980-12-31,1.1492999768257142
ID198,1981-03-31,1.1492999768257142
ID198,1981-06-30,1.1492999768257142
ID198,1981-09-30,431180.77999999817
ID198,1981-12-31,431180.77999999817
ID198,1982-03-31,1.1492999768257142
ID198,1982-06-30,1.1492999768257142
ID198,1982-09-30,1.1492999768257142
ID198,1982-12-31,1.1492999768257142
ID198,1983-03-31,431180.77999999817
ID198,1983-06-30,1.1492999768257142
ID198,1983-09-30,1.1492999768257142
ID198,1983-12-31,1.1492999768257142
ID198,1984-03-31,1.1492999768257142
ID198,1984-06-30,1.1492999768257142
ID198,1984-09-30,431180.77999999817
ID199,1975-12-31,1.1492999768257142
ID199,1976-03-31,1.1492999768257142
ID199,1976-06-30,1.1492999768257142
ID199,1976-09-30,260564.94224614484
ID199,1976-12-31,431180.77999999817
ID199,1977-03-31,1.1492999768257142
ID199,1977-06-30,431180.77999999817
ID199,1977-09-30,1.1492999768257142
ID199,1977-12-31,1.1492999768257142
ID199,1978-03-31,431180.77999999817
ID199,1978-06-30,431180.77999999817
ID199,1978-09-30,1.1492999768257142
ID199,1978-12-31,431180.77999999817
ID199,1979-03-31,431180.77999999817
ID199,1979-06-30,1.1492999768257142
ID199,1979-09-30,431180.77999999817
ID199,1979-12-31,346587.54000216175
ID199,1980-03-31,431180.77999999817
ID199,1980-06-30,1.1492999768257142
ID199,1980-09-30,431180.77999999817
ID199,1980-12-31,431180.77999999817
ID199,1981-03-31,431180.77999999817
ID199,1981-06-30,1.1492999768257142
ID199,1981-09-30,1.1492999768257142
ID199,1981-12-31,1.1492999768257142
ID199,1982-03-31,1.1492999768257142
ID199,1982-06-30,413033.11493728816
ID199,1982-09-30,1.1492999768257142
ID199,1982-12-31,1.1492999768257142
ID199,1983-03-31,1.1492999768257142
ID199,1983-06-30,431180.77999999817
ID199,1983-09-30,431180.77999999817
ID199,1983-12-31,431180.77999999817
ID199,1984-03-31,431180.77999999817
ID199,1984-06-30,5491.457080672822
ID199,1984-09-30,431180.77999999817
ID2,1975-12-31,431180.77999999817
ID2,1976-03-31,431180.77999999817
ID2,1976-06-30,431180.77999999817
ID2,1976-09-30,431180.77999999817
ID2,1976-12-31,431180.77999999817
ID2,1977-03-31,431180.77999999817
ID2,1977-06-30,1.1492999768257142
ID2,1977-09-30,1.1492999768257142
ID2,1977-12-31,431180.77999999817
ID2,1978-03-31,431180.77999999817
ID2,1978-06-30,1.1492999768257142
ID2,1978-09-30,310224.6777963202
ID2,1978-12-31,431180.77999999817
ID2,1979-03-31,431180.77999999817
ID2,1979-06-30,431180.77999999817
ID2,1979-09-30,431180.77999999817
ID2,1979-12-31,1.1492999768257142
ID2,1980-03-31,431180.77999999817
ID2,1980-06-30,1.1492999768257142
ID2,1980-09-30,1.1492999768257142
ID2,1980-12-31,431180.77999999817
ID2,1981-03-31,431180.77999999817
ID2,1981-06-30,1.1492999768257142
ID2,1981-09-30,431180.77999999817
ID2,1981-12-31,431180.77999999817
ID2,1982-03-31,431180.77999999817
ID2,1982-06-30,1.1492999768257142
ID2,1982-09-30,1.1492999768257142
ID2,1982-12-31,1.1492999768257142
ID2,1983-03-31,431180.77999999817
ID2,1983-06-30,431180.77999999817
ID2,1983-09-30,1.1492999768257142
ID2,1983-12-31,1.1492999768257142
ID2,1984-03-31,431180.77999999817
ID2,1984-06-30,1.1492999768257142
ID2,1984-09-30,431180.77999999817
ID2,1984-12-31,1.1492999768257142
ID2,1985-03-31,1.1492999768257142
ID2,1985-06-30,431180.77999999817
ID2,1985-09-30,1.1492999768257142
ID2,1985-12-31,1.1492999768257142
ID2,1986-03-31,1.1492999768257142
ID2,1986-06-30,1.1492999768257142
ID2,1986-09-30,1.1492999768257142
ID20,1973-12-31,431180.77999999817
ID20,1974-03-31,1.1492999768257142
ID20,1974-06-30,431180.77999999817
ID20,1974-09-30,1.1492999768257142
ID20,1974-12-31,1.1492999768257142
ID20,1975-03-31,1.1492999768257142
ID20,1975-06-30,1.1492999768257142
ID20,1975-09-30,1.1492999768257142
ID20,1975-12-31,431180.77999999817
ID20,1976-03-31,1.1492999768257142
ID20,1976-06-30,1.1492999768257142
ID20,1976-09-30,1.1492999768257142
ID20,1976-12-31,1.1492999768257142
ID20,1977-03-31,1.1492999768257142
ID20,1977-06-30,1.1492999768257142
ID20,1977-09-30,431180.77999999817
ID20,1977-12-31,1.1492999768257142
ID20,1978-03-31,431180.77999999817
ID20,1978-06-30,431180.77999999817
ID20,1978-09-30,431180.77999999817
ID200,1975-12-31,1.1492999768257142
ID200,1976-03-31,1.1492999768257142
ID200,1976-06-30,431180.77999999817
ID200,1976-09-30,431180.77999999817
ID200,1976-12-31,1.1492999768257142
ID200,1977-03-31,431180.77999999817
ID200,1977-06-30,431180.77999999817
ID200,1977-09-30,1.1492999768257142
ID200,1977-12-31,1.1492999768257142
ID200,1978-03-31,431180.77999999817
ID200,1978-06-30,431180.77999999817
ID200,1978-09-30,1.1492999768257142
ID200,1978-12-31,431180.77999999817
ID200,1979-03-31,431180.77999999817
ID200,1979-06-30,1.1492999768257142
ID200,1979-09-30,1.1492999768257142
ID200,1979-12-31,1.1492999768257142
ID200,1980-03-31,1.1492999768257142
ID200,1980-06-30,1.1492999768257142
ID200,1980-09-30,1.1492999768257142
ID200,1980-12-31,431180.77999999817
ID200,1981-03-31,431180.77999999817
ID200,1981-06-30,431180.77999999817
ID200,1981-09-30,431180.77999999817
ID200,1981-12-31,1.1492999768257142
ID200,1982-03-31,431180.77999999817
ID200,1982-06-30,1.1492999768257142
ID200,1982-09-30,431180.77999999817
ID200,1982-12-31,431180.77999999817
ID200,1983-03-31,1.1492999768257142
ID200,1983-06-30,1.1492999768257142
ID200,1983-09-30,431180.77999999817
ID200,1983-12-31,1.1492999768257142
ID200,1984-03-31,1.1492999768257142
ID200,1984-06-30,29417.259351549903
ID200,1984-09-30,431180.77999999817
ID201,1975-12-31,1.1492999768257142
ID201,1976-03-31,1.1492999768257142
ID201,1976-06-30,1.1492999768257142
ID201,1976-09-30,431180.77999999817
ID201,1976-12-31,1.1492999768257142
ID201,1977-03-31,1.1492999768257142
ID201,1977-06-30,1.1492999768257142
ID201,1977-09-30,1.1492999768257142
ID201,1977-12-31,1.1492999768257142
ID201,1978-03-31,1.1492999768257142
ID201,1978-06-30,1.1492999768257142
ID201,1978-09-30,1.1492999768257142
ID201,1978-12-31,431180.77999999817
ID201,1979-03-31,1.1492999768257142
ID201,1979-06-30,431180.77999999817
ID201,1979-09-30,431180.77999999817
ID201,1979-12-31,1.1492999768257142
ID201,1980-03-31,1.1492999768257142
ID201,1980-06-30,1.1492999768257142
ID201,1980-09-30,1.1492999768257142
ID201,1980-12-31,431180.77999999817
ID201,1981-03-31,1.1492999768257142
ID201,1981-06-30,431180.77999999817
ID201,1981-09-30,431180.77999999817
ID201,1981-12-31,431180.77999999817
ID201,1982-03-31,1.1492999768257142
ID201,1982-06-30,431180.77999999817
ID201,1982-09-30,1.1492999768257142
ID201,1982-12-31,1.1492999768257142
ID201,1983-03-31,431180.77999999817
ID201,1983-06-30,431180.77999999817
ID201,1983-09-30,1.1492999768257142
ID201,1983-12-31,431180.77999999817
ID201,1984-03-31,431180.77999999817
ID201,1984-06-30,1.1492999768257142
ID201,1984-09-30,431180.77999999817
ID202,1975-12-31,431180.77999999817
ID202,1976-03-31,1.1492999768257142
ID202,1976-06-30,1.1492999768257142
ID202,1976-09-30,1.1492999768257142
ID202,1976-12-31,1.1492999768257142
ID202,1977-03-31,431180.77999999817
ID202,1977-06-30,431180.77999999817
ID202,1977-09-30,431180.77999999817
ID202,1977-12-31,1.1492999768257142
ID202,1978-03-31,431180.77999999817
ID202,1978-06-30,1.1492999768257142
ID202,1978-09-30,1.1492999768257142
ID202,1978-12-31,431180.77999999817
ID202,1979-03-31,1.1492999768257142
ID202,1979-06-30,431180.77999999817
ID202,1979-09-30,431180.77999999817
ID202,1979-12-31,431180.77999999817
ID202,1980-03-31,1.1492999768257142
ID202,1980-06-30,97950.40806947094
ID202,1980-09-30,431180.77999999817
ID202,1980-12-31,1.1492999768257142
ID202,1981-03-31,1.1492999768257142
ID202,1981-06-30,1.1492999768257142
ID202,1981-09-30,1.1492999768257142
ID202,1981-12-31,1.1492999768257142
ID202,1982-03-31,1.1492999768257142
ID202,1982-06-30,431180.77999999817
ID202,1982-09-30,431180.77999999817
ID202,1982-12-31,1.1492999768257142
ID202,1983-03-31,241919.00433838335
ID202,1983-06-30,431180.77999999817
ID202,1983-09-30,431180.77999999817
ID202,1983-12-31,1.1492999768257142
ID202,1984-03-31,431180.77999999817
ID202,1984-06-30,431180.77999999817
ID202,1984-09-30,1.1492999768257142
ID21,1978-06-30,431180.77999999817
ID21,1978-09-30,1.1492999768257142
ID21,1978-12-31,299428.84410188004
ID21,1979-03-31,1.1492999768257142
ID21,1979-06-30,319362.5109449057
ID21,1979-09-30,1.1492999768257142
ID21,1979-12-31,1.1492999768257142
ID21,1980-03-31,1.1492999768257142
ID21,1980-06-30,431180.77999999817
ID21,1980-09-30,1.1492999768257142
ID21,1980-12-31,431180.77999999817
ID21,1981-03-31,1.1492999768257142
ID21,1981-06-30,1.1492999768257142
ID21,1981-09-30,1.1492999768257142
ID21,1981-12-31,1.1492999768257142
ID21,1982-03-31,431180.77999999817
ID21,1982-06-30,431180.77999999817
ID21,1982-09-30,431180.77999999817
ID21,1982-12-31,1.1492999768257142
ID21,1983-03-31,1.1492999768257142
ID21,1983-06-30,431180.77999999817
ID21,1983-09-30,431180.77999999817
ID21,1983-12-31,431180.77999999817
ID21,1984-03-31,431180.77999999817
ID21,1984-06-30,1.1492999768257142
ID21,1984-09-30,1.1492999768257142
ID21,1984-12-31,61695.064474459636
ID21,1985-03-31,1.1492999768257142
ID21,1985-06-30,431180.77999999817
ID21,1985-09-30,1.1492999768257142
ID21,1985-12-31,431180.77999999817
ID21,1986-03-31,1.1492999768257142
ID21,1986-06-30,1.1492999768257142
ID21,1986-09-30,431180.77999999817
ID21,1986-12-31,1.1492999768257142
ID21,1987-03-31,1.1492999768257142
ID21,1987-06-30,431180.77999999817
ID21,1987-09-30,431180.77999999817
ID22,1977-09-30,1.1492999768257142
ID22,1977-12-31,1.1492999768257142
ID22,1978-03-31,431180.77999999817
ID22,1978-06-30,1.1492999768257142
ID22,1978-09-30,1.1492999768257142
ID22,1978-12-31,1.1492999768257142
ID22,1979-03-31,1.1492999768257142
ID22,1979-06-30,431180.77999999817
ID22,1979-09-30,1.1492999768257142
ID22,1979-12-31,431180.77999999817
ID22,1980-03-31,1.1492999768257142
ID22,1980-06-30,431180.77999999817
ID22,1980-09-30,431180.77999999817
ID22,1980-12-31,52075.64812667942
ID22,1981-03-31,431180.77999999817
ID22,1981-06-30,431180.77999999817
ID22,1981-09-30,431180.77999999817
ID22,1981-12-31,431180.77999999817
ID22,1982-03-31,1.1492999768257142
ID22,1982-06-30,1.1492999768257142
ID22,1982-09-30,1.1492999768257142
ID22,1982-12-31,431180.77999999817
ID22,1983-03-31,1.1492999768257142
ID22,1983-06-30,1.1492999768257142
ID22,1983-09-30,124371.4669208125
ID22,1983-12-31,431180.77999999817
ID22,1984-03-31,431180.77999999817
ID22,1984-06-30,431180.77999999817
ID22,1984-09-30,431180.77999999817
ID22,1984-12-31,1.1492999768257142
ID22,1985-03-31,431180.77999999817
ID22,1985-06-30,1.1492999768257142
ID22,1985-09-30,1.1492999768257142
ID22,1985-12-31,1.1492999768257142
ID22,1986-03-31,431180.77999999817
ID22,1986-06-30,431180.77999999817
ID22,1986-09-30,1.1492999768257142
ID22,1986-12-31,1.1492999768257142
ID22,1987-03-31,431180.77999999817
ID22,1987-06-30,431180.77999999817
ID22,1987-09-30,431180.77999999817
ID22,1987-12-31,1.1492999768257142
ID22,1988-03-31,1.1492999768257142
ID22,1988-06-30,431180.77999999817
ID22,1988-09-30,431180.77999999817
ID22,1988-12-31,1.1492999768257142
ID22,1989-03-31,431180.77999999817
ID22,1989-06-30,1.1492999768257142
ID22,1989-09-30,431180.77999999817
ID22,1989-12-31,1.1492999768257142
ID22,1990-03-31,1.1492999768257142
ID22,1990-06-30,431180.77999999817
ID22,1990-09-30,431180.77999999817
ID22,1990-12-31,431180.77999999817
ID22,1991-03-31,1.1492999768257142
ID22,1991-06-30,431180.77999999817
ID22,1991-09-30,431180.77999999817
ID22,1991-12-31,1.1492999768257142
ID22,1992-03-31,431180.77999999817
ID22,1992-06-30,431180.77999999817
ID22,1992-09-30,1.1492999768257142
ID22,1992-12-31,1.1492999768257142
ID22,1993-03-31,1.1492999768257142
ID22,1993-06-30,1.1492999768257142
ID22,1993-09-30,1.1492999768257142
ID22,1993-12-31,431180.77999999817
ID22,1994-03-31,431180.77999999817
ID22,1994-06-30,1.1492999768257142
ID22,1994-09-30,431180.77999999817
ID22,1994-12-31,1.1492999768257142
ID22,1995-03-31,1.1492999768257142
ID22,1995-06-30,1.1492999768257142
ID22,1995-09-30,431180.77999999817
ID22,1995-12-31,1.1492999768257142
ID22,1996-03-31,431180.77999999817
ID22,1996-06-30,1.1492999768257142
ID22,1996-09-30,431180.77999999817
ID22,1996-12-31,431180.77999999817
ID22,1997-03-31,431180.77999999817
ID22,1997-06-30,1.1492999768257142
ID22,1997-09-30,431180.77999999817
ID22,1997-12-31,431180.77999999817
ID22,1998-03-31,1.1492999768257142
ID22,1998-06-30,1.1492999768257142
ID22,1998-09-30,1.1492999768257142
ID22,1998-12-31,431180.77999999817
ID22,1999-03-31,1.1492999768257142
ID22,1999-06-30,431180.77999999817
ID22,1999-09-30,1.1492999768257142
ID22,1999-12-31,4434.127114705154
ID22,2000-03-31,418547.43386257224
ID22,2000-06-30,1.1492999768257142
ID22,2000-09-30,1.1492999768257142
ID22,2000-12-31,431180.77999999817
ID22,2001-03-31,1.1492999768257142
ID22,2001-06-30,431180.77999999817
ID22,2001-09-30,431180.77999999817
ID22,2001-12-31,431180.77999999817
ID22,2002-03-31,431180.77999999817
ID22,2002-06-30,431180.77999999817
ID22,2002-09-30,1.1492999768257142
ID22,2002-12-31,431180.77999999817
ID23,1977-12-31,431180.77999999817
ID23,1978-03-31,431180.77999999817
ID23,1978-06-30,1.1492999768257142
ID23,1978-09-30,431180.77999999817
ID23,1978-12-31,1.1492999768257142
ID23,1979-03-31,431180.77999999817
ID23,1979-06-30,1.1492999768257142
ID23,1979-09-30,431180.77999999817
ID23,1979-12-31,1.1492999768257142
ID23,1980-03-31,431180.77999999817
ID23,1980-06-30,431180.77999999817
ID23,1980-09-30,1.1492999768257142
ID23,1980-12-31,1.1492999768257142
ID23,1981-03-31,1.1492999768257142
ID23,1981-06-30,431180.77999999817
ID23,1981-09-30,431180.77999999817
ID23,1981-12-31,1.1492999768257142
ID23,1982-03-31,431180.77999999817
ID23,1982-06-30,1.1492999768257142
ID23,1982-09-30,1.1492999768257142
ID23,1982-12-31,431180.77999999817
ID23,1983-03-31,431180.77999999817
ID23,1983-06-30,167080.29288324818
ID23,1983-09-30,1.1492999768257142
ID23,1983-12-31,1.1492999768257142
ID23,1984-03-31,1.1492999768257142
ID23,1984-06-30,431180.77999999817
ID23,1984-09-30,1.1492999768257142
ID23,1984-12-31,431180.77999999817
ID23,1985-03-31,431180.77999999817
ID23,1985-06-30,1.1492999768257142
ID23,1985-09-30,431180.77999999817
ID23,1985-12-31,431180.77999999817
ID23,1986-03-31,101220.96575103936
ID23,1986-06-30,1.1492999768257142
ID23,1986-09-30,431180.77999999817
ID23,1986-12-31,431180.77999999817
ID23,1987-03-31,1.1492999768257142
ID23,1987-06-30,431180.77999999817
ID24,1977-12-31,1.1492999768257142
ID24,1978-03-31,1.1492999768257142
ID24,1978-06-30,1.1492999768257142
ID24,1978-09-30,431180.77999999817
ID24,1978-12-31,1.1492999768257142
ID24,1979-03-31,431180.77999999817
ID24,1979-06-30,1.1492999768257142
ID24,1979-09-30,431180.77999999817
ID24,1979-12-31,431180.77999999817
ID24,1980-03-31,1.1492999768257142
ID24,1980-06-30,431180.77999999817
ID24,1980-09-30,1.1492999768257142
ID24,1980-12-31,431180.77999999817
ID24,1981-03-31,431180.77999999817
ID24,1981-06-30,1.1492999768257142
ID24,1981-09-30,431180.77999999817
ID24,1981-12-31,1.1492999768257142
ID24,1982-03-31,431180.77999999817
ID24,1982-06-30,431180.77999999817
ID24,1982-09-30,431180.77999999817
ID24,1982-12-31,1.1492999768257142
ID24,1983-03-31,1.1492999768257142
ID24,1983-06-30,1.1492999768257142
ID24,1983-09-30,1.1492999768257142
ID24,1983-12-31,431180.77999999817
ID24,1984-03-31,431180.77999999817
ID24,1984-06-30,431180.77999999817
ID24,1984-09-30,1.1492999768257142
ID24,1984-12-31,1.1492999768257142
ID24,1985-03-31,431180.77999999817
ID24,1985-06-30,1.1492999768257142
ID24,1985-09-30,1.1492999768257142
ID24,1985-12-31,431180.77999999817
ID24,1986-03-31,431180.77999999817
ID24,1986-06-30,431180.77999999817
ID24,1986-09-30,431180.77999999817
ID24,1986-12-31,431180.77999999817
ID24,1987-03-31,1.1492999768257142
ID24,1987-06-30,1.1492999768257142
ID25,1977-12-31,431180.77999999817
ID25,1978-03-31,1.1492999768257142
ID25,1978-06-30,1.1492999768257142
ID25,1978-09-30,431180.77999999817
ID25,1978-12-31,1.1492999768257142
ID25,1979-03-31,431180.77999999817
ID25,1979-06-30,431180.77999999817
ID25,1979-09-30,1.1492999768257142
ID25,1979-12-31,431180.77999999817
ID25,1980-03-31,431180.77999999817
ID25,1980-06-30,1.1492999768257142
ID25,1980-09-30,1.1492999768257142
ID25,1980-12-31,1.1492999768257142
ID25,1981-03-31,431180.77999999817
ID25,1981-06-30,431180.77999999817
ID25,1981-09-30,1.1492999768257142
ID25,1981-12-31,431180.77999999817
ID25,1982-03-31,431180.77999999817
ID25,1982-06-30,1.1492999768257142
ID25,1982-09-30,1.1492999768257142
ID25,1982-12-31,431180.77999999817
ID25,1983-03-31,1.1492999768257142
ID25,1983-06-30,1.1492999768257142
ID25,1983-09-30,1.1492999768257142
ID25,1983-12-31,431180.77999999817
ID25,1984-03-31,1.1492999768257142
ID25,1984-06-30,1.1492999768257142
ID25,1984-09-30,431180.77999999817
ID25,1984-12-31,1.1492999768257142
ID25,1985-03-31,1.1492999768257142
ID25,1985-06-30,431180.77999999817
ID25,1985-09-30,1.1492999768257142
ID25,1985-12-31,196999.48489335846
ID25,1986-03-31,1.1492999768257142
ID25,1986-06-30,431180.77999999817
ID25,1986-09-30,1.1492999768257142
ID25,1986-12-31,1.1492999768257142
ID25,1987-03-31,431180.77999999817
ID25,1987-06-30,1.1492999768257142
ID26,1977-12-31,431180.77999999817
ID26,1978-03-31,306945.78972723085
ID26,1978-06-30,431180.77999999817
ID26,1978-09-30,431180.77999999817
ID26,1978-12-31,1.1492999768257142
ID26,1979-03-31,431180.77999999817
ID26,1979-06-30,1.1492999768257142
ID26,1979-09-30,1.1492999768257142
ID26,1979-12-31,1.1492999768257142
ID26,1980-03-31,1.1492999768257142
ID26,1980-06-30,431180.77999999817
ID26,1980-09-30,1.1492999768257142
ID26,1980-12-31,431180.77999999817
ID26,1981-03-31,1.1492999768257142
ID26,1981-06-30,431180.77999999817
ID26,1981-09-30,1.1492999768257142
ID26,1981-12-31,1.1492999768257142
ID26,1982-03-31,1.1492999768257142
ID26,1982-06-30,1.1492999768257142
ID26,1982-09-30,431180.77999999817
ID26,1982-12-31,431180.77999999817
ID26,1983-03-31,1.1492999768257142
ID26,1983-06-30,1.1492999768257142
ID26,1983-09-30,1.1492999768257142
ID27,1977-12-31,202674.66294056553
ID27,1978-03-31,1.1492999768257142
ID27,1978-06-30,12914.51868573165
ID27,1978-09-30,431180.77999999817
ID27,1978-12-31,1.1492999768257142
ID27,1979-03-31,1.1492999768257142
ID27,1979-06-30,431180.77999999817
ID27,1979-09-30,1.1492999768257142
ID27,1979-12-31,431180.77999999817
ID27,1980-03-31,431180.77999999817
ID27,1980-06-30,1.1492999768257142
ID27,1980-09-30,414137.2074416544
ID27,1980-12-31,431180.77999999817
ID27,1981-03-31,431180.77999999817
ID28,1977-12-31,1.1492999768257142
ID28,1978-03-31,431180.77999999817
ID28,1978-06-30,1.1492999768257142
ID28,1978-09-30,431180.77999999817
ID28,1978-12-31,431180.77999999817
ID28,1979-03-31,1.1492999768257142
ID28,1979-06-30,431180.77999999817
ID28,1979-09-30,1.1492999768257142
ID28,1979-12-31,1.1492999768257142
ID28,1980-03-31,1.1492999768257142
ID28,1980-06-30,1.1492999768257142
ID28,1980-09-30,431180.77999999817
ID28,1980-12-31,431180.77999999817
ID28,1981-03-31,1.1492999768257142
ID28,1981-06-30,431180.77999999817
ID28,1981-09-30,431180.77999999817
ID28,1981-12-31,431180.77999999817
ID28,1982-03-31,1.1492999768257142
ID28,1982-06-30,1.1492999768257142
ID28,1982-09-30,431180.77999999817
ID28,1982-12-31,1.1492999768257142
ID28,1983-03-31,431180.77999999817
ID28,1983-06-30,1.1492999768257142
ID28,1983-09-30,1.1492999768257142
ID28,1983-12-31,1.1492999768257142
ID28,1984-03-31,1.1492999768257142
ID29,1977-12-31,1.1492999768257142
ID29,1978-03-31,1.1492999768257142
ID29,1978-06-30,431180.77999999817
ID29,1978-09-30,1.1492999768257142
ID29,1978-12-31,431180.77999999817
ID29,1979-03-31,431180.77999999817
ID29,1979-06-30,431180.77999999817
ID29,1979-09-30,59949.33867774644
ID29,1979-12-31,431180.77999999817
ID29,1980-03-31,431180.77999999817
ID29,1980-06-30,376715.02008018596
ID29,1980-09-30,1.1492999768257142
ID29,1980-12-31,431180.77999999817
ID29,1981-03-31,431180.77999999817
ID29,1981-06-30,431180.77999999817
ID29,1981-09-30,1.1492999768257142
ID29,1981-12-31,1.1492999768257142
ID29,1982-03-31,1.1492999768257142
ID29,1982-06-30,1.1492999768257142
ID29,1982-09-30,1.1492999768257142
ID29,1982-12-31,1.1492999768257142
ID29,1983-03-31,1.1492999768257142
ID29,1983-06-30,431180.77999999817
ID29,1983-09-30,431180.77999999817
ID29,1983-12-31,431180.77999999817
ID29,1984-03-31,431180.77999999817
ID3,1977-06-30,431180.77999999817
ID3,1977-09-30,1.1492999768257142
ID3,1977-12-31,431180.77999999817
ID3,1978-03-31,431180.77999999817
ID3,1978-06-30,1.1492999768257142
ID3,1978-09-30,431180.77999999817
ID3,1978-12-31,431180.77999999817
ID3,1979-03-31,431180.77999999817
ID3,1979-06-30,431180.77999999817
ID3,1979-09-30,431180.77999999817
ID3,1979-12-31,431180.77999999817
ID3,1980-03-31,431180.77999999817
ID3,1980-06-30,1.1492999768257142
ID3,1980-09-30,431180.77999999817
ID3,1980-12-31,1.1492999768257142
ID3,1981-03-31,431180.77999999817
ID3,1981-06-30,1.1492999768257142
ID3,1981-09-30,431180.77999999817
ID3,1981-12-31,431180.77999999817
ID3,1982-03-31,1.1492999768257142
ID3,1982-06-30,1.1492999768257142
ID3,1982-09-30,431180.77999999817
ID3,1982-12-31,431180.77999999817
ID3,1983-03-31,1.1492999768257142
ID3,1983-06-30,431180.77999999817
ID3,1983-09-30,431180.77999999817
ID3,1983-12-31,1.1492999768257142
ID3,1984-03-31,1.1492999768257142
ID3,1984-06-30,1.1492999768257142
ID3,1984-09-30,431180.77999999817
ID3,1984-12-31,431180.77999999817
ID3,1985-03-31,1.1492999768257142
ID3,1985-06-30,431180.77999999817
ID3,1985-09-30,431180.77999999817
ID3,1985-12-31,1.1492999768257142
ID3,1986-03-31,1.1492999768257142
ID3,1986-06-30,1.1492999768257142
ID3,1986-09-30,1.1492999768257142
ID3,1986-12-31,1.1492999768257142
ID3,1987-03-31,1.1492999768257142
ID3,1987-06-30,1.1492999768257142
ID3,1987-09-30,431180.77999999817
ID3,1987-12-31,1.1492999768257142
ID3,1988-03-31,431180.77999999817
ID3,1988-06-30,431180.77999999817
ID3,1988-09-30,1.1492999768257142
ID3,1988-12-31,1.1492999768257142
ID3,1989-03-31,1.1492999768257142
ID3,1989-06-30,1.1492999768257142
ID3,1989-09-30,431180.77999999817
ID3,1989-12-31,1.1492999768257142
ID3,1990-03-31,1.1492999768257142
ID3,1990-06-30,431180.77999999817
ID3,1990-09-30,1.1492999768257142
ID3,1990-12-31,1.1492999768257142
ID3,1991-03-31,1.1492999768257142
ID3,1991-06-30,431180.77999999817
ID3,1991-09-30,1.1492999768257142
ID3,1991-12-31,431180.77999999817
ID3,1992-03-31,431180.77999999817
ID3,1992-06-30,431180.77999999817
ID3,1992-09-30,1.1492999768257142
ID3,1992-12-31,1.1492999768257142
ID3,1993-03-31,431180.77999999817
ID3,1993-06-30,1.1492999768257142
ID3,1993-09-30,1.1492999768257142
ID3,1993-12-31,1.1492999768257142
ID3,1994-03-31,431180.77999999817
ID3,1994-06-30,431180.77999999817
ID3,1994-09-30,1.1492999768257142
ID3,1994-12-31,431180.77999999817
ID3,1995-03-31,1.1492999768257142
ID3,1995-06-30,431180.77999999817
ID3,1995-09-30,1.1492999768257142
ID3,1995-12-31,431180.77999999817
ID3,1996-03-31,1.1492999768257142
ID3,1996-06-30,1.1492999768257142
ID3,1996-09-30,1.1492999768257142
ID3,1996-12-31,1.1492999768257142
ID3,1997-03-31,431180.77999999817
ID3,1997-06-30,431180.77999999817
ID3,1997-09-30,1.1492999768257142
ID3,1997-12-31,1.1492999768257142
ID3,1998-03-31,1.1492999768257142
ID3,1998-06-30,1.1492999768257142
ID3,1998-09-30,1.1492999768257142
ID3,1998-12-31,431180.77999999817
ID3,1999-03-31,1.1492999768257142
ID3,1999-06-30,431180.77999999817
ID3,1999-09-30,1.1492999768257142
ID3,1999-12-31,431180.77999999817
ID3,2000-03-31,431180.77999999817
ID3,2000-06-30,1.1492999768257142
ID3,2000-09-30,431180.77999999817
ID3,2000-12-31,431180.77999999817
ID3,2001-03-31,431180.77999999817
ID3,2001-06-30,1.1492999768257142
ID30,1977-12-31,1.1492999768257142
ID30,1978-03-31,431180.77999999817
ID30,1978-06-30,431180.77999999817
ID30,1978-09-30,1.1492999768257142
ID30,1978-12-31,431180.77999999817
ID30,1979-03-31,317548.71424254973
ID30,1979-06-30,1.1492999768257142
ID30,1979-09-30,431180.77999999817
ID30,1979-12-31,133063.85068061372
ID30,1980-03-31,431180.77999999817
ID30,1980-06-30,1.1492999768257142
ID30,1980-09-30,431180.77999999817
ID30,1980-12-31,431180.77999999817
ID30,1981-03-31,126052.35998226132
ID30,1981-06-30,1.1492999768257142
ID30,1981-09-30,1.1492999768257142
ID30,1981-12-31,1.1492999768257142
ID30,1982-03-31,351538.9601137208
ID30,1982-06-30,253313.83638675854
ID30,1982-09-30,1.1492999768257142
ID30,1982-12-31,1.1492999768257142
ID30,1983-03-31,1.1492999768257142
ID30,1983-06-30,1.1492999768257142
ID30,1983-09-30,431180.77999999817
ID30,1983-12-31,431180.77999999817
ID30,1984-03-31,431180.77999999817
ID30,1984-06-30,1.1492999768257142
ID30,1984-09-30,1.1492999768257142
ID30,1984-12-31,431180.77999999817
ID30,1985-03-31,1.1492999768257142
ID30,1985-06-30,431180.77999999817
ID30,1985-09-30,1.1492999768257142
ID30,1985-12-31,1.1492999768257142
ID30,1986-03-31,1.1492999768257142
ID30,1986-06-30,431180.77999999817
ID30,1986-09-30,1.1492999768257142
ID30,1986-12-31,431180.77999999817
ID30,1987-03-31,1.1492999768257142
ID30,1987-06-30,431180.77999999817
ID30,1987-09-30,1.1492999768257142
ID30,1987-12-31,1.1492999768257142
ID30,1988-03-31,431180.77999999817
ID30,1988-06-30,1.1492999768257142
ID30,1988-09-30,431180.77999999817
ID30,1988-12-31,1.1492999768257142
ID30,1989-03-31,431180.77999999817
ID30,1989-06-30,1.1492999768257142
ID30,1989-09-30,431180.77999999817
ID30,1989-12-31,1.1492999768257142
ID30,1990-03-31,431180.77999999817
ID30,1990-06-30,1.1492999768257142
ID30,1990-09-30,266825.69454903447
ID30,1990-12-31,1.1492999768257142
ID30,1991-03-31,431180.77999999817
ID30,1991-06-30,431180.77999999817
ID30,1991-09-30,431180.77999999817
ID30,1991-12-31,431180.77999999817
ID30,1992-03-31,1.1492999768257142
ID30,1992-06-30,431180.77999999817
ID30,1992-09-30,1.1492999768257142
ID30,1992-12-31,1.1492999768257142
ID30,1993-03-31,1.1492999768257142
ID31,1977-12-31,431180.77999999817
ID31,1978-03-31,431180.77999999817
ID31,1978-06-30,431180.77999999817
ID31,1978-09-30,431180.77999999817
ID31,1978-12-31,102751.30679254628
ID31,1979-03-31,431180.77999999817
ID31,1979-06-30,1.1492999768257142
ID31,1979-09-30,431180.77999999817
ID31,1979-12-31,1.1492999768257142
ID31,1980-03-31,1.1492999768257142
ID31,1980-06-30,1.1492999768257142
ID31,1980-09-30,431180.77999999817
ID31,1980-12-31,1.1492999768257142
ID31,1981-03-31,1.1492999768257142
ID31,1981-06-30,1.1492999768257142
ID31,1981-09-30,1.1492999768257142
ID31,1981-12-31,1.1492999768257142
ID31,1982-03-31,431180.77999999817
ID31,1982-06-30,1.1492999768257142
ID31,1982-09-30,1.1492999768257142
ID31,1982-12-31,431180.77999999817
ID31,1983-03-31,1.1492999768257142
ID31,1983-06-30,1.1492999768257142
ID31,1983-09-30,1.1492999768257142
ID32,1977-12-31,1.1492999768257142
ID32,1978-03-31,1.1492999768257142
ID32,1978-06-30,431180.77999999817
ID32,1978-09-30,1.1492999768257142
ID32,1978-12-31,431180.77999999817
ID32,1979-03-31,1.1492999768257142
ID32,1979-06-30,431180.77999999817
ID32,1979-09-30,70531.6788800176
ID32,1979-12-31,431180.77999999817
ID32,1980-03-31,1.1492999768257142
ID32,1980-06-30,1.1492999768257142
ID32,1980-09-30,431180.77999999817
ID32,1980-12-31,1.1492999768257142
ID32,1981-03-31,431180.77999999817
ID32,1981-06-30,431180.77999999817
ID32,1981-09-30,431180.77999999817
ID32,1981-12-31,431180.77999999817
ID32,1982-03-31,267953.0388443191
ID32,1982-06-30,352434.6230360921
ID32,1982-09-30,1.1492999768257142
ID32,1982-12-31,431180.77999999817
ID32,1983-03-31,431180.77999999817
ID32,1983-06-30,431180.77999999817
ID32,1983-09-30,1.1492999768257142
ID32,1983-12-31,431180.77999999817
ID32,1984-03-31,1.1492999768257142
ID33,1978-06-30,1.1492999768257142
ID33,1978-09-30,1.1492999768257142
ID33,1978-12-31,431180.77999999817
ID33,1979-03-31,431180.77999999817
ID33,1979-06-30,431180.77999999817
ID33,1979-09-30,1.1492999768257142
ID33,1979-12-31,1.1492999768257142
ID33,1980-03-31,431180.77999999817
ID33,1980-06-30,431180.77999999817
ID33,1980-09-30,1.1492999768257142
ID33,1980-12-31,431180.77999999817
ID33,1981-03-31,1.1492999768257142
ID33,1981-06-30,431180.77999999817
ID33,1981-09-30,1.1492999768257142
ID33,1981-12-31,1.1492999768257142
ID33,1982-03-31,1.1492999768257142
ID33,1982-06-30,1.1492999768257142
ID33,1982-09-30,431180.77999999817
ID33,1982-12-31,431180.77999999817
ID33,1983-03-31,431180.77999999817
ID33,1983-06-30,431180.77999999817
ID33,1983-09-30,431180.77999999817
ID33,1983-12-31,1.1492999768257142
ID33,1984-03-31,1.1492999768257142
ID33,1984-06-30,1.1492999768257142
ID33,1984-09-30,1.1492999768257142
ID33,1984-12-31,431180.77999999817
ID33,1985-03-31,431180.77999999817
ID33,1985-06-30,1.1492999768257142
ID34,1978-06-30,431180.77999999817
ID34,1978-09-30,1.1492999768257142
ID34,1978-12-31,1.1492999768257142
ID34,1979-03-31,137356.2849329504
ID34,1979-06-30,431180.77999999817
ID34,1979-09-30,431180.77999999817
ID34,1979-12-31,1.1492999768257142
ID34,1980-03-31,1.1492999768257142
ID34,1980-06-30,1.1492999768257142
ID34,1980-09-30,431180.77999999817
ID34,1980-12-31,1.1492999768257142
ID34,1981-03-31,431180.77999999817
ID34,1981-06-30,1.1492999768257142
ID34,1981-09-30,431180.77999999817
ID34,1981-12-31,431180.77999999817
ID34,1982-03-31,1.1492999768257142
ID34,1982-06-30,431180.77999999817
ID34,1982-09-30,431180.77999999817
ID34,1982-12-31,431180.77999999817
ID34,1983-03-31,150578.6541312289
ID34,1983-06-30,431180.77999999817
ID34,1983-09-30,1.1492999768257142
ID34,1983-12-31,431180.77999999817
ID34,1984-03-31,1.1492999768257142
ID34,1984-06-30,431180.77999999817
ID34,1984-09-30,285093.91725080373
ID34,1984-12-31,1.1492999768257142
ID34,1985-03-31,1.1492999768257142
ID34,1985-06-30,431180.77999999817
ID35,1900-03-31,1.1492999768257142
ID35,1900-06-30,1.1492999768257142
ID35,1900-09-30,431180.77999999817
ID35,1900-12-31,431180.77999999817
ID35,1901-03-31,431180.77999999817
ID35,1901-06-30,431180.77999999817
ID35,1901-09-30,431180.77999999817
ID35,1901-12-31,431180.77999999817
ID35,1902-03-31,431180.77999999817
ID35,1902-06-30,431180.77999999817
ID35,1902-09-30,1.1492999768257142
ID35,1902-12-31,431180.77999999817
ID35,1903-03-31,1.1492999768257142
ID35,1903-06-30,431180.77999999817
ID35,1903-09-30,1.1492999768257142
ID35,1903-12-31,1.1492999768257142
ID35,1904-03-31,431180.77999999817
ID35,1904-06-30,1.1492999768257142
ID35,1904-09-30,431180.77999999817
ID35,1904-12-31,1.1492999768257142
ID35,1905-03-31,1.1492999768257142
ID35,1905-06-30,1.1492999768257142
ID35,1905-09-30,431180.77999999817
ID35,1905-12-31,431180.77999999817
ID35,1906-03-31,1.1492999768257142
ID35,1906-06-30,431180.77999999817
ID35,1906-09-30,1.1492999768257142
ID35,1906-12-31,1.1492999768257142
ID35,1907-03-31,1.1492999768257142
ID35,1907-06-30,431180.77999999817
ID35,1907-09-30,1.1492999768257142
ID35,1907-12-31,301609.30810364033
ID35,1908-03-31,1.1492999768257142
ID35,1908-06-30,431180.77999999817
ID35,1908-09-30,431180.77999999817
ID35,1908-12-31,431180.77999999817
ID35,1909-03-31,1.1492999768257142
ID35,1909-06-30,1.1492999768257142
ID35,1909-09-30,218817.47755903917
ID35,1909-12-31,1.1492999768257142
ID35,1910-03-31,1.1492999768257142
ID35,1910-06-30,431180.77999999817
ID35,1910-09-30,431180.77999999817
ID35,1910-12-31,1.1492999768257142
ID35,1911-03-31,1.1492999768257142
ID35,1911-06-30,431180.77999999817
ID35,1911-09-30,1.1492999768257142
ID35,1911-12-31,431180.77999999817
ID35,1912-03-31,1.1492999768257142
ID35,1912-06-30,431180.77999999817
ID35,1912-09-30,431180.77999999817
ID35,1912-12-31,431180.77999999817
ID35,1913-03-31,431180.77999999817
ID35,1913-06-30,431180.77999999817
ID35,1913-09-30,1.1492999768257142
ID35,1913-12-31,431180.77999999817
ID35,1914-03-31,1.1492999768257142
ID35,1914-06-30,1.1492999768257142
ID35,1914-09-30,431180.77999999817
ID35,1914-12-31,1.1492999768257142
ID35,1915-03-31,431180.77999999817
ID35,1915-06-30,431180.77999999817
ID35,1915-09-30,1.1492999768257142
ID35,1915-12-31,1.1492999768257142
ID35,1916-03-31,431180.77999999817
ID35,1916-06-30,431180.77999999817
ID35,1916-09-30,431180.77999999817
ID35,1916-12-31,431180.77999999817
ID35,1917-03-31,1.1492999768257142
ID35,1917-06-30,1.1492999768257142
ID35,1917-09-30,431180.77999999817
ID35,1917-12-31,431180.77999999817
ID35,1918-03-31,1.1492999768257142
ID35,1918-06-30,1.1492999768257142
ID35,1918-09-30,1.1492999768257142
ID35,1918-12-31,431180.77999999817
ID35,1919-03-31,1.1492999768257142
ID35,1919-06-30,431180.77999999817
ID35,1919-09-30,1.1492999768257142
ID35,1919-12-31,1.1492999768257142
ID35,1920-03-31,1.1492999768257142
ID35,1920-06-30,431180.77999999817
ID35,1920-09-30,1.1492999768257142
ID35,1920-12-31,1.1492999768257142
ID35,1921-03-31,431180.77999999817
ID35,1921-06-30,1.1492999768257142
ID35,1921-09-30,431180.77999999817
ID35,1921-12-31,1.1492999768257142
ID36,1900-03-31,1.1492999768257142
ID36,1900-06-30,1.1492999768257142
ID36,1900-09-30,431180.77999999817
ID36,1900-12-31,431180.77999999817
ID36,1901-03-31,1.1492999768257142
ID36,1901-06-30,1.1492999768257142
ID36,1901-09-30,1.1492999768257142
ID36,1901-12-31,431180.77999999817
ID36,1902-03-31,1.1492999768257142
ID36,1902-06-30,1.1492999768257142
ID36,1902-09-30,1.1492999768257142
ID36,1902-12-31,1.1492999768257142
ID36,1903-03-31,1.1492999768257142
ID36,1903-06-30,1.1492999768257142
ID36,1903-09-30,1.1492999768257142
ID36,1903-12-31,431180.77999999817
ID36,1904-03-31,1.1492999768257142
ID36,1904-06-30,431180.77999999817
ID36,1904-09-30,431180.77999999817
ID36,1904-12-31,431180.77999999817
ID36,1905-03-31,431180.77999999817
ID36,1905-06-30,431180.77999999817
ID36,1905-09-30,431180.77999999817
ID36,1905-12-31,431180.77999999817
ID36,1906-03-31,1.1492999768257142
ID36,1906-06-30,431180.77999999817
ID36,1906-09-30,431180.77999999817
ID36,1906-12-31,144450.97133282578
ID36,1907-03-31,431180.77999999817
ID36,1907-06-30,422375.2171105958
ID36,1907-09-30,431180.77999999817
ID36,1907-12-31,1.1492999768257142
ID36,1908-03-31,431180.77999999817
ID36,1908-06-30,1.1492999768257142
ID36,1908-09-30,1.1492999768257142
ID36,1908-12-31,431180.77999999817
ID36,1909-03-31,1.1492999768257142
ID36,1909-06-30,431180.77999999817
ID36,1909-09-30,431180.77999999817
ID36,1909-12-31,1.1492999768257142
ID36,1910-03-31,431180.77999999817
ID36,1910-06-30,412586.526358491
ID36,1910-09-30,1.1492999768257142
ID36,1910-12-31,1.1492999768257142
ID36,1911-03-31,431180.77999999817
ID36,1911-06-30,1.1492999768257142
ID36,1911-09-30,104101.57196991265
ID36,1911-12-31,431180.77999999817
ID36,1912-03-31,1.1492999768257142
ID36,1912-06-30,1.1492999768257142
ID36,1912-09-30,1.1492999768257142
ID36,1912-12-31,1.1492999768257142
ID36,1913-03-31,431180.77999999817
ID36,1913-06-30,1.1492999768257142
ID36,1913-09-30,1.1492999768257142
ID36,1913-12-31,1.1492999768257142
ID36,1914-03-31,431180.77999999817
ID36,1914-06-30,431180.77999999817
ID36,1914-09-30,431180.77999999817
ID36,1914-12-31,1.1492999768257142
ID36,1915-03-31,1.1492999768257142
ID36,1915-06-30,431180.77999999817
ID36,1915-09-30,431180.77999999817
ID36,1915-12-31,1.1492999768257142
ID36,1916-03-31,431180.77999999817
ID36,1916-06-30,431180.77999999817
ID36,1916-09-30,1.1492999768257142
ID36,1916-12-31,431180.77999999817
ID36,1917-03-31,1.1492999768257142
ID36,1917-06-30,431180.77999999817
ID36,1917-09-30,1.1492999768257142
ID36,1917-12-31,176349.6919783354
ID36,1918-03-31,1.1492999768257142
ID36,1918-06-30,1.1492999768257142
ID36,1918-09-30,431180.77999999817
ID36,1918-12-31,431180.77999999817
ID36,1919-03-31,1.1492999768257142
ID36,1919-06-30,431180.77999999817
ID36,1919-09-30,1.1492999768257142
ID36,1919-12-31,1.1492999768257142
ID36,1920-03-31,431180.77999999817
ID36,1920-06-30,431180.77999999817
ID36,1920-09-30,431180.77999999817
ID36,1920-12-31,1.1492999768257142
ID37,1978-06-30,431180.77999999817
ID37,1978-09-30,1.1492999768257142
ID37,1978-12-31,1.1492999768257142
ID37,1979-03-31,431180.77999999817
ID37,1979-06-30,431180.77999999817
ID37,1979-09-30,431180.77999999817
ID37,1979-12-31,1.1492999768257142
ID37,1980-03-31,431180.77999999817
ID37,1980-06-30,1.1492999768257142
ID37,1980-09-30,431180.77999999817
ID37,1980-12-31,1.1492999768257142
ID37,1981-03-31,431180.77999999817
ID37,1981-06-30,1.1492999768257142
ID37,1981-09-30,1.1492999768257142
ID37,1981-12-31,431180.77999999817
ID37,1982-03-31,431180.77999999817
ID37,1982-06-30,431180.77999999817
ID37,1982-09-30,1.1492999768257142
ID37,1982-12-31,1.1492999768257142
ID37,1983-03-31,1.1492999768257142
ID37,1983-06-30,1.1492999768257142
ID37,1983-09-30,431180.77999999817
ID37,1983-12-31,1.1492999768257142
ID37,1984-03-31,1.1492999768257142
ID37,1984-06-30,431180.77999999817
ID37,1984-09-30,1.1492999768257142
ID37,1984-12-31,135714.77291313733
ID37,1985-03-31,431180.77999999817
ID37,1985-06-30,431180.77999999817
ID37,1985-09-30,44670.307528605954
ID38,1978-06-30,431180.77999999817
ID38,1978-09-30,431180.77999999817
ID38,1978-12-31,1.1492999768257142
ID38,1979-03-31,283343.625400172
ID38,1979-06-30,1.1492999768257142
ID38,1979-09-30,1.1492999768257142
ID38,1979-12-31,431180.77999999817
ID38,1980-03-31,123802.87935415126
ID38,1980-06-30,431180.77999999817
ID38,1980-09-30,431180.77999999817
ID38,1980-12-31,1.1492999768257142
ID38,1981-03-31,431180.77999999817
ID38,1981-06-30,431180.77999999817
ID38,1981-09-30,431180.77999999817
ID38,1981-12-31,1.1492999768257142
ID38,1982-03-31,1.1492999768257142
ID38,1982-06-30,1.1492999768257142
ID38,1982-09-30,1.1492999768257142
ID38,1982-12-31,1.1492999768257142
ID38,1983-03-31,431180.77999999817
ID38,1983-06-30,431180.77999999817
ID38,1983-09-30,431180.77999999817
ID38,1983-12-31,1.1492999768257142
ID38,1984-03-31,431180.77999999817
ID38,1984-06-30,1.1492999768257142
ID38,1984-09-30,431180.77999999817
ID38,1984-12-31,1.1492999768257142
ID38,1985-03-31,1.1492999768257142
ID38,1985-06-30,1.1492999768257142
ID38,1985-09-30,1.1492999768257142
ID39,1978-06-30,431180.77999999817
ID39,1978-09-30,431180.77999999817
ID39,1978-12-31,1.1492999768257142
ID39,1979-03-31,169096.50359162645
ID39,1979-06-30,380842.87678656104
ID39,1979-09-30,431180.77999999817
ID39,1979-12-31,1.1492999768257142
ID39,1980-03-31,431180.77999999817
ID39,1980-06-30,1.1492999768257142
ID39,1980-09-30,1.1492999768257142
ID39,1980-12-31,1.1492999768257142
ID39,1981-03-31,431180.77999999817
ID39,1981-06-30,1.1492999768257142
ID39,1981-09-30,1.1492999768257142
ID39,1981-12-31,14728.227980931522
ID39,1982-03-31,48493.67874522599
ID39,1982-06-30,1.1492999768257142
ID39,1982-09-30,301292.10778113053
ID39,1982-12-31,143891.83135215705
ID39,1983-03-31,431180.77999999817
ID39,1983-06-30,1.1492999768257142
ID39,1983-09-30,431180.77999999817
ID39,1983-12-31,1.1492999768257142
ID39,1984-03-31,431180.77999999817
ID39,1984-06-30,1.1492999768257142
ID39,1984-09-30,1.1492999768257142
ID39,1984-12-31,431180.77999999817
ID39,1985-03-31,1.1492999768257142
ID39,1985-06-30,1.1492999768257142
ID39,1985-09-30,431180.77999999817
ID4,1978-06-30,1.1492999768257142
ID4,1978-09-30,1.1492999768257142
ID4,1978-12-31,431180.77999999817
ID4,1979-03-31,1.1492999768257142
ID4,1979-06-30,1.1492999768257142
ID4,1979-09-30,1.1492999768257142
ID4,1979-12-31,43057.97418590513
ID4,1980-03-31,1.1492999768257142
ID4,1980-06-30,431180.77999999817
ID4,1980-09-30,431180.77999999817
ID4,1980-12-31,431180.77999999817
ID4,1981-03-31,1.1492999768257142
ID4,1981-06-30,1.1492999768257142
ID4,1981-09-30,431180.77999999817
ID4,1981-12-31,1.1492999768257142
ID4,1982-03-31,1.1492999768257142
ID4,1982-06-30,1.1492999768257142
ID4,1982-09-30,431180.77999999817
ID4,1982-12-31,1.1492999768257142
ID4,1983-03-31,1.1492999768257142
ID4,1983-06-30,1.1492999768257142
ID4,1983-09-30,1.1492999768257142
ID4,1983-12-31,365047.3456341764
ID4,1984-03-31,1.1492999768257142
ID4,1984-06-30,431180.77999999817
ID4,1984-09-30,431180.77999999817
ID4,1984-12-31,1.1492999768257142
ID4,1985-03-31,431180.77999999817
ID4,1985-06-30,431180.77999999817
ID40,1978-06-30,431180.77999999817
ID40,1978-09-30,1.1492999768257142
ID40,1978-12-31,1.1492999768257142
ID40,1979-03-31,431180.77999999817
ID40,1979-06-30,1.1492999768257142
ID40,1979-09-30,1.1492999768257142
ID40,1979-12-31,1.1492999768257142
ID40,1980-03-31,1.1492999768257142
ID40,1980-06-30,431180.77999999817
ID40,1980-09-30,1.1492999768257142
ID40,1980-12-31,1.1492999768257142
ID40,1981-03-31,431180.77999999817
ID40,1981-06-30,1.1492999768257142
ID40,1981-09-30,1.1492999768257142
ID40,1981-12-31,431180.77999999817
ID40,1982-03-31,198938.39664491976
ID40,1982-06-30,1.1492999768257142
ID40,1982-09-30,431180.77999999817
ID40,1982-12-31,1.1492999768257142
ID40,1983-03-31,431180.77999999817
ID40,1983-06-30,1.1492999768257142
ID40,1983-09-30,1.1492999768257142
ID40,1983-12-31,431180.77999999817
ID40,1984-03-31,431180.77999999817
ID40,1984-06-30,431180.77999999817
ID40,1984-09-30,431180.77999999817
ID40,1984-12-31,1.1492999768257142
ID40,1985-03-31,431180.77999999817
ID40,1985-06-30,431180.77999999817
ID40,1985-09-30,1.1492999768257142
ID41,1900-03-31,389379.1989335533
ID41,1900-06-30,1.1492999768257142
ID41,1900-09-30,1.1492999768257142
ID41,1900-12-31,431180.77999999817
ID41,1901-03-31,1.1492999768257142
ID41,1901-06-30,1.1492999768257142
ID41,1901-09-30,1.1492999768257142
ID41,1901-12-31,1.1492999768257142
ID41,1902-03-31,146505.05367105966
ID41,1902-06-30,431180.77999999817
ID41,1902-09-30,431180.77999999817
ID41,1902-12-31,1.1492999768257142
ID41,1903-03-31,431180.77999999817
ID41,1903-06-30,1.1492999768257142
ID41,1903-09-30,431180.77999999817
ID41,1903-12-31,431180.77999999817
ID41,1904-03-31,431180.77999999817
ID41,1904-06-30,1.1492999768257142
ID41,1904-09-30,1.1492999768257142
ID41,1904-12-31,1.1492999768257142
ID41,1905-03-31,1.1492999768257142
ID41,1905-06-30,1.1492999768257142
ID41,1905-09-30,431180.77999999817
ID41,1905-12-31,431180.77999999817
ID41,1906-03-31,431180.77999999817
ID41,1906-06-30,431180.77999999817
ID41,1906-09-30,1.1492999768257142
ID41,1906-12-31,1.1492999768257142
ID41,1907-03-31,1.1492999768257142
ID41,1907-06-30,1.1492999768257142
ID41,1907-09-30,431180.77999999817
ID41,1907-12-31,431180.77999999817
ID41,1908-03-31,1.1492999768257142
ID41,1908-06-30,431180.77999999817
ID41,1908-09-30,431180.77999999817
ID41,1908-12-31,1.1492999768257142
ID41,1909-03-31,1.1492999768257142
ID41,1909-06-30,431180.77999999817
ID41,1909-09-30,431180.77999999817
ID41,1909-12-31,1.1492999768257142
ID41,1910-03-31,431180.77999999817
ID41,1910-06-30,1.1492999768257142
ID41,1910-09-30,431180.77999999817
ID41,1910-12-31,1.1492999768257142
ID41,1911-03-31,431180.77999999817
ID41,1911-06-30,431180.77999999817
ID41,1911-09-30,431180.77999999817
ID41,1911-12-31,178832.8989241992
ID42,1975-12-31,1.1492999768257142
ID42,1976-03-31,1.1492999768257142
ID42,1976-06-30,1.1492999768257142
ID42,1976-09-30,1.1492999768257142
ID42,1976-12-31,1.1492999768257142
ID42,1977-03-31,431180.77999999817
ID42,1977-06-30,1.1492999768257142
ID42,1977-09-30,431180.77999999817
ID42,1977-12-31,1.1492999768257142
ID42,1978-03-31,1.1492999768257142
ID42,1978-06-30,1.1492999768257142
ID42,1978-09-30,431180.77999999817
ID42,1978-12-31,1.1492999768257142
ID42,1979-03-31,431180.77999999817
ID42,1979-06-30,431180.77999999817
ID42,1979-09-30,67111.36628614186
ID42,1979-12-31,431180.77999999817
ID42,1980-03-31,431180.77999999817
ID42,1980-06-30,431180.77999999817
ID42,1980-09-30,1.1492999768257142
ID42,1980-12-31,431180.77999999817
ID42,1981-03-31,1.1492999768257142
ID42,1981-06-30,1.1492999768257142
ID42,1981-09-30,431180.77999999817
ID42,1981-12-31,1.1492999768257142
ID42,1982-03-31,431180.77999999817
ID42,1982-06-30,1.1492999768257142
ID42,1982-09-30,431180.77999999817
ID42,1982-12-31,431180.77999999817
ID42,1983-03-31,1.1492999768257142
ID42,1983-06-30,1.1492999768257142
ID42,1983-09-30,431180.77999999817
ID42,1983-12-31,1.1492999768257142
ID42,1984-03-31,431180.77999999817
ID42,1984-06-30,431180.77999999817
ID42,1984-09-30,431180.77999999817
ID42,1984-12-31,431180.77999999817
ID42,1985-03-31,1.1492999768257142
ID42,1985-06-30,431180.77999999817
ID42,1985-09-30,1.1492999768257142
ID42,1985-12-31,1.1492999768257142
ID42,1986-03-31,1.1492999768257142
ID42,1986-06-30,431180.77999999817
ID42,1986-09-30,431180.77999999817
ID42,1986-12-31,431180.77999999817
ID42,1987-03-31,1.1492999768257142
ID42,1987-06-30,431180.77999999817
ID42,1987-09-30,431180.77999999817
ID42,1987-12-31,431180.77999999817
ID42,1988-03-31,1.1492999768257142
ID42,1988-06-30,1.1492999768257142
ID42,1988-09-30,1.1492999768257142
ID43,1975-12-31,431180.77999999817
ID43,1976-03-31,1.1492999768257142
ID43,1976-06-30,431180.77999999817
ID43,1976-09-30,1.1492999768257142
ID43,1976-12-31,1.1492999768257142
ID43,1977-03-31,1.1492999768257142
ID43,1977-06-30,431180.77999999817
ID43,1977-09-30,1.1492999768257142
ID43,1977-12-31,1.1492999768257142
ID43,1978-03-31,431180.77999999817
ID43,1978-06-30,431180.77999999817
ID43,1978-09-30,431180.77999999817
ID43,1978-12-31,1.1492999768257142
ID43,1979-03-31,431180.77999999817
ID43,1979-06-30,1.1492999768257142
ID43,1979-09-30,431180.77999999817
ID43,1979-12-31,431180.77999999817
ID43,1980-03-31,431180.77999999817
ID43,1980-06-30,1.1492999768257142
ID43,1980-09-30,1.1492999768257142
ID43,1980-12-31,431180.77999999817
ID43,1981-03-31,1.1492999768257142
ID43,1981-06-30,431180.77999999817
ID43,1981-09-30,431180.77999999817
ID43,1981-12-31,1.1492999768257142
ID43,1982-03-31,1711.9709268815548
ID43,1982-06-30,1.1492999768257142
ID43,1982-09-30,1.1492999768257142
ID43,1982-12-31,431180.77999999817
ID43,1983-03-31,431180.77999999817
ID43,1983-06-30,1.1492999768257142
ID43,1983-09-30,1.1492999768257142
ID43,1983-12-31,431180.77999999817
ID43,1984-03-31,1.1492999768257142
ID43,1984-06-30,431180.77999999817
ID43,1984-09-30,431180.77999999817
ID43,1984-12-31,1.1492999768257142
ID43,1985-03-31,1.1492999768257142
ID43,1985-06-30,1.1492999768257142
ID43,1985-09-30,1.1492999768257142
ID43,1985-12-31,1.1492999768257142
ID43,1986-03-31,431180.77999999817
ID43,1986-06-30,1.1492999768257142
ID43,1986-09-30,1.1492999768257142
ID43,1986-12-31,1.1492999768257142
ID43,1987-03-31,1.1492999768257142
ID43,1987-06-30,1.1492999768257142
ID43,1987-09-30,1.1492999768257142
ID43,1987-12-31,1.1492999768257142
ID43,1988-03-31,1.1492999768257142
ID43,1988-06-30,431180.77999999817
ID43,1988-09-30,431180.77999999817
ID44,1970-12-31,431180.77999999817
ID44,1971-03-31,1.1492999768257142
ID44,1971-06-30,1.1492999768257142
ID44,1971-09-30,431180.77999999817
ID44,1971-12-31,431180.77999999817
ID44,1972-03-31,1.1492999768257142
ID44,1972-06-30,431180.77999999817
ID44,1972-09-30,431180.77999999817
ID44,1972-12-31,431180.77999999817
ID44,1973-03-31,431180.77999999817
ID44,1973-06-30,431180.77999999817
ID44,1973-09-30,431180.77999999817
ID44,1973-12-31,1.1492999768257142
ID44,1974-03-31,431180.77999999817
ID44,1974-06-30,1.1492999768257142
ID44,1974-09-30,431180.77999999817
ID44,1974-12-31,431180.77999999817
ID44,1975-03-31,1.1492999768257142
ID44,1975-06-30,1.1492999768257142
ID44,1975-09-30,389137.47589406796
ID44,1975-12-31,1.1492999768257142
ID44,1976-03-31,1.1492999768257142
ID44,1976-06-30,1.1492999768257142
ID44,1976-09-30,431180.77999999817
ID44,1976-12-31,1.1492999768257142
ID44,1977-03-31,381648.7746679953
ID44,1977-06-30,431180.77999999817
ID44,1977-09-30,1.1492999768257142
ID44,1977-12-31,431180.77999999817
ID44,1978-03-31,1.1492999768257142
ID44,1978-06-30,431180.77999999817
ID44,1978-09-30,1.1492999768257142
ID45,1970-12-31,1.1492999768257142
ID45,1971-03-31,431180.77999999817
ID45,1971-06-30,431180.77999999817
ID45,1971-09-30,431180.77999999817
ID45,1971-12-31,431180.77999999817
ID45,1972-03-31,431180.77999999817
ID45,1972-06-30,1.1492999768257142
ID45,1972-09-30,1.1492999768257142
ID45,1972-12-31,1.1492999768257142
ID45,1973-03-31,431180.77999999817
ID45,1973-06-30,431180.77999999817
ID45,1973-09-30,431180.77999999817
ID45,1973-12-31,1.1492999768257142
ID45,1974-03-31,1.1492999768257142
ID45,1974-06-30,431180.77999999817
ID45,1974-09-30,1.1492999768257142
ID45,1974-12-31,1.1492999768257142
ID45,1975-03-31,1.1492999768257142
ID45,1975-06-30,1.1492999768257142
ID45,1975-09-30,1.1492999768257142
ID45,1975-12-31,431180.77999999817
ID45,1976-03-31,1.1492999768257142
ID45,1976-06-30,1.1492999768257142
ID45,1976-09-30,431180.77999999817
ID45,1976-12-31,431180.77999999817
ID45,1977-03-31,431180.77999999817
ID45,1977-06-30,1.1492999768257142
ID45,1977-09-30,1.1492999768257142
ID45,1977-12-31,431180.77999999817
ID45,1978-03-31,1.1492999768257142
ID45,1978-06-30,431180.77999999817
ID45,1978-09-30,431180.77999999817
ID46,1975-12-31,298099.08084066666
ID46,1976-03-31,1.1492999768257142
ID46,1976-06-30,431180.77999999817
ID46,1976-09-30,205803.33678699526
ID46,1976-12-31,431180.77999999817
ID46,1977-03-31,1.1492999768257142
ID46,1977-06-30,1.1492999768257142
ID46,1977-09-30,1.1492999768257142
ID46,1977-12-31,431180.77999999817
ID46,1978-03-31,431180.77999999817
ID46,1978-06-30,1.1492999768257142
ID46,1978-09-30,431180.77999999817
ID46,1978-12-31,1.1492999768257142
ID46,1979-03-31,431180.77999999817
ID46,1979-06-30,431180.77999999817
ID46,1979-09-30,431180.77999999817
ID46,1979-12-31,431180.77999999817
ID46,1980-03-31,1.1492999768257142
ID46,1980-06-30,431180.77999999817
ID46,1980-09-30,1.1492999768257142
ID46,1980-12-31,1.1492999768257142
ID46,1981-03-31,431180.77999999817
ID46,1981-06-30,1.1492999768257142
ID46,1981-09-30,431180.77999999817
ID46,1981-12-31,431180.77999999817
ID46,1982-03-31,1.1492999768257142
ID46,1982-06-30,431180.77999999817
ID46,1982-09-30,1.1492999768257142
ID46,1982-12-31,431180.77999999817
ID46,1983-03-31,1.1492999768257142
ID46,1983-06-30,1.1492999768257142
ID46,1983-09-30,1.1492999768257142
ID46,1983-12-31,1.1492999768257142
ID46,1984-03-31,431180.77999999817
ID46,1984-06-30,1.1492999768257142
ID46,1984-09-30,431180.77999999817
ID46,1984-12-31,1.1492999768257142
ID46,1985-03-31,431180.77999999817
ID46,1985-06-30,75392.31425080386
ID46,1985-09-30,1.1492999768257142
ID46,1985-12-31,431180.77999999817
ID46,1986-03-31,431180.77999999817
ID46,1986-06-30,1.1492999768257142
ID46,1986-09-30,1.1492999768257142
ID46,1986-12-31,431180.77999999817
ID46,1987-03-31,1.1492999768257142
ID46,1987-06-30,1.1492999768257142
ID46,1987-09-30,1.1492999768257142
ID46,1987-12-31,1.1492999768257142
ID46,1988-03-31,1.1492999768257142
ID46,1988-06-30,1.1492999768257142
ID46,1988-09-30,1.1492999768257142
ID47,1964-12-31,1.1492999768257142
ID47,1965-03-31,1.1492999768257142
ID47,1965-06-30,1.1492999768257142
ID47,1965-09-30,1.1492999768257142
ID47,1965-12-31,1.1492999768257142
ID47,1966-03-31,294392.1263112151
ID47,1966-06-30,1.1492999768257142
ID47,1966-09-30,431180.77999999817
ID47,1966-12-31,431180.77999999817
ID47,1967-03-31,1.1492999768257142
ID47,1967-06-30,1.1492999768257142
ID47,1967-09-30,1.1492999768257142
ID47,1967-12-31,1.1492999768257142
ID47,1968-03-31,1.1492999768257142
ID47,1968-06-30,1.1492999768257142
ID47,1968-09-30,1.1492999768257142
ID47,1968-12-31,1.1492999768257142
ID47,1969-03-31,431180.77999999817
ID47,1969-06-30,431180.77999999817
ID47,1969-09-30,431180.77999999817
ID47,1969-12-31,431180.77999999817
ID47,1970-03-31,431180.77999999817
ID47,1970-06-30,1.1492999768257142
ID47,1970-09-30,431180.77999999817
ID47,1970-12-31,431180.77999999817
ID47,1971-03-31,1.1492999768257142
ID47,1971-06-30,431180.77999999817
ID47,1971-09-30,431180.77999999817
ID48,1964-12-31,431180.77999999817
ID48,1965-03-31,1.1492999768257142
ID48,1965-06-30,1.1492999768257142
ID48,1965-09-30,1.1492999768257142
ID48,1965-12-31,1.1492999768257142
ID48,1966-03-31,1.1492999768257142
ID48,1966-06-30,431180.77999999817
ID48,1966-09-30,431180.77999999817
ID48,1966-12-31,1.1492999768257142
ID48,1967-03-31,1.1492999768257142
ID48,1967-06-30,1.1492999768257142
ID48,1967-09-30,431180.77999999817
ID48,1967-12-31,332023.02784776303
ID48,1968-03-31,431180.77999999817
ID48,1968-06-30,1.1492999768257142
ID48,1968-09-30,431180.77999999817
ID48,1968-12-31,431180.77999999817
ID48,1969-03-31,431180.77999999817
ID48,1969-06-30,347823.6988571349
ID48,1969-09-30,431180.77999999817
ID48,1969-12-31,341585.0251161203
ID48,1970-03-31,1.1492999768257142
ID48,1970-06-30,431180.77999999817
ID48,1970-09-30,1.1492999768257142
ID48,1970-12-31,431180.77999999817
ID48,1971-03-31,431180.77999999817
ID48,1971-06-30,1.1492999768257142
ID48,1971-09-30,1.1492999768257142
ID49,1964-12-31,1.1492999768257142
ID49,1965-03-31,431180.77999999817
ID49,1965-06-30,1.1492999768257142
ID49,1965-09-30,107792.41889222452
ID49,1965-12-31,431180.77999999817
ID49,1966-03-31,97867.40493672236
ID49,1966-06-30,431180.77999999817
ID49,1966-09-30,431180.77999999817
ID49,1966-12-31,1.1492999768257142
ID49,1967-03-31,1.1492999768257142
ID49,1967-06-30,431180.77999999817
ID49,1967-09-30,1.1492999768257142
ID49,1967-12-31,1.1492999768257142
ID49,1968-03-31,1.1492999768257142
ID49,1968-06-30,1.1492999768257142
ID49,1968-09-30,431180.77999999817
ID49,1968-12-31,431180.77999999817
ID49,1969-03-31,431180.77999999817
ID49,1969-06-30,1.1492999768257142
ID49,1969-09-30,1.1492999768257142
ID49,1969-12-31,1.1492999768257142
ID49,1970-03-31,1.1492999768257142
ID49,1970-06-30,1.1492999768257142
ID49,1970-09-30,431180.77999999817
ID49,1970-12-31,1.1492999768257142
ID49,1971-03-31,1.1492999768257142
ID49,1971-06-30,1.1492999768257142
ID49,1971-09-30,1.1492999768257142
ID5,1978-06-30,1.1492999768257142
ID5,1978-09-30,1.1492999768257142
ID5,1978-12-31,431180.77999999817
ID5,1979-03-31,267259.3457307087
ID5,1979-06-30,1.1492999768257142
ID5,1979-09-30,1.1492999768257142
ID5,1979-12-31,282771.8438499546
ID5,1980-03-31,431180.77999999817
ID5,1980-06-30,1.1492999768257142
ID5,1980-09-30,1.1492999768257142
ID5,1980-12-31,1.1492999768257142
ID5,1981-03-31,1.1492999768257142
ID5,1981-06-30,1.1492999768257142
ID5,1981-09-30,431180.77999999817
ID5,1981-12-31,250996.58518788792
ID5,1982-03-31,431180.77999999817
ID5,1982-06-30,1.1492999768257142
ID5,1982-09-30,431180.77999999817
ID5,1982-12-31,431180.77999999817
ID5,1983-03-31,431180.77999999817
ID5,1983-06-30,431180.77999999817
ID5,1983-09-30,431180.77999999817
ID5,1983-12-31,1.1492999768257142
ID5,1984-03-31,1.1492999768257142
ID5,1984-06-30,431180.77999999817
ID5,1984-09-30,1.1492999768257142
ID5,1984-12-31,1.1492999768257142
ID5,1985-03-31,1.1492999768257142
ID5,1985-06-30,1.1492999768257142
ID5,1985-09-30,431180.77999999817
ID50,1962-12-31,1.1492999768257142
ID50,1963-03-31,431180.77999999817
ID50,1963-06-30,431180.77999999817
ID50,1963-09-30,1.1492999768257142
ID50,1963-12-31,431180.77999999817
ID50,1964-03-31,431180.77999999817
ID50,1964-06-30,1.1492999768257142
ID50,1964-09-30,431180.77999999817
ID50,1964-12-31,1.1492999768257142
ID50,1965-03-31,1.1492999768257142
ID50,1965-06-30,1.1492999768257142
ID50,1965-09-30,431180.77999999817
ID50,1965-12-31,1.1492999768257142
ID50,1966-03-31,1.1492999768257142
ID50,1966-06-30,1.1492999768257142
ID50,1966-09-30,431180.77999999817
ID50,1966-12-31,431180.77999999817
ID50,1967-03-31,431180.77999999817
ID50,1967-06-30,431180.77999999817
ID50,1967-09-30,1.1492999768257142
ID50,1967-12-31,1.1492999768257142
ID50,1968-03-31,431180.77999999817
ID50,1968-06-30,1.1492999768257142
ID50,1968-09-30,431180.77999999817
ID50,1968-12-31,229674.90706014578
ID50,1969-03-31,431180.77999999817
ID50,1969-06-30,1.1492999768257142
ID50,1969-09-30,95506.01162362307
ID50,1969-12-31,332538.1862226341
ID50,1970-03-31,431180.77999999817
ID50,1970-06-30,290320.2831717801
ID50,1970-09-30,1.1492999768257142
ID50,1970-12-31,431180.77999999817
ID50,1971-03-31,1.1492999768257142
ID50,1971-06-30,1.1492999768257142
ID50,1971-09-30,1.1492999768257142
ID51,1968-12-31,431180.77999999817
ID51,1969-03-31,1.1492999768257142
ID51,1969-06-30,431180.77999999817
ID51,1969-09-30,431180.77999999817
ID51,1969-12-31,431180.77999999817
ID51,1970-03-31,1.1492999768257142
ID51,1970-06-30,1.1492999768257142
ID51,1970-09-30,431180.77999999817
ID51,1970-12-31,1.1492999768257142
ID51,1971-03-31,431180.77999999817
ID51,1971-06-30,1.1492999768257142
ID51,1971-09-30,1.1492999768257142
ID51,1971-12-31,1.1492999768257142
ID51,1972-03-31,1.1492999768257142
ID51,1972-06-30,1.1492999768257142
ID51,1972-09-30,1.1492999768257142
ID51,1972-12-31,1.1492999768257142
ID51,1973-03-31,1.1492999768257142
ID51,1973-06-30,1.1492999768257142
ID51,1973-09-30,1.1492999768257142
ID51,1973-12-31,333469.5886463703
ID51,1974-03-31,1.1492999768257142
ID51,1974-06-30,431180.77999999817
ID51,1974-09-30,431180.77999999817
ID51,1974-12-31,1.1492999768257142
ID51,1975-03-31,1.1492999768257142
ID51,1975-06-30,431180.77999999817
ID51,1975-09-30,1.1492999768257142
ID51,1975-12-31,431180.77999999817
ID51,1976-03-31,431180.77999999817
ID51,1976-06-30,431180.77999999817
ID51,1976-09-30,1.1492999768257142
ID52,1968-12-31,1.1492999768257142
ID52,1969-03-31,1.1492999768257142
ID52,1969-06-30,431180.77999999817
ID52,1969-09-30,1.1492999768257142
ID52,1969-12-31,1.1492999768257142
ID52,1970-03-31,1.1492999768257142
ID52,1970-06-30,1.1492999768257142
ID52,1970-09-30,431180.77999999817
ID52,1970-12-31,431180.77999999817
ID52,1971-03-31,431180.77999999817
ID52,1971-06-30,431180.77999999817
ID52,1971-09-30,1.1492999768257142
ID52,1971-12-31,431180.77999999817
ID52,1972-03-31,1.1492999768257142
ID52,1972-06-30,1.1492999768257142
ID52,1972-09-30,431180.77999999817
ID52,1972-12-31,431180.77999999817
ID52,1973-03-31,431180.77999999817
ID52,1973-06-30,431180.77999999817
ID52,1973-09-30,431180.77999999817
ID52,1973-12-31,1.1492999768257142
ID52,1974-03-31,431180.77999999817
ID52,1974-06-30,431180.77999999817
ID52,1974-09-30,1.1492999768257142
ID52,1974-12-31,431180.77999999817
ID52,1975-03-31,431180.77999999817
ID52,1975-06-30,431180.77999999817
ID52,1975-09-30,1.1492999768257142
ID52,1975-12-31,1.1492999768257142
ID52,1976-03-31,431180.77999999817
ID52,1976-06-30,431180.77999999817
ID52,1976-09-30,1.1492999768257142
ID53,1968-12-31,431180.77999999817
ID53,1969-03-31,431180.77999999817
ID53,1969-06-30,431180.77999999817
ID53,1969-09-30,1.1492999768257142
ID53,1969-12-31,1.1492999768257142
ID53,1970-03-31,1.1492999768257142
ID53,1970-06-30,1.1492999768257142
ID53,1970-09-30,431180.77999999817
ID53,1970-12-31,352992.38025752996
ID53,1971-03-31,1.1492999768257142
ID53,1971-06-30,1.1492999768257142
ID53,1971-09-30,1.1492999768257142
ID53,1971-12-31,431180.77999999817
ID53,1972-03-31,1.1492999768257142
ID53,1972-06-30,431180.77999999817
ID53,1972-09-30,1.1492999768257142
ID53,1972-12-31,1.1492999768257142
ID53,1973-03-31,431180.77999999817
ID53,1973-06-30,1.1492999768257142
ID53,1973-09-30,431180.77999999817
ID53,1973-12-31,1.1492999768257142
ID53,1974-03-31,1.1492999768257142
ID53,1974-06-30,1.1492999768257142
ID53,1974-09-30,1.1492999768257142
ID53,1974-12-31,1.1492999768257142
ID53,1975-03-31,1.1492999768257142
ID53,1975-06-30,1.1492999768257142
ID53,1975-09-30,1.1492999768257142
ID53,1975-12-31,431180.77999999817
ID53,1976-03-31,431180.77999999817
ID53,1976-06-30,1.1492999768257142
ID53,1976-09-30,403350.1416511036
ID54,1968-12-31,1.1492999768257142
ID54,1969-03-31,431180.77999999817
ID54,1969-06-30,1.1492999768257142
ID54,1969-09-30,1.1492999768257142
ID54,1969-12-31,1.1492999768257142
ID54,1970-03-31,431180.77999999817
ID54,1970-06-30,431180.77999999817
ID54,1970-09-30,431180.77999999817
ID54,1970-12-31,431180.77999999817
ID54,1971-03-31,1.1492999768257142
ID54,1971-06-30,1.1492999768257142
ID54,1971-09-30,431180.77999999817
ID54,1971-12-31,431180.77999999817
ID54,1972-03-31,431180.77999999817
ID54,1972-06-30,1.1492999768257142
ID54,1972-09-30,1.1492999768257142
ID54,1972-12-31,431180.77999999817
ID54,1973-03-31,1.1492999768257142
ID54,1973-06-30,431180.77999999817
ID54,1973-09-30,431180.77999999817
ID54,1973-12-31,431180.77999999817
ID54,1974-03-31,431180.77999999817
ID54,1974-06-30,1.1492999768257142
ID54,1974-09-30,431180.77999999817
ID54,1974-12-31,431180.77999999817
ID54,1975-03-31,431180.77999999817
ID54,1975-06-30,431180.77999999817
ID54,1975-09-30,431180.77999999817
ID54,1975-12-31,1.1492999768257142
ID54,1976-03-31,1.1492999768257142
ID54,1976-06-30,431180.77999999817
ID54,1976-09-30,1.1492999768257142
ID55,1971-12-31,431180.77999999817
ID55,1972-03-31,1.1492999768257142
ID55,1972-06-30,1.1492999768257142
ID55,1972-09-30,431180.77999999817
ID55,1972-12-31,1.1492999768257142
ID55,1973-03-31,431180.77999999817
ID55,1973-06-30,353316.0501074194
ID55,1973-09-30,431180.77999999817
ID55,1973-12-31,431180.77999999817
ID55,1974-03-31,1.1492999768257142
ID55,1974-06-30,1.1492999768257142
ID55,1974-09-30,431180.77999999817
ID55,1974-12-31,431180.77999999817
ID55,1975-03-31,1.1492999768257142
ID55,1975-06-30,1.1492999768257142
ID55,1975-09-30,431180.77999999817
ID55,1975-12-31,431180.77999999817
ID55,1976-03-31,28695.619592103827
ID55,1976-06-30,1.1492999768257142
ID55,1976-09-30,16921.788039996383
ID55,1976-12-31,1.1492999768257142
ID55,1977-03-31,431180.77999999817
ID55,1977-06-30,431180.77999999817
ID55,1977-09-30,1.1492999768257142
ID55,1977-12-31,1.1492999768257142
ID55,1978-03-31,431180.77999999817
ID55,1978-06-30,1.1492999768257142
ID55,1978-09-30,431180.77999999817
ID55,1978-12-31,1.1492999768257142
ID55,1979-03-31,431180.77999999817
ID55,1979-06-30,431180.77999999817
ID55,1979-09-30,1.1492999768257142
ID55,1979-12-31,1.1492999768257142
ID55,1980-03-31,431180.77999999817
ID55,1980-06-30,1.1492999768257142
ID55,1980-09-30,1.1492999768257142
ID55,1980-12-31,431180.77999999817
ID55,1981-03-31,1.1492999768257142
ID55,1981-06-30,1.1492999768257142
ID55,1981-09-30,431180.77999999817
ID55,1981-12-31,1.1492999768257142
ID55,1982-03-31,431180.77999999817
ID55,1982-06-30,431180.77999999817
ID55,1982-09-30,1.1492999768257142
ID55,1982-12-31,1.1492999768257142
ID55,1983-03-31,431180.77999999817
ID55,1983-06-30,431180.77999999817
ID55,1983-09-30,1.1492999768257142
ID55,1983-12-31,431180.77999999817
ID55,1984-03-31,431180.77999999817
ID55,1984-06-30,1.1492999768257142
ID55,1984-09-30,1.1492999768257142
ID55,1984-12-31,1.1492999768257142
ID55,1985-03-31,1.1492999768257142
ID55,1985-06-30,1.1492999768257142
ID55,1985-09-30,1.1492999768257142
ID56,1978-03-31,1.1492999768257142
ID56,1978-06-30,431180.77999999817
ID56,1978-09-30,431180.77999999817
ID56,1978-12-31,1.1492999768257142
ID56,1979-03-31,1.1492999768257142
ID56,1979-06-30,431180.77999999817
ID56,1979-09-30,431180.77999999817
ID56,1979-12-31,1.1492999768257142
ID56,1980-03-31,431180.77999999817
ID56,1980-06-30,431180.77999999817
ID56,1980-09-30,1.1492999768257142
ID56,1980-12-31,1.1492999768257142
ID56,1981-03-31,431180.77999999817
ID56,1981-06-30,431180.77999999817
ID56,1981-09-30,431180.77999999817
ID56,1981-12-31,431180.77999999817
ID56,1982-03-31,1.1492999768257142
ID56,1982-06-30,1.1492999768257142
ID56,1982-09-30,431180.77999999817
ID56,1982-12-31,1.1492999768257142
ID56,1983-03-31,1.1492999768257142
ID56,1983-06-30,431180.77999999817
ID56,1983-09-30,431180.77999999817
ID56,1983-12-31,431180.77999999817
ID56,1984-03-31,1.1492999768257142
ID56,1984-06-30,1.1492999768257142
ID56,1984-09-30,431180.77999999817
ID56,1984-12-31,431180.77999999817
ID56,1985-03-31,431180.77999999817
ID56,1985-06-30,327688.89806110895
ID56,1985-09-30,1.1492999768257142
ID56,1985-12-31,1.1492999768257142
ID56,1986-03-31,431180.77999999817
ID56,1986-06-30,431180.77999999817
ID56,1986-09-30,431180.77999999817
ID56,1986-12-31,431180.77999999817
ID56,1987-03-31,431180.77999999817
ID56,1987-06-30,431180.77999999817
ID56,1987-09-30,220714.0298275581
ID56,1987-12-31,1.1492999768257142
ID56,1988-03-31,431180.77999999817
ID56,1988-06-30,1.1492999768257142
ID56,1988-09-30,1.1492999768257142
ID56,1988-12-31,431180.77999999817
ID56,1989-03-31,1.1492999768257142
ID56,1989-06-30,431180.77999999817
ID56,1989-09-30,431180.77999999817
ID56,1989-12-31,431180.77999999817
ID56,1990-03-31,431180.77999999817
ID56,1990-06-30,431180.77999999817
ID56,1990-09-30,1.1492999768257142
ID56,1990-12-31,1.1492999768257142
ID56,1991-03-31,1.1492999768257142
ID57,1978-06-30,1.1492999768257142
ID57,1978-09-30,431180.77999999817
ID57,1978-12-31,431180.77999999817
ID57,1979-03-31,1.1492999768257142
ID57,1979-06-30,431180.77999999817
ID57,1979-09-30,431180.77999999817
ID57,1979-12-31,1.1492999768257142
ID57,1980-03-31,1.1492999768257142
ID57,1980-06-30,431180.77999999817
ID57,1980-09-30,431180.77999999817
ID57,1980-12-31,431180.77999999817
ID57,1981-03-31,1.1492999768257142
ID57,1981-06-30,431180.77999999817
ID57,1981-09-30,425467.1695688278
ID57,1981-12-31,1.1492999768257142
ID57,1982-03-31,1.1492999768257142
ID57,1982-06-30,431180.77999999817
ID57,1982-09-30,1.1492999768257142
ID57,1982-12-31,431180.77999999817
ID57,1983-03-31,1.1492999768257142
ID57,1983-06-30,1.1492999768257142
ID57,1983-09-30,1.1492999768257142
ID57,1983-12-31,1.1492999768257142
ID57,1984-03-31,1.1492999768257142
ID57,1984-06-30,359572.77689677087
ID57,1984-09-30,1.1492999768257142
ID57,1984-12-31,1.1492999768257142
ID57,1985-03-31,1.1492999768257142
ID57,1985-06-30,431180.77999999817
ID57,1985-09-30,1.1492999768257142
ID58,1977-03-31,1.1492999768257142
ID58,1977-06-30,1.1492999768257142
ID58,1977-09-30,427765.16749657295
ID58,1977-12-31,1.1492999768257142
ID58,1978-03-31,1.1492999768257142
ID58,1978-06-30,431180.77999999817
ID58,1978-09-30,431180.77999999817
ID58,1978-12-31,1.1492999768257142
ID58,1979-03-31,431180.77999999817
ID58,1979-06-30,431180.77999999817
ID58,1979-09-30,1.1492999768257142
ID58,1979-12-31,431180.77999999817
ID58,1980-03-31,431180.77999999817
ID58,1980-06-30,431180.77999999817
ID58,1980-09-30,1.1492999768257142
ID58,1980-12-31,377850.2595301198
ID58,1981-03-31,278417.7928064988
ID58,1981-06-30,1.1492999768257142
ID58,1981-09-30,431180.77999999817
ID58,1981-12-31,1.1492999768257142
ID58,1982-03-31,1.1492999768257142
ID58,1982-06-30,1.1492999768257142
ID58,1982-09-30,233267.26765822363
ID58,1982-12-31,1.1492999768257142
ID58,1983-03-31,1.1492999768257142
ID58,1983-06-30,1.1492999768257142
ID58,1983-09-30,431180.77999999817
ID58,1983-12-31,431180.77999999817
ID58,1984-03-31,431180.77999999817
ID58,1984-06-30,431180.77999999817
ID58,1984-09-30,255738.14026804297
ID58,1984-12-31,431180.77999999817
ID58,1985-03-31,331565.6572182453
ID59,1977-09-30,431180.77999999817
ID59,1977-12-31,1.1492999768257142
ID59,1978-03-31,431180.77999999817
ID59,1978-06-30,431180.77999999817
ID59,1978-09-30,1.1492999768257142
ID59,1978-12-31,1.1492999768257142
ID59,1979-03-31,431180.77999999817
ID59,1979-06-30,1.1492999768257142
ID59,1979-09-30,1.1492999768257142
ID59,1979-12-31,1.1492999768257142
ID59,1980-03-31,1.1492999768257142
ID59,1980-06-30,431180.77999999817
ID59,1980-09-30,431180.77999999817
ID59,1980-12-31,431180.77999999817
ID59,1981-03-31,431180.77999999817
ID59,1981-06-30,431180.77999999817
ID59,1981-09-30,1.1492999768257142
ID59,1981-12-31,1.1492999768257142
ID59,1982-03-31,431180.77999999817
ID59,1982-06-30,431180.77999999817
ID59,1982-09-30,1.1492999768257142
ID59,1982-12-31,94701.52015455041
ID59,1983-03-31,431180.77999999817
ID59,1983-06-30,122644.82749339052
ID59,1983-09-30,1.1492999768257142
ID59,1983-12-31,1.1492999768257142
ID59,1984-03-31,1.1492999768257142
ID59,1984-06-30,1.1492999768257142
ID59,1984-09-30,1.1492999768257142
ID59,1984-12-31,431180.77999999817
ID59,1985-03-31,1.1492999768257142
ID59,1985-06-30,431180.77999999817
ID59,1985-09-30,1.1492999768257142
ID59,1985-12-31,1.1492999768257142
ID59,1986-03-31,1.1492999768257142
ID59,1986-06-30,1.1492999768257142
ID59,1986-09-30,1.1492999768257142
ID59,1986-12-31,1.1492999768257142
ID60,1976-12-31,1.1492999768257142
ID60,1977-03-31,1.1492999768257142
ID60,1977-06-30,385053.33290798485
ID60,1977-09-30,431180.77999999817
ID60,1977-12-31,1.1492999768257142
ID60,1978-03-31,1.1492999768257142
ID60,1978-06-30,1.1492999768257142
ID60,1978-09-30,431180.77999999817
ID60,1978-12-31,1.1492999768257142
ID60,1979-03-31,1.1492999768257142
ID60,1979-06-30,1.1492999768257142
ID60,1979-09-30,431180.77999999817
ID60,1979-12-31,404994.0529995934
ID60,1980-03-31,1.1492999768257142
ID60,1980-06-30,1.1492999768257142
ID60,1980-09-30,1.1492999768257142
ID60,1980-12-31,1.1492999768257142
ID60,1981-03-31,431180.77999999817
ID60,1981-06-30,431180.77999999817
ID60,1981-09-30,431180.77999999817
ID60,1981-12-31,431180.77999999817
ID60,1982-03-31,1.1492999768257142
ID60,1982-06-30,431180.77999999817
ID60,1982-09-30,1.1492999768257142
ID60,1982-12-31,431180.77999999817
ID60,1983-03-31,431180.77999999817
ID60,1983-06-30,1.1492999768257142
ID60,1983-09-30,1.1492999768257142
ID60,1983-12-31,431180.77999999817
ID60,1984-03-31,1.1492999768257142
ID60,1984-06-30,1.1492999768257142
ID60,1984-09-30,1.1492999768257142
ID60,1984-12-31,1.1492999768257142
ID60,1985-03-31,115947.2450049576
ID60,1985-06-30,1.1492999768257142
ID60,1985-09-30,431180.77999999817
ID60,1985-12-31,431180.77999999817
ID60,1986-03-31,431180.77999999817
ID60,1986-06-30,1.1492999768257142
ID60,1986-09-30,431180.77999999817
ID60,1986-12-31,431180.77999999817
ID60,1987-03-31,1.1492999768257142
ID60,1987-06-30,1.1492999768257142
ID60,1987-09-30,431180.77999999817
ID60,1987-12-31,1.1492999768257142
ID60,1988-03-31,1.1492999768257142
ID60,1988-06-30,431180.77999999817
ID60,1988-09-30,106110.79072444017
ID61,1976-12-31,1.1492999768257142
ID61,1977-03-31,1.1492999768257142
ID61,1977-06-30,1.1492999768257142
ID61,1977-09-30,431180.77999999817
ID61,1977-12-31,1.1492999768257142
ID61,1978-03-31,1.1492999768257142
ID61,1978-06-30,1.1492999768257142
ID61,1978-09-30,1.1492999768257142
ID61,1978-12-31,1.1492999768257142
ID61,1979-03-31,1.1492999768257142
ID61,1979-06-30,431180.77999999817
ID61,1979-09-30,431180.77999999817
ID61,1979-12-31,67206.82387578601
ID61,1980-03-31,431180.77999999817
ID61,1980-06-30,1.1492999768257142
ID61,1980-09-30,1.1492999768257142
ID61,1980-12-31,1.1492999768257142
ID61,1981-03-31,431180.77999999817
ID61,1981-06-30,431180.77999999817
ID61,1981-09-30,1.1492999768257142
ID61,1981-12-31,1.1492999768257142
ID61,1982-03-31,1.1492999768257142
ID61,1982-06-30,431180.77999999817
ID61,1982-09-30,372906.35660523316
ID61,1982-12-31,431180.77999999817
ID61,1983-03-31,1.1492999768257142
ID61,1983-06-30,431180.77999999817
ID61,1983-09-30,431180.77999999817
ID61,1983-12-31,431180.77999999817
ID61,1984-03-31,431180.77999999817
ID61,1984-06-30,1.1492999768257142
ID61,1984-09-30,1.1492999768257142
ID61,1984-12-31,431180.77999999817
ID61,1985-03-31,431180.77999999817
ID61,1985-06-30,431180.77999999817
ID61,1985-09-30,431180.77999999817
ID61,1985-12-31,431180.77999999817
ID61,1986-03-31,431180.77999999817
ID61,1986-06-30,1.1492999768257142
ID61,1986-09-30,247155.50857334796
ID61,1986-12-31,431180.77999999817
ID61,1987-03-31,431180.77999999817
ID61,1987-06-30,1.1492999768257142
ID61,1987-09-30,1.1492999768257142
ID61,1987-12-31,431180.77999999817
ID61,1988-03-31,431180.77999999817
ID61,1988-06-30,431180.77999999817
ID61,1988-09-30,431180.77999999817
ID62,1976-12-31,431180.77999999817
ID62,1977-03-31,1.1492999768257142
ID62,1977-06-30,86878.61115307937
ID62,1977-09-30,431180.77999999817
ID62,1977-12-31,1.1492999768257142
ID62,1978-03-31,431180.77999999817
ID62,1978-06-30,267969.6504110217
ID62,1978-09-30,1.1492999768257142
ID62,1978-12-31,1.1492999768257142
ID62,1979-03-31,1.1492999768257142
ID62,1979-06-30,1.1492999768257142
ID62,1979-09-30,1.1492999768257142
ID62,1979-12-31,431180.77999999817
ID62,1980-03-31,34932.76724624933
ID62,1980-06-30,1.1492999768257142
ID62,1980-09-30,431180.77999999817
ID62,1980-12-31,431180.77999999817
ID62,1981-03-31,431180.77999999817
ID62,1981-06-30,1.1492999768257142
ID62,1981-09-30,431180.77999999817
ID62,1981-12-31,1.1492999768257142
ID62,1982-03-31,431180.77999999817
ID62,1982-06-30,1.1492999768257142
ID62,1982-09-30,1.1492999768257142
ID62,1982-12-31,1.1492999768257142
ID62,1983-03-31,1.1492999768257142
ID62,1983-06-30,431180.77999999817
ID62,1983-09-30,1.1492999768257142
ID62,1983-12-31,431180.77999999817
ID62,1984-03-31,431180.77999999817
ID62,1984-06-30,1.1492999768257142
ID62,1984-09-30,431180.77999999817
ID62,1984-12-31,431180.77999999817
ID62,1985-03-31,1.1492999768257142
ID62,1985-06-30,431180.77999999817
ID62,1985-09-30,431180.77999999817
ID62,1985-12-31,1.1492999768257142
ID62,1986-03-31,431180.77999999817
ID62,1986-06-30,1.1492999768257142
ID62,1986-09-30,431180.77999999817
ID62,1986-12-31,431180.77999999817
ID62,1987-03-31,431180.77999999817
ID62,1987-06-30,1.1492999768257142
ID62,1987-09-30,1.1492999768257142
ID62,1987-12-31,376887.82445598417
ID62,1988-03-31,431180.77999999817
ID62,1988-06-30,1.1492999768257142
ID62,1988-09-30,1.1492999768257142
ID63,1976-12-31,1.1492999768257142
ID63,1977-03-31,1.1492999768257142
ID63,1977-06-30,431180.77999999817
ID63,1977-09-30,431180.77999999817
ID63,1977-12-31,1.1492999768257142
ID63,1978-03-31,1.1492999768257142
ID63,1978-06-30,431180.77999999817
ID63,1978-09-30,431180.77999999817
ID63,1978-12-31,1.1492999768257142
ID63,1979-03-31,431180.77999999817
ID63,1979-06-30,1.1492999768257142
ID63,1979-09-30,431180.77999999817
ID63,1979-12-31,431180.77999999817
ID63,1980-03-31,431180.77999999817
ID63,1980-06-30,1.1492999768257142
ID63,1980-09-30,431180.77999999817
ID63,1980-12-31,431180.77999999817
ID63,1981-03-31,431180.77999999817
ID63,1981-06-30,1.1492999768257142
ID63,1981-09-30,431180.77999999817
ID63,1981-12-31,1.1492999768257142
ID63,1982-03-31,1.1492999768257142
ID63,1982-06-30,1.1492999768257142
ID63,1982-09-30,1.1492999768257142
ID63,1982-12-31,1.1492999768257142
ID63,1983-03-31,431180.77999999817
ID63,1983-06-30,431180.77999999817
ID63,1983-09-30,1.1492999768257142
ID63,1983-12-31,431180.77999999817
ID63,1984-03-31,431180.77999999817
ID63,1984-06-30,1.1492999768257142
ID63,1984-09-30,1.1492999768257142
ID63,1984-12-31,1.1492999768257142
ID63,1985-03-31,431180.77999999817
ID63,1985-06-30,431180.77999999817
ID63,1985-09-30,184847.89680767263
ID63,1985-12-31,431180.77999999817
ID63,1986-03-31,1.1492999768257142
ID63,1986-06-30,431180.77999999817
ID63,1986-09-30,1.1492999768257142
ID64,1976-12-31,138052.89599716573
ID64,1977-03-31,431180.77999999817
ID64,1977-06-30,431180.77999999817
ID64,1977-09-30,431180.77999999817
ID64,1977-12-31,1.1492999768257142
ID64,1978-03-31,1.1492999768257142
ID64,1978-06-30,431180.77999999817
ID64,1978-09-30,1.1492999768257142
ID64,1978-12-31,431180.77999999817
ID64,1979-03-31,431180.77999999817
ID64,1979-06-30,1.1492999768257142
ID64,1979-09-30,431180.77999999817
ID64,1979-12-31,431180.77999999817
ID64,1980-03-31,1.1492999768257142
ID64,1980-06-30,1.1492999768257142
ID64,1980-09-30,431180.77999999817
ID64,1980-12-31,1.1492999768257142
ID64,1981-03-31,431180.77999999817
ID64,1981-06-30,431180.77999999817
ID64,1981-09-30,431180.77999999817
ID64,1981-12-31,360134.1310521279
ID64,1982-03-31,1.1492999768257142
ID64,1982-06-30,431180.77999999817
ID64,1982-09-30,431180.77999999817
ID64,1982-12-31,431180.77999999817
ID64,1983-03-31,1.1492999768257142
ID64,1983-06-30,1.1492999768257142
ID64,1983-09-30,1.1492999768257142
ID64,1983-12-31,431180.77999999817
ID64,1984-03-31,1.1492999768257142
ID64,1984-06-30,1.1492999768257142
ID64,1984-09-30,1.1492999768257142
ID64,1984-12-31,1.1492999768257142
ID64,1985-03-31,1.1492999768257142
ID64,1985-06-30,431180.77999999817
ID64,1985-09-30,1.1492999768257142
ID64,1985-12-31,431180.77999999817
ID64,1986-03-31,1.1492999768257142
ID64,1986-06-30,1.1492999768257142
ID64,1986-09-30,1.1492999768257142
ID64,1986-12-31,431180.77999999817
ID64,1987-03-31,431180.77999999817
ID64,1987-06-30,1.1492999768257142
ID64,1987-09-30,431180.77999999817
ID7,1977-06-30,177173.48397649213
ID7,1977-09-30,431180.77999999817
ID7,1977-12-31,1.1492999768257142
ID7,1978-03-31,431180.77999999817
ID7,1978-06-30,1.1492999768257142
ID7,1978-09-30,1.1492999768257142
ID7,1978-12-31,431180.77999999817
ID7,1979-03-31,1.1492999768257142
ID7,1979-06-30,431180.77999999817
ID7,1979-09-30,1.1492999768257142
ID7,1979-12-31,1.1492999768257142
ID7,1980-03-31,1.1492999768257142
ID7,1980-06-30,1.1492999768257142
ID7,1980-09-30,431180.77999999817
ID7,1980-12-31,1.1492999768257142
ID7,1981-03-31,1.1492999768257142
ID7,1981-06-30,101389.64393247585
ID7,1981-09-30,1.1492999768257142
ID7,1981-12-31,431180.77999999817
ID7,1982-03-31,431180.77999999817
ID7,1982-06-30,43716.08801954101
ID7,1982-09-30,1.1492999768257142
ID7,1982-12-31,431180.77999999817
ID7,1983-03-31,431180.77999999817
ID7,1983-06-30,1.1492999768257142
ID7,1983-09-30,431180.77999999817
ID7,1983-12-31,1.1492999768257142
ID7,1984-03-31,431180.77999999817
ID7,1984-06-30,1.1492999768257142
ID7,1984-09-30,1.1492999768257142
ID7,1984-12-31,1.1492999768257142
ID7,1985-03-31,1.1492999768257142
ID7,1985-06-30,431180.77999999817
ID7,1985-09-30,27355.094150188015
ID7,1985-12-31,1.1492999768257142
ID7,1986-03-31,431180.77999999817
ID7,1986-06-30,1.1492999768257142
ID7,1986-09-30,431180.77999999817
ID7,1986-12-31,307056.7561225206
ID7,1987-03-31,1.1492999768257142
ID7,1987-06-30,1.1492999768257142
ID7,1987-09-30,431180.77999999817
ID7,1987-12-31,431180.77999999817
ID7,1988-03-31,1.1492999768257142
ID7,1988-06-30,431180.77999999817
ID7,1988-09-30,1.1492999768257142
ID71,1976-03-31,1.1492999768257142
ID71,1976-06-30,431180.77999999817
ID71,1976-09-30,431180.77999999817
ID71,1976-12-31,1.1492999768257142
ID71,1977-03-31,431180.77999999817
ID71,1977-06-30,196646.67351051513
ID71,1977-09-30,431180.77999999817
ID71,1977-12-31,196641.71571591546
ID71,1978-03-31,1.1492999768257142
ID71,1978-06-30,431180.77999999817
ID71,1978-09-30,1.1492999768257142
ID71,1978-12-31,431180.77999999817
ID71,1979-03-31,1.1492999768257142
ID71,1979-06-30,296081.55509454076
ID71,1979-09-30,1.1492999768257142
ID71,1979-12-31,431180.77999999817
ID71,1980-03-31,174691.78101457565
ID71,1980-06-30,1.1492999768257142
ID71,1980-09-30,1.1492999768257142
ID71,1980-12-31,63368.5263954543
ID71,1981-03-31,431180.77999999817
ID71,1981-06-30,1.1492999768257142
ID71,1981-09-30,431180.77999999817
ID71,1981-12-31,431180.77999999817
ID71,1982-03-31,1.1492999768257142
ID71,1982-06-30,431180.77999999817
ID71,1982-09-30,291511.75734561315
ID71,1982-12-31,1.1492999768257142
ID71,1983-03-31,1.1492999768257142
ID71,1983-06-30,1.1492999768257142
ID71,1983-09-30,431180.77999999817
ID71,1983-12-31,431180.77999999817
ID71,1984-03-31,1.1492999768257142
ID71,1984-06-30,79697.3572454511
ID71,1984-09-30,18408.532817341165
ID71,1984-12-31,431180.77999999817
ID71,1985-03-31,1.1492999768257142
ID71,1985-06-30,1.1492999768257142
ID71,1985-09-30,1.1492999768257142
ID71,1985-12-31,1.1492999768257142
ID71,1986-03-31,431180.77999999817
ID71,1986-06-30,1.1492999768257142
ID71,1986-09-30,431180.77999999817
ID71,1986-12-31,306139.97609323444
ID71,1987-03-31,1.1492999768257142
ID77,1971-12-31,431180.77999999817
ID77,1972-03-31,1.1492999768257142
ID77,1972-06-30,1.1492999768257142
ID77,1972-09-30,431180.77999999817
ID77,1972-12-31,431180.77999999817
ID77,1973-03-31,431180.77999999817
ID77,1973-06-30,1.1492999768257142
ID77,1973-09-30,1.1492999768257142
ID77,1973-12-31,431180.77999999817
ID77,1974-03-31,431180.77999999817
ID77,1974-06-30,1.1492999768257142
ID77,1974-09-30,431180.77999999817
ID77,1974-12-31,1.1492999768257142
ID77,1975-03-31,431180.77999999817
ID77,1975-06-30,431180.77999999817
ID77,1975-09-30,431180.77999999817
ID77,1975-12-31,431180.77999999817
ID77,1976-03-31,1.1492999768257142
ID77,1976-06-30,431180.77999999817
ID77,1976-09-30,431180.77999999817
ID77,1976-12-31,1.1492999768257142
ID77,1977-03-31,1.1492999768257142
ID77,1977-06-30,431180.77999999817
ID77,1977-09-30,431180.77999999817
ID77,1977-12-31,1.1492999768257142
ID77,1978-03-31,431180.77999999817
ID77,1978-06-30,431180.77999999817
ID77,1978-09-30,431180.77999999817
ID77,1978-12-31,431180.77999999817
ID77,1979-03-31,174993.22007485837
ID77,1979-06-30,431180.77999999817
ID77,1979-09-30,431180.77999999817
ID77,1979-12-31,391719.2139027569
ID77,1980-03-31,1.1492999768257142
ID77,1980-06-30,1.1492999768257142
ID77,1980-09-30,66212.67457888233
ID77,1980-12-31,1.1492999768257142
ID77,1981-03-31,431180.77999999817
ID77,1981-06-30,1.1492999768257142
ID77,1981-09-30,431180.77999999817
ID77,1981-12-31,431180.77999999817
ID77,1982-03-31,1.1492999768257142
ID77,1982-06-30,1.1492999768257142
ID77,1982-09-30,431180.77999999817
ID77,1982-12-31,1.1492999768257142
ID77,1983-03-31,1.1492999768257142
ID77,1983-06-30,1.1492999768257142
ID77,1983-09-30,431180.77999999817
ID77,1983-12-31,431180.77999999817
ID77,1984-03-31,1.1492999768257142
ID77,1984-06-30,1.1492999768257142
ID77,1984-09-30,1.1492999768257142
ID77,1984-12-31,431180.77999999817
ID77,1985-03-31,431180.77999999817
ID77,1985-06-30,1.1492999768257142
ID77,1985-09-30,431180.77999999817
ID78,1971-12-31,431180.77999999817
ID78,1972-03-31,1.1492999768257142
ID78,1972-06-30,1.1492999768257142
ID78,1972-09-30,431180.77999999817
ID78,1972-12-31,431180.77999999817
ID78,1973-03-31,1.1492999768257142
ID78,1973-06-30,1.1492999768257142
ID78,1973-09-30,1.1492999768257142
ID78,1973-12-31,1.1492999768257142
ID78,1974-03-31,431180.77999999817
ID78,1974-06-30,431180.77999999817
ID78,1974-09-30,431180.77999999817
ID78,1974-12-31,1.1492999768257142
ID78,1975-03-31,431180.77999999817
ID78,1975-06-30,431180.77999999817
ID78,1975-09-30,1.1492999768257142
ID78,1975-12-31,1.1492999768257142
ID78,1976-03-31,314126.50868076616
ID78,1976-06-30,431180.77999999817
ID78,1976-09-30,1.1492999768257142
ID78,1976-12-31,1.1492999768257142
ID78,1977-03-31,1.1492999768257142
ID78,1977-06-30,1.1492999768257142
ID78,1977-09-30,1.1492999768257142
ID78,1977-12-31,1.1492999768257142
ID78,1978-03-31,431180.77999999817
ID78,1978-06-30,431180.77999999817
ID78,1978-09-30,1.1492999768257142
ID78,1978-12-31,1.1492999768257142
ID78,1979-03-31,1.1492999768257142
ID78,1979-06-30,13070.39532555085
ID78,1979-09-30,431180.77999999817
ID78,1979-12-31,431180.77999999817
ID78,1980-03-31,1.1492999768257142
ID78,1980-06-30,1.1492999768257142
ID78,1980-09-30,431180.77999999817
ID78,1980-12-31,431180.77999999817
ID78,1981-03-31,1.1492999768257142
ID78,1981-06-30,1.1492999768257142
ID78,1981-09-30,1.1492999768257142
ID78,1981-12-31,1.1492999768257142
ID78,1982-03-31,431180.77999999817
ID78,1982-06-30,1.1492999768257142
ID78,1982-09-30,1.1492999768257142
ID78,1982-12-31,431180.77999999817
ID78,1983-03-31,1.1492999768257142
ID78,1983-06-30,1.1492999768257142
ID78,1983-09-30,431180.77999999817
ID78,1983-12-31,431180.77999999817
ID78,1984-03-31,431180.77999999817
ID78,1984-06-30,1.1492999768257142
ID78,1984-09-30,1.1492999768257142
ID78,1984-12-31,1.1492999768257142
ID78,1985-03-31,431180.77999999817
ID78,1985-06-30,1.1492999768257142
ID78,1985-09-30,431180.77999999817
ID79,1971-12-31,1.1492999768257142
ID79,1972-03-31,431180.77999999817
ID79,1972-06-30,1.1492999768257142
ID79,1972-09-30,431180.77999999817
ID79,1972-12-31,431180.77999999817
ID79,1973-03-31,431180.77999999817
ID79,1973-06-30,1.1492999768257142
ID79,1973-09-30,431180.77999999817
ID79,1973-12-31,431180.77999999817
ID79,1974-03-31,431180.77999999817
ID79,1974-06-30,1.1492999768257142
ID79,1974-09-30,431180.77999999817
ID79,1974-12-31,431180.77999999817
ID79,1975-03-31,1.1492999768257142
ID79,1975-06-30,1.1492999768257142
ID79,1975-09-30,431180.77999999817
ID79,1975-12-31,431180.77999999817
ID79,1976-03-31,1.1492999768257142
ID79,1976-06-30,1.1492999768257142
ID79,1976-09-30,431180.77999999817
ID79,1976-12-31,431180.77999999817
ID79,1977-03-31,1.1492999768257142
ID79,1977-06-30,1.1492999768257142
ID79,1977-09-30,431180.77999999817
ID79,1977-12-31,1.1492999768257142
ID79,1978-03-31,1.1492999768257142
ID79,1978-06-30,431180.77999999817
ID79,1978-09-30,431180.77999999817
ID79,1978-12-31,431180.77999999817
ID79,1979-03-31,1.1492999768257142
ID79,1979-06-30,431180.77999999817
ID79,1979-09-30,431180.77999999817
ID79,1979-12-31,431180.77999999817
ID79,1980-03-31,1.1492999768257142
ID79,1980-06-30,1.1492999768257142
ID79,1980-09-30,431180.77999999817
ID79,1980-12-31,431180.77999999817
ID79,1981-03-31,431180.77999999817
ID79,1981-06-30,1.1492999768257142
ID79,1981-09-30,1.1492999768257142
ID79,1981-12-31,1.1492999768257142
ID79,1982-03-31,1.1492999768257142
ID79,1982-06-30,1.1492999768257142
ID79,1982-09-30,1.1492999768257142
ID79,1982-12-31,431180.77999999817
ID79,1983-03-31,431180.77999999817
ID79,1983-06-30,229631.6343507375
ID79,1983-09-30,431180.77999999817
ID79,1983-12-31,431180.77999999817
ID79,1984-03-31,431180.77999999817
ID79,1984-06-30,431180.77999999817
ID79,1984-09-30,431180.77999999817
ID79,1984-12-31,431180.77999999817
ID79,1985-03-31,431180.77999999817
ID79,1985-06-30,385241.8366131553
ID79,1985-09-30,431180.77999999817
ID8,1977-12-31,1.1492999768257142
ID8,1978-03-31,431180.77999999817
ID8,1978-06-30,1.1492999768257142
ID8,1978-09-30,431180.77999999817
ID8,1978-12-31,1.1492999768257142
ID8,1979-03-31,431180.77999999817
ID8,1979-06-30,1.1492999768257142
ID8,1979-09-30,1.1492999768257142
ID8,1979-12-31,431180.77999999817
ID8,1980-03-31,1.1492999768257142
ID8,1980-06-30,1.1492999768257142
ID8,1980-09-30,431180.77999999817
ID8,1980-12-31,1.1492999768257142
ID8,1981-03-31,431180.77999999817
ID8,1981-06-30,431180.77999999817
ID8,1981-09-30,431180.77999999817
ID8,1981-12-31,1.1492999768257142
ID8,1982-03-31,1.1492999768257142
ID8,1982-06-30,1.1492999768257142
ID8,1982-09-30,1.1492999768257142
ID8,1982-12-31,1.1492999768257142
ID8,1983-03-31,1.1492999768257142
ID8,1983-06-30,431180.77999999817
ID8,1983-09-30,431180.77999999817
ID8,1983-12-31,1.1492999768257142
ID8,1984-03-31,375606.9385445877
ID8,1984-06-30,1.1492999768257142
ID8,1984-09-30,431180.77999999817
ID8,1984-12-31,1.1492999768257142
ID8,1985-03-31,431180.77999999817
ID8,1985-06-30,431180.77999999817
ID80,1971-12-31,1.1492999768257142
ID80,1972-03-31,1.1492999768257142
ID80,1972-06-30,431180.77999999817
ID80,1972-09-30,431180.77999999817
ID80,1972-12-31,55223.47962790746
ID80,1973-03-31,1.1492999768257142
ID80,1973-06-30,431180.77999999817
ID80,1973-09-30,1.1492999768257142
ID80,1973-12-31,431180.77999999817
ID80,1974-03-31,431180.77999999817
ID80,1974-06-30,1.1492999768257142
ID80,1974-09-30,431180.77999999817
ID80,1974-12-31,1.1492999768257142
ID80,1975-03-31,431180.77999999817
ID80,1975-06-30,1.1492999768257142
ID80,1975-09-30,1.1492999768257142
ID80,1975-12-31,431180.77999999817
ID80,1976-03-31,431180.77999999817
ID80,1976-06-30,431180.77999999817
ID80,1976-09-30,431180.77999999817
ID80,1976-12-31,431180.77999999817
ID80,1977-03-31,1.1492999768257142
ID80,1977-06-30,431180.77999999817
ID80,1977-09-30,431180.77999999817
ID80,1977-12-31,1.1492999768257142
ID80,1978-03-31,1.1492999768257142
ID80,1978-06-30,1.1492999768257142
ID80,1978-09-30,431180.77999999817
ID80,1978-12-31,431180.77999999817
ID80,1979-03-31,431180.77999999817
ID80,1979-06-30,1.1492999768257142
ID80,1979-09-30,1.1492999768257142
ID80,1979-12-31,431180.77999999817
ID80,1980-03-31,431180.77999999817
ID80,1980-06-30,431180.77999999817
ID80,1980-09-30,431180.77999999817
ID80,1980-12-31,1.1492999768257142
ID80,1981-03-31,1.1492999768257142
ID80,1981-06-30,1.1492999768257142
ID80,1981-09-30,431180.77999999817
ID80,1981-12-31,431180.77999999817
ID80,1982-03-31,431180.77999999817
ID80,1982-06-30,1.1492999768257142
ID80,1982-09-30,1.1492999768257142
ID80,1982-12-31,431180.77999999817
ID80,1983-03-31,1.1492999768257142
ID80,1983-06-30,431180.77999999817
ID80,1983-09-30,431180.77999999817
ID80,1983-12-31,431180.77999999817
ID80,1984-03-31,1.1492999768257142
ID80,1984-06-30,1.1492999768257142
ID80,1984-09-30,1.1492999768257142
ID80,1984-12-31,431180.77999999817
ID80,1985-03-31,1.1492999768257142
ID80,1985-06-30,1.1492999768257142
ID80,1985-09-30,1.1492999768257142
ID81,1971-12-31,431180.77999999817
ID81,1972-03-31,1.1492999768257142
ID81,1972-06-30,431180.77999999817
ID81,1972-09-30,431180.77999999817
ID81,1972-12-31,431180.77999999817
ID81,1973-03-31,1.1492999768257142
ID81,1973-06-30,1.1492999768257142
ID81,1973-09-30,431180.77999999817
ID81,1973-12-31,1.1492999768257142
ID81,1974-03-31,431180.77999999817
ID81,1974-06-30,1.1492999768257142
ID81,1974-09-30,1.1492999768257142
ID81,1974-12-31,431180.77999999817
ID81,1975-03-31,1.1492999768257142
ID81,1975-06-30,1.1492999768257142
ID81,1975-09-30,1.1492999768257142
ID81,1975-12-31,431180.77999999817
ID81,1976-03-31,431180.77999999817
ID81,1976-06-30,1.1492999768257142
ID81,1976-09-30,431180.77999999817
ID81,1976-12-31,431180.77999999817
ID81,1977-03-31,1.1492999768257142
ID81,1977-06-30,1.1492999768257142
ID81,1977-09-30,431180.77999999817
ID81,1977-12-31,431180.77999999817
ID81,1978-03-31,1.1492999768257142
ID81,1978-06-30,431180.77999999817
ID81,1978-09-30,431180.77999999817
ID81,1978-12-31,1.1492999768257142
ID81,1979-03-31,73279.04115397009
ID81,1979-06-30,431180.77999999817
ID81,1979-09-30,431180.77999999817
ID81,1979-12-31,431180.77999999817
ID81,1980-03-31,1.1492999768257142
ID81,1980-06-30,1.1492999768257142
ID81,1980-09-30,1.1492999768257142
ID81,1980-12-31,1.1492999768257142
ID81,1981-03-31,1.1492999768257142
ID81,1981-06-30,431180.77999999817
ID81,1981-09-30,431180.77999999817
ID81,1981-12-31,1.1492999768257142
ID81,1982-03-31,1.1492999768257142
ID81,1982-06-30,431180.77999999817
ID81,1982-09-30,1.1492999768257142
ID81,1982-12-31,431180.77999999817
ID81,1983-03-31,431180.77999999817
ID81,1983-06-30,431180.77999999817
ID81,1983-09-30,431180.77999999817
ID81,1983-12-31,431180.77999999817
ID81,1984-03-31,431180.77999999817
ID81,1984-06-30,431180.77999999817
ID81,1984-09-30,222782.43161686475
ID81,1984-12-31,431180.77999999817
ID81,1985-03-31,1.1492999768257142
ID81,1985-06-30,1.1492999768257142
ID81,1985-09-30,431180.77999999817
ID82,1971-12-31,1.1492999768257142
ID82,1972-03-31,1.1492999768257142
ID82,1972-06-30,1.1492999768257142
ID82,1972-09-30,431180.77999999817
ID82,1972-12-31,44079.672482379414
ID82,1973-03-31,1.1492999768257142
ID82,1973-06-30,1.1492999768257142
ID82,1973-09-30,431180.77999999817
ID82,1973-12-31,1.1492999768257142
ID82,1974-03-31,1.1492999768257142
ID82,1974-06-30,141807.51782510587
ID82,1974-09-30,431180.77999999817
ID82,1974-12-31,348366.3312166492
ID82,1975-03-31,431180.77999999817
ID82,1975-06-30,431180.77999999817
ID82,1975-09-30,1.1492999768257142
ID82,1975-12-31,1.1492999768257142
ID82,1976-03-31,1.1492999768257142
ID82,1976-06-30,1.1492999768257142
ID82,1976-09-30,1.1492999768257142
ID82,1976-12-31,1.1492999768257142
ID82,1977-03-31,1.1492999768257142
ID82,1977-06-30,1.1492999768257142
ID82,1977-09-30,1.1492999768257142
ID82,1977-12-31,431180.77999999817
ID82,1978-03-31,431180.77999999817
ID82,1978-06-30,1.1492999768257142
ID82,1978-09-30,431180.77999999817
ID82,1978-12-31,431180.77999999817
ID82,1979-03-31,1.1492999768257142
ID82,1979-06-30,431180.77999999817
ID82,1979-09-30,1.1492999768257142
ID82,1979-12-31,431180.77999999817
ID82,1980-03-31,1.1492999768257142
ID82,1980-06-30,1.1492999768257142
ID82,1980-09-30,431180.77999999817
ID82,1980-12-31,1.1492999768257142
ID82,1981-03-31,431180.77999999817
ID82,1981-06-30,1.1492999768257142
ID82,1981-09-30,1.1492999768257142
ID82,1981-12-31,1.1492999768257142
ID82,1982-03-31,431180.77999999817
ID82,1982-06-30,431180.77999999817
ID82,1982-09-30,431180.77999999817
ID82,1982-12-31,1.1492999768257142
ID82,1983-03-31,1.1492999768257142
ID82,1983-06-30,34451.09515357541
ID82,1983-09-30,1.1492999768257142
ID82,1983-12-31,1.1492999768257142
ID82,1984-03-31,431180.77999999817
ID82,1984-06-30,1.1492999768257142
ID82,1984-09-30,1.1492999768257142
ID82,1984-12-31,431180.77999999817
ID82,1985-03-31,1.1492999768257142
ID82,1985-06-30,431180.77999999817
ID82,1985-09-30,431180.77999999817
ID83,1971-12-31,1.1492999768257142
ID83,1972-03-31,1.1492999768257142
ID83,1972-06-30,431180.77999999817
ID83,1972-09-30,431180.77999999817
ID83,1972-12-31,431180.77999999817
ID83,1973-03-31,1.1492999768257142
ID83,1973-06-30,141629.40464457535
ID83,1973-09-30,62653.74827899213
ID83,1973-12-31,431180.77999999817
ID83,1974-03-31,1.1492999768257142
ID83,1974-06-30,1.1492999768257142
ID83,1974-09-30,431180.77999999817
ID83,1974-12-31,1.1492999768257142
ID83,1975-03-31,431180.77999999817
ID83,1975-06-30,431180.77999999817
ID83,1975-09-30,1.1492999768257142
ID83,1975-12-31,388352.20097570977
ID83,1976-03-31,33887.38440414359
ID83,1976-06-30,1.1492999768257142
ID83,1976-09-30,419820.96336197224
ID83,1976-12-31,431180.77999999817
ID83,1977-03-31,1.1492999768257142
ID83,1977-06-30,1.1492999768257142
ID83,1977-09-30,1.1492999768257142
ID83,1977-12-31,431180.77999999817
ID83,1978-03-31,1.1492999768257142
ID83,1978-06-30,431180.77999999817
ID83,1978-09-30,431180.77999999817
ID83,1978-12-31,1.1492999768257142
ID83,1979-03-31,1.1492999768257142
ID83,1979-06-30,260177.74367478138
ID83,1979-09-30,1.1492999768257142
ID83,1979-12-31,1.1492999768257142
ID83,1980-03-31,431180.77999999817
ID83,1980-06-30,1.1492999768257142
ID83,1980-09-30,431180.77999999817
ID83,1980-12-31,431180.77999999817
ID83,1981-03-31,1.1492999768257142
ID83,1981-06-30,1.1492999768257142
ID83,1981-09-30,431180.77999999817
ID83,1981-12-31,1.1492999768257142
ID83,1982-03-31,431180.77999999817
ID83,1982-06-30,1.1492999768257142
ID83,1982-09-30,1.1492999768257142
ID83,1982-12-31,431180.77999999817
ID83,1983-03-31,1.1492999768257142
ID83,1983-06-30,1.1492999768257142
ID83,1983-09-30,313120.78410918283
ID83,1983-12-31,431180.77999999817
ID83,1984-03-31,1.1492999768257142
ID83,1984-06-30,431180.77999999817
ID83,1984-09-30,1.1492999768257142
ID83,1984-12-31,431180.77999999817
ID83,1985-03-31,431180.77999999817
ID83,1985-06-30,431180.77999999817
ID83,1985-09-30,431180.77999999817
ID84,1971-12-31,431180.77999999817
ID84,1972-03-31,1.1492999768257142
ID84,1972-06-30,431180.77999999817
ID84,1972-09-30,431180.77999999817
ID84,1972-12-31,431180.77999999817
ID84,1973-03-31,1.1492999768257142
ID84,1973-06-30,431180.77999999817
ID84,1973-09-30,431180.77999999817
ID84,1973-12-31,431180.77999999817
ID84,1974-03-31,431180.77999999817
ID84,1974-06-30,431180.77999999817
ID84,1974-09-30,431180.77999999817
ID84,1974-12-31,431180.77999999817
ID84,1975-03-31,431180.77999999817
ID84,1975-06-30,1.1492999768257142
ID84,1975-09-30,1.1492999768257142
ID84,1975-12-31,1.1492999768257142
ID84,1976-03-31,1.1492999768257142
ID84,1976-06-30,431180.77999999817
ID84,1976-09-30,1.1492999768257142
ID84,1976-12-31,67441.49932644145
ID84,1977-03-31,130497.09042361427
ID84,1977-06-30,431180.77999999817
ID84,1977-09-30,431180.77999999817
ID84,1977-12-31,1.1492999768257142
ID84,1978-03-31,1.1492999768257142
ID84,1978-06-30,431180.77999999817
ID84,1978-09-30,204184.66780265892
ID85,1971-12-31,431180.77999999817
ID85,1972-03-31,1.1492999768257142
ID85,1972-06-30,1.1492999768257142
ID85,1972-09-30,431180.77999999817
ID85,1972-12-31,431180.77999999817
ID85,1973-03-31,1.1492999768257142
ID85,1973-06-30,431180.77999999817
ID85,1973-09-30,1.1492999768257142
ID85,1973-12-31,431180.77999999817
ID85,1974-03-31,1.1492999768257142
ID85,1974-06-30,431180.77999999817
ID85,1974-09-30,1.1492999768257142
ID85,1974-12-31,431180.77999999817
ID85,1975-03-31,431180.77999999817
ID85,1975-06-30,431180.77999999817
ID85,1975-09-30,431180.77999999817
ID85,1975-12-31,431180.77999999817
ID85,1976-03-31,1.1492999768257142
ID85,1976-06-30,1.1492999768257142
ID85,1976-09-30,1.1492999768257142
ID85,1976-12-31,315982.3778373902
ID85,1977-03-31,1.1492999768257142
ID85,1977-06-30,431180.77999999817
ID85,1977-09-30,431180.77999999817
ID85,1977-12-31,1.1492999768257142
ID85,1978-03-31,1.1492999768257142
ID85,1978-06-30,431180.77999999817
ID85,1978-09-30,431180.77999999817
ID85,1978-12-31,1.1492999768257142
ID85,1979-03-31,1.1492999768257142
ID85,1979-06-30,1.1492999768257142
ID85,1979-09-30,431180.77999999817
ID85,1979-12-31,431180.77999999817
ID85,1980-03-31,431180.77999999817
ID85,1980-06-30,431180.77999999817
ID85,1980-09-30,1.1492999768257142
ID85,1980-12-31,1.1492999768257142
ID85,1981-03-31,431180.77999999817
ID85,1981-06-30,431180.77999999817
ID85,1981-09-30,1.1492999768257142
ID85,1981-12-31,1.1492999768257142
ID85,1982-03-31,431180.77999999817
ID85,1982-06-30,431180.77999999817
ID85,1982-09-30,1.1492999768257142
ID85,1982-12-31,1.1492999768257142
ID85,1983-03-31,1.1492999768257142
ID85,1983-06-30,431180.77999999817
ID85,1983-09-30,1.1492999768257142
ID85,1983-12-31,1.1492999768257142
ID85,1984-03-31,431180.77999999817
ID85,1984-06-30,431180.77999999817
ID85,1984-09-30,431180.77999999817
ID85,1984-12-31,1.1492999768257142
ID85,1985-03-31,1.1492999768257142
ID85,1985-06-30,1.1492999768257142
ID85,1985-09-30,431180.77999999817
ID86,1971-12-31,431180.77999999817
ID86,1972-03-31,1.1492999768257142
ID86,1972-06-30,431180.77999999817
ID86,1972-09-30,78346.64989050658
ID86,1972-12-31,1.1492999768257142
ID86,1973-03-31,1.1492999768257142
ID86,1973-06-30,1.1492999768257142
ID86,1973-09-30,431180.77999999817
ID86,1973-12-31,431180.77999999817
ID86,1974-03-31,1.1492999768257142
ID86,1974-06-30,1.1492999768257142
ID86,1974-09-30,1.1492999768257142
ID86,1974-12-31,1.1492999768257142
ID86,1975-03-31,1.1492999768257142
ID86,1975-06-30,431180.77999999817
ID86,1975-09-30,1.1492999768257142
ID86,1975-12-31,431180.77999999817
ID86,1976-03-31,1.1492999768257142
ID86,1976-06-30,431180.77999999817
ID86,1976-09-30,431180.77999999817
ID86,1976-12-31,1.1492999768257142
ID86,1977-03-31,1.1492999768257142
ID86,1977-06-30,1.1492999768257142
ID86,1977-09-30,1.1492999768257142
ID86,1977-12-31,1.1492999768257142
ID86,1978-03-31,1.1492999768257142
ID86,1978-06-30,121626.91277756024
ID86,1978-09-30,1.1492999768257142
ID86,1978-12-31,1.1492999768257142
ID86,1979-03-31,1.1492999768257142
ID86,1979-06-30,1.1492999768257142
ID86,1979-09-30,1.1492999768257142
ID86,1979-12-31,431180.77999999817
ID86,1980-03-31,1.1492999768257142
ID86,1980-06-30,1.1492999768257142
ID86,1980-09-30,431180.77999999817
ID87,1971-12-31,431180.77999999817
ID87,1972-03-31,289637.9669277543
ID87,1972-06-30,431180.77999999817
ID87,1972-09-30,1.1492999768257142
ID87,1972-12-31,431180.77999999817
ID87,1973-03-31,164861.80758437482
ID87,1973-06-30,1.1492999768257142
ID87,1973-09-30,1.1492999768257142
ID87,1973-12-31,431180.77999999817
ID87,1974-03-31,431180.77999999817
ID87,1974-06-30,1.1492999768257142
ID87,1974-09-30,1.1492999768257142
ID87,1974-12-31,431180.77999999817
ID87,1975-03-31,1.1492999768257142
ID87,1975-06-30,431180.77999999817
ID87,1975-09-30,431180.77999999817
ID87,1975-12-31,1.1492999768257142
ID87,1976-03-31,431180.77999999817
ID87,1976-06-30,431180.77999999817
ID87,1976-09-30,431180.77999999817
ID87,1976-12-31,1.1492999768257142
ID87,1977-03-31,209365.48553090877
ID87,1977-06-30,1.1492999768257142
ID87,1977-09-30,431180.77999999817
ID87,1977-12-31,431180.77999999817
ID87,1978-03-31,1.1492999768257142
ID87,1978-06-30,1.1492999768257142
ID87,1978-09-30,1.1492999768257142
ID87,1978-12-31,431180.77999999817
ID87,1979-03-31,1.1492999768257142
ID87,1979-06-30,431180.77999999817
ID87,1979-09-30,431180.77999999817
ID87,1979-12-31,1.1492999768257142
ID87,1980-03-31,431180.77999999817
ID87,1980-06-30,1.1492999768257142
ID87,1980-09-30,1.1492999768257142
ID87,1980-12-31,431180.77999999817
ID87,1981-03-31,431180.77999999817
ID87,1981-06-30,1.1492999768257142
ID87,1981-09-30,1.1492999768257142
ID87,1981-12-31,431180.77999999817
ID87,1982-03-31,1.1492999768257142
ID87,1982-06-30,431180.77999999817
ID87,1982-09-30,431180.77999999817
ID87,1982-12-31,1.1492999768257142
ID87,1983-03-31,1.1492999768257142
ID87,1983-06-30,431180.77999999817
ID87,1983-09-30,1.1492999768257142
ID87,1983-12-31,1.1492999768257142
ID87,1984-03-31,1.1492999768257142
ID87,1984-06-30,431180.77999999817
ID87,1984-09-30,431180.77999999817
ID87,1984-12-31,1.1492999768257142
ID87,1985-03-31,431180.77999999817
ID87,1985-06-30,431180.77999999817
ID87,1985-09-30,1.1492999768257142
ID88,1964-12-31,1.1492999768257142
ID88,1965-03-31,431180.77999999817
ID88,1965-06-30,1.1492999768257142
ID88,1965-09-30,1.1492999768257142
ID88,1965-12-31,1.1492999768257142
ID88,1966-03-31,1.1492999768257142
ID88,1966-06-30,431180.77999999817
ID88,1966-09-30,1.1492999768257142
ID88,1966-12-31,1.1492999768257142
ID88,1967-03-31,431180.77999999817
ID88,1967-06-30,1.1492999768257142
ID88,1967-09-30,1.1492999768257142
ID88,1967-12-31,431180.77999999817
ID88,1968-03-31,1.1492999768257142
ID88,1968-06-30,1.1492999768257142
ID88,1968-09-30,431180.77999999817
ID88,1968-12-31,1.1492999768257142
ID88,1969-03-31,431180.77999999817
ID88,1969-06-30,431180.77999999817
ID88,1969-09-30,431180.77999999817
ID88,1969-12-31,1.1492999768257142
ID88,1970-03-31,431180.77999999817
ID88,1970-06-30,431180.77999999817
ID88,1970-09-30,431180.77999999817
ID88,1970-12-31,431180.77999999817
ID88,1971-03-31,431180.77999999817
ID88,1971-06-30,431180.77999999817
ID88,1971-09-30,1.1492999768257142
ID89,1976-12-31,1.1492999768257142
ID89,1977-03-31,1.1492999768257142
ID89,1977-06-30,1.1492999768257142
ID89,1977-09-30,128750.78861628342
ID89,1977-12-31,1.1492999768257142
ID89,1978-03-31,431180.77999999817
ID89,1978-06-30,1.1492999768257142
ID89,1978-09-30,431180.77999999817
ID89,1978-12-31,1.1492999768257142
ID89,1979-03-31,431180.77999999817
ID89,1979-06-30,1.1492999768257142
ID89,1979-09-30,1.1492999768257142
ID89,1979-12-31,1.1492999768257142
ID89,1980-03-31,431180.77999999817
ID89,1980-06-30,1.1492999768257142
ID89,1980-09-30,1.1492999768257142
ID89,1980-12-31,1.1492999768257142
ID89,1981-03-31,1.1492999768257142
ID89,1981-06-30,1.1492999768257142
ID89,1981-09-30,1.1492999768257142
ID89,1981-12-31,1.1492999768257142
ID89,1982-03-31,431180.77999999817
ID89,1982-06-30,431180.77999999817
ID89,1982-09-30,431180.77999999817
ID89,1982-12-31,431180.77999999817
ID89,1983-03-31,431180.77999999817
ID89,1983-06-30,431180.77999999817
ID89,1983-09-30,1.1492999768257142
ID89,1983-12-31,431180.77999999817
ID89,1984-03-31,431180.77999999817
ID89,1984-06-30,431180.77999999817
ID89,1984-09-30,1.1492999768257142
ID89,1984-12-31,431180.77999999817
ID89,1985-03-31,1.1492999768257142
ID89,1985-06-30,1.1492999768257142
ID89,1985-09-30,1.1492999768257142
ID89,1985-12-31,417349.5650427941
ID89,1986-03-31,431180.77999999817
ID89,1986-06-30,431180.77999999817
ID89,1986-09-30,1.1492999768257142
ID9,1975-12-31,431180.77999999817
ID9,1976-03-31,1.1492999768257142
ID9,1976-06-30,1.1492999768257142
ID9,1976-09-30,1.1492999768257142
ID9,1976-12-31,431180.77999999817
ID9,1977-03-31,1.1492999768257142
ID9,1977-06-30,1.1492999768257142
ID9,1977-09-30,431180.77999999817
ID9,1977-12-31,431180.77999999817
ID9,1978-03-31,1.1492999768257142
ID9,1978-06-30,1.1492999768257142
ID9,1978-09-30,431180.77999999817
ID9,1978-12-31,152529.86102056495
ID9,1979-03-31,431180.77999999817
ID9,1979-06-30,1.1492999768257142
ID9,1979-09-30,1.1492999768257142
ID9,1979-12-31,76602.36728735435
ID9,1980-03-31,1.1492999768257142
ID9,1980-06-30,1.1492999768257142
ID9,1980-09-30,1.1492999768257142
ID9,1980-12-31,1.1492999768257142
ID9,1981-03-31,1.1492999768257142
ID9,1981-06-30,1.1492999768257142
ID9,1981-09-30,431180.77999999817
ID9,1981-12-31,1.1492999768257142
ID9,1982-03-31,431180.77999999817
ID9,1982-06-30,431180.77999999817
ID9,1982-09-30,431180.77999999817
ID9,1982-12-31,431180.77999999817
ID9,1983-03-31,431180.77999999817
ID9,1983-06-30,1.1492999768257142
ID9,1983-09-30,1.1492999768257142
ID9,1983-12-31,1.1492999768257142
ID9,1984-03-31,1.1492999768257142
ID9,1984-06-30,1.1492999768257142
ID9,1984-09-30,431180.77999999817
ID9,1984-12-31,431180.77999999817
ID9,1985-03-31,431180.77999999817
ID9,1985-06-30,1.1492999768257142
ID9,1985-09-30,1.1492999768257142
ID9,1985-12-31,431180.77999999817
ID9,1986-03-31,1.1492999768257142
ID9,1986-06-30,431180.77999999817
ID9,1986-09-30,1.1492999768257142
ID9,1986-12-31,1.1492999768257142
ID9,1987-03-31,431180.77999999817
ID9,1987-06-30,1.1492999768257142
ID9,1987-09-30,1.1492999768257142
ID90,1976-12-31,431180.77999999817
ID90,1977-03-31,1.1492999768257142
ID90,1977-06-30,431180.77999999817
ID90,1977-09-30,431180.77999999817
ID90,1977-12-31,431180.77999999817
ID90,1978-03-31,431180.77999999817
ID90,1978-06-30,431180.77999999817
ID90,1978-09-30,1.1492999768257142
ID90,1978-12-31,1.1492999768257142
ID90,1979-03-31,1.1492999768257142
ID90,1979-06-30,1.1492999768257142
ID90,1979-09-30,1.1492999768257142
ID90,1979-12-31,1.1492999768257142
ID90,1980-03-31,1.1492999768257142
ID90,1980-06-30,1.1492999768257142
ID90,1980-09-30,1.1492999768257142
ID90,1980-12-31,1.1492999768257142
ID90,1981-03-31,1.1492999768257142
ID90,1981-06-30,431180.77999999817
ID90,1981-09-30,1.1492999768257142
ID90,1981-12-31,431180.77999999817
ID90,1982-03-31,431180.77999999817
ID90,1982-06-30,1.1492999768257142
ID90,1982-09-30,1.1492999768257142
ID90,1982-12-31,1.1492999768257142
ID90,1983-03-31,431180.77999999817
ID90,1983-06-30,431180.77999999817
ID90,1983-09-30,1.1492999768257142
ID90,1983-12-31,431180.77999999817
ID90,1984-03-31,431180.77999999817
ID90,1984-06-30,1.1492999768257142
ID90,1984-09-30,431180.77999999817
ID90,1984-12-31,1.1492999768257142
ID90,1985-03-31,1.1492999768257142
ID90,1985-06-30,431180.77999999817
ID90,1985-09-30,431180.77999999817
ID90,1985-12-31,431180.77999999817
ID90,1986-03-31,1.1492999768257142
ID90,1986-06-30,431180.77999999817
ID90,1986-09-30,1.1492999768257142
ID90,1986-12-31,431180.77999999817
ID90,1987-03-31,431180.77999999817
ID90,1987-06-30,1.1492999768257142
ID90,1987-09-30,431180.77999999817
ID99,1977-12-31,431180.77999999817
ID99,1978-03-31,1.1492999768257142
ID99,1978-06-30,431180.77999999817
ID99,1978-09-30,431180.77999999817
ID99,1978-12-31,431180.77999999817
ID99,1979-03-31,431180.77999999817
ID99,1979-06-30,431180.77999999817
ID99,1979-09-30,431180.77999999817
ID99,1979-12-31,431180.77999999817
ID99,1980-03-31,1.1492999768257142
ID99,1980-06-30,431180.77999999817
ID99,1980-09-30,1.1492999768257142
ID99,1980-12-31,1.1492999768257142
ID99,1981-03-31,1.1492999768257142
ID99,1981-06-30,1.1492999768257142
ID99,1981-09-30,431180.77999999817
ID99,1981-12-31,1.1492999768257142
ID99,1982-03-31,1.1492999768257142
ID99,1982-06-30,431180.77999999817
ID99,1982-09-30,431180.77999999817
ID99,1982-12-31,431180.77999999817
ID99,1983-03-31,431180.77999999817
ID99,1983-06-30,431180.77999999817
ID99,1983-09-30,431180.77999999817
ID99,1983-12-31,1.1492999768257142
ID99,1984-03-31,431180.77999999817
ID99,1984-06-30,431180.77999999817
ID99,1984-09-30,1.1492999768257142
ID99,1984-12-31,185143.30098442655
ID99,1985-03-31,431180.77999999817
ID99,1985-06-30,1.1492999768257142
ID99,1985-09-30,431180.77999999817
ID99,1985-12-31,431180.77999999817
ID99,1986-03-31,1.1492999768257142
ID99,1986-06-30,1.1492999768257142
ID99,1986-09-30,1.1492999768257142
ID99,1986-12-31,431180.77999999817
ID99,1987-03-31,431180.77999999817
ID99,1987-06-30,431180.77999999817
ID99,1987-09-30,206515.45055137348
ID99,1987-12-31,1.1492999768257142
ID99,1988-03-31,431180.77999999817
ID99,1988-06-30,1.1492999768257142
ID99,1988-09-30,1.1492999768257142
ID99,1988-12-31,431180.77999999817
ID99,1989-03-31,1.1492999768257142
ID99,1989-06-30,1.1492999768257142
ID99,1989-09-30,1.1492999768257142
