unique_id,ds,y
NN3-001,1990-01-01,14427.400000000007
NN3-001,1990-02-01,836.3199999999999
NN3-001,1990-03-01,836.3199999999999
NN3-001,1990-04-01,836.3199999999999
NN3-001,1990-05-01,14427.400000000007
NN3-001,1990-06-01,836.3199999999999
NN3-001,1990-07-01,14427.400000000007
NN3-001,1990-08-01,14427.400000000007
NN3-001,1990-09-01,836.3199999999999
NN3-001,1990-10-01,14427.400000000007
NN3-001,1990-11-01,14427.400000000007
NN3-001,1990-12-01,836.3199999999999
NN3-001,1991-01-01,836.3199999999999
NN3-001,1991-02-01,14427.400000000007
NN3-001,1991-03-01,14427.400000000007
NN3-001,1991-04-01,14427.400000000007
NN3-001,1991-05-01,14427.400000000007
NN3-001,1991-06-01,836.3199999999999
NN3-001,1991-07-01,836.3199999999999
NN3-001,1991-08-01,836.3199999999999
NN3-001,1991-09-01,836.3199999999999
NN3-001,1991-10-01,14427.400000000007
NN3-001,1991-11-01,14427.400000000007
NN3-001,1991-12-01,836.3199999999999
NN3-001,1992-01-01,14427.400000000007
NN3-001,1992-02-01,14427.400000000007
NN3-001,1992-03-01,836.3199999999999
NN3-001,1992-04-01,836.3199999999999
NN3-001,1992-05-01,836.3199999999999
NN3-001,1992-06-01,14427.400000000007
NN3-001,1992-07-01,836.3199999999999
NN3-001,1992-08-01,836.3199999999999
NN3-001,1992-09-01,836.3199999999999
NN3-001,1992-10-01,836.3199999999999
NN3-001,1992-11-01,14427.400000000007
NN3-001,1992-12-01,836.3199999999999
NN3-001,1993-01-01,14427.400000000007
NN3-001,1993-02-01,14427.400000000007
NN3-001,1993-03-01,836.3199999999999
NN3-002,1990-01-01,14427.400000000007
NN3-002,1990-02-01,14427.400000000007
NN3-002,1990-03-01,836.3199999999999
NN3-002,1990-04-01,836.3199999999999
NN3-002,1990-05-01,836.3199999999999
NN3-002,1990-06-01,14427.400000000007
NN3-002,1990-07-01,14427.400000000007
NN3-002,1990-08-01,14427.400000000007
NN3-002,1990-09-01,14427.400000000007
NN3-002,1990-10-01,836.3199999999999
NN3-002,1990-11-01,836.3199999999999
NN3-002,1990-12-01,836.3199999999999
NN3-002,1991-01-01,14427.400000000007
NN3-002,1991-02-01,14427.400000000007
NN3-002,1991-03-01,14427.400000000007
NN3-002,1991-04-01,836.3199999999999
NN3-002,1991-05-01,836.3199999999999
NN3-002,1991-06-01,836.3199999999999
NN3-002,1991-07-01,14427.400000000007
NN3-002,1991-08-01,14427.400000000007
NN3-002,1991-09-01,14427.400000000007
NN3-002,1991-10-01,14427.400000000007
NN3-002,1991-11-01,836.3199999999999
NN3-002,1991-12-01,836.3199999999999
NN3-002,1992-01-01,836.3199999999999
NN3-002,1992-02-01,14427.400000000007
NN3-002,1992-03-01,836.3199999999999
NN3-002,1992-04-01,836.3199999999999
NN3-002,1992-05-01,836.3199999999999
NN3-002,1992-06-01,14427.400000000007
NN3-002,1992-07-01,836.3199999999999
NN3-002,1992-08-01,836.3199999999999
NN3-002,1992-09-01,14427.400000000007
NN3-002,1992-10-01,14427.400000000007
NN3-002,1992-11-01,836.3199999999999
NN3-002,1992-12-01,836.3199999999999
NN3-002,1993-01-01,836.3199999999999
NN3-002,1993-02-01,836.3199999999999
NN3-002,1993-03-01,14427.400000000007
NN3-003,1990-01-01,836.3199999999999
NN3-003,1990-02-01,836.3199999999999
NN3-003,1990-03-01,14427.400000000007
NN3-003,1990-04-01,836.3199999999999
NN3-003,1990-05-01,14427.400000000007
NN3-003,1990-06-01,836.3199999999999
NN3-003,1990-07-01,14427.400000000007
NN3-003,1990-08-01,836.3199999999999
NN3-003,1990-09-01,836.3199999999999
NN3-003,1990-10-01,14427.400000000007
NN3-003,1990-11-01,836.3199999999999
NN3-003,1990-12-01,14427.400000000007
NN3-003,1991-01-01,836.3199999999999
NN3-003,1991-02-01,14427.400000000007
NN3-003,1991-03-01,836.3199999999999
NN3-003,1991-04-01,836.3199999999999
NN3-003,1991-05-01,14427.400000000007
NN3-003,1991-06-01,836.3199999999999
NN3-003,1991-07-01,14427.400000000007
NN3-003,1991-08-01,836.3199999999999
NN3-003,1991-09-01,14427.400000000007
NN3-003,1991-10-01,836.3199999999999
NN3-003,1991-11-01,836.3199999999999
NN3-003,1991-12-01,14427.400000000007
NN3-003,1992-01-01,836.3199999999999
NN3-003,1992-02-01,14427.400000000007
NN3-003,1992-03-01,14427.400000000007
NN3-003,1992-04-01,836.3199999999999
NN3-003,1992-05-01,14427.400000000007
NN3-003,1992-06-01,836.3199999999999
NN3-003,1992-07-01,836.3199999999999
NN3-003,1992-08-01,836.3199999999999
NN3-003,1992-09-01,14427.400000000007
NN3-003,1992-10-01,836.3199999999999
NN3-003,1992-11-01,14427.400000000007
NN3-003,1992-12-01,836.3199999999999
NN3-003,1993-01-01,836.3199999999999
NN3-003,1993-02-01,14427.400000000007
NN3-003,1993-03-01,14427.400000000007
NN3-004,1990-01-01,14427.400000000007
NN3-004,1990-02-01,836.3199999999999
NN3-004,1990-03-01,836.3199999999999
NN3-004,1990-04-01,14427.400000000007
NN3-004,1990-05-01,836.3199999999999
NN3-004,1990-06-01,836.3199999999999
NN3-004,1990-07-01,836.3199999999999
NN3-004,1990-08-01,836.3199999999999
NN3-004,1990-09-01,14427.400000000007
NN3-004,1990-10-01,836.3199999999999
NN3-004,1990-11-01,836.3199999999999
NN3-004,1990-12-01,836.3199999999999
NN3-004,1991-01-01,836.3199999999999
NN3-004,1991-02-01,836.3199999999999
NN3-004,1991-03-01,14427.400000000007
NN3-004,1991-04-01,836.3199999999999
NN3-004,1991-05-01,14427.400000000007
NN3-004,1991-06-01,14427.400000000007
NN3-004,1991-07-01,14427.400000000007
NN3-004,1991-08-01,14427.400000000007
NN3-004,1991-09-01,836.3199999999999
NN3-004,1991-10-01,14427.400000000007
NN3-004,1991-11-01,14427.400000000007
NN3-004,1991-12-01,836.3199999999999
NN3-004,1992-01-01,10400.638072878372
NN3-004,1992-02-01,14427.400000000007
NN3-004,1992-03-01,14427.400000000007
NN3-004,1992-04-01,836.3199999999999
NN3-004,1992-05-01,836.3199999999999
NN3-004,1992-06-01,14427.400000000007
NN3-004,1992-07-01,836.3199999999999
NN3-004,1992-08-01,836.3199999999999
NN3-004,1992-09-01,14427.400000000007
NN3-004,1992-10-01,14427.400000000007
NN3-004,1992-11-01,836.3199999999999
NN3-004,1992-12-01,14427.400000000007
NN3-004,1993-01-01,836.3199999999999
NN3-004,1993-02-01,14427.400000000007
NN3-004,1993-03-01,14427.400000000007
NN3-005,1990-01-01,836.3199999999999
NN3-005,1990-02-01,14427.400000000007
NN3-005,1990-03-01,836.3199999999999
NN3-005,1990-04-01,836.3199999999999
NN3-005,1990-05-01,836.3199999999999
NN3-005,1990-06-01,836.3199999999999
NN3-005,1990-07-01,836.3199999999999
NN3-005,1990-08-01,836.3199999999999
NN3-005,1990-09-01,14427.400000000007
NN3-005,1990-10-01,14427.400000000007
NN3-005,1990-11-01,836.3199999999999
NN3-005,1990-12-01,836.3199999999999
NN3-005,1991-01-01,836.3199999999999
NN3-005,1991-02-01,14427.400000000007
NN3-005,1991-03-01,836.3199999999999
NN3-005,1991-04-01,836.3199999999999
NN3-005,1991-05-01,14427.400000000007
NN3-005,1991-06-01,14427.400000000007
NN3-005,1991-07-01,836.3199999999999
NN3-005,1991-08-01,836.3199999999999
NN3-005,1991-09-01,836.3199999999999
NN3-005,1991-10-01,14427.400000000007
NN3-005,1991-11-01,14427.400000000007
NN3-005,1991-12-01,836.3199999999999
NN3-005,1992-01-01,836.3199999999999
NN3-005,1992-02-01,14427.400000000007
NN3-005,1992-03-01,14427.400000000007
NN3-005,1992-04-01,14427.400000000007
NN3-005,1992-05-01,836.3199999999999
NN3-005,1992-06-01,836.3199999999999
NN3-005,1992-07-01,14427.400000000007
NN3-005,1992-08-01,14427.400000000007
NN3-005,1992-09-01,836.3199999999999
NN3-005,1992-10-01,836.3199999999999
NN3-005,1992-11-01,14427.400000000007
NN3-005,1992-12-01,14427.400000000007
NN3-005,1993-01-01,14427.400000000007
NN3-005,1993-02-01,836.3199999999999
NN3-005,1993-03-01,836.3199999999999
NN3-006,1990-01-01,14427.400000000007
NN3-006,1990-02-01,836.3199999999999
NN3-006,1990-03-01,836.3199999999999
NN3-006,1990-04-01,14427.400000000007
NN3-006,1990-05-01,836.3199999999999
NN3-006,1990-06-01,14427.400000000007
NN3-006,1990-07-01,836.3199999999999
NN3-006,1990-08-01,14427.400000000007
NN3-006,1990-09-01,14427.400000000007
NN3-006,1990-10-01,14427.400000000007
NN3-006,1990-11-01,836.3199999999999
NN3-006,1990-12-01,836.3199999999999
NN3-006,1991-01-01,14427.400000000007
NN3-006,1991-02-01,14427.400000000007
NN3-006,1991-03-01,14427.400000000007
NN3-006,1991-04-01,14427.400000000007
NN3-006,1991-05-01,14427.400000000007
NN3-006,1991-06-01,836.3199999999999
NN3-006,1991-07-01,14427.400000000007
NN3-006,1991-08-01,836.3199999999999
NN3-006,1991-09-01,14427.400000000007
NN3-006,1991-10-01,14427.400000000007
NN3-006,1991-11-01,836.3199999999999
NN3-006,1991-12-01,14427.400000000007
NN3-006,1992-01-01,836.3199999999999
NN3-006,1992-02-01,836.3199999999999
NN3-006,1992-03-01,836.3199999999999
NN3-006,1992-04-01,836.3199999999999
NN3-006,1992-05-01,14427.400000000007
NN3-006,1992-06-01,14427.400000000007
NN3-006,1992-07-01,836.3199999999999
NN3-006,1992-08-01,836.3199999999999
NN3-006,1992-09-01,14427.400000000007
NN3-006,1992-10-01,836.3199999999999
NN3-006,1992-11-01,836.3199999999999
NN3-006,1992-12-01,836.3199999999999
NN3-006,1993-01-01,836.3199999999999
NN3-006,1993-02-01,14427.400000000007
NN3-006,1993-03-01,14427.400000000007
NN3-007,1990-01-01,836.3199999999999
NN3-007,1990-02-01,14427.400000000007
NN3-007,1990-03-01,14427.400000000007
NN3-007,1990-04-01,14427.400000000007
NN3-007,1990-05-01,836.3199999999999
NN3-007,1990-06-01,14427.400000000007
NN3-007,1990-07-01,836.3199999999999
NN3-007,1990-08-01,836.3199999999999
NN3-007,1990-09-01,14427.400000000007
NN3-007,1990-10-01,14427.400000000007
NN3-007,1990-11-01,836.3199999999999
NN3-007,1990-12-01,836.3199999999999
NN3-007,1991-01-01,14427.400000000007
NN3-007,1991-02-01,14427.400000000007
NN3-007,1991-03-01,14427.400000000007
NN3-007,1991-04-01,14427.400000000007
NN3-007,1991-05-01,836.3199999999999
NN3-007,1991-06-01,14427.400000000007
NN3-007,1991-07-01,836.3199999999999
NN3-007,1991-08-01,836.3199999999999
NN3-007,1991-09-01,836.3199999999999
NN3-007,1991-10-01,836.3199999999999
NN3-007,1991-11-01,14427.400000000007
NN3-007,1991-12-01,14427.400000000007
NN3-007,1992-01-01,14427.400000000007
NN3-007,1992-02-01,14427.400000000007
NN3-007,1992-03-01,836.3199999999999
NN3-007,1992-04-01,14427.400000000007
NN3-007,1992-05-01,14427.400000000007
NN3-007,1992-06-01,836.3199999999999
NN3-007,1992-07-01,14427.400000000007
NN3-007,1992-08-01,836.3199999999999
NN3-007,1992-09-01,836.3199999999999
NN3-007,1992-10-01,836.3199999999999
NN3-007,1992-11-01,836.3199999999999
NN3-007,1992-12-01,14427.400000000007
NN3-007,1993-01-01,836.3199999999999
NN3-007,1993-02-01,14427.400000000007
NN3-007,1993-03-01,14427.400000000007
NN3-008,1990-01-01,14427.400000000007
NN3-008,1990-02-01,14427.400000000007
NN3-008,1990-03-01,836.3199999999999
NN3-008,1990-04-01,836.3199999999999
NN3-008,1990-05-01,14427.400000000007
NN3-008,1990-06-01,836.3199999999999
NN3-008,1990-07-01,14427.400000000007
NN3-008,1990-08-01,836.3199999999999
NN3-008,1990-09-01,14427.400000000007
NN3-008,1990-10-01,836.3199999999999
NN3-008,1990-11-01,836.3199999999999
NN3-008,1990-12-01,836.3199999999999
NN3-008,1991-01-01,14427.400000000007
NN3-008,1991-02-01,836.3199999999999
NN3-008,1991-03-01,836.3199999999999
NN3-008,1991-04-01,14427.400000000007
NN3-008,1991-05-01,836.3199999999999
NN3-008,1991-06-01,14427.400000000007
NN3-008,1991-07-01,14427.400000000007
NN3-008,1991-08-01,14427.400000000007
NN3-008,1991-09-01,14427.400000000007
NN3-008,1991-10-01,14427.400000000007
NN3-008,1991-11-01,836.3199999999999
NN3-008,1991-12-01,14427.400000000007
NN3-008,1992-01-01,14427.400000000007
NN3-008,1992-02-01,836.3199999999999
NN3-008,1992-03-01,836.3199999999999
NN3-008,1992-04-01,14427.400000000007
NN3-008,1992-05-01,836.3199999999999
NN3-008,1992-06-01,14427.400000000007
NN3-008,1992-07-01,14427.400000000007
NN3-008,1992-08-01,836.3199999999999
NN3-008,1992-09-01,836.3199999999999
NN3-008,1992-10-01,14427.400000000007
NN3-008,1992-11-01,14427.400000000007
NN3-008,1992-12-01,836.3199999999999
NN3-008,1993-01-01,14427.400000000007
NN3-008,1993-02-01,836.3199999999999
NN3-008,1993-03-01,14427.400000000007
NN3-009,1990-01-01,14427.400000000007
NN3-009,1990-02-01,14427.400000000007
NN3-009,1990-03-01,14427.400000000007
NN3-009,1990-04-01,836.3199999999999
NN3-009,1990-05-01,14427.400000000007
NN3-009,1990-06-01,14427.400000000007
NN3-009,1990-07-01,836.3199999999999
NN3-009,1990-08-01,836.3199999999999
NN3-009,1990-09-01,14427.400000000007
NN3-009,1990-10-01,14427.400000000007
NN3-009,1990-11-01,836.3199999999999
NN3-009,1990-12-01,836.3199999999999
NN3-009,1991-01-01,836.3199999999999
NN3-009,1991-02-01,14427.400000000007
NN3-009,1991-03-01,14427.400000000007
NN3-009,1991-04-01,836.3199999999999
NN3-009,1991-05-01,14427.400000000007
NN3-009,1991-06-01,14427.400000000007
NN3-009,1991-07-01,836.3199999999999
NN3-009,1991-08-01,836.3199999999999
NN3-009,1991-09-01,14427.400000000007
NN3-009,1991-10-01,836.3199999999999
NN3-009,1991-11-01,836.3199999999999
NN3-009,1991-12-01,836.3199999999999
NN3-009,1992-01-01,836.3199999999999
NN3-009,1992-02-01,14427.400000000007
NN3-009,1992-03-01,14427.400000000007
NN3-009,1992-04-01,14427.400000000007
NN3-009,1992-05-01,14427.400000000007
NN3-009,1992-06-01,14427.400000000007
NN3-009,1992-07-01,836.3199999999999
NN3-009,1992-08-01,836.3199999999999
NN3-009,1992-09-01,836.3199999999999
NN3-009,1992-10-01,836.3199999999999
NN3-009,1992-11-01,836.3199999999999
NN3-009,1992-12-01,14427.400000000007
NN3-009,1993-01-01,836.3199999999999
NN3-009,1993-02-01,836.3199999999999
NN3-009,1993-03-01,836.3199999999999
NN3-010,1990-01-01,836.3199999999999
NN3-010,1990-02-01,836.3199999999999
NN3-010,1990-03-01,836.3199999999999
NN3-010,1990-04-01,14427.400000000007
NN3-010,1990-05-01,14427.400000000007
NN3-010,1990-06-01,14427.400000000007
NN3-010,1990-07-01,14427.400000000007
NN3-010,1990-08-01,14427.400000000007
NN3-010,1990-09-01,14427.400000000007
NN3-010,1990-10-01,10459.839364247237
NN3-010,1990-11-01,14427.400000000007
NN3-010,1990-12-01,836.3199999999999
NN3-010,1991-01-01,14427.400000000007
NN3-010,1991-02-01,14427.400000000007
NN3-010,1991-03-01,14427.400000000007
NN3-010,1991-04-01,14427.400000000007
NN3-010,1991-05-01,836.3199999999999
NN3-010,1991-06-01,836.3199999999999
NN3-010,1991-07-01,836.3199999999999
NN3-010,1991-08-01,836.3199999999999
NN3-010,1991-09-01,836.3199999999999
NN3-010,1991-10-01,836.3199999999999
NN3-010,1991-11-01,14427.400000000007
NN3-010,1991-12-01,14427.400000000007
NN3-010,1992-01-01,836.3199999999999
NN3-010,1992-02-01,14427.400000000007
NN3-010,1992-03-01,14427.400000000007
NN3-010,1992-04-01,836.3199999999999
NN3-010,1992-05-01,14427.400000000007
NN3-010,1992-06-01,836.3199999999999
NN3-010,1992-07-01,14427.400000000007
NN3-010,1992-08-01,14427.400000000007
NN3-010,1992-09-01,14427.400000000007
NN3-010,1992-10-01,14427.400000000007
NN3-010,1992-11-01,14427.400000000007
NN3-010,1992-12-01,836.3199999999999
NN3-010,1993-01-01,836.3199999999999
NN3-010,1993-02-01,836.3199999999999
NN3-010,1993-03-01,836.3199999999999
NN3-011,1990-01-01,14427.400000000007
NN3-011,1990-02-01,836.3199999999999
NN3-011,1990-03-01,14427.400000000007
NN3-011,1990-04-01,14427.400000000007
NN3-011,1990-05-01,14427.400000000007
NN3-011,1990-06-01,14427.400000000007
NN3-011,1990-07-01,14427.400000000007
NN3-011,1990-08-01,14427.400000000007
NN3-011,1990-09-01,836.3199999999999
NN3-011,1990-10-01,836.3199999999999
NN3-011,1990-11-01,14427.400000000007
NN3-011,1990-12-01,836.3199999999999
NN3-011,1991-01-01,14427.400000000007
NN3-011,1991-02-01,14427.400000000007
NN3-011,1991-03-01,14427.400000000007
NN3-011,1991-04-01,836.3199999999999
NN3-011,1991-05-01,14427.400000000007
NN3-011,1991-06-01,14427.400000000007
NN3-011,1991-07-01,836.3199999999999
NN3-011,1991-08-01,14427.400000000007
NN3-011,1991-09-01,836.3199999999999
NN3-011,1991-10-01,14427.400000000007
NN3-011,1991-11-01,14427.400000000007
NN3-011,1991-12-01,836.3199999999999
NN3-011,1992-01-01,14427.400000000007
NN3-011,1992-02-01,14427.400000000007
NN3-011,1992-03-01,836.3199999999999
NN3-011,1992-04-01,14427.400000000007
NN3-011,1992-05-01,836.3199999999999
NN3-011,1992-06-01,836.3199999999999
NN3-011,1992-07-01,836.3199999999999
NN3-011,1992-08-01,14427.400000000007
NN3-011,1992-09-01,836.3199999999999
NN3-011,1992-10-01,14427.400000000007
NN3-011,1992-11-01,836.3199999999999
NN3-011,1992-12-01,14427.400000000007
NN3-011,1993-01-01,14427.400000000007
NN3-011,1993-02-01,836.3199999999999
NN3-011,1993-03-01,14427.400000000007
NN3-012,1990-01-01,836.3199999999999
NN3-012,1990-02-01,836.3199999999999
NN3-012,1990-03-01,836.3199999999999
NN3-012,1990-04-01,836.3199999999999
NN3-012,1990-05-01,14427.400000000007
NN3-012,1990-06-01,14427.400000000007
NN3-012,1990-07-01,14427.400000000007
NN3-012,1990-08-01,836.3199999999999
NN3-012,1990-09-01,14427.400000000007
NN3-012,1990-10-01,836.3199999999999
NN3-012,1990-11-01,836.3199999999999
NN3-012,1990-12-01,836.3199999999999
NN3-012,1991-01-01,836.3199999999999
NN3-012,1991-02-01,14427.400000000007
NN3-012,1991-03-01,14427.400000000007
NN3-012,1991-04-01,14427.400000000007
NN3-012,1991-05-01,14427.400000000007
NN3-012,1991-06-01,836.3199999999999
NN3-012,1991-07-01,836.3199999999999
NN3-012,1991-08-01,14427.400000000007
NN3-012,1991-09-01,836.3199999999999
NN3-012,1991-10-01,14427.400000000007
NN3-012,1991-11-01,836.3199999999999
NN3-012,1991-12-01,14427.400000000007
NN3-012,1992-01-01,14427.400000000007
NN3-012,1992-02-01,14427.400000000007
NN3-012,1992-03-01,836.3199999999999
NN3-012,1992-04-01,836.3199999999999
NN3-012,1992-05-01,14427.400000000007
NN3-012,1992-06-01,836.3199999999999
NN3-012,1992-07-01,14427.400000000007
NN3-012,1992-08-01,836.3199999999999
NN3-012,1992-09-01,14427.400000000007
NN3-012,1992-10-01,14427.400000000007
NN3-012,1992-11-01,836.3199999999999
NN3-012,1992-12-01,14427.400000000007
NN3-012,1993-01-01,14427.400000000007
NN3-012,1993-02-01,836.3199999999999
NN3-012,1993-03-01,836.3199999999999
NN3-013,1990-01-01,14427.400000000007
NN3-013,1990-02-01,14427.400000000007
NN3-013,1990-03-01,836.3199999999999
NN3-013,1990-04-01,836.3199999999999
NN3-013,1990-05-01,836.3199999999999
NN3-013,1990-06-01,836.3199999999999
NN3-013,1990-07-01,14427.400000000007
NN3-013,1990-08-01,14427.400000000007
NN3-013,1990-09-01,836.3199999999999
NN3-013,1990-10-01,14427.400000000007
NN3-013,1990-11-01,14427.400000000007
NN3-013,1990-12-01,836.3199999999999
NN3-013,1991-01-01,14427.400000000007
NN3-013,1991-02-01,14427.400000000007
NN3-013,1991-03-01,14427.400000000007
NN3-013,1991-04-01,836.3199999999999
NN3-013,1991-05-01,836.3199999999999
NN3-013,1991-06-01,836.3199999999999
NN3-013,1991-07-01,14427.400000000007
NN3-013,1991-08-01,836.3199999999999
NN3-013,1991-09-01,14427.400000000007
NN3-013,1991-10-01,836.3199999999999
NN3-013,1991-11-01,14427.400000000007
NN3-013,1991-12-01,836.3199999999999
NN3-013,1992-01-01,14427.400000000007
NN3-013,1992-02-01,836.3199999999999
NN3-013,1992-03-01,836.3199999999999
NN3-013,1992-04-01,14427.400000000007
NN3-013,1992-05-01,836.3199999999999
NN3-013,1992-06-01,14427.400000000007
NN3-013,1992-07-01,836.3199999999999
NN3-013,1992-08-01,14427.400000000007
NN3-013,1992-09-01,14427.400000000007
NN3-013,1992-10-01,14427.400000000007
NN3-013,1992-11-01,836.3199999999999
NN3-013,1992-12-01,14427.400000000007
NN3-013,1993-01-01,14427.400000000007
NN3-013,1993-02-01,14427.400000000007
NN3-013,1993-03-01,836.3199999999999
NN3-014,1990-01-01,14427.400000000007
NN3-014,1990-02-01,14427.400000000007
NN3-014,1990-03-01,836.3199999999999
NN3-014,1990-04-01,836.3199999999999
NN3-014,1990-05-01,14427.400000000007
NN3-014,1990-06-01,14427.400000000007
NN3-014,1990-07-01,14427.400000000007
NN3-014,1990-08-01,14427.400000000007
NN3-014,1990-09-01,836.3199999999999
NN3-014,1990-10-01,14427.400000000007
NN3-014,1990-11-01,836.3199999999999
NN3-014,1990-12-01,836.3199999999999
NN3-014,1991-01-01,14427.400000000007
NN3-014,1991-02-01,836.3199999999999
NN3-014,1991-03-01,836.3199999999999
NN3-014,1991-04-01,14427.400000000007
NN3-014,1991-05-01,14427.400000000007
NN3-014,1991-06-01,836.3199999999999
NN3-014,1991-07-01,836.3199999999999
NN3-014,1991-08-01,14427.400000000007
NN3-014,1991-09-01,836.3199999999999
NN3-014,1991-10-01,836.3199999999999
NN3-014,1991-11-01,836.3199999999999
NN3-014,1991-12-01,836.3199999999999
NN3-014,1992-01-01,836.3199999999999
NN3-014,1992-02-01,836.3199999999999
NN3-014,1992-03-01,14427.400000000007
NN3-014,1992-04-01,14427.400000000007
NN3-014,1992-05-01,836.3199999999999
NN3-014,1992-06-01,14427.400000000007
NN3-014,1992-07-01,836.3199999999999
NN3-014,1992-08-01,836.3199999999999
NN3-014,1992-09-01,14427.400000000007
NN3-014,1992-10-01,14427.400000000007
NN3-014,1992-11-01,836.3199999999999
NN3-014,1992-12-01,14427.400000000007
NN3-014,1993-01-01,836.3199999999999
NN3-014,1993-02-01,14427.400000000007
NN3-014,1993-03-01,836.3199999999999
NN3-015,1990-01-01,836.3199999999999
NN3-015,1990-02-01,14427.400000000007
NN3-015,1990-03-01,14427.400000000007
NN3-015,1990-04-01,14427.400000000007
NN3-015,1990-05-01,836.3199999999999
NN3-015,1990-06-01,836.3199999999999
NN3-015,1990-07-01,836.3199999999999
NN3-015,1990-08-01,836.3199999999999
NN3-015,1990-09-01,14427.400000000007
NN3-015,1990-10-01,14427.400000000007
NN3-015,1990-11-01,836.3199999999999
NN3-015,1990-12-01,14427.400000000007
NN3-015,1991-01-01,836.3199999999999
NN3-015,1991-02-01,836.3199999999999
NN3-015,1991-03-01,836.3199999999999
NN3-015,1991-04-01,14427.400000000007
NN3-015,1991-05-01,836.3199999999999
NN3-015,1991-06-01,14427.400000000007
NN3-015,1991-07-01,836.3199999999999
NN3-015,1991-08-01,836.3199999999999
NN3-015,1991-09-01,836.3199999999999
NN3-015,1991-10-01,836.3199999999999
NN3-015,1991-11-01,14427.400000000007
NN3-015,1991-12-01,836.3199999999999
NN3-015,1992-01-01,836.3199999999999
NN3-015,1992-02-01,836.3199999999999
NN3-015,1992-03-01,14427.400000000007
NN3-015,1992-04-01,14427.400000000007
NN3-015,1992-05-01,14427.400000000007
NN3-015,1992-06-01,14427.400000000007
NN3-015,1992-07-01,836.3199999999999
NN3-015,1992-08-01,14427.400000000007
NN3-015,1992-09-01,836.3199999999999
NN3-015,1992-10-01,836.3199999999999
NN3-015,1992-11-01,14427.400000000007
NN3-015,1992-12-01,14427.400000000007
NN3-015,1993-01-01,14427.400000000007
NN3-015,1993-02-01,836.3199999999999
NN3-015,1993-03-01,836.3199999999999
NN3-016,1990-01-01,836.3199999999999
NN3-016,1990-02-01,836.3199999999999
NN3-016,1990-03-01,14427.400000000007
NN3-016,1990-04-01,14427.400000000007
NN3-016,1990-05-01,14427.400000000007
NN3-016,1990-06-01,836.3199999999999
NN3-016,1990-07-01,14427.400000000007
NN3-016,1990-08-01,14427.400000000007
NN3-016,1990-09-01,14427.400000000007
NN3-016,1990-10-01,14427.400000000007
NN3-016,1990-11-01,836.3199999999999
NN3-016,1990-12-01,836.3199999999999
NN3-016,1991-01-01,14427.400000000007
NN3-016,1991-02-01,836.3199999999999
NN3-016,1991-03-01,836.3199999999999
NN3-016,1991-04-01,14427.400000000007
NN3-016,1991-05-01,836.3199999999999
NN3-016,1991-06-01,836.3199999999999
NN3-016,1991-07-01,836.3199999999999
NN3-016,1991-08-01,14427.400000000007
NN3-016,1991-09-01,14427.400000000007
NN3-016,1991-10-01,836.3199999999999
NN3-016,1991-11-01,14427.400000000007
NN3-016,1991-12-01,836.3199999999999
NN3-016,1992-01-01,836.3199999999999
NN3-016,1992-02-01,14427.400000000007
NN3-016,1992-03-01,14427.400000000007
NN3-016,1992-04-01,836.3199999999999
NN3-016,1992-05-01,14427.400000000007
NN3-016,1992-06-01,836.3199999999999
NN3-016,1992-07-01,14427.400000000007
NN3-016,1992-08-01,14427.400000000007
NN3-016,1992-09-01,14427.400000000007
NN3-016,1992-10-01,14427.400000000007
NN3-016,1992-11-01,14427.400000000007
NN3-016,1992-12-01,836.3199999999999
NN3-016,1993-01-01,14427.400000000007
NN3-016,1993-02-01,836.3199999999999
NN3-016,1993-03-01,836.3199999999999
NN3-017,1990-01-01,14427.400000000007
NN3-017,1990-02-01,14427.400000000007
NN3-017,1990-03-01,14427.400000000007
NN3-017,1990-04-01,14427.400000000007
NN3-017,1990-05-01,836.3199999999999
NN3-017,1990-06-01,14427.400000000007
NN3-017,1990-07-01,836.3199999999999
NN3-017,1990-08-01,836.3199999999999
NN3-017,1990-09-01,14427.400000000007
NN3-017,1990-10-01,836.3199999999999
NN3-017,1990-11-01,14427.400000000007
NN3-017,1990-12-01,14427.400000000007
NN3-017,1991-01-01,836.3199999999999
NN3-017,1991-02-01,836.3199999999999
NN3-017,1991-03-01,14427.400000000007
NN3-017,1991-04-01,836.3199999999999
NN3-017,1991-05-01,14427.400000000007
NN3-017,1991-06-01,836.3199999999999
NN3-017,1991-07-01,14427.400000000007
NN3-017,1991-08-01,14427.400000000007
NN3-017,1991-09-01,14427.400000000007
NN3-017,1991-10-01,836.3199999999999
NN3-017,1991-11-01,14427.400000000007
NN3-017,1991-12-01,14427.400000000007
NN3-017,1992-01-01,14427.400000000007
NN3-017,1992-02-01,14427.400000000007
NN3-017,1992-03-01,836.3199999999999
NN3-017,1992-04-01,14427.400000000007
NN3-017,1992-05-01,14427.400000000007
NN3-017,1992-06-01,836.3199999999999
NN3-017,1992-07-01,14427.400000000007
NN3-017,1992-08-01,836.3199999999999
NN3-017,1992-09-01,836.3199999999999
NN3-017,1992-10-01,14427.400000000007
NN3-017,1992-11-01,14427.400000000007
NN3-017,1992-12-01,836.3199999999999
NN3-017,1993-01-01,836.3199999999999
NN3-017,1993-02-01,836.3199999999999
NN3-017,1993-03-01,836.3199999999999
NN3-018,1990-01-01,14427.400000000007
NN3-018,1990-02-01,836.3199999999999
NN3-018,1990-03-01,14427.400000000007
NN3-018,1990-04-01,836.3199999999999
NN3-018,1990-05-01,14427.400000000007
NN3-018,1990-06-01,836.3199999999999
NN3-018,1990-07-01,836.3199999999999
NN3-018,1990-08-01,836.3199999999999
NN3-018,1990-09-01,14427.400000000007
NN3-018,1990-10-01,14427.400000000007
NN3-018,1990-11-01,7570.080512600625
NN3-018,1990-12-01,14427.400000000007
NN3-018,1991-01-01,14427.400000000007
NN3-018,1991-02-01,836.3199999999999
NN3-018,1991-03-01,836.3199999999999
NN3-018,1991-04-01,14427.400000000007
NN3-018,1991-05-01,14427.400000000007
NN3-018,1991-06-01,14427.400000000007
NN3-018,1991-07-01,836.3199999999999
NN3-018,1991-08-01,14427.400000000007
NN3-018,1991-09-01,14427.400000000007
NN3-018,1991-10-01,836.3199999999999
NN3-018,1991-11-01,836.3199999999999
NN3-018,1991-12-01,14427.400000000007
NN3-018,1992-01-01,14427.400000000007
NN3-018,1992-02-01,14427.400000000007
NN3-018,1992-03-01,14427.400000000007
NN3-018,1992-04-01,14427.400000000007
NN3-018,1992-05-01,14427.400000000007
NN3-018,1992-06-01,836.3199999999999
NN3-018,1992-07-01,14427.400000000007
NN3-018,1992-08-01,836.3199999999999
NN3-018,1992-09-01,836.3199999999999
NN3-018,1992-10-01,836.3199999999999
NN3-018,1992-11-01,14427.400000000007
NN3-018,1992-12-01,14427.400000000007
NN3-018,1993-01-01,836.3199999999999
NN3-018,1993-02-01,836.3199999999999
NN3-018,1993-03-01,836.3199999999999
NN3-019,1990-01-01,836.3199999999999
NN3-019,1990-02-01,14427.400000000007
NN3-019,1990-03-01,14427.400000000007
NN3-019,1990-04-01,14427.400000000007
NN3-019,1990-05-01,14427.400000000007
NN3-019,1990-06-01,14427.400000000007
NN3-019,1990-07-01,836.3199999999999
NN3-019,1990-08-01,14427.400000000007
NN3-019,1990-09-01,836.3199999999999
NN3-019,1990-10-01,14427.400000000007
NN3-019,1990-11-01,14427.400000000007
NN3-019,1990-12-01,14427.400000000007
NN3-019,1991-01-01,836.3199999999999
NN3-019,1991-02-01,14427.400000000007
NN3-019,1991-03-01,836.3199999999999
NN3-019,1991-04-01,14427.400000000007
NN3-019,1991-05-01,14427.400000000007
NN3-019,1991-06-01,836.3199999999999
NN3-019,1991-07-01,836.3199999999999
NN3-019,1991-08-01,14427.400000000007
NN3-019,1991-09-01,836.3199999999999
NN3-019,1991-10-01,14427.400000000007
NN3-019,1991-11-01,14427.400000000007
NN3-019,1991-12-01,14427.400000000007
NN3-019,1992-01-01,14427.400000000007
NN3-019,1992-02-01,836.3199999999999
NN3-019,1992-03-01,14427.400000000007
NN3-019,1992-04-01,14427.400000000007
NN3-019,1992-05-01,836.3199999999999
NN3-019,1992-06-01,14427.400000000007
NN3-019,1992-07-01,836.3199999999999
NN3-019,1992-08-01,14427.400000000007
NN3-019,1992-09-01,14427.400000000007
NN3-019,1992-10-01,836.3199999999999
NN3-019,1992-11-01,836.3199999999999
NN3-019,1992-12-01,836.3199999999999
NN3-019,1993-01-01,836.3199999999999
NN3-019,1993-02-01,836.3199999999999
NN3-019,1993-03-01,14427.400000000007
NN3-020,1990-01-01,836.3199999999999
NN3-020,1990-02-01,14427.400000000007
NN3-020,1990-03-01,14427.400000000007
NN3-020,1990-04-01,836.3199999999999
NN3-020,1990-05-01,836.3199999999999
NN3-020,1990-06-01,14427.400000000007
NN3-020,1990-07-01,14427.400000000007
NN3-020,1990-08-01,14427.400000000007
NN3-020,1990-09-01,14427.400000000007
NN3-020,1990-10-01,836.3199999999999
NN3-020,1990-11-01,836.3199999999999
NN3-020,1990-12-01,836.3199999999999
NN3-020,1991-01-01,836.3199999999999
NN3-020,1991-02-01,836.3199999999999
NN3-020,1991-03-01,836.3199999999999
NN3-020,1991-04-01,836.3199999999999
NN3-020,1991-05-01,14427.400000000007
NN3-020,1991-06-01,14427.400000000007
NN3-020,1991-07-01,836.3199999999999
NN3-020,1991-08-01,836.3199999999999
NN3-020,1991-09-01,836.3199999999999
NN3-020,1991-10-01,836.3199999999999
NN3-020,1991-11-01,14427.400000000007
NN3-020,1991-12-01,14427.400000000007
NN3-020,1992-01-01,14427.400000000007
NN3-020,1992-02-01,836.3199999999999
NN3-020,1992-03-01,836.3199999999999
NN3-020,1992-04-01,14427.400000000007
NN3-020,1992-05-01,14427.400000000007
NN3-020,1992-06-01,836.3199999999999
NN3-020,1992-07-01,14427.400000000007
NN3-020,1992-08-01,836.3199999999999
NN3-020,1992-09-01,836.3199999999999
NN3-020,1992-10-01,14427.400000000007
NN3-020,1992-11-01,14427.400000000007
NN3-020,1992-12-01,836.3199999999999
NN3-020,1993-01-01,14427.400000000007
NN3-020,1993-02-01,14427.400000000007
NN3-020,1993-03-01,14427.400000000007
NN3-021,1990-01-01,14427.400000000007
NN3-021,1990-02-01,836.3199999999999
NN3-021,1990-03-01,14427.400000000007
NN3-021,1990-04-01,836.3199999999999
NN3-021,1990-05-01,14427.400000000007
NN3-021,1990-06-01,14427.400000000007
NN3-021,1990-07-01,14427.400000000007
NN3-021,1990-08-01,14427.400000000007
NN3-021,1990-09-01,14427.400000000007
NN3-021,1990-10-01,836.3199999999999
NN3-021,1990-11-01,836.3199999999999
NN3-021,1990-12-01,14427.400000000007
NN3-021,1991-01-01,836.3199999999999
NN3-021,1991-02-01,836.3199999999999
NN3-021,1991-03-01,14427.400000000007
NN3-021,1991-04-01,836.3199999999999
NN3-021,1991-05-01,14427.400000000007
NN3-021,1991-06-01,836.3199999999999
NN3-021,1991-07-01,836.3199999999999
NN3-021,1991-08-01,14427.400000000007
NN3-021,1991-09-01,836.3199999999999
NN3-021,1991-10-01,14427.400000000007
NN3-021,1991-11-01,836.3199999999999
NN3-021,1991-12-01,836.3199999999999
NN3-021,1992-01-01,14427.400000000007
NN3-021,1992-02-01,836.3199999999999
NN3-021,1992-03-01,14427.400000000007
NN3-021,1992-04-01,14427.400000000007
NN3-021,1992-05-01,14427.400000000007
NN3-021,1992-06-01,836.3199999999999
NN3-021,1992-07-01,14427.400000000007
NN3-021,1992-08-01,14427.400000000007
NN3-021,1992-09-01,14427.400000000007
NN3-021,1992-10-01,836.3199999999999
NN3-021,1992-11-01,836.3199999999999
NN3-021,1992-12-01,14427.400000000007
NN3-021,1993-01-01,836.3199999999999
NN3-021,1993-02-01,836.3199999999999
NN3-021,1993-03-01,14427.400000000007
NN3-022,1990-01-01,14427.400000000007
NN3-022,1990-02-01,836.3199999999999
NN3-022,1990-03-01,836.3199999999999
NN3-022,1990-04-01,836.3199999999999
NN3-022,1990-05-01,6236.94718562118
NN3-022,1990-06-01,14427.400000000007
NN3-022,1990-07-01,14427.400000000007
NN3-022,1990-08-01,14427.400000000007
NN3-022,1990-09-01,14427.400000000007
NN3-022,1990-10-01,836.3199999999999
NN3-022,1990-11-01,836.3199999999999
NN3-022,1990-12-01,836.3199999999999
NN3-022,1991-01-01,14427.400000000007
NN3-022,1991-02-01,14427.400000000007
NN3-022,1991-03-01,836.3199999999999
NN3-022,1991-04-01,836.3199999999999
NN3-022,1991-05-01,836.3199999999999
NN3-022,1991-06-01,14427.400000000007
NN3-022,1991-07-01,14427.400000000007
NN3-022,1991-08-01,14427.400000000007
NN3-022,1991-09-01,836.3199999999999
NN3-022,1991-10-01,14427.400000000007
NN3-022,1991-11-01,836.3199999999999
NN3-022,1991-12-01,836.3199999999999
NN3-022,1992-01-01,836.3199999999999
NN3-022,1992-02-01,836.3199999999999
NN3-022,1992-03-01,14427.400000000007
NN3-022,1992-04-01,836.3199999999999
NN3-022,1992-05-01,836.3199999999999
NN3-022,1992-06-01,836.3199999999999
NN3-022,1992-07-01,14427.400000000007
NN3-022,1992-08-01,836.3199999999999
NN3-022,1992-09-01,14427.400000000007
NN3-022,1992-10-01,836.3199999999999
NN3-022,1992-11-01,836.3199999999999
NN3-022,1992-12-01,14427.400000000007
NN3-022,1993-01-01,836.3199999999999
NN3-022,1993-02-01,14427.400000000007
NN3-023,1990-01-01,14427.400000000007
NN3-023,1990-02-01,836.3199999999999
NN3-023,1990-03-01,836.3199999999999
NN3-023,1990-04-01,14427.400000000007
NN3-023,1990-05-01,14427.400000000007
NN3-023,1990-06-01,14427.400000000007
NN3-023,1990-07-01,836.3199999999999
NN3-023,1990-08-01,836.3199999999999
NN3-023,1990-09-01,14427.400000000007
NN3-023,1990-10-01,14427.400000000007
NN3-023,1990-11-01,836.3199999999999
NN3-023,1990-12-01,14427.400000000007
NN3-023,1991-01-01,836.3199999999999
NN3-023,1991-02-01,14427.400000000007
NN3-023,1991-03-01,836.3199999999999
NN3-023,1991-04-01,836.3199999999999
NN3-023,1991-05-01,14427.400000000007
NN3-023,1991-06-01,14427.400000000007
NN3-023,1991-07-01,14427.400000000007
NN3-023,1991-08-01,836.3199999999999
NN3-023,1991-09-01,836.3199999999999
NN3-023,1991-10-01,14427.400000000007
NN3-023,1991-11-01,14427.400000000007
NN3-023,1991-12-01,836.3199999999999
NN3-023,1992-01-01,836.3199999999999
NN3-023,1992-02-01,836.3199999999999
NN3-023,1992-03-01,14427.400000000007
NN3-023,1992-04-01,836.3199999999999
NN3-023,1992-05-01,836.3199999999999
NN3-023,1992-06-01,836.3199999999999
NN3-023,1992-07-01,14427.400000000007
NN3-023,1992-08-01,14427.400000000007
NN3-023,1992-09-01,836.3199999999999
NN3-023,1992-10-01,836.3199999999999
NN3-023,1992-11-01,14427.400000000007
NN3-023,1992-12-01,836.3199999999999
NN3-023,1993-01-01,836.3199999999999
NN3-023,1993-02-01,836.3199999999999
NN3-023,1993-03-01,836.3199999999999
NN3-024,1990-01-01,14427.400000000007
NN3-024,1990-02-01,14427.400000000007
NN3-024,1990-03-01,836.3199999999999
NN3-024,1990-04-01,836.3199999999999
NN3-024,1990-05-01,14427.400000000007
NN3-024,1990-06-01,14427.400000000007
NN3-024,1990-07-01,836.3199999999999
NN3-024,1990-08-01,14427.400000000007
NN3-024,1990-09-01,14427.400000000007
NN3-024,1990-10-01,836.3199999999999
NN3-024,1990-11-01,836.3199999999999
NN3-024,1990-12-01,14427.400000000007
NN3-024,1991-01-01,836.3199999999999
NN3-024,1991-02-01,836.3199999999999
NN3-024,1991-03-01,14427.400000000007
NN3-024,1991-04-01,14427.400000000007
NN3-024,1991-05-01,836.3199999999999
NN3-024,1991-06-01,14427.400000000007
NN3-024,1991-07-01,14427.400000000007
NN3-024,1991-08-01,836.3199999999999
NN3-024,1991-09-01,836.3199999999999
NN3-024,1991-10-01,14427.400000000007
NN3-024,1991-11-01,836.3199999999999
NN3-024,1991-12-01,836.3199999999999
NN3-024,1992-01-01,14427.400000000007
NN3-024,1992-02-01,14427.400000000007
NN3-024,1992-03-01,836.3199999999999
NN3-024,1992-04-01,836.3199999999999
NN3-024,1992-05-01,836.3199999999999
NN3-024,1992-06-01,836.3199999999999
NN3-024,1992-07-01,14427.400000000007
NN3-024,1992-08-01,836.3199999999999
NN3-024,1992-09-01,836.3199999999999
NN3-024,1992-10-01,14427.400000000007
NN3-024,1992-11-01,14427.400000000007
NN3-024,1992-12-01,836.3199999999999
NN3-024,1993-01-01,836.3199999999999
NN3-024,1993-02-01,14427.400000000007
NN3-024,1993-03-01,14427.400000000007
NN3-025,1990-01-01,14427.400000000007
NN3-025,1990-02-01,836.3199999999999
NN3-025,1990-03-01,14427.400000000007
NN3-025,1990-04-01,836.3199999999999
NN3-025,1990-05-01,836.3199999999999
NN3-025,1990-06-01,836.3199999999999
NN3-025,1990-07-01,14427.400000000007
NN3-025,1990-08-01,836.3199999999999
NN3-025,1990-09-01,14427.400000000007
NN3-025,1990-10-01,14427.400000000007
NN3-025,1990-11-01,836.3199999999999
NN3-025,1990-12-01,14427.400000000007
NN3-025,1991-01-01,836.3199999999999
NN3-025,1991-02-01,836.3199999999999
NN3-025,1991-03-01,836.3199999999999
NN3-025,1991-04-01,14427.400000000007
NN3-025,1991-05-01,14427.400000000007
NN3-025,1991-06-01,14427.400000000007
NN3-025,1991-07-01,836.3199999999999
NN3-025,1991-08-01,836.3199999999999
NN3-025,1991-09-01,836.3199999999999
NN3-025,1991-10-01,836.3199999999999
NN3-025,1991-11-01,836.3199999999999
NN3-025,1991-12-01,14427.400000000007
NN3-025,1992-01-01,14427.400000000007
NN3-025,1992-02-01,14427.400000000007
NN3-025,1992-03-01,836.3199999999999
NN3-025,1992-04-01,836.3199999999999
NN3-025,1992-05-01,836.3199999999999
NN3-025,1992-06-01,836.3199999999999
NN3-025,1992-07-01,14427.400000000007
NN3-025,1992-08-01,14427.400000000007
NN3-025,1992-09-01,14427.400000000007
NN3-025,1992-10-01,836.3199999999999
NN3-025,1992-11-01,836.3199999999999
NN3-025,1992-12-01,14427.400000000007
NN3-025,1993-01-01,836.3199999999999
NN3-025,1993-02-01,836.3199999999999
NN3-025,1993-03-01,14427.400000000007
NN3-026,1990-01-01,14427.400000000007
NN3-026,1990-02-01,14427.400000000007
NN3-026,1990-03-01,836.3199999999999
NN3-026,1990-04-01,836.3199999999999
NN3-026,1990-05-01,836.3199999999999
NN3-026,1990-06-01,14427.400000000007
NN3-026,1990-07-01,836.3199999999999
NN3-026,1990-08-01,836.3199999999999
NN3-026,1990-09-01,14427.400000000007
NN3-026,1990-10-01,836.3199999999999
NN3-026,1990-11-01,14427.400000000007
NN3-026,1990-12-01,836.3199999999999
NN3-026,1991-01-01,14427.400000000007
NN3-026,1991-02-01,836.3199999999999
NN3-026,1991-03-01,14427.400000000007
NN3-026,1991-04-01,14427.400000000007
NN3-026,1991-05-01,14427.400000000007
NN3-026,1991-06-01,14427.400000000007
NN3-026,1991-07-01,14427.400000000007
NN3-026,1991-08-01,14427.400000000007
NN3-026,1991-09-01,14427.400000000007
NN3-026,1991-10-01,836.3199999999999
NN3-026,1991-11-01,14427.400000000007
NN3-026,1991-12-01,14427.400000000007
NN3-026,1992-01-01,836.3199999999999
NN3-026,1992-02-01,836.3199999999999
NN3-026,1992-03-01,836.3199999999999
NN3-026,1992-04-01,14427.400000000007
NN3-026,1992-05-01,836.3199999999999
NN3-026,1992-06-01,836.3199999999999
NN3-026,1992-07-01,836.3199999999999
NN3-026,1992-08-01,14427.400000000007
NN3-026,1992-09-01,14427.400000000007
NN3-026,1992-10-01,836.3199999999999
NN3-026,1992-11-01,836.3199999999999
NN3-026,1992-12-01,14427.400000000007
NN3-026,1993-01-01,836.3199999999999
NN3-026,1993-02-01,836.3199999999999
NN3-026,1993-03-01,836.3199999999999
NN3-027,1990-01-01,836.3199999999999
NN3-027,1990-02-01,14427.400000000007
NN3-027,1990-03-01,14427.400000000007
NN3-027,1990-04-01,836.3199999999999
NN3-027,1990-05-01,14427.400000000007
NN3-027,1990-06-01,14427.400000000007
NN3-027,1990-07-01,14427.400000000007
NN3-027,1990-08-01,14427.400000000007
NN3-027,1990-09-01,14427.400000000007
NN3-027,1990-10-01,836.3199999999999
NN3-027,1990-11-01,836.3199999999999
NN3-027,1990-12-01,14427.400000000007
NN3-027,1991-01-01,836.3199999999999
NN3-027,1991-02-01,836.3199999999999
NN3-027,1991-03-01,836.3199999999999
NN3-027,1991-04-01,14427.400000000007
NN3-027,1991-05-01,14427.400000000007
NN3-027,1991-06-01,14427.400000000007
NN3-027,1991-07-01,14427.400000000007
NN3-027,1991-08-01,836.3199999999999
NN3-027,1991-09-01,836.3199999999999
NN3-027,1991-10-01,836.3199999999999
NN3-027,1991-11-01,836.3199999999999
NN3-027,1991-12-01,14427.400000000007
NN3-027,1992-01-01,14427.400000000007
NN3-027,1992-02-01,836.3199999999999
NN3-027,1992-03-01,836.3199999999999
NN3-027,1992-04-01,14427.400000000007
NN3-027,1992-05-01,836.3199999999999
NN3-027,1992-06-01,836.3199999999999
NN3-027,1992-07-01,836.3199999999999
NN3-027,1992-08-01,836.3199999999999
NN3-027,1992-09-01,14427.400000000007
NN3-027,1992-10-01,14427.400000000007
NN3-027,1992-11-01,14427.400000000007
NN3-027,1992-12-01,14427.400000000007
NN3-027,1993-01-01,14427.400000000007
NN3-027,1993-02-01,836.3199999999999
NN3-027,1993-03-01,836.3199999999999
NN3-028,1990-01-01,14427.400000000007
NN3-028,1990-02-01,836.3199999999999
NN3-028,1990-03-01,14427.400000000007
NN3-028,1990-04-01,836.3199999999999
NN3-028,1990-05-01,836.3199999999999
NN3-028,1990-06-01,836.3199999999999
NN3-028,1990-07-01,14427.400000000007
NN3-028,1990-08-01,14427.400000000007
NN3-028,1990-09-01,836.3199999999999
NN3-028,1990-10-01,14427.400000000007
NN3-028,1990-11-01,14427.400000000007
NN3-028,1990-12-01,836.3199999999999
NN3-028,1991-01-01,14427.400000000007
NN3-028,1991-02-01,836.3199999999999
NN3-028,1991-03-01,836.3199999999999
NN3-028,1991-04-01,836.3199999999999
NN3-028,1991-05-01,836.3199999999999
NN3-028,1991-06-01,14427.400000000007
NN3-028,1991-07-01,836.3199999999999
NN3-028,1991-08-01,836.3199999999999
NN3-028,1991-09-01,836.3199999999999
NN3-028,1991-10-01,836.3199999999999
NN3-028,1991-11-01,14427.400000000007
NN3-028,1991-12-01,14427.400000000007
NN3-028,1992-01-01,14427.400000000007
NN3-028,1992-02-01,14427.400000000007
NN3-028,1992-03-01,836.3199999999999
NN3-028,1992-04-01,14427.400000000007
NN3-028,1992-05-01,836.3199999999999
NN3-028,1992-06-01,14427.400000000007
NN3-028,1992-07-01,836.3199999999999
NN3-028,1992-08-01,836.3199999999999
NN3-028,1992-09-01,14427.400000000007
NN3-028,1992-10-01,836.3199999999999
NN3-028,1992-11-01,836.3199999999999
NN3-028,1992-12-01,836.3199999999999
NN3-028,1993-01-01,14427.400000000007
NN3-028,1993-02-01,14427.400000000007
NN3-028,1993-03-01,836.3199999999999
NN3-029,1990-01-01,836.3199999999999
NN3-029,1990-02-01,14427.400000000007
NN3-029,1990-03-01,836.3199999999999
NN3-029,1990-04-01,836.3199999999999
NN3-029,1990-05-01,836.3199999999999
NN3-029,1990-06-01,836.3199999999999
NN3-029,1990-07-01,14427.400000000007
NN3-029,1990-08-01,14427.400000000007
NN3-029,1990-09-01,14427.400000000007
NN3-029,1990-10-01,14427.400000000007
NN3-029,1990-11-01,836.3199999999999
NN3-029,1990-12-01,14427.400000000007
NN3-029,1991-01-01,836.3199999999999
NN3-029,1991-02-01,14427.400000000007
NN3-029,1991-03-01,836.3199999999999
NN3-029,1991-04-01,836.3199999999999
NN3-029,1991-05-01,14427.400000000007
NN3-029,1991-06-01,836.3199999999999
NN3-029,1991-07-01,836.3199999999999
NN3-029,1991-08-01,14427.400000000007
NN3-029,1991-09-01,14427.400000000007
NN3-029,1991-10-01,14427.400000000007
NN3-029,1991-11-01,836.3199999999999
NN3-029,1991-12-01,14427.400000000007
NN3-029,1992-01-01,14427.400000000007
NN3-029,1992-02-01,836.3199999999999
NN3-029,1992-03-01,14427.400000000007
NN3-029,1992-04-01,836.3199999999999
NN3-029,1992-05-01,14427.400000000007
NN3-029,1992-06-01,836.3199999999999
NN3-029,1992-07-01,14427.400000000007
NN3-029,1992-08-01,836.3199999999999
NN3-029,1992-09-01,836.3199999999999
NN3-029,1992-10-01,14427.400000000007
NN3-029,1992-11-01,836.3199999999999
NN3-029,1992-12-01,14427.400000000007
NN3-029,1993-01-01,836.3199999999999
NN3-029,1993-02-01,14427.400000000007
NN3-029,1993-03-01,14427.400000000007
NN3-030,1990-01-01,14427.400000000007
NN3-030,1990-02-01,14427.400000000007
NN3-030,1990-03-01,14427.400000000007
NN3-030,1990-04-01,836.3199999999999
NN3-030,1990-05-01,836.3199999999999
NN3-030,1990-06-01,14427.400000000007
NN3-030,1990-07-01,836.3199999999999
NN3-030,1990-08-01,14427.400000000007
NN3-030,1990-09-01,836.3199999999999
NN3-030,1990-10-01,836.3199999999999
NN3-030,1990-11-01,836.3199999999999
NN3-030,1990-12-01,14427.400000000007
NN3-030,1991-01-01,836.3199999999999
NN3-030,1991-02-01,14427.400000000007
NN3-030,1991-03-01,836.3199999999999
NN3-030,1991-04-01,14427.400000000007
NN3-030,1991-05-01,836.3199999999999
NN3-030,1991-06-01,836.3199999999999
NN3-030,1991-07-01,836.3199999999999
NN3-030,1991-08-01,836.3199999999999
NN3-030,1991-09-01,836.3199999999999
NN3-030,1991-10-01,14427.400000000007
NN3-030,1991-11-01,836.3199999999999
NN3-030,1991-12-01,14427.400000000007
NN3-030,1992-01-01,14427.400000000007
NN3-030,1992-02-01,14427.400000000007
NN3-030,1992-03-01,14427.400000000007
NN3-030,1992-04-01,836.3199999999999
NN3-030,1992-05-01,836.3199999999999
NN3-030,1992-06-01,836.3199999999999
NN3-030,1992-07-01,836.3199999999999
NN3-030,1992-08-01,14427.400000000007
NN3-030,1992-09-01,14427.400000000007
NN3-030,1992-10-01,14427.400000000007
NN3-030,1992-11-01,836.3199999999999
NN3-030,1992-12-01,836.3199999999999
NN3-030,1993-01-01,14427.400000000007
NN3-030,1993-02-01,836.3199999999999
NN3-030,1993-03-01,14427.400000000007
NN3-031,1990-01-01,14427.400000000007
NN3-031,1990-02-01,836.3199999999999
NN3-031,1990-03-01,14427.400000000007
NN3-031,1990-04-01,14427.400000000007
NN3-031,1990-05-01,836.3199999999999
NN3-031,1990-06-01,14427.400000000007
NN3-031,1990-07-01,836.3199999999999
NN3-031,1990-08-01,14427.400000000007
NN3-031,1990-09-01,836.3199999999999
NN3-031,1990-10-01,14427.400000000007
NN3-031,1990-11-01,836.3199999999999
NN3-031,1990-12-01,14427.400000000007
NN3-031,1991-01-01,14427.400000000007
NN3-031,1991-02-01,836.3199999999999
NN3-031,1991-03-01,836.3199999999999
NN3-031,1991-04-01,836.3199999999999
NN3-031,1991-05-01,836.3199999999999
NN3-031,1991-06-01,836.3199999999999
NN3-031,1991-07-01,836.3199999999999
NN3-031,1991-08-01,14427.400000000007
NN3-031,1991-09-01,14427.400000000007
NN3-031,1991-10-01,836.3199999999999
NN3-031,1991-11-01,14427.400000000007
NN3-031,1991-12-01,14427.400000000007
NN3-031,1992-01-01,836.3199999999999
NN3-031,1992-02-01,836.3199999999999
NN3-031,1992-03-01,14427.400000000007
NN3-031,1992-04-01,836.3199999999999
NN3-031,1992-05-01,14427.400000000007
NN3-031,1992-06-01,836.3199999999999
NN3-031,1992-07-01,836.3199999999999
NN3-031,1992-08-01,836.3199999999999
NN3-031,1992-09-01,14427.400000000007
NN3-031,1992-10-01,14427.400000000007
NN3-031,1992-11-01,836.3199999999999
NN3-031,1992-12-01,836.3199999999999
NN3-031,1993-01-01,836.3199999999999
NN3-031,1993-02-01,14427.400000000007
NN3-032,1990-01-01,836.3199999999999
NN3-032,1990-02-01,836.3199999999999
NN3-032,1990-03-01,836.3199999999999
NN3-032,1990-04-01,14427.400000000007
NN3-032,1990-05-01,836.3199999999999
NN3-032,1990-06-01,14427.400000000007
NN3-032,1990-07-01,836.3199999999999
NN3-032,1990-08-01,14427.400000000007
NN3-032,1990-09-01,836.3199999999999
NN3-032,1990-10-01,836.3199999999999
NN3-032,1990-11-01,14427.400000000007
NN3-032,1990-12-01,14427.400000000007
NN3-032,1991-01-01,14427.400000000007
NN3-032,1991-02-01,836.3199999999999
NN3-032,1991-03-01,14427.400000000007
NN3-032,1991-04-01,14427.400000000007
NN3-032,1991-05-01,14427.400000000007
NN3-032,1991-06-01,836.3199999999999
NN3-032,1991-07-01,836.3199999999999
NN3-032,1991-08-01,836.3199999999999
NN3-032,1991-09-01,836.3199999999999
NN3-032,1991-10-01,836.3199999999999
NN3-032,1991-11-01,14427.400000000007
NN3-032,1991-12-01,836.3199999999999
NN3-032,1992-01-01,836.3199999999999
NN3-032,1992-02-01,14427.400000000007
NN3-032,1992-03-01,14427.400000000007
NN3-032,1992-04-01,14427.400000000007
NN3-032,1992-05-01,836.3199999999999
NN3-032,1992-06-01,836.3199999999999
NN3-032,1992-07-01,836.3199999999999
NN3-032,1992-08-01,14427.400000000007
NN3-032,1992-09-01,836.3199999999999
NN3-032,1992-10-01,14427.400000000007
NN3-032,1992-11-01,14427.400000000007
NN3-032,1992-12-01,14427.400000000007
NN3-032,1993-01-01,14427.400000000007
NN3-032,1993-02-01,836.3199999999999
NN3-032,1993-03-01,14427.400000000007
NN3-033,1990-01-01,14427.400000000007
NN3-033,1990-02-01,14427.400000000007
NN3-033,1990-03-01,836.3199999999999
NN3-033,1990-04-01,836.3199999999999
NN3-033,1990-05-01,14427.400000000007
NN3-033,1990-06-01,836.3199999999999
NN3-033,1990-07-01,14427.400000000007
NN3-033,1990-08-01,836.3199999999999
NN3-033,1990-09-01,14427.400000000007
NN3-033,1990-10-01,836.3199999999999
NN3-033,1990-11-01,836.3199999999999
NN3-033,1990-12-01,14427.400000000007
NN3-033,1991-01-01,14427.400000000007
NN3-033,1991-02-01,836.3199999999999
NN3-033,1991-03-01,836.3199999999999
NN3-033,1991-04-01,14427.400000000007
NN3-033,1991-05-01,14427.400000000007
NN3-033,1991-06-01,14427.400000000007
NN3-033,1991-07-01,836.3199999999999
NN3-033,1991-08-01,14427.400000000007
NN3-033,1991-09-01,14427.400000000007
NN3-033,1991-10-01,836.3199999999999
NN3-033,1991-11-01,836.3199999999999
NN3-033,1991-12-01,14427.400000000007
NN3-033,1992-01-01,14427.400000000007
NN3-033,1992-02-01,836.3199999999999
NN3-033,1992-03-01,14427.400000000007
NN3-033,1992-04-01,14427.400000000007
NN3-033,1992-05-01,836.3199999999999
NN3-033,1992-06-01,836.3199999999999
NN3-033,1992-07-01,14427.400000000007
NN3-033,1992-08-01,836.3199999999999
NN3-033,1992-09-01,836.3199999999999
NN3-033,1992-10-01,836.3199999999999
NN3-033,1992-11-01,836.3199999999999
NN3-033,1992-12-01,836.3199999999999
NN3-033,1993-01-01,14427.400000000007
NN3-033,1993-02-01,14427.400000000007
NN3-033,1993-03-01,836.3199999999999
NN3-034,1990-01-01,836.3199999999999
NN3-034,1990-02-01,14427.400000000007
NN3-034,1990-03-01,836.3199999999999
NN3-034,1990-04-01,14427.400000000007
NN3-034,1990-05-01,836.3199999999999
NN3-034,1990-06-01,14427.400000000007
NN3-034,1990-07-01,14427.400000000007
NN3-034,1990-08-01,14427.400000000007
NN3-034,1990-09-01,14427.400000000007
NN3-034,1990-10-01,836.3199999999999
NN3-034,1990-11-01,836.3199999999999
NN3-034,1990-12-01,14427.400000000007
NN3-034,1991-01-01,836.3199999999999
NN3-034,1991-02-01,14427.400000000007
NN3-034,1991-03-01,836.3199999999999
NN3-034,1991-04-01,14427.400000000007
NN3-034,1991-05-01,836.3199999999999
NN3-034,1991-06-01,836.3199999999999
NN3-034,1991-07-01,14427.400000000007
NN3-034,1991-08-01,14427.400000000007
NN3-034,1991-09-01,836.3199999999999
NN3-034,1991-10-01,14427.400000000007
NN3-034,1991-11-01,836.3199999999999
NN3-034,1991-12-01,836.3199999999999
NN3-034,1992-01-01,836.3199999999999
NN3-034,1992-02-01,14427.400000000007
NN3-034,1992-03-01,14427.400000000007
NN3-034,1992-04-01,14427.400000000007
NN3-034,1992-05-01,14427.400000000007
NN3-034,1992-06-01,14427.400000000007
NN3-034,1992-07-01,14427.400000000007
NN3-034,1992-08-01,14427.400000000007
NN3-034,1992-09-01,14427.400000000007
NN3-034,1992-10-01,836.3199999999999
NN3-034,1992-11-01,836.3199999999999
NN3-034,1992-12-01,14427.400000000007
NN3-034,1993-01-01,14427.400000000007
NN3-034,1993-02-01,836.3199999999999
NN3-034,1993-03-01,836.3199999999999
NN3-035,1990-01-01,14427.400000000007
NN3-035,1990-02-01,836.3199999999999
NN3-035,1990-03-01,14427.400000000007
NN3-035,1990-04-01,14427.400000000007
NN3-035,1990-05-01,14427.400000000007
NN3-035,1990-06-01,14427.400000000007
NN3-035,1990-07-01,14427.400000000007
NN3-035,1990-08-01,836.3199999999999
NN3-035,1990-09-01,836.3199999999999
NN3-035,1990-10-01,836.3199999999999
NN3-035,1990-11-01,836.3199999999999
NN3-035,1990-12-01,14427.400000000007
NN3-035,1991-01-01,14427.400000000007
NN3-035,1991-02-01,836.3199999999999
NN3-035,1991-03-01,14427.400000000007
NN3-035,1991-04-01,836.3199999999999
NN3-035,1991-05-01,14427.400000000007
NN3-035,1991-06-01,836.3199999999999
NN3-035,1991-07-01,14427.400000000007
NN3-035,1991-08-01,14427.400000000007
NN3-035,1991-09-01,836.3199999999999
NN3-035,1991-10-01,836.3199999999999
NN3-035,1991-11-01,14427.400000000007
NN3-035,1991-12-01,836.3199999999999
NN3-035,1992-01-01,14427.400000000007
NN3-035,1992-02-01,14427.400000000007
NN3-035,1992-03-01,14427.400000000007
NN3-035,1992-04-01,14427.400000000007
NN3-035,1992-05-01,836.3199999999999
NN3-035,1992-06-01,14427.400000000007
NN3-035,1992-07-01,836.3199999999999
NN3-035,1992-08-01,14427.400000000007
NN3-035,1992-09-01,14427.400000000007
NN3-035,1992-10-01,836.3199999999999
NN3-035,1992-11-01,14427.400000000007
NN3-035,1992-12-01,836.3199999999999
NN3-035,1993-01-01,14427.400000000007
NN3-035,1993-02-01,14427.400000000007
NN3-035,1993-03-01,14427.400000000007
NN3-036,1990-01-01,836.3199999999999
NN3-036,1990-02-01,836.3199999999999
NN3-036,1990-03-01,836.3199999999999
NN3-036,1990-04-01,836.3199999999999
NN3-036,1990-05-01,836.3199999999999
NN3-036,1990-06-01,836.3199999999999
NN3-036,1990-07-01,14427.400000000007
NN3-036,1990-08-01,836.3199999999999
NN3-036,1990-09-01,14427.400000000007
NN3-036,1990-10-01,836.3199999999999
NN3-036,1990-11-01,14427.400000000007
NN3-036,1990-12-01,14427.400000000007
NN3-036,1991-01-01,836.3199999999999
NN3-036,1991-02-01,14427.400000000007
NN3-036,1991-03-01,836.3199999999999
NN3-036,1991-04-01,14427.400000000007
NN3-036,1991-05-01,14427.400000000007
NN3-036,1991-06-01,14427.400000000007
NN3-036,1991-07-01,14427.400000000007
NN3-036,1991-08-01,14427.400000000007
NN3-036,1991-09-01,14427.400000000007
NN3-036,1991-10-01,14427.400000000007
NN3-036,1991-11-01,14427.400000000007
NN3-036,1991-12-01,836.3199999999999
NN3-036,1992-01-01,836.3199999999999
NN3-036,1992-02-01,836.3199999999999
NN3-036,1992-03-01,14427.400000000007
NN3-036,1992-04-01,836.3199999999999
NN3-036,1992-05-01,14427.400000000007
NN3-036,1992-06-01,836.3199999999999
NN3-036,1992-07-01,14427.400000000007
NN3-036,1992-08-01,836.3199999999999
NN3-036,1992-09-01,14427.400000000007
NN3-036,1992-10-01,14427.400000000007
NN3-036,1992-11-01,836.3199999999999
NN3-036,1992-12-01,14427.400000000007
NN3-036,1993-01-01,14427.400000000007
NN3-036,1993-02-01,836.3199999999999
NN3-036,1993-03-01,14427.400000000007
NN3-037,1990-01-01,836.3199999999999
NN3-037,1990-02-01,14427.400000000007
NN3-037,1990-03-01,836.3199999999999
NN3-037,1990-04-01,14427.400000000007
NN3-037,1990-05-01,836.3199999999999
NN3-037,1990-06-01,836.3199999999999
NN3-037,1990-07-01,836.3199999999999
NN3-037,1990-08-01,836.3199999999999
NN3-037,1990-09-01,836.3199999999999
NN3-037,1990-10-01,836.3199999999999
NN3-037,1990-11-01,14427.400000000007
NN3-037,1990-12-01,14427.400000000007
NN3-037,1991-01-01,14427.400000000007
NN3-037,1991-02-01,836.3199999999999
NN3-037,1991-03-01,14427.400000000007
NN3-037,1991-04-01,14427.400000000007
NN3-037,1991-05-01,14427.400000000007
NN3-037,1991-06-01,14427.400000000007
NN3-037,1991-07-01,14427.400000000007
NN3-037,1991-08-01,14427.400000000007
NN3-037,1991-09-01,836.3199999999999
NN3-037,1991-10-01,836.3199999999999
NN3-037,1991-11-01,836.3199999999999
NN3-037,1991-12-01,836.3199999999999
NN3-037,1992-01-01,836.3199999999999
NN3-037,1992-02-01,836.3199999999999
NN3-037,1992-03-01,836.3199999999999
NN3-037,1992-04-01,836.3199999999999
NN3-037,1992-05-01,836.3199999999999
NN3-037,1992-06-01,14427.400000000007
NN3-037,1992-07-01,14427.400000000007
NN3-037,1992-08-01,14427.400000000007
NN3-037,1992-09-01,14427.400000000007
NN3-037,1992-10-01,14427.400000000007
NN3-037,1992-11-01,14427.400000000007
NN3-037,1992-12-01,14427.400000000007
NN3-037,1993-01-01,14427.400000000007
NN3-037,1993-02-01,14427.400000000007
NN3-037,1993-03-01,14427.400000000007
NN3-038,1990-01-01,14427.400000000007
NN3-038,1990-02-01,836.3199999999999
NN3-038,1990-03-01,836.3199999999999
NN3-038,1990-04-01,14427.400000000007
NN3-038,1990-05-01,14427.400000000007
NN3-038,1990-06-01,836.3199999999999
NN3-038,1990-07-01,836.3199999999999
NN3-038,1990-08-01,14427.400000000007
NN3-038,1990-09-01,14427.400000000007
NN3-038,1990-10-01,836.3199999999999
NN3-038,1990-11-01,836.3199999999999
NN3-038,1990-12-01,836.3199999999999
NN3-038,1991-01-01,14427.400000000007
NN3-038,1991-02-01,836.3199999999999
NN3-038,1991-03-01,836.3199999999999
NN3-038,1991-04-01,836.3199999999999
NN3-038,1991-05-01,14427.400000000007
NN3-038,1991-06-01,14427.400000000007
NN3-038,1991-07-01,836.3199999999999
NN3-038,1991-08-01,836.3199999999999
NN3-038,1991-09-01,14427.400000000007
NN3-038,1991-10-01,14427.400000000007
NN3-038,1991-11-01,836.3199999999999
NN3-038,1991-12-01,836.3199999999999
NN3-038,1992-01-01,14427.400000000007
NN3-038,1992-02-01,14427.400000000007
NN3-038,1992-03-01,14427.400000000007
NN3-038,1992-04-01,836.3199999999999
NN3-038,1992-05-01,836.3199999999999
NN3-038,1992-06-01,14427.400000000007
NN3-038,1992-07-01,14427.400000000007
NN3-038,1992-08-01,836.3199999999999
NN3-038,1992-09-01,836.3199999999999
NN3-038,1992-10-01,14427.400000000007
NN3-038,1992-11-01,14427.400000000007
NN3-038,1992-12-01,14427.400000000007
NN3-038,1993-01-01,836.3199999999999
NN3-038,1993-02-01,14427.400000000007
NN3-038,1993-03-01,14427.400000000007
NN3-039,1990-01-01,836.3199999999999
NN3-039,1990-02-01,836.3199999999999
NN3-039,1990-03-01,14427.400000000007
NN3-039,1990-04-01,14427.400000000007
NN3-039,1990-05-01,14427.400000000007
NN3-039,1990-06-01,836.3199999999999
NN3-039,1990-07-01,14427.400000000007
NN3-039,1990-08-01,14427.400000000007
NN3-039,1990-09-01,14427.400000000007
NN3-039,1990-10-01,836.3199999999999
NN3-039,1990-11-01,836.3199999999999
NN3-039,1990-12-01,14427.400000000007
NN3-039,1991-01-01,14427.400000000007
NN3-039,1991-02-01,14427.400000000007
NN3-039,1991-03-01,836.3199999999999
NN3-039,1991-04-01,836.3199999999999
NN3-039,1991-05-01,14427.400000000007
NN3-039,1991-06-01,14427.400000000007
NN3-039,1991-07-01,836.3199999999999
NN3-039,1991-08-01,836.3199999999999
NN3-039,1991-09-01,836.3199999999999
NN3-039,1991-10-01,836.3199999999999
NN3-039,1991-11-01,836.3199999999999
NN3-039,1991-12-01,14427.400000000007
NN3-039,1992-01-01,836.3199999999999
NN3-039,1992-02-01,836.3199999999999
NN3-039,1992-03-01,14427.400000000007
NN3-039,1992-04-01,14427.400000000007
NN3-039,1992-05-01,14427.400000000007
NN3-039,1992-06-01,836.3199999999999
NN3-039,1992-07-01,836.3199999999999
NN3-039,1992-08-01,836.3199999999999
NN3-039,1992-09-01,14427.400000000007
NN3-039,1992-10-01,836.3199999999999
NN3-039,1992-11-01,836.3199999999999
NN3-039,1992-12-01,836.3199999999999
NN3-039,1993-01-01,14427.400000000007
NN3-039,1993-02-01,836.3199999999999
NN3-039,1993-03-01,836.3199999999999
NN3-040,1990-01-01,14427.400000000007
NN3-040,1990-02-01,836.3199999999999
NN3-040,1990-03-01,836.3199999999999
NN3-040,1990-04-01,836.3199999999999
NN3-040,1990-05-01,14427.400000000007
NN3-040,1990-06-01,14427.400000000007
NN3-040,1990-07-01,14427.400000000007
NN3-040,1990-08-01,14427.400000000007
NN3-040,1990-09-01,14427.400000000007
NN3-040,1990-10-01,836.3199999999999
NN3-040,1990-11-01,836.3199999999999
NN3-040,1990-12-01,14427.400000000007
NN3-040,1991-01-01,836.3199999999999
NN3-040,1991-02-01,836.3199999999999
NN3-040,1991-03-01,14427.400000000007
NN3-040,1991-04-01,14427.400000000007
NN3-040,1991-05-01,14427.400000000007
NN3-040,1991-06-01,14427.400000000007
NN3-040,1991-07-01,14427.400000000007
NN3-040,1991-08-01,836.3199999999999
NN3-040,1991-09-01,14427.400000000007
NN3-040,1991-10-01,836.3199999999999
NN3-040,1991-11-01,836.3199999999999
NN3-040,1991-12-01,836.3199999999999
NN3-040,1992-01-01,836.3199999999999
NN3-040,1992-02-01,14427.400000000007
NN3-040,1992-03-01,836.3199999999999
NN3-040,1992-04-01,14427.400000000007
NN3-040,1992-05-01,14427.400000000007
NN3-040,1992-06-01,14427.400000000007
NN3-040,1992-07-01,836.3199999999999
NN3-040,1992-08-01,14427.400000000007
NN3-040,1992-09-01,14427.400000000007
NN3-040,1992-10-01,836.3199999999999
NN3-040,1992-11-01,836.3199999999999
NN3-040,1992-12-01,14427.400000000007
NN3-040,1993-01-01,14427.400000000007
NN3-040,1993-02-01,836.3199999999999
NN3-040,1993-03-01,14427.400000000007
NN3-041,1990-01-01,14427.400000000007
NN3-041,1990-02-01,836.3199999999999
NN3-041,1990-03-01,14427.400000000007
NN3-041,1990-04-01,836.3199999999999
NN3-041,1990-05-01,14427.400000000007
NN3-041,1990-06-01,14427.400000000007
NN3-041,1990-07-01,14427.400000000007
NN3-041,1990-08-01,836.3199999999999
NN3-041,1990-09-01,14427.400000000007
NN3-041,1990-10-01,836.3199999999999
NN3-041,1990-11-01,14427.400000000007
NN3-041,1990-12-01,836.3199999999999
NN3-041,1991-01-01,836.3199999999999
NN3-041,1991-02-01,836.3199999999999
NN3-041,1991-03-01,14427.400000000007
NN3-041,1991-04-01,836.3199999999999
NN3-041,1991-05-01,14427.400000000007
NN3-041,1991-06-01,14427.400000000007
NN3-041,1991-07-01,14427.400000000007
NN3-041,1991-08-01,14427.400000000007
NN3-041,1991-09-01,836.3199999999999
NN3-041,1991-10-01,836.3199999999999
NN3-041,1991-11-01,14427.400000000007
NN3-041,1991-12-01,14427.400000000007
NN3-041,1992-01-01,14427.400000000007
NN3-041,1992-02-01,14427.400000000007
NN3-041,1992-03-01,836.3199999999999
NN3-041,1992-04-01,14427.400000000007
NN3-041,1992-05-01,836.3199999999999
NN3-041,1992-06-01,14427.400000000007
NN3-041,1992-07-01,836.3199999999999
NN3-041,1992-08-01,14427.400000000007
NN3-041,1992-09-01,836.3199999999999
NN3-041,1992-10-01,836.3199999999999
NN3-041,1992-11-01,836.3199999999999
NN3-041,1992-12-01,14427.400000000007
NN3-041,1993-01-01,14427.400000000007
NN3-041,1993-02-01,836.3199999999999
NN3-041,1993-03-01,836.3199999999999
NN3-042,1990-01-01,14427.400000000007
NN3-042,1990-02-01,14427.400000000007
NN3-042,1990-03-01,14427.400000000007
NN3-042,1990-04-01,836.3199999999999
NN3-042,1990-05-01,836.3199999999999
NN3-042,1990-06-01,14427.400000000007
NN3-042,1990-07-01,14427.400000000007
NN3-042,1990-08-01,14427.400000000007
NN3-042,1990-09-01,836.3199999999999
NN3-042,1990-10-01,14427.400000000007
NN3-042,1990-11-01,14427.400000000007
NN3-042,1990-12-01,836.3199999999999
NN3-042,1991-01-01,14427.400000000007
NN3-042,1991-02-01,14427.400000000007
NN3-042,1991-03-01,14427.400000000007
NN3-042,1991-04-01,14427.400000000007
NN3-042,1991-05-01,14427.400000000007
NN3-042,1991-06-01,836.3199999999999
NN3-042,1991-07-01,14427.400000000007
NN3-042,1991-08-01,836.3199999999999
NN3-042,1991-09-01,836.3199999999999
NN3-042,1991-10-01,836.3199999999999
NN3-042,1991-11-01,14427.400000000007
NN3-042,1991-12-01,836.3199999999999
NN3-042,1992-01-01,14427.400000000007
NN3-042,1992-02-01,14427.400000000007
NN3-042,1992-03-01,836.3199999999999
NN3-042,1992-04-01,14427.400000000007
NN3-042,1992-05-01,836.3199999999999
NN3-042,1992-06-01,14427.400000000007
NN3-042,1992-07-01,836.3199999999999
NN3-042,1992-08-01,14427.400000000007
NN3-042,1992-09-01,836.3199999999999
NN3-042,1992-10-01,14427.400000000007
NN3-042,1992-11-01,836.3199999999999
NN3-042,1992-12-01,836.3199999999999
NN3-042,1993-01-01,836.3199999999999
NN3-042,1993-02-01,14427.400000000007
NN3-042,1993-03-01,836.3199999999999
NN3-043,1990-01-01,13133.936210217782
NN3-043,1990-02-01,14427.400000000007
NN3-043,1990-03-01,14427.400000000007
NN3-043,1990-04-01,14427.400000000007
NN3-043,1990-05-01,836.3199999999999
NN3-043,1990-06-01,836.3199999999999
NN3-043,1990-07-01,836.3199999999999
NN3-043,1990-08-01,836.3199999999999
NN3-043,1990-09-01,836.3199999999999
NN3-043,1990-10-01,14427.400000000007
NN3-043,1990-11-01,836.3199999999999
NN3-043,1990-12-01,14427.400000000007
NN3-043,1991-01-01,14427.400000000007
NN3-043,1991-02-01,836.3199999999999
NN3-043,1991-03-01,836.3199999999999
NN3-043,1991-04-01,836.3199999999999
NN3-043,1991-05-01,14427.400000000007
NN3-043,1991-06-01,836.3199999999999
NN3-043,1991-07-01,836.3199999999999
NN3-043,1991-08-01,836.3199999999999
NN3-043,1991-09-01,836.3199999999999
NN3-043,1991-10-01,14427.400000000007
NN3-043,1991-11-01,14427.400000000007
NN3-043,1991-12-01,836.3199999999999
NN3-043,1992-01-01,14427.400000000007
NN3-043,1992-02-01,836.3199999999999
NN3-043,1992-03-01,836.3199999999999
NN3-043,1992-04-01,14427.400000000007
NN3-043,1992-05-01,836.3199999999999
NN3-043,1992-06-01,14427.400000000007
NN3-043,1992-07-01,836.3199999999999
NN3-043,1992-08-01,836.3199999999999
NN3-043,1992-09-01,836.3199999999999
NN3-043,1992-10-01,836.3199999999999
NN3-043,1992-11-01,14427.400000000007
NN3-043,1992-12-01,836.3199999999999
NN3-043,1993-01-01,836.3199999999999
NN3-043,1993-02-01,14427.400000000007
NN3-043,1993-03-01,14427.400000000007
NN3-044,1990-01-01,836.3199999999999
NN3-044,1990-02-01,836.3199999999999
NN3-044,1990-03-01,14427.400000000007
NN3-044,1990-04-01,14427.400000000007
NN3-044,1990-05-01,836.3199999999999
NN3-044,1990-06-01,14427.400000000007
NN3-044,1990-07-01,836.3199999999999
NN3-044,1990-08-01,14427.400000000007
NN3-044,1990-09-01,836.3199999999999
NN3-044,1990-10-01,14427.400000000007
NN3-044,1990-11-01,836.3199999999999
NN3-044,1990-12-01,14427.400000000007
NN3-044,1991-01-01,14427.400000000007
NN3-044,1991-02-01,836.3199999999999
NN3-044,1991-03-01,836.3199999999999
NN3-044,1991-04-01,836.3199999999999
NN3-044,1991-05-01,14427.400000000007
NN3-044,1991-06-01,836.3199999999999
NN3-044,1991-07-01,14427.400000000007
NN3-044,1991-08-01,14427.400000000007
NN3-044,1991-09-01,14427.400000000007
NN3-044,1991-10-01,836.3199999999999
NN3-044,1991-11-01,836.3199999999999
NN3-044,1991-12-01,836.3199999999999
NN3-044,1992-01-01,836.3199999999999
NN3-044,1992-02-01,14427.400000000007
NN3-044,1992-03-01,836.3199999999999
NN3-044,1992-04-01,836.3199999999999
NN3-044,1992-05-01,14427.400000000007
NN3-044,1992-06-01,836.3199999999999
NN3-044,1992-07-01,14427.400000000007
NN3-044,1992-08-01,14427.400000000007
NN3-044,1992-09-01,14427.400000000007
NN3-044,1992-10-01,14427.400000000007
NN3-044,1992-11-01,14427.400000000007
NN3-044,1992-12-01,14427.400000000007
NN3-044,1993-01-01,14427.400000000007
NN3-044,1993-02-01,836.3199999999999
NN3-044,1993-03-01,14427.400000000007
NN3-045,1990-01-01,14427.400000000007
NN3-045,1990-02-01,836.3199999999999
NN3-045,1990-03-01,14427.400000000007
NN3-045,1990-04-01,836.3199999999999
NN3-045,1990-05-01,14427.400000000007
NN3-045,1990-06-01,14427.400000000007
NN3-045,1990-07-01,836.3199999999999
NN3-045,1990-08-01,14427.400000000007
NN3-045,1990-09-01,836.3199999999999
NN3-045,1990-10-01,836.3199999999999
NN3-045,1990-11-01,14427.400000000007
NN3-045,1990-12-01,836.3199999999999
NN3-045,1991-01-01,14427.400000000007
NN3-045,1991-02-01,14427.400000000007
NN3-045,1991-03-01,836.3199999999999
NN3-045,1991-04-01,836.3199999999999
NN3-045,1991-05-01,14427.400000000007
NN3-045,1991-06-01,14427.400000000007
NN3-045,1991-07-01,14427.400000000007
NN3-045,1991-08-01,14427.400000000007
NN3-045,1991-09-01,14427.400000000007
NN3-045,1991-10-01,836.3199999999999
NN3-045,1991-11-01,14427.400000000007
NN3-045,1991-12-01,836.3199999999999
NN3-045,1992-01-01,836.3199999999999
NN3-045,1992-02-01,836.3199999999999
NN3-045,1992-03-01,836.3199999999999
NN3-045,1992-04-01,836.3199999999999
NN3-045,1992-05-01,836.3199999999999
NN3-045,1992-06-01,14427.400000000007
NN3-045,1992-07-01,836.3199999999999
NN3-045,1992-08-01,14427.400000000007
NN3-045,1992-09-01,14427.400000000007
NN3-045,1992-10-01,14427.400000000007
NN3-045,1992-11-01,836.3199999999999
NN3-045,1992-12-01,14427.400000000007
NN3-045,1993-01-01,14427.400000000007
NN3-045,1993-02-01,836.3199999999999
NN3-045,1993-03-01,836.3199999999999
NN3-046,1990-01-01,14427.400000000007
NN3-046,1990-02-01,836.3199999999999
NN3-046,1990-03-01,14427.400000000007
NN3-046,1990-04-01,836.3199999999999
NN3-046,1990-05-01,14427.400000000007
NN3-046,1990-06-01,14427.400000000007
NN3-046,1990-07-01,836.3199999999999
NN3-046,1990-08-01,836.3199999999999
NN3-046,1990-09-01,14427.400000000007
NN3-046,1990-10-01,14427.400000000007
NN3-046,1990-11-01,14427.400000000007
NN3-046,1990-12-01,836.3199999999999
NN3-046,1991-01-01,836.3199999999999
NN3-046,1991-02-01,14427.400000000007
NN3-046,1991-03-01,836.3199999999999
NN3-046,1991-04-01,14427.400000000007
NN3-046,1991-05-01,14427.400000000007
NN3-046,1991-06-01,836.3199999999999
NN3-046,1991-07-01,836.3199999999999
NN3-046,1991-08-01,14427.400000000007
NN3-046,1991-09-01,14427.400000000007
NN3-046,1991-10-01,14427.400000000007
NN3-046,1991-11-01,14427.400000000007
NN3-046,1991-12-01,14427.400000000007
NN3-046,1992-01-01,14427.400000000007
NN3-046,1992-02-01,836.3199999999999
NN3-046,1992-03-01,836.3199999999999
NN3-046,1992-04-01,14427.400000000007
NN3-046,1992-05-01,836.3199999999999
NN3-046,1992-06-01,836.3199999999999
NN3-046,1992-07-01,14427.400000000007
NN3-046,1992-08-01,836.3199999999999
NN3-046,1992-09-01,14427.400000000007
NN3-046,1992-10-01,14427.400000000007
NN3-046,1992-11-01,836.3199999999999
NN3-046,1992-12-01,14427.400000000007
NN3-046,1993-01-01,836.3199999999999
NN3-046,1993-02-01,836.3199999999999
NN3-046,1993-03-01,14427.400000000007
NN3-047,1990-01-01,836.3199999999999
NN3-047,1990-02-01,836.3199999999999
NN3-047,1990-03-01,14427.400000000007
NN3-047,1990-04-01,14427.400000000007
NN3-047,1990-05-01,14427.400000000007
NN3-047,1990-06-01,836.3199999999999
NN3-047,1990-07-01,836.3199999999999
NN3-047,1990-08-01,14427.400000000007
NN3-047,1990-09-01,14427.400000000007
NN3-047,1990-10-01,14427.400000000007
NN3-047,1990-11-01,14427.400000000007
NN3-047,1990-12-01,14427.400000000007
NN3-047,1991-01-01,836.3199999999999
NN3-047,1991-02-01,14427.400000000007
NN3-047,1991-03-01,14427.400000000007
NN3-047,1991-04-01,836.3199999999999
NN3-047,1991-05-01,14427.400000000007
NN3-047,1991-06-01,836.3199999999999
NN3-047,1991-07-01,14427.400000000007
NN3-047,1991-08-01,836.3199999999999
NN3-047,1991-09-01,14427.400000000007
NN3-047,1991-10-01,836.3199999999999
NN3-047,1991-11-01,14427.400000000007
NN3-047,1991-12-01,836.3199999999999
NN3-047,1992-01-01,836.3199999999999
NN3-047,1992-02-01,836.3199999999999
NN3-047,1992-03-01,836.3199999999999
NN3-047,1992-04-01,14427.400000000007
NN3-047,1992-05-01,14427.400000000007
NN3-047,1992-06-01,836.3199999999999
NN3-047,1992-07-01,836.3199999999999
NN3-047,1992-08-01,836.3199999999999
NN3-047,1992-09-01,836.3199999999999
NN3-047,1992-10-01,836.3199999999999
NN3-047,1992-11-01,14427.400000000007
NN3-047,1992-12-01,836.3199999999999
NN3-047,1993-01-01,14427.400000000007
NN3-047,1993-02-01,836.3199999999999
NN3-047,1993-03-01,14427.400000000007
NN3-048,1990-01-01,836.3199999999999
NN3-048,1990-02-01,836.3199999999999
NN3-048,1990-03-01,836.3199999999999
NN3-048,1990-04-01,836.3199999999999
NN3-048,1990-05-01,836.3199999999999
NN3-048,1990-06-01,14427.400000000007
NN3-048,1990-07-01,836.3199999999999
NN3-048,1990-08-01,14427.400000000007
NN3-048,1990-09-01,14427.400000000007
NN3-048,1990-10-01,14427.400000000007
NN3-048,1990-11-01,836.3199999999999
NN3-048,1990-12-01,836.3199999999999
NN3-048,1991-01-01,14427.400000000007
NN3-048,1991-02-01,14427.400000000007
NN3-048,1991-03-01,14427.400000000007
NN3-048,1991-04-01,836.3199999999999
NN3-048,1991-05-01,14427.400000000007
NN3-048,1991-06-01,14427.400000000007
NN3-048,1991-07-01,836.3199999999999
NN3-048,1991-08-01,836.3199999999999
NN3-048,1991-09-01,836.3199999999999
NN3-048,1991-10-01,836.3199999999999
NN3-048,1991-11-01,14427.400000000007
NN3-048,1991-12-01,14427.400000000007
NN3-048,1992-01-01,836.3199999999999
NN3-048,1992-02-01,14427.400000000007
NN3-048,1992-03-01,836.3199999999999
NN3-048,1992-04-01,836.3199999999999
NN3-048,1992-05-01,836.3199999999999
NN3-048,1992-06-01,14427.400000000007
NN3-048,1992-07-01,836.3199999999999
NN3-048,1992-08-01,836.3199999999999
NN3-048,1992-09-01,14427.400000000007
NN3-048,1992-10-01,836.3199999999999
NN3-048,1992-11-01,14427.400000000007
NN3-048,1992-12-01,836.3199999999999
NN3-048,1993-01-01,14427.400000000007
NN3-048,1993-02-01,836.3199999999999
NN3-048,1993-03-01,14427.400000000007
NN3-049,1990-01-01,14427.400000000007
NN3-049,1990-02-01,14427.400000000007
NN3-049,1990-03-01,836.3199999999999
NN3-049,1990-04-01,836.3199999999999
NN3-049,1990-05-01,836.3199999999999
NN3-049,1990-06-01,836.3199999999999
NN3-049,1990-07-01,14427.400000000007
NN3-049,1990-08-01,836.3199999999999
NN3-049,1990-09-01,836.3199999999999
NN3-049,1990-10-01,14427.400000000007
NN3-049,1990-11-01,836.3199999999999
NN3-049,1990-12-01,14427.400000000007
NN3-049,1991-01-01,14427.400000000007
NN3-049,1991-02-01,836.3199999999999
NN3-049,1991-03-01,836.3199999999999
NN3-049,1991-04-01,14427.400000000007
NN3-049,1991-05-01,14427.400000000007
NN3-049,1991-06-01,14427.400000000007
NN3-049,1991-07-01,14427.400000000007
NN3-049,1991-08-01,836.3199999999999
NN3-049,1991-09-01,14427.400000000007
NN3-049,1991-10-01,836.3199999999999
NN3-049,1991-11-01,836.3199999999999
NN3-049,1991-12-01,836.3199999999999
NN3-049,1992-01-01,836.3199999999999
NN3-049,1992-02-01,14427.400000000007
NN3-049,1992-03-01,14427.400000000007
NN3-049,1992-04-01,836.3199999999999
NN3-049,1992-05-01,14427.400000000007
NN3-049,1992-06-01,14427.400000000007
NN3-049,1992-07-01,836.3199999999999
NN3-049,1992-08-01,14427.400000000007
NN3-049,1992-09-01,836.3199999999999
NN3-049,1992-10-01,836.3199999999999
NN3-049,1992-11-01,836.3199999999999
NN3-049,1992-12-01,14427.400000000007
NN3-049,1993-01-01,14427.400000000007
NN3-049,1993-02-01,14427.400000000007
NN3-049,1993-03-01,836.3199999999999
NN3-050,1990-01-01,14427.400000000007
NN3-050,1990-02-01,14427.400000000007
NN3-050,1990-03-01,836.3199999999999
NN3-050,1990-04-01,836.3199999999999
NN3-050,1990-05-01,14427.400000000007
NN3-050,1990-06-01,836.3199999999999
NN3-050,1990-07-01,836.3199999999999
NN3-050,1990-08-01,836.3199999999999
NN3-050,1990-09-01,836.3199999999999
NN3-050,1990-10-01,836.3199999999999
NN3-050,1990-11-01,836.3199999999999
NN3-050,1990-12-01,836.3199999999999
NN3-050,1991-01-01,14427.400000000007
NN3-050,1991-02-01,14427.400000000007
NN3-050,1991-03-01,836.3199999999999
NN3-050,1991-04-01,836.3199999999999
NN3-050,1991-05-01,14427.400000000007
NN3-050,1991-06-01,836.3199999999999
NN3-050,1991-07-01,14427.400000000007
NN3-050,1991-08-01,836.3199999999999
NN3-050,1991-09-01,14427.400000000007
NN3-050,1991-10-01,14427.400000000007
NN3-050,1991-11-01,836.3199999999999
NN3-050,1991-12-01,14427.400000000007
NN3-050,1992-01-01,14427.400000000007
NN3-050,1992-02-01,14427.400000000007
NN3-050,1992-03-01,14427.400000000007
NN3-050,1992-04-01,14427.400000000007
NN3-050,1992-05-01,14427.400000000007
NN3-050,1992-06-01,836.3199999999999
NN3-050,1992-07-01,836.3199999999999
NN3-050,1992-08-01,14427.400000000007
NN3-050,1992-09-01,14427.400000000007
NN3-050,1992-10-01,14427.400000000007
NN3-050,1992-11-01,14427.400000000007
NN3-050,1992-12-01,14427.400000000007
NN3-050,1993-01-01,14427.400000000007
NN3-050,1993-02-01,836.3199999999999
NN3-050,1993-03-01,836.3199999999999
NN3-051,1982-01-01,14427.400000000007
NN3-051,1982-02-01,14427.400000000007
NN3-051,1982-03-01,836.3199999999999
NN3-051,1982-04-01,836.3199999999999
NN3-051,1982-05-01,836.3199999999999
NN3-051,1982-06-01,14427.400000000007
NN3-051,1982-07-01,14427.400000000007
NN3-051,1982-08-01,14427.400000000007
NN3-051,1982-09-01,836.3199999999999
NN3-051,1982-10-01,14427.400000000007
NN3-051,1982-11-01,14427.400000000007
NN3-051,1982-12-01,14427.400000000007
NN3-051,1983-01-01,14427.400000000007
NN3-051,1983-02-01,14427.400000000007
NN3-051,1983-03-01,836.3199999999999
NN3-051,1983-04-01,836.3199999999999
NN3-051,1983-05-01,14427.400000000007
NN3-051,1983-06-01,14427.400000000007
NN3-051,1983-07-01,14427.400000000007
NN3-051,1983-08-01,836.3199999999999
NN3-051,1983-09-01,836.3199999999999
NN3-051,1983-10-01,14427.400000000007
NN3-051,1983-11-01,836.3199999999999
NN3-051,1983-12-01,836.3199999999999
NN3-051,1984-01-01,836.3199999999999
NN3-051,1984-02-01,14427.400000000007
NN3-051,1984-03-01,14427.400000000007
NN3-051,1984-04-01,836.3199999999999
NN3-051,1984-05-01,836.3199999999999
NN3-051,1984-06-01,14427.400000000007
NN3-051,1984-07-01,14427.400000000007
NN3-051,1984-08-01,836.3199999999999
NN3-051,1984-09-01,836.3199999999999
NN3-051,1984-10-01,14427.400000000007
NN3-051,1984-11-01,14427.400000000007
NN3-051,1984-12-01,14427.400000000007
NN3-051,1985-01-01,14427.400000000007
NN3-051,1985-02-01,14427.400000000007
NN3-051,1985-03-01,836.3199999999999
NN3-051,1985-04-01,836.3199999999999
NN3-051,1985-05-01,836.3199999999999
NN3-051,1985-06-01,14427.400000000007
NN3-051,1985-07-01,14427.400000000007
NN3-051,1985-08-01,14427.400000000007
NN3-051,1985-09-01,836.3199999999999
NN3-051,1985-10-01,836.3199999999999
NN3-051,1985-11-01,836.3199999999999
NN3-051,1985-12-01,836.3199999999999
NN3-051,1986-01-01,14427.400000000007
NN3-051,1986-02-01,14427.400000000007
NN3-051,1986-03-01,14427.400000000007
NN3-051,1986-04-01,14427.400000000007
NN3-051,1986-05-01,14427.400000000007
NN3-051,1986-06-01,14427.400000000007
NN3-051,1986-07-01,14427.400000000007
NN3-051,1986-08-01,14427.400000000007
NN3-051,1986-09-01,14427.400000000007
NN3-051,1986-10-01,14427.400000000007
NN3-051,1986-11-01,14427.400000000007
NN3-051,1986-12-01,14427.400000000007
NN3-051,1987-01-01,836.3199999999999
NN3-051,1987-02-01,836.3199999999999
NN3-051,1987-03-01,836.3199999999999
NN3-051,1987-04-01,14427.400000000007
NN3-051,1987-05-01,14427.400000000007
NN3-051,1987-06-01,836.3199999999999
NN3-051,1987-07-01,836.3199999999999
NN3-051,1987-08-01,836.3199999999999
NN3-051,1987-09-01,836.3199999999999
NN3-051,1987-10-01,836.3199999999999
NN3-051,1987-11-01,14427.400000000007
NN3-051,1987-12-01,14427.400000000007
NN3-051,1988-01-01,14427.400000000007
NN3-051,1988-02-01,14427.400000000007
NN3-051,1988-03-01,14427.400000000007
NN3-051,1988-04-01,14427.400000000007
NN3-051,1988-05-01,14427.400000000007
NN3-051,1988-06-01,14427.400000000007
NN3-051,1988-07-01,14427.400000000007
NN3-051,1988-08-01,14427.400000000007
NN3-051,1988-09-01,836.3199999999999
NN3-051,1988-10-01,836.3199999999999
NN3-051,1988-11-01,836.3199999999999
NN3-051,1988-12-01,14427.400000000007
NN3-051,1989-01-01,836.3199999999999
NN3-051,1989-02-01,836.3199999999999
NN3-051,1989-03-01,14427.400000000007
NN3-051,1989-04-01,14427.400000000007
NN3-051,1989-05-01,14427.400000000007
NN3-051,1989-06-01,14427.400000000007
NN3-051,1989-07-01,836.3199999999999
NN3-051,1989-08-01,836.3199999999999
NN3-051,1989-09-01,836.3199999999999
NN3-051,1989-10-01,14427.400000000007
NN3-051,1989-11-01,14427.400000000007
NN3-051,1989-12-01,14427.400000000007
NN3-051,1990-01-01,836.3199999999999
NN3-051,1990-02-01,836.3199999999999
NN3-051,1990-03-01,836.3199999999999
NN3-051,1990-04-01,14427.400000000007
NN3-051,1990-05-01,14427.400000000007
NN3-051,1990-06-01,14427.400000000007
NN3-051,1990-07-01,836.3199999999999
NN3-051,1990-08-01,836.3199999999999
NN3-051,1990-09-01,14427.400000000007
NN3-051,1990-10-01,14427.400000000007
NN3-051,1990-11-01,836.3199999999999
NN3-051,1990-12-01,836.3199999999999
NN3-051,1991-01-01,14427.400000000007
NN3-051,1991-02-01,14427.400000000007
NN3-051,1991-03-01,14427.400000000007
NN3-052,1982-01-01,14427.400000000007
NN3-052,1982-02-01,14427.400000000007
NN3-052,1982-03-01,14427.400000000007
NN3-052,1982-04-01,14427.400000000007
NN3-052,1982-05-01,14427.400000000007
NN3-052,1982-06-01,14427.400000000007
NN3-052,1982-07-01,14427.400000000007
NN3-052,1982-08-01,14427.400000000007
NN3-052,1982-09-01,14427.400000000007
NN3-052,1982-10-01,14427.400000000007
NN3-052,1982-11-01,14427.400000000007
NN3-052,1982-12-01,836.3199999999999
NN3-052,1983-01-01,836.3199999999999
NN3-052,1983-02-01,836.3199999999999
NN3-052,1983-03-01,836.3199999999999
NN3-052,1983-04-01,836.3199999999999
NN3-052,1983-05-01,836.3199999999999
NN3-052,1983-06-01,836.3199999999999
NN3-052,1983-07-01,836.3199999999999
NN3-052,1983-08-01,836.3199999999999
NN3-052,1983-09-01,14427.400000000007
NN3-052,1983-10-01,14427.400000000007
NN3-052,1983-11-01,836.3199999999999
NN3-052,1983-12-01,836.3199999999999
NN3-052,1984-01-01,836.3199999999999
NN3-052,1984-02-01,836.3199999999999
NN3-052,1984-03-01,836.3199999999999
NN3-052,1984-04-01,836.3199999999999
NN3-052,1984-05-01,14427.400000000007
NN3-052,1984-06-01,14427.400000000007
NN3-052,1984-07-01,14427.400000000007
NN3-052,1984-08-01,836.3199999999999
NN3-052,1984-09-01,836.3199999999999
NN3-052,1984-10-01,14427.400000000007
NN3-052,1984-11-01,14427.400000000007
NN3-052,1984-12-01,14427.400000000007
NN3-052,1985-01-01,14427.400000000007
NN3-052,1985-02-01,14427.400000000007
NN3-052,1985-03-01,836.3199999999999
NN3-052,1985-04-01,836.3199999999999
NN3-052,1985-05-01,836.3199999999999
NN3-052,1985-06-01,836.3199999999999
NN3-052,1985-07-01,14427.400000000007
NN3-052,1985-08-01,14427.400000000007
NN3-052,1985-09-01,14427.400000000007
NN3-052,1985-10-01,14427.400000000007
NN3-052,1985-11-01,14427.400000000007
NN3-052,1985-12-01,836.3199999999999
NN3-052,1986-01-01,14427.400000000007
NN3-052,1986-02-01,14427.400000000007
NN3-052,1986-03-01,14427.400000000007
NN3-052,1986-04-01,14427.400000000007
NN3-052,1986-05-01,14427.400000000007
NN3-052,1986-06-01,14427.400000000007
NN3-052,1986-07-01,14427.400000000007
NN3-052,1986-08-01,836.3199999999999
NN3-052,1986-09-01,14427.400000000007
NN3-052,1986-10-01,14427.400000000007
NN3-052,1986-11-01,14427.400000000007
NN3-052,1986-12-01,836.3199999999999
NN3-052,1987-01-01,836.3199999999999
NN3-052,1987-02-01,14427.400000000007
NN3-052,1987-03-01,14427.400000000007
NN3-052,1987-04-01,14427.400000000007
NN3-052,1987-05-01,836.3199999999999
NN3-052,1987-06-01,14427.400000000007
NN3-052,1987-07-01,836.3199999999999
NN3-052,1987-08-01,836.3199999999999
NN3-052,1987-09-01,836.3199999999999
NN3-052,1987-10-01,836.3199999999999
NN3-052,1987-11-01,836.3199999999999
NN3-052,1987-12-01,836.3199999999999
NN3-052,1988-01-01,836.3199999999999
NN3-052,1988-02-01,14427.400000000007
NN3-052,1988-03-01,14427.400000000007
NN3-052,1988-04-01,836.3199999999999
NN3-052,1988-05-01,14427.400000000007
NN3-052,1988-06-01,14427.400000000007
NN3-052,1988-07-01,14427.400000000007
NN3-052,1988-08-01,14427.400000000007
NN3-052,1988-09-01,14427.400000000007
NN3-052,1988-10-01,14427.400000000007
NN3-052,1988-11-01,14427.400000000007
NN3-052,1988-12-01,14427.400000000007
NN3-052,1989-01-01,14427.400000000007
NN3-052,1989-02-01,14427.400000000007
NN3-052,1989-03-01,14427.400000000007
NN3-052,1989-04-01,14427.400000000007
NN3-052,1989-05-01,14427.400000000007
NN3-052,1989-06-01,14427.400000000007
NN3-052,1989-07-01,14427.400000000007
NN3-052,1989-08-01,14427.400000000007
NN3-052,1989-09-01,14427.400000000007
NN3-052,1989-10-01,14427.400000000007
NN3-052,1989-11-01,14427.400000000007
NN3-052,1989-12-01,836.3199999999999
NN3-052,1990-01-01,836.3199999999999
NN3-052,1990-02-01,836.3199999999999
NN3-052,1990-03-01,836.3199999999999
NN3-052,1990-04-01,14427.400000000007
NN3-052,1990-05-01,14427.400000000007
NN3-052,1990-06-01,14427.400000000007
NN3-052,1990-07-01,836.3199999999999
NN3-052,1990-08-01,836.3199999999999
NN3-052,1990-09-01,836.3199999999999
NN3-052,1990-10-01,836.3199999999999
NN3-052,1990-11-01,14427.400000000007
NN3-052,1990-12-01,836.3199999999999
NN3-052,1991-01-01,836.3199999999999
NN3-052,1991-02-01,836.3199999999999
NN3-052,1991-03-01,836.3199999999999
NN3-052,1991-04-01,836.3199999999999
NN3-052,1991-05-01,836.3199999999999
NN3-052,1991-06-01,836.3199999999999
NN3-053,1982-01-01,14427.400000000007
NN3-053,1982-02-01,836.3199999999999
NN3-053,1982-03-01,836.3199999999999
NN3-053,1982-04-01,14427.400000000007
NN3-053,1982-05-01,14427.400000000007
NN3-053,1982-06-01,14427.400000000007
NN3-053,1982-07-01,14427.400000000007
NN3-053,1982-08-01,14427.400000000007
NN3-053,1982-09-01,836.3199999999999
NN3-053,1982-10-01,836.3199999999999
NN3-053,1982-11-01,836.3199999999999
NN3-053,1982-12-01,14427.400000000007
NN3-053,1983-01-01,14427.400000000007
NN3-053,1983-02-01,836.3199999999999
NN3-053,1983-03-01,836.3199999999999
NN3-053,1983-04-01,14427.400000000007
NN3-053,1983-05-01,14427.400000000007
NN3-053,1983-06-01,836.3199999999999
NN3-053,1983-07-01,836.3199999999999
NN3-053,1983-08-01,14427.400000000007
NN3-053,1983-09-01,14427.400000000007
NN3-053,1983-10-01,836.3199999999999
NN3-053,1983-11-01,836.3199999999999
NN3-053,1983-12-01,836.3199999999999
NN3-053,1984-01-01,14427.400000000007
NN3-053,1984-02-01,14427.400000000007
NN3-053,1984-03-01,836.3199999999999
NN3-053,1984-04-01,836.3199999999999
NN3-053,1984-05-01,836.3199999999999
NN3-053,1984-06-01,14427.400000000007
NN3-053,1984-07-01,14427.400000000007
NN3-053,1984-08-01,14427.400000000007
NN3-053,1984-09-01,14427.400000000007
NN3-053,1984-10-01,836.3199999999999
NN3-053,1984-11-01,836.3199999999999
NN3-053,1984-12-01,14427.400000000007
NN3-053,1985-01-01,14427.400000000007
NN3-053,1985-02-01,14427.400000000007
NN3-053,1985-03-01,14427.400000000007
NN3-053,1985-04-01,14427.400000000007
NN3-053,1985-05-01,14427.400000000007
NN3-053,1985-06-01,14427.400000000007
NN3-053,1985-07-01,836.3199999999999
NN3-053,1985-08-01,836.3199999999999
NN3-053,1985-09-01,14427.400000000007
NN3-053,1985-10-01,14427.400000000007
NN3-053,1985-11-01,836.3199999999999
NN3-053,1985-12-01,836.3199999999999
NN3-053,1986-01-01,836.3199999999999
NN3-053,1986-02-01,836.3199999999999
NN3-053,1986-03-01,836.3199999999999
NN3-053,1986-04-01,14427.400000000007
NN3-053,1986-05-01,14427.400000000007
NN3-053,1986-06-01,14427.400000000007
NN3-053,1986-07-01,836.3199999999999
NN3-053,1986-08-01,836.3199999999999
NN3-053,1986-09-01,836.3199999999999
NN3-053,1986-10-01,836.3199999999999
NN3-053,1986-11-01,836.3199999999999
NN3-053,1986-12-01,836.3199999999999
NN3-053,1987-01-01,14427.400000000007
NN3-053,1987-02-01,14427.400000000007
NN3-053,1987-03-01,836.3199999999999
NN3-053,1987-04-01,836.3199999999999
NN3-053,1987-05-01,14427.400000000007
NN3-053,1987-06-01,14427.400000000007
NN3-053,1987-07-01,836.3199999999999
NN3-053,1987-08-01,836.3199999999999
NN3-053,1987-09-01,14427.400000000007
NN3-053,1987-10-01,14427.400000000007
NN3-053,1987-11-01,14427.400000000007
NN3-053,1987-12-01,14427.400000000007
NN3-053,1988-01-01,836.3199999999999
NN3-053,1988-02-01,836.3199999999999
NN3-053,1988-03-01,836.3199999999999
NN3-053,1988-04-01,836.3199999999999
NN3-053,1988-05-01,836.3199999999999
NN3-053,1988-06-01,836.3199999999999
NN3-053,1988-07-01,14427.400000000007
NN3-053,1988-08-01,14427.400000000007
NN3-053,1988-09-01,14427.400000000007
NN3-053,1988-10-01,14427.400000000007
NN3-053,1988-11-01,836.3199999999999
NN3-053,1988-12-01,836.3199999999999
NN3-053,1989-01-01,14427.400000000007
NN3-053,1989-02-01,14427.400000000007
NN3-053,1989-03-01,14427.400000000007
NN3-053,1989-04-01,836.3199999999999
NN3-053,1989-05-01,836.3199999999999
NN3-053,1989-06-01,14427.400000000007
NN3-053,1989-07-01,14427.400000000007
NN3-053,1989-08-01,14427.400000000007
NN3-053,1989-09-01,14427.400000000007
NN3-053,1989-10-01,14427.400000000007
NN3-053,1989-11-01,14427.400000000007
NN3-053,1989-12-01,836.3199999999999
NN3-053,1990-01-01,14427.400000000007
NN3-053,1990-02-01,14427.400000000007
NN3-053,1990-03-01,836.3199999999999
NN3-053,1990-04-01,836.3199999999999
NN3-053,1990-05-01,14427.400000000007
NN3-053,1990-06-01,14427.400000000007
NN3-053,1990-07-01,836.3199999999999
NN3-053,1990-08-01,836.3199999999999
NN3-053,1990-09-01,14427.400000000007
NN3-053,1990-10-01,14427.400000000007
NN3-053,1990-11-01,14427.400000000007
NN3-053,1990-12-01,836.3199999999999
NN3-053,1991-01-01,14427.400000000007
NN3-053,1991-02-01,14427.400000000007
NN3-053,1991-03-01,14427.400000000007
NN3-053,1991-04-01,14427.400000000007
NN3-053,1991-05-01,14427.400000000007
NN3-053,1991-06-01,14427.400000000007
NN3-054,1982-01-01,14427.400000000007
NN3-054,1982-02-01,836.3199999999999
NN3-054,1982-03-01,836.3199999999999
NN3-054,1982-04-01,836.3199999999999
NN3-054,1982-05-01,836.3199999999999
NN3-054,1982-06-01,836.3199999999999
NN3-054,1982-07-01,836.3199999999999
NN3-054,1982-08-01,14427.400000000007
NN3-054,1982-09-01,14427.400000000007
NN3-054,1982-10-01,14427.400000000007
NN3-054,1982-11-01,14427.400000000007
NN3-054,1982-12-01,836.3199999999999
NN3-054,1983-01-01,836.3199999999999
NN3-054,1983-02-01,836.3199999999999
NN3-054,1983-03-01,14427.400000000007
NN3-054,1983-04-01,14427.400000000007
NN3-054,1983-05-01,14427.400000000007
NN3-054,1983-06-01,14427.400000000007
NN3-054,1983-07-01,14427.400000000007
NN3-054,1983-08-01,14427.400000000007
NN3-054,1983-09-01,836.3199999999999
NN3-054,1983-10-01,836.3199999999999
NN3-054,1983-11-01,14427.400000000007
NN3-054,1983-12-01,14427.400000000007
NN3-054,1984-01-01,14427.400000000007
NN3-054,1984-02-01,14427.400000000007
NN3-054,1984-03-01,14427.400000000007
NN3-054,1984-04-01,14427.400000000007
NN3-054,1984-05-01,14427.400000000007
NN3-054,1984-06-01,14427.400000000007
NN3-054,1984-07-01,14427.400000000007
NN3-054,1984-08-01,14427.400000000007
NN3-054,1984-09-01,836.3199999999999
NN3-054,1984-10-01,836.3199999999999
NN3-054,1984-11-01,836.3199999999999
NN3-054,1984-12-01,14427.400000000007
NN3-054,1985-01-01,14427.400000000007
NN3-054,1985-02-01,14427.400000000007
NN3-054,1985-03-01,14427.400000000007
NN3-054,1985-04-01,14427.400000000007
NN3-054,1985-05-01,836.3199999999999
NN3-054,1985-06-01,836.3199999999999
NN3-054,1985-07-01,836.3199999999999
NN3-054,1985-08-01,836.3199999999999
NN3-054,1985-09-01,836.3199999999999
NN3-054,1985-10-01,836.3199999999999
NN3-054,1985-11-01,14427.400000000007
NN3-054,1985-12-01,14427.400000000007
NN3-054,1986-01-01,836.3199999999999
NN3-054,1986-02-01,836.3199999999999
NN3-054,1986-03-01,836.3199999999999
NN3-054,1986-04-01,836.3199999999999
NN3-054,1986-05-01,836.3199999999999
NN3-054,1986-06-01,14427.400000000007
NN3-054,1986-07-01,14427.400000000007
NN3-054,1986-08-01,14427.400000000007
NN3-054,1986-09-01,836.3199999999999
NN3-054,1986-10-01,836.3199999999999
NN3-054,1986-11-01,14427.400000000007
NN3-054,1986-12-01,14427.400000000007
NN3-054,1987-01-01,14427.400000000007
NN3-054,1987-02-01,836.3199999999999
NN3-054,1987-03-01,836.3199999999999
NN3-054,1987-04-01,836.3199999999999
NN3-054,1987-05-01,836.3199999999999
NN3-054,1987-06-01,14427.400000000007
NN3-054,1987-07-01,14427.400000000007
NN3-054,1987-08-01,14427.400000000007
NN3-054,1987-09-01,14427.400000000007
NN3-054,1987-10-01,14427.400000000007
NN3-054,1987-11-01,14427.400000000007
NN3-054,1987-12-01,836.3199999999999
NN3-054,1988-01-01,836.3199999999999
NN3-054,1988-02-01,836.3199999999999
NN3-054,1988-03-01,836.3199999999999
NN3-054,1988-04-01,14427.400000000007
NN3-054,1988-05-01,14427.400000000007
NN3-054,1988-06-01,14427.400000000007
NN3-054,1988-07-01,14427.400000000007
NN3-054,1988-08-01,14427.400000000007
NN3-054,1988-09-01,836.3199999999999
NN3-054,1988-10-01,836.3199999999999
NN3-054,1988-11-01,836.3199999999999
NN3-054,1988-12-01,836.3199999999999
NN3-054,1989-01-01,14427.400000000007
NN3-054,1989-02-01,14427.400000000007
NN3-054,1989-03-01,14427.400000000007
NN3-054,1989-04-01,836.3199999999999
NN3-054,1989-05-01,836.3199999999999
NN3-054,1989-06-01,836.3199999999999
NN3-054,1989-07-01,836.3199999999999
NN3-054,1989-08-01,836.3199999999999
NN3-054,1989-09-01,836.3199999999999
NN3-054,1989-10-01,836.3199999999999
NN3-054,1989-11-01,836.3199999999999
NN3-054,1989-12-01,836.3199999999999
NN3-054,1990-01-01,836.3199999999999
NN3-054,1990-02-01,836.3199999999999
NN3-054,1990-03-01,14427.400000000007
NN3-054,1990-04-01,14427.400000000007
NN3-054,1990-05-01,14427.400000000007
NN3-054,1990-06-01,836.3199999999999
NN3-054,1990-07-01,836.3199999999999
NN3-054,1990-08-01,836.3199999999999
NN3-054,1990-09-01,14427.400000000007
NN3-054,1990-10-01,14427.400000000007
NN3-054,1990-11-01,14427.400000000007
NN3-054,1990-12-01,14427.400000000007
NN3-054,1991-01-01,14427.400000000007
NN3-054,1991-02-01,836.3199999999999
NN3-054,1991-03-01,836.3199999999999
NN3-054,1991-04-01,836.3199999999999
NN3-054,1991-05-01,14427.400000000007
NN3-054,1991-06-01,14427.400000000007
NN3-055,1982-01-01,14427.400000000007
NN3-055,1982-02-01,14427.400000000007
NN3-055,1982-03-01,836.3199999999999
NN3-055,1982-04-01,836.3199999999999
NN3-055,1982-05-01,836.3199999999999
NN3-055,1982-06-01,836.3199999999999
NN3-055,1982-07-01,836.3199999999999
NN3-055,1982-08-01,836.3199999999999
NN3-055,1982-09-01,836.3199999999999
NN3-055,1982-10-01,836.3199999999999
NN3-055,1982-11-01,836.3199999999999
NN3-055,1982-12-01,836.3199999999999
NN3-055,1983-01-01,836.3199999999999
NN3-055,1983-02-01,14427.400000000007
NN3-055,1983-03-01,14427.400000000007
NN3-055,1983-04-01,14427.400000000007
NN3-055,1983-05-01,836.3199999999999
NN3-055,1983-06-01,836.3199999999999
NN3-055,1983-07-01,836.3199999999999
NN3-055,1983-08-01,14427.400000000007
NN3-055,1983-09-01,14427.400000000007
NN3-055,1983-10-01,836.3199999999999
NN3-055,1983-11-01,836.3199999999999
NN3-055,1983-12-01,836.3199999999999
NN3-055,1984-01-01,836.3199999999999
NN3-055,1984-02-01,14427.400000000007
NN3-055,1984-03-01,14427.400000000007
NN3-055,1984-04-01,14427.400000000007
NN3-055,1984-05-01,836.3199999999999
NN3-055,1984-06-01,836.3199999999999
NN3-055,1984-07-01,836.3199999999999
NN3-055,1984-08-01,14427.400000000007
NN3-055,1984-09-01,14427.400000000007
NN3-055,1984-10-01,14427.400000000007
NN3-055,1984-11-01,14427.400000000007
NN3-055,1984-12-01,14427.400000000007
NN3-055,1985-01-01,836.3199999999999
NN3-055,1985-02-01,836.3199999999999
NN3-055,1985-03-01,836.3199999999999
NN3-055,1985-04-01,14427.400000000007
NN3-055,1985-05-01,14427.400000000007
NN3-055,1985-06-01,14427.400000000007
NN3-055,1985-07-01,836.3199999999999
NN3-055,1985-08-01,836.3199999999999
NN3-055,1985-09-01,836.3199999999999
NN3-055,1985-10-01,836.3199999999999
NN3-055,1985-11-01,836.3199999999999
NN3-055,1985-12-01,14427.400000000007
NN3-055,1986-01-01,14427.400000000007
NN3-055,1986-02-01,14427.400000000007
NN3-055,1986-03-01,836.3199999999999
NN3-055,1986-04-01,836.3199999999999
NN3-055,1986-05-01,836.3199999999999
NN3-055,1986-06-01,14427.400000000007
NN3-055,1986-07-01,14427.400000000007
NN3-055,1986-08-01,14427.400000000007
NN3-055,1986-09-01,14427.400000000007
NN3-055,1986-10-01,836.3199999999999
NN3-055,1986-11-01,836.3199999999999
NN3-055,1986-12-01,836.3199999999999
NN3-055,1987-01-01,14427.400000000007
NN3-055,1987-02-01,14427.400000000007
NN3-055,1987-03-01,14427.400000000007
NN3-055,1987-04-01,836.3199999999999
NN3-055,1987-05-01,14427.400000000007
NN3-055,1987-06-01,14427.400000000007
NN3-055,1987-07-01,14427.400000000007
NN3-055,1987-08-01,14427.400000000007
NN3-055,1987-09-01,14427.400000000007
NN3-055,1987-10-01,14427.400000000007
NN3-055,1987-11-01,836.3199999999999
NN3-055,1987-12-01,836.3199999999999
NN3-055,1988-01-01,836.3199999999999
NN3-055,1988-02-01,14427.400000000007
NN3-055,1988-03-01,14427.400000000007
NN3-055,1988-04-01,14427.400000000007
NN3-055,1988-05-01,14427.400000000007
NN3-055,1988-06-01,14427.400000000007
NN3-055,1988-07-01,836.3199999999999
NN3-055,1988-08-01,836.3199999999999
NN3-055,1988-09-01,14427.400000000007
NN3-055,1988-10-01,14427.400000000007
NN3-055,1988-11-01,14427.400000000007
NN3-055,1988-12-01,836.3199999999999
NN3-055,1989-01-01,836.3199999999999
NN3-055,1989-02-01,14427.400000000007
NN3-055,1989-03-01,836.3199999999999
NN3-055,1989-04-01,836.3199999999999
NN3-055,1989-05-01,836.3199999999999
NN3-055,1989-06-01,14427.400000000007
NN3-055,1989-07-01,14427.400000000007
NN3-055,1989-08-01,836.3199999999999
NN3-055,1989-09-01,836.3199999999999
NN3-055,1989-10-01,836.3199999999999
NN3-055,1989-11-01,14427.400000000007
NN3-055,1989-12-01,14427.400000000007
NN3-055,1990-01-01,836.3199999999999
NN3-055,1990-02-01,836.3199999999999
NN3-055,1990-03-01,836.3199999999999
NN3-055,1990-04-01,14427.400000000007
NN3-055,1990-05-01,14427.400000000007
NN3-055,1990-06-01,836.3199999999999
NN3-055,1990-07-01,836.3199999999999
NN3-055,1990-08-01,836.3199999999999
NN3-055,1990-09-01,14427.400000000007
NN3-055,1990-10-01,14427.400000000007
NN3-055,1990-11-01,14427.400000000007
NN3-055,1990-12-01,14427.400000000007
NN3-055,1991-01-01,14427.400000000007
NN3-055,1991-02-01,836.3199999999999
NN3-055,1991-03-01,836.3199999999999
NN3-055,1991-04-01,836.3199999999999
NN3-055,1991-05-01,836.3199999999999
NN3-055,1991-06-01,14427.400000000007
NN3-056,1982-01-01,14427.400000000007
NN3-056,1982-02-01,14427.400000000007
NN3-056,1982-03-01,14427.400000000007
NN3-056,1982-04-01,14427.400000000007
NN3-056,1982-05-01,836.3199999999999
NN3-056,1982-06-01,836.3199999999999
NN3-056,1982-07-01,14427.400000000007
NN3-056,1982-08-01,14427.400000000007
NN3-056,1982-09-01,836.3199999999999
NN3-056,1982-10-01,836.3199999999999
NN3-056,1982-11-01,836.3199999999999
NN3-056,1982-12-01,14427.400000000007
NN3-056,1983-01-01,14427.400000000007
NN3-056,1983-02-01,14427.400000000007
NN3-056,1983-03-01,14427.400000000007
NN3-056,1983-04-01,14427.400000000007
NN3-056,1983-05-01,836.3199999999999
NN3-056,1983-06-01,836.3199999999999
NN3-056,1983-07-01,836.3199999999999
NN3-056,1983-08-01,14427.400000000007
NN3-056,1983-09-01,14427.400000000007
NN3-056,1983-10-01,836.3199999999999
NN3-056,1983-11-01,836.3199999999999
NN3-056,1983-12-01,836.3199999999999
NN3-056,1984-01-01,836.3199999999999
NN3-056,1984-02-01,14427.400000000007
NN3-056,1984-03-01,14427.400000000007
NN3-056,1984-04-01,14427.400000000007
NN3-056,1984-05-01,836.3199999999999
NN3-056,1984-06-01,14427.400000000007
NN3-056,1984-07-01,14427.400000000007
NN3-056,1984-08-01,14427.400000000007
NN3-056,1984-09-01,14427.400000000007
NN3-056,1984-10-01,836.3199999999999
NN3-056,1984-11-01,836.3199999999999
NN3-056,1984-12-01,836.3199999999999
NN3-056,1985-01-01,14427.400000000007
NN3-056,1985-02-01,14427.400000000007
NN3-056,1985-03-01,14427.400000000007
NN3-056,1985-04-01,14427.400000000007
NN3-056,1985-05-01,836.3199999999999
NN3-056,1985-06-01,836.3199999999999
NN3-056,1985-07-01,14427.400000000007
NN3-056,1985-08-01,14427.400000000007
NN3-056,1985-09-01,14427.400000000007
NN3-056,1985-10-01,14427.400000000007
NN3-056,1985-11-01,14427.400000000007
NN3-056,1985-12-01,14427.400000000007
NN3-056,1986-01-01,836.3199999999999
NN3-056,1986-02-01,836.3199999999999
NN3-056,1986-03-01,14427.400000000007
NN3-056,1986-04-01,14427.400000000007
NN3-056,1986-05-01,836.3199999999999
NN3-056,1986-06-01,836.3199999999999
NN3-056,1986-07-01,14427.400000000007
NN3-056,1986-08-01,14427.400000000007
NN3-056,1986-09-01,14427.400000000007
NN3-056,1986-10-01,836.3199999999999
NN3-056,1986-11-01,836.3199999999999
NN3-056,1986-12-01,836.3199999999999
NN3-056,1987-01-01,14427.400000000007
NN3-056,1987-02-01,14427.400000000007
NN3-056,1987-03-01,836.3199999999999
NN3-056,1987-04-01,836.3199999999999
NN3-056,1987-05-01,836.3199999999999
NN3-056,1987-06-01,836.3199999999999
NN3-056,1987-07-01,836.3199999999999
NN3-056,1987-08-01,14427.400000000007
NN3-056,1987-09-01,14427.400000000007
NN3-056,1987-10-01,14427.400000000007
NN3-056,1987-11-01,14427.400000000007
NN3-056,1987-12-01,836.3199999999999
NN3-056,1988-01-01,836.3199999999999
NN3-056,1988-02-01,836.3199999999999
NN3-056,1988-03-01,836.3199999999999
NN3-056,1988-04-01,836.3199999999999
NN3-056,1988-05-01,836.3199999999999
NN3-056,1988-06-01,836.3199999999999
NN3-056,1988-07-01,14427.400000000007
NN3-056,1988-08-01,14427.400000000007
NN3-056,1988-09-01,14427.400000000007
NN3-056,1988-10-01,836.3199999999999
NN3-056,1988-11-01,836.3199999999999
NN3-056,1988-12-01,14427.400000000007
NN3-056,1989-01-01,836.3199999999999
NN3-056,1989-02-01,14427.400000000007
NN3-056,1989-03-01,14427.400000000007
NN3-056,1989-04-01,14427.400000000007
NN3-056,1989-05-01,836.3199999999999
NN3-056,1989-06-01,836.3199999999999
NN3-056,1989-07-01,14427.400000000007
NN3-056,1989-08-01,14427.400000000007
NN3-056,1989-09-01,14427.400000000007
NN3-056,1989-10-01,836.3199999999999
NN3-056,1989-11-01,836.3199999999999
NN3-056,1989-12-01,836.3199999999999
NN3-056,1990-01-01,836.3199999999999
NN3-056,1990-02-01,14427.400000000007
NN3-056,1990-03-01,14427.400000000007
NN3-056,1990-04-01,836.3199999999999
NN3-056,1990-05-01,836.3199999999999
NN3-056,1990-06-01,836.3199999999999
NN3-056,1990-07-01,14427.400000000007
NN3-056,1990-08-01,14427.400000000007
NN3-056,1990-09-01,14427.400000000007
NN3-056,1990-10-01,14427.400000000007
NN3-056,1990-11-01,836.3199999999999
NN3-056,1990-12-01,836.3199999999999
NN3-056,1991-01-01,836.3199999999999
NN3-056,1991-02-01,836.3199999999999
NN3-056,1991-03-01,836.3199999999999
NN3-056,1991-04-01,836.3199999999999
NN3-056,1991-05-01,836.3199999999999
NN3-056,1991-06-01,836.3199999999999
NN3-057,1982-01-01,836.3199999999999
NN3-057,1982-02-01,836.3199999999999
NN3-057,1982-03-01,836.3199999999999
NN3-057,1982-04-01,836.3199999999999
NN3-057,1982-05-01,14427.400000000007
NN3-057,1982-06-01,14427.400000000007
NN3-057,1982-07-01,14427.400000000007
NN3-057,1982-08-01,836.3199999999999
NN3-057,1982-09-01,836.3199999999999
NN3-057,1982-10-01,836.3199999999999
NN3-057,1982-11-01,14427.400000000007
NN3-057,1982-12-01,14427.400000000007
NN3-057,1983-01-01,836.3199999999999
NN3-057,1983-02-01,836.3199999999999
NN3-057,1983-03-01,836.3199999999999
NN3-057,1983-04-01,836.3199999999999
NN3-057,1983-05-01,836.3199999999999
NN3-057,1983-06-01,14427.400000000007
NN3-057,1983-07-01,14427.400000000007
NN3-057,1983-08-01,836.3199999999999
NN3-057,1983-09-01,836.3199999999999
NN3-057,1983-10-01,14427.400000000007
NN3-057,1983-11-01,14427.400000000007
NN3-057,1983-12-01,14427.400000000007
NN3-057,1984-01-01,836.3199999999999
NN3-057,1984-02-01,836.3199999999999
NN3-057,1984-03-01,836.3199999999999
NN3-057,1984-04-01,14427.400000000007
NN3-057,1984-05-01,14427.400000000007
NN3-057,1984-06-01,14427.400000000007
NN3-057,1984-07-01,14427.400000000007
NN3-057,1984-08-01,836.3199999999999
NN3-057,1984-09-01,836.3199999999999
NN3-057,1984-10-01,836.3199999999999
NN3-057,1984-11-01,836.3199999999999
NN3-057,1984-12-01,14427.400000000007
NN3-057,1985-01-01,14427.400000000007
NN3-057,1985-02-01,836.3199999999999
NN3-057,1985-03-01,836.3199999999999
NN3-057,1985-04-01,836.3199999999999
NN3-057,1985-05-01,14427.400000000007
NN3-057,1985-06-01,836.3199999999999
NN3-057,1985-07-01,836.3199999999999
NN3-057,1985-08-01,836.3199999999999
NN3-057,1985-09-01,836.3199999999999
NN3-057,1985-10-01,836.3199999999999
NN3-057,1985-11-01,14427.400000000007
NN3-057,1985-12-01,14427.400000000007
NN3-057,1986-01-01,14427.400000000007
NN3-057,1986-02-01,836.3199999999999
NN3-057,1986-03-01,836.3199999999999
NN3-057,1986-04-01,14427.400000000007
NN3-057,1986-05-01,14427.400000000007
NN3-057,1986-06-01,836.3199999999999
NN3-057,1986-07-01,836.3199999999999
NN3-057,1986-08-01,836.3199999999999
NN3-057,1986-09-01,14427.400000000007
NN3-057,1986-10-01,14427.400000000007
NN3-057,1986-11-01,14427.400000000007
NN3-057,1986-12-01,14427.400000000007
NN3-057,1987-01-01,14427.400000000007
NN3-057,1987-02-01,836.3199999999999
NN3-057,1987-03-01,836.3199999999999
NN3-057,1987-04-01,14427.400000000007
NN3-057,1987-05-01,14427.400000000007
NN3-057,1987-06-01,836.3199999999999
NN3-057,1987-07-01,836.3199999999999
NN3-057,1987-08-01,14427.400000000007
NN3-057,1987-09-01,14427.400000000007
NN3-057,1987-10-01,14427.400000000007
NN3-057,1987-11-01,14427.400000000007
NN3-057,1987-12-01,14427.400000000007
NN3-057,1988-01-01,836.3199999999999
NN3-057,1988-02-01,836.3199999999999
NN3-057,1988-03-01,836.3199999999999
NN3-057,1988-04-01,14427.400000000007
NN3-057,1988-05-01,14427.400000000007
NN3-057,1988-06-01,836.3199999999999
NN3-057,1988-07-01,836.3199999999999
NN3-057,1988-08-01,14427.400000000007
NN3-057,1988-09-01,14427.400000000007
NN3-057,1988-10-01,14427.400000000007
NN3-057,1988-11-01,14427.400000000007
NN3-057,1988-12-01,14427.400000000007
NN3-057,1989-01-01,836.3199999999999
NN3-057,1989-02-01,836.3199999999999
NN3-057,1989-03-01,836.3199999999999
NN3-057,1989-04-01,14427.400000000007
NN3-057,1989-05-01,14427.400000000007
NN3-057,1989-06-01,836.3199999999999
NN3-057,1989-07-01,836.3199999999999
NN3-057,1989-08-01,14427.400000000007
NN3-057,1989-09-01,14427.400000000007
NN3-057,1989-10-01,14427.400000000007
NN3-057,1989-11-01,836.3199999999999
NN3-057,1989-12-01,836.3199999999999
NN3-057,1990-01-01,836.3199999999999
NN3-057,1990-02-01,14427.400000000007
NN3-057,1990-03-01,14427.400000000007
NN3-057,1990-04-01,14427.400000000007
NN3-057,1990-05-01,836.3199999999999
NN3-057,1990-06-01,836.3199999999999
NN3-057,1990-07-01,836.3199999999999
NN3-057,1990-08-01,836.3199999999999
NN3-057,1990-09-01,14427.400000000007
NN3-057,1990-10-01,14427.400000000007
NN3-057,1990-11-01,14427.400000000007
NN3-057,1990-12-01,836.3199999999999
NN3-057,1991-01-01,836.3199999999999
NN3-057,1991-02-01,836.3199999999999
NN3-057,1991-03-01,836.3199999999999
NN3-058,1979-01-01,836.3199999999999
NN3-058,1979-02-01,836.3199999999999
NN3-058,1979-03-01,14427.400000000007
NN3-058,1979-04-01,14427.400000000007
NN3-058,1979-05-01,14427.400000000007
NN3-058,1979-06-01,14427.400000000007
NN3-058,1979-07-01,14427.400000000007
NN3-058,1979-08-01,14427.400000000007
NN3-058,1979-09-01,14427.400000000007
NN3-058,1979-10-01,14427.400000000007
NN3-058,1979-11-01,14427.400000000007
NN3-058,1979-12-01,14427.400000000007
NN3-058,1980-01-01,836.3199999999999
NN3-058,1980-02-01,836.3199999999999
NN3-058,1980-03-01,836.3199999999999
NN3-058,1980-04-01,836.3199999999999
NN3-058,1980-05-01,836.3199999999999
NN3-058,1980-06-01,836.3199999999999
NN3-058,1980-07-01,836.3199999999999
NN3-058,1980-08-01,836.3199999999999
NN3-058,1980-09-01,836.3199999999999
NN3-058,1980-10-01,836.3199999999999
NN3-058,1980-11-01,836.3199999999999
NN3-058,1980-12-01,836.3199999999999
NN3-058,1981-01-01,14427.400000000007
NN3-058,1981-02-01,14427.400000000007
NN3-058,1981-03-01,836.3199999999999
NN3-058,1981-04-01,836.3199999999999
NN3-058,1981-05-01,836.3199999999999
NN3-058,1981-06-01,836.3199999999999
NN3-058,1981-07-01,836.3199999999999
NN3-058,1981-08-01,836.3199999999999
NN3-058,1981-09-01,14427.400000000007
NN3-058,1981-10-01,836.3199999999999
NN3-058,1981-11-01,836.3199999999999
NN3-058,1981-12-01,836.3199999999999
NN3-058,1982-01-01,14427.400000000007
NN3-058,1982-02-01,836.3199999999999
NN3-058,1982-03-01,836.3199999999999
NN3-058,1982-04-01,836.3199999999999
NN3-058,1982-05-01,14427.400000000007
NN3-058,1982-06-01,14427.400000000007
NN3-058,1982-07-01,14427.400000000007
NN3-058,1982-08-01,14427.400000000007
NN3-058,1982-09-01,836.3199999999999
NN3-058,1982-10-01,836.3199999999999
NN3-058,1982-11-01,14427.400000000007
NN3-058,1982-12-01,14427.400000000007
NN3-058,1983-01-01,14427.400000000007
NN3-058,1983-02-01,14427.400000000007
NN3-058,1983-03-01,14427.400000000007
NN3-058,1983-04-01,14427.400000000007
NN3-058,1983-05-01,14427.400000000007
NN3-058,1983-06-01,836.3199999999999
NN3-058,1983-07-01,836.3199999999999
NN3-058,1983-08-01,836.3199999999999
NN3-058,1983-09-01,14427.400000000007
NN3-058,1983-10-01,836.3199999999999
NN3-058,1983-11-01,836.3199999999999
NN3-058,1983-12-01,14427.400000000007
NN3-058,1984-01-01,14427.400000000007
NN3-058,1984-02-01,14427.400000000007
NN3-058,1984-03-01,14427.400000000007
NN3-058,1984-04-01,14427.400000000007
NN3-058,1984-05-01,836.3199999999999
NN3-058,1984-06-01,836.3199999999999
NN3-058,1984-07-01,836.3199999999999
NN3-058,1984-08-01,836.3199999999999
NN3-058,1984-09-01,836.3199999999999
NN3-058,1984-10-01,836.3199999999999
NN3-058,1984-11-01,836.3199999999999
NN3-058,1984-12-01,14427.400000000007
NN3-058,1985-01-01,14427.400000000007
NN3-058,1985-02-01,14427.400000000007
NN3-058,1985-03-01,14427.400000000007
NN3-058,1985-04-01,14427.400000000007
NN3-058,1985-05-01,836.3199999999999
NN3-058,1985-06-01,836.3199999999999
NN3-058,1985-07-01,14427.400000000007
NN3-058,1985-08-01,14427.400000000007
NN3-058,1985-09-01,14427.400000000007
NN3-058,1985-10-01,836.3199999999999
NN3-058,1985-11-01,836.3199999999999
NN3-058,1985-12-01,836.3199999999999
NN3-058,1986-01-01,836.3199999999999
NN3-058,1986-02-01,836.3199999999999
NN3-058,1986-03-01,836.3199999999999
NN3-058,1986-04-01,14427.400000000007
NN3-058,1986-05-01,14427.400000000007
NN3-058,1986-06-01,836.3199999999999
NN3-058,1986-07-01,836.3199999999999
NN3-058,1986-08-01,14427.400000000007
NN3-058,1986-09-01,14427.400000000007
NN3-058,1986-10-01,14427.400000000007
NN3-058,1986-11-01,836.3199999999999
NN3-058,1986-12-01,14427.400000000007
NN3-058,1987-01-01,836.3199999999999
NN3-058,1987-02-01,836.3199999999999
NN3-058,1987-03-01,836.3199999999999
NN3-058,1987-04-01,14427.400000000007
NN3-058,1987-05-01,14427.400000000007
NN3-058,1987-06-01,14427.400000000007
NN3-058,1987-07-01,14427.400000000007
NN3-058,1987-08-01,14427.400000000007
NN3-058,1987-09-01,14427.400000000007
NN3-058,1987-10-01,14427.400000000007
NN3-058,1987-11-01,836.3199999999999
NN3-058,1987-12-01,14427.400000000007
NN3-058,1988-01-01,14427.400000000007
NN3-058,1988-02-01,836.3199999999999
NN3-059,1983-01-01,14427.400000000007
NN3-059,1983-02-01,14427.400000000007
NN3-059,1983-03-01,836.3199999999999
NN3-059,1983-04-01,14427.400000000007
NN3-059,1983-05-01,14427.400000000007
NN3-059,1983-06-01,14427.400000000007
NN3-059,1983-07-01,836.3199999999999
NN3-059,1983-08-01,836.3199999999999
NN3-059,1983-09-01,14427.400000000007
NN3-059,1983-10-01,14427.400000000007
NN3-059,1983-11-01,836.3199999999999
NN3-059,1983-12-01,14427.400000000007
NN3-059,1984-01-01,14427.400000000007
NN3-059,1984-02-01,14427.400000000007
NN3-059,1984-03-01,14427.400000000007
NN3-059,1984-04-01,14427.400000000007
NN3-059,1984-05-01,14427.400000000007
NN3-059,1984-06-01,836.3199999999999
NN3-059,1984-07-01,836.3199999999999
NN3-059,1984-08-01,14427.400000000007
NN3-059,1984-09-01,14427.400000000007
NN3-059,1984-10-01,836.3199999999999
NN3-059,1984-11-01,836.3199999999999
NN3-059,1984-12-01,836.3199999999999
NN3-059,1985-01-01,14427.400000000007
NN3-059,1985-02-01,14427.400000000007
NN3-059,1985-03-01,14427.400000000007
NN3-059,1985-04-01,14427.400000000007
NN3-059,1985-05-01,14427.400000000007
NN3-059,1985-06-01,14427.400000000007
NN3-059,1985-07-01,14427.400000000007
NN3-059,1985-08-01,836.3199999999999
NN3-059,1985-09-01,836.3199999999999
NN3-059,1985-10-01,836.3199999999999
NN3-059,1985-11-01,836.3199999999999
NN3-059,1985-12-01,836.3199999999999
NN3-059,1986-01-01,836.3199999999999
NN3-059,1986-02-01,14427.400000000007
NN3-059,1986-03-01,14427.400000000007
NN3-059,1986-04-01,14427.400000000007
NN3-059,1986-05-01,14427.400000000007
NN3-059,1986-06-01,14427.400000000007
NN3-059,1986-07-01,14427.400000000007
NN3-059,1986-08-01,14427.400000000007
NN3-059,1986-09-01,14427.400000000007
NN3-059,1986-10-01,836.3199999999999
NN3-059,1986-11-01,836.3199999999999
NN3-059,1986-12-01,836.3199999999999
NN3-059,1987-01-01,14427.400000000007
NN3-059,1987-02-01,836.3199999999999
NN3-059,1987-03-01,836.3199999999999
NN3-059,1987-04-01,14427.400000000007
NN3-059,1987-05-01,836.3199999999999
NN3-059,1987-06-01,836.3199999999999
NN3-059,1987-07-01,836.3199999999999
NN3-059,1987-08-01,14427.400000000007
NN3-059,1987-09-01,836.3199999999999
NN3-059,1987-10-01,836.3199999999999
NN3-059,1987-11-01,836.3199999999999
NN3-059,1987-12-01,836.3199999999999
NN3-059,1988-01-01,836.3199999999999
NN3-059,1988-02-01,836.3199999999999
NN3-059,1988-03-01,14427.400000000007
NN3-059,1988-04-01,836.3199999999999
NN3-059,1988-05-01,836.3199999999999
NN3-059,1988-06-01,14427.400000000007
NN3-059,1988-07-01,14427.400000000007
NN3-059,1988-08-01,14427.400000000007
NN3-059,1988-09-01,836.3199999999999
NN3-059,1988-10-01,836.3199999999999
NN3-059,1988-11-01,14427.400000000007
NN3-059,1988-12-01,14427.400000000007
NN3-059,1989-01-01,836.3199999999999
NN3-059,1989-02-01,836.3199999999999
NN3-059,1989-03-01,836.3199999999999
NN3-059,1989-04-01,836.3199999999999
NN3-059,1989-05-01,836.3199999999999
NN3-059,1989-06-01,14427.400000000007
NN3-059,1989-07-01,14427.400000000007
NN3-059,1989-08-01,14427.400000000007
NN3-059,1989-09-01,836.3199999999999
NN3-059,1989-10-01,836.3199999999999
NN3-059,1989-11-01,14427.400000000007
NN3-059,1989-12-01,14427.400000000007
NN3-059,1990-01-01,14427.400000000007
NN3-059,1990-02-01,836.3199999999999
NN3-059,1990-03-01,836.3199999999999
NN3-059,1990-04-01,14427.400000000007
NN3-059,1990-05-01,14427.400000000007
NN3-059,1990-06-01,836.3199999999999
NN3-059,1990-07-01,836.3199999999999
NN3-059,1990-08-01,14427.400000000007
NN3-059,1990-09-01,14427.400000000007
NN3-059,1990-10-01,836.3199999999999
NN3-059,1990-11-01,14427.400000000007
NN3-059,1990-12-01,14427.400000000007
NN3-059,1991-01-01,836.3199999999999
NN3-059,1991-02-01,14427.400000000007
NN3-059,1991-03-01,14427.400000000007
NN3-059,1991-04-01,14427.400000000007
NN3-059,1991-05-01,836.3199999999999
NN3-059,1991-06-01,836.3199999999999
NN3-059,1991-07-01,836.3199999999999
NN3-059,1991-08-01,836.3199999999999
NN3-060,1981-01-01,836.3199999999999
NN3-060,1981-02-01,836.3199999999999
NN3-060,1981-03-01,836.3199999999999
NN3-060,1981-04-01,836.3199999999999
NN3-060,1981-05-01,836.3199999999999
NN3-060,1981-06-01,836.3199999999999
NN3-060,1981-07-01,14427.400000000007
NN3-060,1981-08-01,14427.400000000007
NN3-060,1981-09-01,14427.400000000007
NN3-060,1981-10-01,836.3199999999999
NN3-060,1981-11-01,836.3199999999999
NN3-060,1981-12-01,836.3199999999999
NN3-060,1982-01-01,836.3199999999999
NN3-060,1982-02-01,836.3199999999999
NN3-060,1982-03-01,836.3199999999999
NN3-060,1982-04-01,836.3199999999999
NN3-060,1982-05-01,14427.400000000007
NN3-060,1982-06-01,14427.400000000007
NN3-060,1982-07-01,14427.400000000007
NN3-060,1982-08-01,14427.400000000007
NN3-060,1982-09-01,14427.400000000007
NN3-060,1982-10-01,14427.400000000007
NN3-060,1982-11-01,14427.400000000007
NN3-060,1982-12-01,14427.400000000007
NN3-060,1983-01-01,14427.400000000007
NN3-060,1983-02-01,14427.400000000007
NN3-060,1983-03-01,14427.400000000007
NN3-060,1983-04-01,14427.400000000007
NN3-060,1983-05-01,14427.400000000007
NN3-060,1983-06-01,14427.400000000007
NN3-060,1983-07-01,836.3199999999999
NN3-060,1983-08-01,836.3199999999999
NN3-060,1983-09-01,836.3199999999999
NN3-060,1983-10-01,836.3199999999999
NN3-060,1983-11-01,836.3199999999999
NN3-060,1983-12-01,836.3199999999999
NN3-060,1984-01-01,836.3199999999999
NN3-060,1984-02-01,14427.400000000007
NN3-060,1984-03-01,14427.400000000007
NN3-060,1984-04-01,836.3199999999999
NN3-060,1984-05-01,14427.400000000007
NN3-060,1984-06-01,14427.400000000007
NN3-060,1984-07-01,14427.400000000007
NN3-060,1984-08-01,836.3199999999999
NN3-060,1984-09-01,836.3199999999999
NN3-060,1984-10-01,14427.400000000007
NN3-060,1984-11-01,14427.400000000007
NN3-060,1984-12-01,836.3199999999999
NN3-060,1985-01-01,836.3199999999999
NN3-060,1985-02-01,836.3199999999999
NN3-060,1985-03-01,14427.400000000007
NN3-060,1985-04-01,14427.400000000007
NN3-060,1985-05-01,836.3199999999999
NN3-060,1985-06-01,836.3199999999999
NN3-060,1985-07-01,14427.400000000007
NN3-060,1985-08-01,14427.400000000007
NN3-060,1985-09-01,14427.400000000007
NN3-060,1985-10-01,836.3199999999999
NN3-060,1985-11-01,14427.400000000007
NN3-060,1985-12-01,14427.400000000007
NN3-060,1986-01-01,14427.400000000007
NN3-060,1986-02-01,14427.400000000007
NN3-060,1986-03-01,14427.400000000007
NN3-060,1986-04-01,14427.400000000007
NN3-060,1986-05-01,14427.400000000007
NN3-060,1986-06-01,836.3199999999999
NN3-060,1986-07-01,836.3199999999999
NN3-060,1986-08-01,836.3199999999999
NN3-060,1986-09-01,14427.400000000007
NN3-060,1986-10-01,14427.400000000007
NN3-060,1986-11-01,14427.400000000007
NN3-060,1986-12-01,836.3199999999999
NN3-060,1987-01-01,836.3199999999999
NN3-060,1987-02-01,836.3199999999999
NN3-060,1987-03-01,836.3199999999999
NN3-060,1987-04-01,836.3199999999999
NN3-060,1987-05-01,836.3199999999999
NN3-060,1987-06-01,836.3199999999999
NN3-060,1987-07-01,14427.400000000007
NN3-060,1987-08-01,14427.400000000007
NN3-060,1987-09-01,836.3199999999999
NN3-060,1987-10-01,836.3199999999999
NN3-060,1987-11-01,14427.400000000007
NN3-060,1987-12-01,14427.400000000007
NN3-060,1988-01-01,14427.400000000007
NN3-060,1988-02-01,14427.400000000007
NN3-060,1988-03-01,14427.400000000007
NN3-060,1988-04-01,14427.400000000007
NN3-060,1988-05-01,14427.400000000007
NN3-060,1988-06-01,14427.400000000007
NN3-060,1988-07-01,14427.400000000007
NN3-060,1988-08-01,14427.400000000007
NN3-060,1988-09-01,836.3199999999999
NN3-060,1988-10-01,14427.400000000007
NN3-060,1988-11-01,14427.400000000007
NN3-060,1988-12-01,14427.400000000007
NN3-060,1989-01-01,14427.400000000007
NN3-060,1989-02-01,14427.400000000007
NN3-060,1989-03-01,836.3199999999999
NN3-060,1989-04-01,836.3199999999999
NN3-060,1989-05-01,836.3199999999999
NN3-060,1989-06-01,836.3199999999999
NN3-060,1989-07-01,14427.400000000007
NN3-060,1989-08-01,14427.400000000007
NN3-060,1989-09-01,14427.400000000007
NN3-060,1989-10-01,14427.400000000007
NN3-060,1989-11-01,836.3199999999999
NN3-060,1989-12-01,14427.400000000007
NN3-060,1990-01-01,836.3199999999999
NN3-060,1990-02-01,836.3199999999999
NN3-060,1990-03-01,836.3199999999999
NN3-060,1990-04-01,836.3199999999999
NN3-060,1990-05-01,836.3199999999999
NN3-060,1990-06-01,836.3199999999999
NN3-061,1981-01-01,14427.400000000007
NN3-061,1981-02-01,836.3199999999999
NN3-061,1981-03-01,836.3199999999999
NN3-061,1981-04-01,836.3199999999999
NN3-061,1981-05-01,836.3199999999999
NN3-061,1981-06-01,836.3199999999999
NN3-061,1981-07-01,836.3199999999999
NN3-061,1981-08-01,14427.400000000007
NN3-061,1981-09-01,14427.400000000007
NN3-061,1981-10-01,14427.400000000007
NN3-061,1981-11-01,836.3199999999999
NN3-061,1981-12-01,14427.400000000007
NN3-061,1982-01-01,14427.400000000007
NN3-061,1982-02-01,14427.400000000007
NN3-061,1982-03-01,14427.400000000007
NN3-061,1982-04-01,14427.400000000007
NN3-061,1982-05-01,14427.400000000007
NN3-061,1982-06-01,14427.400000000007
NN3-061,1982-07-01,14427.400000000007
NN3-061,1982-08-01,836.3199999999999
NN3-061,1982-09-01,836.3199999999999
NN3-061,1982-10-01,836.3199999999999
NN3-061,1982-11-01,836.3199999999999
NN3-061,1982-12-01,836.3199999999999
NN3-061,1983-01-01,836.3199999999999
NN3-061,1983-02-01,836.3199999999999
NN3-061,1983-03-01,836.3199999999999
NN3-061,1983-04-01,14427.400000000007
NN3-061,1983-05-01,14427.400000000007
NN3-061,1983-06-01,14427.400000000007
NN3-061,1983-07-01,836.3199999999999
NN3-061,1983-08-01,836.3199999999999
NN3-061,1983-09-01,836.3199999999999
NN3-061,1983-10-01,14427.400000000007
NN3-061,1983-11-01,14427.400000000007
NN3-061,1983-12-01,836.3199999999999
NN3-061,1984-01-01,836.3199999999999
NN3-061,1984-02-01,14427.400000000007
NN3-061,1984-03-01,14427.400000000007
NN3-061,1984-04-01,14427.400000000007
NN3-061,1984-05-01,836.3199999999999
NN3-061,1984-06-01,836.3199999999999
NN3-061,1984-07-01,836.3199999999999
NN3-061,1984-08-01,836.3199999999999
NN3-061,1984-09-01,836.3199999999999
NN3-061,1984-10-01,836.3199999999999
NN3-061,1984-11-01,14427.400000000007
NN3-061,1984-12-01,14427.400000000007
NN3-061,1985-01-01,836.3199999999999
NN3-061,1985-02-01,836.3199999999999
NN3-061,1985-03-01,836.3199999999999
NN3-061,1985-04-01,836.3199999999999
NN3-061,1985-05-01,14427.400000000007
NN3-061,1985-06-01,14427.400000000007
NN3-061,1985-07-01,14427.400000000007
NN3-061,1985-08-01,14427.400000000007
NN3-061,1985-09-01,836.3199999999999
NN3-061,1985-10-01,836.3199999999999
NN3-061,1985-11-01,14427.400000000007
NN3-061,1985-12-01,836.3199999999999
NN3-061,1986-01-01,836.3199999999999
NN3-061,1986-02-01,836.3199999999999
NN3-061,1986-03-01,836.3199999999999
NN3-061,1986-04-01,836.3199999999999
NN3-061,1986-05-01,836.3199999999999
NN3-061,1986-06-01,836.3199999999999
NN3-061,1986-07-01,14427.400000000007
NN3-061,1986-08-01,14427.400000000007
NN3-061,1986-09-01,14427.400000000007
NN3-061,1986-10-01,14427.400000000007
NN3-061,1986-11-01,14427.400000000007
NN3-061,1986-12-01,14427.400000000007
NN3-061,1987-01-01,14427.400000000007
NN3-061,1987-02-01,836.3199999999999
NN3-061,1987-03-01,836.3199999999999
NN3-061,1987-04-01,836.3199999999999
NN3-061,1987-05-01,14427.400000000007
NN3-061,1987-06-01,14427.400000000007
NN3-061,1987-07-01,836.3199999999999
NN3-061,1987-08-01,836.3199999999999
NN3-061,1987-09-01,836.3199999999999
NN3-061,1987-10-01,14427.400000000007
NN3-061,1987-11-01,14427.400000000007
NN3-061,1987-12-01,836.3199999999999
NN3-061,1988-01-01,836.3199999999999
NN3-061,1988-02-01,14427.400000000007
NN3-061,1988-03-01,14427.400000000007
NN3-061,1988-04-01,14427.400000000007
NN3-061,1988-05-01,14427.400000000007
NN3-061,1988-06-01,14427.400000000007
NN3-061,1988-07-01,14427.400000000007
NN3-061,1988-08-01,836.3199999999999
NN3-061,1988-09-01,836.3199999999999
NN3-061,1988-10-01,836.3199999999999
NN3-061,1988-11-01,836.3199999999999
NN3-061,1988-12-01,836.3199999999999
NN3-061,1989-01-01,836.3199999999999
NN3-061,1989-02-01,14427.400000000007
NN3-061,1989-03-01,14427.400000000007
NN3-061,1989-04-01,14427.400000000007
NN3-061,1989-05-01,836.3199999999999
NN3-061,1989-06-01,836.3199999999999
NN3-061,1989-07-01,836.3199999999999
NN3-061,1989-08-01,836.3199999999999
NN3-061,1989-09-01,836.3199999999999
NN3-061,1989-10-01,14427.400000000007
NN3-061,1989-11-01,14427.400000000007
NN3-061,1989-12-01,14427.400000000007
NN3-061,1990-01-01,14427.400000000007
NN3-061,1990-02-01,836.3199999999999
NN3-061,1990-03-01,836.3199999999999
NN3-061,1990-04-01,836.3199999999999
NN3-061,1990-05-01,14427.400000000007
NN3-061,1990-06-01,14427.400000000007
NN3-062,1979-01-01,14427.400000000007
NN3-062,1979-02-01,14427.400000000007
NN3-062,1979-03-01,14427.400000000007
NN3-062,1979-04-01,14427.400000000007
NN3-062,1979-05-01,836.3199999999999
NN3-062,1979-06-01,836.3199999999999
NN3-062,1979-07-01,836.3199999999999
NN3-062,1979-08-01,14427.400000000007
NN3-062,1979-09-01,14427.400000000007
NN3-062,1979-10-01,14427.400000000007
NN3-062,1979-11-01,14427.400000000007
NN3-062,1979-12-01,14427.400000000007
NN3-062,1980-01-01,14427.400000000007
NN3-062,1980-02-01,836.3199999999999
NN3-062,1980-03-01,836.3199999999999
NN3-062,1980-04-01,14427.400000000007
NN3-062,1980-05-01,14427.400000000007
NN3-062,1980-06-01,14427.400000000007
NN3-062,1980-07-01,836.3199999999999
NN3-062,1980-08-01,836.3199999999999
NN3-062,1980-09-01,836.3199999999999
NN3-062,1980-10-01,836.3199999999999
NN3-062,1980-11-01,836.3199999999999
NN3-062,1980-12-01,14427.400000000007
NN3-062,1981-01-01,14427.400000000007
NN3-062,1981-02-01,14427.400000000007
NN3-062,1981-03-01,836.3199999999999
NN3-062,1981-04-01,14427.400000000007
NN3-062,1981-05-01,14427.400000000007
NN3-062,1981-06-01,836.3199999999999
NN3-062,1981-07-01,836.3199999999999
NN3-062,1981-08-01,836.3199999999999
NN3-062,1981-09-01,836.3199999999999
NN3-062,1981-10-01,836.3199999999999
NN3-062,1981-11-01,14427.400000000007
NN3-062,1981-12-01,14427.400000000007
NN3-062,1982-01-01,14427.400000000007
NN3-062,1982-02-01,14427.400000000007
NN3-062,1982-03-01,836.3199999999999
NN3-062,1982-04-01,14427.400000000007
NN3-062,1982-05-01,14427.400000000007
NN3-062,1982-06-01,14427.400000000007
NN3-062,1982-07-01,14427.400000000007
NN3-062,1982-08-01,836.3199999999999
NN3-062,1982-09-01,836.3199999999999
NN3-062,1982-10-01,836.3199999999999
NN3-062,1982-11-01,836.3199999999999
NN3-062,1982-12-01,836.3199999999999
NN3-062,1983-01-01,836.3199999999999
NN3-062,1983-02-01,836.3199999999999
NN3-062,1983-03-01,14427.400000000007
NN3-062,1983-04-01,14427.400000000007
NN3-062,1983-05-01,14427.400000000007
NN3-062,1983-06-01,836.3199999999999
NN3-062,1983-07-01,14427.400000000007
NN3-062,1983-08-01,14427.400000000007
NN3-062,1983-09-01,836.3199999999999
NN3-062,1983-10-01,836.3199999999999
NN3-062,1983-11-01,14427.400000000007
NN3-062,1983-12-01,14427.400000000007
NN3-062,1984-01-01,14427.400000000007
NN3-062,1984-02-01,836.3199999999999
NN3-062,1984-03-01,14427.400000000007
NN3-062,1984-04-01,14427.400000000007
NN3-062,1984-05-01,836.3199999999999
NN3-062,1984-06-01,836.3199999999999
NN3-062,1984-07-01,836.3199999999999
NN3-062,1984-08-01,14427.400000000007
NN3-062,1984-09-01,836.3199999999999
NN3-062,1984-10-01,836.3199999999999
NN3-062,1984-11-01,836.3199999999999
NN3-062,1984-12-01,836.3199999999999
NN3-062,1985-01-01,836.3199999999999
NN3-062,1985-02-01,836.3199999999999
NN3-062,1985-03-01,836.3199999999999
NN3-062,1985-04-01,14427.400000000007
NN3-062,1985-05-01,14427.400000000007
NN3-062,1985-06-01,14427.400000000007
NN3-062,1985-07-01,14427.400000000007
NN3-062,1985-08-01,14427.400000000007
NN3-062,1985-09-01,14427.400000000007
NN3-062,1985-10-01,836.3199999999999
NN3-062,1985-11-01,14427.400000000007
NN3-062,1985-12-01,14427.400000000007
NN3-062,1986-01-01,14427.400000000007
NN3-062,1986-02-01,836.3199999999999
NN3-062,1986-03-01,14427.400000000007
NN3-062,1986-04-01,14427.400000000007
NN3-062,1986-05-01,14427.400000000007
NN3-062,1986-06-01,836.3199999999999
NN3-062,1986-07-01,836.3199999999999
NN3-062,1986-08-01,14427.400000000007
NN3-062,1986-09-01,14427.400000000007
NN3-062,1986-10-01,836.3199999999999
NN3-062,1986-11-01,836.3199999999999
NN3-062,1986-12-01,836.3199999999999
NN3-062,1987-01-01,14427.400000000007
NN3-062,1987-02-01,14427.400000000007
NN3-062,1987-03-01,836.3199999999999
NN3-062,1987-04-01,836.3199999999999
NN3-062,1987-05-01,836.3199999999999
NN3-062,1987-06-01,14427.400000000007
NN3-062,1987-07-01,14427.400000000007
NN3-062,1987-08-01,836.3199999999999
NN3-062,1987-09-01,836.3199999999999
NN3-062,1987-10-01,836.3199999999999
NN3-062,1987-11-01,836.3199999999999
NN3-062,1987-12-01,836.3199999999999
NN3-062,1988-01-01,836.3199999999999
NN3-062,1988-02-01,14427.400000000007
NN3-063,1982-01-01,836.3199999999999
NN3-063,1982-02-01,836.3199999999999
NN3-063,1982-03-01,836.3199999999999
NN3-063,1982-04-01,14427.400000000007
NN3-063,1982-05-01,14427.400000000007
NN3-063,1982-06-01,836.3199999999999
NN3-063,1982-07-01,836.3199999999999
NN3-063,1982-08-01,836.3199999999999
NN3-063,1982-09-01,14427.400000000007
NN3-063,1982-10-01,14427.400000000007
NN3-063,1982-11-01,14427.400000000007
NN3-063,1982-12-01,836.3199999999999
NN3-063,1983-01-01,836.3199999999999
NN3-063,1983-02-01,14427.400000000007
NN3-063,1983-03-01,14427.400000000007
NN3-063,1983-04-01,14427.400000000007
NN3-063,1983-05-01,14427.400000000007
NN3-063,1983-06-01,836.3199999999999
NN3-063,1983-07-01,836.3199999999999
NN3-063,1983-08-01,836.3199999999999
NN3-063,1983-09-01,14427.400000000007
NN3-063,1983-10-01,14427.400000000007
NN3-063,1983-11-01,836.3199999999999
NN3-063,1983-12-01,836.3199999999999
NN3-063,1984-01-01,836.3199999999999
NN3-063,1984-02-01,14427.400000000007
NN3-063,1984-03-01,836.3199999999999
NN3-063,1984-04-01,836.3199999999999
NN3-063,1984-05-01,14427.400000000007
NN3-063,1984-06-01,14427.400000000007
NN3-063,1984-07-01,836.3199999999999
NN3-063,1984-08-01,836.3199999999999
NN3-063,1984-09-01,836.3199999999999
NN3-063,1984-10-01,836.3199999999999
NN3-063,1984-11-01,836.3199999999999
NN3-063,1984-12-01,836.3199999999999
NN3-063,1985-01-01,836.3199999999999
NN3-063,1985-02-01,836.3199999999999
NN3-063,1985-03-01,836.3199999999999
NN3-063,1985-04-01,836.3199999999999
NN3-063,1985-05-01,836.3199999999999
NN3-063,1985-06-01,14427.400000000007
NN3-063,1985-07-01,14427.400000000007
NN3-063,1985-08-01,14427.400000000007
NN3-063,1985-09-01,14427.400000000007
NN3-063,1985-10-01,14427.400000000007
NN3-063,1985-11-01,836.3199999999999
NN3-063,1985-12-01,836.3199999999999
NN3-063,1986-01-01,836.3199999999999
NN3-063,1986-02-01,836.3199999999999
NN3-063,1986-03-01,14427.400000000007
NN3-063,1986-04-01,836.3199999999999
NN3-063,1986-05-01,836.3199999999999
NN3-063,1986-06-01,836.3199999999999
NN3-063,1986-07-01,836.3199999999999
NN3-063,1986-08-01,14427.400000000007
NN3-063,1986-09-01,14427.400000000007
NN3-063,1986-10-01,14427.400000000007
NN3-063,1986-11-01,836.3199999999999
NN3-063,1986-12-01,836.3199999999999
NN3-063,1987-01-01,14427.400000000007
NN3-063,1987-02-01,14427.400000000007
NN3-063,1987-03-01,14427.400000000007
NN3-063,1987-04-01,836.3199999999999
NN3-063,1987-05-01,836.3199999999999
NN3-063,1987-06-01,836.3199999999999
NN3-063,1987-07-01,836.3199999999999
NN3-063,1987-08-01,836.3199999999999
NN3-063,1987-09-01,14427.400000000007
NN3-063,1987-10-01,14427.400000000007
NN3-063,1987-11-01,836.3199999999999
NN3-063,1987-12-01,14427.400000000007
NN3-063,1988-01-01,14427.400000000007
NN3-063,1988-02-01,14427.400000000007
NN3-063,1988-03-01,836.3199999999999
NN3-063,1988-04-01,836.3199999999999
NN3-063,1988-05-01,836.3199999999999
NN3-063,1988-06-01,836.3199999999999
NN3-063,1988-07-01,836.3199999999999
NN3-063,1988-08-01,836.3199999999999
NN3-063,1988-09-01,836.3199999999999
NN3-063,1988-10-01,14427.400000000007
NN3-063,1988-11-01,14427.400000000007
NN3-063,1988-12-01,14427.400000000007
NN3-063,1989-01-01,14427.400000000007
NN3-063,1989-02-01,14427.400000000007
NN3-063,1989-03-01,14427.400000000007
NN3-063,1989-04-01,14427.400000000007
NN3-063,1989-05-01,14427.400000000007
NN3-063,1989-06-01,836.3199999999999
NN3-063,1989-07-01,836.3199999999999
NN3-063,1989-08-01,14427.400000000007
NN3-063,1989-09-01,14427.400000000007
NN3-063,1989-10-01,836.3199999999999
NN3-063,1989-11-01,836.3199999999999
NN3-063,1989-12-01,14427.400000000007
NN3-063,1990-01-01,14427.400000000007
NN3-063,1990-02-01,14427.400000000007
NN3-063,1990-03-01,14427.400000000007
NN3-063,1990-04-01,14427.400000000007
NN3-063,1990-05-01,14427.400000000007
NN3-063,1990-06-01,14427.400000000007
NN3-063,1990-07-01,14427.400000000007
NN3-063,1990-08-01,14427.400000000007
NN3-063,1990-09-01,14427.400000000007
NN3-063,1990-10-01,836.3199999999999
NN3-063,1990-11-01,836.3199999999999
NN3-063,1990-12-01,836.3199999999999
NN3-063,1991-01-01,14427.400000000007
NN3-063,1991-02-01,14427.400000000007
NN3-063,1991-03-01,836.3199999999999
NN3-063,1991-04-01,836.3199999999999
NN3-063,1991-05-01,836.3199999999999
NN3-063,1991-06-01,14427.400000000007
NN3-064,1983-01-01,14427.400000000007
NN3-064,1983-02-01,836.3199999999999
NN3-064,1983-03-01,836.3199999999999
NN3-064,1983-04-01,14427.400000000007
NN3-064,1983-05-01,14427.400000000007
NN3-064,1983-06-01,836.3199999999999
NN3-064,1983-07-01,836.3199999999999
NN3-064,1983-08-01,836.3199999999999
NN3-064,1983-09-01,14427.400000000007
NN3-064,1983-10-01,836.3199999999999
NN3-064,1983-11-01,836.3199999999999
NN3-064,1983-12-01,14427.400000000007
NN3-064,1984-01-01,14427.400000000007
NN3-064,1984-02-01,14427.400000000007
NN3-064,1984-03-01,14427.400000000007
NN3-064,1984-04-01,14427.400000000007
NN3-064,1984-05-01,14427.400000000007
NN3-064,1984-06-01,836.3199999999999
NN3-064,1984-07-01,14427.400000000007
NN3-064,1984-08-01,14427.400000000007
NN3-064,1984-09-01,836.3199999999999
NN3-064,1984-10-01,836.3199999999999
NN3-064,1984-11-01,836.3199999999999
NN3-064,1984-12-01,14427.400000000007
NN3-064,1985-01-01,14427.400000000007
NN3-064,1985-02-01,836.3199999999999
NN3-064,1985-03-01,14427.400000000007
NN3-064,1985-04-01,14427.400000000007
NN3-064,1985-05-01,14427.400000000007
NN3-064,1985-06-01,836.3199999999999
NN3-064,1985-07-01,836.3199999999999
NN3-064,1985-08-01,836.3199999999999
NN3-064,1985-09-01,836.3199999999999
NN3-064,1985-10-01,836.3199999999999
NN3-064,1985-11-01,836.3199999999999
NN3-064,1985-12-01,836.3199999999999
NN3-064,1986-01-01,14427.400000000007
NN3-064,1986-02-01,14427.400000000007
NN3-064,1986-03-01,836.3199999999999
NN3-064,1986-04-01,14427.400000000007
NN3-064,1986-05-01,14427.400000000007
NN3-064,1986-06-01,14427.400000000007
NN3-064,1986-07-01,836.3199999999999
NN3-064,1986-08-01,836.3199999999999
NN3-064,1986-09-01,14427.400000000007
NN3-064,1986-10-01,836.3199999999999
NN3-064,1986-11-01,836.3199999999999
NN3-064,1986-12-01,836.3199999999999
NN3-064,1987-01-01,14427.400000000007
NN3-064,1987-02-01,836.3199999999999
NN3-064,1987-03-01,836.3199999999999
NN3-064,1987-04-01,14427.400000000007
NN3-064,1987-05-01,14427.400000000007
NN3-064,1987-06-01,14427.400000000007
NN3-064,1987-07-01,836.3199999999999
NN3-064,1987-08-01,836.3199999999999
NN3-064,1987-09-01,836.3199999999999
NN3-064,1987-10-01,14427.400000000007
NN3-064,1987-11-01,14427.400000000007
NN3-064,1987-12-01,836.3199999999999
NN3-064,1988-01-01,836.3199999999999
NN3-064,1988-02-01,836.3199999999999
NN3-064,1988-03-01,14427.400000000007
NN3-064,1988-04-01,14427.400000000007
NN3-064,1988-05-01,14427.400000000007
NN3-064,1988-06-01,14427.400000000007
NN3-064,1988-07-01,14427.400000000007
NN3-064,1988-08-01,836.3199999999999
NN3-064,1988-09-01,836.3199999999999
NN3-064,1988-10-01,836.3199999999999
NN3-064,1988-11-01,836.3199999999999
NN3-064,1988-12-01,836.3199999999999
NN3-064,1989-01-01,836.3199999999999
NN3-064,1989-02-01,14427.400000000007
NN3-064,1989-03-01,14427.400000000007
NN3-064,1989-04-01,836.3199999999999
NN3-064,1989-05-01,836.3199999999999
NN3-064,1989-06-01,14427.400000000007
NN3-064,1989-07-01,14427.400000000007
NN3-064,1989-08-01,14427.400000000007
NN3-064,1989-09-01,14427.400000000007
NN3-064,1989-10-01,14427.400000000007
NN3-064,1989-11-01,14427.400000000007
NN3-064,1989-12-01,836.3199999999999
NN3-064,1990-01-01,836.3199999999999
NN3-064,1990-02-01,836.3199999999999
NN3-064,1990-03-01,836.3199999999999
NN3-064,1990-04-01,14427.400000000007
NN3-064,1990-05-01,14427.400000000007
NN3-064,1990-06-01,14427.400000000007
NN3-064,1990-07-01,836.3199999999999
NN3-064,1990-08-01,836.3199999999999
NN3-064,1990-09-01,14427.400000000007
NN3-064,1990-10-01,14427.400000000007
NN3-064,1990-11-01,14427.400000000007
NN3-064,1990-12-01,836.3199999999999
NN3-064,1991-01-01,836.3199999999999
NN3-064,1991-02-01,836.3199999999999
NN3-064,1991-03-01,836.3199999999999
NN3-064,1991-04-01,836.3199999999999
NN3-064,1991-05-01,14427.400000000007
NN3-064,1991-06-01,14427.400000000007
NN3-064,1991-07-01,836.3199999999999
NN3-064,1991-08-01,14427.400000000007
NN3-065,1978-01-01,836.3199999999999
NN3-065,1978-02-01,14427.400000000007
NN3-065,1978-03-01,836.3199999999999
NN3-065,1978-04-01,836.3199999999999
NN3-065,1978-05-01,14427.400000000007
NN3-065,1978-06-01,14427.400000000007
NN3-065,1978-07-01,14427.400000000007
NN3-065,1978-08-01,836.3199999999999
NN3-065,1978-09-01,836.3199999999999
NN3-065,1978-10-01,14427.400000000007
NN3-065,1978-11-01,14427.400000000007
NN3-065,1978-12-01,836.3199999999999
NN3-065,1979-01-01,836.3199999999999
NN3-065,1979-02-01,836.3199999999999
NN3-065,1979-03-01,14427.400000000007
NN3-065,1979-04-01,836.3199999999999
NN3-065,1979-05-01,836.3199999999999
NN3-065,1979-06-01,14427.400000000007
NN3-065,1979-07-01,14427.400000000007
NN3-065,1979-08-01,14427.400000000007
NN3-065,1979-09-01,836.3199999999999
NN3-065,1979-10-01,836.3199999999999
NN3-065,1979-11-01,836.3199999999999
NN3-065,1979-12-01,836.3199999999999
NN3-065,1980-01-01,836.3199999999999
NN3-065,1980-02-01,836.3199999999999
NN3-065,1980-03-01,14427.400000000007
NN3-065,1980-04-01,836.3199999999999
NN3-065,1980-05-01,836.3199999999999
NN3-065,1980-06-01,836.3199999999999
NN3-065,1980-07-01,14427.400000000007
NN3-065,1980-08-01,14427.400000000007
NN3-065,1980-09-01,14427.400000000007
NN3-065,1980-10-01,836.3199999999999
NN3-065,1980-11-01,836.3199999999999
NN3-065,1980-12-01,14427.400000000007
NN3-065,1981-01-01,14427.400000000007
NN3-065,1981-02-01,14427.400000000007
NN3-065,1981-03-01,14427.400000000007
NN3-065,1981-04-01,836.3199999999999
NN3-065,1981-05-01,836.3199999999999
NN3-065,1981-06-01,836.3199999999999
NN3-065,1981-07-01,836.3199999999999
NN3-065,1981-08-01,14427.400000000007
NN3-065,1981-09-01,14427.400000000007
NN3-065,1981-10-01,14427.400000000007
NN3-065,1981-11-01,14427.400000000007
NN3-065,1981-12-01,14427.400000000007
NN3-065,1982-01-01,14427.400000000007
NN3-065,1982-02-01,836.3199999999999
NN3-065,1982-03-01,836.3199999999999
NN3-065,1982-04-01,836.3199999999999
NN3-065,1982-05-01,14427.400000000007
NN3-065,1982-06-01,14427.400000000007
NN3-065,1982-07-01,836.3199999999999
NN3-065,1982-08-01,836.3199999999999
NN3-065,1982-09-01,14427.400000000007
NN3-065,1982-10-01,14427.400000000007
NN3-065,1982-11-01,836.3199999999999
NN3-065,1982-12-01,836.3199999999999
NN3-065,1983-01-01,836.3199999999999
NN3-065,1983-02-01,836.3199999999999
NN3-065,1983-03-01,836.3199999999999
NN3-065,1983-04-01,836.3199999999999
NN3-065,1983-05-01,14427.400000000007
NN3-065,1983-06-01,14427.400000000007
NN3-065,1983-07-01,836.3199999999999
NN3-065,1983-08-01,836.3199999999999
NN3-065,1983-09-01,836.3199999999999
NN3-065,1983-10-01,14427.400000000007
NN3-065,1983-11-01,14427.400000000007
NN3-065,1983-12-01,836.3199999999999
NN3-065,1984-01-01,836.3199999999999
NN3-065,1984-02-01,14427.400000000007
NN3-065,1984-03-01,14427.400000000007
NN3-065,1984-04-01,836.3199999999999
NN3-065,1984-05-01,836.3199999999999
NN3-065,1984-06-01,836.3199999999999
NN3-065,1984-07-01,14427.400000000007
NN3-065,1984-08-01,14427.400000000007
NN3-065,1984-09-01,14427.400000000007
NN3-065,1984-10-01,14427.400000000007
NN3-065,1984-11-01,836.3199999999999
NN3-065,1984-12-01,836.3199999999999
NN3-065,1985-01-01,836.3199999999999
NN3-065,1985-02-01,14427.400000000007
NN3-065,1985-03-01,14427.400000000007
NN3-065,1985-04-01,14427.400000000007
NN3-065,1985-05-01,14427.400000000007
NN3-065,1985-06-01,14427.400000000007
NN3-065,1985-07-01,14427.400000000007
NN3-065,1985-08-01,14427.400000000007
NN3-065,1985-09-01,836.3199999999999
NN3-065,1985-10-01,836.3199999999999
NN3-065,1985-11-01,836.3199999999999
NN3-065,1985-12-01,836.3199999999999
NN3-065,1986-01-01,836.3199999999999
NN3-065,1986-02-01,836.3199999999999
NN3-065,1986-03-01,14427.400000000007
NN3-065,1986-04-01,14427.400000000007
NN3-065,1986-05-01,836.3199999999999
NN3-065,1986-06-01,836.3199999999999
NN3-065,1986-07-01,836.3199999999999
NN3-065,1986-08-01,836.3199999999999
NN3-065,1986-09-01,836.3199999999999
NN3-065,1986-10-01,836.3199999999999
NN3-065,1986-11-01,14427.400000000007
NN3-065,1986-12-01,14427.400000000007
NN3-065,1987-01-01,14427.400000000007
NN3-065,1987-02-01,14427.400000000007
NN3-065,1987-03-01,14427.400000000007
NN3-065,1987-04-01,14427.400000000007
NN3-065,1987-05-01,836.3199999999999
NN3-065,1987-06-01,836.3199999999999
NN3-066,1979-01-01,14427.400000000007
NN3-066,1979-02-01,14427.400000000007
NN3-066,1979-03-01,14427.400000000007
NN3-066,1979-04-01,14427.400000000007
NN3-066,1979-05-01,14427.400000000007
NN3-066,1979-06-01,836.3199999999999
NN3-066,1979-07-01,836.3199999999999
NN3-066,1979-08-01,836.3199999999999
NN3-066,1979-09-01,836.3199999999999
NN3-066,1979-10-01,836.3199999999999
NN3-066,1979-11-01,14427.400000000007
NN3-066,1979-12-01,14427.400000000007
NN3-066,1980-01-01,14427.400000000007
NN3-066,1980-02-01,14427.400000000007
NN3-066,1980-03-01,14427.400000000007
NN3-066,1980-04-01,14427.400000000007
NN3-066,1980-05-01,14427.400000000007
NN3-066,1980-06-01,14427.400000000007
NN3-066,1980-07-01,14427.400000000007
NN3-066,1980-08-01,14427.400000000007
NN3-066,1980-09-01,14427.400000000007
NN3-066,1980-10-01,836.3199999999999
NN3-066,1980-11-01,836.3199999999999
NN3-066,1980-12-01,14427.400000000007
NN3-066,1981-01-01,14427.400000000007
NN3-066,1981-02-01,14427.400000000007
NN3-066,1981-03-01,836.3199999999999
NN3-066,1981-04-01,836.3199999999999
NN3-066,1981-05-01,836.3199999999999
NN3-066,1981-06-01,836.3199999999999
NN3-066,1981-07-01,836.3199999999999
NN3-066,1981-08-01,836.3199999999999
NN3-066,1981-09-01,836.3199999999999
NN3-066,1981-10-01,836.3199999999999
NN3-066,1981-11-01,836.3199999999999
NN3-066,1981-12-01,836.3199999999999
NN3-066,1982-01-01,836.3199999999999
NN3-066,1982-02-01,836.3199999999999
NN3-066,1982-03-01,836.3199999999999
NN3-066,1982-04-01,836.3199999999999
NN3-066,1982-05-01,836.3199999999999
NN3-066,1982-06-01,836.3199999999999
NN3-066,1982-07-01,14427.400000000007
NN3-066,1982-08-01,14427.400000000007
NN3-066,1982-09-01,14427.400000000007
NN3-066,1982-10-01,836.3199999999999
NN3-066,1982-11-01,836.3199999999999
NN3-066,1982-12-01,836.3199999999999
NN3-066,1983-01-01,836.3199999999999
NN3-066,1983-02-01,836.3199999999999
NN3-066,1983-03-01,836.3199999999999
NN3-066,1983-04-01,836.3199999999999
NN3-066,1983-05-01,836.3199999999999
NN3-066,1983-06-01,14427.400000000007
NN3-066,1983-07-01,14427.400000000007
NN3-066,1983-08-01,14427.400000000007
NN3-066,1983-09-01,14427.400000000007
NN3-066,1983-10-01,14427.400000000007
NN3-066,1983-11-01,14427.400000000007
NN3-066,1983-12-01,14427.400000000007
NN3-066,1984-01-01,14427.400000000007
NN3-066,1984-02-01,836.3199999999999
NN3-066,1984-03-01,836.3199999999999
NN3-066,1984-04-01,14427.400000000007
NN3-066,1984-05-01,14427.400000000007
NN3-066,1984-06-01,836.3199999999999
NN3-066,1984-07-01,836.3199999999999
NN3-066,1984-08-01,14427.400000000007
NN3-066,1984-09-01,14427.400000000007
NN3-066,1984-10-01,14427.400000000007
NN3-066,1984-11-01,836.3199999999999
NN3-066,1984-12-01,836.3199999999999
NN3-066,1985-01-01,836.3199999999999
NN3-066,1985-02-01,14427.400000000007
NN3-066,1985-03-01,14427.400000000007
NN3-066,1985-04-01,836.3199999999999
NN3-066,1985-05-01,836.3199999999999
NN3-066,1985-06-01,836.3199999999999
NN3-066,1985-07-01,836.3199999999999
NN3-066,1985-08-01,836.3199999999999
NN3-066,1985-09-01,836.3199999999999
NN3-066,1985-10-01,836.3199999999999
NN3-066,1985-11-01,836.3199999999999
NN3-066,1985-12-01,14427.400000000007
NN3-066,1986-01-01,14427.400000000007
NN3-066,1986-02-01,14427.400000000007
NN3-066,1986-03-01,14427.400000000007
NN3-066,1986-04-01,14427.400000000007
NN3-066,1986-05-01,14427.400000000007
NN3-066,1986-06-01,836.3199999999999
NN3-066,1986-07-01,836.3199999999999
NN3-066,1986-08-01,14427.400000000007
NN3-066,1986-09-01,14427.400000000007
NN3-066,1986-10-01,14427.400000000007
NN3-066,1986-11-01,14427.400000000007
NN3-066,1986-12-01,836.3199999999999
NN3-066,1987-01-01,836.3199999999999
NN3-066,1987-02-01,836.3199999999999
NN3-066,1987-03-01,836.3199999999999
NN3-066,1987-04-01,836.3199999999999
NN3-066,1987-05-01,836.3199999999999
NN3-066,1987-06-01,836.3199999999999
NN3-066,1987-07-01,14427.400000000007
NN3-066,1987-08-01,14427.400000000007
NN3-066,1987-09-01,14427.400000000007
NN3-066,1987-10-01,14427.400000000007
NN3-066,1987-11-01,836.3199999999999
NN3-066,1987-12-01,836.3199999999999
NN3-066,1988-01-01,836.3199999999999
NN3-066,1988-02-01,836.3199999999999
NN3-066,1988-03-01,836.3199999999999
NN3-066,1988-04-01,836.3199999999999
NN3-066,1988-05-01,836.3199999999999
NN3-066,1988-06-01,14427.400000000007
NN3-067,1982-01-01,14427.400000000007
NN3-067,1982-02-01,836.3199999999999
NN3-067,1982-03-01,836.3199999999999
NN3-067,1982-04-01,14427.400000000007
NN3-067,1982-05-01,14427.400000000007
NN3-067,1982-06-01,14427.400000000007
NN3-067,1982-07-01,14427.400000000007
NN3-067,1982-08-01,836.3199999999999
NN3-067,1982-09-01,14427.400000000007
NN3-067,1982-10-01,14427.400000000007
NN3-067,1982-11-01,14427.400000000007
NN3-067,1982-12-01,836.3199999999999
NN3-067,1983-01-01,836.3199999999999
NN3-067,1983-02-01,14427.400000000007
NN3-067,1983-03-01,14427.400000000007
NN3-067,1983-04-01,14427.400000000007
NN3-067,1983-05-01,836.3199999999999
NN3-067,1983-06-01,836.3199999999999
NN3-067,1983-07-01,836.3199999999999
NN3-067,1983-08-01,836.3199999999999
NN3-067,1983-09-01,836.3199999999999
NN3-067,1983-10-01,14427.400000000007
NN3-067,1983-11-01,14427.400000000007
NN3-067,1983-12-01,14427.400000000007
NN3-067,1984-01-01,836.3199999999999
NN3-067,1984-02-01,836.3199999999999
NN3-067,1984-03-01,836.3199999999999
NN3-067,1984-04-01,836.3199999999999
NN3-067,1984-05-01,836.3199999999999
NN3-067,1984-06-01,836.3199999999999
NN3-067,1984-07-01,14427.400000000007
NN3-067,1984-08-01,14427.400000000007
NN3-067,1984-09-01,14427.400000000007
NN3-067,1984-10-01,836.3199999999999
NN3-067,1984-11-01,836.3199999999999
NN3-067,1984-12-01,14427.400000000007
NN3-067,1985-01-01,14427.400000000007
NN3-067,1985-02-01,14427.400000000007
NN3-067,1985-03-01,836.3199999999999
NN3-067,1985-04-01,836.3199999999999
NN3-067,1985-05-01,836.3199999999999
NN3-067,1985-06-01,836.3199999999999
NN3-067,1985-07-01,836.3199999999999
NN3-067,1985-08-01,836.3199999999999
NN3-067,1985-09-01,836.3199999999999
NN3-067,1985-10-01,836.3199999999999
NN3-067,1985-11-01,14427.400000000007
NN3-067,1985-12-01,836.3199999999999
NN3-067,1986-01-01,836.3199999999999
NN3-067,1986-02-01,836.3199999999999
NN3-067,1986-03-01,14427.400000000007
NN3-067,1986-04-01,14427.400000000007
NN3-067,1986-05-01,836.3199999999999
NN3-067,1986-06-01,836.3199999999999
NN3-067,1986-07-01,836.3199999999999
NN3-067,1986-08-01,836.3199999999999
NN3-067,1986-09-01,836.3199999999999
NN3-067,1986-10-01,14427.400000000007
NN3-067,1986-11-01,14427.400000000007
NN3-067,1986-12-01,14427.400000000007
NN3-067,1987-01-01,836.3199999999999
NN3-067,1987-02-01,836.3199999999999
NN3-067,1987-03-01,836.3199999999999
NN3-067,1987-04-01,14427.400000000007
NN3-067,1987-05-01,14427.400000000007
NN3-067,1987-06-01,836.3199999999999
NN3-067,1987-07-01,836.3199999999999
NN3-067,1987-08-01,836.3199999999999
NN3-067,1987-09-01,836.3199999999999
NN3-067,1987-10-01,14427.400000000007
NN3-067,1987-11-01,14427.400000000007
NN3-067,1987-12-01,836.3199999999999
NN3-067,1988-01-01,836.3199999999999
NN3-067,1988-02-01,836.3199999999999
NN3-067,1988-03-01,14427.400000000007
NN3-067,1988-04-01,14427.400000000007
NN3-067,1988-05-01,836.3199999999999
NN3-067,1988-06-01,14427.400000000007
NN3-067,1988-07-01,14427.400000000007
NN3-067,1988-08-01,14427.400000000007
NN3-067,1988-09-01,836.3199999999999
NN3-067,1988-10-01,836.3199999999999
NN3-067,1988-11-01,14427.400000000007
NN3-067,1988-12-01,14427.400000000007
NN3-067,1989-01-01,14427.400000000007
NN3-067,1989-02-01,14427.400000000007
NN3-067,1989-03-01,14427.400000000007
NN3-067,1989-04-01,836.3199999999999
NN3-067,1989-05-01,836.3199999999999
NN3-067,1989-06-01,836.3199999999999
NN3-067,1989-07-01,836.3199999999999
NN3-067,1989-08-01,14427.400000000007
NN3-067,1989-09-01,836.3199999999999
NN3-067,1989-10-01,836.3199999999999
NN3-067,1989-11-01,836.3199999999999
NN3-067,1989-12-01,836.3199999999999
NN3-067,1990-01-01,836.3199999999999
NN3-067,1990-02-01,14427.400000000007
NN3-067,1990-03-01,14427.400000000007
NN3-067,1990-04-01,14427.400000000007
NN3-067,1990-05-01,14427.400000000007
NN3-067,1990-06-01,14427.400000000007
NN3-067,1990-07-01,14427.400000000007
NN3-067,1990-08-01,836.3199999999999
NN3-067,1990-09-01,14427.400000000007
NN3-067,1990-10-01,14427.400000000007
NN3-067,1990-11-01,14427.400000000007
NN3-067,1990-12-01,14427.400000000007
NN3-067,1991-01-01,14427.400000000007
NN3-067,1991-02-01,14427.400000000007
NN3-067,1991-03-01,14427.400000000007
NN3-067,1991-04-01,836.3199999999999
NN3-067,1991-05-01,836.3199999999999
NN3-067,1991-06-01,836.3199999999999
NN3-068,1982-01-01,14427.400000000007
NN3-068,1982-02-01,14427.400000000007
NN3-068,1982-03-01,14427.400000000007
NN3-068,1982-04-01,14427.400000000007
NN3-068,1982-05-01,14427.400000000007
NN3-068,1982-06-01,14427.400000000007
NN3-068,1982-07-01,14427.400000000007
NN3-068,1982-08-01,836.3199999999999
NN3-068,1982-09-01,836.3199999999999
NN3-068,1982-10-01,836.3199999999999
NN3-068,1982-11-01,836.3199999999999
NN3-068,1982-12-01,14427.400000000007
NN3-068,1983-01-01,836.3199999999999
NN3-068,1983-02-01,836.3199999999999
NN3-068,1983-03-01,836.3199999999999
NN3-068,1983-04-01,836.3199999999999
NN3-068,1983-05-01,14427.400000000007
NN3-068,1983-06-01,14427.400000000007
NN3-068,1983-07-01,14427.400000000007
NN3-068,1983-08-01,14427.400000000007
NN3-068,1983-09-01,836.3199999999999
NN3-068,1983-10-01,836.3199999999999
NN3-068,1983-11-01,14427.400000000007
NN3-068,1983-12-01,14427.400000000007
NN3-068,1984-01-01,14427.400000000007
NN3-068,1984-02-01,14427.400000000007
NN3-068,1984-03-01,14427.400000000007
NN3-068,1984-04-01,14427.400000000007
NN3-068,1984-05-01,14427.400000000007
NN3-068,1984-06-01,14427.400000000007
NN3-068,1984-07-01,14427.400000000007
NN3-068,1984-08-01,14427.400000000007
NN3-068,1984-09-01,836.3199999999999
NN3-068,1984-10-01,14427.400000000007
NN3-068,1984-11-01,14427.400000000007
NN3-068,1984-12-01,14427.400000000007
NN3-068,1985-01-01,836.3199999999999
NN3-068,1985-02-01,836.3199999999999
NN3-068,1985-03-01,836.3199999999999
NN3-068,1985-04-01,836.3199999999999
NN3-068,1985-05-01,836.3199999999999
NN3-068,1985-06-01,836.3199999999999
NN3-068,1985-07-01,14427.400000000007
NN3-068,1985-08-01,836.3199999999999
NN3-068,1985-09-01,836.3199999999999
NN3-068,1985-10-01,14427.400000000007
NN3-068,1985-11-01,14427.400000000007
NN3-068,1985-12-01,14427.400000000007
NN3-068,1986-01-01,836.3199999999999
NN3-068,1986-02-01,836.3199999999999
NN3-068,1986-03-01,836.3199999999999
NN3-068,1986-04-01,836.3199999999999
NN3-068,1986-05-01,836.3199999999999
NN3-068,1986-06-01,14427.400000000007
NN3-068,1986-07-01,14427.400000000007
NN3-068,1986-08-01,14427.400000000007
NN3-068,1986-09-01,836.3199999999999
NN3-068,1986-10-01,836.3199999999999
NN3-068,1986-11-01,836.3199999999999
NN3-068,1986-12-01,836.3199999999999
NN3-068,1987-01-01,836.3199999999999
NN3-068,1987-02-01,836.3199999999999
NN3-068,1987-03-01,836.3199999999999
NN3-068,1987-04-01,836.3199999999999
NN3-068,1987-05-01,836.3199999999999
NN3-068,1987-06-01,14427.400000000007
NN3-068,1987-07-01,14427.400000000007
NN3-068,1987-08-01,836.3199999999999
NN3-068,1987-09-01,836.3199999999999
NN3-068,1987-10-01,836.3199999999999
NN3-068,1987-11-01,14427.400000000007
NN3-068,1987-12-01,14427.400000000007
NN3-068,1988-01-01,14427.400000000007
NN3-068,1988-02-01,14427.400000000007
NN3-068,1988-03-01,14427.400000000007
NN3-068,1988-04-01,14427.400000000007
NN3-068,1988-05-01,836.3199999999999
NN3-068,1988-06-01,836.3199999999999
NN3-068,1988-07-01,14427.400000000007
NN3-068,1988-08-01,14427.400000000007
NN3-068,1988-09-01,836.3199999999999
NN3-068,1988-10-01,836.3199999999999
NN3-068,1988-11-01,836.3199999999999
NN3-068,1988-12-01,14427.400000000007
NN3-068,1989-01-01,836.3199999999999
NN3-068,1989-02-01,836.3199999999999
NN3-068,1989-03-01,836.3199999999999
NN3-068,1989-04-01,836.3199999999999
NN3-068,1989-05-01,836.3199999999999
NN3-068,1989-06-01,836.3199999999999
NN3-068,1989-07-01,836.3199999999999
NN3-068,1989-08-01,14427.400000000007
NN3-068,1989-09-01,14427.400000000007
NN3-068,1989-10-01,14427.400000000007
NN3-068,1989-11-01,14427.400000000007
NN3-068,1989-12-01,14427.400000000007
NN3-068,1990-01-01,14427.400000000007
NN3-068,1990-02-01,836.3199999999999
NN3-068,1990-03-01,836.3199999999999
NN3-068,1990-04-01,836.3199999999999
NN3-068,1990-05-01,14427.400000000007
NN3-068,1990-06-01,14427.400000000007
NN3-068,1990-07-01,14427.400000000007
NN3-068,1990-08-01,14427.400000000007
NN3-068,1990-09-01,14427.400000000007
NN3-068,1990-10-01,836.3199999999999
NN3-068,1990-11-01,836.3199999999999
NN3-068,1990-12-01,836.3199999999999
NN3-068,1991-01-01,836.3199999999999
NN3-069,1981-01-01,836.3199999999999
NN3-069,1981-02-01,836.3199999999999
NN3-069,1981-03-01,836.3199999999999
NN3-069,1981-04-01,836.3199999999999
NN3-069,1981-05-01,836.3199999999999
NN3-069,1981-06-01,836.3199999999999
NN3-069,1981-07-01,14427.400000000007
NN3-069,1981-08-01,14427.400000000007
NN3-069,1981-09-01,836.3199999999999
NN3-069,1981-10-01,836.3199999999999
NN3-069,1981-11-01,836.3199999999999
NN3-069,1981-12-01,14427.400000000007
NN3-069,1982-01-01,14427.400000000007
NN3-069,1982-02-01,14427.400000000007
NN3-069,1982-03-01,14427.400000000007
NN3-069,1982-04-01,14427.400000000007
NN3-069,1982-05-01,14427.400000000007
NN3-069,1982-06-01,14427.400000000007
NN3-069,1982-07-01,836.3199999999999
NN3-069,1982-08-01,836.3199999999999
NN3-069,1982-09-01,836.3199999999999
NN3-069,1982-10-01,836.3199999999999
NN3-069,1982-11-01,836.3199999999999
NN3-069,1982-12-01,836.3199999999999
NN3-069,1983-01-01,836.3199999999999
NN3-069,1983-02-01,836.3199999999999
NN3-069,1983-03-01,836.3199999999999
NN3-069,1983-04-01,836.3199999999999
NN3-069,1983-05-01,14427.400000000007
NN3-069,1983-06-01,14427.400000000007
NN3-069,1983-07-01,836.3199999999999
NN3-069,1983-08-01,836.3199999999999
NN3-069,1983-09-01,836.3199999999999
NN3-069,1983-10-01,836.3199999999999
NN3-069,1983-11-01,836.3199999999999
NN3-069,1983-12-01,836.3199999999999
NN3-069,1984-01-01,836.3199999999999
NN3-069,1984-02-01,836.3199999999999
NN3-069,1984-03-01,14427.400000000007
NN3-069,1984-04-01,14427.400000000007
NN3-069,1984-05-01,836.3199999999999
NN3-069,1984-06-01,836.3199999999999
NN3-069,1984-07-01,836.3199999999999
NN3-069,1984-08-01,836.3199999999999
NN3-069,1984-09-01,836.3199999999999
NN3-069,1984-10-01,836.3199999999999
NN3-069,1984-11-01,836.3199999999999
NN3-069,1984-12-01,836.3199999999999
NN3-069,1985-01-01,836.3199999999999
NN3-069,1985-02-01,836.3199999999999
NN3-069,1985-03-01,14427.400000000007
NN3-069,1985-04-01,14427.400000000007
NN3-069,1985-05-01,14427.400000000007
NN3-069,1985-06-01,836.3199999999999
NN3-069,1985-07-01,836.3199999999999
NN3-069,1985-08-01,836.3199999999999
NN3-069,1985-09-01,14427.400000000007
NN3-069,1985-10-01,14427.400000000007
NN3-069,1985-11-01,14427.400000000007
NN3-069,1985-12-01,836.3199999999999
NN3-069,1986-01-01,14427.400000000007
NN3-069,1986-02-01,14427.400000000007
NN3-069,1986-03-01,14427.400000000007
NN3-069,1986-04-01,836.3199999999999
NN3-069,1986-05-01,836.3199999999999
NN3-069,1986-06-01,836.3199999999999
NN3-069,1986-07-01,14427.400000000007
NN3-069,1986-08-01,14427.400000000007
NN3-069,1986-09-01,14427.400000000007
NN3-069,1986-10-01,836.3199999999999
NN3-069,1986-11-01,836.3199999999999
NN3-069,1986-12-01,836.3199999999999
NN3-069,1987-01-01,836.3199999999999
NN3-069,1987-02-01,836.3199999999999
NN3-069,1987-03-01,14427.400000000007
NN3-069,1987-04-01,14427.400000000007
NN3-069,1987-05-01,14427.400000000007
NN3-069,1987-06-01,836.3199999999999
NN3-069,1987-07-01,836.3199999999999
NN3-069,1987-08-01,14427.400000000007
NN3-069,1987-09-01,836.3199999999999
NN3-069,1987-10-01,836.3199999999999
NN3-069,1987-11-01,836.3199999999999
NN3-069,1987-12-01,836.3199999999999
NN3-069,1988-01-01,836.3199999999999
NN3-069,1988-02-01,836.3199999999999
NN3-069,1988-03-01,836.3199999999999
NN3-069,1988-04-01,14427.400000000007
NN3-069,1988-05-01,14427.400000000007
NN3-069,1988-06-01,836.3199999999999
NN3-069,1988-07-01,836.3199999999999
NN3-069,1988-08-01,836.3199999999999
NN3-069,1988-09-01,14427.400000000007
NN3-069,1988-10-01,14427.400000000007
NN3-069,1988-11-01,14427.400000000007
NN3-069,1988-12-01,14427.400000000007
NN3-069,1989-01-01,14427.400000000007
NN3-069,1989-02-01,14427.400000000007
NN3-069,1989-03-01,836.3199999999999
NN3-069,1989-04-01,836.3199999999999
NN3-069,1989-05-01,836.3199999999999
NN3-069,1989-06-01,836.3199999999999
NN3-069,1989-07-01,836.3199999999999
NN3-069,1989-08-01,14427.400000000007
NN3-069,1989-09-01,836.3199999999999
NN3-069,1989-10-01,836.3199999999999
NN3-069,1989-11-01,836.3199999999999
NN3-069,1989-12-01,836.3199999999999
NN3-069,1990-01-01,836.3199999999999
NN3-070,1981-01-01,836.3199999999999
NN3-070,1981-02-01,836.3199999999999
NN3-070,1981-03-01,836.3199999999999
NN3-070,1981-04-01,836.3199999999999
NN3-070,1981-05-01,836.3199999999999
NN3-070,1981-06-01,14427.400000000007
NN3-070,1981-07-01,14427.400000000007
NN3-070,1981-08-01,14427.400000000007
NN3-070,1981-09-01,14427.400000000007
NN3-070,1981-10-01,14427.400000000007
NN3-070,1981-11-01,14427.400000000007
NN3-070,1981-12-01,14427.400000000007
NN3-070,1982-01-01,836.3199999999999
NN3-070,1982-02-01,836.3199999999999
NN3-070,1982-03-01,14427.400000000007
NN3-070,1982-04-01,14427.400000000007
NN3-070,1982-05-01,14427.400000000007
NN3-070,1982-06-01,14427.400000000007
NN3-070,1982-07-01,14427.400000000007
NN3-070,1982-08-01,14427.400000000007
NN3-070,1982-09-01,14427.400000000007
NN3-070,1982-10-01,14427.400000000007
NN3-070,1982-11-01,836.3199999999999
NN3-070,1982-12-01,836.3199999999999
NN3-070,1983-01-01,836.3199999999999
NN3-070,1983-02-01,836.3199999999999
NN3-070,1983-03-01,836.3199999999999
NN3-070,1983-04-01,836.3199999999999
NN3-070,1983-05-01,14427.400000000007
NN3-070,1983-06-01,14427.400000000007
NN3-070,1983-07-01,14427.400000000007
NN3-070,1983-08-01,14427.400000000007
NN3-070,1983-09-01,14427.400000000007
NN3-070,1983-10-01,14427.400000000007
NN3-070,1983-11-01,14427.400000000007
NN3-070,1983-12-01,14427.400000000007
NN3-070,1984-01-01,14427.400000000007
NN3-070,1984-02-01,836.3199999999999
NN3-070,1984-03-01,836.3199999999999
NN3-070,1984-04-01,836.3199999999999
NN3-070,1984-05-01,14427.400000000007
NN3-070,1984-06-01,14427.400000000007
NN3-070,1984-07-01,14427.400000000007
NN3-070,1984-08-01,14427.400000000007
NN3-070,1984-09-01,14427.400000000007
NN3-070,1984-10-01,14427.400000000007
NN3-070,1984-11-01,14427.400000000007
NN3-070,1984-12-01,14427.400000000007
NN3-070,1985-01-01,14427.400000000007
NN3-070,1985-02-01,14427.400000000007
NN3-070,1985-03-01,836.3199999999999
NN3-070,1985-04-01,836.3199999999999
NN3-070,1985-05-01,14427.400000000007
NN3-070,1985-06-01,14427.400000000007
NN3-070,1985-07-01,14427.400000000007
NN3-070,1985-08-01,14427.400000000007
NN3-070,1985-09-01,14427.400000000007
NN3-070,1985-10-01,14427.400000000007
NN3-070,1985-11-01,836.3199999999999
NN3-070,1985-12-01,836.3199999999999
NN3-070,1986-01-01,836.3199999999999
NN3-070,1986-02-01,836.3199999999999
NN3-070,1986-03-01,836.3199999999999
NN3-070,1986-04-01,836.3199999999999
NN3-070,1986-05-01,836.3199999999999
NN3-070,1986-06-01,836.3199999999999
NN3-070,1986-07-01,836.3199999999999
NN3-070,1986-08-01,836.3199999999999
NN3-070,1986-09-01,14427.400000000007
NN3-070,1986-10-01,836.3199999999999
NN3-070,1986-11-01,836.3199999999999
NN3-070,1986-12-01,836.3199999999999
NN3-070,1987-01-01,836.3199999999999
NN3-070,1987-02-01,836.3199999999999
NN3-070,1987-03-01,14427.400000000007
NN3-070,1987-04-01,14427.400000000007
NN3-070,1987-05-01,14427.400000000007
NN3-070,1987-06-01,836.3199999999999
NN3-070,1987-07-01,14427.400000000007
NN3-070,1987-08-01,14427.400000000007
NN3-070,1987-09-01,836.3199999999999
NN3-070,1987-10-01,836.3199999999999
NN3-070,1987-11-01,836.3199999999999
NN3-070,1987-12-01,14427.400000000007
NN3-070,1988-01-01,836.3199999999999
NN3-070,1988-02-01,836.3199999999999
NN3-070,1988-03-01,836.3199999999999
NN3-070,1988-04-01,836.3199999999999
NN3-070,1988-05-01,836.3199999999999
NN3-070,1988-06-01,14427.400000000007
NN3-070,1988-07-01,14427.400000000007
NN3-070,1988-08-01,14427.400000000007
NN3-070,1988-09-01,836.3199999999999
NN3-070,1988-10-01,836.3199999999999
NN3-070,1988-11-01,836.3199999999999
NN3-070,1988-12-01,836.3199999999999
NN3-070,1989-01-01,836.3199999999999
NN3-070,1989-02-01,836.3199999999999
NN3-070,1989-03-01,14427.400000000007
NN3-070,1989-04-01,14427.400000000007
NN3-070,1989-05-01,836.3199999999999
NN3-070,1989-06-01,14427.400000000007
NN3-070,1989-07-01,14427.400000000007
NN3-070,1989-08-01,14427.400000000007
NN3-070,1989-09-01,836.3199999999999
NN3-070,1989-10-01,836.3199999999999
NN3-070,1989-11-01,836.3199999999999
NN3-070,1989-12-01,836.3199999999999
NN3-070,1990-01-01,836.3199999999999
NN3-071,1978-01-01,836.3199999999999
NN3-071,1978-02-01,836.3199999999999
NN3-071,1978-03-01,836.3199999999999
NN3-071,1978-04-01,14427.400000000007
NN3-071,1978-05-01,14427.400000000007
NN3-071,1978-06-01,836.3199999999999
NN3-071,1978-07-01,836.3199999999999
NN3-071,1978-08-01,14427.400000000007
NN3-071,1978-09-01,14427.400000000007
NN3-071,1978-10-01,14427.400000000007
NN3-071,1978-11-01,836.3199999999999
NN3-071,1978-12-01,836.3199999999999
NN3-071,1979-01-01,836.3199999999999
NN3-071,1979-02-01,14427.400000000007
NN3-071,1979-03-01,14427.400000000007
NN3-071,1979-04-01,14427.400000000007
NN3-071,1979-05-01,14427.400000000007
NN3-071,1979-06-01,14427.400000000007
NN3-071,1979-07-01,14427.400000000007
NN3-071,1979-08-01,836.3199999999999
NN3-071,1979-09-01,14427.400000000007
NN3-071,1979-10-01,14427.400000000007
NN3-071,1979-11-01,836.3199999999999
NN3-071,1979-12-01,836.3199999999999
NN3-071,1980-01-01,836.3199999999999
NN3-071,1980-02-01,836.3199999999999
NN3-071,1980-03-01,14427.400000000007
NN3-071,1980-04-01,14427.400000000007
NN3-071,1980-05-01,14427.400000000007
NN3-071,1980-06-01,14427.400000000007
NN3-071,1980-07-01,836.3199999999999
NN3-071,1980-08-01,836.3199999999999
NN3-071,1980-09-01,836.3199999999999
NN3-071,1980-10-01,14427.400000000007
NN3-071,1980-11-01,14427.400000000007
NN3-071,1980-12-01,14427.400000000007
NN3-071,1981-01-01,14427.400000000007
NN3-071,1981-02-01,836.3199999999999
NN3-071,1981-03-01,836.3199999999999
NN3-071,1981-04-01,836.3199999999999
NN3-071,1981-05-01,14427.400000000007
NN3-071,1981-06-01,14427.400000000007
NN3-071,1981-07-01,836.3199999999999
NN3-071,1981-08-01,836.3199999999999
NN3-071,1981-09-01,836.3199999999999
NN3-071,1981-10-01,14427.400000000007
NN3-071,1981-11-01,14427.400000000007
NN3-071,1981-12-01,836.3199999999999
NN3-071,1982-01-01,836.3199999999999
NN3-071,1982-02-01,836.3199999999999
NN3-071,1982-03-01,836.3199999999999
NN3-071,1982-04-01,836.3199999999999
NN3-071,1982-05-01,836.3199999999999
NN3-071,1982-06-01,14427.400000000007
NN3-071,1982-07-01,14427.400000000007
NN3-071,1982-08-01,836.3199999999999
NN3-071,1982-09-01,836.3199999999999
NN3-071,1982-10-01,836.3199999999999
NN3-071,1982-11-01,836.3199999999999
NN3-071,1982-12-01,836.3199999999999
NN3-071,1983-01-01,836.3199999999999
NN3-071,1983-02-01,836.3199999999999
NN3-071,1983-03-01,14427.400000000007
NN3-071,1983-04-01,836.3199999999999
NN3-071,1983-05-01,836.3199999999999
NN3-071,1983-06-01,14427.400000000007
NN3-071,1983-07-01,14427.400000000007
NN3-071,1983-08-01,836.3199999999999
NN3-071,1983-09-01,836.3199999999999
NN3-071,1983-10-01,836.3199999999999
NN3-071,1983-11-01,836.3199999999999
NN3-071,1983-12-01,836.3199999999999
NN3-071,1984-01-01,836.3199999999999
NN3-071,1984-02-01,836.3199999999999
NN3-071,1984-03-01,836.3199999999999
NN3-071,1984-04-01,14427.400000000007
NN3-071,1984-05-01,14427.400000000007
NN3-071,1984-06-01,14427.400000000007
NN3-071,1984-07-01,14427.400000000007
NN3-071,1984-08-01,14427.400000000007
NN3-071,1984-09-01,14427.400000000007
NN3-071,1984-10-01,14427.400000000007
NN3-071,1984-11-01,14427.400000000007
NN3-071,1984-12-01,14427.400000000007
NN3-071,1985-01-01,836.3199999999999
NN3-071,1985-02-01,836.3199999999999
NN3-071,1985-03-01,14427.400000000007
NN3-071,1985-04-01,14427.400000000007
NN3-071,1985-05-01,836.3199999999999
NN3-071,1985-06-01,836.3199999999999
NN3-071,1985-07-01,14427.400000000007
NN3-071,1985-08-01,14427.400000000007
NN3-071,1985-09-01,836.3199999999999
NN3-071,1985-10-01,836.3199999999999
NN3-071,1985-11-01,836.3199999999999
NN3-071,1985-12-01,14427.400000000007
NN3-071,1986-01-01,836.3199999999999
NN3-071,1986-02-01,836.3199999999999
NN3-071,1986-03-01,836.3199999999999
NN3-071,1986-04-01,14427.400000000007
NN3-071,1986-05-01,14427.400000000007
NN3-071,1986-06-01,14427.400000000007
NN3-071,1986-07-01,14427.400000000007
NN3-071,1986-08-01,14427.400000000007
NN3-071,1986-09-01,14427.400000000007
NN3-071,1986-10-01,836.3199999999999
NN3-071,1986-11-01,836.3199999999999
NN3-071,1986-12-01,14427.400000000007
NN3-071,1987-01-01,14427.400000000007
NN3-071,1987-02-01,14427.400000000007
NN3-071,1987-03-01,836.3199999999999
NN3-071,1987-04-01,836.3199999999999
NN3-071,1987-05-01,836.3199999999999
NN3-071,1987-06-01,14427.400000000007
NN3-072,1981-01-01,14427.400000000007
NN3-072,1981-02-01,14427.400000000007
NN3-072,1981-03-01,836.3199999999999
NN3-072,1981-04-01,836.3199999999999
NN3-072,1981-05-01,14427.400000000007
NN3-072,1981-06-01,14427.400000000007
NN3-072,1981-07-01,14427.400000000007
NN3-072,1981-08-01,836.3199999999999
NN3-072,1981-09-01,836.3199999999999
NN3-072,1981-10-01,836.3199999999999
NN3-072,1981-11-01,836.3199999999999
NN3-072,1981-12-01,836.3199999999999
NN3-072,1982-01-01,836.3199999999999
NN3-072,1982-02-01,14427.400000000007
NN3-072,1982-03-01,14427.400000000007
NN3-072,1982-04-01,14427.400000000007
NN3-072,1982-05-01,14427.400000000007
NN3-072,1982-06-01,14427.400000000007
NN3-072,1982-07-01,14427.400000000007
NN3-072,1982-08-01,14427.400000000007
NN3-072,1982-09-01,14427.400000000007
NN3-072,1982-10-01,836.3199999999999
NN3-072,1982-11-01,836.3199999999999
NN3-072,1982-12-01,836.3199999999999
NN3-072,1983-01-01,14427.400000000007
NN3-072,1983-02-01,14427.400000000007
NN3-072,1983-03-01,14427.400000000007
NN3-072,1983-04-01,14427.400000000007
NN3-072,1983-05-01,14427.400000000007
NN3-072,1983-06-01,836.3199999999999
NN3-072,1983-07-01,836.3199999999999
NN3-072,1983-08-01,836.3199999999999
NN3-072,1983-09-01,14427.400000000007
NN3-072,1983-10-01,14427.400000000007
NN3-072,1983-11-01,14427.400000000007
NN3-072,1983-12-01,14427.400000000007
NN3-072,1984-01-01,14427.400000000007
NN3-072,1984-02-01,14427.400000000007
NN3-072,1984-03-01,14427.400000000007
NN3-072,1984-04-01,14427.400000000007
NN3-072,1984-05-01,14427.400000000007
NN3-072,1984-06-01,14427.400000000007
NN3-072,1984-07-01,836.3199999999999
NN3-072,1984-08-01,836.3199999999999
NN3-072,1984-09-01,14427.400000000007
NN3-072,1984-10-01,14427.400000000007
NN3-072,1984-11-01,14427.400000000007
NN3-072,1984-12-01,14427.400000000007
NN3-072,1985-01-01,14427.400000000007
NN3-072,1985-02-01,836.3199999999999
NN3-072,1985-03-01,836.3199999999999
NN3-072,1985-04-01,836.3199999999999
NN3-072,1985-05-01,836.3199999999999
NN3-072,1985-06-01,836.3199999999999
NN3-072,1985-07-01,836.3199999999999
NN3-072,1985-08-01,14427.400000000007
NN3-072,1985-09-01,14427.400000000007
NN3-072,1985-10-01,14427.400000000007
NN3-072,1985-11-01,14427.400000000007
NN3-072,1985-12-01,14427.400000000007
NN3-072,1986-01-01,14427.400000000007
NN3-072,1986-02-01,836.3199999999999
NN3-072,1986-03-01,836.3199999999999
NN3-072,1986-04-01,836.3199999999999
NN3-072,1986-05-01,836.3199999999999
NN3-072,1986-06-01,836.3199999999999
NN3-072,1986-07-01,836.3199999999999
NN3-072,1986-08-01,14427.400000000007
NN3-072,1986-09-01,14427.400000000007
NN3-072,1986-10-01,14427.400000000007
NN3-072,1986-11-01,836.3199999999999
NN3-072,1986-12-01,836.3199999999999
NN3-072,1987-01-01,836.3199999999999
NN3-072,1987-02-01,14427.400000000007
NN3-072,1987-03-01,14427.400000000007
NN3-072,1987-04-01,836.3199999999999
NN3-072,1987-05-01,836.3199999999999
NN3-072,1987-06-01,836.3199999999999
NN3-072,1987-07-01,836.3199999999999
NN3-072,1987-08-01,14427.400000000007
NN3-072,1987-09-01,836.3199999999999
NN3-072,1987-10-01,836.3199999999999
NN3-072,1987-11-01,836.3199999999999
NN3-072,1987-12-01,836.3199999999999
NN3-072,1988-01-01,836.3199999999999
NN3-072,1988-02-01,836.3199999999999
NN3-072,1988-03-01,14427.400000000007
NN3-072,1988-04-01,14427.400000000007
NN3-072,1988-05-01,14427.400000000007
NN3-072,1988-06-01,14427.400000000007
NN3-072,1988-07-01,14427.400000000007
NN3-072,1988-08-01,14427.400000000007
NN3-072,1988-09-01,14427.400000000007
NN3-072,1988-10-01,836.3199999999999
NN3-072,1988-11-01,836.3199999999999
NN3-072,1988-12-01,836.3199999999999
NN3-072,1989-01-01,14427.400000000007
NN3-072,1989-02-01,14427.400000000007
NN3-072,1989-03-01,836.3199999999999
NN3-072,1989-04-01,14427.400000000007
NN3-072,1989-05-01,14427.400000000007
NN3-072,1989-06-01,14427.400000000007
NN3-072,1989-07-01,836.3199999999999
NN3-072,1989-08-01,836.3199999999999
NN3-072,1989-09-01,14427.400000000007
NN3-072,1989-10-01,14427.400000000007
NN3-072,1989-11-01,14427.400000000007
NN3-072,1989-12-01,14427.400000000007
NN3-072,1990-01-01,836.3199999999999
NN3-072,1990-02-01,14427.400000000007
NN3-072,1990-03-01,14427.400000000007
NN3-072,1990-04-01,836.3199999999999
NN3-072,1990-05-01,836.3199999999999
NN3-072,1990-06-01,836.3199999999999
NN3-073,1982-01-01,836.3199999999999
NN3-073,1982-02-01,836.3199999999999
NN3-073,1982-03-01,836.3199999999999
NN3-073,1982-04-01,836.3199999999999
NN3-073,1982-05-01,836.3199999999999
NN3-073,1982-06-01,836.3199999999999
NN3-073,1982-07-01,836.3199999999999
NN3-073,1982-08-01,14427.400000000007
NN3-073,1982-09-01,14427.400000000007
NN3-073,1982-10-01,836.3199999999999
NN3-073,1982-11-01,836.3199999999999
NN3-073,1982-12-01,14427.400000000007
NN3-073,1983-01-01,14427.400000000007
NN3-073,1983-02-01,14427.400000000007
NN3-073,1983-03-01,14427.400000000007
NN3-073,1983-04-01,836.3199999999999
NN3-073,1983-05-01,836.3199999999999
NN3-073,1983-06-01,836.3199999999999
NN3-073,1983-07-01,14427.400000000007
NN3-073,1983-08-01,14427.400000000007
NN3-073,1983-09-01,14427.400000000007
NN3-073,1983-10-01,836.3199999999999
NN3-073,1983-11-01,836.3199999999999
NN3-073,1983-12-01,836.3199999999999
NN3-073,1984-01-01,836.3199999999999
NN3-073,1984-02-01,14427.400000000007
NN3-073,1984-03-01,14427.400000000007
NN3-073,1984-04-01,14427.400000000007
NN3-073,1984-05-01,836.3199999999999
NN3-073,1984-06-01,836.3199999999999
NN3-073,1984-07-01,836.3199999999999
NN3-073,1984-08-01,836.3199999999999
NN3-073,1984-09-01,14427.400000000007
NN3-073,1984-10-01,14427.400000000007
NN3-073,1984-11-01,836.3199999999999
NN3-073,1984-12-01,14427.400000000007
NN3-073,1985-01-01,14427.400000000007
NN3-073,1985-02-01,14427.400000000007
NN3-073,1985-03-01,836.3199999999999
NN3-073,1985-04-01,836.3199999999999
NN3-073,1985-05-01,836.3199999999999
NN3-073,1985-06-01,14427.400000000007
NN3-073,1985-07-01,14427.400000000007
NN3-073,1985-08-01,14427.400000000007
NN3-073,1985-09-01,14427.400000000007
NN3-073,1985-10-01,14427.400000000007
NN3-073,1985-11-01,836.3199999999999
NN3-073,1985-12-01,836.3199999999999
NN3-073,1986-01-01,836.3199999999999
NN3-073,1986-02-01,14427.400000000007
NN3-073,1986-03-01,14427.400000000007
NN3-073,1986-04-01,836.3199999999999
NN3-073,1986-05-01,836.3199999999999
NN3-073,1986-06-01,14427.400000000007
NN3-073,1986-07-01,14427.400000000007
NN3-073,1986-08-01,14427.400000000007
NN3-073,1986-09-01,836.3199999999999
NN3-073,1986-10-01,836.3199999999999
NN3-073,1986-11-01,836.3199999999999
NN3-073,1986-12-01,836.3199999999999
NN3-073,1987-01-01,836.3199999999999
NN3-073,1987-02-01,836.3199999999999
NN3-073,1987-03-01,14427.400000000007
NN3-073,1987-04-01,14427.400000000007
NN3-073,1987-05-01,14427.400000000007
NN3-073,1987-06-01,14427.400000000007
NN3-073,1987-07-01,14427.400000000007
NN3-073,1987-08-01,836.3199999999999
NN3-073,1987-09-01,836.3199999999999
NN3-073,1987-10-01,836.3199999999999
NN3-073,1987-11-01,836.3199999999999
NN3-073,1987-12-01,14427.400000000007
NN3-073,1988-01-01,14427.400000000007
NN3-073,1988-02-01,14427.400000000007
NN3-073,1988-03-01,14427.400000000007
NN3-073,1988-04-01,836.3199999999999
NN3-073,1988-05-01,836.3199999999999
NN3-073,1988-06-01,836.3199999999999
NN3-073,1988-07-01,14427.400000000007
NN3-073,1988-08-01,836.3199999999999
NN3-073,1988-09-01,836.3199999999999
NN3-073,1988-10-01,836.3199999999999
NN3-073,1988-11-01,14427.400000000007
NN3-073,1988-12-01,14427.400000000007
NN3-073,1989-01-01,14427.400000000007
NN3-073,1989-02-01,14427.400000000007
NN3-073,1989-03-01,14427.400000000007
NN3-073,1989-04-01,836.3199999999999
NN3-073,1989-05-01,836.3199999999999
NN3-073,1989-06-01,836.3199999999999
NN3-073,1989-07-01,836.3199999999999
NN3-073,1989-08-01,14427.400000000007
NN3-073,1989-09-01,14427.400000000007
NN3-073,1989-10-01,14427.400000000007
NN3-073,1989-11-01,14427.400000000007
NN3-073,1989-12-01,14427.400000000007
NN3-073,1990-01-01,836.3199999999999
NN3-073,1990-02-01,836.3199999999999
NN3-073,1990-03-01,836.3199999999999
NN3-073,1990-04-01,836.3199999999999
NN3-073,1990-05-01,836.3199999999999
NN3-073,1990-06-01,14427.400000000007
NN3-073,1990-07-01,14427.400000000007
NN3-073,1990-08-01,14427.400000000007
NN3-073,1990-09-01,836.3199999999999
NN3-073,1990-10-01,836.3199999999999
NN3-073,1990-11-01,14427.400000000007
NN3-073,1990-12-01,836.3199999999999
NN3-073,1991-01-01,836.3199999999999
NN3-073,1991-02-01,14427.400000000007
NN3-073,1991-03-01,14427.400000000007
NN3-073,1991-04-01,14427.400000000007
NN3-073,1991-05-01,14427.400000000007
NN3-073,1991-06-01,14427.400000000007
NN3-074,1978-01-01,836.3199999999999
NN3-074,1978-02-01,14427.400000000007
NN3-074,1978-03-01,14427.400000000007
NN3-074,1978-04-01,836.3199999999999
NN3-074,1978-05-01,836.3199999999999
NN3-074,1978-06-01,14427.400000000007
NN3-074,1978-07-01,14427.400000000007
NN3-074,1978-08-01,836.3199999999999
NN3-074,1978-09-01,836.3199999999999
NN3-074,1978-10-01,836.3199999999999
NN3-074,1978-11-01,14427.400000000007
NN3-074,1978-12-01,14427.400000000007
NN3-074,1979-01-01,14427.400000000007
NN3-074,1979-02-01,14427.400000000007
NN3-074,1979-03-01,14427.400000000007
NN3-074,1979-04-01,836.3199999999999
NN3-074,1979-05-01,14427.400000000007
NN3-074,1979-06-01,14427.400000000007
NN3-074,1979-07-01,14427.400000000007
NN3-074,1979-08-01,836.3199999999999
NN3-074,1979-09-01,836.3199999999999
NN3-074,1979-10-01,836.3199999999999
NN3-074,1979-11-01,836.3199999999999
NN3-074,1979-12-01,836.3199999999999
NN3-074,1980-01-01,14427.400000000007
NN3-074,1980-02-01,14427.400000000007
NN3-074,1980-03-01,14427.400000000007
NN3-074,1980-04-01,836.3199999999999
NN3-074,1980-05-01,836.3199999999999
NN3-074,1980-06-01,836.3199999999999
NN3-074,1980-07-01,14427.400000000007
NN3-074,1980-08-01,14427.400000000007
NN3-074,1980-09-01,14427.400000000007
NN3-074,1980-10-01,14427.400000000007
NN3-074,1980-11-01,14427.400000000007
NN3-074,1980-12-01,836.3199999999999
NN3-074,1981-01-01,836.3199999999999
NN3-074,1981-02-01,14427.400000000007
NN3-074,1981-03-01,14427.400000000007
NN3-074,1981-04-01,3689.2363384345713
NN3-074,1981-05-01,14427.400000000007
NN3-074,1981-06-01,14427.400000000007
NN3-074,1981-07-01,836.3199999999999
NN3-074,1981-08-01,836.3199999999999
NN3-074,1981-09-01,836.3199999999999
NN3-074,1981-10-01,14427.400000000007
NN3-074,1981-11-01,14427.400000000007
NN3-074,1981-12-01,14427.400000000007
NN3-074,1982-01-01,836.3199999999999
NN3-074,1982-02-01,836.3199999999999
NN3-074,1982-03-01,14427.400000000007
NN3-074,1982-04-01,14427.400000000007
NN3-074,1982-05-01,14427.400000000007
NN3-074,1982-06-01,14427.400000000007
NN3-074,1982-07-01,14427.400000000007
NN3-074,1982-08-01,836.3199999999999
NN3-074,1982-09-01,836.3199999999999
NN3-074,1982-10-01,14427.400000000007
NN3-074,1982-11-01,14427.400000000007
NN3-074,1982-12-01,14427.400000000007
NN3-074,1983-01-01,836.3199999999999
NN3-074,1983-02-01,14427.400000000007
NN3-074,1983-03-01,14427.400000000007
NN3-074,1983-04-01,14427.400000000007
NN3-074,1983-05-01,836.3199999999999
NN3-074,1983-06-01,14427.400000000007
NN3-074,1983-07-01,14427.400000000007
NN3-074,1983-08-01,14427.400000000007
NN3-074,1983-09-01,836.3199999999999
NN3-074,1983-10-01,836.3199999999999
NN3-074,1983-11-01,836.3199999999999
NN3-074,1983-12-01,836.3199999999999
NN3-074,1984-01-01,836.3199999999999
NN3-074,1984-02-01,14427.400000000007
NN3-074,1984-03-01,14427.400000000007
NN3-074,1984-04-01,14427.400000000007
NN3-074,1984-05-01,836.3199999999999
NN3-074,1984-06-01,836.3199999999999
NN3-074,1984-07-01,836.3199999999999
NN3-074,1984-08-01,14427.400000000007
NN3-074,1984-09-01,14427.400000000007
NN3-074,1984-10-01,836.3199999999999
NN3-074,1984-11-01,836.3199999999999
NN3-074,1984-12-01,836.3199999999999
NN3-074,1985-01-01,836.3199999999999
NN3-074,1985-02-01,836.3199999999999
NN3-074,1985-03-01,836.3199999999999
NN3-074,1985-04-01,836.3199999999999
NN3-074,1985-05-01,836.3199999999999
NN3-074,1985-06-01,836.3199999999999
NN3-074,1985-07-01,836.3199999999999
NN3-074,1985-08-01,836.3199999999999
NN3-074,1985-09-01,836.3199999999999
NN3-074,1985-10-01,836.3199999999999
NN3-074,1985-11-01,836.3199999999999
NN3-074,1985-12-01,14427.400000000007
NN3-074,1986-01-01,836.3199999999999
NN3-074,1986-02-01,836.3199999999999
NN3-074,1986-03-01,14427.400000000007
NN3-074,1986-04-01,14427.400000000007
NN3-074,1986-05-01,836.3199999999999
NN3-074,1986-06-01,836.3199999999999
NN3-074,1986-07-01,14427.400000000007
NN3-074,1986-08-01,14427.400000000007
NN3-074,1986-09-01,14427.400000000007
NN3-074,1986-10-01,14427.400000000007
NN3-074,1986-11-01,14427.400000000007
NN3-074,1986-12-01,14427.400000000007
NN3-074,1987-01-01,836.3199999999999
NN3-074,1987-02-01,836.3199999999999
NN3-074,1987-03-01,14427.400000000007
NN3-074,1987-04-01,14427.400000000007
NN3-074,1987-05-01,836.3199999999999
NN3-074,1987-06-01,836.3199999999999
NN3-075,1982-01-01,14427.400000000007
NN3-075,1982-02-01,14427.400000000007
NN3-075,1982-03-01,14427.400000000007
NN3-075,1982-04-01,14427.400000000007
NN3-075,1982-05-01,836.3199999999999
NN3-075,1982-06-01,836.3199999999999
NN3-075,1982-07-01,836.3199999999999
NN3-075,1982-08-01,14427.400000000007
NN3-075,1982-09-01,14427.400000000007
NN3-075,1982-10-01,836.3199999999999
NN3-075,1982-11-01,836.3199999999999
NN3-075,1982-12-01,14427.400000000007
NN3-075,1983-01-01,14427.400000000007
NN3-075,1983-02-01,14427.400000000007
NN3-075,1983-03-01,836.3199999999999
NN3-075,1983-04-01,836.3199999999999
NN3-075,1983-05-01,836.3199999999999
NN3-075,1983-06-01,14427.400000000007
NN3-075,1983-07-01,14427.400000000007
NN3-075,1983-08-01,14427.400000000007
NN3-075,1983-09-01,836.3199999999999
NN3-075,1983-10-01,836.3199999999999
NN3-075,1983-11-01,14427.400000000007
NN3-075,1983-12-01,14427.400000000007
NN3-075,1984-01-01,14427.400000000007
NN3-075,1984-02-01,14427.400000000007
NN3-075,1984-03-01,14427.400000000007
NN3-075,1984-04-01,14427.400000000007
NN3-075,1984-05-01,14427.400000000007
NN3-075,1984-06-01,14427.400000000007
NN3-075,1984-07-01,836.3199999999999
NN3-075,1984-08-01,836.3199999999999
NN3-075,1984-09-01,836.3199999999999
NN3-075,1984-10-01,14427.400000000007
NN3-075,1984-11-01,14427.400000000007
NN3-075,1984-12-01,14427.400000000007
NN3-075,1985-01-01,836.3199999999999
NN3-075,1985-02-01,836.3199999999999
NN3-075,1985-03-01,836.3199999999999
NN3-075,1985-04-01,836.3199999999999
NN3-075,1985-05-01,14427.400000000007
NN3-075,1985-06-01,14427.400000000007
NN3-075,1985-07-01,14427.400000000007
NN3-075,1985-08-01,14427.400000000007
NN3-075,1985-09-01,14427.400000000007
NN3-075,1985-10-01,14427.400000000007
NN3-075,1985-11-01,14427.400000000007
NN3-075,1985-12-01,836.3199999999999
NN3-075,1986-01-01,836.3199999999999
NN3-075,1986-02-01,14427.400000000007
NN3-075,1986-03-01,836.3199999999999
NN3-075,1986-04-01,836.3199999999999
NN3-075,1986-05-01,836.3199999999999
NN3-075,1986-06-01,14427.400000000007
NN3-075,1986-07-01,14427.400000000007
NN3-075,1986-08-01,836.3199999999999
NN3-075,1986-09-01,836.3199999999999
NN3-075,1986-10-01,14427.400000000007
NN3-075,1986-11-01,14427.400000000007
NN3-075,1986-12-01,14427.400000000007
NN3-075,1987-01-01,836.3199999999999
NN3-075,1987-02-01,14427.400000000007
NN3-075,1987-03-01,14427.400000000007
NN3-075,1987-04-01,836.3199999999999
NN3-075,1987-05-01,836.3199999999999
NN3-075,1987-06-01,836.3199999999999
NN3-075,1987-07-01,836.3199999999999
NN3-075,1987-08-01,836.3199999999999
NN3-075,1987-09-01,836.3199999999999
NN3-075,1987-10-01,836.3199999999999
NN3-075,1987-11-01,836.3199999999999
NN3-075,1987-12-01,836.3199999999999
NN3-075,1988-01-01,836.3199999999999
NN3-075,1988-02-01,14427.400000000007
NN3-075,1988-03-01,836.3199999999999
NN3-075,1988-04-01,836.3199999999999
NN3-075,1988-05-01,836.3199999999999
NN3-075,1988-06-01,14427.400000000007
NN3-075,1988-07-01,14427.400000000007
NN3-075,1988-08-01,14427.400000000007
NN3-075,1988-09-01,14427.400000000007
NN3-075,1988-10-01,14427.400000000007
NN3-075,1988-11-01,836.3199999999999
NN3-075,1988-12-01,836.3199999999999
NN3-075,1989-01-01,836.3199999999999
NN3-075,1989-02-01,836.3199999999999
NN3-075,1989-03-01,836.3199999999999
NN3-075,1989-04-01,836.3199999999999
NN3-075,1989-05-01,836.3199999999999
NN3-075,1989-06-01,14427.400000000007
NN3-075,1989-07-01,14427.400000000007
NN3-075,1989-08-01,836.3199999999999
NN3-075,1989-09-01,836.3199999999999
NN3-075,1989-10-01,836.3199999999999
NN3-075,1989-11-01,14427.400000000007
NN3-075,1989-12-01,14427.400000000007
NN3-075,1990-01-01,836.3199999999999
NN3-075,1990-02-01,836.3199999999999
NN3-075,1990-03-01,836.3199999999999
NN3-075,1990-04-01,836.3199999999999
NN3-075,1990-05-01,836.3199999999999
NN3-075,1990-06-01,836.3199999999999
NN3-075,1990-07-01,14427.400000000007
NN3-075,1990-08-01,14427.400000000007
NN3-075,1990-09-01,14427.400000000007
NN3-075,1990-10-01,836.3199999999999
NN3-075,1990-11-01,836.3199999999999
NN3-075,1990-12-01,836.3199999999999
NN3-075,1991-01-01,836.3199999999999
NN3-075,1991-02-01,836.3199999999999
NN3-075,1991-03-01,14427.400000000007
NN3-075,1991-04-01,836.3199999999999
NN3-075,1991-05-01,14427.400000000007
NN3-075,1991-06-01,14427.400000000007
NN3-076,1977-01-01,14427.400000000007
NN3-076,1977-02-01,14427.400000000007
NN3-076,1977-03-01,14427.400000000007
NN3-076,1977-04-01,836.3199999999999
NN3-076,1977-05-01,836.3199999999999
NN3-076,1977-06-01,14427.400000000007
NN3-076,1977-07-01,836.3199999999999
NN3-076,1977-08-01,836.3199999999999
NN3-076,1977-09-01,836.3199999999999
NN3-076,1977-10-01,836.3199999999999
NN3-076,1977-11-01,14427.400000000007
NN3-076,1977-12-01,836.3199999999999
NN3-076,1978-01-01,836.3199999999999
NN3-076,1978-02-01,836.3199999999999
NN3-076,1978-03-01,836.3199999999999
NN3-076,1978-04-01,836.3199999999999
NN3-076,1978-05-01,836.3199999999999
NN3-076,1978-06-01,836.3199999999999
NN3-076,1978-07-01,836.3199999999999
NN3-076,1978-08-01,836.3199999999999
NN3-076,1978-09-01,836.3199999999999
NN3-076,1978-10-01,836.3199999999999
NN3-076,1978-11-01,836.3199999999999
NN3-076,1978-12-01,836.3199999999999
NN3-076,1979-01-01,14427.400000000007
NN3-076,1979-02-01,14427.400000000007
NN3-076,1979-03-01,14427.400000000007
NN3-076,1979-04-01,836.3199999999999
NN3-076,1979-05-01,836.3199999999999
NN3-076,1979-06-01,14427.400000000007
NN3-076,1979-07-01,14427.400000000007
NN3-076,1979-08-01,14427.400000000007
NN3-076,1979-09-01,836.3199999999999
NN3-076,1979-10-01,836.3199999999999
NN3-076,1979-11-01,836.3199999999999
NN3-076,1979-12-01,14427.400000000007
NN3-076,1980-01-01,14427.400000000007
NN3-076,1980-02-01,14427.400000000007
NN3-076,1980-03-01,836.3199999999999
NN3-076,1980-04-01,836.3199999999999
NN3-076,1980-05-01,836.3199999999999
NN3-076,1980-06-01,836.3199999999999
NN3-076,1980-07-01,836.3199999999999
NN3-076,1980-08-01,836.3199999999999
NN3-076,1980-09-01,836.3199999999999
NN3-076,1980-10-01,836.3199999999999
NN3-076,1980-11-01,14427.400000000007
NN3-076,1980-12-01,14427.400000000007
NN3-076,1981-01-01,14427.400000000007
NN3-076,1981-02-01,836.3199999999999
NN3-076,1981-03-01,836.3199999999999
NN3-076,1981-04-01,836.3199999999999
NN3-076,1981-05-01,836.3199999999999
NN3-076,1981-06-01,836.3199999999999
NN3-076,1981-07-01,836.3199999999999
NN3-076,1981-08-01,836.3199999999999
NN3-076,1981-09-01,14427.400000000007
NN3-076,1981-10-01,14427.400000000007
NN3-076,1981-11-01,836.3199999999999
NN3-076,1981-12-01,836.3199999999999
NN3-076,1982-01-01,836.3199999999999
NN3-076,1982-02-01,14427.400000000007
NN3-076,1982-03-01,14427.400000000007
NN3-076,1982-04-01,14427.400000000007
NN3-076,1982-05-01,14427.400000000007
NN3-076,1982-06-01,14427.400000000007
NN3-076,1982-07-01,836.3199999999999
NN3-076,1982-08-01,14427.400000000007
NN3-076,1982-09-01,14427.400000000007
NN3-076,1982-10-01,14427.400000000007
NN3-076,1982-11-01,14427.400000000007
NN3-076,1982-12-01,14427.400000000007
NN3-076,1983-01-01,14427.400000000007
NN3-076,1983-02-01,14427.400000000007
NN3-076,1983-03-01,836.3199999999999
NN3-076,1983-04-01,836.3199999999999
NN3-076,1983-05-01,836.3199999999999
NN3-076,1983-06-01,14427.400000000007
NN3-076,1983-07-01,14427.400000000007
NN3-076,1983-08-01,14427.400000000007
NN3-076,1983-09-01,836.3199999999999
NN3-076,1983-10-01,14427.400000000007
NN3-076,1983-11-01,14427.400000000007
NN3-076,1983-12-01,14427.400000000007
NN3-076,1984-01-01,14427.400000000007
NN3-076,1984-02-01,836.3199999999999
NN3-076,1984-03-01,836.3199999999999
NN3-076,1984-04-01,836.3199999999999
NN3-076,1984-05-01,836.3199999999999
NN3-076,1984-06-01,836.3199999999999
NN3-076,1984-07-01,836.3199999999999
NN3-076,1984-08-01,836.3199999999999
NN3-076,1984-09-01,836.3199999999999
NN3-076,1984-10-01,14427.400000000007
NN3-076,1984-11-01,14427.400000000007
NN3-076,1984-12-01,14427.400000000007
NN3-076,1985-01-01,836.3199999999999
NN3-076,1985-02-01,836.3199999999999
NN3-076,1985-03-01,14427.400000000007
NN3-076,1985-04-01,14427.400000000007
NN3-076,1985-05-01,14427.400000000007
NN3-076,1985-06-01,14427.400000000007
NN3-076,1985-07-01,14427.400000000007
NN3-076,1985-08-01,14427.400000000007
NN3-076,1985-09-01,14427.400000000007
NN3-076,1985-10-01,836.3199999999999
NN3-076,1985-11-01,836.3199999999999
NN3-076,1985-12-01,836.3199999999999
NN3-076,1986-01-01,14427.400000000007
NN3-076,1986-02-01,14427.400000000007
NN3-076,1986-03-01,14427.400000000007
NN3-076,1986-04-01,14427.400000000007
NN3-076,1986-05-01,836.3199999999999
NN3-076,1986-06-01,836.3199999999999
NN3-077,1981-12-01,14427.400000000007
NN3-077,1982-01-01,836.3199999999999
NN3-077,1982-02-01,836.3199999999999
NN3-077,1982-03-01,836.3199999999999
NN3-077,1982-04-01,14427.400000000007
NN3-077,1982-05-01,14427.400000000007
NN3-077,1982-06-01,836.3199999999999
NN3-077,1982-07-01,836.3199999999999
NN3-077,1982-08-01,836.3199999999999
NN3-077,1982-09-01,14427.400000000007
NN3-077,1982-10-01,14427.400000000007
NN3-077,1982-11-01,14427.400000000007
NN3-077,1982-12-01,14427.400000000007
NN3-077,1983-01-01,14427.400000000007
NN3-077,1983-02-01,836.3199999999999
NN3-077,1983-03-01,836.3199999999999
NN3-077,1983-04-01,14427.400000000007
NN3-077,1983-05-01,14427.400000000007
NN3-077,1983-06-01,14427.400000000007
NN3-077,1983-07-01,836.3199999999999
NN3-077,1983-08-01,836.3199999999999
NN3-077,1983-09-01,836.3199999999999
NN3-077,1983-10-01,836.3199999999999
NN3-077,1983-11-01,14427.400000000007
NN3-077,1983-12-01,14427.400000000007
NN3-077,1984-01-01,14427.400000000007
NN3-077,1984-02-01,14427.400000000007
NN3-077,1984-03-01,14427.400000000007
NN3-077,1984-04-01,14427.400000000007
NN3-077,1984-05-01,14427.400000000007
NN3-077,1984-06-01,836.3199999999999
NN3-077,1984-07-01,836.3199999999999
NN3-077,1984-08-01,836.3199999999999
NN3-077,1984-09-01,836.3199999999999
NN3-077,1984-10-01,14427.400000000007
NN3-077,1984-11-01,14427.400000000007
NN3-077,1984-12-01,14427.400000000007
NN3-077,1985-01-01,14427.400000000007
NN3-077,1985-02-01,14427.400000000007
NN3-077,1985-03-01,14427.400000000007
NN3-077,1985-04-01,14427.400000000007
NN3-077,1985-05-01,14427.400000000007
NN3-077,1985-06-01,14427.400000000007
NN3-077,1985-07-01,14427.400000000007
NN3-077,1985-08-01,14427.400000000007
NN3-077,1985-09-01,836.3199999999999
NN3-077,1985-10-01,836.3199999999999
NN3-077,1985-11-01,836.3199999999999
NN3-077,1985-12-01,14427.400000000007
NN3-077,1986-01-01,14427.400000000007
NN3-077,1986-02-01,836.3199999999999
NN3-077,1986-03-01,836.3199999999999
NN3-077,1986-04-01,836.3199999999999
NN3-077,1986-05-01,14427.400000000007
NN3-077,1986-06-01,14427.400000000007
NN3-077,1986-07-01,14427.400000000007
NN3-077,1986-08-01,836.3199999999999
NN3-077,1986-09-01,836.3199999999999
NN3-077,1986-10-01,836.3199999999999
NN3-077,1986-11-01,836.3199999999999
NN3-077,1986-12-01,836.3199999999999
NN3-077,1987-01-01,836.3199999999999
NN3-077,1987-02-01,14427.400000000007
NN3-077,1987-03-01,14427.400000000007
NN3-077,1987-04-01,14427.400000000007
NN3-077,1987-05-01,14427.400000000007
NN3-077,1987-06-01,836.3199999999999
NN3-077,1987-07-01,836.3199999999999
NN3-077,1987-08-01,836.3199999999999
NN3-077,1987-09-01,14427.400000000007
NN3-077,1987-10-01,836.3199999999999
NN3-077,1987-11-01,836.3199999999999
NN3-077,1987-12-01,836.3199999999999
NN3-077,1988-01-01,14427.400000000007
NN3-077,1988-02-01,14427.400000000007
NN3-077,1988-03-01,836.3199999999999
NN3-077,1988-04-01,836.3199999999999
NN3-077,1988-05-01,836.3199999999999
NN3-077,1988-06-01,14427.400000000007
NN3-077,1988-07-01,14427.400000000007
NN3-077,1988-08-01,836.3199999999999
NN3-077,1988-09-01,14427.400000000007
NN3-077,1988-10-01,14427.400000000007
NN3-077,1988-11-01,836.3199999999999
NN3-077,1988-12-01,836.3199999999999
NN3-077,1989-01-01,836.3199999999999
NN3-077,1989-02-01,836.3199999999999
NN3-077,1989-03-01,836.3199999999999
NN3-077,1989-04-01,14427.400000000007
NN3-077,1989-05-01,14427.400000000007
NN3-077,1989-06-01,14427.400000000007
NN3-077,1989-07-01,836.3199999999999
NN3-077,1989-08-01,836.3199999999999
NN3-077,1989-09-01,836.3199999999999
NN3-077,1989-10-01,836.3199999999999
NN3-077,1989-11-01,14427.400000000007
NN3-077,1989-12-01,14427.400000000007
NN3-077,1990-01-01,14427.400000000007
NN3-077,1990-02-01,14427.400000000007
NN3-077,1990-03-01,836.3199999999999
NN3-077,1990-04-01,836.3199999999999
NN3-077,1990-05-01,836.3199999999999
NN3-077,1990-06-01,14427.400000000007
NN3-077,1990-07-01,836.3199999999999
NN3-077,1990-08-01,836.3199999999999
NN3-077,1990-09-01,836.3199999999999
NN3-077,1990-10-01,14427.400000000007
NN3-077,1990-11-01,14427.400000000007
NN3-077,1990-12-01,14427.400000000007
NN3-077,1991-01-01,836.3199999999999
NN3-077,1991-02-01,836.3199999999999
NN3-077,1991-03-01,836.3199999999999
NN3-077,1991-04-01,836.3199999999999
NN3-077,1991-05-01,14427.400000000007
NN3-078,1979-01-01,836.3199999999999
NN3-078,1979-02-01,14427.400000000007
NN3-078,1979-03-01,14427.400000000007
NN3-078,1979-04-01,836.3199999999999
NN3-078,1979-05-01,14427.400000000007
NN3-078,1979-06-01,14427.400000000007
NN3-078,1979-07-01,14427.400000000007
NN3-078,1979-08-01,836.3199999999999
NN3-078,1979-09-01,836.3199999999999
NN3-078,1979-10-01,836.3199999999999
NN3-078,1979-11-01,14427.400000000007
NN3-078,1979-12-01,14427.400000000007
NN3-078,1980-01-01,836.3199999999999
NN3-078,1980-02-01,836.3199999999999
NN3-078,1980-03-01,836.3199999999999
NN3-078,1980-04-01,836.3199999999999
NN3-078,1980-05-01,836.3199999999999
NN3-078,1980-06-01,836.3199999999999
NN3-078,1980-07-01,836.3199999999999
NN3-078,1980-08-01,14427.400000000007
NN3-078,1980-09-01,14427.400000000007
NN3-078,1980-10-01,14427.400000000007
NN3-078,1980-11-01,836.3199999999999
NN3-078,1980-12-01,836.3199999999999
NN3-078,1981-01-01,836.3199999999999
NN3-078,1981-02-01,14427.400000000007
NN3-078,1981-03-01,836.3199999999999
NN3-078,1981-04-01,836.3199999999999
NN3-078,1981-05-01,14427.400000000007
NN3-078,1981-06-01,14427.400000000007
NN3-078,1981-07-01,836.3199999999999
NN3-078,1981-08-01,836.3199999999999
NN3-078,1981-09-01,836.3199999999999
NN3-078,1981-10-01,836.3199999999999
NN3-078,1981-11-01,836.3199999999999
NN3-078,1981-12-01,836.3199999999999
NN3-078,1982-01-01,14427.400000000007
NN3-078,1982-02-01,14427.400000000007
NN3-078,1982-03-01,14427.400000000007
NN3-078,1982-04-01,836.3199999999999
NN3-078,1982-05-01,836.3199999999999
NN3-078,1982-06-01,14427.400000000007
NN3-078,1982-07-01,14427.400000000007
NN3-078,1982-08-01,836.3199999999999
NN3-078,1982-09-01,836.3199999999999
NN3-078,1982-10-01,836.3199999999999
NN3-078,1982-11-01,14427.400000000007
NN3-078,1982-12-01,14427.400000000007
NN3-078,1983-01-01,14427.400000000007
NN3-078,1983-02-01,14427.400000000007
NN3-078,1983-03-01,14427.400000000007
NN3-078,1983-04-01,14427.400000000007
NN3-078,1983-05-01,14427.400000000007
NN3-078,1983-06-01,836.3199999999999
NN3-078,1983-07-01,836.3199999999999
NN3-078,1983-08-01,14427.400000000007
NN3-078,1983-09-01,14427.400000000007
NN3-078,1983-10-01,14427.400000000007
NN3-078,1983-11-01,14427.400000000007
NN3-078,1983-12-01,14427.400000000007
NN3-078,1984-01-01,14427.400000000007
NN3-078,1984-02-01,14427.400000000007
NN3-078,1984-03-01,14427.400000000007
NN3-078,1984-04-01,14427.400000000007
NN3-078,1984-05-01,14427.400000000007
NN3-078,1984-06-01,836.3199999999999
NN3-078,1984-07-01,14427.400000000007
NN3-078,1984-08-01,14427.400000000007
NN3-078,1984-09-01,14427.400000000007
NN3-078,1984-10-01,836.3199999999999
NN3-078,1984-11-01,836.3199999999999
NN3-078,1984-12-01,836.3199999999999
NN3-078,1985-01-01,14427.400000000007
NN3-078,1985-02-01,14427.400000000007
NN3-078,1985-03-01,836.3199999999999
NN3-078,1985-04-01,836.3199999999999
NN3-078,1985-05-01,836.3199999999999
NN3-078,1985-06-01,14427.400000000007
NN3-078,1985-07-01,14427.400000000007
NN3-078,1985-08-01,836.3199999999999
NN3-078,1985-09-01,836.3199999999999
NN3-078,1985-10-01,836.3199999999999
NN3-078,1985-11-01,836.3199999999999
NN3-078,1985-12-01,836.3199999999999
NN3-078,1986-01-01,836.3199999999999
NN3-078,1986-02-01,836.3199999999999
NN3-078,1986-03-01,836.3199999999999
NN3-078,1986-04-01,836.3199999999999
NN3-078,1986-05-01,14427.400000000007
NN3-078,1986-06-01,14427.400000000007
NN3-078,1986-07-01,14427.400000000007
NN3-078,1986-08-01,14427.400000000007
NN3-078,1986-09-01,836.3199999999999
NN3-078,1986-10-01,836.3199999999999
NN3-078,1986-11-01,836.3199999999999
NN3-078,1986-12-01,836.3199999999999
NN3-078,1987-01-01,836.3199999999999
NN3-078,1987-02-01,14427.400000000007
NN3-078,1987-03-01,14427.400000000007
NN3-078,1987-04-01,14427.400000000007
NN3-078,1987-05-01,14427.400000000007
NN3-078,1987-06-01,836.3199999999999
NN3-078,1987-07-01,836.3199999999999
NN3-078,1987-08-01,14427.400000000007
NN3-078,1987-09-01,836.3199999999999
NN3-078,1987-10-01,836.3199999999999
NN3-078,1987-11-01,836.3199999999999
NN3-078,1987-12-01,836.3199999999999
NN3-078,1988-01-01,14427.400000000007
NN3-078,1988-02-01,14427.400000000007
NN3-078,1988-03-01,836.3199999999999
NN3-078,1988-04-01,836.3199999999999
NN3-078,1988-05-01,836.3199999999999
NN3-078,1988-06-01,836.3199999999999
NN3-079,1979-01-01,14427.400000000007
NN3-079,1979-02-01,14427.400000000007
NN3-079,1979-03-01,14427.400000000007
NN3-079,1979-04-01,14427.400000000007
NN3-079,1979-05-01,14427.400000000007
NN3-079,1979-06-01,14427.400000000007
NN3-079,1979-07-01,836.3199999999999
NN3-079,1979-08-01,836.3199999999999
NN3-079,1979-09-01,836.3199999999999
NN3-079,1979-10-01,14427.400000000007
NN3-079,1979-11-01,14427.400000000007
NN3-079,1979-12-01,836.3199999999999
NN3-079,1980-01-01,836.3199999999999
NN3-079,1980-02-01,836.3199999999999
NN3-079,1980-03-01,836.3199999999999
NN3-079,1980-04-01,836.3199999999999
NN3-079,1980-05-01,836.3199999999999
NN3-079,1980-06-01,14427.400000000007
NN3-079,1980-07-01,14427.400000000007
NN3-079,1980-08-01,14427.400000000007
NN3-079,1980-09-01,14427.400000000007
NN3-079,1980-10-01,14427.400000000007
NN3-079,1980-11-01,14427.400000000007
NN3-079,1980-12-01,14427.400000000007
NN3-079,1981-01-01,14427.400000000007
NN3-079,1981-02-01,14427.400000000007
NN3-079,1981-03-01,14427.400000000007
NN3-079,1981-04-01,14427.400000000007
NN3-079,1981-05-01,14427.400000000007
NN3-079,1981-06-01,14427.400000000007
NN3-079,1981-07-01,14427.400000000007
NN3-079,1981-08-01,14427.400000000007
NN3-079,1981-09-01,836.3199999999999
NN3-079,1981-10-01,836.3199999999999
NN3-079,1981-11-01,836.3199999999999
NN3-079,1981-12-01,836.3199999999999
NN3-079,1982-01-01,836.3199999999999
NN3-079,1982-02-01,836.3199999999999
NN3-079,1982-03-01,836.3199999999999
NN3-079,1982-04-01,14427.400000000007
NN3-079,1982-05-01,14427.400000000007
NN3-079,1982-06-01,836.3199999999999
NN3-079,1982-07-01,836.3199999999999
NN3-079,1982-08-01,836.3199999999999
NN3-079,1982-09-01,14427.400000000007
NN3-079,1982-10-01,836.3199999999999
NN3-079,1982-11-01,836.3199999999999
NN3-079,1982-12-01,836.3199999999999
NN3-079,1983-01-01,14427.400000000007
NN3-079,1983-02-01,14427.400000000007
NN3-079,1983-03-01,14427.400000000007
NN3-079,1983-04-01,836.3199999999999
NN3-079,1983-05-01,836.3199999999999
NN3-079,1983-06-01,836.3199999999999
NN3-079,1983-07-01,836.3199999999999
NN3-079,1983-08-01,836.3199999999999
NN3-079,1983-09-01,836.3199999999999
NN3-079,1983-10-01,836.3199999999999
NN3-079,1983-11-01,836.3199999999999
NN3-079,1983-12-01,836.3199999999999
NN3-079,1984-01-01,836.3199999999999
NN3-079,1984-02-01,836.3199999999999
NN3-079,1984-03-01,836.3199999999999
NN3-079,1984-04-01,836.3199999999999
NN3-079,1984-05-01,14427.400000000007
NN3-079,1984-06-01,14427.400000000007
NN3-079,1984-07-01,14427.400000000007
NN3-079,1984-08-01,14427.400000000007
NN3-079,1984-09-01,836.3199999999999
NN3-079,1984-10-01,14427.400000000007
NN3-079,1984-11-01,14427.400000000007
NN3-079,1984-12-01,14427.400000000007
NN3-079,1985-01-01,14427.400000000007
NN3-079,1985-02-01,14427.400000000007
NN3-079,1985-03-01,836.3199999999999
NN3-079,1985-04-01,836.3199999999999
NN3-079,1985-05-01,14427.400000000007
NN3-079,1985-06-01,836.3199999999999
NN3-079,1985-07-01,836.3199999999999
NN3-079,1985-08-01,836.3199999999999
NN3-079,1985-09-01,836.3199999999999
NN3-079,1985-10-01,836.3199999999999
NN3-079,1985-11-01,836.3199999999999
NN3-079,1985-12-01,836.3199999999999
NN3-079,1986-01-01,836.3199999999999
NN3-079,1986-02-01,14427.400000000007
NN3-079,1986-03-01,14427.400000000007
NN3-079,1986-04-01,836.3199999999999
NN3-079,1986-05-01,836.3199999999999
NN3-079,1986-06-01,836.3199999999999
NN3-079,1986-07-01,836.3199999999999
NN3-079,1986-08-01,836.3199999999999
NN3-079,1986-09-01,836.3199999999999
NN3-079,1986-10-01,836.3199999999999
NN3-079,1986-11-01,836.3199999999999
NN3-079,1986-12-01,14427.400000000007
NN3-079,1987-01-01,14427.400000000007
NN3-079,1987-02-01,14427.400000000007
NN3-079,1987-03-01,836.3199999999999
NN3-079,1987-04-01,836.3199999999999
NN3-079,1987-05-01,14427.400000000007
NN3-079,1987-06-01,14427.400000000007
NN3-079,1987-07-01,836.3199999999999
NN3-079,1987-08-01,836.3199999999999
NN3-079,1987-09-01,14427.400000000007
NN3-079,1987-10-01,14427.400000000007
NN3-079,1987-11-01,14427.400000000007
NN3-079,1987-12-01,836.3199999999999
NN3-079,1988-01-01,836.3199999999999
NN3-079,1988-02-01,14427.400000000007
NN3-079,1988-03-01,14427.400000000007
NN3-079,1988-04-01,14427.400000000007
NN3-079,1988-05-01,14427.400000000007
NN3-079,1988-06-01,14427.400000000007
NN3-080,1982-01-01,836.3199999999999
NN3-080,1982-02-01,836.3199999999999
NN3-080,1982-03-01,836.3199999999999
NN3-080,1982-04-01,836.3199999999999
NN3-080,1982-05-01,14427.400000000007
NN3-080,1982-06-01,14427.400000000007
NN3-080,1982-07-01,14427.400000000007
NN3-080,1982-08-01,14427.400000000007
NN3-080,1982-09-01,14427.400000000007
NN3-080,1982-10-01,14427.400000000007
NN3-080,1982-11-01,836.3199999999999
NN3-080,1982-12-01,836.3199999999999
NN3-080,1983-01-01,14427.400000000007
NN3-080,1983-02-01,14427.400000000007
NN3-080,1983-03-01,14427.400000000007
NN3-080,1983-04-01,836.3199999999999
NN3-080,1983-05-01,836.3199999999999
NN3-080,1983-06-01,14427.400000000007
NN3-080,1983-07-01,14427.400000000007
NN3-080,1983-08-01,14427.400000000007
NN3-080,1983-09-01,836.3199999999999
NN3-080,1983-10-01,836.3199999999999
NN3-080,1983-11-01,836.3199999999999
NN3-080,1983-12-01,14427.400000000007
NN3-080,1984-01-01,14427.400000000007
NN3-080,1984-02-01,14427.400000000007
NN3-080,1984-03-01,14427.400000000007
NN3-080,1984-04-01,836.3199999999999
NN3-080,1984-05-01,836.3199999999999
NN3-080,1984-06-01,14427.400000000007
NN3-080,1984-07-01,14427.400000000007
NN3-080,1984-08-01,14427.400000000007
NN3-080,1984-09-01,14427.400000000007
NN3-080,1984-10-01,836.3199999999999
NN3-080,1984-11-01,836.3199999999999
NN3-080,1984-12-01,14427.400000000007
NN3-080,1985-01-01,14427.400000000007
NN3-080,1985-02-01,836.3199999999999
NN3-080,1985-03-01,836.3199999999999
NN3-080,1985-04-01,836.3199999999999
NN3-080,1985-05-01,836.3199999999999
NN3-080,1985-06-01,14427.400000000007
NN3-080,1985-07-01,14427.400000000007
NN3-080,1985-08-01,836.3199999999999
NN3-080,1985-09-01,836.3199999999999
NN3-080,1985-10-01,836.3199999999999
NN3-080,1985-11-01,836.3199999999999
NN3-080,1985-12-01,836.3199999999999
NN3-080,1986-01-01,836.3199999999999
NN3-080,1986-02-01,836.3199999999999
NN3-080,1986-03-01,14427.400000000007
NN3-080,1986-04-01,14427.400000000007
NN3-080,1986-05-01,14427.400000000007
NN3-080,1986-06-01,836.3199999999999
NN3-080,1986-07-01,836.3199999999999
NN3-080,1986-08-01,836.3199999999999
NN3-080,1986-09-01,836.3199999999999
NN3-080,1986-10-01,836.3199999999999
NN3-080,1986-11-01,14427.400000000007
NN3-080,1986-12-01,836.3199999999999
NN3-080,1987-01-01,836.3199999999999
NN3-080,1987-02-01,836.3199999999999
NN3-080,1987-03-01,14427.400000000007
NN3-080,1987-04-01,14427.400000000007
NN3-080,1987-05-01,14427.400000000007
NN3-080,1987-06-01,14427.400000000007
NN3-080,1987-07-01,14427.400000000007
NN3-080,1987-08-01,14427.400000000007
NN3-080,1987-09-01,14427.400000000007
NN3-080,1987-10-01,14427.400000000007
NN3-080,1987-11-01,836.3199999999999
NN3-080,1987-12-01,836.3199999999999
NN3-080,1988-01-01,836.3199999999999
NN3-080,1988-02-01,836.3199999999999
NN3-080,1988-03-01,14427.400000000007
NN3-080,1988-04-01,14427.400000000007
NN3-080,1988-05-01,14427.400000000007
NN3-080,1988-06-01,14427.400000000007
NN3-080,1988-07-01,14427.400000000007
NN3-080,1988-08-01,14427.400000000007
NN3-080,1988-09-01,14427.400000000007
NN3-080,1988-10-01,14427.400000000007
NN3-080,1988-11-01,14427.400000000007
NN3-080,1988-12-01,14427.400000000007
NN3-080,1989-01-01,836.3199999999999
NN3-080,1989-02-01,836.3199999999999
NN3-080,1989-03-01,836.3199999999999
NN3-080,1989-04-01,836.3199999999999
NN3-080,1989-05-01,836.3199999999999
NN3-080,1989-06-01,14427.400000000007
NN3-080,1989-07-01,14427.400000000007
NN3-080,1989-08-01,836.3199999999999
NN3-080,1989-09-01,836.3199999999999
NN3-080,1989-10-01,14427.400000000007
NN3-080,1989-11-01,14427.400000000007
NN3-080,1989-12-01,14427.400000000007
NN3-080,1990-01-01,836.3199999999999
NN3-080,1990-02-01,836.3199999999999
NN3-080,1990-03-01,836.3199999999999
NN3-080,1990-04-01,836.3199999999999
NN3-080,1990-05-01,836.3199999999999
NN3-080,1990-06-01,836.3199999999999
NN3-080,1990-07-01,836.3199999999999
NN3-080,1990-08-01,836.3199999999999
NN3-080,1990-09-01,14427.400000000007
NN3-080,1990-10-01,14427.400000000007
NN3-080,1990-11-01,14427.400000000007
NN3-080,1990-12-01,14427.400000000007
NN3-080,1991-01-01,836.3199999999999
NN3-080,1991-02-01,836.3199999999999
NN3-080,1991-03-01,836.3199999999999
NN3-080,1991-04-01,836.3199999999999
NN3-080,1991-05-01,14427.400000000007
NN3-080,1991-06-01,14427.400000000007
NN3-081,1978-01-01,14427.400000000007
NN3-081,1978-02-01,14427.400000000007
NN3-081,1978-03-01,14427.400000000007
NN3-081,1978-04-01,14427.400000000007
NN3-081,1978-05-01,14427.400000000007
NN3-081,1978-06-01,14427.400000000007
NN3-081,1978-07-01,14427.400000000007
NN3-081,1978-08-01,14427.400000000007
NN3-081,1978-09-01,14427.400000000007
NN3-081,1978-10-01,14427.400000000007
NN3-081,1978-11-01,14427.400000000007
NN3-081,1978-12-01,14427.400000000007
NN3-081,1979-01-01,14427.400000000007
NN3-081,1979-02-01,14427.400000000007
NN3-081,1979-03-01,14427.400000000007
NN3-081,1979-04-01,836.3199999999999
NN3-081,1979-05-01,836.3199999999999
NN3-081,1979-06-01,836.3199999999999
NN3-081,1979-07-01,14427.400000000007
NN3-081,1979-08-01,14427.400000000007
NN3-081,1979-09-01,836.3199999999999
NN3-081,1979-10-01,14427.400000000007
NN3-081,1979-11-01,14427.400000000007
NN3-081,1979-12-01,11304.873385830742
NN3-081,1980-01-01,836.3199999999999
NN3-081,1980-02-01,836.3199999999999
NN3-081,1980-03-01,836.3199999999999
NN3-081,1980-04-01,836.3199999999999
NN3-081,1980-05-01,836.3199999999999
NN3-081,1980-06-01,14427.400000000007
NN3-081,1980-07-01,14427.400000000007
NN3-081,1980-08-01,14427.400000000007
NN3-081,1980-09-01,836.3199999999999
NN3-081,1980-10-01,836.3199999999999
NN3-081,1980-11-01,836.3199999999999
NN3-081,1980-12-01,14427.400000000007
NN3-081,1981-01-01,14427.400000000007
NN3-081,1981-02-01,14427.400000000007
NN3-081,1981-03-01,14427.400000000007
NN3-081,1981-04-01,836.3199999999999
NN3-081,1981-05-01,836.3199999999999
NN3-081,1981-06-01,14427.400000000007
NN3-081,1981-07-01,14427.400000000007
NN3-081,1981-08-01,836.3199999999999
NN3-081,1981-09-01,836.3199999999999
NN3-081,1981-10-01,836.3199999999999
NN3-081,1981-11-01,836.3199999999999
NN3-081,1981-12-01,836.3199999999999
NN3-081,1982-01-01,836.3199999999999
NN3-081,1982-02-01,14427.400000000007
NN3-081,1982-03-01,14427.400000000007
NN3-081,1982-04-01,14427.400000000007
NN3-081,1982-05-01,836.3199999999999
NN3-081,1982-06-01,836.3199999999999
NN3-081,1982-07-01,836.3199999999999
NN3-081,1982-08-01,836.3199999999999
NN3-081,1982-09-01,836.3199999999999
NN3-081,1982-10-01,14427.400000000007
NN3-081,1982-11-01,836.3199999999999
NN3-081,1982-12-01,836.3199999999999
NN3-081,1983-01-01,836.3199999999999
NN3-081,1983-02-01,836.3199999999999
NN3-081,1983-03-01,836.3199999999999
NN3-081,1983-04-01,836.3199999999999
NN3-081,1983-05-01,836.3199999999999
NN3-081,1983-06-01,14427.400000000007
NN3-081,1983-07-01,14427.400000000007
NN3-081,1983-08-01,14427.400000000007
NN3-081,1983-09-01,14427.400000000007
NN3-081,1983-10-01,14427.400000000007
NN3-081,1983-11-01,14427.400000000007
NN3-081,1983-12-01,14427.400000000007
NN3-081,1984-01-01,14427.400000000007
NN3-081,1984-02-01,836.3199999999999
NN3-081,1984-03-01,836.3199999999999
NN3-081,1984-04-01,836.3199999999999
NN3-081,1984-05-01,14427.400000000007
NN3-081,1984-06-01,14427.400000000007
NN3-081,1984-07-01,14427.400000000007
NN3-081,1984-08-01,14427.400000000007
NN3-081,1984-09-01,14427.400000000007
NN3-081,1984-10-01,14427.400000000007
NN3-081,1984-11-01,836.3199999999999
NN3-081,1984-12-01,836.3199999999999
NN3-081,1985-01-01,836.3199999999999
NN3-081,1985-02-01,14427.400000000007
NN3-081,1985-03-01,14427.400000000007
NN3-081,1985-04-01,14427.400000000007
NN3-081,1985-05-01,14427.400000000007
NN3-081,1985-06-01,836.3199999999999
NN3-081,1985-07-01,836.3199999999999
NN3-081,1985-08-01,836.3199999999999
NN3-081,1985-09-01,14427.400000000007
NN3-081,1985-10-01,836.3199999999999
NN3-081,1985-11-01,836.3199999999999
NN3-081,1985-12-01,836.3199999999999
NN3-081,1986-01-01,836.3199999999999
NN3-081,1986-02-01,836.3199999999999
NN3-081,1986-03-01,14427.400000000007
NN3-081,1986-04-01,14427.400000000007
NN3-081,1986-05-01,14427.400000000007
NN3-081,1986-06-01,836.3199999999999
NN3-081,1986-07-01,836.3199999999999
NN3-081,1986-08-01,836.3199999999999
NN3-081,1986-09-01,14427.400000000007
NN3-081,1986-10-01,14427.400000000007
NN3-081,1986-11-01,836.3199999999999
NN3-081,1986-12-01,836.3199999999999
NN3-081,1987-01-01,836.3199999999999
NN3-081,1987-02-01,836.3199999999999
NN3-081,1987-03-01,836.3199999999999
NN3-081,1987-04-01,836.3199999999999
NN3-081,1987-05-01,14427.400000000007
NN3-081,1987-06-01,14427.400000000007
NN3-082,1983-01-01,14427.400000000007
NN3-082,1983-02-01,14427.400000000007
NN3-082,1983-03-01,14427.400000000007
NN3-082,1983-04-01,836.3199999999999
NN3-082,1983-05-01,836.3199999999999
NN3-082,1983-06-01,836.3199999999999
NN3-082,1983-07-01,14427.400000000007
NN3-082,1983-08-01,14427.400000000007
NN3-082,1983-09-01,14427.400000000007
NN3-082,1983-10-01,836.3199999999999
NN3-082,1983-11-01,14427.400000000007
NN3-082,1983-12-01,14427.400000000007
NN3-082,1984-01-01,14427.400000000007
NN3-082,1984-02-01,836.3199999999999
NN3-082,1984-03-01,14427.400000000007
NN3-082,1984-04-01,14427.400000000007
NN3-082,1984-05-01,836.3199999999999
NN3-082,1984-06-01,836.3199999999999
NN3-082,1984-07-01,14427.400000000007
NN3-082,1984-08-01,14427.400000000007
NN3-082,1984-09-01,836.3199999999999
NN3-082,1984-10-01,836.3199999999999
NN3-082,1984-11-01,14427.400000000007
NN3-082,1984-12-01,14427.400000000007
NN3-082,1985-01-01,836.3199999999999
NN3-082,1985-02-01,836.3199999999999
NN3-082,1985-03-01,14427.400000000007
NN3-082,1985-04-01,836.3199999999999
NN3-082,1985-05-01,836.3199999999999
NN3-082,1985-06-01,836.3199999999999
NN3-082,1985-07-01,14427.400000000007
NN3-082,1985-08-01,14427.400000000007
NN3-082,1985-09-01,836.3199999999999
NN3-082,1985-10-01,836.3199999999999
NN3-082,1985-11-01,836.3199999999999
NN3-082,1985-12-01,836.3199999999999
NN3-082,1986-01-01,836.3199999999999
NN3-082,1986-02-01,14427.400000000007
NN3-082,1986-03-01,14427.400000000007
NN3-082,1986-04-01,836.3199999999999
NN3-082,1986-05-01,836.3199999999999
NN3-082,1986-06-01,836.3199999999999
NN3-082,1986-07-01,14427.400000000007
NN3-082,1986-08-01,14427.400000000007
NN3-082,1986-09-01,14427.400000000007
NN3-082,1986-10-01,836.3199999999999
NN3-082,1986-11-01,836.3199999999999
NN3-082,1986-12-01,836.3199999999999
NN3-082,1987-01-01,14427.400000000007
NN3-082,1987-02-01,14427.400000000007
NN3-082,1987-03-01,836.3199999999999
NN3-082,1987-04-01,836.3199999999999
NN3-082,1987-05-01,836.3199999999999
NN3-082,1987-06-01,14427.400000000007
NN3-082,1987-07-01,14427.400000000007
NN3-082,1987-08-01,14427.400000000007
NN3-082,1987-09-01,836.3199999999999
NN3-082,1987-10-01,836.3199999999999
NN3-082,1987-11-01,836.3199999999999
NN3-082,1987-12-01,836.3199999999999
NN3-082,1988-01-01,836.3199999999999
NN3-082,1988-02-01,14427.400000000007
NN3-082,1988-03-01,14427.400000000007
NN3-082,1988-04-01,836.3199999999999
NN3-082,1988-05-01,836.3199999999999
NN3-082,1988-06-01,14427.400000000007
NN3-082,1988-07-01,14427.400000000007
NN3-082,1988-08-01,14427.400000000007
NN3-082,1988-09-01,14427.400000000007
NN3-082,1988-10-01,14427.400000000007
NN3-082,1988-11-01,836.3199999999999
NN3-082,1988-12-01,836.3199999999999
NN3-082,1989-01-01,14427.400000000007
NN3-082,1989-02-01,14427.400000000007
NN3-082,1989-03-01,14427.400000000007
NN3-082,1989-04-01,14427.400000000007
NN3-082,1989-05-01,14427.400000000007
NN3-082,1989-06-01,836.3199999999999
NN3-082,1989-07-01,836.3199999999999
NN3-082,1989-08-01,14427.400000000007
NN3-082,1989-09-01,14427.400000000007
NN3-082,1989-10-01,14427.400000000007
NN3-082,1989-11-01,836.3199999999999
NN3-082,1989-12-01,836.3199999999999
NN3-082,1990-01-01,836.3199999999999
NN3-082,1990-02-01,14427.400000000007
NN3-082,1990-03-01,836.3199999999999
NN3-082,1990-04-01,836.3199999999999
NN3-082,1990-05-01,836.3199999999999
NN3-082,1990-06-01,836.3199999999999
NN3-082,1990-07-01,836.3199999999999
NN3-082,1990-08-01,14427.400000000007
NN3-082,1990-09-01,836.3199999999999
NN3-082,1990-10-01,836.3199999999999
NN3-082,1990-11-01,836.3199999999999
NN3-082,1990-12-01,836.3199999999999
NN3-082,1991-01-01,836.3199999999999
NN3-082,1991-02-01,836.3199999999999
NN3-082,1991-03-01,836.3199999999999
NN3-082,1991-04-01,836.3199999999999
NN3-082,1991-05-01,836.3199999999999
NN3-082,1991-06-01,836.3199999999999
NN3-082,1991-07-01,836.3199999999999
NN3-082,1991-08-01,14427.400000000007
NN3-083,1979-01-01,14427.400000000007
NN3-083,1979-02-01,836.3199999999999
NN3-083,1979-03-01,836.3199999999999
NN3-083,1979-04-01,14427.400000000007
NN3-083,1979-05-01,14427.400000000007
NN3-083,1979-06-01,14427.400000000007
NN3-083,1979-07-01,14427.400000000007
NN3-083,1979-08-01,14427.400000000007
NN3-083,1979-09-01,14427.400000000007
NN3-083,1979-10-01,14427.400000000007
NN3-083,1979-11-01,836.3199999999999
NN3-083,1979-12-01,836.3199999999999
NN3-083,1980-01-01,836.3199999999999
NN3-083,1980-02-01,836.3199999999999
NN3-083,1980-03-01,836.3199999999999
NN3-083,1980-04-01,836.3199999999999
NN3-083,1980-05-01,836.3199999999999
NN3-083,1980-06-01,836.3199999999999
NN3-083,1980-07-01,836.3199999999999
NN3-083,1980-08-01,836.3199999999999
NN3-083,1980-09-01,14427.400000000007
NN3-083,1980-10-01,14427.400000000007
NN3-083,1980-11-01,14427.400000000007
NN3-083,1980-12-01,14427.400000000007
NN3-083,1981-01-01,14427.400000000007
NN3-083,1981-02-01,14427.400000000007
NN3-083,1981-03-01,14427.400000000007
NN3-083,1981-04-01,14427.400000000007
NN3-083,1981-05-01,836.3199999999999
NN3-083,1981-06-01,836.3199999999999
NN3-083,1981-07-01,836.3199999999999
NN3-083,1981-08-01,14427.400000000007
NN3-083,1981-09-01,14427.400000000007
NN3-083,1981-10-01,14427.400000000007
NN3-083,1981-11-01,14427.400000000007
NN3-083,1981-12-01,14427.400000000007
NN3-083,1982-01-01,14427.400000000007
NN3-083,1982-02-01,14427.400000000007
NN3-083,1982-03-01,14427.400000000007
NN3-083,1982-04-01,836.3199999999999
NN3-083,1982-05-01,836.3199999999999
NN3-083,1982-06-01,836.3199999999999
NN3-083,1982-07-01,836.3199999999999
NN3-083,1982-08-01,836.3199999999999
NN3-083,1982-09-01,14427.400000000007
NN3-083,1982-10-01,14427.400000000007
NN3-083,1982-11-01,14427.400000000007
NN3-083,1982-12-01,836.3199999999999
NN3-083,1983-01-01,836.3199999999999
NN3-083,1983-02-01,14427.400000000007
NN3-083,1983-03-01,14427.400000000007
NN3-083,1983-04-01,14427.400000000007
NN3-083,1983-05-01,836.3199999999999
NN3-083,1983-06-01,836.3199999999999
NN3-083,1983-07-01,14427.400000000007
NN3-083,1983-08-01,14427.400000000007
NN3-083,1983-09-01,14427.400000000007
NN3-083,1983-10-01,836.3199999999999
NN3-083,1983-11-01,836.3199999999999
NN3-083,1983-12-01,836.3199999999999
NN3-083,1984-01-01,14427.400000000007
NN3-083,1984-02-01,14427.400000000007
NN3-083,1984-03-01,836.3199999999999
NN3-083,1984-04-01,836.3199999999999
NN3-083,1984-05-01,14427.400000000007
NN3-083,1984-06-01,14427.400000000007
NN3-083,1984-07-01,14427.400000000007
NN3-083,1984-08-01,836.3199999999999
NN3-083,1984-09-01,836.3199999999999
NN3-083,1984-10-01,14427.400000000007
NN3-083,1984-11-01,836.3199999999999
NN3-083,1984-12-01,836.3199999999999
NN3-083,1985-01-01,836.3199999999999
NN3-083,1985-02-01,14427.400000000007
NN3-083,1985-03-01,14427.400000000007
NN3-083,1985-04-01,14427.400000000007
NN3-083,1985-05-01,836.3199999999999
NN3-083,1985-06-01,836.3199999999999
NN3-083,1985-07-01,836.3199999999999
NN3-083,1985-08-01,14427.400000000007
NN3-083,1985-09-01,836.3199999999999
NN3-083,1985-10-01,836.3199999999999
NN3-083,1985-11-01,836.3199999999999
NN3-083,1985-12-01,14427.400000000007
NN3-083,1986-01-01,14427.400000000007
NN3-083,1986-02-01,14427.400000000007
NN3-083,1986-03-01,836.3199999999999
NN3-083,1986-04-01,836.3199999999999
NN3-083,1986-05-01,836.3199999999999
NN3-083,1986-06-01,14427.400000000007
NN3-083,1986-07-01,14427.400000000007
NN3-083,1986-08-01,836.3199999999999
NN3-083,1986-09-01,836.3199999999999
NN3-083,1986-10-01,836.3199999999999
NN3-083,1986-11-01,836.3199999999999
NN3-083,1986-12-01,836.3199999999999
NN3-083,1987-01-01,836.3199999999999
NN3-083,1987-02-01,14427.400000000007
NN3-083,1987-03-01,14427.400000000007
NN3-083,1987-04-01,14427.400000000007
NN3-083,1987-05-01,836.3199999999999
NN3-083,1987-06-01,836.3199999999999
NN3-083,1987-07-01,14427.400000000007
NN3-083,1987-08-01,14427.400000000007
NN3-083,1987-09-01,14427.400000000007
NN3-083,1987-10-01,836.3199999999999
NN3-083,1987-11-01,836.3199999999999
NN3-083,1987-12-01,836.3199999999999
NN3-083,1988-01-01,14427.400000000007
NN3-083,1988-02-01,836.3199999999999
NN3-083,1988-03-01,836.3199999999999
NN3-083,1988-04-01,836.3199999999999
NN3-083,1988-05-01,836.3199999999999
NN3-083,1988-06-01,14427.400000000007
NN3-084,1979-01-01,14427.400000000007
NN3-084,1979-02-01,14427.400000000007
NN3-084,1979-03-01,14427.400000000007
NN3-084,1979-04-01,836.3199999999999
NN3-084,1979-05-01,14427.400000000007
NN3-084,1979-06-01,14427.400000000007
NN3-084,1979-07-01,14427.400000000007
NN3-084,1979-08-01,14427.400000000007
NN3-084,1979-09-01,14427.400000000007
NN3-084,1979-10-01,836.3199999999999
NN3-084,1979-11-01,836.3199999999999
NN3-084,1979-12-01,836.3199999999999
NN3-084,1980-01-01,836.3199999999999
NN3-084,1980-02-01,14427.400000000007
NN3-084,1980-03-01,14427.400000000007
NN3-084,1980-04-01,14427.400000000007
NN3-084,1980-05-01,14427.400000000007
NN3-084,1980-06-01,14427.400000000007
NN3-084,1980-07-01,14427.400000000007
NN3-084,1980-08-01,14427.400000000007
NN3-084,1980-09-01,14427.400000000007
NN3-084,1980-10-01,14427.400000000007
NN3-084,1980-11-01,14427.400000000007
NN3-084,1980-12-01,14427.400000000007
NN3-084,1981-01-01,14427.400000000007
NN3-084,1981-02-01,836.3199999999999
NN3-084,1981-03-01,836.3199999999999
NN3-084,1981-04-01,836.3199999999999
NN3-084,1981-05-01,836.3199999999999
NN3-084,1981-06-01,14427.400000000007
NN3-084,1981-07-01,14427.400000000007
NN3-084,1981-08-01,14427.400000000007
NN3-084,1981-09-01,836.3199999999999
NN3-084,1981-10-01,836.3199999999999
NN3-084,1981-11-01,836.3199999999999
NN3-084,1981-12-01,14427.400000000007
NN3-084,1982-01-01,14427.400000000007
NN3-084,1982-02-01,14427.400000000007
NN3-084,1982-03-01,14427.400000000007
NN3-084,1982-04-01,14427.400000000007
NN3-084,1982-05-01,14427.400000000007
NN3-084,1982-06-01,14427.400000000007
NN3-084,1982-07-01,836.3199999999999
NN3-084,1982-08-01,836.3199999999999
NN3-084,1982-09-01,836.3199999999999
NN3-084,1982-10-01,836.3199999999999
NN3-084,1982-11-01,836.3199999999999
NN3-084,1982-12-01,836.3199999999999
NN3-084,1983-01-01,836.3199999999999
NN3-084,1983-02-01,14427.400000000007
NN3-084,1983-03-01,14427.400000000007
NN3-084,1983-04-01,14427.400000000007
NN3-084,1983-05-01,14427.400000000007
NN3-084,1983-06-01,14427.400000000007
NN3-084,1983-07-01,14427.400000000007
NN3-084,1983-08-01,14427.400000000007
NN3-084,1983-09-01,14427.400000000007
NN3-084,1983-10-01,14427.400000000007
NN3-084,1983-11-01,14427.400000000007
NN3-084,1983-12-01,14427.400000000007
NN3-084,1984-01-01,14427.400000000007
NN3-084,1984-02-01,14427.400000000007
NN3-084,1984-03-01,836.3199999999999
NN3-084,1984-04-01,836.3199999999999
NN3-084,1984-05-01,836.3199999999999
NN3-084,1984-06-01,836.3199999999999
NN3-084,1984-07-01,14427.400000000007
NN3-084,1984-08-01,14427.400000000007
NN3-084,1984-09-01,14427.400000000007
NN3-084,1984-10-01,14427.400000000007
NN3-084,1984-11-01,14427.400000000007
NN3-084,1984-12-01,14427.400000000007
NN3-084,1985-01-01,14427.400000000007
NN3-084,1985-02-01,14427.400000000007
NN3-084,1985-03-01,14427.400000000007
NN3-084,1985-04-01,14427.400000000007
NN3-084,1985-05-01,14427.400000000007
NN3-084,1985-06-01,836.3199999999999
NN3-084,1985-07-01,14427.400000000007
NN3-084,1985-08-01,14427.400000000007
NN3-084,1985-09-01,14427.400000000007
NN3-084,1985-10-01,14427.400000000007
NN3-084,1985-11-01,836.3199999999999
NN3-084,1985-12-01,836.3199999999999
NN3-084,1986-01-01,836.3199999999999
NN3-084,1986-02-01,836.3199999999999
NN3-084,1986-03-01,14427.400000000007
NN3-084,1986-04-01,14427.400000000007
NN3-084,1986-05-01,14427.400000000007
NN3-084,1986-06-01,14427.400000000007
NN3-084,1986-07-01,14427.400000000007
NN3-084,1986-08-01,14427.400000000007
NN3-084,1986-09-01,14427.400000000007
NN3-084,1986-10-01,14427.400000000007
NN3-084,1986-11-01,14427.400000000007
NN3-084,1986-12-01,14427.400000000007
NN3-084,1987-01-01,14427.400000000007
NN3-084,1987-02-01,14427.400000000007
NN3-084,1987-03-01,14427.400000000007
NN3-084,1987-04-01,14427.400000000007
NN3-084,1987-05-01,14427.400000000007
NN3-084,1987-06-01,836.3199999999999
NN3-084,1987-07-01,836.3199999999999
NN3-084,1987-08-01,14427.400000000007
NN3-084,1987-09-01,14427.400000000007
NN3-084,1987-10-01,14427.400000000007
NN3-084,1987-11-01,836.3199999999999
NN3-084,1987-12-01,836.3199999999999
NN3-084,1988-01-01,14427.400000000007
NN3-084,1988-02-01,14427.400000000007
NN3-085,1979-01-01,14427.400000000007
NN3-085,1979-02-01,14427.400000000007
NN3-085,1979-03-01,14427.400000000007
NN3-085,1979-04-01,836.3199999999999
NN3-085,1979-05-01,836.3199999999999
NN3-085,1979-06-01,14427.400000000007
NN3-085,1979-07-01,836.3199999999999
NN3-085,1979-08-01,836.3199999999999
NN3-085,1979-09-01,836.3199999999999
NN3-085,1979-10-01,14427.400000000007
NN3-085,1979-11-01,14427.400000000007
NN3-085,1979-12-01,836.3199999999999
NN3-085,1980-01-01,836.3199999999999
NN3-085,1980-02-01,836.3199999999999
NN3-085,1980-03-01,14427.400000000007
NN3-085,1980-04-01,836.3199999999999
NN3-085,1980-05-01,836.3199999999999
NN3-085,1980-06-01,836.3199999999999
NN3-085,1980-07-01,14427.400000000007
NN3-085,1980-08-01,836.3199999999999
NN3-085,1980-09-01,836.3199999999999
NN3-085,1980-10-01,836.3199999999999
NN3-085,1980-11-01,836.3199999999999
NN3-085,1980-12-01,836.3199999999999
NN3-085,1981-01-01,836.3199999999999
NN3-085,1981-02-01,14427.400000000007
NN3-085,1981-03-01,14427.400000000007
NN3-085,1981-04-01,14427.400000000007
NN3-085,1981-05-01,14427.400000000007
NN3-085,1981-06-01,14427.400000000007
NN3-085,1981-07-01,836.3199999999999
NN3-085,1981-08-01,836.3199999999999
NN3-085,1981-09-01,14427.400000000007
NN3-085,1981-10-01,14427.400000000007
NN3-085,1981-11-01,14427.400000000007
NN3-085,1981-12-01,836.3199999999999
NN3-085,1982-01-01,14427.400000000007
NN3-085,1982-02-01,14427.400000000007
NN3-085,1982-03-01,836.3199999999999
NN3-085,1982-04-01,836.3199999999999
NN3-085,1982-05-01,836.3199999999999
NN3-085,1982-06-01,14427.400000000007
NN3-085,1982-07-01,14427.400000000007
NN3-085,1982-08-01,836.3199999999999
NN3-085,1982-09-01,836.3199999999999
NN3-085,1982-10-01,836.3199999999999
NN3-085,1982-11-01,14427.400000000007
NN3-085,1982-12-01,836.3199999999999
NN3-085,1983-01-01,836.3199999999999
NN3-085,1983-02-01,836.3199999999999
NN3-085,1983-03-01,14427.400000000007
NN3-085,1983-04-01,14427.400000000007
NN3-085,1983-05-01,836.3199999999999
NN3-085,1983-06-01,14427.400000000007
NN3-085,1983-07-01,14427.400000000007
NN3-085,1983-08-01,14427.400000000007
NN3-085,1983-09-01,14427.400000000007
NN3-085,1983-10-01,836.3199999999999
NN3-085,1983-11-01,836.3199999999999
NN3-085,1983-12-01,836.3199999999999
NN3-085,1984-01-01,14427.400000000007
NN3-085,1984-02-01,836.3199999999999
NN3-085,1984-03-01,836.3199999999999
NN3-085,1984-04-01,14427.400000000007
NN3-085,1984-05-01,14427.400000000007
NN3-085,1984-06-01,14427.400000000007
NN3-085,1984-07-01,14427.400000000007
NN3-085,1984-08-01,836.3199999999999
NN3-085,1984-09-01,836.3199999999999
NN3-085,1984-10-01,836.3199999999999
NN3-085,1984-11-01,836.3199999999999
NN3-085,1984-12-01,836.3199999999999
NN3-085,1985-01-01,14427.400000000007
NN3-085,1985-02-01,14427.400000000007
NN3-085,1985-03-01,836.3199999999999
NN3-085,1985-04-01,836.3199999999999
NN3-085,1985-05-01,836.3199999999999
NN3-085,1985-06-01,14427.400000000007
NN3-085,1985-07-01,14427.400000000007
NN3-085,1985-08-01,836.3199999999999
NN3-085,1985-09-01,836.3199999999999
NN3-085,1985-10-01,14427.400000000007
NN3-085,1985-11-01,14427.400000000007
NN3-085,1985-12-01,14427.400000000007
NN3-085,1986-01-01,836.3199999999999
NN3-085,1986-02-01,836.3199999999999
NN3-085,1986-03-01,836.3199999999999
NN3-085,1986-04-01,14427.400000000007
NN3-085,1986-05-01,14427.400000000007
NN3-085,1986-06-01,836.3199999999999
NN3-085,1986-07-01,14427.400000000007
NN3-085,1986-08-01,14427.400000000007
NN3-085,1986-09-01,14427.400000000007
NN3-085,1986-10-01,836.3199999999999
NN3-085,1986-11-01,836.3199999999999
NN3-085,1986-12-01,836.3199999999999
NN3-085,1987-01-01,836.3199999999999
NN3-085,1987-02-01,836.3199999999999
NN3-085,1987-03-01,836.3199999999999
NN3-085,1987-04-01,836.3199999999999
NN3-085,1987-05-01,14427.400000000007
NN3-085,1987-06-01,14427.400000000007
NN3-085,1987-07-01,836.3199999999999
NN3-085,1987-08-01,836.3199999999999
NN3-085,1987-09-01,836.3199999999999
NN3-085,1987-10-01,14427.400000000007
NN3-085,1987-11-01,14427.400000000007
NN3-085,1987-12-01,14427.400000000007
NN3-085,1988-01-01,836.3199999999999
NN3-085,1988-02-01,836.3199999999999
NN3-085,1988-03-01,836.3199999999999
NN3-085,1988-04-01,836.3199999999999
NN3-085,1988-05-01,836.3199999999999
NN3-085,1988-06-01,836.3199999999999
NN3-086,1979-01-01,14427.400000000007
NN3-086,1979-02-01,836.3199999999999
NN3-086,1979-03-01,836.3199999999999
NN3-086,1979-04-01,14427.400000000007
NN3-086,1979-05-01,14427.400000000007
NN3-086,1979-06-01,14427.400000000007
NN3-086,1979-07-01,836.3199999999999
NN3-086,1979-08-01,836.3199999999999
NN3-086,1979-09-01,836.3199999999999
NN3-086,1979-10-01,836.3199999999999
NN3-086,1979-11-01,836.3199999999999
NN3-086,1979-12-01,14427.400000000007
NN3-086,1980-01-01,14427.400000000007
NN3-086,1980-02-01,14427.400000000007
NN3-086,1980-03-01,836.3199999999999
NN3-086,1980-04-01,836.3199999999999
NN3-086,1980-05-01,836.3199999999999
NN3-086,1980-06-01,14427.400000000007
NN3-086,1980-07-01,14427.400000000007
NN3-086,1980-08-01,14427.400000000007
NN3-086,1980-09-01,14427.400000000007
NN3-086,1980-10-01,14427.400000000007
NN3-086,1980-11-01,14427.400000000007
NN3-086,1980-12-01,836.3199999999999
NN3-086,1981-01-01,836.3199999999999
NN3-086,1981-02-01,836.3199999999999
NN3-086,1981-03-01,836.3199999999999
NN3-086,1981-04-01,14427.400000000007
NN3-086,1981-05-01,836.3199999999999
NN3-086,1981-06-01,836.3199999999999
NN3-086,1981-07-01,836.3199999999999
NN3-086,1981-08-01,836.3199999999999
NN3-086,1981-09-01,14427.400000000007
NN3-086,1981-10-01,14427.400000000007
NN3-086,1981-11-01,14427.400000000007
NN3-086,1981-12-01,14427.400000000007
NN3-086,1982-01-01,14427.400000000007
NN3-086,1982-02-01,836.3199999999999
NN3-086,1982-03-01,836.3199999999999
NN3-086,1982-04-01,836.3199999999999
NN3-086,1982-05-01,14427.400000000007
NN3-086,1982-06-01,14427.400000000007
NN3-086,1982-07-01,14427.400000000007
NN3-086,1982-08-01,14427.400000000007
NN3-086,1982-09-01,836.3199999999999
NN3-086,1982-10-01,836.3199999999999
NN3-086,1982-11-01,836.3199999999999
NN3-086,1982-12-01,836.3199999999999
NN3-086,1983-01-01,14427.400000000007
NN3-086,1983-02-01,14427.400000000007
NN3-086,1983-03-01,14427.400000000007
NN3-086,1983-04-01,14427.400000000007
NN3-086,1983-05-01,836.3199999999999
NN3-086,1983-06-01,836.3199999999999
NN3-086,1983-07-01,836.3199999999999
NN3-086,1983-08-01,836.3199999999999
NN3-086,1983-09-01,836.3199999999999
NN3-086,1983-10-01,836.3199999999999
NN3-086,1983-11-01,836.3199999999999
NN3-086,1983-12-01,836.3199999999999
NN3-086,1984-01-01,836.3199999999999
NN3-086,1984-02-01,836.3199999999999
NN3-086,1984-03-01,836.3199999999999
NN3-086,1984-04-01,14427.400000000007
NN3-086,1984-05-01,14427.400000000007
NN3-086,1984-06-01,836.3199999999999
NN3-086,1984-07-01,836.3199999999999
NN3-086,1984-08-01,836.3199999999999
NN3-086,1984-09-01,836.3199999999999
NN3-086,1984-10-01,14427.400000000007
NN3-086,1984-11-01,14427.400000000007
NN3-086,1984-12-01,14427.400000000007
NN3-086,1985-01-01,14427.400000000007
NN3-086,1985-02-01,14427.400000000007
NN3-086,1985-03-01,14427.400000000007
NN3-086,1985-04-01,14427.400000000007
NN3-086,1985-05-01,14427.400000000007
NN3-086,1985-06-01,14427.400000000007
NN3-086,1985-07-01,14427.400000000007
NN3-086,1985-08-01,836.3199999999999
NN3-086,1985-09-01,836.3199999999999
NN3-086,1985-10-01,14427.400000000007
NN3-086,1985-11-01,14427.400000000007
NN3-086,1985-12-01,14427.400000000007
NN3-086,1986-01-01,14427.400000000007
NN3-086,1986-02-01,836.3199999999999
NN3-086,1986-03-01,836.3199999999999
NN3-086,1986-04-01,14427.400000000007
NN3-086,1986-05-01,14427.400000000007
NN3-086,1986-06-01,836.3199999999999
NN3-086,1986-07-01,14427.400000000007
NN3-086,1986-08-01,14427.400000000007
NN3-086,1986-09-01,14427.400000000007
NN3-086,1986-10-01,836.3199999999999
NN3-086,1986-11-01,836.3199999999999
NN3-086,1986-12-01,836.3199999999999
NN3-086,1987-01-01,14427.400000000007
NN3-086,1987-02-01,14427.400000000007
NN3-086,1987-03-01,836.3199999999999
NN3-086,1987-04-01,836.3199999999999
NN3-086,1987-05-01,14427.400000000007
NN3-086,1987-06-01,836.3199999999999
NN3-086,1987-07-01,836.3199999999999
NN3-086,1987-08-01,836.3199999999999
NN3-086,1987-09-01,14427.400000000007
NN3-086,1987-10-01,14427.400000000007
NN3-086,1987-11-01,836.3199999999999
NN3-086,1987-12-01,836.3199999999999
NN3-086,1988-01-01,836.3199999999999
NN3-086,1988-02-01,14427.400000000007
NN3-086,1988-03-01,14427.400000000007
NN3-086,1988-04-01,14427.400000000007
NN3-086,1988-05-01,14427.400000000007
NN3-086,1988-06-01,14427.400000000007
NN3-087,1982-01-01,14427.400000000007
NN3-087,1982-02-01,14427.400000000007
NN3-087,1982-03-01,14427.400000000007
NN3-087,1982-04-01,836.3199999999999
NN3-087,1982-05-01,14427.400000000007
NN3-087,1982-06-01,14427.400000000007
NN3-087,1982-07-01,14427.400000000007
NN3-087,1982-08-01,836.3199999999999
NN3-087,1982-09-01,836.3199999999999
NN3-087,1982-10-01,836.3199999999999
NN3-087,1982-11-01,836.3199999999999
NN3-087,1982-12-01,836.3199999999999
NN3-087,1983-01-01,836.3199999999999
NN3-087,1983-02-01,14427.400000000007
NN3-087,1983-03-01,14427.400000000007
NN3-087,1983-04-01,14427.400000000007
NN3-087,1983-05-01,14427.400000000007
NN3-087,1983-06-01,14427.400000000007
NN3-087,1983-07-01,14427.400000000007
NN3-087,1983-08-01,14427.400000000007
NN3-087,1983-09-01,836.3199999999999
NN3-087,1983-10-01,836.3199999999999
NN3-087,1983-11-01,14427.400000000007
NN3-087,1983-12-01,14427.400000000007
NN3-087,1984-01-01,836.3199999999999
NN3-087,1984-02-01,836.3199999999999
NN3-087,1984-03-01,836.3199999999999
NN3-087,1984-04-01,836.3199999999999
NN3-087,1984-05-01,836.3199999999999
NN3-087,1984-06-01,836.3199999999999
NN3-087,1984-07-01,836.3199999999999
NN3-087,1984-08-01,14427.400000000007
NN3-087,1984-09-01,836.3199999999999
NN3-087,1984-10-01,836.3199999999999
NN3-087,1984-11-01,836.3199999999999
NN3-087,1984-12-01,14427.400000000007
NN3-087,1985-01-01,14427.400000000007
NN3-087,1985-02-01,836.3199999999999
NN3-087,1985-03-01,836.3199999999999
NN3-087,1985-04-01,836.3199999999999
NN3-087,1985-05-01,836.3199999999999
NN3-087,1985-06-01,836.3199999999999
NN3-087,1985-07-01,836.3199999999999
NN3-087,1985-08-01,14427.400000000007
NN3-087,1985-09-01,14427.400000000007
NN3-087,1985-10-01,14427.400000000007
NN3-087,1985-11-01,14427.400000000007
NN3-087,1985-12-01,14427.400000000007
NN3-087,1986-01-01,836.3199999999999
NN3-087,1986-02-01,836.3199999999999
NN3-087,1986-03-01,836.3199999999999
NN3-087,1986-04-01,836.3199999999999
NN3-087,1986-05-01,836.3199999999999
NN3-087,1986-06-01,836.3199999999999
NN3-087,1986-07-01,836.3199999999999
NN3-087,1986-08-01,836.3199999999999
NN3-087,1986-09-01,14427.400000000007
NN3-087,1986-10-01,14427.400000000007
NN3-087,1986-11-01,14427.400000000007
NN3-087,1986-12-01,14427.400000000007
NN3-087,1987-01-01,836.3199999999999
NN3-087,1987-02-01,836.3199999999999
NN3-087,1987-03-01,836.3199999999999
NN3-087,1987-04-01,836.3199999999999
NN3-087,1987-05-01,836.3199999999999
NN3-087,1987-06-01,14427.400000000007
NN3-087,1987-07-01,836.3199999999999
NN3-087,1987-08-01,836.3199999999999
NN3-087,1987-09-01,836.3199999999999
NN3-087,1987-10-01,836.3199999999999
NN3-087,1987-11-01,836.3199999999999
NN3-087,1987-12-01,836.3199999999999
NN3-087,1988-01-01,836.3199999999999
NN3-087,1988-02-01,14427.400000000007
NN3-087,1988-03-01,14427.400000000007
NN3-087,1988-04-01,836.3199999999999
NN3-087,1988-05-01,836.3199999999999
NN3-087,1988-06-01,836.3199999999999
NN3-087,1988-07-01,836.3199999999999
NN3-087,1988-08-01,836.3199999999999
NN3-087,1988-09-01,836.3199999999999
NN3-087,1988-10-01,836.3199999999999
NN3-087,1988-11-01,836.3199999999999
NN3-087,1988-12-01,836.3199999999999
NN3-087,1989-01-01,14427.400000000007
NN3-087,1989-02-01,14427.400000000007
NN3-087,1989-03-01,14427.400000000007
NN3-087,1989-04-01,836.3199999999999
NN3-087,1989-05-01,14427.400000000007
NN3-087,1989-06-01,14427.400000000007
NN3-087,1989-07-01,836.3199999999999
NN3-087,1989-08-01,836.3199999999999
NN3-087,1989-09-01,836.3199999999999
NN3-087,1989-10-01,14427.400000000007
NN3-087,1989-11-01,14427.400000000007
NN3-087,1989-12-01,14427.400000000007
NN3-087,1990-01-01,14427.400000000007
NN3-087,1990-02-01,14427.400000000007
NN3-087,1990-03-01,14427.400000000007
NN3-087,1990-04-01,14427.400000000007
NN3-087,1990-05-01,836.3199999999999
NN3-087,1990-06-01,836.3199999999999
NN3-087,1990-07-01,14427.400000000007
NN3-087,1990-08-01,14427.400000000007
NN3-087,1990-09-01,14427.400000000007
NN3-087,1990-10-01,836.3199999999999
NN3-087,1990-11-01,836.3199999999999
NN3-087,1990-12-01,836.3199999999999
NN3-087,1991-01-01,836.3199999999999
NN3-088,1977-01-01,14427.400000000007
NN3-088,1977-02-01,14427.400000000007
NN3-088,1977-03-01,836.3199999999999
NN3-088,1977-04-01,14427.400000000007
NN3-088,1977-05-01,14427.400000000007
NN3-088,1977-06-01,836.3199999999999
NN3-088,1977-07-01,14427.400000000007
NN3-088,1977-08-01,836.3199999999999
NN3-088,1977-09-01,836.3199999999999
NN3-088,1977-10-01,14427.400000000007
NN3-088,1977-11-01,14427.400000000007
NN3-088,1977-12-01,836.3199999999999
NN3-088,1978-01-01,836.3199999999999
NN3-088,1978-02-01,14427.400000000007
NN3-088,1978-03-01,836.3199999999999
NN3-088,1978-04-01,836.3199999999999
NN3-088,1978-05-01,14427.400000000007
NN3-088,1978-06-01,836.3199999999999
NN3-088,1978-07-01,836.3199999999999
NN3-088,1978-08-01,836.3199999999999
NN3-088,1978-09-01,14427.400000000007
NN3-088,1978-10-01,836.3199999999999
NN3-088,1978-11-01,14427.400000000007
NN3-088,1978-12-01,14427.400000000007
NN3-088,1979-01-01,14427.400000000007
NN3-088,1979-02-01,836.3199999999999
NN3-088,1979-03-01,836.3199999999999
NN3-088,1979-04-01,14427.400000000007
NN3-088,1979-05-01,836.3199999999999
NN3-088,1979-06-01,836.3199999999999
NN3-088,1979-07-01,836.3199999999999
NN3-088,1979-08-01,14427.400000000007
NN3-088,1979-09-01,14427.400000000007
NN3-088,1979-10-01,836.3199999999999
NN3-088,1979-11-01,14427.400000000007
NN3-088,1979-12-01,14427.400000000007
NN3-088,1980-01-01,14427.400000000007
NN3-088,1980-02-01,836.3199999999999
NN3-088,1980-03-01,14427.400000000007
NN3-088,1980-04-01,14427.400000000007
NN3-088,1980-05-01,14427.400000000007
NN3-088,1980-06-01,836.3199999999999
NN3-088,1980-07-01,836.3199999999999
NN3-088,1980-08-01,14427.400000000007
NN3-088,1980-09-01,14427.400000000007
NN3-088,1980-10-01,836.3199999999999
NN3-088,1980-11-01,14427.400000000007
NN3-088,1980-12-01,14427.400000000007
NN3-088,1981-01-01,836.3199999999999
NN3-088,1981-02-01,836.3199999999999
NN3-088,1981-03-01,14427.400000000007
NN3-088,1981-04-01,836.3199999999999
NN3-088,1981-05-01,836.3199999999999
NN3-088,1981-06-01,836.3199999999999
NN3-088,1981-07-01,836.3199999999999
NN3-088,1981-08-01,836.3199999999999
NN3-088,1981-09-01,14427.400000000007
NN3-088,1981-10-01,836.3199999999999
NN3-088,1981-11-01,836.3199999999999
NN3-088,1981-12-01,14427.400000000007
NN3-088,1982-01-01,836.3199999999999
NN3-088,1982-02-01,14427.400000000007
NN3-088,1982-03-01,14427.400000000007
NN3-088,1982-04-01,836.3199999999999
NN3-088,1982-05-01,836.3199999999999
NN3-088,1982-06-01,14427.400000000007
NN3-089,1981-01-01,14427.400000000007
NN3-089,1981-02-01,14427.400000000007
NN3-089,1981-03-01,836.3199999999999
NN3-089,1981-04-01,836.3199999999999
NN3-089,1981-05-01,14427.400000000007
NN3-089,1981-06-01,14427.400000000007
NN3-089,1981-07-01,14427.400000000007
NN3-089,1981-08-01,14427.400000000007
NN3-089,1981-09-01,14427.400000000007
NN3-089,1981-10-01,836.3199999999999
NN3-089,1981-11-01,836.3199999999999
NN3-089,1981-12-01,836.3199999999999
NN3-089,1982-01-01,14427.400000000007
NN3-089,1982-02-01,14427.400000000007
NN3-089,1982-03-01,14427.400000000007
NN3-089,1982-04-01,836.3199999999999
NN3-089,1982-05-01,14427.400000000007
NN3-089,1982-06-01,14427.400000000007
NN3-089,1982-07-01,14427.400000000007
NN3-089,1982-08-01,836.3199999999999
NN3-089,1982-09-01,836.3199999999999
NN3-089,1982-10-01,836.3199999999999
NN3-089,1982-11-01,836.3199999999999
NN3-089,1982-12-01,14427.400000000007
NN3-089,1983-01-01,14427.400000000007
NN3-089,1983-02-01,14427.400000000007
NN3-089,1983-03-01,836.3199999999999
NN3-089,1983-04-01,836.3199999999999
NN3-089,1983-05-01,836.3199999999999
NN3-089,1983-06-01,836.3199999999999
NN3-089,1983-07-01,14427.400000000007
NN3-089,1983-08-01,836.3199999999999
NN3-089,1983-09-01,836.3199999999999
NN3-089,1983-10-01,836.3199999999999
NN3-089,1983-11-01,836.3199999999999
NN3-089,1983-12-01,14427.400000000007
NN3-089,1984-01-01,14427.400000000007
NN3-089,1984-02-01,14427.400000000007
NN3-089,1984-03-01,14427.400000000007
NN3-089,1984-04-01,836.3199999999999
NN3-089,1984-05-01,836.3199999999999
NN3-089,1984-06-01,14427.400000000007
NN3-089,1984-07-01,14427.400000000007
NN3-089,1984-08-01,14427.400000000007
NN3-089,1984-09-01,14427.400000000007
NN3-089,1984-10-01,836.3199999999999
NN3-089,1984-11-01,836.3199999999999
NN3-089,1984-12-01,836.3199999999999
NN3-089,1985-01-01,836.3199999999999
NN3-089,1985-02-01,14427.400000000007
NN3-089,1985-03-01,14427.400000000007
NN3-089,1985-04-01,836.3199999999999
NN3-089,1985-05-01,836.3199999999999
NN3-089,1985-06-01,836.3199999999999
NN3-089,1985-07-01,14427.400000000007
NN3-089,1985-08-01,14427.400000000007
NN3-089,1985-09-01,836.3199999999999
NN3-089,1985-10-01,836.3199999999999
NN3-089,1985-11-01,836.3199999999999
NN3-089,1985-12-01,14427.400000000007
NN3-089,1986-01-01,14427.400000000007
NN3-089,1986-02-01,14427.400000000007
NN3-089,1986-03-01,14427.400000000007
NN3-089,1986-04-01,14427.400000000007
NN3-089,1986-05-01,836.3199999999999
NN3-089,1986-06-01,836.3199999999999
NN3-089,1986-07-01,836.3199999999999
NN3-089,1986-08-01,14427.400000000007
NN3-089,1986-09-01,14427.400000000007
NN3-089,1986-10-01,836.3199999999999
NN3-089,1986-11-01,836.3199999999999
NN3-089,1986-12-01,14427.400000000007
NN3-089,1987-01-01,14427.400000000007
NN3-089,1987-02-01,14427.400000000007
NN3-089,1987-03-01,836.3199999999999
NN3-089,1987-04-01,836.3199999999999
NN3-089,1987-05-01,836.3199999999999
NN3-089,1987-06-01,14427.400000000007
NN3-089,1987-07-01,14427.400000000007
NN3-089,1987-08-01,14427.400000000007
NN3-089,1987-09-01,836.3199999999999
NN3-089,1987-10-01,836.3199999999999
NN3-089,1987-11-01,14427.400000000007
NN3-089,1987-12-01,14427.400000000007
NN3-089,1988-01-01,14427.400000000007
NN3-089,1988-02-01,9477.1101552712
NN3-089,1988-03-01,836.3199999999999
NN3-089,1988-04-01,836.3199999999999
NN3-089,1988-05-01,836.3199999999999
NN3-089,1988-06-01,836.3199999999999
NN3-089,1988-07-01,836.3199999999999
NN3-089,1988-08-01,836.3199999999999
NN3-089,1988-09-01,836.3199999999999
NN3-089,1988-10-01,836.3199999999999
NN3-089,1988-11-01,836.3199999999999
NN3-089,1988-12-01,14427.400000000007
NN3-089,1989-01-01,14427.400000000007
NN3-089,1989-02-01,14427.400000000007
NN3-089,1989-03-01,836.3199999999999
NN3-089,1989-04-01,14427.400000000007
NN3-089,1989-05-01,14427.400000000007
NN3-089,1989-06-01,14427.400000000007
NN3-089,1989-07-01,14427.400000000007
NN3-089,1989-08-01,14427.400000000007
NN3-089,1989-09-01,14427.400000000007
NN3-089,1989-10-01,14427.400000000007
NN3-089,1989-11-01,14427.400000000007
NN3-089,1989-12-01,836.3199999999999
NN3-089,1990-01-01,836.3199999999999
NN3-089,1990-02-01,836.3199999999999
NN3-089,1990-03-01,836.3199999999999
NN3-089,1990-04-01,836.3199999999999
NN3-089,1990-05-01,836.3199999999999
NN3-089,1990-06-01,836.3199999999999
NN3-090,1982-01-01,14427.400000000007
NN3-090,1982-02-01,14427.400000000007
NN3-090,1982-03-01,836.3199999999999
NN3-090,1982-04-01,836.3199999999999
NN3-090,1982-05-01,836.3199999999999
NN3-090,1982-06-01,14427.400000000007
NN3-090,1982-07-01,14427.400000000007
NN3-090,1982-08-01,14427.400000000007
NN3-090,1982-09-01,836.3199999999999
NN3-090,1982-10-01,14427.400000000007
NN3-090,1982-11-01,14427.400000000007
NN3-090,1982-12-01,14427.400000000007
NN3-090,1983-01-01,836.3199999999999
NN3-090,1983-02-01,836.3199999999999
NN3-090,1983-03-01,836.3199999999999
NN3-090,1983-04-01,836.3199999999999
NN3-090,1983-05-01,14427.400000000007
NN3-090,1983-06-01,14427.400000000007
NN3-090,1983-07-01,836.3199999999999
NN3-090,1983-08-01,836.3199999999999
NN3-090,1983-09-01,836.3199999999999
NN3-090,1983-10-01,14427.400000000007
NN3-090,1983-11-01,14427.400000000007
NN3-090,1983-12-01,14427.400000000007
NN3-090,1984-01-01,836.3199999999999
NN3-090,1984-02-01,836.3199999999999
NN3-090,1984-03-01,14427.400000000007
NN3-090,1984-04-01,14427.400000000007
NN3-090,1984-05-01,14427.400000000007
NN3-090,1984-06-01,836.3199999999999
NN3-090,1984-07-01,836.3199999999999
NN3-090,1984-08-01,836.3199999999999
NN3-090,1984-09-01,836.3199999999999
NN3-090,1984-10-01,836.3199999999999
NN3-090,1984-11-01,836.3199999999999
NN3-090,1984-12-01,836.3199999999999
NN3-090,1985-01-01,836.3199999999999
NN3-090,1985-02-01,836.3199999999999
NN3-090,1985-03-01,14427.400000000007
NN3-090,1985-04-01,14427.400000000007
NN3-090,1985-05-01,14427.400000000007
NN3-090,1985-06-01,836.3199999999999
NN3-090,1985-07-01,14427.400000000007
NN3-090,1985-08-01,14427.400000000007
NN3-090,1985-09-01,14427.400000000007
NN3-090,1985-10-01,836.3199999999999
NN3-090,1985-11-01,836.3199999999999
NN3-090,1985-12-01,14427.400000000007
NN3-090,1986-01-01,836.3199999999999
NN3-090,1986-02-01,836.3199999999999
NN3-090,1986-03-01,14427.400000000007
NN3-090,1986-04-01,14427.400000000007
NN3-090,1986-05-01,14427.400000000007
NN3-090,1986-06-01,14427.400000000007
NN3-090,1986-07-01,836.3199999999999
NN3-090,1986-08-01,14427.400000000007
NN3-090,1986-09-01,14427.400000000007
NN3-090,1986-10-01,14427.400000000007
NN3-090,1986-11-01,14427.400000000007
NN3-090,1986-12-01,14427.400000000007
NN3-090,1987-01-01,836.3199999999999
NN3-090,1987-02-01,836.3199999999999
NN3-090,1987-03-01,836.3199999999999
NN3-090,1987-04-01,836.3199999999999
NN3-090,1987-05-01,836.3199999999999
NN3-090,1987-06-01,14427.400000000007
NN3-090,1987-07-01,14427.400000000007
NN3-090,1987-08-01,14427.400000000007
NN3-090,1987-09-01,836.3199999999999
NN3-090,1987-10-01,836.3199999999999
NN3-090,1987-11-01,14427.400000000007
NN3-090,1987-12-01,14427.400000000007
NN3-090,1988-01-01,836.3199999999999
NN3-090,1988-02-01,836.3199999999999
NN3-090,1988-03-01,836.3199999999999
NN3-090,1988-04-01,14427.400000000007
NN3-090,1988-05-01,14427.400000000007
NN3-090,1988-06-01,14427.400000000007
NN3-090,1988-07-01,14427.400000000007
NN3-090,1988-08-01,14427.400000000007
NN3-090,1988-09-01,14427.400000000007
NN3-090,1988-10-01,836.3199999999999
NN3-090,1988-11-01,836.3199999999999
NN3-090,1988-12-01,836.3199999999999
NN3-090,1989-01-01,14427.400000000007
NN3-090,1989-02-01,14427.400000000007
NN3-090,1989-03-01,14427.400000000007
NN3-090,1989-04-01,14427.400000000007
NN3-090,1989-05-01,14427.400000000007
NN3-090,1989-06-01,14427.400000000007
NN3-090,1989-07-01,14427.400000000007
NN3-090,1989-08-01,3676.026086077419
NN3-090,1989-09-01,836.3199999999999
NN3-090,1989-10-01,836.3199999999999
NN3-090,1989-11-01,14427.400000000007
NN3-090,1989-12-01,14427.400000000007
NN3-090,1990-01-01,836.3199999999999
NN3-090,1990-02-01,836.3199999999999
NN3-090,1990-03-01,836.3199999999999
NN3-090,1990-04-01,14427.400000000007
NN3-090,1990-05-01,14427.400000000007
NN3-090,1990-06-01,14427.400000000007
NN3-090,1990-07-01,836.3199999999999
NN3-090,1990-08-01,836.3199999999999
NN3-090,1990-09-01,836.3199999999999
NN3-090,1990-10-01,836.3199999999999
NN3-090,1990-11-01,14427.400000000007
NN3-090,1990-12-01,14427.400000000007
NN3-090,1991-01-01,14427.400000000007
NN3-090,1991-02-01,836.3199999999999
NN3-090,1991-03-01,836.3199999999999
NN3-090,1991-04-01,14427.400000000007
NN3-090,1991-05-01,14427.400000000007
NN3-090,1991-06-01,14427.400000000007
NN3-091,1982-12-01,14427.400000000007
NN3-091,1983-01-01,14427.400000000007
NN3-091,1983-02-01,14427.400000000007
NN3-091,1983-03-01,14427.400000000007
NN3-091,1983-04-01,14427.400000000007
NN3-091,1983-05-01,836.3199999999999
NN3-091,1983-06-01,14427.400000000007
NN3-091,1983-07-01,14427.400000000007
NN3-091,1983-08-01,14427.400000000007
NN3-091,1983-09-01,14427.400000000007
NN3-091,1983-10-01,14427.400000000007
NN3-091,1983-11-01,14427.400000000007
NN3-091,1983-12-01,14427.400000000007
NN3-091,1984-01-01,836.3199999999999
NN3-091,1984-02-01,836.3199999999999
NN3-091,1984-03-01,836.3199999999999
NN3-091,1984-04-01,14427.400000000007
NN3-091,1984-05-01,14427.400000000007
NN3-091,1984-06-01,14427.400000000007
NN3-091,1984-07-01,14427.400000000007
NN3-091,1984-08-01,836.3199999999999
NN3-091,1984-09-01,836.3199999999999
NN3-091,1984-10-01,14427.400000000007
NN3-091,1984-11-01,14427.400000000007
NN3-091,1984-12-01,836.3199999999999
NN3-091,1985-01-01,14427.400000000007
NN3-091,1985-02-01,14427.400000000007
NN3-091,1985-03-01,836.3199999999999
NN3-091,1985-04-01,14427.400000000007
NN3-091,1985-05-01,14427.400000000007
NN3-091,1985-06-01,14427.400000000007
NN3-091,1985-07-01,14427.400000000007
NN3-091,1985-08-01,14427.400000000007
NN3-091,1985-09-01,14427.400000000007
NN3-091,1985-10-01,14427.400000000007
NN3-091,1985-11-01,836.3199999999999
NN3-091,1985-12-01,14427.400000000007
NN3-091,1986-01-01,14427.400000000007
NN3-091,1986-02-01,14427.400000000007
NN3-091,1986-03-01,14427.400000000007
NN3-091,1986-04-01,3056.5011018937034
NN3-091,1986-05-01,836.3199999999999
NN3-091,1986-06-01,14427.400000000007
NN3-091,1986-07-01,14427.400000000007
NN3-091,1986-08-01,14427.400000000007
NN3-091,1986-09-01,836.3199999999999
NN3-091,1986-10-01,14427.400000000007
NN3-091,1986-11-01,14427.400000000007
NN3-091,1986-12-01,14427.400000000007
NN3-091,1987-01-01,836.3199999999999
NN3-091,1987-02-01,14427.400000000007
NN3-091,1987-03-01,14427.400000000007
NN3-091,1987-04-01,14427.400000000007
NN3-091,1987-05-01,14427.400000000007
NN3-091,1987-06-01,14427.400000000007
NN3-091,1987-07-01,14427.400000000007
NN3-091,1987-08-01,14427.400000000007
NN3-091,1987-09-01,836.3199999999999
NN3-091,1987-10-01,14427.400000000007
NN3-091,1987-11-01,836.3199999999999
NN3-091,1987-12-01,836.3199999999999
NN3-091,1988-01-01,14427.400000000007
NN3-091,1988-02-01,836.3199999999999
NN3-091,1988-03-01,836.3199999999999
NN3-091,1988-04-01,836.3199999999999
NN3-091,1988-05-01,836.3199999999999
NN3-091,1988-06-01,836.3199999999999
NN3-091,1988-07-01,836.3199999999999
NN3-091,1988-08-01,14427.400000000007
NN3-091,1988-09-01,14427.400000000007
NN3-091,1988-10-01,836.3199999999999
NN3-091,1988-11-01,836.3199999999999
NN3-091,1988-12-01,836.3199999999999
NN3-091,1989-01-01,836.3199999999999
NN3-091,1989-02-01,836.3199999999999
NN3-091,1989-03-01,836.3199999999999
NN3-091,1989-04-01,836.3199999999999
NN3-091,1989-05-01,14427.400000000007
NN3-091,1989-06-01,14427.400000000007
NN3-091,1989-07-01,836.3199999999999
NN3-091,1989-08-01,836.3199999999999
NN3-091,1989-09-01,836.3199999999999
NN3-091,1989-10-01,836.3199999999999
NN3-091,1989-11-01,836.3199999999999
NN3-091,1989-12-01,14427.400000000007
NN3-091,1990-01-01,14427.400000000007
NN3-091,1990-02-01,14427.400000000007
NN3-091,1990-03-01,836.3199999999999
NN3-091,1990-04-01,836.3199999999999
NN3-091,1990-05-01,836.3199999999999
NN3-091,1990-06-01,836.3199999999999
NN3-091,1990-07-01,836.3199999999999
NN3-091,1990-08-01,836.3199999999999
NN3-091,1990-09-01,836.3199999999999
NN3-091,1990-10-01,836.3199999999999
NN3-091,1990-11-01,836.3199999999999
NN3-091,1990-12-01,836.3199999999999
NN3-091,1991-01-01,14427.400000000007
NN3-091,1991-02-01,14427.400000000007
NN3-091,1991-03-01,836.3199999999999
NN3-091,1991-04-01,14427.400000000007
NN3-091,1991-05-01,14427.400000000007
NN3-091,1991-06-01,836.3199999999999
NN3-091,1991-07-01,14427.400000000007
NN3-092,1983-01-01,836.3199999999999
NN3-092,1983-02-01,836.3199999999999
NN3-092,1983-03-01,836.3199999999999
NN3-092,1983-04-01,836.3199999999999
NN3-092,1983-05-01,836.3199999999999
NN3-092,1983-06-01,836.3199999999999
NN3-092,1983-07-01,836.3199999999999
NN3-092,1983-08-01,836.3199999999999
NN3-092,1983-09-01,836.3199999999999
NN3-092,1983-10-01,14427.400000000007
NN3-092,1983-11-01,14427.400000000007
NN3-092,1983-12-01,14427.400000000007
NN3-092,1984-01-01,14427.400000000007
NN3-092,1984-02-01,14427.400000000007
NN3-092,1984-03-01,14427.400000000007
NN3-092,1984-04-01,14427.400000000007
NN3-092,1984-05-01,14427.400000000007
NN3-092,1984-06-01,14427.400000000007
NN3-092,1984-07-01,14427.400000000007
NN3-092,1984-08-01,14427.400000000007
NN3-092,1984-09-01,14427.400000000007
NN3-092,1984-10-01,14427.400000000007
NN3-092,1984-11-01,14427.400000000007
NN3-092,1984-12-01,14427.400000000007
NN3-092,1985-01-01,836.3199999999999
NN3-092,1985-02-01,836.3199999999999
NN3-092,1985-03-01,836.3199999999999
NN3-092,1985-04-01,836.3199999999999
NN3-092,1985-05-01,14427.400000000007
NN3-092,1985-06-01,836.3199999999999
NN3-092,1985-07-01,836.3199999999999
NN3-092,1985-08-01,836.3199999999999
NN3-092,1985-09-01,836.3199999999999
NN3-092,1985-10-01,14427.400000000007
NN3-092,1985-11-01,14427.400000000007
NN3-092,1985-12-01,836.3199999999999
NN3-092,1986-01-01,836.3199999999999
NN3-092,1986-02-01,14427.400000000007
NN3-092,1986-03-01,14427.400000000007
NN3-092,1986-04-01,836.3199999999999
NN3-092,1986-05-01,836.3199999999999
NN3-092,1986-06-01,14427.400000000007
NN3-092,1986-07-01,14427.400000000007
NN3-092,1986-08-01,836.3199999999999
NN3-092,1986-09-01,836.3199999999999
NN3-092,1986-10-01,14427.400000000007
NN3-092,1986-11-01,14427.400000000007
NN3-092,1986-12-01,14427.400000000007
NN3-092,1987-01-01,836.3199999999999
NN3-092,1987-02-01,14427.400000000007
NN3-092,1987-03-01,14427.400000000007
NN3-092,1987-04-01,836.3199999999999
NN3-092,1987-05-01,836.3199999999999
NN3-092,1987-06-01,836.3199999999999
NN3-092,1987-07-01,836.3199999999999
NN3-092,1987-08-01,836.3199999999999
NN3-092,1987-09-01,836.3199999999999
NN3-092,1987-10-01,836.3199999999999
NN3-092,1987-11-01,836.3199999999999
NN3-092,1987-12-01,836.3199999999999
NN3-092,1988-01-01,836.3199999999999
NN3-092,1988-02-01,836.3199999999999
NN3-092,1988-03-01,836.3199999999999
NN3-092,1988-04-01,836.3199999999999
NN3-092,1988-05-01,836.3199999999999
NN3-092,1988-06-01,14427.400000000007
NN3-092,1988-07-01,14427.400000000007
NN3-092,1988-08-01,14427.400000000007
NN3-092,1988-09-01,14427.400000000007
NN3-092,1988-10-01,14427.400000000007
NN3-092,1988-11-01,14427.400000000007
NN3-092,1988-12-01,14427.400000000007
NN3-092,1989-01-01,14427.400000000007
NN3-092,1989-02-01,14427.400000000007
NN3-092,1989-03-01,14427.400000000007
NN3-092,1989-04-01,14427.400000000007
NN3-092,1989-05-01,14427.400000000007
NN3-092,1989-06-01,14427.400000000007
NN3-092,1989-07-01,14427.400000000007
NN3-092,1989-08-01,14427.400000000007
NN3-092,1989-09-01,14427.400000000007
NN3-092,1989-10-01,836.3199999999999
NN3-092,1989-11-01,836.3199999999999
NN3-092,1989-12-01,836.3199999999999
NN3-092,1990-01-01,836.3199999999999
NN3-092,1990-02-01,14427.400000000007
NN3-092,1990-03-01,836.3199999999999
NN3-092,1990-04-01,14427.400000000007
NN3-092,1990-05-01,14427.400000000007
NN3-092,1990-06-01,14427.400000000007
NN3-092,1990-07-01,836.3199999999999
NN3-092,1990-08-01,836.3199999999999
NN3-092,1990-09-01,836.3199999999999
NN3-092,1990-10-01,14427.400000000007
NN3-092,1990-11-01,14427.400000000007
NN3-092,1990-12-01,14427.400000000007
NN3-092,1991-01-01,14427.400000000007
NN3-092,1991-02-01,14427.400000000007
NN3-092,1991-03-01,836.3199999999999
NN3-092,1991-04-01,836.3199999999999
NN3-092,1991-05-01,836.3199999999999
NN3-092,1991-06-01,836.3199999999999
NN3-092,1991-07-01,836.3199999999999
NN3-093,1978-01-01,836.3199999999999
NN3-093,1978-02-01,836.3199999999999
NN3-093,1978-03-01,836.3199999999999
NN3-093,1978-04-01,14427.400000000007
NN3-093,1978-05-01,14427.400000000007
NN3-093,1978-06-01,14427.400000000007
NN3-093,1978-07-01,14427.400000000007
NN3-093,1978-08-01,14427.400000000007
NN3-093,1978-09-01,836.3199999999999
NN3-093,1978-10-01,836.3199999999999
NN3-093,1978-11-01,14427.400000000007
NN3-093,1978-12-01,14427.400000000007
NN3-093,1979-01-01,14427.400000000007
NN3-093,1979-02-01,836.3199999999999
NN3-093,1979-03-01,836.3199999999999
NN3-093,1979-04-01,836.3199999999999
NN3-093,1979-05-01,14427.400000000007
NN3-093,1979-06-01,14427.400000000007
NN3-093,1979-07-01,14427.400000000007
NN3-093,1979-08-01,14427.400000000007
NN3-093,1979-09-01,14427.400000000007
NN3-093,1979-10-01,14427.400000000007
NN3-093,1979-11-01,836.3199999999999
NN3-093,1979-12-01,836.3199999999999
NN3-093,1980-01-01,836.3199999999999
NN3-093,1980-02-01,836.3199999999999
NN3-093,1980-03-01,14427.400000000007
NN3-093,1980-04-01,14427.400000000007
NN3-093,1980-05-01,836.3199999999999
NN3-093,1980-06-01,836.3199999999999
NN3-093,1980-07-01,836.3199999999999
NN3-093,1980-08-01,14427.400000000007
NN3-093,1980-09-01,14427.400000000007
NN3-093,1980-10-01,14427.400000000007
NN3-093,1980-11-01,14427.400000000007
NN3-093,1980-12-01,14427.400000000007
NN3-093,1981-01-01,14427.400000000007
NN3-093,1981-02-01,836.3199999999999
NN3-093,1981-03-01,836.3199999999999
NN3-093,1981-04-01,836.3199999999999
NN3-093,1981-05-01,14427.400000000007
NN3-093,1981-06-01,14427.400000000007
NN3-093,1981-07-01,836.3199999999999
NN3-093,1981-08-01,836.3199999999999
NN3-093,1981-09-01,836.3199999999999
NN3-093,1981-10-01,14427.400000000007
NN3-093,1981-11-01,14427.400000000007
NN3-093,1981-12-01,836.3199999999999
NN3-093,1982-01-01,836.3199999999999
NN3-093,1982-02-01,836.3199999999999
NN3-093,1982-03-01,836.3199999999999
NN3-093,1982-04-01,14427.400000000007
NN3-093,1982-05-01,14427.400000000007
NN3-093,1982-06-01,14427.400000000007
NN3-093,1982-07-01,14427.400000000007
NN3-093,1982-08-01,14427.400000000007
NN3-093,1982-09-01,14427.400000000007
NN3-093,1982-10-01,14427.400000000007
NN3-093,1982-11-01,14427.400000000007
NN3-093,1982-12-01,14427.400000000007
NN3-093,1983-01-01,14427.400000000007
NN3-093,1983-02-01,836.3199999999999
NN3-093,1983-03-01,836.3199999999999
NN3-093,1983-04-01,836.3199999999999
NN3-093,1983-05-01,14427.400000000007
NN3-093,1983-06-01,14427.400000000007
NN3-093,1983-07-01,14427.400000000007
NN3-093,1983-08-01,14427.400000000007
NN3-093,1983-09-01,836.3199999999999
NN3-093,1983-10-01,836.3199999999999
NN3-093,1983-11-01,14427.400000000007
NN3-093,1983-12-01,14427.400000000007
NN3-093,1984-01-01,14427.400000000007
NN3-093,1984-02-01,14427.400000000007
NN3-093,1984-03-01,836.3199999999999
NN3-093,1984-04-01,836.3199999999999
NN3-093,1984-05-01,836.3199999999999
NN3-093,1984-06-01,836.3199999999999
NN3-093,1984-07-01,14427.400000000007
NN3-093,1984-08-01,14427.400000000007
NN3-093,1984-09-01,14427.400000000007
NN3-093,1984-10-01,14427.400000000007
NN3-093,1984-11-01,836.3199999999999
NN3-093,1984-12-01,836.3199999999999
NN3-093,1985-01-01,836.3199999999999
NN3-093,1985-02-01,836.3199999999999
NN3-093,1985-03-01,836.3199999999999
NN3-093,1985-04-01,14427.400000000007
NN3-093,1985-05-01,14427.400000000007
NN3-093,1985-06-01,836.3199999999999
NN3-093,1985-07-01,836.3199999999999
NN3-093,1985-08-01,836.3199999999999
NN3-093,1985-09-01,836.3199999999999
NN3-093,1985-10-01,836.3199999999999
NN3-093,1985-11-01,836.3199999999999
NN3-093,1985-12-01,836.3199999999999
NN3-093,1986-01-01,836.3199999999999
NN3-093,1986-02-01,14427.400000000007
NN3-093,1986-03-01,14427.400000000007
NN3-093,1986-04-01,836.3199999999999
NN3-093,1986-05-01,836.3199999999999
NN3-093,1986-06-01,836.3199999999999
NN3-093,1986-07-01,836.3199999999999
NN3-093,1986-08-01,14427.400000000007
NN3-093,1986-09-01,14427.400000000007
NN3-093,1986-10-01,14427.400000000007
NN3-093,1986-11-01,14427.400000000007
NN3-093,1986-12-01,836.3199999999999
NN3-093,1987-01-01,836.3199999999999
NN3-093,1987-02-01,836.3199999999999
NN3-093,1987-03-01,836.3199999999999
NN3-093,1987-04-01,836.3199999999999
NN3-093,1987-05-01,836.3199999999999
NN3-093,1987-06-01,836.3199999999999
NN3-094,1983-01-01,14427.400000000007
NN3-094,1983-02-01,836.3199999999999
NN3-094,1983-03-01,836.3199999999999
NN3-094,1983-04-01,836.3199999999999
NN3-094,1983-05-01,14427.400000000007
NN3-094,1983-06-01,14427.400000000007
NN3-094,1983-07-01,836.3199999999999
NN3-094,1983-08-01,836.3199999999999
NN3-094,1983-09-01,836.3199999999999
NN3-094,1983-10-01,836.3199999999999
NN3-094,1983-11-01,14427.400000000007
NN3-094,1983-12-01,14427.400000000007
NN3-094,1984-01-01,836.3199999999999
NN3-094,1984-02-01,836.3199999999999
NN3-094,1984-03-01,14427.400000000007
NN3-094,1984-04-01,14427.400000000007
NN3-094,1984-05-01,836.3199999999999
NN3-094,1984-06-01,836.3199999999999
NN3-094,1984-07-01,836.3199999999999
NN3-094,1984-08-01,14427.400000000007
NN3-094,1984-09-01,14427.400000000007
NN3-094,1984-10-01,836.3199999999999
NN3-094,1984-11-01,836.3199999999999
NN3-094,1984-12-01,836.3199999999999
NN3-094,1985-01-01,14427.400000000007
NN3-094,1985-02-01,836.3199999999999
NN3-094,1985-03-01,836.3199999999999
NN3-094,1985-04-01,14427.400000000007
NN3-094,1985-05-01,14427.400000000007
NN3-094,1985-06-01,14427.400000000007
NN3-094,1985-07-01,14427.400000000007
NN3-094,1985-08-01,14427.400000000007
NN3-094,1985-09-01,14427.400000000007
NN3-094,1985-10-01,14427.400000000007
NN3-094,1985-11-01,14427.400000000007
NN3-094,1985-12-01,14427.400000000007
NN3-094,1986-01-01,14427.400000000007
NN3-094,1986-02-01,14427.400000000007
NN3-094,1986-03-01,14427.400000000007
NN3-094,1986-04-01,836.3199999999999
NN3-094,1986-05-01,836.3199999999999
NN3-094,1986-06-01,14427.400000000007
NN3-094,1986-07-01,14427.400000000007
NN3-094,1986-08-01,14427.400000000007
NN3-094,1986-09-01,836.3199999999999
NN3-094,1986-10-01,836.3199999999999
NN3-094,1986-11-01,14427.400000000007
NN3-094,1986-12-01,14427.400000000007
NN3-094,1987-01-01,836.3199999999999
NN3-094,1987-02-01,836.3199999999999
NN3-094,1987-03-01,14427.400000000007
NN3-094,1987-04-01,14427.400000000007
NN3-094,1987-05-01,14427.400000000007
NN3-094,1987-06-01,14427.400000000007
NN3-094,1987-07-01,14427.400000000007
NN3-094,1987-08-01,14427.400000000007
NN3-094,1987-09-01,14427.400000000007
NN3-094,1987-10-01,14427.400000000007
NN3-094,1987-11-01,14427.400000000007
NN3-094,1987-12-01,14427.400000000007
NN3-094,1988-01-01,836.3199999999999
NN3-094,1988-02-01,14427.400000000007
NN3-094,1988-03-01,14427.400000000007
NN3-094,1988-04-01,836.3199999999999
NN3-094,1988-05-01,14427.400000000007
NN3-094,1988-06-01,14427.400000000007
NN3-094,1988-07-01,14427.400000000007
NN3-094,1988-08-01,836.3199999999999
NN3-094,1988-09-01,836.3199999999999
NN3-094,1988-10-01,836.3199999999999
NN3-094,1988-11-01,836.3199999999999
NN3-094,1988-12-01,836.3199999999999
NN3-094,1989-01-01,14427.400000000007
NN3-094,1989-02-01,14427.400000000007
NN3-094,1989-03-01,14427.400000000007
NN3-094,1989-04-01,836.3199999999999
NN3-094,1989-05-01,836.3199999999999
NN3-094,1989-06-01,14427.400000000007
NN3-094,1989-07-01,14427.400000000007
NN3-094,1989-08-01,14427.400000000007
NN3-094,1989-09-01,14427.400000000007
NN3-094,1989-10-01,14427.400000000007
NN3-094,1989-11-01,836.3199999999999
NN3-094,1989-12-01,836.3199999999999
NN3-094,1990-01-01,14427.400000000007
NN3-094,1990-02-01,14427.400000000007
NN3-094,1990-03-01,836.3199999999999
NN3-094,1990-04-01,836.3199999999999
NN3-094,1990-05-01,14427.400000000007
NN3-094,1990-06-01,14427.400000000007
NN3-094,1990-07-01,836.3199999999999
NN3-094,1990-08-01,836.3199999999999
NN3-094,1990-09-01,14427.400000000007
NN3-094,1990-10-01,836.3199999999999
NN3-094,1990-11-01,836.3199999999999
NN3-094,1990-12-01,836.3199999999999
NN3-094,1991-01-01,14427.400000000007
NN3-094,1991-02-01,836.3199999999999
NN3-094,1991-03-01,836.3199999999999
NN3-094,1991-04-01,836.3199999999999
NN3-094,1991-05-01,14427.400000000007
NN3-094,1991-06-01,836.3199999999999
NN3-094,1991-07-01,836.3199999999999
NN3-094,1991-08-01,836.3199999999999
NN3-095,1978-01-01,836.3199999999999
NN3-095,1978-02-01,836.3199999999999
NN3-095,1978-03-01,14427.400000000007
NN3-095,1978-04-01,14427.400000000007
NN3-095,1978-05-01,14427.400000000007
NN3-095,1978-06-01,14427.400000000007
NN3-095,1978-07-01,14427.400000000007
NN3-095,1978-08-01,14427.400000000007
NN3-095,1978-09-01,836.3199999999999
NN3-095,1978-10-01,836.3199999999999
NN3-095,1978-11-01,14427.400000000007
NN3-095,1978-12-01,14427.400000000007
NN3-095,1979-01-01,14427.400000000007
NN3-095,1979-02-01,14427.400000000007
NN3-095,1979-03-01,14427.400000000007
NN3-095,1979-04-01,14427.400000000007
NN3-095,1979-05-01,14427.400000000007
NN3-095,1979-06-01,14427.400000000007
NN3-095,1979-07-01,14427.400000000007
NN3-095,1979-08-01,836.3199999999999
NN3-095,1979-09-01,836.3199999999999
NN3-095,1979-10-01,14427.400000000007
NN3-095,1979-11-01,14427.400000000007
NN3-095,1979-12-01,836.3199999999999
NN3-095,1980-01-01,836.3199999999999
NN3-095,1980-02-01,14427.400000000007
NN3-095,1980-03-01,14427.400000000007
NN3-095,1980-04-01,836.3199999999999
NN3-095,1980-05-01,836.3199999999999
NN3-095,1980-06-01,14427.400000000007
NN3-095,1980-07-01,14427.400000000007
NN3-095,1980-08-01,14427.400000000007
NN3-095,1980-09-01,14427.400000000007
NN3-095,1980-10-01,14427.400000000007
NN3-095,1980-11-01,14427.400000000007
NN3-095,1980-12-01,836.3199999999999
NN3-095,1981-01-01,14427.400000000007
NN3-095,1981-02-01,14427.400000000007
NN3-095,1981-03-01,14427.400000000007
NN3-095,1981-04-01,14427.400000000007
NN3-095,1981-05-01,14427.400000000007
NN3-095,1981-06-01,14427.400000000007
NN3-095,1981-07-01,836.3199999999999
NN3-095,1981-08-01,836.3199999999999
NN3-095,1981-09-01,836.3199999999999
NN3-095,1981-10-01,836.3199999999999
NN3-095,1981-11-01,836.3199999999999
NN3-095,1981-12-01,836.3199999999999
NN3-095,1982-01-01,14427.400000000007
NN3-095,1982-02-01,14427.400000000007
NN3-095,1982-03-01,14427.400000000007
NN3-095,1982-04-01,14427.400000000007
NN3-095,1982-05-01,836.3199999999999
NN3-095,1982-06-01,836.3199999999999
NN3-095,1982-07-01,836.3199999999999
NN3-095,1982-08-01,836.3199999999999
NN3-095,1982-09-01,836.3199999999999
NN3-095,1982-10-01,836.3199999999999
NN3-095,1982-11-01,14427.400000000007
NN3-095,1982-12-01,14427.400000000007
NN3-095,1983-01-01,14427.400000000007
NN3-095,1983-02-01,14427.400000000007
NN3-095,1983-03-01,836.3199999999999
NN3-095,1983-04-01,836.3199999999999
NN3-095,1983-05-01,836.3199999999999
NN3-095,1983-06-01,836.3199999999999
NN3-095,1983-07-01,836.3199999999999
NN3-095,1983-08-01,836.3199999999999
NN3-095,1983-09-01,836.3199999999999
NN3-095,1983-10-01,836.3199999999999
NN3-095,1983-11-01,14427.400000000007
NN3-095,1983-12-01,14427.400000000007
NN3-095,1984-01-01,836.3199999999999
NN3-095,1984-02-01,836.3199999999999
NN3-095,1984-03-01,836.3199999999999
NN3-095,1984-04-01,836.3199999999999
NN3-095,1984-05-01,14427.400000000007
NN3-095,1984-06-01,836.3199999999999
NN3-095,1984-07-01,836.3199999999999
NN3-095,1984-08-01,836.3199999999999
NN3-095,1984-09-01,14427.400000000007
NN3-095,1984-10-01,14427.400000000007
NN3-095,1984-11-01,836.3199999999999
NN3-095,1984-12-01,836.3199999999999
NN3-095,1985-01-01,836.3199999999999
NN3-095,1985-02-01,836.3199999999999
NN3-095,1985-03-01,836.3199999999999
NN3-095,1985-04-01,836.3199999999999
NN3-095,1985-05-01,836.3199999999999
NN3-095,1985-06-01,836.3199999999999
NN3-095,1985-07-01,836.3199999999999
NN3-095,1985-08-01,14427.400000000007
NN3-095,1985-09-01,14427.400000000007
NN3-095,1985-10-01,836.3199999999999
NN3-095,1985-11-01,836.3199999999999
NN3-095,1985-12-01,836.3199999999999
NN3-095,1986-01-01,836.3199999999999
NN3-095,1986-02-01,14427.400000000007
NN3-095,1986-03-01,14427.400000000007
NN3-095,1986-04-01,14427.400000000007
NN3-095,1986-05-01,14427.400000000007
NN3-095,1986-06-01,14427.400000000007
NN3-095,1986-07-01,14427.400000000007
NN3-095,1986-08-01,14427.400000000007
NN3-095,1986-09-01,14427.400000000007
NN3-095,1986-10-01,836.3199999999999
NN3-095,1986-11-01,836.3199999999999
NN3-095,1986-12-01,836.3199999999999
NN3-095,1987-01-01,836.3199999999999
NN3-095,1987-02-01,836.3199999999999
NN3-095,1987-03-01,836.3199999999999
NN3-095,1987-04-01,14427.400000000007
NN3-095,1987-05-01,14427.400000000007
NN3-095,1987-06-01,836.3199999999999
NN3-096,1978-01-01,836.3199999999999
NN3-096,1978-02-01,14427.400000000007
NN3-096,1978-03-01,14427.400000000007
NN3-096,1978-04-01,14427.400000000007
NN3-096,1978-05-01,836.3199999999999
NN3-096,1978-06-01,836.3199999999999
NN3-096,1978-07-01,836.3199999999999
NN3-096,1978-08-01,836.3199999999999
NN3-096,1978-09-01,836.3199999999999
NN3-096,1978-10-01,836.3199999999999
NN3-096,1978-11-01,836.3199999999999
NN3-096,1978-12-01,836.3199999999999
NN3-096,1979-01-01,836.3199999999999
NN3-096,1979-02-01,836.3199999999999
NN3-096,1979-03-01,14427.400000000007
NN3-096,1979-04-01,14427.400000000007
NN3-096,1979-05-01,14427.400000000007
NN3-096,1979-06-01,14427.400000000007
NN3-096,1979-07-01,14427.400000000007
NN3-096,1979-08-01,14427.400000000007
NN3-096,1979-09-01,836.3199999999999
NN3-096,1979-10-01,836.3199999999999
NN3-096,1979-11-01,14427.400000000007
NN3-096,1979-12-01,14427.400000000007
NN3-096,1980-01-01,14427.400000000007
NN3-096,1980-02-01,14427.400000000007
NN3-096,1980-03-01,836.3199999999999
NN3-096,1980-04-01,836.3199999999999
NN3-096,1980-05-01,836.3199999999999
NN3-096,1980-06-01,836.3199999999999
NN3-096,1980-07-01,836.3199999999999
NN3-096,1980-08-01,836.3199999999999
NN3-096,1980-09-01,14427.400000000007
NN3-096,1980-10-01,14427.400000000007
NN3-096,1980-11-01,14427.400000000007
NN3-096,1980-12-01,14427.400000000007
NN3-096,1981-01-01,836.3199999999999
NN3-096,1981-02-01,836.3199999999999
NN3-096,1981-03-01,14427.400000000007
NN3-096,1981-04-01,14427.400000000007
NN3-096,1981-05-01,836.3199999999999
NN3-096,1981-06-01,836.3199999999999
NN3-096,1981-07-01,14427.400000000007
NN3-096,1981-08-01,14427.400000000007
NN3-096,1981-09-01,14427.400000000007
NN3-096,1981-10-01,836.3199999999999
NN3-096,1981-11-01,836.3199999999999
NN3-096,1981-12-01,836.3199999999999
NN3-096,1982-01-01,836.3199999999999
NN3-096,1982-02-01,836.3199999999999
NN3-096,1982-03-01,836.3199999999999
NN3-096,1982-04-01,836.3199999999999
NN3-096,1982-05-01,836.3199999999999
NN3-096,1982-06-01,836.3199999999999
NN3-096,1982-07-01,836.3199999999999
NN3-096,1982-08-01,836.3199999999999
NN3-096,1982-09-01,836.3199999999999
NN3-096,1982-10-01,836.3199999999999
NN3-096,1982-11-01,836.3199999999999
NN3-096,1982-12-01,14427.400000000007
NN3-096,1983-01-01,14427.400000000007
NN3-096,1983-02-01,14427.400000000007
NN3-096,1983-03-01,14427.400000000007
NN3-096,1983-04-01,14427.400000000007
NN3-096,1983-05-01,14427.400000000007
NN3-096,1983-06-01,836.3199999999999
NN3-096,1983-07-01,836.3199999999999
NN3-096,1983-08-01,836.3199999999999
NN3-096,1983-09-01,836.3199999999999
NN3-096,1983-10-01,836.3199999999999
NN3-096,1983-11-01,836.3199999999999
NN3-096,1983-12-01,836.3199999999999
NN3-096,1984-01-01,836.3199999999999
NN3-096,1984-02-01,836.3199999999999
NN3-096,1984-03-01,836.3199999999999
NN3-096,1984-04-01,836.3199999999999
NN3-096,1984-05-01,14427.400000000007
NN3-096,1984-06-01,14427.400000000007
NN3-096,1984-07-01,14427.400000000007
NN3-096,1984-08-01,836.3199999999999
NN3-096,1984-09-01,836.3199999999999
NN3-096,1984-10-01,14427.400000000007
NN3-096,1984-11-01,836.3199999999999
NN3-096,1984-12-01,836.3199999999999
NN3-096,1985-01-01,836.3199999999999
NN3-096,1985-02-01,14427.400000000007
NN3-096,1985-03-01,14427.400000000007
NN3-096,1985-04-01,14427.400000000007
NN3-096,1985-05-01,14427.400000000007
NN3-096,1985-06-01,14427.400000000007
NN3-096,1985-07-01,14427.400000000007
NN3-096,1985-08-01,14427.400000000007
NN3-096,1985-09-01,14427.400000000007
NN3-096,1985-10-01,14427.400000000007
NN3-096,1985-11-01,14427.400000000007
NN3-096,1985-12-01,836.3199999999999
NN3-096,1986-01-01,836.3199999999999
NN3-096,1986-02-01,836.3199999999999
NN3-096,1986-03-01,14427.400000000007
NN3-096,1986-04-01,14427.400000000007
NN3-096,1986-05-01,14427.400000000007
NN3-096,1986-06-01,14427.400000000007
NN3-096,1986-07-01,14427.400000000007
NN3-096,1986-08-01,14427.400000000007
NN3-096,1986-09-01,836.3199999999999
NN3-096,1986-10-01,836.3199999999999
NN3-096,1986-11-01,14427.400000000007
NN3-096,1986-12-01,14427.400000000007
NN3-096,1987-01-01,14427.400000000007
NN3-096,1987-02-01,14427.400000000007
NN3-096,1987-03-01,14427.400000000007
NN3-096,1987-04-01,14427.400000000007
NN3-096,1987-05-01,14427.400000000007
NN3-096,1987-06-01,14427.400000000007
NN3-097,1978-01-01,14427.400000000007
NN3-097,1978-02-01,14427.400000000007
NN3-097,1978-03-01,14427.400000000007
NN3-097,1978-04-01,14427.400000000007
NN3-097,1978-05-01,14427.400000000007
NN3-097,1978-06-01,14427.400000000007
NN3-097,1978-07-01,14427.400000000007
NN3-097,1978-08-01,836.3199999999999
NN3-097,1978-09-01,836.3199999999999
NN3-097,1978-10-01,836.3199999999999
NN3-097,1978-11-01,836.3199999999999
NN3-097,1978-12-01,836.3199999999999
NN3-097,1979-01-01,836.3199999999999
NN3-097,1979-02-01,836.3199999999999
NN3-097,1979-03-01,836.3199999999999
NN3-097,1979-04-01,836.3199999999999
NN3-097,1979-05-01,836.3199999999999
NN3-097,1979-06-01,836.3199999999999
NN3-097,1979-07-01,836.3199999999999
NN3-097,1979-08-01,14427.400000000007
NN3-097,1979-09-01,14427.400000000007
NN3-097,1979-10-01,14427.400000000007
NN3-097,1979-11-01,14427.400000000007
NN3-097,1979-12-01,14427.400000000007
NN3-097,1980-01-01,14427.400000000007
NN3-097,1980-02-01,14427.400000000007
NN3-097,1980-03-01,836.3199999999999
NN3-097,1980-04-01,14427.400000000007
NN3-097,1980-05-01,14427.400000000007
NN3-097,1980-06-01,14427.400000000007
NN3-097,1980-07-01,836.3199999999999
NN3-097,1980-08-01,836.3199999999999
NN3-097,1980-09-01,836.3199999999999
NN3-097,1980-10-01,836.3199999999999
NN3-097,1980-11-01,836.3199999999999
NN3-097,1980-12-01,836.3199999999999
NN3-097,1981-01-01,836.3199999999999
NN3-097,1981-02-01,836.3199999999999
NN3-097,1981-03-01,836.3199999999999
NN3-097,1981-04-01,836.3199999999999
NN3-097,1981-05-01,14427.400000000007
NN3-097,1981-06-01,14427.400000000007
NN3-097,1981-07-01,14427.400000000007
NN3-097,1981-08-01,14427.400000000007
NN3-097,1981-09-01,14427.400000000007
NN3-097,1981-10-01,14427.400000000007
NN3-097,1981-11-01,836.3199999999999
NN3-097,1981-12-01,836.3199999999999
NN3-097,1982-01-01,14427.400000000007
NN3-097,1982-02-01,14427.400000000007
NN3-097,1982-03-01,14427.400000000007
NN3-097,1982-04-01,836.3199999999999
NN3-097,1982-05-01,836.3199999999999
NN3-097,1982-06-01,836.3199999999999
NN3-097,1982-07-01,14427.400000000007
NN3-097,1982-08-01,14427.400000000007
NN3-097,1982-09-01,14427.400000000007
NN3-097,1982-10-01,836.3199999999999
NN3-097,1982-11-01,836.3199999999999
NN3-097,1982-12-01,14427.400000000007
NN3-097,1983-01-01,14427.400000000007
NN3-097,1983-02-01,14427.400000000007
NN3-097,1983-03-01,836.3199999999999
NN3-097,1983-04-01,14427.400000000007
NN3-097,1983-05-01,14427.400000000007
NN3-097,1983-06-01,14427.400000000007
NN3-097,1983-07-01,14427.400000000007
NN3-097,1983-08-01,14427.400000000007
NN3-097,1983-09-01,14427.400000000007
NN3-097,1983-10-01,836.3199999999999
NN3-097,1983-11-01,836.3199999999999
NN3-097,1983-12-01,14427.400000000007
NN3-097,1984-01-01,14427.400000000007
NN3-097,1984-02-01,836.3199999999999
NN3-097,1984-03-01,836.3199999999999
NN3-097,1984-04-01,836.3199999999999
NN3-097,1984-05-01,14427.400000000007
NN3-097,1984-06-01,14427.400000000007
NN3-097,1984-07-01,14427.400000000007
NN3-097,1984-08-01,14427.400000000007
NN3-097,1984-09-01,14427.400000000007
NN3-097,1984-10-01,836.3199999999999
NN3-097,1984-11-01,836.3199999999999
NN3-097,1984-12-01,14427.400000000007
NN3-097,1985-01-01,14427.400000000007
NN3-097,1985-02-01,14427.400000000007
NN3-097,1985-03-01,836.3199999999999
NN3-097,1985-04-01,836.3199999999999
NN3-097,1985-05-01,14427.400000000007
NN3-097,1985-06-01,14427.400000000007
NN3-097,1985-07-01,836.3199999999999
NN3-097,1985-08-01,836.3199999999999
NN3-097,1985-09-01,836.3199999999999
NN3-097,1985-10-01,836.3199999999999
NN3-097,1985-11-01,836.3199999999999
NN3-097,1985-12-01,14427.400000000007
NN3-097,1986-01-01,14427.400000000007
NN3-097,1986-02-01,14427.400000000007
NN3-097,1986-03-01,14427.400000000007
NN3-097,1986-04-01,14427.400000000007
NN3-097,1986-05-01,14427.400000000007
NN3-097,1986-06-01,836.3199999999999
NN3-097,1986-07-01,14427.400000000007
NN3-097,1986-08-01,14427.400000000007
NN3-097,1986-09-01,836.3199999999999
NN3-097,1986-10-01,836.3199999999999
NN3-097,1986-11-01,14427.400000000007
NN3-097,1986-12-01,14427.400000000007
NN3-097,1987-01-01,14427.400000000007
NN3-097,1987-02-01,836.3199999999999
NN3-097,1987-03-01,836.3199999999999
NN3-097,1987-04-01,14427.400000000007
NN3-097,1987-05-01,14427.400000000007
NN3-097,1987-06-01,836.3199999999999
NN3-098,1978-01-01,836.3199999999999
NN3-098,1978-02-01,836.3199999999999
NN3-098,1978-03-01,14427.400000000007
NN3-098,1978-04-01,14427.400000000007
NN3-098,1978-05-01,836.3199999999999
NN3-098,1978-06-01,836.3199999999999
NN3-098,1978-07-01,836.3199999999999
NN3-098,1978-08-01,14427.400000000007
NN3-098,1978-09-01,14427.400000000007
NN3-098,1978-10-01,14427.400000000007
NN3-098,1978-11-01,836.3199999999999
NN3-098,1978-12-01,836.3199999999999
NN3-098,1979-01-01,836.3199999999999
NN3-098,1979-02-01,836.3199999999999
NN3-098,1979-03-01,14427.400000000007
NN3-098,1979-04-01,14427.400000000007
NN3-098,1979-05-01,14427.400000000007
NN3-098,1979-06-01,836.3199999999999
NN3-098,1979-07-01,836.3199999999999
NN3-098,1979-08-01,836.3199999999999
NN3-098,1979-09-01,14427.400000000007
NN3-098,1979-10-01,14427.400000000007
NN3-098,1979-11-01,836.3199999999999
NN3-098,1979-12-01,836.3199999999999
NN3-098,1980-01-01,836.3199999999999
NN3-098,1980-02-01,836.3199999999999
NN3-098,1980-03-01,14427.400000000007
NN3-098,1980-04-01,836.3199999999999
NN3-098,1980-05-01,836.3199999999999
NN3-098,1980-06-01,836.3199999999999
NN3-098,1980-07-01,14427.400000000007
NN3-098,1980-08-01,836.3199999999999
NN3-098,1980-09-01,836.3199999999999
NN3-098,1980-10-01,836.3199999999999
NN3-098,1980-11-01,14427.400000000007
NN3-098,1980-12-01,14427.400000000007
NN3-098,1981-01-01,836.3199999999999
NN3-098,1981-02-01,14427.400000000007
NN3-098,1981-03-01,14427.400000000007
NN3-098,1981-04-01,836.3199999999999
NN3-098,1981-05-01,836.3199999999999
NN3-098,1981-06-01,836.3199999999999
NN3-098,1981-07-01,14427.400000000007
NN3-098,1981-08-01,14427.400000000007
NN3-098,1981-09-01,14427.400000000007
NN3-098,1981-10-01,836.3199999999999
NN3-098,1981-11-01,836.3199999999999
NN3-098,1981-12-01,14427.400000000007
NN3-098,1982-01-01,14427.400000000007
NN3-098,1982-02-01,836.3199999999999
NN3-098,1982-03-01,14427.400000000007
NN3-098,1982-04-01,14427.400000000007
NN3-098,1982-05-01,14427.400000000007
NN3-098,1982-06-01,14427.400000000007
NN3-098,1982-07-01,14427.400000000007
NN3-098,1982-08-01,14427.400000000007
NN3-098,1982-09-01,836.3199999999999
NN3-098,1982-10-01,836.3199999999999
NN3-098,1982-11-01,14427.400000000007
NN3-098,1982-12-01,14427.400000000007
NN3-098,1983-01-01,14427.400000000007
NN3-098,1983-02-01,14427.400000000007
NN3-098,1983-03-01,14427.400000000007
NN3-098,1983-04-01,14427.400000000007
NN3-098,1983-05-01,836.3199999999999
NN3-098,1983-06-01,836.3199999999999
NN3-098,1983-07-01,836.3199999999999
NN3-098,1983-08-01,14427.400000000007
NN3-098,1983-09-01,14427.400000000007
NN3-098,1983-10-01,14427.400000000007
NN3-098,1983-11-01,14427.400000000007
NN3-098,1983-12-01,14427.400000000007
NN3-098,1984-01-01,14427.400000000007
NN3-098,1984-02-01,14427.400000000007
NN3-098,1984-03-01,14427.400000000007
NN3-098,1984-04-01,14427.400000000007
NN3-098,1984-05-01,14427.400000000007
NN3-098,1984-06-01,14427.400000000007
NN3-098,1984-07-01,836.3199999999999
NN3-098,1984-08-01,836.3199999999999
NN3-098,1984-09-01,836.3199999999999
NN3-098,1984-10-01,14427.400000000007
NN3-098,1984-11-01,14427.400000000007
NN3-098,1984-12-01,14427.400000000007
NN3-098,1985-01-01,836.3199999999999
NN3-098,1985-02-01,836.3199999999999
NN3-098,1985-03-01,836.3199999999999
NN3-098,1985-04-01,836.3199999999999
NN3-098,1985-05-01,836.3199999999999
NN3-098,1985-06-01,836.3199999999999
NN3-098,1985-07-01,836.3199999999999
NN3-098,1985-08-01,14427.400000000007
NN3-098,1985-09-01,14427.400000000007
NN3-098,1985-10-01,14427.400000000007
NN3-098,1985-11-01,14427.400000000007
NN3-098,1985-12-01,14427.400000000007
NN3-098,1986-01-01,14427.400000000007
NN3-098,1986-02-01,14427.400000000007
NN3-098,1986-03-01,14427.400000000007
NN3-098,1986-04-01,14427.400000000007
NN3-098,1986-05-01,14427.400000000007
NN3-098,1986-06-01,14427.400000000007
NN3-098,1986-07-01,836.3199999999999
NN3-098,1986-08-01,836.3199999999999
NN3-098,1986-09-01,836.3199999999999
NN3-098,1986-10-01,14427.400000000007
NN3-098,1986-11-01,14427.400000000007
NN3-098,1986-12-01,836.3199999999999
NN3-098,1987-01-01,836.3199999999999
NN3-098,1987-02-01,836.3199999999999
NN3-098,1987-03-01,836.3199999999999
NN3-098,1987-04-01,14427.400000000007
NN3-098,1987-05-01,14427.400000000007
NN3-098,1987-06-01,836.3199999999999
NN3-099,1983-01-01,836.3199999999999
NN3-099,1983-02-01,836.3199999999999
NN3-099,1983-03-01,14427.400000000007
NN3-099,1983-04-01,14427.400000000007
NN3-099,1983-05-01,836.3199999999999
NN3-099,1983-06-01,836.3199999999999
NN3-099,1983-07-01,836.3199999999999
NN3-099,1983-08-01,836.3199999999999
NN3-099,1983-09-01,836.3199999999999
NN3-099,1983-10-01,836.3199999999999
NN3-099,1983-11-01,836.3199999999999
NN3-099,1983-12-01,836.3199999999999
NN3-099,1984-01-01,836.3199999999999
NN3-099,1984-02-01,836.3199999999999
NN3-099,1984-03-01,836.3199999999999
NN3-099,1984-04-01,836.3199999999999
NN3-099,1984-05-01,836.3199999999999
NN3-099,1984-06-01,836.3199999999999
NN3-099,1984-07-01,14427.400000000007
NN3-099,1984-08-01,6372.312835786757
NN3-099,1984-09-01,836.3199999999999
NN3-099,1984-10-01,14427.400000000007
NN3-099,1984-11-01,14427.400000000007
NN3-099,1984-12-01,836.3199999999999
NN3-099,1985-01-01,836.3199999999999
NN3-099,1985-02-01,14427.400000000007
NN3-099,1985-03-01,14427.400000000007
NN3-099,1985-04-01,14427.400000000007
NN3-099,1985-05-01,14427.400000000007
NN3-099,1985-06-01,836.3199999999999
NN3-099,1985-07-01,836.3199999999999
NN3-099,1985-08-01,14427.400000000007
NN3-099,1985-09-01,14427.400000000007
NN3-099,1985-10-01,836.3199999999999
NN3-099,1985-11-01,836.3199999999999
NN3-099,1985-12-01,836.3199999999999
NN3-099,1986-01-01,14427.400000000007
NN3-099,1986-02-01,14427.400000000007
NN3-099,1986-03-01,836.3199999999999
NN3-099,1986-04-01,836.3199999999999
NN3-099,1986-05-01,836.3199999999999
NN3-099,1986-06-01,14427.400000000007
NN3-099,1986-07-01,14427.400000000007
NN3-099,1986-08-01,14427.400000000007
NN3-099,1986-09-01,836.3199999999999
NN3-099,1986-10-01,836.3199999999999
NN3-099,1986-11-01,14427.400000000007
NN3-099,1986-12-01,14427.400000000007
NN3-099,1987-01-01,836.3199999999999
NN3-099,1987-02-01,836.3199999999999
NN3-099,1987-03-01,836.3199999999999
NN3-099,1987-04-01,14427.400000000007
NN3-099,1987-05-01,14427.400000000007
NN3-099,1987-06-01,14427.400000000007
NN3-099,1987-07-01,836.3199999999999
NN3-099,1987-08-01,836.3199999999999
NN3-099,1987-09-01,836.3199999999999
NN3-099,1987-10-01,14427.400000000007
NN3-099,1987-11-01,14427.400000000007
NN3-099,1987-12-01,836.3199999999999
NN3-099,1988-01-01,836.3199999999999
NN3-099,1988-02-01,836.3199999999999
NN3-099,1988-03-01,836.3199999999999
NN3-099,1988-04-01,836.3199999999999
NN3-099,1988-05-01,14427.400000000007
NN3-099,1988-06-01,14427.400000000007
NN3-099,1988-07-01,14427.400000000007
NN3-099,1988-08-01,836.3199999999999
NN3-099,1988-09-01,836.3199999999999
NN3-099,1988-10-01,836.3199999999999
NN3-099,1988-11-01,836.3199999999999
NN3-099,1988-12-01,836.3199999999999
NN3-099,1989-01-01,836.3199999999999
NN3-099,1989-02-01,836.3199999999999
NN3-099,1989-03-01,836.3199999999999
NN3-099,1989-04-01,836.3199999999999
NN3-099,1989-05-01,836.3199999999999
NN3-099,1989-06-01,14427.400000000007
NN3-099,1989-07-01,14427.400000000007
NN3-099,1989-08-01,14427.400000000007
NN3-099,1989-09-01,836.3199999999999
NN3-099,1989-10-01,836.3199999999999
NN3-099,1989-11-01,836.3199999999999
NN3-099,1989-12-01,14427.400000000007
NN3-099,1990-01-01,14427.400000000007
NN3-099,1990-02-01,836.3199999999999
NN3-099,1990-03-01,836.3199999999999
NN3-099,1990-04-01,836.3199999999999
NN3-099,1990-05-01,14427.400000000007
NN3-099,1990-06-01,14427.400000000007
NN3-099,1990-07-01,836.3199999999999
NN3-099,1990-08-01,14427.400000000007
NN3-099,1990-09-01,14427.400000000007
NN3-099,1990-10-01,14427.400000000007
NN3-099,1990-11-01,836.3199999999999
NN3-099,1990-12-01,836.3199999999999
NN3-099,1991-01-01,14427.400000000007
NN3-099,1991-02-01,836.3199999999999
NN3-099,1991-03-01,836.3199999999999
NN3-099,1991-04-01,14427.400000000007
NN3-099,1991-05-01,14427.400000000007
NN3-099,1991-06-01,14427.400000000007
NN3-099,1991-07-01,836.3199999999999
NN3-100,1983-01-01,836.3199999999999
NN3-100,1983-02-01,14427.400000000007
NN3-100,1983-03-01,14427.400000000007
NN3-100,1983-04-01,836.3199999999999
NN3-100,1983-05-01,836.3199999999999
NN3-100,1983-06-01,14427.400000000007
NN3-100,1983-07-01,14427.400000000007
NN3-100,1983-08-01,14427.400000000007
NN3-100,1983-09-01,836.3199999999999
NN3-100,1983-10-01,836.3199999999999
NN3-100,1983-11-01,14427.400000000007
NN3-100,1983-12-01,14427.400000000007
NN3-100,1984-01-01,14427.400000000007
NN3-100,1984-02-01,14427.400000000007
NN3-100,1984-03-01,14427.400000000007
NN3-100,1984-04-01,14427.400000000007
NN3-100,1984-05-01,836.3199999999999
NN3-100,1984-06-01,836.3199999999999
NN3-100,1984-07-01,836.3199999999999
NN3-100,1984-08-01,836.3199999999999
NN3-100,1984-09-01,836.3199999999999
NN3-100,1984-10-01,14427.400000000007
NN3-100,1984-11-01,14427.400000000007
NN3-100,1984-12-01,14427.400000000007
NN3-100,1985-01-01,836.3199999999999
NN3-100,1985-02-01,836.3199999999999
NN3-100,1985-03-01,836.3199999999999
NN3-100,1985-04-01,836.3199999999999
NN3-100,1985-05-01,836.3199999999999
NN3-100,1985-06-01,836.3199999999999
NN3-100,1985-07-01,14427.400000000007
NN3-100,1985-08-01,14427.400000000007
NN3-100,1985-09-01,836.3199999999999
NN3-100,1985-10-01,836.3199999999999
NN3-100,1985-11-01,14427.400000000007
NN3-100,1985-12-01,836.3199999999999
NN3-100,1986-01-01,836.3199999999999
NN3-100,1986-02-01,836.3199999999999
NN3-100,1986-03-01,836.3199999999999
NN3-100,1986-04-01,836.3199999999999
NN3-100,1986-05-01,836.3199999999999
NN3-100,1986-06-01,836.3199999999999
NN3-100,1986-07-01,836.3199999999999
NN3-100,1986-08-01,836.3199999999999
NN3-100,1986-09-01,836.3199999999999
NN3-100,1986-10-01,14427.400000000007
NN3-100,1986-11-01,14427.400000000007
NN3-100,1986-12-01,14427.400000000007
NN3-100,1987-01-01,14427.400000000007
NN3-100,1987-02-01,14427.400000000007
NN3-100,1987-03-01,14427.400000000007
NN3-100,1987-04-01,836.3199999999999
NN3-100,1987-05-01,836.3199999999999
NN3-100,1987-06-01,836.3199999999999
NN3-100,1987-07-01,14427.400000000007
NN3-100,1987-08-01,14427.400000000007
NN3-100,1987-09-01,836.3199999999999
NN3-100,1987-10-01,14427.400000000007
NN3-100,1987-11-01,14427.400000000007
NN3-100,1987-12-01,14427.400000000007
NN3-100,1988-01-01,836.3199999999999
NN3-100,1988-02-01,836.3199999999999
NN3-100,1988-03-01,14427.400000000007
NN3-100,1988-04-01,14427.400000000007
NN3-100,1988-05-01,14427.400000000007
NN3-100,1988-06-01,14427.400000000007
NN3-100,1988-07-01,14427.400000000007
NN3-100,1988-08-01,836.3199999999999
NN3-100,1988-09-01,836.3199999999999
NN3-100,1988-10-01,14427.400000000007
NN3-100,1988-11-01,14427.400000000007
NN3-100,1988-12-01,836.3199999999999
NN3-100,1989-01-01,836.3199999999999
NN3-100,1989-02-01,14427.400000000007
NN3-100,1989-03-01,836.3199999999999
NN3-100,1989-04-01,836.3199999999999
NN3-100,1989-05-01,836.3199999999999
NN3-100,1989-06-01,836.3199999999999
NN3-100,1989-07-01,14427.400000000007
NN3-100,1989-08-01,14427.400000000007
NN3-100,1989-09-01,14427.400000000007
NN3-100,1989-10-01,14427.400000000007
NN3-100,1989-11-01,14427.400000000007
NN3-100,1989-12-01,14427.400000000007
NN3-100,1990-01-01,836.3199999999999
NN3-100,1990-02-01,836.3199999999999
NN3-100,1990-03-01,836.3199999999999
NN3-100,1990-04-01,836.3199999999999
NN3-100,1990-05-01,836.3199999999999
NN3-100,1990-06-01,836.3199999999999
NN3-100,1990-07-01,14427.400000000007
NN3-100,1990-08-01,14427.400000000007
NN3-100,1990-09-01,836.3199999999999
NN3-100,1990-10-01,836.3199999999999
NN3-100,1990-11-01,14427.400000000007
NN3-100,1990-12-01,836.3199999999999
NN3-100,1991-01-01,836.3199999999999
NN3-100,1991-02-01,14427.400000000007
NN3-100,1991-03-01,14427.400000000007
NN3-100,1991-04-01,14427.400000000007
NN3-100,1991-05-01,14427.400000000007
NN3-100,1991-06-01,14427.400000000007
NN3-100,1991-07-01,14427.400000000007
NN3-100,1991-08-01,836.3199999999999
NN3_101,1982-01-01,836.3199999999999
NN3_101,1982-02-01,836.3199999999999
NN3_101,1982-03-01,14427.400000000007
NN3_101,1982-04-01,14427.400000000007
NN3_101,1982-05-01,836.3199999999999
NN3_101,1982-06-01,836.3199999999999
NN3_101,1982-07-01,836.3199999999999
NN3_101,1982-08-01,836.3199999999999
NN3_101,1982-09-01,836.3199999999999
NN3_101,1982-10-01,836.3199999999999
NN3_101,1982-11-01,14427.400000000007
NN3_101,1982-12-01,14427.400000000007
NN3_101,1983-01-01,14427.400000000007
NN3_101,1983-02-01,836.3199999999999
NN3_101,1983-03-01,836.3199999999999
NN3_101,1983-04-01,14427.400000000007
NN3_101,1983-05-01,14427.400000000007
NN3_101,1983-06-01,14427.400000000007
NN3_101,1983-07-01,14427.400000000007
NN3_101,1983-08-01,7545.839831159276
NN3_101,1983-09-01,14427.400000000007
NN3_101,1983-10-01,14427.400000000007
NN3_101,1983-11-01,14427.400000000007
NN3_101,1983-12-01,836.3199999999999
NN3_101,1984-01-01,836.3199999999999
NN3_101,1984-02-01,836.3199999999999
NN3_101,1984-03-01,14427.400000000007
NN3_101,1984-04-01,836.3199999999999
NN3_101,1984-05-01,836.3199999999999
NN3_101,1984-06-01,836.3199999999999
NN3_101,1984-07-01,836.3199999999999
NN3_101,1984-08-01,14427.400000000007
NN3_101,1984-09-01,836.3199999999999
NN3_101,1984-10-01,836.3199999999999
NN3_101,1984-11-01,836.3199999999999
NN3_101,1984-12-01,836.3199999999999
NN3_101,1985-01-01,836.3199999999999
NN3_101,1985-02-01,952.8101603695471
NN3_101,1985-03-01,14427.400000000007
NN3_101,1985-04-01,14427.400000000007
NN3_101,1985-05-01,14427.400000000007
NN3_101,1985-06-01,836.3199999999999
NN3_101,1985-07-01,836.3199999999999
NN3_101,1985-08-01,836.3199999999999
NN3_101,1985-09-01,14427.400000000007
NN3_101,1985-10-01,14427.400000000007
NN3_101,1985-11-01,14427.400000000007
NN3_101,1985-12-01,14427.400000000007
NN3_101,1986-01-01,14427.400000000007
NN3_101,1986-02-01,14427.400000000007
NN3_101,1986-03-01,836.3199999999999
NN3_101,1986-04-01,836.3199999999999
NN3_101,1986-05-01,836.3199999999999
NN3_101,1986-06-01,836.3199999999999
NN3_101,1986-07-01,14427.400000000007
NN3_101,1986-08-01,14427.400000000007
NN3_101,1986-09-01,836.3199999999999
NN3_101,1986-10-01,836.3199999999999
NN3_101,1986-11-01,14427.400000000007
NN3_101,1986-12-01,836.3199999999999
NN3_101,1987-01-01,836.3199999999999
NN3_101,1987-02-01,836.3199999999999
NN3_101,1987-03-01,14427.400000000007
NN3_101,1987-04-01,14427.400000000007
NN3_101,1987-05-01,836.3199999999999
NN3_101,1987-06-01,836.3199999999999
NN3_101,1987-07-01,14427.400000000007
NN3_101,1987-08-01,14427.400000000007
NN3_101,1987-09-01,14427.400000000007
NN3_101,1987-10-01,14427.400000000007
NN3_101,1987-11-01,14427.400000000007
NN3_101,1987-12-01,836.3199999999999
NN3_101,1988-01-01,836.3199999999999
NN3_101,1988-02-01,836.3199999999999
NN3_101,1988-03-01,14427.400000000007
NN3_101,1988-04-01,836.3199999999999
NN3_101,1988-05-01,836.3199999999999
NN3_101,1988-06-01,836.3199999999999
NN3_101,1988-07-01,14427.400000000007
NN3_101,1988-08-01,14427.400000000007
NN3_101,1988-09-01,836.3199999999999
NN3_101,1988-10-01,836.3199999999999
NN3_101,1988-11-01,836.3199999999999
NN3_101,1988-12-01,836.3199999999999
NN3_101,1989-01-01,836.3199999999999
NN3_101,1989-02-01,836.3199999999999
NN3_101,1989-03-01,836.3199999999999
NN3_101,1989-04-01,836.3199999999999
NN3_101,1989-05-01,836.3199999999999
NN3_101,1989-06-01,14427.400000000007
NN3_101,1989-07-01,14427.400000000007
NN3_101,1989-08-01,836.3199999999999
NN3_101,1989-09-01,836.3199999999999
NN3_101,1989-10-01,14427.400000000007
NN3_101,1989-11-01,14427.400000000007
NN3_101,1989-12-01,836.3199999999999
NN3_101,1990-01-01,836.3199999999999
NN3_101,1990-02-01,836.3199999999999
NN3_101,1990-03-01,14427.400000000007
NN3_101,1990-04-01,14427.400000000007
NN3_101,1990-05-01,14427.400000000007
NN3_101,1990-06-01,14427.400000000007
NN3_101,1990-07-01,14427.400000000007
NN3_101,1990-08-01,14427.400000000007
NN3_101,1990-09-01,836.3199999999999
NN3_101,1990-10-01,836.3199999999999
NN3_101,1990-11-01,836.3199999999999
NN3_101,1990-12-01,14427.400000000007
NN3_101,1991-01-01,14427.400000000007
NN3_101,1991-02-01,14427.400000000007
NN3_101,1991-03-01,14427.400000000007
NN3_101,1991-04-01,14427.400000000007
NN3_101,1991-05-01,836.3199999999999
NN3_101,1991-06-01,836.3199999999999
NN3_102,1979-01-01,836.3199999999999
NN3_102,1979-02-01,836.3199999999999
NN3_102,1979-03-01,836.3199999999999
NN3_102,1979-04-01,14427.400000000007
NN3_102,1979-05-01,14427.400000000007
NN3_102,1979-06-01,14427.400000000007
NN3_102,1979-07-01,14427.400000000007
NN3_102,1979-08-01,14427.400000000007
NN3_102,1979-09-01,14427.400000000007
NN3_102,1979-10-01,14427.400000000007
NN3_102,1979-11-01,836.3199999999999
NN3_102,1979-12-01,836.3199999999999
NN3_102,1980-01-01,836.3199999999999
NN3_102,1980-02-01,14427.400000000007
NN3_102,1980-03-01,14427.400000000007
NN3_102,1980-04-01,836.3199999999999
NN3_102,1980-05-01,836.3199999999999
NN3_102,1980-06-01,14427.400000000007
NN3_102,1980-07-01,14427.400000000007
NN3_102,1980-08-01,14427.400000000007
NN3_102,1980-09-01,836.3199999999999
NN3_102,1980-10-01,836.3199999999999
NN3_102,1980-11-01,836.3199999999999
NN3_102,1980-12-01,14427.400000000007
NN3_102,1981-01-01,14427.400000000007
NN3_102,1981-02-01,14427.400000000007
NN3_102,1981-03-01,14427.400000000007
NN3_102,1981-04-01,14427.400000000007
NN3_102,1981-05-01,836.3199999999999
NN3_102,1981-06-01,836.3199999999999
NN3_102,1981-07-01,836.3199999999999
NN3_102,1981-08-01,836.3199999999999
NN3_102,1981-09-01,14427.400000000007
NN3_102,1981-10-01,14427.400000000007
NN3_102,1981-11-01,14427.400000000007
NN3_102,1981-12-01,14427.400000000007
NN3_102,1982-01-01,14427.400000000007
NN3_102,1982-02-01,14427.400000000007
NN3_102,1982-03-01,14427.400000000007
NN3_102,1982-04-01,14427.400000000007
NN3_102,1982-05-01,836.3199999999999
NN3_102,1982-06-01,836.3199999999999
NN3_102,1982-07-01,836.3199999999999
NN3_102,1982-08-01,836.3199999999999
NN3_102,1982-09-01,836.3199999999999
NN3_102,1982-10-01,836.3199999999999
NN3_102,1982-11-01,14427.400000000007
NN3_102,1982-12-01,14427.400000000007
NN3_102,1983-01-01,14427.400000000007
NN3_102,1983-02-01,14427.400000000007
NN3_102,1983-03-01,14427.400000000007
NN3_102,1983-04-01,836.3199999999999
NN3_102,1983-05-01,836.3199999999999
NN3_102,1983-06-01,14427.400000000007
NN3_102,1983-07-01,14427.400000000007
NN3_102,1983-08-01,14427.400000000007
NN3_102,1983-09-01,14427.400000000007
NN3_102,1983-10-01,14427.400000000007
NN3_102,1983-11-01,14427.400000000007
NN3_102,1983-12-01,14427.400000000007
NN3_102,1984-01-01,836.3199999999999
NN3_102,1984-02-01,836.3199999999999
NN3_102,1984-03-01,836.3199999999999
NN3_102,1984-04-01,14427.400000000007
NN3_102,1984-05-01,14427.400000000007
NN3_102,1984-06-01,836.3199999999999
NN3_102,1984-07-01,836.3199999999999
NN3_102,1984-08-01,836.3199999999999
NN3_102,1984-09-01,14427.400000000007
NN3_102,1984-10-01,14427.400000000007
NN3_102,1984-11-01,836.3199999999999
NN3_102,1984-12-01,836.3199999999999
NN3_102,1985-01-01,836.3199999999999
NN3_102,1985-02-01,14427.400000000007
NN3_102,1985-03-01,14427.400000000007
NN3_102,1985-04-01,836.3199999999999
NN3_102,1985-05-01,836.3199999999999
NN3_102,1985-06-01,836.3199999999999
NN3_102,1985-07-01,14427.400000000007
NN3_102,1985-08-01,14427.400000000007
NN3_102,1985-09-01,14427.400000000007
NN3_102,1985-10-01,14427.400000000007
NN3_102,1985-11-01,836.3199999999999
NN3_102,1985-12-01,836.3199999999999
NN3_102,1986-01-01,14427.400000000007
NN3_102,1986-02-01,14427.400000000007
NN3_102,1986-03-01,14427.400000000007
NN3_102,1986-04-01,836.3199999999999
NN3_102,1986-05-01,14427.400000000007
NN3_102,1986-06-01,14427.400000000007
NN3_102,1986-07-01,14427.400000000007
NN3_102,1986-08-01,836.3199999999999
NN3_102,1986-09-01,836.3199999999999
NN3_102,1986-10-01,836.3199999999999
NN3_102,1986-11-01,836.3199999999999
NN3_102,1986-12-01,836.3199999999999
NN3_102,1987-01-01,836.3199999999999
NN3_102,1987-02-01,14427.400000000007
NN3_102,1987-03-01,14427.400000000007
NN3_102,1987-04-01,14427.400000000007
NN3_102,1987-05-01,836.3199999999999
NN3_102,1987-06-01,14427.400000000007
NN3_102,1987-07-01,14427.400000000007
NN3_102,1987-08-01,14427.400000000007
NN3_102,1987-09-01,14427.400000000007
NN3_102,1987-10-01,836.3199999999999
NN3_102,1987-11-01,836.3199999999999
NN3_102,1987-12-01,836.3199999999999
NN3_102,1988-01-01,14427.400000000007
NN3_102,1988-02-01,14427.400000000007
NN3_102,1988-03-01,14427.400000000007
NN3_102,1988-04-01,836.3199999999999
NN3_102,1988-05-01,836.3199999999999
NN3_102,1988-06-01,836.3199999999999
NN3_103,1979-01-01,836.3199999999999
NN3_103,1979-02-01,14427.400000000007
NN3_103,1979-03-01,14427.400000000007
NN3_103,1979-04-01,836.3199999999999
NN3_103,1979-05-01,836.3199999999999
NN3_103,1979-06-01,14427.400000000007
NN3_103,1979-07-01,14427.400000000007
NN3_103,1979-08-01,836.3199999999999
NN3_103,1979-09-01,836.3199999999999
NN3_103,1979-10-01,836.3199999999999
NN3_103,1979-11-01,836.3199999999999
NN3_103,1979-12-01,14427.400000000007
NN3_103,1980-01-01,14427.400000000007
NN3_103,1980-02-01,14427.400000000007
NN3_103,1980-03-01,14427.400000000007
NN3_103,1980-04-01,14427.400000000007
NN3_103,1980-05-01,14427.400000000007
NN3_103,1980-06-01,836.3199999999999
NN3_103,1980-07-01,836.3199999999999
NN3_103,1980-08-01,836.3199999999999
NN3_103,1980-09-01,836.3199999999999
NN3_103,1980-10-01,14427.400000000007
NN3_103,1980-11-01,14427.400000000007
NN3_103,1980-12-01,14427.400000000007
NN3_103,1981-01-01,836.3199999999999
NN3_103,1981-02-01,836.3199999999999
NN3_103,1981-03-01,836.3199999999999
NN3_103,1981-04-01,14427.400000000007
NN3_103,1981-05-01,14427.400000000007
NN3_103,1981-06-01,836.3199999999999
NN3_103,1981-07-01,836.3199999999999
NN3_103,1981-08-01,836.3199999999999
NN3_103,1981-09-01,836.3199999999999
NN3_103,1981-10-01,836.3199999999999
NN3_103,1981-11-01,836.3199999999999
NN3_103,1981-12-01,14427.400000000007
NN3_103,1982-01-01,14427.400000000007
NN3_103,1982-02-01,14427.400000000007
NN3_103,1982-03-01,836.3199999999999
NN3_103,1982-04-01,836.3199999999999
NN3_103,1982-05-01,836.3199999999999
NN3_103,1982-06-01,14427.400000000007
NN3_103,1982-07-01,14427.400000000007
NN3_103,1982-08-01,836.3199999999999
NN3_103,1982-09-01,836.3199999999999
NN3_103,1982-10-01,836.3199999999999
NN3_103,1982-11-01,836.3199999999999
NN3_103,1982-12-01,836.3199999999999
NN3_103,1983-01-01,836.3199999999999
NN3_103,1983-02-01,836.3199999999999
NN3_103,1983-03-01,836.3199999999999
NN3_103,1983-04-01,836.3199999999999
NN3_103,1983-05-01,836.3199999999999
NN3_103,1983-06-01,836.3199999999999
NN3_103,1983-07-01,836.3199999999999
NN3_103,1983-08-01,836.3199999999999
NN3_103,1983-09-01,14427.400000000007
NN3_103,1983-10-01,14427.400000000007
NN3_103,1983-11-01,14427.400000000007
NN3_103,1983-12-01,14427.400000000007
NN3_103,1984-01-01,836.3199999999999
NN3_103,1984-02-01,836.3199999999999
NN3_103,1984-03-01,836.3199999999999
NN3_103,1984-04-01,836.3199999999999
NN3_103,1984-05-01,14427.400000000007
NN3_103,1984-06-01,14427.400000000007
NN3_103,1984-07-01,836.3199999999999
NN3_103,1984-08-01,836.3199999999999
NN3_103,1984-09-01,836.3199999999999
NN3_103,1984-10-01,14427.400000000007
NN3_103,1984-11-01,14427.400000000007
NN3_103,1984-12-01,836.3199999999999
NN3_103,1985-01-01,836.3199999999999
NN3_103,1985-02-01,14427.400000000007
NN3_103,1985-03-01,14427.400000000007
NN3_103,1985-04-01,14427.400000000007
NN3_103,1985-05-01,14427.400000000007
NN3_103,1985-06-01,14427.400000000007
NN3_103,1985-07-01,14427.400000000007
NN3_103,1985-08-01,14427.400000000007
NN3_103,1985-09-01,836.3199999999999
NN3_103,1985-10-01,14427.400000000007
NN3_103,1985-11-01,14427.400000000007
NN3_103,1985-12-01,14427.400000000007
NN3_103,1986-01-01,14427.400000000007
NN3_103,1986-02-01,836.3199999999999
NN3_103,1986-03-01,14427.400000000007
NN3_103,1986-04-01,14427.400000000007
NN3_103,1986-05-01,14427.400000000007
NN3_103,1986-06-01,836.3199999999999
NN3_103,1986-07-01,836.3199999999999
NN3_103,1986-08-01,836.3199999999999
NN3_103,1986-09-01,836.3199999999999
NN3_103,1986-10-01,836.3199999999999
NN3_103,1986-11-01,14427.400000000007
NN3_103,1986-12-01,14427.400000000007
NN3_103,1987-01-01,14427.400000000007
NN3_103,1987-02-01,836.3199999999999
NN3_103,1987-03-01,14427.400000000007
NN3_103,1987-04-01,14427.400000000007
NN3_103,1987-05-01,836.3199999999999
NN3_103,1987-06-01,836.3199999999999
NN3_103,1987-07-01,836.3199999999999
NN3_103,1987-08-01,836.3199999999999
NN3_103,1987-09-01,836.3199999999999
NN3_103,1987-10-01,836.3199999999999
NN3_103,1987-11-01,14427.400000000007
NN3_103,1987-12-01,14427.400000000007
NN3_103,1988-01-01,836.3199999999999
NN3_103,1988-02-01,836.3199999999999
NN3_103,1988-03-01,836.3199999999999
NN3_103,1988-04-01,14427.400000000007
NN3_103,1988-05-01,14427.400000000007
NN3_103,1988-06-01,836.3199999999999
NN3_104,1983-01-01,14427.400000000007
NN3_104,1983-02-01,836.3199999999999
NN3_104,1983-03-01,836.3199999999999
NN3_104,1983-04-01,836.3199999999999
NN3_104,1983-05-01,14427.400000000007
NN3_104,1983-06-01,14427.400000000007
NN3_104,1983-07-01,14427.400000000007
NN3_104,1983-08-01,14427.400000000007
NN3_104,1983-09-01,14427.400000000007
NN3_104,1983-10-01,14427.400000000007
NN3_104,1983-11-01,836.3199999999999
NN3_104,1983-12-01,836.3199999999999
NN3_104,1984-01-01,14427.400000000007
NN3_104,1984-02-01,14427.400000000007
NN3_104,1984-03-01,14427.400000000007
NN3_104,1984-04-01,14427.400000000007
NN3_104,1984-05-01,14427.400000000007
NN3_104,1984-06-01,836.3199999999999
NN3_104,1984-07-01,836.3199999999999
NN3_104,1984-08-01,14427.400000000007
NN3_104,1984-09-01,14427.400000000007
NN3_104,1984-10-01,836.3199999999999
NN3_104,1984-11-01,836.3199999999999
NN3_104,1984-12-01,14427.400000000007
NN3_104,1985-01-01,836.3199999999999
NN3_104,1985-02-01,836.3199999999999
NN3_104,1985-03-01,14427.400000000007
NN3_104,1985-04-01,14427.400000000007
NN3_104,1985-05-01,14427.400000000007
NN3_104,1985-06-01,836.3199999999999
NN3_104,1985-07-01,14427.400000000007
NN3_104,1985-08-01,14427.400000000007
NN3_104,1985-09-01,836.3199999999999
NN3_104,1985-10-01,836.3199999999999
NN3_104,1985-11-01,836.3199999999999
NN3_104,1985-12-01,14427.400000000007
NN3_104,1986-01-01,14427.400000000007
NN3_104,1986-02-01,14427.400000000007
NN3_104,1986-03-01,14427.400000000007
NN3_104,1986-04-01,14427.400000000007
NN3_104,1986-05-01,14427.400000000007
NN3_104,1986-06-01,14427.400000000007
NN3_104,1986-07-01,14427.400000000007
NN3_104,1986-08-01,836.3199999999999
NN3_104,1986-09-01,836.3199999999999
NN3_104,1986-10-01,836.3199999999999
NN3_104,1986-11-01,836.3199999999999
NN3_104,1986-12-01,836.3199999999999
NN3_104,1987-01-01,836.3199999999999
NN3_104,1987-02-01,14427.400000000007
NN3_104,1987-03-01,14427.400000000007
NN3_104,1987-04-01,14427.400000000007
NN3_104,1987-05-01,14427.400000000007
NN3_104,1987-06-01,14427.400000000007
NN3_104,1987-07-01,14427.400000000007
NN3_104,1987-08-01,14427.400000000007
NN3_104,1987-09-01,836.3199999999999
NN3_104,1987-10-01,14427.400000000007
NN3_104,1987-11-01,14427.400000000007
NN3_104,1987-12-01,14427.400000000007
NN3_104,1988-01-01,836.3199999999999
NN3_104,1988-02-01,836.3199999999999
NN3_104,1988-03-01,836.3199999999999
NN3_104,1988-04-01,836.3199999999999
NN3_104,1988-05-01,836.3199999999999
NN3_104,1988-06-01,836.3199999999999
NN3_104,1988-07-01,14427.400000000007
NN3_104,1988-08-01,14427.400000000007
NN3_104,1988-09-01,14427.400000000007
NN3_104,1988-10-01,14427.400000000007
NN3_104,1988-11-01,14427.400000000007
NN3_104,1988-12-01,14427.400000000007
NN3_104,1989-01-01,14427.400000000007
NN3_104,1989-02-01,14427.400000000007
NN3_104,1989-03-01,836.3199999999999
NN3_104,1989-04-01,836.3199999999999
NN3_104,1989-05-01,836.3199999999999
NN3_104,1989-06-01,836.3199999999999
NN3_104,1989-07-01,836.3199999999999
NN3_104,1989-08-01,836.3199999999999
NN3_104,1989-09-01,14427.400000000007
NN3_104,1989-10-01,14427.400000000007
NN3_104,1989-11-01,14427.400000000007
NN3_104,1989-12-01,14427.400000000007
NN3_104,1990-01-01,836.3199999999999
NN3_104,1990-02-01,836.3199999999999
NN3_104,1990-03-01,14427.400000000007
NN3_104,1990-04-01,14427.400000000007
NN3_104,1990-05-01,14427.400000000007
NN3_104,1990-06-01,836.3199999999999
NN3_104,1990-07-01,836.3199999999999
NN3_104,1990-08-01,836.3199999999999
NN3_104,1990-09-01,836.3199999999999
NN3_104,1990-10-01,836.3199999999999
NN3_104,1990-11-01,836.3199999999999
NN3_104,1990-12-01,836.3199999999999
NN3_104,1991-01-01,836.3199999999999
NN3_104,1991-02-01,836.3199999999999
NN3_104,1991-03-01,836.3199999999999
NN3_104,1991-04-01,836.3199999999999
NN3_104,1991-05-01,14427.400000000007
NN3_104,1991-06-01,14427.400000000007
NN3_104,1991-07-01,14427.400000000007
NN3_105,1981-01-01,836.3199999999999
NN3_105,1981-02-01,836.3199999999999
NN3_105,1981-03-01,836.3199999999999
NN3_105,1981-04-01,836.3199999999999
NN3_105,1981-05-01,836.3199999999999
NN3_105,1981-06-01,836.3199999999999
NN3_105,1981-07-01,14427.400000000007
NN3_105,1981-08-01,14427.400000000007
NN3_105,1981-09-01,836.3199999999999
NN3_105,1981-10-01,836.3199999999999
NN3_105,1981-11-01,836.3199999999999
NN3_105,1981-12-01,836.3199999999999
NN3_105,1982-01-01,836.3199999999999
NN3_105,1982-02-01,836.3199999999999
NN3_105,1982-03-01,14427.400000000007
NN3_105,1982-04-01,14427.400000000007
NN3_105,1982-05-01,836.3199999999999
NN3_105,1982-06-01,836.3199999999999
NN3_105,1982-07-01,836.3199999999999
NN3_105,1982-08-01,836.3199999999999
NN3_105,1982-09-01,14427.400000000007
NN3_105,1982-10-01,14427.400000000007
NN3_105,1982-11-01,14427.400000000007
NN3_105,1982-12-01,14427.400000000007
NN3_105,1983-01-01,836.3199999999999
NN3_105,1983-02-01,836.3199999999999
NN3_105,1983-03-01,836.3199999999999
NN3_105,1983-04-01,836.3199999999999
NN3_105,1983-05-01,14427.400000000007
NN3_105,1983-06-01,14427.400000000007
NN3_105,1983-07-01,14427.400000000007
NN3_105,1983-08-01,14427.400000000007
NN3_105,1983-09-01,14427.400000000007
NN3_105,1983-10-01,14427.400000000007
NN3_105,1983-11-01,14427.400000000007
NN3_105,1983-12-01,836.3199999999999
NN3_105,1984-01-01,836.3199999999999
NN3_105,1984-02-01,836.3199999999999
NN3_105,1984-03-01,14427.400000000007
NN3_105,1984-04-01,14427.400000000007
NN3_105,1984-05-01,836.3199999999999
NN3_105,1984-06-01,836.3199999999999
NN3_105,1984-07-01,14427.400000000007
NN3_105,1984-08-01,14427.400000000007
NN3_105,1984-09-01,14427.400000000007
NN3_105,1984-10-01,836.3199999999999
NN3_105,1984-11-01,836.3199999999999
NN3_105,1984-12-01,14427.400000000007
NN3_105,1985-01-01,14427.400000000007
NN3_105,1985-02-01,836.3199999999999
NN3_105,1985-03-01,14427.400000000007
NN3_105,1985-04-01,14427.400000000007
NN3_105,1985-05-01,14427.400000000007
NN3_105,1985-06-01,836.3199999999999
NN3_105,1985-07-01,836.3199999999999
NN3_105,1985-08-01,14427.400000000007
NN3_105,1985-09-01,14427.400000000007
NN3_105,1985-10-01,836.3199999999999
NN3_105,1985-11-01,836.3199999999999
NN3_105,1985-12-01,836.3199999999999
NN3_105,1986-01-01,14427.400000000007
NN3_105,1986-02-01,14427.400000000007
NN3_105,1986-03-01,14427.400000000007
NN3_105,1986-04-01,14427.400000000007
NN3_105,1986-05-01,14427.400000000007
NN3_105,1986-06-01,14427.400000000007
NN3_105,1986-07-01,836.3199999999999
NN3_105,1986-08-01,836.3199999999999
NN3_105,1986-09-01,14427.400000000007
NN3_105,1986-10-01,14427.400000000007
NN3_105,1986-11-01,14427.400000000007
NN3_105,1986-12-01,836.3199999999999
NN3_105,1987-01-01,836.3199999999999
NN3_105,1987-02-01,836.3199999999999
NN3_105,1987-03-01,836.3199999999999
NN3_105,1987-04-01,836.3199999999999
NN3_105,1987-05-01,836.3199999999999
NN3_105,1987-06-01,836.3199999999999
NN3_105,1987-07-01,836.3199999999999
NN3_105,1987-08-01,14427.400000000007
NN3_105,1987-09-01,14427.400000000007
NN3_105,1987-10-01,836.3199999999999
NN3_105,1987-11-01,836.3199999999999
NN3_105,1987-12-01,836.3199999999999
NN3_105,1988-01-01,836.3199999999999
NN3_105,1988-02-01,836.3199999999999
NN3_105,1988-03-01,836.3199999999999
NN3_105,1988-04-01,14427.400000000007
NN3_105,1988-05-01,14427.400000000007
NN3_105,1988-06-01,836.3199999999999
NN3_105,1988-07-01,836.3199999999999
NN3_105,1988-08-01,836.3199999999999
NN3_105,1988-09-01,14427.400000000007
NN3_105,1988-10-01,14427.400000000007
NN3_105,1988-11-01,836.3199999999999
NN3_105,1988-12-01,14427.400000000007
NN3_105,1989-01-01,14427.400000000007
NN3_105,1989-02-01,14427.400000000007
NN3_105,1989-03-01,836.3199999999999
NN3_105,1989-04-01,836.3199999999999
NN3_105,1989-05-01,836.3199999999999
NN3_105,1989-06-01,836.3199999999999
NN3_105,1989-07-01,836.3199999999999
NN3_105,1989-08-01,836.3199999999999
NN3_105,1989-09-01,836.3199999999999
NN3_105,1989-10-01,14427.400000000007
NN3_105,1989-11-01,14427.400000000007
NN3_105,1989-12-01,14427.400000000007
NN3_105,1990-01-01,836.3199999999999
NN3_105,1990-02-01,836.3199999999999
NN3_105,1990-03-01,836.3199999999999
NN3_105,1990-04-01,836.3199999999999
NN3_105,1990-05-01,836.3199999999999
NN3_105,1990-06-01,836.3199999999999
NN3_106,1979-01-01,14427.400000000007
NN3_106,1979-02-01,14427.400000000007
NN3_106,1979-03-01,836.3199999999999
NN3_106,1979-04-01,836.3199999999999
NN3_106,1979-05-01,14427.400000000007
NN3_106,1979-06-01,836.3199999999999
NN3_106,1979-07-01,836.3199999999999
NN3_106,1979-08-01,836.3199999999999
NN3_106,1979-09-01,14427.400000000007
NN3_106,1979-10-01,14427.400000000007
NN3_106,1979-11-01,14427.400000000007
NN3_106,1979-12-01,12008.75550987806
NN3_106,1980-01-01,14427.400000000007
NN3_106,1980-02-01,836.3199999999999
NN3_106,1980-03-01,836.3199999999999
NN3_106,1980-04-01,836.3199999999999
NN3_106,1980-05-01,836.3199999999999
NN3_106,1980-06-01,836.3199999999999
NN3_106,1980-07-01,836.3199999999999
NN3_106,1980-08-01,836.3199999999999
NN3_106,1980-09-01,836.3199999999999
NN3_106,1980-10-01,14427.400000000007
NN3_106,1980-11-01,14427.400000000007
NN3_106,1980-12-01,14427.400000000007
NN3_106,1981-01-01,14427.400000000007
NN3_106,1981-02-01,14427.400000000007
NN3_106,1981-03-01,14427.400000000007
NN3_106,1981-04-01,836.3199999999999
NN3_106,1981-05-01,836.3199999999999
NN3_106,1981-06-01,14427.400000000007
NN3_106,1981-07-01,14427.400000000007
NN3_106,1981-08-01,836.3199999999999
NN3_106,1981-09-01,836.3199999999999
NN3_106,1981-10-01,836.3199999999999
NN3_106,1981-11-01,14427.400000000007
NN3_106,1981-12-01,14427.400000000007
NN3_106,1982-01-01,14427.400000000007
NN3_106,1982-02-01,836.3199999999999
NN3_106,1982-03-01,836.3199999999999
NN3_106,1982-04-01,836.3199999999999
NN3_106,1982-05-01,836.3199999999999
NN3_106,1982-06-01,836.3199999999999
NN3_106,1982-07-01,14427.400000000007
NN3_106,1982-08-01,14427.400000000007
NN3_106,1982-09-01,836.3199999999999
NN3_106,1982-10-01,14427.400000000007
NN3_106,1982-11-01,14427.400000000007
NN3_106,1982-12-01,14427.400000000007
NN3_106,1983-01-01,14427.400000000007
NN3_106,1983-02-01,836.3199999999999
NN3_106,1983-03-01,836.3199999999999
NN3_106,1983-04-01,14427.400000000007
NN3_106,1983-05-01,836.3199999999999
NN3_106,1983-06-01,836.3199999999999
NN3_106,1983-07-01,836.3199999999999
NN3_106,1983-08-01,836.3199999999999
NN3_106,1983-09-01,14427.400000000007
NN3_106,1983-10-01,14427.400000000007
NN3_106,1983-11-01,14427.400000000007
NN3_106,1983-12-01,14427.400000000007
NN3_106,1984-01-01,836.3199999999999
NN3_106,1984-02-01,836.3199999999999
NN3_106,1984-03-01,836.3199999999999
NN3_106,1984-04-01,14427.400000000007
NN3_106,1984-05-01,14427.400000000007
NN3_106,1984-06-01,14427.400000000007
NN3_106,1984-07-01,14427.400000000007
NN3_106,1984-08-01,14427.400000000007
NN3_106,1984-09-01,836.3199999999999
NN3_106,1984-10-01,14427.400000000007
NN3_106,1984-11-01,14427.400000000007
NN3_106,1984-12-01,14427.400000000007
NN3_106,1985-01-01,836.3199999999999
NN3_106,1985-02-01,836.3199999999999
NN3_106,1985-03-01,14427.400000000007
NN3_106,1985-04-01,14427.400000000007
NN3_106,1985-05-01,836.3199999999999
NN3_106,1985-06-01,8790.576202684575
NN3_106,1985-07-01,14427.400000000007
NN3_106,1985-08-01,14427.400000000007
NN3_106,1985-09-01,836.3199999999999
NN3_106,1985-10-01,836.3199999999999
NN3_106,1985-11-01,14427.400000000007
NN3_106,1985-12-01,14427.400000000007
NN3_106,1986-01-01,14427.400000000007
NN3_106,1986-02-01,836.3199999999999
NN3_106,1986-03-01,836.3199999999999
NN3_106,1986-04-01,836.3199999999999
NN3_106,1986-05-01,14427.400000000007
NN3_106,1986-06-01,14427.400000000007
NN3_106,1986-07-01,14427.400000000007
NN3_106,1986-08-01,14427.400000000007
NN3_106,1986-09-01,836.3199999999999
NN3_106,1986-10-01,836.3199999999999
NN3_106,1986-11-01,836.3199999999999
NN3_106,1986-12-01,14427.400000000007
NN3_106,1987-01-01,14427.400000000007
NN3_106,1987-02-01,14427.400000000007
NN3_106,1987-03-01,836.3199999999999
NN3_106,1987-04-01,836.3199999999999
NN3_106,1987-05-01,836.3199999999999
NN3_106,1987-06-01,836.3199999999999
NN3_106,1987-07-01,836.3199999999999
NN3_106,1987-08-01,836.3199999999999
NN3_106,1987-09-01,836.3199999999999
NN3_106,1987-10-01,14427.400000000007
NN3_106,1987-11-01,14427.400000000007
NN3_106,1987-12-01,836.3199999999999
NN3_106,1988-01-01,836.3199999999999
NN3_106,1988-02-01,836.3199999999999
NN3_106,1988-03-01,836.3199999999999
NN3_106,1988-04-01,836.3199999999999
NN3_106,1988-05-01,836.3199999999999
NN3_106,1988-06-01,14427.400000000007
NN3_107,1982-01-01,836.3199999999999
NN3_107,1982-02-01,14427.400000000007
NN3_107,1982-03-01,14427.400000000007
NN3_107,1982-04-01,14427.400000000007
NN3_107,1982-05-01,836.3199999999999
NN3_107,1982-06-01,836.3199999999999
NN3_107,1982-07-01,14427.400000000007
NN3_107,1982-08-01,14427.400000000007
NN3_107,1982-09-01,14427.400000000007
NN3_107,1982-10-01,836.3199999999999
NN3_107,1982-11-01,14427.400000000007
NN3_107,1982-12-01,14427.400000000007
NN3_107,1983-01-01,14427.400000000007
NN3_107,1983-02-01,836.3199999999999
NN3_107,1983-03-01,836.3199999999999
NN3_107,1983-04-01,14427.400000000007
NN3_107,1983-05-01,14427.400000000007
NN3_107,1983-06-01,14427.400000000007
NN3_107,1983-07-01,836.3199999999999
NN3_107,1983-08-01,14427.400000000007
NN3_107,1983-09-01,14427.400000000007
NN3_107,1983-10-01,14427.400000000007
NN3_107,1983-11-01,14427.400000000007
NN3_107,1983-12-01,836.3199999999999
NN3_107,1984-01-01,836.3199999999999
NN3_107,1984-02-01,836.3199999999999
NN3_107,1984-03-01,836.3199999999999
NN3_107,1984-04-01,836.3199999999999
NN3_107,1984-05-01,836.3199999999999
NN3_107,1984-06-01,836.3199999999999
NN3_107,1984-07-01,14427.400000000007
NN3_107,1984-08-01,14427.400000000007
NN3_107,1984-09-01,836.3199999999999
NN3_107,1984-10-01,836.3199999999999
NN3_107,1984-11-01,836.3199999999999
NN3_107,1984-12-01,14427.400000000007
NN3_107,1985-01-01,14427.400000000007
NN3_107,1985-02-01,14427.400000000007
NN3_107,1985-03-01,836.3199999999999
NN3_107,1985-04-01,14427.400000000007
NN3_107,1985-05-01,14427.400000000007
NN3_107,1985-06-01,14427.400000000007
NN3_107,1985-07-01,14427.400000000007
NN3_107,1985-08-01,14427.400000000007
NN3_107,1985-09-01,836.3199999999999
NN3_107,1985-10-01,836.3199999999999
NN3_107,1985-11-01,836.3199999999999
NN3_107,1985-12-01,14427.400000000007
NN3_107,1986-01-01,14427.400000000007
NN3_107,1986-02-01,14427.400000000007
NN3_107,1986-03-01,836.3199999999999
NN3_107,1986-04-01,836.3199999999999
NN3_107,1986-05-01,836.3199999999999
NN3_107,1986-06-01,836.3199999999999
NN3_107,1986-07-01,14427.400000000007
NN3_107,1986-08-01,14427.400000000007
NN3_107,1986-09-01,14427.400000000007
NN3_107,1986-10-01,14427.400000000007
NN3_107,1986-11-01,14427.400000000007
NN3_107,1986-12-01,14427.400000000007
NN3_107,1987-01-01,14427.400000000007
NN3_107,1987-02-01,14427.400000000007
NN3_107,1987-03-01,836.3199999999999
NN3_107,1987-04-01,836.3199999999999
NN3_107,1987-05-01,14427.400000000007
NN3_107,1987-06-01,14427.400000000007
NN3_107,1987-07-01,14427.400000000007
NN3_107,1987-08-01,14427.400000000007
NN3_107,1987-09-01,14427.400000000007
NN3_107,1987-10-01,836.3199999999999
NN3_107,1987-11-01,836.3199999999999
NN3_107,1987-12-01,836.3199999999999
NN3_107,1988-01-01,836.3199999999999
NN3_107,1988-02-01,14427.400000000007
NN3_107,1988-03-01,836.3199999999999
NN3_107,1988-04-01,836.3199999999999
NN3_107,1988-05-01,14427.400000000007
NN3_107,1988-06-01,14427.400000000007
NN3_107,1988-07-01,14427.400000000007
NN3_107,1988-08-01,836.3199999999999
NN3_107,1988-09-01,836.3199999999999
NN3_107,1988-10-01,14427.400000000007
NN3_107,1988-11-01,14427.400000000007
NN3_107,1988-12-01,14427.400000000007
NN3_107,1989-01-01,836.3199999999999
NN3_107,1989-02-01,836.3199999999999
NN3_107,1989-03-01,14427.400000000007
NN3_107,1989-04-01,14427.400000000007
NN3_107,1989-05-01,14427.400000000007
NN3_107,1989-06-01,836.3199999999999
NN3_107,1989-07-01,836.3199999999999
NN3_107,1989-08-01,836.3199999999999
NN3_107,1989-09-01,14427.400000000007
NN3_107,1989-10-01,14427.400000000007
NN3_107,1989-11-01,836.3199999999999
NN3_107,1989-12-01,836.3199999999999
NN3_107,1990-01-01,836.3199999999999
NN3_107,1990-02-01,14427.400000000007
NN3_107,1990-03-01,14427.400000000007
NN3_107,1990-04-01,836.3199999999999
NN3_107,1990-05-01,836.3199999999999
NN3_107,1990-06-01,14427.400000000007
NN3_107,1990-07-01,14427.400000000007
NN3_107,1990-08-01,836.3199999999999
NN3_107,1990-09-01,836.3199999999999
NN3_107,1990-10-01,836.3199999999999
NN3_107,1990-11-01,14427.400000000007
NN3_107,1990-12-01,836.3199999999999
NN3_107,1991-01-01,836.3199999999999
NN3_107,1991-02-01,836.3199999999999
NN3_107,1991-03-01,14427.400000000007
NN3_107,1991-04-01,14427.400000000007
NN3_107,1991-05-01,836.3199999999999
NN3_107,1991-06-01,836.3199999999999
NN3_108,1983-01-01,836.3199999999999
NN3_108,1983-02-01,836.3199999999999
NN3_108,1983-03-01,836.3199999999999
NN3_108,1983-04-01,836.3199999999999
NN3_108,1983-05-01,836.3199999999999
NN3_108,1983-06-01,14427.400000000007
NN3_108,1983-07-01,14427.400000000007
NN3_108,1983-08-01,14427.400000000007
NN3_108,1983-09-01,14427.400000000007
NN3_108,1983-10-01,3859.1667058522353
NN3_108,1983-11-01,836.3199999999999
NN3_108,1983-12-01,14427.400000000007
NN3_108,1984-01-01,14427.400000000007
NN3_108,1984-02-01,836.3199999999999
NN3_108,1984-03-01,836.3199999999999
NN3_108,1984-04-01,14427.400000000007
NN3_108,1984-05-01,14427.400000000007
NN3_108,1984-06-01,836.3199999999999
NN3_108,1984-07-01,836.3199999999999
NN3_108,1984-08-01,14427.400000000007
NN3_108,1984-09-01,14427.400000000007
NN3_108,1984-10-01,836.3199999999999
NN3_108,1984-11-01,836.3199999999999
NN3_108,1984-12-01,836.3199999999999
NN3_108,1985-01-01,836.3199999999999
NN3_108,1985-02-01,836.3199999999999
NN3_108,1985-03-01,836.3199999999999
NN3_108,1985-04-01,14427.400000000007
NN3_108,1985-05-01,14427.400000000007
NN3_108,1985-06-01,14427.400000000007
NN3_108,1985-07-01,14427.400000000007
NN3_108,1985-08-01,14427.400000000007
NN3_108,1985-09-01,836.3199999999999
NN3_108,1985-10-01,836.3199999999999
NN3_108,1985-11-01,836.3199999999999
NN3_108,1985-12-01,836.3199999999999
NN3_108,1986-01-01,14427.400000000007
NN3_108,1986-02-01,14427.400000000007
NN3_108,1986-03-01,14427.400000000007
NN3_108,1986-04-01,836.3199999999999
NN3_108,1986-05-01,14427.400000000007
NN3_108,1986-06-01,14427.400000000007
NN3_108,1986-07-01,14427.400000000007
NN3_108,1986-08-01,836.3199999999999
NN3_108,1986-09-01,836.3199999999999
NN3_108,1986-10-01,14427.400000000007
NN3_108,1986-11-01,14427.400000000007
NN3_108,1986-12-01,836.3199999999999
NN3_108,1987-01-01,836.3199999999999
NN3_108,1987-02-01,14427.400000000007
NN3_108,1987-03-01,14427.400000000007
NN3_108,1987-04-01,836.3199999999999
NN3_108,1987-05-01,836.3199999999999
NN3_108,1987-06-01,836.3199999999999
NN3_108,1987-07-01,836.3199999999999
NN3_108,1987-08-01,836.3199999999999
NN3_108,1987-09-01,836.3199999999999
NN3_108,1987-10-01,14427.400000000007
NN3_108,1987-11-01,14427.400000000007
NN3_108,1987-12-01,14427.400000000007
NN3_108,1988-01-01,14427.400000000007
NN3_108,1988-02-01,14427.400000000007
NN3_108,1988-03-01,836.3199999999999
NN3_108,1988-04-01,836.3199999999999
NN3_108,1988-05-01,836.3199999999999
NN3_108,1988-06-01,14427.400000000007
NN3_108,1988-07-01,836.3199999999999
NN3_108,1988-08-01,836.3199999999999
NN3_108,1988-09-01,14427.400000000007
NN3_108,1988-10-01,14427.400000000007
NN3_108,1988-11-01,14427.400000000007
NN3_108,1988-12-01,14427.400000000007
NN3_108,1989-01-01,836.3199999999999
NN3_108,1989-02-01,836.3199999999999
NN3_108,1989-03-01,836.3199999999999
NN3_108,1989-04-01,836.3199999999999
NN3_108,1989-05-01,14427.400000000007
NN3_108,1989-06-01,14427.400000000007
NN3_108,1989-07-01,14427.400000000007
NN3_108,1989-08-01,14427.400000000007
NN3_108,1989-09-01,14427.400000000007
NN3_108,1989-10-01,836.3199999999999
NN3_108,1989-11-01,14427.400000000007
NN3_108,1989-12-01,836.3199999999999
NN3_108,1990-01-01,836.3199999999999
NN3_108,1990-02-01,836.3199999999999
NN3_108,1990-03-01,14427.400000000007
NN3_108,1990-04-01,14427.400000000007
NN3_108,1990-05-01,836.3199999999999
NN3_108,1990-06-01,836.3199999999999
NN3_108,1990-07-01,14427.400000000007
NN3_108,1990-08-01,14427.400000000007
NN3_108,1990-09-01,836.3199999999999
NN3_108,1990-10-01,836.3199999999999
NN3_108,1990-11-01,836.3199999999999
NN3_108,1990-12-01,836.3199999999999
NN3_108,1991-01-01,14427.400000000007
NN3_108,1991-02-01,836.3199999999999
NN3_108,1991-03-01,836.3199999999999
NN3_108,1991-04-01,14427.400000000007
NN3_108,1991-05-01,14427.400000000007
NN3_108,1991-06-01,14427.400000000007
NN3_108,1991-07-01,836.3199999999999
NN3_109,1980-01-01,14427.400000000007
NN3_109,1980-02-01,14427.400000000007
NN3_109,1980-03-01,14427.400000000007
NN3_109,1980-04-01,836.3199999999999
NN3_109,1980-05-01,836.3199999999999
NN3_109,1980-06-01,14427.400000000007
NN3_109,1980-07-01,14427.400000000007
NN3_109,1980-08-01,836.3199999999999
NN3_109,1980-09-01,836.3199999999999
NN3_109,1980-10-01,836.3199999999999
NN3_109,1980-11-01,836.3199999999999
NN3_109,1980-12-01,836.3199999999999
NN3_109,1981-01-01,836.3199999999999
NN3_109,1981-02-01,836.3199999999999
NN3_109,1981-03-01,14427.400000000007
NN3_109,1981-04-01,14427.400000000007
NN3_109,1981-05-01,14427.400000000007
NN3_109,1981-06-01,14427.400000000007
NN3_109,1981-07-01,14427.400000000007
NN3_109,1981-08-01,836.3199999999999
NN3_109,1981-09-01,836.3199999999999
NN3_109,1981-10-01,836.3199999999999
NN3_109,1981-11-01,836.3199999999999
NN3_109,1981-12-01,836.3199999999999
NN3_109,1982-01-01,836.3199999999999
NN3_109,1982-02-01,836.3199999999999
NN3_109,1982-03-01,836.3199999999999
NN3_109,1982-04-01,836.3199999999999
NN3_109,1982-05-01,836.3199999999999
NN3_109,1982-06-01,836.3199999999999
NN3_109,1982-07-01,836.3199999999999
NN3_109,1982-08-01,836.3199999999999
NN3_109,1982-09-01,11126.71984752556
NN3_109,1982-10-01,14427.400000000007
NN3_109,1982-11-01,14427.400000000007
NN3_109,1982-12-01,14427.400000000007
NN3_109,1983-01-01,14427.400000000007
NN3_109,1983-02-01,14427.400000000007
NN3_109,1983-03-01,14427.400000000007
NN3_109,1983-04-01,14427.400000000007
NN3_109,1983-05-01,14427.400000000007
NN3_109,1983-06-01,836.3199999999999
NN3_109,1983-07-01,836.3199999999999
NN3_109,1983-08-01,836.3199999999999
NN3_109,1983-09-01,836.3199999999999
NN3_109,1983-10-01,836.3199999999999
NN3_109,1983-11-01,836.3199999999999
NN3_109,1983-12-01,836.3199999999999
NN3_109,1984-01-01,14427.400000000007
NN3_109,1984-02-01,14427.400000000007
NN3_109,1984-03-01,836.3199999999999
NN3_109,1984-04-01,836.3199999999999
NN3_109,1984-05-01,14427.400000000007
NN3_109,1984-06-01,836.3199999999999
NN3_109,1984-07-01,836.3199999999999
NN3_109,1984-08-01,836.3199999999999
NN3_109,1984-09-01,836.3199999999999
NN3_109,1984-10-01,14427.400000000007
NN3_109,1984-11-01,14427.400000000007
NN3_109,1984-12-01,14427.400000000007
NN3_109,1985-01-01,14427.400000000007
NN3_109,1985-02-01,14427.400000000007
NN3_109,1985-03-01,836.3199999999999
NN3_109,1985-04-01,836.3199999999999
NN3_109,1985-05-01,836.3199999999999
NN3_109,1985-06-01,836.3199999999999
NN3_109,1985-07-01,836.3199999999999
NN3_109,1985-08-01,14427.400000000007
NN3_109,1985-09-01,14427.400000000007
NN3_109,1985-10-01,14427.400000000007
NN3_109,1985-11-01,14427.400000000007
NN3_109,1985-12-01,14427.400000000007
NN3_109,1986-01-01,14427.400000000007
NN3_109,1986-02-01,836.3199999999999
NN3_109,1986-03-01,836.3199999999999
NN3_109,1986-04-01,14427.400000000007
NN3_109,1986-05-01,14427.400000000007
NN3_109,1986-06-01,836.3199999999999
NN3_109,1986-07-01,836.3199999999999
NN3_109,1986-08-01,836.3199999999999
NN3_109,1986-09-01,14427.400000000007
NN3_109,1986-10-01,14427.400000000007
NN3_109,1986-11-01,14427.400000000007
NN3_109,1986-12-01,836.3199999999999
NN3_109,1987-01-01,836.3199999999999
NN3_109,1987-02-01,836.3199999999999
NN3_109,1987-03-01,836.3199999999999
NN3_109,1987-04-01,836.3199999999999
NN3_109,1987-05-01,14427.400000000007
NN3_109,1987-06-01,836.3199999999999
NN3_109,1987-07-01,836.3199999999999
NN3_109,1987-08-01,14427.400000000007
NN3_109,1987-09-01,14427.400000000007
NN3_109,1987-10-01,14427.400000000007
NN3_109,1987-11-01,836.3199999999999
NN3_109,1987-12-01,14427.400000000007
NN3_109,1988-01-01,14427.400000000007
NN3_109,1988-02-01,14427.400000000007
NN3_109,1988-03-01,836.3199999999999
NN3_109,1988-04-01,14427.400000000007
NN3_109,1988-05-01,14427.400000000007
NN3_109,1988-06-01,14427.400000000007
NN3_109,1988-07-01,836.3199999999999
NN3_109,1988-08-01,836.3199999999999
NN3_109,1988-09-01,14427.400000000007
NN3_109,1988-10-01,836.3199999999999
NN3_109,1988-11-01,836.3199999999999
NN3_109,1988-12-01,14427.400000000007
NN3_109,1989-01-01,14427.400000000007
NN3_109,1989-02-01,14427.400000000007
NN3_109,1989-03-01,836.3199999999999
NN3_110,1978-01-01,836.3199999999999
NN3_110,1978-02-01,836.3199999999999
NN3_110,1978-03-01,836.3199999999999
NN3_110,1978-04-01,836.3199999999999
NN3_110,1978-05-01,836.3199999999999
NN3_110,1978-06-01,836.3199999999999
NN3_110,1978-07-01,836.3199999999999
NN3_110,1978-08-01,836.3199999999999
NN3_110,1978-09-01,836.3199999999999
NN3_110,1978-10-01,14427.400000000007
NN3_110,1978-11-01,14427.400000000007
NN3_110,1978-12-01,14427.400000000007
NN3_110,1979-01-01,836.3199999999999
NN3_110,1979-02-01,14427.400000000007
NN3_110,1979-03-01,14427.400000000007
NN3_110,1979-04-01,14427.400000000007
NN3_110,1979-05-01,14427.400000000007
NN3_110,1979-06-01,836.3199999999999
NN3_110,1979-07-01,14427.400000000007
NN3_110,1979-08-01,14427.400000000007
NN3_110,1979-09-01,836.3199999999999
NN3_110,1979-10-01,836.3199999999999
NN3_110,1979-11-01,836.3199999999999
NN3_110,1979-12-01,836.3199999999999
NN3_110,1980-01-01,836.3199999999999
NN3_110,1980-02-01,836.3199999999999
NN3_110,1980-03-01,836.3199999999999
NN3_110,1980-04-01,836.3199999999999
NN3_110,1980-05-01,836.3199999999999
NN3_110,1980-06-01,836.3199999999999
NN3_110,1980-07-01,836.3199999999999
NN3_110,1980-08-01,836.3199999999999
NN3_110,1980-09-01,836.3199999999999
NN3_110,1980-10-01,836.3199999999999
NN3_110,1980-11-01,14427.400000000007
NN3_110,1980-12-01,836.3199999999999
NN3_110,1981-01-01,836.3199999999999
NN3_110,1981-02-01,836.3199999999999
NN3_110,1981-03-01,14427.400000000007
NN3_110,1981-04-01,14427.400000000007
NN3_110,1981-05-01,14427.400000000007
NN3_110,1981-06-01,14427.400000000007
NN3_110,1981-07-01,14427.400000000007
NN3_110,1981-08-01,14427.400000000007
NN3_110,1981-09-01,14427.400000000007
NN3_110,1981-10-01,14427.400000000007
NN3_110,1981-11-01,14427.400000000007
NN3_110,1981-12-01,14427.400000000007
NN3_110,1982-01-01,14427.400000000007
NN3_110,1982-02-01,14427.400000000007
NN3_110,1982-03-01,14427.400000000007
NN3_110,1982-04-01,14427.400000000007
NN3_110,1982-05-01,836.3199999999999
NN3_110,1982-06-01,836.3199999999999
NN3_110,1982-07-01,836.3199999999999
NN3_110,1982-08-01,14427.400000000007
NN3_110,1982-09-01,14427.400000000007
NN3_110,1982-10-01,836.3199999999999
NN3_110,1982-11-01,836.3199999999999
NN3_110,1982-12-01,836.3199999999999
NN3_110,1983-01-01,14427.400000000007
NN3_110,1983-02-01,14427.400000000007
NN3_110,1983-03-01,836.3199999999999
NN3_110,1983-04-01,836.3199999999999
NN3_110,1983-05-01,836.3199999999999
NN3_110,1983-06-01,14427.400000000007
NN3_110,1983-07-01,14427.400000000007
NN3_110,1983-08-01,836.3199999999999
NN3_110,1983-09-01,14427.400000000007
NN3_110,1983-10-01,14427.400000000007
NN3_110,1983-11-01,14427.400000000007
NN3_110,1983-12-01,14427.400000000007
NN3_110,1984-01-01,14427.400000000007
NN3_110,1984-02-01,14427.400000000007
NN3_110,1984-03-01,14427.400000000007
NN3_110,1984-04-01,14427.400000000007
NN3_110,1984-05-01,14427.400000000007
NN3_110,1984-06-01,14427.400000000007
NN3_110,1984-07-01,836.3199999999999
NN3_110,1984-08-01,836.3199999999999
NN3_110,1984-09-01,836.3199999999999
NN3_110,1984-10-01,14427.400000000007
NN3_110,1984-11-01,14427.400000000007
NN3_110,1984-12-01,836.3199999999999
NN3_110,1985-01-01,836.3199999999999
NN3_110,1985-02-01,836.3199999999999
NN3_110,1985-03-01,14427.400000000007
NN3_110,1985-04-01,836.3199999999999
NN3_110,1985-05-01,836.3199999999999
NN3_110,1985-06-01,836.3199999999999
NN3_110,1985-07-01,14427.400000000007
NN3_110,1985-08-01,14427.400000000007
NN3_110,1985-09-01,14427.400000000007
NN3_110,1985-10-01,14427.400000000007
NN3_110,1985-11-01,836.3199999999999
NN3_110,1985-12-01,14427.400000000007
NN3_110,1986-01-01,14427.400000000007
NN3_110,1986-02-01,14427.400000000007
NN3_110,1986-03-01,14427.400000000007
NN3_110,1986-04-01,14427.400000000007
NN3_110,1986-05-01,836.3199999999999
NN3_110,1986-06-01,836.3199999999999
NN3_110,1986-07-01,14427.400000000007
NN3_110,1986-08-01,14427.400000000007
NN3_110,1986-09-01,14427.400000000007
NN3_110,1986-10-01,836.3199999999999
NN3_110,1986-11-01,836.3199999999999
NN3_110,1986-12-01,14427.400000000007
NN3_110,1987-01-01,14427.400000000007
NN3_110,1987-02-01,14427.400000000007
NN3_110,1987-03-01,836.3199999999999
NN3_110,1987-04-01,836.3199999999999
NN3_110,1987-05-01,836.3199999999999
NN3_110,1987-06-01,836.3199999999999
NN3_111,1978-01-01,836.3199999999999
NN3_111,1978-02-01,836.3199999999999
NN3_111,1978-03-01,14427.400000000007
NN3_111,1978-04-01,14427.400000000007
NN3_111,1978-05-01,14427.400000000007
NN3_111,1978-06-01,14427.400000000007
NN3_111,1978-07-01,14427.400000000007
NN3_111,1978-08-01,836.3199999999999
NN3_111,1978-09-01,836.3199999999999
NN3_111,1978-10-01,14427.400000000007
NN3_111,1978-11-01,14427.400000000007
NN3_111,1978-12-01,14427.400000000007
NN3_111,1979-01-01,836.3199999999999
NN3_111,1979-02-01,836.3199999999999
NN3_111,1979-03-01,836.3199999999999
NN3_111,1979-04-01,836.3199999999999
NN3_111,1979-05-01,836.3199999999999
NN3_111,1979-06-01,14427.400000000007
NN3_111,1979-07-01,14427.400000000007
NN3_111,1979-08-01,14427.400000000007
NN3_111,1979-09-01,14427.400000000007
NN3_111,1979-10-01,14427.400000000007
NN3_111,1979-11-01,14427.400000000007
NN3_111,1979-12-01,14427.400000000007
NN3_111,1980-01-01,14427.400000000007
NN3_111,1980-02-01,14427.400000000007
NN3_111,1980-03-01,14427.400000000007
NN3_111,1980-04-01,14427.400000000007
NN3_111,1980-05-01,836.3199999999999
NN3_111,1980-06-01,14427.400000000007
NN3_111,1980-07-01,14427.400000000007
NN3_111,1980-08-01,836.3199999999999
NN3_111,1980-09-01,836.3199999999999
NN3_111,1980-10-01,836.3199999999999
NN3_111,1980-11-01,836.3199999999999
NN3_111,1980-12-01,836.3199999999999
NN3_111,1981-01-01,836.3199999999999
NN3_111,1981-02-01,14427.400000000007
NN3_111,1981-03-01,14427.400000000007
NN3_111,1981-04-01,836.3199999999999
NN3_111,1981-05-01,836.3199999999999
NN3_111,1981-06-01,836.3199999999999
NN3_111,1981-07-01,14427.400000000007
NN3_111,1981-08-01,14427.400000000007
NN3_111,1981-09-01,14427.400000000007
NN3_111,1981-10-01,14427.400000000007
NN3_111,1981-11-01,836.3199999999999
NN3_111,1981-12-01,14427.400000000007
NN3_111,1982-01-01,14427.400000000007
NN3_111,1982-02-01,14427.400000000007
NN3_111,1982-03-01,14427.400000000007
NN3_111,1982-04-01,836.3199999999999
NN3_111,1982-05-01,836.3199999999999
NN3_111,1982-06-01,836.3199999999999
NN3_111,1982-07-01,836.3199999999999
NN3_111,1982-08-01,14427.400000000007
NN3_111,1982-09-01,14427.400000000007
NN3_111,1982-10-01,836.3199999999999
NN3_111,1982-11-01,836.3199999999999
NN3_111,1982-12-01,836.3199999999999
NN3_111,1983-01-01,14427.400000000007
NN3_111,1983-02-01,14427.400000000007
NN3_111,1983-03-01,836.3199999999999
NN3_111,1983-04-01,836.3199999999999
NN3_111,1983-05-01,836.3199999999999
NN3_111,1983-06-01,14427.400000000007
NN3_111,1983-07-01,836.3199999999999
NN3_111,1983-08-01,836.3199999999999
NN3_111,1983-09-01,14427.400000000007
NN3_111,1983-10-01,14427.400000000007
NN3_111,1983-11-01,836.3199999999999
NN3_111,1983-12-01,836.3199999999999
NN3_111,1984-01-01,14427.400000000007
NN3_111,1984-02-01,14427.400000000007
NN3_111,1984-03-01,14427.400000000007
NN3_111,1984-04-01,14427.400000000007
NN3_111,1984-05-01,836.3199999999999
NN3_111,1984-06-01,836.3199999999999
NN3_111,1984-07-01,836.3199999999999
NN3_111,1984-08-01,836.3199999999999
NN3_111,1984-09-01,836.3199999999999
NN3_111,1984-10-01,836.3199999999999
NN3_111,1984-11-01,836.3199999999999
NN3_111,1984-12-01,836.3199999999999
NN3_111,1985-01-01,836.3199999999999
NN3_111,1985-02-01,836.3199999999999
NN3_111,1985-03-01,14427.400000000007
NN3_111,1985-04-01,14427.400000000007
NN3_111,1985-05-01,14427.400000000007
NN3_111,1985-06-01,14427.400000000007
NN3_111,1985-07-01,14427.400000000007
NN3_111,1985-08-01,836.3199999999999
NN3_111,1985-09-01,14427.400000000007
NN3_111,1985-10-01,14427.400000000007
NN3_111,1985-11-01,836.3199999999999
NN3_111,1985-12-01,836.3199999999999
NN3_111,1986-01-01,836.3199999999999
NN3_111,1986-02-01,836.3199999999999
NN3_111,1986-03-01,836.3199999999999
NN3_111,1986-04-01,836.3199999999999
NN3_111,1986-05-01,836.3199999999999
NN3_111,1986-06-01,836.3199999999999
NN3_111,1986-07-01,836.3199999999999
NN3_111,1986-08-01,836.3199999999999
NN3_111,1986-09-01,14427.400000000007
NN3_111,1986-10-01,14427.400000000007
NN3_111,1986-11-01,14427.400000000007
NN3_111,1986-12-01,14427.400000000007
NN3_111,1987-01-01,14427.400000000007
NN3_111,1987-02-01,836.3199999999999
NN3_111,1987-03-01,836.3199999999999
NN3_111,1987-04-01,14427.400000000007
NN3_111,1987-05-01,14427.400000000007
NN3_111,1987-06-01,14427.400000000007
